2026-08-29 11:44:43.116 | DEBUG    | ttnn:<module>:78 - Initial ttnn.CONFIG:
Config{cache_path=/home/ctr-apbernal/.cache/ttnn,model_cache_path=/home/ctr-apbernal/.cache/ttnn/models,tmp_dir=/tmp/ttnn,enable_model_cache=false,enable_fast_runtime_mode=true,throw_exception_on_fallback=false,enable_logging=false,enable_graph_report=false,enable_graph_python_stack_traces=false,enable_detailed_buffer_report=false,enable_detailed_tensor_report=false,enable_comparison_mode=false,comparison_mode_should_raise_exception=false,comparison_mode_pcc=0.9999,root_report_path=generated/ttnn/reports,report_name=std::nullopt,std::nullopt}
============================= test session starts ==============================
platform linux -- Python 3.10.21, pytest-9.0.3, pluggy-1.6.0 -- /proj_sw/user_dev/ctr-apbernal/tt-metal/python_env/bin/python
benchmark: 5.2.3 (defaults: timer=time.perf_counter disable_gc=False min_rounds=5 min_time=0.000005 max_time=1.0 calibration_precision=10 warmup=False warmup_iterations=100000)
rootdir: /proj_sw/user_dev/ctr-apbernal/tt-metal
configfile: pytest.ini
plugins: cov-7.0.0, dash-2.15.0, benchmark-5.2.3, repeat-0.9.4, anyio-4.14.2, timeout-2.4.0, github-actions-annotate-failures-0.3.0, split-0.11.0
timeout: 5200.0s
timeout method: signal
timeout func_only: False
collecting ... 2026-08-29 11:44:56.215 | WARNING  | models.perf.benchmarking_utils:<module>:19 - Skipping import of pydantic_models for benchmarking since not running in CI environment
collected 1 item

models/demos/llama3_70b_galaxy/demo/text_demo.py::test_demo_text[wormhole_b0-mesh_device0-device_params0-10-performance-batch-32] 2026-08-29 11:44:56.391 | info     |          Device | Opening user mode device driver (tt_cluster.cpp:228)
2026-08-29 11:44:56.391 | info     |             UMD | Cluster constructor started. (cluster.cpp:389)
2026-08-29 11:44:56.411 | info     |             UMD | Creating TopologyDiscovery for architecture: wormhole_b0 (topology_discovery.cpp:96)
2026-08-29 11:44:56.411 | info     |             UMD | Starting topology discovery. (topology_discovery.cpp:115)
2026-08-29 11:44:59.507 | info     |             UMD | Established firmware bundle version: 19.12.0 (topology_discovery.cpp:575)
2026-08-29 11:44:59.539 | info     |             UMD | Completed topology discovery. (topology_discovery.cpp:119)
2026-08-29 11:45:00.957 | info     |             UMD | Opening local chip ids/PCIe ids: {0, 1, 2, 3, 4, 5, 6, 7, 8, 9, 10, 11, 12, 13, 14, 15, 16, 17, 18, 19, 20, 21, 22, 23, 24, 25, 26, 27, 28, 29, 30, 31}/[16, 17, 18, 19, 20, 21, 22, 23, 24, 25, 26, 27, 28, 29, 30, 31, 8, 9, 10, 11, 12, 13, 14, 15, 0, 1, 2, 3, 4, 5, 6, 7] and remote chip ids {} (cluster.cpp:173)
2026-08-29 11:45:00.957 | info     |             UMD | IOMMU: enabled (cluster.cpp:147)
2026-08-29 11:45:00.957 | info     |             UMD | KMD version: 2.9.0 (cluster.cpp:150)
2026-08-29 11:45:00.957 | info     |             UMD | Cluster constructor completed. (cluster.cpp:648)
2026-08-29 11:45:00.984 | info     |             UMD | Starting devices in cluster (cluster.cpp:1198)
2026-08-29 11:45:01.044 | info     |             UMD | Starting devices in cluster completed. (cluster.cpp:1206)
2026-08-29 11:45:01.166 | info     |     Distributed | Using auto discovery to generate mesh graph. (metal_env.cpp:437)
2026-08-29 11:45:01.166 | info     |     Distributed | Constructing control plane using auto-discovery (no mesh graph descriptor). (metal_env.cpp:499)
2026-08-29 11:45:01.173 | info     |          Fabric | Logical multi-mesh adjacency: intermesh degree histogram {0:1}; intra-mesh degree histograms mesh0 {4:32} (topology_mapper_utils.cpp:2410)
2026-08-29 11:45:01.173 | info     |          Fabric | Physical multi-mesh adjacency: intermesh degree histogram {0:1}; intra-mesh degree histograms mesh0 {4:32} (topology_mapper_utils.cpp:2418)
2026-08-29 11:45:01.693 | info     |    BuildKernels | Using pre-compiled firmware from: /proj_sw/user_dev/ctr-apbernal/tt-metal/tt_metal/pre-compiled/441969805167873259/ (build_env_manager.cpp:347)
2026-08-29 11:45:01.693 | info     |    BuildKernels | Using pre-compiled firmware from: /proj_sw/user_dev/ctr-apbernal/tt-metal/tt_metal/pre-compiled/441969805167873259/ (build_env_manager.cpp:347)
2026-08-29 11:45:01.693 | info     |    BuildKernels | Using pre-compiled firmware from: /proj_sw/user_dev/ctr-apbernal/tt-metal/tt_metal/pre-compiled/441969805167873259/ (build_env_manager.cpp:347)
2026-08-29 11:45:01.693 | info     |    BuildKernels | Using pre-compiled firmware from: /proj_sw/user_dev/ctr-apbernal/tt-metal/tt_metal/pre-compiled/441969805167873259/ (build_env_manager.cpp:347)
2026-08-29 11:45:01.693 | info     |    BuildKernels | Using pre-compiled firmware from: /proj_sw/user_dev/ctr-apbernal/tt-metal/tt_metal/pre-compiled/441969805167873259/ (build_env_manager.cpp:347)
2026-08-29 11:45:01.693 | info     |    BuildKernels | Using pre-compiled firmware from: /proj_sw/user_dev/ctr-apbernal/tt-metal/tt_metal/pre-compiled/441969805167873259/ (build_env_manager.cpp:347)
2026-08-29 11:45:01.693 | info     |    BuildKernels | Using pre-compiled firmware from: /proj_sw/user_dev/ctr-apbernal/tt-metal/tt_metal/pre-compiled/441969805167873259/ (build_env_manager.cpp:347)
2026-08-29 11:45:01.693 | info     |    BuildKernels | Using pre-compiled firmware from: /proj_sw/user_dev/ctr-apbernal/tt-metal/tt_metal/pre-compiled/441969805167873259/ (build_env_manager.cpp:347)
2026-08-29 11:45:01.693 | info     |    BuildKernels | Using pre-compiled firmware from: /proj_sw/user_dev/ctr-apbernal/tt-metal/tt_metal/pre-compiled/441969805167873259/ (build_env_manager.cpp:347)
2026-08-29 11:45:01.693 | info     |    BuildKernels | Using pre-compiled firmware from: /proj_sw/user_dev/ctr-apbernal/tt-metal/tt_metal/pre-compiled/441969805167873259/ (build_env_manager.cpp:347)
2026-08-29 11:45:01.693 | info     |    BuildKernels | Using pre-compiled firmware from: /proj_sw/user_dev/ctr-apbernal/tt-metal/tt_metal/pre-compiled/441969805167873259/ (build_env_manager.cpp:347)
2026-08-29 11:45:01.693 | info     |    BuildKernels | Using pre-compiled firmware from: /proj_sw/user_dev/ctr-apbernal/tt-metal/tt_metal/pre-compiled/441969805167873259/ (build_env_manager.cpp:347)
2026-08-29 11:45:01.694 | info     |    BuildKernels | Using pre-compiled firmware from: /proj_sw/user_dev/ctr-apbernal/tt-metal/tt_metal/pre-compiled/441969805167873259/ (build_env_manager.cpp:347)
2026-08-29 11:45:01.694 | info     |    BuildKernels | Using pre-compiled firmware from: /proj_sw/user_dev/ctr-apbernal/tt-metal/tt_metal/pre-compiled/441969805167873259/ (build_env_manager.cpp:347)
2026-08-29 11:45:01.694 | info     |    BuildKernels | Using pre-compiled firmware from: /proj_sw/user_dev/ctr-apbernal/tt-metal/tt_metal/pre-compiled/441969805167873259/ (build_env_manager.cpp:347)
2026-08-29 11:45:01.694 | info     |    BuildKernels | Using pre-compiled firmware from: /proj_sw/user_dev/ctr-apbernal/tt-metal/tt_metal/pre-compiled/441969805167873259/ (build_env_manager.cpp:347)
2026-08-29 11:45:01.694 | info     |    BuildKernels | Using pre-compiled firmware from: /proj_sw/user_dev/ctr-apbernal/tt-metal/tt_metal/pre-compiled/441969805167873259/ (build_env_manager.cpp:347)
2026-08-29 11:45:01.694 | info     |    BuildKernels | Using pre-compiled firmware from: /proj_sw/user_dev/ctr-apbernal/tt-metal/tt_metal/pre-compiled/441969805167873259/ (build_env_manager.cpp:347)
2026-08-29 11:45:01.694 | info     |    BuildKernels | Using pre-compiled firmware from: /proj_sw/user_dev/ctr-apbernal/tt-metal/tt_metal/pre-compiled/441969805167873259/ (build_env_manager.cpp:347)
2026-08-29 11:45:01.694 | info     |    BuildKernels | Using pre-compiled firmware from: /proj_sw/user_dev/ctr-apbernal/tt-metal/tt_metal/pre-compiled/441969805167873259/ (build_env_manager.cpp:347)
2026-08-29 11:45:01.694 | info     |    BuildKernels | Using pre-compiled firmware from: /proj_sw/user_dev/ctr-apbernal/tt-metal/tt_metal/pre-compiled/441969805167873259/ (build_env_manager.cpp:347)
2026-08-29 11:45:01.694 | info     |    BuildKernels | Using pre-compiled firmware from: /proj_sw/user_dev/ctr-apbernal/tt-metal/tt_metal/pre-compiled/441969805167873259/ (build_env_manager.cpp:347)
2026-08-29 11:45:01.694 | info     |    BuildKernels | Using pre-compiled firmware from: /proj_sw/user_dev/ctr-apbernal/tt-metal/tt_metal/pre-compiled/441969805167873259/ (build_env_manager.cpp:347)
2026-08-29 11:45:01.694 | info     |    BuildKernels | Using pre-compiled firmware from: /proj_sw/user_dev/ctr-apbernal/tt-metal/tt_metal/pre-compiled/441969805167873259/ (build_env_manager.cpp:347)
2026-08-29 11:45:01.694 | info     |    BuildKernels | Using pre-compiled firmware from: /proj_sw/user_dev/ctr-apbernal/tt-metal/tt_metal/pre-compiled/441969805167873259/ (build_env_manager.cpp:347)
2026-08-29 11:45:01.694 | info     |    BuildKernels | Using pre-compiled firmware from: /proj_sw/user_dev/ctr-apbernal/tt-metal/tt_metal/pre-compiled/441969805167873259/ (build_env_manager.cpp:347)
2026-08-29 11:45:01.694 | info     |    BuildKernels | Using pre-compiled firmware from: /proj_sw/user_dev/ctr-apbernal/tt-metal/tt_metal/pre-compiled/441969805167873259/ (build_env_manager.cpp:347)
2026-08-29 11:45:01.694 | info     |    BuildKernels | Using pre-compiled firmware from: /proj_sw/user_dev/ctr-apbernal/tt-metal/tt_metal/pre-compiled/441969805167873259/ (build_env_manager.cpp:347)
2026-08-29 11:45:01.694 | info     |    BuildKernels | Using pre-compiled firmware from: /proj_sw/user_dev/ctr-apbernal/tt-metal/tt_metal/pre-compiled/441969805167873259/ (build_env_manager.cpp:347)
2026-08-29 11:45:01.694 | info     |    BuildKernels | Using pre-compiled firmware from: /proj_sw/user_dev/ctr-apbernal/tt-metal/tt_metal/pre-compiled/441969805167873259/ (build_env_manager.cpp:347)
2026-08-29 11:45:01.694 | info     |    BuildKernels | Using pre-compiled firmware from: /proj_sw/user_dev/ctr-apbernal/tt-metal/tt_metal/pre-compiled/441969805167873259/ (build_env_manager.cpp:347)
2026-08-29 11:45:01.694 | info     |    BuildKernels | Using pre-compiled firmware from: /proj_sw/user_dev/ctr-apbernal/tt-metal/tt_metal/pre-compiled/441969805167873259/ (build_env_manager.cpp:347)
2026-08-29 11:45:01.946 | info     |           Metal | Initializing Fabric (fabric_firmware_initializer.cpp:296)
2026-08-29 11:45:02.659 | info     |           Metal | Fabric initialized on Device 0 (device.cpp:550)
2026-08-29 11:45:02.661 | info     |           Metal | Fabric initialized on Device 1 (device.cpp:550)
2026-08-29 11:45:02.662 | info     |           Metal | Fabric initialized on Device 2 (device.cpp:550)
2026-08-29 11:45:02.663 | info     |           Metal | Fabric initialized on Device 3 (device.cpp:550)
2026-08-29 11:45:02.664 | info     |           Metal | Fabric initialized on Device 4 (device.cpp:550)
2026-08-29 11:45:02.665 | info     |           Metal | Fabric initialized on Device 5 (device.cpp:550)
2026-08-29 11:45:02.666 | info     |           Metal | Fabric initialized on Device 6 (device.cpp:550)
2026-08-29 11:45:02.668 | info     |           Metal | Fabric initialized on Device 7 (device.cpp:550)
2026-08-29 11:45:02.703 | info     |           Metal | Fabric initialized on Device 8 (device.cpp:550)
2026-08-29 11:45:02.704 | info     |           Metal | Fabric initialized on Device 9 (device.cpp:550)
2026-08-29 11:45:02.706 | info     |           Metal | Fabric initialized on Device 10 (device.cpp:550)
2026-08-29 11:45:02.707 | info     |           Metal | Fabric initialized on Device 11 (device.cpp:550)
2026-08-29 11:45:02.708 | info     |           Metal | Fabric initialized on Device 12 (device.cpp:550)
2026-08-29 11:45:02.709 | info     |           Metal | Fabric initialized on Device 13 (device.cpp:550)
2026-08-29 11:45:02.710 | info     |           Metal | Fabric initialized on Device 14 (device.cpp:550)
2026-08-29 11:45:02.711 | info     |           Metal | Fabric initialized on Device 15 (device.cpp:550)
2026-08-29 11:45:02.712 | info     |           Metal | Fabric initialized on Device 16 (device.cpp:550)
2026-08-29 11:45:02.714 | info     |           Metal | Fabric initialized on Device 17 (device.cpp:550)
2026-08-29 11:45:02.715 | info     |           Metal | Fabric initialized on Device 18 (device.cpp:550)
2026-08-29 11:45:02.716 | info     |           Metal | Fabric initialized on Device 19 (device.cpp:550)
2026-08-29 11:45:02.717 | info     |           Metal | Fabric initialized on Device 20 (device.cpp:550)
2026-08-29 11:45:02.718 | info     |           Metal | Fabric initialized on Device 21 (device.cpp:550)
2026-08-29 11:45:02.719 | info     |           Metal | Fabric initialized on Device 22 (device.cpp:550)
2026-08-29 11:45:02.720 | info     |           Metal | Fabric initialized on Device 23 (device.cpp:550)
2026-08-29 11:45:02.721 | info     |           Metal | Fabric initialized on Device 24 (device.cpp:550)
2026-08-29 11:45:02.723 | info     |           Metal | Fabric initialized on Device 25 (device.cpp:550)
2026-08-29 11:45:02.724 | info     |           Metal | Fabric initialized on Device 26 (device.cpp:550)
2026-08-29 11:45:02.725 | info     |           Metal | Fabric initialized on Device 27 (device.cpp:550)
2026-08-29 11:45:02.726 | info     |           Metal | Fabric initialized on Device 28 (device.cpp:550)
2026-08-29 11:45:02.727 | info     |           Metal | Fabric initialized on Device 29 (device.cpp:550)
2026-08-29 11:45:02.728 | info     |           Metal | Fabric initialized on Device 30 (device.cpp:550)
2026-08-29 11:45:02.729 | info     |           Metal | Fabric initialized on Device 31 (device.cpp:550)
2026-08-29 11:45:02.729 | info     |           Metal | Fabric initialized on 32 devices (fabric_firmware_initializer.cpp:444)
2026-08-29 11:45:02.729 | info     |           Metal | Fabric Initialized with config FabricConfig::FABRIC_1D_RING (fabric_firmware_initializer.cpp:313)
2026-08-29 11:45:03.951 | info     |           Metal | [Real-time profiler] Device 17 sync complete: 100 samples, frequency=0.985505 GHz, device_time_at_sync=8484349662002 cycles (realtime_profiler_manager.cpp:1398)
2026-08-29 11:45:03.951 | info     |           Metal | [Real-time profiler] Device 24 sync complete: 100 samples, frequency=0.985499 GHz, device_time_at_sync=8475873739079 cycles (realtime_profiler_manager.cpp:1398)
2026-08-29 11:45:03.951 | info     |           Metal | [Real-time profiler] Device 28 sync complete: 100 samples, frequency=0.985500 GHz, device_time_at_sync=8471110587703 cycles (realtime_profiler_manager.cpp:1398)
2026-08-29 11:45:03.951 | info     |           Metal | [Real-time profiler] Device 29 sync complete: 100 samples, frequency=0.985500 GHz, device_time_at_sync=8467935123329 cycles (realtime_profiler_manager.cpp:1398)
2026-08-29 11:45:03.951 | info     |           Metal | [Real-time profiler] Device 20 sync complete: 100 samples, frequency=0.985505 GHz, device_time_at_sync=8480720672139 cycles (realtime_profiler_manager.cpp:1398)
2026-08-29 11:45:03.951 | info     |           Metal | [Real-time profiler] Device 21 sync complete: 100 samples, frequency=0.985504 GHz, device_time_at_sync=8477479271311 cycles (realtime_profiler_manager.cpp:1398)
2026-08-29 11:45:03.951 | info     |           Metal | [Real-time profiler] Device 25 sync complete: 100 samples, frequency=0.985499 GHz, device_time_at_sync=8474716906845 cycles (realtime_profiler_manager.cpp:1398)
2026-08-29 11:45:03.951 | info     |           Metal | [Real-time profiler] Device 16 sync complete: 100 samples, frequency=0.985506 GHz, device_time_at_sync=8485549802584 cycles (realtime_profiler_manager.cpp:1398)
2026-08-29 11:45:03.951 | info     |           Metal | [Real-time profiler] Device 26 sync complete: 100 samples, frequency=0.985500 GHz, device_time_at_sync=8473548850678 cycles (realtime_profiler_manager.cpp:1398)
2026-08-29 11:45:03.952 | info     |           Metal | [Real-time profiler] Device 30 sync complete: 100 samples, frequency=0.985501 GHz, device_time_at_sync=8466751924574 cycles (realtime_profiler_manager.cpp:1398)
2026-08-29 11:45:03.952 | info     |           Metal | [Real-time profiler] Device 6 sync complete: 100 samples, frequency=0.985505 GHz, device_time_at_sync=8495611480581 cycles (realtime_profiler_manager.cpp:1398)
2026-08-29 11:45:03.952 | info     |           Metal | [Real-time profiler] Device 22 sync complete: 100 samples, frequency=0.985507 GHz, device_time_at_sync=8476267458461 cycles (realtime_profiler_manager.cpp:1398)
2026-08-29 11:45:03.952 | info     |           Metal | [Real-time profiler] Device 18 sync complete: 100 samples, frequency=0.985505 GHz, device_time_at_sync=8483085464252 cycles (realtime_profiler_manager.cpp:1398)
2026-08-29 11:45:03.952 | info     |           Metal | [Real-time profiler] Device 2 sync complete: 100 samples, frequency=0.985506 GHz, device_time_at_sync=8502328589100 cycles (realtime_profiler_manager.cpp:1398)
2026-08-29 11:45:03.952 | info     |           Metal | [Real-time profiler] Device 15 sync complete: 100 samples, frequency=0.985499 GHz, device_time_at_sync=8484810130459 cycles (realtime_profiler_manager.cpp:1398)
2026-08-29 11:45:03.952 | info     |           Metal | [Real-time profiler] Device 19 sync complete: 100 samples, frequency=0.985505 GHz, device_time_at_sync=8481881775550 cycles (realtime_profiler_manager.cpp:1398)
2026-08-29 11:45:03.952 | info     |           Metal | [Real-time profiler] Device 27 sync complete: 100 samples, frequency=0.985501 GHz, device_time_at_sync=8472274205817 cycles (realtime_profiler_manager.cpp:1398)
2026-08-29 11:45:03.952 | info     |           Metal | [Real-time profiler] Device 3 sync complete: 100 samples, frequency=0.985505 GHz, device_time_at_sync=8501080861524 cycles (realtime_profiler_manager.cpp:1398)
2026-08-29 11:45:03.952 | info     |           Metal | [Real-time profiler] Device 31 sync complete: 100 samples, frequency=0.985500 GHz, device_time_at_sync=8465546122993 cycles (realtime_profiler_manager.cpp:1398)
2026-08-29 11:45:03.952 | info     |           Metal | [Real-time profiler] Device 11 sync complete: 100 samples, frequency=0.985499 GHz, device_time_at_sync=8491571072480 cycles (realtime_profiler_manager.cpp:1398)
2026-08-29 11:45:03.952 | info     |           Metal | [Real-time profiler] Device 14 sync complete: 100 samples, frequency=0.985497 GHz, device_time_at_sync=8486085807883 cycles (realtime_profiler_manager.cpp:1398)
2026-08-29 11:45:03.952 | info     |           Metal | [Real-time profiler] Device 23 sync complete: 100 samples, frequency=0.985503 GHz, device_time_at_sync=8475049996426 cycles (realtime_profiler_manager.cpp:1398)
2026-08-29 11:45:03.952 | info     |           Metal | [Real-time profiler] Device 10 sync complete: 100 samples, frequency=0.985500 GHz, device_time_at_sync=8492784893174 cycles (realtime_profiler_manager.cpp:1398)
2026-08-29 11:45:03.952 | info     |           Metal | [Real-time profiler] Device 7 sync complete: 100 samples, frequency=0.985506 GHz, device_time_at_sync=8494385053248 cycles (realtime_profiler_manager.cpp:1398)
2026-08-29 11:45:03.952 | info     |           Metal | [Real-time profiler] Device 5 sync complete: 100 samples, frequency=0.985505 GHz, device_time_at_sync=8496710582988 cycles (realtime_profiler_manager.cpp:1398)
2026-08-29 11:45:03.952 | info     |           Metal | [Real-time profiler] Device 1 sync complete: 100 samples, frequency=0.985505 GHz, device_time_at_sync=8503496142800 cycles (realtime_profiler_manager.cpp:1398)
2026-08-29 11:45:03.953 | info     |           Metal | [Real-time profiler] Device 4 sync complete: 100 samples, frequency=0.985504 GHz, device_time_at_sync=8499870208747 cycles (realtime_profiler_manager.cpp:1398)
2026-08-29 11:45:03.953 | info     |           Metal | [Real-time profiler] Device 0 sync complete: 100 samples, frequency=0.985504 GHz, device_time_at_sync=8504680862742 cycles (realtime_profiler_manager.cpp:1398)
2026-08-29 11:45:03.953 | info     |           Metal | [Real-time profiler] Device 12 sync complete: 100 samples, frequency=0.985499 GHz, device_time_at_sync=8490366660482 cycles (realtime_profiler_manager.cpp:1398)
2026-08-29 11:45:03.953 | info     |           Metal | [Real-time profiler] Device 13 sync complete: 100 samples, frequency=0.985500 GHz, device_time_at_sync=8487160532277 cycles (realtime_profiler_manager.cpp:1398)
2026-08-29 11:45:03.953 | info     |           Metal | [Real-time profiler] Device 8 sync complete: 100 samples, frequency=0.985499 GHz, device_time_at_sync=8495087625457 cycles (realtime_profiler_manager.cpp:1398)
2026-08-29 11:45:03.953 | info     |           Metal | [Real-time profiler] Device 9 sync complete: 100 samples, frequency=0.985499 GHz, device_time_at_sync=8493977816603 cycles (realtime_profiler_manager.cpp:1398)
2026-08-29 11:45:04.293 | DEBUG    | conftest:mesh_device:630 - multidevice with 32 devices is created
2026-08-29 11:45:04.342 | INFO     | models.demos.llama3_70b_galaxy.demo.text_demo:test_demo_text:946 - The decode generation will only stop at the max_generated_tokens limit == 128
2026-08-29 11:45:04.342 | INFO     | models.demos.llama3_70b_galaxy.demo.text_demo:test_demo_text:957 - Start profiler
2026-08-29 11:45:04.342 | INFO     | models.demos.llama3_70b_galaxy.demo.text_demo:test_demo_text:961 - Reading inputs...
2026-08-29 11:45:04.347 | INFO     | models.demos.llama3_70b_galaxy.demo.text_demo:test_demo_text:987 - Attempting to load expected outputs from: models/demos/llama3_70b_galaxy/demo/outputs_batch_1.json
2026-08-29 11:45:04.348 | INFO     | models.demos.llama3_70b_galaxy.demo.text_demo:test_demo_text:1000 - Successfully loaded 1 expected string outputs from models/demos/llama3_70b_galaxy/demo/outputs_batch_1.json
2026-08-29 11:45:04.379 | INFO     | models.demos.llama3_70b_galaxy.tt.model_config:__init__:543 - Checkpoint directory: /localdev/ctr-apbernal/tttv1_ckpt/Llama-3.3-70B-Instruct
2026-08-29 11:45:04.379 | INFO     | models.demos.llama3_70b_galaxy.tt.model_config:__init__:544 - Tokenizer file: /localdev/ctr-apbernal/tttv1_ckpt/Llama-3.3-70B-Instruct/tokenizer.model
2026-08-29 11:45:04.379 | INFO     | models.demos.llama3_70b_galaxy.tt.model_config:__init__:545 - Cache directory: /proj_sw/user_dev/ctr-apbernal/tt-metal/model_cache/meta-llama/Llama-3.3-70B-Instruct/TG
2026-08-29 11:45:05.435 | INFO     | models.demos.llama3_70b_galaxy.tt.load_checkpoints:load_sharded_checkpoints_optimized:159 - Loading 8 checkpoint files
  0%|          | 0/8 [00:00<?, ?it/s] 12%|█▎        | 1/8 [04:12<29:30, 252.93s/it]100%|██████████| 8/8 [04:12<00:00, 31.62s/it]
2026-08-29 11:49:40.256 | INFO     | models.demos.llama3_70b_galaxy.tt.load_checkpoints:load_sharded_checkpoints_optimized:196 - Loaded and merged in 274.82s
2026-08-29 11:49:56.418 | DEBUG    | core:as_tensor:724 - Loaded cache for /proj_sw/user_dev/ctr-apbernal/tt-metal/model_cache/meta-llama/Llama-3.3-70B-Instruct/TG/tensor_cache_instruct_bfp8/tok_embeddings.weight_dtype_BFLOAT16_layout_ROW_MAJOR.tensorbin of shape Shape([1, 1, 128256, 2048])
2026-08-29 11:49:56.802 | info     |           Metal | Finalize dfb: dfb_offset == base_offset: 80, dfb size: 32, return value: 112 (dataflow_buffer.cpp:1656)
2026-08-29 11:49:56.802 | info     |           Metal | Finalize dfb: dfb_offset == base_offset: 0, dfb size: 0, return value: 0 (dataflow_buffer.cpp:1656)
2026-08-29 11:49:56.802 | info     |           Metal | Finalize dfb: dfb_offset == base_offset: 0, dfb size: 0, return value: 0 (dataflow_buffer.cpp:1656)
2026-08-29 11:49:57.039 | warning  |              Op | ttnn::tilize: Using input shard spec for output tensor because the legacy sharded optimized program factory is being used (tilize_device_operation.cpp:247)
2026-08-29 11:49:57.262 | info     |           Metal | Finalize dfb: dfb_offset == base_offset: 80, dfb size: 32, return value: 112 (dataflow_buffer.cpp:1656)
2026-08-29 11:49:57.262 | info     |           Metal | Finalize dfb: dfb_offset == base_offset: 0, dfb size: 0, return value: 0 (dataflow_buffer.cpp:1656)
2026-08-29 11:49:57.262 | info     |           Metal | Finalize dfb: dfb_offset == base_offset: 0, dfb size: 0, return value: 0 (dataflow_buffer.cpp:1656)
2026-08-29 11:49:57.273 | INFO     | models.demos.llama3_70b_galaxy.tt.prefetcher_common:__init__:33 - Running TtLlamaPrefetcherSetup
  0%|          | 0/80 [00:00<?, ?it/s]2026-08-29 11:49:59.344 | DEBUG    | core:as_tensor:724 - Loaded cache for /proj_sw/user_dev/ctr-apbernal/tt-metal/model_cache/meta-llama/Llama-3.3-70B-Instruct/TG/tensor_cache_instruct_bfp8/layers.0.attention.wqkv_sharded_2d_prefetcher_dtype_BFLOAT8_B_layout_TILE.tensorbin of shape Shape([1, 1, 2048, 1280])
2026-08-29 11:49:59.714 | DEBUG    | core:as_tensor:724 - Loaded cache for /proj_sw/user_dev/ctr-apbernal/tt-metal/model_cache/meta-llama/Llama-3.3-70B-Instruct/TG/tensor_cache_instruct_bfp8/layers.0.attention.wqkv_sharded_2d_dram_dtype_BFLOAT8_B_layout_TILE.tensorbin of shape Shape([1, 1, 2048, 1280])
2026-08-29 11:50:00.012 | DEBUG    | core:as_tensor:724 - Loaded cache for /proj_sw/user_dev/ctr-apbernal/tt-metal/model_cache/meta-llama/Llama-3.3-70B-Instruct/TG/tensor_cache_instruct_bfp8/layers.0.attention.wo_width_sharded_2d_prefetcher_dtype_BFLOAT8_B_layout_TILE.tensorbin of shape Shape([1, 1, 1024, 2048])
2026-08-29 11:50:00.318 | DEBUG    | core:as_tensor:724 - Loaded cache for /proj_sw/user_dev/ctr-apbernal/tt-metal/model_cache/meta-llama/Llama-3.3-70B-Instruct/TG/tensor_cache_instruct_bfp8/layers.0.attention.wo_width_sharded_2d_dram_dtype_BFLOAT8_B_layout_TILE.tensorbin of shape Shape([1, 1, 1024, 2048])
2026-08-29 11:50:00.819 | DEBUG    | core:as_tensor:724 - Loaded cache for /proj_sw/user_dev/ctr-apbernal/tt-metal/model_cache/meta-llama/Llama-3.3-70B-Instruct/TG/tensor_cache_instruct_bfp8/layers.0.attention.wo_col_sharded_dram_dtype_BFLOAT8_B_layout_TILE.tensorbin of shape Shape([1, 1, 8192, 2048])
2026-08-29 11:50:00.836 | DEBUG    | core:as_tensor:724 - Loaded cache for /proj_sw/user_dev/ctr-apbernal/tt-metal/model_cache/meta-llama/Llama-3.3-70B-Instruct/TG/tensor_cache_instruct_bfp8/kvcache_torch.Size([2048, 1, 64, 128])_dtype_BFLOAT8_B_layout_TILE.tensorbin of shape Shape([2048, 1, 64, 128])
2026-08-29 11:50:00.845 | DEBUG    | core:as_tensor:724 - Loaded cache for /proj_sw/user_dev/ctr-apbernal/tt-metal/model_cache/meta-llama/Llama-3.3-70B-Instruct/TG/tensor_cache_instruct_bfp8/kvcache_torch.Size([2048, 1, 64, 128])_dtype_BFLOAT8_B_layout_TILE.tensorbin of shape Shape([2048, 1, 64, 128])
2026-08-29 11:50:01.228 | DEBUG    | core:as_tensor:724 - Loaded cache for /proj_sw/user_dev/ctr-apbernal/tt-metal/model_cache/meta-llama/Llama-3.3-70B-Instruct/TG/tensor_cache_instruct_bfp8/layers.0.feed_forward.w1_shardedprefetcher_dtype_BFLOAT4_B_layout_TILE.tensorbin of shape Shape([1, 1, 2048, 3584])
2026-08-29 11:50:01.798 | DEBUG    | core:as_tensor:724 - Loaded cache for /proj_sw/user_dev/ctr-apbernal/tt-metal/model_cache/meta-llama/Llama-3.3-70B-Instruct/TG/tensor_cache_instruct_bfp8/layers.0.feed_forward.w2_shardedprefetcher_dtype_BFLOAT8_B_layout_TILE.tensorbin of shape Shape([1, 1, 3584, 2048])
2026-08-29 11:50:02.330 | DEBUG    | core:as_tensor:724 - Loaded cache for /proj_sw/user_dev/ctr-apbernal/tt-metal/model_cache/meta-llama/Llama-3.3-70B-Instruct/TG/tensor_cache_instruct_bfp8/layers.0.feed_forward.w3_shardedprefetcher_dtype_BFLOAT4_B_layout_TILE.tensorbin of shape Shape([1, 1, 2048, 3584])
2026-08-29 11:50:04.239 | DEBUG    | core:as_tensor:724 - Loaded cache for /proj_sw/user_dev/ctr-apbernal/tt-metal/model_cache/meta-llama/Llama-3.3-70B-Instruct/TG/tensor_cache_instruct_bfp8/layers.0.feed_forward.w1_interleavedprefetcher_dtype_BFLOAT4_B_layout_TILE.tensorbin of shape Shape([1, 1, 2048, 3584])
2026-08-29 11:50:04.804 | DEBUG    | core:as_tensor:724 - Loaded cache for /proj_sw/user_dev/ctr-apbernal/tt-metal/model_cache/meta-llama/Llama-3.3-70B-Instruct/TG/tensor_cache_instruct_bfp8/layers.0.feed_forward.w2_interleavedprefetcher_dtype_BFLOAT8_B_layout_TILE.tensorbin of shape Shape([1, 1, 3584, 2048])
2026-08-29 11:50:05.314 | DEBUG    | core:as_tensor:724 - Loaded cache for /proj_sw/user_dev/ctr-apbernal/tt-metal/model_cache/meta-llama/Llama-3.3-70B-Instruct/TG/tensor_cache_instruct_bfp8/layers.0.feed_forward.w3_interleavedprefetcher_dtype_BFLOAT4_B_layout_TILE.tensorbin of shape Shape([1, 1, 2048, 3584])
2026-08-29 11:50:05.319 | DEBUG    | core:as_tensor:724 - Loaded cache for /proj_sw/user_dev/ctr-apbernal/tt-metal/model_cache/meta-llama/Llama-3.3-70B-Instruct/TG/tensor_cache_instruct_bfp8/layers.0.attention_norm.weight_dtype_BFLOAT16_layout_ROW_MAJOR.tensorbin of shape Shape([1, 1, 256, 32])
2026-08-29 11:50:05.321 | DEBUG    | core:as_tensor:724 - Loaded cache for /proj_sw/user_dev/ctr-apbernal/tt-metal/model_cache/meta-llama/Llama-3.3-70B-Instruct/TG/tensor_cache_instruct_bfp8/layers.0.attention_norm.weight_distributed_dtype_BFLOAT16_layout_ROW_MAJOR.tensorbin of shape Shape([1, 1, 64, 32])
2026-08-29 11:50:05.323 | DEBUG    | core:as_tensor:724 - Loaded cache for /proj_sw/user_dev/ctr-apbernal/tt-metal/model_cache/meta-llama/Llama-3.3-70B-Instruct/TG/tensor_cache_instruct_bfp8/layers.0.ffn_norm.weight_dtype_BFLOAT16_layout_ROW_MAJOR.tensorbin of shape Shape([1, 1, 256, 32])
2026-08-29 11:50:05.324 | DEBUG    | core:as_tensor:724 - Loaded cache for /proj_sw/user_dev/ctr-apbernal/tt-metal/model_cache/meta-llama/Llama-3.3-70B-Instruct/TG/tensor_cache_instruct_bfp8/layers.0.ffn_norm.weight_distributed_dtype_BFLOAT16_layout_ROW_MAJOR.tensorbin of shape Shape([1, 1, 64, 32])
  1%|▏         | 1/80 [00:06<08:31,  6.47s/it]2026-08-29 11:50:05.732 | DEBUG    | core:as_tensor:724 - Loaded cache for /proj_sw/user_dev/ctr-apbernal/tt-metal/model_cache/meta-llama/Llama-3.3-70B-Instruct/TG/tensor_cache_instruct_bfp8/layers.1.attention.wqkv_sharded_2d_prefetcher_dtype_BFLOAT8_B_layout_TILE.tensorbin of shape Shape([1, 1, 2048, 1280])
2026-08-29 11:50:06.101 | DEBUG    | core:as_tensor:724 - Loaded cache for /proj_sw/user_dev/ctr-apbernal/tt-metal/model_cache/meta-llama/Llama-3.3-70B-Instruct/TG/tensor_cache_instruct_bfp8/layers.1.attention.wqkv_sharded_2d_dram_dtype_BFLOAT8_B_layout_TILE.tensorbin of shape Shape([1, 1, 2048, 1280])
2026-08-29 11:50:06.421 | DEBUG    | core:as_tensor:724 - Loaded cache for /proj_sw/user_dev/ctr-apbernal/tt-metal/model_cache/meta-llama/Llama-3.3-70B-Instruct/TG/tensor_cache_instruct_bfp8/layers.1.attention.wo_width_sharded_2d_prefetcher_dtype_BFLOAT8_B_layout_TILE.tensorbin of shape Shape([1, 1, 1024, 2048])
2026-08-29 11:50:06.694 | DEBUG    | core:as_tensor:724 - Loaded cache for /proj_sw/user_dev/ctr-apbernal/tt-metal/model_cache/meta-llama/Llama-3.3-70B-Instruct/TG/tensor_cache_instruct_bfp8/layers.1.attention.wo_width_sharded_2d_dram_dtype_BFLOAT8_B_layout_TILE.tensorbin of shape Shape([1, 1, 1024, 2048])
2026-08-29 11:50:07.098 | DEBUG    | core:as_tensor:724 - Loaded cache for /proj_sw/user_dev/ctr-apbernal/tt-metal/model_cache/meta-llama/Llama-3.3-70B-Instruct/TG/tensor_cache_instruct_bfp8/layers.1.attention.wo_col_sharded_dram_dtype_BFLOAT8_B_layout_TILE.tensorbin of shape Shape([1, 1, 8192, 2048])
2026-08-29 11:50:07.113 | DEBUG    | core:as_tensor:724 - Loaded cache for /proj_sw/user_dev/ctr-apbernal/tt-metal/model_cache/meta-llama/Llama-3.3-70B-Instruct/TG/tensor_cache_instruct_bfp8/kvcache_torch.Size([2048, 1, 64, 128])_dtype_BFLOAT8_B_layout_TILE.tensorbin of shape Shape([2048, 1, 64, 128])
2026-08-29 11:50:07.121 | DEBUG    | core:as_tensor:724 - Loaded cache for /proj_sw/user_dev/ctr-apbernal/tt-metal/model_cache/meta-llama/Llama-3.3-70B-Instruct/TG/tensor_cache_instruct_bfp8/kvcache_torch.Size([2048, 1, 64, 128])_dtype_BFLOAT8_B_layout_TILE.tensorbin of shape Shape([2048, 1, 64, 128])
2026-08-29 11:50:07.686 | DEBUG    | core:as_tensor:724 - Loaded cache for /proj_sw/user_dev/ctr-apbernal/tt-metal/model_cache/meta-llama/Llama-3.3-70B-Instruct/TG/tensor_cache_instruct_bfp8/layers.1.feed_forward.w1_shardedprefetcher_dtype_BFLOAT4_B_layout_TILE.tensorbin of shape Shape([1, 1, 2048, 3584])
2026-08-29 11:50:08.194 | DEBUG    | core:as_tensor:724 - Loaded cache for /proj_sw/user_dev/ctr-apbernal/tt-metal/model_cache/meta-llama/Llama-3.3-70B-Instruct/TG/tensor_cache_instruct_bfp8/layers.1.feed_forward.w2_shardedprefetcher_dtype_BFLOAT8_B_layout_TILE.tensorbin of shape Shape([1, 1, 3584, 2048])
2026-08-29 11:50:08.742 | DEBUG    | core:as_tensor:724 - Loaded cache for /proj_sw/user_dev/ctr-apbernal/tt-metal/model_cache/meta-llama/Llama-3.3-70B-Instruct/TG/tensor_cache_instruct_bfp8/layers.1.feed_forward.w3_shardedprefetcher_dtype_BFLOAT4_B_layout_TILE.tensorbin of shape Shape([1, 1, 2048, 3584])
2026-08-29 11:50:09.055 | DEBUG    | core:as_tensor:724 - Loaded cache for /proj_sw/user_dev/ctr-apbernal/tt-metal/model_cache/meta-llama/Llama-3.3-70B-Instruct/TG/tensor_cache_instruct_bfp8/layers.1.feed_forward.w1_interleavedprefetcher_dtype_BFLOAT4_B_layout_TILE.tensorbin of shape Shape([1, 1, 2048, 3584])
2026-08-29 11:50:09.581 | DEBUG    | core:as_tensor:724 - Loaded cache for /proj_sw/user_dev/ctr-apbernal/tt-metal/model_cache/meta-llama/Llama-3.3-70B-Instruct/TG/tensor_cache_instruct_bfp8/layers.1.feed_forward.w2_interleavedprefetcher_dtype_BFLOAT8_B_layout_TILE.tensorbin of shape Shape([1, 1, 3584, 2048])
2026-08-29 11:50:09.872 | DEBUG    | core:as_tensor:724 - Loaded cache for /proj_sw/user_dev/ctr-apbernal/tt-metal/model_cache/meta-llama/Llama-3.3-70B-Instruct/TG/tensor_cache_instruct_bfp8/layers.1.feed_forward.w3_interleavedprefetcher_dtype_BFLOAT4_B_layout_TILE.tensorbin of shape Shape([1, 1, 2048, 3584])
2026-08-29 11:50:09.878 | DEBUG    | core:as_tensor:724 - Loaded cache for /proj_sw/user_dev/ctr-apbernal/tt-metal/model_cache/meta-llama/Llama-3.3-70B-Instruct/TG/tensor_cache_instruct_bfp8/layers.1.attention_norm.weight_dtype_BFLOAT16_layout_ROW_MAJOR.tensorbin of shape Shape([1, 1, 256, 32])
2026-08-29 11:50:09.880 | DEBUG    | core:as_tensor:724 - Loaded cache for /proj_sw/user_dev/ctr-apbernal/tt-metal/model_cache/meta-llama/Llama-3.3-70B-Instruct/TG/tensor_cache_instruct_bfp8/layers.1.attention_norm.weight_distributed_dtype_BFLOAT16_layout_ROW_MAJOR.tensorbin of shape Shape([1, 1, 64, 32])
2026-08-29 11:50:09.882 | DEBUG    | core:as_tensor:724 - Loaded cache for /proj_sw/user_dev/ctr-apbernal/tt-metal/model_cache/meta-llama/Llama-3.3-70B-Instruct/TG/tensor_cache_instruct_bfp8/layers.1.ffn_norm.weight_dtype_BFLOAT16_layout_ROW_MAJOR.tensorbin of shape Shape([1, 1, 256, 32])
2026-08-29 11:50:09.884 | DEBUG    | core:as_tensor:724 - Loaded cache for /proj_sw/user_dev/ctr-apbernal/tt-metal/model_cache/meta-llama/Llama-3.3-70B-Instruct/TG/tensor_cache_instruct_bfp8/layers.1.ffn_norm.weight_distributed_dtype_BFLOAT16_layout_ROW_MAJOR.tensorbin of shape Shape([1, 1, 64, 32])
  2%|▎         | 2/80 [00:11<06:57,  5.35s/it]2026-08-29 11:50:10.285 | DEBUG    | core:as_tensor:724 - Loaded cache for /proj_sw/user_dev/ctr-apbernal/tt-metal/model_cache/meta-llama/Llama-3.3-70B-Instruct/TG/tensor_cache_instruct_bfp8/layers.2.attention.wqkv_sharded_2d_prefetcher_dtype_BFLOAT8_B_layout_TILE.tensorbin of shape Shape([1, 1, 2048, 1280])
2026-08-29 11:50:10.588 | DEBUG    | core:as_tensor:724 - Loaded cache for /proj_sw/user_dev/ctr-apbernal/tt-metal/model_cache/meta-llama/Llama-3.3-70B-Instruct/TG/tensor_cache_instruct_bfp8/layers.2.attention.wqkv_sharded_2d_dram_dtype_BFLOAT8_B_layout_TILE.tensorbin of shape Shape([1, 1, 2048, 1280])
2026-08-29 11:50:10.935 | DEBUG    | core:as_tensor:724 - Loaded cache for /proj_sw/user_dev/ctr-apbernal/tt-metal/model_cache/meta-llama/Llama-3.3-70B-Instruct/TG/tensor_cache_instruct_bfp8/layers.2.attention.wo_width_sharded_2d_prefetcher_dtype_BFLOAT8_B_layout_TILE.tensorbin of shape Shape([1, 1, 1024, 2048])
2026-08-29 11:50:11.210 | DEBUG    | core:as_tensor:724 - Loaded cache for /proj_sw/user_dev/ctr-apbernal/tt-metal/model_cache/meta-llama/Llama-3.3-70B-Instruct/TG/tensor_cache_instruct_bfp8/layers.2.attention.wo_width_sharded_2d_dram_dtype_BFLOAT8_B_layout_TILE.tensorbin of shape Shape([1, 1, 1024, 2048])
2026-08-29 11:50:11.791 | DEBUG    | core:as_tensor:724 - Loaded cache for /proj_sw/user_dev/ctr-apbernal/tt-metal/model_cache/meta-llama/Llama-3.3-70B-Instruct/TG/tensor_cache_instruct_bfp8/layers.2.attention.wo_col_sharded_dram_dtype_BFLOAT8_B_layout_TILE.tensorbin of shape Shape([1, 1, 8192, 2048])
2026-08-29 11:50:11.806 | DEBUG    | core:as_tensor:724 - Loaded cache for /proj_sw/user_dev/ctr-apbernal/tt-metal/model_cache/meta-llama/Llama-3.3-70B-Instruct/TG/tensor_cache_instruct_bfp8/kvcache_torch.Size([2048, 1, 64, 128])_dtype_BFLOAT8_B_layout_TILE.tensorbin of shape Shape([2048, 1, 64, 128])
2026-08-29 11:50:11.814 | DEBUG    | core:as_tensor:724 - Loaded cache for /proj_sw/user_dev/ctr-apbernal/tt-metal/model_cache/meta-llama/Llama-3.3-70B-Instruct/TG/tensor_cache_instruct_bfp8/kvcache_torch.Size([2048, 1, 64, 128])_dtype_BFLOAT8_B_layout_TILE.tensorbin of shape Shape([2048, 1, 64, 128])
2026-08-29 11:50:12.121 | DEBUG    | core:as_tensor:724 - Loaded cache for /proj_sw/user_dev/ctr-apbernal/tt-metal/model_cache/meta-llama/Llama-3.3-70B-Instruct/TG/tensor_cache_instruct_bfp8/layers.2.feed_forward.w1_shardedprefetcher_dtype_BFLOAT4_B_layout_TILE.tensorbin of shape Shape([1, 1, 2048, 3584])
2026-08-29 11:50:12.641 | DEBUG    | core:as_tensor:724 - Loaded cache for /proj_sw/user_dev/ctr-apbernal/tt-metal/model_cache/meta-llama/Llama-3.3-70B-Instruct/TG/tensor_cache_instruct_bfp8/layers.2.feed_forward.w2_shardedprefetcher_dtype_BFLOAT8_B_layout_TILE.tensorbin of shape Shape([1, 1, 3584, 2048])
2026-08-29 11:50:12.927 | DEBUG    | core:as_tensor:724 - Loaded cache for /proj_sw/user_dev/ctr-apbernal/tt-metal/model_cache/meta-llama/Llama-3.3-70B-Instruct/TG/tensor_cache_instruct_bfp8/layers.2.feed_forward.w3_shardedprefetcher_dtype_BFLOAT4_B_layout_TILE.tensorbin of shape Shape([1, 1, 2048, 3584])
2026-08-29 11:50:13.421 | DEBUG    | core:as_tensor:724 - Loaded cache for /proj_sw/user_dev/ctr-apbernal/tt-metal/model_cache/meta-llama/Llama-3.3-70B-Instruct/TG/tensor_cache_instruct_bfp8/layers.2.feed_forward.w1_interleavedprefetcher_dtype_BFLOAT4_B_layout_TILE.tensorbin of shape Shape([1, 1, 2048, 3584])
2026-08-29 11:50:13.939 | DEBUG    | core:as_tensor:724 - Loaded cache for /proj_sw/user_dev/ctr-apbernal/tt-metal/model_cache/meta-llama/Llama-3.3-70B-Instruct/TG/tensor_cache_instruct_bfp8/layers.2.feed_forward.w2_interleavedprefetcher_dtype_BFLOAT8_B_layout_TILE.tensorbin of shape Shape([1, 1, 3584, 2048])
2026-08-29 11:50:14.236 | DEBUG    | core:as_tensor:724 - Loaded cache for /proj_sw/user_dev/ctr-apbernal/tt-metal/model_cache/meta-llama/Llama-3.3-70B-Instruct/TG/tensor_cache_instruct_bfp8/layers.2.feed_forward.w3_interleavedprefetcher_dtype_BFLOAT4_B_layout_TILE.tensorbin of shape Shape([1, 1, 2048, 3584])
2026-08-29 11:50:14.239 | DEBUG    | core:as_tensor:724 - Loaded cache for /proj_sw/user_dev/ctr-apbernal/tt-metal/model_cache/meta-llama/Llama-3.3-70B-Instruct/TG/tensor_cache_instruct_bfp8/layers.2.attention_norm.weight_dtype_BFLOAT16_layout_ROW_MAJOR.tensorbin of shape Shape([1, 1, 256, 32])
2026-08-29 11:50:14.241 | DEBUG    | core:as_tensor:724 - Loaded cache for /proj_sw/user_dev/ctr-apbernal/tt-metal/model_cache/meta-llama/Llama-3.3-70B-Instruct/TG/tensor_cache_instruct_bfp8/layers.2.attention_norm.weight_distributed_dtype_BFLOAT16_layout_ROW_MAJOR.tensorbin of shape Shape([1, 1, 64, 32])
2026-08-29 11:50:14.244 | DEBUG    | core:as_tensor:724 - Loaded cache for /proj_sw/user_dev/ctr-apbernal/tt-metal/model_cache/meta-llama/Llama-3.3-70B-Instruct/TG/tensor_cache_instruct_bfp8/layers.2.ffn_norm.weight_dtype_BFLOAT16_layout_ROW_MAJOR.tensorbin of shape Shape([1, 1, 256, 32])
2026-08-29 11:50:14.246 | DEBUG    | core:as_tensor:724 - Loaded cache for /proj_sw/user_dev/ctr-apbernal/tt-metal/model_cache/meta-llama/Llama-3.3-70B-Instruct/TG/tensor_cache_instruct_bfp8/layers.2.ffn_norm.weight_distributed_dtype_BFLOAT16_layout_ROW_MAJOR.tensorbin of shape Shape([1, 1, 64, 32])
  4%|▍         | 3/80 [00:15<06:17,  4.90s/it]2026-08-29 11:50:14.663 | DEBUG    | core:as_tensor:724 - Loaded cache for /proj_sw/user_dev/ctr-apbernal/tt-metal/model_cache/meta-llama/Llama-3.3-70B-Instruct/TG/tensor_cache_instruct_bfp8/layers.3.attention.wqkv_sharded_2d_prefetcher_dtype_BFLOAT8_B_layout_TILE.tensorbin of shape Shape([1, 1, 2048, 1280])
2026-08-29 11:50:14.981 | DEBUG    | core:as_tensor:724 - Loaded cache for /proj_sw/user_dev/ctr-apbernal/tt-metal/model_cache/meta-llama/Llama-3.3-70B-Instruct/TG/tensor_cache_instruct_bfp8/layers.3.attention.wqkv_sharded_2d_dram_dtype_BFLOAT8_B_layout_TILE.tensorbin of shape Shape([1, 1, 2048, 1280])
2026-08-29 11:50:15.320 | DEBUG    | core:as_tensor:724 - Loaded cache for /proj_sw/user_dev/ctr-apbernal/tt-metal/model_cache/meta-llama/Llama-3.3-70B-Instruct/TG/tensor_cache_instruct_bfp8/layers.3.attention.wo_width_sharded_2d_prefetcher_dtype_BFLOAT8_B_layout_TILE.tensorbin of shape Shape([1, 1, 1024, 2048])
2026-08-29 11:50:15.659 | DEBUG    | core:as_tensor:724 - Loaded cache for /proj_sw/user_dev/ctr-apbernal/tt-metal/model_cache/meta-llama/Llama-3.3-70B-Instruct/TG/tensor_cache_instruct_bfp8/layers.3.attention.wo_width_sharded_2d_dram_dtype_BFLOAT8_B_layout_TILE.tensorbin of shape Shape([1, 1, 1024, 2048])
2026-08-29 11:50:16.089 | DEBUG    | core:as_tensor:724 - Loaded cache for /proj_sw/user_dev/ctr-apbernal/tt-metal/model_cache/meta-llama/Llama-3.3-70B-Instruct/TG/tensor_cache_instruct_bfp8/layers.3.attention.wo_col_sharded_dram_dtype_BFLOAT8_B_layout_TILE.tensorbin of shape Shape([1, 1, 8192, 2048])
2026-08-29 11:50:16.107 | DEBUG    | core:as_tensor:724 - Loaded cache for /proj_sw/user_dev/ctr-apbernal/tt-metal/model_cache/meta-llama/Llama-3.3-70B-Instruct/TG/tensor_cache_instruct_bfp8/kvcache_torch.Size([2048, 1, 64, 128])_dtype_BFLOAT8_B_layout_TILE.tensorbin of shape Shape([2048, 1, 64, 128])
2026-08-29 11:50:16.116 | DEBUG    | core:as_tensor:724 - Loaded cache for /proj_sw/user_dev/ctr-apbernal/tt-metal/model_cache/meta-llama/Llama-3.3-70B-Instruct/TG/tensor_cache_instruct_bfp8/kvcache_torch.Size([2048, 1, 64, 128])_dtype_BFLOAT8_B_layout_TILE.tensorbin of shape Shape([2048, 1, 64, 128])
2026-08-29 11:50:16.627 | DEBUG    | core:as_tensor:724 - Loaded cache for /proj_sw/user_dev/ctr-apbernal/tt-metal/model_cache/meta-llama/Llama-3.3-70B-Instruct/TG/tensor_cache_instruct_bfp8/layers.3.feed_forward.w1_shardedprefetcher_dtype_BFLOAT4_B_layout_TILE.tensorbin of shape Shape([1, 1, 2048, 3584])
2026-08-29 11:50:17.144 | DEBUG    | core:as_tensor:724 - Loaded cache for /proj_sw/user_dev/ctr-apbernal/tt-metal/model_cache/meta-llama/Llama-3.3-70B-Instruct/TG/tensor_cache_instruct_bfp8/layers.3.feed_forward.w2_shardedprefetcher_dtype_BFLOAT8_B_layout_TILE.tensorbin of shape Shape([1, 1, 3584, 2048])
2026-08-29 11:50:17.694 | DEBUG    | core:as_tensor:724 - Loaded cache for /proj_sw/user_dev/ctr-apbernal/tt-metal/model_cache/meta-llama/Llama-3.3-70B-Instruct/TG/tensor_cache_instruct_bfp8/layers.3.feed_forward.w3_shardedprefetcher_dtype_BFLOAT4_B_layout_TILE.tensorbin of shape Shape([1, 1, 2048, 3584])
2026-08-29 11:50:18.228 | DEBUG    | core:as_tensor:724 - Loaded cache for /proj_sw/user_dev/ctr-apbernal/tt-metal/model_cache/meta-llama/Llama-3.3-70B-Instruct/TG/tensor_cache_instruct_bfp8/layers.3.feed_forward.w1_interleavedprefetcher_dtype_BFLOAT4_B_layout_TILE.tensorbin of shape Shape([1, 1, 2048, 3584])
2026-08-29 11:50:18.750 | DEBUG    | core:as_tensor:724 - Loaded cache for /proj_sw/user_dev/ctr-apbernal/tt-metal/model_cache/meta-llama/Llama-3.3-70B-Instruct/TG/tensor_cache_instruct_bfp8/layers.3.feed_forward.w2_interleavedprefetcher_dtype_BFLOAT8_B_layout_TILE.tensorbin of shape Shape([1, 1, 3584, 2048])
2026-08-29 11:50:19.263 | DEBUG    | core:as_tensor:724 - Loaded cache for /proj_sw/user_dev/ctr-apbernal/tt-metal/model_cache/meta-llama/Llama-3.3-70B-Instruct/TG/tensor_cache_instruct_bfp8/layers.3.feed_forward.w3_interleavedprefetcher_dtype_BFLOAT4_B_layout_TILE.tensorbin of shape Shape([1, 1, 2048, 3584])
2026-08-29 11:50:19.269 | DEBUG    | core:as_tensor:724 - Loaded cache for /proj_sw/user_dev/ctr-apbernal/tt-metal/model_cache/meta-llama/Llama-3.3-70B-Instruct/TG/tensor_cache_instruct_bfp8/layers.3.attention_norm.weight_dtype_BFLOAT16_layout_ROW_MAJOR.tensorbin of shape Shape([1, 1, 256, 32])
2026-08-29 11:50:19.271 | DEBUG    | core:as_tensor:724 - Loaded cache for /proj_sw/user_dev/ctr-apbernal/tt-metal/model_cache/meta-llama/Llama-3.3-70B-Instruct/TG/tensor_cache_instruct_bfp8/layers.3.attention_norm.weight_distributed_dtype_BFLOAT16_layout_ROW_MAJOR.tensorbin of shape Shape([1, 1, 64, 32])
2026-08-29 11:50:19.273 | DEBUG    | core:as_tensor:724 - Loaded cache for /proj_sw/user_dev/ctr-apbernal/tt-metal/model_cache/meta-llama/Llama-3.3-70B-Instruct/TG/tensor_cache_instruct_bfp8/layers.3.ffn_norm.weight_dtype_BFLOAT16_layout_ROW_MAJOR.tensorbin of shape Shape([1, 1, 256, 32])
2026-08-29 11:50:19.275 | DEBUG    | core:as_tensor:724 - Loaded cache for /proj_sw/user_dev/ctr-apbernal/tt-metal/model_cache/meta-llama/Llama-3.3-70B-Instruct/TG/tensor_cache_instruct_bfp8/layers.3.ffn_norm.weight_distributed_dtype_BFLOAT16_layout_ROW_MAJOR.tensorbin of shape Shape([1, 1, 64, 32])
  5%|▌         | 4/80 [00:20<06:16,  4.95s/it]2026-08-29 11:50:19.685 | DEBUG    | core:as_tensor:724 - Loaded cache for /proj_sw/user_dev/ctr-apbernal/tt-metal/model_cache/meta-llama/Llama-3.3-70B-Instruct/TG/tensor_cache_instruct_bfp8/layers.4.attention.wqkv_sharded_2d_prefetcher_dtype_BFLOAT8_B_layout_TILE.tensorbin of shape Shape([1, 1, 2048, 1280])
2026-08-29 11:50:20.074 | DEBUG    | core:as_tensor:724 - Loaded cache for /proj_sw/user_dev/ctr-apbernal/tt-metal/model_cache/meta-llama/Llama-3.3-70B-Instruct/TG/tensor_cache_instruct_bfp8/layers.4.attention.wqkv_sharded_2d_dram_dtype_BFLOAT8_B_layout_TILE.tensorbin of shape Shape([1, 1, 2048, 1280])
2026-08-29 11:50:20.359 | DEBUG    | core:as_tensor:724 - Loaded cache for /proj_sw/user_dev/ctr-apbernal/tt-metal/model_cache/meta-llama/Llama-3.3-70B-Instruct/TG/tensor_cache_instruct_bfp8/layers.4.attention.wo_width_sharded_2d_prefetcher_dtype_BFLOAT8_B_layout_TILE.tensorbin of shape Shape([1, 1, 1024, 2048])
2026-08-29 11:50:20.622 | DEBUG    | core:as_tensor:724 - Loaded cache for /proj_sw/user_dev/ctr-apbernal/tt-metal/model_cache/meta-llama/Llama-3.3-70B-Instruct/TG/tensor_cache_instruct_bfp8/layers.4.attention.wo_width_sharded_2d_dram_dtype_BFLOAT8_B_layout_TILE.tensorbin of shape Shape([1, 1, 1024, 2048])
2026-08-29 11:50:20.987 | DEBUG    | core:as_tensor:724 - Loaded cache for /proj_sw/user_dev/ctr-apbernal/tt-metal/model_cache/meta-llama/Llama-3.3-70B-Instruct/TG/tensor_cache_instruct_bfp8/layers.4.attention.wo_col_sharded_dram_dtype_BFLOAT8_B_layout_TILE.tensorbin of shape Shape([1, 1, 8192, 2048])
2026-08-29 11:50:21.002 | DEBUG    | core:as_tensor:724 - Loaded cache for /proj_sw/user_dev/ctr-apbernal/tt-metal/model_cache/meta-llama/Llama-3.3-70B-Instruct/TG/tensor_cache_instruct_bfp8/kvcache_torch.Size([2048, 1, 64, 128])_dtype_BFLOAT8_B_layout_TILE.tensorbin of shape Shape([2048, 1, 64, 128])
2026-08-29 11:50:21.010 | DEBUG    | core:as_tensor:724 - Loaded cache for /proj_sw/user_dev/ctr-apbernal/tt-metal/model_cache/meta-llama/Llama-3.3-70B-Instruct/TG/tensor_cache_instruct_bfp8/kvcache_torch.Size([2048, 1, 64, 128])_dtype_BFLOAT8_B_layout_TILE.tensorbin of shape Shape([2048, 1, 64, 128])
2026-08-29 11:50:21.557 | DEBUG    | core:as_tensor:724 - Loaded cache for /proj_sw/user_dev/ctr-apbernal/tt-metal/model_cache/meta-llama/Llama-3.3-70B-Instruct/TG/tensor_cache_instruct_bfp8/layers.4.feed_forward.w1_shardedprefetcher_dtype_BFLOAT4_B_layout_TILE.tensorbin of shape Shape([1, 1, 2048, 3584])
2026-08-29 11:50:22.051 | DEBUG    | core:as_tensor:724 - Loaded cache for /proj_sw/user_dev/ctr-apbernal/tt-metal/model_cache/meta-llama/Llama-3.3-70B-Instruct/TG/tensor_cache_instruct_bfp8/layers.4.feed_forward.w2_shardedprefetcher_dtype_BFLOAT8_B_layout_TILE.tensorbin of shape Shape([1, 1, 3584, 2048])
2026-08-29 11:50:22.360 | DEBUG    | core:as_tensor:724 - Loaded cache for /proj_sw/user_dev/ctr-apbernal/tt-metal/model_cache/meta-llama/Llama-3.3-70B-Instruct/TG/tensor_cache_instruct_bfp8/layers.4.feed_forward.w3_shardedprefetcher_dtype_BFLOAT4_B_layout_TILE.tensorbin of shape Shape([1, 1, 2048, 3584])
2026-08-29 11:50:22.648 | DEBUG    | core:as_tensor:724 - Loaded cache for /proj_sw/user_dev/ctr-apbernal/tt-metal/model_cache/meta-llama/Llama-3.3-70B-Instruct/TG/tensor_cache_instruct_bfp8/layers.4.feed_forward.w1_interleavedprefetcher_dtype_BFLOAT4_B_layout_TILE.tensorbin of shape Shape([1, 1, 2048, 3584])
2026-08-29 11:50:23.150 | DEBUG    | core:as_tensor:724 - Loaded cache for /proj_sw/user_dev/ctr-apbernal/tt-metal/model_cache/meta-llama/Llama-3.3-70B-Instruct/TG/tensor_cache_instruct_bfp8/layers.4.feed_forward.w2_interleavedprefetcher_dtype_BFLOAT8_B_layout_TILE.tensorbin of shape Shape([1, 1, 3584, 2048])
2026-08-29 11:50:23.447 | DEBUG    | core:as_tensor:724 - Loaded cache for /proj_sw/user_dev/ctr-apbernal/tt-metal/model_cache/meta-llama/Llama-3.3-70B-Instruct/TG/tensor_cache_instruct_bfp8/layers.4.feed_forward.w3_interleavedprefetcher_dtype_BFLOAT4_B_layout_TILE.tensorbin of shape Shape([1, 1, 2048, 3584])
2026-08-29 11:50:23.450 | DEBUG    | core:as_tensor:724 - Loaded cache for /proj_sw/user_dev/ctr-apbernal/tt-metal/model_cache/meta-llama/Llama-3.3-70B-Instruct/TG/tensor_cache_instruct_bfp8/layers.4.attention_norm.weight_dtype_BFLOAT16_layout_ROW_MAJOR.tensorbin of shape Shape([1, 1, 256, 32])
2026-08-29 11:50:23.452 | DEBUG    | core:as_tensor:724 - Loaded cache for /proj_sw/user_dev/ctr-apbernal/tt-metal/model_cache/meta-llama/Llama-3.3-70B-Instruct/TG/tensor_cache_instruct_bfp8/layers.4.attention_norm.weight_distributed_dtype_BFLOAT16_layout_ROW_MAJOR.tensorbin of shape Shape([1, 1, 64, 32])
2026-08-29 11:50:23.453 | DEBUG    | core:as_tensor:724 - Loaded cache for /proj_sw/user_dev/ctr-apbernal/tt-metal/model_cache/meta-llama/Llama-3.3-70B-Instruct/TG/tensor_cache_instruct_bfp8/layers.4.ffn_norm.weight_dtype_BFLOAT16_layout_ROW_MAJOR.tensorbin of shape Shape([1, 1, 256, 32])
2026-08-29 11:50:23.455 | DEBUG    | core:as_tensor:724 - Loaded cache for /proj_sw/user_dev/ctr-apbernal/tt-metal/model_cache/meta-llama/Llama-3.3-70B-Instruct/TG/tensor_cache_instruct_bfp8/layers.4.ffn_norm.weight_distributed_dtype_BFLOAT16_layout_ROW_MAJOR.tensorbin of shape Shape([1, 1, 64, 32])
  6%|▋         | 5/80 [00:24<05:50,  4.67s/it]2026-08-29 11:50:23.757 | DEBUG    | core:as_tensor:724 - Loaded cache for /proj_sw/user_dev/ctr-apbernal/tt-metal/model_cache/meta-llama/Llama-3.3-70B-Instruct/TG/tensor_cache_instruct_bfp8/layers.5.attention.wqkv_sharded_2d_prefetcher_dtype_BFLOAT8_B_layout_TILE.tensorbin of shape Shape([1, 1, 2048, 1280])
2026-08-29 11:50:24.128 | DEBUG    | core:as_tensor:724 - Loaded cache for /proj_sw/user_dev/ctr-apbernal/tt-metal/model_cache/meta-llama/Llama-3.3-70B-Instruct/TG/tensor_cache_instruct_bfp8/layers.5.attention.wqkv_sharded_2d_dram_dtype_BFLOAT8_B_layout_TILE.tensorbin of shape Shape([1, 1, 2048, 1280])
2026-08-29 11:50:24.452 | DEBUG    | core:as_tensor:724 - Loaded cache for /proj_sw/user_dev/ctr-apbernal/tt-metal/model_cache/meta-llama/Llama-3.3-70B-Instruct/TG/tensor_cache_instruct_bfp8/layers.5.attention.wo_width_sharded_2d_prefetcher_dtype_BFLOAT8_B_layout_TILE.tensorbin of shape Shape([1, 1, 1024, 2048])
2026-08-29 11:50:24.781 | DEBUG    | core:as_tensor:724 - Loaded cache for /proj_sw/user_dev/ctr-apbernal/tt-metal/model_cache/meta-llama/Llama-3.3-70B-Instruct/TG/tensor_cache_instruct_bfp8/layers.5.attention.wo_width_sharded_2d_dram_dtype_BFLOAT8_B_layout_TILE.tensorbin of shape Shape([1, 1, 1024, 2048])
2026-08-29 11:50:25.355 | DEBUG    | core:as_tensor:724 - Loaded cache for /proj_sw/user_dev/ctr-apbernal/tt-metal/model_cache/meta-llama/Llama-3.3-70B-Instruct/TG/tensor_cache_instruct_bfp8/layers.5.attention.wo_col_sharded_dram_dtype_BFLOAT8_B_layout_TILE.tensorbin of shape Shape([1, 1, 8192, 2048])
2026-08-29 11:50:25.369 | DEBUG    | core:as_tensor:724 - Loaded cache for /proj_sw/user_dev/ctr-apbernal/tt-metal/model_cache/meta-llama/Llama-3.3-70B-Instruct/TG/tensor_cache_instruct_bfp8/kvcache_torch.Size([2048, 1, 64, 128])_dtype_BFLOAT8_B_layout_TILE.tensorbin of shape Shape([2048, 1, 64, 128])
2026-08-29 11:50:25.377 | DEBUG    | core:as_tensor:724 - Loaded cache for /proj_sw/user_dev/ctr-apbernal/tt-metal/model_cache/meta-llama/Llama-3.3-70B-Instruct/TG/tensor_cache_instruct_bfp8/kvcache_torch.Size([2048, 1, 64, 128])_dtype_BFLOAT8_B_layout_TILE.tensorbin of shape Shape([2048, 1, 64, 128])
2026-08-29 11:50:25.912 | DEBUG    | core:as_tensor:724 - Loaded cache for /proj_sw/user_dev/ctr-apbernal/tt-metal/model_cache/meta-llama/Llama-3.3-70B-Instruct/TG/tensor_cache_instruct_bfp8/layers.5.feed_forward.w1_shardedprefetcher_dtype_BFLOAT4_B_layout_TILE.tensorbin of shape Shape([1, 1, 2048, 3584])
2026-08-29 11:50:26.409 | DEBUG    | core:as_tensor:724 - Loaded cache for /proj_sw/user_dev/ctr-apbernal/tt-metal/model_cache/meta-llama/Llama-3.3-70B-Instruct/TG/tensor_cache_instruct_bfp8/layers.5.feed_forward.w2_shardedprefetcher_dtype_BFLOAT8_B_layout_TILE.tensorbin of shape Shape([1, 1, 3584, 2048])
2026-08-29 11:50:26.708 | DEBUG    | core:as_tensor:724 - Loaded cache for /proj_sw/user_dev/ctr-apbernal/tt-metal/model_cache/meta-llama/Llama-3.3-70B-Instruct/TG/tensor_cache_instruct_bfp8/layers.5.feed_forward.w3_shardedprefetcher_dtype_BFLOAT4_B_layout_TILE.tensorbin of shape Shape([1, 1, 2048, 3584])
2026-08-29 11:50:27.008 | DEBUG    | core:as_tensor:724 - Loaded cache for /proj_sw/user_dev/ctr-apbernal/tt-metal/model_cache/meta-llama/Llama-3.3-70B-Instruct/TG/tensor_cache_instruct_bfp8/layers.5.feed_forward.w1_interleavedprefetcher_dtype_BFLOAT4_B_layout_TILE.tensorbin of shape Shape([1, 1, 2048, 3584])
2026-08-29 11:50:27.515 | DEBUG    | core:as_tensor:724 - Loaded cache for /proj_sw/user_dev/ctr-apbernal/tt-metal/model_cache/meta-llama/Llama-3.3-70B-Instruct/TG/tensor_cache_instruct_bfp8/layers.5.feed_forward.w2_interleavedprefetcher_dtype_BFLOAT8_B_layout_TILE.tensorbin of shape Shape([1, 1, 3584, 2048])
2026-08-29 11:50:28.036 | DEBUG    | core:as_tensor:724 - Loaded cache for /proj_sw/user_dev/ctr-apbernal/tt-metal/model_cache/meta-llama/Llama-3.3-70B-Instruct/TG/tensor_cache_instruct_bfp8/layers.5.feed_forward.w3_interleavedprefetcher_dtype_BFLOAT4_B_layout_TILE.tensorbin of shape Shape([1, 1, 2048, 3584])
2026-08-29 11:50:28.042 | DEBUG    | core:as_tensor:724 - Loaded cache for /proj_sw/user_dev/ctr-apbernal/tt-metal/model_cache/meta-llama/Llama-3.3-70B-Instruct/TG/tensor_cache_instruct_bfp8/layers.5.attention_norm.weight_dtype_BFLOAT16_layout_ROW_MAJOR.tensorbin of shape Shape([1, 1, 256, 32])
2026-08-29 11:50:28.044 | DEBUG    | core:as_tensor:724 - Loaded cache for /proj_sw/user_dev/ctr-apbernal/tt-metal/model_cache/meta-llama/Llama-3.3-70B-Instruct/TG/tensor_cache_instruct_bfp8/layers.5.attention_norm.weight_distributed_dtype_BFLOAT16_layout_ROW_MAJOR.tensorbin of shape Shape([1, 1, 64, 32])
2026-08-29 11:50:28.046 | DEBUG    | core:as_tensor:724 - Loaded cache for /proj_sw/user_dev/ctr-apbernal/tt-metal/model_cache/meta-llama/Llama-3.3-70B-Instruct/TG/tensor_cache_instruct_bfp8/layers.5.ffn_norm.weight_dtype_BFLOAT16_layout_ROW_MAJOR.tensorbin of shape Shape([1, 1, 256, 32])
2026-08-29 11:50:28.048 | DEBUG    | core:as_tensor:724 - Loaded cache for /proj_sw/user_dev/ctr-apbernal/tt-metal/model_cache/meta-llama/Llama-3.3-70B-Instruct/TG/tensor_cache_instruct_bfp8/layers.5.ffn_norm.weight_distributed_dtype_BFLOAT16_layout_ROW_MAJOR.tensorbin of shape Shape([1, 1, 64, 32])
  8%|▊         | 6/80 [00:29<05:43,  4.64s/it]2026-08-29 11:50:28.435 | DEBUG    | core:as_tensor:724 - Loaded cache for /proj_sw/user_dev/ctr-apbernal/tt-metal/model_cache/meta-llama/Llama-3.3-70B-Instruct/TG/tensor_cache_instruct_bfp8/layers.6.attention.wqkv_sharded_2d_prefetcher_dtype_BFLOAT8_B_layout_TILE.tensorbin of shape Shape([1, 1, 2048, 1280])
2026-08-29 11:50:28.700 | DEBUG    | core:as_tensor:724 - Loaded cache for /proj_sw/user_dev/ctr-apbernal/tt-metal/model_cache/meta-llama/Llama-3.3-70B-Instruct/TG/tensor_cache_instruct_bfp8/layers.6.attention.wqkv_sharded_2d_dram_dtype_BFLOAT8_B_layout_TILE.tensorbin of shape Shape([1, 1, 2048, 1280])
2026-08-29 11:50:29.021 | DEBUG    | core:as_tensor:724 - Loaded cache for /proj_sw/user_dev/ctr-apbernal/tt-metal/model_cache/meta-llama/Llama-3.3-70B-Instruct/TG/tensor_cache_instruct_bfp8/layers.6.attention.wo_width_sharded_2d_prefetcher_dtype_BFLOAT8_B_layout_TILE.tensorbin of shape Shape([1, 1, 1024, 2048])
2026-08-29 11:50:29.295 | DEBUG    | core:as_tensor:724 - Loaded cache for /proj_sw/user_dev/ctr-apbernal/tt-metal/model_cache/meta-llama/Llama-3.3-70B-Instruct/TG/tensor_cache_instruct_bfp8/layers.6.attention.wo_width_sharded_2d_dram_dtype_BFLOAT8_B_layout_TILE.tensorbin of shape Shape([1, 1, 1024, 2048])
2026-08-29 11:50:29.792 | DEBUG    | core:as_tensor:724 - Loaded cache for /proj_sw/user_dev/ctr-apbernal/tt-metal/model_cache/meta-llama/Llama-3.3-70B-Instruct/TG/tensor_cache_instruct_bfp8/layers.6.attention.wo_col_sharded_dram_dtype_BFLOAT8_B_layout_TILE.tensorbin of shape Shape([1, 1, 8192, 2048])
2026-08-29 11:50:29.807 | DEBUG    | core:as_tensor:724 - Loaded cache for /proj_sw/user_dev/ctr-apbernal/tt-metal/model_cache/meta-llama/Llama-3.3-70B-Instruct/TG/tensor_cache_instruct_bfp8/kvcache_torch.Size([2048, 1, 64, 128])_dtype_BFLOAT8_B_layout_TILE.tensorbin of shape Shape([2048, 1, 64, 128])
2026-08-29 11:50:29.815 | DEBUG    | core:as_tensor:724 - Loaded cache for /proj_sw/user_dev/ctr-apbernal/tt-metal/model_cache/meta-llama/Llama-3.3-70B-Instruct/TG/tensor_cache_instruct_bfp8/kvcache_torch.Size([2048, 1, 64, 128])_dtype_BFLOAT8_B_layout_TILE.tensorbin of shape Shape([2048, 1, 64, 128])
2026-08-29 11:50:30.136 | DEBUG    | core:as_tensor:724 - Loaded cache for /proj_sw/user_dev/ctr-apbernal/tt-metal/model_cache/meta-llama/Llama-3.3-70B-Instruct/TG/tensor_cache_instruct_bfp8/layers.6.feed_forward.w1_shardedprefetcher_dtype_BFLOAT4_B_layout_TILE.tensorbin of shape Shape([1, 1, 2048, 3584])
2026-08-29 11:50:30.678 | DEBUG    | core:as_tensor:724 - Loaded cache for /proj_sw/user_dev/ctr-apbernal/tt-metal/model_cache/meta-llama/Llama-3.3-70B-Instruct/TG/tensor_cache_instruct_bfp8/layers.6.feed_forward.w2_shardedprefetcher_dtype_BFLOAT8_B_layout_TILE.tensorbin of shape Shape([1, 1, 3584, 2048])
2026-08-29 11:50:30.975 | DEBUG    | core:as_tensor:724 - Loaded cache for /proj_sw/user_dev/ctr-apbernal/tt-metal/model_cache/meta-llama/Llama-3.3-70B-Instruct/TG/tensor_cache_instruct_bfp8/layers.6.feed_forward.w3_shardedprefetcher_dtype_BFLOAT4_B_layout_TILE.tensorbin of shape Shape([1, 1, 2048, 3584])
2026-08-29 11:50:31.267 | DEBUG    | core:as_tensor:724 - Loaded cache for /proj_sw/user_dev/ctr-apbernal/tt-metal/model_cache/meta-llama/Llama-3.3-70B-Instruct/TG/tensor_cache_instruct_bfp8/layers.6.feed_forward.w1_interleavedprefetcher_dtype_BFLOAT4_B_layout_TILE.tensorbin of shape Shape([1, 1, 2048, 3584])
2026-08-29 11:50:31.759 | DEBUG    | core:as_tensor:724 - Loaded cache for /proj_sw/user_dev/ctr-apbernal/tt-metal/model_cache/meta-llama/Llama-3.3-70B-Instruct/TG/tensor_cache_instruct_bfp8/layers.6.feed_forward.w2_interleavedprefetcher_dtype_BFLOAT8_B_layout_TILE.tensorbin of shape Shape([1, 1, 3584, 2048])
2026-08-29 11:50:32.317 | DEBUG    | core:as_tensor:724 - Loaded cache for /proj_sw/user_dev/ctr-apbernal/tt-metal/model_cache/meta-llama/Llama-3.3-70B-Instruct/TG/tensor_cache_instruct_bfp8/layers.6.feed_forward.w3_interleavedprefetcher_dtype_BFLOAT4_B_layout_TILE.tensorbin of shape Shape([1, 1, 2048, 3584])
2026-08-29 11:50:32.321 | DEBUG    | core:as_tensor:724 - Loaded cache for /proj_sw/user_dev/ctr-apbernal/tt-metal/model_cache/meta-llama/Llama-3.3-70B-Instruct/TG/tensor_cache_instruct_bfp8/layers.6.attention_norm.weight_dtype_BFLOAT16_layout_ROW_MAJOR.tensorbin of shape Shape([1, 1, 256, 32])
2026-08-29 11:50:32.323 | DEBUG    | core:as_tensor:724 - Loaded cache for /proj_sw/user_dev/ctr-apbernal/tt-metal/model_cache/meta-llama/Llama-3.3-70B-Instruct/TG/tensor_cache_instruct_bfp8/layers.6.attention_norm.weight_distributed_dtype_BFLOAT16_layout_ROW_MAJOR.tensorbin of shape Shape([1, 1, 64, 32])
2026-08-29 11:50:32.325 | DEBUG    | core:as_tensor:724 - Loaded cache for /proj_sw/user_dev/ctr-apbernal/tt-metal/model_cache/meta-llama/Llama-3.3-70B-Instruct/TG/tensor_cache_instruct_bfp8/layers.6.ffn_norm.weight_dtype_BFLOAT16_layout_ROW_MAJOR.tensorbin of shape Shape([1, 1, 256, 32])
2026-08-29 11:50:32.328 | DEBUG    | core:as_tensor:724 - Loaded cache for /proj_sw/user_dev/ctr-apbernal/tt-metal/model_cache/meta-llama/Llama-3.3-70B-Instruct/TG/tensor_cache_instruct_bfp8/layers.6.ffn_norm.weight_distributed_dtype_BFLOAT16_layout_ROW_MAJOR.tensorbin of shape Shape([1, 1, 64, 32])
  9%|▉         | 7/80 [00:33<05:30,  4.53s/it]2026-08-29 11:50:32.616 | DEBUG    | core:as_tensor:724 - Loaded cache for /proj_sw/user_dev/ctr-apbernal/tt-metal/model_cache/meta-llama/Llama-3.3-70B-Instruct/TG/tensor_cache_instruct_bfp8/layers.7.attention.wqkv_sharded_2d_prefetcher_dtype_BFLOAT8_B_layout_TILE.tensorbin of shape Shape([1, 1, 2048, 1280])
2026-08-29 11:50:32.892 | DEBUG    | core:as_tensor:724 - Loaded cache for /proj_sw/user_dev/ctr-apbernal/tt-metal/model_cache/meta-llama/Llama-3.3-70B-Instruct/TG/tensor_cache_instruct_bfp8/layers.7.attention.wqkv_sharded_2d_dram_dtype_BFLOAT8_B_layout_TILE.tensorbin of shape Shape([1, 1, 2048, 1280])
2026-08-29 11:50:33.232 | DEBUG    | core:as_tensor:724 - Loaded cache for /proj_sw/user_dev/ctr-apbernal/tt-metal/model_cache/meta-llama/Llama-3.3-70B-Instruct/TG/tensor_cache_instruct_bfp8/layers.7.attention.wo_width_sharded_2d_prefetcher_dtype_BFLOAT8_B_layout_TILE.tensorbin of shape Shape([1, 1, 1024, 2048])
2026-08-29 11:50:33.539 | DEBUG    | core:as_tensor:724 - Loaded cache for /proj_sw/user_dev/ctr-apbernal/tt-metal/model_cache/meta-llama/Llama-3.3-70B-Instruct/TG/tensor_cache_instruct_bfp8/layers.7.attention.wo_width_sharded_2d_dram_dtype_BFLOAT8_B_layout_TILE.tensorbin of shape Shape([1, 1, 1024, 2048])
2026-08-29 11:50:33.800 | DEBUG    | core:as_tensor:724 - Loaded cache for /proj_sw/user_dev/ctr-apbernal/tt-metal/model_cache/meta-llama/Llama-3.3-70B-Instruct/TG/tensor_cache_instruct_bfp8/layers.7.attention.wo_col_sharded_dram_dtype_BFLOAT8_B_layout_TILE.tensorbin of shape Shape([1, 1, 8192, 2048])
2026-08-29 11:50:33.815 | DEBUG    | core:as_tensor:724 - Loaded cache for /proj_sw/user_dev/ctr-apbernal/tt-metal/model_cache/meta-llama/Llama-3.3-70B-Instruct/TG/tensor_cache_instruct_bfp8/kvcache_torch.Size([2048, 1, 64, 128])_dtype_BFLOAT8_B_layout_TILE.tensorbin of shape Shape([2048, 1, 64, 128])
2026-08-29 11:50:33.824 | DEBUG    | core:as_tensor:724 - Loaded cache for /proj_sw/user_dev/ctr-apbernal/tt-metal/model_cache/meta-llama/Llama-3.3-70B-Instruct/TG/tensor_cache_instruct_bfp8/kvcache_torch.Size([2048, 1, 64, 128])_dtype_BFLOAT8_B_layout_TILE.tensorbin of shape Shape([2048, 1, 64, 128])
2026-08-29 11:50:34.403 | DEBUG    | core:as_tensor:724 - Loaded cache for /proj_sw/user_dev/ctr-apbernal/tt-metal/model_cache/meta-llama/Llama-3.3-70B-Instruct/TG/tensor_cache_instruct_bfp8/layers.7.feed_forward.w1_shardedprefetcher_dtype_BFLOAT4_B_layout_TILE.tensorbin of shape Shape([1, 1, 2048, 3584])
2026-08-29 11:50:34.904 | DEBUG    | core:as_tensor:724 - Loaded cache for /proj_sw/user_dev/ctr-apbernal/tt-metal/model_cache/meta-llama/Llama-3.3-70B-Instruct/TG/tensor_cache_instruct_bfp8/layers.7.feed_forward.w2_shardedprefetcher_dtype_BFLOAT8_B_layout_TILE.tensorbin of shape Shape([1, 1, 3584, 2048])
2026-08-29 11:50:35.418 | DEBUG    | core:as_tensor:724 - Loaded cache for /proj_sw/user_dev/ctr-apbernal/tt-metal/model_cache/meta-llama/Llama-3.3-70B-Instruct/TG/tensor_cache_instruct_bfp8/layers.7.feed_forward.w3_shardedprefetcher_dtype_BFLOAT4_B_layout_TILE.tensorbin of shape Shape([1, 1, 2048, 3584])
2026-08-29 11:50:35.740 | DEBUG    | core:as_tensor:724 - Loaded cache for /proj_sw/user_dev/ctr-apbernal/tt-metal/model_cache/meta-llama/Llama-3.3-70B-Instruct/TG/tensor_cache_instruct_bfp8/layers.7.feed_forward.w1_interleavedprefetcher_dtype_BFLOAT4_B_layout_TILE.tensorbin of shape Shape([1, 1, 2048, 3584])
2026-08-29 11:50:36.233 | DEBUG    | core:as_tensor:724 - Loaded cache for /proj_sw/user_dev/ctr-apbernal/tt-metal/model_cache/meta-llama/Llama-3.3-70B-Instruct/TG/tensor_cache_instruct_bfp8/layers.7.feed_forward.w2_interleavedprefetcher_dtype_BFLOAT8_B_layout_TILE.tensorbin of shape Shape([1, 1, 3584, 2048])
2026-08-29 11:50:36.519 | DEBUG    | core:as_tensor:724 - Loaded cache for /proj_sw/user_dev/ctr-apbernal/tt-metal/model_cache/meta-llama/Llama-3.3-70B-Instruct/TG/tensor_cache_instruct_bfp8/layers.7.feed_forward.w3_interleavedprefetcher_dtype_BFLOAT4_B_layout_TILE.tensorbin of shape Shape([1, 1, 2048, 3584])
2026-08-29 11:50:36.525 | DEBUG    | core:as_tensor:724 - Loaded cache for /proj_sw/user_dev/ctr-apbernal/tt-metal/model_cache/meta-llama/Llama-3.3-70B-Instruct/TG/tensor_cache_instruct_bfp8/layers.7.attention_norm.weight_dtype_BFLOAT16_layout_ROW_MAJOR.tensorbin of shape Shape([1, 1, 256, 32])
2026-08-29 11:50:36.527 | DEBUG    | core:as_tensor:724 - Loaded cache for /proj_sw/user_dev/ctr-apbernal/tt-metal/model_cache/meta-llama/Llama-3.3-70B-Instruct/TG/tensor_cache_instruct_bfp8/layers.7.attention_norm.weight_distributed_dtype_BFLOAT16_layout_ROW_MAJOR.tensorbin of shape Shape([1, 1, 64, 32])
2026-08-29 11:50:36.529 | DEBUG    | core:as_tensor:724 - Loaded cache for /proj_sw/user_dev/ctr-apbernal/tt-metal/model_cache/meta-llama/Llama-3.3-70B-Instruct/TG/tensor_cache_instruct_bfp8/layers.7.ffn_norm.weight_dtype_BFLOAT16_layout_ROW_MAJOR.tensorbin of shape Shape([1, 1, 256, 32])
2026-08-29 11:50:36.531 | DEBUG    | core:as_tensor:724 - Loaded cache for /proj_sw/user_dev/ctr-apbernal/tt-metal/model_cache/meta-llama/Llama-3.3-70B-Instruct/TG/tensor_cache_instruct_bfp8/layers.7.ffn_norm.weight_distributed_dtype_BFLOAT16_layout_ROW_MAJOR.tensorbin of shape Shape([1, 1, 64, 32])
 10%|█         | 8/80 [00:37<05:18,  4.42s/it]2026-08-29 11:50:36.911 | DEBUG    | core:as_tensor:724 - Loaded cache for /proj_sw/user_dev/ctr-apbernal/tt-metal/model_cache/meta-llama/Llama-3.3-70B-Instruct/TG/tensor_cache_instruct_bfp8/layers.8.attention.wqkv_sharded_2d_prefetcher_dtype_BFLOAT8_B_layout_TILE.tensorbin of shape Shape([1, 1, 2048, 1280])
2026-08-29 11:50:37.294 | DEBUG    | core:as_tensor:724 - Loaded cache for /proj_sw/user_dev/ctr-apbernal/tt-metal/model_cache/meta-llama/Llama-3.3-70B-Instruct/TG/tensor_cache_instruct_bfp8/layers.8.attention.wqkv_sharded_2d_dram_dtype_BFLOAT8_B_layout_TILE.tensorbin of shape Shape([1, 1, 2048, 1280])
2026-08-29 11:50:37.635 | DEBUG    | core:as_tensor:724 - Loaded cache for /proj_sw/user_dev/ctr-apbernal/tt-metal/model_cache/meta-llama/Llama-3.3-70B-Instruct/TG/tensor_cache_instruct_bfp8/layers.8.attention.wo_width_sharded_2d_prefetcher_dtype_BFLOAT8_B_layout_TILE.tensorbin of shape Shape([1, 1, 1024, 2048])
2026-08-29 11:50:37.911 | DEBUG    | core:as_tensor:724 - Loaded cache for /proj_sw/user_dev/ctr-apbernal/tt-metal/model_cache/meta-llama/Llama-3.3-70B-Instruct/TG/tensor_cache_instruct_bfp8/layers.8.attention.wo_width_sharded_2d_dram_dtype_BFLOAT8_B_layout_TILE.tensorbin of shape Shape([1, 1, 1024, 2048])
2026-08-29 11:50:38.322 | DEBUG    | core:as_tensor:724 - Loaded cache for /proj_sw/user_dev/ctr-apbernal/tt-metal/model_cache/meta-llama/Llama-3.3-70B-Instruct/TG/tensor_cache_instruct_bfp8/layers.8.attention.wo_col_sharded_dram_dtype_BFLOAT8_B_layout_TILE.tensorbin of shape Shape([1, 1, 8192, 2048])
2026-08-29 11:50:38.336 | DEBUG    | core:as_tensor:724 - Loaded cache for /proj_sw/user_dev/ctr-apbernal/tt-metal/model_cache/meta-llama/Llama-3.3-70B-Instruct/TG/tensor_cache_instruct_bfp8/kvcache_torch.Size([2048, 1, 64, 128])_dtype_BFLOAT8_B_layout_TILE.tensorbin of shape Shape([2048, 1, 64, 128])
2026-08-29 11:50:38.343 | DEBUG    | core:as_tensor:724 - Loaded cache for /proj_sw/user_dev/ctr-apbernal/tt-metal/model_cache/meta-llama/Llama-3.3-70B-Instruct/TG/tensor_cache_instruct_bfp8/kvcache_torch.Size([2048, 1, 64, 128])_dtype_BFLOAT8_B_layout_TILE.tensorbin of shape Shape([2048, 1, 64, 128])
2026-08-29 11:50:38.669 | DEBUG    | core:as_tensor:724 - Loaded cache for /proj_sw/user_dev/ctr-apbernal/tt-metal/model_cache/meta-llama/Llama-3.3-70B-Instruct/TG/tensor_cache_instruct_bfp8/layers.8.feed_forward.w1_shardedprefetcher_dtype_BFLOAT4_B_layout_TILE.tensorbin of shape Shape([1, 1, 2048, 3584])
2026-08-29 11:50:39.178 | DEBUG    | core:as_tensor:724 - Loaded cache for /proj_sw/user_dev/ctr-apbernal/tt-metal/model_cache/meta-llama/Llama-3.3-70B-Instruct/TG/tensor_cache_instruct_bfp8/layers.8.feed_forward.w2_shardedprefetcher_dtype_BFLOAT8_B_layout_TILE.tensorbin of shape Shape([1, 1, 3584, 2048])
2026-08-29 11:50:39.706 | DEBUG    | core:as_tensor:724 - Loaded cache for /proj_sw/user_dev/ctr-apbernal/tt-metal/model_cache/meta-llama/Llama-3.3-70B-Instruct/TG/tensor_cache_instruct_bfp8/layers.8.feed_forward.w3_shardedprefetcher_dtype_BFLOAT4_B_layout_TILE.tensorbin of shape Shape([1, 1, 2048, 3584])
2026-08-29 11:50:40.068 | DEBUG    | core:as_tensor:724 - Loaded cache for /proj_sw/user_dev/ctr-apbernal/tt-metal/model_cache/meta-llama/Llama-3.3-70B-Instruct/TG/tensor_cache_instruct_bfp8/layers.8.feed_forward.w1_interleavedprefetcher_dtype_BFLOAT4_B_layout_TILE.tensorbin of shape Shape([1, 1, 2048, 3584])
2026-08-29 11:50:40.570 | DEBUG    | core:as_tensor:724 - Loaded cache for /proj_sw/user_dev/ctr-apbernal/tt-metal/model_cache/meta-llama/Llama-3.3-70B-Instruct/TG/tensor_cache_instruct_bfp8/layers.8.feed_forward.w2_interleavedprefetcher_dtype_BFLOAT8_B_layout_TILE.tensorbin of shape Shape([1, 1, 3584, 2048])
2026-08-29 11:50:40.884 | DEBUG    | core:as_tensor:724 - Loaded cache for /proj_sw/user_dev/ctr-apbernal/tt-metal/model_cache/meta-llama/Llama-3.3-70B-Instruct/TG/tensor_cache_instruct_bfp8/layers.8.feed_forward.w3_interleavedprefetcher_dtype_BFLOAT4_B_layout_TILE.tensorbin of shape Shape([1, 1, 2048, 3584])
2026-08-29 11:50:40.890 | DEBUG    | core:as_tensor:724 - Loaded cache for /proj_sw/user_dev/ctr-apbernal/tt-metal/model_cache/meta-llama/Llama-3.3-70B-Instruct/TG/tensor_cache_instruct_bfp8/layers.8.attention_norm.weight_dtype_BFLOAT16_layout_ROW_MAJOR.tensorbin of shape Shape([1, 1, 256, 32])
2026-08-29 11:50:40.892 | DEBUG    | core:as_tensor:724 - Loaded cache for /proj_sw/user_dev/ctr-apbernal/tt-metal/model_cache/meta-llama/Llama-3.3-70B-Instruct/TG/tensor_cache_instruct_bfp8/layers.8.attention_norm.weight_distributed_dtype_BFLOAT16_layout_ROW_MAJOR.tensorbin of shape Shape([1, 1, 64, 32])
2026-08-29 11:50:40.894 | DEBUG    | core:as_tensor:724 - Loaded cache for /proj_sw/user_dev/ctr-apbernal/tt-metal/model_cache/meta-llama/Llama-3.3-70B-Instruct/TG/tensor_cache_instruct_bfp8/layers.8.ffn_norm.weight_dtype_BFLOAT16_layout_ROW_MAJOR.tensorbin of shape Shape([1, 1, 256, 32])
2026-08-29 11:50:40.897 | DEBUG    | core:as_tensor:724 - Loaded cache for /proj_sw/user_dev/ctr-apbernal/tt-metal/model_cache/meta-llama/Llama-3.3-70B-Instruct/TG/tensor_cache_instruct_bfp8/layers.8.ffn_norm.weight_distributed_dtype_BFLOAT16_layout_ROW_MAJOR.tensorbin of shape Shape([1, 1, 64, 32])
 11%|█▏        | 9/80 [00:42<05:12,  4.41s/it]2026-08-29 11:50:41.281 | DEBUG    | core:as_tensor:724 - Loaded cache for /proj_sw/user_dev/ctr-apbernal/tt-metal/model_cache/meta-llama/Llama-3.3-70B-Instruct/TG/tensor_cache_instruct_bfp8/layers.9.attention.wqkv_sharded_2d_prefetcher_dtype_BFLOAT8_B_layout_TILE.tensorbin of shape Shape([1, 1, 2048, 1280])
2026-08-29 11:50:41.658 | DEBUG    | core:as_tensor:724 - Loaded cache for /proj_sw/user_dev/ctr-apbernal/tt-metal/model_cache/meta-llama/Llama-3.3-70B-Instruct/TG/tensor_cache_instruct_bfp8/layers.9.attention.wqkv_sharded_2d_dram_dtype_BFLOAT8_B_layout_TILE.tensorbin of shape Shape([1, 1, 2048, 1280])
2026-08-29 11:50:41.925 | DEBUG    | core:as_tensor:724 - Loaded cache for /proj_sw/user_dev/ctr-apbernal/tt-metal/model_cache/meta-llama/Llama-3.3-70B-Instruct/TG/tensor_cache_instruct_bfp8/layers.9.attention.wo_width_sharded_2d_prefetcher_dtype_BFLOAT8_B_layout_TILE.tensorbin of shape Shape([1, 1, 1024, 2048])
2026-08-29 11:50:42.193 | DEBUG    | core:as_tensor:724 - Loaded cache for /proj_sw/user_dev/ctr-apbernal/tt-metal/model_cache/meta-llama/Llama-3.3-70B-Instruct/TG/tensor_cache_instruct_bfp8/layers.9.attention.wo_width_sharded_2d_dram_dtype_BFLOAT8_B_layout_TILE.tensorbin of shape Shape([1, 1, 1024, 2048])
2026-08-29 11:50:42.652 | DEBUG    | core:as_tensor:724 - Loaded cache for /proj_sw/user_dev/ctr-apbernal/tt-metal/model_cache/meta-llama/Llama-3.3-70B-Instruct/TG/tensor_cache_instruct_bfp8/layers.9.attention.wo_col_sharded_dram_dtype_BFLOAT8_B_layout_TILE.tensorbin of shape Shape([1, 1, 8192, 2048])
2026-08-29 11:50:42.666 | DEBUG    | core:as_tensor:724 - Loaded cache for /proj_sw/user_dev/ctr-apbernal/tt-metal/model_cache/meta-llama/Llama-3.3-70B-Instruct/TG/tensor_cache_instruct_bfp8/kvcache_torch.Size([2048, 1, 64, 128])_dtype_BFLOAT8_B_layout_TILE.tensorbin of shape Shape([2048, 1, 64, 128])
2026-08-29 11:50:42.675 | DEBUG    | core:as_tensor:724 - Loaded cache for /proj_sw/user_dev/ctr-apbernal/tt-metal/model_cache/meta-llama/Llama-3.3-70B-Instruct/TG/tensor_cache_instruct_bfp8/kvcache_torch.Size([2048, 1, 64, 128])_dtype_BFLOAT8_B_layout_TILE.tensorbin of shape Shape([2048, 1, 64, 128])
2026-08-29 11:50:43.058 | DEBUG    | core:as_tensor:724 - Loaded cache for /proj_sw/user_dev/ctr-apbernal/tt-metal/model_cache/meta-llama/Llama-3.3-70B-Instruct/TG/tensor_cache_instruct_bfp8/layers.9.feed_forward.w1_shardedprefetcher_dtype_BFLOAT4_B_layout_TILE.tensorbin of shape Shape([1, 1, 2048, 3584])
2026-08-29 11:50:43.563 | DEBUG    | core:as_tensor:724 - Loaded cache for /proj_sw/user_dev/ctr-apbernal/tt-metal/model_cache/meta-llama/Llama-3.3-70B-Instruct/TG/tensor_cache_instruct_bfp8/layers.9.feed_forward.w2_shardedprefetcher_dtype_BFLOAT8_B_layout_TILE.tensorbin of shape Shape([1, 1, 3584, 2048])
2026-08-29 11:50:43.876 | DEBUG    | core:as_tensor:724 - Loaded cache for /proj_sw/user_dev/ctr-apbernal/tt-metal/model_cache/meta-llama/Llama-3.3-70B-Instruct/TG/tensor_cache_instruct_bfp8/layers.9.feed_forward.w3_shardedprefetcher_dtype_BFLOAT4_B_layout_TILE.tensorbin of shape Shape([1, 1, 2048, 3584])
2026-08-29 11:50:44.392 | DEBUG    | core:as_tensor:724 - Loaded cache for /proj_sw/user_dev/ctr-apbernal/tt-metal/model_cache/meta-llama/Llama-3.3-70B-Instruct/TG/tensor_cache_instruct_bfp8/layers.9.feed_forward.w1_interleavedprefetcher_dtype_BFLOAT4_B_layout_TILE.tensorbin of shape Shape([1, 1, 2048, 3584])
2026-08-29 11:50:44.902 | DEBUG    | core:as_tensor:724 - Loaded cache for /proj_sw/user_dev/ctr-apbernal/tt-metal/model_cache/meta-llama/Llama-3.3-70B-Instruct/TG/tensor_cache_instruct_bfp8/layers.9.feed_forward.w2_interleavedprefetcher_dtype_BFLOAT8_B_layout_TILE.tensorbin of shape Shape([1, 1, 3584, 2048])
2026-08-29 11:50:45.181 | DEBUG    | core:as_tensor:724 - Loaded cache for /proj_sw/user_dev/ctr-apbernal/tt-metal/model_cache/meta-llama/Llama-3.3-70B-Instruct/TG/tensor_cache_instruct_bfp8/layers.9.feed_forward.w3_interleavedprefetcher_dtype_BFLOAT4_B_layout_TILE.tensorbin of shape Shape([1, 1, 2048, 3584])
2026-08-29 11:50:45.184 | DEBUG    | core:as_tensor:724 - Loaded cache for /proj_sw/user_dev/ctr-apbernal/tt-metal/model_cache/meta-llama/Llama-3.3-70B-Instruct/TG/tensor_cache_instruct_bfp8/layers.9.attention_norm.weight_dtype_BFLOAT16_layout_ROW_MAJOR.tensorbin of shape Shape([1, 1, 256, 32])
2026-08-29 11:50:45.186 | DEBUG    | core:as_tensor:724 - Loaded cache for /proj_sw/user_dev/ctr-apbernal/tt-metal/model_cache/meta-llama/Llama-3.3-70B-Instruct/TG/tensor_cache_instruct_bfp8/layers.9.attention_norm.weight_distributed_dtype_BFLOAT16_layout_ROW_MAJOR.tensorbin of shape Shape([1, 1, 64, 32])
2026-08-29 11:50:45.188 | DEBUG    | core:as_tensor:724 - Loaded cache for /proj_sw/user_dev/ctr-apbernal/tt-metal/model_cache/meta-llama/Llama-3.3-70B-Instruct/TG/tensor_cache_instruct_bfp8/layers.9.ffn_norm.weight_dtype_BFLOAT16_layout_ROW_MAJOR.tensorbin of shape Shape([1, 1, 256, 32])
2026-08-29 11:50:45.190 | DEBUG    | core:as_tensor:724 - Loaded cache for /proj_sw/user_dev/ctr-apbernal/tt-metal/model_cache/meta-llama/Llama-3.3-70B-Instruct/TG/tensor_cache_instruct_bfp8/layers.9.ffn_norm.weight_distributed_dtype_BFLOAT16_layout_ROW_MAJOR.tensorbin of shape Shape([1, 1, 64, 32])
 12%|█▎        | 10/80 [00:46<05:05,  4.37s/it]2026-08-29 11:50:45.589 | DEBUG    | core:as_tensor:724 - Loaded cache for /proj_sw/user_dev/ctr-apbernal/tt-metal/model_cache/meta-llama/Llama-3.3-70B-Instruct/TG/tensor_cache_instruct_bfp8/layers.10.attention.wqkv_sharded_2d_prefetcher_dtype_BFLOAT8_B_layout_TILE.tensorbin of shape Shape([1, 1, 2048, 1280])
2026-08-29 11:50:45.954 | DEBUG    | core:as_tensor:724 - Loaded cache for /proj_sw/user_dev/ctr-apbernal/tt-metal/model_cache/meta-llama/Llama-3.3-70B-Instruct/TG/tensor_cache_instruct_bfp8/layers.10.attention.wqkv_sharded_2d_dram_dtype_BFLOAT8_B_layout_TILE.tensorbin of shape Shape([1, 1, 2048, 1280])
2026-08-29 11:50:46.285 | DEBUG    | core:as_tensor:724 - Loaded cache for /proj_sw/user_dev/ctr-apbernal/tt-metal/model_cache/meta-llama/Llama-3.3-70B-Instruct/TG/tensor_cache_instruct_bfp8/layers.10.attention.wo_width_sharded_2d_prefetcher_dtype_BFLOAT8_B_layout_TILE.tensorbin of shape Shape([1, 1, 1024, 2048])
2026-08-29 11:50:46.651 | DEBUG    | core:as_tensor:724 - Loaded cache for /proj_sw/user_dev/ctr-apbernal/tt-metal/model_cache/meta-llama/Llama-3.3-70B-Instruct/TG/tensor_cache_instruct_bfp8/layers.10.attention.wo_width_sharded_2d_dram_dtype_BFLOAT8_B_layout_TILE.tensorbin of shape Shape([1, 1, 1024, 2048])
2026-08-29 11:50:46.958 | DEBUG    | core:as_tensor:724 - Loaded cache for /proj_sw/user_dev/ctr-apbernal/tt-metal/model_cache/meta-llama/Llama-3.3-70B-Instruct/TG/tensor_cache_instruct_bfp8/layers.10.attention.wo_col_sharded_dram_dtype_BFLOAT8_B_layout_TILE.tensorbin of shape Shape([1, 1, 8192, 2048])
2026-08-29 11:50:46.972 | DEBUG    | core:as_tensor:724 - Loaded cache for /proj_sw/user_dev/ctr-apbernal/tt-metal/model_cache/meta-llama/Llama-3.3-70B-Instruct/TG/tensor_cache_instruct_bfp8/kvcache_torch.Size([2048, 1, 64, 128])_dtype_BFLOAT8_B_layout_TILE.tensorbin of shape Shape([2048, 1, 64, 128])
2026-08-29 11:50:46.980 | DEBUG    | core:as_tensor:724 - Loaded cache for /proj_sw/user_dev/ctr-apbernal/tt-metal/model_cache/meta-llama/Llama-3.3-70B-Instruct/TG/tensor_cache_instruct_bfp8/kvcache_torch.Size([2048, 1, 64, 128])_dtype_BFLOAT8_B_layout_TILE.tensorbin of shape Shape([2048, 1, 64, 128])
2026-08-29 11:50:47.303 | DEBUG    | core:as_tensor:724 - Loaded cache for /proj_sw/user_dev/ctr-apbernal/tt-metal/model_cache/meta-llama/Llama-3.3-70B-Instruct/TG/tensor_cache_instruct_bfp8/layers.10.feed_forward.w1_shardedprefetcher_dtype_BFLOAT4_B_layout_TILE.tensorbin of shape Shape([1, 1, 2048, 3584])
2026-08-29 11:50:47.813 | DEBUG    | core:as_tensor:724 - Loaded cache for /proj_sw/user_dev/ctr-apbernal/tt-metal/model_cache/meta-llama/Llama-3.3-70B-Instruct/TG/tensor_cache_instruct_bfp8/layers.10.feed_forward.w2_shardedprefetcher_dtype_BFLOAT8_B_layout_TILE.tensorbin of shape Shape([1, 1, 3584, 2048])
2026-08-29 11:50:48.105 | DEBUG    | core:as_tensor:724 - Loaded cache for /proj_sw/user_dev/ctr-apbernal/tt-metal/model_cache/meta-llama/Llama-3.3-70B-Instruct/TG/tensor_cache_instruct_bfp8/layers.10.feed_forward.w3_shardedprefetcher_dtype_BFLOAT4_B_layout_TILE.tensorbin of shape Shape([1, 1, 2048, 3584])
2026-08-29 11:50:48.462 | DEBUG    | core:as_tensor:724 - Loaded cache for /proj_sw/user_dev/ctr-apbernal/tt-metal/model_cache/meta-llama/Llama-3.3-70B-Instruct/TG/tensor_cache_instruct_bfp8/layers.10.feed_forward.w1_interleavedprefetcher_dtype_BFLOAT4_B_layout_TILE.tensorbin of shape Shape([1, 1, 2048, 3584])
2026-08-29 11:50:48.966 | DEBUG    | core:as_tensor:724 - Loaded cache for /proj_sw/user_dev/ctr-apbernal/tt-metal/model_cache/meta-llama/Llama-3.3-70B-Instruct/TG/tensor_cache_instruct_bfp8/layers.10.feed_forward.w2_interleavedprefetcher_dtype_BFLOAT8_B_layout_TILE.tensorbin of shape Shape([1, 1, 3584, 2048])
2026-08-29 11:50:49.301 | DEBUG    | core:as_tensor:724 - Loaded cache for /proj_sw/user_dev/ctr-apbernal/tt-metal/model_cache/meta-llama/Llama-3.3-70B-Instruct/TG/tensor_cache_instruct_bfp8/layers.10.feed_forward.w3_interleavedprefetcher_dtype_BFLOAT4_B_layout_TILE.tensorbin of shape Shape([1, 1, 2048, 3584])
2026-08-29 11:50:49.305 | DEBUG    | core:as_tensor:724 - Loaded cache for /proj_sw/user_dev/ctr-apbernal/tt-metal/model_cache/meta-llama/Llama-3.3-70B-Instruct/TG/tensor_cache_instruct_bfp8/layers.10.attention_norm.weight_dtype_BFLOAT16_layout_ROW_MAJOR.tensorbin of shape Shape([1, 1, 256, 32])
2026-08-29 11:50:49.309 | DEBUG    | core:as_tensor:724 - Loaded cache for /proj_sw/user_dev/ctr-apbernal/tt-metal/model_cache/meta-llama/Llama-3.3-70B-Instruct/TG/tensor_cache_instruct_bfp8/layers.10.attention_norm.weight_distributed_dtype_BFLOAT16_layout_ROW_MAJOR.tensorbin of shape Shape([1, 1, 64, 32])
2026-08-29 11:50:49.311 | DEBUG    | core:as_tensor:724 - Loaded cache for /proj_sw/user_dev/ctr-apbernal/tt-metal/model_cache/meta-llama/Llama-3.3-70B-Instruct/TG/tensor_cache_instruct_bfp8/layers.10.ffn_norm.weight_dtype_BFLOAT16_layout_ROW_MAJOR.tensorbin of shape Shape([1, 1, 256, 32])
2026-08-29 11:50:49.313 | DEBUG    | core:as_tensor:724 - Loaded cache for /proj_sw/user_dev/ctr-apbernal/tt-metal/model_cache/meta-llama/Llama-3.3-70B-Instruct/TG/tensor_cache_instruct_bfp8/layers.10.ffn_norm.weight_distributed_dtype_BFLOAT16_layout_ROW_MAJOR.tensorbin of shape Shape([1, 1, 64, 32])
 14%|█▍        | 11/80 [00:50<04:56,  4.29s/it]2026-08-29 11:50:49.731 | DEBUG    | core:as_tensor:724 - Loaded cache for /proj_sw/user_dev/ctr-apbernal/tt-metal/model_cache/meta-llama/Llama-3.3-70B-Instruct/TG/tensor_cache_instruct_bfp8/layers.11.attention.wqkv_sharded_2d_prefetcher_dtype_BFLOAT8_B_layout_TILE.tensorbin of shape Shape([1, 1, 2048, 1280])
2026-08-29 11:50:49.977 | DEBUG    | core:as_tensor:724 - Loaded cache for /proj_sw/user_dev/ctr-apbernal/tt-metal/model_cache/meta-llama/Llama-3.3-70B-Instruct/TG/tensor_cache_instruct_bfp8/layers.11.attention.wqkv_sharded_2d_dram_dtype_BFLOAT8_B_layout_TILE.tensorbin of shape Shape([1, 1, 2048, 1280])
2026-08-29 11:50:50.289 | DEBUG    | core:as_tensor:724 - Loaded cache for /proj_sw/user_dev/ctr-apbernal/tt-metal/model_cache/meta-llama/Llama-3.3-70B-Instruct/TG/tensor_cache_instruct_bfp8/layers.11.attention.wo_width_sharded_2d_prefetcher_dtype_BFLOAT8_B_layout_TILE.tensorbin of shape Shape([1, 1, 1024, 2048])
2026-08-29 11:50:50.568 | DEBUG    | core:as_tensor:724 - Loaded cache for /proj_sw/user_dev/ctr-apbernal/tt-metal/model_cache/meta-llama/Llama-3.3-70B-Instruct/TG/tensor_cache_instruct_bfp8/layers.11.attention.wo_width_sharded_2d_dram_dtype_BFLOAT8_B_layout_TILE.tensorbin of shape Shape([1, 1, 1024, 2048])
2026-08-29 11:50:51.052 | DEBUG    | core:as_tensor:724 - Loaded cache for /proj_sw/user_dev/ctr-apbernal/tt-metal/model_cache/meta-llama/Llama-3.3-70B-Instruct/TG/tensor_cache_instruct_bfp8/layers.11.attention.wo_col_sharded_dram_dtype_BFLOAT8_B_layout_TILE.tensorbin of shape Shape([1, 1, 8192, 2048])
2026-08-29 11:50:51.068 | DEBUG    | core:as_tensor:724 - Loaded cache for /proj_sw/user_dev/ctr-apbernal/tt-metal/model_cache/meta-llama/Llama-3.3-70B-Instruct/TG/tensor_cache_instruct_bfp8/kvcache_torch.Size([2048, 1, 64, 128])_dtype_BFLOAT8_B_layout_TILE.tensorbin of shape Shape([2048, 1, 64, 128])
2026-08-29 11:50:51.077 | DEBUG    | core:as_tensor:724 - Loaded cache for /proj_sw/user_dev/ctr-apbernal/tt-metal/model_cache/meta-llama/Llama-3.3-70B-Instruct/TG/tensor_cache_instruct_bfp8/kvcache_torch.Size([2048, 1, 64, 128])_dtype_BFLOAT8_B_layout_TILE.tensorbin of shape Shape([2048, 1, 64, 128])
2026-08-29 11:50:51.437 | DEBUG    | core:as_tensor:724 - Loaded cache for /proj_sw/user_dev/ctr-apbernal/tt-metal/model_cache/meta-llama/Llama-3.3-70B-Instruct/TG/tensor_cache_instruct_bfp8/layers.11.feed_forward.w1_shardedprefetcher_dtype_BFLOAT4_B_layout_TILE.tensorbin of shape Shape([1, 1, 2048, 3584])
2026-08-29 11:50:51.935 | DEBUG    | core:as_tensor:724 - Loaded cache for /proj_sw/user_dev/ctr-apbernal/tt-metal/model_cache/meta-llama/Llama-3.3-70B-Instruct/TG/tensor_cache_instruct_bfp8/layers.11.feed_forward.w2_shardedprefetcher_dtype_BFLOAT8_B_layout_TILE.tensorbin of shape Shape([1, 1, 3584, 2048])
2026-08-29 11:50:52.424 | DEBUG    | core:as_tensor:724 - Loaded cache for /proj_sw/user_dev/ctr-apbernal/tt-metal/model_cache/meta-llama/Llama-3.3-70B-Instruct/TG/tensor_cache_instruct_bfp8/layers.11.feed_forward.w3_shardedprefetcher_dtype_BFLOAT4_B_layout_TILE.tensorbin of shape Shape([1, 1, 2048, 3584])
2026-08-29 11:50:52.744 | DEBUG    | core:as_tensor:724 - Loaded cache for /proj_sw/user_dev/ctr-apbernal/tt-metal/model_cache/meta-llama/Llama-3.3-70B-Instruct/TG/tensor_cache_instruct_bfp8/layers.11.feed_forward.w1_interleavedprefetcher_dtype_BFLOAT4_B_layout_TILE.tensorbin of shape Shape([1, 1, 2048, 3584])
2026-08-29 11:50:53.239 | DEBUG    | core:as_tensor:724 - Loaded cache for /proj_sw/user_dev/ctr-apbernal/tt-metal/model_cache/meta-llama/Llama-3.3-70B-Instruct/TG/tensor_cache_instruct_bfp8/layers.11.feed_forward.w2_interleavedprefetcher_dtype_BFLOAT8_B_layout_TILE.tensorbin of shape Shape([1, 1, 3584, 2048])
2026-08-29 11:50:53.564 | DEBUG    | core:as_tensor:724 - Loaded cache for /proj_sw/user_dev/ctr-apbernal/tt-metal/model_cache/meta-llama/Llama-3.3-70B-Instruct/TG/tensor_cache_instruct_bfp8/layers.11.feed_forward.w3_interleavedprefetcher_dtype_BFLOAT4_B_layout_TILE.tensorbin of shape Shape([1, 1, 2048, 3584])
2026-08-29 11:50:53.570 | DEBUG    | core:as_tensor:724 - Loaded cache for /proj_sw/user_dev/ctr-apbernal/tt-metal/model_cache/meta-llama/Llama-3.3-70B-Instruct/TG/tensor_cache_instruct_bfp8/layers.11.attention_norm.weight_dtype_BFLOAT16_layout_ROW_MAJOR.tensorbin of shape Shape([1, 1, 256, 32])
2026-08-29 11:50:53.572 | DEBUG    | core:as_tensor:724 - Loaded cache for /proj_sw/user_dev/ctr-apbernal/tt-metal/model_cache/meta-llama/Llama-3.3-70B-Instruct/TG/tensor_cache_instruct_bfp8/layers.11.attention_norm.weight_distributed_dtype_BFLOAT16_layout_ROW_MAJOR.tensorbin of shape Shape([1, 1, 64, 32])
2026-08-29 11:50:53.574 | DEBUG    | core:as_tensor:724 - Loaded cache for /proj_sw/user_dev/ctr-apbernal/tt-metal/model_cache/meta-llama/Llama-3.3-70B-Instruct/TG/tensor_cache_instruct_bfp8/layers.11.ffn_norm.weight_dtype_BFLOAT16_layout_ROW_MAJOR.tensorbin of shape Shape([1, 1, 256, 32])
2026-08-29 11:50:53.577 | DEBUG    | core:as_tensor:724 - Loaded cache for /proj_sw/user_dev/ctr-apbernal/tt-metal/model_cache/meta-llama/Llama-3.3-70B-Instruct/TG/tensor_cache_instruct_bfp8/layers.11.ffn_norm.weight_distributed_dtype_BFLOAT16_layout_ROW_MAJOR.tensorbin of shape Shape([1, 1, 64, 32])
 15%|█▌        | 12/80 [00:54<04:51,  4.29s/it]2026-08-29 11:50:53.882 | DEBUG    | core:as_tensor:724 - Loaded cache for /proj_sw/user_dev/ctr-apbernal/tt-metal/model_cache/meta-llama/Llama-3.3-70B-Instruct/TG/tensor_cache_instruct_bfp8/layers.12.attention.wqkv_sharded_2d_prefetcher_dtype_BFLOAT8_B_layout_TILE.tensorbin of shape Shape([1, 1, 2048, 1280])
2026-08-29 11:50:54.252 | DEBUG    | core:as_tensor:724 - Loaded cache for /proj_sw/user_dev/ctr-apbernal/tt-metal/model_cache/meta-llama/Llama-3.3-70B-Instruct/TG/tensor_cache_instruct_bfp8/layers.12.attention.wqkv_sharded_2d_dram_dtype_BFLOAT8_B_layout_TILE.tensorbin of shape Shape([1, 1, 2048, 1280])
2026-08-29 11:50:54.533 | DEBUG    | core:as_tensor:724 - Loaded cache for /proj_sw/user_dev/ctr-apbernal/tt-metal/model_cache/meta-llama/Llama-3.3-70B-Instruct/TG/tensor_cache_instruct_bfp8/layers.12.attention.wo_width_sharded_2d_prefetcher_dtype_BFLOAT8_B_layout_TILE.tensorbin of shape Shape([1, 1, 1024, 2048])
2026-08-29 11:50:54.880 | DEBUG    | core:as_tensor:724 - Loaded cache for /proj_sw/user_dev/ctr-apbernal/tt-metal/model_cache/meta-llama/Llama-3.3-70B-Instruct/TG/tensor_cache_instruct_bfp8/layers.12.attention.wo_width_sharded_2d_dram_dtype_BFLOAT8_B_layout_TILE.tensorbin of shape Shape([1, 1, 1024, 2048])
2026-08-29 11:50:55.100 | DEBUG    | core:as_tensor:724 - Loaded cache for /proj_sw/user_dev/ctr-apbernal/tt-metal/model_cache/meta-llama/Llama-3.3-70B-Instruct/TG/tensor_cache_instruct_bfp8/layers.12.attention.wo_col_sharded_dram_dtype_BFLOAT8_B_layout_TILE.tensorbin of shape Shape([1, 1, 8192, 2048])
2026-08-29 11:50:55.115 | DEBUG    | core:as_tensor:724 - Loaded cache for /proj_sw/user_dev/ctr-apbernal/tt-metal/model_cache/meta-llama/Llama-3.3-70B-Instruct/TG/tensor_cache_instruct_bfp8/kvcache_torch.Size([2048, 1, 64, 128])_dtype_BFLOAT8_B_layout_TILE.tensorbin of shape Shape([2048, 1, 64, 128])
2026-08-29 11:50:55.124 | DEBUG    | core:as_tensor:724 - Loaded cache for /proj_sw/user_dev/ctr-apbernal/tt-metal/model_cache/meta-llama/Llama-3.3-70B-Instruct/TG/tensor_cache_instruct_bfp8/kvcache_torch.Size([2048, 1, 64, 128])_dtype_BFLOAT8_B_layout_TILE.tensorbin of shape Shape([2048, 1, 64, 128])
2026-08-29 11:50:55.447 | DEBUG    | core:as_tensor:724 - Loaded cache for /proj_sw/user_dev/ctr-apbernal/tt-metal/model_cache/meta-llama/Llama-3.3-70B-Instruct/TG/tensor_cache_instruct_bfp8/layers.12.feed_forward.w1_shardedprefetcher_dtype_BFLOAT4_B_layout_TILE.tensorbin of shape Shape([1, 1, 2048, 3584])
2026-08-29 11:50:55.951 | DEBUG    | core:as_tensor:724 - Loaded cache for /proj_sw/user_dev/ctr-apbernal/tt-metal/model_cache/meta-llama/Llama-3.3-70B-Instruct/TG/tensor_cache_instruct_bfp8/layers.12.feed_forward.w2_shardedprefetcher_dtype_BFLOAT8_B_layout_TILE.tensorbin of shape Shape([1, 1, 3584, 2048])
2026-08-29 11:50:56.256 | DEBUG    | core:as_tensor:724 - Loaded cache for /proj_sw/user_dev/ctr-apbernal/tt-metal/model_cache/meta-llama/Llama-3.3-70B-Instruct/TG/tensor_cache_instruct_bfp8/layers.12.feed_forward.w3_shardedprefetcher_dtype_BFLOAT4_B_layout_TILE.tensorbin of shape Shape([1, 1, 2048, 3584])
2026-08-29 11:50:56.534 | DEBUG    | core:as_tensor:724 - Loaded cache for /proj_sw/user_dev/ctr-apbernal/tt-metal/model_cache/meta-llama/Llama-3.3-70B-Instruct/TG/tensor_cache_instruct_bfp8/layers.12.feed_forward.w1_interleavedprefetcher_dtype_BFLOAT4_B_layout_TILE.tensorbin of shape Shape([1, 1, 2048, 3584])
2026-08-29 11:50:57.045 | DEBUG    | core:as_tensor:724 - Loaded cache for /proj_sw/user_dev/ctr-apbernal/tt-metal/model_cache/meta-llama/Llama-3.3-70B-Instruct/TG/tensor_cache_instruct_bfp8/layers.12.feed_forward.w2_interleavedprefetcher_dtype_BFLOAT8_B_layout_TILE.tensorbin of shape Shape([1, 1, 3584, 2048])
2026-08-29 11:50:57.539 | DEBUG    | core:as_tensor:724 - Loaded cache for /proj_sw/user_dev/ctr-apbernal/tt-metal/model_cache/meta-llama/Llama-3.3-70B-Instruct/TG/tensor_cache_instruct_bfp8/layers.12.feed_forward.w3_interleavedprefetcher_dtype_BFLOAT4_B_layout_TILE.tensorbin of shape Shape([1, 1, 2048, 3584])
2026-08-29 11:50:57.542 | DEBUG    | core:as_tensor:724 - Loaded cache for /proj_sw/user_dev/ctr-apbernal/tt-metal/model_cache/meta-llama/Llama-3.3-70B-Instruct/TG/tensor_cache_instruct_bfp8/layers.12.attention_norm.weight_dtype_BFLOAT16_layout_ROW_MAJOR.tensorbin of shape Shape([1, 1, 256, 32])
2026-08-29 11:50:57.544 | DEBUG    | core:as_tensor:724 - Loaded cache for /proj_sw/user_dev/ctr-apbernal/tt-metal/model_cache/meta-llama/Llama-3.3-70B-Instruct/TG/tensor_cache_instruct_bfp8/layers.12.attention_norm.weight_distributed_dtype_BFLOAT16_layout_ROW_MAJOR.tensorbin of shape Shape([1, 1, 64, 32])
2026-08-29 11:50:57.546 | DEBUG    | core:as_tensor:724 - Loaded cache for /proj_sw/user_dev/ctr-apbernal/tt-metal/model_cache/meta-llama/Llama-3.3-70B-Instruct/TG/tensor_cache_instruct_bfp8/layers.12.ffn_norm.weight_dtype_BFLOAT16_layout_ROW_MAJOR.tensorbin of shape Shape([1, 1, 256, 32])
2026-08-29 11:50:57.554 | DEBUG    | core:as_tensor:724 - Loaded cache for /proj_sw/user_dev/ctr-apbernal/tt-metal/model_cache/meta-llama/Llama-3.3-70B-Instruct/TG/tensor_cache_instruct_bfp8/layers.12.ffn_norm.weight_distributed_dtype_BFLOAT16_layout_ROW_MAJOR.tensorbin of shape Shape([1, 1, 64, 32])
 16%|█▋        | 13/80 [00:58<04:40,  4.19s/it]2026-08-29 11:50:57.959 | DEBUG    | core:as_tensor:724 - Loaded cache for /proj_sw/user_dev/ctr-apbernal/tt-metal/model_cache/meta-llama/Llama-3.3-70B-Instruct/TG/tensor_cache_instruct_bfp8/layers.13.attention.wqkv_sharded_2d_prefetcher_dtype_BFLOAT8_B_layout_TILE.tensorbin of shape Shape([1, 1, 2048, 1280])
2026-08-29 11:50:58.174 | DEBUG    | core:as_tensor:724 - Loaded cache for /proj_sw/user_dev/ctr-apbernal/tt-metal/model_cache/meta-llama/Llama-3.3-70B-Instruct/TG/tensor_cache_instruct_bfp8/layers.13.attention.wqkv_sharded_2d_dram_dtype_BFLOAT8_B_layout_TILE.tensorbin of shape Shape([1, 1, 2048, 1280])
2026-08-29 11:50:58.513 | DEBUG    | core:as_tensor:724 - Loaded cache for /proj_sw/user_dev/ctr-apbernal/tt-metal/model_cache/meta-llama/Llama-3.3-70B-Instruct/TG/tensor_cache_instruct_bfp8/layers.13.attention.wo_width_sharded_2d_prefetcher_dtype_BFLOAT8_B_layout_TILE.tensorbin of shape Shape([1, 1, 1024, 2048])
2026-08-29 11:50:58.857 | DEBUG    | core:as_tensor:724 - Loaded cache for /proj_sw/user_dev/ctr-apbernal/tt-metal/model_cache/meta-llama/Llama-3.3-70B-Instruct/TG/tensor_cache_instruct_bfp8/layers.13.attention.wo_width_sharded_2d_dram_dtype_BFLOAT8_B_layout_TILE.tensorbin of shape Shape([1, 1, 1024, 2048])
2026-08-29 11:50:59.310 | DEBUG    | core:as_tensor:724 - Loaded cache for /proj_sw/user_dev/ctr-apbernal/tt-metal/model_cache/meta-llama/Llama-3.3-70B-Instruct/TG/tensor_cache_instruct_bfp8/layers.13.attention.wo_col_sharded_dram_dtype_BFLOAT8_B_layout_TILE.tensorbin of shape Shape([1, 1, 8192, 2048])
2026-08-29 11:50:59.326 | DEBUG    | core:as_tensor:724 - Loaded cache for /proj_sw/user_dev/ctr-apbernal/tt-metal/model_cache/meta-llama/Llama-3.3-70B-Instruct/TG/tensor_cache_instruct_bfp8/kvcache_torch.Size([2048, 1, 64, 128])_dtype_BFLOAT8_B_layout_TILE.tensorbin of shape Shape([2048, 1, 64, 128])
2026-08-29 11:50:59.335 | DEBUG    | core:as_tensor:724 - Loaded cache for /proj_sw/user_dev/ctr-apbernal/tt-metal/model_cache/meta-llama/Llama-3.3-70B-Instruct/TG/tensor_cache_instruct_bfp8/kvcache_torch.Size([2048, 1, 64, 128])_dtype_BFLOAT8_B_layout_TILE.tensorbin of shape Shape([2048, 1, 64, 128])
2026-08-29 11:50:59.686 | DEBUG    | core:as_tensor:724 - Loaded cache for /proj_sw/user_dev/ctr-apbernal/tt-metal/model_cache/meta-llama/Llama-3.3-70B-Instruct/TG/tensor_cache_instruct_bfp8/layers.13.feed_forward.w1_shardedprefetcher_dtype_BFLOAT4_B_layout_TILE.tensorbin of shape Shape([1, 1, 2048, 3584])
2026-08-29 11:51:00.183 | DEBUG    | core:as_tensor:724 - Loaded cache for /proj_sw/user_dev/ctr-apbernal/tt-metal/model_cache/meta-llama/Llama-3.3-70B-Instruct/TG/tensor_cache_instruct_bfp8/layers.13.feed_forward.w2_shardedprefetcher_dtype_BFLOAT8_B_layout_TILE.tensorbin of shape Shape([1, 1, 3584, 2048])
2026-08-29 11:51:00.689 | DEBUG    | core:as_tensor:724 - Loaded cache for /proj_sw/user_dev/ctr-apbernal/tt-metal/model_cache/meta-llama/Llama-3.3-70B-Instruct/TG/tensor_cache_instruct_bfp8/layers.13.feed_forward.w3_shardedprefetcher_dtype_BFLOAT4_B_layout_TILE.tensorbin of shape Shape([1, 1, 2048, 3584])
2026-08-29 11:51:00.972 | DEBUG    | core:as_tensor:724 - Loaded cache for /proj_sw/user_dev/ctr-apbernal/tt-metal/model_cache/meta-llama/Llama-3.3-70B-Instruct/TG/tensor_cache_instruct_bfp8/layers.13.feed_forward.w1_interleavedprefetcher_dtype_BFLOAT4_B_layout_TILE.tensorbin of shape Shape([1, 1, 2048, 3584])
2026-08-29 11:51:01.459 | DEBUG    | core:as_tensor:724 - Loaded cache for /proj_sw/user_dev/ctr-apbernal/tt-metal/model_cache/meta-llama/Llama-3.3-70B-Instruct/TG/tensor_cache_instruct_bfp8/layers.13.feed_forward.w2_interleavedprefetcher_dtype_BFLOAT8_B_layout_TILE.tensorbin of shape Shape([1, 1, 3584, 2048])
2026-08-29 11:51:01.973 | DEBUG    | core:as_tensor:724 - Loaded cache for /proj_sw/user_dev/ctr-apbernal/tt-metal/model_cache/meta-llama/Llama-3.3-70B-Instruct/TG/tensor_cache_instruct_bfp8/layers.13.feed_forward.w3_interleavedprefetcher_dtype_BFLOAT4_B_layout_TILE.tensorbin of shape Shape([1, 1, 2048, 3584])
2026-08-29 11:51:01.979 | DEBUG    | core:as_tensor:724 - Loaded cache for /proj_sw/user_dev/ctr-apbernal/tt-metal/model_cache/meta-llama/Llama-3.3-70B-Instruct/TG/tensor_cache_instruct_bfp8/layers.13.attention_norm.weight_dtype_BFLOAT16_layout_ROW_MAJOR.tensorbin of shape Shape([1, 1, 256, 32])
2026-08-29 11:51:01.981 | DEBUG    | core:as_tensor:724 - Loaded cache for /proj_sw/user_dev/ctr-apbernal/tt-metal/model_cache/meta-llama/Llama-3.3-70B-Instruct/TG/tensor_cache_instruct_bfp8/layers.13.attention_norm.weight_distributed_dtype_BFLOAT16_layout_ROW_MAJOR.tensorbin of shape Shape([1, 1, 64, 32])
2026-08-29 11:51:01.983 | DEBUG    | core:as_tensor:724 - Loaded cache for /proj_sw/user_dev/ctr-apbernal/tt-metal/model_cache/meta-llama/Llama-3.3-70B-Instruct/TG/tensor_cache_instruct_bfp8/layers.13.ffn_norm.weight_dtype_BFLOAT16_layout_ROW_MAJOR.tensorbin of shape Shape([1, 1, 256, 32])
2026-08-29 11:51:01.986 | DEBUG    | core:as_tensor:724 - Loaded cache for /proj_sw/user_dev/ctr-apbernal/tt-metal/model_cache/meta-llama/Llama-3.3-70B-Instruct/TG/tensor_cache_instruct_bfp8/layers.13.ffn_norm.weight_distributed_dtype_BFLOAT16_layout_ROW_MAJOR.tensorbin of shape Shape([1, 1, 64, 32])
 18%|█▊        | 14/80 [01:03<04:41,  4.26s/it]2026-08-29 11:51:02.232 | DEBUG    | core:as_tensor:724 - Loaded cache for /proj_sw/user_dev/ctr-apbernal/tt-metal/model_cache/meta-llama/Llama-3.3-70B-Instruct/TG/tensor_cache_instruct_bfp8/layers.14.attention.wqkv_sharded_2d_prefetcher_dtype_BFLOAT8_B_layout_TILE.tensorbin of shape Shape([1, 1, 2048, 1280])
2026-08-29 11:51:02.450 | DEBUG    | core:as_tensor:724 - Loaded cache for /proj_sw/user_dev/ctr-apbernal/tt-metal/model_cache/meta-llama/Llama-3.3-70B-Instruct/TG/tensor_cache_instruct_bfp8/layers.14.attention.wqkv_sharded_2d_dram_dtype_BFLOAT8_B_layout_TILE.tensorbin of shape Shape([1, 1, 2048, 1280])
2026-08-29 11:51:02.852 | DEBUG    | core:as_tensor:724 - Loaded cache for /proj_sw/user_dev/ctr-apbernal/tt-metal/model_cache/meta-llama/Llama-3.3-70B-Instruct/TG/tensor_cache_instruct_bfp8/layers.14.attention.wo_width_sharded_2d_prefetcher_dtype_BFLOAT8_B_layout_TILE.tensorbin of shape Shape([1, 1, 1024, 2048])
2026-08-29 11:51:03.191 | DEBUG    | core:as_tensor:724 - Loaded cache for /proj_sw/user_dev/ctr-apbernal/tt-metal/model_cache/meta-llama/Llama-3.3-70B-Instruct/TG/tensor_cache_instruct_bfp8/layers.14.attention.wo_width_sharded_2d_dram_dtype_BFLOAT8_B_layout_TILE.tensorbin of shape Shape([1, 1, 1024, 2048])
2026-08-29 11:51:03.638 | DEBUG    | core:as_tensor:724 - Loaded cache for /proj_sw/user_dev/ctr-apbernal/tt-metal/model_cache/meta-llama/Llama-3.3-70B-Instruct/TG/tensor_cache_instruct_bfp8/layers.14.attention.wo_col_sharded_dram_dtype_BFLOAT8_B_layout_TILE.tensorbin of shape Shape([1, 1, 8192, 2048])
2026-08-29 11:51:03.653 | DEBUG    | core:as_tensor:724 - Loaded cache for /proj_sw/user_dev/ctr-apbernal/tt-metal/model_cache/meta-llama/Llama-3.3-70B-Instruct/TG/tensor_cache_instruct_bfp8/kvcache_torch.Size([2048, 1, 64, 128])_dtype_BFLOAT8_B_layout_TILE.tensorbin of shape Shape([2048, 1, 64, 128])
2026-08-29 11:51:03.661 | DEBUG    | core:as_tensor:724 - Loaded cache for /proj_sw/user_dev/ctr-apbernal/tt-metal/model_cache/meta-llama/Llama-3.3-70B-Instruct/TG/tensor_cache_instruct_bfp8/kvcache_torch.Size([2048, 1, 64, 128])_dtype_BFLOAT8_B_layout_TILE.tensorbin of shape Shape([2048, 1, 64, 128])
2026-08-29 11:51:04.206 | DEBUG    | core:as_tensor:724 - Loaded cache for /proj_sw/user_dev/ctr-apbernal/tt-metal/model_cache/meta-llama/Llama-3.3-70B-Instruct/TG/tensor_cache_instruct_bfp8/layers.14.feed_forward.w1_shardedprefetcher_dtype_BFLOAT4_B_layout_TILE.tensorbin of shape Shape([1, 1, 2048, 3584])
2026-08-29 11:51:04.711 | DEBUG    | core:as_tensor:724 - Loaded cache for /proj_sw/user_dev/ctr-apbernal/tt-metal/model_cache/meta-llama/Llama-3.3-70B-Instruct/TG/tensor_cache_instruct_bfp8/layers.14.feed_forward.w2_shardedprefetcher_dtype_BFLOAT8_B_layout_TILE.tensorbin of shape Shape([1, 1, 3584, 2048])
2026-08-29 11:51:05.014 | DEBUG    | core:as_tensor:724 - Loaded cache for /proj_sw/user_dev/ctr-apbernal/tt-metal/model_cache/meta-llama/Llama-3.3-70B-Instruct/TG/tensor_cache_instruct_bfp8/layers.14.feed_forward.w3_shardedprefetcher_dtype_BFLOAT4_B_layout_TILE.tensorbin of shape Shape([1, 1, 2048, 3584])
2026-08-29 11:51:05.510 | DEBUG    | core:as_tensor:724 - Loaded cache for /proj_sw/user_dev/ctr-apbernal/tt-metal/model_cache/meta-llama/Llama-3.3-70B-Instruct/TG/tensor_cache_instruct_bfp8/layers.14.feed_forward.w1_interleavedprefetcher_dtype_BFLOAT4_B_layout_TILE.tensorbin of shape Shape([1, 1, 2048, 3584])
2026-08-29 11:51:06.015 | DEBUG    | core:as_tensor:724 - Loaded cache for /proj_sw/user_dev/ctr-apbernal/tt-metal/model_cache/meta-llama/Llama-3.3-70B-Instruct/TG/tensor_cache_instruct_bfp8/layers.14.feed_forward.w2_interleavedprefetcher_dtype_BFLOAT8_B_layout_TILE.tensorbin of shape Shape([1, 1, 3584, 2048])
2026-08-29 11:51:06.322 | DEBUG    | core:as_tensor:724 - Loaded cache for /proj_sw/user_dev/ctr-apbernal/tt-metal/model_cache/meta-llama/Llama-3.3-70B-Instruct/TG/tensor_cache_instruct_bfp8/layers.14.feed_forward.w3_interleavedprefetcher_dtype_BFLOAT4_B_layout_TILE.tensorbin of shape Shape([1, 1, 2048, 3584])
2026-08-29 11:51:06.326 | DEBUG    | core:as_tensor:724 - Loaded cache for /proj_sw/user_dev/ctr-apbernal/tt-metal/model_cache/meta-llama/Llama-3.3-70B-Instruct/TG/tensor_cache_instruct_bfp8/layers.14.attention_norm.weight_dtype_BFLOAT16_layout_ROW_MAJOR.tensorbin of shape Shape([1, 1, 256, 32])
2026-08-29 11:51:06.328 | DEBUG    | core:as_tensor:724 - Loaded cache for /proj_sw/user_dev/ctr-apbernal/tt-metal/model_cache/meta-llama/Llama-3.3-70B-Instruct/TG/tensor_cache_instruct_bfp8/layers.14.attention_norm.weight_distributed_dtype_BFLOAT16_layout_ROW_MAJOR.tensorbin of shape Shape([1, 1, 64, 32])
2026-08-29 11:51:06.330 | DEBUG    | core:as_tensor:724 - Loaded cache for /proj_sw/user_dev/ctr-apbernal/tt-metal/model_cache/meta-llama/Llama-3.3-70B-Instruct/TG/tensor_cache_instruct_bfp8/layers.14.ffn_norm.weight_dtype_BFLOAT16_layout_ROW_MAJOR.tensorbin of shape Shape([1, 1, 256, 32])
2026-08-29 11:51:06.331 | DEBUG    | core:as_tensor:724 - Loaded cache for /proj_sw/user_dev/ctr-apbernal/tt-metal/model_cache/meta-llama/Llama-3.3-70B-Instruct/TG/tensor_cache_instruct_bfp8/layers.14.ffn_norm.weight_distributed_dtype_BFLOAT16_layout_ROW_MAJOR.tensorbin of shape Shape([1, 1, 64, 32])
 19%|█▉        | 15/80 [01:07<04:38,  4.29s/it]2026-08-29 11:51:06.644 | DEBUG    | core:as_tensor:724 - Loaded cache for /proj_sw/user_dev/ctr-apbernal/tt-metal/model_cache/meta-llama/Llama-3.3-70B-Instruct/TG/tensor_cache_instruct_bfp8/layers.15.attention.wqkv_sharded_2d_prefetcher_dtype_BFLOAT8_B_layout_TILE.tensorbin of shape Shape([1, 1, 2048, 1280])
2026-08-29 11:51:07.026 | DEBUG    | core:as_tensor:724 - Loaded cache for /proj_sw/user_dev/ctr-apbernal/tt-metal/model_cache/meta-llama/Llama-3.3-70B-Instruct/TG/tensor_cache_instruct_bfp8/layers.15.attention.wqkv_sharded_2d_dram_dtype_BFLOAT8_B_layout_TILE.tensorbin of shape Shape([1, 1, 2048, 1280])
2026-08-29 11:51:07.364 | DEBUG    | core:as_tensor:724 - Loaded cache for /proj_sw/user_dev/ctr-apbernal/tt-metal/model_cache/meta-llama/Llama-3.3-70B-Instruct/TG/tensor_cache_instruct_bfp8/layers.15.attention.wo_width_sharded_2d_prefetcher_dtype_BFLOAT8_B_layout_TILE.tensorbin of shape Shape([1, 1, 1024, 2048])
2026-08-29 11:51:07.721 | DEBUG    | core:as_tensor:724 - Loaded cache for /proj_sw/user_dev/ctr-apbernal/tt-metal/model_cache/meta-llama/Llama-3.3-70B-Instruct/TG/tensor_cache_instruct_bfp8/layers.15.attention.wo_width_sharded_2d_dram_dtype_BFLOAT8_B_layout_TILE.tensorbin of shape Shape([1, 1, 1024, 2048])
2026-08-29 11:51:08.168 | DEBUG    | core:as_tensor:724 - Loaded cache for /proj_sw/user_dev/ctr-apbernal/tt-metal/model_cache/meta-llama/Llama-3.3-70B-Instruct/TG/tensor_cache_instruct_bfp8/layers.15.attention.wo_col_sharded_dram_dtype_BFLOAT8_B_layout_TILE.tensorbin of shape Shape([1, 1, 8192, 2048])
2026-08-29 11:51:08.183 | DEBUG    | core:as_tensor:724 - Loaded cache for /proj_sw/user_dev/ctr-apbernal/tt-metal/model_cache/meta-llama/Llama-3.3-70B-Instruct/TG/tensor_cache_instruct_bfp8/kvcache_torch.Size([2048, 1, 64, 128])_dtype_BFLOAT8_B_layout_TILE.tensorbin of shape Shape([2048, 1, 64, 128])
2026-08-29 11:51:08.192 | DEBUG    | core:as_tensor:724 - Loaded cache for /proj_sw/user_dev/ctr-apbernal/tt-metal/model_cache/meta-llama/Llama-3.3-70B-Instruct/TG/tensor_cache_instruct_bfp8/kvcache_torch.Size([2048, 1, 64, 128])_dtype_BFLOAT8_B_layout_TILE.tensorbin of shape Shape([2048, 1, 64, 128])
2026-08-29 11:51:08.505 | DEBUG    | core:as_tensor:724 - Loaded cache for /proj_sw/user_dev/ctr-apbernal/tt-metal/model_cache/meta-llama/Llama-3.3-70B-Instruct/TG/tensor_cache_instruct_bfp8/layers.15.feed_forward.w1_shardedprefetcher_dtype_BFLOAT4_B_layout_TILE.tensorbin of shape Shape([1, 1, 2048, 3584])
2026-08-29 11:51:09.014 | DEBUG    | core:as_tensor:724 - Loaded cache for /proj_sw/user_dev/ctr-apbernal/tt-metal/model_cache/meta-llama/Llama-3.3-70B-Instruct/TG/tensor_cache_instruct_bfp8/layers.15.feed_forward.w2_shardedprefetcher_dtype_BFLOAT8_B_layout_TILE.tensorbin of shape Shape([1, 1, 3584, 2048])
2026-08-29 11:51:09.526 | DEBUG    | core:as_tensor:724 - Loaded cache for /proj_sw/user_dev/ctr-apbernal/tt-metal/model_cache/meta-llama/Llama-3.3-70B-Instruct/TG/tensor_cache_instruct_bfp8/layers.15.feed_forward.w3_shardedprefetcher_dtype_BFLOAT4_B_layout_TILE.tensorbin of shape Shape([1, 1, 2048, 3584])
2026-08-29 11:51:09.839 | DEBUG    | core:as_tensor:724 - Loaded cache for /proj_sw/user_dev/ctr-apbernal/tt-metal/model_cache/meta-llama/Llama-3.3-70B-Instruct/TG/tensor_cache_instruct_bfp8/layers.15.feed_forward.w1_interleavedprefetcher_dtype_BFLOAT4_B_layout_TILE.tensorbin of shape Shape([1, 1, 2048, 3584])
2026-08-29 11:51:10.333 | DEBUG    | core:as_tensor:724 - Loaded cache for /proj_sw/user_dev/ctr-apbernal/tt-metal/model_cache/meta-llama/Llama-3.3-70B-Instruct/TG/tensor_cache_instruct_bfp8/layers.15.feed_forward.w2_interleavedprefetcher_dtype_BFLOAT8_B_layout_TILE.tensorbin of shape Shape([1, 1, 3584, 2048])
2026-08-29 11:51:10.626 | DEBUG    | core:as_tensor:724 - Loaded cache for /proj_sw/user_dev/ctr-apbernal/tt-metal/model_cache/meta-llama/Llama-3.3-70B-Instruct/TG/tensor_cache_instruct_bfp8/layers.15.feed_forward.w3_interleavedprefetcher_dtype_BFLOAT4_B_layout_TILE.tensorbin of shape Shape([1, 1, 2048, 3584])
2026-08-29 11:51:10.629 | DEBUG    | core:as_tensor:724 - Loaded cache for /proj_sw/user_dev/ctr-apbernal/tt-metal/model_cache/meta-llama/Llama-3.3-70B-Instruct/TG/tensor_cache_instruct_bfp8/layers.15.attention_norm.weight_dtype_BFLOAT16_layout_ROW_MAJOR.tensorbin of shape Shape([1, 1, 256, 32])
2026-08-29 11:51:10.632 | DEBUG    | core:as_tensor:724 - Loaded cache for /proj_sw/user_dev/ctr-apbernal/tt-metal/model_cache/meta-llama/Llama-3.3-70B-Instruct/TG/tensor_cache_instruct_bfp8/layers.15.attention_norm.weight_distributed_dtype_BFLOAT16_layout_ROW_MAJOR.tensorbin of shape Shape([1, 1, 64, 32])
2026-08-29 11:51:10.634 | DEBUG    | core:as_tensor:724 - Loaded cache for /proj_sw/user_dev/ctr-apbernal/tt-metal/model_cache/meta-llama/Llama-3.3-70B-Instruct/TG/tensor_cache_instruct_bfp8/layers.15.ffn_norm.weight_dtype_BFLOAT16_layout_ROW_MAJOR.tensorbin of shape Shape([1, 1, 256, 32])
2026-08-29 11:51:10.636 | DEBUG    | core:as_tensor:724 - Loaded cache for /proj_sw/user_dev/ctr-apbernal/tt-metal/model_cache/meta-llama/Llama-3.3-70B-Instruct/TG/tensor_cache_instruct_bfp8/layers.15.ffn_norm.weight_distributed_dtype_BFLOAT16_layout_ROW_MAJOR.tensorbin of shape Shape([1, 1, 64, 32])
 20%|██        | 16/80 [01:11<04:34,  4.29s/it]2026-08-29 11:51:11.042 | DEBUG    | core:as_tensor:724 - Loaded cache for /proj_sw/user_dev/ctr-apbernal/tt-metal/model_cache/meta-llama/Llama-3.3-70B-Instruct/TG/tensor_cache_instruct_bfp8/layers.16.attention.wqkv_sharded_2d_prefetcher_dtype_BFLOAT8_B_layout_TILE.tensorbin of shape Shape([1, 1, 2048, 1280])
2026-08-29 11:51:11.287 | DEBUG    | core:as_tensor:724 - Loaded cache for /proj_sw/user_dev/ctr-apbernal/tt-metal/model_cache/meta-llama/Llama-3.3-70B-Instruct/TG/tensor_cache_instruct_bfp8/layers.16.attention.wqkv_sharded_2d_dram_dtype_BFLOAT8_B_layout_TILE.tensorbin of shape Shape([1, 1, 2048, 1280])
2026-08-29 11:51:11.598 | DEBUG    | core:as_tensor:724 - Loaded cache for /proj_sw/user_dev/ctr-apbernal/tt-metal/model_cache/meta-llama/Llama-3.3-70B-Instruct/TG/tensor_cache_instruct_bfp8/layers.16.attention.wo_width_sharded_2d_prefetcher_dtype_BFLOAT8_B_layout_TILE.tensorbin of shape Shape([1, 1, 1024, 2048])
2026-08-29 11:51:11.889 | DEBUG    | core:as_tensor:724 - Loaded cache for /proj_sw/user_dev/ctr-apbernal/tt-metal/model_cache/meta-llama/Llama-3.3-70B-Instruct/TG/tensor_cache_instruct_bfp8/layers.16.attention.wo_width_sharded_2d_dram_dtype_BFLOAT8_B_layout_TILE.tensorbin of shape Shape([1, 1, 1024, 2048])
2026-08-29 11:51:12.397 | DEBUG    | core:as_tensor:724 - Loaded cache for /proj_sw/user_dev/ctr-apbernal/tt-metal/model_cache/meta-llama/Llama-3.3-70B-Instruct/TG/tensor_cache_instruct_bfp8/layers.16.attention.wo_col_sharded_dram_dtype_BFLOAT8_B_layout_TILE.tensorbin of shape Shape([1, 1, 8192, 2048])
2026-08-29 11:51:12.411 | DEBUG    | core:as_tensor:724 - Loaded cache for /proj_sw/user_dev/ctr-apbernal/tt-metal/model_cache/meta-llama/Llama-3.3-70B-Instruct/TG/tensor_cache_instruct_bfp8/kvcache_torch.Size([2048, 1, 64, 128])_dtype_BFLOAT8_B_layout_TILE.tensorbin of shape Shape([2048, 1, 64, 128])
2026-08-29 11:51:12.419 | DEBUG    | core:as_tensor:724 - Loaded cache for /proj_sw/user_dev/ctr-apbernal/tt-metal/model_cache/meta-llama/Llama-3.3-70B-Instruct/TG/tensor_cache_instruct_bfp8/kvcache_torch.Size([2048, 1, 64, 128])_dtype_BFLOAT8_B_layout_TILE.tensorbin of shape Shape([2048, 1, 64, 128])
2026-08-29 11:51:12.939 | DEBUG    | core:as_tensor:724 - Loaded cache for /proj_sw/user_dev/ctr-apbernal/tt-metal/model_cache/meta-llama/Llama-3.3-70B-Instruct/TG/tensor_cache_instruct_bfp8/layers.16.feed_forward.w1_shardedprefetcher_dtype_BFLOAT4_B_layout_TILE.tensorbin of shape Shape([1, 1, 2048, 3584])
2026-08-29 11:51:13.456 | DEBUG    | core:as_tensor:724 - Loaded cache for /proj_sw/user_dev/ctr-apbernal/tt-metal/model_cache/meta-llama/Llama-3.3-70B-Instruct/TG/tensor_cache_instruct_bfp8/layers.16.feed_forward.w2_shardedprefetcher_dtype_BFLOAT8_B_layout_TILE.tensorbin of shape Shape([1, 1, 3584, 2048])
2026-08-29 11:51:14.020 | DEBUG    | core:as_tensor:724 - Loaded cache for /proj_sw/user_dev/ctr-apbernal/tt-metal/model_cache/meta-llama/Llama-3.3-70B-Instruct/TG/tensor_cache_instruct_bfp8/layers.16.feed_forward.w3_shardedprefetcher_dtype_BFLOAT4_B_layout_TILE.tensorbin of shape Shape([1, 1, 2048, 3584])
2026-08-29 11:51:14.542 | DEBUG    | core:as_tensor:724 - Loaded cache for /proj_sw/user_dev/ctr-apbernal/tt-metal/model_cache/meta-llama/Llama-3.3-70B-Instruct/TG/tensor_cache_instruct_bfp8/layers.16.feed_forward.w1_interleavedprefetcher_dtype_BFLOAT4_B_layout_TILE.tensorbin of shape Shape([1, 1, 2048, 3584])
2026-08-29 11:51:15.034 | DEBUG    | core:as_tensor:724 - Loaded cache for /proj_sw/user_dev/ctr-apbernal/tt-metal/model_cache/meta-llama/Llama-3.3-70B-Instruct/TG/tensor_cache_instruct_bfp8/layers.16.feed_forward.w2_interleavedprefetcher_dtype_BFLOAT8_B_layout_TILE.tensorbin of shape Shape([1, 1, 3584, 2048])
2026-08-29 11:51:15.334 | DEBUG    | core:as_tensor:724 - Loaded cache for /proj_sw/user_dev/ctr-apbernal/tt-metal/model_cache/meta-llama/Llama-3.3-70B-Instruct/TG/tensor_cache_instruct_bfp8/layers.16.feed_forward.w3_interleavedprefetcher_dtype_BFLOAT4_B_layout_TILE.tensorbin of shape Shape([1, 1, 2048, 3584])
2026-08-29 11:51:15.337 | DEBUG    | core:as_tensor:724 - Loaded cache for /proj_sw/user_dev/ctr-apbernal/tt-metal/model_cache/meta-llama/Llama-3.3-70B-Instruct/TG/tensor_cache_instruct_bfp8/layers.16.attention_norm.weight_dtype_BFLOAT16_layout_ROW_MAJOR.tensorbin of shape Shape([1, 1, 256, 32])
2026-08-29 11:51:15.339 | DEBUG    | core:as_tensor:724 - Loaded cache for /proj_sw/user_dev/ctr-apbernal/tt-metal/model_cache/meta-llama/Llama-3.3-70B-Instruct/TG/tensor_cache_instruct_bfp8/layers.16.attention_norm.weight_distributed_dtype_BFLOAT16_layout_ROW_MAJOR.tensorbin of shape Shape([1, 1, 64, 32])
2026-08-29 11:51:15.341 | DEBUG    | core:as_tensor:724 - Loaded cache for /proj_sw/user_dev/ctr-apbernal/tt-metal/model_cache/meta-llama/Llama-3.3-70B-Instruct/TG/tensor_cache_instruct_bfp8/layers.16.ffn_norm.weight_dtype_BFLOAT16_layout_ROW_MAJOR.tensorbin of shape Shape([1, 1, 256, 32])
2026-08-29 11:51:15.343 | DEBUG    | core:as_tensor:724 - Loaded cache for /proj_sw/user_dev/ctr-apbernal/tt-metal/model_cache/meta-llama/Llama-3.3-70B-Instruct/TG/tensor_cache_instruct_bfp8/layers.16.ffn_norm.weight_distributed_dtype_BFLOAT16_layout_ROW_MAJOR.tensorbin of shape Shape([1, 1, 64, 32])
 21%|██▏       | 17/80 [01:16<04:38,  4.42s/it]2026-08-29 11:51:15.729 | DEBUG    | core:as_tensor:724 - Loaded cache for /proj_sw/user_dev/ctr-apbernal/tt-metal/model_cache/meta-llama/Llama-3.3-70B-Instruct/TG/tensor_cache_instruct_bfp8/layers.17.attention.wqkv_sharded_2d_prefetcher_dtype_BFLOAT8_B_layout_TILE.tensorbin of shape Shape([1, 1, 2048, 1280])
2026-08-29 11:51:16.092 | DEBUG    | core:as_tensor:724 - Loaded cache for /proj_sw/user_dev/ctr-apbernal/tt-metal/model_cache/meta-llama/Llama-3.3-70B-Instruct/TG/tensor_cache_instruct_bfp8/layers.17.attention.wqkv_sharded_2d_dram_dtype_BFLOAT8_B_layout_TILE.tensorbin of shape Shape([1, 1, 2048, 1280])
2026-08-29 11:51:16.392 | DEBUG    | core:as_tensor:724 - Loaded cache for /proj_sw/user_dev/ctr-apbernal/tt-metal/model_cache/meta-llama/Llama-3.3-70B-Instruct/TG/tensor_cache_instruct_bfp8/layers.17.attention.wo_width_sharded_2d_prefetcher_dtype_BFLOAT8_B_layout_TILE.tensorbin of shape Shape([1, 1, 1024, 2048])
2026-08-29 11:51:16.678 | DEBUG    | core:as_tensor:724 - Loaded cache for /proj_sw/user_dev/ctr-apbernal/tt-metal/model_cache/meta-llama/Llama-3.3-70B-Instruct/TG/tensor_cache_instruct_bfp8/layers.17.attention.wo_width_sharded_2d_dram_dtype_BFLOAT8_B_layout_TILE.tensorbin of shape Shape([1, 1, 1024, 2048])
2026-08-29 11:51:17.221 | DEBUG    | core:as_tensor:724 - Loaded cache for /proj_sw/user_dev/ctr-apbernal/tt-metal/model_cache/meta-llama/Llama-3.3-70B-Instruct/TG/tensor_cache_instruct_bfp8/layers.17.attention.wo_col_sharded_dram_dtype_BFLOAT8_B_layout_TILE.tensorbin of shape Shape([1, 1, 8192, 2048])
2026-08-29 11:51:17.238 | DEBUG    | core:as_tensor:724 - Loaded cache for /proj_sw/user_dev/ctr-apbernal/tt-metal/model_cache/meta-llama/Llama-3.3-70B-Instruct/TG/tensor_cache_instruct_bfp8/kvcache_torch.Size([2048, 1, 64, 128])_dtype_BFLOAT8_B_layout_TILE.tensorbin of shape Shape([2048, 1, 64, 128])
2026-08-29 11:51:17.246 | DEBUG    | core:as_tensor:724 - Loaded cache for /proj_sw/user_dev/ctr-apbernal/tt-metal/model_cache/meta-llama/Llama-3.3-70B-Instruct/TG/tensor_cache_instruct_bfp8/kvcache_torch.Size([2048, 1, 64, 128])_dtype_BFLOAT8_B_layout_TILE.tensorbin of shape Shape([2048, 1, 64, 128])
2026-08-29 11:51:17.579 | DEBUG    | core:as_tensor:724 - Loaded cache for /proj_sw/user_dev/ctr-apbernal/tt-metal/model_cache/meta-llama/Llama-3.3-70B-Instruct/TG/tensor_cache_instruct_bfp8/layers.17.feed_forward.w1_shardedprefetcher_dtype_BFLOAT4_B_layout_TILE.tensorbin of shape Shape([1, 1, 2048, 3584])
2026-08-29 11:51:18.083 | DEBUG    | core:as_tensor:724 - Loaded cache for /proj_sw/user_dev/ctr-apbernal/tt-metal/model_cache/meta-llama/Llama-3.3-70B-Instruct/TG/tensor_cache_instruct_bfp8/layers.17.feed_forward.w2_shardedprefetcher_dtype_BFLOAT8_B_layout_TILE.tensorbin of shape Shape([1, 1, 3584, 2048])
2026-08-29 11:51:18.398 | DEBUG    | core:as_tensor:724 - Loaded cache for /proj_sw/user_dev/ctr-apbernal/tt-metal/model_cache/meta-llama/Llama-3.3-70B-Instruct/TG/tensor_cache_instruct_bfp8/layers.17.feed_forward.w3_shardedprefetcher_dtype_BFLOAT4_B_layout_TILE.tensorbin of shape Shape([1, 1, 2048, 3584])
2026-08-29 11:51:18.911 | DEBUG    | core:as_tensor:724 - Loaded cache for /proj_sw/user_dev/ctr-apbernal/tt-metal/model_cache/meta-llama/Llama-3.3-70B-Instruct/TG/tensor_cache_instruct_bfp8/layers.17.feed_forward.w1_interleavedprefetcher_dtype_BFLOAT4_B_layout_TILE.tensorbin of shape Shape([1, 1, 2048, 3584])
2026-08-29 11:51:19.410 | DEBUG    | core:as_tensor:724 - Loaded cache for /proj_sw/user_dev/ctr-apbernal/tt-metal/model_cache/meta-llama/Llama-3.3-70B-Instruct/TG/tensor_cache_instruct_bfp8/layers.17.feed_forward.w2_interleavedprefetcher_dtype_BFLOAT8_B_layout_TILE.tensorbin of shape Shape([1, 1, 3584, 2048])
2026-08-29 11:51:19.926 | DEBUG    | core:as_tensor:724 - Loaded cache for /proj_sw/user_dev/ctr-apbernal/tt-metal/model_cache/meta-llama/Llama-3.3-70B-Instruct/TG/tensor_cache_instruct_bfp8/layers.17.feed_forward.w3_interleavedprefetcher_dtype_BFLOAT4_B_layout_TILE.tensorbin of shape Shape([1, 1, 2048, 3584])
2026-08-29 11:51:19.929 | DEBUG    | core:as_tensor:724 - Loaded cache for /proj_sw/user_dev/ctr-apbernal/tt-metal/model_cache/meta-llama/Llama-3.3-70B-Instruct/TG/tensor_cache_instruct_bfp8/layers.17.attention_norm.weight_dtype_BFLOAT16_layout_ROW_MAJOR.tensorbin of shape Shape([1, 1, 256, 32])
2026-08-29 11:51:19.930 | DEBUG    | core:as_tensor:724 - Loaded cache for /proj_sw/user_dev/ctr-apbernal/tt-metal/model_cache/meta-llama/Llama-3.3-70B-Instruct/TG/tensor_cache_instruct_bfp8/layers.17.attention_norm.weight_distributed_dtype_BFLOAT16_layout_ROW_MAJOR.tensorbin of shape Shape([1, 1, 64, 32])
2026-08-29 11:51:19.932 | DEBUG    | core:as_tensor:724 - Loaded cache for /proj_sw/user_dev/ctr-apbernal/tt-metal/model_cache/meta-llama/Llama-3.3-70B-Instruct/TG/tensor_cache_instruct_bfp8/layers.17.ffn_norm.weight_dtype_BFLOAT16_layout_ROW_MAJOR.tensorbin of shape Shape([1, 1, 256, 32])
2026-08-29 11:51:19.934 | DEBUG    | core:as_tensor:724 - Loaded cache for /proj_sw/user_dev/ctr-apbernal/tt-metal/model_cache/meta-llama/Llama-3.3-70B-Instruct/TG/tensor_cache_instruct_bfp8/layers.17.ffn_norm.weight_distributed_dtype_BFLOAT16_layout_ROW_MAJOR.tensorbin of shape Shape([1, 1, 64, 32])
 22%|██▎       | 18/80 [01:21<04:37,  4.47s/it]2026-08-29 11:51:20.324 | DEBUG    | core:as_tensor:724 - Loaded cache for /proj_sw/user_dev/ctr-apbernal/tt-metal/model_cache/meta-llama/Llama-3.3-70B-Instruct/TG/tensor_cache_instruct_bfp8/layers.18.attention.wqkv_sharded_2d_prefetcher_dtype_BFLOAT8_B_layout_TILE.tensorbin of shape Shape([1, 1, 2048, 1280])
2026-08-29 11:51:20.695 | DEBUG    | core:as_tensor:724 - Loaded cache for /proj_sw/user_dev/ctr-apbernal/tt-metal/model_cache/meta-llama/Llama-3.3-70B-Instruct/TG/tensor_cache_instruct_bfp8/layers.18.attention.wqkv_sharded_2d_dram_dtype_BFLOAT8_B_layout_TILE.tensorbin of shape Shape([1, 1, 2048, 1280])
2026-08-29 11:51:20.953 | DEBUG    | core:as_tensor:724 - Loaded cache for /proj_sw/user_dev/ctr-apbernal/tt-metal/model_cache/meta-llama/Llama-3.3-70B-Instruct/TG/tensor_cache_instruct_bfp8/layers.18.attention.wo_width_sharded_2d_prefetcher_dtype_BFLOAT8_B_layout_TILE.tensorbin of shape Shape([1, 1, 1024, 2048])
2026-08-29 11:51:21.321 | DEBUG    | core:as_tensor:724 - Loaded cache for /proj_sw/user_dev/ctr-apbernal/tt-metal/model_cache/meta-llama/Llama-3.3-70B-Instruct/TG/tensor_cache_instruct_bfp8/layers.18.attention.wo_width_sharded_2d_dram_dtype_BFLOAT8_B_layout_TILE.tensorbin of shape Shape([1, 1, 1024, 2048])
2026-08-29 11:51:21.753 | DEBUG    | core:as_tensor:724 - Loaded cache for /proj_sw/user_dev/ctr-apbernal/tt-metal/model_cache/meta-llama/Llama-3.3-70B-Instruct/TG/tensor_cache_instruct_bfp8/layers.18.attention.wo_col_sharded_dram_dtype_BFLOAT8_B_layout_TILE.tensorbin of shape Shape([1, 1, 8192, 2048])
2026-08-29 11:51:21.770 | DEBUG    | core:as_tensor:724 - Loaded cache for /proj_sw/user_dev/ctr-apbernal/tt-metal/model_cache/meta-llama/Llama-3.3-70B-Instruct/TG/tensor_cache_instruct_bfp8/kvcache_torch.Size([2048, 1, 64, 128])_dtype_BFLOAT8_B_layout_TILE.tensorbin of shape Shape([2048, 1, 64, 128])
2026-08-29 11:51:21.778 | DEBUG    | core:as_tensor:724 - Loaded cache for /proj_sw/user_dev/ctr-apbernal/tt-metal/model_cache/meta-llama/Llama-3.3-70B-Instruct/TG/tensor_cache_instruct_bfp8/kvcache_torch.Size([2048, 1, 64, 128])_dtype_BFLOAT8_B_layout_TILE.tensorbin of shape Shape([2048, 1, 64, 128])
2026-08-29 11:51:22.107 | DEBUG    | core:as_tensor:724 - Loaded cache for /proj_sw/user_dev/ctr-apbernal/tt-metal/model_cache/meta-llama/Llama-3.3-70B-Instruct/TG/tensor_cache_instruct_bfp8/layers.18.feed_forward.w1_shardedprefetcher_dtype_BFLOAT4_B_layout_TILE.tensorbin of shape Shape([1, 1, 2048, 3584])
2026-08-29 11:51:22.618 | DEBUG    | core:as_tensor:724 - Loaded cache for /proj_sw/user_dev/ctr-apbernal/tt-metal/model_cache/meta-llama/Llama-3.3-70B-Instruct/TG/tensor_cache_instruct_bfp8/layers.18.feed_forward.w2_shardedprefetcher_dtype_BFLOAT8_B_layout_TILE.tensorbin of shape Shape([1, 1, 3584, 2048])
2026-08-29 11:51:22.984 | DEBUG    | core:as_tensor:724 - Loaded cache for /proj_sw/user_dev/ctr-apbernal/tt-metal/model_cache/meta-llama/Llama-3.3-70B-Instruct/TG/tensor_cache_instruct_bfp8/layers.18.feed_forward.w3_shardedprefetcher_dtype_BFLOAT4_B_layout_TILE.tensorbin of shape Shape([1, 1, 2048, 3584])
2026-08-29 11:51:23.300 | DEBUG    | core:as_tensor:724 - Loaded cache for /proj_sw/user_dev/ctr-apbernal/tt-metal/model_cache/meta-llama/Llama-3.3-70B-Instruct/TG/tensor_cache_instruct_bfp8/layers.18.feed_forward.w1_interleavedprefetcher_dtype_BFLOAT4_B_layout_TILE.tensorbin of shape Shape([1, 1, 2048, 3584])
2026-08-29 11:51:23.813 | DEBUG    | core:as_tensor:724 - Loaded cache for /proj_sw/user_dev/ctr-apbernal/tt-metal/model_cache/meta-llama/Llama-3.3-70B-Instruct/TG/tensor_cache_instruct_bfp8/layers.18.feed_forward.w2_interleavedprefetcher_dtype_BFLOAT8_B_layout_TILE.tensorbin of shape Shape([1, 1, 3584, 2048])
2026-08-29 11:51:24.265 | DEBUG    | core:as_tensor:724 - Loaded cache for /proj_sw/user_dev/ctr-apbernal/tt-metal/model_cache/meta-llama/Llama-3.3-70B-Instruct/TG/tensor_cache_instruct_bfp8/layers.18.feed_forward.w3_interleavedprefetcher_dtype_BFLOAT4_B_layout_TILE.tensorbin of shape Shape([1, 1, 2048, 3584])
2026-08-29 11:51:24.271 | DEBUG    | core:as_tensor:724 - Loaded cache for /proj_sw/user_dev/ctr-apbernal/tt-metal/model_cache/meta-llama/Llama-3.3-70B-Instruct/TG/tensor_cache_instruct_bfp8/layers.18.attention_norm.weight_dtype_BFLOAT16_layout_ROW_MAJOR.tensorbin of shape Shape([1, 1, 256, 32])
2026-08-29 11:51:24.273 | DEBUG    | core:as_tensor:724 - Loaded cache for /proj_sw/user_dev/ctr-apbernal/tt-metal/model_cache/meta-llama/Llama-3.3-70B-Instruct/TG/tensor_cache_instruct_bfp8/layers.18.attention_norm.weight_distributed_dtype_BFLOAT16_layout_ROW_MAJOR.tensorbin of shape Shape([1, 1, 64, 32])
2026-08-29 11:51:24.275 | DEBUG    | core:as_tensor:724 - Loaded cache for /proj_sw/user_dev/ctr-apbernal/tt-metal/model_cache/meta-llama/Llama-3.3-70B-Instruct/TG/tensor_cache_instruct_bfp8/layers.18.ffn_norm.weight_dtype_BFLOAT16_layout_ROW_MAJOR.tensorbin of shape Shape([1, 1, 256, 32])
2026-08-29 11:51:24.277 | DEBUG    | core:as_tensor:724 - Loaded cache for /proj_sw/user_dev/ctr-apbernal/tt-metal/model_cache/meta-llama/Llama-3.3-70B-Instruct/TG/tensor_cache_instruct_bfp8/layers.18.ffn_norm.weight_distributed_dtype_BFLOAT16_layout_ROW_MAJOR.tensorbin of shape Shape([1, 1, 64, 32])
 24%|██▍       | 19/80 [01:25<04:30,  4.43s/it]2026-08-29 11:51:24.683 | DEBUG    | core:as_tensor:724 - Loaded cache for /proj_sw/user_dev/ctr-apbernal/tt-metal/model_cache/meta-llama/Llama-3.3-70B-Instruct/TG/tensor_cache_instruct_bfp8/layers.19.attention.wqkv_sharded_2d_prefetcher_dtype_BFLOAT8_B_layout_TILE.tensorbin of shape Shape([1, 1, 2048, 1280])
2026-08-29 11:51:24.976 | DEBUG    | core:as_tensor:724 - Loaded cache for /proj_sw/user_dev/ctr-apbernal/tt-metal/model_cache/meta-llama/Llama-3.3-70B-Instruct/TG/tensor_cache_instruct_bfp8/layers.19.attention.wqkv_sharded_2d_dram_dtype_BFLOAT8_B_layout_TILE.tensorbin of shape Shape([1, 1, 2048, 1280])
2026-08-29 11:51:25.289 | DEBUG    | core:as_tensor:724 - Loaded cache for /proj_sw/user_dev/ctr-apbernal/tt-metal/model_cache/meta-llama/Llama-3.3-70B-Instruct/TG/tensor_cache_instruct_bfp8/layers.19.attention.wo_width_sharded_2d_prefetcher_dtype_BFLOAT8_B_layout_TILE.tensorbin of shape Shape([1, 1, 1024, 2048])
2026-08-29 11:51:25.580 | DEBUG    | core:as_tensor:724 - Loaded cache for /proj_sw/user_dev/ctr-apbernal/tt-metal/model_cache/meta-llama/Llama-3.3-70B-Instruct/TG/tensor_cache_instruct_bfp8/layers.19.attention.wo_width_sharded_2d_dram_dtype_BFLOAT8_B_layout_TILE.tensorbin of shape Shape([1, 1, 1024, 2048])
2026-08-29 11:51:25.970 | DEBUG    | core:as_tensor:724 - Loaded cache for /proj_sw/user_dev/ctr-apbernal/tt-metal/model_cache/meta-llama/Llama-3.3-70B-Instruct/TG/tensor_cache_instruct_bfp8/layers.19.attention.wo_col_sharded_dram_dtype_BFLOAT8_B_layout_TILE.tensorbin of shape Shape([1, 1, 8192, 2048])
2026-08-29 11:51:25.984 | DEBUG    | core:as_tensor:724 - Loaded cache for /proj_sw/user_dev/ctr-apbernal/tt-metal/model_cache/meta-llama/Llama-3.3-70B-Instruct/TG/tensor_cache_instruct_bfp8/kvcache_torch.Size([2048, 1, 64, 128])_dtype_BFLOAT8_B_layout_TILE.tensorbin of shape Shape([2048, 1, 64, 128])
2026-08-29 11:51:25.991 | DEBUG    | core:as_tensor:724 - Loaded cache for /proj_sw/user_dev/ctr-apbernal/tt-metal/model_cache/meta-llama/Llama-3.3-70B-Instruct/TG/tensor_cache_instruct_bfp8/kvcache_torch.Size([2048, 1, 64, 128])_dtype_BFLOAT8_B_layout_TILE.tensorbin of shape Shape([2048, 1, 64, 128])
2026-08-29 11:51:26.385 | DEBUG    | core:as_tensor:724 - Loaded cache for /proj_sw/user_dev/ctr-apbernal/tt-metal/model_cache/meta-llama/Llama-3.3-70B-Instruct/TG/tensor_cache_instruct_bfp8/layers.19.feed_forward.w1_shardedprefetcher_dtype_BFLOAT4_B_layout_TILE.tensorbin of shape Shape([1, 1, 2048, 3584])
2026-08-29 11:51:26.888 | DEBUG    | core:as_tensor:724 - Loaded cache for /proj_sw/user_dev/ctr-apbernal/tt-metal/model_cache/meta-llama/Llama-3.3-70B-Instruct/TG/tensor_cache_instruct_bfp8/layers.19.feed_forward.w2_shardedprefetcher_dtype_BFLOAT8_B_layout_TILE.tensorbin of shape Shape([1, 1, 3584, 2048])
2026-08-29 11:51:27.332 | DEBUG    | core:as_tensor:724 - Loaded cache for /proj_sw/user_dev/ctr-apbernal/tt-metal/model_cache/meta-llama/Llama-3.3-70B-Instruct/TG/tensor_cache_instruct_bfp8/layers.19.feed_forward.w3_shardedprefetcher_dtype_BFLOAT4_B_layout_TILE.tensorbin of shape Shape([1, 1, 2048, 3584])
2026-08-29 11:51:27.843 | DEBUG    | core:as_tensor:724 - Loaded cache for /proj_sw/user_dev/ctr-apbernal/tt-metal/model_cache/meta-llama/Llama-3.3-70B-Instruct/TG/tensor_cache_instruct_bfp8/layers.19.feed_forward.w1_interleavedprefetcher_dtype_BFLOAT4_B_layout_TILE.tensorbin of shape Shape([1, 1, 2048, 3584])
2026-08-29 11:51:28.342 | DEBUG    | core:as_tensor:724 - Loaded cache for /proj_sw/user_dev/ctr-apbernal/tt-metal/model_cache/meta-llama/Llama-3.3-70B-Instruct/TG/tensor_cache_instruct_bfp8/layers.19.feed_forward.w2_interleavedprefetcher_dtype_BFLOAT8_B_layout_TILE.tensorbin of shape Shape([1, 1, 3584, 2048])
2026-08-29 11:51:28.623 | DEBUG    | core:as_tensor:724 - Loaded cache for /proj_sw/user_dev/ctr-apbernal/tt-metal/model_cache/meta-llama/Llama-3.3-70B-Instruct/TG/tensor_cache_instruct_bfp8/layers.19.feed_forward.w3_interleavedprefetcher_dtype_BFLOAT4_B_layout_TILE.tensorbin of shape Shape([1, 1, 2048, 3584])
2026-08-29 11:51:28.626 | DEBUG    | core:as_tensor:724 - Loaded cache for /proj_sw/user_dev/ctr-apbernal/tt-metal/model_cache/meta-llama/Llama-3.3-70B-Instruct/TG/tensor_cache_instruct_bfp8/layers.19.attention_norm.weight_dtype_BFLOAT16_layout_ROW_MAJOR.tensorbin of shape Shape([1, 1, 256, 32])
2026-08-29 11:51:28.628 | DEBUG    | core:as_tensor:724 - Loaded cache for /proj_sw/user_dev/ctr-apbernal/tt-metal/model_cache/meta-llama/Llama-3.3-70B-Instruct/TG/tensor_cache_instruct_bfp8/layers.19.attention_norm.weight_distributed_dtype_BFLOAT16_layout_ROW_MAJOR.tensorbin of shape Shape([1, 1, 64, 32])
2026-08-29 11:51:28.630 | DEBUG    | core:as_tensor:724 - Loaded cache for /proj_sw/user_dev/ctr-apbernal/tt-metal/model_cache/meta-llama/Llama-3.3-70B-Instruct/TG/tensor_cache_instruct_bfp8/layers.19.ffn_norm.weight_dtype_BFLOAT16_layout_ROW_MAJOR.tensorbin of shape Shape([1, 1, 256, 32])
2026-08-29 11:51:28.632 | DEBUG    | core:as_tensor:724 - Loaded cache for /proj_sw/user_dev/ctr-apbernal/tt-metal/model_cache/meta-llama/Llama-3.3-70B-Instruct/TG/tensor_cache_instruct_bfp8/layers.19.ffn_norm.weight_distributed_dtype_BFLOAT16_layout_ROW_MAJOR.tensorbin of shape Shape([1, 1, 64, 32])
 25%|██▌       | 20/80 [01:29<04:24,  4.41s/it]2026-08-29 11:51:29.044 | DEBUG    | core:as_tensor:724 - Loaded cache for /proj_sw/user_dev/ctr-apbernal/tt-metal/model_cache/meta-llama/Llama-3.3-70B-Instruct/TG/tensor_cache_instruct_bfp8/layers.20.attention.wqkv_sharded_2d_prefetcher_dtype_BFLOAT8_B_layout_TILE.tensorbin of shape Shape([1, 1, 2048, 1280])
2026-08-29 11:51:29.376 | DEBUG    | core:as_tensor:724 - Loaded cache for /proj_sw/user_dev/ctr-apbernal/tt-metal/model_cache/meta-llama/Llama-3.3-70B-Instruct/TG/tensor_cache_instruct_bfp8/layers.20.attention.wqkv_sharded_2d_dram_dtype_BFLOAT8_B_layout_TILE.tensorbin of shape Shape([1, 1, 2048, 1280])
2026-08-29 11:51:29.722 | DEBUG    | core:as_tensor:724 - Loaded cache for /proj_sw/user_dev/ctr-apbernal/tt-metal/model_cache/meta-llama/Llama-3.3-70B-Instruct/TG/tensor_cache_instruct_bfp8/layers.20.attention.wo_width_sharded_2d_prefetcher_dtype_BFLOAT8_B_layout_TILE.tensorbin of shape Shape([1, 1, 1024, 2048])
2026-08-29 11:51:30.071 | DEBUG    | core:as_tensor:724 - Loaded cache for /proj_sw/user_dev/ctr-apbernal/tt-metal/model_cache/meta-llama/Llama-3.3-70B-Instruct/TG/tensor_cache_instruct_bfp8/layers.20.attention.wo_width_sharded_2d_dram_dtype_BFLOAT8_B_layout_TILE.tensorbin of shape Shape([1, 1, 1024, 2048])
2026-08-29 11:51:30.492 | DEBUG    | core:as_tensor:724 - Loaded cache for /proj_sw/user_dev/ctr-apbernal/tt-metal/model_cache/meta-llama/Llama-3.3-70B-Instruct/TG/tensor_cache_instruct_bfp8/layers.20.attention.wo_col_sharded_dram_dtype_BFLOAT8_B_layout_TILE.tensorbin of shape Shape([1, 1, 8192, 2048])
2026-08-29 11:51:30.506 | DEBUG    | core:as_tensor:724 - Loaded cache for /proj_sw/user_dev/ctr-apbernal/tt-metal/model_cache/meta-llama/Llama-3.3-70B-Instruct/TG/tensor_cache_instruct_bfp8/kvcache_torch.Size([2048, 1, 64, 128])_dtype_BFLOAT8_B_layout_TILE.tensorbin of shape Shape([2048, 1, 64, 128])
2026-08-29 11:51:30.514 | DEBUG    | core:as_tensor:724 - Loaded cache for /proj_sw/user_dev/ctr-apbernal/tt-metal/model_cache/meta-llama/Llama-3.3-70B-Instruct/TG/tensor_cache_instruct_bfp8/kvcache_torch.Size([2048, 1, 64, 128])_dtype_BFLOAT8_B_layout_TILE.tensorbin of shape Shape([2048, 1, 64, 128])
2026-08-29 11:51:30.847 | DEBUG    | core:as_tensor:724 - Loaded cache for /proj_sw/user_dev/ctr-apbernal/tt-metal/model_cache/meta-llama/Llama-3.3-70B-Instruct/TG/tensor_cache_instruct_bfp8/layers.20.feed_forward.w1_shardedprefetcher_dtype_BFLOAT4_B_layout_TILE.tensorbin of shape Shape([1, 1, 2048, 3584])
2026-08-29 11:51:31.344 | DEBUG    | core:as_tensor:724 - Loaded cache for /proj_sw/user_dev/ctr-apbernal/tt-metal/model_cache/meta-llama/Llama-3.3-70B-Instruct/TG/tensor_cache_instruct_bfp8/layers.20.feed_forward.w2_shardedprefetcher_dtype_BFLOAT8_B_layout_TILE.tensorbin of shape Shape([1, 1, 3584, 2048])
2026-08-29 11:51:31.632 | DEBUG    | core:as_tensor:724 - Loaded cache for /proj_sw/user_dev/ctr-apbernal/tt-metal/model_cache/meta-llama/Llama-3.3-70B-Instruct/TG/tensor_cache_instruct_bfp8/layers.20.feed_forward.w3_shardedprefetcher_dtype_BFLOAT4_B_layout_TILE.tensorbin of shape Shape([1, 1, 2048, 3584])
2026-08-29 11:51:31.929 | DEBUG    | core:as_tensor:724 - Loaded cache for /proj_sw/user_dev/ctr-apbernal/tt-metal/model_cache/meta-llama/Llama-3.3-70B-Instruct/TG/tensor_cache_instruct_bfp8/layers.20.feed_forward.w1_interleavedprefetcher_dtype_BFLOAT4_B_layout_TILE.tensorbin of shape Shape([1, 1, 2048, 3584])
2026-08-29 11:51:32.427 | DEBUG    | core:as_tensor:724 - Loaded cache for /proj_sw/user_dev/ctr-apbernal/tt-metal/model_cache/meta-llama/Llama-3.3-70B-Instruct/TG/tensor_cache_instruct_bfp8/layers.20.feed_forward.w2_interleavedprefetcher_dtype_BFLOAT8_B_layout_TILE.tensorbin of shape Shape([1, 1, 3584, 2048])
2026-08-29 11:51:32.736 | DEBUG    | core:as_tensor:724 - Loaded cache for /proj_sw/user_dev/ctr-apbernal/tt-metal/model_cache/meta-llama/Llama-3.3-70B-Instruct/TG/tensor_cache_instruct_bfp8/layers.20.feed_forward.w3_interleavedprefetcher_dtype_BFLOAT4_B_layout_TILE.tensorbin of shape Shape([1, 1, 2048, 3584])
2026-08-29 11:51:32.739 | DEBUG    | core:as_tensor:724 - Loaded cache for /proj_sw/user_dev/ctr-apbernal/tt-metal/model_cache/meta-llama/Llama-3.3-70B-Instruct/TG/tensor_cache_instruct_bfp8/layers.20.attention_norm.weight_dtype_BFLOAT16_layout_ROW_MAJOR.tensorbin of shape Shape([1, 1, 256, 32])
2026-08-29 11:51:32.741 | DEBUG    | core:as_tensor:724 - Loaded cache for /proj_sw/user_dev/ctr-apbernal/tt-metal/model_cache/meta-llama/Llama-3.3-70B-Instruct/TG/tensor_cache_instruct_bfp8/layers.20.attention_norm.weight_distributed_dtype_BFLOAT16_layout_ROW_MAJOR.tensorbin of shape Shape([1, 1, 64, 32])
2026-08-29 11:51:32.743 | DEBUG    | core:as_tensor:724 - Loaded cache for /proj_sw/user_dev/ctr-apbernal/tt-metal/model_cache/meta-llama/Llama-3.3-70B-Instruct/TG/tensor_cache_instruct_bfp8/layers.20.ffn_norm.weight_dtype_BFLOAT16_layout_ROW_MAJOR.tensorbin of shape Shape([1, 1, 256, 32])
2026-08-29 11:51:32.745 | DEBUG    | core:as_tensor:724 - Loaded cache for /proj_sw/user_dev/ctr-apbernal/tt-metal/model_cache/meta-llama/Llama-3.3-70B-Instruct/TG/tensor_cache_instruct_bfp8/layers.20.ffn_norm.weight_distributed_dtype_BFLOAT16_layout_ROW_MAJOR.tensorbin of shape Shape([1, 1, 64, 32])
 26%|██▋       | 21/80 [01:33<04:14,  4.32s/it]2026-08-29 11:51:33.042 | DEBUG    | core:as_tensor:724 - Loaded cache for /proj_sw/user_dev/ctr-apbernal/tt-metal/model_cache/meta-llama/Llama-3.3-70B-Instruct/TG/tensor_cache_instruct_bfp8/layers.21.attention.wqkv_sharded_2d_prefetcher_dtype_BFLOAT8_B_layout_TILE.tensorbin of shape Shape([1, 1, 2048, 1280])
2026-08-29 11:51:33.274 | DEBUG    | core:as_tensor:724 - Loaded cache for /proj_sw/user_dev/ctr-apbernal/tt-metal/model_cache/meta-llama/Llama-3.3-70B-Instruct/TG/tensor_cache_instruct_bfp8/layers.21.attention.wqkv_sharded_2d_dram_dtype_BFLOAT8_B_layout_TILE.tensorbin of shape Shape([1, 1, 2048, 1280])
2026-08-29 11:51:33.606 | DEBUG    | core:as_tensor:724 - Loaded cache for /proj_sw/user_dev/ctr-apbernal/tt-metal/model_cache/meta-llama/Llama-3.3-70B-Instruct/TG/tensor_cache_instruct_bfp8/layers.21.attention.wo_width_sharded_2d_prefetcher_dtype_BFLOAT8_B_layout_TILE.tensorbin of shape Shape([1, 1, 1024, 2048])
2026-08-29 11:51:33.877 | DEBUG    | core:as_tensor:724 - Loaded cache for /proj_sw/user_dev/ctr-apbernal/tt-metal/model_cache/meta-llama/Llama-3.3-70B-Instruct/TG/tensor_cache_instruct_bfp8/layers.21.attention.wo_width_sharded_2d_dram_dtype_BFLOAT8_B_layout_TILE.tensorbin of shape Shape([1, 1, 1024, 2048])
2026-08-29 11:51:34.411 | DEBUG    | core:as_tensor:724 - Loaded cache for /proj_sw/user_dev/ctr-apbernal/tt-metal/model_cache/meta-llama/Llama-3.3-70B-Instruct/TG/tensor_cache_instruct_bfp8/layers.21.attention.wo_col_sharded_dram_dtype_BFLOAT8_B_layout_TILE.tensorbin of shape Shape([1, 1, 8192, 2048])
2026-08-29 11:51:34.425 | DEBUG    | core:as_tensor:724 - Loaded cache for /proj_sw/user_dev/ctr-apbernal/tt-metal/model_cache/meta-llama/Llama-3.3-70B-Instruct/TG/tensor_cache_instruct_bfp8/kvcache_torch.Size([2048, 1, 64, 128])_dtype_BFLOAT8_B_layout_TILE.tensorbin of shape Shape([2048, 1, 64, 128])
2026-08-29 11:51:34.434 | DEBUG    | core:as_tensor:724 - Loaded cache for /proj_sw/user_dev/ctr-apbernal/tt-metal/model_cache/meta-llama/Llama-3.3-70B-Instruct/TG/tensor_cache_instruct_bfp8/kvcache_torch.Size([2048, 1, 64, 128])_dtype_BFLOAT8_B_layout_TILE.tensorbin of shape Shape([2048, 1, 64, 128])
2026-08-29 11:51:34.960 | DEBUG    | core:as_tensor:724 - Loaded cache for /proj_sw/user_dev/ctr-apbernal/tt-metal/model_cache/meta-llama/Llama-3.3-70B-Instruct/TG/tensor_cache_instruct_bfp8/layers.21.feed_forward.w1_shardedprefetcher_dtype_BFLOAT4_B_layout_TILE.tensorbin of shape Shape([1, 1, 2048, 3584])
2026-08-29 11:51:35.476 | DEBUG    | core:as_tensor:724 - Loaded cache for /proj_sw/user_dev/ctr-apbernal/tt-metal/model_cache/meta-llama/Llama-3.3-70B-Instruct/TG/tensor_cache_instruct_bfp8/layers.21.feed_forward.w2_shardedprefetcher_dtype_BFLOAT8_B_layout_TILE.tensorbin of shape Shape([1, 1, 3584, 2048])
2026-08-29 11:51:35.781 | DEBUG    | core:as_tensor:724 - Loaded cache for /proj_sw/user_dev/ctr-apbernal/tt-metal/model_cache/meta-llama/Llama-3.3-70B-Instruct/TG/tensor_cache_instruct_bfp8/layers.21.feed_forward.w3_shardedprefetcher_dtype_BFLOAT4_B_layout_TILE.tensorbin of shape Shape([1, 1, 2048, 3584])
2026-08-29 11:51:36.310 | DEBUG    | core:as_tensor:724 - Loaded cache for /proj_sw/user_dev/ctr-apbernal/tt-metal/model_cache/meta-llama/Llama-3.3-70B-Instruct/TG/tensor_cache_instruct_bfp8/layers.21.feed_forward.w1_interleavedprefetcher_dtype_BFLOAT4_B_layout_TILE.tensorbin of shape Shape([1, 1, 2048, 3584])
2026-08-29 11:51:36.816 | DEBUG    | core:as_tensor:724 - Loaded cache for /proj_sw/user_dev/ctr-apbernal/tt-metal/model_cache/meta-llama/Llama-3.3-70B-Instruct/TG/tensor_cache_instruct_bfp8/layers.21.feed_forward.w2_interleavedprefetcher_dtype_BFLOAT8_B_layout_TILE.tensorbin of shape Shape([1, 1, 3584, 2048])
2026-08-29 11:51:37.171 | DEBUG    | core:as_tensor:724 - Loaded cache for /proj_sw/user_dev/ctr-apbernal/tt-metal/model_cache/meta-llama/Llama-3.3-70B-Instruct/TG/tensor_cache_instruct_bfp8/layers.21.feed_forward.w3_interleavedprefetcher_dtype_BFLOAT4_B_layout_TILE.tensorbin of shape Shape([1, 1, 2048, 3584])
2026-08-29 11:51:37.175 | DEBUG    | core:as_tensor:724 - Loaded cache for /proj_sw/user_dev/ctr-apbernal/tt-metal/model_cache/meta-llama/Llama-3.3-70B-Instruct/TG/tensor_cache_instruct_bfp8/layers.21.attention_norm.weight_dtype_BFLOAT16_layout_ROW_MAJOR.tensorbin of shape Shape([1, 1, 256, 32])
2026-08-29 11:51:37.177 | DEBUG    | core:as_tensor:724 - Loaded cache for /proj_sw/user_dev/ctr-apbernal/tt-metal/model_cache/meta-llama/Llama-3.3-70B-Instruct/TG/tensor_cache_instruct_bfp8/layers.21.attention_norm.weight_distributed_dtype_BFLOAT16_layout_ROW_MAJOR.tensorbin of shape Shape([1, 1, 64, 32])
2026-08-29 11:51:37.178 | DEBUG    | core:as_tensor:724 - Loaded cache for /proj_sw/user_dev/ctr-apbernal/tt-metal/model_cache/meta-llama/Llama-3.3-70B-Instruct/TG/tensor_cache_instruct_bfp8/layers.21.ffn_norm.weight_dtype_BFLOAT16_layout_ROW_MAJOR.tensorbin of shape Shape([1, 1, 256, 32])
2026-08-29 11:51:37.181 | DEBUG    | core:as_tensor:724 - Loaded cache for /proj_sw/user_dev/ctr-apbernal/tt-metal/model_cache/meta-llama/Llama-3.3-70B-Instruct/TG/tensor_cache_instruct_bfp8/layers.21.ffn_norm.weight_distributed_dtype_BFLOAT16_layout_ROW_MAJOR.tensorbin of shape Shape([1, 1, 64, 32])
 28%|██▊       | 22/80 [01:38<04:12,  4.35s/it]2026-08-29 11:51:37.571 | DEBUG    | core:as_tensor:724 - Loaded cache for /proj_sw/user_dev/ctr-apbernal/tt-metal/model_cache/meta-llama/Llama-3.3-70B-Instruct/TG/tensor_cache_instruct_bfp8/layers.22.attention.wqkv_sharded_2d_prefetcher_dtype_BFLOAT8_B_layout_TILE.tensorbin of shape Shape([1, 1, 2048, 1280])
2026-08-29 11:51:37.955 | DEBUG    | core:as_tensor:724 - Loaded cache for /proj_sw/user_dev/ctr-apbernal/tt-metal/model_cache/meta-llama/Llama-3.3-70B-Instruct/TG/tensor_cache_instruct_bfp8/layers.22.attention.wqkv_sharded_2d_dram_dtype_BFLOAT8_B_layout_TILE.tensorbin of shape Shape([1, 1, 2048, 1280])
2026-08-29 11:51:38.251 | DEBUG    | core:as_tensor:724 - Loaded cache for /proj_sw/user_dev/ctr-apbernal/tt-metal/model_cache/meta-llama/Llama-3.3-70B-Instruct/TG/tensor_cache_instruct_bfp8/layers.22.attention.wo_width_sharded_2d_prefetcher_dtype_BFLOAT8_B_layout_TILE.tensorbin of shape Shape([1, 1, 1024, 2048])
2026-08-29 11:51:38.591 | DEBUG    | core:as_tensor:724 - Loaded cache for /proj_sw/user_dev/ctr-apbernal/tt-metal/model_cache/meta-llama/Llama-3.3-70B-Instruct/TG/tensor_cache_instruct_bfp8/layers.22.attention.wo_width_sharded_2d_dram_dtype_BFLOAT8_B_layout_TILE.tensorbin of shape Shape([1, 1, 1024, 2048])
2026-08-29 11:51:39.103 | DEBUG    | core:as_tensor:724 - Loaded cache for /proj_sw/user_dev/ctr-apbernal/tt-metal/model_cache/meta-llama/Llama-3.3-70B-Instruct/TG/tensor_cache_instruct_bfp8/layers.22.attention.wo_col_sharded_dram_dtype_BFLOAT8_B_layout_TILE.tensorbin of shape Shape([1, 1, 8192, 2048])
2026-08-29 11:51:39.119 | DEBUG    | core:as_tensor:724 - Loaded cache for /proj_sw/user_dev/ctr-apbernal/tt-metal/model_cache/meta-llama/Llama-3.3-70B-Instruct/TG/tensor_cache_instruct_bfp8/kvcache_torch.Size([2048, 1, 64, 128])_dtype_BFLOAT8_B_layout_TILE.tensorbin of shape Shape([2048, 1, 64, 128])
2026-08-29 11:51:39.129 | DEBUG    | core:as_tensor:724 - Loaded cache for /proj_sw/user_dev/ctr-apbernal/tt-metal/model_cache/meta-llama/Llama-3.3-70B-Instruct/TG/tensor_cache_instruct_bfp8/kvcache_torch.Size([2048, 1, 64, 128])_dtype_BFLOAT8_B_layout_TILE.tensorbin of shape Shape([2048, 1, 64, 128])
2026-08-29 11:51:39.526 | DEBUG    | core:as_tensor:724 - Loaded cache for /proj_sw/user_dev/ctr-apbernal/tt-metal/model_cache/meta-llama/Llama-3.3-70B-Instruct/TG/tensor_cache_instruct_bfp8/layers.22.feed_forward.w1_shardedprefetcher_dtype_BFLOAT4_B_layout_TILE.tensorbin of shape Shape([1, 1, 2048, 3584])
2026-08-29 11:51:40.035 | DEBUG    | core:as_tensor:724 - Loaded cache for /proj_sw/user_dev/ctr-apbernal/tt-metal/model_cache/meta-llama/Llama-3.3-70B-Instruct/TG/tensor_cache_instruct_bfp8/layers.22.feed_forward.w2_shardedprefetcher_dtype_BFLOAT8_B_layout_TILE.tensorbin of shape Shape([1, 1, 3584, 2048])
2026-08-29 11:51:40.585 | DEBUG    | core:as_tensor:724 - Loaded cache for /proj_sw/user_dev/ctr-apbernal/tt-metal/model_cache/meta-llama/Llama-3.3-70B-Instruct/TG/tensor_cache_instruct_bfp8/layers.22.feed_forward.w3_shardedprefetcher_dtype_BFLOAT4_B_layout_TILE.tensorbin of shape Shape([1, 1, 2048, 3584])
2026-08-29 11:51:40.873 | DEBUG    | core:as_tensor:724 - Loaded cache for /proj_sw/user_dev/ctr-apbernal/tt-metal/model_cache/meta-llama/Llama-3.3-70B-Instruct/TG/tensor_cache_instruct_bfp8/layers.22.feed_forward.w1_interleavedprefetcher_dtype_BFLOAT4_B_layout_TILE.tensorbin of shape Shape([1, 1, 2048, 3584])
2026-08-29 11:51:41.376 | DEBUG    | core:as_tensor:724 - Loaded cache for /proj_sw/user_dev/ctr-apbernal/tt-metal/model_cache/meta-llama/Llama-3.3-70B-Instruct/TG/tensor_cache_instruct_bfp8/layers.22.feed_forward.w2_interleavedprefetcher_dtype_BFLOAT8_B_layout_TILE.tensorbin of shape Shape([1, 1, 3584, 2048])
2026-08-29 11:51:41.814 | DEBUG    | core:as_tensor:724 - Loaded cache for /proj_sw/user_dev/ctr-apbernal/tt-metal/model_cache/meta-llama/Llama-3.3-70B-Instruct/TG/tensor_cache_instruct_bfp8/layers.22.feed_forward.w3_interleavedprefetcher_dtype_BFLOAT4_B_layout_TILE.tensorbin of shape Shape([1, 1, 2048, 3584])
2026-08-29 11:51:41.817 | DEBUG    | core:as_tensor:724 - Loaded cache for /proj_sw/user_dev/ctr-apbernal/tt-metal/model_cache/meta-llama/Llama-3.3-70B-Instruct/TG/tensor_cache_instruct_bfp8/layers.22.attention_norm.weight_dtype_BFLOAT16_layout_ROW_MAJOR.tensorbin of shape Shape([1, 1, 256, 32])
2026-08-29 11:51:41.819 | DEBUG    | core:as_tensor:724 - Loaded cache for /proj_sw/user_dev/ctr-apbernal/tt-metal/model_cache/meta-llama/Llama-3.3-70B-Instruct/TG/tensor_cache_instruct_bfp8/layers.22.attention_norm.weight_distributed_dtype_BFLOAT16_layout_ROW_MAJOR.tensorbin of shape Shape([1, 1, 64, 32])
2026-08-29 11:51:41.821 | DEBUG    | core:as_tensor:724 - Loaded cache for /proj_sw/user_dev/ctr-apbernal/tt-metal/model_cache/meta-llama/Llama-3.3-70B-Instruct/TG/tensor_cache_instruct_bfp8/layers.22.ffn_norm.weight_dtype_BFLOAT16_layout_ROW_MAJOR.tensorbin of shape Shape([1, 1, 256, 32])
2026-08-29 11:51:41.824 | DEBUG    | core:as_tensor:724 - Loaded cache for /proj_sw/user_dev/ctr-apbernal/tt-metal/model_cache/meta-llama/Llama-3.3-70B-Instruct/TG/tensor_cache_instruct_bfp8/layers.22.ffn_norm.weight_distributed_dtype_BFLOAT16_layout_ROW_MAJOR.tensorbin of shape Shape([1, 1, 64, 32])
 29%|██▉       | 23/80 [01:42<04:13,  4.44s/it]2026-08-29 11:51:42.252 | DEBUG    | core:as_tensor:724 - Loaded cache for /proj_sw/user_dev/ctr-apbernal/tt-metal/model_cache/meta-llama/Llama-3.3-70B-Instruct/TG/tensor_cache_instruct_bfp8/layers.23.attention.wqkv_sharded_2d_prefetcher_dtype_BFLOAT8_B_layout_TILE.tensorbin of shape Shape([1, 1, 2048, 1280])
2026-08-29 11:51:42.497 | DEBUG    | core:as_tensor:724 - Loaded cache for /proj_sw/user_dev/ctr-apbernal/tt-metal/model_cache/meta-llama/Llama-3.3-70B-Instruct/TG/tensor_cache_instruct_bfp8/layers.23.attention.wqkv_sharded_2d_dram_dtype_BFLOAT8_B_layout_TILE.tensorbin of shape Shape([1, 1, 2048, 1280])
2026-08-29 11:51:42.836 | DEBUG    | core:as_tensor:724 - Loaded cache for /proj_sw/user_dev/ctr-apbernal/tt-metal/model_cache/meta-llama/Llama-3.3-70B-Instruct/TG/tensor_cache_instruct_bfp8/layers.23.attention.wo_width_sharded_2d_prefetcher_dtype_BFLOAT8_B_layout_TILE.tensorbin of shape Shape([1, 1, 1024, 2048])
2026-08-29 11:51:43.198 | DEBUG    | core:as_tensor:724 - Loaded cache for /proj_sw/user_dev/ctr-apbernal/tt-metal/model_cache/meta-llama/Llama-3.3-70B-Instruct/TG/tensor_cache_instruct_bfp8/layers.23.attention.wo_width_sharded_2d_dram_dtype_BFLOAT8_B_layout_TILE.tensorbin of shape Shape([1, 1, 1024, 2048])
2026-08-29 11:51:43.667 | DEBUG    | core:as_tensor:724 - Loaded cache for /proj_sw/user_dev/ctr-apbernal/tt-metal/model_cache/meta-llama/Llama-3.3-70B-Instruct/TG/tensor_cache_instruct_bfp8/layers.23.attention.wo_col_sharded_dram_dtype_BFLOAT8_B_layout_TILE.tensorbin of shape Shape([1, 1, 8192, 2048])
2026-08-29 11:51:43.684 | DEBUG    | core:as_tensor:724 - Loaded cache for /proj_sw/user_dev/ctr-apbernal/tt-metal/model_cache/meta-llama/Llama-3.3-70B-Instruct/TG/tensor_cache_instruct_bfp8/kvcache_torch.Size([2048, 1, 64, 128])_dtype_BFLOAT8_B_layout_TILE.tensorbin of shape Shape([2048, 1, 64, 128])
2026-08-29 11:51:43.692 | DEBUG    | core:as_tensor:724 - Loaded cache for /proj_sw/user_dev/ctr-apbernal/tt-metal/model_cache/meta-llama/Llama-3.3-70B-Instruct/TG/tensor_cache_instruct_bfp8/kvcache_torch.Size([2048, 1, 64, 128])_dtype_BFLOAT8_B_layout_TILE.tensorbin of shape Shape([2048, 1, 64, 128])
2026-08-29 11:51:44.014 | DEBUG    | core:as_tensor:724 - Loaded cache for /proj_sw/user_dev/ctr-apbernal/tt-metal/model_cache/meta-llama/Llama-3.3-70B-Instruct/TG/tensor_cache_instruct_bfp8/layers.23.feed_forward.w1_shardedprefetcher_dtype_BFLOAT4_B_layout_TILE.tensorbin of shape Shape([1, 1, 2048, 3584])
2026-08-29 11:51:44.526 | DEBUG    | core:as_tensor:724 - Loaded cache for /proj_sw/user_dev/ctr-apbernal/tt-metal/model_cache/meta-llama/Llama-3.3-70B-Instruct/TG/tensor_cache_instruct_bfp8/layers.23.feed_forward.w2_shardedprefetcher_dtype_BFLOAT8_B_layout_TILE.tensorbin of shape Shape([1, 1, 3584, 2048])
2026-08-29 11:51:44.824 | DEBUG    | core:as_tensor:724 - Loaded cache for /proj_sw/user_dev/ctr-apbernal/tt-metal/model_cache/meta-llama/Llama-3.3-70B-Instruct/TG/tensor_cache_instruct_bfp8/layers.23.feed_forward.w3_shardedprefetcher_dtype_BFLOAT4_B_layout_TILE.tensorbin of shape Shape([1, 1, 2048, 3584])
2026-08-29 11:51:45.147 | DEBUG    | core:as_tensor:724 - Loaded cache for /proj_sw/user_dev/ctr-apbernal/tt-metal/model_cache/meta-llama/Llama-3.3-70B-Instruct/TG/tensor_cache_instruct_bfp8/layers.23.feed_forward.w1_interleavedprefetcher_dtype_BFLOAT4_B_layout_TILE.tensorbin of shape Shape([1, 1, 2048, 3584])
2026-08-29 11:51:45.647 | DEBUG    | core:as_tensor:724 - Loaded cache for /proj_sw/user_dev/ctr-apbernal/tt-metal/model_cache/meta-llama/Llama-3.3-70B-Instruct/TG/tensor_cache_instruct_bfp8/layers.23.feed_forward.w2_interleavedprefetcher_dtype_BFLOAT8_B_layout_TILE.tensorbin of shape Shape([1, 1, 3584, 2048])
2026-08-29 11:51:46.191 | DEBUG    | core:as_tensor:724 - Loaded cache for /proj_sw/user_dev/ctr-apbernal/tt-metal/model_cache/meta-llama/Llama-3.3-70B-Instruct/TG/tensor_cache_instruct_bfp8/layers.23.feed_forward.w3_interleavedprefetcher_dtype_BFLOAT4_B_layout_TILE.tensorbin of shape Shape([1, 1, 2048, 3584])
2026-08-29 11:51:46.197 | DEBUG    | core:as_tensor:724 - Loaded cache for /proj_sw/user_dev/ctr-apbernal/tt-metal/model_cache/meta-llama/Llama-3.3-70B-Instruct/TG/tensor_cache_instruct_bfp8/layers.23.attention_norm.weight_dtype_BFLOAT16_layout_ROW_MAJOR.tensorbin of shape Shape([1, 1, 256, 32])
2026-08-29 11:51:46.199 | DEBUG    | core:as_tensor:724 - Loaded cache for /proj_sw/user_dev/ctr-apbernal/tt-metal/model_cache/meta-llama/Llama-3.3-70B-Instruct/TG/tensor_cache_instruct_bfp8/layers.23.attention_norm.weight_distributed_dtype_BFLOAT16_layout_ROW_MAJOR.tensorbin of shape Shape([1, 1, 64, 32])
2026-08-29 11:51:46.201 | DEBUG    | core:as_tensor:724 - Loaded cache for /proj_sw/user_dev/ctr-apbernal/tt-metal/model_cache/meta-llama/Llama-3.3-70B-Instruct/TG/tensor_cache_instruct_bfp8/layers.23.ffn_norm.weight_dtype_BFLOAT16_layout_ROW_MAJOR.tensorbin of shape Shape([1, 1, 256, 32])
2026-08-29 11:51:46.203 | DEBUG    | core:as_tensor:724 - Loaded cache for /proj_sw/user_dev/ctr-apbernal/tt-metal/model_cache/meta-llama/Llama-3.3-70B-Instruct/TG/tensor_cache_instruct_bfp8/layers.23.ffn_norm.weight_distributed_dtype_BFLOAT16_layout_ROW_MAJOR.tensorbin of shape Shape([1, 1, 64, 32])
 30%|███       | 24/80 [01:47<04:07,  4.42s/it]2026-08-29 11:51:46.453 | DEBUG    | core:as_tensor:724 - Loaded cache for /proj_sw/user_dev/ctr-apbernal/tt-metal/model_cache/meta-llama/Llama-3.3-70B-Instruct/TG/tensor_cache_instruct_bfp8/layers.24.attention.wqkv_sharded_2d_prefetcher_dtype_BFLOAT8_B_layout_TILE.tensorbin of shape Shape([1, 1, 2048, 1280])
2026-08-29 11:51:46.710 | DEBUG    | core:as_tensor:724 - Loaded cache for /proj_sw/user_dev/ctr-apbernal/tt-metal/model_cache/meta-llama/Llama-3.3-70B-Instruct/TG/tensor_cache_instruct_bfp8/layers.24.attention.wqkv_sharded_2d_dram_dtype_BFLOAT8_B_layout_TILE.tensorbin of shape Shape([1, 1, 2048, 1280])
2026-08-29 11:51:47.045 | DEBUG    | core:as_tensor:724 - Loaded cache for /proj_sw/user_dev/ctr-apbernal/tt-metal/model_cache/meta-llama/Llama-3.3-70B-Instruct/TG/tensor_cache_instruct_bfp8/layers.24.attention.wo_width_sharded_2d_prefetcher_dtype_BFLOAT8_B_layout_TILE.tensorbin of shape Shape([1, 1, 1024, 2048])
2026-08-29 11:51:47.322 | DEBUG    | core:as_tensor:724 - Loaded cache for /proj_sw/user_dev/ctr-apbernal/tt-metal/model_cache/meta-llama/Llama-3.3-70B-Instruct/TG/tensor_cache_instruct_bfp8/layers.24.attention.wo_width_sharded_2d_dram_dtype_BFLOAT8_B_layout_TILE.tensorbin of shape Shape([1, 1, 1024, 2048])
2026-08-29 11:51:47.786 | DEBUG    | core:as_tensor:724 - Loaded cache for /proj_sw/user_dev/ctr-apbernal/tt-metal/model_cache/meta-llama/Llama-3.3-70B-Instruct/TG/tensor_cache_instruct_bfp8/layers.24.attention.wo_col_sharded_dram_dtype_BFLOAT8_B_layout_TILE.tensorbin of shape Shape([1, 1, 8192, 2048])
2026-08-29 11:51:47.800 | DEBUG    | core:as_tensor:724 - Loaded cache for /proj_sw/user_dev/ctr-apbernal/tt-metal/model_cache/meta-llama/Llama-3.3-70B-Instruct/TG/tensor_cache_instruct_bfp8/kvcache_torch.Size([2048, 1, 64, 128])_dtype_BFLOAT8_B_layout_TILE.tensorbin of shape Shape([2048, 1, 64, 128])
2026-08-29 11:51:47.808 | DEBUG    | core:as_tensor:724 - Loaded cache for /proj_sw/user_dev/ctr-apbernal/tt-metal/model_cache/meta-llama/Llama-3.3-70B-Instruct/TG/tensor_cache_instruct_bfp8/kvcache_torch.Size([2048, 1, 64, 128])_dtype_BFLOAT8_B_layout_TILE.tensorbin of shape Shape([2048, 1, 64, 128])
2026-08-29 11:51:48.355 | DEBUG    | core:as_tensor:724 - Loaded cache for /proj_sw/user_dev/ctr-apbernal/tt-metal/model_cache/meta-llama/Llama-3.3-70B-Instruct/TG/tensor_cache_instruct_bfp8/layers.24.feed_forward.w1_shardedprefetcher_dtype_BFLOAT4_B_layout_TILE.tensorbin of shape Shape([1, 1, 2048, 3584])
2026-08-29 11:51:48.861 | DEBUG    | core:as_tensor:724 - Loaded cache for /proj_sw/user_dev/ctr-apbernal/tt-metal/model_cache/meta-llama/Llama-3.3-70B-Instruct/TG/tensor_cache_instruct_bfp8/layers.24.feed_forward.w2_shardedprefetcher_dtype_BFLOAT8_B_layout_TILE.tensorbin of shape Shape([1, 1, 3584, 2048])
2026-08-29 11:51:49.169 | DEBUG    | core:as_tensor:724 - Loaded cache for /proj_sw/user_dev/ctr-apbernal/tt-metal/model_cache/meta-llama/Llama-3.3-70B-Instruct/TG/tensor_cache_instruct_bfp8/layers.24.feed_forward.w3_shardedprefetcher_dtype_BFLOAT4_B_layout_TILE.tensorbin of shape Shape([1, 1, 2048, 3584])
2026-08-29 11:51:49.542 | DEBUG    | core:as_tensor:724 - Loaded cache for /proj_sw/user_dev/ctr-apbernal/tt-metal/model_cache/meta-llama/Llama-3.3-70B-Instruct/TG/tensor_cache_instruct_bfp8/layers.24.feed_forward.w1_interleavedprefetcher_dtype_BFLOAT4_B_layout_TILE.tensorbin of shape Shape([1, 1, 2048, 3584])
2026-08-29 11:51:50.049 | DEBUG    | core:as_tensor:724 - Loaded cache for /proj_sw/user_dev/ctr-apbernal/tt-metal/model_cache/meta-llama/Llama-3.3-70B-Instruct/TG/tensor_cache_instruct_bfp8/layers.24.feed_forward.w2_interleavedprefetcher_dtype_BFLOAT8_B_layout_TILE.tensorbin of shape Shape([1, 1, 3584, 2048])
2026-08-29 11:51:50.351 | DEBUG    | core:as_tensor:724 - Loaded cache for /proj_sw/user_dev/ctr-apbernal/tt-metal/model_cache/meta-llama/Llama-3.3-70B-Instruct/TG/tensor_cache_instruct_bfp8/layers.24.feed_forward.w3_interleavedprefetcher_dtype_BFLOAT4_B_layout_TILE.tensorbin of shape Shape([1, 1, 2048, 3584])
2026-08-29 11:51:50.355 | DEBUG    | core:as_tensor:724 - Loaded cache for /proj_sw/user_dev/ctr-apbernal/tt-metal/model_cache/meta-llama/Llama-3.3-70B-Instruct/TG/tensor_cache_instruct_bfp8/layers.24.attention_norm.weight_dtype_BFLOAT16_layout_ROW_MAJOR.tensorbin of shape Shape([1, 1, 256, 32])
2026-08-29 11:51:50.357 | DEBUG    | core:as_tensor:724 - Loaded cache for /proj_sw/user_dev/ctr-apbernal/tt-metal/model_cache/meta-llama/Llama-3.3-70B-Instruct/TG/tensor_cache_instruct_bfp8/layers.24.attention_norm.weight_distributed_dtype_BFLOAT16_layout_ROW_MAJOR.tensorbin of shape Shape([1, 1, 64, 32])
2026-08-29 11:51:50.359 | DEBUG    | core:as_tensor:724 - Loaded cache for /proj_sw/user_dev/ctr-apbernal/tt-metal/model_cache/meta-llama/Llama-3.3-70B-Instruct/TG/tensor_cache_instruct_bfp8/layers.24.ffn_norm.weight_dtype_BFLOAT16_layout_ROW_MAJOR.tensorbin of shape Shape([1, 1, 256, 32])
2026-08-29 11:51:50.362 | DEBUG    | core:as_tensor:724 - Loaded cache for /proj_sw/user_dev/ctr-apbernal/tt-metal/model_cache/meta-llama/Llama-3.3-70B-Instruct/TG/tensor_cache_instruct_bfp8/layers.24.ffn_norm.weight_distributed_dtype_BFLOAT16_layout_ROW_MAJOR.tensorbin of shape Shape([1, 1, 64, 32])
 31%|███▏      | 25/80 [01:51<03:58,  4.34s/it]2026-08-29 11:51:50.773 | DEBUG    | core:as_tensor:724 - Loaded cache for /proj_sw/user_dev/ctr-apbernal/tt-metal/model_cache/meta-llama/Llama-3.3-70B-Instruct/TG/tensor_cache_instruct_bfp8/layers.25.attention.wqkv_sharded_2d_prefetcher_dtype_BFLOAT8_B_layout_TILE.tensorbin of shape Shape([1, 1, 2048, 1280])
2026-08-29 11:51:51.059 | DEBUG    | core:as_tensor:724 - Loaded cache for /proj_sw/user_dev/ctr-apbernal/tt-metal/model_cache/meta-llama/Llama-3.3-70B-Instruct/TG/tensor_cache_instruct_bfp8/layers.25.attention.wqkv_sharded_2d_dram_dtype_BFLOAT8_B_layout_TILE.tensorbin of shape Shape([1, 1, 2048, 1280])
2026-08-29 11:51:51.405 | DEBUG    | core:as_tensor:724 - Loaded cache for /proj_sw/user_dev/ctr-apbernal/tt-metal/model_cache/meta-llama/Llama-3.3-70B-Instruct/TG/tensor_cache_instruct_bfp8/layers.25.attention.wo_width_sharded_2d_prefetcher_dtype_BFLOAT8_B_layout_TILE.tensorbin of shape Shape([1, 1, 1024, 2048])
2026-08-29 11:51:51.712 | DEBUG    | core:as_tensor:724 - Loaded cache for /proj_sw/user_dev/ctr-apbernal/tt-metal/model_cache/meta-llama/Llama-3.3-70B-Instruct/TG/tensor_cache_instruct_bfp8/layers.25.attention.wo_width_sharded_2d_dram_dtype_BFLOAT8_B_layout_TILE.tensorbin of shape Shape([1, 1, 1024, 2048])
2026-08-29 11:51:52.306 | DEBUG    | core:as_tensor:724 - Loaded cache for /proj_sw/user_dev/ctr-apbernal/tt-metal/model_cache/meta-llama/Llama-3.3-70B-Instruct/TG/tensor_cache_instruct_bfp8/layers.25.attention.wo_col_sharded_dram_dtype_BFLOAT8_B_layout_TILE.tensorbin of shape Shape([1, 1, 8192, 2048])
2026-08-29 11:51:52.325 | DEBUG    | core:as_tensor:724 - Loaded cache for /proj_sw/user_dev/ctr-apbernal/tt-metal/model_cache/meta-llama/Llama-3.3-70B-Instruct/TG/tensor_cache_instruct_bfp8/kvcache_torch.Size([2048, 1, 64, 128])_dtype_BFLOAT8_B_layout_TILE.tensorbin of shape Shape([2048, 1, 64, 128])
2026-08-29 11:51:52.334 | DEBUG    | core:as_tensor:724 - Loaded cache for /proj_sw/user_dev/ctr-apbernal/tt-metal/model_cache/meta-llama/Llama-3.3-70B-Instruct/TG/tensor_cache_instruct_bfp8/kvcache_torch.Size([2048, 1, 64, 128])_dtype_BFLOAT8_B_layout_TILE.tensorbin of shape Shape([2048, 1, 64, 128])
2026-08-29 11:51:52.868 | DEBUG    | core:as_tensor:724 - Loaded cache for /proj_sw/user_dev/ctr-apbernal/tt-metal/model_cache/meta-llama/Llama-3.3-70B-Instruct/TG/tensor_cache_instruct_bfp8/layers.25.feed_forward.w1_shardedprefetcher_dtype_BFLOAT4_B_layout_TILE.tensorbin of shape Shape([1, 1, 2048, 3584])
2026-08-29 11:51:53.368 | DEBUG    | core:as_tensor:724 - Loaded cache for /proj_sw/user_dev/ctr-apbernal/tt-metal/model_cache/meta-llama/Llama-3.3-70B-Instruct/TG/tensor_cache_instruct_bfp8/layers.25.feed_forward.w2_shardedprefetcher_dtype_BFLOAT8_B_layout_TILE.tensorbin of shape Shape([1, 1, 3584, 2048])
2026-08-29 11:51:53.690 | DEBUG    | core:as_tensor:724 - Loaded cache for /proj_sw/user_dev/ctr-apbernal/tt-metal/model_cache/meta-llama/Llama-3.3-70B-Instruct/TG/tensor_cache_instruct_bfp8/layers.25.feed_forward.w3_shardedprefetcher_dtype_BFLOAT4_B_layout_TILE.tensorbin of shape Shape([1, 1, 2048, 3584])
2026-08-29 11:51:53.982 | DEBUG    | core:as_tensor:724 - Loaded cache for /proj_sw/user_dev/ctr-apbernal/tt-metal/model_cache/meta-llama/Llama-3.3-70B-Instruct/TG/tensor_cache_instruct_bfp8/layers.25.feed_forward.w1_interleavedprefetcher_dtype_BFLOAT4_B_layout_TILE.tensorbin of shape Shape([1, 1, 2048, 3584])
2026-08-29 11:51:54.499 | DEBUG    | core:as_tensor:724 - Loaded cache for /proj_sw/user_dev/ctr-apbernal/tt-metal/model_cache/meta-llama/Llama-3.3-70B-Instruct/TG/tensor_cache_instruct_bfp8/layers.25.feed_forward.w2_interleavedprefetcher_dtype_BFLOAT8_B_layout_TILE.tensorbin of shape Shape([1, 1, 3584, 2048])
2026-08-29 11:51:54.816 | DEBUG    | core:as_tensor:724 - Loaded cache for /proj_sw/user_dev/ctr-apbernal/tt-metal/model_cache/meta-llama/Llama-3.3-70B-Instruct/TG/tensor_cache_instruct_bfp8/layers.25.feed_forward.w3_interleavedprefetcher_dtype_BFLOAT4_B_layout_TILE.tensorbin of shape Shape([1, 1, 2048, 3584])
2026-08-29 11:51:54.821 | DEBUG    | core:as_tensor:724 - Loaded cache for /proj_sw/user_dev/ctr-apbernal/tt-metal/model_cache/meta-llama/Llama-3.3-70B-Instruct/TG/tensor_cache_instruct_bfp8/layers.25.attention_norm.weight_dtype_BFLOAT16_layout_ROW_MAJOR.tensorbin of shape Shape([1, 1, 256, 32])
2026-08-29 11:51:54.823 | DEBUG    | core:as_tensor:724 - Loaded cache for /proj_sw/user_dev/ctr-apbernal/tt-metal/model_cache/meta-llama/Llama-3.3-70B-Instruct/TG/tensor_cache_instruct_bfp8/layers.25.attention_norm.weight_distributed_dtype_BFLOAT16_layout_ROW_MAJOR.tensorbin of shape Shape([1, 1, 64, 32])
2026-08-29 11:51:54.827 | DEBUG    | core:as_tensor:724 - Loaded cache for /proj_sw/user_dev/ctr-apbernal/tt-metal/model_cache/meta-llama/Llama-3.3-70B-Instruct/TG/tensor_cache_instruct_bfp8/layers.25.ffn_norm.weight_dtype_BFLOAT16_layout_ROW_MAJOR.tensorbin of shape Shape([1, 1, 256, 32])
2026-08-29 11:51:54.828 | DEBUG    | core:as_tensor:724 - Loaded cache for /proj_sw/user_dev/ctr-apbernal/tt-metal/model_cache/meta-llama/Llama-3.3-70B-Instruct/TG/tensor_cache_instruct_bfp8/layers.25.ffn_norm.weight_distributed_dtype_BFLOAT16_layout_ROW_MAJOR.tensorbin of shape Shape([1, 1, 64, 32])
 32%|███▎      | 26/80 [01:55<03:56,  4.38s/it]2026-08-29 11:51:55.227 | DEBUG    | core:as_tensor:724 - Loaded cache for /proj_sw/user_dev/ctr-apbernal/tt-metal/model_cache/meta-llama/Llama-3.3-70B-Instruct/TG/tensor_cache_instruct_bfp8/layers.26.attention.wqkv_sharded_2d_prefetcher_dtype_BFLOAT8_B_layout_TILE.tensorbin of shape Shape([1, 1, 2048, 1280])
2026-08-29 11:51:55.607 | DEBUG    | core:as_tensor:724 - Loaded cache for /proj_sw/user_dev/ctr-apbernal/tt-metal/model_cache/meta-llama/Llama-3.3-70B-Instruct/TG/tensor_cache_instruct_bfp8/layers.26.attention.wqkv_sharded_2d_dram_dtype_BFLOAT8_B_layout_TILE.tensorbin of shape Shape([1, 1, 2048, 1280])
2026-08-29 11:51:55.946 | DEBUG    | core:as_tensor:724 - Loaded cache for /proj_sw/user_dev/ctr-apbernal/tt-metal/model_cache/meta-llama/Llama-3.3-70B-Instruct/TG/tensor_cache_instruct_bfp8/layers.26.attention.wo_width_sharded_2d_prefetcher_dtype_BFLOAT8_B_layout_TILE.tensorbin of shape Shape([1, 1, 1024, 2048])
2026-08-29 11:51:56.280 | DEBUG    | core:as_tensor:724 - Loaded cache for /proj_sw/user_dev/ctr-apbernal/tt-metal/model_cache/meta-llama/Llama-3.3-70B-Instruct/TG/tensor_cache_instruct_bfp8/layers.26.attention.wo_width_sharded_2d_dram_dtype_BFLOAT8_B_layout_TILE.tensorbin of shape Shape([1, 1, 1024, 2048])
2026-08-29 11:51:56.455 | DEBUG    | core:as_tensor:724 - Loaded cache for /proj_sw/user_dev/ctr-apbernal/tt-metal/model_cache/meta-llama/Llama-3.3-70B-Instruct/TG/tensor_cache_instruct_bfp8/layers.26.attention.wo_col_sharded_dram_dtype_BFLOAT8_B_layout_TILE.tensorbin of shape Shape([1, 1, 8192, 2048])
2026-08-29 11:51:56.470 | DEBUG    | core:as_tensor:724 - Loaded cache for /proj_sw/user_dev/ctr-apbernal/tt-metal/model_cache/meta-llama/Llama-3.3-70B-Instruct/TG/tensor_cache_instruct_bfp8/kvcache_torch.Size([2048, 1, 64, 128])_dtype_BFLOAT8_B_layout_TILE.tensorbin of shape Shape([2048, 1, 64, 128])
2026-08-29 11:51:56.479 | DEBUG    | core:as_tensor:724 - Loaded cache for /proj_sw/user_dev/ctr-apbernal/tt-metal/model_cache/meta-llama/Llama-3.3-70B-Instruct/TG/tensor_cache_instruct_bfp8/kvcache_torch.Size([2048, 1, 64, 128])_dtype_BFLOAT8_B_layout_TILE.tensorbin of shape Shape([2048, 1, 64, 128])
2026-08-29 11:51:56.801 | DEBUG    | core:as_tensor:724 - Loaded cache for /proj_sw/user_dev/ctr-apbernal/tt-metal/model_cache/meta-llama/Llama-3.3-70B-Instruct/TG/tensor_cache_instruct_bfp8/layers.26.feed_forward.w1_shardedprefetcher_dtype_BFLOAT4_B_layout_TILE.tensorbin of shape Shape([1, 1, 2048, 3584])
2026-08-29 11:51:57.318 | DEBUG    | core:as_tensor:724 - Loaded cache for /proj_sw/user_dev/ctr-apbernal/tt-metal/model_cache/meta-llama/Llama-3.3-70B-Instruct/TG/tensor_cache_instruct_bfp8/layers.26.feed_forward.w2_shardedprefetcher_dtype_BFLOAT8_B_layout_TILE.tensorbin of shape Shape([1, 1, 3584, 2048])
2026-08-29 11:51:57.758 | DEBUG    | core:as_tensor:724 - Loaded cache for /proj_sw/user_dev/ctr-apbernal/tt-metal/model_cache/meta-llama/Llama-3.3-70B-Instruct/TG/tensor_cache_instruct_bfp8/layers.26.feed_forward.w3_shardedprefetcher_dtype_BFLOAT4_B_layout_TILE.tensorbin of shape Shape([1, 1, 2048, 3584])
2026-08-29 11:51:58.041 | DEBUG    | core:as_tensor:724 - Loaded cache for /proj_sw/user_dev/ctr-apbernal/tt-metal/model_cache/meta-llama/Llama-3.3-70B-Instruct/TG/tensor_cache_instruct_bfp8/layers.26.feed_forward.w1_interleavedprefetcher_dtype_BFLOAT4_B_layout_TILE.tensorbin of shape Shape([1, 1, 2048, 3584])
2026-08-29 11:51:58.557 | DEBUG    | core:as_tensor:724 - Loaded cache for /proj_sw/user_dev/ctr-apbernal/tt-metal/model_cache/meta-llama/Llama-3.3-70B-Instruct/TG/tensor_cache_instruct_bfp8/layers.26.feed_forward.w2_interleavedprefetcher_dtype_BFLOAT8_B_layout_TILE.tensorbin of shape Shape([1, 1, 3584, 2048])
2026-08-29 11:51:59.047 | DEBUG    | core:as_tensor:724 - Loaded cache for /proj_sw/user_dev/ctr-apbernal/tt-metal/model_cache/meta-llama/Llama-3.3-70B-Instruct/TG/tensor_cache_instruct_bfp8/layers.26.feed_forward.w3_interleavedprefetcher_dtype_BFLOAT4_B_layout_TILE.tensorbin of shape Shape([1, 1, 2048, 3584])
2026-08-29 11:51:59.054 | DEBUG    | core:as_tensor:724 - Loaded cache for /proj_sw/user_dev/ctr-apbernal/tt-metal/model_cache/meta-llama/Llama-3.3-70B-Instruct/TG/tensor_cache_instruct_bfp8/layers.26.attention_norm.weight_dtype_BFLOAT16_layout_ROW_MAJOR.tensorbin of shape Shape([1, 1, 256, 32])
2026-08-29 11:51:59.056 | DEBUG    | core:as_tensor:724 - Loaded cache for /proj_sw/user_dev/ctr-apbernal/tt-metal/model_cache/meta-llama/Llama-3.3-70B-Instruct/TG/tensor_cache_instruct_bfp8/layers.26.attention_norm.weight_distributed_dtype_BFLOAT16_layout_ROW_MAJOR.tensorbin of shape Shape([1, 1, 64, 32])
2026-08-29 11:51:59.059 | DEBUG    | core:as_tensor:724 - Loaded cache for /proj_sw/user_dev/ctr-apbernal/tt-metal/model_cache/meta-llama/Llama-3.3-70B-Instruct/TG/tensor_cache_instruct_bfp8/layers.26.ffn_norm.weight_dtype_BFLOAT16_layout_ROW_MAJOR.tensorbin of shape Shape([1, 1, 256, 32])
2026-08-29 11:51:59.064 | DEBUG    | core:as_tensor:724 - Loaded cache for /proj_sw/user_dev/ctr-apbernal/tt-metal/model_cache/meta-llama/Llama-3.3-70B-Instruct/TG/tensor_cache_instruct_bfp8/layers.26.ffn_norm.weight_distributed_dtype_BFLOAT16_layout_ROW_MAJOR.tensorbin of shape Shape([1, 1, 64, 32])
 34%|███▍      | 27/80 [02:00<03:49,  4.34s/it]2026-08-29 11:51:59.317 | DEBUG    | core:as_tensor:724 - Loaded cache for /proj_sw/user_dev/ctr-apbernal/tt-metal/model_cache/meta-llama/Llama-3.3-70B-Instruct/TG/tensor_cache_instruct_bfp8/layers.27.attention.wqkv_sharded_2d_prefetcher_dtype_BFLOAT8_B_layout_TILE.tensorbin of shape Shape([1, 1, 2048, 1280])
2026-08-29 11:51:59.635 | DEBUG    | core:as_tensor:724 - Loaded cache for /proj_sw/user_dev/ctr-apbernal/tt-metal/model_cache/meta-llama/Llama-3.3-70B-Instruct/TG/tensor_cache_instruct_bfp8/layers.27.attention.wqkv_sharded_2d_dram_dtype_BFLOAT8_B_layout_TILE.tensorbin of shape Shape([1, 1, 2048, 1280])
2026-08-29 11:51:59.965 | DEBUG    | core:as_tensor:724 - Loaded cache for /proj_sw/user_dev/ctr-apbernal/tt-metal/model_cache/meta-llama/Llama-3.3-70B-Instruct/TG/tensor_cache_instruct_bfp8/layers.27.attention.wo_width_sharded_2d_prefetcher_dtype_BFLOAT8_B_layout_TILE.tensorbin of shape Shape([1, 1, 1024, 2048])
2026-08-29 11:52:00.289 | DEBUG    | core:as_tensor:724 - Loaded cache for /proj_sw/user_dev/ctr-apbernal/tt-metal/model_cache/meta-llama/Llama-3.3-70B-Instruct/TG/tensor_cache_instruct_bfp8/layers.27.attention.wo_width_sharded_2d_dram_dtype_BFLOAT8_B_layout_TILE.tensorbin of shape Shape([1, 1, 1024, 2048])
2026-08-29 11:52:00.737 | DEBUG    | core:as_tensor:724 - Loaded cache for /proj_sw/user_dev/ctr-apbernal/tt-metal/model_cache/meta-llama/Llama-3.3-70B-Instruct/TG/tensor_cache_instruct_bfp8/layers.27.attention.wo_col_sharded_dram_dtype_BFLOAT8_B_layout_TILE.tensorbin of shape Shape([1, 1, 8192, 2048])
2026-08-29 11:52:00.752 | DEBUG    | core:as_tensor:724 - Loaded cache for /proj_sw/user_dev/ctr-apbernal/tt-metal/model_cache/meta-llama/Llama-3.3-70B-Instruct/TG/tensor_cache_instruct_bfp8/kvcache_torch.Size([2048, 1, 64, 128])_dtype_BFLOAT8_B_layout_TILE.tensorbin of shape Shape([2048, 1, 64, 128])
2026-08-29 11:52:00.760 | DEBUG    | core:as_tensor:724 - Loaded cache for /proj_sw/user_dev/ctr-apbernal/tt-metal/model_cache/meta-llama/Llama-3.3-70B-Instruct/TG/tensor_cache_instruct_bfp8/kvcache_torch.Size([2048, 1, 64, 128])_dtype_BFLOAT8_B_layout_TILE.tensorbin of shape Shape([2048, 1, 64, 128])
2026-08-29 11:52:01.259 | DEBUG    | core:as_tensor:724 - Loaded cache for /proj_sw/user_dev/ctr-apbernal/tt-metal/model_cache/meta-llama/Llama-3.3-70B-Instruct/TG/tensor_cache_instruct_bfp8/layers.27.feed_forward.w1_shardedprefetcher_dtype_BFLOAT4_B_layout_TILE.tensorbin of shape Shape([1, 1, 2048, 3584])
2026-08-29 11:52:01.768 | DEBUG    | core:as_tensor:724 - Loaded cache for /proj_sw/user_dev/ctr-apbernal/tt-metal/model_cache/meta-llama/Llama-3.3-70B-Instruct/TG/tensor_cache_instruct_bfp8/layers.27.feed_forward.w2_shardedprefetcher_dtype_BFLOAT8_B_layout_TILE.tensorbin of shape Shape([1, 1, 3584, 2048])
2026-08-29 11:52:02.062 | DEBUG    | core:as_tensor:724 - Loaded cache for /proj_sw/user_dev/ctr-apbernal/tt-metal/model_cache/meta-llama/Llama-3.3-70B-Instruct/TG/tensor_cache_instruct_bfp8/layers.27.feed_forward.w3_shardedprefetcher_dtype_BFLOAT4_B_layout_TILE.tensorbin of shape Shape([1, 1, 2048, 3584])
2026-08-29 11:52:02.605 | DEBUG    | core:as_tensor:724 - Loaded cache for /proj_sw/user_dev/ctr-apbernal/tt-metal/model_cache/meta-llama/Llama-3.3-70B-Instruct/TG/tensor_cache_instruct_bfp8/layers.27.feed_forward.w1_interleavedprefetcher_dtype_BFLOAT4_B_layout_TILE.tensorbin of shape Shape([1, 1, 2048, 3584])
2026-08-29 11:52:03.119 | DEBUG    | core:as_tensor:724 - Loaded cache for /proj_sw/user_dev/ctr-apbernal/tt-metal/model_cache/meta-llama/Llama-3.3-70B-Instruct/TG/tensor_cache_instruct_bfp8/layers.27.feed_forward.w2_interleavedprefetcher_dtype_BFLOAT8_B_layout_TILE.tensorbin of shape Shape([1, 1, 3584, 2048])
2026-08-29 11:52:03.419 | DEBUG    | core:as_tensor:724 - Loaded cache for /proj_sw/user_dev/ctr-apbernal/tt-metal/model_cache/meta-llama/Llama-3.3-70B-Instruct/TG/tensor_cache_instruct_bfp8/layers.27.feed_forward.w3_interleavedprefetcher_dtype_BFLOAT4_B_layout_TILE.tensorbin of shape Shape([1, 1, 2048, 3584])
2026-08-29 11:52:03.422 | DEBUG    | core:as_tensor:724 - Loaded cache for /proj_sw/user_dev/ctr-apbernal/tt-metal/model_cache/meta-llama/Llama-3.3-70B-Instruct/TG/tensor_cache_instruct_bfp8/layers.27.attention_norm.weight_dtype_BFLOAT16_layout_ROW_MAJOR.tensorbin of shape Shape([1, 1, 256, 32])
2026-08-29 11:52:03.425 | DEBUG    | core:as_tensor:724 - Loaded cache for /proj_sw/user_dev/ctr-apbernal/tt-metal/model_cache/meta-llama/Llama-3.3-70B-Instruct/TG/tensor_cache_instruct_bfp8/layers.27.attention_norm.weight_distributed_dtype_BFLOAT16_layout_ROW_MAJOR.tensorbin of shape Shape([1, 1, 64, 32])
2026-08-29 11:52:03.427 | DEBUG    | core:as_tensor:724 - Loaded cache for /proj_sw/user_dev/ctr-apbernal/tt-metal/model_cache/meta-llama/Llama-3.3-70B-Instruct/TG/tensor_cache_instruct_bfp8/layers.27.ffn_norm.weight_dtype_BFLOAT16_layout_ROW_MAJOR.tensorbin of shape Shape([1, 1, 256, 32])
2026-08-29 11:52:03.429 | DEBUG    | core:as_tensor:724 - Loaded cache for /proj_sw/user_dev/ctr-apbernal/tt-metal/model_cache/meta-llama/Llama-3.3-70B-Instruct/TG/tensor_cache_instruct_bfp8/layers.27.ffn_norm.weight_distributed_dtype_BFLOAT16_layout_ROW_MAJOR.tensorbin of shape Shape([1, 1, 64, 32])
 35%|███▌      | 28/80 [02:04<03:45,  4.35s/it]2026-08-29 11:52:03.801 | DEBUG    | core:as_tensor:724 - Loaded cache for /proj_sw/user_dev/ctr-apbernal/tt-metal/model_cache/meta-llama/Llama-3.3-70B-Instruct/TG/tensor_cache_instruct_bfp8/layers.28.attention.wqkv_sharded_2d_prefetcher_dtype_BFLOAT8_B_layout_TILE.tensorbin of shape Shape([1, 1, 2048, 1280])
2026-08-29 11:52:04.203 | DEBUG    | core:as_tensor:724 - Loaded cache for /proj_sw/user_dev/ctr-apbernal/tt-metal/model_cache/meta-llama/Llama-3.3-70B-Instruct/TG/tensor_cache_instruct_bfp8/layers.28.attention.wqkv_sharded_2d_dram_dtype_BFLOAT8_B_layout_TILE.tensorbin of shape Shape([1, 1, 2048, 1280])
2026-08-29 11:52:04.494 | DEBUG    | core:as_tensor:724 - Loaded cache for /proj_sw/user_dev/ctr-apbernal/tt-metal/model_cache/meta-llama/Llama-3.3-70B-Instruct/TG/tensor_cache_instruct_bfp8/layers.28.attention.wo_width_sharded_2d_prefetcher_dtype_BFLOAT8_B_layout_TILE.tensorbin of shape Shape([1, 1, 1024, 2048])
2026-08-29 11:52:04.838 | DEBUG    | core:as_tensor:724 - Loaded cache for /proj_sw/user_dev/ctr-apbernal/tt-metal/model_cache/meta-llama/Llama-3.3-70B-Instruct/TG/tensor_cache_instruct_bfp8/layers.28.attention.wo_width_sharded_2d_dram_dtype_BFLOAT8_B_layout_TILE.tensorbin of shape Shape([1, 1, 1024, 2048])
2026-08-29 11:52:05.313 | DEBUG    | core:as_tensor:724 - Loaded cache for /proj_sw/user_dev/ctr-apbernal/tt-metal/model_cache/meta-llama/Llama-3.3-70B-Instruct/TG/tensor_cache_instruct_bfp8/layers.28.attention.wo_col_sharded_dram_dtype_BFLOAT8_B_layout_TILE.tensorbin of shape Shape([1, 1, 8192, 2048])
2026-08-29 11:52:05.330 | DEBUG    | core:as_tensor:724 - Loaded cache for /proj_sw/user_dev/ctr-apbernal/tt-metal/model_cache/meta-llama/Llama-3.3-70B-Instruct/TG/tensor_cache_instruct_bfp8/kvcache_torch.Size([2048, 1, 64, 128])_dtype_BFLOAT8_B_layout_TILE.tensorbin of shape Shape([2048, 1, 64, 128])
2026-08-29 11:52:05.338 | DEBUG    | core:as_tensor:724 - Loaded cache for /proj_sw/user_dev/ctr-apbernal/tt-metal/model_cache/meta-llama/Llama-3.3-70B-Instruct/TG/tensor_cache_instruct_bfp8/kvcache_torch.Size([2048, 1, 64, 128])_dtype_BFLOAT8_B_layout_TILE.tensorbin of shape Shape([2048, 1, 64, 128])
2026-08-29 11:52:05.905 | DEBUG    | core:as_tensor:724 - Loaded cache for /proj_sw/user_dev/ctr-apbernal/tt-metal/model_cache/meta-llama/Llama-3.3-70B-Instruct/TG/tensor_cache_instruct_bfp8/layers.28.feed_forward.w1_shardedprefetcher_dtype_BFLOAT4_B_layout_TILE.tensorbin of shape Shape([1, 1, 2048, 3584])
2026-08-29 11:52:06.414 | DEBUG    | core:as_tensor:724 - Loaded cache for /proj_sw/user_dev/ctr-apbernal/tt-metal/model_cache/meta-llama/Llama-3.3-70B-Instruct/TG/tensor_cache_instruct_bfp8/layers.28.feed_forward.w2_shardedprefetcher_dtype_BFLOAT8_B_layout_TILE.tensorbin of shape Shape([1, 1, 3584, 2048])
2026-08-29 11:52:06.723 | DEBUG    | core:as_tensor:724 - Loaded cache for /proj_sw/user_dev/ctr-apbernal/tt-metal/model_cache/meta-llama/Llama-3.3-70B-Instruct/TG/tensor_cache_instruct_bfp8/layers.28.feed_forward.w3_shardedprefetcher_dtype_BFLOAT4_B_layout_TILE.tensorbin of shape Shape([1, 1, 2048, 3584])
2026-08-29 11:52:07.054 | DEBUG    | core:as_tensor:724 - Loaded cache for /proj_sw/user_dev/ctr-apbernal/tt-metal/model_cache/meta-llama/Llama-3.3-70B-Instruct/TG/tensor_cache_instruct_bfp8/layers.28.feed_forward.w1_interleavedprefetcher_dtype_BFLOAT4_B_layout_TILE.tensorbin of shape Shape([1, 1, 2048, 3584])
2026-08-29 11:52:07.559 | DEBUG    | core:as_tensor:724 - Loaded cache for /proj_sw/user_dev/ctr-apbernal/tt-metal/model_cache/meta-llama/Llama-3.3-70B-Instruct/TG/tensor_cache_instruct_bfp8/layers.28.feed_forward.w2_interleavedprefetcher_dtype_BFLOAT8_B_layout_TILE.tensorbin of shape Shape([1, 1, 3584, 2048])
2026-08-29 11:52:07.869 | DEBUG    | core:as_tensor:724 - Loaded cache for /proj_sw/user_dev/ctr-apbernal/tt-metal/model_cache/meta-llama/Llama-3.3-70B-Instruct/TG/tensor_cache_instruct_bfp8/layers.28.feed_forward.w3_interleavedprefetcher_dtype_BFLOAT4_B_layout_TILE.tensorbin of shape Shape([1, 1, 2048, 3584])
2026-08-29 11:52:07.872 | DEBUG    | core:as_tensor:724 - Loaded cache for /proj_sw/user_dev/ctr-apbernal/tt-metal/model_cache/meta-llama/Llama-3.3-70B-Instruct/TG/tensor_cache_instruct_bfp8/layers.28.attention_norm.weight_dtype_BFLOAT16_layout_ROW_MAJOR.tensorbin of shape Shape([1, 1, 256, 32])
2026-08-29 11:52:07.874 | DEBUG    | core:as_tensor:724 - Loaded cache for /proj_sw/user_dev/ctr-apbernal/tt-metal/model_cache/meta-llama/Llama-3.3-70B-Instruct/TG/tensor_cache_instruct_bfp8/layers.28.attention_norm.weight_distributed_dtype_BFLOAT16_layout_ROW_MAJOR.tensorbin of shape Shape([1, 1, 64, 32])
2026-08-29 11:52:07.876 | DEBUG    | core:as_tensor:724 - Loaded cache for /proj_sw/user_dev/ctr-apbernal/tt-metal/model_cache/meta-llama/Llama-3.3-70B-Instruct/TG/tensor_cache_instruct_bfp8/layers.28.ffn_norm.weight_dtype_BFLOAT16_layout_ROW_MAJOR.tensorbin of shape Shape([1, 1, 256, 32])
2026-08-29 11:52:07.879 | DEBUG    | core:as_tensor:724 - Loaded cache for /proj_sw/user_dev/ctr-apbernal/tt-metal/model_cache/meta-llama/Llama-3.3-70B-Instruct/TG/tensor_cache_instruct_bfp8/layers.28.ffn_norm.weight_distributed_dtype_BFLOAT16_layout_ROW_MAJOR.tensorbin of shape Shape([1, 1, 64, 32])
 36%|███▋      | 29/80 [02:09<03:43,  4.38s/it]2026-08-29 11:52:08.147 | DEBUG    | core:as_tensor:724 - Loaded cache for /proj_sw/user_dev/ctr-apbernal/tt-metal/model_cache/meta-llama/Llama-3.3-70B-Instruct/TG/tensor_cache_instruct_bfp8/layers.29.attention.wqkv_sharded_2d_prefetcher_dtype_BFLOAT8_B_layout_TILE.tensorbin of shape Shape([1, 1, 2048, 1280])
2026-08-29 11:52:08.578 | DEBUG    | core:as_tensor:724 - Loaded cache for /proj_sw/user_dev/ctr-apbernal/tt-metal/model_cache/meta-llama/Llama-3.3-70B-Instruct/TG/tensor_cache_instruct_bfp8/layers.29.attention.wqkv_sharded_2d_dram_dtype_BFLOAT8_B_layout_TILE.tensorbin of shape Shape([1, 1, 2048, 1280])
2026-08-29 11:52:08.870 | DEBUG    | core:as_tensor:724 - Loaded cache for /proj_sw/user_dev/ctr-apbernal/tt-metal/model_cache/meta-llama/Llama-3.3-70B-Instruct/TG/tensor_cache_instruct_bfp8/layers.29.attention.wo_width_sharded_2d_prefetcher_dtype_BFLOAT8_B_layout_TILE.tensorbin of shape Shape([1, 1, 1024, 2048])
2026-08-29 11:52:09.216 | DEBUG    | core:as_tensor:724 - Loaded cache for /proj_sw/user_dev/ctr-apbernal/tt-metal/model_cache/meta-llama/Llama-3.3-70B-Instruct/TG/tensor_cache_instruct_bfp8/layers.29.attention.wo_width_sharded_2d_dram_dtype_BFLOAT8_B_layout_TILE.tensorbin of shape Shape([1, 1, 1024, 2048])
2026-08-29 11:52:09.772 | DEBUG    | core:as_tensor:724 - Loaded cache for /proj_sw/user_dev/ctr-apbernal/tt-metal/model_cache/meta-llama/Llama-3.3-70B-Instruct/TG/tensor_cache_instruct_bfp8/layers.29.attention.wo_col_sharded_dram_dtype_BFLOAT8_B_layout_TILE.tensorbin of shape Shape([1, 1, 8192, 2048])
2026-08-29 11:52:09.790 | DEBUG    | core:as_tensor:724 - Loaded cache for /proj_sw/user_dev/ctr-apbernal/tt-metal/model_cache/meta-llama/Llama-3.3-70B-Instruct/TG/tensor_cache_instruct_bfp8/kvcache_torch.Size([2048, 1, 64, 128])_dtype_BFLOAT8_B_layout_TILE.tensorbin of shape Shape([2048, 1, 64, 128])
2026-08-29 11:52:09.798 | DEBUG    | core:as_tensor:724 - Loaded cache for /proj_sw/user_dev/ctr-apbernal/tt-metal/model_cache/meta-llama/Llama-3.3-70B-Instruct/TG/tensor_cache_instruct_bfp8/kvcache_torch.Size([2048, 1, 64, 128])_dtype_BFLOAT8_B_layout_TILE.tensorbin of shape Shape([2048, 1, 64, 128])
2026-08-29 11:52:10.321 | DEBUG    | core:as_tensor:724 - Loaded cache for /proj_sw/user_dev/ctr-apbernal/tt-metal/model_cache/meta-llama/Llama-3.3-70B-Instruct/TG/tensor_cache_instruct_bfp8/layers.29.feed_forward.w1_shardedprefetcher_dtype_BFLOAT4_B_layout_TILE.tensorbin of shape Shape([1, 1, 2048, 3584])
2026-08-29 11:52:10.826 | DEBUG    | core:as_tensor:724 - Loaded cache for /proj_sw/user_dev/ctr-apbernal/tt-metal/model_cache/meta-llama/Llama-3.3-70B-Instruct/TG/tensor_cache_instruct_bfp8/layers.29.feed_forward.w2_shardedprefetcher_dtype_BFLOAT8_B_layout_TILE.tensorbin of shape Shape([1, 1, 3584, 2048])
2026-08-29 11:52:11.341 | DEBUG    | core:as_tensor:724 - Loaded cache for /proj_sw/user_dev/ctr-apbernal/tt-metal/model_cache/meta-llama/Llama-3.3-70B-Instruct/TG/tensor_cache_instruct_bfp8/layers.29.feed_forward.w3_shardedprefetcher_dtype_BFLOAT4_B_layout_TILE.tensorbin of shape Shape([1, 1, 2048, 3584])
2026-08-29 11:52:11.638 | DEBUG    | core:as_tensor:724 - Loaded cache for /proj_sw/user_dev/ctr-apbernal/tt-metal/model_cache/meta-llama/Llama-3.3-70B-Instruct/TG/tensor_cache_instruct_bfp8/layers.29.feed_forward.w1_interleavedprefetcher_dtype_BFLOAT4_B_layout_TILE.tensorbin of shape Shape([1, 1, 2048, 3584])
2026-08-29 11:52:12.132 | DEBUG    | core:as_tensor:724 - Loaded cache for /proj_sw/user_dev/ctr-apbernal/tt-metal/model_cache/meta-llama/Llama-3.3-70B-Instruct/TG/tensor_cache_instruct_bfp8/layers.29.feed_forward.w2_interleavedprefetcher_dtype_BFLOAT8_B_layout_TILE.tensorbin of shape Shape([1, 1, 3584, 2048])
2026-08-29 11:52:12.441 | DEBUG    | core:as_tensor:724 - Loaded cache for /proj_sw/user_dev/ctr-apbernal/tt-metal/model_cache/meta-llama/Llama-3.3-70B-Instruct/TG/tensor_cache_instruct_bfp8/layers.29.feed_forward.w3_interleavedprefetcher_dtype_BFLOAT4_B_layout_TILE.tensorbin of shape Shape([1, 1, 2048, 3584])
2026-08-29 11:52:12.446 | DEBUG    | core:as_tensor:724 - Loaded cache for /proj_sw/user_dev/ctr-apbernal/tt-metal/model_cache/meta-llama/Llama-3.3-70B-Instruct/TG/tensor_cache_instruct_bfp8/layers.29.attention_norm.weight_dtype_BFLOAT16_layout_ROW_MAJOR.tensorbin of shape Shape([1, 1, 256, 32])
2026-08-29 11:52:12.448 | DEBUG    | core:as_tensor:724 - Loaded cache for /proj_sw/user_dev/ctr-apbernal/tt-metal/model_cache/meta-llama/Llama-3.3-70B-Instruct/TG/tensor_cache_instruct_bfp8/layers.29.attention_norm.weight_distributed_dtype_BFLOAT16_layout_ROW_MAJOR.tensorbin of shape Shape([1, 1, 64, 32])
2026-08-29 11:52:12.450 | DEBUG    | core:as_tensor:724 - Loaded cache for /proj_sw/user_dev/ctr-apbernal/tt-metal/model_cache/meta-llama/Llama-3.3-70B-Instruct/TG/tensor_cache_instruct_bfp8/layers.29.ffn_norm.weight_dtype_BFLOAT16_layout_ROW_MAJOR.tensorbin of shape Shape([1, 1, 256, 32])
2026-08-29 11:52:12.453 | DEBUG    | core:as_tensor:724 - Loaded cache for /proj_sw/user_dev/ctr-apbernal/tt-metal/model_cache/meta-llama/Llama-3.3-70B-Instruct/TG/tensor_cache_instruct_bfp8/layers.29.ffn_norm.weight_distributed_dtype_BFLOAT16_layout_ROW_MAJOR.tensorbin of shape Shape([1, 1, 64, 32])
 38%|███▊      | 30/80 [02:13<03:41,  4.44s/it]2026-08-29 11:52:12.886 | DEBUG    | core:as_tensor:724 - Loaded cache for /proj_sw/user_dev/ctr-apbernal/tt-metal/model_cache/meta-llama/Llama-3.3-70B-Instruct/TG/tensor_cache_instruct_bfp8/layers.30.attention.wqkv_sharded_2d_prefetcher_dtype_BFLOAT8_B_layout_TILE.tensorbin of shape Shape([1, 1, 2048, 1280])
2026-08-29 11:52:13.264 | DEBUG    | core:as_tensor:724 - Loaded cache for /proj_sw/user_dev/ctr-apbernal/tt-metal/model_cache/meta-llama/Llama-3.3-70B-Instruct/TG/tensor_cache_instruct_bfp8/layers.30.attention.wqkv_sharded_2d_dram_dtype_BFLOAT8_B_layout_TILE.tensorbin of shape Shape([1, 1, 2048, 1280])
2026-08-29 11:52:13.619 | DEBUG    | core:as_tensor:724 - Loaded cache for /proj_sw/user_dev/ctr-apbernal/tt-metal/model_cache/meta-llama/Llama-3.3-70B-Instruct/TG/tensor_cache_instruct_bfp8/layers.30.attention.wo_width_sharded_2d_prefetcher_dtype_BFLOAT8_B_layout_TILE.tensorbin of shape Shape([1, 1, 1024, 2048])
2026-08-29 11:52:13.943 | DEBUG    | core:as_tensor:724 - Loaded cache for /proj_sw/user_dev/ctr-apbernal/tt-metal/model_cache/meta-llama/Llama-3.3-70B-Instruct/TG/tensor_cache_instruct_bfp8/layers.30.attention.wo_width_sharded_2d_dram_dtype_BFLOAT8_B_layout_TILE.tensorbin of shape Shape([1, 1, 1024, 2048])
2026-08-29 11:52:14.259 | DEBUG    | core:as_tensor:724 - Loaded cache for /proj_sw/user_dev/ctr-apbernal/tt-metal/model_cache/meta-llama/Llama-3.3-70B-Instruct/TG/tensor_cache_instruct_bfp8/layers.30.attention.wo_col_sharded_dram_dtype_BFLOAT8_B_layout_TILE.tensorbin of shape Shape([1, 1, 8192, 2048])
2026-08-29 11:52:14.275 | DEBUG    | core:as_tensor:724 - Loaded cache for /proj_sw/user_dev/ctr-apbernal/tt-metal/model_cache/meta-llama/Llama-3.3-70B-Instruct/TG/tensor_cache_instruct_bfp8/kvcache_torch.Size([2048, 1, 64, 128])_dtype_BFLOAT8_B_layout_TILE.tensorbin of shape Shape([2048, 1, 64, 128])
2026-08-29 11:52:14.283 | DEBUG    | core:as_tensor:724 - Loaded cache for /proj_sw/user_dev/ctr-apbernal/tt-metal/model_cache/meta-llama/Llama-3.3-70B-Instruct/TG/tensor_cache_instruct_bfp8/kvcache_torch.Size([2048, 1, 64, 128])_dtype_BFLOAT8_B_layout_TILE.tensorbin of shape Shape([2048, 1, 64, 128])
2026-08-29 11:52:14.811 | DEBUG    | core:as_tensor:724 - Loaded cache for /proj_sw/user_dev/ctr-apbernal/tt-metal/model_cache/meta-llama/Llama-3.3-70B-Instruct/TG/tensor_cache_instruct_bfp8/layers.30.feed_forward.w1_shardedprefetcher_dtype_BFLOAT4_B_layout_TILE.tensorbin of shape Shape([1, 1, 2048, 3584])
2026-08-29 11:52:15.318 | DEBUG    | core:as_tensor:724 - Loaded cache for /proj_sw/user_dev/ctr-apbernal/tt-metal/model_cache/meta-llama/Llama-3.3-70B-Instruct/TG/tensor_cache_instruct_bfp8/layers.30.feed_forward.w2_shardedprefetcher_dtype_BFLOAT8_B_layout_TILE.tensorbin of shape Shape([1, 1, 3584, 2048])
2026-08-29 11:52:15.700 | DEBUG    | core:as_tensor:724 - Loaded cache for /proj_sw/user_dev/ctr-apbernal/tt-metal/model_cache/meta-llama/Llama-3.3-70B-Instruct/TG/tensor_cache_instruct_bfp8/layers.30.feed_forward.w3_shardedprefetcher_dtype_BFLOAT4_B_layout_TILE.tensorbin of shape Shape([1, 1, 2048, 3584])
2026-08-29 11:52:15.999 | DEBUG    | core:as_tensor:724 - Loaded cache for /proj_sw/user_dev/ctr-apbernal/tt-metal/model_cache/meta-llama/Llama-3.3-70B-Instruct/TG/tensor_cache_instruct_bfp8/layers.30.feed_forward.w1_interleavedprefetcher_dtype_BFLOAT4_B_layout_TILE.tensorbin of shape Shape([1, 1, 2048, 3584])
2026-08-29 11:52:16.506 | DEBUG    | core:as_tensor:724 - Loaded cache for /proj_sw/user_dev/ctr-apbernal/tt-metal/model_cache/meta-llama/Llama-3.3-70B-Instruct/TG/tensor_cache_instruct_bfp8/layers.30.feed_forward.w2_interleavedprefetcher_dtype_BFLOAT8_B_layout_TILE.tensorbin of shape Shape([1, 1, 3584, 2048])
2026-08-29 11:52:16.818 | DEBUG    | core:as_tensor:724 - Loaded cache for /proj_sw/user_dev/ctr-apbernal/tt-metal/model_cache/meta-llama/Llama-3.3-70B-Instruct/TG/tensor_cache_instruct_bfp8/layers.30.feed_forward.w3_interleavedprefetcher_dtype_BFLOAT4_B_layout_TILE.tensorbin of shape Shape([1, 1, 2048, 3584])
2026-08-29 11:52:16.822 | DEBUG    | core:as_tensor:724 - Loaded cache for /proj_sw/user_dev/ctr-apbernal/tt-metal/model_cache/meta-llama/Llama-3.3-70B-Instruct/TG/tensor_cache_instruct_bfp8/layers.30.attention_norm.weight_dtype_BFLOAT16_layout_ROW_MAJOR.tensorbin of shape Shape([1, 1, 256, 32])
2026-08-29 11:52:16.825 | DEBUG    | core:as_tensor:724 - Loaded cache for /proj_sw/user_dev/ctr-apbernal/tt-metal/model_cache/meta-llama/Llama-3.3-70B-Instruct/TG/tensor_cache_instruct_bfp8/layers.30.attention_norm.weight_distributed_dtype_BFLOAT16_layout_ROW_MAJOR.tensorbin of shape Shape([1, 1, 64, 32])
2026-08-29 11:52:16.827 | DEBUG    | core:as_tensor:724 - Loaded cache for /proj_sw/user_dev/ctr-apbernal/tt-metal/model_cache/meta-llama/Llama-3.3-70B-Instruct/TG/tensor_cache_instruct_bfp8/layers.30.ffn_norm.weight_dtype_BFLOAT16_layout_ROW_MAJOR.tensorbin of shape Shape([1, 1, 256, 32])
2026-08-29 11:52:16.829 | DEBUG    | core:as_tensor:724 - Loaded cache for /proj_sw/user_dev/ctr-apbernal/tt-metal/model_cache/meta-llama/Llama-3.3-70B-Instruct/TG/tensor_cache_instruct_bfp8/layers.30.ffn_norm.weight_distributed_dtype_BFLOAT16_layout_ROW_MAJOR.tensorbin of shape Shape([1, 1, 64, 32])
 39%|███▉      | 31/80 [02:17<03:36,  4.42s/it]2026-08-29 11:52:17.112 | DEBUG    | core:as_tensor:724 - Loaded cache for /proj_sw/user_dev/ctr-apbernal/tt-metal/model_cache/meta-llama/Llama-3.3-70B-Instruct/TG/tensor_cache_instruct_bfp8/layers.31.attention.wqkv_sharded_2d_prefetcher_dtype_BFLOAT8_B_layout_TILE.tensorbin of shape Shape([1, 1, 2048, 1280])
2026-08-29 11:52:17.338 | DEBUG    | core:as_tensor:724 - Loaded cache for /proj_sw/user_dev/ctr-apbernal/tt-metal/model_cache/meta-llama/Llama-3.3-70B-Instruct/TG/tensor_cache_instruct_bfp8/layers.31.attention.wqkv_sharded_2d_dram_dtype_BFLOAT8_B_layout_TILE.tensorbin of shape Shape([1, 1, 2048, 1280])
2026-08-29 11:52:17.703 | DEBUG    | core:as_tensor:724 - Loaded cache for /proj_sw/user_dev/ctr-apbernal/tt-metal/model_cache/meta-llama/Llama-3.3-70B-Instruct/TG/tensor_cache_instruct_bfp8/layers.31.attention.wo_width_sharded_2d_prefetcher_dtype_BFLOAT8_B_layout_TILE.tensorbin of shape Shape([1, 1, 1024, 2048])
2026-08-29 11:52:17.998 | DEBUG    | core:as_tensor:724 - Loaded cache for /proj_sw/user_dev/ctr-apbernal/tt-metal/model_cache/meta-llama/Llama-3.3-70B-Instruct/TG/tensor_cache_instruct_bfp8/layers.31.attention.wo_width_sharded_2d_dram_dtype_BFLOAT8_B_layout_TILE.tensorbin of shape Shape([1, 1, 1024, 2048])
2026-08-29 11:52:18.287 | DEBUG    | core:as_tensor:724 - Loaded cache for /proj_sw/user_dev/ctr-apbernal/tt-metal/model_cache/meta-llama/Llama-3.3-70B-Instruct/TG/tensor_cache_instruct_bfp8/layers.31.attention.wo_col_sharded_dram_dtype_BFLOAT8_B_layout_TILE.tensorbin of shape Shape([1, 1, 8192, 2048])
2026-08-29 11:52:18.301 | DEBUG    | core:as_tensor:724 - Loaded cache for /proj_sw/user_dev/ctr-apbernal/tt-metal/model_cache/meta-llama/Llama-3.3-70B-Instruct/TG/tensor_cache_instruct_bfp8/kvcache_torch.Size([2048, 1, 64, 128])_dtype_BFLOAT8_B_layout_TILE.tensorbin of shape Shape([2048, 1, 64, 128])
2026-08-29 11:52:18.309 | DEBUG    | core:as_tensor:724 - Loaded cache for /proj_sw/user_dev/ctr-apbernal/tt-metal/model_cache/meta-llama/Llama-3.3-70B-Instruct/TG/tensor_cache_instruct_bfp8/kvcache_torch.Size([2048, 1, 64, 128])_dtype_BFLOAT8_B_layout_TILE.tensorbin of shape Shape([2048, 1, 64, 128])
2026-08-29 11:52:18.608 | DEBUG    | core:as_tensor:724 - Loaded cache for /proj_sw/user_dev/ctr-apbernal/tt-metal/model_cache/meta-llama/Llama-3.3-70B-Instruct/TG/tensor_cache_instruct_bfp8/layers.31.feed_forward.w1_shardedprefetcher_dtype_BFLOAT4_B_layout_TILE.tensorbin of shape Shape([1, 1, 2048, 3584])
2026-08-29 11:52:19.103 | DEBUG    | core:as_tensor:724 - Loaded cache for /proj_sw/user_dev/ctr-apbernal/tt-metal/model_cache/meta-llama/Llama-3.3-70B-Instruct/TG/tensor_cache_instruct_bfp8/layers.31.feed_forward.w2_shardedprefetcher_dtype_BFLOAT8_B_layout_TILE.tensorbin of shape Shape([1, 1, 3584, 2048])
2026-08-29 11:52:19.411 | DEBUG    | core:as_tensor:724 - Loaded cache for /proj_sw/user_dev/ctr-apbernal/tt-metal/model_cache/meta-llama/Llama-3.3-70B-Instruct/TG/tensor_cache_instruct_bfp8/layers.31.feed_forward.w3_shardedprefetcher_dtype_BFLOAT4_B_layout_TILE.tensorbin of shape Shape([1, 1, 2048, 3584])
2026-08-29 11:52:19.706 | DEBUG    | core:as_tensor:724 - Loaded cache for /proj_sw/user_dev/ctr-apbernal/tt-metal/model_cache/meta-llama/Llama-3.3-70B-Instruct/TG/tensor_cache_instruct_bfp8/layers.31.feed_forward.w1_interleavedprefetcher_dtype_BFLOAT4_B_layout_TILE.tensorbin of shape Shape([1, 1, 2048, 3584])
2026-08-29 11:52:20.215 | DEBUG    | core:as_tensor:724 - Loaded cache for /proj_sw/user_dev/ctr-apbernal/tt-metal/model_cache/meta-llama/Llama-3.3-70B-Instruct/TG/tensor_cache_instruct_bfp8/layers.31.feed_forward.w2_interleavedprefetcher_dtype_BFLOAT8_B_layout_TILE.tensorbin of shape Shape([1, 1, 3584, 2048])
2026-08-29 11:52:20.761 | DEBUG    | core:as_tensor:724 - Loaded cache for /proj_sw/user_dev/ctr-apbernal/tt-metal/model_cache/meta-llama/Llama-3.3-70B-Instruct/TG/tensor_cache_instruct_bfp8/layers.31.feed_forward.w3_interleavedprefetcher_dtype_BFLOAT4_B_layout_TILE.tensorbin of shape Shape([1, 1, 2048, 3584])
2026-08-29 11:52:20.765 | DEBUG    | core:as_tensor:724 - Loaded cache for /proj_sw/user_dev/ctr-apbernal/tt-metal/model_cache/meta-llama/Llama-3.3-70B-Instruct/TG/tensor_cache_instruct_bfp8/layers.31.attention_norm.weight_dtype_BFLOAT16_layout_ROW_MAJOR.tensorbin of shape Shape([1, 1, 256, 32])
2026-08-29 11:52:20.768 | DEBUG    | core:as_tensor:724 - Loaded cache for /proj_sw/user_dev/ctr-apbernal/tt-metal/model_cache/meta-llama/Llama-3.3-70B-Instruct/TG/tensor_cache_instruct_bfp8/layers.31.attention_norm.weight_distributed_dtype_BFLOAT16_layout_ROW_MAJOR.tensorbin of shape Shape([1, 1, 64, 32])
2026-08-29 11:52:20.769 | DEBUG    | core:as_tensor:724 - Loaded cache for /proj_sw/user_dev/ctr-apbernal/tt-metal/model_cache/meta-llama/Llama-3.3-70B-Instruct/TG/tensor_cache_instruct_bfp8/layers.31.ffn_norm.weight_dtype_BFLOAT16_layout_ROW_MAJOR.tensorbin of shape Shape([1, 1, 256, 32])
2026-08-29 11:52:20.772 | DEBUG    | core:as_tensor:724 - Loaded cache for /proj_sw/user_dev/ctr-apbernal/tt-metal/model_cache/meta-llama/Llama-3.3-70B-Instruct/TG/tensor_cache_instruct_bfp8/layers.31.ffn_norm.weight_distributed_dtype_BFLOAT16_layout_ROW_MAJOR.tensorbin of shape Shape([1, 1, 64, 32])
 40%|████      | 32/80 [02:21<03:25,  4.28s/it]2026-08-29 11:52:21.057 | DEBUG    | core:as_tensor:724 - Loaded cache for /proj_sw/user_dev/ctr-apbernal/tt-metal/model_cache/meta-llama/Llama-3.3-70B-Instruct/TG/tensor_cache_instruct_bfp8/layers.32.attention.wqkv_sharded_2d_prefetcher_dtype_BFLOAT8_B_layout_TILE.tensorbin of shape Shape([1, 1, 2048, 1280])
2026-08-29 11:52:21.423 | DEBUG    | core:as_tensor:724 - Loaded cache for /proj_sw/user_dev/ctr-apbernal/tt-metal/model_cache/meta-llama/Llama-3.3-70B-Instruct/TG/tensor_cache_instruct_bfp8/layers.32.attention.wqkv_sharded_2d_dram_dtype_BFLOAT8_B_layout_TILE.tensorbin of shape Shape([1, 1, 2048, 1280])
2026-08-29 11:52:21.675 | DEBUG    | core:as_tensor:724 - Loaded cache for /proj_sw/user_dev/ctr-apbernal/tt-metal/model_cache/meta-llama/Llama-3.3-70B-Instruct/TG/tensor_cache_instruct_bfp8/layers.32.attention.wo_width_sharded_2d_prefetcher_dtype_BFLOAT8_B_layout_TILE.tensorbin of shape Shape([1, 1, 1024, 2048])
2026-08-29 11:52:21.928 | DEBUG    | core:as_tensor:724 - Loaded cache for /proj_sw/user_dev/ctr-apbernal/tt-metal/model_cache/meta-llama/Llama-3.3-70B-Instruct/TG/tensor_cache_instruct_bfp8/layers.32.attention.wo_width_sharded_2d_dram_dtype_BFLOAT8_B_layout_TILE.tensorbin of shape Shape([1, 1, 1024, 2048])
2026-08-29 11:52:22.559 | DEBUG    | core:as_tensor:724 - Loaded cache for /proj_sw/user_dev/ctr-apbernal/tt-metal/model_cache/meta-llama/Llama-3.3-70B-Instruct/TG/tensor_cache_instruct_bfp8/layers.32.attention.wo_col_sharded_dram_dtype_BFLOAT8_B_layout_TILE.tensorbin of shape Shape([1, 1, 8192, 2048])
2026-08-29 11:52:22.576 | DEBUG    | core:as_tensor:724 - Loaded cache for /proj_sw/user_dev/ctr-apbernal/tt-metal/model_cache/meta-llama/Llama-3.3-70B-Instruct/TG/tensor_cache_instruct_bfp8/kvcache_torch.Size([2048, 1, 64, 128])_dtype_BFLOAT8_B_layout_TILE.tensorbin of shape Shape([2048, 1, 64, 128])
2026-08-29 11:52:22.584 | DEBUG    | core:as_tensor:724 - Loaded cache for /proj_sw/user_dev/ctr-apbernal/tt-metal/model_cache/meta-llama/Llama-3.3-70B-Instruct/TG/tensor_cache_instruct_bfp8/kvcache_torch.Size([2048, 1, 64, 128])_dtype_BFLOAT8_B_layout_TILE.tensorbin of shape Shape([2048, 1, 64, 128])
2026-08-29 11:52:22.891 | DEBUG    | core:as_tensor:724 - Loaded cache for /proj_sw/user_dev/ctr-apbernal/tt-metal/model_cache/meta-llama/Llama-3.3-70B-Instruct/TG/tensor_cache_instruct_bfp8/layers.32.feed_forward.w1_shardedprefetcher_dtype_BFLOAT4_B_layout_TILE.tensorbin of shape Shape([1, 1, 2048, 3584])
2026-08-29 11:52:23.404 | DEBUG    | core:as_tensor:724 - Loaded cache for /proj_sw/user_dev/ctr-apbernal/tt-metal/model_cache/meta-llama/Llama-3.3-70B-Instruct/TG/tensor_cache_instruct_bfp8/layers.32.feed_forward.w2_shardedprefetcher_dtype_BFLOAT8_B_layout_TILE.tensorbin of shape Shape([1, 1, 3584, 2048])
2026-08-29 11:52:23.703 | DEBUG    | core:as_tensor:724 - Loaded cache for /proj_sw/user_dev/ctr-apbernal/tt-metal/model_cache/meta-llama/Llama-3.3-70B-Instruct/TG/tensor_cache_instruct_bfp8/layers.32.feed_forward.w3_shardedprefetcher_dtype_BFLOAT4_B_layout_TILE.tensorbin of shape Shape([1, 1, 2048, 3584])
2026-08-29 11:52:24.036 | DEBUG    | core:as_tensor:724 - Loaded cache for /proj_sw/user_dev/ctr-apbernal/tt-metal/model_cache/meta-llama/Llama-3.3-70B-Instruct/TG/tensor_cache_instruct_bfp8/layers.32.feed_forward.w1_interleavedprefetcher_dtype_BFLOAT4_B_layout_TILE.tensorbin of shape Shape([1, 1, 2048, 3584])
2026-08-29 11:52:24.543 | DEBUG    | core:as_tensor:724 - Loaded cache for /proj_sw/user_dev/ctr-apbernal/tt-metal/model_cache/meta-llama/Llama-3.3-70B-Instruct/TG/tensor_cache_instruct_bfp8/layers.32.feed_forward.w2_interleavedprefetcher_dtype_BFLOAT8_B_layout_TILE.tensorbin of shape Shape([1, 1, 3584, 2048])
2026-08-29 11:52:25.120 | DEBUG    | core:as_tensor:724 - Loaded cache for /proj_sw/user_dev/ctr-apbernal/tt-metal/model_cache/meta-llama/Llama-3.3-70B-Instruct/TG/tensor_cache_instruct_bfp8/layers.32.feed_forward.w3_interleavedprefetcher_dtype_BFLOAT4_B_layout_TILE.tensorbin of shape Shape([1, 1, 2048, 3584])
2026-08-29 11:52:25.126 | DEBUG    | core:as_tensor:724 - Loaded cache for /proj_sw/user_dev/ctr-apbernal/tt-metal/model_cache/meta-llama/Llama-3.3-70B-Instruct/TG/tensor_cache_instruct_bfp8/layers.32.attention_norm.weight_dtype_BFLOAT16_layout_ROW_MAJOR.tensorbin of shape Shape([1, 1, 256, 32])
2026-08-29 11:52:25.128 | DEBUG    | core:as_tensor:724 - Loaded cache for /proj_sw/user_dev/ctr-apbernal/tt-metal/model_cache/meta-llama/Llama-3.3-70B-Instruct/TG/tensor_cache_instruct_bfp8/layers.32.attention_norm.weight_distributed_dtype_BFLOAT16_layout_ROW_MAJOR.tensorbin of shape Shape([1, 1, 64, 32])
2026-08-29 11:52:25.130 | DEBUG    | core:as_tensor:724 - Loaded cache for /proj_sw/user_dev/ctr-apbernal/tt-metal/model_cache/meta-llama/Llama-3.3-70B-Instruct/TG/tensor_cache_instruct_bfp8/layers.32.ffn_norm.weight_dtype_BFLOAT16_layout_ROW_MAJOR.tensorbin of shape Shape([1, 1, 256, 32])
2026-08-29 11:52:25.132 | DEBUG    | core:as_tensor:724 - Loaded cache for /proj_sw/user_dev/ctr-apbernal/tt-metal/model_cache/meta-llama/Llama-3.3-70B-Instruct/TG/tensor_cache_instruct_bfp8/layers.32.ffn_norm.weight_distributed_dtype_BFLOAT16_layout_ROW_MAJOR.tensorbin of shape Shape([1, 1, 64, 32])
 41%|████▏     | 33/80 [02:26<03:22,  4.30s/it]2026-08-29 11:52:25.391 | DEBUG    | core:as_tensor:724 - Loaded cache for /proj_sw/user_dev/ctr-apbernal/tt-metal/model_cache/meta-llama/Llama-3.3-70B-Instruct/TG/tensor_cache_instruct_bfp8/layers.33.attention.wqkv_sharded_2d_prefetcher_dtype_BFLOAT8_B_layout_TILE.tensorbin of shape Shape([1, 1, 2048, 1280])
2026-08-29 11:52:25.747 | DEBUG    | core:as_tensor:724 - Loaded cache for /proj_sw/user_dev/ctr-apbernal/tt-metal/model_cache/meta-llama/Llama-3.3-70B-Instruct/TG/tensor_cache_instruct_bfp8/layers.33.attention.wqkv_sharded_2d_dram_dtype_BFLOAT8_B_layout_TILE.tensorbin of shape Shape([1, 1, 2048, 1280])
2026-08-29 11:52:26.023 | DEBUG    | core:as_tensor:724 - Loaded cache for /proj_sw/user_dev/ctr-apbernal/tt-metal/model_cache/meta-llama/Llama-3.3-70B-Instruct/TG/tensor_cache_instruct_bfp8/layers.33.attention.wo_width_sharded_2d_prefetcher_dtype_BFLOAT8_B_layout_TILE.tensorbin of shape Shape([1, 1, 1024, 2048])
2026-08-29 11:52:26.350 | DEBUG    | core:as_tensor:724 - Loaded cache for /proj_sw/user_dev/ctr-apbernal/tt-metal/model_cache/meta-llama/Llama-3.3-70B-Instruct/TG/tensor_cache_instruct_bfp8/layers.33.attention.wo_width_sharded_2d_dram_dtype_BFLOAT8_B_layout_TILE.tensorbin of shape Shape([1, 1, 1024, 2048])
2026-08-29 11:52:26.811 | DEBUG    | core:as_tensor:724 - Loaded cache for /proj_sw/user_dev/ctr-apbernal/tt-metal/model_cache/meta-llama/Llama-3.3-70B-Instruct/TG/tensor_cache_instruct_bfp8/layers.33.attention.wo_col_sharded_dram_dtype_BFLOAT8_B_layout_TILE.tensorbin of shape Shape([1, 1, 8192, 2048])
2026-08-29 11:52:26.825 | DEBUG    | core:as_tensor:724 - Loaded cache for /proj_sw/user_dev/ctr-apbernal/tt-metal/model_cache/meta-llama/Llama-3.3-70B-Instruct/TG/tensor_cache_instruct_bfp8/kvcache_torch.Size([2048, 1, 64, 128])_dtype_BFLOAT8_B_layout_TILE.tensorbin of shape Shape([2048, 1, 64, 128])
2026-08-29 11:52:26.834 | DEBUG    | core:as_tensor:724 - Loaded cache for /proj_sw/user_dev/ctr-apbernal/tt-metal/model_cache/meta-llama/Llama-3.3-70B-Instruct/TG/tensor_cache_instruct_bfp8/kvcache_torch.Size([2048, 1, 64, 128])_dtype_BFLOAT8_B_layout_TILE.tensorbin of shape Shape([2048, 1, 64, 128])
2026-08-29 11:52:27.163 | DEBUG    | core:as_tensor:724 - Loaded cache for /proj_sw/user_dev/ctr-apbernal/tt-metal/model_cache/meta-llama/Llama-3.3-70B-Instruct/TG/tensor_cache_instruct_bfp8/layers.33.feed_forward.w1_shardedprefetcher_dtype_BFLOAT4_B_layout_TILE.tensorbin of shape Shape([1, 1, 2048, 3584])
2026-08-29 11:52:27.661 | DEBUG    | core:as_tensor:724 - Loaded cache for /proj_sw/user_dev/ctr-apbernal/tt-metal/model_cache/meta-llama/Llama-3.3-70B-Instruct/TG/tensor_cache_instruct_bfp8/layers.33.feed_forward.w2_shardedprefetcher_dtype_BFLOAT8_B_layout_TILE.tensorbin of shape Shape([1, 1, 3584, 2048])
2026-08-29 11:52:27.991 | DEBUG    | core:as_tensor:724 - Loaded cache for /proj_sw/user_dev/ctr-apbernal/tt-metal/model_cache/meta-llama/Llama-3.3-70B-Instruct/TG/tensor_cache_instruct_bfp8/layers.33.feed_forward.w3_shardedprefetcher_dtype_BFLOAT4_B_layout_TILE.tensorbin of shape Shape([1, 1, 2048, 3584])
2026-08-29 11:52:28.329 | DEBUG    | core:as_tensor:724 - Loaded cache for /proj_sw/user_dev/ctr-apbernal/tt-metal/model_cache/meta-llama/Llama-3.3-70B-Instruct/TG/tensor_cache_instruct_bfp8/layers.33.feed_forward.w1_interleavedprefetcher_dtype_BFLOAT4_B_layout_TILE.tensorbin of shape Shape([1, 1, 2048, 3584])
2026-08-29 11:52:28.826 | DEBUG    | core:as_tensor:724 - Loaded cache for /proj_sw/user_dev/ctr-apbernal/tt-metal/model_cache/meta-llama/Llama-3.3-70B-Instruct/TG/tensor_cache_instruct_bfp8/layers.33.feed_forward.w2_interleavedprefetcher_dtype_BFLOAT8_B_layout_TILE.tensorbin of shape Shape([1, 1, 3584, 2048])
2026-08-29 11:52:29.139 | DEBUG    | core:as_tensor:724 - Loaded cache for /proj_sw/user_dev/ctr-apbernal/tt-metal/model_cache/meta-llama/Llama-3.3-70B-Instruct/TG/tensor_cache_instruct_bfp8/layers.33.feed_forward.w3_interleavedprefetcher_dtype_BFLOAT4_B_layout_TILE.tensorbin of shape Shape([1, 1, 2048, 3584])
2026-08-29 11:52:29.142 | DEBUG    | core:as_tensor:724 - Loaded cache for /proj_sw/user_dev/ctr-apbernal/tt-metal/model_cache/meta-llama/Llama-3.3-70B-Instruct/TG/tensor_cache_instruct_bfp8/layers.33.attention_norm.weight_dtype_BFLOAT16_layout_ROW_MAJOR.tensorbin of shape Shape([1, 1, 256, 32])
2026-08-29 11:52:29.144 | DEBUG    | core:as_tensor:724 - Loaded cache for /proj_sw/user_dev/ctr-apbernal/tt-metal/model_cache/meta-llama/Llama-3.3-70B-Instruct/TG/tensor_cache_instruct_bfp8/layers.33.attention_norm.weight_distributed_dtype_BFLOAT16_layout_ROW_MAJOR.tensorbin of shape Shape([1, 1, 64, 32])
2026-08-29 11:52:29.148 | DEBUG    | core:as_tensor:724 - Loaded cache for /proj_sw/user_dev/ctr-apbernal/tt-metal/model_cache/meta-llama/Llama-3.3-70B-Instruct/TG/tensor_cache_instruct_bfp8/layers.33.ffn_norm.weight_dtype_BFLOAT16_layout_ROW_MAJOR.tensorbin of shape Shape([1, 1, 256, 32])
2026-08-29 11:52:29.150 | DEBUG    | core:as_tensor:724 - Loaded cache for /proj_sw/user_dev/ctr-apbernal/tt-metal/model_cache/meta-llama/Llama-3.3-70B-Instruct/TG/tensor_cache_instruct_bfp8/layers.33.ffn_norm.weight_distributed_dtype_BFLOAT16_layout_ROW_MAJOR.tensorbin of shape Shape([1, 1, 64, 32])
 42%|████▎     | 34/80 [02:30<03:13,  4.22s/it]2026-08-29 11:52:29.544 | DEBUG    | core:as_tensor:724 - Loaded cache for /proj_sw/user_dev/ctr-apbernal/tt-metal/model_cache/meta-llama/Llama-3.3-70B-Instruct/TG/tensor_cache_instruct_bfp8/layers.34.attention.wqkv_sharded_2d_prefetcher_dtype_BFLOAT8_B_layout_TILE.tensorbin of shape Shape([1, 1, 2048, 1280])
2026-08-29 11:52:29.905 | DEBUG    | core:as_tensor:724 - Loaded cache for /proj_sw/user_dev/ctr-apbernal/tt-metal/model_cache/meta-llama/Llama-3.3-70B-Instruct/TG/tensor_cache_instruct_bfp8/layers.34.attention.wqkv_sharded_2d_dram_dtype_BFLOAT8_B_layout_TILE.tensorbin of shape Shape([1, 1, 2048, 1280])
2026-08-29 11:52:30.283 | DEBUG    | core:as_tensor:724 - Loaded cache for /proj_sw/user_dev/ctr-apbernal/tt-metal/model_cache/meta-llama/Llama-3.3-70B-Instruct/TG/tensor_cache_instruct_bfp8/layers.34.attention.wo_width_sharded_2d_prefetcher_dtype_BFLOAT8_B_layout_TILE.tensorbin of shape Shape([1, 1, 1024, 2048])
2026-08-29 11:52:30.629 | DEBUG    | core:as_tensor:724 - Loaded cache for /proj_sw/user_dev/ctr-apbernal/tt-metal/model_cache/meta-llama/Llama-3.3-70B-Instruct/TG/tensor_cache_instruct_bfp8/layers.34.attention.wo_width_sharded_2d_dram_dtype_BFLOAT8_B_layout_TILE.tensorbin of shape Shape([1, 1, 1024, 2048])
2026-08-29 11:52:31.094 | DEBUG    | core:as_tensor:724 - Loaded cache for /proj_sw/user_dev/ctr-apbernal/tt-metal/model_cache/meta-llama/Llama-3.3-70B-Instruct/TG/tensor_cache_instruct_bfp8/layers.34.attention.wo_col_sharded_dram_dtype_BFLOAT8_B_layout_TILE.tensorbin of shape Shape([1, 1, 8192, 2048])
2026-08-29 11:52:31.111 | DEBUG    | core:as_tensor:724 - Loaded cache for /proj_sw/user_dev/ctr-apbernal/tt-metal/model_cache/meta-llama/Llama-3.3-70B-Instruct/TG/tensor_cache_instruct_bfp8/kvcache_torch.Size([2048, 1, 64, 128])_dtype_BFLOAT8_B_layout_TILE.tensorbin of shape Shape([2048, 1, 64, 128])
2026-08-29 11:52:31.119 | DEBUG    | core:as_tensor:724 - Loaded cache for /proj_sw/user_dev/ctr-apbernal/tt-metal/model_cache/meta-llama/Llama-3.3-70B-Instruct/TG/tensor_cache_instruct_bfp8/kvcache_torch.Size([2048, 1, 64, 128])_dtype_BFLOAT8_B_layout_TILE.tensorbin of shape Shape([2048, 1, 64, 128])
2026-08-29 11:52:31.669 | DEBUG    | core:as_tensor:724 - Loaded cache for /proj_sw/user_dev/ctr-apbernal/tt-metal/model_cache/meta-llama/Llama-3.3-70B-Instruct/TG/tensor_cache_instruct_bfp8/layers.34.feed_forward.w1_shardedprefetcher_dtype_BFLOAT4_B_layout_TILE.tensorbin of shape Shape([1, 1, 2048, 3584])
2026-08-29 11:52:32.177 | DEBUG    | core:as_tensor:724 - Loaded cache for /proj_sw/user_dev/ctr-apbernal/tt-metal/model_cache/meta-llama/Llama-3.3-70B-Instruct/TG/tensor_cache_instruct_bfp8/layers.34.feed_forward.w2_shardedprefetcher_dtype_BFLOAT8_B_layout_TILE.tensorbin of shape Shape([1, 1, 3584, 2048])
2026-08-29 11:52:32.472 | DEBUG    | core:as_tensor:724 - Loaded cache for /proj_sw/user_dev/ctr-apbernal/tt-metal/model_cache/meta-llama/Llama-3.3-70B-Instruct/TG/tensor_cache_instruct_bfp8/layers.34.feed_forward.w3_shardedprefetcher_dtype_BFLOAT4_B_layout_TILE.tensorbin of shape Shape([1, 1, 2048, 3584])
2026-08-29 11:52:32.770 | DEBUG    | core:as_tensor:724 - Loaded cache for /proj_sw/user_dev/ctr-apbernal/tt-metal/model_cache/meta-llama/Llama-3.3-70B-Instruct/TG/tensor_cache_instruct_bfp8/layers.34.feed_forward.w1_interleavedprefetcher_dtype_BFLOAT4_B_layout_TILE.tensorbin of shape Shape([1, 1, 2048, 3584])
2026-08-29 11:52:33.270 | DEBUG    | core:as_tensor:724 - Loaded cache for /proj_sw/user_dev/ctr-apbernal/tt-metal/model_cache/meta-llama/Llama-3.3-70B-Instruct/TG/tensor_cache_instruct_bfp8/layers.34.feed_forward.w2_interleavedprefetcher_dtype_BFLOAT8_B_layout_TILE.tensorbin of shape Shape([1, 1, 3584, 2048])
2026-08-29 11:52:33.565 | DEBUG    | core:as_tensor:724 - Loaded cache for /proj_sw/user_dev/ctr-apbernal/tt-metal/model_cache/meta-llama/Llama-3.3-70B-Instruct/TG/tensor_cache_instruct_bfp8/layers.34.feed_forward.w3_interleavedprefetcher_dtype_BFLOAT4_B_layout_TILE.tensorbin of shape Shape([1, 1, 2048, 3584])
2026-08-29 11:52:33.568 | DEBUG    | core:as_tensor:724 - Loaded cache for /proj_sw/user_dev/ctr-apbernal/tt-metal/model_cache/meta-llama/Llama-3.3-70B-Instruct/TG/tensor_cache_instruct_bfp8/layers.34.attention_norm.weight_dtype_BFLOAT16_layout_ROW_MAJOR.tensorbin of shape Shape([1, 1, 256, 32])
2026-08-29 11:52:33.570 | DEBUG    | core:as_tensor:724 - Loaded cache for /proj_sw/user_dev/ctr-apbernal/tt-metal/model_cache/meta-llama/Llama-3.3-70B-Instruct/TG/tensor_cache_instruct_bfp8/layers.34.attention_norm.weight_distributed_dtype_BFLOAT16_layout_ROW_MAJOR.tensorbin of shape Shape([1, 1, 64, 32])
2026-08-29 11:52:33.572 | DEBUG    | core:as_tensor:724 - Loaded cache for /proj_sw/user_dev/ctr-apbernal/tt-metal/model_cache/meta-llama/Llama-3.3-70B-Instruct/TG/tensor_cache_instruct_bfp8/layers.34.ffn_norm.weight_dtype_BFLOAT16_layout_ROW_MAJOR.tensorbin of shape Shape([1, 1, 256, 32])
2026-08-29 11:52:33.574 | DEBUG    | core:as_tensor:724 - Loaded cache for /proj_sw/user_dev/ctr-apbernal/tt-metal/model_cache/meta-llama/Llama-3.3-70B-Instruct/TG/tensor_cache_instruct_bfp8/layers.34.ffn_norm.weight_distributed_dtype_BFLOAT16_layout_ROW_MAJOR.tensorbin of shape Shape([1, 1, 64, 32])
 44%|████▍     | 35/80 [02:34<03:12,  4.28s/it]2026-08-29 11:52:33.866 | DEBUG    | core:as_tensor:724 - Loaded cache for /proj_sw/user_dev/ctr-apbernal/tt-metal/model_cache/meta-llama/Llama-3.3-70B-Instruct/TG/tensor_cache_instruct_bfp8/layers.35.attention.wqkv_sharded_2d_prefetcher_dtype_BFLOAT8_B_layout_TILE.tensorbin of shape Shape([1, 1, 2048, 1280])
2026-08-29 11:52:34.095 | DEBUG    | core:as_tensor:724 - Loaded cache for /proj_sw/user_dev/ctr-apbernal/tt-metal/model_cache/meta-llama/Llama-3.3-70B-Instruct/TG/tensor_cache_instruct_bfp8/layers.35.attention.wqkv_sharded_2d_dram_dtype_BFLOAT8_B_layout_TILE.tensorbin of shape Shape([1, 1, 2048, 1280])
2026-08-29 11:52:34.396 | DEBUG    | core:as_tensor:724 - Loaded cache for /proj_sw/user_dev/ctr-apbernal/tt-metal/model_cache/meta-llama/Llama-3.3-70B-Instruct/TG/tensor_cache_instruct_bfp8/layers.35.attention.wo_width_sharded_2d_prefetcher_dtype_BFLOAT8_B_layout_TILE.tensorbin of shape Shape([1, 1, 1024, 2048])
2026-08-29 11:52:34.722 | DEBUG    | core:as_tensor:724 - Loaded cache for /proj_sw/user_dev/ctr-apbernal/tt-metal/model_cache/meta-llama/Llama-3.3-70B-Instruct/TG/tensor_cache_instruct_bfp8/layers.35.attention.wo_width_sharded_2d_dram_dtype_BFLOAT8_B_layout_TILE.tensorbin of shape Shape([1, 1, 1024, 2048])
2026-08-29 11:52:35.184 | DEBUG    | core:as_tensor:724 - Loaded cache for /proj_sw/user_dev/ctr-apbernal/tt-metal/model_cache/meta-llama/Llama-3.3-70B-Instruct/TG/tensor_cache_instruct_bfp8/layers.35.attention.wo_col_sharded_dram_dtype_BFLOAT8_B_layout_TILE.tensorbin of shape Shape([1, 1, 8192, 2048])
2026-08-29 11:52:35.199 | DEBUG    | core:as_tensor:724 - Loaded cache for /proj_sw/user_dev/ctr-apbernal/tt-metal/model_cache/meta-llama/Llama-3.3-70B-Instruct/TG/tensor_cache_instruct_bfp8/kvcache_torch.Size([2048, 1, 64, 128])_dtype_BFLOAT8_B_layout_TILE.tensorbin of shape Shape([2048, 1, 64, 128])
2026-08-29 11:52:35.208 | DEBUG    | core:as_tensor:724 - Loaded cache for /proj_sw/user_dev/ctr-apbernal/tt-metal/model_cache/meta-llama/Llama-3.3-70B-Instruct/TG/tensor_cache_instruct_bfp8/kvcache_torch.Size([2048, 1, 64, 128])_dtype_BFLOAT8_B_layout_TILE.tensorbin of shape Shape([2048, 1, 64, 128])
2026-08-29 11:52:35.529 | DEBUG    | core:as_tensor:724 - Loaded cache for /proj_sw/user_dev/ctr-apbernal/tt-metal/model_cache/meta-llama/Llama-3.3-70B-Instruct/TG/tensor_cache_instruct_bfp8/layers.35.feed_forward.w1_shardedprefetcher_dtype_BFLOAT4_B_layout_TILE.tensorbin of shape Shape([1, 1, 2048, 3584])
2026-08-29 11:52:36.040 | DEBUG    | core:as_tensor:724 - Loaded cache for /proj_sw/user_dev/ctr-apbernal/tt-metal/model_cache/meta-llama/Llama-3.3-70B-Instruct/TG/tensor_cache_instruct_bfp8/layers.35.feed_forward.w2_shardedprefetcher_dtype_BFLOAT8_B_layout_TILE.tensorbin of shape Shape([1, 1, 3584, 2048])
2026-08-29 11:52:36.582 | DEBUG    | core:as_tensor:724 - Loaded cache for /proj_sw/user_dev/ctr-apbernal/tt-metal/model_cache/meta-llama/Llama-3.3-70B-Instruct/TG/tensor_cache_instruct_bfp8/layers.35.feed_forward.w3_shardedprefetcher_dtype_BFLOAT4_B_layout_TILE.tensorbin of shape Shape([1, 1, 2048, 3584])
2026-08-29 11:52:37.099 | DEBUG    | core:as_tensor:724 - Loaded cache for /proj_sw/user_dev/ctr-apbernal/tt-metal/model_cache/meta-llama/Llama-3.3-70B-Instruct/TG/tensor_cache_instruct_bfp8/layers.35.feed_forward.w1_interleavedprefetcher_dtype_BFLOAT4_B_layout_TILE.tensorbin of shape Shape([1, 1, 2048, 3584])
2026-08-29 11:52:37.608 | DEBUG    | core:as_tensor:724 - Loaded cache for /proj_sw/user_dev/ctr-apbernal/tt-metal/model_cache/meta-llama/Llama-3.3-70B-Instruct/TG/tensor_cache_instruct_bfp8/layers.35.feed_forward.w2_interleavedprefetcher_dtype_BFLOAT8_B_layout_TILE.tensorbin of shape Shape([1, 1, 3584, 2048])
2026-08-29 11:52:37.945 | DEBUG    | core:as_tensor:724 - Loaded cache for /proj_sw/user_dev/ctr-apbernal/tt-metal/model_cache/meta-llama/Llama-3.3-70B-Instruct/TG/tensor_cache_instruct_bfp8/layers.35.feed_forward.w3_interleavedprefetcher_dtype_BFLOAT4_B_layout_TILE.tensorbin of shape Shape([1, 1, 2048, 3584])
2026-08-29 11:52:37.948 | DEBUG    | core:as_tensor:724 - Loaded cache for /proj_sw/user_dev/ctr-apbernal/tt-metal/model_cache/meta-llama/Llama-3.3-70B-Instruct/TG/tensor_cache_instruct_bfp8/layers.35.attention_norm.weight_dtype_BFLOAT16_layout_ROW_MAJOR.tensorbin of shape Shape([1, 1, 256, 32])
2026-08-29 11:52:37.950 | DEBUG    | core:as_tensor:724 - Loaded cache for /proj_sw/user_dev/ctr-apbernal/tt-metal/model_cache/meta-llama/Llama-3.3-70B-Instruct/TG/tensor_cache_instruct_bfp8/layers.35.attention_norm.weight_distributed_dtype_BFLOAT16_layout_ROW_MAJOR.tensorbin of shape Shape([1, 1, 64, 32])
2026-08-29 11:52:37.952 | DEBUG    | core:as_tensor:724 - Loaded cache for /proj_sw/user_dev/ctr-apbernal/tt-metal/model_cache/meta-llama/Llama-3.3-70B-Instruct/TG/tensor_cache_instruct_bfp8/layers.35.ffn_norm.weight_dtype_BFLOAT16_layout_ROW_MAJOR.tensorbin of shape Shape([1, 1, 256, 32])
2026-08-29 11:52:37.954 | DEBUG    | core:as_tensor:724 - Loaded cache for /proj_sw/user_dev/ctr-apbernal/tt-metal/model_cache/meta-llama/Llama-3.3-70B-Instruct/TG/tensor_cache_instruct_bfp8/layers.35.ffn_norm.weight_distributed_dtype_BFLOAT16_layout_ROW_MAJOR.tensorbin of shape Shape([1, 1, 64, 32])
 45%|████▌     | 36/80 [02:39<03:09,  4.31s/it]2026-08-29 11:52:38.211 | DEBUG    | core:as_tensor:724 - Loaded cache for /proj_sw/user_dev/ctr-apbernal/tt-metal/model_cache/meta-llama/Llama-3.3-70B-Instruct/TG/tensor_cache_instruct_bfp8/layers.36.attention.wqkv_sharded_2d_prefetcher_dtype_BFLOAT8_B_layout_TILE.tensorbin of shape Shape([1, 1, 2048, 1280])
2026-08-29 11:52:38.587 | DEBUG    | core:as_tensor:724 - Loaded cache for /proj_sw/user_dev/ctr-apbernal/tt-metal/model_cache/meta-llama/Llama-3.3-70B-Instruct/TG/tensor_cache_instruct_bfp8/layers.36.attention.wqkv_sharded_2d_dram_dtype_BFLOAT8_B_layout_TILE.tensorbin of shape Shape([1, 1, 2048, 1280])
2026-08-29 11:52:38.857 | DEBUG    | core:as_tensor:724 - Loaded cache for /proj_sw/user_dev/ctr-apbernal/tt-metal/model_cache/meta-llama/Llama-3.3-70B-Instruct/TG/tensor_cache_instruct_bfp8/layers.36.attention.wo_width_sharded_2d_prefetcher_dtype_BFLOAT8_B_layout_TILE.tensorbin of shape Shape([1, 1, 1024, 2048])
2026-08-29 11:52:39.129 | DEBUG    | core:as_tensor:724 - Loaded cache for /proj_sw/user_dev/ctr-apbernal/tt-metal/model_cache/meta-llama/Llama-3.3-70B-Instruct/TG/tensor_cache_instruct_bfp8/layers.36.attention.wo_width_sharded_2d_dram_dtype_BFLOAT8_B_layout_TILE.tensorbin of shape Shape([1, 1, 1024, 2048])
2026-08-29 11:52:39.674 | DEBUG    | core:as_tensor:724 - Loaded cache for /proj_sw/user_dev/ctr-apbernal/tt-metal/model_cache/meta-llama/Llama-3.3-70B-Instruct/TG/tensor_cache_instruct_bfp8/layers.36.attention.wo_col_sharded_dram_dtype_BFLOAT8_B_layout_TILE.tensorbin of shape Shape([1, 1, 8192, 2048])
2026-08-29 11:52:39.689 | DEBUG    | core:as_tensor:724 - Loaded cache for /proj_sw/user_dev/ctr-apbernal/tt-metal/model_cache/meta-llama/Llama-3.3-70B-Instruct/TG/tensor_cache_instruct_bfp8/kvcache_torch.Size([2048, 1, 64, 128])_dtype_BFLOAT8_B_layout_TILE.tensorbin of shape Shape([2048, 1, 64, 128])
2026-08-29 11:52:39.696 | DEBUG    | core:as_tensor:724 - Loaded cache for /proj_sw/user_dev/ctr-apbernal/tt-metal/model_cache/meta-llama/Llama-3.3-70B-Instruct/TG/tensor_cache_instruct_bfp8/kvcache_torch.Size([2048, 1, 64, 128])_dtype_BFLOAT8_B_layout_TILE.tensorbin of shape Shape([2048, 1, 64, 128])
2026-08-29 11:52:40.001 | DEBUG    | core:as_tensor:724 - Loaded cache for /proj_sw/user_dev/ctr-apbernal/tt-metal/model_cache/meta-llama/Llama-3.3-70B-Instruct/TG/tensor_cache_instruct_bfp8/layers.36.feed_forward.w1_shardedprefetcher_dtype_BFLOAT4_B_layout_TILE.tensorbin of shape Shape([1, 1, 2048, 3584])
2026-08-29 11:52:40.517 | DEBUG    | core:as_tensor:724 - Loaded cache for /proj_sw/user_dev/ctr-apbernal/tt-metal/model_cache/meta-llama/Llama-3.3-70B-Instruct/TG/tensor_cache_instruct_bfp8/layers.36.feed_forward.w2_shardedprefetcher_dtype_BFLOAT8_B_layout_TILE.tensorbin of shape Shape([1, 1, 3584, 2048])
2026-08-29 11:52:40.821 | DEBUG    | core:as_tensor:724 - Loaded cache for /proj_sw/user_dev/ctr-apbernal/tt-metal/model_cache/meta-llama/Llama-3.3-70B-Instruct/TG/tensor_cache_instruct_bfp8/layers.36.feed_forward.w3_shardedprefetcher_dtype_BFLOAT4_B_layout_TILE.tensorbin of shape Shape([1, 1, 2048, 3584])
2026-08-29 11:52:41.119 | DEBUG    | core:as_tensor:724 - Loaded cache for /proj_sw/user_dev/ctr-apbernal/tt-metal/model_cache/meta-llama/Llama-3.3-70B-Instruct/TG/tensor_cache_instruct_bfp8/layers.36.feed_forward.w1_interleavedprefetcher_dtype_BFLOAT4_B_layout_TILE.tensorbin of shape Shape([1, 1, 2048, 3584])
2026-08-29 11:52:41.617 | DEBUG    | core:as_tensor:724 - Loaded cache for /proj_sw/user_dev/ctr-apbernal/tt-metal/model_cache/meta-llama/Llama-3.3-70B-Instruct/TG/tensor_cache_instruct_bfp8/layers.36.feed_forward.w2_interleavedprefetcher_dtype_BFLOAT8_B_layout_TILE.tensorbin of shape Shape([1, 1, 3584, 2048])
2026-08-29 11:52:41.924 | DEBUG    | core:as_tensor:724 - Loaded cache for /proj_sw/user_dev/ctr-apbernal/tt-metal/model_cache/meta-llama/Llama-3.3-70B-Instruct/TG/tensor_cache_instruct_bfp8/layers.36.feed_forward.w3_interleavedprefetcher_dtype_BFLOAT4_B_layout_TILE.tensorbin of shape Shape([1, 1, 2048, 3584])
2026-08-29 11:52:41.928 | DEBUG    | core:as_tensor:724 - Loaded cache for /proj_sw/user_dev/ctr-apbernal/tt-metal/model_cache/meta-llama/Llama-3.3-70B-Instruct/TG/tensor_cache_instruct_bfp8/layers.36.attention_norm.weight_dtype_BFLOAT16_layout_ROW_MAJOR.tensorbin of shape Shape([1, 1, 256, 32])
2026-08-29 11:52:41.930 | DEBUG    | core:as_tensor:724 - Loaded cache for /proj_sw/user_dev/ctr-apbernal/tt-metal/model_cache/meta-llama/Llama-3.3-70B-Instruct/TG/tensor_cache_instruct_bfp8/layers.36.attention_norm.weight_distributed_dtype_BFLOAT16_layout_ROW_MAJOR.tensorbin of shape Shape([1, 1, 64, 32])
2026-08-29 11:52:41.932 | DEBUG    | core:as_tensor:724 - Loaded cache for /proj_sw/user_dev/ctr-apbernal/tt-metal/model_cache/meta-llama/Llama-3.3-70B-Instruct/TG/tensor_cache_instruct_bfp8/layers.36.ffn_norm.weight_dtype_BFLOAT16_layout_ROW_MAJOR.tensorbin of shape Shape([1, 1, 256, 32])
2026-08-29 11:52:41.933 | DEBUG    | core:as_tensor:724 - Loaded cache for /proj_sw/user_dev/ctr-apbernal/tt-metal/model_cache/meta-llama/Llama-3.3-70B-Instruct/TG/tensor_cache_instruct_bfp8/layers.36.ffn_norm.weight_distributed_dtype_BFLOAT16_layout_ROW_MAJOR.tensorbin of shape Shape([1, 1, 64, 32])
 46%|████▋     | 37/80 [02:43<03:01,  4.21s/it]2026-08-29 11:52:42.192 | DEBUG    | core:as_tensor:724 - Loaded cache for /proj_sw/user_dev/ctr-apbernal/tt-metal/model_cache/meta-llama/Llama-3.3-70B-Instruct/TG/tensor_cache_instruct_bfp8/layers.37.attention.wqkv_sharded_2d_prefetcher_dtype_BFLOAT8_B_layout_TILE.tensorbin of shape Shape([1, 1, 2048, 1280])
2026-08-29 11:52:42.565 | DEBUG    | core:as_tensor:724 - Loaded cache for /proj_sw/user_dev/ctr-apbernal/tt-metal/model_cache/meta-llama/Llama-3.3-70B-Instruct/TG/tensor_cache_instruct_bfp8/layers.37.attention.wqkv_sharded_2d_dram_dtype_BFLOAT8_B_layout_TILE.tensorbin of shape Shape([1, 1, 2048, 1280])
2026-08-29 11:52:42.909 | DEBUG    | core:as_tensor:724 - Loaded cache for /proj_sw/user_dev/ctr-apbernal/tt-metal/model_cache/meta-llama/Llama-3.3-70B-Instruct/TG/tensor_cache_instruct_bfp8/layers.37.attention.wo_width_sharded_2d_prefetcher_dtype_BFLOAT8_B_layout_TILE.tensorbin of shape Shape([1, 1, 1024, 2048])
2026-08-29 11:52:43.195 | DEBUG    | core:as_tensor:724 - Loaded cache for /proj_sw/user_dev/ctr-apbernal/tt-metal/model_cache/meta-llama/Llama-3.3-70B-Instruct/TG/tensor_cache_instruct_bfp8/layers.37.attention.wo_width_sharded_2d_dram_dtype_BFLOAT8_B_layout_TILE.tensorbin of shape Shape([1, 1, 1024, 2048])
2026-08-29 11:52:43.600 | DEBUG    | core:as_tensor:724 - Loaded cache for /proj_sw/user_dev/ctr-apbernal/tt-metal/model_cache/meta-llama/Llama-3.3-70B-Instruct/TG/tensor_cache_instruct_bfp8/layers.37.attention.wo_col_sharded_dram_dtype_BFLOAT8_B_layout_TILE.tensorbin of shape Shape([1, 1, 8192, 2048])
2026-08-29 11:52:43.618 | DEBUG    | core:as_tensor:724 - Loaded cache for /proj_sw/user_dev/ctr-apbernal/tt-metal/model_cache/meta-llama/Llama-3.3-70B-Instruct/TG/tensor_cache_instruct_bfp8/kvcache_torch.Size([2048, 1, 64, 128])_dtype_BFLOAT8_B_layout_TILE.tensorbin of shape Shape([2048, 1, 64, 128])
2026-08-29 11:52:43.626 | DEBUG    | core:as_tensor:724 - Loaded cache for /proj_sw/user_dev/ctr-apbernal/tt-metal/model_cache/meta-llama/Llama-3.3-70B-Instruct/TG/tensor_cache_instruct_bfp8/kvcache_torch.Size([2048, 1, 64, 128])_dtype_BFLOAT8_B_layout_TILE.tensorbin of shape Shape([2048, 1, 64, 128])
2026-08-29 11:52:43.952 | DEBUG    | core:as_tensor:724 - Loaded cache for /proj_sw/user_dev/ctr-apbernal/tt-metal/model_cache/meta-llama/Llama-3.3-70B-Instruct/TG/tensor_cache_instruct_bfp8/layers.37.feed_forward.w1_shardedprefetcher_dtype_BFLOAT4_B_layout_TILE.tensorbin of shape Shape([1, 1, 2048, 3584])
2026-08-29 11:52:44.448 | DEBUG    | core:as_tensor:724 - Loaded cache for /proj_sw/user_dev/ctr-apbernal/tt-metal/model_cache/meta-llama/Llama-3.3-70B-Instruct/TG/tensor_cache_instruct_bfp8/layers.37.feed_forward.w2_shardedprefetcher_dtype_BFLOAT8_B_layout_TILE.tensorbin of shape Shape([1, 1, 3584, 2048])
2026-08-29 11:52:44.965 | DEBUG    | core:as_tensor:724 - Loaded cache for /proj_sw/user_dev/ctr-apbernal/tt-metal/model_cache/meta-llama/Llama-3.3-70B-Instruct/TG/tensor_cache_instruct_bfp8/layers.37.feed_forward.w3_shardedprefetcher_dtype_BFLOAT4_B_layout_TILE.tensorbin of shape Shape([1, 1, 2048, 3584])
2026-08-29 11:52:45.499 | DEBUG    | core:as_tensor:724 - Loaded cache for /proj_sw/user_dev/ctr-apbernal/tt-metal/model_cache/meta-llama/Llama-3.3-70B-Instruct/TG/tensor_cache_instruct_bfp8/layers.37.feed_forward.w1_interleavedprefetcher_dtype_BFLOAT4_B_layout_TILE.tensorbin of shape Shape([1, 1, 2048, 3584])
2026-08-29 11:52:45.996 | DEBUG    | core:as_tensor:724 - Loaded cache for /proj_sw/user_dev/ctr-apbernal/tt-metal/model_cache/meta-llama/Llama-3.3-70B-Instruct/TG/tensor_cache_instruct_bfp8/layers.37.feed_forward.w2_interleavedprefetcher_dtype_BFLOAT8_B_layout_TILE.tensorbin of shape Shape([1, 1, 3584, 2048])
2026-08-29 11:52:46.285 | DEBUG    | core:as_tensor:724 - Loaded cache for /proj_sw/user_dev/ctr-apbernal/tt-metal/model_cache/meta-llama/Llama-3.3-70B-Instruct/TG/tensor_cache_instruct_bfp8/layers.37.feed_forward.w3_interleavedprefetcher_dtype_BFLOAT4_B_layout_TILE.tensorbin of shape Shape([1, 1, 2048, 3584])
2026-08-29 11:52:46.288 | DEBUG    | core:as_tensor:724 - Loaded cache for /proj_sw/user_dev/ctr-apbernal/tt-metal/model_cache/meta-llama/Llama-3.3-70B-Instruct/TG/tensor_cache_instruct_bfp8/layers.37.attention_norm.weight_dtype_BFLOAT16_layout_ROW_MAJOR.tensorbin of shape Shape([1, 1, 256, 32])
2026-08-29 11:52:46.291 | DEBUG    | core:as_tensor:724 - Loaded cache for /proj_sw/user_dev/ctr-apbernal/tt-metal/model_cache/meta-llama/Llama-3.3-70B-Instruct/TG/tensor_cache_instruct_bfp8/layers.37.attention_norm.weight_distributed_dtype_BFLOAT16_layout_ROW_MAJOR.tensorbin of shape Shape([1, 1, 64, 32])
2026-08-29 11:52:46.292 | DEBUG    | core:as_tensor:724 - Loaded cache for /proj_sw/user_dev/ctr-apbernal/tt-metal/model_cache/meta-llama/Llama-3.3-70B-Instruct/TG/tensor_cache_instruct_bfp8/layers.37.ffn_norm.weight_dtype_BFLOAT16_layout_ROW_MAJOR.tensorbin of shape Shape([1, 1, 256, 32])
2026-08-29 11:52:46.294 | DEBUG    | core:as_tensor:724 - Loaded cache for /proj_sw/user_dev/ctr-apbernal/tt-metal/model_cache/meta-llama/Llama-3.3-70B-Instruct/TG/tensor_cache_instruct_bfp8/layers.37.ffn_norm.weight_distributed_dtype_BFLOAT16_layout_ROW_MAJOR.tensorbin of shape Shape([1, 1, 64, 32])
 48%|████▊     | 38/80 [02:47<02:58,  4.26s/it]2026-08-29 11:52:46.681 | DEBUG    | core:as_tensor:724 - Loaded cache for /proj_sw/user_dev/ctr-apbernal/tt-metal/model_cache/meta-llama/Llama-3.3-70B-Instruct/TG/tensor_cache_instruct_bfp8/layers.38.attention.wqkv_sharded_2d_prefetcher_dtype_BFLOAT8_B_layout_TILE.tensorbin of shape Shape([1, 1, 2048, 1280])
2026-08-29 11:52:46.955 | DEBUG    | core:as_tensor:724 - Loaded cache for /proj_sw/user_dev/ctr-apbernal/tt-metal/model_cache/meta-llama/Llama-3.3-70B-Instruct/TG/tensor_cache_instruct_bfp8/layers.38.attention.wqkv_sharded_2d_dram_dtype_BFLOAT8_B_layout_TILE.tensorbin of shape Shape([1, 1, 2048, 1280])
2026-08-29 11:52:47.241 | DEBUG    | core:as_tensor:724 - Loaded cache for /proj_sw/user_dev/ctr-apbernal/tt-metal/model_cache/meta-llama/Llama-3.3-70B-Instruct/TG/tensor_cache_instruct_bfp8/layers.38.attention.wo_width_sharded_2d_prefetcher_dtype_BFLOAT8_B_layout_TILE.tensorbin of shape Shape([1, 1, 1024, 2048])
2026-08-29 11:52:47.514 | DEBUG    | core:as_tensor:724 - Loaded cache for /proj_sw/user_dev/ctr-apbernal/tt-metal/model_cache/meta-llama/Llama-3.3-70B-Instruct/TG/tensor_cache_instruct_bfp8/layers.38.attention.wo_width_sharded_2d_dram_dtype_BFLOAT8_B_layout_TILE.tensorbin of shape Shape([1, 1, 1024, 2048])
2026-08-29 11:52:47.943 | DEBUG    | core:as_tensor:724 - Loaded cache for /proj_sw/user_dev/ctr-apbernal/tt-metal/model_cache/meta-llama/Llama-3.3-70B-Instruct/TG/tensor_cache_instruct_bfp8/layers.38.attention.wo_col_sharded_dram_dtype_BFLOAT8_B_layout_TILE.tensorbin of shape Shape([1, 1, 8192, 2048])
2026-08-29 11:52:47.960 | DEBUG    | core:as_tensor:724 - Loaded cache for /proj_sw/user_dev/ctr-apbernal/tt-metal/model_cache/meta-llama/Llama-3.3-70B-Instruct/TG/tensor_cache_instruct_bfp8/kvcache_torch.Size([2048, 1, 64, 128])_dtype_BFLOAT8_B_layout_TILE.tensorbin of shape Shape([2048, 1, 64, 128])
2026-08-29 11:52:47.970 | DEBUG    | core:as_tensor:724 - Loaded cache for /proj_sw/user_dev/ctr-apbernal/tt-metal/model_cache/meta-llama/Llama-3.3-70B-Instruct/TG/tensor_cache_instruct_bfp8/kvcache_torch.Size([2048, 1, 64, 128])_dtype_BFLOAT8_B_layout_TILE.tensorbin of shape Shape([2048, 1, 64, 128])
2026-08-29 11:52:48.533 | DEBUG    | core:as_tensor:724 - Loaded cache for /proj_sw/user_dev/ctr-apbernal/tt-metal/model_cache/meta-llama/Llama-3.3-70B-Instruct/TG/tensor_cache_instruct_bfp8/layers.38.feed_forward.w1_shardedprefetcher_dtype_BFLOAT4_B_layout_TILE.tensorbin of shape Shape([1, 1, 2048, 3584])
2026-08-29 11:52:49.047 | DEBUG    | core:as_tensor:724 - Loaded cache for /proj_sw/user_dev/ctr-apbernal/tt-metal/model_cache/meta-llama/Llama-3.3-70B-Instruct/TG/tensor_cache_instruct_bfp8/layers.38.feed_forward.w2_shardedprefetcher_dtype_BFLOAT8_B_layout_TILE.tensorbin of shape Shape([1, 1, 3584, 2048])
2026-08-29 11:52:49.595 | DEBUG    | core:as_tensor:724 - Loaded cache for /proj_sw/user_dev/ctr-apbernal/tt-metal/model_cache/meta-llama/Llama-3.3-70B-Instruct/TG/tensor_cache_instruct_bfp8/layers.38.feed_forward.w3_shardedprefetcher_dtype_BFLOAT4_B_layout_TILE.tensorbin of shape Shape([1, 1, 2048, 3584])
2026-08-29 11:52:49.882 | DEBUG    | core:as_tensor:724 - Loaded cache for /proj_sw/user_dev/ctr-apbernal/tt-metal/model_cache/meta-llama/Llama-3.3-70B-Instruct/TG/tensor_cache_instruct_bfp8/layers.38.feed_forward.w1_interleavedprefetcher_dtype_BFLOAT4_B_layout_TILE.tensorbin of shape Shape([1, 1, 2048, 3584])
2026-08-29 11:52:50.380 | DEBUG    | core:as_tensor:724 - Loaded cache for /proj_sw/user_dev/ctr-apbernal/tt-metal/model_cache/meta-llama/Llama-3.3-70B-Instruct/TG/tensor_cache_instruct_bfp8/layers.38.feed_forward.w2_interleavedprefetcher_dtype_BFLOAT8_B_layout_TILE.tensorbin of shape Shape([1, 1, 3584, 2048])
2026-08-29 11:52:50.679 | DEBUG    | core:as_tensor:724 - Loaded cache for /proj_sw/user_dev/ctr-apbernal/tt-metal/model_cache/meta-llama/Llama-3.3-70B-Instruct/TG/tensor_cache_instruct_bfp8/layers.38.feed_forward.w3_interleavedprefetcher_dtype_BFLOAT4_B_layout_TILE.tensorbin of shape Shape([1, 1, 2048, 3584])
2026-08-29 11:52:50.682 | DEBUG    | core:as_tensor:724 - Loaded cache for /proj_sw/user_dev/ctr-apbernal/tt-metal/model_cache/meta-llama/Llama-3.3-70B-Instruct/TG/tensor_cache_instruct_bfp8/layers.38.attention_norm.weight_dtype_BFLOAT16_layout_ROW_MAJOR.tensorbin of shape Shape([1, 1, 256, 32])
2026-08-29 11:52:50.684 | DEBUG    | core:as_tensor:724 - Loaded cache for /proj_sw/user_dev/ctr-apbernal/tt-metal/model_cache/meta-llama/Llama-3.3-70B-Instruct/TG/tensor_cache_instruct_bfp8/layers.38.attention_norm.weight_distributed_dtype_BFLOAT16_layout_ROW_MAJOR.tensorbin of shape Shape([1, 1, 64, 32])
2026-08-29 11:52:50.686 | DEBUG    | core:as_tensor:724 - Loaded cache for /proj_sw/user_dev/ctr-apbernal/tt-metal/model_cache/meta-llama/Llama-3.3-70B-Instruct/TG/tensor_cache_instruct_bfp8/layers.38.ffn_norm.weight_dtype_BFLOAT16_layout_ROW_MAJOR.tensorbin of shape Shape([1, 1, 256, 32])
2026-08-29 11:52:50.688 | DEBUG    | core:as_tensor:724 - Loaded cache for /proj_sw/user_dev/ctr-apbernal/tt-metal/model_cache/meta-llama/Llama-3.3-70B-Instruct/TG/tensor_cache_instruct_bfp8/layers.38.ffn_norm.weight_distributed_dtype_BFLOAT16_layout_ROW_MAJOR.tensorbin of shape Shape([1, 1, 64, 32])
 49%|████▉     | 39/80 [02:51<02:56,  4.30s/it]2026-08-29 11:52:51.106 | DEBUG    | core:as_tensor:724 - Loaded cache for /proj_sw/user_dev/ctr-apbernal/tt-metal/model_cache/meta-llama/Llama-3.3-70B-Instruct/TG/tensor_cache_instruct_bfp8/layers.39.attention.wqkv_sharded_2d_prefetcher_dtype_BFLOAT8_B_layout_TILE.tensorbin of shape Shape([1, 1, 2048, 1280])
2026-08-29 11:52:51.488 | DEBUG    | core:as_tensor:724 - Loaded cache for /proj_sw/user_dev/ctr-apbernal/tt-metal/model_cache/meta-llama/Llama-3.3-70B-Instruct/TG/tensor_cache_instruct_bfp8/layers.39.attention.wqkv_sharded_2d_dram_dtype_BFLOAT8_B_layout_TILE.tensorbin of shape Shape([1, 1, 2048, 1280])
2026-08-29 11:52:51.849 | DEBUG    | core:as_tensor:724 - Loaded cache for /proj_sw/user_dev/ctr-apbernal/tt-metal/model_cache/meta-llama/Llama-3.3-70B-Instruct/TG/tensor_cache_instruct_bfp8/layers.39.attention.wo_width_sharded_2d_prefetcher_dtype_BFLOAT8_B_layout_TILE.tensorbin of shape Shape([1, 1, 1024, 2048])
2026-08-29 11:52:52.217 | DEBUG    | core:as_tensor:724 - Loaded cache for /proj_sw/user_dev/ctr-apbernal/tt-metal/model_cache/meta-llama/Llama-3.3-70B-Instruct/TG/tensor_cache_instruct_bfp8/layers.39.attention.wo_width_sharded_2d_dram_dtype_BFLOAT8_B_layout_TILE.tensorbin of shape Shape([1, 1, 1024, 2048])
2026-08-29 11:52:52.752 | DEBUG    | core:as_tensor:724 - Loaded cache for /proj_sw/user_dev/ctr-apbernal/tt-metal/model_cache/meta-llama/Llama-3.3-70B-Instruct/TG/tensor_cache_instruct_bfp8/layers.39.attention.wo_col_sharded_dram_dtype_BFLOAT8_B_layout_TILE.tensorbin of shape Shape([1, 1, 8192, 2048])
2026-08-29 11:52:52.772 | DEBUG    | core:as_tensor:724 - Loaded cache for /proj_sw/user_dev/ctr-apbernal/tt-metal/model_cache/meta-llama/Llama-3.3-70B-Instruct/TG/tensor_cache_instruct_bfp8/kvcache_torch.Size([2048, 1, 64, 128])_dtype_BFLOAT8_B_layout_TILE.tensorbin of shape Shape([2048, 1, 64, 128])
2026-08-29 11:52:52.780 | DEBUG    | core:as_tensor:724 - Loaded cache for /proj_sw/user_dev/ctr-apbernal/tt-metal/model_cache/meta-llama/Llama-3.3-70B-Instruct/TG/tensor_cache_instruct_bfp8/kvcache_torch.Size([2048, 1, 64, 128])_dtype_BFLOAT8_B_layout_TILE.tensorbin of shape Shape([2048, 1, 64, 128])
2026-08-29 11:52:53.108 | DEBUG    | core:as_tensor:724 - Loaded cache for /proj_sw/user_dev/ctr-apbernal/tt-metal/model_cache/meta-llama/Llama-3.3-70B-Instruct/TG/tensor_cache_instruct_bfp8/layers.39.feed_forward.w1_shardedprefetcher_dtype_BFLOAT4_B_layout_TILE.tensorbin of shape Shape([1, 1, 2048, 3584])
2026-08-29 11:52:53.603 | DEBUG    | core:as_tensor:724 - Loaded cache for /proj_sw/user_dev/ctr-apbernal/tt-metal/model_cache/meta-llama/Llama-3.3-70B-Instruct/TG/tensor_cache_instruct_bfp8/layers.39.feed_forward.w2_shardedprefetcher_dtype_BFLOAT8_B_layout_TILE.tensorbin of shape Shape([1, 1, 3584, 2048])
2026-08-29 11:52:54.123 | DEBUG    | core:as_tensor:724 - Loaded cache for /proj_sw/user_dev/ctr-apbernal/tt-metal/model_cache/meta-llama/Llama-3.3-70B-Instruct/TG/tensor_cache_instruct_bfp8/layers.39.feed_forward.w3_shardedprefetcher_dtype_BFLOAT4_B_layout_TILE.tensorbin of shape Shape([1, 1, 2048, 3584])
2026-08-29 11:52:54.446 | DEBUG    | core:as_tensor:724 - Loaded cache for /proj_sw/user_dev/ctr-apbernal/tt-metal/model_cache/meta-llama/Llama-3.3-70B-Instruct/TG/tensor_cache_instruct_bfp8/layers.39.feed_forward.w1_interleavedprefetcher_dtype_BFLOAT4_B_layout_TILE.tensorbin of shape Shape([1, 1, 2048, 3584])
2026-08-29 11:52:54.949 | DEBUG    | core:as_tensor:724 - Loaded cache for /proj_sw/user_dev/ctr-apbernal/tt-metal/model_cache/meta-llama/Llama-3.3-70B-Instruct/TG/tensor_cache_instruct_bfp8/layers.39.feed_forward.w2_interleavedprefetcher_dtype_BFLOAT8_B_layout_TILE.tensorbin of shape Shape([1, 1, 3584, 2048])
2026-08-29 11:52:55.466 | DEBUG    | core:as_tensor:724 - Loaded cache for /proj_sw/user_dev/ctr-apbernal/tt-metal/model_cache/meta-llama/Llama-3.3-70B-Instruct/TG/tensor_cache_instruct_bfp8/layers.39.feed_forward.w3_interleavedprefetcher_dtype_BFLOAT4_B_layout_TILE.tensorbin of shape Shape([1, 1, 2048, 3584])
2026-08-29 11:52:55.474 | DEBUG    | core:as_tensor:724 - Loaded cache for /proj_sw/user_dev/ctr-apbernal/tt-metal/model_cache/meta-llama/Llama-3.3-70B-Instruct/TG/tensor_cache_instruct_bfp8/layers.39.attention_norm.weight_dtype_BFLOAT16_layout_ROW_MAJOR.tensorbin of shape Shape([1, 1, 256, 32])
2026-08-29 11:52:55.476 | DEBUG    | core:as_tensor:724 - Loaded cache for /proj_sw/user_dev/ctr-apbernal/tt-metal/model_cache/meta-llama/Llama-3.3-70B-Instruct/TG/tensor_cache_instruct_bfp8/layers.39.attention_norm.weight_distributed_dtype_BFLOAT16_layout_ROW_MAJOR.tensorbin of shape Shape([1, 1, 64, 32])
2026-08-29 11:52:55.478 | DEBUG    | core:as_tensor:724 - Loaded cache for /proj_sw/user_dev/ctr-apbernal/tt-metal/model_cache/meta-llama/Llama-3.3-70B-Instruct/TG/tensor_cache_instruct_bfp8/layers.39.ffn_norm.weight_dtype_BFLOAT16_layout_ROW_MAJOR.tensorbin of shape Shape([1, 1, 256, 32])
2026-08-29 11:52:55.480 | DEBUG    | core:as_tensor:724 - Loaded cache for /proj_sw/user_dev/ctr-apbernal/tt-metal/model_cache/meta-llama/Llama-3.3-70B-Instruct/TG/tensor_cache_instruct_bfp8/layers.39.ffn_norm.weight_distributed_dtype_BFLOAT16_layout_ROW_MAJOR.tensorbin of shape Shape([1, 1, 64, 32])
 50%|█████     | 40/80 [02:56<02:57,  4.45s/it]2026-08-29 11:52:55.879 | DEBUG    | core:as_tensor:724 - Loaded cache for /proj_sw/user_dev/ctr-apbernal/tt-metal/model_cache/meta-llama/Llama-3.3-70B-Instruct/TG/tensor_cache_instruct_bfp8/layers.40.attention.wqkv_sharded_2d_prefetcher_dtype_BFLOAT8_B_layout_TILE.tensorbin of shape Shape([1, 1, 2048, 1280])
2026-08-29 11:52:56.238 | DEBUG    | core:as_tensor:724 - Loaded cache for /proj_sw/user_dev/ctr-apbernal/tt-metal/model_cache/meta-llama/Llama-3.3-70B-Instruct/TG/tensor_cache_instruct_bfp8/layers.40.attention.wqkv_sharded_2d_dram_dtype_BFLOAT8_B_layout_TILE.tensorbin of shape Shape([1, 1, 2048, 1280])
2026-08-29 11:52:56.582 | DEBUG    | core:as_tensor:724 - Loaded cache for /proj_sw/user_dev/ctr-apbernal/tt-metal/model_cache/meta-llama/Llama-3.3-70B-Instruct/TG/tensor_cache_instruct_bfp8/layers.40.attention.wo_width_sharded_2d_prefetcher_dtype_BFLOAT8_B_layout_TILE.tensorbin of shape Shape([1, 1, 1024, 2048])
2026-08-29 11:52:56.928 | DEBUG    | core:as_tensor:724 - Loaded cache for /proj_sw/user_dev/ctr-apbernal/tt-metal/model_cache/meta-llama/Llama-3.3-70B-Instruct/TG/tensor_cache_instruct_bfp8/layers.40.attention.wo_width_sharded_2d_dram_dtype_BFLOAT8_B_layout_TILE.tensorbin of shape Shape([1, 1, 1024, 2048])
2026-08-29 11:52:57.478 | DEBUG    | core:as_tensor:724 - Loaded cache for /proj_sw/user_dev/ctr-apbernal/tt-metal/model_cache/meta-llama/Llama-3.3-70B-Instruct/TG/tensor_cache_instruct_bfp8/layers.40.attention.wo_col_sharded_dram_dtype_BFLOAT8_B_layout_TILE.tensorbin of shape Shape([1, 1, 8192, 2048])
2026-08-29 11:52:57.493 | DEBUG    | core:as_tensor:724 - Loaded cache for /proj_sw/user_dev/ctr-apbernal/tt-metal/model_cache/meta-llama/Llama-3.3-70B-Instruct/TG/tensor_cache_instruct_bfp8/kvcache_torch.Size([2048, 1, 64, 128])_dtype_BFLOAT8_B_layout_TILE.tensorbin of shape Shape([2048, 1, 64, 128])
2026-08-29 11:52:57.502 | DEBUG    | core:as_tensor:724 - Loaded cache for /proj_sw/user_dev/ctr-apbernal/tt-metal/model_cache/meta-llama/Llama-3.3-70B-Instruct/TG/tensor_cache_instruct_bfp8/kvcache_torch.Size([2048, 1, 64, 128])_dtype_BFLOAT8_B_layout_TILE.tensorbin of shape Shape([2048, 1, 64, 128])
2026-08-29 11:52:58.042 | DEBUG    | core:as_tensor:724 - Loaded cache for /proj_sw/user_dev/ctr-apbernal/tt-metal/model_cache/meta-llama/Llama-3.3-70B-Instruct/TG/tensor_cache_instruct_bfp8/layers.40.feed_forward.w1_shardedprefetcher_dtype_BFLOAT4_B_layout_TILE.tensorbin of shape Shape([1, 1, 2048, 3584])
2026-08-29 11:52:58.540 | DEBUG    | core:as_tensor:724 - Loaded cache for /proj_sw/user_dev/ctr-apbernal/tt-metal/model_cache/meta-llama/Llama-3.3-70B-Instruct/TG/tensor_cache_instruct_bfp8/layers.40.feed_forward.w2_shardedprefetcher_dtype_BFLOAT8_B_layout_TILE.tensorbin of shape Shape([1, 1, 3584, 2048])
2026-08-29 11:52:58.833 | DEBUG    | core:as_tensor:724 - Loaded cache for /proj_sw/user_dev/ctr-apbernal/tt-metal/model_cache/meta-llama/Llama-3.3-70B-Instruct/TG/tensor_cache_instruct_bfp8/layers.40.feed_forward.w3_shardedprefetcher_dtype_BFLOAT4_B_layout_TILE.tensorbin of shape Shape([1, 1, 2048, 3584])
2026-08-29 11:52:59.138 | DEBUG    | core:as_tensor:724 - Loaded cache for /proj_sw/user_dev/ctr-apbernal/tt-metal/model_cache/meta-llama/Llama-3.3-70B-Instruct/TG/tensor_cache_instruct_bfp8/layers.40.feed_forward.w1_interleavedprefetcher_dtype_BFLOAT4_B_layout_TILE.tensorbin of shape Shape([1, 1, 2048, 3584])
2026-08-29 11:52:59.635 | DEBUG    | core:as_tensor:724 - Loaded cache for /proj_sw/user_dev/ctr-apbernal/tt-metal/model_cache/meta-llama/Llama-3.3-70B-Instruct/TG/tensor_cache_instruct_bfp8/layers.40.feed_forward.w2_interleavedprefetcher_dtype_BFLOAT8_B_layout_TILE.tensorbin of shape Shape([1, 1, 3584, 2048])
2026-08-29 11:53:00.093 | DEBUG    | core:as_tensor:724 - Loaded cache for /proj_sw/user_dev/ctr-apbernal/tt-metal/model_cache/meta-llama/Llama-3.3-70B-Instruct/TG/tensor_cache_instruct_bfp8/layers.40.feed_forward.w3_interleavedprefetcher_dtype_BFLOAT4_B_layout_TILE.tensorbin of shape Shape([1, 1, 2048, 3584])
2026-08-29 11:53:00.096 | DEBUG    | core:as_tensor:724 - Loaded cache for /proj_sw/user_dev/ctr-apbernal/tt-metal/model_cache/meta-llama/Llama-3.3-70B-Instruct/TG/tensor_cache_instruct_bfp8/layers.40.attention_norm.weight_dtype_BFLOAT16_layout_ROW_MAJOR.tensorbin of shape Shape([1, 1, 256, 32])
2026-08-29 11:53:00.098 | DEBUG    | core:as_tensor:724 - Loaded cache for /proj_sw/user_dev/ctr-apbernal/tt-metal/model_cache/meta-llama/Llama-3.3-70B-Instruct/TG/tensor_cache_instruct_bfp8/layers.40.attention_norm.weight_distributed_dtype_BFLOAT16_layout_ROW_MAJOR.tensorbin of shape Shape([1, 1, 64, 32])
2026-08-29 11:53:00.100 | DEBUG    | core:as_tensor:724 - Loaded cache for /proj_sw/user_dev/ctr-apbernal/tt-metal/model_cache/meta-llama/Llama-3.3-70B-Instruct/TG/tensor_cache_instruct_bfp8/layers.40.ffn_norm.weight_dtype_BFLOAT16_layout_ROW_MAJOR.tensorbin of shape Shape([1, 1, 256, 32])
2026-08-29 11:53:00.102 | DEBUG    | core:as_tensor:724 - Loaded cache for /proj_sw/user_dev/ctr-apbernal/tt-metal/model_cache/meta-llama/Llama-3.3-70B-Instruct/TG/tensor_cache_instruct_bfp8/layers.40.ffn_norm.weight_distributed_dtype_BFLOAT16_layout_ROW_MAJOR.tensorbin of shape Shape([1, 1, 64, 32])
 51%|█████▏    | 41/80 [03:01<02:55,  4.50s/it]2026-08-29 11:53:00.396 | DEBUG    | core:as_tensor:724 - Loaded cache for /proj_sw/user_dev/ctr-apbernal/tt-metal/model_cache/meta-llama/Llama-3.3-70B-Instruct/TG/tensor_cache_instruct_bfp8/layers.41.attention.wqkv_sharded_2d_prefetcher_dtype_BFLOAT8_B_layout_TILE.tensorbin of shape Shape([1, 1, 2048, 1280])
2026-08-29 11:53:00.623 | DEBUG    | core:as_tensor:724 - Loaded cache for /proj_sw/user_dev/ctr-apbernal/tt-metal/model_cache/meta-llama/Llama-3.3-70B-Instruct/TG/tensor_cache_instruct_bfp8/layers.41.attention.wqkv_sharded_2d_dram_dtype_BFLOAT8_B_layout_TILE.tensorbin of shape Shape([1, 1, 2048, 1280])
2026-08-29 11:53:00.967 | DEBUG    | core:as_tensor:724 - Loaded cache for /proj_sw/user_dev/ctr-apbernal/tt-metal/model_cache/meta-llama/Llama-3.3-70B-Instruct/TG/tensor_cache_instruct_bfp8/layers.41.attention.wo_width_sharded_2d_prefetcher_dtype_BFLOAT8_B_layout_TILE.tensorbin of shape Shape([1, 1, 1024, 2048])
2026-08-29 11:53:01.247 | DEBUG    | core:as_tensor:724 - Loaded cache for /proj_sw/user_dev/ctr-apbernal/tt-metal/model_cache/meta-llama/Llama-3.3-70B-Instruct/TG/tensor_cache_instruct_bfp8/layers.41.attention.wo_width_sharded_2d_dram_dtype_BFLOAT8_B_layout_TILE.tensorbin of shape Shape([1, 1, 1024, 2048])
2026-08-29 11:53:01.423 | DEBUG    | core:as_tensor:724 - Loaded cache for /proj_sw/user_dev/ctr-apbernal/tt-metal/model_cache/meta-llama/Llama-3.3-70B-Instruct/TG/tensor_cache_instruct_bfp8/layers.41.attention.wo_col_sharded_dram_dtype_BFLOAT8_B_layout_TILE.tensorbin of shape Shape([1, 1, 8192, 2048])
2026-08-29 11:53:01.440 | DEBUG    | core:as_tensor:724 - Loaded cache for /proj_sw/user_dev/ctr-apbernal/tt-metal/model_cache/meta-llama/Llama-3.3-70B-Instruct/TG/tensor_cache_instruct_bfp8/kvcache_torch.Size([2048, 1, 64, 128])_dtype_BFLOAT8_B_layout_TILE.tensorbin of shape Shape([2048, 1, 64, 128])
2026-08-29 11:53:01.448 | DEBUG    | core:as_tensor:724 - Loaded cache for /proj_sw/user_dev/ctr-apbernal/tt-metal/model_cache/meta-llama/Llama-3.3-70B-Instruct/TG/tensor_cache_instruct_bfp8/kvcache_torch.Size([2048, 1, 64, 128])_dtype_BFLOAT8_B_layout_TILE.tensorbin of shape Shape([2048, 1, 64, 128])
2026-08-29 11:53:01.759 | DEBUG    | core:as_tensor:724 - Loaded cache for /proj_sw/user_dev/ctr-apbernal/tt-metal/model_cache/meta-llama/Llama-3.3-70B-Instruct/TG/tensor_cache_instruct_bfp8/layers.41.feed_forward.w1_shardedprefetcher_dtype_BFLOAT4_B_layout_TILE.tensorbin of shape Shape([1, 1, 2048, 3584])
2026-08-29 11:53:02.271 | DEBUG    | core:as_tensor:724 - Loaded cache for /proj_sw/user_dev/ctr-apbernal/tt-metal/model_cache/meta-llama/Llama-3.3-70B-Instruct/TG/tensor_cache_instruct_bfp8/layers.41.feed_forward.w2_shardedprefetcher_dtype_BFLOAT8_B_layout_TILE.tensorbin of shape Shape([1, 1, 3584, 2048])
2026-08-29 11:53:02.557 | DEBUG    | core:as_tensor:724 - Loaded cache for /proj_sw/user_dev/ctr-apbernal/tt-metal/model_cache/meta-llama/Llama-3.3-70B-Instruct/TG/tensor_cache_instruct_bfp8/layers.41.feed_forward.w3_shardedprefetcher_dtype_BFLOAT4_B_layout_TILE.tensorbin of shape Shape([1, 1, 2048, 3584])
2026-08-29 11:53:02.906 | DEBUG    | core:as_tensor:724 - Loaded cache for /proj_sw/user_dev/ctr-apbernal/tt-metal/model_cache/meta-llama/Llama-3.3-70B-Instruct/TG/tensor_cache_instruct_bfp8/layers.41.feed_forward.w1_interleavedprefetcher_dtype_BFLOAT4_B_layout_TILE.tensorbin of shape Shape([1, 1, 2048, 3584])
2026-08-29 11:53:03.401 | DEBUG    | core:as_tensor:724 - Loaded cache for /proj_sw/user_dev/ctr-apbernal/tt-metal/model_cache/meta-llama/Llama-3.3-70B-Instruct/TG/tensor_cache_instruct_bfp8/layers.41.feed_forward.w2_interleavedprefetcher_dtype_BFLOAT8_B_layout_TILE.tensorbin of shape Shape([1, 1, 3584, 2048])
2026-08-29 11:53:03.916 | DEBUG    | core:as_tensor:724 - Loaded cache for /proj_sw/user_dev/ctr-apbernal/tt-metal/model_cache/meta-llama/Llama-3.3-70B-Instruct/TG/tensor_cache_instruct_bfp8/layers.41.feed_forward.w3_interleavedprefetcher_dtype_BFLOAT4_B_layout_TILE.tensorbin of shape Shape([1, 1, 2048, 3584])
2026-08-29 11:53:03.922 | DEBUG    | core:as_tensor:724 - Loaded cache for /proj_sw/user_dev/ctr-apbernal/tt-metal/model_cache/meta-llama/Llama-3.3-70B-Instruct/TG/tensor_cache_instruct_bfp8/layers.41.attention_norm.weight_dtype_BFLOAT16_layout_ROW_MAJOR.tensorbin of shape Shape([1, 1, 256, 32])
2026-08-29 11:53:03.924 | DEBUG    | core:as_tensor:724 - Loaded cache for /proj_sw/user_dev/ctr-apbernal/tt-metal/model_cache/meta-llama/Llama-3.3-70B-Instruct/TG/tensor_cache_instruct_bfp8/layers.41.attention_norm.weight_distributed_dtype_BFLOAT16_layout_ROW_MAJOR.tensorbin of shape Shape([1, 1, 64, 32])
2026-08-29 11:53:03.926 | DEBUG    | core:as_tensor:724 - Loaded cache for /proj_sw/user_dev/ctr-apbernal/tt-metal/model_cache/meta-llama/Llama-3.3-70B-Instruct/TG/tensor_cache_instruct_bfp8/layers.41.ffn_norm.weight_dtype_BFLOAT16_layout_ROW_MAJOR.tensorbin of shape Shape([1, 1, 256, 32])
2026-08-29 11:53:03.928 | DEBUG    | core:as_tensor:724 - Loaded cache for /proj_sw/user_dev/ctr-apbernal/tt-metal/model_cache/meta-llama/Llama-3.3-70B-Instruct/TG/tensor_cache_instruct_bfp8/layers.41.ffn_norm.weight_distributed_dtype_BFLOAT16_layout_ROW_MAJOR.tensorbin of shape Shape([1, 1, 64, 32])
 52%|█████▎    | 42/80 [03:05<02:43,  4.30s/it]2026-08-29 11:53:04.248 | DEBUG    | core:as_tensor:724 - Loaded cache for /proj_sw/user_dev/ctr-apbernal/tt-metal/model_cache/meta-llama/Llama-3.3-70B-Instruct/TG/tensor_cache_instruct_bfp8/layers.42.attention.wqkv_sharded_2d_prefetcher_dtype_BFLOAT8_B_layout_TILE.tensorbin of shape Shape([1, 1, 2048, 1280])
2026-08-29 11:53:04.621 | DEBUG    | core:as_tensor:724 - Loaded cache for /proj_sw/user_dev/ctr-apbernal/tt-metal/model_cache/meta-llama/Llama-3.3-70B-Instruct/TG/tensor_cache_instruct_bfp8/layers.42.attention.wqkv_sharded_2d_dram_dtype_BFLOAT8_B_layout_TILE.tensorbin of shape Shape([1, 1, 2048, 1280])
2026-08-29 11:53:04.892 | DEBUG    | core:as_tensor:724 - Loaded cache for /proj_sw/user_dev/ctr-apbernal/tt-metal/model_cache/meta-llama/Llama-3.3-70B-Instruct/TG/tensor_cache_instruct_bfp8/layers.42.attention.wo_width_sharded_2d_prefetcher_dtype_BFLOAT8_B_layout_TILE.tensorbin of shape Shape([1, 1, 1024, 2048])
2026-08-29 11:53:05.187 | DEBUG    | core:as_tensor:724 - Loaded cache for /proj_sw/user_dev/ctr-apbernal/tt-metal/model_cache/meta-llama/Llama-3.3-70B-Instruct/TG/tensor_cache_instruct_bfp8/layers.42.attention.wo_width_sharded_2d_dram_dtype_BFLOAT8_B_layout_TILE.tensorbin of shape Shape([1, 1, 1024, 2048])
2026-08-29 11:53:05.637 | DEBUG    | core:as_tensor:724 - Loaded cache for /proj_sw/user_dev/ctr-apbernal/tt-metal/model_cache/meta-llama/Llama-3.3-70B-Instruct/TG/tensor_cache_instruct_bfp8/layers.42.attention.wo_col_sharded_dram_dtype_BFLOAT8_B_layout_TILE.tensorbin of shape Shape([1, 1, 8192, 2048])
2026-08-29 11:53:05.654 | DEBUG    | core:as_tensor:724 - Loaded cache for /proj_sw/user_dev/ctr-apbernal/tt-metal/model_cache/meta-llama/Llama-3.3-70B-Instruct/TG/tensor_cache_instruct_bfp8/kvcache_torch.Size([2048, 1, 64, 128])_dtype_BFLOAT8_B_layout_TILE.tensorbin of shape Shape([2048, 1, 64, 128])
2026-08-29 11:53:05.663 | DEBUG    | core:as_tensor:724 - Loaded cache for /proj_sw/user_dev/ctr-apbernal/tt-metal/model_cache/meta-llama/Llama-3.3-70B-Instruct/TG/tensor_cache_instruct_bfp8/kvcache_torch.Size([2048, 1, 64, 128])_dtype_BFLOAT8_B_layout_TILE.tensorbin of shape Shape([2048, 1, 64, 128])
2026-08-29 11:53:06.229 | DEBUG    | core:as_tensor:724 - Loaded cache for /proj_sw/user_dev/ctr-apbernal/tt-metal/model_cache/meta-llama/Llama-3.3-70B-Instruct/TG/tensor_cache_instruct_bfp8/layers.42.feed_forward.w1_shardedprefetcher_dtype_BFLOAT4_B_layout_TILE.tensorbin of shape Shape([1, 1, 2048, 3584])
2026-08-29 11:53:06.742 | DEBUG    | core:as_tensor:724 - Loaded cache for /proj_sw/user_dev/ctr-apbernal/tt-metal/model_cache/meta-llama/Llama-3.3-70B-Instruct/TG/tensor_cache_instruct_bfp8/layers.42.feed_forward.w2_shardedprefetcher_dtype_BFLOAT8_B_layout_TILE.tensorbin of shape Shape([1, 1, 3584, 2048])
2026-08-29 11:53:07.065 | DEBUG    | core:as_tensor:724 - Loaded cache for /proj_sw/user_dev/ctr-apbernal/tt-metal/model_cache/meta-llama/Llama-3.3-70B-Instruct/TG/tensor_cache_instruct_bfp8/layers.42.feed_forward.w3_shardedprefetcher_dtype_BFLOAT4_B_layout_TILE.tensorbin of shape Shape([1, 1, 2048, 3584])
2026-08-29 11:53:07.378 | DEBUG    | core:as_tensor:724 - Loaded cache for /proj_sw/user_dev/ctr-apbernal/tt-metal/model_cache/meta-llama/Llama-3.3-70B-Instruct/TG/tensor_cache_instruct_bfp8/layers.42.feed_forward.w1_interleavedprefetcher_dtype_BFLOAT4_B_layout_TILE.tensorbin of shape Shape([1, 1, 2048, 3584])
2026-08-29 11:53:07.889 | DEBUG    | core:as_tensor:724 - Loaded cache for /proj_sw/user_dev/ctr-apbernal/tt-metal/model_cache/meta-llama/Llama-3.3-70B-Instruct/TG/tensor_cache_instruct_bfp8/layers.42.feed_forward.w2_interleavedprefetcher_dtype_BFLOAT8_B_layout_TILE.tensorbin of shape Shape([1, 1, 3584, 2048])
2026-08-29 11:53:08.403 | DEBUG    | core:as_tensor:724 - Loaded cache for /proj_sw/user_dev/ctr-apbernal/tt-metal/model_cache/meta-llama/Llama-3.3-70B-Instruct/TG/tensor_cache_instruct_bfp8/layers.42.feed_forward.w3_interleavedprefetcher_dtype_BFLOAT4_B_layout_TILE.tensorbin of shape Shape([1, 1, 2048, 3584])
2026-08-29 11:53:08.409 | DEBUG    | core:as_tensor:724 - Loaded cache for /proj_sw/user_dev/ctr-apbernal/tt-metal/model_cache/meta-llama/Llama-3.3-70B-Instruct/TG/tensor_cache_instruct_bfp8/layers.42.attention_norm.weight_dtype_BFLOAT16_layout_ROW_MAJOR.tensorbin of shape Shape([1, 1, 256, 32])
2026-08-29 11:53:08.411 | DEBUG    | core:as_tensor:724 - Loaded cache for /proj_sw/user_dev/ctr-apbernal/tt-metal/model_cache/meta-llama/Llama-3.3-70B-Instruct/TG/tensor_cache_instruct_bfp8/layers.42.attention_norm.weight_distributed_dtype_BFLOAT16_layout_ROW_MAJOR.tensorbin of shape Shape([1, 1, 64, 32])
2026-08-29 11:53:08.413 | DEBUG    | core:as_tensor:724 - Loaded cache for /proj_sw/user_dev/ctr-apbernal/tt-metal/model_cache/meta-llama/Llama-3.3-70B-Instruct/TG/tensor_cache_instruct_bfp8/layers.42.ffn_norm.weight_dtype_BFLOAT16_layout_ROW_MAJOR.tensorbin of shape Shape([1, 1, 256, 32])
2026-08-29 11:53:08.415 | DEBUG    | core:as_tensor:724 - Loaded cache for /proj_sw/user_dev/ctr-apbernal/tt-metal/model_cache/meta-llama/Llama-3.3-70B-Instruct/TG/tensor_cache_instruct_bfp8/layers.42.ffn_norm.weight_distributed_dtype_BFLOAT16_layout_ROW_MAJOR.tensorbin of shape Shape([1, 1, 64, 32])
 54%|█████▍    | 43/80 [03:09<02:41,  4.35s/it]2026-08-29 11:53:08.816 | DEBUG    | core:as_tensor:724 - Loaded cache for /proj_sw/user_dev/ctr-apbernal/tt-metal/model_cache/meta-llama/Llama-3.3-70B-Instruct/TG/tensor_cache_instruct_bfp8/layers.43.attention.wqkv_sharded_2d_prefetcher_dtype_BFLOAT8_B_layout_TILE.tensorbin of shape Shape([1, 1, 2048, 1280])
2026-08-29 11:53:09.207 | DEBUG    | core:as_tensor:724 - Loaded cache for /proj_sw/user_dev/ctr-apbernal/tt-metal/model_cache/meta-llama/Llama-3.3-70B-Instruct/TG/tensor_cache_instruct_bfp8/layers.43.attention.wqkv_sharded_2d_dram_dtype_BFLOAT8_B_layout_TILE.tensorbin of shape Shape([1, 1, 2048, 1280])
2026-08-29 11:53:09.538 | DEBUG    | core:as_tensor:724 - Loaded cache for /proj_sw/user_dev/ctr-apbernal/tt-metal/model_cache/meta-llama/Llama-3.3-70B-Instruct/TG/tensor_cache_instruct_bfp8/layers.43.attention.wo_width_sharded_2d_prefetcher_dtype_BFLOAT8_B_layout_TILE.tensorbin of shape Shape([1, 1, 1024, 2048])
2026-08-29 11:53:09.900 | DEBUG    | core:as_tensor:724 - Loaded cache for /proj_sw/user_dev/ctr-apbernal/tt-metal/model_cache/meta-llama/Llama-3.3-70B-Instruct/TG/tensor_cache_instruct_bfp8/layers.43.attention.wo_width_sharded_2d_dram_dtype_BFLOAT8_B_layout_TILE.tensorbin of shape Shape([1, 1, 1024, 2048])
2026-08-29 11:53:10.314 | DEBUG    | core:as_tensor:724 - Loaded cache for /proj_sw/user_dev/ctr-apbernal/tt-metal/model_cache/meta-llama/Llama-3.3-70B-Instruct/TG/tensor_cache_instruct_bfp8/layers.43.attention.wo_col_sharded_dram_dtype_BFLOAT8_B_layout_TILE.tensorbin of shape Shape([1, 1, 8192, 2048])
2026-08-29 11:53:10.329 | DEBUG    | core:as_tensor:724 - Loaded cache for /proj_sw/user_dev/ctr-apbernal/tt-metal/model_cache/meta-llama/Llama-3.3-70B-Instruct/TG/tensor_cache_instruct_bfp8/kvcache_torch.Size([2048, 1, 64, 128])_dtype_BFLOAT8_B_layout_TILE.tensorbin of shape Shape([2048, 1, 64, 128])
2026-08-29 11:53:10.337 | DEBUG    | core:as_tensor:724 - Loaded cache for /proj_sw/user_dev/ctr-apbernal/tt-metal/model_cache/meta-llama/Llama-3.3-70B-Instruct/TG/tensor_cache_instruct_bfp8/kvcache_torch.Size([2048, 1, 64, 128])_dtype_BFLOAT8_B_layout_TILE.tensorbin of shape Shape([2048, 1, 64, 128])
2026-08-29 11:53:10.650 | DEBUG    | core:as_tensor:724 - Loaded cache for /proj_sw/user_dev/ctr-apbernal/tt-metal/model_cache/meta-llama/Llama-3.3-70B-Instruct/TG/tensor_cache_instruct_bfp8/layers.43.feed_forward.w1_shardedprefetcher_dtype_BFLOAT4_B_layout_TILE.tensorbin of shape Shape([1, 1, 2048, 3584])
2026-08-29 11:53:11.161 | DEBUG    | core:as_tensor:724 - Loaded cache for /proj_sw/user_dev/ctr-apbernal/tt-metal/model_cache/meta-llama/Llama-3.3-70B-Instruct/TG/tensor_cache_instruct_bfp8/layers.43.feed_forward.w2_shardedprefetcher_dtype_BFLOAT8_B_layout_TILE.tensorbin of shape Shape([1, 1, 3584, 2048])
2026-08-29 11:53:11.512 | DEBUG    | core:as_tensor:724 - Loaded cache for /proj_sw/user_dev/ctr-apbernal/tt-metal/model_cache/meta-llama/Llama-3.3-70B-Instruct/TG/tensor_cache_instruct_bfp8/layers.43.feed_forward.w3_shardedprefetcher_dtype_BFLOAT4_B_layout_TILE.tensorbin of shape Shape([1, 1, 2048, 3584])
2026-08-29 11:53:11.810 | DEBUG    | core:as_tensor:724 - Loaded cache for /proj_sw/user_dev/ctr-apbernal/tt-metal/model_cache/meta-llama/Llama-3.3-70B-Instruct/TG/tensor_cache_instruct_bfp8/layers.43.feed_forward.w1_interleavedprefetcher_dtype_BFLOAT4_B_layout_TILE.tensorbin of shape Shape([1, 1, 2048, 3584])
2026-08-29 11:53:12.310 | DEBUG    | core:as_tensor:724 - Loaded cache for /proj_sw/user_dev/ctr-apbernal/tt-metal/model_cache/meta-llama/Llama-3.3-70B-Instruct/TG/tensor_cache_instruct_bfp8/layers.43.feed_forward.w2_interleavedprefetcher_dtype_BFLOAT8_B_layout_TILE.tensorbin of shape Shape([1, 1, 3584, 2048])
2026-08-29 11:53:12.809 | DEBUG    | core:as_tensor:724 - Loaded cache for /proj_sw/user_dev/ctr-apbernal/tt-metal/model_cache/meta-llama/Llama-3.3-70B-Instruct/TG/tensor_cache_instruct_bfp8/layers.43.feed_forward.w3_interleavedprefetcher_dtype_BFLOAT4_B_layout_TILE.tensorbin of shape Shape([1, 1, 2048, 3584])
2026-08-29 11:53:12.816 | DEBUG    | core:as_tensor:724 - Loaded cache for /proj_sw/user_dev/ctr-apbernal/tt-metal/model_cache/meta-llama/Llama-3.3-70B-Instruct/TG/tensor_cache_instruct_bfp8/layers.43.attention_norm.weight_dtype_BFLOAT16_layout_ROW_MAJOR.tensorbin of shape Shape([1, 1, 256, 32])
2026-08-29 11:53:12.818 | DEBUG    | core:as_tensor:724 - Loaded cache for /proj_sw/user_dev/ctr-apbernal/tt-metal/model_cache/meta-llama/Llama-3.3-70B-Instruct/TG/tensor_cache_instruct_bfp8/layers.43.attention_norm.weight_distributed_dtype_BFLOAT16_layout_ROW_MAJOR.tensorbin of shape Shape([1, 1, 64, 32])
2026-08-29 11:53:12.820 | DEBUG    | core:as_tensor:724 - Loaded cache for /proj_sw/user_dev/ctr-apbernal/tt-metal/model_cache/meta-llama/Llama-3.3-70B-Instruct/TG/tensor_cache_instruct_bfp8/layers.43.ffn_norm.weight_dtype_BFLOAT16_layout_ROW_MAJOR.tensorbin of shape Shape([1, 1, 256, 32])
2026-08-29 11:53:12.822 | DEBUG    | core:as_tensor:724 - Loaded cache for /proj_sw/user_dev/ctr-apbernal/tt-metal/model_cache/meta-llama/Llama-3.3-70B-Instruct/TG/tensor_cache_instruct_bfp8/layers.43.ffn_norm.weight_distributed_dtype_BFLOAT16_layout_ROW_MAJOR.tensorbin of shape Shape([1, 1, 64, 32])
 55%|█████▌    | 44/80 [03:13<02:37,  4.37s/it]2026-08-29 11:53:13.245 | DEBUG    | core:as_tensor:724 - Loaded cache for /proj_sw/user_dev/ctr-apbernal/tt-metal/model_cache/meta-llama/Llama-3.3-70B-Instruct/TG/tensor_cache_instruct_bfp8/layers.44.attention.wqkv_sharded_2d_prefetcher_dtype_BFLOAT8_B_layout_TILE.tensorbin of shape Shape([1, 1, 2048, 1280])
2026-08-29 11:53:13.646 | DEBUG    | core:as_tensor:724 - Loaded cache for /proj_sw/user_dev/ctr-apbernal/tt-metal/model_cache/meta-llama/Llama-3.3-70B-Instruct/TG/tensor_cache_instruct_bfp8/layers.44.attention.wqkv_sharded_2d_dram_dtype_BFLOAT8_B_layout_TILE.tensorbin of shape Shape([1, 1, 2048, 1280])
2026-08-29 11:53:14.000 | DEBUG    | core:as_tensor:724 - Loaded cache for /proj_sw/user_dev/ctr-apbernal/tt-metal/model_cache/meta-llama/Llama-3.3-70B-Instruct/TG/tensor_cache_instruct_bfp8/layers.44.attention.wo_width_sharded_2d_prefetcher_dtype_BFLOAT8_B_layout_TILE.tensorbin of shape Shape([1, 1, 1024, 2048])
2026-08-29 11:53:14.327 | DEBUG    | core:as_tensor:724 - Loaded cache for /proj_sw/user_dev/ctr-apbernal/tt-metal/model_cache/meta-llama/Llama-3.3-70B-Instruct/TG/tensor_cache_instruct_bfp8/layers.44.attention.wo_width_sharded_2d_dram_dtype_BFLOAT8_B_layout_TILE.tensorbin of shape Shape([1, 1, 1024, 2048])
2026-08-29 11:53:14.556 | DEBUG    | core:as_tensor:724 - Loaded cache for /proj_sw/user_dev/ctr-apbernal/tt-metal/model_cache/meta-llama/Llama-3.3-70B-Instruct/TG/tensor_cache_instruct_bfp8/layers.44.attention.wo_col_sharded_dram_dtype_BFLOAT8_B_layout_TILE.tensorbin of shape Shape([1, 1, 8192, 2048])
2026-08-29 11:53:14.571 | DEBUG    | core:as_tensor:724 - Loaded cache for /proj_sw/user_dev/ctr-apbernal/tt-metal/model_cache/meta-llama/Llama-3.3-70B-Instruct/TG/tensor_cache_instruct_bfp8/kvcache_torch.Size([2048, 1, 64, 128])_dtype_BFLOAT8_B_layout_TILE.tensorbin of shape Shape([2048, 1, 64, 128])
2026-08-29 11:53:14.579 | DEBUG    | core:as_tensor:724 - Loaded cache for /proj_sw/user_dev/ctr-apbernal/tt-metal/model_cache/meta-llama/Llama-3.3-70B-Instruct/TG/tensor_cache_instruct_bfp8/kvcache_torch.Size([2048, 1, 64, 128])_dtype_BFLOAT8_B_layout_TILE.tensorbin of shape Shape([2048, 1, 64, 128])
2026-08-29 11:53:14.909 | DEBUG    | core:as_tensor:724 - Loaded cache for /proj_sw/user_dev/ctr-apbernal/tt-metal/model_cache/meta-llama/Llama-3.3-70B-Instruct/TG/tensor_cache_instruct_bfp8/layers.44.feed_forward.w1_shardedprefetcher_dtype_BFLOAT4_B_layout_TILE.tensorbin of shape Shape([1, 1, 2048, 3584])
2026-08-29 11:53:15.420 | DEBUG    | core:as_tensor:724 - Loaded cache for /proj_sw/user_dev/ctr-apbernal/tt-metal/model_cache/meta-llama/Llama-3.3-70B-Instruct/TG/tensor_cache_instruct_bfp8/layers.44.feed_forward.w2_shardedprefetcher_dtype_BFLOAT8_B_layout_TILE.tensorbin of shape Shape([1, 1, 3584, 2048])
2026-08-29 11:53:15.964 | DEBUG    | core:as_tensor:724 - Loaded cache for /proj_sw/user_dev/ctr-apbernal/tt-metal/model_cache/meta-llama/Llama-3.3-70B-Instruct/TG/tensor_cache_instruct_bfp8/layers.44.feed_forward.w3_shardedprefetcher_dtype_BFLOAT4_B_layout_TILE.tensorbin of shape Shape([1, 1, 2048, 3584])
2026-08-29 11:53:16.416 | DEBUG    | core:as_tensor:724 - Loaded cache for /proj_sw/user_dev/ctr-apbernal/tt-metal/model_cache/meta-llama/Llama-3.3-70B-Instruct/TG/tensor_cache_instruct_bfp8/layers.44.feed_forward.w1_interleavedprefetcher_dtype_BFLOAT4_B_layout_TILE.tensorbin of shape Shape([1, 1, 2048, 3584])
2026-08-29 11:53:16.919 | DEBUG    | core:as_tensor:724 - Loaded cache for /proj_sw/user_dev/ctr-apbernal/tt-metal/model_cache/meta-llama/Llama-3.3-70B-Instruct/TG/tensor_cache_instruct_bfp8/layers.44.feed_forward.w2_interleavedprefetcher_dtype_BFLOAT8_B_layout_TILE.tensorbin of shape Shape([1, 1, 3584, 2048])
2026-08-29 11:53:17.241 | DEBUG    | core:as_tensor:724 - Loaded cache for /proj_sw/user_dev/ctr-apbernal/tt-metal/model_cache/meta-llama/Llama-3.3-70B-Instruct/TG/tensor_cache_instruct_bfp8/layers.44.feed_forward.w3_interleavedprefetcher_dtype_BFLOAT4_B_layout_TILE.tensorbin of shape Shape([1, 1, 2048, 3584])
2026-08-29 11:53:17.244 | DEBUG    | core:as_tensor:724 - Loaded cache for /proj_sw/user_dev/ctr-apbernal/tt-metal/model_cache/meta-llama/Llama-3.3-70B-Instruct/TG/tensor_cache_instruct_bfp8/layers.44.attention_norm.weight_dtype_BFLOAT16_layout_ROW_MAJOR.tensorbin of shape Shape([1, 1, 256, 32])
2026-08-29 11:53:17.246 | DEBUG    | core:as_tensor:724 - Loaded cache for /proj_sw/user_dev/ctr-apbernal/tt-metal/model_cache/meta-llama/Llama-3.3-70B-Instruct/TG/tensor_cache_instruct_bfp8/layers.44.attention_norm.weight_distributed_dtype_BFLOAT16_layout_ROW_MAJOR.tensorbin of shape Shape([1, 1, 64, 32])
2026-08-29 11:53:17.248 | DEBUG    | core:as_tensor:724 - Loaded cache for /proj_sw/user_dev/ctr-apbernal/tt-metal/model_cache/meta-llama/Llama-3.3-70B-Instruct/TG/tensor_cache_instruct_bfp8/layers.44.ffn_norm.weight_dtype_BFLOAT16_layout_ROW_MAJOR.tensorbin of shape Shape([1, 1, 256, 32])
2026-08-29 11:53:17.250 | DEBUG    | core:as_tensor:724 - Loaded cache for /proj_sw/user_dev/ctr-apbernal/tt-metal/model_cache/meta-llama/Llama-3.3-70B-Instruct/TG/tensor_cache_instruct_bfp8/layers.44.ffn_norm.weight_distributed_dtype_BFLOAT16_layout_ROW_MAJOR.tensorbin of shape Shape([1, 1, 64, 32])
 56%|█████▋    | 45/80 [03:18<02:33,  4.39s/it]2026-08-29 11:53:17.643 | DEBUG    | core:as_tensor:724 - Loaded cache for /proj_sw/user_dev/ctr-apbernal/tt-metal/model_cache/meta-llama/Llama-3.3-70B-Instruct/TG/tensor_cache_instruct_bfp8/layers.45.attention.wqkv_sharded_2d_prefetcher_dtype_BFLOAT8_B_layout_TILE.tensorbin of shape Shape([1, 1, 2048, 1280])
2026-08-29 11:53:17.869 | DEBUG    | core:as_tensor:724 - Loaded cache for /proj_sw/user_dev/ctr-apbernal/tt-metal/model_cache/meta-llama/Llama-3.3-70B-Instruct/TG/tensor_cache_instruct_bfp8/layers.45.attention.wqkv_sharded_2d_dram_dtype_BFLOAT8_B_layout_TILE.tensorbin of shape Shape([1, 1, 2048, 1280])
2026-08-29 11:53:18.180 | DEBUG    | core:as_tensor:724 - Loaded cache for /proj_sw/user_dev/ctr-apbernal/tt-metal/model_cache/meta-llama/Llama-3.3-70B-Instruct/TG/tensor_cache_instruct_bfp8/layers.45.attention.wo_width_sharded_2d_prefetcher_dtype_BFLOAT8_B_layout_TILE.tensorbin of shape Shape([1, 1, 1024, 2048])
2026-08-29 11:53:18.412 | DEBUG    | core:as_tensor:724 - Loaded cache for /proj_sw/user_dev/ctr-apbernal/tt-metal/model_cache/meta-llama/Llama-3.3-70B-Instruct/TG/tensor_cache_instruct_bfp8/layers.45.attention.wo_width_sharded_2d_dram_dtype_BFLOAT8_B_layout_TILE.tensorbin of shape Shape([1, 1, 1024, 2048])
2026-08-29 11:53:18.843 | DEBUG    | core:as_tensor:724 - Loaded cache for /proj_sw/user_dev/ctr-apbernal/tt-metal/model_cache/meta-llama/Llama-3.3-70B-Instruct/TG/tensor_cache_instruct_bfp8/layers.45.attention.wo_col_sharded_dram_dtype_BFLOAT8_B_layout_TILE.tensorbin of shape Shape([1, 1, 8192, 2048])
2026-08-29 11:53:18.858 | DEBUG    | core:as_tensor:724 - Loaded cache for /proj_sw/user_dev/ctr-apbernal/tt-metal/model_cache/meta-llama/Llama-3.3-70B-Instruct/TG/tensor_cache_instruct_bfp8/kvcache_torch.Size([2048, 1, 64, 128])_dtype_BFLOAT8_B_layout_TILE.tensorbin of shape Shape([2048, 1, 64, 128])
2026-08-29 11:53:18.866 | DEBUG    | core:as_tensor:724 - Loaded cache for /proj_sw/user_dev/ctr-apbernal/tt-metal/model_cache/meta-llama/Llama-3.3-70B-Instruct/TG/tensor_cache_instruct_bfp8/kvcache_torch.Size([2048, 1, 64, 128])_dtype_BFLOAT8_B_layout_TILE.tensorbin of shape Shape([2048, 1, 64, 128])
2026-08-29 11:53:19.185 | DEBUG    | core:as_tensor:724 - Loaded cache for /proj_sw/user_dev/ctr-apbernal/tt-metal/model_cache/meta-llama/Llama-3.3-70B-Instruct/TG/tensor_cache_instruct_bfp8/layers.45.feed_forward.w1_shardedprefetcher_dtype_BFLOAT4_B_layout_TILE.tensorbin of shape Shape([1, 1, 2048, 3584])
2026-08-29 11:53:19.698 | DEBUG    | core:as_tensor:724 - Loaded cache for /proj_sw/user_dev/ctr-apbernal/tt-metal/model_cache/meta-llama/Llama-3.3-70B-Instruct/TG/tensor_cache_instruct_bfp8/layers.45.feed_forward.w2_shardedprefetcher_dtype_BFLOAT8_B_layout_TILE.tensorbin of shape Shape([1, 1, 3584, 2048])
2026-08-29 11:53:20.017 | DEBUG    | core:as_tensor:724 - Loaded cache for /proj_sw/user_dev/ctr-apbernal/tt-metal/model_cache/meta-llama/Llama-3.3-70B-Instruct/TG/tensor_cache_instruct_bfp8/layers.45.feed_forward.w3_shardedprefetcher_dtype_BFLOAT4_B_layout_TILE.tensorbin of shape Shape([1, 1, 2048, 3584])
2026-08-29 11:53:20.313 | DEBUG    | core:as_tensor:724 - Loaded cache for /proj_sw/user_dev/ctr-apbernal/tt-metal/model_cache/meta-llama/Llama-3.3-70B-Instruct/TG/tensor_cache_instruct_bfp8/layers.45.feed_forward.w1_interleavedprefetcher_dtype_BFLOAT4_B_layout_TILE.tensorbin of shape Shape([1, 1, 2048, 3584])
2026-08-29 11:53:20.817 | DEBUG    | core:as_tensor:724 - Loaded cache for /proj_sw/user_dev/ctr-apbernal/tt-metal/model_cache/meta-llama/Llama-3.3-70B-Instruct/TG/tensor_cache_instruct_bfp8/layers.45.feed_forward.w2_interleavedprefetcher_dtype_BFLOAT8_B_layout_TILE.tensorbin of shape Shape([1, 1, 3584, 2048])
2026-08-29 11:53:21.129 | DEBUG    | core:as_tensor:724 - Loaded cache for /proj_sw/user_dev/ctr-apbernal/tt-metal/model_cache/meta-llama/Llama-3.3-70B-Instruct/TG/tensor_cache_instruct_bfp8/layers.45.feed_forward.w3_interleavedprefetcher_dtype_BFLOAT4_B_layout_TILE.tensorbin of shape Shape([1, 1, 2048, 3584])
2026-08-29 11:53:21.133 | DEBUG    | core:as_tensor:724 - Loaded cache for /proj_sw/user_dev/ctr-apbernal/tt-metal/model_cache/meta-llama/Llama-3.3-70B-Instruct/TG/tensor_cache_instruct_bfp8/layers.45.attention_norm.weight_dtype_BFLOAT16_layout_ROW_MAJOR.tensorbin of shape Shape([1, 1, 256, 32])
2026-08-29 11:53:21.136 | DEBUG    | core:as_tensor:724 - Loaded cache for /proj_sw/user_dev/ctr-apbernal/tt-metal/model_cache/meta-llama/Llama-3.3-70B-Instruct/TG/tensor_cache_instruct_bfp8/layers.45.attention_norm.weight_distributed_dtype_BFLOAT16_layout_ROW_MAJOR.tensorbin of shape Shape([1, 1, 64, 32])
2026-08-29 11:53:21.137 | DEBUG    | core:as_tensor:724 - Loaded cache for /proj_sw/user_dev/ctr-apbernal/tt-metal/model_cache/meta-llama/Llama-3.3-70B-Instruct/TG/tensor_cache_instruct_bfp8/layers.45.ffn_norm.weight_dtype_BFLOAT16_layout_ROW_MAJOR.tensorbin of shape Shape([1, 1, 256, 32])
2026-08-29 11:53:21.140 | DEBUG    | core:as_tensor:724 - Loaded cache for /proj_sw/user_dev/ctr-apbernal/tt-metal/model_cache/meta-llama/Llama-3.3-70B-Instruct/TG/tensor_cache_instruct_bfp8/layers.45.ffn_norm.weight_distributed_dtype_BFLOAT16_layout_ROW_MAJOR.tensorbin of shape Shape([1, 1, 64, 32])
 57%|█████▊    | 46/80 [03:22<02:24,  4.24s/it]2026-08-29 11:53:21.549 | DEBUG    | core:as_tensor:724 - Loaded cache for /proj_sw/user_dev/ctr-apbernal/tt-metal/model_cache/meta-llama/Llama-3.3-70B-Instruct/TG/tensor_cache_instruct_bfp8/layers.46.attention.wqkv_sharded_2d_prefetcher_dtype_BFLOAT8_B_layout_TILE.tensorbin of shape Shape([1, 1, 2048, 1280])
2026-08-29 11:53:21.813 | DEBUG    | core:as_tensor:724 - Loaded cache for /proj_sw/user_dev/ctr-apbernal/tt-metal/model_cache/meta-llama/Llama-3.3-70B-Instruct/TG/tensor_cache_instruct_bfp8/layers.46.attention.wqkv_sharded_2d_dram_dtype_BFLOAT8_B_layout_TILE.tensorbin of shape Shape([1, 1, 2048, 1280])
2026-08-29 11:53:22.160 | DEBUG    | core:as_tensor:724 - Loaded cache for /proj_sw/user_dev/ctr-apbernal/tt-metal/model_cache/meta-llama/Llama-3.3-70B-Instruct/TG/tensor_cache_instruct_bfp8/layers.46.attention.wo_width_sharded_2d_prefetcher_dtype_BFLOAT8_B_layout_TILE.tensorbin of shape Shape([1, 1, 1024, 2048])
2026-08-29 11:53:22.507 | DEBUG    | core:as_tensor:724 - Loaded cache for /proj_sw/user_dev/ctr-apbernal/tt-metal/model_cache/meta-llama/Llama-3.3-70B-Instruct/TG/tensor_cache_instruct_bfp8/layers.46.attention.wo_width_sharded_2d_dram_dtype_BFLOAT8_B_layout_TILE.tensorbin of shape Shape([1, 1, 1024, 2048])
2026-08-29 11:53:22.948 | DEBUG    | core:as_tensor:724 - Loaded cache for /proj_sw/user_dev/ctr-apbernal/tt-metal/model_cache/meta-llama/Llama-3.3-70B-Instruct/TG/tensor_cache_instruct_bfp8/layers.46.attention.wo_col_sharded_dram_dtype_BFLOAT8_B_layout_TILE.tensorbin of shape Shape([1, 1, 8192, 2048])
2026-08-29 11:53:22.965 | DEBUG    | core:as_tensor:724 - Loaded cache for /proj_sw/user_dev/ctr-apbernal/tt-metal/model_cache/meta-llama/Llama-3.3-70B-Instruct/TG/tensor_cache_instruct_bfp8/kvcache_torch.Size([2048, 1, 64, 128])_dtype_BFLOAT8_B_layout_TILE.tensorbin of shape Shape([2048, 1, 64, 128])
2026-08-29 11:53:22.974 | DEBUG    | core:as_tensor:724 - Loaded cache for /proj_sw/user_dev/ctr-apbernal/tt-metal/model_cache/meta-llama/Llama-3.3-70B-Instruct/TG/tensor_cache_instruct_bfp8/kvcache_torch.Size([2048, 1, 64, 128])_dtype_BFLOAT8_B_layout_TILE.tensorbin of shape Shape([2048, 1, 64, 128])
2026-08-29 11:53:23.295 | DEBUG    | core:as_tensor:724 - Loaded cache for /proj_sw/user_dev/ctr-apbernal/tt-metal/model_cache/meta-llama/Llama-3.3-70B-Instruct/TG/tensor_cache_instruct_bfp8/layers.46.feed_forward.w1_shardedprefetcher_dtype_BFLOAT4_B_layout_TILE.tensorbin of shape Shape([1, 1, 2048, 3584])
2026-08-29 11:53:23.796 | DEBUG    | core:as_tensor:724 - Loaded cache for /proj_sw/user_dev/ctr-apbernal/tt-metal/model_cache/meta-llama/Llama-3.3-70B-Instruct/TG/tensor_cache_instruct_bfp8/layers.46.feed_forward.w2_shardedprefetcher_dtype_BFLOAT8_B_layout_TILE.tensorbin of shape Shape([1, 1, 3584, 2048])
2026-08-29 11:53:24.311 | DEBUG    | core:as_tensor:724 - Loaded cache for /proj_sw/user_dev/ctr-apbernal/tt-metal/model_cache/meta-llama/Llama-3.3-70B-Instruct/TG/tensor_cache_instruct_bfp8/layers.46.feed_forward.w3_shardedprefetcher_dtype_BFLOAT4_B_layout_TILE.tensorbin of shape Shape([1, 1, 2048, 3584])
2026-08-29 11:53:24.778 | DEBUG    | core:as_tensor:724 - Loaded cache for /proj_sw/user_dev/ctr-apbernal/tt-metal/model_cache/meta-llama/Llama-3.3-70B-Instruct/TG/tensor_cache_instruct_bfp8/layers.46.feed_forward.w1_interleavedprefetcher_dtype_BFLOAT4_B_layout_TILE.tensorbin of shape Shape([1, 1, 2048, 3584])
2026-08-29 11:53:25.290 | DEBUG    | core:as_tensor:724 - Loaded cache for /proj_sw/user_dev/ctr-apbernal/tt-metal/model_cache/meta-llama/Llama-3.3-70B-Instruct/TG/tensor_cache_instruct_bfp8/layers.46.feed_forward.w2_interleavedprefetcher_dtype_BFLOAT8_B_layout_TILE.tensorbin of shape Shape([1, 1, 3584, 2048])
2026-08-29 11:53:25.590 | DEBUG    | core:as_tensor:724 - Loaded cache for /proj_sw/user_dev/ctr-apbernal/tt-metal/model_cache/meta-llama/Llama-3.3-70B-Instruct/TG/tensor_cache_instruct_bfp8/layers.46.feed_forward.w3_interleavedprefetcher_dtype_BFLOAT4_B_layout_TILE.tensorbin of shape Shape([1, 1, 2048, 3584])
2026-08-29 11:53:25.596 | DEBUG    | core:as_tensor:724 - Loaded cache for /proj_sw/user_dev/ctr-apbernal/tt-metal/model_cache/meta-llama/Llama-3.3-70B-Instruct/TG/tensor_cache_instruct_bfp8/layers.46.attention_norm.weight_dtype_BFLOAT16_layout_ROW_MAJOR.tensorbin of shape Shape([1, 1, 256, 32])
2026-08-29 11:53:25.598 | DEBUG    | core:as_tensor:724 - Loaded cache for /proj_sw/user_dev/ctr-apbernal/tt-metal/model_cache/meta-llama/Llama-3.3-70B-Instruct/TG/tensor_cache_instruct_bfp8/layers.46.attention_norm.weight_distributed_dtype_BFLOAT16_layout_ROW_MAJOR.tensorbin of shape Shape([1, 1, 64, 32])
2026-08-29 11:53:25.600 | DEBUG    | core:as_tensor:724 - Loaded cache for /proj_sw/user_dev/ctr-apbernal/tt-metal/model_cache/meta-llama/Llama-3.3-70B-Instruct/TG/tensor_cache_instruct_bfp8/layers.46.ffn_norm.weight_dtype_BFLOAT16_layout_ROW_MAJOR.tensorbin of shape Shape([1, 1, 256, 32])
2026-08-29 11:53:25.602 | DEBUG    | core:as_tensor:724 - Loaded cache for /proj_sw/user_dev/ctr-apbernal/tt-metal/model_cache/meta-llama/Llama-3.3-70B-Instruct/TG/tensor_cache_instruct_bfp8/layers.46.ffn_norm.weight_distributed_dtype_BFLOAT16_layout_ROW_MAJOR.tensorbin of shape Shape([1, 1, 64, 32])
 59%|█████▉    | 47/80 [03:26<02:22,  4.31s/it]2026-08-29 11:53:25.996 | DEBUG    | core:as_tensor:724 - Loaded cache for /proj_sw/user_dev/ctr-apbernal/tt-metal/model_cache/meta-llama/Llama-3.3-70B-Instruct/TG/tensor_cache_instruct_bfp8/layers.47.attention.wqkv_sharded_2d_prefetcher_dtype_BFLOAT8_B_layout_TILE.tensorbin of shape Shape([1, 1, 2048, 1280])
2026-08-29 11:53:26.359 | DEBUG    | core:as_tensor:724 - Loaded cache for /proj_sw/user_dev/ctr-apbernal/tt-metal/model_cache/meta-llama/Llama-3.3-70B-Instruct/TG/tensor_cache_instruct_bfp8/layers.47.attention.wqkv_sharded_2d_dram_dtype_BFLOAT8_B_layout_TILE.tensorbin of shape Shape([1, 1, 2048, 1280])
2026-08-29 11:53:26.688 | DEBUG    | core:as_tensor:724 - Loaded cache for /proj_sw/user_dev/ctr-apbernal/tt-metal/model_cache/meta-llama/Llama-3.3-70B-Instruct/TG/tensor_cache_instruct_bfp8/layers.47.attention.wo_width_sharded_2d_prefetcher_dtype_BFLOAT8_B_layout_TILE.tensorbin of shape Shape([1, 1, 1024, 2048])
2026-08-29 11:53:26.976 | DEBUG    | core:as_tensor:724 - Loaded cache for /proj_sw/user_dev/ctr-apbernal/tt-metal/model_cache/meta-llama/Llama-3.3-70B-Instruct/TG/tensor_cache_instruct_bfp8/layers.47.attention.wo_width_sharded_2d_dram_dtype_BFLOAT8_B_layout_TILE.tensorbin of shape Shape([1, 1, 1024, 2048])
2026-08-29 11:53:27.372 | DEBUG    | core:as_tensor:724 - Loaded cache for /proj_sw/user_dev/ctr-apbernal/tt-metal/model_cache/meta-llama/Llama-3.3-70B-Instruct/TG/tensor_cache_instruct_bfp8/layers.47.attention.wo_col_sharded_dram_dtype_BFLOAT8_B_layout_TILE.tensorbin of shape Shape([1, 1, 8192, 2048])
2026-08-29 11:53:27.387 | DEBUG    | core:as_tensor:724 - Loaded cache for /proj_sw/user_dev/ctr-apbernal/tt-metal/model_cache/meta-llama/Llama-3.3-70B-Instruct/TG/tensor_cache_instruct_bfp8/kvcache_torch.Size([2048, 1, 64, 128])_dtype_BFLOAT8_B_layout_TILE.tensorbin of shape Shape([2048, 1, 64, 128])
2026-08-29 11:53:27.395 | DEBUG    | core:as_tensor:724 - Loaded cache for /proj_sw/user_dev/ctr-apbernal/tt-metal/model_cache/meta-llama/Llama-3.3-70B-Instruct/TG/tensor_cache_instruct_bfp8/kvcache_torch.Size([2048, 1, 64, 128])_dtype_BFLOAT8_B_layout_TILE.tensorbin of shape Shape([2048, 1, 64, 128])
2026-08-29 11:53:27.709 | DEBUG    | core:as_tensor:724 - Loaded cache for /proj_sw/user_dev/ctr-apbernal/tt-metal/model_cache/meta-llama/Llama-3.3-70B-Instruct/TG/tensor_cache_instruct_bfp8/layers.47.feed_forward.w1_shardedprefetcher_dtype_BFLOAT4_B_layout_TILE.tensorbin of shape Shape([1, 1, 2048, 3584])
2026-08-29 11:53:28.214 | DEBUG    | core:as_tensor:724 - Loaded cache for /proj_sw/user_dev/ctr-apbernal/tt-metal/model_cache/meta-llama/Llama-3.3-70B-Instruct/TG/tensor_cache_instruct_bfp8/layers.47.feed_forward.w2_shardedprefetcher_dtype_BFLOAT8_B_layout_TILE.tensorbin of shape Shape([1, 1, 3584, 2048])
2026-08-29 11:53:28.512 | DEBUG    | core:as_tensor:724 - Loaded cache for /proj_sw/user_dev/ctr-apbernal/tt-metal/model_cache/meta-llama/Llama-3.3-70B-Instruct/TG/tensor_cache_instruct_bfp8/layers.47.feed_forward.w3_shardedprefetcher_dtype_BFLOAT4_B_layout_TILE.tensorbin of shape Shape([1, 1, 2048, 3584])
2026-08-29 11:53:29.060 | DEBUG    | core:as_tensor:724 - Loaded cache for /proj_sw/user_dev/ctr-apbernal/tt-metal/model_cache/meta-llama/Llama-3.3-70B-Instruct/TG/tensor_cache_instruct_bfp8/layers.47.feed_forward.w1_interleavedprefetcher_dtype_BFLOAT4_B_layout_TILE.tensorbin of shape Shape([1, 1, 2048, 3584])
2026-08-29 11:53:29.563 | DEBUG    | core:as_tensor:724 - Loaded cache for /proj_sw/user_dev/ctr-apbernal/tt-metal/model_cache/meta-llama/Llama-3.3-70B-Instruct/TG/tensor_cache_instruct_bfp8/layers.47.feed_forward.w2_interleavedprefetcher_dtype_BFLOAT8_B_layout_TILE.tensorbin of shape Shape([1, 1, 3584, 2048])
2026-08-29 11:53:30.054 | DEBUG    | core:as_tensor:724 - Loaded cache for /proj_sw/user_dev/ctr-apbernal/tt-metal/model_cache/meta-llama/Llama-3.3-70B-Instruct/TG/tensor_cache_instruct_bfp8/layers.47.feed_forward.w3_interleavedprefetcher_dtype_BFLOAT4_B_layout_TILE.tensorbin of shape Shape([1, 1, 2048, 3584])
2026-08-29 11:53:30.058 | DEBUG    | core:as_tensor:724 - Loaded cache for /proj_sw/user_dev/ctr-apbernal/tt-metal/model_cache/meta-llama/Llama-3.3-70B-Instruct/TG/tensor_cache_instruct_bfp8/layers.47.attention_norm.weight_dtype_BFLOAT16_layout_ROW_MAJOR.tensorbin of shape Shape([1, 1, 256, 32])
2026-08-29 11:53:30.060 | DEBUG    | core:as_tensor:724 - Loaded cache for /proj_sw/user_dev/ctr-apbernal/tt-metal/model_cache/meta-llama/Llama-3.3-70B-Instruct/TG/tensor_cache_instruct_bfp8/layers.47.attention_norm.weight_distributed_dtype_BFLOAT16_layout_ROW_MAJOR.tensorbin of shape Shape([1, 1, 64, 32])
2026-08-29 11:53:30.066 | DEBUG    | core:as_tensor:724 - Loaded cache for /proj_sw/user_dev/ctr-apbernal/tt-metal/model_cache/meta-llama/Llama-3.3-70B-Instruct/TG/tensor_cache_instruct_bfp8/layers.47.ffn_norm.weight_dtype_BFLOAT16_layout_ROW_MAJOR.tensorbin of shape Shape([1, 1, 256, 32])
2026-08-29 11:53:30.068 | DEBUG    | core:as_tensor:724 - Loaded cache for /proj_sw/user_dev/ctr-apbernal/tt-metal/model_cache/meta-llama/Llama-3.3-70B-Instruct/TG/tensor_cache_instruct_bfp8/layers.47.ffn_norm.weight_distributed_dtype_BFLOAT16_layout_ROW_MAJOR.tensorbin of shape Shape([1, 1, 64, 32])
 60%|██████    | 48/80 [03:31<02:19,  4.35s/it]2026-08-29 11:53:30.457 | DEBUG    | core:as_tensor:724 - Loaded cache for /proj_sw/user_dev/ctr-apbernal/tt-metal/model_cache/meta-llama/Llama-3.3-70B-Instruct/TG/tensor_cache_instruct_bfp8/layers.48.attention.wqkv_sharded_2d_prefetcher_dtype_BFLOAT8_B_layout_TILE.tensorbin of shape Shape([1, 1, 2048, 1280])
2026-08-29 11:53:30.853 | DEBUG    | core:as_tensor:724 - Loaded cache for /proj_sw/user_dev/ctr-apbernal/tt-metal/model_cache/meta-llama/Llama-3.3-70B-Instruct/TG/tensor_cache_instruct_bfp8/layers.48.attention.wqkv_sharded_2d_dram_dtype_BFLOAT8_B_layout_TILE.tensorbin of shape Shape([1, 1, 2048, 1280])
2026-08-29 11:53:31.205 | DEBUG    | core:as_tensor:724 - Loaded cache for /proj_sw/user_dev/ctr-apbernal/tt-metal/model_cache/meta-llama/Llama-3.3-70B-Instruct/TG/tensor_cache_instruct_bfp8/layers.48.attention.wo_width_sharded_2d_prefetcher_dtype_BFLOAT8_B_layout_TILE.tensorbin of shape Shape([1, 1, 1024, 2048])
2026-08-29 11:53:31.575 | DEBUG    | core:as_tensor:724 - Loaded cache for /proj_sw/user_dev/ctr-apbernal/tt-metal/model_cache/meta-llama/Llama-3.3-70B-Instruct/TG/tensor_cache_instruct_bfp8/layers.48.attention.wo_width_sharded_2d_dram_dtype_BFLOAT8_B_layout_TILE.tensorbin of shape Shape([1, 1, 1024, 2048])
2026-08-29 11:53:32.014 | DEBUG    | core:as_tensor:724 - Loaded cache for /proj_sw/user_dev/ctr-apbernal/tt-metal/model_cache/meta-llama/Llama-3.3-70B-Instruct/TG/tensor_cache_instruct_bfp8/layers.48.attention.wo_col_sharded_dram_dtype_BFLOAT8_B_layout_TILE.tensorbin of shape Shape([1, 1, 8192, 2048])
2026-08-29 11:53:32.028 | DEBUG    | core:as_tensor:724 - Loaded cache for /proj_sw/user_dev/ctr-apbernal/tt-metal/model_cache/meta-llama/Llama-3.3-70B-Instruct/TG/tensor_cache_instruct_bfp8/kvcache_torch.Size([2048, 1, 64, 128])_dtype_BFLOAT8_B_layout_TILE.tensorbin of shape Shape([2048, 1, 64, 128])
2026-08-29 11:53:32.037 | DEBUG    | core:as_tensor:724 - Loaded cache for /proj_sw/user_dev/ctr-apbernal/tt-metal/model_cache/meta-llama/Llama-3.3-70B-Instruct/TG/tensor_cache_instruct_bfp8/kvcache_torch.Size([2048, 1, 64, 128])_dtype_BFLOAT8_B_layout_TILE.tensorbin of shape Shape([2048, 1, 64, 128])
2026-08-29 11:53:32.353 | DEBUG    | core:as_tensor:724 - Loaded cache for /proj_sw/user_dev/ctr-apbernal/tt-metal/model_cache/meta-llama/Llama-3.3-70B-Instruct/TG/tensor_cache_instruct_bfp8/layers.48.feed_forward.w1_shardedprefetcher_dtype_BFLOAT4_B_layout_TILE.tensorbin of shape Shape([1, 1, 2048, 3584])
2026-08-29 11:53:32.877 | DEBUG    | core:as_tensor:724 - Loaded cache for /proj_sw/user_dev/ctr-apbernal/tt-metal/model_cache/meta-llama/Llama-3.3-70B-Instruct/TG/tensor_cache_instruct_bfp8/layers.48.feed_forward.w2_shardedprefetcher_dtype_BFLOAT8_B_layout_TILE.tensorbin of shape Shape([1, 1, 3584, 2048])
2026-08-29 11:53:33.391 | DEBUG    | core:as_tensor:724 - Loaded cache for /proj_sw/user_dev/ctr-apbernal/tt-metal/model_cache/meta-llama/Llama-3.3-70B-Instruct/TG/tensor_cache_instruct_bfp8/layers.48.feed_forward.w3_shardedprefetcher_dtype_BFLOAT4_B_layout_TILE.tensorbin of shape Shape([1, 1, 2048, 3584])
2026-08-29 11:53:33.942 | DEBUG    | core:as_tensor:724 - Loaded cache for /proj_sw/user_dev/ctr-apbernal/tt-metal/model_cache/meta-llama/Llama-3.3-70B-Instruct/TG/tensor_cache_instruct_bfp8/layers.48.feed_forward.w1_interleavedprefetcher_dtype_BFLOAT4_B_layout_TILE.tensorbin of shape Shape([1, 1, 2048, 3584])
2026-08-29 11:53:34.433 | DEBUG    | core:as_tensor:724 - Loaded cache for /proj_sw/user_dev/ctr-apbernal/tt-metal/model_cache/meta-llama/Llama-3.3-70B-Instruct/TG/tensor_cache_instruct_bfp8/layers.48.feed_forward.w2_interleavedprefetcher_dtype_BFLOAT8_B_layout_TILE.tensorbin of shape Shape([1, 1, 3584, 2048])
2026-08-29 11:53:34.730 | DEBUG    | core:as_tensor:724 - Loaded cache for /proj_sw/user_dev/ctr-apbernal/tt-metal/model_cache/meta-llama/Llama-3.3-70B-Instruct/TG/tensor_cache_instruct_bfp8/layers.48.feed_forward.w3_interleavedprefetcher_dtype_BFLOAT4_B_layout_TILE.tensorbin of shape Shape([1, 1, 2048, 3584])
2026-08-29 11:53:34.735 | DEBUG    | core:as_tensor:724 - Loaded cache for /proj_sw/user_dev/ctr-apbernal/tt-metal/model_cache/meta-llama/Llama-3.3-70B-Instruct/TG/tensor_cache_instruct_bfp8/layers.48.attention_norm.weight_dtype_BFLOAT16_layout_ROW_MAJOR.tensorbin of shape Shape([1, 1, 256, 32])
2026-08-29 11:53:34.737 | DEBUG    | core:as_tensor:724 - Loaded cache for /proj_sw/user_dev/ctr-apbernal/tt-metal/model_cache/meta-llama/Llama-3.3-70B-Instruct/TG/tensor_cache_instruct_bfp8/layers.48.attention_norm.weight_distributed_dtype_BFLOAT16_layout_ROW_MAJOR.tensorbin of shape Shape([1, 1, 64, 32])
2026-08-29 11:53:34.739 | DEBUG    | core:as_tensor:724 - Loaded cache for /proj_sw/user_dev/ctr-apbernal/tt-metal/model_cache/meta-llama/Llama-3.3-70B-Instruct/TG/tensor_cache_instruct_bfp8/layers.48.ffn_norm.weight_dtype_BFLOAT16_layout_ROW_MAJOR.tensorbin of shape Shape([1, 1, 256, 32])
2026-08-29 11:53:34.741 | DEBUG    | core:as_tensor:724 - Loaded cache for /proj_sw/user_dev/ctr-apbernal/tt-metal/model_cache/meta-llama/Llama-3.3-70B-Instruct/TG/tensor_cache_instruct_bfp8/layers.48.ffn_norm.weight_distributed_dtype_BFLOAT16_layout_ROW_MAJOR.tensorbin of shape Shape([1, 1, 64, 32])
 61%|██████▏   | 49/80 [03:35<02:17,  4.45s/it]2026-08-29 11:53:35.135 | DEBUG    | core:as_tensor:724 - Loaded cache for /proj_sw/user_dev/ctr-apbernal/tt-metal/model_cache/meta-llama/Llama-3.3-70B-Instruct/TG/tensor_cache_instruct_bfp8/layers.49.attention.wqkv_sharded_2d_prefetcher_dtype_BFLOAT8_B_layout_TILE.tensorbin of shape Shape([1, 1, 2048, 1280])
2026-08-29 11:53:35.523 | DEBUG    | core:as_tensor:724 - Loaded cache for /proj_sw/user_dev/ctr-apbernal/tt-metal/model_cache/meta-llama/Llama-3.3-70B-Instruct/TG/tensor_cache_instruct_bfp8/layers.49.attention.wqkv_sharded_2d_dram_dtype_BFLOAT8_B_layout_TILE.tensorbin of shape Shape([1, 1, 2048, 1280])
2026-08-29 11:53:35.861 | DEBUG    | core:as_tensor:724 - Loaded cache for /proj_sw/user_dev/ctr-apbernal/tt-metal/model_cache/meta-llama/Llama-3.3-70B-Instruct/TG/tensor_cache_instruct_bfp8/layers.49.attention.wo_width_sharded_2d_prefetcher_dtype_BFLOAT8_B_layout_TILE.tensorbin of shape Shape([1, 1, 1024, 2048])
2026-08-29 11:53:36.190 | DEBUG    | core:as_tensor:724 - Loaded cache for /proj_sw/user_dev/ctr-apbernal/tt-metal/model_cache/meta-llama/Llama-3.3-70B-Instruct/TG/tensor_cache_instruct_bfp8/layers.49.attention.wo_width_sharded_2d_dram_dtype_BFLOAT8_B_layout_TILE.tensorbin of shape Shape([1, 1, 1024, 2048])
2026-08-29 11:53:36.703 | DEBUG    | core:as_tensor:724 - Loaded cache for /proj_sw/user_dev/ctr-apbernal/tt-metal/model_cache/meta-llama/Llama-3.3-70B-Instruct/TG/tensor_cache_instruct_bfp8/layers.49.attention.wo_col_sharded_dram_dtype_BFLOAT8_B_layout_TILE.tensorbin of shape Shape([1, 1, 8192, 2048])
2026-08-29 11:53:36.722 | DEBUG    | core:as_tensor:724 - Loaded cache for /proj_sw/user_dev/ctr-apbernal/tt-metal/model_cache/meta-llama/Llama-3.3-70B-Instruct/TG/tensor_cache_instruct_bfp8/kvcache_torch.Size([2048, 1, 64, 128])_dtype_BFLOAT8_B_layout_TILE.tensorbin of shape Shape([2048, 1, 64, 128])
2026-08-29 11:53:36.730 | DEBUG    | core:as_tensor:724 - Loaded cache for /proj_sw/user_dev/ctr-apbernal/tt-metal/model_cache/meta-llama/Llama-3.3-70B-Instruct/TG/tensor_cache_instruct_bfp8/kvcache_torch.Size([2048, 1, 64, 128])_dtype_BFLOAT8_B_layout_TILE.tensorbin of shape Shape([2048, 1, 64, 128])
2026-08-29 11:53:37.300 | DEBUG    | core:as_tensor:724 - Loaded cache for /proj_sw/user_dev/ctr-apbernal/tt-metal/model_cache/meta-llama/Llama-3.3-70B-Instruct/TG/tensor_cache_instruct_bfp8/layers.49.feed_forward.w1_shardedprefetcher_dtype_BFLOAT4_B_layout_TILE.tensorbin of shape Shape([1, 1, 2048, 3584])
2026-08-29 11:53:37.803 | DEBUG    | core:as_tensor:724 - Loaded cache for /proj_sw/user_dev/ctr-apbernal/tt-metal/model_cache/meta-llama/Llama-3.3-70B-Instruct/TG/tensor_cache_instruct_bfp8/layers.49.feed_forward.w2_shardedprefetcher_dtype_BFLOAT8_B_layout_TILE.tensorbin of shape Shape([1, 1, 3584, 2048])
2026-08-29 11:53:38.131 | DEBUG    | core:as_tensor:724 - Loaded cache for /proj_sw/user_dev/ctr-apbernal/tt-metal/model_cache/meta-llama/Llama-3.3-70B-Instruct/TG/tensor_cache_instruct_bfp8/layers.49.feed_forward.w3_shardedprefetcher_dtype_BFLOAT4_B_layout_TILE.tensorbin of shape Shape([1, 1, 2048, 3584])
2026-08-29 11:53:38.430 | DEBUG    | core:as_tensor:724 - Loaded cache for /proj_sw/user_dev/ctr-apbernal/tt-metal/model_cache/meta-llama/Llama-3.3-70B-Instruct/TG/tensor_cache_instruct_bfp8/layers.49.feed_forward.w1_interleavedprefetcher_dtype_BFLOAT4_B_layout_TILE.tensorbin of shape Shape([1, 1, 2048, 3584])
2026-08-29 11:53:38.931 | DEBUG    | core:as_tensor:724 - Loaded cache for /proj_sw/user_dev/ctr-apbernal/tt-metal/model_cache/meta-llama/Llama-3.3-70B-Instruct/TG/tensor_cache_instruct_bfp8/layers.49.feed_forward.w2_interleavedprefetcher_dtype_BFLOAT8_B_layout_TILE.tensorbin of shape Shape([1, 1, 3584, 2048])
2026-08-29 11:53:39.245 | DEBUG    | core:as_tensor:724 - Loaded cache for /proj_sw/user_dev/ctr-apbernal/tt-metal/model_cache/meta-llama/Llama-3.3-70B-Instruct/TG/tensor_cache_instruct_bfp8/layers.49.feed_forward.w3_interleavedprefetcher_dtype_BFLOAT4_B_layout_TILE.tensorbin of shape Shape([1, 1, 2048, 3584])
2026-08-29 11:53:39.248 | DEBUG    | core:as_tensor:724 - Loaded cache for /proj_sw/user_dev/ctr-apbernal/tt-metal/model_cache/meta-llama/Llama-3.3-70B-Instruct/TG/tensor_cache_instruct_bfp8/layers.49.attention_norm.weight_dtype_BFLOAT16_layout_ROW_MAJOR.tensorbin of shape Shape([1, 1, 256, 32])
2026-08-29 11:53:39.250 | DEBUG    | core:as_tensor:724 - Loaded cache for /proj_sw/user_dev/ctr-apbernal/tt-metal/model_cache/meta-llama/Llama-3.3-70B-Instruct/TG/tensor_cache_instruct_bfp8/layers.49.attention_norm.weight_distributed_dtype_BFLOAT16_layout_ROW_MAJOR.tensorbin of shape Shape([1, 1, 64, 32])
2026-08-29 11:53:39.252 | DEBUG    | core:as_tensor:724 - Loaded cache for /proj_sw/user_dev/ctr-apbernal/tt-metal/model_cache/meta-llama/Llama-3.3-70B-Instruct/TG/tensor_cache_instruct_bfp8/layers.49.ffn_norm.weight_dtype_BFLOAT16_layout_ROW_MAJOR.tensorbin of shape Shape([1, 1, 256, 32])
2026-08-29 11:53:39.253 | DEBUG    | core:as_tensor:724 - Loaded cache for /proj_sw/user_dev/ctr-apbernal/tt-metal/model_cache/meta-llama/Llama-3.3-70B-Instruct/TG/tensor_cache_instruct_bfp8/layers.49.ffn_norm.weight_distributed_dtype_BFLOAT16_layout_ROW_MAJOR.tensorbin of shape Shape([1, 1, 64, 32])
 62%|██████▎   | 50/80 [03:40<02:14,  4.47s/it]2026-08-29 11:53:39.549 | DEBUG    | core:as_tensor:724 - Loaded cache for /proj_sw/user_dev/ctr-apbernal/tt-metal/model_cache/meta-llama/Llama-3.3-70B-Instruct/TG/tensor_cache_instruct_bfp8/layers.50.attention.wqkv_sharded_2d_prefetcher_dtype_BFLOAT8_B_layout_TILE.tensorbin of shape Shape([1, 1, 2048, 1280])
2026-08-29 11:53:39.814 | DEBUG    | core:as_tensor:724 - Loaded cache for /proj_sw/user_dev/ctr-apbernal/tt-metal/model_cache/meta-llama/Llama-3.3-70B-Instruct/TG/tensor_cache_instruct_bfp8/layers.50.attention.wqkv_sharded_2d_dram_dtype_BFLOAT8_B_layout_TILE.tensorbin of shape Shape([1, 1, 2048, 1280])
2026-08-29 11:53:40.171 | DEBUG    | core:as_tensor:724 - Loaded cache for /proj_sw/user_dev/ctr-apbernal/tt-metal/model_cache/meta-llama/Llama-3.3-70B-Instruct/TG/tensor_cache_instruct_bfp8/layers.50.attention.wo_width_sharded_2d_prefetcher_dtype_BFLOAT8_B_layout_TILE.tensorbin of shape Shape([1, 1, 1024, 2048])
2026-08-29 11:53:40.445 | DEBUG    | core:as_tensor:724 - Loaded cache for /proj_sw/user_dev/ctr-apbernal/tt-metal/model_cache/meta-llama/Llama-3.3-70B-Instruct/TG/tensor_cache_instruct_bfp8/layers.50.attention.wo_width_sharded_2d_dram_dtype_BFLOAT8_B_layout_TILE.tensorbin of shape Shape([1, 1, 1024, 2048])
2026-08-29 11:53:40.928 | DEBUG    | core:as_tensor:724 - Loaded cache for /proj_sw/user_dev/ctr-apbernal/tt-metal/model_cache/meta-llama/Llama-3.3-70B-Instruct/TG/tensor_cache_instruct_bfp8/layers.50.attention.wo_col_sharded_dram_dtype_BFLOAT8_B_layout_TILE.tensorbin of shape Shape([1, 1, 8192, 2048])
2026-08-29 11:53:40.942 | DEBUG    | core:as_tensor:724 - Loaded cache for /proj_sw/user_dev/ctr-apbernal/tt-metal/model_cache/meta-llama/Llama-3.3-70B-Instruct/TG/tensor_cache_instruct_bfp8/kvcache_torch.Size([2048, 1, 64, 128])_dtype_BFLOAT8_B_layout_TILE.tensorbin of shape Shape([2048, 1, 64, 128])
2026-08-29 11:53:40.950 | DEBUG    | core:as_tensor:724 - Loaded cache for /proj_sw/user_dev/ctr-apbernal/tt-metal/model_cache/meta-llama/Llama-3.3-70B-Instruct/TG/tensor_cache_instruct_bfp8/kvcache_torch.Size([2048, 1, 64, 128])_dtype_BFLOAT8_B_layout_TILE.tensorbin of shape Shape([2048, 1, 64, 128])
2026-08-29 11:53:41.302 | DEBUG    | core:as_tensor:724 - Loaded cache for /proj_sw/user_dev/ctr-apbernal/tt-metal/model_cache/meta-llama/Llama-3.3-70B-Instruct/TG/tensor_cache_instruct_bfp8/layers.50.feed_forward.w1_shardedprefetcher_dtype_BFLOAT4_B_layout_TILE.tensorbin of shape Shape([1, 1, 2048, 3584])
2026-08-29 11:53:41.812 | DEBUG    | core:as_tensor:724 - Loaded cache for /proj_sw/user_dev/ctr-apbernal/tt-metal/model_cache/meta-llama/Llama-3.3-70B-Instruct/TG/tensor_cache_instruct_bfp8/layers.50.feed_forward.w2_shardedprefetcher_dtype_BFLOAT8_B_layout_TILE.tensorbin of shape Shape([1, 1, 3584, 2048])
2026-08-29 11:53:42.093 | DEBUG    | core:as_tensor:724 - Loaded cache for /proj_sw/user_dev/ctr-apbernal/tt-metal/model_cache/meta-llama/Llama-3.3-70B-Instruct/TG/tensor_cache_instruct_bfp8/layers.50.feed_forward.w3_shardedprefetcher_dtype_BFLOAT4_B_layout_TILE.tensorbin of shape Shape([1, 1, 2048, 3584])
2026-08-29 11:53:42.422 | DEBUG    | core:as_tensor:724 - Loaded cache for /proj_sw/user_dev/ctr-apbernal/tt-metal/model_cache/meta-llama/Llama-3.3-70B-Instruct/TG/tensor_cache_instruct_bfp8/layers.50.feed_forward.w1_interleavedprefetcher_dtype_BFLOAT4_B_layout_TILE.tensorbin of shape Shape([1, 1, 2048, 3584])
2026-08-29 11:53:42.920 | DEBUG    | core:as_tensor:724 - Loaded cache for /proj_sw/user_dev/ctr-apbernal/tt-metal/model_cache/meta-llama/Llama-3.3-70B-Instruct/TG/tensor_cache_instruct_bfp8/layers.50.feed_forward.w2_interleavedprefetcher_dtype_BFLOAT8_B_layout_TILE.tensorbin of shape Shape([1, 1, 3584, 2048])
2026-08-29 11:53:43.262 | DEBUG    | core:as_tensor:724 - Loaded cache for /proj_sw/user_dev/ctr-apbernal/tt-metal/model_cache/meta-llama/Llama-3.3-70B-Instruct/TG/tensor_cache_instruct_bfp8/layers.50.feed_forward.w3_interleavedprefetcher_dtype_BFLOAT4_B_layout_TILE.tensorbin of shape Shape([1, 1, 2048, 3584])
2026-08-29 11:53:43.265 | DEBUG    | core:as_tensor:724 - Loaded cache for /proj_sw/user_dev/ctr-apbernal/tt-metal/model_cache/meta-llama/Llama-3.3-70B-Instruct/TG/tensor_cache_instruct_bfp8/layers.50.attention_norm.weight_dtype_BFLOAT16_layout_ROW_MAJOR.tensorbin of shape Shape([1, 1, 256, 32])
2026-08-29 11:53:43.267 | DEBUG    | core:as_tensor:724 - Loaded cache for /proj_sw/user_dev/ctr-apbernal/tt-metal/model_cache/meta-llama/Llama-3.3-70B-Instruct/TG/tensor_cache_instruct_bfp8/layers.50.attention_norm.weight_distributed_dtype_BFLOAT16_layout_ROW_MAJOR.tensorbin of shape Shape([1, 1, 64, 32])
2026-08-29 11:53:43.269 | DEBUG    | core:as_tensor:724 - Loaded cache for /proj_sw/user_dev/ctr-apbernal/tt-metal/model_cache/meta-llama/Llama-3.3-70B-Instruct/TG/tensor_cache_instruct_bfp8/layers.50.ffn_norm.weight_dtype_BFLOAT16_layout_ROW_MAJOR.tensorbin of shape Shape([1, 1, 256, 32])
2026-08-29 11:53:43.271 | DEBUG    | core:as_tensor:724 - Loaded cache for /proj_sw/user_dev/ctr-apbernal/tt-metal/model_cache/meta-llama/Llama-3.3-70B-Instruct/TG/tensor_cache_instruct_bfp8/layers.50.ffn_norm.weight_distributed_dtype_BFLOAT16_layout_ROW_MAJOR.tensorbin of shape Shape([1, 1, 64, 32])
 64%|██████▍   | 51/80 [03:44<02:05,  4.33s/it]2026-08-29 11:53:43.550 | DEBUG    | core:as_tensor:724 - Loaded cache for /proj_sw/user_dev/ctr-apbernal/tt-metal/model_cache/meta-llama/Llama-3.3-70B-Instruct/TG/tensor_cache_instruct_bfp8/layers.51.attention.wqkv_sharded_2d_prefetcher_dtype_BFLOAT8_B_layout_TILE.tensorbin of shape Shape([1, 1, 2048, 1280])
2026-08-29 11:53:43.801 | DEBUG    | core:as_tensor:724 - Loaded cache for /proj_sw/user_dev/ctr-apbernal/tt-metal/model_cache/meta-llama/Llama-3.3-70B-Instruct/TG/tensor_cache_instruct_bfp8/layers.51.attention.wqkv_sharded_2d_dram_dtype_BFLOAT8_B_layout_TILE.tensorbin of shape Shape([1, 1, 2048, 1280])
2026-08-29 11:53:44.159 | DEBUG    | core:as_tensor:724 - Loaded cache for /proj_sw/user_dev/ctr-apbernal/tt-metal/model_cache/meta-llama/Llama-3.3-70B-Instruct/TG/tensor_cache_instruct_bfp8/layers.51.attention.wo_width_sharded_2d_prefetcher_dtype_BFLOAT8_B_layout_TILE.tensorbin of shape Shape([1, 1, 1024, 2048])
2026-08-29 11:53:44.444 | DEBUG    | core:as_tensor:724 - Loaded cache for /proj_sw/user_dev/ctr-apbernal/tt-metal/model_cache/meta-llama/Llama-3.3-70B-Instruct/TG/tensor_cache_instruct_bfp8/layers.51.attention.wo_width_sharded_2d_dram_dtype_BFLOAT8_B_layout_TILE.tensorbin of shape Shape([1, 1, 1024, 2048])
2026-08-29 11:53:44.911 | DEBUG    | core:as_tensor:724 - Loaded cache for /proj_sw/user_dev/ctr-apbernal/tt-metal/model_cache/meta-llama/Llama-3.3-70B-Instruct/TG/tensor_cache_instruct_bfp8/layers.51.attention.wo_col_sharded_dram_dtype_BFLOAT8_B_layout_TILE.tensorbin of shape Shape([1, 1, 8192, 2048])
2026-08-29 11:53:44.928 | DEBUG    | core:as_tensor:724 - Loaded cache for /proj_sw/user_dev/ctr-apbernal/tt-metal/model_cache/meta-llama/Llama-3.3-70B-Instruct/TG/tensor_cache_instruct_bfp8/kvcache_torch.Size([2048, 1, 64, 128])_dtype_BFLOAT8_B_layout_TILE.tensorbin of shape Shape([2048, 1, 64, 128])
2026-08-29 11:53:44.935 | DEBUG    | core:as_tensor:724 - Loaded cache for /proj_sw/user_dev/ctr-apbernal/tt-metal/model_cache/meta-llama/Llama-3.3-70B-Instruct/TG/tensor_cache_instruct_bfp8/kvcache_torch.Size([2048, 1, 64, 128])_dtype_BFLOAT8_B_layout_TILE.tensorbin of shape Shape([2048, 1, 64, 128])
2026-08-29 11:53:45.269 | DEBUG    | core:as_tensor:724 - Loaded cache for /proj_sw/user_dev/ctr-apbernal/tt-metal/model_cache/meta-llama/Llama-3.3-70B-Instruct/TG/tensor_cache_instruct_bfp8/layers.51.feed_forward.w1_shardedprefetcher_dtype_BFLOAT4_B_layout_TILE.tensorbin of shape Shape([1, 1, 2048, 3584])
2026-08-29 11:53:45.761 | DEBUG    | core:as_tensor:724 - Loaded cache for /proj_sw/user_dev/ctr-apbernal/tt-metal/model_cache/meta-llama/Llama-3.3-70B-Instruct/TG/tensor_cache_instruct_bfp8/layers.51.feed_forward.w2_shardedprefetcher_dtype_BFLOAT8_B_layout_TILE.tensorbin of shape Shape([1, 1, 3584, 2048])
2026-08-29 11:53:46.078 | DEBUG    | core:as_tensor:724 - Loaded cache for /proj_sw/user_dev/ctr-apbernal/tt-metal/model_cache/meta-llama/Llama-3.3-70B-Instruct/TG/tensor_cache_instruct_bfp8/layers.51.feed_forward.w3_shardedprefetcher_dtype_BFLOAT4_B_layout_TILE.tensorbin of shape Shape([1, 1, 2048, 3584])
2026-08-29 11:53:46.552 | DEBUG    | core:as_tensor:724 - Loaded cache for /proj_sw/user_dev/ctr-apbernal/tt-metal/model_cache/meta-llama/Llama-3.3-70B-Instruct/TG/tensor_cache_instruct_bfp8/layers.51.feed_forward.w1_interleavedprefetcher_dtype_BFLOAT4_B_layout_TILE.tensorbin of shape Shape([1, 1, 2048, 3584])
2026-08-29 11:53:46.710 | DEBUG    | core:as_tensor:724 - Loaded cache for /proj_sw/user_dev/ctr-apbernal/tt-metal/model_cache/meta-llama/Llama-3.3-70B-Instruct/TG/tensor_cache_instruct_bfp8/layers.51.feed_forward.w2_interleavedprefetcher_dtype_BFLOAT8_B_layout_TILE.tensorbin of shape Shape([1, 1, 3584, 2048])
2026-08-29 11:53:46.756 | DEBUG    | core:as_tensor:724 - Loaded cache for /proj_sw/user_dev/ctr-apbernal/tt-metal/model_cache/meta-llama/Llama-3.3-70B-Instruct/TG/tensor_cache_instruct_bfp8/layers.51.feed_forward.w3_interleavedprefetcher_dtype_BFLOAT4_B_layout_TILE.tensorbin of shape Shape([1, 1, 2048, 3584])
2026-08-29 11:53:46.758 | DEBUG    | core:as_tensor:724 - Loaded cache for /proj_sw/user_dev/ctr-apbernal/tt-metal/model_cache/meta-llama/Llama-3.3-70B-Instruct/TG/tensor_cache_instruct_bfp8/layers.51.attention_norm.weight_dtype_BFLOAT16_layout_ROW_MAJOR.tensorbin of shape Shape([1, 1, 256, 32])
2026-08-29 11:53:46.760 | DEBUG    | core:as_tensor:724 - Loaded cache for /proj_sw/user_dev/ctr-apbernal/tt-metal/model_cache/meta-llama/Llama-3.3-70B-Instruct/TG/tensor_cache_instruct_bfp8/layers.51.attention_norm.weight_distributed_dtype_BFLOAT16_layout_ROW_MAJOR.tensorbin of shape Shape([1, 1, 64, 32])
2026-08-29 11:53:46.761 | DEBUG    | core:as_tensor:724 - Loaded cache for /proj_sw/user_dev/ctr-apbernal/tt-metal/model_cache/meta-llama/Llama-3.3-70B-Instruct/TG/tensor_cache_instruct_bfp8/layers.51.ffn_norm.weight_dtype_BFLOAT16_layout_ROW_MAJOR.tensorbin of shape Shape([1, 1, 256, 32])
2026-08-29 11:53:46.764 | DEBUG    | core:as_tensor:724 - Loaded cache for /proj_sw/user_dev/ctr-apbernal/tt-metal/model_cache/meta-llama/Llama-3.3-70B-Instruct/TG/tensor_cache_instruct_bfp8/layers.51.ffn_norm.weight_distributed_dtype_BFLOAT16_layout_ROW_MAJOR.tensorbin of shape Shape([1, 1, 64, 32])
 65%|██████▌   | 52/80 [03:47<01:54,  4.08s/it]2026-08-29 11:53:46.830 | DEBUG    | core:as_tensor:724 - Loaded cache for /proj_sw/user_dev/ctr-apbernal/tt-metal/model_cache/meta-llama/Llama-3.3-70B-Instruct/TG/tensor_cache_instruct_bfp8/layers.52.attention.wqkv_sharded_2d_prefetcher_dtype_BFLOAT8_B_layout_TILE.tensorbin of shape Shape([1, 1, 2048, 1280])
2026-08-29 11:53:46.876 | DEBUG    | core:as_tensor:724 - Loaded cache for /proj_sw/user_dev/ctr-apbernal/tt-metal/model_cache/meta-llama/Llama-3.3-70B-Instruct/TG/tensor_cache_instruct_bfp8/layers.52.attention.wqkv_sharded_2d_dram_dtype_BFLOAT8_B_layout_TILE.tensorbin of shape Shape([1, 1, 2048, 1280])
2026-08-29 11:53:46.916 | DEBUG    | core:as_tensor:724 - Loaded cache for /proj_sw/user_dev/ctr-apbernal/tt-metal/model_cache/meta-llama/Llama-3.3-70B-Instruct/TG/tensor_cache_instruct_bfp8/layers.52.attention.wo_width_sharded_2d_prefetcher_dtype_BFLOAT8_B_layout_TILE.tensorbin of shape Shape([1, 1, 1024, 2048])
2026-08-29 11:53:46.956 | DEBUG    | core:as_tensor:724 - Loaded cache for /proj_sw/user_dev/ctr-apbernal/tt-metal/model_cache/meta-llama/Llama-3.3-70B-Instruct/TG/tensor_cache_instruct_bfp8/layers.52.attention.wo_width_sharded_2d_dram_dtype_BFLOAT8_B_layout_TILE.tensorbin of shape Shape([1, 1, 1024, 2048])
2026-08-29 11:53:47.005 | DEBUG    | core:as_tensor:724 - Loaded cache for /proj_sw/user_dev/ctr-apbernal/tt-metal/model_cache/meta-llama/Llama-3.3-70B-Instruct/TG/tensor_cache_instruct_bfp8/layers.52.attention.wo_col_sharded_dram_dtype_BFLOAT8_B_layout_TILE.tensorbin of shape Shape([1, 1, 8192, 2048])
2026-08-29 11:53:47.019 | DEBUG    | core:as_tensor:724 - Loaded cache for /proj_sw/user_dev/ctr-apbernal/tt-metal/model_cache/meta-llama/Llama-3.3-70B-Instruct/TG/tensor_cache_instruct_bfp8/kvcache_torch.Size([2048, 1, 64, 128])_dtype_BFLOAT8_B_layout_TILE.tensorbin of shape Shape([2048, 1, 64, 128])
2026-08-29 11:53:47.028 | DEBUG    | core:as_tensor:724 - Loaded cache for /proj_sw/user_dev/ctr-apbernal/tt-metal/model_cache/meta-llama/Llama-3.3-70B-Instruct/TG/tensor_cache_instruct_bfp8/kvcache_torch.Size([2048, 1, 64, 128])_dtype_BFLOAT8_B_layout_TILE.tensorbin of shape Shape([2048, 1, 64, 128])
2026-08-29 11:53:47.092 | DEBUG    | core:as_tensor:724 - Loaded cache for /proj_sw/user_dev/ctr-apbernal/tt-metal/model_cache/meta-llama/Llama-3.3-70B-Instruct/TG/tensor_cache_instruct_bfp8/layers.52.feed_forward.w1_shardedprefetcher_dtype_BFLOAT4_B_layout_TILE.tensorbin of shape Shape([1, 1, 2048, 3584])
2026-08-29 11:53:47.144 | DEBUG    | core:as_tensor:724 - Loaded cache for /proj_sw/user_dev/ctr-apbernal/tt-metal/model_cache/meta-llama/Llama-3.3-70B-Instruct/TG/tensor_cache_instruct_bfp8/layers.52.feed_forward.w2_shardedprefetcher_dtype_BFLOAT8_B_layout_TILE.tensorbin of shape Shape([1, 1, 3584, 2048])
2026-08-29 11:53:47.188 | DEBUG    | core:as_tensor:724 - Loaded cache for /proj_sw/user_dev/ctr-apbernal/tt-metal/model_cache/meta-llama/Llama-3.3-70B-Instruct/TG/tensor_cache_instruct_bfp8/layers.52.feed_forward.w3_shardedprefetcher_dtype_BFLOAT4_B_layout_TILE.tensorbin of shape Shape([1, 1, 2048, 3584])
2026-08-29 11:53:47.231 | DEBUG    | core:as_tensor:724 - Loaded cache for /proj_sw/user_dev/ctr-apbernal/tt-metal/model_cache/meta-llama/Llama-3.3-70B-Instruct/TG/tensor_cache_instruct_bfp8/layers.52.feed_forward.w1_interleavedprefetcher_dtype_BFLOAT4_B_layout_TILE.tensorbin of shape Shape([1, 1, 2048, 3584])
2026-08-29 11:53:47.281 | DEBUG    | core:as_tensor:724 - Loaded cache for /proj_sw/user_dev/ctr-apbernal/tt-metal/model_cache/meta-llama/Llama-3.3-70B-Instruct/TG/tensor_cache_instruct_bfp8/layers.52.feed_forward.w2_interleavedprefetcher_dtype_BFLOAT8_B_layout_TILE.tensorbin of shape Shape([1, 1, 3584, 2048])
2026-08-29 11:53:47.325 | DEBUG    | core:as_tensor:724 - Loaded cache for /proj_sw/user_dev/ctr-apbernal/tt-metal/model_cache/meta-llama/Llama-3.3-70B-Instruct/TG/tensor_cache_instruct_bfp8/layers.52.feed_forward.w3_interleavedprefetcher_dtype_BFLOAT4_B_layout_TILE.tensorbin of shape Shape([1, 1, 2048, 3584])
2026-08-29 11:53:47.327 | DEBUG    | core:as_tensor:724 - Loaded cache for /proj_sw/user_dev/ctr-apbernal/tt-metal/model_cache/meta-llama/Llama-3.3-70B-Instruct/TG/tensor_cache_instruct_bfp8/layers.52.attention_norm.weight_dtype_BFLOAT16_layout_ROW_MAJOR.tensorbin of shape Shape([1, 1, 256, 32])
2026-08-29 11:53:47.329 | DEBUG    | core:as_tensor:724 - Loaded cache for /proj_sw/user_dev/ctr-apbernal/tt-metal/model_cache/meta-llama/Llama-3.3-70B-Instruct/TG/tensor_cache_instruct_bfp8/layers.52.attention_norm.weight_distributed_dtype_BFLOAT16_layout_ROW_MAJOR.tensorbin of shape Shape([1, 1, 64, 32])
2026-08-29 11:53:47.330 | DEBUG    | core:as_tensor:724 - Loaded cache for /proj_sw/user_dev/ctr-apbernal/tt-metal/model_cache/meta-llama/Llama-3.3-70B-Instruct/TG/tensor_cache_instruct_bfp8/layers.52.ffn_norm.weight_dtype_BFLOAT16_layout_ROW_MAJOR.tensorbin of shape Shape([1, 1, 256, 32])
2026-08-29 11:53:47.331 | DEBUG    | core:as_tensor:724 - Loaded cache for /proj_sw/user_dev/ctr-apbernal/tt-metal/model_cache/meta-llama/Llama-3.3-70B-Instruct/TG/tensor_cache_instruct_bfp8/layers.52.ffn_norm.weight_distributed_dtype_BFLOAT16_layout_ROW_MAJOR.tensorbin of shape Shape([1, 1, 64, 32])
 66%|██████▋   | 53/80 [03:48<01:21,  3.03s/it]2026-08-29 11:53:47.400 | DEBUG    | core:as_tensor:724 - Loaded cache for /proj_sw/user_dev/ctr-apbernal/tt-metal/model_cache/meta-llama/Llama-3.3-70B-Instruct/TG/tensor_cache_instruct_bfp8/layers.53.attention.wqkv_sharded_2d_prefetcher_dtype_BFLOAT8_B_layout_TILE.tensorbin of shape Shape([1, 1, 2048, 1280])
2026-08-29 11:53:47.441 | DEBUG    | core:as_tensor:724 - Loaded cache for /proj_sw/user_dev/ctr-apbernal/tt-metal/model_cache/meta-llama/Llama-3.3-70B-Instruct/TG/tensor_cache_instruct_bfp8/layers.53.attention.wqkv_sharded_2d_dram_dtype_BFLOAT8_B_layout_TILE.tensorbin of shape Shape([1, 1, 2048, 1280])
2026-08-29 11:53:47.481 | DEBUG    | core:as_tensor:724 - Loaded cache for /proj_sw/user_dev/ctr-apbernal/tt-metal/model_cache/meta-llama/Llama-3.3-70B-Instruct/TG/tensor_cache_instruct_bfp8/layers.53.attention.wo_width_sharded_2d_prefetcher_dtype_BFLOAT8_B_layout_TILE.tensorbin of shape Shape([1, 1, 1024, 2048])
2026-08-29 11:53:47.521 | DEBUG    | core:as_tensor:724 - Loaded cache for /proj_sw/user_dev/ctr-apbernal/tt-metal/model_cache/meta-llama/Llama-3.3-70B-Instruct/TG/tensor_cache_instruct_bfp8/layers.53.attention.wo_width_sharded_2d_dram_dtype_BFLOAT8_B_layout_TILE.tensorbin of shape Shape([1, 1, 1024, 2048])
2026-08-29 11:53:47.570 | DEBUG    | core:as_tensor:724 - Loaded cache for /proj_sw/user_dev/ctr-apbernal/tt-metal/model_cache/meta-llama/Llama-3.3-70B-Instruct/TG/tensor_cache_instruct_bfp8/layers.53.attention.wo_col_sharded_dram_dtype_BFLOAT8_B_layout_TILE.tensorbin of shape Shape([1, 1, 8192, 2048])
2026-08-29 11:53:47.584 | DEBUG    | core:as_tensor:724 - Loaded cache for /proj_sw/user_dev/ctr-apbernal/tt-metal/model_cache/meta-llama/Llama-3.3-70B-Instruct/TG/tensor_cache_instruct_bfp8/kvcache_torch.Size([2048, 1, 64, 128])_dtype_BFLOAT8_B_layout_TILE.tensorbin of shape Shape([2048, 1, 64, 128])
2026-08-29 11:53:47.592 | DEBUG    | core:as_tensor:724 - Loaded cache for /proj_sw/user_dev/ctr-apbernal/tt-metal/model_cache/meta-llama/Llama-3.3-70B-Instruct/TG/tensor_cache_instruct_bfp8/kvcache_torch.Size([2048, 1, 64, 128])_dtype_BFLOAT8_B_layout_TILE.tensorbin of shape Shape([2048, 1, 64, 128])
2026-08-29 11:53:47.655 | DEBUG    | core:as_tensor:724 - Loaded cache for /proj_sw/user_dev/ctr-apbernal/tt-metal/model_cache/meta-llama/Llama-3.3-70B-Instruct/TG/tensor_cache_instruct_bfp8/layers.53.feed_forward.w1_shardedprefetcher_dtype_BFLOAT4_B_layout_TILE.tensorbin of shape Shape([1, 1, 2048, 3584])
2026-08-29 11:53:47.705 | DEBUG    | core:as_tensor:724 - Loaded cache for /proj_sw/user_dev/ctr-apbernal/tt-metal/model_cache/meta-llama/Llama-3.3-70B-Instruct/TG/tensor_cache_instruct_bfp8/layers.53.feed_forward.w2_shardedprefetcher_dtype_BFLOAT8_B_layout_TILE.tensorbin of shape Shape([1, 1, 3584, 2048])
2026-08-29 11:53:47.748 | DEBUG    | core:as_tensor:724 - Loaded cache for /proj_sw/user_dev/ctr-apbernal/tt-metal/model_cache/meta-llama/Llama-3.3-70B-Instruct/TG/tensor_cache_instruct_bfp8/layers.53.feed_forward.w3_shardedprefetcher_dtype_BFLOAT4_B_layout_TILE.tensorbin of shape Shape([1, 1, 2048, 3584])
2026-08-29 11:53:47.791 | DEBUG    | core:as_tensor:724 - Loaded cache for /proj_sw/user_dev/ctr-apbernal/tt-metal/model_cache/meta-llama/Llama-3.3-70B-Instruct/TG/tensor_cache_instruct_bfp8/layers.53.feed_forward.w1_interleavedprefetcher_dtype_BFLOAT4_B_layout_TILE.tensorbin of shape Shape([1, 1, 2048, 3584])
2026-08-29 11:53:47.839 | DEBUG    | core:as_tensor:724 - Loaded cache for /proj_sw/user_dev/ctr-apbernal/tt-metal/model_cache/meta-llama/Llama-3.3-70B-Instruct/TG/tensor_cache_instruct_bfp8/layers.53.feed_forward.w2_interleavedprefetcher_dtype_BFLOAT8_B_layout_TILE.tensorbin of shape Shape([1, 1, 3584, 2048])
2026-08-29 11:53:47.882 | DEBUG    | core:as_tensor:724 - Loaded cache for /proj_sw/user_dev/ctr-apbernal/tt-metal/model_cache/meta-llama/Llama-3.3-70B-Instruct/TG/tensor_cache_instruct_bfp8/layers.53.feed_forward.w3_interleavedprefetcher_dtype_BFLOAT4_B_layout_TILE.tensorbin of shape Shape([1, 1, 2048, 3584])
2026-08-29 11:53:47.884 | DEBUG    | core:as_tensor:724 - Loaded cache for /proj_sw/user_dev/ctr-apbernal/tt-metal/model_cache/meta-llama/Llama-3.3-70B-Instruct/TG/tensor_cache_instruct_bfp8/layers.53.attention_norm.weight_dtype_BFLOAT16_layout_ROW_MAJOR.tensorbin of shape Shape([1, 1, 256, 32])
2026-08-29 11:53:47.886 | DEBUG    | core:as_tensor:724 - Loaded cache for /proj_sw/user_dev/ctr-apbernal/tt-metal/model_cache/meta-llama/Llama-3.3-70B-Instruct/TG/tensor_cache_instruct_bfp8/layers.53.attention_norm.weight_distributed_dtype_BFLOAT16_layout_ROW_MAJOR.tensorbin of shape Shape([1, 1, 64, 32])
2026-08-29 11:53:47.888 | DEBUG    | core:as_tensor:724 - Loaded cache for /proj_sw/user_dev/ctr-apbernal/tt-metal/model_cache/meta-llama/Llama-3.3-70B-Instruct/TG/tensor_cache_instruct_bfp8/layers.53.ffn_norm.weight_dtype_BFLOAT16_layout_ROW_MAJOR.tensorbin of shape Shape([1, 1, 256, 32])
2026-08-29 11:53:47.889 | DEBUG    | core:as_tensor:724 - Loaded cache for /proj_sw/user_dev/ctr-apbernal/tt-metal/model_cache/meta-llama/Llama-3.3-70B-Instruct/TG/tensor_cache_instruct_bfp8/layers.53.ffn_norm.weight_distributed_dtype_BFLOAT16_layout_ROW_MAJOR.tensorbin of shape Shape([1, 1, 64, 32])
 68%|██████▊   | 54/80 [03:49<00:59,  2.29s/it]2026-08-29 11:53:47.958 | DEBUG    | core:as_tensor:724 - Loaded cache for /proj_sw/user_dev/ctr-apbernal/tt-metal/model_cache/meta-llama/Llama-3.3-70B-Instruct/TG/tensor_cache_instruct_bfp8/layers.54.attention.wqkv_sharded_2d_prefetcher_dtype_BFLOAT8_B_layout_TILE.tensorbin of shape Shape([1, 1, 2048, 1280])
2026-08-29 11:53:47.999 | DEBUG    | core:as_tensor:724 - Loaded cache for /proj_sw/user_dev/ctr-apbernal/tt-metal/model_cache/meta-llama/Llama-3.3-70B-Instruct/TG/tensor_cache_instruct_bfp8/layers.54.attention.wqkv_sharded_2d_dram_dtype_BFLOAT8_B_layout_TILE.tensorbin of shape Shape([1, 1, 2048, 1280])
2026-08-29 11:53:48.039 | DEBUG    | core:as_tensor:724 - Loaded cache for /proj_sw/user_dev/ctr-apbernal/tt-metal/model_cache/meta-llama/Llama-3.3-70B-Instruct/TG/tensor_cache_instruct_bfp8/layers.54.attention.wo_width_sharded_2d_prefetcher_dtype_BFLOAT8_B_layout_TILE.tensorbin of shape Shape([1, 1, 1024, 2048])
2026-08-29 11:53:48.078 | DEBUG    | core:as_tensor:724 - Loaded cache for /proj_sw/user_dev/ctr-apbernal/tt-metal/model_cache/meta-llama/Llama-3.3-70B-Instruct/TG/tensor_cache_instruct_bfp8/layers.54.attention.wo_width_sharded_2d_dram_dtype_BFLOAT8_B_layout_TILE.tensorbin of shape Shape([1, 1, 1024, 2048])
2026-08-29 11:53:48.127 | DEBUG    | core:as_tensor:724 - Loaded cache for /proj_sw/user_dev/ctr-apbernal/tt-metal/model_cache/meta-llama/Llama-3.3-70B-Instruct/TG/tensor_cache_instruct_bfp8/layers.54.attention.wo_col_sharded_dram_dtype_BFLOAT8_B_layout_TILE.tensorbin of shape Shape([1, 1, 8192, 2048])
2026-08-29 11:53:48.146 | DEBUG    | core:as_tensor:724 - Loaded cache for /proj_sw/user_dev/ctr-apbernal/tt-metal/model_cache/meta-llama/Llama-3.3-70B-Instruct/TG/tensor_cache_instruct_bfp8/kvcache_torch.Size([2048, 1, 64, 128])_dtype_BFLOAT8_B_layout_TILE.tensorbin of shape Shape([2048, 1, 64, 128])
2026-08-29 11:53:48.155 | DEBUG    | core:as_tensor:724 - Loaded cache for /proj_sw/user_dev/ctr-apbernal/tt-metal/model_cache/meta-llama/Llama-3.3-70B-Instruct/TG/tensor_cache_instruct_bfp8/kvcache_torch.Size([2048, 1, 64, 128])_dtype_BFLOAT8_B_layout_TILE.tensorbin of shape Shape([2048, 1, 64, 128])
2026-08-29 11:53:48.220 | DEBUG    | core:as_tensor:724 - Loaded cache for /proj_sw/user_dev/ctr-apbernal/tt-metal/model_cache/meta-llama/Llama-3.3-70B-Instruct/TG/tensor_cache_instruct_bfp8/layers.54.feed_forward.w1_shardedprefetcher_dtype_BFLOAT4_B_layout_TILE.tensorbin of shape Shape([1, 1, 2048, 3584])
2026-08-29 11:53:48.269 | DEBUG    | core:as_tensor:724 - Loaded cache for /proj_sw/user_dev/ctr-apbernal/tt-metal/model_cache/meta-llama/Llama-3.3-70B-Instruct/TG/tensor_cache_instruct_bfp8/layers.54.feed_forward.w2_shardedprefetcher_dtype_BFLOAT8_B_layout_TILE.tensorbin of shape Shape([1, 1, 3584, 2048])
2026-08-29 11:53:48.312 | DEBUG    | core:as_tensor:724 - Loaded cache for /proj_sw/user_dev/ctr-apbernal/tt-metal/model_cache/meta-llama/Llama-3.3-70B-Instruct/TG/tensor_cache_instruct_bfp8/layers.54.feed_forward.w3_shardedprefetcher_dtype_BFLOAT4_B_layout_TILE.tensorbin of shape Shape([1, 1, 2048, 3584])
2026-08-29 11:53:48.357 | DEBUG    | core:as_tensor:724 - Loaded cache for /proj_sw/user_dev/ctr-apbernal/tt-metal/model_cache/meta-llama/Llama-3.3-70B-Instruct/TG/tensor_cache_instruct_bfp8/layers.54.feed_forward.w1_interleavedprefetcher_dtype_BFLOAT4_B_layout_TILE.tensorbin of shape Shape([1, 1, 2048, 3584])
2026-08-29 11:53:48.405 | DEBUG    | core:as_tensor:724 - Loaded cache for /proj_sw/user_dev/ctr-apbernal/tt-metal/model_cache/meta-llama/Llama-3.3-70B-Instruct/TG/tensor_cache_instruct_bfp8/layers.54.feed_forward.w2_interleavedprefetcher_dtype_BFLOAT8_B_layout_TILE.tensorbin of shape Shape([1, 1, 3584, 2048])
2026-08-29 11:53:48.448 | DEBUG    | core:as_tensor:724 - Loaded cache for /proj_sw/user_dev/ctr-apbernal/tt-metal/model_cache/meta-llama/Llama-3.3-70B-Instruct/TG/tensor_cache_instruct_bfp8/layers.54.feed_forward.w3_interleavedprefetcher_dtype_BFLOAT4_B_layout_TILE.tensorbin of shape Shape([1, 1, 2048, 3584])
2026-08-29 11:53:48.450 | DEBUG    | core:as_tensor:724 - Loaded cache for /proj_sw/user_dev/ctr-apbernal/tt-metal/model_cache/meta-llama/Llama-3.3-70B-Instruct/TG/tensor_cache_instruct_bfp8/layers.54.attention_norm.weight_dtype_BFLOAT16_layout_ROW_MAJOR.tensorbin of shape Shape([1, 1, 256, 32])
2026-08-29 11:53:48.452 | DEBUG    | core:as_tensor:724 - Loaded cache for /proj_sw/user_dev/ctr-apbernal/tt-metal/model_cache/meta-llama/Llama-3.3-70B-Instruct/TG/tensor_cache_instruct_bfp8/layers.54.attention_norm.weight_distributed_dtype_BFLOAT16_layout_ROW_MAJOR.tensorbin of shape Shape([1, 1, 64, 32])
2026-08-29 11:53:48.453 | DEBUG    | core:as_tensor:724 - Loaded cache for /proj_sw/user_dev/ctr-apbernal/tt-metal/model_cache/meta-llama/Llama-3.3-70B-Instruct/TG/tensor_cache_instruct_bfp8/layers.54.ffn_norm.weight_dtype_BFLOAT16_layout_ROW_MAJOR.tensorbin of shape Shape([1, 1, 256, 32])
2026-08-29 11:53:48.455 | DEBUG    | core:as_tensor:724 - Loaded cache for /proj_sw/user_dev/ctr-apbernal/tt-metal/model_cache/meta-llama/Llama-3.3-70B-Instruct/TG/tensor_cache_instruct_bfp8/layers.54.ffn_norm.weight_distributed_dtype_BFLOAT16_layout_ROW_MAJOR.tensorbin of shape Shape([1, 1, 64, 32])
 69%|██████▉   | 55/80 [03:49<00:44,  1.77s/it]2026-08-29 11:53:48.522 | DEBUG    | core:as_tensor:724 - Loaded cache for /proj_sw/user_dev/ctr-apbernal/tt-metal/model_cache/meta-llama/Llama-3.3-70B-Instruct/TG/tensor_cache_instruct_bfp8/layers.55.attention.wqkv_sharded_2d_prefetcher_dtype_BFLOAT8_B_layout_TILE.tensorbin of shape Shape([1, 1, 2048, 1280])
2026-08-29 11:53:48.562 | DEBUG    | core:as_tensor:724 - Loaded cache for /proj_sw/user_dev/ctr-apbernal/tt-metal/model_cache/meta-llama/Llama-3.3-70B-Instruct/TG/tensor_cache_instruct_bfp8/layers.55.attention.wqkv_sharded_2d_dram_dtype_BFLOAT8_B_layout_TILE.tensorbin of shape Shape([1, 1, 2048, 1280])
2026-08-29 11:53:48.602 | DEBUG    | core:as_tensor:724 - Loaded cache for /proj_sw/user_dev/ctr-apbernal/tt-metal/model_cache/meta-llama/Llama-3.3-70B-Instruct/TG/tensor_cache_instruct_bfp8/layers.55.attention.wo_width_sharded_2d_prefetcher_dtype_BFLOAT8_B_layout_TILE.tensorbin of shape Shape([1, 1, 1024, 2048])
2026-08-29 11:53:48.642 | DEBUG    | core:as_tensor:724 - Loaded cache for /proj_sw/user_dev/ctr-apbernal/tt-metal/model_cache/meta-llama/Llama-3.3-70B-Instruct/TG/tensor_cache_instruct_bfp8/layers.55.attention.wo_width_sharded_2d_dram_dtype_BFLOAT8_B_layout_TILE.tensorbin of shape Shape([1, 1, 1024, 2048])
2026-08-29 11:53:48.690 | DEBUG    | core:as_tensor:724 - Loaded cache for /proj_sw/user_dev/ctr-apbernal/tt-metal/model_cache/meta-llama/Llama-3.3-70B-Instruct/TG/tensor_cache_instruct_bfp8/layers.55.attention.wo_col_sharded_dram_dtype_BFLOAT8_B_layout_TILE.tensorbin of shape Shape([1, 1, 8192, 2048])
2026-08-29 11:53:48.707 | DEBUG    | core:as_tensor:724 - Loaded cache for /proj_sw/user_dev/ctr-apbernal/tt-metal/model_cache/meta-llama/Llama-3.3-70B-Instruct/TG/tensor_cache_instruct_bfp8/kvcache_torch.Size([2048, 1, 64, 128])_dtype_BFLOAT8_B_layout_TILE.tensorbin of shape Shape([2048, 1, 64, 128])
2026-08-29 11:53:48.715 | DEBUG    | core:as_tensor:724 - Loaded cache for /proj_sw/user_dev/ctr-apbernal/tt-metal/model_cache/meta-llama/Llama-3.3-70B-Instruct/TG/tensor_cache_instruct_bfp8/kvcache_torch.Size([2048, 1, 64, 128])_dtype_BFLOAT8_B_layout_TILE.tensorbin of shape Shape([2048, 1, 64, 128])
2026-08-29 11:53:48.779 | DEBUG    | core:as_tensor:724 - Loaded cache for /proj_sw/user_dev/ctr-apbernal/tt-metal/model_cache/meta-llama/Llama-3.3-70B-Instruct/TG/tensor_cache_instruct_bfp8/layers.55.feed_forward.w1_shardedprefetcher_dtype_BFLOAT4_B_layout_TILE.tensorbin of shape Shape([1, 1, 2048, 3584])
2026-08-29 11:53:48.828 | DEBUG    | core:as_tensor:724 - Loaded cache for /proj_sw/user_dev/ctr-apbernal/tt-metal/model_cache/meta-llama/Llama-3.3-70B-Instruct/TG/tensor_cache_instruct_bfp8/layers.55.feed_forward.w2_shardedprefetcher_dtype_BFLOAT8_B_layout_TILE.tensorbin of shape Shape([1, 1, 3584, 2048])
2026-08-29 11:53:48.872 | DEBUG    | core:as_tensor:724 - Loaded cache for /proj_sw/user_dev/ctr-apbernal/tt-metal/model_cache/meta-llama/Llama-3.3-70B-Instruct/TG/tensor_cache_instruct_bfp8/layers.55.feed_forward.w3_shardedprefetcher_dtype_BFLOAT4_B_layout_TILE.tensorbin of shape Shape([1, 1, 2048, 3584])
2026-08-29 11:53:48.914 | DEBUG    | core:as_tensor:724 - Loaded cache for /proj_sw/user_dev/ctr-apbernal/tt-metal/model_cache/meta-llama/Llama-3.3-70B-Instruct/TG/tensor_cache_instruct_bfp8/layers.55.feed_forward.w1_interleavedprefetcher_dtype_BFLOAT4_B_layout_TILE.tensorbin of shape Shape([1, 1, 2048, 3584])
2026-08-29 11:53:48.962 | DEBUG    | core:as_tensor:724 - Loaded cache for /proj_sw/user_dev/ctr-apbernal/tt-metal/model_cache/meta-llama/Llama-3.3-70B-Instruct/TG/tensor_cache_instruct_bfp8/layers.55.feed_forward.w2_interleavedprefetcher_dtype_BFLOAT8_B_layout_TILE.tensorbin of shape Shape([1, 1, 3584, 2048])
2026-08-29 11:53:49.006 | DEBUG    | core:as_tensor:724 - Loaded cache for /proj_sw/user_dev/ctr-apbernal/tt-metal/model_cache/meta-llama/Llama-3.3-70B-Instruct/TG/tensor_cache_instruct_bfp8/layers.55.feed_forward.w3_interleavedprefetcher_dtype_BFLOAT4_B_layout_TILE.tensorbin of shape Shape([1, 1, 2048, 3584])
2026-08-29 11:53:49.008 | DEBUG    | core:as_tensor:724 - Loaded cache for /proj_sw/user_dev/ctr-apbernal/tt-metal/model_cache/meta-llama/Llama-3.3-70B-Instruct/TG/tensor_cache_instruct_bfp8/layers.55.attention_norm.weight_dtype_BFLOAT16_layout_ROW_MAJOR.tensorbin of shape Shape([1, 1, 256, 32])
2026-08-29 11:53:49.009 | DEBUG    | core:as_tensor:724 - Loaded cache for /proj_sw/user_dev/ctr-apbernal/tt-metal/model_cache/meta-llama/Llama-3.3-70B-Instruct/TG/tensor_cache_instruct_bfp8/layers.55.attention_norm.weight_distributed_dtype_BFLOAT16_layout_ROW_MAJOR.tensorbin of shape Shape([1, 1, 64, 32])
2026-08-29 11:53:49.011 | DEBUG    | core:as_tensor:724 - Loaded cache for /proj_sw/user_dev/ctr-apbernal/tt-metal/model_cache/meta-llama/Llama-3.3-70B-Instruct/TG/tensor_cache_instruct_bfp8/layers.55.ffn_norm.weight_dtype_BFLOAT16_layout_ROW_MAJOR.tensorbin of shape Shape([1, 1, 256, 32])
2026-08-29 11:53:49.012 | DEBUG    | core:as_tensor:724 - Loaded cache for /proj_sw/user_dev/ctr-apbernal/tt-metal/model_cache/meta-llama/Llama-3.3-70B-Instruct/TG/tensor_cache_instruct_bfp8/layers.55.ffn_norm.weight_distributed_dtype_BFLOAT16_layout_ROW_MAJOR.tensorbin of shape Shape([1, 1, 64, 32])
 70%|███████   | 56/80 [03:50<00:33,  1.41s/it]2026-08-29 11:53:49.079 | DEBUG    | core:as_tensor:724 - Loaded cache for /proj_sw/user_dev/ctr-apbernal/tt-metal/model_cache/meta-llama/Llama-3.3-70B-Instruct/TG/tensor_cache_instruct_bfp8/layers.56.attention.wqkv_sharded_2d_prefetcher_dtype_BFLOAT8_B_layout_TILE.tensorbin of shape Shape([1, 1, 2048, 1280])
2026-08-29 11:53:49.120 | DEBUG    | core:as_tensor:724 - Loaded cache for /proj_sw/user_dev/ctr-apbernal/tt-metal/model_cache/meta-llama/Llama-3.3-70B-Instruct/TG/tensor_cache_instruct_bfp8/layers.56.attention.wqkv_sharded_2d_dram_dtype_BFLOAT8_B_layout_TILE.tensorbin of shape Shape([1, 1, 2048, 1280])
2026-08-29 11:53:49.160 | DEBUG    | core:as_tensor:724 - Loaded cache for /proj_sw/user_dev/ctr-apbernal/tt-metal/model_cache/meta-llama/Llama-3.3-70B-Instruct/TG/tensor_cache_instruct_bfp8/layers.56.attention.wo_width_sharded_2d_prefetcher_dtype_BFLOAT8_B_layout_TILE.tensorbin of shape Shape([1, 1, 1024, 2048])
2026-08-29 11:53:49.203 | DEBUG    | core:as_tensor:724 - Loaded cache for /proj_sw/user_dev/ctr-apbernal/tt-metal/model_cache/meta-llama/Llama-3.3-70B-Instruct/TG/tensor_cache_instruct_bfp8/layers.56.attention.wo_width_sharded_2d_dram_dtype_BFLOAT8_B_layout_TILE.tensorbin of shape Shape([1, 1, 1024, 2048])
2026-08-29 11:53:49.251 | DEBUG    | core:as_tensor:724 - Loaded cache for /proj_sw/user_dev/ctr-apbernal/tt-metal/model_cache/meta-llama/Llama-3.3-70B-Instruct/TG/tensor_cache_instruct_bfp8/layers.56.attention.wo_col_sharded_dram_dtype_BFLOAT8_B_layout_TILE.tensorbin of shape Shape([1, 1, 8192, 2048])
2026-08-29 11:53:49.265 | DEBUG    | core:as_tensor:724 - Loaded cache for /proj_sw/user_dev/ctr-apbernal/tt-metal/model_cache/meta-llama/Llama-3.3-70B-Instruct/TG/tensor_cache_instruct_bfp8/kvcache_torch.Size([2048, 1, 64, 128])_dtype_BFLOAT8_B_layout_TILE.tensorbin of shape Shape([2048, 1, 64, 128])
2026-08-29 11:53:49.273 | DEBUG    | core:as_tensor:724 - Loaded cache for /proj_sw/user_dev/ctr-apbernal/tt-metal/model_cache/meta-llama/Llama-3.3-70B-Instruct/TG/tensor_cache_instruct_bfp8/kvcache_torch.Size([2048, 1, 64, 128])_dtype_BFLOAT8_B_layout_TILE.tensorbin of shape Shape([2048, 1, 64, 128])
2026-08-29 11:53:49.338 | DEBUG    | core:as_tensor:724 - Loaded cache for /proj_sw/user_dev/ctr-apbernal/tt-metal/model_cache/meta-llama/Llama-3.3-70B-Instruct/TG/tensor_cache_instruct_bfp8/layers.56.feed_forward.w1_shardedprefetcher_dtype_BFLOAT4_B_layout_TILE.tensorbin of shape Shape([1, 1, 2048, 3584])
2026-08-29 11:53:49.389 | DEBUG    | core:as_tensor:724 - Loaded cache for /proj_sw/user_dev/ctr-apbernal/tt-metal/model_cache/meta-llama/Llama-3.3-70B-Instruct/TG/tensor_cache_instruct_bfp8/layers.56.feed_forward.w2_shardedprefetcher_dtype_BFLOAT8_B_layout_TILE.tensorbin of shape Shape([1, 1, 3584, 2048])
2026-08-29 11:53:49.433 | DEBUG    | core:as_tensor:724 - Loaded cache for /proj_sw/user_dev/ctr-apbernal/tt-metal/model_cache/meta-llama/Llama-3.3-70B-Instruct/TG/tensor_cache_instruct_bfp8/layers.56.feed_forward.w3_shardedprefetcher_dtype_BFLOAT4_B_layout_TILE.tensorbin of shape Shape([1, 1, 2048, 3584])
2026-08-29 11:53:49.475 | DEBUG    | core:as_tensor:724 - Loaded cache for /proj_sw/user_dev/ctr-apbernal/tt-metal/model_cache/meta-llama/Llama-3.3-70B-Instruct/TG/tensor_cache_instruct_bfp8/layers.56.feed_forward.w1_interleavedprefetcher_dtype_BFLOAT4_B_layout_TILE.tensorbin of shape Shape([1, 1, 2048, 3584])
2026-08-29 11:53:49.524 | DEBUG    | core:as_tensor:724 - Loaded cache for /proj_sw/user_dev/ctr-apbernal/tt-metal/model_cache/meta-llama/Llama-3.3-70B-Instruct/TG/tensor_cache_instruct_bfp8/layers.56.feed_forward.w2_interleavedprefetcher_dtype_BFLOAT8_B_layout_TILE.tensorbin of shape Shape([1, 1, 3584, 2048])
2026-08-29 11:53:49.567 | DEBUG    | core:as_tensor:724 - Loaded cache for /proj_sw/user_dev/ctr-apbernal/tt-metal/model_cache/meta-llama/Llama-3.3-70B-Instruct/TG/tensor_cache_instruct_bfp8/layers.56.feed_forward.w3_interleavedprefetcher_dtype_BFLOAT4_B_layout_TILE.tensorbin of shape Shape([1, 1, 2048, 3584])
2026-08-29 11:53:49.569 | DEBUG    | core:as_tensor:724 - Loaded cache for /proj_sw/user_dev/ctr-apbernal/tt-metal/model_cache/meta-llama/Llama-3.3-70B-Instruct/TG/tensor_cache_instruct_bfp8/layers.56.attention_norm.weight_dtype_BFLOAT16_layout_ROW_MAJOR.tensorbin of shape Shape([1, 1, 256, 32])
2026-08-29 11:53:49.571 | DEBUG    | core:as_tensor:724 - Loaded cache for /proj_sw/user_dev/ctr-apbernal/tt-metal/model_cache/meta-llama/Llama-3.3-70B-Instruct/TG/tensor_cache_instruct_bfp8/layers.56.attention_norm.weight_distributed_dtype_BFLOAT16_layout_ROW_MAJOR.tensorbin of shape Shape([1, 1, 64, 32])
2026-08-29 11:53:49.572 | DEBUG    | core:as_tensor:724 - Loaded cache for /proj_sw/user_dev/ctr-apbernal/tt-metal/model_cache/meta-llama/Llama-3.3-70B-Instruct/TG/tensor_cache_instruct_bfp8/layers.56.ffn_norm.weight_dtype_BFLOAT16_layout_ROW_MAJOR.tensorbin of shape Shape([1, 1, 256, 32])
2026-08-29 11:53:49.573 | DEBUG    | core:as_tensor:724 - Loaded cache for /proj_sw/user_dev/ctr-apbernal/tt-metal/model_cache/meta-llama/Llama-3.3-70B-Instruct/TG/tensor_cache_instruct_bfp8/layers.56.ffn_norm.weight_distributed_dtype_BFLOAT16_layout_ROW_MAJOR.tensorbin of shape Shape([1, 1, 64, 32])
 71%|███████▏  | 57/80 [03:50<00:26,  1.15s/it]2026-08-29 11:53:49.640 | DEBUG    | core:as_tensor:724 - Loaded cache for /proj_sw/user_dev/ctr-apbernal/tt-metal/model_cache/meta-llama/Llama-3.3-70B-Instruct/TG/tensor_cache_instruct_bfp8/layers.57.attention.wqkv_sharded_2d_prefetcher_dtype_BFLOAT8_B_layout_TILE.tensorbin of shape Shape([1, 1, 2048, 1280])
2026-08-29 11:53:49.681 | DEBUG    | core:as_tensor:724 - Loaded cache for /proj_sw/user_dev/ctr-apbernal/tt-metal/model_cache/meta-llama/Llama-3.3-70B-Instruct/TG/tensor_cache_instruct_bfp8/layers.57.attention.wqkv_sharded_2d_dram_dtype_BFLOAT8_B_layout_TILE.tensorbin of shape Shape([1, 1, 2048, 1280])
2026-08-29 11:53:49.721 | DEBUG    | core:as_tensor:724 - Loaded cache for /proj_sw/user_dev/ctr-apbernal/tt-metal/model_cache/meta-llama/Llama-3.3-70B-Instruct/TG/tensor_cache_instruct_bfp8/layers.57.attention.wo_width_sharded_2d_prefetcher_dtype_BFLOAT8_B_layout_TILE.tensorbin of shape Shape([1, 1, 1024, 2048])
2026-08-29 11:53:49.761 | DEBUG    | core:as_tensor:724 - Loaded cache for /proj_sw/user_dev/ctr-apbernal/tt-metal/model_cache/meta-llama/Llama-3.3-70B-Instruct/TG/tensor_cache_instruct_bfp8/layers.57.attention.wo_width_sharded_2d_dram_dtype_BFLOAT8_B_layout_TILE.tensorbin of shape Shape([1, 1, 1024, 2048])
2026-08-29 11:53:49.809 | DEBUG    | core:as_tensor:724 - Loaded cache for /proj_sw/user_dev/ctr-apbernal/tt-metal/model_cache/meta-llama/Llama-3.3-70B-Instruct/TG/tensor_cache_instruct_bfp8/layers.57.attention.wo_col_sharded_dram_dtype_BFLOAT8_B_layout_TILE.tensorbin of shape Shape([1, 1, 8192, 2048])
2026-08-29 11:53:49.823 | DEBUG    | core:as_tensor:724 - Loaded cache for /proj_sw/user_dev/ctr-apbernal/tt-metal/model_cache/meta-llama/Llama-3.3-70B-Instruct/TG/tensor_cache_instruct_bfp8/kvcache_torch.Size([2048, 1, 64, 128])_dtype_BFLOAT8_B_layout_TILE.tensorbin of shape Shape([2048, 1, 64, 128])
2026-08-29 11:53:49.832 | DEBUG    | core:as_tensor:724 - Loaded cache for /proj_sw/user_dev/ctr-apbernal/tt-metal/model_cache/meta-llama/Llama-3.3-70B-Instruct/TG/tensor_cache_instruct_bfp8/kvcache_torch.Size([2048, 1, 64, 128])_dtype_BFLOAT8_B_layout_TILE.tensorbin of shape Shape([2048, 1, 64, 128])
2026-08-29 11:53:49.897 | DEBUG    | core:as_tensor:724 - Loaded cache for /proj_sw/user_dev/ctr-apbernal/tt-metal/model_cache/meta-llama/Llama-3.3-70B-Instruct/TG/tensor_cache_instruct_bfp8/layers.57.feed_forward.w1_shardedprefetcher_dtype_BFLOAT4_B_layout_TILE.tensorbin of shape Shape([1, 1, 2048, 3584])
2026-08-29 11:53:49.946 | DEBUG    | core:as_tensor:724 - Loaded cache for /proj_sw/user_dev/ctr-apbernal/tt-metal/model_cache/meta-llama/Llama-3.3-70B-Instruct/TG/tensor_cache_instruct_bfp8/layers.57.feed_forward.w2_shardedprefetcher_dtype_BFLOAT8_B_layout_TILE.tensorbin of shape Shape([1, 1, 3584, 2048])
2026-08-29 11:53:49.990 | DEBUG    | core:as_tensor:724 - Loaded cache for /proj_sw/user_dev/ctr-apbernal/tt-metal/model_cache/meta-llama/Llama-3.3-70B-Instruct/TG/tensor_cache_instruct_bfp8/layers.57.feed_forward.w3_shardedprefetcher_dtype_BFLOAT4_B_layout_TILE.tensorbin of shape Shape([1, 1, 2048, 3584])
2026-08-29 11:53:50.034 | DEBUG    | core:as_tensor:724 - Loaded cache for /proj_sw/user_dev/ctr-apbernal/tt-metal/model_cache/meta-llama/Llama-3.3-70B-Instruct/TG/tensor_cache_instruct_bfp8/layers.57.feed_forward.w1_interleavedprefetcher_dtype_BFLOAT4_B_layout_TILE.tensorbin of shape Shape([1, 1, 2048, 3584])
2026-08-29 11:53:50.082 | DEBUG    | core:as_tensor:724 - Loaded cache for /proj_sw/user_dev/ctr-apbernal/tt-metal/model_cache/meta-llama/Llama-3.3-70B-Instruct/TG/tensor_cache_instruct_bfp8/layers.57.feed_forward.w2_interleavedprefetcher_dtype_BFLOAT8_B_layout_TILE.tensorbin of shape Shape([1, 1, 3584, 2048])
2026-08-29 11:53:50.125 | DEBUG    | core:as_tensor:724 - Loaded cache for /proj_sw/user_dev/ctr-apbernal/tt-metal/model_cache/meta-llama/Llama-3.3-70B-Instruct/TG/tensor_cache_instruct_bfp8/layers.57.feed_forward.w3_interleavedprefetcher_dtype_BFLOAT4_B_layout_TILE.tensorbin of shape Shape([1, 1, 2048, 3584])
2026-08-29 11:53:50.127 | DEBUG    | core:as_tensor:724 - Loaded cache for /proj_sw/user_dev/ctr-apbernal/tt-metal/model_cache/meta-llama/Llama-3.3-70B-Instruct/TG/tensor_cache_instruct_bfp8/layers.57.attention_norm.weight_dtype_BFLOAT16_layout_ROW_MAJOR.tensorbin of shape Shape([1, 1, 256, 32])
2026-08-29 11:53:50.130 | DEBUG    | core:as_tensor:724 - Loaded cache for /proj_sw/user_dev/ctr-apbernal/tt-metal/model_cache/meta-llama/Llama-3.3-70B-Instruct/TG/tensor_cache_instruct_bfp8/layers.57.attention_norm.weight_distributed_dtype_BFLOAT16_layout_ROW_MAJOR.tensorbin of shape Shape([1, 1, 64, 32])
2026-08-29 11:53:50.131 | DEBUG    | core:as_tensor:724 - Loaded cache for /proj_sw/user_dev/ctr-apbernal/tt-metal/model_cache/meta-llama/Llama-3.3-70B-Instruct/TG/tensor_cache_instruct_bfp8/layers.57.ffn_norm.weight_dtype_BFLOAT16_layout_ROW_MAJOR.tensorbin of shape Shape([1, 1, 256, 32])
2026-08-29 11:53:50.133 | DEBUG    | core:as_tensor:724 - Loaded cache for /proj_sw/user_dev/ctr-apbernal/tt-metal/model_cache/meta-llama/Llama-3.3-70B-Instruct/TG/tensor_cache_instruct_bfp8/layers.57.ffn_norm.weight_distributed_dtype_BFLOAT16_layout_ROW_MAJOR.tensorbin of shape Shape([1, 1, 64, 32])
 72%|███████▎  | 58/80 [03:51<00:21,  1.03it/s]2026-08-29 11:53:50.198 | DEBUG    | core:as_tensor:724 - Loaded cache for /proj_sw/user_dev/ctr-apbernal/tt-metal/model_cache/meta-llama/Llama-3.3-70B-Instruct/TG/tensor_cache_instruct_bfp8/layers.58.attention.wqkv_sharded_2d_prefetcher_dtype_BFLOAT8_B_layout_TILE.tensorbin of shape Shape([1, 1, 2048, 1280])
2026-08-29 11:53:50.241 | DEBUG    | core:as_tensor:724 - Loaded cache for /proj_sw/user_dev/ctr-apbernal/tt-metal/model_cache/meta-llama/Llama-3.3-70B-Instruct/TG/tensor_cache_instruct_bfp8/layers.58.attention.wqkv_sharded_2d_dram_dtype_BFLOAT8_B_layout_TILE.tensorbin of shape Shape([1, 1, 2048, 1280])
2026-08-29 11:53:50.282 | DEBUG    | core:as_tensor:724 - Loaded cache for /proj_sw/user_dev/ctr-apbernal/tt-metal/model_cache/meta-llama/Llama-3.3-70B-Instruct/TG/tensor_cache_instruct_bfp8/layers.58.attention.wo_width_sharded_2d_prefetcher_dtype_BFLOAT8_B_layout_TILE.tensorbin of shape Shape([1, 1, 1024, 2048])
2026-08-29 11:53:50.322 | DEBUG    | core:as_tensor:724 - Loaded cache for /proj_sw/user_dev/ctr-apbernal/tt-metal/model_cache/meta-llama/Llama-3.3-70B-Instruct/TG/tensor_cache_instruct_bfp8/layers.58.attention.wo_width_sharded_2d_dram_dtype_BFLOAT8_B_layout_TILE.tensorbin of shape Shape([1, 1, 1024, 2048])
2026-08-29 11:53:50.370 | DEBUG    | core:as_tensor:724 - Loaded cache for /proj_sw/user_dev/ctr-apbernal/tt-metal/model_cache/meta-llama/Llama-3.3-70B-Instruct/TG/tensor_cache_instruct_bfp8/layers.58.attention.wo_col_sharded_dram_dtype_BFLOAT8_B_layout_TILE.tensorbin of shape Shape([1, 1, 8192, 2048])
2026-08-29 11:53:50.385 | DEBUG    | core:as_tensor:724 - Loaded cache for /proj_sw/user_dev/ctr-apbernal/tt-metal/model_cache/meta-llama/Llama-3.3-70B-Instruct/TG/tensor_cache_instruct_bfp8/kvcache_torch.Size([2048, 1, 64, 128])_dtype_BFLOAT8_B_layout_TILE.tensorbin of shape Shape([2048, 1, 64, 128])
2026-08-29 11:53:50.394 | DEBUG    | core:as_tensor:724 - Loaded cache for /proj_sw/user_dev/ctr-apbernal/tt-metal/model_cache/meta-llama/Llama-3.3-70B-Instruct/TG/tensor_cache_instruct_bfp8/kvcache_torch.Size([2048, 1, 64, 128])_dtype_BFLOAT8_B_layout_TILE.tensorbin of shape Shape([2048, 1, 64, 128])
2026-08-29 11:53:50.459 | DEBUG    | core:as_tensor:724 - Loaded cache for /proj_sw/user_dev/ctr-apbernal/tt-metal/model_cache/meta-llama/Llama-3.3-70B-Instruct/TG/tensor_cache_instruct_bfp8/layers.58.feed_forward.w1_shardedprefetcher_dtype_BFLOAT4_B_layout_TILE.tensorbin of shape Shape([1, 1, 2048, 3584])
2026-08-29 11:53:50.509 | DEBUG    | core:as_tensor:724 - Loaded cache for /proj_sw/user_dev/ctr-apbernal/tt-metal/model_cache/meta-llama/Llama-3.3-70B-Instruct/TG/tensor_cache_instruct_bfp8/layers.58.feed_forward.w2_shardedprefetcher_dtype_BFLOAT8_B_layout_TILE.tensorbin of shape Shape([1, 1, 3584, 2048])
2026-08-29 11:53:50.552 | DEBUG    | core:as_tensor:724 - Loaded cache for /proj_sw/user_dev/ctr-apbernal/tt-metal/model_cache/meta-llama/Llama-3.3-70B-Instruct/TG/tensor_cache_instruct_bfp8/layers.58.feed_forward.w3_shardedprefetcher_dtype_BFLOAT4_B_layout_TILE.tensorbin of shape Shape([1, 1, 2048, 3584])
2026-08-29 11:53:50.595 | DEBUG    | core:as_tensor:724 - Loaded cache for /proj_sw/user_dev/ctr-apbernal/tt-metal/model_cache/meta-llama/Llama-3.3-70B-Instruct/TG/tensor_cache_instruct_bfp8/layers.58.feed_forward.w1_interleavedprefetcher_dtype_BFLOAT4_B_layout_TILE.tensorbin of shape Shape([1, 1, 2048, 3584])
2026-08-29 11:53:50.643 | DEBUG    | core:as_tensor:724 - Loaded cache for /proj_sw/user_dev/ctr-apbernal/tt-metal/model_cache/meta-llama/Llama-3.3-70B-Instruct/TG/tensor_cache_instruct_bfp8/layers.58.feed_forward.w2_interleavedprefetcher_dtype_BFLOAT8_B_layout_TILE.tensorbin of shape Shape([1, 1, 3584, 2048])
2026-08-29 11:53:50.686 | DEBUG    | core:as_tensor:724 - Loaded cache for /proj_sw/user_dev/ctr-apbernal/tt-metal/model_cache/meta-llama/Llama-3.3-70B-Instruct/TG/tensor_cache_instruct_bfp8/layers.58.feed_forward.w3_interleavedprefetcher_dtype_BFLOAT4_B_layout_TILE.tensorbin of shape Shape([1, 1, 2048, 3584])
2026-08-29 11:53:50.688 | DEBUG    | core:as_tensor:724 - Loaded cache for /proj_sw/user_dev/ctr-apbernal/tt-metal/model_cache/meta-llama/Llama-3.3-70B-Instruct/TG/tensor_cache_instruct_bfp8/layers.58.attention_norm.weight_dtype_BFLOAT16_layout_ROW_MAJOR.tensorbin of shape Shape([1, 1, 256, 32])
2026-08-29 11:53:50.689 | DEBUG    | core:as_tensor:724 - Loaded cache for /proj_sw/user_dev/ctr-apbernal/tt-metal/model_cache/meta-llama/Llama-3.3-70B-Instruct/TG/tensor_cache_instruct_bfp8/layers.58.attention_norm.weight_distributed_dtype_BFLOAT16_layout_ROW_MAJOR.tensorbin of shape Shape([1, 1, 64, 32])
2026-08-29 11:53:50.691 | DEBUG    | core:as_tensor:724 - Loaded cache for /proj_sw/user_dev/ctr-apbernal/tt-metal/model_cache/meta-llama/Llama-3.3-70B-Instruct/TG/tensor_cache_instruct_bfp8/layers.58.ffn_norm.weight_dtype_BFLOAT16_layout_ROW_MAJOR.tensorbin of shape Shape([1, 1, 256, 32])
2026-08-29 11:53:50.692 | DEBUG    | core:as_tensor:724 - Loaded cache for /proj_sw/user_dev/ctr-apbernal/tt-metal/model_cache/meta-llama/Llama-3.3-70B-Instruct/TG/tensor_cache_instruct_bfp8/layers.58.ffn_norm.weight_distributed_dtype_BFLOAT16_layout_ROW_MAJOR.tensorbin of shape Shape([1, 1, 64, 32])
 74%|███████▍  | 59/80 [03:51<00:17,  1.18it/s]2026-08-29 11:53:50.758 | DEBUG    | core:as_tensor:724 - Loaded cache for /proj_sw/user_dev/ctr-apbernal/tt-metal/model_cache/meta-llama/Llama-3.3-70B-Instruct/TG/tensor_cache_instruct_bfp8/layers.59.attention.wqkv_sharded_2d_prefetcher_dtype_BFLOAT8_B_layout_TILE.tensorbin of shape Shape([1, 1, 2048, 1280])
2026-08-29 11:53:50.798 | DEBUG    | core:as_tensor:724 - Loaded cache for /proj_sw/user_dev/ctr-apbernal/tt-metal/model_cache/meta-llama/Llama-3.3-70B-Instruct/TG/tensor_cache_instruct_bfp8/layers.59.attention.wqkv_sharded_2d_dram_dtype_BFLOAT8_B_layout_TILE.tensorbin of shape Shape([1, 1, 2048, 1280])
2026-08-29 11:53:50.839 | DEBUG    | core:as_tensor:724 - Loaded cache for /proj_sw/user_dev/ctr-apbernal/tt-metal/model_cache/meta-llama/Llama-3.3-70B-Instruct/TG/tensor_cache_instruct_bfp8/layers.59.attention.wo_width_sharded_2d_prefetcher_dtype_BFLOAT8_B_layout_TILE.tensorbin of shape Shape([1, 1, 1024, 2048])
2026-08-29 11:53:50.878 | DEBUG    | core:as_tensor:724 - Loaded cache for /proj_sw/user_dev/ctr-apbernal/tt-metal/model_cache/meta-llama/Llama-3.3-70B-Instruct/TG/tensor_cache_instruct_bfp8/layers.59.attention.wo_width_sharded_2d_dram_dtype_BFLOAT8_B_layout_TILE.tensorbin of shape Shape([1, 1, 1024, 2048])
2026-08-29 11:53:50.927 | DEBUG    | core:as_tensor:724 - Loaded cache for /proj_sw/user_dev/ctr-apbernal/tt-metal/model_cache/meta-llama/Llama-3.3-70B-Instruct/TG/tensor_cache_instruct_bfp8/layers.59.attention.wo_col_sharded_dram_dtype_BFLOAT8_B_layout_TILE.tensorbin of shape Shape([1, 1, 8192, 2048])
2026-08-29 11:53:50.941 | DEBUG    | core:as_tensor:724 - Loaded cache for /proj_sw/user_dev/ctr-apbernal/tt-metal/model_cache/meta-llama/Llama-3.3-70B-Instruct/TG/tensor_cache_instruct_bfp8/kvcache_torch.Size([2048, 1, 64, 128])_dtype_BFLOAT8_B_layout_TILE.tensorbin of shape Shape([2048, 1, 64, 128])
2026-08-29 11:53:50.950 | DEBUG    | core:as_tensor:724 - Loaded cache for /proj_sw/user_dev/ctr-apbernal/tt-metal/model_cache/meta-llama/Llama-3.3-70B-Instruct/TG/tensor_cache_instruct_bfp8/kvcache_torch.Size([2048, 1, 64, 128])_dtype_BFLOAT8_B_layout_TILE.tensorbin of shape Shape([2048, 1, 64, 128])
2026-08-29 11:53:51.016 | DEBUG    | core:as_tensor:724 - Loaded cache for /proj_sw/user_dev/ctr-apbernal/tt-metal/model_cache/meta-llama/Llama-3.3-70B-Instruct/TG/tensor_cache_instruct_bfp8/layers.59.feed_forward.w1_shardedprefetcher_dtype_BFLOAT4_B_layout_TILE.tensorbin of shape Shape([1, 1, 2048, 3584])
2026-08-29 11:53:51.065 | DEBUG    | core:as_tensor:724 - Loaded cache for /proj_sw/user_dev/ctr-apbernal/tt-metal/model_cache/meta-llama/Llama-3.3-70B-Instruct/TG/tensor_cache_instruct_bfp8/layers.59.feed_forward.w2_shardedprefetcher_dtype_BFLOAT8_B_layout_TILE.tensorbin of shape Shape([1, 1, 3584, 2048])
2026-08-29 11:53:51.108 | DEBUG    | core:as_tensor:724 - Loaded cache for /proj_sw/user_dev/ctr-apbernal/tt-metal/model_cache/meta-llama/Llama-3.3-70B-Instruct/TG/tensor_cache_instruct_bfp8/layers.59.feed_forward.w3_shardedprefetcher_dtype_BFLOAT4_B_layout_TILE.tensorbin of shape Shape([1, 1, 2048, 3584])
2026-08-29 11:53:51.151 | DEBUG    | core:as_tensor:724 - Loaded cache for /proj_sw/user_dev/ctr-apbernal/tt-metal/model_cache/meta-llama/Llama-3.3-70B-Instruct/TG/tensor_cache_instruct_bfp8/layers.59.feed_forward.w1_interleavedprefetcher_dtype_BFLOAT4_B_layout_TILE.tensorbin of shape Shape([1, 1, 2048, 3584])
2026-08-29 11:53:51.200 | DEBUG    | core:as_tensor:724 - Loaded cache for /proj_sw/user_dev/ctr-apbernal/tt-metal/model_cache/meta-llama/Llama-3.3-70B-Instruct/TG/tensor_cache_instruct_bfp8/layers.59.feed_forward.w2_interleavedprefetcher_dtype_BFLOAT8_B_layout_TILE.tensorbin of shape Shape([1, 1, 3584, 2048])
2026-08-29 11:53:51.245 | DEBUG    | core:as_tensor:724 - Loaded cache for /proj_sw/user_dev/ctr-apbernal/tt-metal/model_cache/meta-llama/Llama-3.3-70B-Instruct/TG/tensor_cache_instruct_bfp8/layers.59.feed_forward.w3_interleavedprefetcher_dtype_BFLOAT4_B_layout_TILE.tensorbin of shape Shape([1, 1, 2048, 3584])
2026-08-29 11:53:51.247 | DEBUG    | core:as_tensor:724 - Loaded cache for /proj_sw/user_dev/ctr-apbernal/tt-metal/model_cache/meta-llama/Llama-3.3-70B-Instruct/TG/tensor_cache_instruct_bfp8/layers.59.attention_norm.weight_dtype_BFLOAT16_layout_ROW_MAJOR.tensorbin of shape Shape([1, 1, 256, 32])
2026-08-29 11:53:51.249 | DEBUG    | core:as_tensor:724 - Loaded cache for /proj_sw/user_dev/ctr-apbernal/tt-metal/model_cache/meta-llama/Llama-3.3-70B-Instruct/TG/tensor_cache_instruct_bfp8/layers.59.attention_norm.weight_distributed_dtype_BFLOAT16_layout_ROW_MAJOR.tensorbin of shape Shape([1, 1, 64, 32])
2026-08-29 11:53:51.251 | DEBUG    | core:as_tensor:724 - Loaded cache for /proj_sw/user_dev/ctr-apbernal/tt-metal/model_cache/meta-llama/Llama-3.3-70B-Instruct/TG/tensor_cache_instruct_bfp8/layers.59.ffn_norm.weight_dtype_BFLOAT16_layout_ROW_MAJOR.tensorbin of shape Shape([1, 1, 256, 32])
2026-08-29 11:53:51.252 | DEBUG    | core:as_tensor:724 - Loaded cache for /proj_sw/user_dev/ctr-apbernal/tt-metal/model_cache/meta-llama/Llama-3.3-70B-Instruct/TG/tensor_cache_instruct_bfp8/layers.59.ffn_norm.weight_distributed_dtype_BFLOAT16_layout_ROW_MAJOR.tensorbin of shape Shape([1, 1, 64, 32])
 75%|███████▌  | 60/80 [03:52<00:15,  1.31it/s]2026-08-29 11:53:51.318 | DEBUG    | core:as_tensor:724 - Loaded cache for /proj_sw/user_dev/ctr-apbernal/tt-metal/model_cache/meta-llama/Llama-3.3-70B-Instruct/TG/tensor_cache_instruct_bfp8/layers.60.attention.wqkv_sharded_2d_prefetcher_dtype_BFLOAT8_B_layout_TILE.tensorbin of shape Shape([1, 1, 2048, 1280])
2026-08-29 11:53:51.359 | DEBUG    | core:as_tensor:724 - Loaded cache for /proj_sw/user_dev/ctr-apbernal/tt-metal/model_cache/meta-llama/Llama-3.3-70B-Instruct/TG/tensor_cache_instruct_bfp8/layers.60.attention.wqkv_sharded_2d_dram_dtype_BFLOAT8_B_layout_TILE.tensorbin of shape Shape([1, 1, 2048, 1280])
2026-08-29 11:53:51.399 | DEBUG    | core:as_tensor:724 - Loaded cache for /proj_sw/user_dev/ctr-apbernal/tt-metal/model_cache/meta-llama/Llama-3.3-70B-Instruct/TG/tensor_cache_instruct_bfp8/layers.60.attention.wo_width_sharded_2d_prefetcher_dtype_BFLOAT8_B_layout_TILE.tensorbin of shape Shape([1, 1, 1024, 2048])
2026-08-29 11:53:51.439 | DEBUG    | core:as_tensor:724 - Loaded cache for /proj_sw/user_dev/ctr-apbernal/tt-metal/model_cache/meta-llama/Llama-3.3-70B-Instruct/TG/tensor_cache_instruct_bfp8/layers.60.attention.wo_width_sharded_2d_dram_dtype_BFLOAT8_B_layout_TILE.tensorbin of shape Shape([1, 1, 1024, 2048])
2026-08-29 11:53:51.487 | DEBUG    | core:as_tensor:724 - Loaded cache for /proj_sw/user_dev/ctr-apbernal/tt-metal/model_cache/meta-llama/Llama-3.3-70B-Instruct/TG/tensor_cache_instruct_bfp8/layers.60.attention.wo_col_sharded_dram_dtype_BFLOAT8_B_layout_TILE.tensorbin of shape Shape([1, 1, 8192, 2048])
2026-08-29 11:53:51.502 | DEBUG    | core:as_tensor:724 - Loaded cache for /proj_sw/user_dev/ctr-apbernal/tt-metal/model_cache/meta-llama/Llama-3.3-70B-Instruct/TG/tensor_cache_instruct_bfp8/kvcache_torch.Size([2048, 1, 64, 128])_dtype_BFLOAT8_B_layout_TILE.tensorbin of shape Shape([2048, 1, 64, 128])
2026-08-29 11:53:51.511 | DEBUG    | core:as_tensor:724 - Loaded cache for /proj_sw/user_dev/ctr-apbernal/tt-metal/model_cache/meta-llama/Llama-3.3-70B-Instruct/TG/tensor_cache_instruct_bfp8/kvcache_torch.Size([2048, 1, 64, 128])_dtype_BFLOAT8_B_layout_TILE.tensorbin of shape Shape([2048, 1, 64, 128])
2026-08-29 11:53:51.578 | DEBUG    | core:as_tensor:724 - Loaded cache for /proj_sw/user_dev/ctr-apbernal/tt-metal/model_cache/meta-llama/Llama-3.3-70B-Instruct/TG/tensor_cache_instruct_bfp8/layers.60.feed_forward.w1_shardedprefetcher_dtype_BFLOAT4_B_layout_TILE.tensorbin of shape Shape([1, 1, 2048, 3584])
2026-08-29 11:53:51.630 | DEBUG    | core:as_tensor:724 - Loaded cache for /proj_sw/user_dev/ctr-apbernal/tt-metal/model_cache/meta-llama/Llama-3.3-70B-Instruct/TG/tensor_cache_instruct_bfp8/layers.60.feed_forward.w2_shardedprefetcher_dtype_BFLOAT8_B_layout_TILE.tensorbin of shape Shape([1, 1, 3584, 2048])
2026-08-29 11:53:51.676 | DEBUG    | core:as_tensor:724 - Loaded cache for /proj_sw/user_dev/ctr-apbernal/tt-metal/model_cache/meta-llama/Llama-3.3-70B-Instruct/TG/tensor_cache_instruct_bfp8/layers.60.feed_forward.w3_shardedprefetcher_dtype_BFLOAT4_B_layout_TILE.tensorbin of shape Shape([1, 1, 2048, 3584])
2026-08-29 11:53:51.721 | DEBUG    | core:as_tensor:724 - Loaded cache for /proj_sw/user_dev/ctr-apbernal/tt-metal/model_cache/meta-llama/Llama-3.3-70B-Instruct/TG/tensor_cache_instruct_bfp8/layers.60.feed_forward.w1_interleavedprefetcher_dtype_BFLOAT4_B_layout_TILE.tensorbin of shape Shape([1, 1, 2048, 3584])
2026-08-29 11:53:51.772 | DEBUG    | core:as_tensor:724 - Loaded cache for /proj_sw/user_dev/ctr-apbernal/tt-metal/model_cache/meta-llama/Llama-3.3-70B-Instruct/TG/tensor_cache_instruct_bfp8/layers.60.feed_forward.w2_interleavedprefetcher_dtype_BFLOAT8_B_layout_TILE.tensorbin of shape Shape([1, 1, 3584, 2048])
2026-08-29 11:53:51.817 | DEBUG    | core:as_tensor:724 - Loaded cache for /proj_sw/user_dev/ctr-apbernal/tt-metal/model_cache/meta-llama/Llama-3.3-70B-Instruct/TG/tensor_cache_instruct_bfp8/layers.60.feed_forward.w3_interleavedprefetcher_dtype_BFLOAT4_B_layout_TILE.tensorbin of shape Shape([1, 1, 2048, 3584])
2026-08-29 11:53:51.819 | DEBUG    | core:as_tensor:724 - Loaded cache for /proj_sw/user_dev/ctr-apbernal/tt-metal/model_cache/meta-llama/Llama-3.3-70B-Instruct/TG/tensor_cache_instruct_bfp8/layers.60.attention_norm.weight_dtype_BFLOAT16_layout_ROW_MAJOR.tensorbin of shape Shape([1, 1, 256, 32])
2026-08-29 11:53:51.821 | DEBUG    | core:as_tensor:724 - Loaded cache for /proj_sw/user_dev/ctr-apbernal/tt-metal/model_cache/meta-llama/Llama-3.3-70B-Instruct/TG/tensor_cache_instruct_bfp8/layers.60.attention_norm.weight_distributed_dtype_BFLOAT16_layout_ROW_MAJOR.tensorbin of shape Shape([1, 1, 64, 32])
2026-08-29 11:53:51.823 | DEBUG    | core:as_tensor:724 - Loaded cache for /proj_sw/user_dev/ctr-apbernal/tt-metal/model_cache/meta-llama/Llama-3.3-70B-Instruct/TG/tensor_cache_instruct_bfp8/layers.60.ffn_norm.weight_dtype_BFLOAT16_layout_ROW_MAJOR.tensorbin of shape Shape([1, 1, 256, 32])
2026-08-29 11:53:51.825 | DEBUG    | core:as_tensor:724 - Loaded cache for /proj_sw/user_dev/ctr-apbernal/tt-metal/model_cache/meta-llama/Llama-3.3-70B-Instruct/TG/tensor_cache_instruct_bfp8/layers.60.ffn_norm.weight_distributed_dtype_BFLOAT16_layout_ROW_MAJOR.tensorbin of shape Shape([1, 1, 64, 32])
 76%|███████▋  | 61/80 [03:52<00:13,  1.42it/s]2026-08-29 11:53:51.893 | DEBUG    | core:as_tensor:724 - Loaded cache for /proj_sw/user_dev/ctr-apbernal/tt-metal/model_cache/meta-llama/Llama-3.3-70B-Instruct/TG/tensor_cache_instruct_bfp8/layers.61.attention.wqkv_sharded_2d_prefetcher_dtype_BFLOAT8_B_layout_TILE.tensorbin of shape Shape([1, 1, 2048, 1280])
2026-08-29 11:53:51.935 | DEBUG    | core:as_tensor:724 - Loaded cache for /proj_sw/user_dev/ctr-apbernal/tt-metal/model_cache/meta-llama/Llama-3.3-70B-Instruct/TG/tensor_cache_instruct_bfp8/layers.61.attention.wqkv_sharded_2d_dram_dtype_BFLOAT8_B_layout_TILE.tensorbin of shape Shape([1, 1, 2048, 1280])
2026-08-29 11:53:51.975 | DEBUG    | core:as_tensor:724 - Loaded cache for /proj_sw/user_dev/ctr-apbernal/tt-metal/model_cache/meta-llama/Llama-3.3-70B-Instruct/TG/tensor_cache_instruct_bfp8/layers.61.attention.wo_width_sharded_2d_prefetcher_dtype_BFLOAT8_B_layout_TILE.tensorbin of shape Shape([1, 1, 1024, 2048])
2026-08-29 11:53:52.015 | DEBUG    | core:as_tensor:724 - Loaded cache for /proj_sw/user_dev/ctr-apbernal/tt-metal/model_cache/meta-llama/Llama-3.3-70B-Instruct/TG/tensor_cache_instruct_bfp8/layers.61.attention.wo_width_sharded_2d_dram_dtype_BFLOAT8_B_layout_TILE.tensorbin of shape Shape([1, 1, 1024, 2048])
2026-08-29 11:53:52.063 | DEBUG    | core:as_tensor:724 - Loaded cache for /proj_sw/user_dev/ctr-apbernal/tt-metal/model_cache/meta-llama/Llama-3.3-70B-Instruct/TG/tensor_cache_instruct_bfp8/layers.61.attention.wo_col_sharded_dram_dtype_BFLOAT8_B_layout_TILE.tensorbin of shape Shape([1, 1, 8192, 2048])
2026-08-29 11:53:52.077 | DEBUG    | core:as_tensor:724 - Loaded cache for /proj_sw/user_dev/ctr-apbernal/tt-metal/model_cache/meta-llama/Llama-3.3-70B-Instruct/TG/tensor_cache_instruct_bfp8/kvcache_torch.Size([2048, 1, 64, 128])_dtype_BFLOAT8_B_layout_TILE.tensorbin of shape Shape([2048, 1, 64, 128])
2026-08-29 11:53:52.087 | DEBUG    | core:as_tensor:724 - Loaded cache for /proj_sw/user_dev/ctr-apbernal/tt-metal/model_cache/meta-llama/Llama-3.3-70B-Instruct/TG/tensor_cache_instruct_bfp8/kvcache_torch.Size([2048, 1, 64, 128])_dtype_BFLOAT8_B_layout_TILE.tensorbin of shape Shape([2048, 1, 64, 128])
2026-08-29 11:53:52.153 | DEBUG    | core:as_tensor:724 - Loaded cache for /proj_sw/user_dev/ctr-apbernal/tt-metal/model_cache/meta-llama/Llama-3.3-70B-Instruct/TG/tensor_cache_instruct_bfp8/layers.61.feed_forward.w1_shardedprefetcher_dtype_BFLOAT4_B_layout_TILE.tensorbin of shape Shape([1, 1, 2048, 3584])
2026-08-29 11:53:52.204 | DEBUG    | core:as_tensor:724 - Loaded cache for /proj_sw/user_dev/ctr-apbernal/tt-metal/model_cache/meta-llama/Llama-3.3-70B-Instruct/TG/tensor_cache_instruct_bfp8/layers.61.feed_forward.w2_shardedprefetcher_dtype_BFLOAT8_B_layout_TILE.tensorbin of shape Shape([1, 1, 3584, 2048])
2026-08-29 11:53:52.250 | DEBUG    | core:as_tensor:724 - Loaded cache for /proj_sw/user_dev/ctr-apbernal/tt-metal/model_cache/meta-llama/Llama-3.3-70B-Instruct/TG/tensor_cache_instruct_bfp8/layers.61.feed_forward.w3_shardedprefetcher_dtype_BFLOAT4_B_layout_TILE.tensorbin of shape Shape([1, 1, 2048, 3584])
2026-08-29 11:53:52.294 | DEBUG    | core:as_tensor:724 - Loaded cache for /proj_sw/user_dev/ctr-apbernal/tt-metal/model_cache/meta-llama/Llama-3.3-70B-Instruct/TG/tensor_cache_instruct_bfp8/layers.61.feed_forward.w1_interleavedprefetcher_dtype_BFLOAT4_B_layout_TILE.tensorbin of shape Shape([1, 1, 2048, 3584])
2026-08-29 11:53:52.342 | DEBUG    | core:as_tensor:724 - Loaded cache for /proj_sw/user_dev/ctr-apbernal/tt-metal/model_cache/meta-llama/Llama-3.3-70B-Instruct/TG/tensor_cache_instruct_bfp8/layers.61.feed_forward.w2_interleavedprefetcher_dtype_BFLOAT8_B_layout_TILE.tensorbin of shape Shape([1, 1, 3584, 2048])
2026-08-29 11:53:52.385 | DEBUG    | core:as_tensor:724 - Loaded cache for /proj_sw/user_dev/ctr-apbernal/tt-metal/model_cache/meta-llama/Llama-3.3-70B-Instruct/TG/tensor_cache_instruct_bfp8/layers.61.feed_forward.w3_interleavedprefetcher_dtype_BFLOAT4_B_layout_TILE.tensorbin of shape Shape([1, 1, 2048, 3584])
2026-08-29 11:53:52.387 | DEBUG    | core:as_tensor:724 - Loaded cache for /proj_sw/user_dev/ctr-apbernal/tt-metal/model_cache/meta-llama/Llama-3.3-70B-Instruct/TG/tensor_cache_instruct_bfp8/layers.61.attention_norm.weight_dtype_BFLOAT16_layout_ROW_MAJOR.tensorbin of shape Shape([1, 1, 256, 32])
2026-08-29 11:53:52.389 | DEBUG    | core:as_tensor:724 - Loaded cache for /proj_sw/user_dev/ctr-apbernal/tt-metal/model_cache/meta-llama/Llama-3.3-70B-Instruct/TG/tensor_cache_instruct_bfp8/layers.61.attention_norm.weight_distributed_dtype_BFLOAT16_layout_ROW_MAJOR.tensorbin of shape Shape([1, 1, 64, 32])
2026-08-29 11:53:52.390 | DEBUG    | core:as_tensor:724 - Loaded cache for /proj_sw/user_dev/ctr-apbernal/tt-metal/model_cache/meta-llama/Llama-3.3-70B-Instruct/TG/tensor_cache_instruct_bfp8/layers.61.ffn_norm.weight_dtype_BFLOAT16_layout_ROW_MAJOR.tensorbin of shape Shape([1, 1, 256, 32])
2026-08-29 11:53:52.392 | DEBUG    | core:as_tensor:724 - Loaded cache for /proj_sw/user_dev/ctr-apbernal/tt-metal/model_cache/meta-llama/Llama-3.3-70B-Instruct/TG/tensor_cache_instruct_bfp8/layers.61.ffn_norm.weight_distributed_dtype_BFLOAT16_layout_ROW_MAJOR.tensorbin of shape Shape([1, 1, 64, 32])
 78%|███████▊  | 62/80 [03:53<00:11,  1.51it/s]2026-08-29 11:53:52.459 | DEBUG    | core:as_tensor:724 - Loaded cache for /proj_sw/user_dev/ctr-apbernal/tt-metal/model_cache/meta-llama/Llama-3.3-70B-Instruct/TG/tensor_cache_instruct_bfp8/layers.62.attention.wqkv_sharded_2d_prefetcher_dtype_BFLOAT8_B_layout_TILE.tensorbin of shape Shape([1, 1, 2048, 1280])
2026-08-29 11:53:52.501 | DEBUG    | core:as_tensor:724 - Loaded cache for /proj_sw/user_dev/ctr-apbernal/tt-metal/model_cache/meta-llama/Llama-3.3-70B-Instruct/TG/tensor_cache_instruct_bfp8/layers.62.attention.wqkv_sharded_2d_dram_dtype_BFLOAT8_B_layout_TILE.tensorbin of shape Shape([1, 1, 2048, 1280])
2026-08-29 11:53:52.541 | DEBUG    | core:as_tensor:724 - Loaded cache for /proj_sw/user_dev/ctr-apbernal/tt-metal/model_cache/meta-llama/Llama-3.3-70B-Instruct/TG/tensor_cache_instruct_bfp8/layers.62.attention.wo_width_sharded_2d_prefetcher_dtype_BFLOAT8_B_layout_TILE.tensorbin of shape Shape([1, 1, 1024, 2048])
2026-08-29 11:53:52.581 | DEBUG    | core:as_tensor:724 - Loaded cache for /proj_sw/user_dev/ctr-apbernal/tt-metal/model_cache/meta-llama/Llama-3.3-70B-Instruct/TG/tensor_cache_instruct_bfp8/layers.62.attention.wo_width_sharded_2d_dram_dtype_BFLOAT8_B_layout_TILE.tensorbin of shape Shape([1, 1, 1024, 2048])
2026-08-29 11:53:52.629 | DEBUG    | core:as_tensor:724 - Loaded cache for /proj_sw/user_dev/ctr-apbernal/tt-metal/model_cache/meta-llama/Llama-3.3-70B-Instruct/TG/tensor_cache_instruct_bfp8/layers.62.attention.wo_col_sharded_dram_dtype_BFLOAT8_B_layout_TILE.tensorbin of shape Shape([1, 1, 8192, 2048])
2026-08-29 11:53:52.643 | DEBUG    | core:as_tensor:724 - Loaded cache for /proj_sw/user_dev/ctr-apbernal/tt-metal/model_cache/meta-llama/Llama-3.3-70B-Instruct/TG/tensor_cache_instruct_bfp8/kvcache_torch.Size([2048, 1, 64, 128])_dtype_BFLOAT8_B_layout_TILE.tensorbin of shape Shape([2048, 1, 64, 128])
2026-08-29 11:53:52.651 | DEBUG    | core:as_tensor:724 - Loaded cache for /proj_sw/user_dev/ctr-apbernal/tt-metal/model_cache/meta-llama/Llama-3.3-70B-Instruct/TG/tensor_cache_instruct_bfp8/kvcache_torch.Size([2048, 1, 64, 128])_dtype_BFLOAT8_B_layout_TILE.tensorbin of shape Shape([2048, 1, 64, 128])
2026-08-29 11:53:52.717 | DEBUG    | core:as_tensor:724 - Loaded cache for /proj_sw/user_dev/ctr-apbernal/tt-metal/model_cache/meta-llama/Llama-3.3-70B-Instruct/TG/tensor_cache_instruct_bfp8/layers.62.feed_forward.w1_shardedprefetcher_dtype_BFLOAT4_B_layout_TILE.tensorbin of shape Shape([1, 1, 2048, 3584])
2026-08-29 11:53:52.766 | DEBUG    | core:as_tensor:724 - Loaded cache for /proj_sw/user_dev/ctr-apbernal/tt-metal/model_cache/meta-llama/Llama-3.3-70B-Instruct/TG/tensor_cache_instruct_bfp8/layers.62.feed_forward.w2_shardedprefetcher_dtype_BFLOAT8_B_layout_TILE.tensorbin of shape Shape([1, 1, 3584, 2048])
2026-08-29 11:53:52.809 | DEBUG    | core:as_tensor:724 - Loaded cache for /proj_sw/user_dev/ctr-apbernal/tt-metal/model_cache/meta-llama/Llama-3.3-70B-Instruct/TG/tensor_cache_instruct_bfp8/layers.62.feed_forward.w3_shardedprefetcher_dtype_BFLOAT4_B_layout_TILE.tensorbin of shape Shape([1, 1, 2048, 3584])
2026-08-29 11:53:52.852 | DEBUG    | core:as_tensor:724 - Loaded cache for /proj_sw/user_dev/ctr-apbernal/tt-metal/model_cache/meta-llama/Llama-3.3-70B-Instruct/TG/tensor_cache_instruct_bfp8/layers.62.feed_forward.w1_interleavedprefetcher_dtype_BFLOAT4_B_layout_TILE.tensorbin of shape Shape([1, 1, 2048, 3584])
2026-08-29 11:53:52.901 | DEBUG    | core:as_tensor:724 - Loaded cache for /proj_sw/user_dev/ctr-apbernal/tt-metal/model_cache/meta-llama/Llama-3.3-70B-Instruct/TG/tensor_cache_instruct_bfp8/layers.62.feed_forward.w2_interleavedprefetcher_dtype_BFLOAT8_B_layout_TILE.tensorbin of shape Shape([1, 1, 3584, 2048])
2026-08-29 11:53:52.943 | DEBUG    | core:as_tensor:724 - Loaded cache for /proj_sw/user_dev/ctr-apbernal/tt-metal/model_cache/meta-llama/Llama-3.3-70B-Instruct/TG/tensor_cache_instruct_bfp8/layers.62.feed_forward.w3_interleavedprefetcher_dtype_BFLOAT4_B_layout_TILE.tensorbin of shape Shape([1, 1, 2048, 3584])
2026-08-29 11:53:52.946 | DEBUG    | core:as_tensor:724 - Loaded cache for /proj_sw/user_dev/ctr-apbernal/tt-metal/model_cache/meta-llama/Llama-3.3-70B-Instruct/TG/tensor_cache_instruct_bfp8/layers.62.attention_norm.weight_dtype_BFLOAT16_layout_ROW_MAJOR.tensorbin of shape Shape([1, 1, 256, 32])
2026-08-29 11:53:52.948 | DEBUG    | core:as_tensor:724 - Loaded cache for /proj_sw/user_dev/ctr-apbernal/tt-metal/model_cache/meta-llama/Llama-3.3-70B-Instruct/TG/tensor_cache_instruct_bfp8/layers.62.attention_norm.weight_distributed_dtype_BFLOAT16_layout_ROW_MAJOR.tensorbin of shape Shape([1, 1, 64, 32])
2026-08-29 11:53:52.949 | DEBUG    | core:as_tensor:724 - Loaded cache for /proj_sw/user_dev/ctr-apbernal/tt-metal/model_cache/meta-llama/Llama-3.3-70B-Instruct/TG/tensor_cache_instruct_bfp8/layers.62.ffn_norm.weight_dtype_BFLOAT16_layout_ROW_MAJOR.tensorbin of shape Shape([1, 1, 256, 32])
2026-08-29 11:53:52.950 | DEBUG    | core:as_tensor:724 - Loaded cache for /proj_sw/user_dev/ctr-apbernal/tt-metal/model_cache/meta-llama/Llama-3.3-70B-Instruct/TG/tensor_cache_instruct_bfp8/layers.62.ffn_norm.weight_distributed_dtype_BFLOAT16_layout_ROW_MAJOR.tensorbin of shape Shape([1, 1, 64, 32])
 79%|███████▉  | 63/80 [03:54<00:10,  1.58it/s]2026-08-29 11:53:53.023 | DEBUG    | core:as_tensor:724 - Loaded cache for /proj_sw/user_dev/ctr-apbernal/tt-metal/model_cache/meta-llama/Llama-3.3-70B-Instruct/TG/tensor_cache_instruct_bfp8/layers.63.attention.wqkv_sharded_2d_prefetcher_dtype_BFLOAT8_B_layout_TILE.tensorbin of shape Shape([1, 1, 2048, 1280])
2026-08-29 11:53:53.064 | DEBUG    | core:as_tensor:724 - Loaded cache for /proj_sw/user_dev/ctr-apbernal/tt-metal/model_cache/meta-llama/Llama-3.3-70B-Instruct/TG/tensor_cache_instruct_bfp8/layers.63.attention.wqkv_sharded_2d_dram_dtype_BFLOAT8_B_layout_TILE.tensorbin of shape Shape([1, 1, 2048, 1280])
2026-08-29 11:53:53.104 | DEBUG    | core:as_tensor:724 - Loaded cache for /proj_sw/user_dev/ctr-apbernal/tt-metal/model_cache/meta-llama/Llama-3.3-70B-Instruct/TG/tensor_cache_instruct_bfp8/layers.63.attention.wo_width_sharded_2d_prefetcher_dtype_BFLOAT8_B_layout_TILE.tensorbin of shape Shape([1, 1, 1024, 2048])
2026-08-29 11:53:53.143 | DEBUG    | core:as_tensor:724 - Loaded cache for /proj_sw/user_dev/ctr-apbernal/tt-metal/model_cache/meta-llama/Llama-3.3-70B-Instruct/TG/tensor_cache_instruct_bfp8/layers.63.attention.wo_width_sharded_2d_dram_dtype_BFLOAT8_B_layout_TILE.tensorbin of shape Shape([1, 1, 1024, 2048])
2026-08-29 11:53:53.192 | DEBUG    | core:as_tensor:724 - Loaded cache for /proj_sw/user_dev/ctr-apbernal/tt-metal/model_cache/meta-llama/Llama-3.3-70B-Instruct/TG/tensor_cache_instruct_bfp8/layers.63.attention.wo_col_sharded_dram_dtype_BFLOAT8_B_layout_TILE.tensorbin of shape Shape([1, 1, 8192, 2048])
2026-08-29 11:53:53.207 | DEBUG    | core:as_tensor:724 - Loaded cache for /proj_sw/user_dev/ctr-apbernal/tt-metal/model_cache/meta-llama/Llama-3.3-70B-Instruct/TG/tensor_cache_instruct_bfp8/kvcache_torch.Size([2048, 1, 64, 128])_dtype_BFLOAT8_B_layout_TILE.tensorbin of shape Shape([2048, 1, 64, 128])
2026-08-29 11:53:53.219 | DEBUG    | core:as_tensor:724 - Loaded cache for /proj_sw/user_dev/ctr-apbernal/tt-metal/model_cache/meta-llama/Llama-3.3-70B-Instruct/TG/tensor_cache_instruct_bfp8/kvcache_torch.Size([2048, 1, 64, 128])_dtype_BFLOAT8_B_layout_TILE.tensorbin of shape Shape([2048, 1, 64, 128])
2026-08-29 11:53:53.283 | DEBUG    | core:as_tensor:724 - Loaded cache for /proj_sw/user_dev/ctr-apbernal/tt-metal/model_cache/meta-llama/Llama-3.3-70B-Instruct/TG/tensor_cache_instruct_bfp8/layers.63.feed_forward.w1_shardedprefetcher_dtype_BFLOAT4_B_layout_TILE.tensorbin of shape Shape([1, 1, 2048, 3584])
2026-08-29 11:53:53.332 | DEBUG    | core:as_tensor:724 - Loaded cache for /proj_sw/user_dev/ctr-apbernal/tt-metal/model_cache/meta-llama/Llama-3.3-70B-Instruct/TG/tensor_cache_instruct_bfp8/layers.63.feed_forward.w2_shardedprefetcher_dtype_BFLOAT8_B_layout_TILE.tensorbin of shape Shape([1, 1, 3584, 2048])
2026-08-29 11:53:53.375 | DEBUG    | core:as_tensor:724 - Loaded cache for /proj_sw/user_dev/ctr-apbernal/tt-metal/model_cache/meta-llama/Llama-3.3-70B-Instruct/TG/tensor_cache_instruct_bfp8/layers.63.feed_forward.w3_shardedprefetcher_dtype_BFLOAT4_B_layout_TILE.tensorbin of shape Shape([1, 1, 2048, 3584])
2026-08-29 11:53:53.418 | DEBUG    | core:as_tensor:724 - Loaded cache for /proj_sw/user_dev/ctr-apbernal/tt-metal/model_cache/meta-llama/Llama-3.3-70B-Instruct/TG/tensor_cache_instruct_bfp8/layers.63.feed_forward.w1_interleavedprefetcher_dtype_BFLOAT4_B_layout_TILE.tensorbin of shape Shape([1, 1, 2048, 3584])
2026-08-29 11:53:53.468 | DEBUG    | core:as_tensor:724 - Loaded cache for /proj_sw/user_dev/ctr-apbernal/tt-metal/model_cache/meta-llama/Llama-3.3-70B-Instruct/TG/tensor_cache_instruct_bfp8/layers.63.feed_forward.w2_interleavedprefetcher_dtype_BFLOAT8_B_layout_TILE.tensorbin of shape Shape([1, 1, 3584, 2048])
2026-08-29 11:53:53.511 | DEBUG    | core:as_tensor:724 - Loaded cache for /proj_sw/user_dev/ctr-apbernal/tt-metal/model_cache/meta-llama/Llama-3.3-70B-Instruct/TG/tensor_cache_instruct_bfp8/layers.63.feed_forward.w3_interleavedprefetcher_dtype_BFLOAT4_B_layout_TILE.tensorbin of shape Shape([1, 1, 2048, 3584])
2026-08-29 11:53:53.513 | DEBUG    | core:as_tensor:724 - Loaded cache for /proj_sw/user_dev/ctr-apbernal/tt-metal/model_cache/meta-llama/Llama-3.3-70B-Instruct/TG/tensor_cache_instruct_bfp8/layers.63.attention_norm.weight_dtype_BFLOAT16_layout_ROW_MAJOR.tensorbin of shape Shape([1, 1, 256, 32])
2026-08-29 11:53:53.515 | DEBUG    | core:as_tensor:724 - Loaded cache for /proj_sw/user_dev/ctr-apbernal/tt-metal/model_cache/meta-llama/Llama-3.3-70B-Instruct/TG/tensor_cache_instruct_bfp8/layers.63.attention_norm.weight_distributed_dtype_BFLOAT16_layout_ROW_MAJOR.tensorbin of shape Shape([1, 1, 64, 32])
2026-08-29 11:53:53.517 | DEBUG    | core:as_tensor:724 - Loaded cache for /proj_sw/user_dev/ctr-apbernal/tt-metal/model_cache/meta-llama/Llama-3.3-70B-Instruct/TG/tensor_cache_instruct_bfp8/layers.63.ffn_norm.weight_dtype_BFLOAT16_layout_ROW_MAJOR.tensorbin of shape Shape([1, 1, 256, 32])
2026-08-29 11:53:53.519 | DEBUG    | core:as_tensor:724 - Loaded cache for /proj_sw/user_dev/ctr-apbernal/tt-metal/model_cache/meta-llama/Llama-3.3-70B-Instruct/TG/tensor_cache_instruct_bfp8/layers.63.ffn_norm.weight_distributed_dtype_BFLOAT16_layout_ROW_MAJOR.tensorbin of shape Shape([1, 1, 64, 32])
 80%|████████  | 64/80 [03:54<00:09,  1.63it/s]2026-08-29 11:53:53.590 | DEBUG    | core:as_tensor:724 - Loaded cache for /proj_sw/user_dev/ctr-apbernal/tt-metal/model_cache/meta-llama/Llama-3.3-70B-Instruct/TG/tensor_cache_instruct_bfp8/layers.64.attention.wqkv_sharded_2d_prefetcher_dtype_BFLOAT8_B_layout_TILE.tensorbin of shape Shape([1, 1, 2048, 1280])
2026-08-29 11:53:53.630 | DEBUG    | core:as_tensor:724 - Loaded cache for /proj_sw/user_dev/ctr-apbernal/tt-metal/model_cache/meta-llama/Llama-3.3-70B-Instruct/TG/tensor_cache_instruct_bfp8/layers.64.attention.wqkv_sharded_2d_dram_dtype_BFLOAT8_B_layout_TILE.tensorbin of shape Shape([1, 1, 2048, 1280])
2026-08-29 11:53:53.670 | DEBUG    | core:as_tensor:724 - Loaded cache for /proj_sw/user_dev/ctr-apbernal/tt-metal/model_cache/meta-llama/Llama-3.3-70B-Instruct/TG/tensor_cache_instruct_bfp8/layers.64.attention.wo_width_sharded_2d_prefetcher_dtype_BFLOAT8_B_layout_TILE.tensorbin of shape Shape([1, 1, 1024, 2048])
2026-08-29 11:53:53.710 | DEBUG    | core:as_tensor:724 - Loaded cache for /proj_sw/user_dev/ctr-apbernal/tt-metal/model_cache/meta-llama/Llama-3.3-70B-Instruct/TG/tensor_cache_instruct_bfp8/layers.64.attention.wo_width_sharded_2d_dram_dtype_BFLOAT8_B_layout_TILE.tensorbin of shape Shape([1, 1, 1024, 2048])
2026-08-29 11:53:53.758 | DEBUG    | core:as_tensor:724 - Loaded cache for /proj_sw/user_dev/ctr-apbernal/tt-metal/model_cache/meta-llama/Llama-3.3-70B-Instruct/TG/tensor_cache_instruct_bfp8/layers.64.attention.wo_col_sharded_dram_dtype_BFLOAT8_B_layout_TILE.tensorbin of shape Shape([1, 1, 8192, 2048])
2026-08-29 11:53:53.773 | DEBUG    | core:as_tensor:724 - Loaded cache for /proj_sw/user_dev/ctr-apbernal/tt-metal/model_cache/meta-llama/Llama-3.3-70B-Instruct/TG/tensor_cache_instruct_bfp8/kvcache_torch.Size([2048, 1, 64, 128])_dtype_BFLOAT8_B_layout_TILE.tensorbin of shape Shape([2048, 1, 64, 128])
2026-08-29 11:53:53.782 | DEBUG    | core:as_tensor:724 - Loaded cache for /proj_sw/user_dev/ctr-apbernal/tt-metal/model_cache/meta-llama/Llama-3.3-70B-Instruct/TG/tensor_cache_instruct_bfp8/kvcache_torch.Size([2048, 1, 64, 128])_dtype_BFLOAT8_B_layout_TILE.tensorbin of shape Shape([2048, 1, 64, 128])
2026-08-29 11:53:53.848 | DEBUG    | core:as_tensor:724 - Loaded cache for /proj_sw/user_dev/ctr-apbernal/tt-metal/model_cache/meta-llama/Llama-3.3-70B-Instruct/TG/tensor_cache_instruct_bfp8/layers.64.feed_forward.w1_shardedprefetcher_dtype_BFLOAT4_B_layout_TILE.tensorbin of shape Shape([1, 1, 2048, 3584])
2026-08-29 11:53:53.897 | DEBUG    | core:as_tensor:724 - Loaded cache for /proj_sw/user_dev/ctr-apbernal/tt-metal/model_cache/meta-llama/Llama-3.3-70B-Instruct/TG/tensor_cache_instruct_bfp8/layers.64.feed_forward.w2_shardedprefetcher_dtype_BFLOAT8_B_layout_TILE.tensorbin of shape Shape([1, 1, 3584, 2048])
2026-08-29 11:53:53.941 | DEBUG    | core:as_tensor:724 - Loaded cache for /proj_sw/user_dev/ctr-apbernal/tt-metal/model_cache/meta-llama/Llama-3.3-70B-Instruct/TG/tensor_cache_instruct_bfp8/layers.64.feed_forward.w3_shardedprefetcher_dtype_BFLOAT4_B_layout_TILE.tensorbin of shape Shape([1, 1, 2048, 3584])
2026-08-29 11:53:53.984 | DEBUG    | core:as_tensor:724 - Loaded cache for /proj_sw/user_dev/ctr-apbernal/tt-metal/model_cache/meta-llama/Llama-3.3-70B-Instruct/TG/tensor_cache_instruct_bfp8/layers.64.feed_forward.w1_interleavedprefetcher_dtype_BFLOAT4_B_layout_TILE.tensorbin of shape Shape([1, 1, 2048, 3584])
2026-08-29 11:53:54.032 | DEBUG    | core:as_tensor:724 - Loaded cache for /proj_sw/user_dev/ctr-apbernal/tt-metal/model_cache/meta-llama/Llama-3.3-70B-Instruct/TG/tensor_cache_instruct_bfp8/layers.64.feed_forward.w2_interleavedprefetcher_dtype_BFLOAT8_B_layout_TILE.tensorbin of shape Shape([1, 1, 3584, 2048])
2026-08-29 11:53:54.075 | DEBUG    | core:as_tensor:724 - Loaded cache for /proj_sw/user_dev/ctr-apbernal/tt-metal/model_cache/meta-llama/Llama-3.3-70B-Instruct/TG/tensor_cache_instruct_bfp8/layers.64.feed_forward.w3_interleavedprefetcher_dtype_BFLOAT4_B_layout_TILE.tensorbin of shape Shape([1, 1, 2048, 3584])
2026-08-29 11:53:54.077 | DEBUG    | core:as_tensor:724 - Loaded cache for /proj_sw/user_dev/ctr-apbernal/tt-metal/model_cache/meta-llama/Llama-3.3-70B-Instruct/TG/tensor_cache_instruct_bfp8/layers.64.attention_norm.weight_dtype_BFLOAT16_layout_ROW_MAJOR.tensorbin of shape Shape([1, 1, 256, 32])
2026-08-29 11:53:54.079 | DEBUG    | core:as_tensor:724 - Loaded cache for /proj_sw/user_dev/ctr-apbernal/tt-metal/model_cache/meta-llama/Llama-3.3-70B-Instruct/TG/tensor_cache_instruct_bfp8/layers.64.attention_norm.weight_distributed_dtype_BFLOAT16_layout_ROW_MAJOR.tensorbin of shape Shape([1, 1, 64, 32])
2026-08-29 11:53:54.081 | DEBUG    | core:as_tensor:724 - Loaded cache for /proj_sw/user_dev/ctr-apbernal/tt-metal/model_cache/meta-llama/Llama-3.3-70B-Instruct/TG/tensor_cache_instruct_bfp8/layers.64.ffn_norm.weight_dtype_BFLOAT16_layout_ROW_MAJOR.tensorbin of shape Shape([1, 1, 256, 32])
2026-08-29 11:53:54.082 | DEBUG    | core:as_tensor:724 - Loaded cache for /proj_sw/user_dev/ctr-apbernal/tt-metal/model_cache/meta-llama/Llama-3.3-70B-Instruct/TG/tensor_cache_instruct_bfp8/layers.64.ffn_norm.weight_distributed_dtype_BFLOAT16_layout_ROW_MAJOR.tensorbin of shape Shape([1, 1, 64, 32])
 81%|████████▏ | 65/80 [03:55<00:08,  1.67it/s]2026-08-29 11:53:54.148 | DEBUG    | core:as_tensor:724 - Loaded cache for /proj_sw/user_dev/ctr-apbernal/tt-metal/model_cache/meta-llama/Llama-3.3-70B-Instruct/TG/tensor_cache_instruct_bfp8/layers.65.attention.wqkv_sharded_2d_prefetcher_dtype_BFLOAT8_B_layout_TILE.tensorbin of shape Shape([1, 1, 2048, 1280])
2026-08-29 11:53:54.190 | DEBUG    | core:as_tensor:724 - Loaded cache for /proj_sw/user_dev/ctr-apbernal/tt-metal/model_cache/meta-llama/Llama-3.3-70B-Instruct/TG/tensor_cache_instruct_bfp8/layers.65.attention.wqkv_sharded_2d_dram_dtype_BFLOAT8_B_layout_TILE.tensorbin of shape Shape([1, 1, 2048, 1280])
2026-08-29 11:53:54.230 | DEBUG    | core:as_tensor:724 - Loaded cache for /proj_sw/user_dev/ctr-apbernal/tt-metal/model_cache/meta-llama/Llama-3.3-70B-Instruct/TG/tensor_cache_instruct_bfp8/layers.65.attention.wo_width_sharded_2d_prefetcher_dtype_BFLOAT8_B_layout_TILE.tensorbin of shape Shape([1, 1, 1024, 2048])
2026-08-29 11:53:54.275 | DEBUG    | core:as_tensor:724 - Loaded cache for /proj_sw/user_dev/ctr-apbernal/tt-metal/model_cache/meta-llama/Llama-3.3-70B-Instruct/TG/tensor_cache_instruct_bfp8/layers.65.attention.wo_width_sharded_2d_dram_dtype_BFLOAT8_B_layout_TILE.tensorbin of shape Shape([1, 1, 1024, 2048])
2026-08-29 11:53:54.323 | DEBUG    | core:as_tensor:724 - Loaded cache for /proj_sw/user_dev/ctr-apbernal/tt-metal/model_cache/meta-llama/Llama-3.3-70B-Instruct/TG/tensor_cache_instruct_bfp8/layers.65.attention.wo_col_sharded_dram_dtype_BFLOAT8_B_layout_TILE.tensorbin of shape Shape([1, 1, 8192, 2048])
2026-08-29 11:53:54.339 | DEBUG    | core:as_tensor:724 - Loaded cache for /proj_sw/user_dev/ctr-apbernal/tt-metal/model_cache/meta-llama/Llama-3.3-70B-Instruct/TG/tensor_cache_instruct_bfp8/kvcache_torch.Size([2048, 1, 64, 128])_dtype_BFLOAT8_B_layout_TILE.tensorbin of shape Shape([2048, 1, 64, 128])
2026-08-29 11:53:54.347 | DEBUG    | core:as_tensor:724 - Loaded cache for /proj_sw/user_dev/ctr-apbernal/tt-metal/model_cache/meta-llama/Llama-3.3-70B-Instruct/TG/tensor_cache_instruct_bfp8/kvcache_torch.Size([2048, 1, 64, 128])_dtype_BFLOAT8_B_layout_TILE.tensorbin of shape Shape([2048, 1, 64, 128])
2026-08-29 11:53:54.413 | DEBUG    | core:as_tensor:724 - Loaded cache for /proj_sw/user_dev/ctr-apbernal/tt-metal/model_cache/meta-llama/Llama-3.3-70B-Instruct/TG/tensor_cache_instruct_bfp8/layers.65.feed_forward.w1_shardedprefetcher_dtype_BFLOAT4_B_layout_TILE.tensorbin of shape Shape([1, 1, 2048, 3584])
2026-08-29 11:53:54.462 | DEBUG    | core:as_tensor:724 - Loaded cache for /proj_sw/user_dev/ctr-apbernal/tt-metal/model_cache/meta-llama/Llama-3.3-70B-Instruct/TG/tensor_cache_instruct_bfp8/layers.65.feed_forward.w2_shardedprefetcher_dtype_BFLOAT8_B_layout_TILE.tensorbin of shape Shape([1, 1, 3584, 2048])
2026-08-29 11:53:54.506 | DEBUG    | core:as_tensor:724 - Loaded cache for /proj_sw/user_dev/ctr-apbernal/tt-metal/model_cache/meta-llama/Llama-3.3-70B-Instruct/TG/tensor_cache_instruct_bfp8/layers.65.feed_forward.w3_shardedprefetcher_dtype_BFLOAT4_B_layout_TILE.tensorbin of shape Shape([1, 1, 2048, 3584])
2026-08-29 11:53:54.550 | DEBUG    | core:as_tensor:724 - Loaded cache for /proj_sw/user_dev/ctr-apbernal/tt-metal/model_cache/meta-llama/Llama-3.3-70B-Instruct/TG/tensor_cache_instruct_bfp8/layers.65.feed_forward.w1_interleavedprefetcher_dtype_BFLOAT4_B_layout_TILE.tensorbin of shape Shape([1, 1, 2048, 3584])
2026-08-29 11:53:54.598 | DEBUG    | core:as_tensor:724 - Loaded cache for /proj_sw/user_dev/ctr-apbernal/tt-metal/model_cache/meta-llama/Llama-3.3-70B-Instruct/TG/tensor_cache_instruct_bfp8/layers.65.feed_forward.w2_interleavedprefetcher_dtype_BFLOAT8_B_layout_TILE.tensorbin of shape Shape([1, 1, 3584, 2048])
2026-08-29 11:53:54.642 | DEBUG    | core:as_tensor:724 - Loaded cache for /proj_sw/user_dev/ctr-apbernal/tt-metal/model_cache/meta-llama/Llama-3.3-70B-Instruct/TG/tensor_cache_instruct_bfp8/layers.65.feed_forward.w3_interleavedprefetcher_dtype_BFLOAT4_B_layout_TILE.tensorbin of shape Shape([1, 1, 2048, 3584])
2026-08-29 11:53:54.644 | DEBUG    | core:as_tensor:724 - Loaded cache for /proj_sw/user_dev/ctr-apbernal/tt-metal/model_cache/meta-llama/Llama-3.3-70B-Instruct/TG/tensor_cache_instruct_bfp8/layers.65.attention_norm.weight_dtype_BFLOAT16_layout_ROW_MAJOR.tensorbin of shape Shape([1, 1, 256, 32])
2026-08-29 11:53:54.646 | DEBUG    | core:as_tensor:724 - Loaded cache for /proj_sw/user_dev/ctr-apbernal/tt-metal/model_cache/meta-llama/Llama-3.3-70B-Instruct/TG/tensor_cache_instruct_bfp8/layers.65.attention_norm.weight_distributed_dtype_BFLOAT16_layout_ROW_MAJOR.tensorbin of shape Shape([1, 1, 64, 32])
2026-08-29 11:53:54.648 | DEBUG    | core:as_tensor:724 - Loaded cache for /proj_sw/user_dev/ctr-apbernal/tt-metal/model_cache/meta-llama/Llama-3.3-70B-Instruct/TG/tensor_cache_instruct_bfp8/layers.65.ffn_norm.weight_dtype_BFLOAT16_layout_ROW_MAJOR.tensorbin of shape Shape([1, 1, 256, 32])
2026-08-29 11:53:54.649 | DEBUG    | core:as_tensor:724 - Loaded cache for /proj_sw/user_dev/ctr-apbernal/tt-metal/model_cache/meta-llama/Llama-3.3-70B-Instruct/TG/tensor_cache_instruct_bfp8/layers.65.ffn_norm.weight_distributed_dtype_BFLOAT16_layout_ROW_MAJOR.tensorbin of shape Shape([1, 1, 64, 32])
 82%|████████▎ | 66/80 [03:55<00:08,  1.70it/s]2026-08-29 11:53:54.721 | DEBUG    | core:as_tensor:724 - Loaded cache for /proj_sw/user_dev/ctr-apbernal/tt-metal/model_cache/meta-llama/Llama-3.3-70B-Instruct/TG/tensor_cache_instruct_bfp8/layers.66.attention.wqkv_sharded_2d_prefetcher_dtype_BFLOAT8_B_layout_TILE.tensorbin of shape Shape([1, 1, 2048, 1280])
2026-08-29 11:53:54.762 | DEBUG    | core:as_tensor:724 - Loaded cache for /proj_sw/user_dev/ctr-apbernal/tt-metal/model_cache/meta-llama/Llama-3.3-70B-Instruct/TG/tensor_cache_instruct_bfp8/layers.66.attention.wqkv_sharded_2d_dram_dtype_BFLOAT8_B_layout_TILE.tensorbin of shape Shape([1, 1, 2048, 1280])
2026-08-29 11:53:54.802 | DEBUG    | core:as_tensor:724 - Loaded cache for /proj_sw/user_dev/ctr-apbernal/tt-metal/model_cache/meta-llama/Llama-3.3-70B-Instruct/TG/tensor_cache_instruct_bfp8/layers.66.attention.wo_width_sharded_2d_prefetcher_dtype_BFLOAT8_B_layout_TILE.tensorbin of shape Shape([1, 1, 1024, 2048])
2026-08-29 11:53:54.842 | DEBUG    | core:as_tensor:724 - Loaded cache for /proj_sw/user_dev/ctr-apbernal/tt-metal/model_cache/meta-llama/Llama-3.3-70B-Instruct/TG/tensor_cache_instruct_bfp8/layers.66.attention.wo_width_sharded_2d_dram_dtype_BFLOAT8_B_layout_TILE.tensorbin of shape Shape([1, 1, 1024, 2048])
2026-08-29 11:53:54.890 | DEBUG    | core:as_tensor:724 - Loaded cache for /proj_sw/user_dev/ctr-apbernal/tt-metal/model_cache/meta-llama/Llama-3.3-70B-Instruct/TG/tensor_cache_instruct_bfp8/layers.66.attention.wo_col_sharded_dram_dtype_BFLOAT8_B_layout_TILE.tensorbin of shape Shape([1, 1, 8192, 2048])
2026-08-29 11:53:54.905 | DEBUG    | core:as_tensor:724 - Loaded cache for /proj_sw/user_dev/ctr-apbernal/tt-metal/model_cache/meta-llama/Llama-3.3-70B-Instruct/TG/tensor_cache_instruct_bfp8/kvcache_torch.Size([2048, 1, 64, 128])_dtype_BFLOAT8_B_layout_TILE.tensorbin of shape Shape([2048, 1, 64, 128])
2026-08-29 11:53:54.913 | DEBUG    | core:as_tensor:724 - Loaded cache for /proj_sw/user_dev/ctr-apbernal/tt-metal/model_cache/meta-llama/Llama-3.3-70B-Instruct/TG/tensor_cache_instruct_bfp8/kvcache_torch.Size([2048, 1, 64, 128])_dtype_BFLOAT8_B_layout_TILE.tensorbin of shape Shape([2048, 1, 64, 128])
2026-08-29 11:53:54.978 | DEBUG    | core:as_tensor:724 - Loaded cache for /proj_sw/user_dev/ctr-apbernal/tt-metal/model_cache/meta-llama/Llama-3.3-70B-Instruct/TG/tensor_cache_instruct_bfp8/layers.66.feed_forward.w1_shardedprefetcher_dtype_BFLOAT4_B_layout_TILE.tensorbin of shape Shape([1, 1, 2048, 3584])
2026-08-29 11:53:55.029 | DEBUG    | core:as_tensor:724 - Loaded cache for /proj_sw/user_dev/ctr-apbernal/tt-metal/model_cache/meta-llama/Llama-3.3-70B-Instruct/TG/tensor_cache_instruct_bfp8/layers.66.feed_forward.w2_shardedprefetcher_dtype_BFLOAT8_B_layout_TILE.tensorbin of shape Shape([1, 1, 3584, 2048])
2026-08-29 11:53:55.073 | DEBUG    | core:as_tensor:724 - Loaded cache for /proj_sw/user_dev/ctr-apbernal/tt-metal/model_cache/meta-llama/Llama-3.3-70B-Instruct/TG/tensor_cache_instruct_bfp8/layers.66.feed_forward.w3_shardedprefetcher_dtype_BFLOAT4_B_layout_TILE.tensorbin of shape Shape([1, 1, 2048, 3584])
2026-08-29 11:53:55.116 | DEBUG    | core:as_tensor:724 - Loaded cache for /proj_sw/user_dev/ctr-apbernal/tt-metal/model_cache/meta-llama/Llama-3.3-70B-Instruct/TG/tensor_cache_instruct_bfp8/layers.66.feed_forward.w1_interleavedprefetcher_dtype_BFLOAT4_B_layout_TILE.tensorbin of shape Shape([1, 1, 2048, 3584])
2026-08-29 11:53:55.168 | DEBUG    | core:as_tensor:724 - Loaded cache for /proj_sw/user_dev/ctr-apbernal/tt-metal/model_cache/meta-llama/Llama-3.3-70B-Instruct/TG/tensor_cache_instruct_bfp8/layers.66.feed_forward.w2_interleavedprefetcher_dtype_BFLOAT8_B_layout_TILE.tensorbin of shape Shape([1, 1, 3584, 2048])
2026-08-29 11:53:55.214 | DEBUG    | core:as_tensor:724 - Loaded cache for /proj_sw/user_dev/ctr-apbernal/tt-metal/model_cache/meta-llama/Llama-3.3-70B-Instruct/TG/tensor_cache_instruct_bfp8/layers.66.feed_forward.w3_interleavedprefetcher_dtype_BFLOAT4_B_layout_TILE.tensorbin of shape Shape([1, 1, 2048, 3584])
2026-08-29 11:53:55.216 | DEBUG    | core:as_tensor:724 - Loaded cache for /proj_sw/user_dev/ctr-apbernal/tt-metal/model_cache/meta-llama/Llama-3.3-70B-Instruct/TG/tensor_cache_instruct_bfp8/layers.66.attention_norm.weight_dtype_BFLOAT16_layout_ROW_MAJOR.tensorbin of shape Shape([1, 1, 256, 32])
2026-08-29 11:53:55.218 | DEBUG    | core:as_tensor:724 - Loaded cache for /proj_sw/user_dev/ctr-apbernal/tt-metal/model_cache/meta-llama/Llama-3.3-70B-Instruct/TG/tensor_cache_instruct_bfp8/layers.66.attention_norm.weight_distributed_dtype_BFLOAT16_layout_ROW_MAJOR.tensorbin of shape Shape([1, 1, 64, 32])
2026-08-29 11:53:55.220 | DEBUG    | core:as_tensor:724 - Loaded cache for /proj_sw/user_dev/ctr-apbernal/tt-metal/model_cache/meta-llama/Llama-3.3-70B-Instruct/TG/tensor_cache_instruct_bfp8/layers.66.ffn_norm.weight_dtype_BFLOAT16_layout_ROW_MAJOR.tensorbin of shape Shape([1, 1, 256, 32])
2026-08-29 11:53:55.222 | DEBUG    | core:as_tensor:724 - Loaded cache for /proj_sw/user_dev/ctr-apbernal/tt-metal/model_cache/meta-llama/Llama-3.3-70B-Instruct/TG/tensor_cache_instruct_bfp8/layers.66.ffn_norm.weight_distributed_dtype_BFLOAT16_layout_ROW_MAJOR.tensorbin of shape Shape([1, 1, 64, 32])
 84%|████████▍ | 67/80 [03:56<00:07,  1.71it/s]2026-08-29 11:53:55.291 | DEBUG    | core:as_tensor:724 - Loaded cache for /proj_sw/user_dev/ctr-apbernal/tt-metal/model_cache/meta-llama/Llama-3.3-70B-Instruct/TG/tensor_cache_instruct_bfp8/layers.67.attention.wqkv_sharded_2d_prefetcher_dtype_BFLOAT8_B_layout_TILE.tensorbin of shape Shape([1, 1, 2048, 1280])
2026-08-29 11:53:55.332 | DEBUG    | core:as_tensor:724 - Loaded cache for /proj_sw/user_dev/ctr-apbernal/tt-metal/model_cache/meta-llama/Llama-3.3-70B-Instruct/TG/tensor_cache_instruct_bfp8/layers.67.attention.wqkv_sharded_2d_dram_dtype_BFLOAT8_B_layout_TILE.tensorbin of shape Shape([1, 1, 2048, 1280])
2026-08-29 11:53:55.375 | DEBUG    | core:as_tensor:724 - Loaded cache for /proj_sw/user_dev/ctr-apbernal/tt-metal/model_cache/meta-llama/Llama-3.3-70B-Instruct/TG/tensor_cache_instruct_bfp8/layers.67.attention.wo_width_sharded_2d_prefetcher_dtype_BFLOAT8_B_layout_TILE.tensorbin of shape Shape([1, 1, 1024, 2048])
2026-08-29 11:53:55.415 | DEBUG    | core:as_tensor:724 - Loaded cache for /proj_sw/user_dev/ctr-apbernal/tt-metal/model_cache/meta-llama/Llama-3.3-70B-Instruct/TG/tensor_cache_instruct_bfp8/layers.67.attention.wo_width_sharded_2d_dram_dtype_BFLOAT8_B_layout_TILE.tensorbin of shape Shape([1, 1, 1024, 2048])
2026-08-29 11:53:55.463 | DEBUG    | core:as_tensor:724 - Loaded cache for /proj_sw/user_dev/ctr-apbernal/tt-metal/model_cache/meta-llama/Llama-3.3-70B-Instruct/TG/tensor_cache_instruct_bfp8/layers.67.attention.wo_col_sharded_dram_dtype_BFLOAT8_B_layout_TILE.tensorbin of shape Shape([1, 1, 8192, 2048])
2026-08-29 11:53:55.478 | DEBUG    | core:as_tensor:724 - Loaded cache for /proj_sw/user_dev/ctr-apbernal/tt-metal/model_cache/meta-llama/Llama-3.3-70B-Instruct/TG/tensor_cache_instruct_bfp8/kvcache_torch.Size([2048, 1, 64, 128])_dtype_BFLOAT8_B_layout_TILE.tensorbin of shape Shape([2048, 1, 64, 128])
2026-08-29 11:53:55.486 | DEBUG    | core:as_tensor:724 - Loaded cache for /proj_sw/user_dev/ctr-apbernal/tt-metal/model_cache/meta-llama/Llama-3.3-70B-Instruct/TG/tensor_cache_instruct_bfp8/kvcache_torch.Size([2048, 1, 64, 128])_dtype_BFLOAT8_B_layout_TILE.tensorbin of shape Shape([2048, 1, 64, 128])
2026-08-29 11:53:55.551 | DEBUG    | core:as_tensor:724 - Loaded cache for /proj_sw/user_dev/ctr-apbernal/tt-metal/model_cache/meta-llama/Llama-3.3-70B-Instruct/TG/tensor_cache_instruct_bfp8/layers.67.feed_forward.w1_shardedprefetcher_dtype_BFLOAT4_B_layout_TILE.tensorbin of shape Shape([1, 1, 2048, 3584])
2026-08-29 11:53:55.600 | DEBUG    | core:as_tensor:724 - Loaded cache for /proj_sw/user_dev/ctr-apbernal/tt-metal/model_cache/meta-llama/Llama-3.3-70B-Instruct/TG/tensor_cache_instruct_bfp8/layers.67.feed_forward.w2_shardedprefetcher_dtype_BFLOAT8_B_layout_TILE.tensorbin of shape Shape([1, 1, 3584, 2048])
2026-08-29 11:53:55.644 | DEBUG    | core:as_tensor:724 - Loaded cache for /proj_sw/user_dev/ctr-apbernal/tt-metal/model_cache/meta-llama/Llama-3.3-70B-Instruct/TG/tensor_cache_instruct_bfp8/layers.67.feed_forward.w3_shardedprefetcher_dtype_BFLOAT4_B_layout_TILE.tensorbin of shape Shape([1, 1, 2048, 3584])
2026-08-29 11:53:55.688 | DEBUG    | core:as_tensor:724 - Loaded cache for /proj_sw/user_dev/ctr-apbernal/tt-metal/model_cache/meta-llama/Llama-3.3-70B-Instruct/TG/tensor_cache_instruct_bfp8/layers.67.feed_forward.w1_interleavedprefetcher_dtype_BFLOAT4_B_layout_TILE.tensorbin of shape Shape([1, 1, 2048, 3584])
2026-08-29 11:53:55.736 | DEBUG    | core:as_tensor:724 - Loaded cache for /proj_sw/user_dev/ctr-apbernal/tt-metal/model_cache/meta-llama/Llama-3.3-70B-Instruct/TG/tensor_cache_instruct_bfp8/layers.67.feed_forward.w2_interleavedprefetcher_dtype_BFLOAT8_B_layout_TILE.tensorbin of shape Shape([1, 1, 3584, 2048])
2026-08-29 11:53:55.778 | DEBUG    | core:as_tensor:724 - Loaded cache for /proj_sw/user_dev/ctr-apbernal/tt-metal/model_cache/meta-llama/Llama-3.3-70B-Instruct/TG/tensor_cache_instruct_bfp8/layers.67.feed_forward.w3_interleavedprefetcher_dtype_BFLOAT4_B_layout_TILE.tensorbin of shape Shape([1, 1, 2048, 3584])
2026-08-29 11:53:55.780 | DEBUG    | core:as_tensor:724 - Loaded cache for /proj_sw/user_dev/ctr-apbernal/tt-metal/model_cache/meta-llama/Llama-3.3-70B-Instruct/TG/tensor_cache_instruct_bfp8/layers.67.attention_norm.weight_dtype_BFLOAT16_layout_ROW_MAJOR.tensorbin of shape Shape([1, 1, 256, 32])
2026-08-29 11:53:55.783 | DEBUG    | core:as_tensor:724 - Loaded cache for /proj_sw/user_dev/ctr-apbernal/tt-metal/model_cache/meta-llama/Llama-3.3-70B-Instruct/TG/tensor_cache_instruct_bfp8/layers.67.attention_norm.weight_distributed_dtype_BFLOAT16_layout_ROW_MAJOR.tensorbin of shape Shape([1, 1, 64, 32])
2026-08-29 11:53:55.784 | DEBUG    | core:as_tensor:724 - Loaded cache for /proj_sw/user_dev/ctr-apbernal/tt-metal/model_cache/meta-llama/Llama-3.3-70B-Instruct/TG/tensor_cache_instruct_bfp8/layers.67.ffn_norm.weight_dtype_BFLOAT16_layout_ROW_MAJOR.tensorbin of shape Shape([1, 1, 256, 32])
2026-08-29 11:53:55.786 | DEBUG    | core:as_tensor:724 - Loaded cache for /proj_sw/user_dev/ctr-apbernal/tt-metal/model_cache/meta-llama/Llama-3.3-70B-Instruct/TG/tensor_cache_instruct_bfp8/layers.67.ffn_norm.weight_distributed_dtype_BFLOAT16_layout_ROW_MAJOR.tensorbin of shape Shape([1, 1, 64, 32])
 85%|████████▌ | 68/80 [03:56<00:06,  1.73it/s]2026-08-29 11:53:55.852 | DEBUG    | core:as_tensor:724 - Loaded cache for /proj_sw/user_dev/ctr-apbernal/tt-metal/model_cache/meta-llama/Llama-3.3-70B-Instruct/TG/tensor_cache_instruct_bfp8/layers.68.attention.wqkv_sharded_2d_prefetcher_dtype_BFLOAT8_B_layout_TILE.tensorbin of shape Shape([1, 1, 2048, 1280])
2026-08-29 11:53:55.893 | DEBUG    | core:as_tensor:724 - Loaded cache for /proj_sw/user_dev/ctr-apbernal/tt-metal/model_cache/meta-llama/Llama-3.3-70B-Instruct/TG/tensor_cache_instruct_bfp8/layers.68.attention.wqkv_sharded_2d_dram_dtype_BFLOAT8_B_layout_TILE.tensorbin of shape Shape([1, 1, 2048, 1280])
2026-08-29 11:53:55.933 | DEBUG    | core:as_tensor:724 - Loaded cache for /proj_sw/user_dev/ctr-apbernal/tt-metal/model_cache/meta-llama/Llama-3.3-70B-Instruct/TG/tensor_cache_instruct_bfp8/layers.68.attention.wo_width_sharded_2d_prefetcher_dtype_BFLOAT8_B_layout_TILE.tensorbin of shape Shape([1, 1, 1024, 2048])
2026-08-29 11:53:55.973 | DEBUG    | core:as_tensor:724 - Loaded cache for /proj_sw/user_dev/ctr-apbernal/tt-metal/model_cache/meta-llama/Llama-3.3-70B-Instruct/TG/tensor_cache_instruct_bfp8/layers.68.attention.wo_width_sharded_2d_dram_dtype_BFLOAT8_B_layout_TILE.tensorbin of shape Shape([1, 1, 1024, 2048])
2026-08-29 11:53:56.023 | DEBUG    | core:as_tensor:724 - Loaded cache for /proj_sw/user_dev/ctr-apbernal/tt-metal/model_cache/meta-llama/Llama-3.3-70B-Instruct/TG/tensor_cache_instruct_bfp8/layers.68.attention.wo_col_sharded_dram_dtype_BFLOAT8_B_layout_TILE.tensorbin of shape Shape([1, 1, 8192, 2048])
2026-08-29 11:53:56.037 | DEBUG    | core:as_tensor:724 - Loaded cache for /proj_sw/user_dev/ctr-apbernal/tt-metal/model_cache/meta-llama/Llama-3.3-70B-Instruct/TG/tensor_cache_instruct_bfp8/kvcache_torch.Size([2048, 1, 64, 128])_dtype_BFLOAT8_B_layout_TILE.tensorbin of shape Shape([2048, 1, 64, 128])
2026-08-29 11:53:56.047 | DEBUG    | core:as_tensor:724 - Loaded cache for /proj_sw/user_dev/ctr-apbernal/tt-metal/model_cache/meta-llama/Llama-3.3-70B-Instruct/TG/tensor_cache_instruct_bfp8/kvcache_torch.Size([2048, 1, 64, 128])_dtype_BFLOAT8_B_layout_TILE.tensorbin of shape Shape([2048, 1, 64, 128])
2026-08-29 11:53:56.112 | DEBUG    | core:as_tensor:724 - Loaded cache for /proj_sw/user_dev/ctr-apbernal/tt-metal/model_cache/meta-llama/Llama-3.3-70B-Instruct/TG/tensor_cache_instruct_bfp8/layers.68.feed_forward.w1_shardedprefetcher_dtype_BFLOAT4_B_layout_TILE.tensorbin of shape Shape([1, 1, 2048, 3584])
2026-08-29 11:53:56.161 | DEBUG    | core:as_tensor:724 - Loaded cache for /proj_sw/user_dev/ctr-apbernal/tt-metal/model_cache/meta-llama/Llama-3.3-70B-Instruct/TG/tensor_cache_instruct_bfp8/layers.68.feed_forward.w2_shardedprefetcher_dtype_BFLOAT8_B_layout_TILE.tensorbin of shape Shape([1, 1, 3584, 2048])
2026-08-29 11:53:56.204 | DEBUG    | core:as_tensor:724 - Loaded cache for /proj_sw/user_dev/ctr-apbernal/tt-metal/model_cache/meta-llama/Llama-3.3-70B-Instruct/TG/tensor_cache_instruct_bfp8/layers.68.feed_forward.w3_shardedprefetcher_dtype_BFLOAT4_B_layout_TILE.tensorbin of shape Shape([1, 1, 2048, 3584])
2026-08-29 11:53:56.247 | DEBUG    | core:as_tensor:724 - Loaded cache for /proj_sw/user_dev/ctr-apbernal/tt-metal/model_cache/meta-llama/Llama-3.3-70B-Instruct/TG/tensor_cache_instruct_bfp8/layers.68.feed_forward.w1_interleavedprefetcher_dtype_BFLOAT4_B_layout_TILE.tensorbin of shape Shape([1, 1, 2048, 3584])
2026-08-29 11:53:56.298 | DEBUG    | core:as_tensor:724 - Loaded cache for /proj_sw/user_dev/ctr-apbernal/tt-metal/model_cache/meta-llama/Llama-3.3-70B-Instruct/TG/tensor_cache_instruct_bfp8/layers.68.feed_forward.w2_interleavedprefetcher_dtype_BFLOAT8_B_layout_TILE.tensorbin of shape Shape([1, 1, 3584, 2048])
2026-08-29 11:53:56.341 | DEBUG    | core:as_tensor:724 - Loaded cache for /proj_sw/user_dev/ctr-apbernal/tt-metal/model_cache/meta-llama/Llama-3.3-70B-Instruct/TG/tensor_cache_instruct_bfp8/layers.68.feed_forward.w3_interleavedprefetcher_dtype_BFLOAT4_B_layout_TILE.tensorbin of shape Shape([1, 1, 2048, 3584])
2026-08-29 11:53:56.343 | DEBUG    | core:as_tensor:724 - Loaded cache for /proj_sw/user_dev/ctr-apbernal/tt-metal/model_cache/meta-llama/Llama-3.3-70B-Instruct/TG/tensor_cache_instruct_bfp8/layers.68.attention_norm.weight_dtype_BFLOAT16_layout_ROW_MAJOR.tensorbin of shape Shape([1, 1, 256, 32])
2026-08-29 11:53:56.344 | DEBUG    | core:as_tensor:724 - Loaded cache for /proj_sw/user_dev/ctr-apbernal/tt-metal/model_cache/meta-llama/Llama-3.3-70B-Instruct/TG/tensor_cache_instruct_bfp8/layers.68.attention_norm.weight_distributed_dtype_BFLOAT16_layout_ROW_MAJOR.tensorbin of shape Shape([1, 1, 64, 32])
2026-08-29 11:53:56.346 | DEBUG    | core:as_tensor:724 - Loaded cache for /proj_sw/user_dev/ctr-apbernal/tt-metal/model_cache/meta-llama/Llama-3.3-70B-Instruct/TG/tensor_cache_instruct_bfp8/layers.68.ffn_norm.weight_dtype_BFLOAT16_layout_ROW_MAJOR.tensorbin of shape Shape([1, 1, 256, 32])
2026-08-29 11:53:56.347 | DEBUG    | core:as_tensor:724 - Loaded cache for /proj_sw/user_dev/ctr-apbernal/tt-metal/model_cache/meta-llama/Llama-3.3-70B-Instruct/TG/tensor_cache_instruct_bfp8/layers.68.ffn_norm.weight_distributed_dtype_BFLOAT16_layout_ROW_MAJOR.tensorbin of shape Shape([1, 1, 64, 32])
 86%|████████▋ | 69/80 [03:57<00:06,  1.75it/s]2026-08-29 11:53:56.413 | DEBUG    | core:as_tensor:724 - Loaded cache for /proj_sw/user_dev/ctr-apbernal/tt-metal/model_cache/meta-llama/Llama-3.3-70B-Instruct/TG/tensor_cache_instruct_bfp8/layers.69.attention.wqkv_sharded_2d_prefetcher_dtype_BFLOAT8_B_layout_TILE.tensorbin of shape Shape([1, 1, 2048, 1280])
2026-08-29 11:53:56.454 | DEBUG    | core:as_tensor:724 - Loaded cache for /proj_sw/user_dev/ctr-apbernal/tt-metal/model_cache/meta-llama/Llama-3.3-70B-Instruct/TG/tensor_cache_instruct_bfp8/layers.69.attention.wqkv_sharded_2d_dram_dtype_BFLOAT8_B_layout_TILE.tensorbin of shape Shape([1, 1, 2048, 1280])
2026-08-29 11:53:56.497 | DEBUG    | core:as_tensor:724 - Loaded cache for /proj_sw/user_dev/ctr-apbernal/tt-metal/model_cache/meta-llama/Llama-3.3-70B-Instruct/TG/tensor_cache_instruct_bfp8/layers.69.attention.wo_width_sharded_2d_prefetcher_dtype_BFLOAT8_B_layout_TILE.tensorbin of shape Shape([1, 1, 1024, 2048])
2026-08-29 11:53:56.540 | DEBUG    | core:as_tensor:724 - Loaded cache for /proj_sw/user_dev/ctr-apbernal/tt-metal/model_cache/meta-llama/Llama-3.3-70B-Instruct/TG/tensor_cache_instruct_bfp8/layers.69.attention.wo_width_sharded_2d_dram_dtype_BFLOAT8_B_layout_TILE.tensorbin of shape Shape([1, 1, 1024, 2048])
2026-08-29 11:53:56.592 | DEBUG    | core:as_tensor:724 - Loaded cache for /proj_sw/user_dev/ctr-apbernal/tt-metal/model_cache/meta-llama/Llama-3.3-70B-Instruct/TG/tensor_cache_instruct_bfp8/layers.69.attention.wo_col_sharded_dram_dtype_BFLOAT8_B_layout_TILE.tensorbin of shape Shape([1, 1, 8192, 2048])
2026-08-29 11:53:56.607 | DEBUG    | core:as_tensor:724 - Loaded cache for /proj_sw/user_dev/ctr-apbernal/tt-metal/model_cache/meta-llama/Llama-3.3-70B-Instruct/TG/tensor_cache_instruct_bfp8/kvcache_torch.Size([2048, 1, 64, 128])_dtype_BFLOAT8_B_layout_TILE.tensorbin of shape Shape([2048, 1, 64, 128])
2026-08-29 11:53:56.615 | DEBUG    | core:as_tensor:724 - Loaded cache for /proj_sw/user_dev/ctr-apbernal/tt-metal/model_cache/meta-llama/Llama-3.3-70B-Instruct/TG/tensor_cache_instruct_bfp8/kvcache_torch.Size([2048, 1, 64, 128])_dtype_BFLOAT8_B_layout_TILE.tensorbin of shape Shape([2048, 1, 64, 128])
2026-08-29 11:53:56.681 | DEBUG    | core:as_tensor:724 - Loaded cache for /proj_sw/user_dev/ctr-apbernal/tt-metal/model_cache/meta-llama/Llama-3.3-70B-Instruct/TG/tensor_cache_instruct_bfp8/layers.69.feed_forward.w1_shardedprefetcher_dtype_BFLOAT4_B_layout_TILE.tensorbin of shape Shape([1, 1, 2048, 3584])
2026-08-29 11:53:56.730 | DEBUG    | core:as_tensor:724 - Loaded cache for /proj_sw/user_dev/ctr-apbernal/tt-metal/model_cache/meta-llama/Llama-3.3-70B-Instruct/TG/tensor_cache_instruct_bfp8/layers.69.feed_forward.w2_shardedprefetcher_dtype_BFLOAT8_B_layout_TILE.tensorbin of shape Shape([1, 1, 3584, 2048])
2026-08-29 11:53:56.773 | DEBUG    | core:as_tensor:724 - Loaded cache for /proj_sw/user_dev/ctr-apbernal/tt-metal/model_cache/meta-llama/Llama-3.3-70B-Instruct/TG/tensor_cache_instruct_bfp8/layers.69.feed_forward.w3_shardedprefetcher_dtype_BFLOAT4_B_layout_TILE.tensorbin of shape Shape([1, 1, 2048, 3584])
2026-08-29 11:53:56.816 | DEBUG    | core:as_tensor:724 - Loaded cache for /proj_sw/user_dev/ctr-apbernal/tt-metal/model_cache/meta-llama/Llama-3.3-70B-Instruct/TG/tensor_cache_instruct_bfp8/layers.69.feed_forward.w1_interleavedprefetcher_dtype_BFLOAT4_B_layout_TILE.tensorbin of shape Shape([1, 1, 2048, 3584])
2026-08-29 11:53:56.864 | DEBUG    | core:as_tensor:724 - Loaded cache for /proj_sw/user_dev/ctr-apbernal/tt-metal/model_cache/meta-llama/Llama-3.3-70B-Instruct/TG/tensor_cache_instruct_bfp8/layers.69.feed_forward.w2_interleavedprefetcher_dtype_BFLOAT8_B_layout_TILE.tensorbin of shape Shape([1, 1, 3584, 2048])
2026-08-29 11:53:56.909 | DEBUG    | core:as_tensor:724 - Loaded cache for /proj_sw/user_dev/ctr-apbernal/tt-metal/model_cache/meta-llama/Llama-3.3-70B-Instruct/TG/tensor_cache_instruct_bfp8/layers.69.feed_forward.w3_interleavedprefetcher_dtype_BFLOAT4_B_layout_TILE.tensorbin of shape Shape([1, 1, 2048, 3584])
2026-08-29 11:53:56.911 | DEBUG    | core:as_tensor:724 - Loaded cache for /proj_sw/user_dev/ctr-apbernal/tt-metal/model_cache/meta-llama/Llama-3.3-70B-Instruct/TG/tensor_cache_instruct_bfp8/layers.69.attention_norm.weight_dtype_BFLOAT16_layout_ROW_MAJOR.tensorbin of shape Shape([1, 1, 256, 32])
2026-08-29 11:53:56.912 | DEBUG    | core:as_tensor:724 - Loaded cache for /proj_sw/user_dev/ctr-apbernal/tt-metal/model_cache/meta-llama/Llama-3.3-70B-Instruct/TG/tensor_cache_instruct_bfp8/layers.69.attention_norm.weight_distributed_dtype_BFLOAT16_layout_ROW_MAJOR.tensorbin of shape Shape([1, 1, 64, 32])
2026-08-29 11:53:56.914 | DEBUG    | core:as_tensor:724 - Loaded cache for /proj_sw/user_dev/ctr-apbernal/tt-metal/model_cache/meta-llama/Llama-3.3-70B-Instruct/TG/tensor_cache_instruct_bfp8/layers.69.ffn_norm.weight_dtype_BFLOAT16_layout_ROW_MAJOR.tensorbin of shape Shape([1, 1, 256, 32])
2026-08-29 11:53:56.916 | DEBUG    | core:as_tensor:724 - Loaded cache for /proj_sw/user_dev/ctr-apbernal/tt-metal/model_cache/meta-llama/Llama-3.3-70B-Instruct/TG/tensor_cache_instruct_bfp8/layers.69.ffn_norm.weight_distributed_dtype_BFLOAT16_layout_ROW_MAJOR.tensorbin of shape Shape([1, 1, 64, 32])
 88%|████████▊ | 70/80 [03:58<00:05,  1.75it/s]2026-08-29 11:53:56.983 | DEBUG    | core:as_tensor:724 - Loaded cache for /proj_sw/user_dev/ctr-apbernal/tt-metal/model_cache/meta-llama/Llama-3.3-70B-Instruct/TG/tensor_cache_instruct_bfp8/layers.70.attention.wqkv_sharded_2d_prefetcher_dtype_BFLOAT8_B_layout_TILE.tensorbin of shape Shape([1, 1, 2048, 1280])
2026-08-29 11:53:57.024 | DEBUG    | core:as_tensor:724 - Loaded cache for /proj_sw/user_dev/ctr-apbernal/tt-metal/model_cache/meta-llama/Llama-3.3-70B-Instruct/TG/tensor_cache_instruct_bfp8/layers.70.attention.wqkv_sharded_2d_dram_dtype_BFLOAT8_B_layout_TILE.tensorbin of shape Shape([1, 1, 2048, 1280])
2026-08-29 11:53:57.064 | DEBUG    | core:as_tensor:724 - Loaded cache for /proj_sw/user_dev/ctr-apbernal/tt-metal/model_cache/meta-llama/Llama-3.3-70B-Instruct/TG/tensor_cache_instruct_bfp8/layers.70.attention.wo_width_sharded_2d_prefetcher_dtype_BFLOAT8_B_layout_TILE.tensorbin of shape Shape([1, 1, 1024, 2048])
2026-08-29 11:53:57.104 | DEBUG    | core:as_tensor:724 - Loaded cache for /proj_sw/user_dev/ctr-apbernal/tt-metal/model_cache/meta-llama/Llama-3.3-70B-Instruct/TG/tensor_cache_instruct_bfp8/layers.70.attention.wo_width_sharded_2d_dram_dtype_BFLOAT8_B_layout_TILE.tensorbin of shape Shape([1, 1, 1024, 2048])
2026-08-29 11:53:57.152 | DEBUG    | core:as_tensor:724 - Loaded cache for /proj_sw/user_dev/ctr-apbernal/tt-metal/model_cache/meta-llama/Llama-3.3-70B-Instruct/TG/tensor_cache_instruct_bfp8/layers.70.attention.wo_col_sharded_dram_dtype_BFLOAT8_B_layout_TILE.tensorbin of shape Shape([1, 1, 8192, 2048])
2026-08-29 11:53:57.167 | DEBUG    | core:as_tensor:724 - Loaded cache for /proj_sw/user_dev/ctr-apbernal/tt-metal/model_cache/meta-llama/Llama-3.3-70B-Instruct/TG/tensor_cache_instruct_bfp8/kvcache_torch.Size([2048, 1, 64, 128])_dtype_BFLOAT8_B_layout_TILE.tensorbin of shape Shape([2048, 1, 64, 128])
2026-08-29 11:53:57.176 | DEBUG    | core:as_tensor:724 - Loaded cache for /proj_sw/user_dev/ctr-apbernal/tt-metal/model_cache/meta-llama/Llama-3.3-70B-Instruct/TG/tensor_cache_instruct_bfp8/kvcache_torch.Size([2048, 1, 64, 128])_dtype_BFLOAT8_B_layout_TILE.tensorbin of shape Shape([2048, 1, 64, 128])
2026-08-29 11:53:57.241 | DEBUG    | core:as_tensor:724 - Loaded cache for /proj_sw/user_dev/ctr-apbernal/tt-metal/model_cache/meta-llama/Llama-3.3-70B-Instruct/TG/tensor_cache_instruct_bfp8/layers.70.feed_forward.w1_shardedprefetcher_dtype_BFLOAT4_B_layout_TILE.tensorbin of shape Shape([1, 1, 2048, 3584])
2026-08-29 11:53:57.290 | DEBUG    | core:as_tensor:724 - Loaded cache for /proj_sw/user_dev/ctr-apbernal/tt-metal/model_cache/meta-llama/Llama-3.3-70B-Instruct/TG/tensor_cache_instruct_bfp8/layers.70.feed_forward.w2_shardedprefetcher_dtype_BFLOAT8_B_layout_TILE.tensorbin of shape Shape([1, 1, 3584, 2048])
2026-08-29 11:53:57.339 | DEBUG    | core:as_tensor:724 - Loaded cache for /proj_sw/user_dev/ctr-apbernal/tt-metal/model_cache/meta-llama/Llama-3.3-70B-Instruct/TG/tensor_cache_instruct_bfp8/layers.70.feed_forward.w3_shardedprefetcher_dtype_BFLOAT4_B_layout_TILE.tensorbin of shape Shape([1, 1, 2048, 3584])
2026-08-29 11:53:57.385 | DEBUG    | core:as_tensor:724 - Loaded cache for /proj_sw/user_dev/ctr-apbernal/tt-metal/model_cache/meta-llama/Llama-3.3-70B-Instruct/TG/tensor_cache_instruct_bfp8/layers.70.feed_forward.w1_interleavedprefetcher_dtype_BFLOAT4_B_layout_TILE.tensorbin of shape Shape([1, 1, 2048, 3584])
2026-08-29 11:53:57.436 | DEBUG    | core:as_tensor:724 - Loaded cache for /proj_sw/user_dev/ctr-apbernal/tt-metal/model_cache/meta-llama/Llama-3.3-70B-Instruct/TG/tensor_cache_instruct_bfp8/layers.70.feed_forward.w2_interleavedprefetcher_dtype_BFLOAT8_B_layout_TILE.tensorbin of shape Shape([1, 1, 3584, 2048])
2026-08-29 11:53:57.478 | DEBUG    | core:as_tensor:724 - Loaded cache for /proj_sw/user_dev/ctr-apbernal/tt-metal/model_cache/meta-llama/Llama-3.3-70B-Instruct/TG/tensor_cache_instruct_bfp8/layers.70.feed_forward.w3_interleavedprefetcher_dtype_BFLOAT4_B_layout_TILE.tensorbin of shape Shape([1, 1, 2048, 3584])
2026-08-29 11:53:57.480 | DEBUG    | core:as_tensor:724 - Loaded cache for /proj_sw/user_dev/ctr-apbernal/tt-metal/model_cache/meta-llama/Llama-3.3-70B-Instruct/TG/tensor_cache_instruct_bfp8/layers.70.attention_norm.weight_dtype_BFLOAT16_layout_ROW_MAJOR.tensorbin of shape Shape([1, 1, 256, 32])
2026-08-29 11:53:57.482 | DEBUG    | core:as_tensor:724 - Loaded cache for /proj_sw/user_dev/ctr-apbernal/tt-metal/model_cache/meta-llama/Llama-3.3-70B-Instruct/TG/tensor_cache_instruct_bfp8/layers.70.attention_norm.weight_distributed_dtype_BFLOAT16_layout_ROW_MAJOR.tensorbin of shape Shape([1, 1, 64, 32])
2026-08-29 11:53:57.484 | DEBUG    | core:as_tensor:724 - Loaded cache for /proj_sw/user_dev/ctr-apbernal/tt-metal/model_cache/meta-llama/Llama-3.3-70B-Instruct/TG/tensor_cache_instruct_bfp8/layers.70.ffn_norm.weight_dtype_BFLOAT16_layout_ROW_MAJOR.tensorbin of shape Shape([1, 1, 256, 32])
2026-08-29 11:53:57.486 | DEBUG    | core:as_tensor:724 - Loaded cache for /proj_sw/user_dev/ctr-apbernal/tt-metal/model_cache/meta-llama/Llama-3.3-70B-Instruct/TG/tensor_cache_instruct_bfp8/layers.70.ffn_norm.weight_distributed_dtype_BFLOAT16_layout_ROW_MAJOR.tensorbin of shape Shape([1, 1, 64, 32])
 89%|████████▉ | 71/80 [03:58<00:05,  1.75it/s]2026-08-29 11:53:57.554 | DEBUG    | core:as_tensor:724 - Loaded cache for /proj_sw/user_dev/ctr-apbernal/tt-metal/model_cache/meta-llama/Llama-3.3-70B-Instruct/TG/tensor_cache_instruct_bfp8/layers.71.attention.wqkv_sharded_2d_prefetcher_dtype_BFLOAT8_B_layout_TILE.tensorbin of shape Shape([1, 1, 2048, 1280])
2026-08-29 11:53:57.595 | DEBUG    | core:as_tensor:724 - Loaded cache for /proj_sw/user_dev/ctr-apbernal/tt-metal/model_cache/meta-llama/Llama-3.3-70B-Instruct/TG/tensor_cache_instruct_bfp8/layers.71.attention.wqkv_sharded_2d_dram_dtype_BFLOAT8_B_layout_TILE.tensorbin of shape Shape([1, 1, 2048, 1280])
2026-08-29 11:53:57.635 | DEBUG    | core:as_tensor:724 - Loaded cache for /proj_sw/user_dev/ctr-apbernal/tt-metal/model_cache/meta-llama/Llama-3.3-70B-Instruct/TG/tensor_cache_instruct_bfp8/layers.71.attention.wo_width_sharded_2d_prefetcher_dtype_BFLOAT8_B_layout_TILE.tensorbin of shape Shape([1, 1, 1024, 2048])
2026-08-29 11:53:57.676 | DEBUG    | core:as_tensor:724 - Loaded cache for /proj_sw/user_dev/ctr-apbernal/tt-metal/model_cache/meta-llama/Llama-3.3-70B-Instruct/TG/tensor_cache_instruct_bfp8/layers.71.attention.wo_width_sharded_2d_dram_dtype_BFLOAT8_B_layout_TILE.tensorbin of shape Shape([1, 1, 1024, 2048])
2026-08-29 11:53:57.724 | DEBUG    | core:as_tensor:724 - Loaded cache for /proj_sw/user_dev/ctr-apbernal/tt-metal/model_cache/meta-llama/Llama-3.3-70B-Instruct/TG/tensor_cache_instruct_bfp8/layers.71.attention.wo_col_sharded_dram_dtype_BFLOAT8_B_layout_TILE.tensorbin of shape Shape([1, 1, 8192, 2048])
2026-08-29 11:53:57.739 | DEBUG    | core:as_tensor:724 - Loaded cache for /proj_sw/user_dev/ctr-apbernal/tt-metal/model_cache/meta-llama/Llama-3.3-70B-Instruct/TG/tensor_cache_instruct_bfp8/kvcache_torch.Size([2048, 1, 64, 128])_dtype_BFLOAT8_B_layout_TILE.tensorbin of shape Shape([2048, 1, 64, 128])
2026-08-29 11:53:57.747 | DEBUG    | core:as_tensor:724 - Loaded cache for /proj_sw/user_dev/ctr-apbernal/tt-metal/model_cache/meta-llama/Llama-3.3-70B-Instruct/TG/tensor_cache_instruct_bfp8/kvcache_torch.Size([2048, 1, 64, 128])_dtype_BFLOAT8_B_layout_TILE.tensorbin of shape Shape([2048, 1, 64, 128])
2026-08-29 11:53:57.814 | DEBUG    | core:as_tensor:724 - Loaded cache for /proj_sw/user_dev/ctr-apbernal/tt-metal/model_cache/meta-llama/Llama-3.3-70B-Instruct/TG/tensor_cache_instruct_bfp8/layers.71.feed_forward.w1_shardedprefetcher_dtype_BFLOAT4_B_layout_TILE.tensorbin of shape Shape([1, 1, 2048, 3584])
2026-08-29 11:53:57.864 | DEBUG    | core:as_tensor:724 - Loaded cache for /proj_sw/user_dev/ctr-apbernal/tt-metal/model_cache/meta-llama/Llama-3.3-70B-Instruct/TG/tensor_cache_instruct_bfp8/layers.71.feed_forward.w2_shardedprefetcher_dtype_BFLOAT8_B_layout_TILE.tensorbin of shape Shape([1, 1, 3584, 2048])
2026-08-29 11:53:57.908 | DEBUG    | core:as_tensor:724 - Loaded cache for /proj_sw/user_dev/ctr-apbernal/tt-metal/model_cache/meta-llama/Llama-3.3-70B-Instruct/TG/tensor_cache_instruct_bfp8/layers.71.feed_forward.w3_shardedprefetcher_dtype_BFLOAT4_B_layout_TILE.tensorbin of shape Shape([1, 1, 2048, 3584])
2026-08-29 11:53:57.951 | DEBUG    | core:as_tensor:724 - Loaded cache for /proj_sw/user_dev/ctr-apbernal/tt-metal/model_cache/meta-llama/Llama-3.3-70B-Instruct/TG/tensor_cache_instruct_bfp8/layers.71.feed_forward.w1_interleavedprefetcher_dtype_BFLOAT4_B_layout_TILE.tensorbin of shape Shape([1, 1, 2048, 3584])
2026-08-29 11:53:58.002 | DEBUG    | core:as_tensor:724 - Loaded cache for /proj_sw/user_dev/ctr-apbernal/tt-metal/model_cache/meta-llama/Llama-3.3-70B-Instruct/TG/tensor_cache_instruct_bfp8/layers.71.feed_forward.w2_interleavedprefetcher_dtype_BFLOAT8_B_layout_TILE.tensorbin of shape Shape([1, 1, 3584, 2048])
2026-08-29 11:53:58.047 | DEBUG    | core:as_tensor:724 - Loaded cache for /proj_sw/user_dev/ctr-apbernal/tt-metal/model_cache/meta-llama/Llama-3.3-70B-Instruct/TG/tensor_cache_instruct_bfp8/layers.71.feed_forward.w3_interleavedprefetcher_dtype_BFLOAT4_B_layout_TILE.tensorbin of shape Shape([1, 1, 2048, 3584])
2026-08-29 11:53:58.049 | DEBUG    | core:as_tensor:724 - Loaded cache for /proj_sw/user_dev/ctr-apbernal/tt-metal/model_cache/meta-llama/Llama-3.3-70B-Instruct/TG/tensor_cache_instruct_bfp8/layers.71.attention_norm.weight_dtype_BFLOAT16_layout_ROW_MAJOR.tensorbin of shape Shape([1, 1, 256, 32])
2026-08-29 11:53:58.051 | DEBUG    | core:as_tensor:724 - Loaded cache for /proj_sw/user_dev/ctr-apbernal/tt-metal/model_cache/meta-llama/Llama-3.3-70B-Instruct/TG/tensor_cache_instruct_bfp8/layers.71.attention_norm.weight_distributed_dtype_BFLOAT16_layout_ROW_MAJOR.tensorbin of shape Shape([1, 1, 64, 32])
2026-08-29 11:53:58.053 | DEBUG    | core:as_tensor:724 - Loaded cache for /proj_sw/user_dev/ctr-apbernal/tt-metal/model_cache/meta-llama/Llama-3.3-70B-Instruct/TG/tensor_cache_instruct_bfp8/layers.71.ffn_norm.weight_dtype_BFLOAT16_layout_ROW_MAJOR.tensorbin of shape Shape([1, 1, 256, 32])
2026-08-29 11:53:58.054 | DEBUG    | core:as_tensor:724 - Loaded cache for /proj_sw/user_dev/ctr-apbernal/tt-metal/model_cache/meta-llama/Llama-3.3-70B-Instruct/TG/tensor_cache_instruct_bfp8/layers.71.ffn_norm.weight_distributed_dtype_BFLOAT16_layout_ROW_MAJOR.tensorbin of shape Shape([1, 1, 64, 32])
 90%|█████████ | 72/80 [03:59<00:04,  1.75it/s]2026-08-29 11:53:58.124 | DEBUG    | core:as_tensor:724 - Loaded cache for /proj_sw/user_dev/ctr-apbernal/tt-metal/model_cache/meta-llama/Llama-3.3-70B-Instruct/TG/tensor_cache_instruct_bfp8/layers.72.attention.wqkv_sharded_2d_prefetcher_dtype_BFLOAT8_B_layout_TILE.tensorbin of shape Shape([1, 1, 2048, 1280])
2026-08-29 11:53:58.164 | DEBUG    | core:as_tensor:724 - Loaded cache for /proj_sw/user_dev/ctr-apbernal/tt-metal/model_cache/meta-llama/Llama-3.3-70B-Instruct/TG/tensor_cache_instruct_bfp8/layers.72.attention.wqkv_sharded_2d_dram_dtype_BFLOAT8_B_layout_TILE.tensorbin of shape Shape([1, 1, 2048, 1280])
2026-08-29 11:53:58.205 | DEBUG    | core:as_tensor:724 - Loaded cache for /proj_sw/user_dev/ctr-apbernal/tt-metal/model_cache/meta-llama/Llama-3.3-70B-Instruct/TG/tensor_cache_instruct_bfp8/layers.72.attention.wo_width_sharded_2d_prefetcher_dtype_BFLOAT8_B_layout_TILE.tensorbin of shape Shape([1, 1, 1024, 2048])
2026-08-29 11:53:58.249 | DEBUG    | core:as_tensor:724 - Loaded cache for /proj_sw/user_dev/ctr-apbernal/tt-metal/model_cache/meta-llama/Llama-3.3-70B-Instruct/TG/tensor_cache_instruct_bfp8/layers.72.attention.wo_width_sharded_2d_dram_dtype_BFLOAT8_B_layout_TILE.tensorbin of shape Shape([1, 1, 1024, 2048])
2026-08-29 11:53:58.297 | DEBUG    | core:as_tensor:724 - Loaded cache for /proj_sw/user_dev/ctr-apbernal/tt-metal/model_cache/meta-llama/Llama-3.3-70B-Instruct/TG/tensor_cache_instruct_bfp8/layers.72.attention.wo_col_sharded_dram_dtype_BFLOAT8_B_layout_TILE.tensorbin of shape Shape([1, 1, 8192, 2048])
2026-08-29 11:53:58.315 | DEBUG    | core:as_tensor:724 - Loaded cache for /proj_sw/user_dev/ctr-apbernal/tt-metal/model_cache/meta-llama/Llama-3.3-70B-Instruct/TG/tensor_cache_instruct_bfp8/kvcache_torch.Size([2048, 1, 64, 128])_dtype_BFLOAT8_B_layout_TILE.tensorbin of shape Shape([2048, 1, 64, 128])
2026-08-29 11:53:58.323 | DEBUG    | core:as_tensor:724 - Loaded cache for /proj_sw/user_dev/ctr-apbernal/tt-metal/model_cache/meta-llama/Llama-3.3-70B-Instruct/TG/tensor_cache_instruct_bfp8/kvcache_torch.Size([2048, 1, 64, 128])_dtype_BFLOAT8_B_layout_TILE.tensorbin of shape Shape([2048, 1, 64, 128])
2026-08-29 11:53:58.388 | DEBUG    | core:as_tensor:724 - Loaded cache for /proj_sw/user_dev/ctr-apbernal/tt-metal/model_cache/meta-llama/Llama-3.3-70B-Instruct/TG/tensor_cache_instruct_bfp8/layers.72.feed_forward.w1_shardedprefetcher_dtype_BFLOAT4_B_layout_TILE.tensorbin of shape Shape([1, 1, 2048, 3584])
2026-08-29 11:53:58.438 | DEBUG    | core:as_tensor:724 - Loaded cache for /proj_sw/user_dev/ctr-apbernal/tt-metal/model_cache/meta-llama/Llama-3.3-70B-Instruct/TG/tensor_cache_instruct_bfp8/layers.72.feed_forward.w2_shardedprefetcher_dtype_BFLOAT8_B_layout_TILE.tensorbin of shape Shape([1, 1, 3584, 2048])
2026-08-29 11:53:58.485 | DEBUG    | core:as_tensor:724 - Loaded cache for /proj_sw/user_dev/ctr-apbernal/tt-metal/model_cache/meta-llama/Llama-3.3-70B-Instruct/TG/tensor_cache_instruct_bfp8/layers.72.feed_forward.w3_shardedprefetcher_dtype_BFLOAT4_B_layout_TILE.tensorbin of shape Shape([1, 1, 2048, 3584])
2026-08-29 11:53:58.530 | DEBUG    | core:as_tensor:724 - Loaded cache for /proj_sw/user_dev/ctr-apbernal/tt-metal/model_cache/meta-llama/Llama-3.3-70B-Instruct/TG/tensor_cache_instruct_bfp8/layers.72.feed_forward.w1_interleavedprefetcher_dtype_BFLOAT4_B_layout_TILE.tensorbin of shape Shape([1, 1, 2048, 3584])
2026-08-29 11:53:58.579 | DEBUG    | core:as_tensor:724 - Loaded cache for /proj_sw/user_dev/ctr-apbernal/tt-metal/model_cache/meta-llama/Llama-3.3-70B-Instruct/TG/tensor_cache_instruct_bfp8/layers.72.feed_forward.w2_interleavedprefetcher_dtype_BFLOAT8_B_layout_TILE.tensorbin of shape Shape([1, 1, 3584, 2048])
2026-08-29 11:53:58.622 | DEBUG    | core:as_tensor:724 - Loaded cache for /proj_sw/user_dev/ctr-apbernal/tt-metal/model_cache/meta-llama/Llama-3.3-70B-Instruct/TG/tensor_cache_instruct_bfp8/layers.72.feed_forward.w3_interleavedprefetcher_dtype_BFLOAT4_B_layout_TILE.tensorbin of shape Shape([1, 1, 2048, 3584])
2026-08-29 11:53:58.624 | DEBUG    | core:as_tensor:724 - Loaded cache for /proj_sw/user_dev/ctr-apbernal/tt-metal/model_cache/meta-llama/Llama-3.3-70B-Instruct/TG/tensor_cache_instruct_bfp8/layers.72.attention_norm.weight_dtype_BFLOAT16_layout_ROW_MAJOR.tensorbin of shape Shape([1, 1, 256, 32])
2026-08-29 11:53:58.626 | DEBUG    | core:as_tensor:724 - Loaded cache for /proj_sw/user_dev/ctr-apbernal/tt-metal/model_cache/meta-llama/Llama-3.3-70B-Instruct/TG/tensor_cache_instruct_bfp8/layers.72.attention_norm.weight_distributed_dtype_BFLOAT16_layout_ROW_MAJOR.tensorbin of shape Shape([1, 1, 64, 32])
2026-08-29 11:53:58.628 | DEBUG    | core:as_tensor:724 - Loaded cache for /proj_sw/user_dev/ctr-apbernal/tt-metal/model_cache/meta-llama/Llama-3.3-70B-Instruct/TG/tensor_cache_instruct_bfp8/layers.72.ffn_norm.weight_dtype_BFLOAT16_layout_ROW_MAJOR.tensorbin of shape Shape([1, 1, 256, 32])
2026-08-29 11:53:58.629 | DEBUG    | core:as_tensor:724 - Loaded cache for /proj_sw/user_dev/ctr-apbernal/tt-metal/model_cache/meta-llama/Llama-3.3-70B-Instruct/TG/tensor_cache_instruct_bfp8/layers.72.ffn_norm.weight_distributed_dtype_BFLOAT16_layout_ROW_MAJOR.tensorbin of shape Shape([1, 1, 64, 32])
 91%|█████████▏| 73/80 [03:59<00:04,  1.75it/s]2026-08-29 11:53:58.696 | DEBUG    | core:as_tensor:724 - Loaded cache for /proj_sw/user_dev/ctr-apbernal/tt-metal/model_cache/meta-llama/Llama-3.3-70B-Instruct/TG/tensor_cache_instruct_bfp8/layers.73.attention.wqkv_sharded_2d_prefetcher_dtype_BFLOAT8_B_layout_TILE.tensorbin of shape Shape([1, 1, 2048, 1280])
2026-08-29 11:53:58.736 | DEBUG    | core:as_tensor:724 - Loaded cache for /proj_sw/user_dev/ctr-apbernal/tt-metal/model_cache/meta-llama/Llama-3.3-70B-Instruct/TG/tensor_cache_instruct_bfp8/layers.73.attention.wqkv_sharded_2d_dram_dtype_BFLOAT8_B_layout_TILE.tensorbin of shape Shape([1, 1, 2048, 1280])
2026-08-29 11:53:58.778 | DEBUG    | core:as_tensor:724 - Loaded cache for /proj_sw/user_dev/ctr-apbernal/tt-metal/model_cache/meta-llama/Llama-3.3-70B-Instruct/TG/tensor_cache_instruct_bfp8/layers.73.attention.wo_width_sharded_2d_prefetcher_dtype_BFLOAT8_B_layout_TILE.tensorbin of shape Shape([1, 1, 1024, 2048])
2026-08-29 11:53:58.817 | DEBUG    | core:as_tensor:724 - Loaded cache for /proj_sw/user_dev/ctr-apbernal/tt-metal/model_cache/meta-llama/Llama-3.3-70B-Instruct/TG/tensor_cache_instruct_bfp8/layers.73.attention.wo_width_sharded_2d_dram_dtype_BFLOAT8_B_layout_TILE.tensorbin of shape Shape([1, 1, 1024, 2048])
2026-08-29 11:53:58.866 | DEBUG    | core:as_tensor:724 - Loaded cache for /proj_sw/user_dev/ctr-apbernal/tt-metal/model_cache/meta-llama/Llama-3.3-70B-Instruct/TG/tensor_cache_instruct_bfp8/layers.73.attention.wo_col_sharded_dram_dtype_BFLOAT8_B_layout_TILE.tensorbin of shape Shape([1, 1, 8192, 2048])
2026-08-29 11:53:58.880 | DEBUG    | core:as_tensor:724 - Loaded cache for /proj_sw/user_dev/ctr-apbernal/tt-metal/model_cache/meta-llama/Llama-3.3-70B-Instruct/TG/tensor_cache_instruct_bfp8/kvcache_torch.Size([2048, 1, 64, 128])_dtype_BFLOAT8_B_layout_TILE.tensorbin of shape Shape([2048, 1, 64, 128])
2026-08-29 11:53:58.888 | DEBUG    | core:as_tensor:724 - Loaded cache for /proj_sw/user_dev/ctr-apbernal/tt-metal/model_cache/meta-llama/Llama-3.3-70B-Instruct/TG/tensor_cache_instruct_bfp8/kvcache_torch.Size([2048, 1, 64, 128])_dtype_BFLOAT8_B_layout_TILE.tensorbin of shape Shape([2048, 1, 64, 128])
2026-08-29 11:53:58.958 | DEBUG    | core:as_tensor:724 - Loaded cache for /proj_sw/user_dev/ctr-apbernal/tt-metal/model_cache/meta-llama/Llama-3.3-70B-Instruct/TG/tensor_cache_instruct_bfp8/layers.73.feed_forward.w1_shardedprefetcher_dtype_BFLOAT4_B_layout_TILE.tensorbin of shape Shape([1, 1, 2048, 3584])
2026-08-29 11:53:59.007 | DEBUG    | core:as_tensor:724 - Loaded cache for /proj_sw/user_dev/ctr-apbernal/tt-metal/model_cache/meta-llama/Llama-3.3-70B-Instruct/TG/tensor_cache_instruct_bfp8/layers.73.feed_forward.w2_shardedprefetcher_dtype_BFLOAT8_B_layout_TILE.tensorbin of shape Shape([1, 1, 3584, 2048])
2026-08-29 11:53:59.050 | DEBUG    | core:as_tensor:724 - Loaded cache for /proj_sw/user_dev/ctr-apbernal/tt-metal/model_cache/meta-llama/Llama-3.3-70B-Instruct/TG/tensor_cache_instruct_bfp8/layers.73.feed_forward.w3_shardedprefetcher_dtype_BFLOAT4_B_layout_TILE.tensorbin of shape Shape([1, 1, 2048, 3584])
2026-08-29 11:53:59.093 | DEBUG    | core:as_tensor:724 - Loaded cache for /proj_sw/user_dev/ctr-apbernal/tt-metal/model_cache/meta-llama/Llama-3.3-70B-Instruct/TG/tensor_cache_instruct_bfp8/layers.73.feed_forward.w1_interleavedprefetcher_dtype_BFLOAT4_B_layout_TILE.tensorbin of shape Shape([1, 1, 2048, 3584])
2026-08-29 11:53:59.142 | DEBUG    | core:as_tensor:724 - Loaded cache for /proj_sw/user_dev/ctr-apbernal/tt-metal/model_cache/meta-llama/Llama-3.3-70B-Instruct/TG/tensor_cache_instruct_bfp8/layers.73.feed_forward.w2_interleavedprefetcher_dtype_BFLOAT8_B_layout_TILE.tensorbin of shape Shape([1, 1, 3584, 2048])
2026-08-29 11:53:59.185 | DEBUG    | core:as_tensor:724 - Loaded cache for /proj_sw/user_dev/ctr-apbernal/tt-metal/model_cache/meta-llama/Llama-3.3-70B-Instruct/TG/tensor_cache_instruct_bfp8/layers.73.feed_forward.w3_interleavedprefetcher_dtype_BFLOAT4_B_layout_TILE.tensorbin of shape Shape([1, 1, 2048, 3584])
2026-08-29 11:53:59.187 | DEBUG    | core:as_tensor:724 - Loaded cache for /proj_sw/user_dev/ctr-apbernal/tt-metal/model_cache/meta-llama/Llama-3.3-70B-Instruct/TG/tensor_cache_instruct_bfp8/layers.73.attention_norm.weight_dtype_BFLOAT16_layout_ROW_MAJOR.tensorbin of shape Shape([1, 1, 256, 32])
2026-08-29 11:53:59.189 | DEBUG    | core:as_tensor:724 - Loaded cache for /proj_sw/user_dev/ctr-apbernal/tt-metal/model_cache/meta-llama/Llama-3.3-70B-Instruct/TG/tensor_cache_instruct_bfp8/layers.73.attention_norm.weight_distributed_dtype_BFLOAT16_layout_ROW_MAJOR.tensorbin of shape Shape([1, 1, 64, 32])
2026-08-29 11:53:59.190 | DEBUG    | core:as_tensor:724 - Loaded cache for /proj_sw/user_dev/ctr-apbernal/tt-metal/model_cache/meta-llama/Llama-3.3-70B-Instruct/TG/tensor_cache_instruct_bfp8/layers.73.ffn_norm.weight_dtype_BFLOAT16_layout_ROW_MAJOR.tensorbin of shape Shape([1, 1, 256, 32])
2026-08-29 11:53:59.192 | DEBUG    | core:as_tensor:724 - Loaded cache for /proj_sw/user_dev/ctr-apbernal/tt-metal/model_cache/meta-llama/Llama-3.3-70B-Instruct/TG/tensor_cache_instruct_bfp8/layers.73.ffn_norm.weight_distributed_dtype_BFLOAT16_layout_ROW_MAJOR.tensorbin of shape Shape([1, 1, 64, 32])
 92%|█████████▎| 74/80 [04:00<00:03,  1.76it/s]2026-08-29 11:53:59.265 | DEBUG    | core:as_tensor:724 - Loaded cache for /proj_sw/user_dev/ctr-apbernal/tt-metal/model_cache/meta-llama/Llama-3.3-70B-Instruct/TG/tensor_cache_instruct_bfp8/layers.74.attention.wqkv_sharded_2d_prefetcher_dtype_BFLOAT8_B_layout_TILE.tensorbin of shape Shape([1, 1, 2048, 1280])
2026-08-29 11:53:59.305 | DEBUG    | core:as_tensor:724 - Loaded cache for /proj_sw/user_dev/ctr-apbernal/tt-metal/model_cache/meta-llama/Llama-3.3-70B-Instruct/TG/tensor_cache_instruct_bfp8/layers.74.attention.wqkv_sharded_2d_dram_dtype_BFLOAT8_B_layout_TILE.tensorbin of shape Shape([1, 1, 2048, 1280])
2026-08-29 11:53:59.348 | DEBUG    | core:as_tensor:724 - Loaded cache for /proj_sw/user_dev/ctr-apbernal/tt-metal/model_cache/meta-llama/Llama-3.3-70B-Instruct/TG/tensor_cache_instruct_bfp8/layers.74.attention.wo_width_sharded_2d_prefetcher_dtype_BFLOAT8_B_layout_TILE.tensorbin of shape Shape([1, 1, 1024, 2048])
2026-08-29 11:53:59.387 | DEBUG    | core:as_tensor:724 - Loaded cache for /proj_sw/user_dev/ctr-apbernal/tt-metal/model_cache/meta-llama/Llama-3.3-70B-Instruct/TG/tensor_cache_instruct_bfp8/layers.74.attention.wo_width_sharded_2d_dram_dtype_BFLOAT8_B_layout_TILE.tensorbin of shape Shape([1, 1, 1024, 2048])
2026-08-29 11:53:59.436 | DEBUG    | core:as_tensor:724 - Loaded cache for /proj_sw/user_dev/ctr-apbernal/tt-metal/model_cache/meta-llama/Llama-3.3-70B-Instruct/TG/tensor_cache_instruct_bfp8/layers.74.attention.wo_col_sharded_dram_dtype_BFLOAT8_B_layout_TILE.tensorbin of shape Shape([1, 1, 8192, 2048])
2026-08-29 11:53:59.450 | DEBUG    | core:as_tensor:724 - Loaded cache for /proj_sw/user_dev/ctr-apbernal/tt-metal/model_cache/meta-llama/Llama-3.3-70B-Instruct/TG/tensor_cache_instruct_bfp8/kvcache_torch.Size([2048, 1, 64, 128])_dtype_BFLOAT8_B_layout_TILE.tensorbin of shape Shape([2048, 1, 64, 128])
2026-08-29 11:53:59.458 | DEBUG    | core:as_tensor:724 - Loaded cache for /proj_sw/user_dev/ctr-apbernal/tt-metal/model_cache/meta-llama/Llama-3.3-70B-Instruct/TG/tensor_cache_instruct_bfp8/kvcache_torch.Size([2048, 1, 64, 128])_dtype_BFLOAT8_B_layout_TILE.tensorbin of shape Shape([2048, 1, 64, 128])
2026-08-29 11:53:59.525 | DEBUG    | core:as_tensor:724 - Loaded cache for /proj_sw/user_dev/ctr-apbernal/tt-metal/model_cache/meta-llama/Llama-3.3-70B-Instruct/TG/tensor_cache_instruct_bfp8/layers.74.feed_forward.w1_shardedprefetcher_dtype_BFLOAT4_B_layout_TILE.tensorbin of shape Shape([1, 1, 2048, 3584])
2026-08-29 11:53:59.574 | DEBUG    | core:as_tensor:724 - Loaded cache for /proj_sw/user_dev/ctr-apbernal/tt-metal/model_cache/meta-llama/Llama-3.3-70B-Instruct/TG/tensor_cache_instruct_bfp8/layers.74.feed_forward.w2_shardedprefetcher_dtype_BFLOAT8_B_layout_TILE.tensorbin of shape Shape([1, 1, 3584, 2048])
2026-08-29 11:53:59.618 | DEBUG    | core:as_tensor:724 - Loaded cache for /proj_sw/user_dev/ctr-apbernal/tt-metal/model_cache/meta-llama/Llama-3.3-70B-Instruct/TG/tensor_cache_instruct_bfp8/layers.74.feed_forward.w3_shardedprefetcher_dtype_BFLOAT4_B_layout_TILE.tensorbin of shape Shape([1, 1, 2048, 3584])
2026-08-29 11:53:59.666 | DEBUG    | core:as_tensor:724 - Loaded cache for /proj_sw/user_dev/ctr-apbernal/tt-metal/model_cache/meta-llama/Llama-3.3-70B-Instruct/TG/tensor_cache_instruct_bfp8/layers.74.feed_forward.w1_interleavedprefetcher_dtype_BFLOAT4_B_layout_TILE.tensorbin of shape Shape([1, 1, 2048, 3584])
2026-08-29 11:53:59.714 | DEBUG    | core:as_tensor:724 - Loaded cache for /proj_sw/user_dev/ctr-apbernal/tt-metal/model_cache/meta-llama/Llama-3.3-70B-Instruct/TG/tensor_cache_instruct_bfp8/layers.74.feed_forward.w2_interleavedprefetcher_dtype_BFLOAT8_B_layout_TILE.tensorbin of shape Shape([1, 1, 3584, 2048])
2026-08-29 11:53:59.759 | DEBUG    | core:as_tensor:724 - Loaded cache for /proj_sw/user_dev/ctr-apbernal/tt-metal/model_cache/meta-llama/Llama-3.3-70B-Instruct/TG/tensor_cache_instruct_bfp8/layers.74.feed_forward.w3_interleavedprefetcher_dtype_BFLOAT4_B_layout_TILE.tensorbin of shape Shape([1, 1, 2048, 3584])
2026-08-29 11:53:59.762 | DEBUG    | core:as_tensor:724 - Loaded cache for /proj_sw/user_dev/ctr-apbernal/tt-metal/model_cache/meta-llama/Llama-3.3-70B-Instruct/TG/tensor_cache_instruct_bfp8/layers.74.attention_norm.weight_dtype_BFLOAT16_layout_ROW_MAJOR.tensorbin of shape Shape([1, 1, 256, 32])
2026-08-29 11:53:59.764 | DEBUG    | core:as_tensor:724 - Loaded cache for /proj_sw/user_dev/ctr-apbernal/tt-metal/model_cache/meta-llama/Llama-3.3-70B-Instruct/TG/tensor_cache_instruct_bfp8/layers.74.attention_norm.weight_distributed_dtype_BFLOAT16_layout_ROW_MAJOR.tensorbin of shape Shape([1, 1, 64, 32])
2026-08-29 11:53:59.766 | DEBUG    | core:as_tensor:724 - Loaded cache for /proj_sw/user_dev/ctr-apbernal/tt-metal/model_cache/meta-llama/Llama-3.3-70B-Instruct/TG/tensor_cache_instruct_bfp8/layers.74.ffn_norm.weight_dtype_BFLOAT16_layout_ROW_MAJOR.tensorbin of shape Shape([1, 1, 256, 32])
2026-08-29 11:53:59.767 | DEBUG    | core:as_tensor:724 - Loaded cache for /proj_sw/user_dev/ctr-apbernal/tt-metal/model_cache/meta-llama/Llama-3.3-70B-Instruct/TG/tensor_cache_instruct_bfp8/layers.74.ffn_norm.weight_distributed_dtype_BFLOAT16_layout_ROW_MAJOR.tensorbin of shape Shape([1, 1, 64, 32])
 94%|█████████▍| 75/80 [04:00<00:02,  1.75it/s]2026-08-29 11:53:59.834 | DEBUG    | core:as_tensor:724 - Loaded cache for /proj_sw/user_dev/ctr-apbernal/tt-metal/model_cache/meta-llama/Llama-3.3-70B-Instruct/TG/tensor_cache_instruct_bfp8/layers.75.attention.wqkv_sharded_2d_prefetcher_dtype_BFLOAT8_B_layout_TILE.tensorbin of shape Shape([1, 1, 2048, 1280])
2026-08-29 11:53:59.875 | DEBUG    | core:as_tensor:724 - Loaded cache for /proj_sw/user_dev/ctr-apbernal/tt-metal/model_cache/meta-llama/Llama-3.3-70B-Instruct/TG/tensor_cache_instruct_bfp8/layers.75.attention.wqkv_sharded_2d_dram_dtype_BFLOAT8_B_layout_TILE.tensorbin of shape Shape([1, 1, 2048, 1280])
2026-08-29 11:53:59.915 | DEBUG    | core:as_tensor:724 - Loaded cache for /proj_sw/user_dev/ctr-apbernal/tt-metal/model_cache/meta-llama/Llama-3.3-70B-Instruct/TG/tensor_cache_instruct_bfp8/layers.75.attention.wo_width_sharded_2d_prefetcher_dtype_BFLOAT8_B_layout_TILE.tensorbin of shape Shape([1, 1, 1024, 2048])
2026-08-29 11:53:59.955 | DEBUG    | core:as_tensor:724 - Loaded cache for /proj_sw/user_dev/ctr-apbernal/tt-metal/model_cache/meta-llama/Llama-3.3-70B-Instruct/TG/tensor_cache_instruct_bfp8/layers.75.attention.wo_width_sharded_2d_dram_dtype_BFLOAT8_B_layout_TILE.tensorbin of shape Shape([1, 1, 1024, 2048])
2026-08-29 11:54:00.007 | DEBUG    | core:as_tensor:724 - Loaded cache for /proj_sw/user_dev/ctr-apbernal/tt-metal/model_cache/meta-llama/Llama-3.3-70B-Instruct/TG/tensor_cache_instruct_bfp8/layers.75.attention.wo_col_sharded_dram_dtype_BFLOAT8_B_layout_TILE.tensorbin of shape Shape([1, 1, 8192, 2048])
2026-08-29 11:54:00.023 | DEBUG    | core:as_tensor:724 - Loaded cache for /proj_sw/user_dev/ctr-apbernal/tt-metal/model_cache/meta-llama/Llama-3.3-70B-Instruct/TG/tensor_cache_instruct_bfp8/kvcache_torch.Size([2048, 1, 64, 128])_dtype_BFLOAT8_B_layout_TILE.tensorbin of shape Shape([2048, 1, 64, 128])
2026-08-29 11:54:00.030 | DEBUG    | core:as_tensor:724 - Loaded cache for /proj_sw/user_dev/ctr-apbernal/tt-metal/model_cache/meta-llama/Llama-3.3-70B-Instruct/TG/tensor_cache_instruct_bfp8/kvcache_torch.Size([2048, 1, 64, 128])_dtype_BFLOAT8_B_layout_TILE.tensorbin of shape Shape([2048, 1, 64, 128])
2026-08-29 11:54:00.095 | DEBUG    | core:as_tensor:724 - Loaded cache for /proj_sw/user_dev/ctr-apbernal/tt-metal/model_cache/meta-llama/Llama-3.3-70B-Instruct/TG/tensor_cache_instruct_bfp8/layers.75.feed_forward.w1_shardedprefetcher_dtype_BFLOAT4_B_layout_TILE.tensorbin of shape Shape([1, 1, 2048, 3584])
2026-08-29 11:54:00.144 | DEBUG    | core:as_tensor:724 - Loaded cache for /proj_sw/user_dev/ctr-apbernal/tt-metal/model_cache/meta-llama/Llama-3.3-70B-Instruct/TG/tensor_cache_instruct_bfp8/layers.75.feed_forward.w2_shardedprefetcher_dtype_BFLOAT8_B_layout_TILE.tensorbin of shape Shape([1, 1, 3584, 2048])
2026-08-29 11:54:00.189 | DEBUG    | core:as_tensor:724 - Loaded cache for /proj_sw/user_dev/ctr-apbernal/tt-metal/model_cache/meta-llama/Llama-3.3-70B-Instruct/TG/tensor_cache_instruct_bfp8/layers.75.feed_forward.w3_shardedprefetcher_dtype_BFLOAT4_B_layout_TILE.tensorbin of shape Shape([1, 1, 2048, 3584])
2026-08-29 11:54:00.232 | DEBUG    | core:as_tensor:724 - Loaded cache for /proj_sw/user_dev/ctr-apbernal/tt-metal/model_cache/meta-llama/Llama-3.3-70B-Instruct/TG/tensor_cache_instruct_bfp8/layers.75.feed_forward.w1_interleavedprefetcher_dtype_BFLOAT4_B_layout_TILE.tensorbin of shape Shape([1, 1, 2048, 3584])
2026-08-29 11:54:00.281 | DEBUG    | core:as_tensor:724 - Loaded cache for /proj_sw/user_dev/ctr-apbernal/tt-metal/model_cache/meta-llama/Llama-3.3-70B-Instruct/TG/tensor_cache_instruct_bfp8/layers.75.feed_forward.w2_interleavedprefetcher_dtype_BFLOAT8_B_layout_TILE.tensorbin of shape Shape([1, 1, 3584, 2048])
2026-08-29 11:54:00.324 | DEBUG    | core:as_tensor:724 - Loaded cache for /proj_sw/user_dev/ctr-apbernal/tt-metal/model_cache/meta-llama/Llama-3.3-70B-Instruct/TG/tensor_cache_instruct_bfp8/layers.75.feed_forward.w3_interleavedprefetcher_dtype_BFLOAT4_B_layout_TILE.tensorbin of shape Shape([1, 1, 2048, 3584])
2026-08-29 11:54:00.328 | DEBUG    | core:as_tensor:724 - Loaded cache for /proj_sw/user_dev/ctr-apbernal/tt-metal/model_cache/meta-llama/Llama-3.3-70B-Instruct/TG/tensor_cache_instruct_bfp8/layers.75.attention_norm.weight_dtype_BFLOAT16_layout_ROW_MAJOR.tensorbin of shape Shape([1, 1, 256, 32])
2026-08-29 11:54:00.329 | DEBUG    | core:as_tensor:724 - Loaded cache for /proj_sw/user_dev/ctr-apbernal/tt-metal/model_cache/meta-llama/Llama-3.3-70B-Instruct/TG/tensor_cache_instruct_bfp8/layers.75.attention_norm.weight_distributed_dtype_BFLOAT16_layout_ROW_MAJOR.tensorbin of shape Shape([1, 1, 64, 32])
2026-08-29 11:54:00.331 | DEBUG    | core:as_tensor:724 - Loaded cache for /proj_sw/user_dev/ctr-apbernal/tt-metal/model_cache/meta-llama/Llama-3.3-70B-Instruct/TG/tensor_cache_instruct_bfp8/layers.75.ffn_norm.weight_dtype_BFLOAT16_layout_ROW_MAJOR.tensorbin of shape Shape([1, 1, 256, 32])
2026-08-29 11:54:00.332 | DEBUG    | core:as_tensor:724 - Loaded cache for /proj_sw/user_dev/ctr-apbernal/tt-metal/model_cache/meta-llama/Llama-3.3-70B-Instruct/TG/tensor_cache_instruct_bfp8/layers.75.ffn_norm.weight_distributed_dtype_BFLOAT16_layout_ROW_MAJOR.tensorbin of shape Shape([1, 1, 64, 32])
 95%|█████████▌| 76/80 [04:01<00:02,  1.76it/s]2026-08-29 11:54:00.399 | DEBUG    | core:as_tensor:724 - Loaded cache for /proj_sw/user_dev/ctr-apbernal/tt-metal/model_cache/meta-llama/Llama-3.3-70B-Instruct/TG/tensor_cache_instruct_bfp8/layers.76.attention.wqkv_sharded_2d_prefetcher_dtype_BFLOAT8_B_layout_TILE.tensorbin of shape Shape([1, 1, 2048, 1280])
2026-08-29 11:54:00.440 | DEBUG    | core:as_tensor:724 - Loaded cache for /proj_sw/user_dev/ctr-apbernal/tt-metal/model_cache/meta-llama/Llama-3.3-70B-Instruct/TG/tensor_cache_instruct_bfp8/layers.76.attention.wqkv_sharded_2d_dram_dtype_BFLOAT8_B_layout_TILE.tensorbin of shape Shape([1, 1, 2048, 1280])
2026-08-29 11:54:00.481 | DEBUG    | core:as_tensor:724 - Loaded cache for /proj_sw/user_dev/ctr-apbernal/tt-metal/model_cache/meta-llama/Llama-3.3-70B-Instruct/TG/tensor_cache_instruct_bfp8/layers.76.attention.wo_width_sharded_2d_prefetcher_dtype_BFLOAT8_B_layout_TILE.tensorbin of shape Shape([1, 1, 1024, 2048])
2026-08-29 11:54:00.521 | DEBUG    | core:as_tensor:724 - Loaded cache for /proj_sw/user_dev/ctr-apbernal/tt-metal/model_cache/meta-llama/Llama-3.3-70B-Instruct/TG/tensor_cache_instruct_bfp8/layers.76.attention.wo_width_sharded_2d_dram_dtype_BFLOAT8_B_layout_TILE.tensorbin of shape Shape([1, 1, 1024, 2048])
2026-08-29 11:54:00.570 | DEBUG    | core:as_tensor:724 - Loaded cache for /proj_sw/user_dev/ctr-apbernal/tt-metal/model_cache/meta-llama/Llama-3.3-70B-Instruct/TG/tensor_cache_instruct_bfp8/layers.76.attention.wo_col_sharded_dram_dtype_BFLOAT8_B_layout_TILE.tensorbin of shape Shape([1, 1, 8192, 2048])
2026-08-29 11:54:00.585 | DEBUG    | core:as_tensor:724 - Loaded cache for /proj_sw/user_dev/ctr-apbernal/tt-metal/model_cache/meta-llama/Llama-3.3-70B-Instruct/TG/tensor_cache_instruct_bfp8/kvcache_torch.Size([2048, 1, 64, 128])_dtype_BFLOAT8_B_layout_TILE.tensorbin of shape Shape([2048, 1, 64, 128])
2026-08-29 11:54:00.593 | DEBUG    | core:as_tensor:724 - Loaded cache for /proj_sw/user_dev/ctr-apbernal/tt-metal/model_cache/meta-llama/Llama-3.3-70B-Instruct/TG/tensor_cache_instruct_bfp8/kvcache_torch.Size([2048, 1, 64, 128])_dtype_BFLOAT8_B_layout_TILE.tensorbin of shape Shape([2048, 1, 64, 128])
2026-08-29 11:54:00.659 | DEBUG    | core:as_tensor:724 - Loaded cache for /proj_sw/user_dev/ctr-apbernal/tt-metal/model_cache/meta-llama/Llama-3.3-70B-Instruct/TG/tensor_cache_instruct_bfp8/layers.76.feed_forward.w1_shardedprefetcher_dtype_BFLOAT4_B_layout_TILE.tensorbin of shape Shape([1, 1, 2048, 3584])
2026-08-29 11:54:00.711 | DEBUG    | core:as_tensor:724 - Loaded cache for /proj_sw/user_dev/ctr-apbernal/tt-metal/model_cache/meta-llama/Llama-3.3-70B-Instruct/TG/tensor_cache_instruct_bfp8/layers.76.feed_forward.w2_shardedprefetcher_dtype_BFLOAT8_B_layout_TILE.tensorbin of shape Shape([1, 1, 3584, 2048])
2026-08-29 11:54:00.757 | DEBUG    | core:as_tensor:724 - Loaded cache for /proj_sw/user_dev/ctr-apbernal/tt-metal/model_cache/meta-llama/Llama-3.3-70B-Instruct/TG/tensor_cache_instruct_bfp8/layers.76.feed_forward.w3_shardedprefetcher_dtype_BFLOAT4_B_layout_TILE.tensorbin of shape Shape([1, 1, 2048, 3584])
2026-08-29 11:54:00.803 | DEBUG    | core:as_tensor:724 - Loaded cache for /proj_sw/user_dev/ctr-apbernal/tt-metal/model_cache/meta-llama/Llama-3.3-70B-Instruct/TG/tensor_cache_instruct_bfp8/layers.76.feed_forward.w1_interleavedprefetcher_dtype_BFLOAT4_B_layout_TILE.tensorbin of shape Shape([1, 1, 2048, 3584])
2026-08-29 11:54:00.854 | DEBUG    | core:as_tensor:724 - Loaded cache for /proj_sw/user_dev/ctr-apbernal/tt-metal/model_cache/meta-llama/Llama-3.3-70B-Instruct/TG/tensor_cache_instruct_bfp8/layers.76.feed_forward.w2_interleavedprefetcher_dtype_BFLOAT8_B_layout_TILE.tensorbin of shape Shape([1, 1, 3584, 2048])
2026-08-29 11:54:00.899 | DEBUG    | core:as_tensor:724 - Loaded cache for /proj_sw/user_dev/ctr-apbernal/tt-metal/model_cache/meta-llama/Llama-3.3-70B-Instruct/TG/tensor_cache_instruct_bfp8/layers.76.feed_forward.w3_interleavedprefetcher_dtype_BFLOAT4_B_layout_TILE.tensorbin of shape Shape([1, 1, 2048, 3584])
2026-08-29 11:54:00.901 | DEBUG    | core:as_tensor:724 - Loaded cache for /proj_sw/user_dev/ctr-apbernal/tt-metal/model_cache/meta-llama/Llama-3.3-70B-Instruct/TG/tensor_cache_instruct_bfp8/layers.76.attention_norm.weight_dtype_BFLOAT16_layout_ROW_MAJOR.tensorbin of shape Shape([1, 1, 256, 32])
2026-08-29 11:54:00.903 | DEBUG    | core:as_tensor:724 - Loaded cache for /proj_sw/user_dev/ctr-apbernal/tt-metal/model_cache/meta-llama/Llama-3.3-70B-Instruct/TG/tensor_cache_instruct_bfp8/layers.76.attention_norm.weight_distributed_dtype_BFLOAT16_layout_ROW_MAJOR.tensorbin of shape Shape([1, 1, 64, 32])
2026-08-29 11:54:00.904 | DEBUG    | core:as_tensor:724 - Loaded cache for /proj_sw/user_dev/ctr-apbernal/tt-metal/model_cache/meta-llama/Llama-3.3-70B-Instruct/TG/tensor_cache_instruct_bfp8/layers.76.ffn_norm.weight_dtype_BFLOAT16_layout_ROW_MAJOR.tensorbin of shape Shape([1, 1, 256, 32])
2026-08-29 11:54:00.906 | DEBUG    | core:as_tensor:724 - Loaded cache for /proj_sw/user_dev/ctr-apbernal/tt-metal/model_cache/meta-llama/Llama-3.3-70B-Instruct/TG/tensor_cache_instruct_bfp8/layers.76.ffn_norm.weight_distributed_dtype_BFLOAT16_layout_ROW_MAJOR.tensorbin of shape Shape([1, 1, 64, 32])
 96%|█████████▋| 77/80 [04:02<00:01,  1.75it/s]2026-08-29 11:54:00.973 | DEBUG    | core:as_tensor:724 - Loaded cache for /proj_sw/user_dev/ctr-apbernal/tt-metal/model_cache/meta-llama/Llama-3.3-70B-Instruct/TG/tensor_cache_instruct_bfp8/layers.77.attention.wqkv_sharded_2d_prefetcher_dtype_BFLOAT8_B_layout_TILE.tensorbin of shape Shape([1, 1, 2048, 1280])
2026-08-29 11:54:01.014 | DEBUG    | core:as_tensor:724 - Loaded cache for /proj_sw/user_dev/ctr-apbernal/tt-metal/model_cache/meta-llama/Llama-3.3-70B-Instruct/TG/tensor_cache_instruct_bfp8/layers.77.attention.wqkv_sharded_2d_dram_dtype_BFLOAT8_B_layout_TILE.tensorbin of shape Shape([1, 1, 2048, 1280])
2026-08-29 11:54:01.054 | DEBUG    | core:as_tensor:724 - Loaded cache for /proj_sw/user_dev/ctr-apbernal/tt-metal/model_cache/meta-llama/Llama-3.3-70B-Instruct/TG/tensor_cache_instruct_bfp8/layers.77.attention.wo_width_sharded_2d_prefetcher_dtype_BFLOAT8_B_layout_TILE.tensorbin of shape Shape([1, 1, 1024, 2048])
2026-08-29 11:54:01.094 | DEBUG    | core:as_tensor:724 - Loaded cache for /proj_sw/user_dev/ctr-apbernal/tt-metal/model_cache/meta-llama/Llama-3.3-70B-Instruct/TG/tensor_cache_instruct_bfp8/layers.77.attention.wo_width_sharded_2d_dram_dtype_BFLOAT8_B_layout_TILE.tensorbin of shape Shape([1, 1, 1024, 2048])
2026-08-29 11:54:01.142 | DEBUG    | core:as_tensor:724 - Loaded cache for /proj_sw/user_dev/ctr-apbernal/tt-metal/model_cache/meta-llama/Llama-3.3-70B-Instruct/TG/tensor_cache_instruct_bfp8/layers.77.attention.wo_col_sharded_dram_dtype_BFLOAT8_B_layout_TILE.tensorbin of shape Shape([1, 1, 8192, 2048])
2026-08-29 11:54:01.157 | DEBUG    | core:as_tensor:724 - Loaded cache for /proj_sw/user_dev/ctr-apbernal/tt-metal/model_cache/meta-llama/Llama-3.3-70B-Instruct/TG/tensor_cache_instruct_bfp8/kvcache_torch.Size([2048, 1, 64, 128])_dtype_BFLOAT8_B_layout_TILE.tensorbin of shape Shape([2048, 1, 64, 128])
2026-08-29 11:54:01.166 | DEBUG    | core:as_tensor:724 - Loaded cache for /proj_sw/user_dev/ctr-apbernal/tt-metal/model_cache/meta-llama/Llama-3.3-70B-Instruct/TG/tensor_cache_instruct_bfp8/kvcache_torch.Size([2048, 1, 64, 128])_dtype_BFLOAT8_B_layout_TILE.tensorbin of shape Shape([2048, 1, 64, 128])
2026-08-29 11:54:01.231 | DEBUG    | core:as_tensor:724 - Loaded cache for /proj_sw/user_dev/ctr-apbernal/tt-metal/model_cache/meta-llama/Llama-3.3-70B-Instruct/TG/tensor_cache_instruct_bfp8/layers.77.feed_forward.w1_shardedprefetcher_dtype_BFLOAT4_B_layout_TILE.tensorbin of shape Shape([1, 1, 2048, 3584])
2026-08-29 11:54:01.280 | DEBUG    | core:as_tensor:724 - Loaded cache for /proj_sw/user_dev/ctr-apbernal/tt-metal/model_cache/meta-llama/Llama-3.3-70B-Instruct/TG/tensor_cache_instruct_bfp8/layers.77.feed_forward.w2_shardedprefetcher_dtype_BFLOAT8_B_layout_TILE.tensorbin of shape Shape([1, 1, 3584, 2048])
2026-08-29 11:54:01.324 | DEBUG    | core:as_tensor:724 - Loaded cache for /proj_sw/user_dev/ctr-apbernal/tt-metal/model_cache/meta-llama/Llama-3.3-70B-Instruct/TG/tensor_cache_instruct_bfp8/layers.77.feed_forward.w3_shardedprefetcher_dtype_BFLOAT4_B_layout_TILE.tensorbin of shape Shape([1, 1, 2048, 3584])
2026-08-29 11:54:01.369 | DEBUG    | core:as_tensor:724 - Loaded cache for /proj_sw/user_dev/ctr-apbernal/tt-metal/model_cache/meta-llama/Llama-3.3-70B-Instruct/TG/tensor_cache_instruct_bfp8/layers.77.feed_forward.w1_interleavedprefetcher_dtype_BFLOAT4_B_layout_TILE.tensorbin of shape Shape([1, 1, 2048, 3584])
2026-08-29 11:54:01.418 | DEBUG    | core:as_tensor:724 - Loaded cache for /proj_sw/user_dev/ctr-apbernal/tt-metal/model_cache/meta-llama/Llama-3.3-70B-Instruct/TG/tensor_cache_instruct_bfp8/layers.77.feed_forward.w2_interleavedprefetcher_dtype_BFLOAT8_B_layout_TILE.tensorbin of shape Shape([1, 1, 3584, 2048])
2026-08-29 11:54:01.461 | DEBUG    | core:as_tensor:724 - Loaded cache for /proj_sw/user_dev/ctr-apbernal/tt-metal/model_cache/meta-llama/Llama-3.3-70B-Instruct/TG/tensor_cache_instruct_bfp8/layers.77.feed_forward.w3_interleavedprefetcher_dtype_BFLOAT4_B_layout_TILE.tensorbin of shape Shape([1, 1, 2048, 3584])
2026-08-29 11:54:01.463 | DEBUG    | core:as_tensor:724 - Loaded cache for /proj_sw/user_dev/ctr-apbernal/tt-metal/model_cache/meta-llama/Llama-3.3-70B-Instruct/TG/tensor_cache_instruct_bfp8/layers.77.attention_norm.weight_dtype_BFLOAT16_layout_ROW_MAJOR.tensorbin of shape Shape([1, 1, 256, 32])
2026-08-29 11:54:01.465 | DEBUG    | core:as_tensor:724 - Loaded cache for /proj_sw/user_dev/ctr-apbernal/tt-metal/model_cache/meta-llama/Llama-3.3-70B-Instruct/TG/tensor_cache_instruct_bfp8/layers.77.attention_norm.weight_distributed_dtype_BFLOAT16_layout_ROW_MAJOR.tensorbin of shape Shape([1, 1, 64, 32])
2026-08-29 11:54:01.467 | DEBUG    | core:as_tensor:724 - Loaded cache for /proj_sw/user_dev/ctr-apbernal/tt-metal/model_cache/meta-llama/Llama-3.3-70B-Instruct/TG/tensor_cache_instruct_bfp8/layers.77.ffn_norm.weight_dtype_BFLOAT16_layout_ROW_MAJOR.tensorbin of shape Shape([1, 1, 256, 32])
2026-08-29 11:54:01.469 | DEBUG    | core:as_tensor:724 - Loaded cache for /proj_sw/user_dev/ctr-apbernal/tt-metal/model_cache/meta-llama/Llama-3.3-70B-Instruct/TG/tensor_cache_instruct_bfp8/layers.77.ffn_norm.weight_distributed_dtype_BFLOAT16_layout_ROW_MAJOR.tensorbin of shape Shape([1, 1, 64, 32])
 98%|█████████▊| 78/80 [04:02<00:01,  1.76it/s]2026-08-29 11:54:01.535 | DEBUG    | core:as_tensor:724 - Loaded cache for /proj_sw/user_dev/ctr-apbernal/tt-metal/model_cache/meta-llama/Llama-3.3-70B-Instruct/TG/tensor_cache_instruct_bfp8/layers.78.attention.wqkv_sharded_2d_prefetcher_dtype_BFLOAT8_B_layout_TILE.tensorbin of shape Shape([1, 1, 2048, 1280])
2026-08-29 11:54:01.577 | DEBUG    | core:as_tensor:724 - Loaded cache for /proj_sw/user_dev/ctr-apbernal/tt-metal/model_cache/meta-llama/Llama-3.3-70B-Instruct/TG/tensor_cache_instruct_bfp8/layers.78.attention.wqkv_sharded_2d_dram_dtype_BFLOAT8_B_layout_TILE.tensorbin of shape Shape([1, 1, 2048, 1280])
2026-08-29 11:54:01.617 | DEBUG    | core:as_tensor:724 - Loaded cache for /proj_sw/user_dev/ctr-apbernal/tt-metal/model_cache/meta-llama/Llama-3.3-70B-Instruct/TG/tensor_cache_instruct_bfp8/layers.78.attention.wo_width_sharded_2d_prefetcher_dtype_BFLOAT8_B_layout_TILE.tensorbin of shape Shape([1, 1, 1024, 2048])
2026-08-29 11:54:01.657 | DEBUG    | core:as_tensor:724 - Loaded cache for /proj_sw/user_dev/ctr-apbernal/tt-metal/model_cache/meta-llama/Llama-3.3-70B-Instruct/TG/tensor_cache_instruct_bfp8/layers.78.attention.wo_width_sharded_2d_dram_dtype_BFLOAT8_B_layout_TILE.tensorbin of shape Shape([1, 1, 1024, 2048])
2026-08-29 11:54:01.705 | DEBUG    | core:as_tensor:724 - Loaded cache for /proj_sw/user_dev/ctr-apbernal/tt-metal/model_cache/meta-llama/Llama-3.3-70B-Instruct/TG/tensor_cache_instruct_bfp8/layers.78.attention.wo_col_sharded_dram_dtype_BFLOAT8_B_layout_TILE.tensorbin of shape Shape([1, 1, 8192, 2048])
2026-08-29 11:54:01.721 | DEBUG    | core:as_tensor:724 - Loaded cache for /proj_sw/user_dev/ctr-apbernal/tt-metal/model_cache/meta-llama/Llama-3.3-70B-Instruct/TG/tensor_cache_instruct_bfp8/kvcache_torch.Size([2048, 1, 64, 128])_dtype_BFLOAT8_B_layout_TILE.tensorbin of shape Shape([2048, 1, 64, 128])
2026-08-29 11:54:01.729 | DEBUG    | core:as_tensor:724 - Loaded cache for /proj_sw/user_dev/ctr-apbernal/tt-metal/model_cache/meta-llama/Llama-3.3-70B-Instruct/TG/tensor_cache_instruct_bfp8/kvcache_torch.Size([2048, 1, 64, 128])_dtype_BFLOAT8_B_layout_TILE.tensorbin of shape Shape([2048, 1, 64, 128])
2026-08-29 11:54:01.796 | DEBUG    | core:as_tensor:724 - Loaded cache for /proj_sw/user_dev/ctr-apbernal/tt-metal/model_cache/meta-llama/Llama-3.3-70B-Instruct/TG/tensor_cache_instruct_bfp8/layers.78.feed_forward.w1_shardedprefetcher_dtype_BFLOAT4_B_layout_TILE.tensorbin of shape Shape([1, 1, 2048, 3584])
2026-08-29 11:54:01.846 | DEBUG    | core:as_tensor:724 - Loaded cache for /proj_sw/user_dev/ctr-apbernal/tt-metal/model_cache/meta-llama/Llama-3.3-70B-Instruct/TG/tensor_cache_instruct_bfp8/layers.78.feed_forward.w2_shardedprefetcher_dtype_BFLOAT8_B_layout_TILE.tensorbin of shape Shape([1, 1, 3584, 2048])
2026-08-29 11:54:01.889 | DEBUG    | core:as_tensor:724 - Loaded cache for /proj_sw/user_dev/ctr-apbernal/tt-metal/model_cache/meta-llama/Llama-3.3-70B-Instruct/TG/tensor_cache_instruct_bfp8/layers.78.feed_forward.w3_shardedprefetcher_dtype_BFLOAT4_B_layout_TILE.tensorbin of shape Shape([1, 1, 2048, 3584])
2026-08-29 11:54:01.932 | DEBUG    | core:as_tensor:724 - Loaded cache for /proj_sw/user_dev/ctr-apbernal/tt-metal/model_cache/meta-llama/Llama-3.3-70B-Instruct/TG/tensor_cache_instruct_bfp8/layers.78.feed_forward.w1_interleavedprefetcher_dtype_BFLOAT4_B_layout_TILE.tensorbin of shape Shape([1, 1, 2048, 3584])
2026-08-29 11:54:01.981 | DEBUG    | core:as_tensor:724 - Loaded cache for /proj_sw/user_dev/ctr-apbernal/tt-metal/model_cache/meta-llama/Llama-3.3-70B-Instruct/TG/tensor_cache_instruct_bfp8/layers.78.feed_forward.w2_interleavedprefetcher_dtype_BFLOAT8_B_layout_TILE.tensorbin of shape Shape([1, 1, 3584, 2048])
2026-08-29 11:54:02.024 | DEBUG    | core:as_tensor:724 - Loaded cache for /proj_sw/user_dev/ctr-apbernal/tt-metal/model_cache/meta-llama/Llama-3.3-70B-Instruct/TG/tensor_cache_instruct_bfp8/layers.78.feed_forward.w3_interleavedprefetcher_dtype_BFLOAT4_B_layout_TILE.tensorbin of shape Shape([1, 1, 2048, 3584])
2026-08-29 11:54:02.026 | DEBUG    | core:as_tensor:724 - Loaded cache for /proj_sw/user_dev/ctr-apbernal/tt-metal/model_cache/meta-llama/Llama-3.3-70B-Instruct/TG/tensor_cache_instruct_bfp8/layers.78.attention_norm.weight_dtype_BFLOAT16_layout_ROW_MAJOR.tensorbin of shape Shape([1, 1, 256, 32])
2026-08-29 11:54:02.028 | DEBUG    | core:as_tensor:724 - Loaded cache for /proj_sw/user_dev/ctr-apbernal/tt-metal/model_cache/meta-llama/Llama-3.3-70B-Instruct/TG/tensor_cache_instruct_bfp8/layers.78.attention_norm.weight_distributed_dtype_BFLOAT16_layout_ROW_MAJOR.tensorbin of shape Shape([1, 1, 64, 32])
2026-08-29 11:54:02.029 | DEBUG    | core:as_tensor:724 - Loaded cache for /proj_sw/user_dev/ctr-apbernal/tt-metal/model_cache/meta-llama/Llama-3.3-70B-Instruct/TG/tensor_cache_instruct_bfp8/layers.78.ffn_norm.weight_dtype_BFLOAT16_layout_ROW_MAJOR.tensorbin of shape Shape([1, 1, 256, 32])
2026-08-29 11:54:02.030 | DEBUG    | core:as_tensor:724 - Loaded cache for /proj_sw/user_dev/ctr-apbernal/tt-metal/model_cache/meta-llama/Llama-3.3-70B-Instruct/TG/tensor_cache_instruct_bfp8/layers.78.ffn_norm.weight_distributed_dtype_BFLOAT16_layout_ROW_MAJOR.tensorbin of shape Shape([1, 1, 64, 32])
 99%|█████████▉| 79/80 [04:03<00:00,  1.77it/s]2026-08-29 11:54:02.102 | DEBUG    | core:as_tensor:724 - Loaded cache for /proj_sw/user_dev/ctr-apbernal/tt-metal/model_cache/meta-llama/Llama-3.3-70B-Instruct/TG/tensor_cache_instruct_bfp8/layers.79.attention.wqkv_sharded_2d_prefetcher_dtype_BFLOAT8_B_layout_TILE.tensorbin of shape Shape([1, 1, 2048, 1280])
2026-08-29 11:54:02.143 | DEBUG    | core:as_tensor:724 - Loaded cache for /proj_sw/user_dev/ctr-apbernal/tt-metal/model_cache/meta-llama/Llama-3.3-70B-Instruct/TG/tensor_cache_instruct_bfp8/layers.79.attention.wqkv_sharded_2d_dram_dtype_BFLOAT8_B_layout_TILE.tensorbin of shape Shape([1, 1, 2048, 1280])
2026-08-29 11:54:02.183 | DEBUG    | core:as_tensor:724 - Loaded cache for /proj_sw/user_dev/ctr-apbernal/tt-metal/model_cache/meta-llama/Llama-3.3-70B-Instruct/TG/tensor_cache_instruct_bfp8/layers.79.attention.wo_width_sharded_2d_prefetcher_dtype_BFLOAT8_B_layout_TILE.tensorbin of shape Shape([1, 1, 1024, 2048])
2026-08-29 11:54:02.224 | DEBUG    | core:as_tensor:724 - Loaded cache for /proj_sw/user_dev/ctr-apbernal/tt-metal/model_cache/meta-llama/Llama-3.3-70B-Instruct/TG/tensor_cache_instruct_bfp8/layers.79.attention.wo_width_sharded_2d_dram_dtype_BFLOAT8_B_layout_TILE.tensorbin of shape Shape([1, 1, 1024, 2048])
2026-08-29 11:54:02.274 | DEBUG    | core:as_tensor:724 - Loaded cache for /proj_sw/user_dev/ctr-apbernal/tt-metal/model_cache/meta-llama/Llama-3.3-70B-Instruct/TG/tensor_cache_instruct_bfp8/layers.79.attention.wo_col_sharded_dram_dtype_BFLOAT8_B_layout_TILE.tensorbin of shape Shape([1, 1, 8192, 2048])
2026-08-29 11:54:02.288 | DEBUG    | core:as_tensor:724 - Loaded cache for /proj_sw/user_dev/ctr-apbernal/tt-metal/model_cache/meta-llama/Llama-3.3-70B-Instruct/TG/tensor_cache_instruct_bfp8/kvcache_torch.Size([2048, 1, 64, 128])_dtype_BFLOAT8_B_layout_TILE.tensorbin of shape Shape([2048, 1, 64, 128])
2026-08-29 11:54:02.296 | DEBUG    | core:as_tensor:724 - Loaded cache for /proj_sw/user_dev/ctr-apbernal/tt-metal/model_cache/meta-llama/Llama-3.3-70B-Instruct/TG/tensor_cache_instruct_bfp8/kvcache_torch.Size([2048, 1, 64, 128])_dtype_BFLOAT8_B_layout_TILE.tensorbin of shape Shape([2048, 1, 64, 128])
2026-08-29 11:54:02.362 | DEBUG    | core:as_tensor:724 - Loaded cache for /proj_sw/user_dev/ctr-apbernal/tt-metal/model_cache/meta-llama/Llama-3.3-70B-Instruct/TG/tensor_cache_instruct_bfp8/layers.79.feed_forward.w1_shardedprefetcher_dtype_BFLOAT4_B_layout_TILE.tensorbin of shape Shape([1, 1, 2048, 3584])
2026-08-29 11:54:02.416 | DEBUG    | core:as_tensor:724 - Loaded cache for /proj_sw/user_dev/ctr-apbernal/tt-metal/model_cache/meta-llama/Llama-3.3-70B-Instruct/TG/tensor_cache_instruct_bfp8/layers.79.feed_forward.w2_shardedprefetcher_dtype_BFLOAT8_B_layout_TILE.tensorbin of shape Shape([1, 1, 3584, 2048])
2026-08-29 11:54:02.460 | DEBUG    | core:as_tensor:724 - Loaded cache for /proj_sw/user_dev/ctr-apbernal/tt-metal/model_cache/meta-llama/Llama-3.3-70B-Instruct/TG/tensor_cache_instruct_bfp8/layers.79.feed_forward.w3_shardedprefetcher_dtype_BFLOAT4_B_layout_TILE.tensorbin of shape Shape([1, 1, 2048, 3584])
2026-08-29 11:54:02.505 | DEBUG    | core:as_tensor:724 - Loaded cache for /proj_sw/user_dev/ctr-apbernal/tt-metal/model_cache/meta-llama/Llama-3.3-70B-Instruct/TG/tensor_cache_instruct_bfp8/layers.79.feed_forward.w1_interleavedprefetcher_dtype_BFLOAT4_B_layout_TILE.tensorbin of shape Shape([1, 1, 2048, 3584])
2026-08-29 11:54:02.555 | DEBUG    | core:as_tensor:724 - Loaded cache for /proj_sw/user_dev/ctr-apbernal/tt-metal/model_cache/meta-llama/Llama-3.3-70B-Instruct/TG/tensor_cache_instruct_bfp8/layers.79.feed_forward.w2_interleavedprefetcher_dtype_BFLOAT8_B_layout_TILE.tensorbin of shape Shape([1, 1, 3584, 2048])
2026-08-29 11:54:02.597 | DEBUG    | core:as_tensor:724 - Loaded cache for /proj_sw/user_dev/ctr-apbernal/tt-metal/model_cache/meta-llama/Llama-3.3-70B-Instruct/TG/tensor_cache_instruct_bfp8/layers.79.feed_forward.w3_interleavedprefetcher_dtype_BFLOAT4_B_layout_TILE.tensorbin of shape Shape([1, 1, 2048, 3584])
2026-08-29 11:54:02.599 | DEBUG    | core:as_tensor:724 - Loaded cache for /proj_sw/user_dev/ctr-apbernal/tt-metal/model_cache/meta-llama/Llama-3.3-70B-Instruct/TG/tensor_cache_instruct_bfp8/layers.79.attention_norm.weight_dtype_BFLOAT16_layout_ROW_MAJOR.tensorbin of shape Shape([1, 1, 256, 32])
2026-08-29 11:54:02.601 | DEBUG    | core:as_tensor:724 - Loaded cache for /proj_sw/user_dev/ctr-apbernal/tt-metal/model_cache/meta-llama/Llama-3.3-70B-Instruct/TG/tensor_cache_instruct_bfp8/layers.79.attention_norm.weight_distributed_dtype_BFLOAT16_layout_ROW_MAJOR.tensorbin of shape Shape([1, 1, 64, 32])
2026-08-29 11:54:02.603 | DEBUG    | core:as_tensor:724 - Loaded cache for /proj_sw/user_dev/ctr-apbernal/tt-metal/model_cache/meta-llama/Llama-3.3-70B-Instruct/TG/tensor_cache_instruct_bfp8/layers.79.ffn_norm.weight_dtype_BFLOAT16_layout_ROW_MAJOR.tensorbin of shape Shape([1, 1, 256, 32])
2026-08-29 11:54:02.605 | DEBUG    | core:as_tensor:724 - Loaded cache for /proj_sw/user_dev/ctr-apbernal/tt-metal/model_cache/meta-llama/Llama-3.3-70B-Instruct/TG/tensor_cache_instruct_bfp8/layers.79.ffn_norm.weight_distributed_dtype_BFLOAT16_layout_ROW_MAJOR.tensorbin of shape Shape([1, 1, 64, 32])
100%|██████████| 80/80 [04:03<00:00,  1.76it/s]100%|██████████| 80/80 [04:03<00:00,  3.05s/it]
2026-08-29 11:54:02.607 | DEBUG    | core:as_tensor:724 - Loaded cache for /proj_sw/user_dev/ctr-apbernal/tt-metal/model_cache/meta-llama/Llama-3.3-70B-Instruct/TG/tensor_cache_instruct_bfp8/norm.weight_dtype_BFLOAT16_layout_ROW_MAJOR.tensorbin of shape Shape([1, 1, 256, 32])
2026-08-29 11:54:02.609 | DEBUG    | core:as_tensor:724 - Loaded cache for /proj_sw/user_dev/ctr-apbernal/tt-metal/model_cache/meta-llama/Llama-3.3-70B-Instruct/TG/tensor_cache_instruct_bfp8/norm.weight_distributed_dtype_BFLOAT16_layout_ROW_MAJOR.tensorbin of shape Shape([1, 1, 64, 32])
2026-08-29 11:54:03.475 | DEBUG    | core:as_tensor:724 - Loaded cache for /proj_sw/user_dev/ctr-apbernal/tt-metal/model_cache/meta-llama/Llama-3.3-70B-Instruct/TG/tensor_cache_instruct_bfp8/output_lm_head_1_split_shard_0_dram_width_sharded_decode_dtype_BFLOAT8_B_layout_TILE.tensorbin of shape Shape([1, 1, 2048, 16384])
2026-08-29 11:54:03.567 | DEBUG    | core:as_tensor:724 - Loaded cache for /proj_sw/user_dev/ctr-apbernal/tt-metal/model_cache/meta-llama/Llama-3.3-70B-Instruct/TG/tensor_cache_instruct_bfp8/output_lm_head_1_split_shard_0_dram_prefill_dtype_BFLOAT8_B_layout_TILE.tensorbin of shape Shape([1, 1, 2048, 16384])
2026-08-29 11:54:03.814 | INFO     | models.demos.llama3_70b_galaxy.tt.prefetcher_common:__init__:33 - Running TtLlamaPrefetcherSetup
2026-08-29 11:54:03.837 | DEBUG    | core:as_tensor:724 - Loaded cache for /proj_sw/user_dev/ctr-apbernal/tt-metal/model_cache/meta-llama/Llama-3.3-70B-Instruct/TG/tensor_cache_instruct_bfp8/pb_rs_01_QKV_0_4096_dtype_BFLOAT8_B_layout_TILE.tensorbin of shape Shape([1, 1, 4096, 1280])
2026-08-29 11:54:03.842 | DEBUG    | core:as_tensor:724 - Loaded cache for /proj_sw/user_dev/ctr-apbernal/tt-metal/model_cache/meta-llama/Llama-3.3-70B-Instruct/TG/tensor_cache_instruct_bfp8/pb_rs_00_QKV_0_4096_dtype_BFLOAT8_B_layout_TILE.tensorbin of shape Shape([1, 1, 4096, 320])
2026-08-29 11:54:03.854 | DEBUG    | core:as_tensor:724 - Loaded cache for /proj_sw/user_dev/ctr-apbernal/tt-metal/model_cache/meta-llama/Llama-3.3-70B-Instruct/TG/tensor_cache_instruct_bfp8/pb_rs_01_FF1_0_4096_dtype_BFLOAT8_B_layout_TILE.tensorbin of shape Shape([1, 1, 4096, 3584])
2026-08-29 11:54:03.864 | DEBUG    | core:as_tensor:724 - Loaded cache for /proj_sw/user_dev/ctr-apbernal/tt-metal/model_cache/meta-llama/Llama-3.3-70B-Instruct/TG/tensor_cache_instruct_bfp8/pb_rs_00_FF1_0_4096_dtype_BFLOAT8_B_layout_TILE.tensorbin of shape Shape([1, 1, 4096, 896])
2026-08-29 11:54:03.876 | DEBUG    | core:as_tensor:724 - Loaded cache for /proj_sw/user_dev/ctr-apbernal/tt-metal/model_cache/meta-llama/Llama-3.3-70B-Instruct/TG/tensor_cache_instruct_bfp8/pb_rs_01_FF3_0_4096_dtype_BFLOAT8_B_layout_TILE.tensorbin of shape Shape([1, 1, 4096, 3584])
2026-08-29 11:54:03.885 | DEBUG    | core:as_tensor:724 - Loaded cache for /proj_sw/user_dev/ctr-apbernal/tt-metal/model_cache/meta-llama/Llama-3.3-70B-Instruct/TG/tensor_cache_instruct_bfp8/pb_rs_00_FF3_0_4096_dtype_BFLOAT8_B_layout_TILE.tensorbin of shape Shape([1, 1, 4096, 896])
2026-08-29 11:54:03.892 | DEBUG    | core:as_tensor:724 - Loaded cache for /proj_sw/user_dev/ctr-apbernal/tt-metal/model_cache/meta-llama/Llama-3.3-70B-Instruct/TG/tensor_cache_instruct_bfp8/pb_rs_01_FF2_0_4096_dtype_BFLOAT8_B_layout_TILE.tensorbin of shape Shape([1, 1, 4096, 2048])
2026-08-29 11:54:03.896 | DEBUG    | core:as_tensor:724 - Loaded cache for /proj_sw/user_dev/ctr-apbernal/tt-metal/model_cache/meta-llama/Llama-3.3-70B-Instruct/TG/tensor_cache_instruct_bfp8/pb_rs_00_FF2_0_4096_dtype_BFLOAT8_B_layout_TILE.tensorbin of shape Shape([1, 1, 4096, 256])
2026-08-29 11:54:03.901 | DEBUG    | core:as_tensor:724 - Loaded cache for /proj_sw/user_dev/ctr-apbernal/tt-metal/model_cache/meta-llama/Llama-3.3-70B-Instruct/TG/tensor_cache_instruct_bfp8/pb_rs_01_ATTN_REPLICATE_0_4096_dtype_BFLOAT8_B_layout_TILE.tensorbin of shape Shape([1, 1, 4096, 128])
2026-08-29 11:54:03.905 | DEBUG    | core:as_tensor:724 - Loaded cache for /proj_sw/user_dev/ctr-apbernal/tt-metal/model_cache/meta-llama/Llama-3.3-70B-Instruct/TG/tensor_cache_instruct_bfp8/pb_rs_00_ATTN_REPLICATE_0_4096_dtype_BFLOAT8_B_layout_TILE.tensorbin of shape Shape([1, 1, 4096, 32])
2026-08-29 11:54:03.911 | DEBUG    | core:as_tensor:724 - Loaded cache for /proj_sw/user_dev/ctr-apbernal/tt-metal/model_cache/meta-llama/Llama-3.3-70B-Instruct/TG/tensor_cache_instruct_bfp8/pb_rs_01_QKV_batched_0_4096_dtype_BFLOAT8_B_layout_TILE.tensorbin of shape Shape([1, 32, 128, 1280])
2026-08-29 11:54:03.914 | DEBUG    | core:as_tensor:724 - Loaded cache for /proj_sw/user_dev/ctr-apbernal/tt-metal/model_cache/meta-llama/Llama-3.3-70B-Instruct/TG/tensor_cache_instruct_bfp8/pb_rs_00_QKV_batched_0_4096_dtype_BFLOAT8_B_layout_TILE.tensorbin of shape Shape([1, 32, 128, 320])
2026-08-29 11:54:03.926 | DEBUG    | core:as_tensor:724 - Loaded cache for /proj_sw/user_dev/ctr-apbernal/tt-metal/model_cache/meta-llama/Llama-3.3-70B-Instruct/TG/tensor_cache_instruct_bfp8/pb_rs_01_FF1_batched_0_4096_dtype_BFLOAT8_B_layout_TILE.tensorbin of shape Shape([1, 32, 128, 3584])
2026-08-29 11:54:03.935 | DEBUG    | core:as_tensor:724 - Loaded cache for /proj_sw/user_dev/ctr-apbernal/tt-metal/model_cache/meta-llama/Llama-3.3-70B-Instruct/TG/tensor_cache_instruct_bfp8/pb_rs_00_FF1_batched_0_4096_dtype_BFLOAT8_B_layout_TILE.tensorbin of shape Shape([1, 32, 128, 896])
2026-08-29 11:54:03.945 | DEBUG    | core:as_tensor:724 - Loaded cache for /proj_sw/user_dev/ctr-apbernal/tt-metal/model_cache/meta-llama/Llama-3.3-70B-Instruct/TG/tensor_cache_instruct_bfp8/pb_rs_01_FF3_batched_0_4096_dtype_BFLOAT8_B_layout_TILE.tensorbin of shape Shape([1, 32, 128, 3584])
2026-08-29 11:54:03.953 | DEBUG    | core:as_tensor:724 - Loaded cache for /proj_sw/user_dev/ctr-apbernal/tt-metal/model_cache/meta-llama/Llama-3.3-70B-Instruct/TG/tensor_cache_instruct_bfp8/pb_rs_00_FF3_batched_0_4096_dtype_BFLOAT8_B_layout_TILE.tensorbin of shape Shape([1, 32, 128, 896])
2026-08-29 11:54:03.960 | DEBUG    | core:as_tensor:724 - Loaded cache for /proj_sw/user_dev/ctr-apbernal/tt-metal/model_cache/meta-llama/Llama-3.3-70B-Instruct/TG/tensor_cache_instruct_bfp8/pb_rs_01_FF2_batched_0_4096_dtype_BFLOAT8_B_layout_TILE.tensorbin of shape Shape([1, 32, 128, 2048])
2026-08-29 11:54:03.964 | DEBUG    | core:as_tensor:724 - Loaded cache for /proj_sw/user_dev/ctr-apbernal/tt-metal/model_cache/meta-llama/Llama-3.3-70B-Instruct/TG/tensor_cache_instruct_bfp8/pb_rs_00_FF2_batched_0_4096_dtype_BFLOAT8_B_layout_TILE.tensorbin of shape Shape([1, 32, 128, 256])
2026-08-29 11:54:03.967 | DEBUG    | core:as_tensor:724 - Loaded cache for /proj_sw/user_dev/ctr-apbernal/tt-metal/model_cache/meta-llama/Llama-3.3-70B-Instruct/TG/tensor_cache_instruct_bfp8/pb_rs_01_QKV_0_2048_dtype_BFLOAT8_B_layout_TILE.tensorbin of shape Shape([1, 1, 2048, 1280])
2026-08-29 11:54:03.972 | DEBUG    | core:as_tensor:724 - Loaded cache for /proj_sw/user_dev/ctr-apbernal/tt-metal/model_cache/meta-llama/Llama-3.3-70B-Instruct/TG/tensor_cache_instruct_bfp8/pb_rs_00_QKV_0_2048_dtype_BFLOAT8_B_layout_TILE.tensorbin of shape Shape([1, 1, 2048, 320])
2026-08-29 11:54:03.978 | DEBUG    | core:as_tensor:724 - Loaded cache for /proj_sw/user_dev/ctr-apbernal/tt-metal/model_cache/meta-llama/Llama-3.3-70B-Instruct/TG/tensor_cache_instruct_bfp8/pb_rs_01_FF1_0_2048_dtype_BFLOAT8_B_layout_TILE.tensorbin of shape Shape([1, 1, 2048, 3584])
2026-08-29 11:54:03.982 | DEBUG    | core:as_tensor:724 - Loaded cache for /proj_sw/user_dev/ctr-apbernal/tt-metal/model_cache/meta-llama/Llama-3.3-70B-Instruct/TG/tensor_cache_instruct_bfp8/pb_rs_00_FF1_0_2048_dtype_BFLOAT8_B_layout_TILE.tensorbin of shape Shape([1, 1, 2048, 896])
2026-08-29 11:54:03.989 | DEBUG    | core:as_tensor:724 - Loaded cache for /proj_sw/user_dev/ctr-apbernal/tt-metal/model_cache/meta-llama/Llama-3.3-70B-Instruct/TG/tensor_cache_instruct_bfp8/pb_rs_01_FF3_0_2048_dtype_BFLOAT8_B_layout_TILE.tensorbin of shape Shape([1, 1, 2048, 3584])
2026-08-29 11:54:03.992 | DEBUG    | core:as_tensor:724 - Loaded cache for /proj_sw/user_dev/ctr-apbernal/tt-metal/model_cache/meta-llama/Llama-3.3-70B-Instruct/TG/tensor_cache_instruct_bfp8/pb_rs_00_FF3_0_2048_dtype_BFLOAT8_B_layout_TILE.tensorbin of shape Shape([1, 1, 2048, 896])
2026-08-29 11:54:03.997 | DEBUG    | core:as_tensor:724 - Loaded cache for /proj_sw/user_dev/ctr-apbernal/tt-metal/model_cache/meta-llama/Llama-3.3-70B-Instruct/TG/tensor_cache_instruct_bfp8/pb_rs_01_FF2_0_2048_dtype_BFLOAT8_B_layout_TILE.tensorbin of shape Shape([1, 1, 2048, 2048])
2026-08-29 11:54:04.000 | DEBUG    | core:as_tensor:724 - Loaded cache for /proj_sw/user_dev/ctr-apbernal/tt-metal/model_cache/meta-llama/Llama-3.3-70B-Instruct/TG/tensor_cache_instruct_bfp8/pb_rs_00_FF2_0_2048_dtype_BFLOAT8_B_layout_TILE.tensorbin of shape Shape([1, 1, 2048, 256])
2026-08-29 11:54:04.004 | DEBUG    | core:as_tensor:724 - Loaded cache for /proj_sw/user_dev/ctr-apbernal/tt-metal/model_cache/meta-llama/Llama-3.3-70B-Instruct/TG/tensor_cache_instruct_bfp8/pb_rs_01_ATTN_REPLICATE_0_2048_dtype_BFLOAT8_B_layout_TILE.tensorbin of shape Shape([1, 1, 2048, 128])
2026-08-29 11:54:04.006 | DEBUG    | core:as_tensor:724 - Loaded cache for /proj_sw/user_dev/ctr-apbernal/tt-metal/model_cache/meta-llama/Llama-3.3-70B-Instruct/TG/tensor_cache_instruct_bfp8/pb_rs_00_ATTN_REPLICATE_0_2048_dtype_BFLOAT8_B_layout_TILE.tensorbin of shape Shape([1, 1, 2048, 32])
2026-08-29 11:54:04.010 | DEBUG    | core:as_tensor:724 - Loaded cache for /proj_sw/user_dev/ctr-apbernal/tt-metal/model_cache/meta-llama/Llama-3.3-70B-Instruct/TG/tensor_cache_instruct_bfp8/pb_rs_01_QKV_batched_0_2048_dtype_BFLOAT8_B_layout_TILE.tensorbin of shape Shape([1, 32, 64, 1280])
2026-08-29 11:54:04.013 | DEBUG    | core:as_tensor:724 - Loaded cache for /proj_sw/user_dev/ctr-apbernal/tt-metal/model_cache/meta-llama/Llama-3.3-70B-Instruct/TG/tensor_cache_instruct_bfp8/pb_rs_00_QKV_batched_0_2048_dtype_BFLOAT8_B_layout_TILE.tensorbin of shape Shape([1, 32, 64, 320])
2026-08-29 11:54:04.020 | DEBUG    | core:as_tensor:724 - Loaded cache for /proj_sw/user_dev/ctr-apbernal/tt-metal/model_cache/meta-llama/Llama-3.3-70B-Instruct/TG/tensor_cache_instruct_bfp8/pb_rs_01_FF1_batched_0_2048_dtype_BFLOAT8_B_layout_TILE.tensorbin of shape Shape([1, 32, 64, 3584])
2026-08-29 11:54:04.026 | DEBUG    | core:as_tensor:724 - Loaded cache for /proj_sw/user_dev/ctr-apbernal/tt-metal/model_cache/meta-llama/Llama-3.3-70B-Instruct/TG/tensor_cache_instruct_bfp8/pb_rs_00_FF1_batched_0_2048_dtype_BFLOAT8_B_layout_TILE.tensorbin of shape Shape([1, 32, 64, 896])
2026-08-29 11:54:04.033 | DEBUG    | core:as_tensor:724 - Loaded cache for /proj_sw/user_dev/ctr-apbernal/tt-metal/model_cache/meta-llama/Llama-3.3-70B-Instruct/TG/tensor_cache_instruct_bfp8/pb_rs_01_FF3_batched_0_2048_dtype_BFLOAT8_B_layout_TILE.tensorbin of shape Shape([1, 32, 64, 3584])
2026-08-29 11:54:04.041 | DEBUG    | core:as_tensor:724 - Loaded cache for /proj_sw/user_dev/ctr-apbernal/tt-metal/model_cache/meta-llama/Llama-3.3-70B-Instruct/TG/tensor_cache_instruct_bfp8/pb_rs_00_FF3_batched_0_2048_dtype_BFLOAT8_B_layout_TILE.tensorbin of shape Shape([1, 32, 64, 896])
2026-08-29 11:54:04.045 | DEBUG    | core:as_tensor:724 - Loaded cache for /proj_sw/user_dev/ctr-apbernal/tt-metal/model_cache/meta-llama/Llama-3.3-70B-Instruct/TG/tensor_cache_instruct_bfp8/pb_rs_01_FF2_batched_0_2048_dtype_BFLOAT8_B_layout_TILE.tensorbin of shape Shape([1, 32, 64, 2048])
2026-08-29 11:54:04.049 | DEBUG    | core:as_tensor:724 - Loaded cache for /proj_sw/user_dev/ctr-apbernal/tt-metal/model_cache/meta-llama/Llama-3.3-70B-Instruct/TG/tensor_cache_instruct_bfp8/pb_rs_00_FF2_batched_0_2048_dtype_BFLOAT8_B_layout_TILE.tensorbin of shape Shape([1, 32, 64, 256])
2026-08-29 11:54:04.054 | DEBUG    | core:as_tensor:724 - Loaded cache for /proj_sw/user_dev/ctr-apbernal/tt-metal/model_cache/meta-llama/Llama-3.3-70B-Instruct/TG/tensor_cache_instruct_bfp8/pb_rs_01_QKV_0_1024_dtype_BFLOAT8_B_layout_TILE.tensorbin of shape Shape([1, 1, 1024, 1280])
2026-08-29 11:54:04.058 | DEBUG    | core:as_tensor:724 - Loaded cache for /proj_sw/user_dev/ctr-apbernal/tt-metal/model_cache/meta-llama/Llama-3.3-70B-Instruct/TG/tensor_cache_instruct_bfp8/pb_rs_00_QKV_0_1024_dtype_BFLOAT8_B_layout_TILE.tensorbin of shape Shape([1, 1, 1024, 320])
2026-08-29 11:54:04.064 | DEBUG    | core:as_tensor:724 - Loaded cache for /proj_sw/user_dev/ctr-apbernal/tt-metal/model_cache/meta-llama/Llama-3.3-70B-Instruct/TG/tensor_cache_instruct_bfp8/pb_rs_01_FF1_0_1024_dtype_BFLOAT8_B_layout_TILE.tensorbin of shape Shape([1, 1, 1024, 3584])
2026-08-29 11:54:04.068 | DEBUG    | core:as_tensor:724 - Loaded cache for /proj_sw/user_dev/ctr-apbernal/tt-metal/model_cache/meta-llama/Llama-3.3-70B-Instruct/TG/tensor_cache_instruct_bfp8/pb_rs_00_FF1_0_1024_dtype_BFLOAT8_B_layout_TILE.tensorbin of shape Shape([1, 1, 1024, 896])
2026-08-29 11:54:04.072 | DEBUG    | core:as_tensor:724 - Loaded cache for /proj_sw/user_dev/ctr-apbernal/tt-metal/model_cache/meta-llama/Llama-3.3-70B-Instruct/TG/tensor_cache_instruct_bfp8/pb_rs_01_FF3_0_1024_dtype_BFLOAT8_B_layout_TILE.tensorbin of shape Shape([1, 1, 1024, 3584])
2026-08-29 11:54:04.077 | DEBUG    | core:as_tensor:724 - Loaded cache for /proj_sw/user_dev/ctr-apbernal/tt-metal/model_cache/meta-llama/Llama-3.3-70B-Instruct/TG/tensor_cache_instruct_bfp8/pb_rs_00_FF3_0_1024_dtype_BFLOAT8_B_layout_TILE.tensorbin of shape Shape([1, 1, 1024, 896])
2026-08-29 11:54:04.080 | DEBUG    | core:as_tensor:724 - Loaded cache for /proj_sw/user_dev/ctr-apbernal/tt-metal/model_cache/meta-llama/Llama-3.3-70B-Instruct/TG/tensor_cache_instruct_bfp8/pb_rs_01_FF2_0_1024_dtype_BFLOAT8_B_layout_TILE.tensorbin of shape Shape([1, 1, 1024, 2048])
2026-08-29 11:54:04.083 | DEBUG    | core:as_tensor:724 - Loaded cache for /proj_sw/user_dev/ctr-apbernal/tt-metal/model_cache/meta-llama/Llama-3.3-70B-Instruct/TG/tensor_cache_instruct_bfp8/pb_rs_00_FF2_0_1024_dtype_BFLOAT8_B_layout_TILE.tensorbin of shape Shape([1, 1, 1024, 256])
2026-08-29 11:54:04.086 | DEBUG    | core:as_tensor:724 - Loaded cache for /proj_sw/user_dev/ctr-apbernal/tt-metal/model_cache/meta-llama/Llama-3.3-70B-Instruct/TG/tensor_cache_instruct_bfp8/pb_rs_01_ATTN_REPLICATE_0_1024_dtype_BFLOAT8_B_layout_TILE.tensorbin of shape Shape([1, 1, 1024, 128])
2026-08-29 11:54:04.089 | DEBUG    | core:as_tensor:724 - Loaded cache for /proj_sw/user_dev/ctr-apbernal/tt-metal/model_cache/meta-llama/Llama-3.3-70B-Instruct/TG/tensor_cache_instruct_bfp8/pb_rs_00_ATTN_REPLICATE_0_1024_dtype_BFLOAT8_B_layout_TILE.tensorbin of shape Shape([1, 1, 1024, 32])
2026-08-29 11:54:04.093 | DEBUG    | core:as_tensor:724 - Loaded cache for /proj_sw/user_dev/ctr-apbernal/tt-metal/model_cache/meta-llama/Llama-3.3-70B-Instruct/TG/tensor_cache_instruct_bfp8/pb_rs_01_QKV_batched_0_1024_dtype_BFLOAT8_B_layout_TILE.tensorbin of shape Shape([1, 32, 32, 1280])
2026-08-29 11:54:04.097 | DEBUG    | core:as_tensor:724 - Loaded cache for /proj_sw/user_dev/ctr-apbernal/tt-metal/model_cache/meta-llama/Llama-3.3-70B-Instruct/TG/tensor_cache_instruct_bfp8/pb_rs_00_QKV_batched_0_1024_dtype_BFLOAT8_B_layout_TILE.tensorbin of shape Shape([1, 32, 32, 320])
2026-08-29 11:54:04.100 | DEBUG    | core:as_tensor:724 - Loaded cache for /proj_sw/user_dev/ctr-apbernal/tt-metal/model_cache/meta-llama/Llama-3.3-70B-Instruct/TG/tensor_cache_instruct_bfp8/pb_rs_01_FF1_batched_0_1024_dtype_BFLOAT8_B_layout_TILE.tensorbin of shape Shape([1, 32, 32, 3584])
2026-08-29 11:54:04.105 | DEBUG    | core:as_tensor:724 - Loaded cache for /proj_sw/user_dev/ctr-apbernal/tt-metal/model_cache/meta-llama/Llama-3.3-70B-Instruct/TG/tensor_cache_instruct_bfp8/pb_rs_00_FF1_batched_0_1024_dtype_BFLOAT8_B_layout_TILE.tensorbin of shape Shape([1, 32, 32, 896])
2026-08-29 11:54:04.111 | DEBUG    | core:as_tensor:724 - Loaded cache for /proj_sw/user_dev/ctr-apbernal/tt-metal/model_cache/meta-llama/Llama-3.3-70B-Instruct/TG/tensor_cache_instruct_bfp8/pb_rs_01_FF3_batched_0_1024_dtype_BFLOAT8_B_layout_TILE.tensorbin of shape Shape([1, 32, 32, 3584])
2026-08-29 11:54:04.115 | DEBUG    | core:as_tensor:724 - Loaded cache for /proj_sw/user_dev/ctr-apbernal/tt-metal/model_cache/meta-llama/Llama-3.3-70B-Instruct/TG/tensor_cache_instruct_bfp8/pb_rs_00_FF3_batched_0_1024_dtype_BFLOAT8_B_layout_TILE.tensorbin of shape Shape([1, 32, 32, 896])
2026-08-29 11:54:04.121 | DEBUG    | core:as_tensor:724 - Loaded cache for /proj_sw/user_dev/ctr-apbernal/tt-metal/model_cache/meta-llama/Llama-3.3-70B-Instruct/TG/tensor_cache_instruct_bfp8/pb_rs_01_FF2_batched_0_1024_dtype_BFLOAT8_B_layout_TILE.tensorbin of shape Shape([1, 32, 32, 2048])
2026-08-29 11:54:04.125 | DEBUG    | core:as_tensor:724 - Loaded cache for /proj_sw/user_dev/ctr-apbernal/tt-metal/model_cache/meta-llama/Llama-3.3-70B-Instruct/TG/tensor_cache_instruct_bfp8/pb_rs_00_FF2_batched_0_1024_dtype_BFLOAT8_B_layout_TILE.tensorbin of shape Shape([1, 32, 32, 256])
2026-08-29 11:54:04.129 | DEBUG    | core:as_tensor:724 - Loaded cache for /proj_sw/user_dev/ctr-apbernal/tt-metal/model_cache/meta-llama/Llama-3.3-70B-Instruct/TG/tensor_cache_instruct_bfp8/pb_rs_01_QKV_0_128_dtype_BFLOAT8_B_layout_TILE.tensorbin of shape Shape([1, 1, 128, 1280])
2026-08-29 11:54:04.131 | DEBUG    | core:as_tensor:724 - Loaded cache for /proj_sw/user_dev/ctr-apbernal/tt-metal/model_cache/meta-llama/Llama-3.3-70B-Instruct/TG/tensor_cache_instruct_bfp8/pb_rs_00_QKV_0_128_dtype_BFLOAT8_B_layout_TILE.tensorbin of shape Shape([1, 1, 128, 320])
2026-08-29 11:54:04.134 | DEBUG    | core:as_tensor:724 - Loaded cache for /proj_sw/user_dev/ctr-apbernal/tt-metal/model_cache/meta-llama/Llama-3.3-70B-Instruct/TG/tensor_cache_instruct_bfp8/pb_rs_01_FF1_0_128_dtype_BFLOAT8_B_layout_TILE.tensorbin of shape Shape([1, 1, 128, 3584])
2026-08-29 11:54:04.136 | DEBUG    | core:as_tensor:724 - Loaded cache for /proj_sw/user_dev/ctr-apbernal/tt-metal/model_cache/meta-llama/Llama-3.3-70B-Instruct/TG/tensor_cache_instruct_bfp8/pb_rs_00_FF1_0_128_dtype_BFLOAT8_B_layout_TILE.tensorbin of shape Shape([1, 1, 128, 896])
2026-08-29 11:54:04.139 | DEBUG    | core:as_tensor:724 - Loaded cache for /proj_sw/user_dev/ctr-apbernal/tt-metal/model_cache/meta-llama/Llama-3.3-70B-Instruct/TG/tensor_cache_instruct_bfp8/pb_rs_01_FF3_0_128_dtype_BFLOAT8_B_layout_TILE.tensorbin of shape Shape([1, 1, 128, 3584])
2026-08-29 11:54:04.142 | DEBUG    | core:as_tensor:724 - Loaded cache for /proj_sw/user_dev/ctr-apbernal/tt-metal/model_cache/meta-llama/Llama-3.3-70B-Instruct/TG/tensor_cache_instruct_bfp8/pb_rs_00_FF3_0_128_dtype_BFLOAT8_B_layout_TILE.tensorbin of shape Shape([1, 1, 128, 896])
2026-08-29 11:54:04.144 | DEBUG    | core:as_tensor:724 - Loaded cache for /proj_sw/user_dev/ctr-apbernal/tt-metal/model_cache/meta-llama/Llama-3.3-70B-Instruct/TG/tensor_cache_instruct_bfp8/pb_rs_01_FF2_0_128_dtype_BFLOAT8_B_layout_TILE.tensorbin of shape Shape([1, 1, 128, 2048])
2026-08-29 11:54:04.146 | DEBUG    | core:as_tensor:724 - Loaded cache for /proj_sw/user_dev/ctr-apbernal/tt-metal/model_cache/meta-llama/Llama-3.3-70B-Instruct/TG/tensor_cache_instruct_bfp8/pb_rs_00_FF2_0_128_dtype_BFLOAT8_B_layout_TILE.tensorbin of shape Shape([1, 1, 128, 256])
2026-08-29 11:54:04.147 | DEBUG    | core:as_tensor:724 - Loaded cache for /proj_sw/user_dev/ctr-apbernal/tt-metal/model_cache/meta-llama/Llama-3.3-70B-Instruct/TG/tensor_cache_instruct_bfp8/pb_rs_01_ATTN_REPLICATE_0_128_dtype_BFLOAT8_B_layout_TILE.tensorbin of shape Shape([1, 1, 128, 128])
2026-08-29 11:54:04.149 | DEBUG    | core:as_tensor:724 - Loaded cache for /proj_sw/user_dev/ctr-apbernal/tt-metal/model_cache/meta-llama/Llama-3.3-70B-Instruct/TG/tensor_cache_instruct_bfp8/pb_rs_00_ATTN_REPLICATE_0_128_dtype_BFLOAT8_B_layout_TILE.tensorbin of shape Shape([1, 1, 128, 32])
2026-08-29 11:54:04.153 | DEBUG    | core:as_tensor:724 - Loaded cache for /proj_sw/user_dev/ctr-apbernal/tt-metal/model_cache/meta-llama/Llama-3.3-70B-Instruct/TG/tensor_cache_instruct_bfp8/pb_rs_01_QKV_batched_0_128_dtype_BFLOAT8_B_layout_TILE.tensorbin of shape Shape([1, 32, 4, 1280])
2026-08-29 11:54:04.157 | DEBUG    | core:as_tensor:724 - Loaded cache for /proj_sw/user_dev/ctr-apbernal/tt-metal/model_cache/meta-llama/Llama-3.3-70B-Instruct/TG/tensor_cache_instruct_bfp8/pb_rs_00_QKV_batched_0_128_dtype_BFLOAT8_B_layout_TILE.tensorbin of shape Shape([1, 32, 4, 320])
2026-08-29 11:54:04.162 | DEBUG    | core:as_tensor:724 - Loaded cache for /proj_sw/user_dev/ctr-apbernal/tt-metal/model_cache/meta-llama/Llama-3.3-70B-Instruct/TG/tensor_cache_instruct_bfp8/pb_rs_01_FF1_batched_0_128_dtype_BFLOAT8_B_layout_TILE.tensorbin of shape Shape([1, 32, 4, 3584])
2026-08-29 11:54:04.165 | DEBUG    | core:as_tensor:724 - Loaded cache for /proj_sw/user_dev/ctr-apbernal/tt-metal/model_cache/meta-llama/Llama-3.3-70B-Instruct/TG/tensor_cache_instruct_bfp8/pb_rs_00_FF1_batched_0_128_dtype_BFLOAT8_B_layout_TILE.tensorbin of shape Shape([1, 32, 4, 896])
2026-08-29 11:54:04.171 | DEBUG    | core:as_tensor:724 - Loaded cache for /proj_sw/user_dev/ctr-apbernal/tt-metal/model_cache/meta-llama/Llama-3.3-70B-Instruct/TG/tensor_cache_instruct_bfp8/pb_rs_01_FF3_batched_0_128_dtype_BFLOAT8_B_layout_TILE.tensorbin of shape Shape([1, 32, 4, 3584])
2026-08-29 11:54:04.175 | DEBUG    | core:as_tensor:724 - Loaded cache for /proj_sw/user_dev/ctr-apbernal/tt-metal/model_cache/meta-llama/Llama-3.3-70B-Instruct/TG/tensor_cache_instruct_bfp8/pb_rs_00_FF3_batched_0_128_dtype_BFLOAT8_B_layout_TILE.tensorbin of shape Shape([1, 32, 4, 896])
2026-08-29 11:54:04.180 | DEBUG    | core:as_tensor:724 - Loaded cache for /proj_sw/user_dev/ctr-apbernal/tt-metal/model_cache/meta-llama/Llama-3.3-70B-Instruct/TG/tensor_cache_instruct_bfp8/pb_rs_01_FF2_batched_0_128_dtype_BFLOAT8_B_layout_TILE.tensorbin of shape Shape([1, 32, 4, 2048])
2026-08-29 11:54:04.182 | DEBUG    | core:as_tensor:724 - Loaded cache for /proj_sw/user_dev/ctr-apbernal/tt-metal/model_cache/meta-llama/Llama-3.3-70B-Instruct/TG/tensor_cache_instruct_bfp8/pb_rs_00_FF2_batched_0_128_dtype_BFLOAT8_B_layout_TILE.tensorbin of shape Shape([1, 32, 4, 256])
2026-08-29 11:54:04.186 | DEBUG    | core:as_tensor:724 - Loaded cache for /proj_sw/user_dev/ctr-apbernal/tt-metal/model_cache/meta-llama/Llama-3.3-70B-Instruct/TG/tensor_cache_instruct_bfp8/pb_ag_QKV4096_dtype_BFLOAT8_B_layout_TILE.tensorbin of shape Shape([1, 1, 4096, 1280])
2026-08-29 11:54:04.190 | DEBUG    | core:as_tensor:724 - Loaded cache for /proj_sw/user_dev/ctr-apbernal/tt-metal/model_cache/meta-llama/Llama-3.3-70B-Instruct/TG/tensor_cache_instruct_bfp8/pb_ag_SDPA4096_dtype_BFLOAT8_B_layout_TILE.tensorbin of shape Shape([1, 1, 2048, 1024])
2026-08-29 11:54:04.196 | DEBUG    | core:as_tensor:724 - Loaded cache for /proj_sw/user_dev/ctr-apbernal/tt-metal/model_cache/meta-llama/Llama-3.3-70B-Instruct/TG/tensor_cache_instruct_bfp8/pb_ag_SDPA_REVERSE4096_dtype_BFLOAT8_B_layout_TILE.tensorbin of shape Shape([1, 1, 2048, 1024])
2026-08-29 11:54:04.239 | DEBUG    | core:as_tensor:724 - Loaded cache for /proj_sw/user_dev/ctr-apbernal/tt-metal/model_cache/meta-llama/Llama-3.3-70B-Instruct/TG/tensor_cache_instruct_bfp8/pb_ag_WO_AG4096_dtype_BFLOAT8_B_layout_TILE.tensorbin of shape Shape([8, 1, 4096, 2048])
2026-08-29 11:54:04.264 | DEBUG    | core:as_tensor:724 - Loaded cache for /proj_sw/user_dev/ctr-apbernal/tt-metal/model_cache/meta-llama/Llama-3.3-70B-Instruct/TG/tensor_cache_instruct_bfp8/pb_ag_FF14096_dtype_BFLOAT8_B_layout_TILE.tensorbin of shape Shape([1, 1, 4096, 3584])
2026-08-29 11:54:04.280 | DEBUG    | core:as_tensor:724 - Loaded cache for /proj_sw/user_dev/ctr-apbernal/tt-metal/model_cache/meta-llama/Llama-3.3-70B-Instruct/TG/tensor_cache_instruct_bfp8/pb_ag_FF34096_dtype_BFLOAT8_B_layout_TILE.tensorbin of shape Shape([1, 1, 4096, 3584])
2026-08-29 11:54:04.293 | DEBUG    | core:as_tensor:724 - Loaded cache for /proj_sw/user_dev/ctr-apbernal/tt-metal/model_cache/meta-llama/Llama-3.3-70B-Instruct/TG/tensor_cache_instruct_bfp8/pb_ag_FF24096_dtype_BFLOAT8_B_layout_TILE.tensorbin of shape Shape([1, 1, 4096, 2048])
2026-08-29 11:54:04.300 | DEBUG    | core:as_tensor:724 - Loaded cache for /proj_sw/user_dev/ctr-apbernal/tt-metal/model_cache/meta-llama/Llama-3.3-70B-Instruct/TG/tensor_cache_instruct_bfp8/pb_ag_LAYERNORM4096_dtype_BFLOAT16_layout_TILE.tensorbin of shape Shape([1, 1, 4096, 128])
2026-08-29 11:54:04.304 | DEBUG    | core:as_tensor:724 - Loaded cache for /proj_sw/user_dev/ctr-apbernal/tt-metal/model_cache/meta-llama/Llama-3.3-70B-Instruct/TG/tensor_cache_instruct_bfp8/pb_ag_ATTN_REPLICATE4096_dtype_BFLOAT8_B_layout_TILE.tensorbin of shape Shape([1, 1, 4096, 128])
2026-08-29 11:54:04.310 | DEBUG    | core:as_tensor:724 - Loaded cache for /proj_sw/user_dev/ctr-apbernal/tt-metal/model_cache/meta-llama/Llama-3.3-70B-Instruct/TG/tensor_cache_instruct_bfp8/pb_ag_QKV2048_dtype_BFLOAT8_B_layout_TILE.tensorbin of shape Shape([1, 1, 2048, 1280])
2026-08-29 11:54:04.314 | DEBUG    | core:as_tensor:724 - Loaded cache for /proj_sw/user_dev/ctr-apbernal/tt-metal/model_cache/meta-llama/Llama-3.3-70B-Instruct/TG/tensor_cache_instruct_bfp8/pb_ag_SDPA2048_dtype_BFLOAT8_B_layout_TILE.tensorbin of shape Shape([1, 1, 1024, 1024])
2026-08-29 11:54:04.316 | DEBUG    | core:as_tensor:724 - Loaded cache for /proj_sw/user_dev/ctr-apbernal/tt-metal/model_cache/meta-llama/Llama-3.3-70B-Instruct/TG/tensor_cache_instruct_bfp8/pb_ag_SDPA_REVERSE2048_dtype_BFLOAT8_B_layout_TILE.tensorbin of shape Shape([1, 1, 1024, 1024])
2026-08-29 11:54:04.339 | DEBUG    | core:as_tensor:724 - Loaded cache for /proj_sw/user_dev/ctr-apbernal/tt-metal/model_cache/meta-llama/Llama-3.3-70B-Instruct/TG/tensor_cache_instruct_bfp8/pb_ag_WO_AG2048_dtype_BFLOAT8_B_layout_TILE.tensorbin of shape Shape([8, 1, 2048, 2048])
2026-08-29 11:54:04.356 | DEBUG    | core:as_tensor:724 - Loaded cache for /proj_sw/user_dev/ctr-apbernal/tt-metal/model_cache/meta-llama/Llama-3.3-70B-Instruct/TG/tensor_cache_instruct_bfp8/pb_ag_FF12048_dtype_BFLOAT8_B_layout_TILE.tensorbin of shape Shape([1, 1, 2048, 3584])
2026-08-29 11:54:04.364 | DEBUG    | core:as_tensor:724 - Loaded cache for /proj_sw/user_dev/ctr-apbernal/tt-metal/model_cache/meta-llama/Llama-3.3-70B-Instruct/TG/tensor_cache_instruct_bfp8/pb_ag_FF32048_dtype_BFLOAT8_B_layout_TILE.tensorbin of shape Shape([1, 1, 2048, 3584])
2026-08-29 11:54:04.370 | DEBUG    | core:as_tensor:724 - Loaded cache for /proj_sw/user_dev/ctr-apbernal/tt-metal/model_cache/meta-llama/Llama-3.3-70B-Instruct/TG/tensor_cache_instruct_bfp8/pb_ag_FF22048_dtype_BFLOAT8_B_layout_TILE.tensorbin of shape Shape([1, 1, 2048, 2048])
2026-08-29 11:54:04.374 | DEBUG    | core:as_tensor:724 - Loaded cache for /proj_sw/user_dev/ctr-apbernal/tt-metal/model_cache/meta-llama/Llama-3.3-70B-Instruct/TG/tensor_cache_instruct_bfp8/pb_ag_LAYERNORM2048_dtype_BFLOAT16_layout_TILE.tensorbin of shape Shape([1, 1, 2048, 128])
2026-08-29 11:54:04.378 | DEBUG    | core:as_tensor:724 - Loaded cache for /proj_sw/user_dev/ctr-apbernal/tt-metal/model_cache/meta-llama/Llama-3.3-70B-Instruct/TG/tensor_cache_instruct_bfp8/pb_ag_ATTN_REPLICATE2048_dtype_BFLOAT8_B_layout_TILE.tensorbin of shape Shape([1, 1, 2048, 128])
2026-08-29 11:54:04.381 | DEBUG    | core:as_tensor:724 - Loaded cache for /proj_sw/user_dev/ctr-apbernal/tt-metal/model_cache/meta-llama/Llama-3.3-70B-Instruct/TG/tensor_cache_instruct_bfp8/pb_ag_QKV1024_dtype_BFLOAT8_B_layout_TILE.tensorbin of shape Shape([1, 1, 1024, 1280])
2026-08-29 11:54:04.385 | DEBUG    | core:as_tensor:724 - Loaded cache for /proj_sw/user_dev/ctr-apbernal/tt-metal/model_cache/meta-llama/Llama-3.3-70B-Instruct/TG/tensor_cache_instruct_bfp8/pb_ag_SDPA1024_dtype_BFLOAT8_B_layout_TILE.tensorbin of shape Shape([1, 1, 512, 1024])
2026-08-29 11:54:04.387 | DEBUG    | core:as_tensor:724 - Loaded cache for /proj_sw/user_dev/ctr-apbernal/tt-metal/model_cache/meta-llama/Llama-3.3-70B-Instruct/TG/tensor_cache_instruct_bfp8/pb_ag_SDPA_REVERSE1024_dtype_BFLOAT8_B_layout_TILE.tensorbin of shape Shape([1, 1, 512, 1024])
2026-08-29 11:54:04.399 | DEBUG    | core:as_tensor:724 - Loaded cache for /proj_sw/user_dev/ctr-apbernal/tt-metal/model_cache/meta-llama/Llama-3.3-70B-Instruct/TG/tensor_cache_instruct_bfp8/pb_ag_WO_AG1024_dtype_BFLOAT8_B_layout_TILE.tensorbin of shape Shape([8, 1, 1024, 2048])
2026-08-29 11:54:04.407 | DEBUG    | core:as_tensor:724 - Loaded cache for /proj_sw/user_dev/ctr-apbernal/tt-metal/model_cache/meta-llama/Llama-3.3-70B-Instruct/TG/tensor_cache_instruct_bfp8/pb_ag_FF11024_dtype_BFLOAT8_B_layout_TILE.tensorbin of shape Shape([1, 1, 1024, 3584])
2026-08-29 11:54:04.413 | DEBUG    | core:as_tensor:724 - Loaded cache for /proj_sw/user_dev/ctr-apbernal/tt-metal/model_cache/meta-llama/Llama-3.3-70B-Instruct/TG/tensor_cache_instruct_bfp8/pb_ag_FF31024_dtype_BFLOAT8_B_layout_TILE.tensorbin of shape Shape([1, 1, 1024, 3584])
2026-08-29 11:54:04.419 | DEBUG    | core:as_tensor:724 - Loaded cache for /proj_sw/user_dev/ctr-apbernal/tt-metal/model_cache/meta-llama/Llama-3.3-70B-Instruct/TG/tensor_cache_instruct_bfp8/pb_ag_FF21024_dtype_BFLOAT8_B_layout_TILE.tensorbin of shape Shape([1, 1, 1024, 2048])
2026-08-29 11:54:04.423 | DEBUG    | core:as_tensor:724 - Loaded cache for /proj_sw/user_dev/ctr-apbernal/tt-metal/model_cache/meta-llama/Llama-3.3-70B-Instruct/TG/tensor_cache_instruct_bfp8/pb_ag_LAYERNORM1024_dtype_BFLOAT16_layout_TILE.tensorbin of shape Shape([1, 1, 1024, 128])
2026-08-29 11:54:04.428 | DEBUG    | core:as_tensor:724 - Loaded cache for /proj_sw/user_dev/ctr-apbernal/tt-metal/model_cache/meta-llama/Llama-3.3-70B-Instruct/TG/tensor_cache_instruct_bfp8/pb_ag_ATTN_REPLICATE1024_dtype_BFLOAT8_B_layout_TILE.tensorbin of shape Shape([1, 1, 1024, 128])
2026-08-29 11:54:04.431 | DEBUG    | core:as_tensor:724 - Loaded cache for /proj_sw/user_dev/ctr-apbernal/tt-metal/model_cache/meta-llama/Llama-3.3-70B-Instruct/TG/tensor_cache_instruct_bfp8/pb_ag_QKV128_dtype_BFLOAT8_B_layout_TILE.tensorbin of shape Shape([1, 1, 128, 1280])
2026-08-29 11:54:04.435 | DEBUG    | core:as_tensor:724 - Loaded cache for /proj_sw/user_dev/ctr-apbernal/tt-metal/model_cache/meta-llama/Llama-3.3-70B-Instruct/TG/tensor_cache_instruct_bfp8/pb_ag_SDPA128_dtype_BFLOAT8_B_layout_TILE.tensorbin of shape Shape([1, 1, 64, 1024])
2026-08-29 11:54:04.439 | DEBUG    | core:as_tensor:724 - Loaded cache for /proj_sw/user_dev/ctr-apbernal/tt-metal/model_cache/meta-llama/Llama-3.3-70B-Instruct/TG/tensor_cache_instruct_bfp8/pb_ag_SDPA_REVERSE128_dtype_BFLOAT8_B_layout_TILE.tensorbin of shape Shape([1, 1, 64, 1024])
2026-08-29 11:54:04.445 | DEBUG    | core:as_tensor:724 - Loaded cache for /proj_sw/user_dev/ctr-apbernal/tt-metal/model_cache/meta-llama/Llama-3.3-70B-Instruct/TG/tensor_cache_instruct_bfp8/pb_ag_WO_AG128_dtype_BFLOAT8_B_layout_TILE.tensorbin of shape Shape([8, 1, 128, 2048])
2026-08-29 11:54:04.449 | DEBUG    | core:as_tensor:724 - Loaded cache for /proj_sw/user_dev/ctr-apbernal/tt-metal/model_cache/meta-llama/Llama-3.3-70B-Instruct/TG/tensor_cache_instruct_bfp8/pb_ag_FF1128_dtype_BFLOAT8_B_layout_TILE.tensorbin of shape Shape([1, 1, 128, 3584])
2026-08-29 11:54:04.454 | DEBUG    | core:as_tensor:724 - Loaded cache for /proj_sw/user_dev/ctr-apbernal/tt-metal/model_cache/meta-llama/Llama-3.3-70B-Instruct/TG/tensor_cache_instruct_bfp8/pb_ag_FF3128_dtype_BFLOAT8_B_layout_TILE.tensorbin of shape Shape([1, 1, 128, 3584])
2026-08-29 11:54:04.456 | DEBUG    | core:as_tensor:724 - Loaded cache for /proj_sw/user_dev/ctr-apbernal/tt-metal/model_cache/meta-llama/Llama-3.3-70B-Instruct/TG/tensor_cache_instruct_bfp8/pb_ag_FF2128_dtype_BFLOAT8_B_layout_TILE.tensorbin of shape Shape([1, 1, 128, 2048])
2026-08-29 11:54:04.459 | DEBUG    | core:as_tensor:724 - Loaded cache for /proj_sw/user_dev/ctr-apbernal/tt-metal/model_cache/meta-llama/Llama-3.3-70B-Instruct/TG/tensor_cache_instruct_bfp8/pb_ag_LAYERNORM128_dtype_BFLOAT16_layout_TILE.tensorbin of shape Shape([1, 1, 128, 128])
2026-08-29 11:54:04.463 | DEBUG    | core:as_tensor:724 - Loaded cache for /proj_sw/user_dev/ctr-apbernal/tt-metal/model_cache/meta-llama/Llama-3.3-70B-Instruct/TG/tensor_cache_instruct_bfp8/pb_ag_ATTN_REPLICATE128_dtype_BFLOAT8_B_layout_TILE.tensorbin of shape Shape([1, 1, 128, 128])
2026-08-29 11:54:04.467 | DEBUG    | core:as_tensor:724 - Loaded cache for /proj_sw/user_dev/ctr-apbernal/tt-metal/model_cache/meta-llama/Llama-3.3-70B-Instruct/TG/tensor_cache_instruct_bfp8/pb_ag_LM_HEAD_32_dtype_BFLOAT8_B_layout_TILE.tensorbin of shape Shape([4, 1, 32, 16384])
2026-08-29 11:54:04.474 | DEBUG    | core:as_tensor:724 - Loaded cache for /proj_sw/user_dev/ctr-apbernal/tt-metal/model_cache/meta-llama/Llama-3.3-70B-Instruct/TG/tensor_cache_instruct_bfp8/pb_ag_SAMPLING_32_dtype_BFLOAT8_B_layout_TILE.tensorbin of shape Shape([1, 1, 32, 131072])
2026-08-29 11:54:04.474 | INFO     | models.demos.llama3_70b_galaxy.tt.prefetcher_common:__init__:33 - Running TtLlamaPrefetcherSetup
2026-08-29 11:54:04.497 | DEBUG    | core:as_tensor:724 - Loaded cache for /proj_sw/user_dev/ctr-apbernal/tt-metal/model_cache/meta-llama/Llama-3.3-70B-Instruct/TG/tensor_cache_instruct_bfp8/pb_rs_01_QKV_0_4096_dtype_BFLOAT8_B_layout_TILE.tensorbin of shape Shape([1, 1, 4096, 1280])
2026-08-29 11:54:04.501 | DEBUG    | core:as_tensor:724 - Loaded cache for /proj_sw/user_dev/ctr-apbernal/tt-metal/model_cache/meta-llama/Llama-3.3-70B-Instruct/TG/tensor_cache_instruct_bfp8/pb_rs_00_QKV_0_4096_dtype_BFLOAT8_B_layout_TILE.tensorbin of shape Shape([1, 1, 4096, 320])
2026-08-29 11:54:04.514 | DEBUG    | core:as_tensor:724 - Loaded cache for /proj_sw/user_dev/ctr-apbernal/tt-metal/model_cache/meta-llama/Llama-3.3-70B-Instruct/TG/tensor_cache_instruct_bfp8/pb_rs_01_FF1_0_4096_dtype_BFLOAT8_B_layout_TILE.tensorbin of shape Shape([1, 1, 4096, 3584])
2026-08-29 11:54:04.524 | DEBUG    | core:as_tensor:724 - Loaded cache for /proj_sw/user_dev/ctr-apbernal/tt-metal/model_cache/meta-llama/Llama-3.3-70B-Instruct/TG/tensor_cache_instruct_bfp8/pb_rs_00_FF1_0_4096_dtype_BFLOAT8_B_layout_TILE.tensorbin of shape Shape([1, 1, 4096, 896])
2026-08-29 11:54:04.535 | DEBUG    | core:as_tensor:724 - Loaded cache for /proj_sw/user_dev/ctr-apbernal/tt-metal/model_cache/meta-llama/Llama-3.3-70B-Instruct/TG/tensor_cache_instruct_bfp8/pb_rs_01_FF3_0_4096_dtype_BFLOAT8_B_layout_TILE.tensorbin of shape Shape([1, 1, 4096, 3584])
2026-08-29 11:54:04.543 | DEBUG    | core:as_tensor:724 - Loaded cache for /proj_sw/user_dev/ctr-apbernal/tt-metal/model_cache/meta-llama/Llama-3.3-70B-Instruct/TG/tensor_cache_instruct_bfp8/pb_rs_00_FF3_0_4096_dtype_BFLOAT8_B_layout_TILE.tensorbin of shape Shape([1, 1, 4096, 896])
2026-08-29 11:54:04.551 | DEBUG    | core:as_tensor:724 - Loaded cache for /proj_sw/user_dev/ctr-apbernal/tt-metal/model_cache/meta-llama/Llama-3.3-70B-Instruct/TG/tensor_cache_instruct_bfp8/pb_rs_01_FF2_0_4096_dtype_BFLOAT8_B_layout_TILE.tensorbin of shape Shape([1, 1, 4096, 2048])
2026-08-29 11:54:04.557 | DEBUG    | core:as_tensor:724 - Loaded cache for /proj_sw/user_dev/ctr-apbernal/tt-metal/model_cache/meta-llama/Llama-3.3-70B-Instruct/TG/tensor_cache_instruct_bfp8/pb_rs_00_FF2_0_4096_dtype_BFLOAT8_B_layout_TILE.tensorbin of shape Shape([1, 1, 4096, 256])
2026-08-29 11:54:04.561 | DEBUG    | core:as_tensor:724 - Loaded cache for /proj_sw/user_dev/ctr-apbernal/tt-metal/model_cache/meta-llama/Llama-3.3-70B-Instruct/TG/tensor_cache_instruct_bfp8/pb_rs_01_ATTN_REPLICATE_0_4096_dtype_BFLOAT8_B_layout_TILE.tensorbin of shape Shape([1, 1, 4096, 128])
2026-08-29 11:54:04.562 | DEBUG    | core:as_tensor:724 - Loaded cache for /proj_sw/user_dev/ctr-apbernal/tt-metal/model_cache/meta-llama/Llama-3.3-70B-Instruct/TG/tensor_cache_instruct_bfp8/pb_rs_00_ATTN_REPLICATE_0_4096_dtype_BFLOAT8_B_layout_TILE.tensorbin of shape Shape([1, 1, 4096, 32])
2026-08-29 11:54:04.567 | DEBUG    | core:as_tensor:724 - Loaded cache for /proj_sw/user_dev/ctr-apbernal/tt-metal/model_cache/meta-llama/Llama-3.3-70B-Instruct/TG/tensor_cache_instruct_bfp8/pb_rs_01_QKV_batched_0_4096_dtype_BFLOAT8_B_layout_TILE.tensorbin of shape Shape([1, 32, 128, 1280])
2026-08-29 11:54:04.570 | DEBUG    | core:as_tensor:724 - Loaded cache for /proj_sw/user_dev/ctr-apbernal/tt-metal/model_cache/meta-llama/Llama-3.3-70B-Instruct/TG/tensor_cache_instruct_bfp8/pb_rs_00_QKV_batched_0_4096_dtype_BFLOAT8_B_layout_TILE.tensorbin of shape Shape([1, 32, 128, 320])
2026-08-29 11:54:04.581 | DEBUG    | core:as_tensor:724 - Loaded cache for /proj_sw/user_dev/ctr-apbernal/tt-metal/model_cache/meta-llama/Llama-3.3-70B-Instruct/TG/tensor_cache_instruct_bfp8/pb_rs_01_FF1_batched_0_4096_dtype_BFLOAT8_B_layout_TILE.tensorbin of shape Shape([1, 32, 128, 3584])
2026-08-29 11:54:04.589 | DEBUG    | core:as_tensor:724 - Loaded cache for /proj_sw/user_dev/ctr-apbernal/tt-metal/model_cache/meta-llama/Llama-3.3-70B-Instruct/TG/tensor_cache_instruct_bfp8/pb_rs_00_FF1_batched_0_4096_dtype_BFLOAT8_B_layout_TILE.tensorbin of shape Shape([1, 32, 128, 896])
2026-08-29 11:54:04.600 | DEBUG    | core:as_tensor:724 - Loaded cache for /proj_sw/user_dev/ctr-apbernal/tt-metal/model_cache/meta-llama/Llama-3.3-70B-Instruct/TG/tensor_cache_instruct_bfp8/pb_rs_01_FF3_batched_0_4096_dtype_BFLOAT8_B_layout_TILE.tensorbin of shape Shape([1, 32, 128, 3584])
2026-08-29 11:54:04.608 | DEBUG    | core:as_tensor:724 - Loaded cache for /proj_sw/user_dev/ctr-apbernal/tt-metal/model_cache/meta-llama/Llama-3.3-70B-Instruct/TG/tensor_cache_instruct_bfp8/pb_rs_00_FF3_batched_0_4096_dtype_BFLOAT8_B_layout_TILE.tensorbin of shape Shape([1, 32, 128, 896])
2026-08-29 11:54:04.617 | DEBUG    | core:as_tensor:724 - Loaded cache for /proj_sw/user_dev/ctr-apbernal/tt-metal/model_cache/meta-llama/Llama-3.3-70B-Instruct/TG/tensor_cache_instruct_bfp8/pb_rs_01_FF2_batched_0_4096_dtype_BFLOAT8_B_layout_TILE.tensorbin of shape Shape([1, 32, 128, 2048])
2026-08-29 11:54:04.623 | DEBUG    | core:as_tensor:724 - Loaded cache for /proj_sw/user_dev/ctr-apbernal/tt-metal/model_cache/meta-llama/Llama-3.3-70B-Instruct/TG/tensor_cache_instruct_bfp8/pb_rs_00_FF2_batched_0_4096_dtype_BFLOAT8_B_layout_TILE.tensorbin of shape Shape([1, 32, 128, 256])
2026-08-29 11:54:04.628 | DEBUG    | core:as_tensor:724 - Loaded cache for /proj_sw/user_dev/ctr-apbernal/tt-metal/model_cache/meta-llama/Llama-3.3-70B-Instruct/TG/tensor_cache_instruct_bfp8/pb_rs_01_QKV_0_2048_dtype_BFLOAT8_B_layout_TILE.tensorbin of shape Shape([1, 1, 2048, 1280])
2026-08-29 11:54:04.630 | DEBUG    | core:as_tensor:724 - Loaded cache for /proj_sw/user_dev/ctr-apbernal/tt-metal/model_cache/meta-llama/Llama-3.3-70B-Instruct/TG/tensor_cache_instruct_bfp8/pb_rs_00_QKV_0_2048_dtype_BFLOAT8_B_layout_TILE.tensorbin of shape Shape([1, 1, 2048, 320])
2026-08-29 11:54:04.638 | DEBUG    | core:as_tensor:724 - Loaded cache for /proj_sw/user_dev/ctr-apbernal/tt-metal/model_cache/meta-llama/Llama-3.3-70B-Instruct/TG/tensor_cache_instruct_bfp8/pb_rs_01_FF1_0_2048_dtype_BFLOAT8_B_layout_TILE.tensorbin of shape Shape([1, 1, 2048, 3584])
2026-08-29 11:54:04.641 | DEBUG    | core:as_tensor:724 - Loaded cache for /proj_sw/user_dev/ctr-apbernal/tt-metal/model_cache/meta-llama/Llama-3.3-70B-Instruct/TG/tensor_cache_instruct_bfp8/pb_rs_00_FF1_0_2048_dtype_BFLOAT8_B_layout_TILE.tensorbin of shape Shape([1, 1, 2048, 896])
2026-08-29 11:54:04.648 | DEBUG    | core:as_tensor:724 - Loaded cache for /proj_sw/user_dev/ctr-apbernal/tt-metal/model_cache/meta-llama/Llama-3.3-70B-Instruct/TG/tensor_cache_instruct_bfp8/pb_rs_01_FF3_0_2048_dtype_BFLOAT8_B_layout_TILE.tensorbin of shape Shape([1, 1, 2048, 3584])
2026-08-29 11:54:04.653 | DEBUG    | core:as_tensor:724 - Loaded cache for /proj_sw/user_dev/ctr-apbernal/tt-metal/model_cache/meta-llama/Llama-3.3-70B-Instruct/TG/tensor_cache_instruct_bfp8/pb_rs_00_FF3_0_2048_dtype_BFLOAT8_B_layout_TILE.tensorbin of shape Shape([1, 1, 2048, 896])
2026-08-29 11:54:04.656 | DEBUG    | core:as_tensor:724 - Loaded cache for /proj_sw/user_dev/ctr-apbernal/tt-metal/model_cache/meta-llama/Llama-3.3-70B-Instruct/TG/tensor_cache_instruct_bfp8/pb_rs_01_FF2_0_2048_dtype_BFLOAT8_B_layout_TILE.tensorbin of shape Shape([1, 1, 2048, 2048])
2026-08-29 11:54:04.661 | DEBUG    | core:as_tensor:724 - Loaded cache for /proj_sw/user_dev/ctr-apbernal/tt-metal/model_cache/meta-llama/Llama-3.3-70B-Instruct/TG/tensor_cache_instruct_bfp8/pb_rs_00_FF2_0_2048_dtype_BFLOAT8_B_layout_TILE.tensorbin of shape Shape([1, 1, 2048, 256])
2026-08-29 11:54:04.663 | DEBUG    | core:as_tensor:724 - Loaded cache for /proj_sw/user_dev/ctr-apbernal/tt-metal/model_cache/meta-llama/Llama-3.3-70B-Instruct/TG/tensor_cache_instruct_bfp8/pb_rs_01_ATTN_REPLICATE_0_2048_dtype_BFLOAT8_B_layout_TILE.tensorbin of shape Shape([1, 1, 2048, 128])
2026-08-29 11:54:04.665 | DEBUG    | core:as_tensor:724 - Loaded cache for /proj_sw/user_dev/ctr-apbernal/tt-metal/model_cache/meta-llama/Llama-3.3-70B-Instruct/TG/tensor_cache_instruct_bfp8/pb_rs_00_ATTN_REPLICATE_0_2048_dtype_BFLOAT8_B_layout_TILE.tensorbin of shape Shape([1, 1, 2048, 32])
2026-08-29 11:54:04.669 | DEBUG    | core:as_tensor:724 - Loaded cache for /proj_sw/user_dev/ctr-apbernal/tt-metal/model_cache/meta-llama/Llama-3.3-70B-Instruct/TG/tensor_cache_instruct_bfp8/pb_rs_01_QKV_batched_0_2048_dtype_BFLOAT8_B_layout_TILE.tensorbin of shape Shape([1, 32, 64, 1280])
2026-08-29 11:54:04.672 | DEBUG    | core:as_tensor:724 - Loaded cache for /proj_sw/user_dev/ctr-apbernal/tt-metal/model_cache/meta-llama/Llama-3.3-70B-Instruct/TG/tensor_cache_instruct_bfp8/pb_rs_00_QKV_batched_0_2048_dtype_BFLOAT8_B_layout_TILE.tensorbin of shape Shape([1, 32, 64, 320])
2026-08-29 11:54:04.680 | DEBUG    | core:as_tensor:724 - Loaded cache for /proj_sw/user_dev/ctr-apbernal/tt-metal/model_cache/meta-llama/Llama-3.3-70B-Instruct/TG/tensor_cache_instruct_bfp8/pb_rs_01_FF1_batched_0_2048_dtype_BFLOAT8_B_layout_TILE.tensorbin of shape Shape([1, 32, 64, 3584])
2026-08-29 11:54:04.686 | DEBUG    | core:as_tensor:724 - Loaded cache for /proj_sw/user_dev/ctr-apbernal/tt-metal/model_cache/meta-llama/Llama-3.3-70B-Instruct/TG/tensor_cache_instruct_bfp8/pb_rs_00_FF1_batched_0_2048_dtype_BFLOAT8_B_layout_TILE.tensorbin of shape Shape([1, 32, 64, 896])
2026-08-29 11:54:04.693 | DEBUG    | core:as_tensor:724 - Loaded cache for /proj_sw/user_dev/ctr-apbernal/tt-metal/model_cache/meta-llama/Llama-3.3-70B-Instruct/TG/tensor_cache_instruct_bfp8/pb_rs_01_FF3_batched_0_2048_dtype_BFLOAT8_B_layout_TILE.tensorbin of shape Shape([1, 32, 64, 3584])
2026-08-29 11:54:04.697 | DEBUG    | core:as_tensor:724 - Loaded cache for /proj_sw/user_dev/ctr-apbernal/tt-metal/model_cache/meta-llama/Llama-3.3-70B-Instruct/TG/tensor_cache_instruct_bfp8/pb_rs_00_FF3_batched_0_2048_dtype_BFLOAT8_B_layout_TILE.tensorbin of shape Shape([1, 32, 64, 896])
2026-08-29 11:54:04.703 | DEBUG    | core:as_tensor:724 - Loaded cache for /proj_sw/user_dev/ctr-apbernal/tt-metal/model_cache/meta-llama/Llama-3.3-70B-Instruct/TG/tensor_cache_instruct_bfp8/pb_rs_01_FF2_batched_0_2048_dtype_BFLOAT8_B_layout_TILE.tensorbin of shape Shape([1, 32, 64, 2048])
2026-08-29 11:54:04.707 | DEBUG    | core:as_tensor:724 - Loaded cache for /proj_sw/user_dev/ctr-apbernal/tt-metal/model_cache/meta-llama/Llama-3.3-70B-Instruct/TG/tensor_cache_instruct_bfp8/pb_rs_00_FF2_batched_0_2048_dtype_BFLOAT8_B_layout_TILE.tensorbin of shape Shape([1, 32, 64, 256])
2026-08-29 11:54:04.712 | DEBUG    | core:as_tensor:724 - Loaded cache for /proj_sw/user_dev/ctr-apbernal/tt-metal/model_cache/meta-llama/Llama-3.3-70B-Instruct/TG/tensor_cache_instruct_bfp8/pb_rs_01_QKV_0_1024_dtype_BFLOAT8_B_layout_TILE.tensorbin of shape Shape([1, 1, 1024, 1280])
2026-08-29 11:54:04.714 | DEBUG    | core:as_tensor:724 - Loaded cache for /proj_sw/user_dev/ctr-apbernal/tt-metal/model_cache/meta-llama/Llama-3.3-70B-Instruct/TG/tensor_cache_instruct_bfp8/pb_rs_00_QKV_0_1024_dtype_BFLOAT8_B_layout_TILE.tensorbin of shape Shape([1, 1, 1024, 320])
2026-08-29 11:54:04.719 | DEBUG    | core:as_tensor:724 - Loaded cache for /proj_sw/user_dev/ctr-apbernal/tt-metal/model_cache/meta-llama/Llama-3.3-70B-Instruct/TG/tensor_cache_instruct_bfp8/pb_rs_01_FF1_0_1024_dtype_BFLOAT8_B_layout_TILE.tensorbin of shape Shape([1, 1, 1024, 3584])
2026-08-29 11:54:04.722 | DEBUG    | core:as_tensor:724 - Loaded cache for /proj_sw/user_dev/ctr-apbernal/tt-metal/model_cache/meta-llama/Llama-3.3-70B-Instruct/TG/tensor_cache_instruct_bfp8/pb_rs_00_FF1_0_1024_dtype_BFLOAT8_B_layout_TILE.tensorbin of shape Shape([1, 1, 1024, 896])
2026-08-29 11:54:04.728 | DEBUG    | core:as_tensor:724 - Loaded cache for /proj_sw/user_dev/ctr-apbernal/tt-metal/model_cache/meta-llama/Llama-3.3-70B-Instruct/TG/tensor_cache_instruct_bfp8/pb_rs_01_FF3_0_1024_dtype_BFLOAT8_B_layout_TILE.tensorbin of shape Shape([1, 1, 1024, 3584])
2026-08-29 11:54:04.733 | DEBUG    | core:as_tensor:724 - Loaded cache for /proj_sw/user_dev/ctr-apbernal/tt-metal/model_cache/meta-llama/Llama-3.3-70B-Instruct/TG/tensor_cache_instruct_bfp8/pb_rs_00_FF3_0_1024_dtype_BFLOAT8_B_layout_TILE.tensorbin of shape Shape([1, 1, 1024, 896])
2026-08-29 11:54:04.738 | DEBUG    | core:as_tensor:724 - Loaded cache for /proj_sw/user_dev/ctr-apbernal/tt-metal/model_cache/meta-llama/Llama-3.3-70B-Instruct/TG/tensor_cache_instruct_bfp8/pb_rs_01_FF2_0_1024_dtype_BFLOAT8_B_layout_TILE.tensorbin of shape Shape([1, 1, 1024, 2048])
2026-08-29 11:54:04.743 | DEBUG    | core:as_tensor:724 - Loaded cache for /proj_sw/user_dev/ctr-apbernal/tt-metal/model_cache/meta-llama/Llama-3.3-70B-Instruct/TG/tensor_cache_instruct_bfp8/pb_rs_00_FF2_0_1024_dtype_BFLOAT8_B_layout_TILE.tensorbin of shape Shape([1, 1, 1024, 256])
2026-08-29 11:54:04.748 | DEBUG    | core:as_tensor:724 - Loaded cache for /proj_sw/user_dev/ctr-apbernal/tt-metal/model_cache/meta-llama/Llama-3.3-70B-Instruct/TG/tensor_cache_instruct_bfp8/pb_rs_01_ATTN_REPLICATE_0_1024_dtype_BFLOAT8_B_layout_TILE.tensorbin of shape Shape([1, 1, 1024, 128])
2026-08-29 11:54:04.749 | DEBUG    | core:as_tensor:724 - Loaded cache for /proj_sw/user_dev/ctr-apbernal/tt-metal/model_cache/meta-llama/Llama-3.3-70B-Instruct/TG/tensor_cache_instruct_bfp8/pb_rs_00_ATTN_REPLICATE_0_1024_dtype_BFLOAT8_B_layout_TILE.tensorbin of shape Shape([1, 1, 1024, 32])
2026-08-29 11:54:04.753 | DEBUG    | core:as_tensor:724 - Loaded cache for /proj_sw/user_dev/ctr-apbernal/tt-metal/model_cache/meta-llama/Llama-3.3-70B-Instruct/TG/tensor_cache_instruct_bfp8/pb_rs_01_QKV_batched_0_1024_dtype_BFLOAT8_B_layout_TILE.tensorbin of shape Shape([1, 32, 32, 1280])
2026-08-29 11:54:04.757 | DEBUG    | core:as_tensor:724 - Loaded cache for /proj_sw/user_dev/ctr-apbernal/tt-metal/model_cache/meta-llama/Llama-3.3-70B-Instruct/TG/tensor_cache_instruct_bfp8/pb_rs_00_QKV_batched_0_1024_dtype_BFLOAT8_B_layout_TILE.tensorbin of shape Shape([1, 32, 32, 320])
2026-08-29 11:54:04.762 | DEBUG    | core:as_tensor:724 - Loaded cache for /proj_sw/user_dev/ctr-apbernal/tt-metal/model_cache/meta-llama/Llama-3.3-70B-Instruct/TG/tensor_cache_instruct_bfp8/pb_rs_01_FF1_batched_0_1024_dtype_BFLOAT8_B_layout_TILE.tensorbin of shape Shape([1, 32, 32, 3584])
2026-08-29 11:54:04.765 | DEBUG    | core:as_tensor:724 - Loaded cache for /proj_sw/user_dev/ctr-apbernal/tt-metal/model_cache/meta-llama/Llama-3.3-70B-Instruct/TG/tensor_cache_instruct_bfp8/pb_rs_00_FF1_batched_0_1024_dtype_BFLOAT8_B_layout_TILE.tensorbin of shape Shape([1, 32, 32, 896])
2026-08-29 11:54:04.770 | DEBUG    | core:as_tensor:724 - Loaded cache for /proj_sw/user_dev/ctr-apbernal/tt-metal/model_cache/meta-llama/Llama-3.3-70B-Instruct/TG/tensor_cache_instruct_bfp8/pb_rs_01_FF3_batched_0_1024_dtype_BFLOAT8_B_layout_TILE.tensorbin of shape Shape([1, 32, 32, 3584])
2026-08-29 11:54:04.772 | DEBUG    | core:as_tensor:724 - Loaded cache for /proj_sw/user_dev/ctr-apbernal/tt-metal/model_cache/meta-llama/Llama-3.3-70B-Instruct/TG/tensor_cache_instruct_bfp8/pb_rs_00_FF3_batched_0_1024_dtype_BFLOAT8_B_layout_TILE.tensorbin of shape Shape([1, 32, 32, 896])
2026-08-29 11:54:04.776 | DEBUG    | core:as_tensor:724 - Loaded cache for /proj_sw/user_dev/ctr-apbernal/tt-metal/model_cache/meta-llama/Llama-3.3-70B-Instruct/TG/tensor_cache_instruct_bfp8/pb_rs_01_FF2_batched_0_1024_dtype_BFLOAT8_B_layout_TILE.tensorbin of shape Shape([1, 32, 32, 2048])
2026-08-29 11:54:04.781 | DEBUG    | core:as_tensor:724 - Loaded cache for /proj_sw/user_dev/ctr-apbernal/tt-metal/model_cache/meta-llama/Llama-3.3-70B-Instruct/TG/tensor_cache_instruct_bfp8/pb_rs_00_FF2_batched_0_1024_dtype_BFLOAT8_B_layout_TILE.tensorbin of shape Shape([1, 32, 32, 256])
2026-08-29 11:54:04.783 | DEBUG    | core:as_tensor:724 - Loaded cache for /proj_sw/user_dev/ctr-apbernal/tt-metal/model_cache/meta-llama/Llama-3.3-70B-Instruct/TG/tensor_cache_instruct_bfp8/pb_rs_01_QKV_0_128_dtype_BFLOAT8_B_layout_TILE.tensorbin of shape Shape([1, 1, 128, 1280])
2026-08-29 11:54:04.787 | DEBUG    | core:as_tensor:724 - Loaded cache for /proj_sw/user_dev/ctr-apbernal/tt-metal/model_cache/meta-llama/Llama-3.3-70B-Instruct/TG/tensor_cache_instruct_bfp8/pb_rs_00_QKV_0_128_dtype_BFLOAT8_B_layout_TILE.tensorbin of shape Shape([1, 1, 128, 320])
2026-08-29 11:54:04.788 | DEBUG    | core:as_tensor:724 - Loaded cache for /proj_sw/user_dev/ctr-apbernal/tt-metal/model_cache/meta-llama/Llama-3.3-70B-Instruct/TG/tensor_cache_instruct_bfp8/pb_rs_01_FF1_0_128_dtype_BFLOAT8_B_layout_TILE.tensorbin of shape Shape([1, 1, 128, 3584])
2026-08-29 11:54:04.792 | DEBUG    | core:as_tensor:724 - Loaded cache for /proj_sw/user_dev/ctr-apbernal/tt-metal/model_cache/meta-llama/Llama-3.3-70B-Instruct/TG/tensor_cache_instruct_bfp8/pb_rs_00_FF1_0_128_dtype_BFLOAT8_B_layout_TILE.tensorbin of shape Shape([1, 1, 128, 896])
2026-08-29 11:54:04.793 | DEBUG    | core:as_tensor:724 - Loaded cache for /proj_sw/user_dev/ctr-apbernal/tt-metal/model_cache/meta-llama/Llama-3.3-70B-Instruct/TG/tensor_cache_instruct_bfp8/pb_rs_01_FF3_0_128_dtype_BFLOAT8_B_layout_TILE.tensorbin of shape Shape([1, 1, 128, 3584])
2026-08-29 11:54:04.795 | DEBUG    | core:as_tensor:724 - Loaded cache for /proj_sw/user_dev/ctr-apbernal/tt-metal/model_cache/meta-llama/Llama-3.3-70B-Instruct/TG/tensor_cache_instruct_bfp8/pb_rs_00_FF3_0_128_dtype_BFLOAT8_B_layout_TILE.tensorbin of shape Shape([1, 1, 128, 896])
2026-08-29 11:54:04.796 | DEBUG    | core:as_tensor:724 - Loaded cache for /proj_sw/user_dev/ctr-apbernal/tt-metal/model_cache/meta-llama/Llama-3.3-70B-Instruct/TG/tensor_cache_instruct_bfp8/pb_rs_01_FF2_0_128_dtype_BFLOAT8_B_layout_TILE.tensorbin of shape Shape([1, 1, 128, 2048])
2026-08-29 11:54:04.800 | DEBUG    | core:as_tensor:724 - Loaded cache for /proj_sw/user_dev/ctr-apbernal/tt-metal/model_cache/meta-llama/Llama-3.3-70B-Instruct/TG/tensor_cache_instruct_bfp8/pb_rs_00_FF2_0_128_dtype_BFLOAT8_B_layout_TILE.tensorbin of shape Shape([1, 1, 128, 256])
2026-08-29 11:54:04.802 | DEBUG    | core:as_tensor:724 - Loaded cache for /proj_sw/user_dev/ctr-apbernal/tt-metal/model_cache/meta-llama/Llama-3.3-70B-Instruct/TG/tensor_cache_instruct_bfp8/pb_rs_01_ATTN_REPLICATE_0_128_dtype_BFLOAT8_B_layout_TILE.tensorbin of shape Shape([1, 1, 128, 128])
2026-08-29 11:54:04.804 | DEBUG    | core:as_tensor:724 - Loaded cache for /proj_sw/user_dev/ctr-apbernal/tt-metal/model_cache/meta-llama/Llama-3.3-70B-Instruct/TG/tensor_cache_instruct_bfp8/pb_rs_00_ATTN_REPLICATE_0_128_dtype_BFLOAT8_B_layout_TILE.tensorbin of shape Shape([1, 1, 128, 32])
2026-08-29 11:54:04.807 | DEBUG    | core:as_tensor:724 - Loaded cache for /proj_sw/user_dev/ctr-apbernal/tt-metal/model_cache/meta-llama/Llama-3.3-70B-Instruct/TG/tensor_cache_instruct_bfp8/pb_rs_01_QKV_batched_0_128_dtype_BFLOAT8_B_layout_TILE.tensorbin of shape Shape([1, 32, 4, 1280])
2026-08-29 11:54:04.811 | DEBUG    | core:as_tensor:724 - Loaded cache for /proj_sw/user_dev/ctr-apbernal/tt-metal/model_cache/meta-llama/Llama-3.3-70B-Instruct/TG/tensor_cache_instruct_bfp8/pb_rs_00_QKV_batched_0_128_dtype_BFLOAT8_B_layout_TILE.tensorbin of shape Shape([1, 32, 4, 320])
2026-08-29 11:54:04.816 | DEBUG    | core:as_tensor:724 - Loaded cache for /proj_sw/user_dev/ctr-apbernal/tt-metal/model_cache/meta-llama/Llama-3.3-70B-Instruct/TG/tensor_cache_instruct_bfp8/pb_rs_01_FF1_batched_0_128_dtype_BFLOAT8_B_layout_TILE.tensorbin of shape Shape([1, 32, 4, 3584])
2026-08-29 11:54:04.818 | DEBUG    | core:as_tensor:724 - Loaded cache for /proj_sw/user_dev/ctr-apbernal/tt-metal/model_cache/meta-llama/Llama-3.3-70B-Instruct/TG/tensor_cache_instruct_bfp8/pb_rs_00_FF1_batched_0_128_dtype_BFLOAT8_B_layout_TILE.tensorbin of shape Shape([1, 32, 4, 896])
2026-08-29 11:54:04.822 | DEBUG    | core:as_tensor:724 - Loaded cache for /proj_sw/user_dev/ctr-apbernal/tt-metal/model_cache/meta-llama/Llama-3.3-70B-Instruct/TG/tensor_cache_instruct_bfp8/pb_rs_01_FF3_batched_0_128_dtype_BFLOAT8_B_layout_TILE.tensorbin of shape Shape([1, 32, 4, 3584])
2026-08-29 11:54:04.826 | DEBUG    | core:as_tensor:724 - Loaded cache for /proj_sw/user_dev/ctr-apbernal/tt-metal/model_cache/meta-llama/Llama-3.3-70B-Instruct/TG/tensor_cache_instruct_bfp8/pb_rs_00_FF3_batched_0_128_dtype_BFLOAT8_B_layout_TILE.tensorbin of shape Shape([1, 32, 4, 896])
2026-08-29 11:54:04.828 | DEBUG    | core:as_tensor:724 - Loaded cache for /proj_sw/user_dev/ctr-apbernal/tt-metal/model_cache/meta-llama/Llama-3.3-70B-Instruct/TG/tensor_cache_instruct_bfp8/pb_rs_01_FF2_batched_0_128_dtype_BFLOAT8_B_layout_TILE.tensorbin of shape Shape([1, 32, 4, 2048])
2026-08-29 11:54:04.832 | DEBUG    | core:as_tensor:724 - Loaded cache for /proj_sw/user_dev/ctr-apbernal/tt-metal/model_cache/meta-llama/Llama-3.3-70B-Instruct/TG/tensor_cache_instruct_bfp8/pb_rs_00_FF2_batched_0_128_dtype_BFLOAT8_B_layout_TILE.tensorbin of shape Shape([1, 32, 4, 256])
2026-08-29 11:54:04.836 | DEBUG    | core:as_tensor:724 - Loaded cache for /proj_sw/user_dev/ctr-apbernal/tt-metal/model_cache/meta-llama/Llama-3.3-70B-Instruct/TG/tensor_cache_instruct_bfp8/pb_ag_QKV4096_dtype_BFLOAT8_B_layout_TILE.tensorbin of shape Shape([1, 1, 4096, 1280])
2026-08-29 11:54:04.840 | DEBUG    | core:as_tensor:724 - Loaded cache for /proj_sw/user_dev/ctr-apbernal/tt-metal/model_cache/meta-llama/Llama-3.3-70B-Instruct/TG/tensor_cache_instruct_bfp8/pb_ag_SDPA4096_dtype_BFLOAT8_B_layout_TILE.tensorbin of shape Shape([1, 1, 2048, 1024])
2026-08-29 11:54:04.844 | DEBUG    | core:as_tensor:724 - Loaded cache for /proj_sw/user_dev/ctr-apbernal/tt-metal/model_cache/meta-llama/Llama-3.3-70B-Instruct/TG/tensor_cache_instruct_bfp8/pb_ag_SDPA_REVERSE4096_dtype_BFLOAT8_B_layout_TILE.tensorbin of shape Shape([1, 1, 2048, 1024])
2026-08-29 11:54:04.885 | DEBUG    | core:as_tensor:724 - Loaded cache for /proj_sw/user_dev/ctr-apbernal/tt-metal/model_cache/meta-llama/Llama-3.3-70B-Instruct/TG/tensor_cache_instruct_bfp8/pb_ag_WO_AG4096_dtype_BFLOAT8_B_layout_TILE.tensorbin of shape Shape([8, 1, 4096, 2048])
2026-08-29 11:54:04.912 | DEBUG    | core:as_tensor:724 - Loaded cache for /proj_sw/user_dev/ctr-apbernal/tt-metal/model_cache/meta-llama/Llama-3.3-70B-Instruct/TG/tensor_cache_instruct_bfp8/pb_ag_FF14096_dtype_BFLOAT8_B_layout_TILE.tensorbin of shape Shape([1, 1, 4096, 3584])
2026-08-29 11:54:04.926 | DEBUG    | core:as_tensor:724 - Loaded cache for /proj_sw/user_dev/ctr-apbernal/tt-metal/model_cache/meta-llama/Llama-3.3-70B-Instruct/TG/tensor_cache_instruct_bfp8/pb_ag_FF34096_dtype_BFLOAT8_B_layout_TILE.tensorbin of shape Shape([1, 1, 4096, 3584])
2026-08-29 11:54:04.938 | DEBUG    | core:as_tensor:724 - Loaded cache for /proj_sw/user_dev/ctr-apbernal/tt-metal/model_cache/meta-llama/Llama-3.3-70B-Instruct/TG/tensor_cache_instruct_bfp8/pb_ag_FF24096_dtype_BFLOAT8_B_layout_TILE.tensorbin of shape Shape([1, 1, 4096, 2048])
2026-08-29 11:54:04.944 | DEBUG    | core:as_tensor:724 - Loaded cache for /proj_sw/user_dev/ctr-apbernal/tt-metal/model_cache/meta-llama/Llama-3.3-70B-Instruct/TG/tensor_cache_instruct_bfp8/pb_ag_LAYERNORM4096_dtype_BFLOAT16_layout_TILE.tensorbin of shape Shape([1, 1, 4096, 128])
2026-08-29 11:54:04.948 | DEBUG    | core:as_tensor:724 - Loaded cache for /proj_sw/user_dev/ctr-apbernal/tt-metal/model_cache/meta-llama/Llama-3.3-70B-Instruct/TG/tensor_cache_instruct_bfp8/pb_ag_ATTN_REPLICATE4096_dtype_BFLOAT8_B_layout_TILE.tensorbin of shape Shape([1, 1, 4096, 128])
2026-08-29 11:54:04.953 | DEBUG    | core:as_tensor:724 - Loaded cache for /proj_sw/user_dev/ctr-apbernal/tt-metal/model_cache/meta-llama/Llama-3.3-70B-Instruct/TG/tensor_cache_instruct_bfp8/pb_ag_QKV2048_dtype_BFLOAT8_B_layout_TILE.tensorbin of shape Shape([1, 1, 2048, 1280])
2026-08-29 11:54:04.958 | DEBUG    | core:as_tensor:724 - Loaded cache for /proj_sw/user_dev/ctr-apbernal/tt-metal/model_cache/meta-llama/Llama-3.3-70B-Instruct/TG/tensor_cache_instruct_bfp8/pb_ag_SDPA2048_dtype_BFLOAT8_B_layout_TILE.tensorbin of shape Shape([1, 1, 1024, 1024])
2026-08-29 11:54:04.959 | DEBUG    | core:as_tensor:724 - Loaded cache for /proj_sw/user_dev/ctr-apbernal/tt-metal/model_cache/meta-llama/Llama-3.3-70B-Instruct/TG/tensor_cache_instruct_bfp8/pb_ag_SDPA_REVERSE2048_dtype_BFLOAT8_B_layout_TILE.tensorbin of shape Shape([1, 1, 1024, 1024])
2026-08-29 11:54:04.981 | DEBUG    | core:as_tensor:724 - Loaded cache for /proj_sw/user_dev/ctr-apbernal/tt-metal/model_cache/meta-llama/Llama-3.3-70B-Instruct/TG/tensor_cache_instruct_bfp8/pb_ag_WO_AG2048_dtype_BFLOAT8_B_layout_TILE.tensorbin of shape Shape([8, 1, 2048, 2048])
2026-08-29 11:54:04.998 | DEBUG    | core:as_tensor:724 - Loaded cache for /proj_sw/user_dev/ctr-apbernal/tt-metal/model_cache/meta-llama/Llama-3.3-70B-Instruct/TG/tensor_cache_instruct_bfp8/pb_ag_FF12048_dtype_BFLOAT8_B_layout_TILE.tensorbin of shape Shape([1, 1, 2048, 3584])
2026-08-29 11:54:05.005 | DEBUG    | core:as_tensor:724 - Loaded cache for /proj_sw/user_dev/ctr-apbernal/tt-metal/model_cache/meta-llama/Llama-3.3-70B-Instruct/TG/tensor_cache_instruct_bfp8/pb_ag_FF32048_dtype_BFLOAT8_B_layout_TILE.tensorbin of shape Shape([1, 1, 2048, 3584])
2026-08-29 11:54:05.008 | DEBUG    | core:as_tensor:724 - Loaded cache for /proj_sw/user_dev/ctr-apbernal/tt-metal/model_cache/meta-llama/Llama-3.3-70B-Instruct/TG/tensor_cache_instruct_bfp8/pb_ag_FF22048_dtype_BFLOAT8_B_layout_TILE.tensorbin of shape Shape([1, 1, 2048, 2048])
2026-08-29 11:54:05.009 | DEBUG    | core:as_tensor:724 - Loaded cache for /proj_sw/user_dev/ctr-apbernal/tt-metal/model_cache/meta-llama/Llama-3.3-70B-Instruct/TG/tensor_cache_instruct_bfp8/pb_ag_LAYERNORM2048_dtype_BFLOAT16_layout_TILE.tensorbin of shape Shape([1, 1, 2048, 128])
2026-08-29 11:54:05.011 | DEBUG    | core:as_tensor:724 - Loaded cache for /proj_sw/user_dev/ctr-apbernal/tt-metal/model_cache/meta-llama/Llama-3.3-70B-Instruct/TG/tensor_cache_instruct_bfp8/pb_ag_ATTN_REPLICATE2048_dtype_BFLOAT8_B_layout_TILE.tensorbin of shape Shape([1, 1, 2048, 128])
2026-08-29 11:54:05.015 | DEBUG    | core:as_tensor:724 - Loaded cache for /proj_sw/user_dev/ctr-apbernal/tt-metal/model_cache/meta-llama/Llama-3.3-70B-Instruct/TG/tensor_cache_instruct_bfp8/pb_ag_QKV1024_dtype_BFLOAT8_B_layout_TILE.tensorbin of shape Shape([1, 1, 1024, 1280])
2026-08-29 11:54:05.019 | DEBUG    | core:as_tensor:724 - Loaded cache for /proj_sw/user_dev/ctr-apbernal/tt-metal/model_cache/meta-llama/Llama-3.3-70B-Instruct/TG/tensor_cache_instruct_bfp8/pb_ag_SDPA1024_dtype_BFLOAT8_B_layout_TILE.tensorbin of shape Shape([1, 1, 512, 1024])
2026-08-29 11:54:05.024 | DEBUG    | core:as_tensor:724 - Loaded cache for /proj_sw/user_dev/ctr-apbernal/tt-metal/model_cache/meta-llama/Llama-3.3-70B-Instruct/TG/tensor_cache_instruct_bfp8/pb_ag_SDPA_REVERSE1024_dtype_BFLOAT8_B_layout_TILE.tensorbin of shape Shape([1, 1, 512, 1024])
2026-08-29 11:54:05.036 | DEBUG    | core:as_tensor:724 - Loaded cache for /proj_sw/user_dev/ctr-apbernal/tt-metal/model_cache/meta-llama/Llama-3.3-70B-Instruct/TG/tensor_cache_instruct_bfp8/pb_ag_WO_AG1024_dtype_BFLOAT8_B_layout_TILE.tensorbin of shape Shape([8, 1, 1024, 2048])
2026-08-29 11:54:05.044 | DEBUG    | core:as_tensor:724 - Loaded cache for /proj_sw/user_dev/ctr-apbernal/tt-metal/model_cache/meta-llama/Llama-3.3-70B-Instruct/TG/tensor_cache_instruct_bfp8/pb_ag_FF11024_dtype_BFLOAT8_B_layout_TILE.tensorbin of shape Shape([1, 1, 1024, 3584])
2026-08-29 11:54:05.048 | DEBUG    | core:as_tensor:724 - Loaded cache for /proj_sw/user_dev/ctr-apbernal/tt-metal/model_cache/meta-llama/Llama-3.3-70B-Instruct/TG/tensor_cache_instruct_bfp8/pb_ag_FF31024_dtype_BFLOAT8_B_layout_TILE.tensorbin of shape Shape([1, 1, 1024, 3584])
2026-08-29 11:54:05.054 | DEBUG    | core:as_tensor:724 - Loaded cache for /proj_sw/user_dev/ctr-apbernal/tt-metal/model_cache/meta-llama/Llama-3.3-70B-Instruct/TG/tensor_cache_instruct_bfp8/pb_ag_FF21024_dtype_BFLOAT8_B_layout_TILE.tensorbin of shape Shape([1, 1, 1024, 2048])
2026-08-29 11:54:05.058 | DEBUG    | core:as_tensor:724 - Loaded cache for /proj_sw/user_dev/ctr-apbernal/tt-metal/model_cache/meta-llama/Llama-3.3-70B-Instruct/TG/tensor_cache_instruct_bfp8/pb_ag_LAYERNORM1024_dtype_BFLOAT16_layout_TILE.tensorbin of shape Shape([1, 1, 1024, 128])
2026-08-29 11:54:05.060 | DEBUG    | core:as_tensor:724 - Loaded cache for /proj_sw/user_dev/ctr-apbernal/tt-metal/model_cache/meta-llama/Llama-3.3-70B-Instruct/TG/tensor_cache_instruct_bfp8/pb_ag_ATTN_REPLICATE1024_dtype_BFLOAT8_B_layout_TILE.tensorbin of shape Shape([1, 1, 1024, 128])
2026-08-29 11:54:05.064 | DEBUG    | core:as_tensor:724 - Loaded cache for /proj_sw/user_dev/ctr-apbernal/tt-metal/model_cache/meta-llama/Llama-3.3-70B-Instruct/TG/tensor_cache_instruct_bfp8/pb_ag_QKV128_dtype_BFLOAT8_B_layout_TILE.tensorbin of shape Shape([1, 1, 128, 1280])
2026-08-29 11:54:05.067 | DEBUG    | core:as_tensor:724 - Loaded cache for /proj_sw/user_dev/ctr-apbernal/tt-metal/model_cache/meta-llama/Llama-3.3-70B-Instruct/TG/tensor_cache_instruct_bfp8/pb_ag_SDPA128_dtype_BFLOAT8_B_layout_TILE.tensorbin of shape Shape([1, 1, 64, 1024])
2026-08-29 11:54:05.070 | DEBUG    | core:as_tensor:724 - Loaded cache for /proj_sw/user_dev/ctr-apbernal/tt-metal/model_cache/meta-llama/Llama-3.3-70B-Instruct/TG/tensor_cache_instruct_bfp8/pb_ag_SDPA_REVERSE128_dtype_BFLOAT8_B_layout_TILE.tensorbin of shape Shape([1, 1, 64, 1024])
2026-08-29 11:54:05.072 | DEBUG    | core:as_tensor:724 - Loaded cache for /proj_sw/user_dev/ctr-apbernal/tt-metal/model_cache/meta-llama/Llama-3.3-70B-Instruct/TG/tensor_cache_instruct_bfp8/pb_ag_WO_AG128_dtype_BFLOAT8_B_layout_TILE.tensorbin of shape Shape([8, 1, 128, 2048])
2026-08-29 11:54:05.076 | DEBUG    | core:as_tensor:724 - Loaded cache for /proj_sw/user_dev/ctr-apbernal/tt-metal/model_cache/meta-llama/Llama-3.3-70B-Instruct/TG/tensor_cache_instruct_bfp8/pb_ag_FF1128_dtype_BFLOAT8_B_layout_TILE.tensorbin of shape Shape([1, 1, 128, 3584])
2026-08-29 11:54:05.080 | DEBUG    | core:as_tensor:724 - Loaded cache for /proj_sw/user_dev/ctr-apbernal/tt-metal/model_cache/meta-llama/Llama-3.3-70B-Instruct/TG/tensor_cache_instruct_bfp8/pb_ag_FF3128_dtype_BFLOAT8_B_layout_TILE.tensorbin of shape Shape([1, 1, 128, 3584])
2026-08-29 11:54:05.085 | DEBUG    | core:as_tensor:724 - Loaded cache for /proj_sw/user_dev/ctr-apbernal/tt-metal/model_cache/meta-llama/Llama-3.3-70B-Instruct/TG/tensor_cache_instruct_bfp8/pb_ag_FF2128_dtype_BFLOAT8_B_layout_TILE.tensorbin of shape Shape([1, 1, 128, 2048])
2026-08-29 11:54:05.087 | DEBUG    | core:as_tensor:724 - Loaded cache for /proj_sw/user_dev/ctr-apbernal/tt-metal/model_cache/meta-llama/Llama-3.3-70B-Instruct/TG/tensor_cache_instruct_bfp8/pb_ag_LAYERNORM128_dtype_BFLOAT16_layout_TILE.tensorbin of shape Shape([1, 1, 128, 128])
2026-08-29 11:54:05.089 | DEBUG    | core:as_tensor:724 - Loaded cache for /proj_sw/user_dev/ctr-apbernal/tt-metal/model_cache/meta-llama/Llama-3.3-70B-Instruct/TG/tensor_cache_instruct_bfp8/pb_ag_ATTN_REPLICATE128_dtype_BFLOAT8_B_layout_TILE.tensorbin of shape Shape([1, 1, 128, 128])
2026-08-29 11:54:05.092 | DEBUG    | core:as_tensor:724 - Loaded cache for /proj_sw/user_dev/ctr-apbernal/tt-metal/model_cache/meta-llama/Llama-3.3-70B-Instruct/TG/tensor_cache_instruct_bfp8/pb_ag_LM_HEAD_32_dtype_BFLOAT8_B_layout_TILE.tensorbin of shape Shape([4, 1, 32, 16384])
2026-08-29 11:54:05.096 | DEBUG    | core:as_tensor:724 - Loaded cache for /proj_sw/user_dev/ctr-apbernal/tt-metal/model_cache/meta-llama/Llama-3.3-70B-Instruct/TG/tensor_cache_instruct_bfp8/pb_ag_SAMPLING_32_dtype_BFLOAT8_B_layout_TILE.tensorbin of shape Shape([1, 1, 32, 131072])
2026-08-29 11:54:05.560 | INFO     | models.demos.llama3_70b_galaxy.demo.text_demo:test_demo_text:1072 - Starting inference...
2026-08-29 11:54:05.561 | INFO     | models.demos.llama3_70b_galaxy.demo.text_demo:test_demo_text:1074 - Processing batch 0
2026-08-29 11:54:05.565 | INFO     | models.tt_transformers.tt.common:preprocess_inputs_prefill:274 - Encoded prompt lengths:118, 118, 118, 118, 118, 118, 118, 118, 118, 118, 118, 118, 118, 118, 118, 118, 118, 118, 118, 118, 118, 118, 118, 118, 118, 118, 118, 118, 118, 118, 118, 118
2026-08-29 11:54:05.565 | INFO     | models.tt_transformers.tt.common:preprocess_inputs_prefill:341 - # of users: 32
2026-08-29 11:54:05.566 | INFO     | models.demos.llama3_70b_galaxy.demo.text_demo:test_demo_text:1173 - Starting prefill warmup...
2026-08-29 11:54:05.566 | INFO     | models.demos.llama3_70b_galaxy.tt.generator:prefill_warmup:256 - Warming up prefill for all supported sequence lengths up to max sequence length
2026-08-29 11:54:05.566 | INFO     | models.demos.llama3_70b_galaxy.tt.generator:prefill_warmup:270 - Running warmup prefill for sequence length: 128, batch size: 1
2026-08-29 11:54:05.566 | INFO     | models.demos.llama3_70b_galaxy.tt.generator:prefill_warmup:296 - Warming up prefill sequence length: 128 for batch size: 1 with sampling params: SamplingParams(temperature=[1.0], top_k=[10], top_p=[0.9], presence_penalty=[1.2], frequency_penalty=[1.2], repetition_penalty=[1.5], seed=None, enable_log_probs=[True], num_logprobs=0)
2026-08-29 11:54:05.566 | INFO     | models.demos.llama3_70b_galaxy.tt.generator:prefill_forward_text:551 - Prefilling User 0, use_batched_prefill: False, prompt_lens: 128, prefill_seq_len: 128, num_cached_tokens: 0
2026-08-29 11:54:05.805 | info     |           Metal | Finalize dfb: dfb_offset == base_offset: 80, dfb size: 32, return value: 112 (dataflow_buffer.cpp:1656)
2026-08-29 11:54:05.805 | info     |           Metal | Finalize dfb: dfb_offset == base_offset: 0, dfb size: 0, return value: 0 (dataflow_buffer.cpp:1656)
2026-08-29 11:54:05.805 | info     |           Metal | Finalize dfb: dfb_offset == base_offset: 0, dfb size: 0, return value: 0 (dataflow_buffer.cpp:1656)
2026-08-29 11:54:07.348 | info     |           Metal | Finalize dfb: dfb_offset == base_offset: 80, dfb size: 32, return value: 112 (dataflow_buffer.cpp:1656)
2026-08-29 11:54:07.348 | info     |           Metal | Finalize dfb: dfb_offset == base_offset: 0, dfb size: 0, return value: 0 (dataflow_buffer.cpp:1656)
2026-08-29 11:54:07.348 | info     |           Metal | Finalize dfb: dfb_offset == base_offset: 0, dfb size: 0, return value: 0 (dataflow_buffer.cpp:1656)
2026-08-29 11:54:07.350 | warning  |              Op | rotary_embedding_llama sequence tile coverage mismatch: input_Ht=4, cos_Ht=4096, sin_Ht=4096, rotary_Ht=4. Tiles beyond rotary_Ht will be zero-filled in the output. (rotary_embedding_llama_multi_core_program_factory.cpp:62)
2026-08-29 11:54:07.433 | info     |           Metal | Finalize dfb: dfb_offset == base_offset: 144, dfb size: 144, return value: 288 (dataflow_buffer.cpp:1656)
2026-08-29 11:54:07.433 | info     |           Metal | Finalize dfb: dfb_offset == base_offset: 0, dfb size: 0, return value: 0 (dataflow_buffer.cpp:1656)
2026-08-29 11:54:07.433 | info     |           Metal | Finalize dfb: dfb_offset == base_offset: 0, dfb size: 0, return value: 0 (dataflow_buffer.cpp:1656)
2026-08-29 11:54:07.439 | info     |           Metal | Finalize dfb: dfb_offset == base_offset: 80, dfb size: 32, return value: 112 (dataflow_buffer.cpp:1656)
2026-08-29 11:54:07.439 | info     |           Metal | Finalize dfb: dfb_offset == base_offset: 0, dfb size: 0, return value: 0 (dataflow_buffer.cpp:1656)
2026-08-29 11:54:07.439 | info     |           Metal | Finalize dfb: dfb_offset == base_offset: 0, dfb size: 0, return value: 0 (dataflow_buffer.cpp:1656)
2026-08-29 11:54:07.440 | warning  |              Op | rotary_embedding_llama sequence tile coverage mismatch: input_Ht=4, cos_Ht=4096, sin_Ht=4096, rotary_Ht=4. Tiles beyond rotary_Ht will be zero-filled in the output. (rotary_embedding_llama_multi_core_program_factory.cpp:62)
2026-08-29 11:54:07.524 | info     |           Metal | Finalize dfb: dfb_offset == base_offset: 144, dfb size: 144, return value: 288 (dataflow_buffer.cpp:1656)
2026-08-29 11:54:07.524 | info     |           Metal | Finalize dfb: dfb_offset == base_offset: 0, dfb size: 0, return value: 0 (dataflow_buffer.cpp:1656)
2026-08-29 11:54:07.524 | info     |           Metal | Finalize dfb: dfb_offset == base_offset: 0, dfb size: 0, return value: 0 (dataflow_buffer.cpp:1656)
2026-08-29 11:54:07.602 | info     |           Metal | Finalize dfb: dfb_offset == base_offset: 80, dfb size: 32, return value: 112 (dataflow_buffer.cpp:1656)
2026-08-29 11:54:07.602 | info     |           Metal | Finalize dfb: dfb_offset == base_offset: 0, dfb size: 0, return value: 0 (dataflow_buffer.cpp:1656)
2026-08-29 11:54:07.602 | info     |           Metal | Finalize dfb: dfb_offset == base_offset: 0, dfb size: 0, return value: 0 (dataflow_buffer.cpp:1656)
2026-08-29 11:54:07.687 | info     |           Metal | Finalize dfb: dfb_offset == base_offset: 80, dfb size: 32, return value: 112 (dataflow_buffer.cpp:1656)
2026-08-29 11:54:07.687 | info     |           Metal | Finalize dfb: dfb_offset == base_offset: 0, dfb size: 0, return value: 0 (dataflow_buffer.cpp:1656)
2026-08-29 11:54:07.687 | info     |           Metal | Finalize dfb: dfb_offset == base_offset: 0, dfb size: 0, return value: 0 (dataflow_buffer.cpp:1656)
2026-08-29 11:54:07.870 | info     |           Metal | Finalize dfb: dfb_offset == base_offset: 80, dfb size: 32, return value: 112 (dataflow_buffer.cpp:1656)
2026-08-29 11:54:07.870 | info     |           Metal | Finalize dfb: dfb_offset == base_offset: 0, dfb size: 0, return value: 0 (dataflow_buffer.cpp:1656)
2026-08-29 11:54:07.870 | info     |           Metal | Finalize dfb: dfb_offset == base_offset: 0, dfb size: 0, return value: 0 (dataflow_buffer.cpp:1656)
2026-08-29 11:54:10.416 | INFO     | models.demos.llama3_70b_galaxy.tt.generator:_capture_trace_prefill:1135 - Done Compiling Model
2026-08-29 11:54:11.942 | INFO     | models.demos.llama3_70b_galaxy.tt.generator:_capture_trace_prefill:1175 - Done Capturing Prefill Trace
2026-08-29 11:54:11.942 | INFO     | models.demos.llama3_70b_galaxy.tt.generator:_easy_trace_prefill:1042 - Executing prefill trace
2026-08-29 11:54:11.944 | warning  |           Metal | Allocating device buffers is unsafe due to the existence of an active trace. These buffers may be corrupted once a trace is executed. (allocator.cpp:123)
2026-08-29 11:54:13.008 | INFO     | models.demos.llama3_70b_galaxy.tt.prefetcher_common:__init__:33 - Running TtLlamaPrefetcherSetup
2026-08-29 11:54:13.282 | info     |           Metal | Finalize dfb: dfb_offset == base_offset: 80, dfb size: 32, return value: 112 (dataflow_buffer.cpp:1656)
2026-08-29 11:54:13.282 | info     |           Metal | Finalize dfb: dfb_offset == base_offset: 0, dfb size: 0, return value: 0 (dataflow_buffer.cpp:1656)
2026-08-29 11:54:13.282 | info     |           Metal | Finalize dfb: dfb_offset == base_offset: 0, dfb size: 0, return value: 0 (dataflow_buffer.cpp:1656)
2026-08-29 11:54:13.489 | info     |           Metal | Finalize dfb: dfb_offset == base_offset: 80, dfb size: 32, return value: 112 (dataflow_buffer.cpp:1656)
2026-08-29 11:54:13.489 | info     |           Metal | Finalize dfb: dfb_offset == base_offset: 0, dfb size: 0, return value: 0 (dataflow_buffer.cpp:1656)
2026-08-29 11:54:13.489 | info     |           Metal | Finalize dfb: dfb_offset == base_offset: 0, dfb size: 0, return value: 0 (dataflow_buffer.cpp:1656)
2026-08-29 11:54:14.156 | info     |           Metal | Finalize dfb: dfb_offset == base_offset: 80, dfb size: 32, return value: 112 (dataflow_buffer.cpp:1656)
2026-08-29 11:54:14.156 | info     |           Metal | Finalize dfb: dfb_offset == base_offset: 0, dfb size: 0, return value: 0 (dataflow_buffer.cpp:1656)
2026-08-29 11:54:14.156 | info     |           Metal | Finalize dfb: dfb_offset == base_offset: 0, dfb size: 0, return value: 0 (dataflow_buffer.cpp:1656)
2026-08-29 11:54:15.204 | info     |           Metal | Finalize dfb: dfb_offset == base_offset: 80, dfb size: 32, return value: 112 (dataflow_buffer.cpp:1656)
2026-08-29 11:54:15.204 | info     |           Metal | Finalize dfb: dfb_offset == base_offset: 0, dfb size: 0, return value: 0 (dataflow_buffer.cpp:1656)
2026-08-29 11:54:15.204 | info     |           Metal | Finalize dfb: dfb_offset == base_offset: 0, dfb size: 0, return value: 0 (dataflow_buffer.cpp:1656)
2026-08-29 11:54:17.901 | info     |           Metal | Finalize dfb: dfb_offset == base_offset: 80, dfb size: 32, return value: 112 (dataflow_buffer.cpp:1656)
2026-08-29 11:54:17.901 | info     |           Metal | Finalize dfb: dfb_offset == base_offset: 0, dfb size: 0, return value: 0 (dataflow_buffer.cpp:1656)
2026-08-29 11:54:17.901 | info     |           Metal | Finalize dfb: dfb_offset == base_offset: 0, dfb size: 0, return value: 0 (dataflow_buffer.cpp:1656)
2026-08-29 11:54:18.321 | info     |           Metal | Finalize dfb: dfb_offset == base_offset: 80, dfb size: 32, return value: 112 (dataflow_buffer.cpp:1656)
2026-08-29 11:54:18.321 | info     |           Metal | Finalize dfb: dfb_offset == base_offset: 0, dfb size: 0, return value: 0 (dataflow_buffer.cpp:1656)
2026-08-29 11:54:18.321 | info     |           Metal | Finalize dfb: dfb_offset == base_offset: 0, dfb size: 0, return value: 0 (dataflow_buffer.cpp:1656)
2026-08-29 11:54:19.368 | info     |           Metal | Finalize dfb: dfb_offset == base_offset: 144, dfb size: 64, return value: 208 (dataflow_buffer.cpp:1656)
2026-08-29 11:54:19.368 | info     |           Metal | Finalize dfb: dfb_offset == base_offset: 0, dfb size: 0, return value: 0 (dataflow_buffer.cpp:1656)
2026-08-29 11:54:19.368 | info     |           Metal | Finalize dfb: dfb_offset == base_offset: 0, dfb size: 0, return value: 0 (dataflow_buffer.cpp:1656)
2026-08-29 11:54:19.711 | INFO     | models.demos.llama3_70b_galaxy.tt.generator:prefill_forward_text:851 - Finished prefill for all users up to 128 tokens.
2026-08-29 11:54:19.712 | INFO     | models.demos.llama3_70b_galaxy.tt.generator:prefill_warmup:296 - Warming up prefill sequence length: 128 for batch size: 1 with sampling params: SamplingParams(temperature=[1.0], top_k=[10], top_p=[0.9], presence_penalty=[1.2], frequency_penalty=[1.2], repetition_penalty=[1.5], seed=None, enable_log_probs=[False], num_logprobs=0)
2026-08-29 11:54:19.712 | INFO     | models.demos.llama3_70b_galaxy.tt.prefetcher_common:__init__:33 - Running TtLlamaPrefetcherSetup
2026-08-29 11:54:19.713 | INFO     | models.demos.llama3_70b_galaxy.tt.generator:prefill_forward_text:551 - Prefilling User 0, use_batched_prefill: False, prompt_lens: 128, prefill_seq_len: 128, num_cached_tokens: 0
2026-08-29 11:54:19.713 | INFO     | models.demos.llama3_70b_galaxy.tt.generator:_easy_trace_prefill:1042 - Executing prefill trace
2026-08-29 11:54:19.723 | INFO     | models.demos.llama3_70b_galaxy.tt.prefetcher_common:__init__:33 - Running TtLlamaPrefetcherSetup
2026-08-29 11:54:19.805 | INFO     | models.demos.llama3_70b_galaxy.tt.generator:prefill_forward_text:851 - Finished prefill for all users up to 128 tokens.
2026-08-29 11:54:19.805 | INFO     | models.demos.llama3_70b_galaxy.tt.generator:prefill_warmup:296 - Warming up prefill sequence length: 128 for batch size: 1 with sampling params: SamplingParams(temperature=[1.0], top_k=[10], top_p=[0.9], presence_penalty=None, frequency_penalty=None, repetition_penalty=None, seed=None, enable_log_probs=[True], num_logprobs=0)
2026-08-29 11:54:19.805 | INFO     | models.demos.llama3_70b_galaxy.tt.prefetcher_common:__init__:33 - Running TtLlamaPrefetcherSetup
2026-08-29 11:54:19.806 | INFO     | models.demos.llama3_70b_galaxy.tt.generator:prefill_forward_text:551 - Prefilling User 0, use_batched_prefill: False, prompt_lens: 128, prefill_seq_len: 128, num_cached_tokens: 0
2026-08-29 11:54:19.806 | INFO     | models.demos.llama3_70b_galaxy.tt.generator:_easy_trace_prefill:1042 - Executing prefill trace
2026-08-29 11:54:19.816 | INFO     | models.demos.llama3_70b_galaxy.tt.prefetcher_common:__init__:33 - Running TtLlamaPrefetcherSetup
2026-08-29 11:54:19.891 | INFO     | models.demos.llama3_70b_galaxy.tt.generator:prefill_forward_text:851 - Finished prefill for all users up to 128 tokens.
2026-08-29 11:54:19.891 | INFO     | models.demos.llama3_70b_galaxy.tt.generator:prefill_warmup:296 - Warming up prefill sequence length: 128 for batch size: 1 with sampling params: SamplingParams(temperature=[1.0], top_k=[10], top_p=[0.9], presence_penalty=None, frequency_penalty=None, repetition_penalty=None, seed=None, enable_log_probs=[False], num_logprobs=0)
2026-08-29 11:54:19.891 | INFO     | models.demos.llama3_70b_galaxy.tt.prefetcher_common:__init__:33 - Running TtLlamaPrefetcherSetup
2026-08-29 11:54:19.892 | INFO     | models.demos.llama3_70b_galaxy.tt.generator:prefill_forward_text:551 - Prefilling User 0, use_batched_prefill: False, prompt_lens: 128, prefill_seq_len: 128, num_cached_tokens: 0
2026-08-29 11:54:19.893 | INFO     | models.demos.llama3_70b_galaxy.tt.generator:_easy_trace_prefill:1042 - Executing prefill trace
2026-08-29 11:54:19.903 | INFO     | models.demos.llama3_70b_galaxy.tt.prefetcher_common:__init__:33 - Running TtLlamaPrefetcherSetup
2026-08-29 11:54:19.964 | INFO     | models.demos.llama3_70b_galaxy.tt.generator:prefill_forward_text:851 - Finished prefill for all users up to 128 tokens.
2026-08-29 11:54:19.964 | INFO     | models.demos.llama3_70b_galaxy.tt.generator:prefill_warmup:296 - Warming up prefill sequence length: 128 for batch size: 1 with sampling params: SamplingParams(temperature=[0.0], top_k=[1], top_p=[1.0], presence_penalty=0.0, frequency_penalty=0.0, repetition_penalty=1.0, seed=None, enable_log_probs=False, num_logprobs=0)
2026-08-29 11:54:19.964 | INFO     | models.demos.llama3_70b_galaxy.tt.prefetcher_common:__init__:33 - Running TtLlamaPrefetcherSetup
2026-08-29 11:54:19.965 | INFO     | models.demos.llama3_70b_galaxy.tt.generator:prefill_forward_text:551 - Prefilling User 0, use_batched_prefill: False, prompt_lens: 128, prefill_seq_len: 128, num_cached_tokens: 0
2026-08-29 11:54:19.965 | INFO     | models.demos.llama3_70b_galaxy.tt.generator:_easy_trace_prefill:1042 - Executing prefill trace
2026-08-29 11:54:19.976 | INFO     | models.demos.llama3_70b_galaxy.tt.prefetcher_common:__init__:33 - Running TtLlamaPrefetcherSetup
2026-08-29 11:54:20.037 | INFO     | models.demos.llama3_70b_galaxy.tt.generator:prefill_forward_text:851 - Finished prefill for all users up to 128 tokens.
2026-08-29 11:54:20.038 | INFO     | models.demos.llama3_70b_galaxy.tt.generator:prefill_warmup:296 - Warming up prefill sequence length: 128 for batch size: 1 with sampling params: None
2026-08-29 11:54:20.038 | INFO     | models.demos.llama3_70b_galaxy.tt.prefetcher_common:__init__:33 - Running TtLlamaPrefetcherSetup
2026-08-29 11:54:20.039 | INFO     | models.demos.llama3_70b_galaxy.tt.generator:prefill_forward_text:551 - Prefilling User 0, use_batched_prefill: False, prompt_lens: 128, prefill_seq_len: 128, num_cached_tokens: 0
2026-08-29 11:54:20.039 | INFO     | models.demos.llama3_70b_galaxy.tt.generator:_easy_trace_prefill:1042 - Executing prefill trace
2026-08-29 11:54:20.593 | INFO     | models.demos.llama3_70b_galaxy.tt.generator:prefill_warmup:270 - Running warmup prefill for sequence length: 128, batch size: 32
2026-08-29 11:54:20.594 | INFO     | models.demos.llama3_70b_galaxy.tt.generator:prefill_warmup:296 - Warming up prefill sequence length: 128 for batch size: 32 with sampling params: None
2026-08-29 11:54:20.594 | INFO     | models.demos.llama3_70b_galaxy.tt.generator:prefill_forward_text:551 - Prefilling User [0, 1, 2, 3, 4, 5, 6, 7, 8, 9, 10, 11, 12, 13, 14, 15, 16, 17, 18, 19, 20, 21, 22, 23, 24, 25, 26, 27, 28, 29, 30, 31], use_batched_prefill: True, prompt_lens: [128, 128, 128, 128, 128, 128, 128, 128, 128, 128, 128, 128, 128, 128, 128, 128, 128, 128, 128, 128, 128, 128, 128, 128, 128, 128, 128, 128, 128, 128, 128, 128], prefill_seq_len: 128, num_cached_tokens: 0
2026-08-29 11:54:20.802 | info     |           Metal | Finalize dfb: dfb_offset == base_offset: 80, dfb size: 32, return value: 112 (dataflow_buffer.cpp:1656)
2026-08-29 11:54:20.802 | info     |           Metal | Finalize dfb: dfb_offset == base_offset: 0, dfb size: 0, return value: 0 (dataflow_buffer.cpp:1656)
2026-08-29 11:54:20.802 | info     |           Metal | Finalize dfb: dfb_offset == base_offset: 0, dfb size: 0, return value: 0 (dataflow_buffer.cpp:1656)
2026-08-29 11:54:22.391 | info     |           Metal | Finalize dfb: dfb_offset == base_offset: 80, dfb size: 32, return value: 112 (dataflow_buffer.cpp:1656)
2026-08-29 11:54:22.391 | info     |           Metal | Finalize dfb: dfb_offset == base_offset: 0, dfb size: 0, return value: 0 (dataflow_buffer.cpp:1656)
2026-08-29 11:54:22.391 | info     |           Metal | Finalize dfb: dfb_offset == base_offset: 0, dfb size: 0, return value: 0 (dataflow_buffer.cpp:1656)
2026-08-29 11:54:22.393 | warning  |              Op | rotary_embedding_llama sequence tile coverage mismatch: input_Ht=4, cos_Ht=4096, sin_Ht=4096, rotary_Ht=4. Tiles beyond rotary_Ht will be zero-filled in the output. (rotary_embedding_llama_multi_core_program_factory.cpp:62)
2026-08-29 11:54:22.477 | info     |           Metal | Finalize dfb: dfb_offset == base_offset: 144, dfb size: 144, return value: 288 (dataflow_buffer.cpp:1656)
2026-08-29 11:54:22.477 | info     |           Metal | Finalize dfb: dfb_offset == base_offset: 0, dfb size: 0, return value: 0 (dataflow_buffer.cpp:1656)
2026-08-29 11:54:22.477 | info     |           Metal | Finalize dfb: dfb_offset == base_offset: 0, dfb size: 0, return value: 0 (dataflow_buffer.cpp:1656)
2026-08-29 11:54:22.564 | info     |           Metal | Finalize dfb: dfb_offset == base_offset: 80, dfb size: 32, return value: 112 (dataflow_buffer.cpp:1656)
2026-08-29 11:54:22.564 | info     |           Metal | Finalize dfb: dfb_offset == base_offset: 0, dfb size: 0, return value: 0 (dataflow_buffer.cpp:1656)
2026-08-29 11:54:22.564 | info     |           Metal | Finalize dfb: dfb_offset == base_offset: 0, dfb size: 0, return value: 0 (dataflow_buffer.cpp:1656)
2026-08-29 11:54:22.567 | warning  |              Op | rotary_embedding_llama sequence tile coverage mismatch: input_Ht=4, cos_Ht=4096, sin_Ht=4096, rotary_Ht=4. Tiles beyond rotary_Ht will be zero-filled in the output. (rotary_embedding_llama_multi_core_program_factory.cpp:62)
2026-08-29 11:54:22.570 | info     |           Metal | Finalize dfb: dfb_offset == base_offset: 144, dfb size: 144, return value: 288 (dataflow_buffer.cpp:1656)
2026-08-29 11:54:22.570 | info     |           Metal | Finalize dfb: dfb_offset == base_offset: 0, dfb size: 0, return value: 0 (dataflow_buffer.cpp:1656)
2026-08-29 11:54:22.570 | info     |           Metal | Finalize dfb: dfb_offset == base_offset: 0, dfb size: 0, return value: 0 (dataflow_buffer.cpp:1656)
2026-08-29 11:54:22.653 | info     |           Metal | Finalize dfb: dfb_offset == base_offset: 80, dfb size: 32, return value: 112 (dataflow_buffer.cpp:1656)
2026-08-29 11:54:22.653 | info     |           Metal | Finalize dfb: dfb_offset == base_offset: 0, dfb size: 0, return value: 0 (dataflow_buffer.cpp:1656)
2026-08-29 11:54:22.653 | info     |           Metal | Finalize dfb: dfb_offset == base_offset: 0, dfb size: 0, return value: 0 (dataflow_buffer.cpp:1656)
2026-08-29 11:54:22.786 | info     |           Metal | Finalize dfb: dfb_offset == base_offset: 80, dfb size: 32, return value: 112 (dataflow_buffer.cpp:1656)
2026-08-29 11:54:22.786 | info     |           Metal | Finalize dfb: dfb_offset == base_offset: 0, dfb size: 0, return value: 0 (dataflow_buffer.cpp:1656)
2026-08-29 11:54:22.786 | info     |           Metal | Finalize dfb: dfb_offset == base_offset: 0, dfb size: 0, return value: 0 (dataflow_buffer.cpp:1656)
2026-08-29 11:54:22.976 | info     |           Metal | Finalize dfb: dfb_offset == base_offset: 80, dfb size: 32, return value: 112 (dataflow_buffer.cpp:1656)
2026-08-29 11:54:22.976 | info     |           Metal | Finalize dfb: dfb_offset == base_offset: 0, dfb size: 0, return value: 0 (dataflow_buffer.cpp:1656)
2026-08-29 11:54:22.976 | info     |           Metal | Finalize dfb: dfb_offset == base_offset: 0, dfb size: 0, return value: 0 (dataflow_buffer.cpp:1656)
2026-08-29 11:54:26.882 | INFO     | models.demos.llama3_70b_galaxy.tt.generator:_capture_trace_prefill:1135 - Done Compiling Model
2026-08-29 11:54:29.814 | INFO     | models.demos.llama3_70b_galaxy.tt.generator:_capture_trace_prefill:1175 - Done Capturing Prefill Trace
2026-08-29 11:54:29.814 | INFO     | models.demos.llama3_70b_galaxy.tt.generator:_easy_trace_prefill:1042 - Executing prefill trace
2026-08-29 11:54:30.787 | INFO     | models.demos.llama3_70b_galaxy.tt.generator:prefill_warmup:270 - Running warmup prefill for sequence length: 1024, batch size: 1
2026-08-29 11:54:30.787 | INFO     | models.demos.llama3_70b_galaxy.tt.generator:prefill_warmup:296 - Warming up prefill sequence length: 1024 for batch size: 1 with sampling params: None
2026-08-29 11:54:30.787 | INFO     | models.demos.llama3_70b_galaxy.tt.generator:prefill_forward_text:551 - Prefilling User 0, use_batched_prefill: False, prompt_lens: 1024, prefill_seq_len: 1024, num_cached_tokens: 0
2026-08-29 11:54:31.062 | info     |           Metal | Finalize dfb: dfb_offset == base_offset: 80, dfb size: 32, return value: 112 (dataflow_buffer.cpp:1656)
2026-08-29 11:54:31.062 | info     |           Metal | Finalize dfb: dfb_offset == base_offset: 0, dfb size: 0, return value: 0 (dataflow_buffer.cpp:1656)
2026-08-29 11:54:31.062 | info     |           Metal | Finalize dfb: dfb_offset == base_offset: 0, dfb size: 0, return value: 0 (dataflow_buffer.cpp:1656)
2026-08-29 11:54:32.916 | info     |           Metal | Finalize dfb: dfb_offset == base_offset: 80, dfb size: 32, return value: 112 (dataflow_buffer.cpp:1656)
2026-08-29 11:54:32.917 | info     |           Metal | Finalize dfb: dfb_offset == base_offset: 0, dfb size: 0, return value: 0 (dataflow_buffer.cpp:1656)
2026-08-29 11:54:32.917 | info     |           Metal | Finalize dfb: dfb_offset == base_offset: 0, dfb size: 0, return value: 0 (dataflow_buffer.cpp:1656)
2026-08-29 11:54:32.919 | warning  |              Op | rotary_embedding_llama sequence tile coverage mismatch: input_Ht=32, cos_Ht=4096, sin_Ht=4096, rotary_Ht=32. Tiles beyond rotary_Ht will be zero-filled in the output. (rotary_embedding_llama_multi_core_program_factory.cpp:62)
2026-08-29 11:54:33.000 | info     |           Metal | Finalize dfb: dfb_offset == base_offset: 144, dfb size: 144, return value: 288 (dataflow_buffer.cpp:1656)
2026-08-29 11:54:33.001 | info     |           Metal | Finalize dfb: dfb_offset == base_offset: 0, dfb size: 0, return value: 0 (dataflow_buffer.cpp:1656)
2026-08-29 11:54:33.001 | info     |           Metal | Finalize dfb: dfb_offset == base_offset: 0, dfb size: 0, return value: 0 (dataflow_buffer.cpp:1656)
2026-08-29 11:54:33.009 | info     |           Metal | Finalize dfb: dfb_offset == base_offset: 80, dfb size: 32, return value: 112 (dataflow_buffer.cpp:1656)
2026-08-29 11:54:33.009 | info     |           Metal | Finalize dfb: dfb_offset == base_offset: 0, dfb size: 0, return value: 0 (dataflow_buffer.cpp:1656)
2026-08-29 11:54:33.009 | info     |           Metal | Finalize dfb: dfb_offset == base_offset: 0, dfb size: 0, return value: 0 (dataflow_buffer.cpp:1656)
2026-08-29 11:54:33.010 | warning  |              Op | rotary_embedding_llama sequence tile coverage mismatch: input_Ht=32, cos_Ht=4096, sin_Ht=4096, rotary_Ht=32. Tiles beyond rotary_Ht will be zero-filled in the output. (rotary_embedding_llama_multi_core_program_factory.cpp:62)
2026-08-29 11:54:33.094 | info     |           Metal | Finalize dfb: dfb_offset == base_offset: 144, dfb size: 144, return value: 288 (dataflow_buffer.cpp:1656)
2026-08-29 11:54:33.094 | info     |           Metal | Finalize dfb: dfb_offset == base_offset: 0, dfb size: 0, return value: 0 (dataflow_buffer.cpp:1656)
2026-08-29 11:54:33.094 | info     |           Metal | Finalize dfb: dfb_offset == base_offset: 0, dfb size: 0, return value: 0 (dataflow_buffer.cpp:1656)
2026-08-29 11:54:33.101 | info     |           Metal | Finalize dfb: dfb_offset == base_offset: 80, dfb size: 32, return value: 112 (dataflow_buffer.cpp:1656)
2026-08-29 11:54:33.101 | info     |           Metal | Finalize dfb: dfb_offset == base_offset: 0, dfb size: 0, return value: 0 (dataflow_buffer.cpp:1656)
2026-08-29 11:54:33.101 | info     |           Metal | Finalize dfb: dfb_offset == base_offset: 0, dfb size: 0, return value: 0 (dataflow_buffer.cpp:1656)
2026-08-29 11:54:33.202 | info     |           Metal | Finalize dfb: dfb_offset == base_offset: 80, dfb size: 32, return value: 112 (dataflow_buffer.cpp:1656)
2026-08-29 11:54:33.202 | info     |           Metal | Finalize dfb: dfb_offset == base_offset: 0, dfb size: 0, return value: 0 (dataflow_buffer.cpp:1656)
2026-08-29 11:54:33.202 | info     |           Metal | Finalize dfb: dfb_offset == base_offset: 0, dfb size: 0, return value: 0 (dataflow_buffer.cpp:1656)
2026-08-29 11:54:33.408 | info     |           Metal | Finalize dfb: dfb_offset == base_offset: 80, dfb size: 32, return value: 112 (dataflow_buffer.cpp:1656)
2026-08-29 11:54:33.408 | info     |           Metal | Finalize dfb: dfb_offset == base_offset: 0, dfb size: 0, return value: 0 (dataflow_buffer.cpp:1656)
2026-08-29 11:54:33.408 | info     |           Metal | Finalize dfb: dfb_offset == base_offset: 0, dfb size: 0, return value: 0 (dataflow_buffer.cpp:1656)
2026-08-29 11:54:37.653 | INFO     | models.demos.llama3_70b_galaxy.tt.generator:_capture_trace_prefill:1135 - Done Compiling Model
2026-08-29 11:54:40.363 | INFO     | models.demos.llama3_70b_galaxy.tt.generator:_capture_trace_prefill:1175 - Done Capturing Prefill Trace
2026-08-29 11:54:40.364 | INFO     | models.demos.llama3_70b_galaxy.tt.generator:_easy_trace_prefill:1042 - Executing prefill trace
2026-08-29 11:54:40.615 | INFO     | models.demos.llama3_70b_galaxy.tt.generator:prefill_warmup:270 - Running warmup prefill for sequence length: 1024, batch size: 32
2026-08-29 11:54:40.615 | INFO     | models.demos.llama3_70b_galaxy.tt.generator:prefill_warmup:296 - Warming up prefill sequence length: 1024 for batch size: 32 with sampling params: None
2026-08-29 11:54:40.616 | INFO     | models.demos.llama3_70b_galaxy.tt.generator:prefill_forward_text:551 - Prefilling User 0, use_batched_prefill: False, prompt_lens: 1024, prefill_seq_len: 1024, num_cached_tokens: 0
2026-08-29 11:54:40.616 | INFO     | models.demos.llama3_70b_galaxy.tt.generator:_easy_trace_prefill:1042 - Executing prefill trace
2026-08-29 11:54:40.797 | INFO     | models.demos.llama3_70b_galaxy.tt.generator:prefill_forward_text:551 - Prefilling User 1, use_batched_prefill: False, prompt_lens: 1024, prefill_seq_len: 1024, num_cached_tokens: 0
2026-08-29 11:54:40.797 | INFO     | models.demos.llama3_70b_galaxy.tt.generator:_easy_trace_prefill:1042 - Executing prefill trace
2026-08-29 11:54:40.979 | INFO     | models.demos.llama3_70b_galaxy.tt.generator:prefill_forward_text:551 - Prefilling User 2, use_batched_prefill: False, prompt_lens: 1024, prefill_seq_len: 1024, num_cached_tokens: 0
2026-08-29 11:54:40.979 | INFO     | models.demos.llama3_70b_galaxy.tt.generator:_easy_trace_prefill:1042 - Executing prefill trace
2026-08-29 11:54:41.160 | INFO     | models.demos.llama3_70b_galaxy.tt.generator:prefill_forward_text:551 - Prefilling User 3, use_batched_prefill: False, prompt_lens: 1024, prefill_seq_len: 1024, num_cached_tokens: 0
2026-08-29 11:54:41.161 | INFO     | models.demos.llama3_70b_galaxy.tt.generator:_easy_trace_prefill:1042 - Executing prefill trace
2026-08-29 11:54:41.340 | INFO     | models.demos.llama3_70b_galaxy.tt.generator:prefill_forward_text:551 - Prefilling User 4, use_batched_prefill: False, prompt_lens: 1024, prefill_seq_len: 1024, num_cached_tokens: 0
2026-08-29 11:54:41.340 | INFO     | models.demos.llama3_70b_galaxy.tt.generator:_easy_trace_prefill:1042 - Executing prefill trace
2026-08-29 11:54:41.521 | INFO     | models.demos.llama3_70b_galaxy.tt.generator:prefill_forward_text:551 - Prefilling User 5, use_batched_prefill: False, prompt_lens: 1024, prefill_seq_len: 1024, num_cached_tokens: 0
2026-08-29 11:54:41.522 | INFO     | models.demos.llama3_70b_galaxy.tt.generator:_easy_trace_prefill:1042 - Executing prefill trace
2026-08-29 11:54:41.703 | INFO     | models.demos.llama3_70b_galaxy.tt.generator:prefill_forward_text:551 - Prefilling User 6, use_batched_prefill: False, prompt_lens: 1024, prefill_seq_len: 1024, num_cached_tokens: 0
2026-08-29 11:54:41.703 | INFO     | models.demos.llama3_70b_galaxy.tt.generator:_easy_trace_prefill:1042 - Executing prefill trace
2026-08-29 11:54:41.884 | INFO     | models.demos.llama3_70b_galaxy.tt.generator:prefill_forward_text:551 - Prefilling User 7, use_batched_prefill: False, prompt_lens: 1024, prefill_seq_len: 1024, num_cached_tokens: 0
2026-08-29 11:54:41.885 | INFO     | models.demos.llama3_70b_galaxy.tt.generator:_easy_trace_prefill:1042 - Executing prefill trace
2026-08-29 11:54:42.064 | INFO     | models.demos.llama3_70b_galaxy.tt.generator:prefill_forward_text:551 - Prefilling User 8, use_batched_prefill: False, prompt_lens: 1024, prefill_seq_len: 1024, num_cached_tokens: 0
2026-08-29 11:54:42.064 | INFO     | models.demos.llama3_70b_galaxy.tt.generator:_easy_trace_prefill:1042 - Executing prefill trace
2026-08-29 11:54:42.245 | INFO     | models.demos.llama3_70b_galaxy.tt.generator:prefill_forward_text:551 - Prefilling User 9, use_batched_prefill: False, prompt_lens: 1024, prefill_seq_len: 1024, num_cached_tokens: 0
2026-08-29 11:54:42.246 | INFO     | models.demos.llama3_70b_galaxy.tt.generator:_easy_trace_prefill:1042 - Executing prefill trace
2026-08-29 11:54:42.427 | INFO     | models.demos.llama3_70b_galaxy.tt.generator:prefill_forward_text:551 - Prefilling User 10, use_batched_prefill: False, prompt_lens: 1024, prefill_seq_len: 1024, num_cached_tokens: 0
2026-08-29 11:54:42.427 | INFO     | models.demos.llama3_70b_galaxy.tt.generator:_easy_trace_prefill:1042 - Executing prefill trace
2026-08-29 11:54:42.608 | INFO     | models.demos.llama3_70b_galaxy.tt.generator:prefill_forward_text:551 - Prefilling User 11, use_batched_prefill: False, prompt_lens: 1024, prefill_seq_len: 1024, num_cached_tokens: 0
2026-08-29 11:54:42.609 | INFO     | models.demos.llama3_70b_galaxy.tt.generator:_easy_trace_prefill:1042 - Executing prefill trace
2026-08-29 11:54:42.790 | INFO     | models.demos.llama3_70b_galaxy.tt.generator:prefill_forward_text:551 - Prefilling User 12, use_batched_prefill: False, prompt_lens: 1024, prefill_seq_len: 1024, num_cached_tokens: 0
2026-08-29 11:54:42.790 | INFO     | models.demos.llama3_70b_galaxy.tt.generator:_easy_trace_prefill:1042 - Executing prefill trace
2026-08-29 11:54:42.971 | INFO     | models.demos.llama3_70b_galaxy.tt.generator:prefill_forward_text:551 - Prefilling User 13, use_batched_prefill: False, prompt_lens: 1024, prefill_seq_len: 1024, num_cached_tokens: 0
2026-08-29 11:54:42.972 | INFO     | models.demos.llama3_70b_galaxy.tt.generator:_easy_trace_prefill:1042 - Executing prefill trace
2026-08-29 11:54:43.153 | INFO     | models.demos.llama3_70b_galaxy.tt.generator:prefill_forward_text:551 - Prefilling User 14, use_batched_prefill: False, prompt_lens: 1024, prefill_seq_len: 1024, num_cached_tokens: 0
2026-08-29 11:54:43.153 | INFO     | models.demos.llama3_70b_galaxy.tt.generator:_easy_trace_prefill:1042 - Executing prefill trace
2026-08-29 11:54:43.334 | INFO     | models.demos.llama3_70b_galaxy.tt.generator:prefill_forward_text:551 - Prefilling User 15, use_batched_prefill: False, prompt_lens: 1024, prefill_seq_len: 1024, num_cached_tokens: 0
2026-08-29 11:54:43.335 | INFO     | models.demos.llama3_70b_galaxy.tt.generator:_easy_trace_prefill:1042 - Executing prefill trace
2026-08-29 11:54:43.516 | INFO     | models.demos.llama3_70b_galaxy.tt.generator:prefill_forward_text:551 - Prefilling User 16, use_batched_prefill: False, prompt_lens: 1024, prefill_seq_len: 1024, num_cached_tokens: 0
2026-08-29 11:54:43.516 | INFO     | models.demos.llama3_70b_galaxy.tt.generator:_easy_trace_prefill:1042 - Executing prefill trace
2026-08-29 11:54:43.697 | INFO     | models.demos.llama3_70b_galaxy.tt.generator:prefill_forward_text:551 - Prefilling User 17, use_batched_prefill: False, prompt_lens: 1024, prefill_seq_len: 1024, num_cached_tokens: 0
2026-08-29 11:54:43.697 | INFO     | models.demos.llama3_70b_galaxy.tt.generator:_easy_trace_prefill:1042 - Executing prefill trace
2026-08-29 11:54:43.879 | INFO     | models.demos.llama3_70b_galaxy.tt.generator:prefill_forward_text:551 - Prefilling User 18, use_batched_prefill: False, prompt_lens: 1024, prefill_seq_len: 1024, num_cached_tokens: 0
2026-08-29 11:54:43.879 | INFO     | models.demos.llama3_70b_galaxy.tt.generator:_easy_trace_prefill:1042 - Executing prefill trace
2026-08-29 11:54:44.060 | INFO     | models.demos.llama3_70b_galaxy.tt.generator:prefill_forward_text:551 - Prefilling User 19, use_batched_prefill: False, prompt_lens: 1024, prefill_seq_len: 1024, num_cached_tokens: 0
2026-08-29 11:54:44.060 | INFO     | models.demos.llama3_70b_galaxy.tt.generator:_easy_trace_prefill:1042 - Executing prefill trace
2026-08-29 11:54:44.240 | INFO     | models.demos.llama3_70b_galaxy.tt.generator:prefill_forward_text:551 - Prefilling User 20, use_batched_prefill: False, prompt_lens: 1024, prefill_seq_len: 1024, num_cached_tokens: 0
2026-08-29 11:54:44.240 | INFO     | models.demos.llama3_70b_galaxy.tt.generator:_easy_trace_prefill:1042 - Executing prefill trace
2026-08-29 11:54:44.421 | INFO     | models.demos.llama3_70b_galaxy.tt.generator:prefill_forward_text:551 - Prefilling User 21, use_batched_prefill: False, prompt_lens: 1024, prefill_seq_len: 1024, num_cached_tokens: 0
2026-08-29 11:54:44.422 | INFO     | models.demos.llama3_70b_galaxy.tt.generator:_easy_trace_prefill:1042 - Executing prefill trace
2026-08-29 11:54:44.603 | INFO     | models.demos.llama3_70b_galaxy.tt.generator:prefill_forward_text:551 - Prefilling User 22, use_batched_prefill: False, prompt_lens: 1024, prefill_seq_len: 1024, num_cached_tokens: 0
2026-08-29 11:54:44.603 | INFO     | models.demos.llama3_70b_galaxy.tt.generator:_easy_trace_prefill:1042 - Executing prefill trace
2026-08-29 11:54:44.784 | INFO     | models.demos.llama3_70b_galaxy.tt.generator:prefill_forward_text:551 - Prefilling User 23, use_batched_prefill: False, prompt_lens: 1024, prefill_seq_len: 1024, num_cached_tokens: 0
2026-08-29 11:54:44.785 | INFO     | models.demos.llama3_70b_galaxy.tt.generator:_easy_trace_prefill:1042 - Executing prefill trace
2026-08-29 11:54:44.966 | INFO     | models.demos.llama3_70b_galaxy.tt.generator:prefill_forward_text:551 - Prefilling User 24, use_batched_prefill: False, prompt_lens: 1024, prefill_seq_len: 1024, num_cached_tokens: 0
2026-08-29 11:54:44.966 | INFO     | models.demos.llama3_70b_galaxy.tt.generator:_easy_trace_prefill:1042 - Executing prefill trace
2026-08-29 11:54:45.147 | INFO     | models.demos.llama3_70b_galaxy.tt.generator:prefill_forward_text:551 - Prefilling User 25, use_batched_prefill: False, prompt_lens: 1024, prefill_seq_len: 1024, num_cached_tokens: 0
2026-08-29 11:54:45.148 | INFO     | models.demos.llama3_70b_galaxy.tt.generator:_easy_trace_prefill:1042 - Executing prefill trace
2026-08-29 11:54:45.329 | INFO     | models.demos.llama3_70b_galaxy.tt.generator:prefill_forward_text:551 - Prefilling User 26, use_batched_prefill: False, prompt_lens: 1024, prefill_seq_len: 1024, num_cached_tokens: 0
2026-08-29 11:54:45.329 | INFO     | models.demos.llama3_70b_galaxy.tt.generator:_easy_trace_prefill:1042 - Executing prefill trace
2026-08-29 11:54:45.511 | INFO     | models.demos.llama3_70b_galaxy.tt.generator:prefill_forward_text:551 - Prefilling User 27, use_batched_prefill: False, prompt_lens: 1024, prefill_seq_len: 1024, num_cached_tokens: 0
2026-08-29 11:54:45.511 | INFO     | models.demos.llama3_70b_galaxy.tt.generator:_easy_trace_prefill:1042 - Executing prefill trace
2026-08-29 11:54:45.692 | INFO     | models.demos.llama3_70b_galaxy.tt.generator:prefill_forward_text:551 - Prefilling User 28, use_batched_prefill: False, prompt_lens: 1024, prefill_seq_len: 1024, num_cached_tokens: 0
2026-08-29 11:54:45.693 | INFO     | models.demos.llama3_70b_galaxy.tt.generator:_easy_trace_prefill:1042 - Executing prefill trace
2026-08-29 11:54:45.874 | INFO     | models.demos.llama3_70b_galaxy.tt.generator:prefill_forward_text:551 - Prefilling User 29, use_batched_prefill: False, prompt_lens: 1024, prefill_seq_len: 1024, num_cached_tokens: 0
2026-08-29 11:54:45.874 | INFO     | models.demos.llama3_70b_galaxy.tt.generator:_easy_trace_prefill:1042 - Executing prefill trace
2026-08-29 11:54:46.055 | INFO     | models.demos.llama3_70b_galaxy.tt.generator:prefill_forward_text:551 - Prefilling User 30, use_batched_prefill: False, prompt_lens: 1024, prefill_seq_len: 1024, num_cached_tokens: 0
2026-08-29 11:54:46.056 | INFO     | models.demos.llama3_70b_galaxy.tt.generator:_easy_trace_prefill:1042 - Executing prefill trace
2026-08-29 11:54:46.237 | INFO     | models.demos.llama3_70b_galaxy.tt.generator:prefill_forward_text:551 - Prefilling User 31, use_batched_prefill: False, prompt_lens: 1024, prefill_seq_len: 1024, num_cached_tokens: 0
2026-08-29 11:54:46.238 | INFO     | models.demos.llama3_70b_galaxy.tt.generator:_easy_trace_prefill:1042 - Executing prefill trace
2026-08-29 11:54:46.419 | INFO     | models.demos.llama3_70b_galaxy.tt.generator:prefill_warmup:270 - Running warmup prefill for sequence length: 2048, batch size: 1
2026-08-29 11:54:46.419 | INFO     | models.demos.llama3_70b_galaxy.tt.generator:prefill_warmup:296 - Warming up prefill sequence length: 2048 for batch size: 1 with sampling params: None
2026-08-29 11:54:46.419 | INFO     | models.demos.llama3_70b_galaxy.tt.generator:prefill_forward_text:551 - Prefilling User 0, use_batched_prefill: False, prompt_lens: 2048, prefill_seq_len: 2048, num_cached_tokens: 0
2026-08-29 11:54:46.628 | info     |           Metal | Finalize dfb: dfb_offset == base_offset: 80, dfb size: 32, return value: 112 (dataflow_buffer.cpp:1656)
2026-08-29 11:54:46.628 | info     |           Metal | Finalize dfb: dfb_offset == base_offset: 0, dfb size: 0, return value: 0 (dataflow_buffer.cpp:1656)
2026-08-29 11:54:46.628 | info     |           Metal | Finalize dfb: dfb_offset == base_offset: 0, dfb size: 0, return value: 0 (dataflow_buffer.cpp:1656)
2026-08-29 11:54:48.620 | info     |           Metal | Finalize dfb: dfb_offset == base_offset: 80, dfb size: 32, return value: 112 (dataflow_buffer.cpp:1656)
2026-08-29 11:54:48.620 | info     |           Metal | Finalize dfb: dfb_offset == base_offset: 0, dfb size: 0, return value: 0 (dataflow_buffer.cpp:1656)
2026-08-29 11:54:48.620 | info     |           Metal | Finalize dfb: dfb_offset == base_offset: 0, dfb size: 0, return value: 0 (dataflow_buffer.cpp:1656)
2026-08-29 11:54:48.623 | warning  |              Op | rotary_embedding_llama sequence tile coverage mismatch: input_Ht=64, cos_Ht=4096, sin_Ht=4096, rotary_Ht=64. Tiles beyond rotary_Ht will be zero-filled in the output. (rotary_embedding_llama_multi_core_program_factory.cpp:62)
2026-08-29 11:54:48.704 | info     |           Metal | Finalize dfb: dfb_offset == base_offset: 144, dfb size: 144, return value: 288 (dataflow_buffer.cpp:1656)
2026-08-29 11:54:48.704 | info     |           Metal | Finalize dfb: dfb_offset == base_offset: 0, dfb size: 0, return value: 0 (dataflow_buffer.cpp:1656)
2026-08-29 11:54:48.704 | info     |           Metal | Finalize dfb: dfb_offset == base_offset: 0, dfb size: 0, return value: 0 (dataflow_buffer.cpp:1656)
2026-08-29 11:54:48.787 | info     |           Metal | Finalize dfb: dfb_offset == base_offset: 80, dfb size: 32, return value: 112 (dataflow_buffer.cpp:1656)
2026-08-29 11:54:48.787 | info     |           Metal | Finalize dfb: dfb_offset == base_offset: 0, dfb size: 0, return value: 0 (dataflow_buffer.cpp:1656)
2026-08-29 11:54:48.787 | info     |           Metal | Finalize dfb: dfb_offset == base_offset: 0, dfb size: 0, return value: 0 (dataflow_buffer.cpp:1656)
2026-08-29 11:54:48.790 | warning  |              Op | rotary_embedding_llama sequence tile coverage mismatch: input_Ht=64, cos_Ht=4096, sin_Ht=4096, rotary_Ht=64. Tiles beyond rotary_Ht will be zero-filled in the output. (rotary_embedding_llama_multi_core_program_factory.cpp:62)
2026-08-29 11:54:48.887 | info     |           Metal | Finalize dfb: dfb_offset == base_offset: 144, dfb size: 144, return value: 288 (dataflow_buffer.cpp:1656)
2026-08-29 11:54:48.887 | info     |           Metal | Finalize dfb: dfb_offset == base_offset: 0, dfb size: 0, return value: 0 (dataflow_buffer.cpp:1656)
2026-08-29 11:54:48.887 | info     |           Metal | Finalize dfb: dfb_offset == base_offset: 0, dfb size: 0, return value: 0 (dataflow_buffer.cpp:1656)
2026-08-29 11:54:48.893 | info     |           Metal | Finalize dfb: dfb_offset == base_offset: 80, dfb size: 32, return value: 112 (dataflow_buffer.cpp:1656)
2026-08-29 11:54:48.893 | info     |           Metal | Finalize dfb: dfb_offset == base_offset: 0, dfb size: 0, return value: 0 (dataflow_buffer.cpp:1656)
2026-08-29 11:54:48.894 | info     |           Metal | Finalize dfb: dfb_offset == base_offset: 0, dfb size: 0, return value: 0 (dataflow_buffer.cpp:1656)
2026-08-29 11:54:48.977 | info     |           Metal | Finalize dfb: dfb_offset == base_offset: 80, dfb size: 32, return value: 112 (dataflow_buffer.cpp:1656)
2026-08-29 11:54:48.977 | info     |           Metal | Finalize dfb: dfb_offset == base_offset: 0, dfb size: 0, return value: 0 (dataflow_buffer.cpp:1656)
2026-08-29 11:54:48.977 | info     |           Metal | Finalize dfb: dfb_offset == base_offset: 0, dfb size: 0, return value: 0 (dataflow_buffer.cpp:1656)
2026-08-29 11:54:49.131 | info     |           Metal | Finalize dfb: dfb_offset == base_offset: 80, dfb size: 32, return value: 112 (dataflow_buffer.cpp:1656)
2026-08-29 11:54:49.131 | info     |           Metal | Finalize dfb: dfb_offset == base_offset: 0, dfb size: 0, return value: 0 (dataflow_buffer.cpp:1656)
2026-08-29 11:54:49.131 | info     |           Metal | Finalize dfb: dfb_offset == base_offset: 0, dfb size: 0, return value: 0 (dataflow_buffer.cpp:1656)
2026-08-29 11:54:54.834 | INFO     | models.demos.llama3_70b_galaxy.tt.generator:_capture_trace_prefill:1135 - Done Compiling Model
2026-08-29 11:54:58.179 | INFO     | models.demos.llama3_70b_galaxy.tt.generator:_capture_trace_prefill:1175 - Done Capturing Prefill Trace
2026-08-29 11:54:58.179 | INFO     | models.demos.llama3_70b_galaxy.tt.generator:_easy_trace_prefill:1042 - Executing prefill trace
2026-08-29 11:54:58.549 | INFO     | models.demos.llama3_70b_galaxy.tt.generator:prefill_warmup:270 - Running warmup prefill for sequence length: 2048, batch size: 32
2026-08-29 11:54:58.550 | INFO     | models.demos.llama3_70b_galaxy.tt.generator:prefill_warmup:296 - Warming up prefill sequence length: 2048 for batch size: 32 with sampling params: None
2026-08-29 11:54:58.550 | INFO     | models.demos.llama3_70b_galaxy.tt.generator:prefill_forward_text:551 - Prefilling User 0, use_batched_prefill: False, prompt_lens: 2048, prefill_seq_len: 2048, num_cached_tokens: 0
2026-08-29 11:54:58.550 | INFO     | models.demos.llama3_70b_galaxy.tt.generator:_easy_trace_prefill:1042 - Executing prefill trace
2026-08-29 11:54:58.894 | INFO     | models.demos.llama3_70b_galaxy.tt.generator:prefill_forward_text:551 - Prefilling User 1, use_batched_prefill: False, prompt_lens: 2048, prefill_seq_len: 2048, num_cached_tokens: 0
2026-08-29 11:54:58.894 | INFO     | models.demos.llama3_70b_galaxy.tt.generator:_easy_trace_prefill:1042 - Executing prefill trace
2026-08-29 11:54:59.238 | INFO     | models.demos.llama3_70b_galaxy.tt.generator:prefill_forward_text:551 - Prefilling User 2, use_batched_prefill: False, prompt_lens: 2048, prefill_seq_len: 2048, num_cached_tokens: 0
2026-08-29 11:54:59.238 | INFO     | models.demos.llama3_70b_galaxy.tt.generator:_easy_trace_prefill:1042 - Executing prefill trace
2026-08-29 11:54:59.582 | INFO     | models.demos.llama3_70b_galaxy.tt.generator:prefill_forward_text:551 - Prefilling User 3, use_batched_prefill: False, prompt_lens: 2048, prefill_seq_len: 2048, num_cached_tokens: 0
2026-08-29 11:54:59.582 | INFO     | models.demos.llama3_70b_galaxy.tt.generator:_easy_trace_prefill:1042 - Executing prefill trace
2026-08-29 11:54:59.926 | INFO     | models.demos.llama3_70b_galaxy.tt.generator:prefill_forward_text:551 - Prefilling User 4, use_batched_prefill: False, prompt_lens: 2048, prefill_seq_len: 2048, num_cached_tokens: 0
2026-08-29 11:54:59.927 | INFO     | models.demos.llama3_70b_galaxy.tt.generator:_easy_trace_prefill:1042 - Executing prefill trace
2026-08-29 11:55:00.270 | INFO     | models.demos.llama3_70b_galaxy.tt.generator:prefill_forward_text:551 - Prefilling User 5, use_batched_prefill: False, prompt_lens: 2048, prefill_seq_len: 2048, num_cached_tokens: 0
2026-08-29 11:55:00.271 | INFO     | models.demos.llama3_70b_galaxy.tt.generator:_easy_trace_prefill:1042 - Executing prefill trace
2026-08-29 11:55:00.615 | INFO     | models.demos.llama3_70b_galaxy.tt.generator:prefill_forward_text:551 - Prefilling User 6, use_batched_prefill: False, prompt_lens: 2048, prefill_seq_len: 2048, num_cached_tokens: 0
2026-08-29 11:55:00.615 | INFO     | models.demos.llama3_70b_galaxy.tt.generator:_easy_trace_prefill:1042 - Executing prefill trace
2026-08-29 11:55:00.959 | INFO     | models.demos.llama3_70b_galaxy.tt.generator:prefill_forward_text:551 - Prefilling User 7, use_batched_prefill: False, prompt_lens: 2048, prefill_seq_len: 2048, num_cached_tokens: 0
2026-08-29 11:55:00.959 | INFO     | models.demos.llama3_70b_galaxy.tt.generator:_easy_trace_prefill:1042 - Executing prefill trace
2026-08-29 11:55:01.303 | INFO     | models.demos.llama3_70b_galaxy.tt.generator:prefill_forward_text:551 - Prefilling User 8, use_batched_prefill: False, prompt_lens: 2048, prefill_seq_len: 2048, num_cached_tokens: 0
2026-08-29 11:55:01.303 | INFO     | models.demos.llama3_70b_galaxy.tt.generator:_easy_trace_prefill:1042 - Executing prefill trace
2026-08-29 11:55:01.647 | INFO     | models.demos.llama3_70b_galaxy.tt.generator:prefill_forward_text:551 - Prefilling User 9, use_batched_prefill: False, prompt_lens: 2048, prefill_seq_len: 2048, num_cached_tokens: 0
2026-08-29 11:55:01.647 | INFO     | models.demos.llama3_70b_galaxy.tt.generator:_easy_trace_prefill:1042 - Executing prefill trace
2026-08-29 11:55:01.991 | INFO     | models.demos.llama3_70b_galaxy.tt.generator:prefill_forward_text:551 - Prefilling User 10, use_batched_prefill: False, prompt_lens: 2048, prefill_seq_len: 2048, num_cached_tokens: 0
2026-08-29 11:55:01.991 | INFO     | models.demos.llama3_70b_galaxy.tt.generator:_easy_trace_prefill:1042 - Executing prefill trace
2026-08-29 11:55:02.333 | INFO     | models.demos.llama3_70b_galaxy.tt.generator:prefill_forward_text:551 - Prefilling User 11, use_batched_prefill: False, prompt_lens: 2048, prefill_seq_len: 2048, num_cached_tokens: 0
2026-08-29 11:55:02.334 | INFO     | models.demos.llama3_70b_galaxy.tt.generator:_easy_trace_prefill:1042 - Executing prefill trace
2026-08-29 11:55:02.677 | INFO     | models.demos.llama3_70b_galaxy.tt.generator:prefill_forward_text:551 - Prefilling User 12, use_batched_prefill: False, prompt_lens: 2048, prefill_seq_len: 2048, num_cached_tokens: 0
2026-08-29 11:55:02.678 | INFO     | models.demos.llama3_70b_galaxy.tt.generator:_easy_trace_prefill:1042 - Executing prefill trace
2026-08-29 11:55:03.022 | INFO     | models.demos.llama3_70b_galaxy.tt.generator:prefill_forward_text:551 - Prefilling User 13, use_batched_prefill: False, prompt_lens: 2048, prefill_seq_len: 2048, num_cached_tokens: 0
2026-08-29 11:55:03.022 | INFO     | models.demos.llama3_70b_galaxy.tt.generator:_easy_trace_prefill:1042 - Executing prefill trace
2026-08-29 11:55:03.366 | INFO     | models.demos.llama3_70b_galaxy.tt.generator:prefill_forward_text:551 - Prefilling User 14, use_batched_prefill: False, prompt_lens: 2048, prefill_seq_len: 2048, num_cached_tokens: 0
2026-08-29 11:55:03.366 | INFO     | models.demos.llama3_70b_galaxy.tt.generator:_easy_trace_prefill:1042 - Executing prefill trace
2026-08-29 11:55:03.710 | INFO     | models.demos.llama3_70b_galaxy.tt.generator:prefill_forward_text:551 - Prefilling User 15, use_batched_prefill: False, prompt_lens: 2048, prefill_seq_len: 2048, num_cached_tokens: 0
2026-08-29 11:55:03.710 | INFO     | models.demos.llama3_70b_galaxy.tt.generator:_easy_trace_prefill:1042 - Executing prefill trace
2026-08-29 11:55:04.054 | INFO     | models.demos.llama3_70b_galaxy.tt.generator:prefill_forward_text:551 - Prefilling User 16, use_batched_prefill: False, prompt_lens: 2048, prefill_seq_len: 2048, num_cached_tokens: 0
2026-08-29 11:55:04.054 | INFO     | models.demos.llama3_70b_galaxy.tt.generator:_easy_trace_prefill:1042 - Executing prefill trace
2026-08-29 11:55:04.398 | INFO     | models.demos.llama3_70b_galaxy.tt.generator:prefill_forward_text:551 - Prefilling User 17, use_batched_prefill: False, prompt_lens: 2048, prefill_seq_len: 2048, num_cached_tokens: 0
2026-08-29 11:55:04.399 | INFO     | models.demos.llama3_70b_galaxy.tt.generator:_easy_trace_prefill:1042 - Executing prefill trace
2026-08-29 11:55:04.742 | INFO     | models.demos.llama3_70b_galaxy.tt.generator:prefill_forward_text:551 - Prefilling User 18, use_batched_prefill: False, prompt_lens: 2048, prefill_seq_len: 2048, num_cached_tokens: 0
2026-08-29 11:55:04.743 | INFO     | models.demos.llama3_70b_galaxy.tt.generator:_easy_trace_prefill:1042 - Executing prefill trace
2026-08-29 11:55:05.087 | INFO     | models.demos.llama3_70b_galaxy.tt.generator:prefill_forward_text:551 - Prefilling User 19, use_batched_prefill: False, prompt_lens: 2048, prefill_seq_len: 2048, num_cached_tokens: 0
2026-08-29 11:55:05.087 | INFO     | models.demos.llama3_70b_galaxy.tt.generator:_easy_trace_prefill:1042 - Executing prefill trace
2026-08-29 11:55:05.431 | INFO     | models.demos.llama3_70b_galaxy.tt.generator:prefill_forward_text:551 - Prefilling User 20, use_batched_prefill: False, prompt_lens: 2048, prefill_seq_len: 2048, num_cached_tokens: 0
2026-08-29 11:55:05.431 | INFO     | models.demos.llama3_70b_galaxy.tt.generator:_easy_trace_prefill:1042 - Executing prefill trace
2026-08-29 11:55:05.775 | INFO     | models.demos.llama3_70b_galaxy.tt.generator:prefill_forward_text:551 - Prefilling User 21, use_batched_prefill: False, prompt_lens: 2048, prefill_seq_len: 2048, num_cached_tokens: 0
2026-08-29 11:55:05.776 | INFO     | models.demos.llama3_70b_galaxy.tt.generator:_easy_trace_prefill:1042 - Executing prefill trace
2026-08-29 11:55:06.119 | INFO     | models.demos.llama3_70b_galaxy.tt.generator:prefill_forward_text:551 - Prefilling User 22, use_batched_prefill: False, prompt_lens: 2048, prefill_seq_len: 2048, num_cached_tokens: 0
2026-08-29 11:55:06.120 | INFO     | models.demos.llama3_70b_galaxy.tt.generator:_easy_trace_prefill:1042 - Executing prefill trace
2026-08-29 11:55:06.463 | INFO     | models.demos.llama3_70b_galaxy.tt.generator:prefill_forward_text:551 - Prefilling User 23, use_batched_prefill: False, prompt_lens: 2048, prefill_seq_len: 2048, num_cached_tokens: 0
2026-08-29 11:55:06.464 | INFO     | models.demos.llama3_70b_galaxy.tt.generator:_easy_trace_prefill:1042 - Executing prefill trace
2026-08-29 11:55:06.808 | INFO     | models.demos.llama3_70b_galaxy.tt.generator:prefill_forward_text:551 - Prefilling User 24, use_batched_prefill: False, prompt_lens: 2048, prefill_seq_len: 2048, num_cached_tokens: 0
2026-08-29 11:55:06.808 | INFO     | models.demos.llama3_70b_galaxy.tt.generator:_easy_trace_prefill:1042 - Executing prefill trace
2026-08-29 11:55:07.152 | INFO     | models.demos.llama3_70b_galaxy.tt.generator:prefill_forward_text:551 - Prefilling User 25, use_batched_prefill: False, prompt_lens: 2048, prefill_seq_len: 2048, num_cached_tokens: 0
2026-08-29 11:55:07.152 | INFO     | models.demos.llama3_70b_galaxy.tt.generator:_easy_trace_prefill:1042 - Executing prefill trace
2026-08-29 11:55:07.493 | INFO     | models.demos.llama3_70b_galaxy.tt.generator:prefill_forward_text:551 - Prefilling User 26, use_batched_prefill: False, prompt_lens: 2048, prefill_seq_len: 2048, num_cached_tokens: 0
2026-08-29 11:55:07.494 | INFO     | models.demos.llama3_70b_galaxy.tt.generator:_easy_trace_prefill:1042 - Executing prefill trace
2026-08-29 11:55:07.837 | INFO     | models.demos.llama3_70b_galaxy.tt.generator:prefill_forward_text:551 - Prefilling User 27, use_batched_prefill: False, prompt_lens: 2048, prefill_seq_len: 2048, num_cached_tokens: 0
2026-08-29 11:55:07.837 | INFO     | models.demos.llama3_70b_galaxy.tt.generator:_easy_trace_prefill:1042 - Executing prefill trace
2026-08-29 11:55:08.181 | INFO     | models.demos.llama3_70b_galaxy.tt.generator:prefill_forward_text:551 - Prefilling User 28, use_batched_prefill: False, prompt_lens: 2048, prefill_seq_len: 2048, num_cached_tokens: 0
2026-08-29 11:55:08.181 | INFO     | models.demos.llama3_70b_galaxy.tt.generator:_easy_trace_prefill:1042 - Executing prefill trace
2026-08-29 11:55:08.525 | INFO     | models.demos.llama3_70b_galaxy.tt.generator:prefill_forward_text:551 - Prefilling User 29, use_batched_prefill: False, prompt_lens: 2048, prefill_seq_len: 2048, num_cached_tokens: 0
2026-08-29 11:55:08.526 | INFO     | models.demos.llama3_70b_galaxy.tt.generator:_easy_trace_prefill:1042 - Executing prefill trace
2026-08-29 11:55:08.869 | INFO     | models.demos.llama3_70b_galaxy.tt.generator:prefill_forward_text:551 - Prefilling User 30, use_batched_prefill: False, prompt_lens: 2048, prefill_seq_len: 2048, num_cached_tokens: 0
2026-08-29 11:55:08.870 | INFO     | models.demos.llama3_70b_galaxy.tt.generator:_easy_trace_prefill:1042 - Executing prefill trace
2026-08-29 11:55:09.214 | INFO     | models.demos.llama3_70b_galaxy.tt.generator:prefill_forward_text:551 - Prefilling User 31, use_batched_prefill: False, prompt_lens: 2048, prefill_seq_len: 2048, num_cached_tokens: 0
2026-08-29 11:55:09.214 | INFO     | models.demos.llama3_70b_galaxy.tt.generator:_easy_trace_prefill:1042 - Executing prefill trace
2026-08-29 11:55:09.558 | INFO     | models.demos.llama3_70b_galaxy.tt.generator:prefill_warmup:270 - Running warmup prefill for sequence length: 4096, batch size: 1
2026-08-29 11:55:09.558 | INFO     | models.demos.llama3_70b_galaxy.tt.generator:prefill_warmup:296 - Warming up prefill sequence length: 4096 for batch size: 1 with sampling params: None
2026-08-29 11:55:09.558 | INFO     | models.demos.llama3_70b_galaxy.tt.generator:prefill_forward_text:551 - Prefilling User 0, use_batched_prefill: False, prompt_lens: 4096, prefill_seq_len: 4096, num_cached_tokens: 0
2026-08-29 11:55:10.533 | info     |           Metal | Finalize dfb: dfb_offset == base_offset: 80, dfb size: 32, return value: 112 (dataflow_buffer.cpp:1656)
2026-08-29 11:55:10.533 | info     |           Metal | Finalize dfb: dfb_offset == base_offset: 0, dfb size: 0, return value: 0 (dataflow_buffer.cpp:1656)
2026-08-29 11:55:10.533 | info     |           Metal | Finalize dfb: dfb_offset == base_offset: 0, dfb size: 0, return value: 0 (dataflow_buffer.cpp:1656)
2026-08-29 11:55:10.535 | warning  |              Op | rotary_embedding_llama sequence tile coverage mismatch: input_Ht=128, cos_Ht=4096, sin_Ht=4096, rotary_Ht=128. Tiles beyond rotary_Ht will be zero-filled in the output. (rotary_embedding_llama_multi_core_program_factory.cpp:62)
2026-08-29 11:55:10.631 | info     |           Metal | Finalize dfb: dfb_offset == base_offset: 144, dfb size: 144, return value: 288 (dataflow_buffer.cpp:1656)
2026-08-29 11:55:10.631 | info     |           Metal | Finalize dfb: dfb_offset == base_offset: 0, dfb size: 0, return value: 0 (dataflow_buffer.cpp:1656)
2026-08-29 11:55:10.631 | info     |           Metal | Finalize dfb: dfb_offset == base_offset: 0, dfb size: 0, return value: 0 (dataflow_buffer.cpp:1656)
2026-08-29 11:55:10.642 | info     |           Metal | Finalize dfb: dfb_offset == base_offset: 80, dfb size: 32, return value: 112 (dataflow_buffer.cpp:1656)
2026-08-29 11:55:10.642 | info     |           Metal | Finalize dfb: dfb_offset == base_offset: 0, dfb size: 0, return value: 0 (dataflow_buffer.cpp:1656)
2026-08-29 11:55:10.642 | info     |           Metal | Finalize dfb: dfb_offset == base_offset: 0, dfb size: 0, return value: 0 (dataflow_buffer.cpp:1656)
2026-08-29 11:55:10.643 | warning  |              Op | rotary_embedding_llama sequence tile coverage mismatch: input_Ht=128, cos_Ht=4096, sin_Ht=4096, rotary_Ht=128. Tiles beyond rotary_Ht will be zero-filled in the output. (rotary_embedding_llama_multi_core_program_factory.cpp:62)
2026-08-29 11:55:10.720 | info     |           Metal | Finalize dfb: dfb_offset == base_offset: 144, dfb size: 144, return value: 288 (dataflow_buffer.cpp:1656)
2026-08-29 11:55:10.720 | info     |           Metal | Finalize dfb: dfb_offset == base_offset: 0, dfb size: 0, return value: 0 (dataflow_buffer.cpp:1656)
2026-08-29 11:55:10.720 | info     |           Metal | Finalize dfb: dfb_offset == base_offset: 0, dfb size: 0, return value: 0 (dataflow_buffer.cpp:1656)
2026-08-29 11:55:10.731 | info     |           Metal | Finalize dfb: dfb_offset == base_offset: 80, dfb size: 32, return value: 112 (dataflow_buffer.cpp:1656)
2026-08-29 11:55:10.731 | info     |           Metal | Finalize dfb: dfb_offset == base_offset: 0, dfb size: 0, return value: 0 (dataflow_buffer.cpp:1656)
2026-08-29 11:55:10.731 | info     |           Metal | Finalize dfb: dfb_offset == base_offset: 0, dfb size: 0, return value: 0 (dataflow_buffer.cpp:1656)
2026-08-29 11:55:10.738 | info     |           Metal | Finalize dfb: dfb_offset == base_offset: 80, dfb size: 32, return value: 112 (dataflow_buffer.cpp:1656)
2026-08-29 11:55:10.738 | info     |           Metal | Finalize dfb: dfb_offset == base_offset: 0, dfb size: 0, return value: 0 (dataflow_buffer.cpp:1656)
2026-08-29 11:55:10.738 | info     |           Metal | Finalize dfb: dfb_offset == base_offset: 0, dfb size: 0, return value: 0 (dataflow_buffer.cpp:1656)
2026-08-29 11:55:10.918 | info     |           Metal | Finalize dfb: dfb_offset == base_offset: 80, dfb size: 32, return value: 112 (dataflow_buffer.cpp:1656)
2026-08-29 11:55:10.918 | info     |           Metal | Finalize dfb: dfb_offset == base_offset: 0, dfb size: 0, return value: 0 (dataflow_buffer.cpp:1656)
2026-08-29 11:55:10.918 | info     |           Metal | Finalize dfb: dfb_offset == base_offset: 0, dfb size: 0, return value: 0 (dataflow_buffer.cpp:1656)
2026-08-29 11:55:15.904 | INFO     | models.demos.llama3_70b_galaxy.tt.generator:_capture_trace_prefill:1135 - Done Compiling Model
2026-08-29 11:55:19.050 | INFO     | models.demos.llama3_70b_galaxy.tt.generator:_capture_trace_prefill:1175 - Done Capturing Prefill Trace
2026-08-29 11:55:19.051 | INFO     | models.demos.llama3_70b_galaxy.tt.generator:_easy_trace_prefill:1042 - Executing prefill trace
2026-08-29 11:55:19.728 | INFO     | models.demos.llama3_70b_galaxy.tt.generator:prefill_warmup:266 - Skipping warmup step for prefill sequence length 4096, batch size: 32
2026-08-29 11:55:19.728 | INFO     | models.demos.llama3_70b_galaxy.tt.generator:prefill_warmup:270 - Running warmup prefill for sequence length: 8192, batch size: 1
2026-08-29 11:55:19.728 | INFO     | models.demos.llama3_70b_galaxy.tt.generator:prefill_warmup:296 - Warming up prefill sequence length: 8192 for batch size: 1 with sampling params: None
2026-08-29 11:55:19.728 | INFO     | models.demos.llama3_70b_galaxy.tt.generator:prefill_forward_text:551 - Prefilling User 0, use_batched_prefill: False, prompt_lens: 8192, prefill_seq_len: 8192, num_cached_tokens: 0
2026-08-29 11:55:20.042 | info     |           Metal | Finalize dfb: dfb_offset == base_offset: 80, dfb size: 32, return value: 112 (dataflow_buffer.cpp:1656)
2026-08-29 11:55:20.042 | info     |           Metal | Finalize dfb: dfb_offset == base_offset: 0, dfb size: 0, return value: 0 (dataflow_buffer.cpp:1656)
2026-08-29 11:55:20.042 | info     |           Metal | Finalize dfb: dfb_offset == base_offset: 0, dfb size: 0, return value: 0 (dataflow_buffer.cpp:1656)
2026-08-29 11:55:22.507 | info     |           Metal | Finalize dfb: dfb_offset == base_offset: 80, dfb size: 32, return value: 112 (dataflow_buffer.cpp:1656)
2026-08-29 11:55:22.507 | info     |           Metal | Finalize dfb: dfb_offset == base_offset: 0, dfb size: 0, return value: 0 (dataflow_buffer.cpp:1656)
2026-08-29 11:55:22.507 | info     |           Metal | Finalize dfb: dfb_offset == base_offset: 0, dfb size: 0, return value: 0 (dataflow_buffer.cpp:1656)
2026-08-29 11:55:22.510 | warning  |              Op | rotary_embedding_llama sequence tile coverage mismatch: input_Ht=256, cos_Ht=4096, sin_Ht=4096, rotary_Ht=256. Tiles beyond rotary_Ht will be zero-filled in the output. (rotary_embedding_llama_multi_core_program_factory.cpp:62)
2026-08-29 11:55:22.619 | info     |           Metal | Finalize dfb: dfb_offset == base_offset: 144, dfb size: 144, return value: 288 (dataflow_buffer.cpp:1656)
2026-08-29 11:55:22.619 | info     |           Metal | Finalize dfb: dfb_offset == base_offset: 0, dfb size: 0, return value: 0 (dataflow_buffer.cpp:1656)
2026-08-29 11:55:22.619 | info     |           Metal | Finalize dfb: dfb_offset == base_offset: 0, dfb size: 0, return value: 0 (dataflow_buffer.cpp:1656)
2026-08-29 11:55:22.626 | info     |           Metal | Finalize dfb: dfb_offset == base_offset: 80, dfb size: 32, return value: 112 (dataflow_buffer.cpp:1656)
2026-08-29 11:55:22.626 | info     |           Metal | Finalize dfb: dfb_offset == base_offset: 0, dfb size: 0, return value: 0 (dataflow_buffer.cpp:1656)
2026-08-29 11:55:22.626 | info     |           Metal | Finalize dfb: dfb_offset == base_offset: 0, dfb size: 0, return value: 0 (dataflow_buffer.cpp:1656)
2026-08-29 11:55:22.627 | warning  |              Op | rotary_embedding_llama sequence tile coverage mismatch: input_Ht=256, cos_Ht=4096, sin_Ht=4096, rotary_Ht=256. Tiles beyond rotary_Ht will be zero-filled in the output. (rotary_embedding_llama_multi_core_program_factory.cpp:62)
2026-08-29 11:55:22.702 | info     |           Metal | Finalize dfb: dfb_offset == base_offset: 144, dfb size: 144, return value: 288 (dataflow_buffer.cpp:1656)
2026-08-29 11:55:22.702 | info     |           Metal | Finalize dfb: dfb_offset == base_offset: 0, dfb size: 0, return value: 0 (dataflow_buffer.cpp:1656)
2026-08-29 11:55:22.702 | info     |           Metal | Finalize dfb: dfb_offset == base_offset: 0, dfb size: 0, return value: 0 (dataflow_buffer.cpp:1656)
2026-08-29 11:55:22.709 | info     |           Metal | Finalize dfb: dfb_offset == base_offset: 80, dfb size: 32, return value: 112 (dataflow_buffer.cpp:1656)
2026-08-29 11:55:22.709 | info     |           Metal | Finalize dfb: dfb_offset == base_offset: 0, dfb size: 0, return value: 0 (dataflow_buffer.cpp:1656)
2026-08-29 11:55:22.709 | info     |           Metal | Finalize dfb: dfb_offset == base_offset: 0, dfb size: 0, return value: 0 (dataflow_buffer.cpp:1656)
2026-08-29 11:55:22.787 | info     |           Metal | Finalize dfb: dfb_offset == base_offset: 80, dfb size: 32, return value: 112 (dataflow_buffer.cpp:1656)
2026-08-29 11:55:22.787 | info     |           Metal | Finalize dfb: dfb_offset == base_offset: 0, dfb size: 0, return value: 0 (dataflow_buffer.cpp:1656)
2026-08-29 11:55:22.787 | info     |           Metal | Finalize dfb: dfb_offset == base_offset: 0, dfb size: 0, return value: 0 (dataflow_buffer.cpp:1656)
2026-08-29 11:55:22.992 | info     |           Metal | Finalize dfb: dfb_offset == base_offset: 80, dfb size: 32, return value: 112 (dataflow_buffer.cpp:1656)
2026-08-29 11:55:22.992 | info     |           Metal | Finalize dfb: dfb_offset == base_offset: 0, dfb size: 0, return value: 0 (dataflow_buffer.cpp:1656)
2026-08-29 11:55:22.992 | info     |           Metal | Finalize dfb: dfb_offset == base_offset: 0, dfb size: 0, return value: 0 (dataflow_buffer.cpp:1656)
2026-08-29 11:55:29.674 | INFO     | models.demos.llama3_70b_galaxy.tt.generator:prefill_warmup:266 - Skipping warmup step for prefill sequence length 8192, batch size: 32
2026-08-29 11:55:29.674 | INFO     | models.demos.llama3_70b_galaxy.tt.generator:prefill_warmup:270 - Running warmup prefill for sequence length: 16384, batch size: 1
2026-08-29 11:55:29.675 | INFO     | models.demos.llama3_70b_galaxy.tt.generator:prefill_warmup:296 - Warming up prefill sequence length: 16384 for batch size: 1 with sampling params: None
2026-08-29 11:55:29.675 | INFO     | models.demos.llama3_70b_galaxy.tt.generator:prefill_forward_text:551 - Prefilling User 0, use_batched_prefill: False, prompt_lens: 16384, prefill_seq_len: 16384, num_cached_tokens: 0
2026-08-29 11:55:30.069 | info     |           Metal | Finalize dfb: dfb_offset == base_offset: 80, dfb size: 32, return value: 112 (dataflow_buffer.cpp:1656)
2026-08-29 11:55:30.069 | info     |           Metal | Finalize dfb: dfb_offset == base_offset: 0, dfb size: 0, return value: 0 (dataflow_buffer.cpp:1656)
2026-08-29 11:55:30.069 | info     |           Metal | Finalize dfb: dfb_offset == base_offset: 0, dfb size: 0, return value: 0 (dataflow_buffer.cpp:1656)
2026-08-29 11:55:32.795 | info     |           Metal | Finalize dfb: dfb_offset == base_offset: 80, dfb size: 32, return value: 112 (dataflow_buffer.cpp:1656)
2026-08-29 11:55:32.795 | info     |           Metal | Finalize dfb: dfb_offset == base_offset: 0, dfb size: 0, return value: 0 (dataflow_buffer.cpp:1656)
2026-08-29 11:55:32.795 | info     |           Metal | Finalize dfb: dfb_offset == base_offset: 0, dfb size: 0, return value: 0 (dataflow_buffer.cpp:1656)
2026-08-29 11:55:32.798 | warning  |              Op | rotary_embedding_llama sequence tile coverage mismatch: input_Ht=512, cos_Ht=4096, sin_Ht=4096, rotary_Ht=512. Tiles beyond rotary_Ht will be zero-filled in the output. (rotary_embedding_llama_multi_core_program_factory.cpp:62)
2026-08-29 11:55:32.875 | info     |           Metal | Finalize dfb: dfb_offset == base_offset: 144, dfb size: 144, return value: 288 (dataflow_buffer.cpp:1656)
2026-08-29 11:55:32.875 | info     |           Metal | Finalize dfb: dfb_offset == base_offset: 0, dfb size: 0, return value: 0 (dataflow_buffer.cpp:1656)
2026-08-29 11:55:32.875 | info     |           Metal | Finalize dfb: dfb_offset == base_offset: 0, dfb size: 0, return value: 0 (dataflow_buffer.cpp:1656)
2026-08-29 11:55:32.882 | info     |           Metal | Finalize dfb: dfb_offset == base_offset: 80, dfb size: 32, return value: 112 (dataflow_buffer.cpp:1656)
2026-08-29 11:55:32.882 | info     |           Metal | Finalize dfb: dfb_offset == base_offset: 0, dfb size: 0, return value: 0 (dataflow_buffer.cpp:1656)
2026-08-29 11:55:32.882 | info     |           Metal | Finalize dfb: dfb_offset == base_offset: 0, dfb size: 0, return value: 0 (dataflow_buffer.cpp:1656)
2026-08-29 11:55:32.883 | warning  |              Op | rotary_embedding_llama sequence tile coverage mismatch: input_Ht=512, cos_Ht=4096, sin_Ht=4096, rotary_Ht=512. Tiles beyond rotary_Ht will be zero-filled in the output. (rotary_embedding_llama_multi_core_program_factory.cpp:62)
2026-08-29 11:55:32.961 | info     |           Metal | Finalize dfb: dfb_offset == base_offset: 144, dfb size: 144, return value: 288 (dataflow_buffer.cpp:1656)
2026-08-29 11:55:32.961 | info     |           Metal | Finalize dfb: dfb_offset == base_offset: 0, dfb size: 0, return value: 0 (dataflow_buffer.cpp:1656)
2026-08-29 11:55:32.961 | info     |           Metal | Finalize dfb: dfb_offset == base_offset: 0, dfb size: 0, return value: 0 (dataflow_buffer.cpp:1656)
2026-08-29 11:55:32.968 | info     |           Metal | Finalize dfb: dfb_offset == base_offset: 80, dfb size: 32, return value: 112 (dataflow_buffer.cpp:1656)
2026-08-29 11:55:32.968 | info     |           Metal | Finalize dfb: dfb_offset == base_offset: 0, dfb size: 0, return value: 0 (dataflow_buffer.cpp:1656)
2026-08-29 11:55:32.968 | info     |           Metal | Finalize dfb: dfb_offset == base_offset: 0, dfb size: 0, return value: 0 (dataflow_buffer.cpp:1656)
2026-08-29 11:55:33.048 | info     |           Metal | Finalize dfb: dfb_offset == base_offset: 80, dfb size: 32, return value: 112 (dataflow_buffer.cpp:1656)
2026-08-29 11:55:33.048 | info     |           Metal | Finalize dfb: dfb_offset == base_offset: 0, dfb size: 0, return value: 0 (dataflow_buffer.cpp:1656)
2026-08-29 11:55:33.048 | info     |           Metal | Finalize dfb: dfb_offset == base_offset: 0, dfb size: 0, return value: 0 (dataflow_buffer.cpp:1656)
2026-08-29 11:55:33.289 | info     |           Metal | Finalize dfb: dfb_offset == base_offset: 80, dfb size: 32, return value: 112 (dataflow_buffer.cpp:1656)
2026-08-29 11:55:33.289 | info     |           Metal | Finalize dfb: dfb_offset == base_offset: 0, dfb size: 0, return value: 0 (dataflow_buffer.cpp:1656)
2026-08-29 11:55:33.289 | info     |           Metal | Finalize dfb: dfb_offset == base_offset: 0, dfb size: 0, return value: 0 (dataflow_buffer.cpp:1656)
2026-08-29 11:55:41.095 | INFO     | models.demos.llama3_70b_galaxy.tt.generator:prefill_warmup:266 - Skipping warmup step for prefill sequence length 16384, batch size: 32
2026-08-29 11:55:41.095 | INFO     | models.demos.llama3_70b_galaxy.tt.generator:prefill_warmup:270 - Running warmup prefill for sequence length: 32768, batch size: 1
2026-08-29 11:55:41.095 | INFO     | models.demos.llama3_70b_galaxy.tt.generator:prefill_warmup:296 - Warming up prefill sequence length: 32768 for batch size: 1 with sampling params: None
2026-08-29 11:55:41.096 | INFO     | models.demos.llama3_70b_galaxy.tt.generator:prefill_forward_text:551 - Prefilling User 0, use_batched_prefill: False, prompt_lens: 32768, prefill_seq_len: 32768, num_cached_tokens: 0
2026-08-29 11:55:41.535 | info     |           Metal | Finalize dfb: dfb_offset == base_offset: 80, dfb size: 32, return value: 112 (dataflow_buffer.cpp:1656)
2026-08-29 11:55:41.535 | info     |           Metal | Finalize dfb: dfb_offset == base_offset: 0, dfb size: 0, return value: 0 (dataflow_buffer.cpp:1656)
2026-08-29 11:55:41.535 | info     |           Metal | Finalize dfb: dfb_offset == base_offset: 0, dfb size: 0, return value: 0 (dataflow_buffer.cpp:1656)
2026-08-29 11:55:44.532 | info     |           Metal | Finalize dfb: dfb_offset == base_offset: 80, dfb size: 32, return value: 112 (dataflow_buffer.cpp:1656)
2026-08-29 11:55:44.533 | info     |           Metal | Finalize dfb: dfb_offset == base_offset: 0, dfb size: 0, return value: 0 (dataflow_buffer.cpp:1656)
2026-08-29 11:55:44.533 | info     |           Metal | Finalize dfb: dfb_offset == base_offset: 0, dfb size: 0, return value: 0 (dataflow_buffer.cpp:1656)
2026-08-29 11:55:44.535 | warning  |              Op | rotary_embedding_llama sequence tile coverage mismatch: input_Ht=1024, cos_Ht=4096, sin_Ht=4096, rotary_Ht=1024. Tiles beyond rotary_Ht will be zero-filled in the output. (rotary_embedding_llama_multi_core_program_factory.cpp:62)
2026-08-29 11:55:44.618 | info     |           Metal | Finalize dfb: dfb_offset == base_offset: 144, dfb size: 144, return value: 288 (dataflow_buffer.cpp:1656)
2026-08-29 11:55:44.618 | info     |           Metal | Finalize dfb: dfb_offset == base_offset: 0, dfb size: 0, return value: 0 (dataflow_buffer.cpp:1656)
2026-08-29 11:55:44.618 | info     |           Metal | Finalize dfb: dfb_offset == base_offset: 0, dfb size: 0, return value: 0 (dataflow_buffer.cpp:1656)
2026-08-29 11:55:44.624 | info     |           Metal | Finalize dfb: dfb_offset == base_offset: 80, dfb size: 32, return value: 112 (dataflow_buffer.cpp:1656)
2026-08-29 11:55:44.624 | info     |           Metal | Finalize dfb: dfb_offset == base_offset: 0, dfb size: 0, return value: 0 (dataflow_buffer.cpp:1656)
2026-08-29 11:55:44.624 | info     |           Metal | Finalize dfb: dfb_offset == base_offset: 0, dfb size: 0, return value: 0 (dataflow_buffer.cpp:1656)
2026-08-29 11:55:44.626 | warning  |              Op | rotary_embedding_llama sequence tile coverage mismatch: input_Ht=1024, cos_Ht=4096, sin_Ht=4096, rotary_Ht=1024. Tiles beyond rotary_Ht will be zero-filled in the output. (rotary_embedding_llama_multi_core_program_factory.cpp:62)
2026-08-29 11:55:44.700 | info     |           Metal | Finalize dfb: dfb_offset == base_offset: 144, dfb size: 144, return value: 288 (dataflow_buffer.cpp:1656)
2026-08-29 11:55:44.700 | info     |           Metal | Finalize dfb: dfb_offset == base_offset: 0, dfb size: 0, return value: 0 (dataflow_buffer.cpp:1656)
2026-08-29 11:55:44.700 | info     |           Metal | Finalize dfb: dfb_offset == base_offset: 0, dfb size: 0, return value: 0 (dataflow_buffer.cpp:1656)
2026-08-29 11:55:44.708 | info     |           Metal | Finalize dfb: dfb_offset == base_offset: 80, dfb size: 32, return value: 112 (dataflow_buffer.cpp:1656)
2026-08-29 11:55:44.708 | info     |           Metal | Finalize dfb: dfb_offset == base_offset: 0, dfb size: 0, return value: 0 (dataflow_buffer.cpp:1656)
2026-08-29 11:55:44.708 | info     |           Metal | Finalize dfb: dfb_offset == base_offset: 0, dfb size: 0, return value: 0 (dataflow_buffer.cpp:1656)
2026-08-29 11:55:44.793 | info     |           Metal | Finalize dfb: dfb_offset == base_offset: 80, dfb size: 32, return value: 112 (dataflow_buffer.cpp:1656)
2026-08-29 11:55:44.793 | info     |           Metal | Finalize dfb: dfb_offset == base_offset: 0, dfb size: 0, return value: 0 (dataflow_buffer.cpp:1656)
2026-08-29 11:55:44.793 | info     |           Metal | Finalize dfb: dfb_offset == base_offset: 0, dfb size: 0, return value: 0 (dataflow_buffer.cpp:1656)
2026-08-29 11:55:45.110 | info     |           Metal | Finalize dfb: dfb_offset == base_offset: 80, dfb size: 32, return value: 112 (dataflow_buffer.cpp:1656)
2026-08-29 11:55:45.110 | info     |           Metal | Finalize dfb: dfb_offset == base_offset: 0, dfb size: 0, return value: 0 (dataflow_buffer.cpp:1656)
2026-08-29 11:55:45.110 | info     |           Metal | Finalize dfb: dfb_offset == base_offset: 0, dfb size: 0, return value: 0 (dataflow_buffer.cpp:1656)
2026-08-29 11:55:55.296 | INFO     | models.demos.llama3_70b_galaxy.tt.generator:prefill_warmup:266 - Skipping warmup step for prefill sequence length 32768, batch size: 32
2026-08-29 11:55:55.296 | INFO     | models.demos.llama3_70b_galaxy.tt.generator:prefill_warmup:270 - Running warmup prefill for sequence length: 65536, batch size: 1
2026-08-29 11:55:55.296 | INFO     | models.demos.llama3_70b_galaxy.tt.generator:prefill_warmup:296 - Warming up prefill sequence length: 65536 for batch size: 1 with sampling params: None
2026-08-29 11:55:55.297 | INFO     | models.demos.llama3_70b_galaxy.tt.generator:prefill_forward_text:551 - Prefilling User 0, use_batched_prefill: False, prompt_lens: 65536, prefill_seq_len: 65536, num_cached_tokens: 0
2026-08-29 11:55:55.778 | info     |           Metal | Finalize dfb: dfb_offset == base_offset: 80, dfb size: 32, return value: 112 (dataflow_buffer.cpp:1656)
2026-08-29 11:55:55.778 | info     |           Metal | Finalize dfb: dfb_offset == base_offset: 0, dfb size: 0, return value: 0 (dataflow_buffer.cpp:1656)
2026-08-29 11:55:55.778 | info     |           Metal | Finalize dfb: dfb_offset == base_offset: 0, dfb size: 0, return value: 0 (dataflow_buffer.cpp:1656)
2026-08-29 11:55:58.951 | info     |           Metal | Finalize dfb: dfb_offset == base_offset: 80, dfb size: 32, return value: 112 (dataflow_buffer.cpp:1656)
2026-08-29 11:55:58.951 | info     |           Metal | Finalize dfb: dfb_offset == base_offset: 0, dfb size: 0, return value: 0 (dataflow_buffer.cpp:1656)
2026-08-29 11:55:58.951 | info     |           Metal | Finalize dfb: dfb_offset == base_offset: 0, dfb size: 0, return value: 0 (dataflow_buffer.cpp:1656)
2026-08-29 11:55:58.954 | warning  |              Op | rotary_embedding_llama sequence tile coverage mismatch: input_Ht=2048, cos_Ht=4096, sin_Ht=4096, rotary_Ht=2048. Tiles beyond rotary_Ht will be zero-filled in the output. (rotary_embedding_llama_multi_core_program_factory.cpp:62)
2026-08-29 11:55:59.037 | info     |           Metal | Finalize dfb: dfb_offset == base_offset: 144, dfb size: 144, return value: 288 (dataflow_buffer.cpp:1656)
2026-08-29 11:55:59.037 | info     |           Metal | Finalize dfb: dfb_offset == base_offset: 0, dfb size: 0, return value: 0 (dataflow_buffer.cpp:1656)
2026-08-29 11:55:59.037 | info     |           Metal | Finalize dfb: dfb_offset == base_offset: 0, dfb size: 0, return value: 0 (dataflow_buffer.cpp:1656)
2026-08-29 11:55:59.044 | info     |           Metal | Finalize dfb: dfb_offset == base_offset: 80, dfb size: 32, return value: 112 (dataflow_buffer.cpp:1656)
2026-08-29 11:55:59.044 | info     |           Metal | Finalize dfb: dfb_offset == base_offset: 0, dfb size: 0, return value: 0 (dataflow_buffer.cpp:1656)
2026-08-29 11:55:59.044 | info     |           Metal | Finalize dfb: dfb_offset == base_offset: 0, dfb size: 0, return value: 0 (dataflow_buffer.cpp:1656)
2026-08-29 11:55:59.045 | warning  |              Op | rotary_embedding_llama sequence tile coverage mismatch: input_Ht=2048, cos_Ht=4096, sin_Ht=4096, rotary_Ht=2048. Tiles beyond rotary_Ht will be zero-filled in the output. (rotary_embedding_llama_multi_core_program_factory.cpp:62)
2026-08-29 11:55:59.120 | info     |           Metal | Finalize dfb: dfb_offset == base_offset: 144, dfb size: 144, return value: 288 (dataflow_buffer.cpp:1656)
2026-08-29 11:55:59.120 | info     |           Metal | Finalize dfb: dfb_offset == base_offset: 0, dfb size: 0, return value: 0 (dataflow_buffer.cpp:1656)
2026-08-29 11:55:59.120 | info     |           Metal | Finalize dfb: dfb_offset == base_offset: 0, dfb size: 0, return value: 0 (dataflow_buffer.cpp:1656)
2026-08-29 11:55:59.126 | info     |           Metal | Finalize dfb: dfb_offset == base_offset: 80, dfb size: 32, return value: 112 (dataflow_buffer.cpp:1656)
2026-08-29 11:55:59.126 | info     |           Metal | Finalize dfb: dfb_offset == base_offset: 0, dfb size: 0, return value: 0 (dataflow_buffer.cpp:1656)
2026-08-29 11:55:59.126 | info     |           Metal | Finalize dfb: dfb_offset == base_offset: 0, dfb size: 0, return value: 0 (dataflow_buffer.cpp:1656)
2026-08-29 11:55:59.239 | info     |           Metal | Finalize dfb: dfb_offset == base_offset: 80, dfb size: 32, return value: 112 (dataflow_buffer.cpp:1656)
2026-08-29 11:55:59.239 | info     |           Metal | Finalize dfb: dfb_offset == base_offset: 0, dfb size: 0, return value: 0 (dataflow_buffer.cpp:1656)
2026-08-29 11:55:59.239 | info     |           Metal | Finalize dfb: dfb_offset == base_offset: 0, dfb size: 0, return value: 0 (dataflow_buffer.cpp:1656)
2026-08-29 11:55:59.567 | info     |           Metal | Finalize dfb: dfb_offset == base_offset: 80, dfb size: 32, return value: 112 (dataflow_buffer.cpp:1656)
2026-08-29 11:55:59.567 | info     |           Metal | Finalize dfb: dfb_offset == base_offset: 0, dfb size: 0, return value: 0 (dataflow_buffer.cpp:1656)
2026-08-29 11:55:59.567 | info     |           Metal | Finalize dfb: dfb_offset == base_offset: 0, dfb size: 0, return value: 0 (dataflow_buffer.cpp:1656)
2026-08-29 11:56:16.399 | INFO     | models.demos.llama3_70b_galaxy.tt.generator:prefill_warmup:266 - Skipping warmup step for prefill sequence length 65536, batch size: 32
2026-08-29 11:56:16.399 | INFO     | models.demos.llama3_70b_galaxy.tt.generator:prefill_warmup:270 - Running warmup prefill for sequence length: 131072, batch size: 1
2026-08-29 11:56:16.399 | INFO     | models.demos.llama3_70b_galaxy.tt.generator:prefill_warmup:296 - Warming up prefill sequence length: 131072 for batch size: 1 with sampling params: None
2026-08-29 11:56:16.399 | INFO     | models.demos.llama3_70b_galaxy.tt.generator:prefill_forward_text:551 - Prefilling User 0, use_batched_prefill: False, prompt_lens: 131072, prefill_seq_len: 131072, num_cached_tokens: 0
2026-08-29 11:56:16.909 | info     |           Metal | Finalize dfb: dfb_offset == base_offset: 80, dfb size: 32, return value: 112 (dataflow_buffer.cpp:1656)
2026-08-29 11:56:16.909 | info     |           Metal | Finalize dfb: dfb_offset == base_offset: 0, dfb size: 0, return value: 0 (dataflow_buffer.cpp:1656)
2026-08-29 11:56:16.909 | info     |           Metal | Finalize dfb: dfb_offset == base_offset: 0, dfb size: 0, return value: 0 (dataflow_buffer.cpp:1656)
2026-08-29 11:56:20.338 | info     |           Metal | Finalize dfb: dfb_offset == base_offset: 80, dfb size: 32, return value: 112 (dataflow_buffer.cpp:1656)
2026-08-29 11:56:20.338 | info     |           Metal | Finalize dfb: dfb_offset == base_offset: 0, dfb size: 0, return value: 0 (dataflow_buffer.cpp:1656)
2026-08-29 11:56:20.338 | info     |           Metal | Finalize dfb: dfb_offset == base_offset: 0, dfb size: 0, return value: 0 (dataflow_buffer.cpp:1656)
2026-08-29 11:56:20.417 | info     |           Metal | Finalize dfb: dfb_offset == base_offset: 144, dfb size: 144, return value: 288 (dataflow_buffer.cpp:1656)
2026-08-29 11:56:20.417 | info     |           Metal | Finalize dfb: dfb_offset == base_offset: 0, dfb size: 0, return value: 0 (dataflow_buffer.cpp:1656)
2026-08-29 11:56:20.417 | info     |           Metal | Finalize dfb: dfb_offset == base_offset: 0, dfb size: 0, return value: 0 (dataflow_buffer.cpp:1656)
2026-08-29 11:56:20.424 | info     |           Metal | Finalize dfb: dfb_offset == base_offset: 80, dfb size: 32, return value: 112 (dataflow_buffer.cpp:1656)
2026-08-29 11:56:20.424 | info     |           Metal | Finalize dfb: dfb_offset == base_offset: 0, dfb size: 0, return value: 0 (dataflow_buffer.cpp:1656)
2026-08-29 11:56:20.424 | info     |           Metal | Finalize dfb: dfb_offset == base_offset: 0, dfb size: 0, return value: 0 (dataflow_buffer.cpp:1656)
2026-08-29 11:56:20.522 | info     |           Metal | Finalize dfb: dfb_offset == base_offset: 144, dfb size: 144, return value: 288 (dataflow_buffer.cpp:1656)
2026-08-29 11:56:20.522 | info     |           Metal | Finalize dfb: dfb_offset == base_offset: 0, dfb size: 0, return value: 0 (dataflow_buffer.cpp:1656)
2026-08-29 11:56:20.522 | info     |           Metal | Finalize dfb: dfb_offset == base_offset: 0, dfb size: 0, return value: 0 (dataflow_buffer.cpp:1656)
2026-08-29 11:56:20.534 | info     |           Metal | Finalize dfb: dfb_offset == base_offset: 80, dfb size: 32, return value: 112 (dataflow_buffer.cpp:1656)
2026-08-29 11:56:20.534 | info     |           Metal | Finalize dfb: dfb_offset == base_offset: 0, dfb size: 0, return value: 0 (dataflow_buffer.cpp:1656)
2026-08-29 11:56:20.534 | info     |           Metal | Finalize dfb: dfb_offset == base_offset: 0, dfb size: 0, return value: 0 (dataflow_buffer.cpp:1656)
2026-08-29 11:56:20.616 | info     |           Metal | Finalize dfb: dfb_offset == base_offset: 80, dfb size: 32, return value: 112 (dataflow_buffer.cpp:1656)
2026-08-29 11:56:20.616 | info     |           Metal | Finalize dfb: dfb_offset == base_offset: 0, dfb size: 0, return value: 0 (dataflow_buffer.cpp:1656)
2026-08-29 11:56:20.616 | info     |           Metal | Finalize dfb: dfb_offset == base_offset: 0, dfb size: 0, return value: 0 (dataflow_buffer.cpp:1656)
2026-08-29 11:56:20.969 | info     |           Metal | Finalize dfb: dfb_offset == base_offset: 80, dfb size: 32, return value: 112 (dataflow_buffer.cpp:1656)
2026-08-29 11:56:20.969 | info     |           Metal | Finalize dfb: dfb_offset == base_offset: 0, dfb size: 0, return value: 0 (dataflow_buffer.cpp:1656)
2026-08-29 11:56:20.969 | info     |           Metal | Finalize dfb: dfb_offset == base_offset: 0, dfb size: 0, return value: 0 (dataflow_buffer.cpp:1656)
2026-08-29 11:56:57.842 | INFO     | models.demos.llama3_70b_galaxy.tt.generator:prefill_warmup:266 - Skipping warmup step for prefill sequence length 131072, batch size: 32
2026-08-29 11:56:57.842 | INFO     | models.demos.llama3_70b_galaxy.tt.prefetcher_common:__init__:33 - Running TtLlamaPrefetcherSetup
2026-08-29 11:56:57.846 | INFO     | models.demos.llama3_70b_galaxy.tt.prefetcher_common:__init__:33 - Running TtLlamaPrefetcherSetup
2026-08-29 11:56:57.847 | INFO     | models.demos.llama3_70b_galaxy.tt.generator:prefill_warmup:335 - Running warmup prefill for prefix caching: prefill_seq_len=128, num_cached=128, total_seq_len=256
2026-08-29 11:56:57.847 | INFO     | models.demos.llama3_70b_galaxy.tt.generator:prefill_forward_text:551 - Prefilling User 0, use_batched_prefill: False, prompt_lens: 256, prefill_seq_len: 128, num_cached_tokens: 128
2026-08-29 11:57:00.257 | warning  |              Op | rotary_embedding_llama sequence tile coverage mismatch: input_Ht=4, cos_Ht=128, sin_Ht=128, rotary_Ht=4. Tiles beyond rotary_Ht will be zero-filled in the output. (rotary_embedding_llama_multi_core_program_factory.cpp:62)
2026-08-29 11:57:00.364 | info     |           Metal | Finalize dfb: dfb_offset == base_offset: 144, dfb size: 144, return value: 288 (dataflow_buffer.cpp:1656)
2026-08-29 11:57:00.364 | info     |           Metal | Finalize dfb: dfb_offset == base_offset: 0, dfb size: 0, return value: 0 (dataflow_buffer.cpp:1656)
2026-08-29 11:57:00.364 | info     |           Metal | Finalize dfb: dfb_offset == base_offset: 0, dfb size: 0, return value: 0 (dataflow_buffer.cpp:1656)
2026-08-29 11:57:00.367 | warning  |              Op | rotary_embedding_llama sequence tile coverage mismatch: input_Ht=4, cos_Ht=128, sin_Ht=128, rotary_Ht=4. Tiles beyond rotary_Ht will be zero-filled in the output. (rotary_embedding_llama_multi_core_program_factory.cpp:62)
2026-08-29 11:57:00.423 | info     |           Metal | Finalize dfb: dfb_offset == base_offset: 144, dfb size: 144, return value: 288 (dataflow_buffer.cpp:1656)
2026-08-29 11:57:00.423 | info     |           Metal | Finalize dfb: dfb_offset == base_offset: 0, dfb size: 0, return value: 0 (dataflow_buffer.cpp:1656)
2026-08-29 11:57:00.423 | info     |           Metal | Finalize dfb: dfb_offset == base_offset: 0, dfb size: 0, return value: 0 (dataflow_buffer.cpp:1656)
2026-08-29 11:57:04.260 | INFO     | models.demos.llama3_70b_galaxy.tt.generator:_capture_trace_prefill:1135 - Done Compiling Model
2026-08-29 11:57:05.731 | INFO     | models.demos.llama3_70b_galaxy.tt.generator:_capture_trace_prefill:1175 - Done Capturing Prefill Trace
2026-08-29 11:57:05.731 | INFO     | models.demos.llama3_70b_galaxy.tt.generator:_easy_trace_prefill:1042 - Executing prefill trace
2026-08-29 11:57:05.812 | INFO     | models.demos.llama3_70b_galaxy.tt.generator:prefill_warmup:335 - Running warmup prefill for prefix caching: prefill_seq_len=1024, num_cached=128, total_seq_len=1152
2026-08-29 11:57:05.813 | INFO     | models.demos.llama3_70b_galaxy.tt.generator:prefill_forward_text:551 - Prefilling User 0, use_batched_prefill: False, prompt_lens: 1152, prefill_seq_len: 1024, num_cached_tokens: 128
2026-08-29 11:57:05.824 | warning  |              Op | rotary_embedding_llama sequence tile coverage mismatch: input_Ht=32, cos_Ht=128, sin_Ht=128, rotary_Ht=32. Tiles beyond rotary_Ht will be zero-filled in the output. (rotary_embedding_llama_multi_core_program_factory.cpp:62)
2026-08-29 11:57:05.931 | info     |           Metal | Finalize dfb: dfb_offset == base_offset: 144, dfb size: 144, return value: 288 (dataflow_buffer.cpp:1656)
2026-08-29 11:57:05.931 | info     |           Metal | Finalize dfb: dfb_offset == base_offset: 0, dfb size: 0, return value: 0 (dataflow_buffer.cpp:1656)
2026-08-29 11:57:05.931 | info     |           Metal | Finalize dfb: dfb_offset == base_offset: 0, dfb size: 0, return value: 0 (dataflow_buffer.cpp:1656)
2026-08-29 11:57:05.934 | warning  |              Op | rotary_embedding_llama sequence tile coverage mismatch: input_Ht=32, cos_Ht=128, sin_Ht=128, rotary_Ht=32. Tiles beyond rotary_Ht will be zero-filled in the output. (rotary_embedding_llama_multi_core_program_factory.cpp:62)
2026-08-29 11:57:05.986 | info     |           Metal | Finalize dfb: dfb_offset == base_offset: 144, dfb size: 144, return value: 288 (dataflow_buffer.cpp:1656)
2026-08-29 11:57:05.986 | info     |           Metal | Finalize dfb: dfb_offset == base_offset: 0, dfb size: 0, return value: 0 (dataflow_buffer.cpp:1656)
2026-08-29 11:57:05.986 | info     |           Metal | Finalize dfb: dfb_offset == base_offset: 0, dfb size: 0, return value: 0 (dataflow_buffer.cpp:1656)
2026-08-29 11:57:09.216 | INFO     | models.demos.llama3_70b_galaxy.tt.generator:_capture_trace_prefill:1135 - Done Compiling Model
2026-08-29 11:57:12.115 | INFO     | models.demos.llama3_70b_galaxy.tt.generator:_capture_trace_prefill:1175 - Done Capturing Prefill Trace
2026-08-29 11:57:12.116 | INFO     | models.demos.llama3_70b_galaxy.tt.generator:_easy_trace_prefill:1042 - Executing prefill trace
2026-08-29 11:57:12.309 | INFO     | models.demos.llama3_70b_galaxy.tt.generator:prefill_warmup:335 - Running warmup prefill for prefix caching: prefill_seq_len=2048, num_cached=128, total_seq_len=2176
2026-08-29 11:57:12.309 | INFO     | models.demos.llama3_70b_galaxy.tt.generator:prefill_forward_text:551 - Prefilling User 0, use_batched_prefill: False, prompt_lens: 2176, prefill_seq_len: 2048, num_cached_tokens: 128
2026-08-29 11:57:12.321 | warning  |              Op | rotary_embedding_llama sequence tile coverage mismatch: input_Ht=64, cos_Ht=128, sin_Ht=128, rotary_Ht=64. Tiles beyond rotary_Ht will be zero-filled in the output. (rotary_embedding_llama_multi_core_program_factory.cpp:62)
2026-08-29 11:57:12.428 | info     |           Metal | Finalize dfb: dfb_offset == base_offset: 144, dfb size: 144, return value: 288 (dataflow_buffer.cpp:1656)
2026-08-29 11:57:12.428 | info     |           Metal | Finalize dfb: dfb_offset == base_offset: 0, dfb size: 0, return value: 0 (dataflow_buffer.cpp:1656)
2026-08-29 11:57:12.428 | info     |           Metal | Finalize dfb: dfb_offset == base_offset: 0, dfb size: 0, return value: 0 (dataflow_buffer.cpp:1656)
2026-08-29 11:57:12.431 | warning  |              Op | rotary_embedding_llama sequence tile coverage mismatch: input_Ht=64, cos_Ht=128, sin_Ht=128, rotary_Ht=64. Tiles beyond rotary_Ht will be zero-filled in the output. (rotary_embedding_llama_multi_core_program_factory.cpp:62)
2026-08-29 11:57:12.483 | info     |           Metal | Finalize dfb: dfb_offset == base_offset: 144, dfb size: 144, return value: 288 (dataflow_buffer.cpp:1656)
2026-08-29 11:57:12.483 | info     |           Metal | Finalize dfb: dfb_offset == base_offset: 0, dfb size: 0, return value: 0 (dataflow_buffer.cpp:1656)
2026-08-29 11:57:12.483 | info     |           Metal | Finalize dfb: dfb_offset == base_offset: 0, dfb size: 0, return value: 0 (dataflow_buffer.cpp:1656)
2026-08-29 11:57:15.780 | INFO     | models.demos.llama3_70b_galaxy.tt.generator:_capture_trace_prefill:1135 - Done Compiling Model
2026-08-29 11:57:18.825 | INFO     | models.demos.llama3_70b_galaxy.tt.generator:_capture_trace_prefill:1175 - Done Capturing Prefill Trace
2026-08-29 11:57:18.825 | INFO     | models.demos.llama3_70b_galaxy.tt.generator:_easy_trace_prefill:1042 - Executing prefill trace
2026-08-29 11:57:19.159 | INFO     | models.demos.llama3_70b_galaxy.tt.generator:prefill_warmup:335 - Running warmup prefill for prefix caching: prefill_seq_len=4096, num_cached=128, total_seq_len=4224
2026-08-29 11:57:19.159 | INFO     | models.demos.llama3_70b_galaxy.tt.generator:prefill_forward_text:551 - Prefilling User 0, use_batched_prefill: False, prompt_lens: 4224, prefill_seq_len: 4096, num_cached_tokens: 128
2026-08-29 11:57:19.282 | info     |           Metal | Finalize dfb: dfb_offset == base_offset: 144, dfb size: 144, return value: 288 (dataflow_buffer.cpp:1656)
2026-08-29 11:57:19.282 | info     |           Metal | Finalize dfb: dfb_offset == base_offset: 0, dfb size: 0, return value: 0 (dataflow_buffer.cpp:1656)
2026-08-29 11:57:19.282 | info     |           Metal | Finalize dfb: dfb_offset == base_offset: 0, dfb size: 0, return value: 0 (dataflow_buffer.cpp:1656)
2026-08-29 11:57:19.336 | info     |           Metal | Finalize dfb: dfb_offset == base_offset: 144, dfb size: 144, return value: 288 (dataflow_buffer.cpp:1656)
2026-08-29 11:57:19.336 | info     |           Metal | Finalize dfb: dfb_offset == base_offset: 0, dfb size: 0, return value: 0 (dataflow_buffer.cpp:1656)
2026-08-29 11:57:19.336 | info     |           Metal | Finalize dfb: dfb_offset == base_offset: 0, dfb size: 0, return value: 0 (dataflow_buffer.cpp:1656)
2026-08-29 11:57:22.183 | INFO     | models.demos.llama3_70b_galaxy.tt.generator:_capture_trace_prefill:1135 - Done Compiling Model
2026-08-29 11:57:25.322 | INFO     | models.demos.llama3_70b_galaxy.tt.generator:_capture_trace_prefill:1175 - Done Capturing Prefill Trace
2026-08-29 11:57:25.322 | INFO     | models.demos.llama3_70b_galaxy.tt.generator:_easy_trace_prefill:1042 - Executing prefill trace
2026-08-29 11:57:25.969 | INFO     | models.demos.llama3_70b_galaxy.tt.generator:prefill_warmup:335 - Running warmup prefill for prefix caching: prefill_seq_len=8192, num_cached=128, total_seq_len=8320
2026-08-29 11:57:25.969 | INFO     | models.demos.llama3_70b_galaxy.tt.generator:prefill_forward_text:551 - Prefilling User 0, use_batched_prefill: False, prompt_lens: 8320, prefill_seq_len: 8192, num_cached_tokens: 128
2026-08-29 11:57:25.981 | warning  |              Op | rotary_embedding_llama sequence tile coverage mismatch: input_Ht=256, cos_Ht=128, sin_Ht=128, rotary_Ht=128. Tiles beyond rotary_Ht will be zero-filled in the output. (rotary_embedding_llama_multi_core_program_factory.cpp:62)
2026-08-29 11:57:26.111 | info     |           Metal | Finalize dfb: dfb_offset == base_offset: 144, dfb size: 144, return value: 288 (dataflow_buffer.cpp:1656)
2026-08-29 11:57:26.111 | info     |           Metal | Finalize dfb: dfb_offset == base_offset: 0, dfb size: 0, return value: 0 (dataflow_buffer.cpp:1656)
2026-08-29 11:57:26.111 | info     |           Metal | Finalize dfb: dfb_offset == base_offset: 0, dfb size: 0, return value: 0 (dataflow_buffer.cpp:1656)
2026-08-29 11:57:26.114 | warning  |              Op | rotary_embedding_llama sequence tile coverage mismatch: input_Ht=256, cos_Ht=128, sin_Ht=128, rotary_Ht=128. Tiles beyond rotary_Ht will be zero-filled in the output. (rotary_embedding_llama_multi_core_program_factory.cpp:62)
2026-08-29 11:57:26.170 | info     |           Metal | Finalize dfb: dfb_offset == base_offset: 144, dfb size: 144, return value: 288 (dataflow_buffer.cpp:1656)
2026-08-29 11:57:26.170 | info     |           Metal | Finalize dfb: dfb_offset == base_offset: 0, dfb size: 0, return value: 0 (dataflow_buffer.cpp:1656)
2026-08-29 11:57:26.170 | info     |           Metal | Finalize dfb: dfb_offset == base_offset: 0, dfb size: 0, return value: 0 (dataflow_buffer.cpp:1656)
2026-08-29 11:57:29.470 | INFO     | models.demos.llama3_70b_galaxy.tt.generator:prefill_warmup:335 - Running warmup prefill for prefix caching: prefill_seq_len=16384, num_cached=128, total_seq_len=16512
2026-08-29 11:57:29.471 | INFO     | models.demos.llama3_70b_galaxy.tt.generator:prefill_forward_text:551 - Prefilling User 0, use_batched_prefill: False, prompt_lens: 16512, prefill_seq_len: 16384, num_cached_tokens: 128
2026-08-29 11:57:29.483 | warning  |              Op | rotary_embedding_llama sequence tile coverage mismatch: input_Ht=512, cos_Ht=128, sin_Ht=128, rotary_Ht=128. Tiles beyond rotary_Ht will be zero-filled in the output. (rotary_embedding_llama_multi_core_program_factory.cpp:62)
2026-08-29 11:57:29.603 | info     |           Metal | Finalize dfb: dfb_offset == base_offset: 144, dfb size: 144, return value: 288 (dataflow_buffer.cpp:1656)
2026-08-29 11:57:29.603 | info     |           Metal | Finalize dfb: dfb_offset == base_offset: 0, dfb size: 0, return value: 0 (dataflow_buffer.cpp:1656)
2026-08-29 11:57:29.603 | info     |           Metal | Finalize dfb: dfb_offset == base_offset: 0, dfb size: 0, return value: 0 (dataflow_buffer.cpp:1656)
2026-08-29 11:57:29.606 | warning  |              Op | rotary_embedding_llama sequence tile coverage mismatch: input_Ht=512, cos_Ht=128, sin_Ht=128, rotary_Ht=128. Tiles beyond rotary_Ht will be zero-filled in the output. (rotary_embedding_llama_multi_core_program_factory.cpp:62)
2026-08-29 11:57:29.665 | info     |           Metal | Finalize dfb: dfb_offset == base_offset: 144, dfb size: 144, return value: 288 (dataflow_buffer.cpp:1656)
2026-08-29 11:57:29.665 | info     |           Metal | Finalize dfb: dfb_offset == base_offset: 0, dfb size: 0, return value: 0 (dataflow_buffer.cpp:1656)
2026-08-29 11:57:29.665 | info     |           Metal | Finalize dfb: dfb_offset == base_offset: 0, dfb size: 0, return value: 0 (dataflow_buffer.cpp:1656)
2026-08-29 11:57:35.036 | INFO     | models.demos.llama3_70b_galaxy.tt.generator:prefill_warmup:335 - Running warmup prefill for prefix caching: prefill_seq_len=32768, num_cached=128, total_seq_len=32896
2026-08-29 11:57:35.036 | INFO     | models.demos.llama3_70b_galaxy.tt.generator:prefill_forward_text:551 - Prefilling User 0, use_batched_prefill: False, prompt_lens: 32896, prefill_seq_len: 32768, num_cached_tokens: 128
2026-08-29 11:57:35.048 | warning  |              Op | rotary_embedding_llama sequence tile coverage mismatch: input_Ht=1024, cos_Ht=128, sin_Ht=128, rotary_Ht=128. Tiles beyond rotary_Ht will be zero-filled in the output. (rotary_embedding_llama_multi_core_program_factory.cpp:62)
2026-08-29 11:57:35.172 | info     |           Metal | Finalize dfb: dfb_offset == base_offset: 144, dfb size: 144, return value: 288 (dataflow_buffer.cpp:1656)
2026-08-29 11:57:35.172 | info     |           Metal | Finalize dfb: dfb_offset == base_offset: 0, dfb size: 0, return value: 0 (dataflow_buffer.cpp:1656)
2026-08-29 11:57:35.172 | info     |           Metal | Finalize dfb: dfb_offset == base_offset: 0, dfb size: 0, return value: 0 (dataflow_buffer.cpp:1656)
2026-08-29 11:57:35.175 | warning  |              Op | rotary_embedding_llama sequence tile coverage mismatch: input_Ht=1024, cos_Ht=128, sin_Ht=128, rotary_Ht=128. Tiles beyond rotary_Ht will be zero-filled in the output. (rotary_embedding_llama_multi_core_program_factory.cpp:62)
2026-08-29 11:57:35.232 | info     |           Metal | Finalize dfb: dfb_offset == base_offset: 144, dfb size: 144, return value: 288 (dataflow_buffer.cpp:1656)
2026-08-29 11:57:35.232 | info     |           Metal | Finalize dfb: dfb_offset == base_offset: 0, dfb size: 0, return value: 0 (dataflow_buffer.cpp:1656)
2026-08-29 11:57:35.232 | info     |           Metal | Finalize dfb: dfb_offset == base_offset: 0, dfb size: 0, return value: 0 (dataflow_buffer.cpp:1656)
2026-08-29 11:57:46.956 | INFO     | models.demos.llama3_70b_galaxy.tt.generator:prefill_warmup:335 - Running warmup prefill for prefix caching: prefill_seq_len=65536, num_cached=128, total_seq_len=65664
2026-08-29 11:57:46.957 | INFO     | models.demos.llama3_70b_galaxy.tt.generator:prefill_forward_text:551 - Prefilling User 0, use_batched_prefill: False, prompt_lens: 65664, prefill_seq_len: 65536, num_cached_tokens: 128
2026-08-29 11:57:46.968 | warning  |              Op | rotary_embedding_llama sequence tile coverage mismatch: input_Ht=2048, cos_Ht=128, sin_Ht=128, rotary_Ht=128. Tiles beyond rotary_Ht will be zero-filled in the output. (rotary_embedding_llama_multi_core_program_factory.cpp:62)
2026-08-29 11:57:47.091 | info     |           Metal | Finalize dfb: dfb_offset == base_offset: 144, dfb size: 144, return value: 288 (dataflow_buffer.cpp:1656)
2026-08-29 11:57:47.091 | info     |           Metal | Finalize dfb: dfb_offset == base_offset: 0, dfb size: 0, return value: 0 (dataflow_buffer.cpp:1656)
2026-08-29 11:57:47.091 | info     |           Metal | Finalize dfb: dfb_offset == base_offset: 0, dfb size: 0, return value: 0 (dataflow_buffer.cpp:1656)
2026-08-29 11:57:47.094 | warning  |              Op | rotary_embedding_llama sequence tile coverage mismatch: input_Ht=2048, cos_Ht=128, sin_Ht=128, rotary_Ht=128. Tiles beyond rotary_Ht will be zero-filled in the output. (rotary_embedding_llama_multi_core_program_factory.cpp:62)
2026-08-29 11:57:47.148 | info     |           Metal | Finalize dfb: dfb_offset == base_offset: 144, dfb size: 144, return value: 288 (dataflow_buffer.cpp:1656)
2026-08-29 11:57:47.148 | info     |           Metal | Finalize dfb: dfb_offset == base_offset: 0, dfb size: 0, return value: 0 (dataflow_buffer.cpp:1656)
2026-08-29 11:57:47.148 | info     |           Metal | Finalize dfb: dfb_offset == base_offset: 0, dfb size: 0, return value: 0 (dataflow_buffer.cpp:1656)
2026-08-29 11:58:22.251 | INFO     | models.demos.llama3_70b_galaxy.tt.generator:prefill_warmup:335 - Running warmup prefill for prefix caching: prefill_seq_len=131072, num_cached=128, total_seq_len=131200
2026-08-29 11:58:22.252 | INFO     | models.demos.llama3_70b_galaxy.tt.generator:prefill_forward_text:551 - Prefilling User 0, use_batched_prefill: False, prompt_lens: 131200, prefill_seq_len: 131072, num_cached_tokens: 128
2026-08-29 11:58:22.264 | warning  |              Op | rotary_embedding_llama sequence tile coverage mismatch: input_Ht=4096, cos_Ht=128, sin_Ht=128, rotary_Ht=128. Tiles beyond rotary_Ht will be zero-filled in the output. (rotary_embedding_llama_multi_core_program_factory.cpp:62)
2026-08-29 11:58:22.378 | info     |           Metal | Finalize dfb: dfb_offset == base_offset: 144, dfb size: 144, return value: 288 (dataflow_buffer.cpp:1656)
2026-08-29 11:58:22.378 | info     |           Metal | Finalize dfb: dfb_offset == base_offset: 0, dfb size: 0, return value: 0 (dataflow_buffer.cpp:1656)
2026-08-29 11:58:22.378 | info     |           Metal | Finalize dfb: dfb_offset == base_offset: 0, dfb size: 0, return value: 0 (dataflow_buffer.cpp:1656)
2026-08-29 11:58:22.381 | warning  |              Op | rotary_embedding_llama sequence tile coverage mismatch: input_Ht=4096, cos_Ht=128, sin_Ht=128, rotary_Ht=128. Tiles beyond rotary_Ht will be zero-filled in the output. (rotary_embedding_llama_multi_core_program_factory.cpp:62)
2026-08-29 11:58:22.433 | info     |           Metal | Finalize dfb: dfb_offset == base_offset: 144, dfb size: 144, return value: 288 (dataflow_buffer.cpp:1656)
2026-08-29 11:58:22.433 | info     |           Metal | Finalize dfb: dfb_offset == base_offset: 0, dfb size: 0, return value: 0 (dataflow_buffer.cpp:1656)
2026-08-29 11:58:22.433 | info     |           Metal | Finalize dfb: dfb_offset == base_offset: 0, dfb size: 0, return value: 0 (dataflow_buffer.cpp:1656)
2026-08-29 12:00:21.307 | INFO     | models.demos.llama3_70b_galaxy.tt.generator:prefill_warmup:355 - Prefill warmup completed
2026-08-29 12:00:21.308 | INFO     | models.demos.llama3_70b_galaxy.tt.generator:prefill_forward_text:551 - Prefilling User 0, use_batched_prefill: False, prompt_lens: 118, prefill_seq_len: 128, num_cached_tokens: 0
2026-08-29 12:00:22.291 | INFO     | models.demos.llama3_70b_galaxy.tt.generator:prefill_forward_text:551 - Prefilling User 1, use_batched_prefill: False, prompt_lens: 118, prefill_seq_len: 128, num_cached_tokens: 0
2026-08-29 12:00:22.857 | INFO     | models.demos.llama3_70b_galaxy.tt.generator:prefill_forward_text:551 - Prefilling User 2, use_batched_prefill: False, prompt_lens: 118, prefill_seq_len: 128, num_cached_tokens: 0
2026-08-29 12:00:23.440 | INFO     | models.demos.llama3_70b_galaxy.tt.generator:prefill_forward_text:551 - Prefilling User 3, use_batched_prefill: False, prompt_lens: 118, prefill_seq_len: 128, num_cached_tokens: 0
2026-08-29 12:00:24.034 | INFO     | models.demos.llama3_70b_galaxy.tt.generator:prefill_forward_text:551 - Prefilling User 4, use_batched_prefill: False, prompt_lens: 118, prefill_seq_len: 128, num_cached_tokens: 0
2026-08-29 12:00:24.606 | INFO     | models.demos.llama3_70b_galaxy.tt.generator:prefill_forward_text:551 - Prefilling User 5, use_batched_prefill: False, prompt_lens: 118, prefill_seq_len: 128, num_cached_tokens: 0
2026-08-29 12:00:25.180 | INFO     | models.demos.llama3_70b_galaxy.tt.generator:prefill_forward_text:551 - Prefilling User 6, use_batched_prefill: False, prompt_lens: 118, prefill_seq_len: 128, num_cached_tokens: 0
2026-08-29 12:00:25.745 | INFO     | models.demos.llama3_70b_galaxy.tt.generator:prefill_forward_text:551 - Prefilling User 7, use_batched_prefill: False, prompt_lens: 118, prefill_seq_len: 128, num_cached_tokens: 0
2026-08-29 12:00:26.318 | INFO     | models.demos.llama3_70b_galaxy.tt.generator:prefill_forward_text:551 - Prefilling User 8, use_batched_prefill: False, prompt_lens: 118, prefill_seq_len: 128, num_cached_tokens: 0
2026-08-29 12:00:26.904 | INFO     | models.demos.llama3_70b_galaxy.tt.generator:prefill_forward_text:551 - Prefilling User 9, use_batched_prefill: False, prompt_lens: 118, prefill_seq_len: 128, num_cached_tokens: 0
2026-08-29 12:00:27.475 | INFO     | models.demos.llama3_70b_galaxy.tt.generator:prefill_forward_text:551 - Prefilling User 10, use_batched_prefill: False, prompt_lens: 118, prefill_seq_len: 128, num_cached_tokens: 0
2026-08-29 12:00:28.056 | INFO     | models.demos.llama3_70b_galaxy.tt.generator:prefill_forward_text:551 - Prefilling User 11, use_batched_prefill: False, prompt_lens: 118, prefill_seq_len: 128, num_cached_tokens: 0
2026-08-29 12:00:28.625 | INFO     | models.demos.llama3_70b_galaxy.tt.generator:prefill_forward_text:551 - Prefilling User 12, use_batched_prefill: False, prompt_lens: 118, prefill_seq_len: 128, num_cached_tokens: 0
2026-08-29 12:00:29.198 | INFO     | models.demos.llama3_70b_galaxy.tt.generator:prefill_forward_text:551 - Prefilling User 13, use_batched_prefill: False, prompt_lens: 118, prefill_seq_len: 128, num_cached_tokens: 0
2026-08-29 12:00:29.782 | INFO     | models.demos.llama3_70b_galaxy.tt.generator:prefill_forward_text:551 - Prefilling User 14, use_batched_prefill: False, prompt_lens: 118, prefill_seq_len: 128, num_cached_tokens: 0
2026-08-29 12:00:30.365 | INFO     | models.demos.llama3_70b_galaxy.tt.generator:prefill_forward_text:551 - Prefilling User 15, use_batched_prefill: False, prompt_lens: 118, prefill_seq_len: 128, num_cached_tokens: 0
2026-08-29 12:00:30.963 | INFO     | models.demos.llama3_70b_galaxy.tt.generator:prefill_forward_text:551 - Prefilling User 16, use_batched_prefill: False, prompt_lens: 118, prefill_seq_len: 128, num_cached_tokens: 0
2026-08-29 12:00:31.663 | INFO     | models.demos.llama3_70b_galaxy.tt.generator:prefill_forward_text:551 - Prefilling User 17, use_batched_prefill: False, prompt_lens: 118, prefill_seq_len: 128, num_cached_tokens: 0
2026-08-29 12:00:32.248 | INFO     | models.demos.llama3_70b_galaxy.tt.generator:prefill_forward_text:551 - Prefilling User 18, use_batched_prefill: False, prompt_lens: 118, prefill_seq_len: 128, num_cached_tokens: 0
2026-08-29 12:00:32.843 | INFO     | models.demos.llama3_70b_galaxy.tt.generator:prefill_forward_text:551 - Prefilling User 19, use_batched_prefill: False, prompt_lens: 118, prefill_seq_len: 128, num_cached_tokens: 0
2026-08-29 12:00:33.412 | INFO     | models.demos.llama3_70b_galaxy.tt.generator:prefill_forward_text:551 - Prefilling User 20, use_batched_prefill: False, prompt_lens: 118, prefill_seq_len: 128, num_cached_tokens: 0
2026-08-29 12:00:33.976 | INFO     | models.demos.llama3_70b_galaxy.tt.generator:prefill_forward_text:551 - Prefilling User 21, use_batched_prefill: False, prompt_lens: 118, prefill_seq_len: 128, num_cached_tokens: 0
2026-08-29 12:00:34.549 | INFO     | models.demos.llama3_70b_galaxy.tt.generator:prefill_forward_text:551 - Prefilling User 22, use_batched_prefill: False, prompt_lens: 118, prefill_seq_len: 128, num_cached_tokens: 0
2026-08-29 12:00:35.132 | INFO     | models.demos.llama3_70b_galaxy.tt.generator:prefill_forward_text:551 - Prefilling User 23, use_batched_prefill: False, prompt_lens: 118, prefill_seq_len: 128, num_cached_tokens: 0
2026-08-29 12:00:35.718 | INFO     | models.demos.llama3_70b_galaxy.tt.generator:prefill_forward_text:551 - Prefilling User 24, use_batched_prefill: False, prompt_lens: 118, prefill_seq_len: 128, num_cached_tokens: 0
2026-08-29 12:00:36.305 | INFO     | models.demos.llama3_70b_galaxy.tt.generator:prefill_forward_text:551 - Prefilling User 25, use_batched_prefill: False, prompt_lens: 118, prefill_seq_len: 128, num_cached_tokens: 0
2026-08-29 12:00:36.898 | INFO     | models.demos.llama3_70b_galaxy.tt.generator:prefill_forward_text:551 - Prefilling User 26, use_batched_prefill: False, prompt_lens: 118, prefill_seq_len: 128, num_cached_tokens: 0
2026-08-29 12:00:37.520 | INFO     | models.demos.llama3_70b_galaxy.tt.generator:prefill_forward_text:551 - Prefilling User 27, use_batched_prefill: False, prompt_lens: 118, prefill_seq_len: 128, num_cached_tokens: 0
2026-08-29 12:00:38.108 | INFO     | models.demos.llama3_70b_galaxy.tt.generator:prefill_forward_text:551 - Prefilling User 28, use_batched_prefill: False, prompt_lens: 118, prefill_seq_len: 128, num_cached_tokens: 0
2026-08-29 12:00:38.717 | INFO     | models.demos.llama3_70b_galaxy.tt.generator:prefill_forward_text:551 - Prefilling User 29, use_batched_prefill: False, prompt_lens: 118, prefill_seq_len: 128, num_cached_tokens: 0
2026-08-29 12:00:39.290 | INFO     | models.demos.llama3_70b_galaxy.tt.generator:prefill_forward_text:551 - Prefilling User 30, use_batched_prefill: False, prompt_lens: 118, prefill_seq_len: 128, num_cached_tokens: 0
2026-08-29 12:00:39.873 | INFO     | models.demos.llama3_70b_galaxy.tt.generator:prefill_forward_text:551 - Prefilling User 31, use_batched_prefill: False, prompt_lens: 118, prefill_seq_len: 128, num_cached_tokens: 0
2026-08-29 12:00:40.497 | INFO     | models.demos.llama3_70b_galaxy.tt.prefetcher_common:__init__:33 - Running TtLlamaPrefetcherSetup
2026-08-29 12:00:40.501 | warning  |              Op | ttnn.concat: Tile padding along concatenated dim (2) is not directly supported. ttnn.concat will proceed by converting to row-major then retilizing. This may have adverse performance impacts. (concat_device_operation.cpp:124)
2026-08-29 12:00:41.113 | info     |           Metal | Finalize dfb: dfb_offset == base_offset: 80, dfb size: 32, return value: 112 (dataflow_buffer.cpp:1656)
2026-08-29 12:00:41.113 | info     |           Metal | Finalize dfb: dfb_offset == base_offset: 0, dfb size: 0, return value: 0 (dataflow_buffer.cpp:1656)
2026-08-29 12:00:41.113 | info     |           Metal | Finalize dfb: dfb_offset == base_offset: 0, dfb size: 0, return value: 0 (dataflow_buffer.cpp:1656)
2026-08-29 12:00:41.120 | warning  |              Op | ttnn.concat: Tile padding along concatenated dim (2) is not directly supported. ttnn.concat will proceed by converting to row-major then retilizing. This may have adverse performance impacts. (concat_device_operation.cpp:124)
2026-08-29 12:00:41.125 | warning  |              Op | ttnn.concat: Tile padding along concatenated dim (2) is not directly supported. ttnn.concat will proceed by converting to row-major then retilizing. This may have adverse performance impacts. (concat_device_operation.cpp:124)
2026-08-29 12:00:41.129 | warning  |              Op | ttnn.concat: Tile padding along concatenated dim (2) is not directly supported. ttnn.concat will proceed by converting to row-major then retilizing. This may have adverse performance impacts. (concat_device_operation.cpp:124)
2026-08-29 12:00:41.134 | warning  |              Op | ttnn.concat: Tile padding along concatenated dim (2) is not directly supported. ttnn.concat will proceed by converting to row-major then retilizing. This may have adverse performance impacts. (concat_device_operation.cpp:124)
2026-08-29 12:00:41.138 | warning  |              Op | ttnn.concat: Tile padding along concatenated dim (2) is not directly supported. ttnn.concat will proceed by converting to row-major then retilizing. This may have adverse performance impacts. (concat_device_operation.cpp:124)
2026-08-29 12:00:41.143 | warning  |              Op | ttnn.concat: Tile padding along concatenated dim (2) is not directly supported. ttnn.concat will proceed by converting to row-major then retilizing. This may have adverse performance impacts. (concat_device_operation.cpp:124)
2026-08-29 12:00:41.147 | warning  |              Op | ttnn.concat: Tile padding along concatenated dim (2) is not directly supported. ttnn.concat will proceed by converting to row-major then retilizing. This may have adverse performance impacts. (concat_device_operation.cpp:124)
2026-08-29 12:00:41.152 | warning  |              Op | ttnn.concat: Tile padding along concatenated dim (2) is not directly supported. ttnn.concat will proceed by converting to row-major then retilizing. This may have adverse performance impacts. (concat_device_operation.cpp:124)
2026-08-29 12:00:41.156 | warning  |              Op | ttnn.concat: Tile padding along concatenated dim (2) is not directly supported. ttnn.concat will proceed by converting to row-major then retilizing. This may have adverse performance impacts. (concat_device_operation.cpp:124)
2026-08-29 12:00:41.163 | warning  |              Op | ttnn.concat: Tile padding along concatenated dim (2) is not directly supported. ttnn.concat will proceed by converting to row-major then retilizing. This may have adverse performance impacts. (concat_device_operation.cpp:124)
2026-08-29 12:00:41.168 | warning  |              Op | ttnn.concat: Tile padding along concatenated dim (2) is not directly supported. ttnn.concat will proceed by converting to row-major then retilizing. This may have adverse performance impacts. (concat_device_operation.cpp:124)
2026-08-29 12:00:41.172 | warning  |              Op | ttnn.concat: Tile padding along concatenated dim (2) is not directly supported. ttnn.concat will proceed by converting to row-major then retilizing. This may have adverse performance impacts. (concat_device_operation.cpp:124)
2026-08-29 12:00:41.178 | warning  |              Op | ttnn.concat: Tile padding along concatenated dim (2) is not directly supported. ttnn.concat will proceed by converting to row-major then retilizing. This may have adverse performance impacts. (concat_device_operation.cpp:124)
2026-08-29 12:00:41.182 | warning  |              Op | ttnn.concat: Tile padding along concatenated dim (2) is not directly supported. ttnn.concat will proceed by converting to row-major then retilizing. This may have adverse performance impacts. (concat_device_operation.cpp:124)
2026-08-29 12:00:41.190 | warning  |              Op | ttnn.concat: Tile padding along concatenated dim (2) is not directly supported. ttnn.concat will proceed by converting to row-major then retilizing. This may have adverse performance impacts. (concat_device_operation.cpp:124)
2026-08-29 12:00:41.199 | warning  |              Op | ttnn.concat: Tile padding along concatenated dim (2) is not directly supported. ttnn.concat will proceed by converting to row-major then retilizing. This may have adverse performance impacts. (concat_device_operation.cpp:124)
2026-08-29 12:00:41.203 | warning  |              Op | ttnn.concat: Tile padding along concatenated dim (2) is not directly supported. ttnn.concat will proceed by converting to row-major then retilizing. This may have adverse performance impacts. (concat_device_operation.cpp:124)
2026-08-29 12:00:41.208 | warning  |              Op | ttnn.concat: Tile padding along concatenated dim (2) is not directly supported. ttnn.concat will proceed by converting to row-major then retilizing. This may have adverse performance impacts. (concat_device_operation.cpp:124)
2026-08-29 12:00:41.212 | warning  |              Op | ttnn.concat: Tile padding along concatenated dim (2) is not directly supported. ttnn.concat will proceed by converting to row-major then retilizing. This may have adverse performance impacts. (concat_device_operation.cpp:124)
2026-08-29 12:00:41.216 | warning  |              Op | ttnn.concat: Tile padding along concatenated dim (2) is not directly supported. ttnn.concat will proceed by converting to row-major then retilizing. This may have adverse performance impacts. (concat_device_operation.cpp:124)
2026-08-29 12:00:41.221 | warning  |              Op | ttnn.concat: Tile padding along concatenated dim (2) is not directly supported. ttnn.concat will proceed by converting to row-major then retilizing. This may have adverse performance impacts. (concat_device_operation.cpp:124)
2026-08-29 12:00:41.225 | warning  |              Op | ttnn.concat: Tile padding along concatenated dim (2) is not directly supported. ttnn.concat will proceed by converting to row-major then retilizing. This may have adverse performance impacts. (concat_device_operation.cpp:124)
2026-08-29 12:00:41.230 | warning  |              Op | ttnn.concat: Tile padding along concatenated dim (2) is not directly supported. ttnn.concat will proceed by converting to row-major then retilizing. This may have adverse performance impacts. (concat_device_operation.cpp:124)
2026-08-29 12:00:41.238 | warning  |              Op | ttnn.concat: Tile padding along concatenated dim (2) is not directly supported. ttnn.concat will proceed by converting to row-major then retilizing. This may have adverse performance impacts. (concat_device_operation.cpp:124)
2026-08-29 12:00:41.242 | warning  |              Op | ttnn.concat: Tile padding along concatenated dim (2) is not directly supported. ttnn.concat will proceed by converting to row-major then retilizing. This may have adverse performance impacts. (concat_device_operation.cpp:124)
2026-08-29 12:00:41.251 | warning  |              Op | ttnn.concat: Tile padding along concatenated dim (2) is not directly supported. ttnn.concat will proceed by converting to row-major then retilizing. This may have adverse performance impacts. (concat_device_operation.cpp:124)
2026-08-29 12:00:41.258 | warning  |              Op | ttnn.concat: Tile padding along concatenated dim (2) is not directly supported. ttnn.concat will proceed by converting to row-major then retilizing. This may have adverse performance impacts. (concat_device_operation.cpp:124)
2026-08-29 12:00:41.262 | warning  |              Op | ttnn.concat: Tile padding along concatenated dim (2) is not directly supported. ttnn.concat will proceed by converting to row-major then retilizing. This may have adverse performance impacts. (concat_device_operation.cpp:124)
2026-08-29 12:00:41.271 | warning  |              Op | ttnn.concat: Tile padding along concatenated dim (2) is not directly supported. ttnn.concat will proceed by converting to row-major then retilizing. This may have adverse performance impacts. (concat_device_operation.cpp:124)
2026-08-29 12:00:41.276 | warning  |              Op | ttnn.concat: Tile padding along concatenated dim (2) is not directly supported. ttnn.concat will proceed by converting to row-major then retilizing. This may have adverse performance impacts. (concat_device_operation.cpp:124)
2026-08-29 12:00:41.281 | warning  |              Op | ttnn.concat: Tile padding along concatenated dim (2) is not directly supported. ttnn.concat will proceed by converting to row-major then retilizing. This may have adverse performance impacts. (concat_device_operation.cpp:124)
2026-08-29 12:00:41.286 | INFO     | models.demos.llama3_70b_galaxy.tt.generator:prefill_forward_text:851 - Finished prefill for all users up to 118 tokens.
2026-08-29 12:00:41.286 | INFO     | models.demos.llama3_70b_galaxy.demo.text_demo:test_demo_text:1192 - Finished prefill warmup
2026-08-29 12:00:41.286 | INFO     | models.demos.llama3_70b_galaxy.demo.text_demo:test_demo_text:1193 - Starting prefill...
2026-08-29 12:00:41.286 | INFO     | models.demos.llama3_70b_galaxy.tt.prefetcher_common:__init__:33 - Running TtLlamaPrefetcherSetup
2026-08-29 12:00:41.287 | INFO     | models.demos.llama3_70b_galaxy.tt.generator:prefill_forward_text:551 - Prefilling User 0, use_batched_prefill: False, prompt_lens: 118, prefill_seq_len: 128, num_cached_tokens: 0
2026-08-29 12:00:41.892 | INFO     | models.demos.llama3_70b_galaxy.tt.generator:prefill_forward_text:551 - Prefilling User 1, use_batched_prefill: False, prompt_lens: 118, prefill_seq_len: 128, num_cached_tokens: 0
2026-08-29 12:00:42.475 | INFO     | models.demos.llama3_70b_galaxy.tt.generator:prefill_forward_text:551 - Prefilling User 2, use_batched_prefill: False, prompt_lens: 118, prefill_seq_len: 128, num_cached_tokens: 0
2026-08-29 12:00:43.049 | INFO     | models.demos.llama3_70b_galaxy.tt.generator:prefill_forward_text:551 - Prefilling User 3, use_batched_prefill: False, prompt_lens: 118, prefill_seq_len: 128, num_cached_tokens: 0
2026-08-29 12:00:43.688 | INFO     | models.demos.llama3_70b_galaxy.tt.generator:prefill_forward_text:551 - Prefilling User 4, use_batched_prefill: False, prompt_lens: 118, prefill_seq_len: 128, num_cached_tokens: 0
2026-08-29 12:00:44.342 | INFO     | models.demos.llama3_70b_galaxy.tt.generator:prefill_forward_text:551 - Prefilling User 5, use_batched_prefill: False, prompt_lens: 118, prefill_seq_len: 128, num_cached_tokens: 0
2026-08-29 12:00:45.043 | INFO     | models.demos.llama3_70b_galaxy.tt.generator:prefill_forward_text:551 - Prefilling User 6, use_batched_prefill: False, prompt_lens: 118, prefill_seq_len: 128, num_cached_tokens: 0
2026-08-29 12:00:45.664 | INFO     | models.demos.llama3_70b_galaxy.tt.generator:prefill_forward_text:551 - Prefilling User 7, use_batched_prefill: False, prompt_lens: 118, prefill_seq_len: 128, num_cached_tokens: 0
2026-08-29 12:00:46.270 | INFO     | models.demos.llama3_70b_galaxy.tt.generator:prefill_forward_text:551 - Prefilling User 8, use_batched_prefill: False, prompt_lens: 118, prefill_seq_len: 128, num_cached_tokens: 0
2026-08-29 12:00:46.879 | INFO     | models.demos.llama3_70b_galaxy.tt.generator:prefill_forward_text:551 - Prefilling User 9, use_batched_prefill: False, prompt_lens: 118, prefill_seq_len: 128, num_cached_tokens: 0
2026-08-29 12:00:47.462 | INFO     | models.demos.llama3_70b_galaxy.tt.generator:prefill_forward_text:551 - Prefilling User 10, use_batched_prefill: False, prompt_lens: 118, prefill_seq_len: 128, num_cached_tokens: 0
2026-08-29 12:00:48.043 | INFO     | models.demos.llama3_70b_galaxy.tt.generator:prefill_forward_text:551 - Prefilling User 11, use_batched_prefill: False, prompt_lens: 118, prefill_seq_len: 128, num_cached_tokens: 0
2026-08-29 12:00:48.605 | INFO     | models.demos.llama3_70b_galaxy.tt.generator:prefill_forward_text:551 - Prefilling User 12, use_batched_prefill: False, prompt_lens: 118, prefill_seq_len: 128, num_cached_tokens: 0
2026-08-29 12:00:49.175 | INFO     | models.demos.llama3_70b_galaxy.tt.generator:prefill_forward_text:551 - Prefilling User 13, use_batched_prefill: False, prompt_lens: 118, prefill_seq_len: 128, num_cached_tokens: 0
2026-08-29 12:00:49.741 | INFO     | models.demos.llama3_70b_galaxy.tt.generator:prefill_forward_text:551 - Prefilling User 14, use_batched_prefill: False, prompt_lens: 118, prefill_seq_len: 128, num_cached_tokens: 0
2026-08-29 12:00:50.318 | INFO     | models.demos.llama3_70b_galaxy.tt.generator:prefill_forward_text:551 - Prefilling User 15, use_batched_prefill: False, prompt_lens: 118, prefill_seq_len: 128, num_cached_tokens: 0
2026-08-29 12:00:50.894 | INFO     | models.demos.llama3_70b_galaxy.tt.generator:prefill_forward_text:551 - Prefilling User 16, use_batched_prefill: False, prompt_lens: 118, prefill_seq_len: 128, num_cached_tokens: 0
2026-08-29 12:00:51.463 | INFO     | models.demos.llama3_70b_galaxy.tt.generator:prefill_forward_text:551 - Prefilling User 17, use_batched_prefill: False, prompt_lens: 118, prefill_seq_len: 128, num_cached_tokens: 0
2026-08-29 12:00:52.034 | INFO     | models.demos.llama3_70b_galaxy.tt.generator:prefill_forward_text:551 - Prefilling User 18, use_batched_prefill: False, prompt_lens: 118, prefill_seq_len: 128, num_cached_tokens: 0
2026-08-29 12:00:52.630 | INFO     | models.demos.llama3_70b_galaxy.tt.generator:prefill_forward_text:551 - Prefilling User 19, use_batched_prefill: False, prompt_lens: 118, prefill_seq_len: 128, num_cached_tokens: 0
2026-08-29 12:00:53.200 | INFO     | models.demos.llama3_70b_galaxy.tt.generator:prefill_forward_text:551 - Prefilling User 20, use_batched_prefill: False, prompt_lens: 118, prefill_seq_len: 128, num_cached_tokens: 0
2026-08-29 12:00:53.772 | INFO     | models.demos.llama3_70b_galaxy.tt.generator:prefill_forward_text:551 - Prefilling User 21, use_batched_prefill: False, prompt_lens: 118, prefill_seq_len: 128, num_cached_tokens: 0
2026-08-29 12:00:54.340 | INFO     | models.demos.llama3_70b_galaxy.tt.generator:prefill_forward_text:551 - Prefilling User 22, use_batched_prefill: False, prompt_lens: 118, prefill_seq_len: 128, num_cached_tokens: 0
2026-08-29 12:00:54.914 | INFO     | models.demos.llama3_70b_galaxy.tt.generator:prefill_forward_text:551 - Prefilling User 23, use_batched_prefill: False, prompt_lens: 118, prefill_seq_len: 128, num_cached_tokens: 0
2026-08-29 12:00:55.477 | INFO     | models.demos.llama3_70b_galaxy.tt.generator:prefill_forward_text:551 - Prefilling User 24, use_batched_prefill: False, prompt_lens: 118, prefill_seq_len: 128, num_cached_tokens: 0
2026-08-29 12:00:56.059 | INFO     | models.demos.llama3_70b_galaxy.tt.generator:prefill_forward_text:551 - Prefilling User 25, use_batched_prefill: False, prompt_lens: 118, prefill_seq_len: 128, num_cached_tokens: 0
2026-08-29 12:00:56.629 | INFO     | models.demos.llama3_70b_galaxy.tt.generator:prefill_forward_text:551 - Prefilling User 26, use_batched_prefill: False, prompt_lens: 118, prefill_seq_len: 128, num_cached_tokens: 0
2026-08-29 12:00:57.237 | INFO     | models.demos.llama3_70b_galaxy.tt.generator:prefill_forward_text:551 - Prefilling User 27, use_batched_prefill: False, prompt_lens: 118, prefill_seq_len: 128, num_cached_tokens: 0
2026-08-29 12:00:57.817 | INFO     | models.demos.llama3_70b_galaxy.tt.generator:prefill_forward_text:551 - Prefilling User 28, use_batched_prefill: False, prompt_lens: 118, prefill_seq_len: 128, num_cached_tokens: 0
2026-08-29 12:00:58.411 | INFO     | models.demos.llama3_70b_galaxy.tt.generator:prefill_forward_text:551 - Prefilling User 29, use_batched_prefill: False, prompt_lens: 118, prefill_seq_len: 128, num_cached_tokens: 0
2026-08-29 12:00:58.995 | INFO     | models.demos.llama3_70b_galaxy.tt.generator:prefill_forward_text:551 - Prefilling User 30, use_batched_prefill: False, prompt_lens: 118, prefill_seq_len: 128, num_cached_tokens: 0
2026-08-29 12:00:59.555 | INFO     | models.demos.llama3_70b_galaxy.tt.generator:prefill_forward_text:551 - Prefilling User 31, use_batched_prefill: False, prompt_lens: 118, prefill_seq_len: 128, num_cached_tokens: 0
2026-08-29 12:01:00.128 | INFO     | models.demos.llama3_70b_galaxy.tt.prefetcher_common:__init__:33 - Running TtLlamaPrefetcherSetup
2026-08-29 12:01:00.132 | warning  |              Op | ttnn.concat: Tile padding along concatenated dim (2) is not directly supported. ttnn.concat will proceed by converting to row-major then retilizing. This may have adverse performance impacts. (concat_device_operation.cpp:124)
2026-08-29 12:01:00.137 | warning  |              Op | ttnn.concat: Tile padding along concatenated dim (2) is not directly supported. ttnn.concat will proceed by converting to row-major then retilizing. This may have adverse performance impacts. (concat_device_operation.cpp:124)
2026-08-29 12:01:00.142 | warning  |              Op | ttnn.concat: Tile padding along concatenated dim (2) is not directly supported. ttnn.concat will proceed by converting to row-major then retilizing. This may have adverse performance impacts. (concat_device_operation.cpp:124)
2026-08-29 12:01:00.146 | warning  |              Op | ttnn.concat: Tile padding along concatenated dim (2) is not directly supported. ttnn.concat will proceed by converting to row-major then retilizing. This may have adverse performance impacts. (concat_device_operation.cpp:124)
2026-08-29 12:01:00.151 | warning  |              Op | ttnn.concat: Tile padding along concatenated dim (2) is not directly supported. ttnn.concat will proceed by converting to row-major then retilizing. This may have adverse performance impacts. (concat_device_operation.cpp:124)
2026-08-29 12:01:00.155 | warning  |              Op | ttnn.concat: Tile padding along concatenated dim (2) is not directly supported. ttnn.concat will proceed by converting to row-major then retilizing. This may have adverse performance impacts. (concat_device_operation.cpp:124)
2026-08-29 12:01:00.159 | warning  |              Op | ttnn.concat: Tile padding along concatenated dim (2) is not directly supported. ttnn.concat will proceed by converting to row-major then retilizing. This may have adverse performance impacts. (concat_device_operation.cpp:124)
2026-08-29 12:01:00.164 | warning  |              Op | ttnn.concat: Tile padding along concatenated dim (2) is not directly supported. ttnn.concat will proceed by converting to row-major then retilizing. This may have adverse performance impacts. (concat_device_operation.cpp:124)
2026-08-29 12:01:00.169 | warning  |              Op | ttnn.concat: Tile padding along concatenated dim (2) is not directly supported. ttnn.concat will proceed by converting to row-major then retilizing. This may have adverse performance impacts. (concat_device_operation.cpp:124)
2026-08-29 12:01:00.173 | warning  |              Op | ttnn.concat: Tile padding along concatenated dim (2) is not directly supported. ttnn.concat will proceed by converting to row-major then retilizing. This may have adverse performance impacts. (concat_device_operation.cpp:124)
2026-08-29 12:01:00.178 | warning  |              Op | ttnn.concat: Tile padding along concatenated dim (2) is not directly supported. ttnn.concat will proceed by converting to row-major then retilizing. This may have adverse performance impacts. (concat_device_operation.cpp:124)
2026-08-29 12:01:00.183 | warning  |              Op | ttnn.concat: Tile padding along concatenated dim (2) is not directly supported. ttnn.concat will proceed by converting to row-major then retilizing. This may have adverse performance impacts. (concat_device_operation.cpp:124)
2026-08-29 12:01:00.187 | warning  |              Op | ttnn.concat: Tile padding along concatenated dim (2) is not directly supported. ttnn.concat will proceed by converting to row-major then retilizing. This may have adverse performance impacts. (concat_device_operation.cpp:124)
2026-08-29 12:01:00.191 | warning  |              Op | ttnn.concat: Tile padding along concatenated dim (2) is not directly supported. ttnn.concat will proceed by converting to row-major then retilizing. This may have adverse performance impacts. (concat_device_operation.cpp:124)
2026-08-29 12:01:00.196 | warning  |              Op | ttnn.concat: Tile padding along concatenated dim (2) is not directly supported. ttnn.concat will proceed by converting to row-major then retilizing. This may have adverse performance impacts. (concat_device_operation.cpp:124)
2026-08-29 12:01:00.200 | warning  |              Op | ttnn.concat: Tile padding along concatenated dim (2) is not directly supported. ttnn.concat will proceed by converting to row-major then retilizing. This may have adverse performance impacts. (concat_device_operation.cpp:124)
2026-08-29 12:01:00.205 | warning  |              Op | ttnn.concat: Tile padding along concatenated dim (2) is not directly supported. ttnn.concat will proceed by converting to row-major then retilizing. This may have adverse performance impacts. (concat_device_operation.cpp:124)
2026-08-29 12:01:00.210 | warning  |              Op | ttnn.concat: Tile padding along concatenated dim (2) is not directly supported. ttnn.concat will proceed by converting to row-major then retilizing. This may have adverse performance impacts. (concat_device_operation.cpp:124)
2026-08-29 12:01:00.214 | warning  |              Op | ttnn.concat: Tile padding along concatenated dim (2) is not directly supported. ttnn.concat will proceed by converting to row-major then retilizing. This may have adverse performance impacts. (concat_device_operation.cpp:124)
2026-08-29 12:01:00.219 | warning  |              Op | ttnn.concat: Tile padding along concatenated dim (2) is not directly supported. ttnn.concat will proceed by converting to row-major then retilizing. This may have adverse performance impacts. (concat_device_operation.cpp:124)
2026-08-29 12:01:00.223 | warning  |              Op | ttnn.concat: Tile padding along concatenated dim (2) is not directly supported. ttnn.concat will proceed by converting to row-major then retilizing. This may have adverse performance impacts. (concat_device_operation.cpp:124)
2026-08-29 12:01:00.227 | warning  |              Op | ttnn.concat: Tile padding along concatenated dim (2) is not directly supported. ttnn.concat will proceed by converting to row-major then retilizing. This may have adverse performance impacts. (concat_device_operation.cpp:124)
2026-08-29 12:01:00.232 | warning  |              Op | ttnn.concat: Tile padding along concatenated dim (2) is not directly supported. ttnn.concat will proceed by converting to row-major then retilizing. This may have adverse performance impacts. (concat_device_operation.cpp:124)
2026-08-29 12:01:00.236 | warning  |              Op | ttnn.concat: Tile padding along concatenated dim (2) is not directly supported. ttnn.concat will proceed by converting to row-major then retilizing. This may have adverse performance impacts. (concat_device_operation.cpp:124)
2026-08-29 12:01:00.241 | warning  |              Op | ttnn.concat: Tile padding along concatenated dim (2) is not directly supported. ttnn.concat will proceed by converting to row-major then retilizing. This may have adverse performance impacts. (concat_device_operation.cpp:124)
2026-08-29 12:01:00.245 | warning  |              Op | ttnn.concat: Tile padding along concatenated dim (2) is not directly supported. ttnn.concat will proceed by converting to row-major then retilizing. This may have adverse performance impacts. (concat_device_operation.cpp:124)
2026-08-29 12:01:00.250 | warning  |              Op | ttnn.concat: Tile padding along concatenated dim (2) is not directly supported. ttnn.concat will proceed by converting to row-major then retilizing. This may have adverse performance impacts. (concat_device_operation.cpp:124)
2026-08-29 12:01:00.254 | warning  |              Op | ttnn.concat: Tile padding along concatenated dim (2) is not directly supported. ttnn.concat will proceed by converting to row-major then retilizing. This may have adverse performance impacts. (concat_device_operation.cpp:124)
2026-08-29 12:01:00.258 | warning  |              Op | ttnn.concat: Tile padding along concatenated dim (2) is not directly supported. ttnn.concat will proceed by converting to row-major then retilizing. This may have adverse performance impacts. (concat_device_operation.cpp:124)
2026-08-29 12:01:00.264 | warning  |              Op | ttnn.concat: Tile padding along concatenated dim (2) is not directly supported. ttnn.concat will proceed by converting to row-major then retilizing. This may have adverse performance impacts. (concat_device_operation.cpp:124)
2026-08-29 12:01:00.268 | warning  |              Op | ttnn.concat: Tile padding along concatenated dim (2) is not directly supported. ttnn.concat will proceed by converting to row-major then retilizing. This may have adverse performance impacts. (concat_device_operation.cpp:124)
2026-08-29 12:01:00.272 | warning  |              Op | ttnn.concat: Tile padding along concatenated dim (2) is not directly supported. ttnn.concat will proceed by converting to row-major then retilizing. This may have adverse performance impacts. (concat_device_operation.cpp:124)
2026-08-29 12:01:00.277 | INFO     | models.demos.llama3_70b_galaxy.tt.generator:prefill_forward_text:851 - Finished prefill for all users up to 118 tokens.
2026-08-29 12:01:00.277 | INFO     | models.demos.llama3_70b_galaxy.demo.text_demo:test_demo_text:1279 - Prefill finished
2026-08-29 12:01:00.277 | INFO     | models.demos.llama3_70b_galaxy.demo.text_demo:test_demo_text:1319 - Starting decode loop from positions: [118, 118, 118, 118, 118, 118, 118, 118, 118, 118, 118, 118, 118, 118, 118, 118, 118, 118, 118, 118, 118, 118, 118, 118, 118, 118, 118, 118, 118, 118, 118, 118]
2026-08-29 12:01:08.157 | warning  |              Op | matmul_multi_core_reuse_mcast_1d_optimized_helper: program_config.allowed_worker_cores not populated; auto-populating from compute_with_storage_grid_size. Callers that bypass ttnn::prim::matmul() (e.g. CCL fused ops) should invoke ttnn::operations::matmul::normalize_program_config() on the program config first. This will become a hard error in a future release. (matmul_multicore_reuse_mcast_1d_program_factory.cpp:5619)
2026-08-29 12:01:08.167 | warning  |              Op | matmul_multi_core_reuse_mcast_1d_optimized_helper: program_config.allowed_worker_cores not populated; auto-populating from compute_with_storage_grid_size. Callers that bypass ttnn::prim::matmul() (e.g. CCL fused ops) should invoke ttnn::operations::matmul::normalize_program_config() on the program config first. This will become a hard error in a future release. (matmul_multicore_reuse_mcast_1d_program_factory.cpp:5619)
2026-08-29 12:01:08.172 | warning  |              Op | matmul_multi_core_reuse_mcast_1d_optimized_helper: program_config.allowed_worker_cores not populated; auto-populating from compute_with_storage_grid_size. Callers that bypass ttnn::prim::matmul() (e.g. CCL fused ops) should invoke ttnn::operations::matmul::normalize_program_config() on the program config first. This will become a hard error in a future release. (matmul_multicore_reuse_mcast_1d_program_factory.cpp:5619)
2026-08-29 12:01:08.176 | warning  |              Op | matmul_multi_core_reuse_mcast_1d_optimized_helper: program_config.allowed_worker_cores not populated; auto-populating from compute_with_storage_grid_size. Callers that bypass ttnn::prim::matmul() (e.g. CCL fused ops) should invoke ttnn::operations::matmul::normalize_program_config() on the program config first. This will become a hard error in a future release. (matmul_multicore_reuse_mcast_1d_program_factory.cpp:5619)
2026-08-29 12:01:08.181 | warning  |              Op | matmul_multi_core_reuse_mcast_1d_optimized_helper: program_config.allowed_worker_cores not populated; auto-populating from compute_with_storage_grid_size. Callers that bypass ttnn::prim::matmul() (e.g. CCL fused ops) should invoke ttnn::operations::matmul::normalize_program_config() on the program config first. This will become a hard error in a future release. (matmul_multicore_reuse_mcast_1d_program_factory.cpp:5619)
2026-08-29 12:01:08.185 | warning  |              Op | matmul_multi_core_reuse_mcast_1d_optimized_helper: program_config.allowed_worker_cores not populated; auto-populating from compute_with_storage_grid_size. Callers that bypass ttnn::prim::matmul() (e.g. CCL fused ops) should invoke ttnn::operations::matmul::normalize_program_config() on the program config first. This will become a hard error in a future release. (matmul_multicore_reuse_mcast_1d_program_factory.cpp:5619)
2026-08-29 12:01:08.191 | warning  |              Op | matmul_multi_core_reuse_mcast_1d_optimized_helper: program_config.allowed_worker_cores not populated; auto-populating from compute_with_storage_grid_size. Callers that bypass ttnn::prim::matmul() (e.g. CCL fused ops) should invoke ttnn::operations::matmul::normalize_program_config() on the program config first. This will become a hard error in a future release. (matmul_multicore_reuse_mcast_1d_program_factory.cpp:5619)
2026-08-29 12:01:08.197 | warning  |              Op | matmul_multi_core_reuse_mcast_1d_optimized_helper: program_config.allowed_worker_cores not populated; auto-populating from compute_with_storage_grid_size. Callers that bypass ttnn::prim::matmul() (e.g. CCL fused ops) should invoke ttnn::operations::matmul::normalize_program_config() on the program config first. This will become a hard error in a future release. (matmul_multicore_reuse_mcast_1d_program_factory.cpp:5619)
2026-08-29 12:01:08.202 | warning  |              Op | matmul_multi_core_reuse_mcast_1d_optimized_helper: program_config.allowed_worker_cores not populated; auto-populating from compute_with_storage_grid_size. Callers that bypass ttnn::prim::matmul() (e.g. CCL fused ops) should invoke ttnn::operations::matmul::normalize_program_config() on the program config first. This will become a hard error in a future release. (matmul_multicore_reuse_mcast_1d_program_factory.cpp:5619)
2026-08-29 12:01:08.206 | warning  |              Op | matmul_multi_core_reuse_mcast_1d_optimized_helper: program_config.allowed_worker_cores not populated; auto-populating from compute_with_storage_grid_size. Callers that bypass ttnn::prim::matmul() (e.g. CCL fused ops) should invoke ttnn::operations::matmul::normalize_program_config() on the program config first. This will become a hard error in a future release. (matmul_multicore_reuse_mcast_1d_program_factory.cpp:5619)
2026-08-29 12:01:08.212 | warning  |              Op | matmul_multi_core_reuse_mcast_1d_optimized_helper: program_config.allowed_worker_cores not populated; auto-populating from compute_with_storage_grid_size. Callers that bypass ttnn::prim::matmul() (e.g. CCL fused ops) should invoke ttnn::operations::matmul::normalize_program_config() on the program config first. This will become a hard error in a future release. (matmul_multicore_reuse_mcast_1d_program_factory.cpp:5619)
2026-08-29 12:01:08.219 | warning  |              Op | matmul_multi_core_reuse_mcast_1d_optimized_helper: program_config.allowed_worker_cores not populated; auto-populating from compute_with_storage_grid_size. Callers that bypass ttnn::prim::matmul() (e.g. CCL fused ops) should invoke ttnn::operations::matmul::normalize_program_config() on the program config first. This will become a hard error in a future release. (matmul_multicore_reuse_mcast_1d_program_factory.cpp:5619)
2026-08-29 12:01:08.225 | warning  |              Op | matmul_multi_core_reuse_mcast_1d_optimized_helper: program_config.allowed_worker_cores not populated; auto-populating from compute_with_storage_grid_size. Callers that bypass ttnn::prim::matmul() (e.g. CCL fused ops) should invoke ttnn::operations::matmul::normalize_program_config() on the program config first. This will become a hard error in a future release. (matmul_multicore_reuse_mcast_1d_program_factory.cpp:5619)
2026-08-29 12:01:08.232 | warning  |              Op | matmul_multi_core_reuse_mcast_1d_optimized_helper: program_config.allowed_worker_cores not populated; auto-populating from compute_with_storage_grid_size. Callers that bypass ttnn::prim::matmul() (e.g. CCL fused ops) should invoke ttnn::operations::matmul::normalize_program_config() on the program config first. This will become a hard error in a future release. (matmul_multicore_reuse_mcast_1d_program_factory.cpp:5619)
2026-08-29 12:01:08.238 | warning  |              Op | matmul_multi_core_reuse_mcast_1d_optimized_helper: program_config.allowed_worker_cores not populated; auto-populating from compute_with_storage_grid_size. Callers that bypass ttnn::prim::matmul() (e.g. CCL fused ops) should invoke ttnn::operations::matmul::normalize_program_config() on the program config first. This will become a hard error in a future release. (matmul_multicore_reuse_mcast_1d_program_factory.cpp:5619)
2026-08-29 12:01:08.242 | warning  |              Op | matmul_multi_core_reuse_mcast_1d_optimized_helper: program_config.allowed_worker_cores not populated; auto-populating from compute_with_storage_grid_size. Callers that bypass ttnn::prim::matmul() (e.g. CCL fused ops) should invoke ttnn::operations::matmul::normalize_program_config() on the program config first. This will become a hard error in a future release. (matmul_multicore_reuse_mcast_1d_program_factory.cpp:5619)
2026-08-29 12:01:08.247 | warning  |              Op | matmul_multi_core_reuse_mcast_1d_optimized_helper: program_config.allowed_worker_cores not populated; auto-populating from compute_with_storage_grid_size. Callers that bypass ttnn::prim::matmul() (e.g. CCL fused ops) should invoke ttnn::operations::matmul::normalize_program_config() on the program config first. This will become a hard error in a future release. (matmul_multicore_reuse_mcast_1d_program_factory.cpp:5619)
2026-08-29 12:01:08.253 | warning  |              Op | matmul_multi_core_reuse_mcast_1d_optimized_helper: program_config.allowed_worker_cores not populated; auto-populating from compute_with_storage_grid_size. Callers that bypass ttnn::prim::matmul() (e.g. CCL fused ops) should invoke ttnn::operations::matmul::normalize_program_config() on the program config first. This will become a hard error in a future release. (matmul_multicore_reuse_mcast_1d_program_factory.cpp:5619)
2026-08-29 12:01:08.257 | warning  |              Op | matmul_multi_core_reuse_mcast_1d_optimized_helper: program_config.allowed_worker_cores not populated; auto-populating from compute_with_storage_grid_size. Callers that bypass ttnn::prim::matmul() (e.g. CCL fused ops) should invoke ttnn::operations::matmul::normalize_program_config() on the program config first. This will become a hard error in a future release. (matmul_multicore_reuse_mcast_1d_program_factory.cpp:5619)
2026-08-29 12:01:08.261 | warning  |              Op | matmul_multi_core_reuse_mcast_1d_optimized_helper: program_config.allowed_worker_cores not populated; auto-populating from compute_with_storage_grid_size. Callers that bypass ttnn::prim::matmul() (e.g. CCL fused ops) should invoke ttnn::operations::matmul::normalize_program_config() on the program config first. This will become a hard error in a future release. (matmul_multicore_reuse_mcast_1d_program_factory.cpp:5619)
2026-08-29 12:01:08.268 | warning  |              Op | matmul_multi_core_reuse_mcast_1d_optimized_helper: program_config.allowed_worker_cores not populated; auto-populating from compute_with_storage_grid_size. Callers that bypass ttnn::prim::matmul() (e.g. CCL fused ops) should invoke ttnn::operations::matmul::normalize_program_config() on the program config first. This will become a hard error in a future release. (matmul_multicore_reuse_mcast_1d_program_factory.cpp:5619)
2026-08-29 12:01:08.278 | warning  |              Op | matmul_multi_core_reuse_mcast_1d_optimized_helper: program_config.allowed_worker_cores not populated; auto-populating from compute_with_storage_grid_size. Callers that bypass ttnn::prim::matmul() (e.g. CCL fused ops) should invoke ttnn::operations::matmul::normalize_program_config() on the program config first. This will become a hard error in a future release. (matmul_multicore_reuse_mcast_1d_program_factory.cpp:5619)
2026-08-29 12:01:08.282 | warning  |              Op | matmul_multi_core_reuse_mcast_1d_optimized_helper: program_config.allowed_worker_cores not populated; auto-populating from compute_with_storage_grid_size. Callers that bypass ttnn::prim::matmul() (e.g. CCL fused ops) should invoke ttnn::operations::matmul::normalize_program_config() on the program config first. This will become a hard error in a future release. (matmul_multicore_reuse_mcast_1d_program_factory.cpp:5619)
2026-08-29 12:01:08.287 | warning  |              Op | matmul_multi_core_reuse_mcast_1d_optimized_helper: program_config.allowed_worker_cores not populated; auto-populating from compute_with_storage_grid_size. Callers that bypass ttnn::prim::matmul() (e.g. CCL fused ops) should invoke ttnn::operations::matmul::normalize_program_config() on the program config first. This will become a hard error in a future release. (matmul_multicore_reuse_mcast_1d_program_factory.cpp:5619)
2026-08-29 12:01:08.292 | warning  |              Op | matmul_multi_core_reuse_mcast_1d_optimized_helper: program_config.allowed_worker_cores not populated; auto-populating from compute_with_storage_grid_size. Callers that bypass ttnn::prim::matmul() (e.g. CCL fused ops) should invoke ttnn::operations::matmul::normalize_program_config() on the program config first. This will become a hard error in a future release. (matmul_multicore_reuse_mcast_1d_program_factory.cpp:5619)
2026-08-29 12:01:08.297 | warning  |              Op | matmul_multi_core_reuse_mcast_1d_optimized_helper: program_config.allowed_worker_cores not populated; auto-populating from compute_with_storage_grid_size. Callers that bypass ttnn::prim::matmul() (e.g. CCL fused ops) should invoke ttnn::operations::matmul::normalize_program_config() on the program config first. This will become a hard error in a future release. (matmul_multicore_reuse_mcast_1d_program_factory.cpp:5619)
2026-08-29 12:01:08.301 | warning  |              Op | matmul_multi_core_reuse_mcast_1d_optimized_helper: program_config.allowed_worker_cores not populated; auto-populating from compute_with_storage_grid_size. Callers that bypass ttnn::prim::matmul() (e.g. CCL fused ops) should invoke ttnn::operations::matmul::normalize_program_config() on the program config first. This will become a hard error in a future release. (matmul_multicore_reuse_mcast_1d_program_factory.cpp:5619)
2026-08-29 12:01:08.306 | warning  |              Op | matmul_multi_core_reuse_mcast_1d_optimized_helper: program_config.allowed_worker_cores not populated; auto-populating from compute_with_storage_grid_size. Callers that bypass ttnn::prim::matmul() (e.g. CCL fused ops) should invoke ttnn::operations::matmul::normalize_program_config() on the program config first. This will become a hard error in a future release. (matmul_multicore_reuse_mcast_1d_program_factory.cpp:5619)
2026-08-29 12:01:08.310 | warning  |              Op | matmul_multi_core_reuse_mcast_1d_optimized_helper: program_config.allowed_worker_cores not populated; auto-populating from compute_with_storage_grid_size. Callers that bypass ttnn::prim::matmul() (e.g. CCL fused ops) should invoke ttnn::operations::matmul::normalize_program_config() on the program config first. This will become a hard error in a future release. (matmul_multicore_reuse_mcast_1d_program_factory.cpp:5619)
2026-08-29 12:01:08.315 | warning  |              Op | matmul_multi_core_reuse_mcast_1d_optimized_helper: program_config.allowed_worker_cores not populated; auto-populating from compute_with_storage_grid_size. Callers that bypass ttnn::prim::matmul() (e.g. CCL fused ops) should invoke ttnn::operations::matmul::normalize_program_config() on the program config first. This will become a hard error in a future release. (matmul_multicore_reuse_mcast_1d_program_factory.cpp:5619)
2026-08-29 12:01:08.323 | warning  |              Op | matmul_multi_core_reuse_mcast_1d_optimized_helper: program_config.allowed_worker_cores not populated; auto-populating from compute_with_storage_grid_size. Callers that bypass ttnn::prim::matmul() (e.g. CCL fused ops) should invoke ttnn::operations::matmul::normalize_program_config() on the program config first. This will become a hard error in a future release. (matmul_multicore_reuse_mcast_1d_program_factory.cpp:5619)
2026-08-29 12:01:08.327 | warning  |              Op | matmul_multi_core_reuse_mcast_1d_optimized_helper: program_config.allowed_worker_cores not populated; auto-populating from compute_with_storage_grid_size. Callers that bypass ttnn::prim::matmul() (e.g. CCL fused ops) should invoke ttnn::operations::matmul::normalize_program_config() on the program config first. This will become a hard error in a future release. (matmul_multicore_reuse_mcast_1d_program_factory.cpp:5619)
2026-08-29 12:01:18.417 | INFO     | models.demos.llama3_70b_galaxy.tt.generator:_capture_trace_text:1436 - Done Compiling Model
2026-08-29 12:01:19.997 | INFO     | models.demos.llama3_70b_galaxy.tt.generator:_capture_trace_text:1456 - Done Capturing Decode Trace
2026-08-29 12:01:20.571 | INFO     | models.demos.llama3_70b_galaxy.demo.text_demo:test_demo_text:1381 - Iteration 0 (compile): 20293.1460ms
2026-08-29 12:01:20.579 | INFO     | models.demos.llama3_70b_galaxy.demo.text_demo:test_demo_text:1479 - Decode Iteration 1: Time: 8.5550ms, tok/s/user: 116.89, Throughput: 3740.50 tok/s
2026-08-29 12:01:20.590 | INFO     | models.demos.llama3_70b_galaxy.demo.text_demo:test_demo_text:1479 - Decode Iteration 2: Time: 10.5720ms, tok/s/user: 94.59, Throughput: 3026.86 tok/s
2026-08-29 12:01:20.601 | INFO     | models.demos.llama3_70b_galaxy.demo.text_demo:test_demo_text:1479 - Decode Iteration 3: Time: 10.6590ms, tok/s/user: 93.82, Throughput: 3002.16 tok/s
2026-08-29 12:01:20.616 | INFO     | models.demos.llama3_70b_galaxy.demo.text_demo:test_demo_text:1479 - Decode Iteration 4: Time: 14.5970ms, tok/s/user: 68.51, Throughput: 2192.23 tok/s
2026-08-29 12:01:20.630 | INFO     | models.demos.llama3_70b_galaxy.demo.text_demo:test_demo_text:1479 - Decode Iteration 5: Time: 14.5580ms, tok/s/user: 68.69, Throughput: 2198.10 tok/s
2026-08-29 12:01:20.645 | INFO     | models.demos.llama3_70b_galaxy.demo.text_demo:test_demo_text:1479 - Decode Iteration 6: Time: 14.5620ms, tok/s/user: 68.67, Throughput: 2197.50 tok/s
2026-08-29 12:01:20.660 | INFO     | models.demos.llama3_70b_galaxy.demo.text_demo:test_demo_text:1479 - Decode Iteration 7: Time: 14.6700ms, tok/s/user: 68.17, Throughput: 2181.32 tok/s
2026-08-29 12:01:20.675 | INFO     | models.demos.llama3_70b_galaxy.demo.text_demo:test_demo_text:1479 - Decode Iteration 8: Time: 14.5810ms, tok/s/user: 68.58, Throughput: 2194.64 tok/s
2026-08-29 12:01:20.690 | INFO     | models.demos.llama3_70b_galaxy.demo.text_demo:test_demo_text:1479 - Decode Iteration 9: Time: 14.5650ms, tok/s/user: 68.66, Throughput: 2197.05 tok/s
2026-08-29 12:01:20.704 | INFO     | models.demos.llama3_70b_galaxy.demo.text_demo:test_demo_text:1479 - Decode Iteration 10: Time: 14.5850ms, tok/s/user: 68.56, Throughput: 2194.03 tok/s
2026-08-29 12:01:20.719 | INFO     | models.demos.llama3_70b_galaxy.demo.text_demo:test_demo_text:1479 - Decode Iteration 11: Time: 15.0050ms, tok/s/user: 66.64, Throughput: 2132.62 tok/s
2026-08-29 12:01:20.735 | INFO     | models.demos.llama3_70b_galaxy.demo.text_demo:test_demo_text:1479 - Decode Iteration 12: Time: 15.0290ms, tok/s/user: 66.54, Throughput: 2129.22 tok/s
2026-08-29 12:01:20.750 | INFO     | models.demos.llama3_70b_galaxy.demo.text_demo:test_demo_text:1479 - Decode Iteration 13: Time: 15.0370ms, tok/s/user: 66.50, Throughput: 2128.08 tok/s
2026-08-29 12:01:20.765 | INFO     | models.demos.llama3_70b_galaxy.demo.text_demo:test_demo_text:1479 - Decode Iteration 14: Time: 15.2060ms, tok/s/user: 65.76, Throughput: 2104.43 tok/s
2026-08-29 12:01:20.780 | INFO     | models.demos.llama3_70b_galaxy.demo.text_demo:test_demo_text:1479 - Decode Iteration 15: Time: 14.7070ms, tok/s/user: 67.99, Throughput: 2175.83 tok/s
2026-08-29 12:01:20.796 | INFO     | models.demos.llama3_70b_galaxy.demo.text_demo:test_demo_text:1479 - Decode Iteration 16: Time: 15.2480ms, tok/s/user: 65.58, Throughput: 2098.64 tok/s
2026-08-29 12:01:20.811 | INFO     | models.demos.llama3_70b_galaxy.demo.text_demo:test_demo_text:1479 - Decode Iteration 17: Time: 14.6740ms, tok/s/user: 68.15, Throughput: 2180.73 tok/s
2026-08-29 12:01:20.826 | INFO     | models.demos.llama3_70b_galaxy.demo.text_demo:test_demo_text:1479 - Decode Iteration 18: Time: 15.0420ms, tok/s/user: 66.48, Throughput: 2127.38 tok/s
2026-08-29 12:01:20.841 | INFO     | models.demos.llama3_70b_galaxy.demo.text_demo:test_demo_text:1479 - Decode Iteration 19: Time: 14.9930ms, tok/s/user: 66.70, Throughput: 2134.33 tok/s
2026-08-29 12:01:20.856 | INFO     | models.demos.llama3_70b_galaxy.demo.text_demo:test_demo_text:1479 - Decode Iteration 20: Time: 15.0440ms, tok/s/user: 66.47, Throughput: 2127.09 tok/s
2026-08-29 12:01:20.871 | INFO     | models.demos.llama3_70b_galaxy.demo.text_demo:test_demo_text:1479 - Decode Iteration 21: Time: 14.9870ms, tok/s/user: 66.72, Throughput: 2135.18 tok/s
2026-08-29 12:01:20.887 | INFO     | models.demos.llama3_70b_galaxy.demo.text_demo:test_demo_text:1479 - Decode Iteration 22: Time: 15.0210ms, tok/s/user: 66.57, Throughput: 2130.35 tok/s
2026-08-29 12:01:20.902 | INFO     | models.demos.llama3_70b_galaxy.demo.text_demo:test_demo_text:1479 - Decode Iteration 23: Time: 15.0460ms, tok/s/user: 66.46, Throughput: 2126.81 tok/s
2026-08-29 12:01:20.917 | INFO     | models.demos.llama3_70b_galaxy.demo.text_demo:test_demo_text:1479 - Decode Iteration 24: Time: 15.0200ms, tok/s/user: 66.58, Throughput: 2130.49 tok/s
2026-08-29 12:01:20.932 | INFO     | models.demos.llama3_70b_galaxy.demo.text_demo:test_demo_text:1479 - Decode Iteration 25: Time: 15.0310ms, tok/s/user: 66.53, Throughput: 2128.93 tok/s
2026-08-29 12:01:20.947 | INFO     | models.demos.llama3_70b_galaxy.demo.text_demo:test_demo_text:1479 - Decode Iteration 26: Time: 15.0090ms, tok/s/user: 66.63, Throughput: 2132.05 tok/s
2026-08-29 12:01:20.963 | INFO     | models.demos.llama3_70b_galaxy.demo.text_demo:test_demo_text:1479 - Decode Iteration 27: Time: 14.9890ms, tok/s/user: 66.72, Throughput: 2134.90 tok/s
2026-08-29 12:01:20.978 | INFO     | models.demos.llama3_70b_galaxy.demo.text_demo:test_demo_text:1479 - Decode Iteration 28: Time: 15.0580ms, tok/s/user: 66.41, Throughput: 2125.12 tok/s
2026-08-29 12:01:20.993 | INFO     | models.demos.llama3_70b_galaxy.demo.text_demo:test_demo_text:1479 - Decode Iteration 29: Time: 14.9460ms, tok/s/user: 66.91, Throughput: 2141.04 tok/s
2026-08-29 12:01:21.008 | INFO     | models.demos.llama3_70b_galaxy.demo.text_demo:test_demo_text:1479 - Decode Iteration 30: Time: 15.0770ms, tok/s/user: 66.33, Throughput: 2122.44 tok/s
2026-08-29 12:01:21.023 | INFO     | models.demos.llama3_70b_galaxy.demo.text_demo:test_demo_text:1479 - Decode Iteration 31: Time: 15.0170ms, tok/s/user: 66.59, Throughput: 2130.92 tok/s
2026-08-29 12:01:21.038 | INFO     | models.demos.llama3_70b_galaxy.demo.text_demo:test_demo_text:1479 - Decode Iteration 32: Time: 15.0090ms, tok/s/user: 66.63, Throughput: 2132.05 tok/s
2026-08-29 12:01:21.054 | INFO     | models.demos.llama3_70b_galaxy.demo.text_demo:test_demo_text:1479 - Decode Iteration 33: Time: 14.9970ms, tok/s/user: 66.68, Throughput: 2133.76 tok/s
2026-08-29 12:01:21.069 | INFO     | models.demos.llama3_70b_galaxy.demo.text_demo:test_demo_text:1479 - Decode Iteration 34: Time: 15.1750ms, tok/s/user: 65.90, Throughput: 2108.73 tok/s
2026-08-29 12:01:21.084 | INFO     | models.demos.llama3_70b_galaxy.demo.text_demo:test_demo_text:1479 - Decode Iteration 35: Time: 14.7490ms, tok/s/user: 67.80, Throughput: 2169.64 tok/s
2026-08-29 12:01:21.099 | INFO     | models.demos.llama3_70b_galaxy.demo.text_demo:test_demo_text:1479 - Decode Iteration 36: Time: 14.9320ms, tok/s/user: 66.97, Throughput: 2143.05 tok/s
2026-08-29 12:01:21.115 | INFO     | models.demos.llama3_70b_galaxy.demo.text_demo:test_demo_text:1479 - Decode Iteration 37: Time: 15.2280ms, tok/s/user: 65.67, Throughput: 2101.39 tok/s
2026-08-29 12:01:21.130 | INFO     | models.demos.llama3_70b_galaxy.demo.text_demo:test_demo_text:1479 - Decode Iteration 38: Time: 14.8130ms, tok/s/user: 67.51, Throughput: 2160.26 tok/s
2026-08-29 12:01:21.145 | INFO     | models.demos.llama3_70b_galaxy.demo.text_demo:test_demo_text:1479 - Decode Iteration 39: Time: 15.0710ms, tok/s/user: 66.35, Throughput: 2123.28 tok/s
2026-08-29 12:01:21.160 | INFO     | models.demos.llama3_70b_galaxy.demo.text_demo:test_demo_text:1479 - Decode Iteration 40: Time: 15.1080ms, tok/s/user: 66.19, Throughput: 2118.08 tok/s
2026-08-29 12:01:21.175 | INFO     | models.demos.llama3_70b_galaxy.demo.text_demo:test_demo_text:1479 - Decode Iteration 41: Time: 14.8410ms, tok/s/user: 67.38, Throughput: 2156.19 tok/s
2026-08-29 12:01:21.190 | INFO     | models.demos.llama3_70b_galaxy.demo.text_demo:test_demo_text:1479 - Decode Iteration 42: Time: 15.0330ms, tok/s/user: 66.52, Throughput: 2128.65 tok/s
2026-08-29 12:01:21.206 | INFO     | models.demos.llama3_70b_galaxy.demo.text_demo:test_demo_text:1479 - Decode Iteration 43: Time: 14.9860ms, tok/s/user: 66.73, Throughput: 2135.33 tok/s
2026-08-29 12:01:21.221 | INFO     | models.demos.llama3_70b_galaxy.demo.text_demo:test_demo_text:1479 - Decode Iteration 44: Time: 15.0170ms, tok/s/user: 66.59, Throughput: 2130.92 tok/s
2026-08-29 12:01:21.236 | INFO     | models.demos.llama3_70b_galaxy.demo.text_demo:test_demo_text:1479 - Decode Iteration 45: Time: 14.9990ms, tok/s/user: 66.67, Throughput: 2133.48 tok/s
2026-08-29 12:01:21.251 | INFO     | models.demos.llama3_70b_galaxy.demo.text_demo:test_demo_text:1479 - Decode Iteration 46: Time: 14.9880ms, tok/s/user: 66.72, Throughput: 2135.04 tok/s
2026-08-29 12:01:21.266 | INFO     | models.demos.llama3_70b_galaxy.demo.text_demo:test_demo_text:1479 - Decode Iteration 47: Time: 15.0560ms, tok/s/user: 66.42, Throughput: 2125.40 tok/s
2026-08-29 12:01:21.282 | INFO     | models.demos.llama3_70b_galaxy.demo.text_demo:test_demo_text:1479 - Decode Iteration 48: Time: 15.0270ms, tok/s/user: 66.55, Throughput: 2129.50 tok/s
2026-08-29 12:01:21.297 | INFO     | models.demos.llama3_70b_galaxy.demo.text_demo:test_demo_text:1479 - Decode Iteration 49: Time: 15.2370ms, tok/s/user: 65.63, Throughput: 2100.15 tok/s
2026-08-29 12:01:21.312 | INFO     | models.demos.llama3_70b_galaxy.demo.text_demo:test_demo_text:1479 - Decode Iteration 50: Time: 14.8160ms, tok/s/user: 67.49, Throughput: 2159.83 tok/s
2026-08-29 12:01:21.327 | INFO     | models.demos.llama3_70b_galaxy.demo.text_demo:test_demo_text:1479 - Decode Iteration 51: Time: 14.7920ms, tok/s/user: 67.60, Throughput: 2163.33 tok/s
2026-08-29 12:01:21.342 | INFO     | models.demos.llama3_70b_galaxy.demo.text_demo:test_demo_text:1479 - Decode Iteration 52: Time: 14.8900ms, tok/s/user: 67.16, Throughput: 2149.09 tok/s
2026-08-29 12:01:21.357 | INFO     | models.demos.llama3_70b_galaxy.demo.text_demo:test_demo_text:1479 - Decode Iteration 53: Time: 15.0200ms, tok/s/user: 66.58, Throughput: 2130.49 tok/s
2026-08-29 12:01:21.373 | INFO     | models.demos.llama3_70b_galaxy.demo.text_demo:test_demo_text:1479 - Decode Iteration 54: Time: 14.9710ms, tok/s/user: 66.80, Throughput: 2137.47 tok/s
2026-08-29 12:01:21.388 | INFO     | models.demos.llama3_70b_galaxy.demo.text_demo:test_demo_text:1479 - Decode Iteration 55: Time: 15.0630ms, tok/s/user: 66.39, Throughput: 2124.41 tok/s
2026-08-29 12:01:21.403 | INFO     | models.demos.llama3_70b_galaxy.demo.text_demo:test_demo_text:1479 - Decode Iteration 56: Time: 15.0010ms, tok/s/user: 66.66, Throughput: 2133.19 tok/s
2026-08-29 12:01:21.419 | INFO     | models.demos.llama3_70b_galaxy.demo.text_demo:test_demo_text:1479 - Decode Iteration 57: Time: 15.2970ms, tok/s/user: 65.37, Throughput: 2091.91 tok/s
2026-08-29 12:01:21.433 | INFO     | models.demos.llama3_70b_galaxy.demo.text_demo:test_demo_text:1479 - Decode Iteration 58: Time: 14.6470ms, tok/s/user: 68.27, Throughput: 2184.75 tok/s
2026-08-29 12:01:21.449 | INFO     | models.demos.llama3_70b_galaxy.demo.text_demo:test_demo_text:1479 - Decode Iteration 59: Time: 14.9920ms, tok/s/user: 66.70, Throughput: 2134.47 tok/s
2026-08-29 12:01:21.464 | INFO     | models.demos.llama3_70b_galaxy.demo.text_demo:test_demo_text:1479 - Decode Iteration 60: Time: 15.0410ms, tok/s/user: 66.48, Throughput: 2127.52 tok/s
2026-08-29 12:01:21.479 | INFO     | models.demos.llama3_70b_galaxy.demo.text_demo:test_demo_text:1479 - Decode Iteration 61: Time: 14.9840ms, tok/s/user: 66.74, Throughput: 2135.61 tok/s
2026-08-29 12:01:21.494 | INFO     | models.demos.llama3_70b_galaxy.demo.text_demo:test_demo_text:1479 - Decode Iteration 62: Time: 15.0200ms, tok/s/user: 66.58, Throughput: 2130.49 tok/s
2026-08-29 12:01:21.509 | INFO     | models.demos.llama3_70b_galaxy.demo.text_demo:test_demo_text:1479 - Decode Iteration 63: Time: 15.0800ms, tok/s/user: 66.31, Throughput: 2122.02 tok/s
2026-08-29 12:01:21.525 | INFO     | models.demos.llama3_70b_galaxy.demo.text_demo:test_demo_text:1479 - Decode Iteration 64: Time: 14.9780ms, tok/s/user: 66.76, Throughput: 2136.47 tok/s
2026-08-29 12:01:21.540 | INFO     | models.demos.llama3_70b_galaxy.demo.text_demo:test_demo_text:1479 - Decode Iteration 65: Time: 15.0350ms, tok/s/user: 66.51, Throughput: 2128.37 tok/s
2026-08-29 12:01:21.555 | INFO     | models.demos.llama3_70b_galaxy.demo.text_demo:test_demo_text:1479 - Decode Iteration 66: Time: 15.0340ms, tok/s/user: 66.52, Throughput: 2128.51 tok/s
2026-08-29 12:01:21.570 | INFO     | models.demos.llama3_70b_galaxy.demo.text_demo:test_demo_text:1479 - Decode Iteration 67: Time: 14.9470ms, tok/s/user: 66.90, Throughput: 2140.90 tok/s
2026-08-29 12:01:21.585 | INFO     | models.demos.llama3_70b_galaxy.demo.text_demo:test_demo_text:1479 - Decode Iteration 68: Time: 15.0230ms, tok/s/user: 66.56, Throughput: 2130.07 tok/s
2026-08-29 12:01:21.601 | INFO     | models.demos.llama3_70b_galaxy.demo.text_demo:test_demo_text:1479 - Decode Iteration 69: Time: 15.1000ms, tok/s/user: 66.23, Throughput: 2119.21 tok/s
2026-08-29 12:01:21.616 | INFO     | models.demos.llama3_70b_galaxy.demo.text_demo:test_demo_text:1479 - Decode Iteration 70: Time: 14.6440ms, tok/s/user: 68.29, Throughput: 2185.20 tok/s
2026-08-29 12:01:21.631 | INFO     | models.demos.llama3_70b_galaxy.demo.text_demo:test_demo_text:1479 - Decode Iteration 71: Time: 15.0260ms, tok/s/user: 66.55, Throughput: 2129.64 tok/s
2026-08-29 12:01:21.646 | INFO     | models.demos.llama3_70b_galaxy.demo.text_demo:test_demo_text:1479 - Decode Iteration 72: Time: 14.9590ms, tok/s/user: 66.85, Throughput: 2139.18 tok/s
2026-08-29 12:01:21.661 | INFO     | models.demos.llama3_70b_galaxy.demo.text_demo:test_demo_text:1479 - Decode Iteration 73: Time: 15.1670ms, tok/s/user: 65.93, Throughput: 2109.84 tok/s
2026-08-29 12:01:21.676 | INFO     | models.demos.llama3_70b_galaxy.demo.text_demo:test_demo_text:1479 - Decode Iteration 74: Time: 14.7810ms, tok/s/user: 67.65, Throughput: 2164.94 tok/s
2026-08-29 12:01:21.692 | INFO     | models.demos.llama3_70b_galaxy.demo.text_demo:test_demo_text:1479 - Decode Iteration 75: Time: 15.1260ms, tok/s/user: 66.11, Throughput: 2115.56 tok/s
2026-08-29 12:01:21.707 | INFO     | models.demos.llama3_70b_galaxy.demo.text_demo:test_demo_text:1479 - Decode Iteration 76: Time: 14.7830ms, tok/s/user: 67.65, Throughput: 2164.65 tok/s
2026-08-29 12:01:21.722 | INFO     | models.demos.llama3_70b_galaxy.demo.text_demo:test_demo_text:1479 - Decode Iteration 77: Time: 14.9790ms, tok/s/user: 66.76, Throughput: 2136.32 tok/s
2026-08-29 12:01:21.737 | INFO     | models.demos.llama3_70b_galaxy.demo.text_demo:test_demo_text:1479 - Decode Iteration 78: Time: 15.0130ms, tok/s/user: 66.61, Throughput: 2131.49 tok/s
2026-08-29 12:01:21.752 | INFO     | models.demos.llama3_70b_galaxy.demo.text_demo:test_demo_text:1479 - Decode Iteration 79: Time: 15.0040ms, tok/s/user: 66.65, Throughput: 2132.76 tok/s
2026-08-29 12:01:21.768 | INFO     | models.demos.llama3_70b_galaxy.demo.text_demo:test_demo_text:1479 - Decode Iteration 80: Time: 15.2450ms, tok/s/user: 65.60, Throughput: 2099.05 tok/s
2026-08-29 12:01:21.783 | INFO     | models.demos.llama3_70b_galaxy.demo.text_demo:test_demo_text:1479 - Decode Iteration 81: Time: 14.8670ms, tok/s/user: 67.26, Throughput: 2152.42 tok/s
2026-08-29 12:01:21.799 | INFO     | models.demos.llama3_70b_galaxy.demo.text_demo:test_demo_text:1479 - Decode Iteration 82: Time: 15.5640ms, tok/s/user: 64.25, Throughput: 2056.03 tok/s
2026-08-29 12:01:21.814 | INFO     | models.demos.llama3_70b_galaxy.demo.text_demo:test_demo_text:1479 - Decode Iteration 83: Time: 14.8260ms, tok/s/user: 67.45, Throughput: 2158.37 tok/s
2026-08-29 12:01:21.829 | INFO     | models.demos.llama3_70b_galaxy.demo.text_demo:test_demo_text:1479 - Decode Iteration 84: Time: 15.3020ms, tok/s/user: 65.35, Throughput: 2091.23 tok/s
2026-08-29 12:01:21.844 | INFO     | models.demos.llama3_70b_galaxy.demo.text_demo:test_demo_text:1479 - Decode Iteration 85: Time: 14.6020ms, tok/s/user: 68.48, Throughput: 2191.48 tok/s
2026-08-29 12:01:21.860 | INFO     | models.demos.llama3_70b_galaxy.demo.text_demo:test_demo_text:1479 - Decode Iteration 86: Time: 15.0090ms, tok/s/user: 66.63, Throughput: 2132.05 tok/s
2026-08-29 12:01:21.875 | INFO     | models.demos.llama3_70b_galaxy.demo.text_demo:test_demo_text:1479 - Decode Iteration 87: Time: 14.9830ms, tok/s/user: 66.74, Throughput: 2135.75 tok/s
2026-08-29 12:01:21.890 | INFO     | models.demos.llama3_70b_galaxy.demo.text_demo:test_demo_text:1479 - Decode Iteration 88: Time: 15.2420ms, tok/s/user: 65.61, Throughput: 2099.46 tok/s
2026-08-29 12:01:21.905 | INFO     | models.demos.llama3_70b_galaxy.demo.text_demo:test_demo_text:1479 - Decode Iteration 89: Time: 14.6640ms, tok/s/user: 68.19, Throughput: 2182.21 tok/s
2026-08-29 12:01:21.920 | INFO     | models.demos.llama3_70b_galaxy.demo.text_demo:test_demo_text:1479 - Decode Iteration 90: Time: 14.9520ms, tok/s/user: 66.88, Throughput: 2140.18 tok/s
2026-08-29 12:01:21.935 | INFO     | models.demos.llama3_70b_galaxy.demo.text_demo:test_demo_text:1479 - Decode Iteration 91: Time: 15.0050ms, tok/s/user: 66.64, Throughput: 2132.62 tok/s
2026-08-29 12:01:21.951 | INFO     | models.demos.llama3_70b_galaxy.demo.text_demo:test_demo_text:1479 - Decode Iteration 92: Time: 15.0470ms, tok/s/user: 66.46, Throughput: 2126.67 tok/s
2026-08-29 12:01:21.966 | INFO     | models.demos.llama3_70b_galaxy.demo.text_demo:test_demo_text:1479 - Decode Iteration 93: Time: 15.1950ms, tok/s/user: 65.81, Throughput: 2105.96 tok/s
2026-08-29 12:01:21.981 | INFO     | models.demos.llama3_70b_galaxy.demo.text_demo:test_demo_text:1479 - Decode Iteration 94: Time: 14.7790ms, tok/s/user: 67.66, Throughput: 2165.23 tok/s
2026-08-29 12:01:21.996 | INFO     | models.demos.llama3_70b_galaxy.demo.text_demo:test_demo_text:1479 - Decode Iteration 95: Time: 15.0670ms, tok/s/user: 66.37, Throughput: 2123.85 tok/s
2026-08-29 12:01:22.011 | INFO     | models.demos.llama3_70b_galaxy.demo.text_demo:test_demo_text:1479 - Decode Iteration 96: Time: 14.8150ms, tok/s/user: 67.50, Throughput: 2159.97 tok/s
2026-08-29 12:01:22.027 | INFO     | models.demos.llama3_70b_galaxy.demo.text_demo:test_demo_text:1479 - Decode Iteration 97: Time: 15.1900ms, tok/s/user: 65.83, Throughput: 2106.65 tok/s
2026-08-29 12:01:22.042 | INFO     | models.demos.llama3_70b_galaxy.demo.text_demo:test_demo_text:1479 - Decode Iteration 98: Time: 14.7360ms, tok/s/user: 67.86, Throughput: 2171.55 tok/s
2026-08-29 12:01:22.057 | INFO     | models.demos.llama3_70b_galaxy.demo.text_demo:test_demo_text:1479 - Decode Iteration 99: Time: 14.9890ms, tok/s/user: 66.72, Throughput: 2134.90 tok/s
2026-08-29 12:01:22.072 | INFO     | models.demos.llama3_70b_galaxy.demo.text_demo:test_demo_text:1479 - Decode Iteration 100: Time: 15.0090ms, tok/s/user: 66.63, Throughput: 2132.05 tok/s
2026-08-29 12:01:22.087 | INFO     | models.demos.llama3_70b_galaxy.demo.text_demo:test_demo_text:1479 - Decode Iteration 101: Time: 15.0290ms, tok/s/user: 66.54, Throughput: 2129.22 tok/s
2026-08-29 12:01:22.103 | INFO     | models.demos.llama3_70b_galaxy.demo.text_demo:test_demo_text:1479 - Decode Iteration 102: Time: 15.0420ms, tok/s/user: 66.48, Throughput: 2127.38 tok/s
2026-08-29 12:01:22.118 | INFO     | models.demos.llama3_70b_galaxy.demo.text_demo:test_demo_text:1479 - Decode Iteration 103: Time: 14.9500ms, tok/s/user: 66.89, Throughput: 2140.47 tok/s
2026-08-29 12:01:22.133 | INFO     | models.demos.llama3_70b_galaxy.demo.text_demo:test_demo_text:1479 - Decode Iteration 104: Time: 15.0770ms, tok/s/user: 66.33, Throughput: 2122.44 tok/s
2026-08-29 12:01:22.148 | INFO     | models.demos.llama3_70b_galaxy.demo.text_demo:test_demo_text:1479 - Decode Iteration 105: Time: 15.0200ms, tok/s/user: 66.58, Throughput: 2130.49 tok/s
2026-08-29 12:01:22.163 | INFO     | models.demos.llama3_70b_galaxy.demo.text_demo:test_demo_text:1479 - Decode Iteration 106: Time: 14.9940ms, tok/s/user: 66.69, Throughput: 2134.19 tok/s
2026-08-29 12:01:22.178 | INFO     | models.demos.llama3_70b_galaxy.demo.text_demo:test_demo_text:1479 - Decode Iteration 107: Time: 15.0240ms, tok/s/user: 66.56, Throughput: 2129.93 tok/s
2026-08-29 12:01:22.194 | INFO     | models.demos.llama3_70b_galaxy.demo.text_demo:test_demo_text:1479 - Decode Iteration 108: Time: 15.0060ms, tok/s/user: 66.64, Throughput: 2132.48 tok/s
2026-08-29 12:01:22.209 | INFO     | models.demos.llama3_70b_galaxy.demo.text_demo:test_demo_text:1479 - Decode Iteration 109: Time: 15.0180ms, tok/s/user: 66.59, Throughput: 2130.78 tok/s
2026-08-29 12:01:22.224 | INFO     | models.demos.llama3_70b_galaxy.demo.text_demo:test_demo_text:1479 - Decode Iteration 110: Time: 14.9830ms, tok/s/user: 66.74, Throughput: 2135.75 tok/s
2026-08-29 12:01:22.239 | INFO     | models.demos.llama3_70b_galaxy.demo.text_demo:test_demo_text:1479 - Decode Iteration 111: Time: 15.0330ms, tok/s/user: 66.52, Throughput: 2128.65 tok/s
2026-08-29 12:01:22.254 | INFO     | models.demos.llama3_70b_galaxy.demo.text_demo:test_demo_text:1479 - Decode Iteration 112: Time: 15.0170ms, tok/s/user: 66.59, Throughput: 2130.92 tok/s
2026-08-29 12:01:22.270 | INFO     | models.demos.llama3_70b_galaxy.demo.text_demo:test_demo_text:1479 - Decode Iteration 113: Time: 15.0750ms, tok/s/user: 66.33, Throughput: 2122.72 tok/s
2026-08-29 12:01:22.285 | INFO     | models.demos.llama3_70b_galaxy.demo.text_demo:test_demo_text:1479 - Decode Iteration 114: Time: 14.9960ms, tok/s/user: 66.68, Throughput: 2133.90 tok/s
2026-08-29 12:01:22.300 | INFO     | models.demos.llama3_70b_galaxy.demo.text_demo:test_demo_text:1479 - Decode Iteration 115: Time: 15.2650ms, tok/s/user: 65.51, Throughput: 2096.30 tok/s
2026-08-29 12:01:22.315 | INFO     | models.demos.llama3_70b_galaxy.demo.text_demo:test_demo_text:1479 - Decode Iteration 116: Time: 14.5910ms, tok/s/user: 68.54, Throughput: 2193.13 tok/s
2026-08-29 12:01:22.330 | INFO     | models.demos.llama3_70b_galaxy.demo.text_demo:test_demo_text:1479 - Decode Iteration 117: Time: 14.9980ms, tok/s/user: 66.68, Throughput: 2133.62 tok/s
2026-08-29 12:01:22.346 | INFO     | models.demos.llama3_70b_galaxy.demo.text_demo:test_demo_text:1479 - Decode Iteration 118: Time: 15.0060ms, tok/s/user: 66.64, Throughput: 2132.48 tok/s
2026-08-29 12:01:22.361 | INFO     | models.demos.llama3_70b_galaxy.demo.text_demo:test_demo_text:1479 - Decode Iteration 119: Time: 15.2130ms, tok/s/user: 65.73, Throughput: 2103.46 tok/s
2026-08-29 12:01:22.376 | INFO     | models.demos.llama3_70b_galaxy.demo.text_demo:test_demo_text:1479 - Decode Iteration 120: Time: 14.6340ms, tok/s/user: 68.33, Throughput: 2186.69 tok/s
2026-08-29 12:01:22.391 | INFO     | models.demos.llama3_70b_galaxy.demo.text_demo:test_demo_text:1479 - Decode Iteration 121: Time: 15.0420ms, tok/s/user: 66.48, Throughput: 2127.38 tok/s
2026-08-29 12:01:22.406 | INFO     | models.demos.llama3_70b_galaxy.demo.text_demo:test_demo_text:1479 - Decode Iteration 122: Time: 15.0280ms, tok/s/user: 66.54, Throughput: 2129.36 tok/s
2026-08-29 12:01:22.422 | INFO     | models.demos.llama3_70b_galaxy.demo.text_demo:test_demo_text:1479 - Decode Iteration 123: Time: 15.0030ms, tok/s/user: 66.65, Throughput: 2132.91 tok/s
2026-08-29 12:01:22.437 | INFO     | models.demos.llama3_70b_galaxy.demo.text_demo:test_demo_text:1479 - Decode Iteration 124: Time: 15.0490ms, tok/s/user: 66.45, Throughput: 2126.39 tok/s
2026-08-29 12:01:22.452 | INFO     | models.demos.llama3_70b_galaxy.demo.text_demo:test_demo_text:1479 - Decode Iteration 125: Time: 14.9890ms, tok/s/user: 66.72, Throughput: 2134.90 tok/s
2026-08-29 12:01:22.467 | INFO     | models.demos.llama3_70b_galaxy.demo.text_demo:test_demo_text:1479 - Decode Iteration 126: Time: 15.0740ms, tok/s/user: 66.34, Throughput: 2122.86 tok/s
2026-08-29 12:01:22.482 | INFO     | models.demos.llama3_70b_galaxy.demo.text_demo:test_demo_text:1479 - Decode Iteration 127: Time: 14.9680ms, tok/s/user: 66.81, Throughput: 2137.89 tok/s
2026-08-29 12:01:22.482 | INFO     | models.demos.llama3_70b_galaxy.demo.text_demo:test_demo_text:1508 - Finished decoding, printing the final outputs...

2026-08-29 12:01:22.483 | INFO     | models.demos.llama3_70b_galaxy.demo.text_demo:test_demo_text:1527 -
==REPEAT BATCH 0
==USER 0 - PROMPT
What is your favorite condiment? There are so many condiments to choose from, each bringing its uniq
<long prompt not printed in full>
 what your favorite condiment is and why you love it. Does it remind you of a specific dish or meal?
==USER 0 - OUTPUT
As a digital AI assistant, I don't have personal preferences, taste buds, or experiences. I exist solely to provide information and assist with inquiries. However, I can certainly discuss the various condiments you've mentioned and their uses in different cuisines!

Each condiment you've listed has its unique characteristics and uses. Ketchup is a classic pairing for fries, burgers, and scrambled eggs. Mayonnaise is a versatile condiment used in sandwiches, salads, and as a dip. Mustard adds a pungent flavor to hot dogs, burgers, and sandwiches. Sriracha and hoisin sauce are popular in Asian cuisine

2026-08-29 12:01:22.483 | INFO     | models.demos.llama3_70b_galaxy.demo.text_demo:test_demo_text:1527 -
==REPEAT BATCH 0
==USER 1 - PROMPT
What is your favorite condiment? There are so many condiments to choose from, each bringing its uniq
<long prompt not printed in full>
 what your favorite condiment is and why you love it. Does it remind you of a specific dish or meal?
==USER 1 - OUTPUT
As a digital AI assistant, I don't have personal preferences, taste buds, or experiences. I exist solely to provide information and assist with inquiries. However, I can certainly discuss the various condiments you've mentioned and their uses in different cuisines!

Each condiment you've listed has its unique characteristics and uses. Ketchup is a classic pairing for fries, burgers, and scrambled eggs. Mayonnaise is a versatile condiment used in sandwiches, salads, and as a dip. Mustard adds a pungent flavor to hot dogs, burgers, and sandwiches. Sriracha and hoisin sauce are popular in Asian cuisine

2026-08-29 12:01:22.484 | INFO     | models.demos.llama3_70b_galaxy.demo.text_demo:test_demo_text:1527 -
==REPEAT BATCH 0
==USER 2 - PROMPT
What is your favorite condiment? There are so many condiments to choose from, each bringing its uniq
<long prompt not printed in full>
 what your favorite condiment is and why you love it. Does it remind you of a specific dish or meal?
==USER 2 - OUTPUT
As a digital AI assistant, I don't have personal preferences, taste buds, or experiences. I exist solely to provide information and assist with inquiries. However, I can certainly discuss the various condiments you've mentioned and their uses in different cuisines!

Each condiment you've listed has its unique characteristics and uses. Ketchup is a classic pairing for fries, burgers, and scrambled eggs. Mayonnaise is a versatile condiment used in sandwiches, salads, and as a dip. Mustard adds a pungent flavor to hot dogs, burgers, and sandwiches. Sriracha and hoisin sauce are popular in Asian cuisine

2026-08-29 12:01:22.484 | INFO     | models.demos.llama3_70b_galaxy.demo.text_demo:test_demo_text:1527 -
==REPEAT BATCH 0
==USER 3 - PROMPT
What is your favorite condiment? There are so many condiments to choose from, each bringing its uniq
<long prompt not printed in full>
 what your favorite condiment is and why you love it. Does it remind you of a specific dish or meal?
==USER 3 - OUTPUT
As a digital AI assistant, I don't have personal preferences, taste buds, or experiences. I exist solely to provide information and assist with inquiries. However, I can certainly discuss the various condiments you've mentioned and their uses in different cuisines!

Each condiment you've listed has its unique characteristics and uses. Ketchup is a classic pairing for fries, burgers, and scrambled eggs. Mayonnaise is a versatile condiment used in sandwiches, salads, and as a dip. Mustard adds a pungent flavor to hot dogs, burgers, and sandwiches. Sriracha and hoisin sauce are popular in Asian cuisine

2026-08-29 12:01:22.484 | INFO     | models.demos.llama3_70b_galaxy.demo.text_demo:test_demo_text:1527 -
==REPEAT BATCH 0
==USER 4 - PROMPT
What is your favorite condiment? There are so many condiments to choose from, each bringing its uniq
<long prompt not printed in full>
 what your favorite condiment is and why you love it. Does it remind you of a specific dish or meal?
==USER 4 - OUTPUT
As a digital AI assistant, I don't have personal preferences, taste buds, or experiences. I exist solely to provide information and assist with inquiries. However, I can certainly discuss the various condiments you've mentioned and their uses in different cuisines!

Each condiment you've listed has its unique characteristics and uses. Ketchup is a classic pairing for fries, burgers, and scrambled eggs. Mayonnaise is a versatile condiment used in sandwiches, salads, and as a dip. Mustard adds a pungent flavor to hot dogs, burgers, and sandwiches. Sriracha and hoisin sauce are popular in Asian cuisine

2026-08-29 12:01:22.485 | INFO     | models.demos.llama3_70b_galaxy.demo.text_demo:test_demo_text:1527 -
==REPEAT BATCH 0
==USER 5 - PROMPT
What is your favorite condiment? There are so many condiments to choose from, each bringing its uniq
<long prompt not printed in full>
 what your favorite condiment is and why you love it. Does it remind you of a specific dish or meal?
==USER 5 - OUTPUT
As a digital AI assistant, I don't have personal preferences, taste buds, or experiences. I exist solely to provide information and assist with inquiries. However, I can certainly discuss the various condiments you've mentioned and their uses in different cuisines!

Each condiment you've listed has its unique characteristics and uses. Ketchup is a classic pairing for fries, burgers, and scrambled eggs. Mayonnaise is a versatile condiment used in sandwiches, salads, and as a dip. Mustard adds a pungent flavor to hot dogs, burgers, and sandwiches. Sriracha and hoisin sauce are popular in Asian cuisine

2026-08-29 12:01:22.485 | INFO     | models.demos.llama3_70b_galaxy.demo.text_demo:test_demo_text:1527 -
==REPEAT BATCH 0
==USER 6 - PROMPT
What is your favorite condiment? There are so many condiments to choose from, each bringing its uniq
<long prompt not printed in full>
 what your favorite condiment is and why you love it. Does it remind you of a specific dish or meal?
==USER 6 - OUTPUT
As a digital AI assistant, I don't have personal preferences, taste buds, or experiences. I exist solely to provide information and assist with inquiries. However, I can certainly discuss the various condiments you've mentioned and their uses in different cuisines!

Each condiment you've listed has its unique characteristics and uses. Ketchup is a classic pairing for fries, burgers, and scrambled eggs. Mayonnaise is a versatile condiment used in sandwiches, salads, and as a dip. Mustard adds a pungent flavor to hot dogs, burgers, and sandwiches. Sriracha and hoisin sauce are popular in Asian cuisine

2026-08-29 12:01:22.485 | INFO     | models.demos.llama3_70b_galaxy.demo.text_demo:test_demo_text:1527 -
==REPEAT BATCH 0
==USER 7 - PROMPT
What is your favorite condiment? There are so many condiments to choose from, each bringing its uniq
<long prompt not printed in full>
 what your favorite condiment is and why you love it. Does it remind you of a specific dish or meal?
==USER 7 - OUTPUT
As a digital AI assistant, I don't have personal preferences, taste buds, or experiences. I exist solely to provide information and assist with inquiries. However, I can certainly discuss the various condiments you've mentioned and their uses in different cuisines!

Each condiment you've listed has its unique characteristics and uses. Ketchup is a classic pairing for fries, burgers, and scrambled eggs. Mayonnaise is a versatile condiment used in sandwiches, salads, and as a dip. Mustard adds a pungent flavor to hot dogs, burgers, and sandwiches. Sriracha and hoisin sauce are popular in Asian cuisine

2026-08-29 12:01:22.486 | INFO     | models.demos.llama3_70b_galaxy.demo.text_demo:test_demo_text:1527 -
==REPEAT BATCH 0
==USER 8 - PROMPT
What is your favorite condiment? There are so many condiments to choose from, each bringing its uniq
<long prompt not printed in full>
 what your favorite condiment is and why you love it. Does it remind you of a specific dish or meal?
==USER 8 - OUTPUT
As a digital AI assistant, I don't have personal preferences, taste buds, or experiences. I exist solely to provide information and assist with inquiries. However, I can certainly discuss the various condiments you've mentioned and their uses in different cuisines!

Each condiment you've listed has its unique characteristics and uses. Ketchup is a classic pairing for fries, burgers, and scrambled eggs. Mayonnaise is a versatile condiment used in sandwiches, salads, and as a dip. Mustard adds a pungent flavor to hot dogs, burgers, and sandwiches. Sriracha and hoisin sauce are popular in Asian cuisine

2026-08-29 12:01:22.486 | INFO     | models.demos.llama3_70b_galaxy.demo.text_demo:test_demo_text:1527 -
==REPEAT BATCH 0
==USER 9 - PROMPT
What is your favorite condiment? There are so many condiments to choose from, each bringing its uniq
<long prompt not printed in full>
 what your favorite condiment is and why you love it. Does it remind you of a specific dish or meal?
==USER 9 - OUTPUT
As a digital AI assistant, I don't have personal preferences, taste buds, or experiences. I exist solely to provide information and assist with inquiries. However, I can certainly discuss the various condiments you've mentioned and their uses in different cuisines!

Each condiment you've listed has its unique characteristics and uses. Ketchup is a classic pairing for fries, burgers, and scrambled eggs. Mayonnaise is a versatile condiment used in sandwiches, salads, and as a dip. Mustard adds a pungent flavor to hot dogs, burgers, and sandwiches. Sriracha and hoisin sauce are popular in Asian cuisine

2026-08-29 12:01:22.486 | INFO     | models.demos.llama3_70b_galaxy.demo.text_demo:test_demo_text:1527 -
==REPEAT BATCH 0
==USER 10 - PROMPT
What is your favorite condiment? There are so many condiments to choose from, each bringing its uniq
<long prompt not printed in full>
 what your favorite condiment is and why you love it. Does it remind you of a specific dish or meal?
==USER 10 - OUTPUT
As a digital AI assistant, I don't have personal preferences, taste buds, or experiences. I exist solely to provide information and assist with inquiries. However, I can certainly discuss the various condiments you've mentioned and their uses in different cuisines!

Each condiment you've listed has its unique characteristics and uses. Ketchup is a classic pairing for fries, burgers, and scrambled eggs. Mayonnaise is a versatile condiment used in sandwiches, salads, and as a dip. Mustard adds a pungent flavor to hot dogs, burgers, and sandwiches. Sriracha and hoisin sauce are popular in Asian cuisine

2026-08-29 12:01:22.486 | INFO     | models.demos.llama3_70b_galaxy.demo.text_demo:test_demo_text:1527 -
==REPEAT BATCH 0
==USER 11 - PROMPT
What is your favorite condiment? There are so many condiments to choose from, each bringing its uniq
<long prompt not printed in full>
 what your favorite condiment is and why you love it. Does it remind you of a specific dish or meal?
==USER 11 - OUTPUT
As a digital AI assistant, I don't have personal preferences, taste buds, or experiences. I exist solely to provide information and assist with inquiries. However, I can certainly discuss the various condiments you've mentioned and their uses in different cuisines!

Each condiment you've listed has its unique characteristics and uses. Ketchup is a classic pairing for fries, burgers, and scrambled eggs. Mayonnaise is a versatile condiment used in sandwiches, salads, and as a dip. Mustard adds a pungent flavor to hot dogs, burgers, and sandwiches. Sriracha and hoisin sauce are popular in Asian cuisine

2026-08-29 12:01:22.487 | INFO     | models.demos.llama3_70b_galaxy.demo.text_demo:test_demo_text:1527 -
==REPEAT BATCH 0
==USER 12 - PROMPT
What is your favorite condiment? There are so many condiments to choose from, each bringing its uniq
<long prompt not printed in full>
 what your favorite condiment is and why you love it. Does it remind you of a specific dish or meal?
==USER 12 - OUTPUT
As a digital AI assistant, I don't have personal preferences, taste buds, or experiences. I exist solely to provide information and assist with inquiries. However, I can certainly discuss the various condiments you've mentioned and their uses in different cuisines!

Each condiment you've listed has its unique characteristics and uses. Ketchup is a classic pairing for fries, burgers, and scrambled eggs. Mayonnaise is a versatile condiment used in sandwiches, salads, and as a dip. Mustard adds a pungent flavor to hot dogs, burgers, and sandwiches. Sriracha and hoisin sauce are popular in Asian cuisine

2026-08-29 12:01:22.487 | INFO     | models.demos.llama3_70b_galaxy.demo.text_demo:test_demo_text:1527 -
==REPEAT BATCH 0
==USER 13 - PROMPT
What is your favorite condiment? There are so many condiments to choose from, each bringing its uniq
<long prompt not printed in full>
 what your favorite condiment is and why you love it. Does it remind you of a specific dish or meal?
==USER 13 - OUTPUT
As a digital AI assistant, I don't have personal preferences, taste buds, or experiences. I exist solely to provide information and assist with inquiries. However, I can certainly discuss the various condiments you've mentioned and their uses in different cuisines!

Each condiment you've listed has its unique characteristics and uses. Ketchup is a classic pairing for fries, burgers, and scrambled eggs. Mayonnaise is a versatile condiment used in sandwiches, salads, and as a dip. Mustard adds a pungent flavor to hot dogs, burgers, and sandwiches. Sriracha and hoisin sauce are popular in Asian cuisine

2026-08-29 12:01:22.487 | INFO     | models.demos.llama3_70b_galaxy.demo.text_demo:test_demo_text:1527 -
==REPEAT BATCH 0
==USER 14 - PROMPT
What is your favorite condiment? There are so many condiments to choose from, each bringing its uniq
<long prompt not printed in full>
 what your favorite condiment is and why you love it. Does it remind you of a specific dish or meal?
==USER 14 - OUTPUT
As a digital AI assistant, I don't have personal preferences, taste buds, or experiences. I exist solely to provide information and assist with inquiries. However, I can certainly discuss the various condiments you've mentioned and their uses in different cuisines!

Each condiment you've listed has its unique characteristics and uses. Ketchup is a classic pairing for fries, burgers, and scrambled eggs. Mayonnaise is a versatile condiment used in sandwiches, salads, and as a dip. Mustard adds a pungent flavor to hot dogs, burgers, and sandwiches. Sriracha and hoisin sauce are popular in Asian cuisine

2026-08-29 12:01:22.488 | INFO     | models.demos.llama3_70b_galaxy.demo.text_demo:test_demo_text:1527 -
==REPEAT BATCH 0
==USER 15 - PROMPT
What is your favorite condiment? There are so many condiments to choose from, each bringing its uniq
<long prompt not printed in full>
 what your favorite condiment is and why you love it. Does it remind you of a specific dish or meal?
==USER 15 - OUTPUT
As a digital AI assistant, I don't have personal preferences, taste buds, or experiences. I exist solely to provide information and assist with inquiries. However, I can certainly discuss the various condiments you've mentioned and their uses in different cuisines!

Each condiment you've listed has its unique characteristics and uses. Ketchup is a classic pairing for fries, burgers, and scrambled eggs. Mayonnaise is a versatile condiment used in sandwiches, salads, and as a dip. Mustard adds a pungent flavor to hot dogs, burgers, and sandwiches. Sriracha and hoisin sauce are popular in Asian cuisine

2026-08-29 12:01:22.488 | INFO     | models.demos.llama3_70b_galaxy.demo.text_demo:test_demo_text:1527 -
==REPEAT BATCH 0
==USER 16 - PROMPT
What is your favorite condiment? There are so many condiments to choose from, each bringing its uniq
<long prompt not printed in full>
 what your favorite condiment is and why you love it. Does it remind you of a specific dish or meal?
==USER 16 - OUTPUT
As a digital AI assistant, I don't have personal preferences, taste buds, or experiences. I exist solely to provide information and assist with inquiries. However, I can certainly discuss the various condiments you've mentioned and their uses in different cuisines!

Each condiment you've listed has its unique characteristics and uses. Ketchup is a classic pairing for fries, burgers, and scrambled eggs. Mayonnaise is a versatile condiment used in sandwiches, salads, and as a dip. Mustard adds a pungent flavor to hot dogs, burgers, and sandwiches. Sriracha and hoisin sauce are popular in Asian cuisine

2026-08-29 12:01:22.488 | INFO     | models.demos.llama3_70b_galaxy.demo.text_demo:test_demo_text:1527 -
==REPEAT BATCH 0
==USER 17 - PROMPT
What is your favorite condiment? There are so many condiments to choose from, each bringing its uniq
<long prompt not printed in full>
 what your favorite condiment is and why you love it. Does it remind you of a specific dish or meal?
==USER 17 - OUTPUT
As a digital AI assistant, I don't have personal preferences, taste buds, or experiences. I exist solely to provide information and assist with inquiries. However, I can certainly discuss the various condiments you've mentioned and their uses in different cuisines!

Each condiment you've listed has its unique characteristics and uses. Ketchup is a classic pairing for fries, burgers, and scrambled eggs. Mayonnaise is a versatile condiment used in sandwiches, salads, and as a dip. Mustard adds a pungent flavor to hot dogs, burgers, and sandwiches. Sriracha and hoisin sauce are popular in Asian cuisine

2026-08-29 12:01:22.488 | INFO     | models.demos.llama3_70b_galaxy.demo.text_demo:test_demo_text:1527 -
==REPEAT BATCH 0
==USER 18 - PROMPT
What is your favorite condiment? There are so many condiments to choose from, each bringing its uniq
<long prompt not printed in full>
 what your favorite condiment is and why you love it. Does it remind you of a specific dish or meal?
==USER 18 - OUTPUT
As a digital AI assistant, I don't have personal preferences, taste buds, or experiences. I exist solely to provide information and assist with inquiries. However, I can certainly discuss the various condiments you've mentioned and their uses in different cuisines!

Each condiment you've listed has its unique characteristics and uses. Ketchup is a classic pairing for fries, burgers, and scrambled eggs. Mayonnaise is a versatile condiment used in sandwiches, salads, and as a dip. Mustard adds a pungent flavor to hot dogs, burgers, and sandwiches. Sriracha and hoisin sauce are popular in Asian cuisine

2026-08-29 12:01:22.489 | INFO     | models.demos.llama3_70b_galaxy.demo.text_demo:test_demo_text:1527 -
==REPEAT BATCH 0
==USER 19 - PROMPT
What is your favorite condiment? There are so many condiments to choose from, each bringing its uniq
<long prompt not printed in full>
 what your favorite condiment is and why you love it. Does it remind you of a specific dish or meal?
==USER 19 - OUTPUT
As a digital AI assistant, I don't have personal preferences, taste buds, or experiences. I exist solely to provide information and assist with inquiries. However, I can certainly discuss the various condiments you've mentioned and their uses in different cuisines!

Each condiment you've listed has its unique characteristics and uses. Ketchup is a classic pairing for fries, burgers, and scrambled eggs. Mayonnaise is a versatile condiment used in sandwiches, salads, and as a dip. Mustard adds a pungent flavor to hot dogs, burgers, and sandwiches. Sriracha and hoisin sauce are popular in Asian cuisine

2026-08-29 12:01:22.489 | INFO     | models.demos.llama3_70b_galaxy.demo.text_demo:test_demo_text:1527 -
==REPEAT BATCH 0
==USER 20 - PROMPT
What is your favorite condiment? There are so many condiments to choose from, each bringing its uniq
<long prompt not printed in full>
 what your favorite condiment is and why you love it. Does it remind you of a specific dish or meal?
==USER 20 - OUTPUT
As a digital AI assistant, I don't have personal preferences, taste buds, or experiences. I exist solely to provide information and assist with inquiries. However, I can certainly discuss the various condiments you've mentioned and their uses in different cuisines!

Each condiment you've listed has its unique characteristics and uses. Ketchup is a classic pairing for fries, burgers, and scrambled eggs. Mayonnaise is a versatile condiment used in sandwiches, salads, and as a dip. Mustard adds a pungent flavor to hot dogs, burgers, and sandwiches. Sriracha and hoisin sauce are popular in Asian cuisine

2026-08-29 12:01:22.489 | INFO     | models.demos.llama3_70b_galaxy.demo.text_demo:test_demo_text:1527 -
==REPEAT BATCH 0
==USER 21 - PROMPT
What is your favorite condiment? There are so many condiments to choose from, each bringing its uniq
<long prompt not printed in full>
 what your favorite condiment is and why you love it. Does it remind you of a specific dish or meal?
==USER 21 - OUTPUT
As a digital AI assistant, I don't have personal preferences, taste buds, or experiences. I exist solely to provide information and assist with inquiries. However, I can certainly discuss the various condiments you've mentioned and their uses in different cuisines!

Each condiment you've listed has its unique characteristics and uses. Ketchup is a classic pairing for fries, burgers, and scrambled eggs. Mayonnaise is a versatile condiment used in sandwiches, salads, and as a dip. Mustard adds a pungent flavor to hot dogs, burgers, and sandwiches. Sriracha and hoisin sauce are popular in Asian cuisine

2026-08-29 12:01:22.490 | INFO     | models.demos.llama3_70b_galaxy.demo.text_demo:test_demo_text:1527 -
==REPEAT BATCH 0
==USER 22 - PROMPT
What is your favorite condiment? There are so many condiments to choose from, each bringing its uniq
<long prompt not printed in full>
 what your favorite condiment is and why you love it. Does it remind you of a specific dish or meal?
==USER 22 - OUTPUT
As a digital AI assistant, I don't have personal preferences, taste buds, or experiences. I exist solely to provide information and assist with inquiries. However, I can certainly discuss the various condiments you've mentioned and their uses in different cuisines!

Each condiment you've listed has its unique characteristics and uses. Ketchup is a classic pairing for fries, burgers, and scrambled eggs. Mayonnaise is a versatile condiment used in sandwiches, salads, and as a dip. Mustard adds a pungent flavor to hot dogs, burgers, and sandwiches. Sriracha and hoisin sauce are popular in Asian cuisine

2026-08-29 12:01:22.490 | INFO     | models.demos.llama3_70b_galaxy.demo.text_demo:test_demo_text:1527 -
==REPEAT BATCH 0
==USER 23 - PROMPT
What is your favorite condiment? There are so many condiments to choose from, each bringing its uniq
<long prompt not printed in full>
 what your favorite condiment is and why you love it. Does it remind you of a specific dish or meal?
==USER 23 - OUTPUT
As a digital AI assistant, I don't have personal preferences, taste buds, or experiences. I exist solely to provide information and assist with inquiries. However, I can certainly discuss the various condiments you've mentioned and their uses in different cuisines!

Each condiment you've listed has its unique characteristics and uses. Ketchup is a classic pairing for fries, burgers, and scrambled eggs. Mayonnaise is a versatile condiment used in sandwiches, salads, and as a dip. Mustard adds a pungent flavor to hot dogs, burgers, and sandwiches. Sriracha and hoisin sauce are popular in Asian cuisine

2026-08-29 12:01:22.490 | INFO     | models.demos.llama3_70b_galaxy.demo.text_demo:test_demo_text:1527 -
==REPEAT BATCH 0
==USER 24 - PROMPT
What is your favorite condiment? There are so many condiments to choose from, each bringing its uniq
<long prompt not printed in full>
 what your favorite condiment is and why you love it. Does it remind you of a specific dish or meal?
==USER 24 - OUTPUT
As a digital AI assistant, I don't have personal preferences, taste buds, or experiences. I exist solely to provide information and assist with inquiries. However, I can certainly discuss the various condiments you've mentioned and their uses in different cuisines!

Each condiment you've listed has its unique characteristics and uses. Ketchup is a classic pairing for fries, burgers, and scrambled eggs. Mayonnaise is a versatile condiment used in sandwiches, salads, and as a dip. Mustard adds a pungent flavor to hot dogs, burgers, and sandwiches. Sriracha and hoisin sauce are popular in Asian cuisine

2026-08-29 12:01:22.490 | INFO     | models.demos.llama3_70b_galaxy.demo.text_demo:test_demo_text:1527 -
==REPEAT BATCH 0
==USER 25 - PROMPT
What is your favorite condiment? There are so many condiments to choose from, each bringing its uniq
<long prompt not printed in full>
 what your favorite condiment is and why you love it. Does it remind you of a specific dish or meal?
==USER 25 - OUTPUT
As a digital AI assistant, I don't have personal preferences, taste buds, or experiences. I exist solely to provide information and assist with inquiries. However, I can certainly discuss the various condiments you've mentioned and their uses in different cuisines!

Each condiment you've listed has its unique characteristics and uses. Ketchup is a classic pairing for fries, burgers, and scrambled eggs. Mayonnaise is a versatile condiment used in sandwiches, salads, and as a dip. Mustard adds a pungent flavor to hot dogs, burgers, and sandwiches. Sriracha and hoisin sauce are popular in Asian cuisine

2026-08-29 12:01:22.491 | INFO     | models.demos.llama3_70b_galaxy.demo.text_demo:test_demo_text:1527 -
==REPEAT BATCH 0
==USER 26 - PROMPT
What is your favorite condiment? There are so many condiments to choose from, each bringing its uniq
<long prompt not printed in full>
 what your favorite condiment is and why you love it. Does it remind you of a specific dish or meal?
==USER 26 - OUTPUT
As a digital AI assistant, I don't have personal preferences, taste buds, or experiences. I exist solely to provide information and assist with inquiries. However, I can certainly discuss the various condiments you've mentioned and their uses in different cuisines!

Each condiment you've listed has its unique characteristics and uses. Ketchup is a classic pairing for fries, burgers, and scrambled eggs. Mayonnaise is a versatile condiment used in sandwiches, salads, and as a dip. Mustard adds a pungent flavor to hot dogs, burgers, and sandwiches. Sriracha and hoisin sauce are popular in Asian cuisine

2026-08-29 12:01:22.491 | INFO     | models.demos.llama3_70b_galaxy.demo.text_demo:test_demo_text:1527 -
==REPEAT BATCH 0
==USER 27 - PROMPT
What is your favorite condiment? There are so many condiments to choose from, each bringing its uniq
<long prompt not printed in full>
 what your favorite condiment is and why you love it. Does it remind you of a specific dish or meal?
==USER 27 - OUTPUT
As a digital AI assistant, I don't have personal preferences, taste buds, or experiences. I exist solely to provide information and assist with inquiries. However, I can certainly discuss the various condiments you've mentioned and their uses in different cuisines!

Each condiment you've listed has its unique characteristics and uses. Ketchup is a classic pairing for fries, burgers, and scrambled eggs. Mayonnaise is a versatile condiment used in sandwiches, salads, and as a dip. Mustard adds a pungent flavor to hot dogs, burgers, and sandwiches. Sriracha and hoisin sauce are popular in Asian cuisine

2026-08-29 12:01:22.491 | INFO     | models.demos.llama3_70b_galaxy.demo.text_demo:test_demo_text:1527 -
==REPEAT BATCH 0
==USER 28 - PROMPT
What is your favorite condiment? There are so many condiments to choose from, each bringing its uniq
<long prompt not printed in full>
 what your favorite condiment is and why you love it. Does it remind you of a specific dish or meal?
==USER 28 - OUTPUT
As a digital AI assistant, I don't have personal preferences, taste buds, or experiences. I exist solely to provide information and assist with inquiries. However, I can certainly discuss the various condiments you've mentioned and their uses in different cuisines!

Each condiment you've listed has its unique characteristics and uses. Ketchup is a classic pairing for fries, burgers, and scrambled eggs. Mayonnaise is a versatile condiment used in sandwiches, salads, and as a dip. Mustard adds a pungent flavor to hot dogs, burgers, and sandwiches. Sriracha and hoisin sauce are popular in Asian cuisine

2026-08-29 12:01:22.492 | INFO     | models.demos.llama3_70b_galaxy.demo.text_demo:test_demo_text:1527 -
==REPEAT BATCH 0
==USER 29 - PROMPT
What is your favorite condiment? There are so many condiments to choose from, each bringing its uniq
<long prompt not printed in full>
 what your favorite condiment is and why you love it. Does it remind you of a specific dish or meal?
==USER 29 - OUTPUT
As a digital AI assistant, I don't have personal preferences, taste buds, or experiences. I exist solely to provide information and assist with inquiries. However, I can certainly discuss the various condiments you've mentioned and their uses in different cuisines!

Each condiment you've listed has its unique characteristics and uses. Ketchup is a classic pairing for fries, burgers, and scrambled eggs. Mayonnaise is a versatile condiment used in sandwiches, salads, and as a dip. Mustard adds a pungent flavor to hot dogs, burgers, and sandwiches. Sriracha and hoisin sauce are popular in Asian cuisine

2026-08-29 12:01:22.492 | INFO     | models.demos.llama3_70b_galaxy.demo.text_demo:test_demo_text:1527 -
==REPEAT BATCH 0
==USER 30 - PROMPT
What is your favorite condiment? There are so many condiments to choose from, each bringing its uniq
<long prompt not printed in full>
 what your favorite condiment is and why you love it. Does it remind you of a specific dish or meal?
==USER 30 - OUTPUT
As a digital AI assistant, I don't have personal preferences, taste buds, or experiences. I exist solely to provide information and assist with inquiries. However, I can certainly discuss the various condiments you've mentioned and their uses in different cuisines!

Each condiment you've listed has its unique characteristics and uses. Ketchup is a classic pairing for fries, burgers, and scrambled eggs. Mayonnaise is a versatile condiment used in sandwiches, salads, and as a dip. Mustard adds a pungent flavor to hot dogs, burgers, and sandwiches. Sriracha and hoisin sauce are popular in Asian cuisine

2026-08-29 12:01:22.492 | INFO     | models.demos.llama3_70b_galaxy.demo.text_demo:test_demo_text:1527 -
==REPEAT BATCH 0
==USER 31 - PROMPT
What is your favorite condiment? There are so many condiments to choose from, each bringing its uniq
<long prompt not printed in full>
 what your favorite condiment is and why you love it. Does it remind you of a specific dish or meal?
==USER 31 - OUTPUT
As a digital AI assistant, I don't have personal preferences, taste buds, or experiences. I exist solely to provide information and assist with inquiries. However, I can certainly discuss the various condiments you've mentioned and their uses in different cuisines!

Each condiment you've listed has its unique characteristics and uses. Ketchup is a classic pairing for fries, burgers, and scrambled eggs. Mayonnaise is a versatile condiment used in sandwiches, salads, and as a dip. Mustard adds a pungent flavor to hot dogs, burgers, and sandwiches. Sriracha and hoisin sauce are popular in Asian cuisine

2026-08-29 12:01:22.492 | INFO     | models.demos.llama3_70b_galaxy.demo.text_demo:test_demo_text:1660 - Please note that 'stop_at_eos' is disabled. Output repetition is expected.
2026-08-29 12:01:22.492 | INFO     | models.demos.llama3_70b_galaxy.demo.text_demo:test_demo_text:1662 -
2026-08-29 12:01:22.492 | INFO     | models.demos.llama3_70b_galaxy.demo.text_demo:test_demo_text:1663 - === Performance metrics ===
2026-08-29 12:01:22.493 | INFO     | models.demos.llama3_70b_galaxy.demo.text_demo:test_demo_text:1664 - 1st token decode time: 8.55ms [116.89 t/s/u, 3740.5 t/s]
2026-08-29 12:01:22.493 | INFO     | models.demos.llama3_70b_galaxy.demo.text_demo:test_demo_text:1668 - 128th token decode time: 14.97ms [66.81 t/s/u, 2137.89 t/s]
2026-08-29 12:01:22.493 | INFO     | models.demos.llama3_70b_galaxy.demo.text_demo:test_demo_text:1681 - ==
2026-08-29 12:01:22.493 | INFO     | models.demos.llama3_70b_galaxy.demo.text_demo:test_demo_text:1682 - Prefill compile time: 395.72s
2026-08-29 12:01:22.493 | INFO     | models.demos.llama3_70b_galaxy.demo.text_demo:test_demo_text:1683 - Decode compile time: 20.29s
2026-08-29 12:01:22.493 | INFO     | models.demos.llama3_70b_galaxy.demo.text_demo:test_demo_text:1684 -
2026-08-29 12:01:22.493 | INFO     | models.demos.llama3_70b_galaxy.demo.text_demo:test_demo_text:1685 - Average Time to First Token (TTFT): 18990.86ms
2026-08-29 12:01:22.493 | INFO     | models.demos.llama3_70b_galaxy.demo.text_demo:test_demo_text:1686 - Average speed: 14.86ms @ 67.31 tok/s/user (2153.93 tok/s throughput)
2026-08-29 12:01:22.493 | INFO     | models.demos.llama3_70b_galaxy.demo.text_demo:test_demo_text:1717 - Test 'wormhole_b0-mesh_device0-device_params0-10-performance-batch-32' currently doesn't have performance targets set! Skipping performance checks...
PASSED

=============================== warnings summary ===============================
models/common/llama_models.py:63
  /proj_sw/user_dev/ctr-apbernal/tt-metal/models/common/llama_models.py:63: PydanticDeprecatedSince20: Pydantic V1 style `@validator` validators are deprecated. You should migrate to Pydantic V2 style `@field_validator` validators, see the migration guide for more details. Deprecated in Pydantic V2.0 to be removed in V3.0. See Pydantic V2 Migration Guide at https://errors.pydantic.dev/2.9/migration/
    @validator("tool_name", pre=True)

python_env/lib/python3.10/site-packages/pydantic/_internal/_config.py:291
  /proj_sw/user_dev/ctr-apbernal/tt-metal/python_env/lib/python3.10/site-packages/pydantic/_internal/_config.py:291: PydanticDeprecatedSince20: Support for class-based `config` is deprecated, use ConfigDict instead. Deprecated in Pydantic V2.0 to be removed in V3.0. See Pydantic V2 Migration Guide at https://errors.pydantic.dev/2.9/migration/
    warnings.warn(DEPRECATION_MESSAGE, DeprecationWarning)

-- Docs: https://docs.pytest.org/en/stable/how-to/capture-warnings.html
==================================== PASSES ====================================
- generated xml file: /proj_sw/user_dev/ctr-apbernal/tt-metal/generated/test_reports/most_recent_tests.xml -
============================= slowest 25 durations =============================
987.01s call     models/demos/llama3_70b_galaxy/demo/text_demo.py::test_demo_text[wormhole_b0-mesh_device0-device_params0-10-performance-batch-32]
8.10s setup    models/demos/llama3_70b_galaxy/demo/text_demo.py::test_demo_text[wormhole_b0-mesh_device0-device_params0-10-performance-batch-32]
0.53s teardown models/demos/llama3_70b_galaxy/demo/text_demo.py::test_demo_text[wormhole_b0-mesh_device0-device_params0-10-performance-batch-32]
=========================== short test summary info ============================
PASSED models/demos/llama3_70b_galaxy/demo/text_demo.py::test_demo_text[wormhole_b0-mesh_device0-device_params0-10-performance-batch-32]
================== 1 passed, 2 warnings in 996.44s (0:16:36) ===================
2026-08-29 12:01:35.279 | info     |    BuildKernels | JIT cache stats: 2646/2646 hits (100.0%) [2646 cached, 31719 build-once dedup, 0 merged artifacts, 0 merged genfiles] (build_cache_telemetry.cpp:207)
2026-08-29 12:01:35.279 | info     |    BuildKernels | JIT telemetry: 3 registered TelemetryTokens (build_cache_telemetry.cpp:230)
2026-08-29 12:01:35.664 | info     |          Device | Closing user mode device drivers (tt_cluster.cpp:513)
2026-08-29 12:01:35.664 | info     |             UMD | Closing devices in cluster (cluster.cpp:1211)
2026-08-29 12:01:35.780 | info     |             UMD | Closing devices in cluster completed. (cluster.cpp:1220)
2026-08-29 12:01:35.780 | info     |             UMD | Cluster destructor started. (cluster.cpp:912)
2026-08-29 12:01:35.780 | info     |             UMD | Cluster destructor completed. (cluster.cpp:915)
exit=0
