2026-08-29 10:39:04.462 | DEBUG    | ttnn:<module>:78 - Initial ttnn.CONFIG:
Config{cache_path=/home/ctr-apbernal/.cache/ttnn,model_cache_path=/home/ctr-apbernal/.cache/ttnn/models,tmp_dir=/tmp/ttnn,enable_model_cache=false,enable_fast_runtime_mode=true,throw_exception_on_fallback=false,enable_logging=false,enable_graph_report=false,enable_graph_python_stack_traces=false,enable_detailed_buffer_report=false,enable_detailed_tensor_report=false,enable_comparison_mode=false,comparison_mode_should_raise_exception=false,comparison_mode_pcc=0.9999,root_report_path=generated/ttnn/reports,report_name=std::nullopt,std::nullopt}
============================= test session starts ==============================
platform linux -- Python 3.10.21, pytest-9.0.3, pluggy-1.6.0 -- /proj_sw/user_dev/ctr-apbernal/tt-metal/python_env/bin/python
benchmark: 5.2.3 (defaults: timer=time.perf_counter disable_gc=False min_rounds=5 min_time=0.000005 max_time=1.0 calibration_precision=10 warmup=False warmup_iterations=100000)
rootdir: /proj_sw/user_dev/ctr-apbernal/tt-metal
configfile: pytest.ini
plugins: cov-7.0.0, dash-2.15.0, benchmark-5.2.3, repeat-0.9.4, anyio-4.14.2, timeout-2.4.0, github-actions-annotate-failures-0.3.0, split-0.11.0
timeout: 7000.0s
timeout method: signal
timeout func_only: False
collecting ... 2026-08-29 10:39:16.951 | WARNING  | models.perf.benchmarking_utils:<module>:19 - Skipping import of pydantic_models for benchmarking since not running in CI environment
collected 1 item

models/demos/llama3_70b_galaxy/demo/text_qwen_demo.py::test_qwen_demo_text[wormhole_b0-mesh_device0-device_params0-10-performance-batch-32] 2026-08-29 10:39:23.261 | info     |          Device | Opening user mode device driver (tt_cluster.cpp:228)
2026-08-29 10:39:23.261 | info     |             UMD | Cluster constructor started. (cluster.cpp:389)
2026-08-29 10:39:23.281 | info     |             UMD | Creating TopologyDiscovery for architecture: wormhole_b0 (topology_discovery.cpp:96)
2026-08-29 10:39:23.281 | info     |             UMD | Starting topology discovery. (topology_discovery.cpp:115)
2026-08-29 10:39:26.313 | info     |             UMD | Established firmware bundle version: 19.12.0 (topology_discovery.cpp:575)
2026-08-29 10:39:26.343 | info     |             UMD | Completed topology discovery. (topology_discovery.cpp:119)
2026-08-29 10:39:27.796 | info     |             UMD | Opening local chip ids/PCIe ids: {0, 1, 2, 3, 4, 5, 6, 7, 8, 9, 10, 11, 12, 13, 14, 15, 16, 17, 18, 19, 20, 21, 22, 23, 24, 25, 26, 27, 28, 29, 30, 31}/[16, 17, 18, 19, 20, 21, 22, 23, 24, 25, 26, 27, 28, 29, 30, 31, 8, 9, 10, 11, 12, 13, 14, 15, 0, 1, 2, 3, 4, 5, 6, 7] and remote chip ids {} (cluster.cpp:173)
2026-08-29 10:39:27.796 | info     |             UMD | IOMMU: enabled (cluster.cpp:147)
2026-08-29 10:39:27.796 | info     |             UMD | KMD version: 2.9.0 (cluster.cpp:150)
2026-08-29 10:39:27.796 | info     |             UMD | Cluster constructor completed. (cluster.cpp:648)
2026-08-29 10:39:27.823 | info     |             UMD | Starting devices in cluster (cluster.cpp:1198)
2026-08-29 10:39:27.882 | info     |             UMD | Starting devices in cluster completed. (cluster.cpp:1206)
2026-08-29 10:39:28.011 | info     |     Distributed | Using auto discovery to generate mesh graph. (metal_env.cpp:437)
2026-08-29 10:39:28.011 | info     |     Distributed | Constructing control plane using auto-discovery (no mesh graph descriptor). (metal_env.cpp:499)
2026-08-29 10:39:28.018 | info     |          Fabric | Logical multi-mesh adjacency: intermesh degree histogram {0:1}; intra-mesh degree histograms mesh0 {4:32} (topology_mapper_utils.cpp:2410)
2026-08-29 10:39:28.018 | info     |          Fabric | Physical multi-mesh adjacency: intermesh degree histogram {0:1}; intra-mesh degree histograms mesh0 {4:32} (topology_mapper_utils.cpp:2418)
2026-08-29 10:39:28.240 | info     |    BuildKernels | Using pre-compiled firmware from: /proj_sw/user_dev/ctr-apbernal/tt-metal/tt_metal/pre-compiled/441969805167873259/ (build_env_manager.cpp:347)
2026-08-29 10:39:28.528 | info     |    BuildKernels | Using pre-compiled firmware from: /proj_sw/user_dev/ctr-apbernal/tt-metal/tt_metal/pre-compiled/441969805167873259/ (build_env_manager.cpp:347)
2026-08-29 10:39:28.528 | info     |    BuildKernels | Using pre-compiled firmware from: /proj_sw/user_dev/ctr-apbernal/tt-metal/tt_metal/pre-compiled/441969805167873259/ (build_env_manager.cpp:347)
2026-08-29 10:39:28.528 | info     |    BuildKernels | Using pre-compiled firmware from: /proj_sw/user_dev/ctr-apbernal/tt-metal/tt_metal/pre-compiled/441969805167873259/ (build_env_manager.cpp:347)
2026-08-29 10:39:28.528 | info     |    BuildKernels | Using pre-compiled firmware from: /proj_sw/user_dev/ctr-apbernal/tt-metal/tt_metal/pre-compiled/441969805167873259/ (build_env_manager.cpp:347)
2026-08-29 10:39:28.528 | info     |    BuildKernels | Using pre-compiled firmware from: /proj_sw/user_dev/ctr-apbernal/tt-metal/tt_metal/pre-compiled/441969805167873259/ (build_env_manager.cpp:347)
2026-08-29 10:39:28.528 | info     |    BuildKernels | Using pre-compiled firmware from: /proj_sw/user_dev/ctr-apbernal/tt-metal/tt_metal/pre-compiled/441969805167873259/ (build_env_manager.cpp:347)
2026-08-29 10:39:28.528 | info     |    BuildKernels | Using pre-compiled firmware from: /proj_sw/user_dev/ctr-apbernal/tt-metal/tt_metal/pre-compiled/441969805167873259/ (build_env_manager.cpp:347)
2026-08-29 10:39:28.528 | info     |    BuildKernels | Using pre-compiled firmware from: /proj_sw/user_dev/ctr-apbernal/tt-metal/tt_metal/pre-compiled/441969805167873259/ (build_env_manager.cpp:347)
2026-08-29 10:39:28.528 | info     |    BuildKernels | Using pre-compiled firmware from: /proj_sw/user_dev/ctr-apbernal/tt-metal/tt_metal/pre-compiled/441969805167873259/ (build_env_manager.cpp:347)
2026-08-29 10:39:28.528 | info     |    BuildKernels | Using pre-compiled firmware from: /proj_sw/user_dev/ctr-apbernal/tt-metal/tt_metal/pre-compiled/441969805167873259/ (build_env_manager.cpp:347)
2026-08-29 10:39:28.528 | info     |    BuildKernels | Using pre-compiled firmware from: /proj_sw/user_dev/ctr-apbernal/tt-metal/tt_metal/pre-compiled/441969805167873259/ (build_env_manager.cpp:347)
2026-08-29 10:39:28.528 | info     |    BuildKernels | Using pre-compiled firmware from: /proj_sw/user_dev/ctr-apbernal/tt-metal/tt_metal/pre-compiled/441969805167873259/ (build_env_manager.cpp:347)
2026-08-29 10:39:28.528 | info     |    BuildKernels | Using pre-compiled firmware from: /proj_sw/user_dev/ctr-apbernal/tt-metal/tt_metal/pre-compiled/441969805167873259/ (build_env_manager.cpp:347)
2026-08-29 10:39:28.528 | info     |    BuildKernels | Using pre-compiled firmware from: /proj_sw/user_dev/ctr-apbernal/tt-metal/tt_metal/pre-compiled/441969805167873259/ (build_env_manager.cpp:347)
2026-08-29 10:39:28.528 | info     |    BuildKernels | Using pre-compiled firmware from: /proj_sw/user_dev/ctr-apbernal/tt-metal/tt_metal/pre-compiled/441969805167873259/ (build_env_manager.cpp:347)
2026-08-29 10:39:28.528 | info     |    BuildKernels | Using pre-compiled firmware from: /proj_sw/user_dev/ctr-apbernal/tt-metal/tt_metal/pre-compiled/441969805167873259/ (build_env_manager.cpp:347)
2026-08-29 10:39:28.528 | info     |    BuildKernels | Using pre-compiled firmware from: /proj_sw/user_dev/ctr-apbernal/tt-metal/tt_metal/pre-compiled/441969805167873259/ (build_env_manager.cpp:347)
2026-08-29 10:39:28.528 | info     |    BuildKernels | Using pre-compiled firmware from: /proj_sw/user_dev/ctr-apbernal/tt-metal/tt_metal/pre-compiled/441969805167873259/ (build_env_manager.cpp:347)
2026-08-29 10:39:28.528 | info     |    BuildKernels | Using pre-compiled firmware from: /proj_sw/user_dev/ctr-apbernal/tt-metal/tt_metal/pre-compiled/441969805167873259/ (build_env_manager.cpp:347)
2026-08-29 10:39:28.528 | info     |    BuildKernels | Using pre-compiled firmware from: /proj_sw/user_dev/ctr-apbernal/tt-metal/tt_metal/pre-compiled/441969805167873259/ (build_env_manager.cpp:347)
2026-08-29 10:39:28.528 | info     |    BuildKernels | Using pre-compiled firmware from: /proj_sw/user_dev/ctr-apbernal/tt-metal/tt_metal/pre-compiled/441969805167873259/ (build_env_manager.cpp:347)
2026-08-29 10:39:28.528 | info     |    BuildKernels | Using pre-compiled firmware from: /proj_sw/user_dev/ctr-apbernal/tt-metal/tt_metal/pre-compiled/441969805167873259/ (build_env_manager.cpp:347)
2026-08-29 10:39:28.528 | info     |    BuildKernels | Using pre-compiled firmware from: /proj_sw/user_dev/ctr-apbernal/tt-metal/tt_metal/pre-compiled/441969805167873259/ (build_env_manager.cpp:347)
2026-08-29 10:39:28.529 | info     |    BuildKernels | Using pre-compiled firmware from: /proj_sw/user_dev/ctr-apbernal/tt-metal/tt_metal/pre-compiled/441969805167873259/ (build_env_manager.cpp:347)
2026-08-29 10:39:28.529 | info     |    BuildKernels | Using pre-compiled firmware from: /proj_sw/user_dev/ctr-apbernal/tt-metal/tt_metal/pre-compiled/441969805167873259/ (build_env_manager.cpp:347)
2026-08-29 10:39:28.529 | info     |    BuildKernels | Using pre-compiled firmware from: /proj_sw/user_dev/ctr-apbernal/tt-metal/tt_metal/pre-compiled/441969805167873259/ (build_env_manager.cpp:347)
2026-08-29 10:39:28.529 | info     |    BuildKernels | Using pre-compiled firmware from: /proj_sw/user_dev/ctr-apbernal/tt-metal/tt_metal/pre-compiled/441969805167873259/ (build_env_manager.cpp:347)
2026-08-29 10:39:28.529 | info     |    BuildKernels | Using pre-compiled firmware from: /proj_sw/user_dev/ctr-apbernal/tt-metal/tt_metal/pre-compiled/441969805167873259/ (build_env_manager.cpp:347)
2026-08-29 10:39:28.529 | info     |    BuildKernels | Using pre-compiled firmware from: /proj_sw/user_dev/ctr-apbernal/tt-metal/tt_metal/pre-compiled/441969805167873259/ (build_env_manager.cpp:347)
2026-08-29 10:39:28.529 | info     |    BuildKernels | Using pre-compiled firmware from: /proj_sw/user_dev/ctr-apbernal/tt-metal/tt_metal/pre-compiled/441969805167873259/ (build_env_manager.cpp:347)
2026-08-29 10:39:28.529 | info     |    BuildKernels | Using pre-compiled firmware from: /proj_sw/user_dev/ctr-apbernal/tt-metal/tt_metal/pre-compiled/441969805167873259/ (build_env_manager.cpp:347)
2026-08-29 10:39:28.781 | info     |           Metal | Initializing Fabric (fabric_firmware_initializer.cpp:296)
2026-08-29 10:39:29.455 | info     |           Metal | Fabric initialized on Device 0 (device.cpp:550)
2026-08-29 10:39:29.456 | info     |           Metal | Fabric initialized on Device 1 (device.cpp:550)
2026-08-29 10:39:29.457 | info     |           Metal | Fabric initialized on Device 2 (device.cpp:550)
2026-08-29 10:39:29.458 | info     |           Metal | Fabric initialized on Device 3 (device.cpp:550)
2026-08-29 10:39:29.459 | info     |           Metal | Fabric initialized on Device 4 (device.cpp:550)
2026-08-29 10:39:29.461 | info     |           Metal | Fabric initialized on Device 5 (device.cpp:550)
2026-08-29 10:39:29.462 | info     |           Metal | Fabric initialized on Device 6 (device.cpp:550)
2026-08-29 10:39:29.463 | info     |           Metal | Fabric initialized on Device 7 (device.cpp:550)
2026-08-29 10:39:29.464 | info     |           Metal | Fabric initialized on Device 8 (device.cpp:550)
2026-08-29 10:39:29.465 | info     |           Metal | Fabric initialized on Device 9 (device.cpp:550)
2026-08-29 10:39:29.467 | info     |           Metal | Fabric initialized on Device 10 (device.cpp:550)
2026-08-29 10:39:29.468 | info     |           Metal | Fabric initialized on Device 11 (device.cpp:550)
2026-08-29 10:39:29.469 | info     |           Metal | Fabric initialized on Device 12 (device.cpp:550)
2026-08-29 10:39:29.470 | info     |           Metal | Fabric initialized on Device 13 (device.cpp:550)
2026-08-29 10:39:29.471 | info     |           Metal | Fabric initialized on Device 14 (device.cpp:550)
2026-08-29 10:39:29.473 | info     |           Metal | Fabric initialized on Device 15 (device.cpp:550)
2026-08-29 10:39:29.474 | info     |           Metal | Fabric initialized on Device 16 (device.cpp:550)
2026-08-29 10:39:29.475 | info     |           Metal | Fabric initialized on Device 17 (device.cpp:550)
2026-08-29 10:39:29.476 | info     |           Metal | Fabric initialized on Device 18 (device.cpp:550)
2026-08-29 10:39:29.477 | info     |           Metal | Fabric initialized on Device 19 (device.cpp:550)
2026-08-29 10:39:29.478 | info     |           Metal | Fabric initialized on Device 20 (device.cpp:550)
2026-08-29 10:39:29.479 | info     |           Metal | Fabric initialized on Device 21 (device.cpp:550)
2026-08-29 10:39:29.480 | info     |           Metal | Fabric initialized on Device 22 (device.cpp:550)
2026-08-29 10:39:29.482 | info     |           Metal | Fabric initialized on Device 23 (device.cpp:550)
2026-08-29 10:39:29.486 | info     |           Metal | Fabric initialized on Device 24 (device.cpp:550)
2026-08-29 10:39:29.487 | info     |           Metal | Fabric initialized on Device 25 (device.cpp:550)
2026-08-29 10:39:29.488 | info     |           Metal | Fabric initialized on Device 26 (device.cpp:550)
2026-08-29 10:39:29.490 | info     |           Metal | Fabric initialized on Device 27 (device.cpp:550)
2026-08-29 10:39:29.491 | info     |           Metal | Fabric initialized on Device 28 (device.cpp:550)
2026-08-29 10:39:29.492 | info     |           Metal | Fabric initialized on Device 29 (device.cpp:550)
2026-08-29 10:39:29.493 | info     |           Metal | Fabric initialized on Device 30 (device.cpp:550)
2026-08-29 10:39:29.494 | info     |           Metal | Fabric initialized on Device 31 (device.cpp:550)
2026-08-29 10:39:29.494 | info     |           Metal | Fabric initialized on 32 devices (fabric_firmware_initializer.cpp:444)
2026-08-29 10:39:29.494 | info     |           Metal | Fabric Initialized with config FabricConfig::FABRIC_1D_RING (fabric_firmware_initializer.cpp:313)
2026-08-29 10:39:30.672 | info     |           Metal | [Real-time profiler] Device 24 sync complete: 100 samples, frequency=0.985499 GHz, device_time_at_sync=5452867257732 cycles (realtime_profiler_manager.cpp:1398)
2026-08-29 10:39:30.672 | info     |           Metal | [Real-time profiler] Device 28 sync complete: 100 samples, frequency=0.985499 GHz, device_time_at_sync=5449392650250 cycles (realtime_profiler_manager.cpp:1398)
2026-08-29 10:39:30.672 | info     |           Metal | [Real-time profiler] Device 20 sync complete: 100 samples, frequency=0.985505 GHz, device_time_at_sync=5456343705749 cycles (realtime_profiler_manager.cpp:1398)
2026-08-29 10:39:30.672 | info     |           Metal | [Real-time profiler] Device 17 sync complete: 100 samples, frequency=0.985504 GHz, device_time_at_sync=5458976581324 cycles (realtime_profiler_manager.cpp:1398)
2026-08-29 10:39:30.672 | info     |           Metal | [Real-time profiler] Device 25 sync complete: 100 samples, frequency=0.985501 GHz, device_time_at_sync=5452012914724 cycles (realtime_profiler_manager.cpp:1398)
2026-08-29 10:39:30.672 | info     |           Metal | [Real-time profiler] Device 29 sync complete: 100 samples, frequency=0.985499 GHz, device_time_at_sync=5446519550544 cycles (realtime_profiler_manager.cpp:1398)
2026-08-29 10:39:30.672 | info     |           Metal | [Real-time profiler] Device 16 sync complete: 100 samples, frequency=0.985506 GHz, device_time_at_sync=5459867765799 cycles (realtime_profiler_manager.cpp:1398)
2026-08-29 10:39:30.672 | info     |           Metal | [Real-time profiler] Device 21 sync complete: 100 samples, frequency=0.985503 GHz, device_time_at_sync=5453425914698 cycles (realtime_profiler_manager.cpp:1398)
2026-08-29 10:39:30.673 | info     |           Metal | [Real-time profiler] Device 10 sync complete: 100 samples, frequency=0.985501 GHz, device_time_at_sync=5465181251154 cycles (realtime_profiler_manager.cpp:1398)
2026-08-29 10:39:30.673 | info     |           Metal | [Real-time profiler] Device 3 sync complete: 100 samples, frequency=0.985505 GHz, device_time_at_sync=5471259992564 cycles (realtime_profiler_manager.cpp:1398)
2026-08-29 10:39:30.673 | info     |           Metal | [Real-time profiler] Device 2 sync complete: 100 samples, frequency=0.985506 GHz, device_time_at_sync=5472177276899 cycles (realtime_profiler_manager.cpp:1398)
2026-08-29 10:39:30.673 | info     |           Metal | [Real-time profiler] Device 6 sync complete: 100 samples, frequency=0.985504 GHz, device_time_at_sync=5466719455202 cycles (realtime_profiler_manager.cpp:1398)
2026-08-29 10:39:30.673 | info     |           Metal | [Real-time profiler] Device 22 sync complete: 100 samples, frequency=0.985507 GHz, device_time_at_sync=5452587991901 cycles (realtime_profiler_manager.cpp:1398)
2026-08-29 10:39:30.673 | info     |           Metal | [Real-time profiler] Device 30 sync complete: 100 samples, frequency=0.985501 GHz, device_time_at_sync=5445653887339 cycles (realtime_profiler_manager.cpp:1398)
2026-08-29 10:39:30.673 | info     |           Metal | [Real-time profiler] Device 23 sync complete: 100 samples, frequency=0.985503 GHz, device_time_at_sync=5451711405976 cycles (realtime_profiler_manager.cpp:1398)
2026-08-29 10:39:30.673 | info     |           Metal | [Real-time profiler] Device 11 sync complete: 100 samples, frequency=0.985500 GHz, device_time_at_sync=5464289767018 cycles (realtime_profiler_manager.cpp:1398)
2026-08-29 10:39:30.673 | info     |           Metal | [Real-time profiler] Device 27 sync complete: 100 samples, frequency=0.985500 GHz, device_time_at_sync=5450230084748 cycles (realtime_profiler_manager.cpp:1398)
2026-08-29 10:39:30.673 | info     |           Metal | [Real-time profiler] Device 26 sync complete: 100 samples, frequency=0.985500 GHz, device_time_at_sync=5451158841060 cycles (realtime_profiler_manager.cpp:1398)
2026-08-29 10:39:30.673 | info     |           Metal | [Real-time profiler] Device 18 sync complete: 100 samples, frequency=0.985505 GHz, device_time_at_sync=5458063892576 cycles (realtime_profiler_manager.cpp:1398)
2026-08-29 10:39:30.673 | info     |           Metal | [Real-time profiler] Device 31 sync complete: 100 samples, frequency=0.985500 GHz, device_time_at_sync=5444776293433 cycles (realtime_profiler_manager.cpp:1398)
2026-08-29 10:39:30.673 | info     |           Metal | [Real-time profiler] Device 14 sync complete: 100 samples, frequency=0.985498 GHz, device_time_at_sync=5459772722640 cycles (realtime_profiler_manager.cpp:1398)
2026-08-29 10:39:30.673 | info     |           Metal | [Real-time profiler] Device 19 sync complete: 100 samples, frequency=0.985506 GHz, device_time_at_sync=5457185652928 cycles (realtime_profiler_manager.cpp:1398)
2026-08-29 10:39:30.673 | info     |           Metal | [Real-time profiler] Device 15 sync complete: 100 samples, frequency=0.985499 GHz, device_time_at_sync=5458771830756 cycles (realtime_profiler_manager.cpp:1398)
2026-08-29 10:39:30.673 | info     |           Metal | [Real-time profiler] Device 7 sync complete: 100 samples, frequency=0.985505 GHz, device_time_at_sync=5465820939838 cycles (realtime_profiler_manager.cpp:1398)
2026-08-29 10:39:30.673 | info     |           Metal | [Real-time profiler] Device 1 sync complete: 100 samples, frequency=0.985504 GHz, device_time_at_sync=5473030565401 cycles (realtime_profiler_manager.cpp:1398)
2026-08-29 10:39:30.673 | info     |           Metal | [Real-time profiler] Device 12 sync complete: 100 samples, frequency=0.985499 GHz, device_time_at_sync=5463410431929 cycles (realtime_profiler_manager.cpp:1398)
2026-08-29 10:39:30.674 | info     |           Metal | [Real-time profiler] Device 13 sync complete: 100 samples, frequency=0.985499 GHz, device_time_at_sync=5460532024923 cycles (realtime_profiler_manager.cpp:1398)
2026-08-29 10:39:30.674 | info     |           Metal | [Real-time profiler] Device 5 sync complete: 100 samples, frequency=0.985505 GHz, device_time_at_sync=5467525137566 cycles (realtime_profiler_manager.cpp:1398)
2026-08-29 10:39:30.674 | info     |           Metal | [Real-time profiler] Device 0 sync complete: 100 samples, frequency=0.985504 GHz, device_time_at_sync=5473895771222 cycles (realtime_profiler_manager.cpp:1398)
2026-08-29 10:39:30.674 | info     |           Metal | [Real-time profiler] Device 9 sync complete: 100 samples, frequency=0.985498 GHz, device_time_at_sync=5466053686908 cycles (realtime_profiler_manager.cpp:1398)
2026-08-29 10:39:30.674 | info     |           Metal | [Real-time profiler] Device 8 sync complete: 100 samples, frequency=0.985499 GHz, device_time_at_sync=5466869793122 cycles (realtime_profiler_manager.cpp:1398)
2026-08-29 10:39:30.674 | info     |           Metal | [Real-time profiler] Device 4 sync complete: 100 samples, frequency=0.985505 GHz, device_time_at_sync=5470369718786 cycles (realtime_profiler_manager.cpp:1398)
2026-08-29 10:39:31.011 | DEBUG    | conftest:mesh_device:630 - multidevice with 32 devices is created
2026-08-29 10:39:31.050 | INFO     | models.demos.llama3_70b_galaxy.demo.text_qwen_demo:test_qwen_demo_text:597 - The decode generation will only stop at the max_generated_tokens limit == 128
2026-08-29 10:39:31.050 | INFO     | models.demos.llama3_70b_galaxy.demo.text_qwen_demo:test_qwen_demo_text:608 - Start profiler
2026-08-29 10:39:31.050 | INFO     | models.demos.llama3_70b_galaxy.demo.text_qwen_demo:test_qwen_demo_text:612 - Reading inputs...
2026-08-29 10:39:31.054 | INFO     | models.demos.llama3_70b_galaxy.demo.text_qwen_demo:test_qwen_demo_text:628 - Attempting to load expected outputs from: models/demos/llama3_70b_galaxy/demo/qwen_outputs_batch_1.json
2026-08-29 10:39:31.054 | INFO     | models.demos.llama3_70b_galaxy.demo.text_qwen_demo:test_qwen_demo_text:641 - Successfully loaded 5 expected string outputs from models/demos/llama3_70b_galaxy/demo/qwen_outputs_batch_1.json
2026-08-29 10:39:31.079 | INFO     | models.demos.llama3_70b_galaxy.tt.qwen_model_config:__init__:245 - Checkpoint directory: Qwen/Qwen3-32B
2026-08-29 10:39:31.079 | INFO     | models.demos.llama3_70b_galaxy.tt.qwen_model_config:__init__:246 - Tokenizer file: Qwen/Qwen3-32B/tokenizer.model
2026-08-29 10:39:31.079 | INFO     | models.demos.llama3_70b_galaxy.tt.qwen_model_config:__init__:247 - Cache directory: /localdev/ctr-apbernal/tt_cache/Qwen/Qwen3-32B/TG
Warning: You are sending unauthenticated requests to the HF Hub. Please set a HF_TOKEN to enable higher rate limits and faster downloads.
2026-08-29 10:39:31.244 | INFO     | models.demos.llama3_70b_galaxy.tt.qwen_model_config:_set_params_from_dict:1726 - Model name from params: Qwen3-32B
Could not cache non-existence of file. Will ignore error and continue. Error: [Errno 13] Permission denied: '/localdev/ctr-apbernal/hf_data/hub/models--Qwen--Qwen3-32B/.no_exist'
Could not cache non-existence of file. Will ignore error and continue. Error: [Errno 13] Permission denied: '/localdev/ctr-apbernal/hf_data/hub/models--Qwen--Qwen3-32B/.no_exist'
Could not cache non-existence of file. Will ignore error and continue. Error: [Errno 13] Permission denied: '/localdev/ctr-apbernal/hf_data/hub/models--Qwen--Qwen3-32B/.no_exist'
2026-08-29 10:39:32.969 | INFO     | models.demos.llama3_70b_galaxy.tt.qwen_model_config:__init__:1519 - Qwen decode interim shard widths: RS_CREATE_HEADS=512, REDUCE_SCATTER=512
Could not cache non-existence of file. Will ignore error and continue. Error: [Errno 13] Permission denied: '/localdev/ctr-apbernal/hf_data/hub/models--Qwen--Qwen3-32B/.no_exist'
Could not cache non-existence of file. Will ignore error and continue. Error: [Errno 13] Permission denied: '/localdev/ctr-apbernal/hf_data/hub/models--Qwen--Qwen3-32B/.no_exist'
Could not cache non-existence of file. Will ignore error and continue. Error: [Errno 13] Permission denied: '/localdev/ctr-apbernal/hf_data/hub/models--Qwen--Qwen3-32B/.no_exist'
Loading weights:   0%|          | 0/707 [00:00<?, ?it/s]Loading weights: 100%|██████████| 707/707 [00:00<00:00, 8114.06it/s]
2026-08-29 10:39:37.909 | DEBUG    | core:from_torch_and_dump:707 - Generating cache for /localdev/ctr-apbernal/tt_cache/Qwen/Qwen3-32B/TG/tensor_cache_bfp8/tok_embeddings.weight_dtype_BFLOAT16_layout_ROW_MAJOR.tensorbin of shape Shape([1, 1, 151936, 1280]), dtype BFLOAT16, layout ROW_MAJOR
2026-08-29 10:39:39.216 | info     |           Metal | Finalize dfb: dfb_offset == base_offset: 80, dfb size: 32, return value: 112 (dataflow_buffer.cpp:1656)
2026-08-29 10:39:39.216 | info     |           Metal | Finalize dfb: dfb_offset == base_offset: 0, dfb size: 0, return value: 0 (dataflow_buffer.cpp:1656)
2026-08-29 10:39:39.216 | info     |           Metal | Finalize dfb: dfb_offset == base_offset: 0, dfb size: 0, return value: 0 (dataflow_buffer.cpp:1656)
2026-08-29 10:39:39.418 | warning  |              Op | ttnn::tilize: Using input shard spec for output tensor because the legacy sharded optimized program factory is being used (tilize_device_operation.cpp:247)
2026-08-29 10:39:39.644 | info     |           Metal | Finalize dfb: dfb_offset == base_offset: 80, dfb size: 32, return value: 112 (dataflow_buffer.cpp:1656)
2026-08-29 10:39:39.644 | info     |           Metal | Finalize dfb: dfb_offset == base_offset: 0, dfb size: 0, return value: 0 (dataflow_buffer.cpp:1656)
2026-08-29 10:39:39.644 | info     |           Metal | Finalize dfb: dfb_offset == base_offset: 0, dfb size: 0, return value: 0 (dataflow_buffer.cpp:1656)
2026-08-29 10:39:39.653 | INFO     | models.demos.llama3_70b_galaxy.tt.prefetcher_common:__init__:33 - Running TtLlamaPrefetcherSetup
  0%|          | 0/64 [00:00<?, ?it/s]2026-08-29 10:39:41.679 | DEBUG    | core:from_torch_and_dump:707 - Generating cache for /localdev/ctr-apbernal/tt_cache/Qwen/Qwen3-32B/TG/tensor_cache_bfp8/layers.0.attention.wqkv_sharded_2d_prefetcher_dtype_BFLOAT8_B_layout_TILE.tensorbin of shape Shape([1, 1, 1280, 1280]), dtype BFLOAT8_B, layout TILE
2026-08-29 10:39:42.152 | DEBUG    | core:from_torch_and_dump:707 - Generating cache for /localdev/ctr-apbernal/tt_cache/Qwen/Qwen3-32B/TG/tensor_cache_bfp8/layers.0.attention.wqkv_sharded_2d_dram_dtype_BFLOAT8_B_layout_TILE.tensorbin of shape Shape([1, 1, 1280, 1280]), dtype BFLOAT8_B, layout TILE
2026-08-29 10:39:42.583 | DEBUG    | core:from_torch_and_dump:707 - Generating cache for /localdev/ctr-apbernal/tt_cache/Qwen/Qwen3-32B/TG/tensor_cache_bfp8/layers.0.attention.wo_width_sharded_2d_prefetcher_dtype_BFLOAT8_B_layout_TILE.tensorbin of shape Shape([1, 1, 1024, 1280]), dtype BFLOAT8_B, layout TILE
2026-08-29 10:39:42.959 | DEBUG    | core:from_torch_and_dump:707 - Generating cache for /localdev/ctr-apbernal/tt_cache/Qwen/Qwen3-32B/TG/tensor_cache_bfp8/layers.0.attention.wo_width_sharded_2d_dram_dtype_BFLOAT8_B_layout_TILE.tensorbin of shape Shape([1, 1, 1024, 1280]), dtype BFLOAT8_B, layout TILE
2026-08-29 10:39:43.359 | DEBUG    | core:from_torch_and_dump:707 - Generating cache for /localdev/ctr-apbernal/tt_cache/Qwen/Qwen3-32B/TG/tensor_cache_bfp8/layers.0.attention.wo_col_sharded_dram_dtype_BFLOAT8_B_layout_TILE.tensorbin of shape Shape([1, 1, 8192, 1280]), dtype BFLOAT8_B, layout TILE
2026-08-29 10:39:43.503 | DEBUG    | core:from_torch_and_dump:707 - Generating cache for /localdev/ctr-apbernal/tt_cache/Qwen/Qwen3-32B/TG/tensor_cache_bfp8/kvcache_torch.Size([2048, 1, 64, 128])_dtype_BFLOAT8_B_layout_TILE.tensorbin of shape Shape([2048, 1, 64, 128]), dtype BFLOAT8_B, layout TILE
2026-08-29 10:39:43.524 | DEBUG    | core:as_tensor:724 - Loaded cache for /localdev/ctr-apbernal/tt_cache/Qwen/Qwen3-32B/TG/tensor_cache_bfp8/kvcache_torch.Size([2048, 1, 64, 128])_dtype_BFLOAT8_B_layout_TILE.tensorbin of shape Shape([2048, 1, 64, 128])
2026-08-29 10:39:44.019 | DEBUG    | core:from_torch_and_dump:707 - Generating cache for /localdev/ctr-apbernal/tt_cache/Qwen/Qwen3-32B/TG/tensor_cache_bfp8/layers.0.feed_forward.w1_shardedprefetcher_dtype_BFLOAT16_layout_TILE.tensorbin of shape Shape([1, 1, 1280, 3200]), dtype BFLOAT16, layout TILE
2026-08-29 10:39:44.610 | DEBUG    | core:from_torch_and_dump:707 - Generating cache for /localdev/ctr-apbernal/tt_cache/Qwen/Qwen3-32B/TG/tensor_cache_bfp8/layers.0.feed_forward.w2_shardedprefetcher_dtype_BFLOAT16_layout_TILE.tensorbin of shape Shape([1, 1, 3200, 1280]), dtype BFLOAT16, layout TILE
2026-08-29 10:39:45.204 | DEBUG    | core:from_torch_and_dump:707 - Generating cache for /localdev/ctr-apbernal/tt_cache/Qwen/Qwen3-32B/TG/tensor_cache_bfp8/layers.0.feed_forward.w3_shardedprefetcher_dtype_BFLOAT16_layout_TILE.tensorbin of shape Shape([1, 1, 1280, 3200]), dtype BFLOAT16, layout TILE
2026-08-29 10:39:46.447 | DEBUG    | core:from_torch_and_dump:707 - Generating cache for /localdev/ctr-apbernal/tt_cache/Qwen/Qwen3-32B/TG/tensor_cache_bfp8/layers.0.feed_forward.w1_interleavedprefetcher_dtype_BFLOAT8_B_layout_TILE.tensorbin of shape Shape([1, 1, 1280, 3200]), dtype BFLOAT8_B, layout TILE
2026-08-29 10:39:47.662 | DEBUG    | core:from_torch_and_dump:707 - Generating cache for /localdev/ctr-apbernal/tt_cache/Qwen/Qwen3-32B/TG/tensor_cache_bfp8/layers.0.feed_forward.w2_interleavedprefetcher_dtype_BFLOAT8_B_layout_TILE.tensorbin of shape Shape([1, 1, 3200, 1280]), dtype BFLOAT8_B, layout TILE
2026-08-29 10:39:48.861 | DEBUG    | core:from_torch_and_dump:707 - Generating cache for /localdev/ctr-apbernal/tt_cache/Qwen/Qwen3-32B/TG/tensor_cache_bfp8/layers.0.feed_forward.w3_interleavedprefetcher_dtype_BFLOAT8_B_layout_TILE.tensorbin of shape Shape([1, 1, 1280, 3200]), dtype BFLOAT8_B, layout TILE
2026-08-29 10:39:48.927 | DEBUG    | core:from_torch_and_dump:707 - Generating cache for /localdev/ctr-apbernal/tt_cache/Qwen/Qwen3-32B/TG/tensor_cache_bfp8/layers.0.attention_norm.weight_dtype_BFLOAT16_layout_ROW_MAJOR.tensorbin of shape Shape([1, 1, 160, 32]), dtype BFLOAT16, layout ROW_MAJOR
2026-08-29 10:39:48.928 | DEBUG    | core:from_torch_and_dump:707 - Generating cache for /localdev/ctr-apbernal/tt_cache/Qwen/Qwen3-32B/TG/tensor_cache_bfp8/layers.0.attention_norm.weight_distributed_dtype_BFLOAT16_layout_ROW_MAJOR.tensorbin of shape Shape([1, 1, 40, 32]), dtype BFLOAT16, layout ROW_MAJOR
2026-08-29 10:39:48.929 | DEBUG    | core:from_torch_and_dump:707 - Generating cache for /localdev/ctr-apbernal/tt_cache/Qwen/Qwen3-32B/TG/tensor_cache_bfp8/layers.0.ffn_norm.weight_dtype_BFLOAT16_layout_ROW_MAJOR.tensorbin of shape Shape([1, 1, 160, 32]), dtype BFLOAT16, layout ROW_MAJOR
2026-08-29 10:39:48.929 | DEBUG    | core:from_torch_and_dump:707 - Generating cache for /localdev/ctr-apbernal/tt_cache/Qwen/Qwen3-32B/TG/tensor_cache_bfp8/layers.0.ffn_norm.weight_distributed_dtype_BFLOAT16_layout_ROW_MAJOR.tensorbin of shape Shape([1, 1, 40, 32]), dtype BFLOAT16, layout ROW_MAJOR
  2%|▏         | 1/64 [00:07<08:06,  7.71s/it]2026-08-29 10:39:49.386 | DEBUG    | core:from_torch_and_dump:707 - Generating cache for /localdev/ctr-apbernal/tt_cache/Qwen/Qwen3-32B/TG/tensor_cache_bfp8/layers.1.attention.wqkv_sharded_2d_prefetcher_dtype_BFLOAT8_B_layout_TILE.tensorbin of shape Shape([1, 1, 1280, 1280]), dtype BFLOAT8_B, layout TILE
2026-08-29 10:39:49.856 | DEBUG    | core:from_torch_and_dump:707 - Generating cache for /localdev/ctr-apbernal/tt_cache/Qwen/Qwen3-32B/TG/tensor_cache_bfp8/layers.1.attention.wqkv_sharded_2d_dram_dtype_BFLOAT8_B_layout_TILE.tensorbin of shape Shape([1, 1, 1280, 1280]), dtype BFLOAT8_B, layout TILE
2026-08-29 10:39:50.287 | DEBUG    | core:from_torch_and_dump:707 - Generating cache for /localdev/ctr-apbernal/tt_cache/Qwen/Qwen3-32B/TG/tensor_cache_bfp8/layers.1.attention.wo_width_sharded_2d_prefetcher_dtype_BFLOAT8_B_layout_TILE.tensorbin of shape Shape([1, 1, 1024, 1280]), dtype BFLOAT8_B, layout TILE
2026-08-29 10:39:50.662 | DEBUG    | core:from_torch_and_dump:707 - Generating cache for /localdev/ctr-apbernal/tt_cache/Qwen/Qwen3-32B/TG/tensor_cache_bfp8/layers.1.attention.wo_width_sharded_2d_dram_dtype_BFLOAT8_B_layout_TILE.tensorbin of shape Shape([1, 1, 1024, 1280]), dtype BFLOAT8_B, layout TILE
2026-08-29 10:39:51.062 | DEBUG    | core:from_torch_and_dump:707 - Generating cache for /localdev/ctr-apbernal/tt_cache/Qwen/Qwen3-32B/TG/tensor_cache_bfp8/layers.1.attention.wo_col_sharded_dram_dtype_BFLOAT8_B_layout_TILE.tensorbin of shape Shape([1, 1, 8192, 1280]), dtype BFLOAT8_B, layout TILE
2026-08-29 10:39:51.115 | DEBUG    | core:as_tensor:724 - Loaded cache for /localdev/ctr-apbernal/tt_cache/Qwen/Qwen3-32B/TG/tensor_cache_bfp8/kvcache_torch.Size([2048, 1, 64, 128])_dtype_BFLOAT8_B_layout_TILE.tensorbin of shape Shape([2048, 1, 64, 128])
2026-08-29 10:39:51.121 | DEBUG    | core:as_tensor:724 - Loaded cache for /localdev/ctr-apbernal/tt_cache/Qwen/Qwen3-32B/TG/tensor_cache_bfp8/kvcache_torch.Size([2048, 1, 64, 128])_dtype_BFLOAT8_B_layout_TILE.tensorbin of shape Shape([2048, 1, 64, 128])
2026-08-29 10:39:51.602 | DEBUG    | core:from_torch_and_dump:707 - Generating cache for /localdev/ctr-apbernal/tt_cache/Qwen/Qwen3-32B/TG/tensor_cache_bfp8/layers.1.feed_forward.w1_shardedprefetcher_dtype_BFLOAT16_layout_TILE.tensorbin of shape Shape([1, 1, 1280, 3200]), dtype BFLOAT16, layout TILE
2026-08-29 10:39:52.186 | DEBUG    | core:from_torch_and_dump:707 - Generating cache for /localdev/ctr-apbernal/tt_cache/Qwen/Qwen3-32B/TG/tensor_cache_bfp8/layers.1.feed_forward.w2_shardedprefetcher_dtype_BFLOAT16_layout_TILE.tensorbin of shape Shape([1, 1, 3200, 1280]), dtype BFLOAT16, layout TILE
2026-08-29 10:39:52.776 | DEBUG    | core:from_torch_and_dump:707 - Generating cache for /localdev/ctr-apbernal/tt_cache/Qwen/Qwen3-32B/TG/tensor_cache_bfp8/layers.1.feed_forward.w3_shardedprefetcher_dtype_BFLOAT16_layout_TILE.tensorbin of shape Shape([1, 1, 1280, 3200]), dtype BFLOAT16, layout TILE
2026-08-29 10:39:53.984 | DEBUG    | core:from_torch_and_dump:707 - Generating cache for /localdev/ctr-apbernal/tt_cache/Qwen/Qwen3-32B/TG/tensor_cache_bfp8/layers.1.feed_forward.w1_interleavedprefetcher_dtype_BFLOAT8_B_layout_TILE.tensorbin of shape Shape([1, 1, 1280, 3200]), dtype BFLOAT8_B, layout TILE
2026-08-29 10:39:55.193 | DEBUG    | core:from_torch_and_dump:707 - Generating cache for /localdev/ctr-apbernal/tt_cache/Qwen/Qwen3-32B/TG/tensor_cache_bfp8/layers.1.feed_forward.w2_interleavedprefetcher_dtype_BFLOAT8_B_layout_TILE.tensorbin of shape Shape([1, 1, 3200, 1280]), dtype BFLOAT8_B, layout TILE
2026-08-29 10:39:56.340 | DEBUG    | core:from_torch_and_dump:707 - Generating cache for /localdev/ctr-apbernal/tt_cache/Qwen/Qwen3-32B/TG/tensor_cache_bfp8/layers.1.feed_forward.w3_interleavedprefetcher_dtype_BFLOAT8_B_layout_TILE.tensorbin of shape Shape([1, 1, 1280, 3200]), dtype BFLOAT8_B, layout TILE
2026-08-29 10:39:56.404 | DEBUG    | core:from_torch_and_dump:707 - Generating cache for /localdev/ctr-apbernal/tt_cache/Qwen/Qwen3-32B/TG/tensor_cache_bfp8/layers.1.attention_norm.weight_dtype_BFLOAT16_layout_ROW_MAJOR.tensorbin of shape Shape([1, 1, 160, 32]), dtype BFLOAT16, layout ROW_MAJOR
2026-08-29 10:39:56.405 | DEBUG    | core:from_torch_and_dump:707 - Generating cache for /localdev/ctr-apbernal/tt_cache/Qwen/Qwen3-32B/TG/tensor_cache_bfp8/layers.1.attention_norm.weight_distributed_dtype_BFLOAT16_layout_ROW_MAJOR.tensorbin of shape Shape([1, 1, 40, 32]), dtype BFLOAT16, layout ROW_MAJOR
2026-08-29 10:39:56.405 | DEBUG    | core:from_torch_and_dump:707 - Generating cache for /localdev/ctr-apbernal/tt_cache/Qwen/Qwen3-32B/TG/tensor_cache_bfp8/layers.1.ffn_norm.weight_dtype_BFLOAT16_layout_ROW_MAJOR.tensorbin of shape Shape([1, 1, 160, 32]), dtype BFLOAT16, layout ROW_MAJOR
2026-08-29 10:39:56.406 | DEBUG    | core:from_torch_and_dump:707 - Generating cache for /localdev/ctr-apbernal/tt_cache/Qwen/Qwen3-32B/TG/tensor_cache_bfp8/layers.1.ffn_norm.weight_distributed_dtype_BFLOAT16_layout_ROW_MAJOR.tensorbin of shape Shape([1, 1, 40, 32]), dtype BFLOAT16, layout ROW_MAJOR
  3%|▎         | 2/64 [00:15<07:49,  7.57s/it]2026-08-29 10:39:56.863 | DEBUG    | core:from_torch_and_dump:707 - Generating cache for /localdev/ctr-apbernal/tt_cache/Qwen/Qwen3-32B/TG/tensor_cache_bfp8/layers.2.attention.wqkv_sharded_2d_prefetcher_dtype_BFLOAT8_B_layout_TILE.tensorbin of shape Shape([1, 1, 1280, 1280]), dtype BFLOAT8_B, layout TILE
2026-08-29 10:39:57.331 | DEBUG    | core:from_torch_and_dump:707 - Generating cache for /localdev/ctr-apbernal/tt_cache/Qwen/Qwen3-32B/TG/tensor_cache_bfp8/layers.2.attention.wqkv_sharded_2d_dram_dtype_BFLOAT8_B_layout_TILE.tensorbin of shape Shape([1, 1, 1280, 1280]), dtype BFLOAT8_B, layout TILE
2026-08-29 10:39:57.757 | DEBUG    | core:from_torch_and_dump:707 - Generating cache for /localdev/ctr-apbernal/tt_cache/Qwen/Qwen3-32B/TG/tensor_cache_bfp8/layers.2.attention.wo_width_sharded_2d_prefetcher_dtype_BFLOAT8_B_layout_TILE.tensorbin of shape Shape([1, 1, 1024, 1280]), dtype BFLOAT8_B, layout TILE
2026-08-29 10:39:58.128 | DEBUG    | core:from_torch_and_dump:707 - Generating cache for /localdev/ctr-apbernal/tt_cache/Qwen/Qwen3-32B/TG/tensor_cache_bfp8/layers.2.attention.wo_width_sharded_2d_dram_dtype_BFLOAT8_B_layout_TILE.tensorbin of shape Shape([1, 1, 1024, 1280]), dtype BFLOAT8_B, layout TILE
2026-08-29 10:39:58.522 | DEBUG    | core:from_torch_and_dump:707 - Generating cache for /localdev/ctr-apbernal/tt_cache/Qwen/Qwen3-32B/TG/tensor_cache_bfp8/layers.2.attention.wo_col_sharded_dram_dtype_BFLOAT8_B_layout_TILE.tensorbin of shape Shape([1, 1, 8192, 1280]), dtype BFLOAT8_B, layout TILE
2026-08-29 10:39:58.573 | DEBUG    | core:as_tensor:724 - Loaded cache for /localdev/ctr-apbernal/tt_cache/Qwen/Qwen3-32B/TG/tensor_cache_bfp8/kvcache_torch.Size([2048, 1, 64, 128])_dtype_BFLOAT8_B_layout_TILE.tensorbin of shape Shape([2048, 1, 64, 128])
2026-08-29 10:39:58.580 | DEBUG    | core:as_tensor:724 - Loaded cache for /localdev/ctr-apbernal/tt_cache/Qwen/Qwen3-32B/TG/tensor_cache_bfp8/kvcache_torch.Size([2048, 1, 64, 128])_dtype_BFLOAT8_B_layout_TILE.tensorbin of shape Shape([2048, 1, 64, 128])
2026-08-29 10:39:59.061 | DEBUG    | core:from_torch_and_dump:707 - Generating cache for /localdev/ctr-apbernal/tt_cache/Qwen/Qwen3-32B/TG/tensor_cache_bfp8/layers.2.feed_forward.w1_shardedprefetcher_dtype_BFLOAT16_layout_TILE.tensorbin of shape Shape([1, 1, 1280, 3200]), dtype BFLOAT16, layout TILE
2026-08-29 10:39:59.638 | DEBUG    | core:from_torch_and_dump:707 - Generating cache for /localdev/ctr-apbernal/tt_cache/Qwen/Qwen3-32B/TG/tensor_cache_bfp8/layers.2.feed_forward.w2_shardedprefetcher_dtype_BFLOAT16_layout_TILE.tensorbin of shape Shape([1, 1, 3200, 1280]), dtype BFLOAT16, layout TILE
2026-08-29 10:40:00.216 | DEBUG    | core:from_torch_and_dump:707 - Generating cache for /localdev/ctr-apbernal/tt_cache/Qwen/Qwen3-32B/TG/tensor_cache_bfp8/layers.2.feed_forward.w3_shardedprefetcher_dtype_BFLOAT16_layout_TILE.tensorbin of shape Shape([1, 1, 1280, 3200]), dtype BFLOAT16, layout TILE
2026-08-29 10:40:01.401 | DEBUG    | core:from_torch_and_dump:707 - Generating cache for /localdev/ctr-apbernal/tt_cache/Qwen/Qwen3-32B/TG/tensor_cache_bfp8/layers.2.feed_forward.w1_interleavedprefetcher_dtype_BFLOAT8_B_layout_TILE.tensorbin of shape Shape([1, 1, 1280, 3200]), dtype BFLOAT8_B, layout TILE
2026-08-29 10:40:02.867 | DEBUG    | core:from_torch_and_dump:707 - Generating cache for /localdev/ctr-apbernal/tt_cache/Qwen/Qwen3-32B/TG/tensor_cache_bfp8/layers.2.feed_forward.w2_interleavedprefetcher_dtype_BFLOAT8_B_layout_TILE.tensorbin of shape Shape([1, 1, 3200, 1280]), dtype BFLOAT8_B, layout TILE
2026-08-29 10:40:03.999 | DEBUG    | core:from_torch_and_dump:707 - Generating cache for /localdev/ctr-apbernal/tt_cache/Qwen/Qwen3-32B/TG/tensor_cache_bfp8/layers.2.feed_forward.w3_interleavedprefetcher_dtype_BFLOAT8_B_layout_TILE.tensorbin of shape Shape([1, 1, 1280, 3200]), dtype BFLOAT8_B, layout TILE
2026-08-29 10:40:04.061 | DEBUG    | core:from_torch_and_dump:707 - Generating cache for /localdev/ctr-apbernal/tt_cache/Qwen/Qwen3-32B/TG/tensor_cache_bfp8/layers.2.attention_norm.weight_dtype_BFLOAT16_layout_ROW_MAJOR.tensorbin of shape Shape([1, 1, 160, 32]), dtype BFLOAT16, layout ROW_MAJOR
2026-08-29 10:40:04.062 | DEBUG    | core:from_torch_and_dump:707 - Generating cache for /localdev/ctr-apbernal/tt_cache/Qwen/Qwen3-32B/TG/tensor_cache_bfp8/layers.2.attention_norm.weight_distributed_dtype_BFLOAT16_layout_ROW_MAJOR.tensorbin of shape Shape([1, 1, 40, 32]), dtype BFLOAT16, layout ROW_MAJOR
2026-08-29 10:40:04.062 | DEBUG    | core:from_torch_and_dump:707 - Generating cache for /localdev/ctr-apbernal/tt_cache/Qwen/Qwen3-32B/TG/tensor_cache_bfp8/layers.2.ffn_norm.weight_dtype_BFLOAT16_layout_ROW_MAJOR.tensorbin of shape Shape([1, 1, 160, 32]), dtype BFLOAT16, layout ROW_MAJOR
2026-08-29 10:40:04.063 | DEBUG    | core:from_torch_and_dump:707 - Generating cache for /localdev/ctr-apbernal/tt_cache/Qwen/Qwen3-32B/TG/tensor_cache_bfp8/layers.2.ffn_norm.weight_distributed_dtype_BFLOAT16_layout_ROW_MAJOR.tensorbin of shape Shape([1, 1, 40, 32]), dtype BFLOAT16, layout ROW_MAJOR
  5%|▍         | 3/64 [00:22<07:44,  7.61s/it]2026-08-29 10:40:04.517 | DEBUG    | core:from_torch_and_dump:707 - Generating cache for /localdev/ctr-apbernal/tt_cache/Qwen/Qwen3-32B/TG/tensor_cache_bfp8/layers.3.attention.wqkv_sharded_2d_prefetcher_dtype_BFLOAT8_B_layout_TILE.tensorbin of shape Shape([1, 1, 1280, 1280]), dtype BFLOAT8_B, layout TILE
2026-08-29 10:40:04.970 | DEBUG    | core:from_torch_and_dump:707 - Generating cache for /localdev/ctr-apbernal/tt_cache/Qwen/Qwen3-32B/TG/tensor_cache_bfp8/layers.3.attention.wqkv_sharded_2d_dram_dtype_BFLOAT8_B_layout_TILE.tensorbin of shape Shape([1, 1, 1280, 1280]), dtype BFLOAT8_B, layout TILE
2026-08-29 10:40:05.380 | DEBUG    | core:from_torch_and_dump:707 - Generating cache for /localdev/ctr-apbernal/tt_cache/Qwen/Qwen3-32B/TG/tensor_cache_bfp8/layers.3.attention.wo_width_sharded_2d_prefetcher_dtype_BFLOAT8_B_layout_TILE.tensorbin of shape Shape([1, 1, 1024, 1280]), dtype BFLOAT8_B, layout TILE
2026-08-29 10:40:05.754 | DEBUG    | core:from_torch_and_dump:707 - Generating cache for /localdev/ctr-apbernal/tt_cache/Qwen/Qwen3-32B/TG/tensor_cache_bfp8/layers.3.attention.wo_width_sharded_2d_dram_dtype_BFLOAT8_B_layout_TILE.tensorbin of shape Shape([1, 1, 1024, 1280]), dtype BFLOAT8_B, layout TILE
2026-08-29 10:40:06.147 | DEBUG    | core:from_torch_and_dump:707 - Generating cache for /localdev/ctr-apbernal/tt_cache/Qwen/Qwen3-32B/TG/tensor_cache_bfp8/layers.3.attention.wo_col_sharded_dram_dtype_BFLOAT8_B_layout_TILE.tensorbin of shape Shape([1, 1, 8192, 1280]), dtype BFLOAT8_B, layout TILE
2026-08-29 10:40:06.200 | DEBUG    | core:as_tensor:724 - Loaded cache for /localdev/ctr-apbernal/tt_cache/Qwen/Qwen3-32B/TG/tensor_cache_bfp8/kvcache_torch.Size([2048, 1, 64, 128])_dtype_BFLOAT8_B_layout_TILE.tensorbin of shape Shape([2048, 1, 64, 128])
2026-08-29 10:40:06.206 | DEBUG    | core:as_tensor:724 - Loaded cache for /localdev/ctr-apbernal/tt_cache/Qwen/Qwen3-32B/TG/tensor_cache_bfp8/kvcache_torch.Size([2048, 1, 64, 128])_dtype_BFLOAT8_B_layout_TILE.tensorbin of shape Shape([2048, 1, 64, 128])
2026-08-29 10:40:06.681 | DEBUG    | core:from_torch_and_dump:707 - Generating cache for /localdev/ctr-apbernal/tt_cache/Qwen/Qwen3-32B/TG/tensor_cache_bfp8/layers.3.feed_forward.w1_shardedprefetcher_dtype_BFLOAT16_layout_TILE.tensorbin of shape Shape([1, 1, 1280, 3200]), dtype BFLOAT16, layout TILE
2026-08-29 10:40:07.249 | DEBUG    | core:from_torch_and_dump:707 - Generating cache for /localdev/ctr-apbernal/tt_cache/Qwen/Qwen3-32B/TG/tensor_cache_bfp8/layers.3.feed_forward.w2_shardedprefetcher_dtype_BFLOAT16_layout_TILE.tensorbin of shape Shape([1, 1, 3200, 1280]), dtype BFLOAT16, layout TILE
2026-08-29 10:40:07.824 | DEBUG    | core:from_torch_and_dump:707 - Generating cache for /localdev/ctr-apbernal/tt_cache/Qwen/Qwen3-32B/TG/tensor_cache_bfp8/layers.3.feed_forward.w3_shardedprefetcher_dtype_BFLOAT16_layout_TILE.tensorbin of shape Shape([1, 1, 1280, 3200]), dtype BFLOAT16, layout TILE
2026-08-29 10:40:09.036 | DEBUG    | core:from_torch_and_dump:707 - Generating cache for /localdev/ctr-apbernal/tt_cache/Qwen/Qwen3-32B/TG/tensor_cache_bfp8/layers.3.feed_forward.w1_interleavedprefetcher_dtype_BFLOAT8_B_layout_TILE.tensorbin of shape Shape([1, 1, 1280, 3200]), dtype BFLOAT8_B, layout TILE
2026-08-29 10:40:10.237 | DEBUG    | core:from_torch_and_dump:707 - Generating cache for /localdev/ctr-apbernal/tt_cache/Qwen/Qwen3-32B/TG/tensor_cache_bfp8/layers.3.feed_forward.w2_interleavedprefetcher_dtype_BFLOAT8_B_layout_TILE.tensorbin of shape Shape([1, 1, 3200, 1280]), dtype BFLOAT8_B, layout TILE
2026-08-29 10:40:11.407 | DEBUG    | core:from_torch_and_dump:707 - Generating cache for /localdev/ctr-apbernal/tt_cache/Qwen/Qwen3-32B/TG/tensor_cache_bfp8/layers.3.feed_forward.w3_interleavedprefetcher_dtype_BFLOAT8_B_layout_TILE.tensorbin of shape Shape([1, 1, 1280, 3200]), dtype BFLOAT8_B, layout TILE
2026-08-29 10:40:11.469 | DEBUG    | core:from_torch_and_dump:707 - Generating cache for /localdev/ctr-apbernal/tt_cache/Qwen/Qwen3-32B/TG/tensor_cache_bfp8/layers.3.attention_norm.weight_dtype_BFLOAT16_layout_ROW_MAJOR.tensorbin of shape Shape([1, 1, 160, 32]), dtype BFLOAT16, layout ROW_MAJOR
2026-08-29 10:40:11.470 | DEBUG    | core:from_torch_and_dump:707 - Generating cache for /localdev/ctr-apbernal/tt_cache/Qwen/Qwen3-32B/TG/tensor_cache_bfp8/layers.3.attention_norm.weight_distributed_dtype_BFLOAT16_layout_ROW_MAJOR.tensorbin of shape Shape([1, 1, 40, 32]), dtype BFLOAT16, layout ROW_MAJOR
2026-08-29 10:40:11.471 | DEBUG    | core:from_torch_and_dump:707 - Generating cache for /localdev/ctr-apbernal/tt_cache/Qwen/Qwen3-32B/TG/tensor_cache_bfp8/layers.3.ffn_norm.weight_dtype_BFLOAT16_layout_ROW_MAJOR.tensorbin of shape Shape([1, 1, 160, 32]), dtype BFLOAT16, layout ROW_MAJOR
2026-08-29 10:40:11.471 | DEBUG    | core:from_torch_and_dump:707 - Generating cache for /localdev/ctr-apbernal/tt_cache/Qwen/Qwen3-32B/TG/tensor_cache_bfp8/layers.3.ffn_norm.weight_distributed_dtype_BFLOAT16_layout_ROW_MAJOR.tensorbin of shape Shape([1, 1, 40, 32]), dtype BFLOAT16, layout ROW_MAJOR
  6%|▋         | 4/64 [00:30<07:31,  7.53s/it]2026-08-29 10:40:11.914 | DEBUG    | core:from_torch_and_dump:707 - Generating cache for /localdev/ctr-apbernal/tt_cache/Qwen/Qwen3-32B/TG/tensor_cache_bfp8/layers.4.attention.wqkv_sharded_2d_prefetcher_dtype_BFLOAT8_B_layout_TILE.tensorbin of shape Shape([1, 1, 1280, 1280]), dtype BFLOAT8_B, layout TILE
2026-08-29 10:40:12.367 | DEBUG    | core:from_torch_and_dump:707 - Generating cache for /localdev/ctr-apbernal/tt_cache/Qwen/Qwen3-32B/TG/tensor_cache_bfp8/layers.4.attention.wqkv_sharded_2d_dram_dtype_BFLOAT8_B_layout_TILE.tensorbin of shape Shape([1, 1, 1280, 1280]), dtype BFLOAT8_B, layout TILE
2026-08-29 10:40:12.780 | DEBUG    | core:from_torch_and_dump:707 - Generating cache for /localdev/ctr-apbernal/tt_cache/Qwen/Qwen3-32B/TG/tensor_cache_bfp8/layers.4.attention.wo_width_sharded_2d_prefetcher_dtype_BFLOAT8_B_layout_TILE.tensorbin of shape Shape([1, 1, 1024, 1280]), dtype BFLOAT8_B, layout TILE
2026-08-29 10:40:13.156 | DEBUG    | core:from_torch_and_dump:707 - Generating cache for /localdev/ctr-apbernal/tt_cache/Qwen/Qwen3-32B/TG/tensor_cache_bfp8/layers.4.attention.wo_width_sharded_2d_dram_dtype_BFLOAT8_B_layout_TILE.tensorbin of shape Shape([1, 1, 1024, 1280]), dtype BFLOAT8_B, layout TILE
2026-08-29 10:40:13.553 | DEBUG    | core:from_torch_and_dump:707 - Generating cache for /localdev/ctr-apbernal/tt_cache/Qwen/Qwen3-32B/TG/tensor_cache_bfp8/layers.4.attention.wo_col_sharded_dram_dtype_BFLOAT8_B_layout_TILE.tensorbin of shape Shape([1, 1, 8192, 1280]), dtype BFLOAT8_B, layout TILE
2026-08-29 10:40:13.602 | DEBUG    | core:as_tensor:724 - Loaded cache for /localdev/ctr-apbernal/tt_cache/Qwen/Qwen3-32B/TG/tensor_cache_bfp8/kvcache_torch.Size([2048, 1, 64, 128])_dtype_BFLOAT8_B_layout_TILE.tensorbin of shape Shape([2048, 1, 64, 128])
2026-08-29 10:40:13.610 | DEBUG    | core:as_tensor:724 - Loaded cache for /localdev/ctr-apbernal/tt_cache/Qwen/Qwen3-32B/TG/tensor_cache_bfp8/kvcache_torch.Size([2048, 1, 64, 128])_dtype_BFLOAT8_B_layout_TILE.tensorbin of shape Shape([2048, 1, 64, 128])
2026-08-29 10:40:14.048 | DEBUG    | core:from_torch_and_dump:707 - Generating cache for /localdev/ctr-apbernal/tt_cache/Qwen/Qwen3-32B/TG/tensor_cache_bfp8/layers.4.feed_forward.w1_shardedprefetcher_dtype_BFLOAT16_layout_TILE.tensorbin of shape Shape([1, 1, 1280, 3200]), dtype BFLOAT16, layout TILE
2026-08-29 10:40:14.596 | DEBUG    | core:from_torch_and_dump:707 - Generating cache for /localdev/ctr-apbernal/tt_cache/Qwen/Qwen3-32B/TG/tensor_cache_bfp8/layers.4.feed_forward.w2_shardedprefetcher_dtype_BFLOAT16_layout_TILE.tensorbin of shape Shape([1, 1, 3200, 1280]), dtype BFLOAT16, layout TILE
2026-08-29 10:40:15.169 | DEBUG    | core:from_torch_and_dump:707 - Generating cache for /localdev/ctr-apbernal/tt_cache/Qwen/Qwen3-32B/TG/tensor_cache_bfp8/layers.4.feed_forward.w3_shardedprefetcher_dtype_BFLOAT16_layout_TILE.tensorbin of shape Shape([1, 1, 1280, 3200]), dtype BFLOAT16, layout TILE
2026-08-29 10:40:16.378 | DEBUG    | core:from_torch_and_dump:707 - Generating cache for /localdev/ctr-apbernal/tt_cache/Qwen/Qwen3-32B/TG/tensor_cache_bfp8/layers.4.feed_forward.w1_interleavedprefetcher_dtype_BFLOAT8_B_layout_TILE.tensorbin of shape Shape([1, 1, 1280, 3200]), dtype BFLOAT8_B, layout TILE
2026-08-29 10:40:17.561 | DEBUG    | core:from_torch_and_dump:707 - Generating cache for /localdev/ctr-apbernal/tt_cache/Qwen/Qwen3-32B/TG/tensor_cache_bfp8/layers.4.feed_forward.w2_interleavedprefetcher_dtype_BFLOAT8_B_layout_TILE.tensorbin of shape Shape([1, 1, 3200, 1280]), dtype BFLOAT8_B, layout TILE
2026-08-29 10:40:18.725 | DEBUG    | core:from_torch_and_dump:707 - Generating cache for /localdev/ctr-apbernal/tt_cache/Qwen/Qwen3-32B/TG/tensor_cache_bfp8/layers.4.feed_forward.w3_interleavedprefetcher_dtype_BFLOAT8_B_layout_TILE.tensorbin of shape Shape([1, 1, 1280, 3200]), dtype BFLOAT8_B, layout TILE
2026-08-29 10:40:18.788 | DEBUG    | core:from_torch_and_dump:707 - Generating cache for /localdev/ctr-apbernal/tt_cache/Qwen/Qwen3-32B/TG/tensor_cache_bfp8/layers.4.attention_norm.weight_dtype_BFLOAT16_layout_ROW_MAJOR.tensorbin of shape Shape([1, 1, 160, 32]), dtype BFLOAT16, layout ROW_MAJOR
2026-08-29 10:40:18.789 | DEBUG    | core:from_torch_and_dump:707 - Generating cache for /localdev/ctr-apbernal/tt_cache/Qwen/Qwen3-32B/TG/tensor_cache_bfp8/layers.4.attention_norm.weight_distributed_dtype_BFLOAT16_layout_ROW_MAJOR.tensorbin of shape Shape([1, 1, 40, 32]), dtype BFLOAT16, layout ROW_MAJOR
2026-08-29 10:40:18.790 | DEBUG    | core:from_torch_and_dump:707 - Generating cache for /localdev/ctr-apbernal/tt_cache/Qwen/Qwen3-32B/TG/tensor_cache_bfp8/layers.4.ffn_norm.weight_dtype_BFLOAT16_layout_ROW_MAJOR.tensorbin of shape Shape([1, 1, 160, 32]), dtype BFLOAT16, layout ROW_MAJOR
2026-08-29 10:40:18.790 | DEBUG    | core:from_torch_and_dump:707 - Generating cache for /localdev/ctr-apbernal/tt_cache/Qwen/Qwen3-32B/TG/tensor_cache_bfp8/layers.4.ffn_norm.weight_distributed_dtype_BFLOAT16_layout_ROW_MAJOR.tensorbin of shape Shape([1, 1, 40, 32]), dtype BFLOAT16, layout ROW_MAJOR
  8%|▊         | 5/64 [00:37<07:19,  7.45s/it]2026-08-29 10:40:19.236 | DEBUG    | core:from_torch_and_dump:707 - Generating cache for /localdev/ctr-apbernal/tt_cache/Qwen/Qwen3-32B/TG/tensor_cache_bfp8/layers.5.attention.wqkv_sharded_2d_prefetcher_dtype_BFLOAT8_B_layout_TILE.tensorbin of shape Shape([1, 1, 1280, 1280]), dtype BFLOAT8_B, layout TILE
2026-08-29 10:40:19.686 | DEBUG    | core:from_torch_and_dump:707 - Generating cache for /localdev/ctr-apbernal/tt_cache/Qwen/Qwen3-32B/TG/tensor_cache_bfp8/layers.5.attention.wqkv_sharded_2d_dram_dtype_BFLOAT8_B_layout_TILE.tensorbin of shape Shape([1, 1, 1280, 1280]), dtype BFLOAT8_B, layout TILE
2026-08-29 10:40:20.099 | DEBUG    | core:from_torch_and_dump:707 - Generating cache for /localdev/ctr-apbernal/tt_cache/Qwen/Qwen3-32B/TG/tensor_cache_bfp8/layers.5.attention.wo_width_sharded_2d_prefetcher_dtype_BFLOAT8_B_layout_TILE.tensorbin of shape Shape([1, 1, 1024, 1280]), dtype BFLOAT8_B, layout TILE
2026-08-29 10:40:20.472 | DEBUG    | core:from_torch_and_dump:707 - Generating cache for /localdev/ctr-apbernal/tt_cache/Qwen/Qwen3-32B/TG/tensor_cache_bfp8/layers.5.attention.wo_width_sharded_2d_dram_dtype_BFLOAT8_B_layout_TILE.tensorbin of shape Shape([1, 1, 1024, 1280]), dtype BFLOAT8_B, layout TILE
2026-08-29 10:40:20.864 | DEBUG    | core:from_torch_and_dump:707 - Generating cache for /localdev/ctr-apbernal/tt_cache/Qwen/Qwen3-32B/TG/tensor_cache_bfp8/layers.5.attention.wo_col_sharded_dram_dtype_BFLOAT8_B_layout_TILE.tensorbin of shape Shape([1, 1, 8192, 1280]), dtype BFLOAT8_B, layout TILE
2026-08-29 10:40:20.914 | DEBUG    | core:as_tensor:724 - Loaded cache for /localdev/ctr-apbernal/tt_cache/Qwen/Qwen3-32B/TG/tensor_cache_bfp8/kvcache_torch.Size([2048, 1, 64, 128])_dtype_BFLOAT8_B_layout_TILE.tensorbin of shape Shape([2048, 1, 64, 128])
2026-08-29 10:40:20.921 | DEBUG    | core:as_tensor:724 - Loaded cache for /localdev/ctr-apbernal/tt_cache/Qwen/Qwen3-32B/TG/tensor_cache_bfp8/kvcache_torch.Size([2048, 1, 64, 128])_dtype_BFLOAT8_B_layout_TILE.tensorbin of shape Shape([2048, 1, 64, 128])
2026-08-29 10:40:21.360 | DEBUG    | core:from_torch_and_dump:707 - Generating cache for /localdev/ctr-apbernal/tt_cache/Qwen/Qwen3-32B/TG/tensor_cache_bfp8/layers.5.feed_forward.w1_shardedprefetcher_dtype_BFLOAT16_layout_TILE.tensorbin of shape Shape([1, 1, 1280, 3200]), dtype BFLOAT16, layout TILE
2026-08-29 10:40:21.912 | DEBUG    | core:from_torch_and_dump:707 - Generating cache for /localdev/ctr-apbernal/tt_cache/Qwen/Qwen3-32B/TG/tensor_cache_bfp8/layers.5.feed_forward.w2_shardedprefetcher_dtype_BFLOAT16_layout_TILE.tensorbin of shape Shape([1, 1, 3200, 1280]), dtype BFLOAT16, layout TILE
2026-08-29 10:40:22.467 | DEBUG    | core:from_torch_and_dump:707 - Generating cache for /localdev/ctr-apbernal/tt_cache/Qwen/Qwen3-32B/TG/tensor_cache_bfp8/layers.5.feed_forward.w3_shardedprefetcher_dtype_BFLOAT16_layout_TILE.tensorbin of shape Shape([1, 1, 1280, 3200]), dtype BFLOAT16, layout TILE
2026-08-29 10:40:23.676 | DEBUG    | core:from_torch_and_dump:707 - Generating cache for /localdev/ctr-apbernal/tt_cache/Qwen/Qwen3-32B/TG/tensor_cache_bfp8/layers.5.feed_forward.w1_interleavedprefetcher_dtype_BFLOAT8_B_layout_TILE.tensorbin of shape Shape([1, 1, 1280, 3200]), dtype BFLOAT8_B, layout TILE
2026-08-29 10:40:24.843 | DEBUG    | core:from_torch_and_dump:707 - Generating cache for /localdev/ctr-apbernal/tt_cache/Qwen/Qwen3-32B/TG/tensor_cache_bfp8/layers.5.feed_forward.w2_interleavedprefetcher_dtype_BFLOAT8_B_layout_TILE.tensorbin of shape Shape([1, 1, 3200, 1280]), dtype BFLOAT8_B, layout TILE
2026-08-29 10:40:25.983 | DEBUG    | core:from_torch_and_dump:707 - Generating cache for /localdev/ctr-apbernal/tt_cache/Qwen/Qwen3-32B/TG/tensor_cache_bfp8/layers.5.feed_forward.w3_interleavedprefetcher_dtype_BFLOAT8_B_layout_TILE.tensorbin of shape Shape([1, 1, 1280, 3200]), dtype BFLOAT8_B, layout TILE
2026-08-29 10:40:26.044 | DEBUG    | core:from_torch_and_dump:707 - Generating cache for /localdev/ctr-apbernal/tt_cache/Qwen/Qwen3-32B/TG/tensor_cache_bfp8/layers.5.attention_norm.weight_dtype_BFLOAT16_layout_ROW_MAJOR.tensorbin of shape Shape([1, 1, 160, 32]), dtype BFLOAT16, layout ROW_MAJOR
2026-08-29 10:40:26.045 | DEBUG    | core:from_torch_and_dump:707 - Generating cache for /localdev/ctr-apbernal/tt_cache/Qwen/Qwen3-32B/TG/tensor_cache_bfp8/layers.5.attention_norm.weight_distributed_dtype_BFLOAT16_layout_ROW_MAJOR.tensorbin of shape Shape([1, 1, 40, 32]), dtype BFLOAT16, layout ROW_MAJOR
2026-08-29 10:40:26.045 | DEBUG    | core:from_torch_and_dump:707 - Generating cache for /localdev/ctr-apbernal/tt_cache/Qwen/Qwen3-32B/TG/tensor_cache_bfp8/layers.5.ffn_norm.weight_dtype_BFLOAT16_layout_ROW_MAJOR.tensorbin of shape Shape([1, 1, 160, 32]), dtype BFLOAT16, layout ROW_MAJOR
2026-08-29 10:40:26.046 | DEBUG    | core:from_torch_and_dump:707 - Generating cache for /localdev/ctr-apbernal/tt_cache/Qwen/Qwen3-32B/TG/tensor_cache_bfp8/layers.5.ffn_norm.weight_distributed_dtype_BFLOAT16_layout_ROW_MAJOR.tensorbin of shape Shape([1, 1, 40, 32]), dtype BFLOAT16, layout ROW_MAJOR
  9%|▉         | 6/64 [00:44<07:08,  7.39s/it]2026-08-29 10:40:26.483 | DEBUG    | core:from_torch_and_dump:707 - Generating cache for /localdev/ctr-apbernal/tt_cache/Qwen/Qwen3-32B/TG/tensor_cache_bfp8/layers.6.attention.wqkv_sharded_2d_prefetcher_dtype_BFLOAT8_B_layout_TILE.tensorbin of shape Shape([1, 1, 1280, 1280]), dtype BFLOAT8_B, layout TILE
2026-08-29 10:40:26.930 | DEBUG    | core:from_torch_and_dump:707 - Generating cache for /localdev/ctr-apbernal/tt_cache/Qwen/Qwen3-32B/TG/tensor_cache_bfp8/layers.6.attention.wqkv_sharded_2d_dram_dtype_BFLOAT8_B_layout_TILE.tensorbin of shape Shape([1, 1, 1280, 1280]), dtype BFLOAT8_B, layout TILE
2026-08-29 10:40:27.337 | DEBUG    | core:from_torch_and_dump:707 - Generating cache for /localdev/ctr-apbernal/tt_cache/Qwen/Qwen3-32B/TG/tensor_cache_bfp8/layers.6.attention.wo_width_sharded_2d_prefetcher_dtype_BFLOAT8_B_layout_TILE.tensorbin of shape Shape([1, 1, 1024, 1280]), dtype BFLOAT8_B, layout TILE
2026-08-29 10:40:27.708 | DEBUG    | core:from_torch_and_dump:707 - Generating cache for /localdev/ctr-apbernal/tt_cache/Qwen/Qwen3-32B/TG/tensor_cache_bfp8/layers.6.attention.wo_width_sharded_2d_dram_dtype_BFLOAT8_B_layout_TILE.tensorbin of shape Shape([1, 1, 1024, 1280]), dtype BFLOAT8_B, layout TILE
2026-08-29 10:40:28.101 | DEBUG    | core:from_torch_and_dump:707 - Generating cache for /localdev/ctr-apbernal/tt_cache/Qwen/Qwen3-32B/TG/tensor_cache_bfp8/layers.6.attention.wo_col_sharded_dram_dtype_BFLOAT8_B_layout_TILE.tensorbin of shape Shape([1, 1, 8192, 1280]), dtype BFLOAT8_B, layout TILE
2026-08-29 10:40:28.147 | DEBUG    | core:as_tensor:724 - Loaded cache for /localdev/ctr-apbernal/tt_cache/Qwen/Qwen3-32B/TG/tensor_cache_bfp8/kvcache_torch.Size([2048, 1, 64, 128])_dtype_BFLOAT8_B_layout_TILE.tensorbin of shape Shape([2048, 1, 64, 128])
2026-08-29 10:40:28.154 | DEBUG    | core:as_tensor:724 - Loaded cache for /localdev/ctr-apbernal/tt_cache/Qwen/Qwen3-32B/TG/tensor_cache_bfp8/kvcache_torch.Size([2048, 1, 64, 128])_dtype_BFLOAT8_B_layout_TILE.tensorbin of shape Shape([2048, 1, 64, 128])
2026-08-29 10:40:28.612 | DEBUG    | core:from_torch_and_dump:707 - Generating cache for /localdev/ctr-apbernal/tt_cache/Qwen/Qwen3-32B/TG/tensor_cache_bfp8/layers.6.feed_forward.w1_shardedprefetcher_dtype_BFLOAT16_layout_TILE.tensorbin of shape Shape([1, 1, 1280, 3200]), dtype BFLOAT16, layout TILE
2026-08-29 10:40:29.164 | DEBUG    | core:from_torch_and_dump:707 - Generating cache for /localdev/ctr-apbernal/tt_cache/Qwen/Qwen3-32B/TG/tensor_cache_bfp8/layers.6.feed_forward.w2_shardedprefetcher_dtype_BFLOAT16_layout_TILE.tensorbin of shape Shape([1, 1, 3200, 1280]), dtype BFLOAT16, layout TILE
2026-08-29 10:40:29.724 | DEBUG    | core:from_torch_and_dump:707 - Generating cache for /localdev/ctr-apbernal/tt_cache/Qwen/Qwen3-32B/TG/tensor_cache_bfp8/layers.6.feed_forward.w3_shardedprefetcher_dtype_BFLOAT16_layout_TILE.tensorbin of shape Shape([1, 1, 1280, 3200]), dtype BFLOAT16, layout TILE
2026-08-29 10:40:30.957 | DEBUG    | core:from_torch_and_dump:707 - Generating cache for /localdev/ctr-apbernal/tt_cache/Qwen/Qwen3-32B/TG/tensor_cache_bfp8/layers.6.feed_forward.w1_interleavedprefetcher_dtype_BFLOAT8_B_layout_TILE.tensorbin of shape Shape([1, 1, 1280, 3200]), dtype BFLOAT8_B, layout TILE
2026-08-29 10:40:32.102 | DEBUG    | core:from_torch_and_dump:707 - Generating cache for /localdev/ctr-apbernal/tt_cache/Qwen/Qwen3-32B/TG/tensor_cache_bfp8/layers.6.feed_forward.w2_interleavedprefetcher_dtype_BFLOAT8_B_layout_TILE.tensorbin of shape Shape([1, 1, 3200, 1280]), dtype BFLOAT8_B, layout TILE
2026-08-29 10:40:33.239 | DEBUG    | core:from_torch_and_dump:707 - Generating cache for /localdev/ctr-apbernal/tt_cache/Qwen/Qwen3-32B/TG/tensor_cache_bfp8/layers.6.feed_forward.w3_interleavedprefetcher_dtype_BFLOAT8_B_layout_TILE.tensorbin of shape Shape([1, 1, 1280, 3200]), dtype BFLOAT8_B, layout TILE
2026-08-29 10:40:33.296 | DEBUG    | core:from_torch_and_dump:707 - Generating cache for /localdev/ctr-apbernal/tt_cache/Qwen/Qwen3-32B/TG/tensor_cache_bfp8/layers.6.attention_norm.weight_dtype_BFLOAT16_layout_ROW_MAJOR.tensorbin of shape Shape([1, 1, 160, 32]), dtype BFLOAT16, layout ROW_MAJOR
2026-08-29 10:40:33.296 | DEBUG    | core:from_torch_and_dump:707 - Generating cache for /localdev/ctr-apbernal/tt_cache/Qwen/Qwen3-32B/TG/tensor_cache_bfp8/layers.6.attention_norm.weight_distributed_dtype_BFLOAT16_layout_ROW_MAJOR.tensorbin of shape Shape([1, 1, 40, 32]), dtype BFLOAT16, layout ROW_MAJOR
2026-08-29 10:40:33.297 | DEBUG    | core:from_torch_and_dump:707 - Generating cache for /localdev/ctr-apbernal/tt_cache/Qwen/Qwen3-32B/TG/tensor_cache_bfp8/layers.6.ffn_norm.weight_dtype_BFLOAT16_layout_ROW_MAJOR.tensorbin of shape Shape([1, 1, 160, 32]), dtype BFLOAT16, layout ROW_MAJOR
2026-08-29 10:40:33.297 | DEBUG    | core:from_torch_and_dump:707 - Generating cache for /localdev/ctr-apbernal/tt_cache/Qwen/Qwen3-32B/TG/tensor_cache_bfp8/layers.6.ffn_norm.weight_distributed_dtype_BFLOAT16_layout_ROW_MAJOR.tensorbin of shape Shape([1, 1, 40, 32]), dtype BFLOAT16, layout ROW_MAJOR
 11%|█         | 7/64 [00:52<06:58,  7.34s/it]2026-08-29 10:40:33.745 | DEBUG    | core:from_torch_and_dump:707 - Generating cache for /localdev/ctr-apbernal/tt_cache/Qwen/Qwen3-32B/TG/tensor_cache_bfp8/layers.7.attention.wqkv_sharded_2d_prefetcher_dtype_BFLOAT8_B_layout_TILE.tensorbin of shape Shape([1, 1, 1280, 1280]), dtype BFLOAT8_B, layout TILE
2026-08-29 10:40:34.193 | DEBUG    | core:from_torch_and_dump:707 - Generating cache for /localdev/ctr-apbernal/tt_cache/Qwen/Qwen3-32B/TG/tensor_cache_bfp8/layers.7.attention.wqkv_sharded_2d_dram_dtype_BFLOAT8_B_layout_TILE.tensorbin of shape Shape([1, 1, 1280, 1280]), dtype BFLOAT8_B, layout TILE
2026-08-29 10:40:34.603 | DEBUG    | core:from_torch_and_dump:707 - Generating cache for /localdev/ctr-apbernal/tt_cache/Qwen/Qwen3-32B/TG/tensor_cache_bfp8/layers.7.attention.wo_width_sharded_2d_prefetcher_dtype_BFLOAT8_B_layout_TILE.tensorbin of shape Shape([1, 1, 1024, 1280]), dtype BFLOAT8_B, layout TILE
2026-08-29 10:40:34.978 | DEBUG    | core:from_torch_and_dump:707 - Generating cache for /localdev/ctr-apbernal/tt_cache/Qwen/Qwen3-32B/TG/tensor_cache_bfp8/layers.7.attention.wo_width_sharded_2d_dram_dtype_BFLOAT8_B_layout_TILE.tensorbin of shape Shape([1, 1, 1024, 1280]), dtype BFLOAT8_B, layout TILE
2026-08-29 10:40:35.372 | DEBUG    | core:from_torch_and_dump:707 - Generating cache for /localdev/ctr-apbernal/tt_cache/Qwen/Qwen3-32B/TG/tensor_cache_bfp8/layers.7.attention.wo_col_sharded_dram_dtype_BFLOAT8_B_layout_TILE.tensorbin of shape Shape([1, 1, 8192, 1280]), dtype BFLOAT8_B, layout TILE
2026-08-29 10:40:35.424 | DEBUG    | core:as_tensor:724 - Loaded cache for /localdev/ctr-apbernal/tt_cache/Qwen/Qwen3-32B/TG/tensor_cache_bfp8/kvcache_torch.Size([2048, 1, 64, 128])_dtype_BFLOAT8_B_layout_TILE.tensorbin of shape Shape([2048, 1, 64, 128])
2026-08-29 10:40:35.430 | DEBUG    | core:as_tensor:724 - Loaded cache for /localdev/ctr-apbernal/tt_cache/Qwen/Qwen3-32B/TG/tensor_cache_bfp8/kvcache_torch.Size([2048, 1, 64, 128])_dtype_BFLOAT8_B_layout_TILE.tensorbin of shape Shape([2048, 1, 64, 128])
2026-08-29 10:40:35.880 | DEBUG    | core:from_torch_and_dump:707 - Generating cache for /localdev/ctr-apbernal/tt_cache/Qwen/Qwen3-32B/TG/tensor_cache_bfp8/layers.7.feed_forward.w1_shardedprefetcher_dtype_BFLOAT16_layout_TILE.tensorbin of shape Shape([1, 1, 1280, 3200]), dtype BFLOAT16, layout TILE
2026-08-29 10:40:36.434 | DEBUG    | core:from_torch_and_dump:707 - Generating cache for /localdev/ctr-apbernal/tt_cache/Qwen/Qwen3-32B/TG/tensor_cache_bfp8/layers.7.feed_forward.w2_shardedprefetcher_dtype_BFLOAT16_layout_TILE.tensorbin of shape Shape([1, 1, 3200, 1280]), dtype BFLOAT16, layout TILE
2026-08-29 10:40:36.997 | DEBUG    | core:from_torch_and_dump:707 - Generating cache for /localdev/ctr-apbernal/tt_cache/Qwen/Qwen3-32B/TG/tensor_cache_bfp8/layers.7.feed_forward.w3_shardedprefetcher_dtype_BFLOAT16_layout_TILE.tensorbin of shape Shape([1, 1, 1280, 3200]), dtype BFLOAT16, layout TILE
2026-08-29 10:40:38.220 | DEBUG    | core:from_torch_and_dump:707 - Generating cache for /localdev/ctr-apbernal/tt_cache/Qwen/Qwen3-32B/TG/tensor_cache_bfp8/layers.7.feed_forward.w1_interleavedprefetcher_dtype_BFLOAT8_B_layout_TILE.tensorbin of shape Shape([1, 1, 1280, 3200]), dtype BFLOAT8_B, layout TILE
2026-08-29 10:40:39.399 | DEBUG    | core:from_torch_and_dump:707 - Generating cache for /localdev/ctr-apbernal/tt_cache/Qwen/Qwen3-32B/TG/tensor_cache_bfp8/layers.7.feed_forward.w2_interleavedprefetcher_dtype_BFLOAT8_B_layout_TILE.tensorbin of shape Shape([1, 1, 3200, 1280]), dtype BFLOAT8_B, layout TILE
2026-08-29 10:40:40.556 | DEBUG    | core:from_torch_and_dump:707 - Generating cache for /localdev/ctr-apbernal/tt_cache/Qwen/Qwen3-32B/TG/tensor_cache_bfp8/layers.7.feed_forward.w3_interleavedprefetcher_dtype_BFLOAT8_B_layout_TILE.tensorbin of shape Shape([1, 1, 1280, 3200]), dtype BFLOAT8_B, layout TILE
2026-08-29 10:40:40.616 | DEBUG    | core:from_torch_and_dump:707 - Generating cache for /localdev/ctr-apbernal/tt_cache/Qwen/Qwen3-32B/TG/tensor_cache_bfp8/layers.7.attention_norm.weight_dtype_BFLOAT16_layout_ROW_MAJOR.tensorbin of shape Shape([1, 1, 160, 32]), dtype BFLOAT16, layout ROW_MAJOR
2026-08-29 10:40:40.617 | DEBUG    | core:from_torch_and_dump:707 - Generating cache for /localdev/ctr-apbernal/tt_cache/Qwen/Qwen3-32B/TG/tensor_cache_bfp8/layers.7.attention_norm.weight_distributed_dtype_BFLOAT16_layout_ROW_MAJOR.tensorbin of shape Shape([1, 1, 40, 32]), dtype BFLOAT16, layout ROW_MAJOR
2026-08-29 10:40:40.618 | DEBUG    | core:from_torch_and_dump:707 - Generating cache for /localdev/ctr-apbernal/tt_cache/Qwen/Qwen3-32B/TG/tensor_cache_bfp8/layers.7.ffn_norm.weight_dtype_BFLOAT16_layout_ROW_MAJOR.tensorbin of shape Shape([1, 1, 160, 32]), dtype BFLOAT16, layout ROW_MAJOR
2026-08-29 10:40:40.618 | DEBUG    | core:from_torch_and_dump:707 - Generating cache for /localdev/ctr-apbernal/tt_cache/Qwen/Qwen3-32B/TG/tensor_cache_bfp8/layers.7.ffn_norm.weight_distributed_dtype_BFLOAT16_layout_ROW_MAJOR.tensorbin of shape Shape([1, 1, 40, 32]), dtype BFLOAT16, layout ROW_MAJOR
 12%|█▎        | 8/64 [00:59<06:50,  7.34s/it]2026-08-29 10:40:41.055 | DEBUG    | core:from_torch_and_dump:707 - Generating cache for /localdev/ctr-apbernal/tt_cache/Qwen/Qwen3-32B/TG/tensor_cache_bfp8/layers.8.attention.wqkv_sharded_2d_prefetcher_dtype_BFLOAT8_B_layout_TILE.tensorbin of shape Shape([1, 1, 1280, 1280]), dtype BFLOAT8_B, layout TILE
2026-08-29 10:40:41.502 | DEBUG    | core:from_torch_and_dump:707 - Generating cache for /localdev/ctr-apbernal/tt_cache/Qwen/Qwen3-32B/TG/tensor_cache_bfp8/layers.8.attention.wqkv_sharded_2d_dram_dtype_BFLOAT8_B_layout_TILE.tensorbin of shape Shape([1, 1, 1280, 1280]), dtype BFLOAT8_B, layout TILE
2026-08-29 10:40:41.923 | DEBUG    | core:from_torch_and_dump:707 - Generating cache for /localdev/ctr-apbernal/tt_cache/Qwen/Qwen3-32B/TG/tensor_cache_bfp8/layers.8.attention.wo_width_sharded_2d_prefetcher_dtype_BFLOAT8_B_layout_TILE.tensorbin of shape Shape([1, 1, 1024, 1280]), dtype BFLOAT8_B, layout TILE
2026-08-29 10:40:42.300 | DEBUG    | core:from_torch_and_dump:707 - Generating cache for /localdev/ctr-apbernal/tt_cache/Qwen/Qwen3-32B/TG/tensor_cache_bfp8/layers.8.attention.wo_width_sharded_2d_dram_dtype_BFLOAT8_B_layout_TILE.tensorbin of shape Shape([1, 1, 1024, 1280]), dtype BFLOAT8_B, layout TILE
2026-08-29 10:40:42.697 | DEBUG    | core:from_torch_and_dump:707 - Generating cache for /localdev/ctr-apbernal/tt_cache/Qwen/Qwen3-32B/TG/tensor_cache_bfp8/layers.8.attention.wo_col_sharded_dram_dtype_BFLOAT8_B_layout_TILE.tensorbin of shape Shape([1, 1, 8192, 1280]), dtype BFLOAT8_B, layout TILE
2026-08-29 10:40:42.744 | DEBUG    | core:as_tensor:724 - Loaded cache for /localdev/ctr-apbernal/tt_cache/Qwen/Qwen3-32B/TG/tensor_cache_bfp8/kvcache_torch.Size([2048, 1, 64, 128])_dtype_BFLOAT8_B_layout_TILE.tensorbin of shape Shape([2048, 1, 64, 128])
2026-08-29 10:40:42.751 | DEBUG    | core:as_tensor:724 - Loaded cache for /localdev/ctr-apbernal/tt_cache/Qwen/Qwen3-32B/TG/tensor_cache_bfp8/kvcache_torch.Size([2048, 1, 64, 128])_dtype_BFLOAT8_B_layout_TILE.tensorbin of shape Shape([2048, 1, 64, 128])
2026-08-29 10:40:43.232 | DEBUG    | core:from_torch_and_dump:707 - Generating cache for /localdev/ctr-apbernal/tt_cache/Qwen/Qwen3-32B/TG/tensor_cache_bfp8/layers.8.feed_forward.w1_shardedprefetcher_dtype_BFLOAT16_layout_TILE.tensorbin of shape Shape([1, 1, 1280, 3200]), dtype BFLOAT16, layout TILE
2026-08-29 10:40:43.784 | DEBUG    | core:from_torch_and_dump:707 - Generating cache for /localdev/ctr-apbernal/tt_cache/Qwen/Qwen3-32B/TG/tensor_cache_bfp8/layers.8.feed_forward.w2_shardedprefetcher_dtype_BFLOAT16_layout_TILE.tensorbin of shape Shape([1, 1, 3200, 1280]), dtype BFLOAT16, layout TILE
2026-08-29 10:40:44.335 | DEBUG    | core:from_torch_and_dump:707 - Generating cache for /localdev/ctr-apbernal/tt_cache/Qwen/Qwen3-32B/TG/tensor_cache_bfp8/layers.8.feed_forward.w3_shardedprefetcher_dtype_BFLOAT16_layout_TILE.tensorbin of shape Shape([1, 1, 1280, 3200]), dtype BFLOAT16, layout TILE
2026-08-29 10:40:45.553 | DEBUG    | core:from_torch_and_dump:707 - Generating cache for /localdev/ctr-apbernal/tt_cache/Qwen/Qwen3-32B/TG/tensor_cache_bfp8/layers.8.feed_forward.w1_interleavedprefetcher_dtype_BFLOAT8_B_layout_TILE.tensorbin of shape Shape([1, 1, 1280, 3200]), dtype BFLOAT8_B, layout TILE
2026-08-29 10:40:46.701 | DEBUG    | core:from_torch_and_dump:707 - Generating cache for /localdev/ctr-apbernal/tt_cache/Qwen/Qwen3-32B/TG/tensor_cache_bfp8/layers.8.feed_forward.w2_interleavedprefetcher_dtype_BFLOAT8_B_layout_TILE.tensorbin of shape Shape([1, 1, 3200, 1280]), dtype BFLOAT8_B, layout TILE
2026-08-29 10:40:47.842 | DEBUG    | core:from_torch_and_dump:707 - Generating cache for /localdev/ctr-apbernal/tt_cache/Qwen/Qwen3-32B/TG/tensor_cache_bfp8/layers.8.feed_forward.w3_interleavedprefetcher_dtype_BFLOAT8_B_layout_TILE.tensorbin of shape Shape([1, 1, 1280, 3200]), dtype BFLOAT8_B, layout TILE
2026-08-29 10:40:47.898 | DEBUG    | core:from_torch_and_dump:707 - Generating cache for /localdev/ctr-apbernal/tt_cache/Qwen/Qwen3-32B/TG/tensor_cache_bfp8/layers.8.attention_norm.weight_dtype_BFLOAT16_layout_ROW_MAJOR.tensorbin of shape Shape([1, 1, 160, 32]), dtype BFLOAT16, layout ROW_MAJOR
2026-08-29 10:40:47.899 | DEBUG    | core:from_torch_and_dump:707 - Generating cache for /localdev/ctr-apbernal/tt_cache/Qwen/Qwen3-32B/TG/tensor_cache_bfp8/layers.8.attention_norm.weight_distributed_dtype_BFLOAT16_layout_ROW_MAJOR.tensorbin of shape Shape([1, 1, 40, 32]), dtype BFLOAT16, layout ROW_MAJOR
2026-08-29 10:40:47.900 | DEBUG    | core:from_torch_and_dump:707 - Generating cache for /localdev/ctr-apbernal/tt_cache/Qwen/Qwen3-32B/TG/tensor_cache_bfp8/layers.8.ffn_norm.weight_dtype_BFLOAT16_layout_ROW_MAJOR.tensorbin of shape Shape([1, 1, 160, 32]), dtype BFLOAT16, layout ROW_MAJOR
2026-08-29 10:40:47.900 | DEBUG    | core:from_torch_and_dump:707 - Generating cache for /localdev/ctr-apbernal/tt_cache/Qwen/Qwen3-32B/TG/tensor_cache_bfp8/layers.8.ffn_norm.weight_distributed_dtype_BFLOAT16_layout_ROW_MAJOR.tensorbin of shape Shape([1, 1, 40, 32]), dtype BFLOAT16, layout ROW_MAJOR
 14%|█▍        | 9/64 [01:06<06:42,  7.32s/it]2026-08-29 10:40:48.338 | DEBUG    | core:from_torch_and_dump:707 - Generating cache for /localdev/ctr-apbernal/tt_cache/Qwen/Qwen3-32B/TG/tensor_cache_bfp8/layers.9.attention.wqkv_sharded_2d_prefetcher_dtype_BFLOAT8_B_layout_TILE.tensorbin of shape Shape([1, 1, 1280, 1280]), dtype BFLOAT8_B, layout TILE
2026-08-29 10:40:48.786 | DEBUG    | core:from_torch_and_dump:707 - Generating cache for /localdev/ctr-apbernal/tt_cache/Qwen/Qwen3-32B/TG/tensor_cache_bfp8/layers.9.attention.wqkv_sharded_2d_dram_dtype_BFLOAT8_B_layout_TILE.tensorbin of shape Shape([1, 1, 1280, 1280]), dtype BFLOAT8_B, layout TILE
2026-08-29 10:40:49.203 | DEBUG    | core:from_torch_and_dump:707 - Generating cache for /localdev/ctr-apbernal/tt_cache/Qwen/Qwen3-32B/TG/tensor_cache_bfp8/layers.9.attention.wo_width_sharded_2d_prefetcher_dtype_BFLOAT8_B_layout_TILE.tensorbin of shape Shape([1, 1, 1024, 1280]), dtype BFLOAT8_B, layout TILE
2026-08-29 10:40:49.581 | DEBUG    | core:from_torch_and_dump:707 - Generating cache for /localdev/ctr-apbernal/tt_cache/Qwen/Qwen3-32B/TG/tensor_cache_bfp8/layers.9.attention.wo_width_sharded_2d_dram_dtype_BFLOAT8_B_layout_TILE.tensorbin of shape Shape([1, 1, 1024, 1280]), dtype BFLOAT8_B, layout TILE
2026-08-29 10:40:49.978 | DEBUG    | core:from_torch_and_dump:707 - Generating cache for /localdev/ctr-apbernal/tt_cache/Qwen/Qwen3-32B/TG/tensor_cache_bfp8/layers.9.attention.wo_col_sharded_dram_dtype_BFLOAT8_B_layout_TILE.tensorbin of shape Shape([1, 1, 8192, 1280]), dtype BFLOAT8_B, layout TILE
2026-08-29 10:40:50.025 | DEBUG    | core:as_tensor:724 - Loaded cache for /localdev/ctr-apbernal/tt_cache/Qwen/Qwen3-32B/TG/tensor_cache_bfp8/kvcache_torch.Size([2048, 1, 64, 128])_dtype_BFLOAT8_B_layout_TILE.tensorbin of shape Shape([2048, 1, 64, 128])
2026-08-29 10:40:50.032 | DEBUG    | core:as_tensor:724 - Loaded cache for /localdev/ctr-apbernal/tt_cache/Qwen/Qwen3-32B/TG/tensor_cache_bfp8/kvcache_torch.Size([2048, 1, 64, 128])_dtype_BFLOAT8_B_layout_TILE.tensorbin of shape Shape([2048, 1, 64, 128])
2026-08-29 10:40:50.480 | DEBUG    | core:from_torch_and_dump:707 - Generating cache for /localdev/ctr-apbernal/tt_cache/Qwen/Qwen3-32B/TG/tensor_cache_bfp8/layers.9.feed_forward.w1_shardedprefetcher_dtype_BFLOAT16_layout_TILE.tensorbin of shape Shape([1, 1, 1280, 3200]), dtype BFLOAT16, layout TILE
2026-08-29 10:40:51.033 | DEBUG    | core:from_torch_and_dump:707 - Generating cache for /localdev/ctr-apbernal/tt_cache/Qwen/Qwen3-32B/TG/tensor_cache_bfp8/layers.9.feed_forward.w2_shardedprefetcher_dtype_BFLOAT16_layout_TILE.tensorbin of shape Shape([1, 1, 3200, 1280]), dtype BFLOAT16, layout TILE
2026-08-29 10:40:51.582 | DEBUG    | core:from_torch_and_dump:707 - Generating cache for /localdev/ctr-apbernal/tt_cache/Qwen/Qwen3-32B/TG/tensor_cache_bfp8/layers.9.feed_forward.w3_shardedprefetcher_dtype_BFLOAT16_layout_TILE.tensorbin of shape Shape([1, 1, 1280, 3200]), dtype BFLOAT16, layout TILE
2026-08-29 10:40:52.801 | DEBUG    | core:from_torch_and_dump:707 - Generating cache for /localdev/ctr-apbernal/tt_cache/Qwen/Qwen3-32B/TG/tensor_cache_bfp8/layers.9.feed_forward.w1_interleavedprefetcher_dtype_BFLOAT8_B_layout_TILE.tensorbin of shape Shape([1, 1, 1280, 3200]), dtype BFLOAT8_B, layout TILE
2026-08-29 10:40:53.983 | DEBUG    | core:from_torch_and_dump:707 - Generating cache for /localdev/ctr-apbernal/tt_cache/Qwen/Qwen3-32B/TG/tensor_cache_bfp8/layers.9.feed_forward.w2_interleavedprefetcher_dtype_BFLOAT8_B_layout_TILE.tensorbin of shape Shape([1, 1, 3200, 1280]), dtype BFLOAT8_B, layout TILE
2026-08-29 10:40:55.146 | DEBUG    | core:from_torch_and_dump:707 - Generating cache for /localdev/ctr-apbernal/tt_cache/Qwen/Qwen3-32B/TG/tensor_cache_bfp8/layers.9.feed_forward.w3_interleavedprefetcher_dtype_BFLOAT8_B_layout_TILE.tensorbin of shape Shape([1, 1, 1280, 3200]), dtype BFLOAT8_B, layout TILE
2026-08-29 10:40:55.206 | DEBUG    | core:from_torch_and_dump:707 - Generating cache for /localdev/ctr-apbernal/tt_cache/Qwen/Qwen3-32B/TG/tensor_cache_bfp8/layers.9.attention_norm.weight_dtype_BFLOAT16_layout_ROW_MAJOR.tensorbin of shape Shape([1, 1, 160, 32]), dtype BFLOAT16, layout ROW_MAJOR
2026-08-29 10:40:55.207 | DEBUG    | core:from_torch_and_dump:707 - Generating cache for /localdev/ctr-apbernal/tt_cache/Qwen/Qwen3-32B/TG/tensor_cache_bfp8/layers.9.attention_norm.weight_distributed_dtype_BFLOAT16_layout_ROW_MAJOR.tensorbin of shape Shape([1, 1, 40, 32]), dtype BFLOAT16, layout ROW_MAJOR
2026-08-29 10:40:55.207 | DEBUG    | core:from_torch_and_dump:707 - Generating cache for /localdev/ctr-apbernal/tt_cache/Qwen/Qwen3-32B/TG/tensor_cache_bfp8/layers.9.ffn_norm.weight_dtype_BFLOAT16_layout_ROW_MAJOR.tensorbin of shape Shape([1, 1, 160, 32]), dtype BFLOAT16, layout ROW_MAJOR
2026-08-29 10:40:55.208 | DEBUG    | core:from_torch_and_dump:707 - Generating cache for /localdev/ctr-apbernal/tt_cache/Qwen/Qwen3-32B/TG/tensor_cache_bfp8/layers.9.ffn_norm.weight_distributed_dtype_BFLOAT16_layout_ROW_MAJOR.tensorbin of shape Shape([1, 1, 40, 32]), dtype BFLOAT16, layout ROW_MAJOR
 16%|█▌        | 10/64 [01:13<06:35,  7.32s/it]2026-08-29 10:40:55.647 | DEBUG    | core:from_torch_and_dump:707 - Generating cache for /localdev/ctr-apbernal/tt_cache/Qwen/Qwen3-32B/TG/tensor_cache_bfp8/layers.10.attention.wqkv_sharded_2d_prefetcher_dtype_BFLOAT8_B_layout_TILE.tensorbin of shape Shape([1, 1, 1280, 1280]), dtype BFLOAT8_B, layout TILE
2026-08-29 10:40:56.096 | DEBUG    | core:from_torch_and_dump:707 - Generating cache for /localdev/ctr-apbernal/tt_cache/Qwen/Qwen3-32B/TG/tensor_cache_bfp8/layers.10.attention.wqkv_sharded_2d_dram_dtype_BFLOAT8_B_layout_TILE.tensorbin of shape Shape([1, 1, 1280, 1280]), dtype BFLOAT8_B, layout TILE
2026-08-29 10:40:56.506 | DEBUG    | core:from_torch_and_dump:707 - Generating cache for /localdev/ctr-apbernal/tt_cache/Qwen/Qwen3-32B/TG/tensor_cache_bfp8/layers.10.attention.wo_width_sharded_2d_prefetcher_dtype_BFLOAT8_B_layout_TILE.tensorbin of shape Shape([1, 1, 1024, 1280]), dtype BFLOAT8_B, layout TILE
2026-08-29 10:40:56.881 | DEBUG    | core:from_torch_and_dump:707 - Generating cache for /localdev/ctr-apbernal/tt_cache/Qwen/Qwen3-32B/TG/tensor_cache_bfp8/layers.10.attention.wo_width_sharded_2d_dram_dtype_BFLOAT8_B_layout_TILE.tensorbin of shape Shape([1, 1, 1024, 1280]), dtype BFLOAT8_B, layout TILE
2026-08-29 10:40:57.275 | DEBUG    | core:from_torch_and_dump:707 - Generating cache for /localdev/ctr-apbernal/tt_cache/Qwen/Qwen3-32B/TG/tensor_cache_bfp8/layers.10.attention.wo_col_sharded_dram_dtype_BFLOAT8_B_layout_TILE.tensorbin of shape Shape([1, 1, 8192, 1280]), dtype BFLOAT8_B, layout TILE
2026-08-29 10:40:57.321 | DEBUG    | core:as_tensor:724 - Loaded cache for /localdev/ctr-apbernal/tt_cache/Qwen/Qwen3-32B/TG/tensor_cache_bfp8/kvcache_torch.Size([2048, 1, 64, 128])_dtype_BFLOAT8_B_layout_TILE.tensorbin of shape Shape([2048, 1, 64, 128])
2026-08-29 10:40:57.329 | DEBUG    | core:as_tensor:724 - Loaded cache for /localdev/ctr-apbernal/tt_cache/Qwen/Qwen3-32B/TG/tensor_cache_bfp8/kvcache_torch.Size([2048, 1, 64, 128])_dtype_BFLOAT8_B_layout_TILE.tensorbin of shape Shape([2048, 1, 64, 128])
2026-08-29 10:40:57.798 | DEBUG    | core:from_torch_and_dump:707 - Generating cache for /localdev/ctr-apbernal/tt_cache/Qwen/Qwen3-32B/TG/tensor_cache_bfp8/layers.10.feed_forward.w1_shardedprefetcher_dtype_BFLOAT16_layout_TILE.tensorbin of shape Shape([1, 1, 1280, 3200]), dtype BFLOAT16, layout TILE
2026-08-29 10:40:58.353 | DEBUG    | core:from_torch_and_dump:707 - Generating cache for /localdev/ctr-apbernal/tt_cache/Qwen/Qwen3-32B/TG/tensor_cache_bfp8/layers.10.feed_forward.w2_shardedprefetcher_dtype_BFLOAT16_layout_TILE.tensorbin of shape Shape([1, 1, 3200, 1280]), dtype BFLOAT16, layout TILE
2026-08-29 10:40:58.907 | DEBUG    | core:from_torch_and_dump:707 - Generating cache for /localdev/ctr-apbernal/tt_cache/Qwen/Qwen3-32B/TG/tensor_cache_bfp8/layers.10.feed_forward.w3_shardedprefetcher_dtype_BFLOAT16_layout_TILE.tensorbin of shape Shape([1, 1, 1280, 3200]), dtype BFLOAT16, layout TILE
2026-08-29 10:41:00.136 | DEBUG    | core:from_torch_and_dump:707 - Generating cache for /localdev/ctr-apbernal/tt_cache/Qwen/Qwen3-32B/TG/tensor_cache_bfp8/layers.10.feed_forward.w1_interleavedprefetcher_dtype_BFLOAT8_B_layout_TILE.tensorbin of shape Shape([1, 1, 1280, 3200]), dtype BFLOAT8_B, layout TILE
2026-08-29 10:41:01.292 | DEBUG    | core:from_torch_and_dump:707 - Generating cache for /localdev/ctr-apbernal/tt_cache/Qwen/Qwen3-32B/TG/tensor_cache_bfp8/layers.10.feed_forward.w2_interleavedprefetcher_dtype_BFLOAT8_B_layout_TILE.tensorbin of shape Shape([1, 1, 3200, 1280]), dtype BFLOAT8_B, layout TILE
2026-08-29 10:41:02.468 | DEBUG    | core:from_torch_and_dump:707 - Generating cache for /localdev/ctr-apbernal/tt_cache/Qwen/Qwen3-32B/TG/tensor_cache_bfp8/layers.10.feed_forward.w3_interleavedprefetcher_dtype_BFLOAT8_B_layout_TILE.tensorbin of shape Shape([1, 1, 1280, 3200]), dtype BFLOAT8_B, layout TILE
2026-08-29 10:41:02.524 | DEBUG    | core:from_torch_and_dump:707 - Generating cache for /localdev/ctr-apbernal/tt_cache/Qwen/Qwen3-32B/TG/tensor_cache_bfp8/layers.10.attention_norm.weight_dtype_BFLOAT16_layout_ROW_MAJOR.tensorbin of shape Shape([1, 1, 160, 32]), dtype BFLOAT16, layout ROW_MAJOR
2026-08-29 10:41:02.525 | DEBUG    | core:from_torch_and_dump:707 - Generating cache for /localdev/ctr-apbernal/tt_cache/Qwen/Qwen3-32B/TG/tensor_cache_bfp8/layers.10.attention_norm.weight_distributed_dtype_BFLOAT16_layout_ROW_MAJOR.tensorbin of shape Shape([1, 1, 40, 32]), dtype BFLOAT16, layout ROW_MAJOR
2026-08-29 10:41:02.526 | DEBUG    | core:from_torch_and_dump:707 - Generating cache for /localdev/ctr-apbernal/tt_cache/Qwen/Qwen3-32B/TG/tensor_cache_bfp8/layers.10.ffn_norm.weight_dtype_BFLOAT16_layout_ROW_MAJOR.tensorbin of shape Shape([1, 1, 160, 32]), dtype BFLOAT16, layout ROW_MAJOR
2026-08-29 10:41:02.526 | DEBUG    | core:from_torch_and_dump:707 - Generating cache for /localdev/ctr-apbernal/tt_cache/Qwen/Qwen3-32B/TG/tensor_cache_bfp8/layers.10.ffn_norm.weight_distributed_dtype_BFLOAT16_layout_ROW_MAJOR.tensorbin of shape Shape([1, 1, 40, 32]), dtype BFLOAT16, layout ROW_MAJOR
 17%|█▋        | 11/64 [01:21<06:27,  7.32s/it]2026-08-29 10:41:02.966 | DEBUG    | core:from_torch_and_dump:707 - Generating cache for /localdev/ctr-apbernal/tt_cache/Qwen/Qwen3-32B/TG/tensor_cache_bfp8/layers.11.attention.wqkv_sharded_2d_prefetcher_dtype_BFLOAT8_B_layout_TILE.tensorbin of shape Shape([1, 1, 1280, 1280]), dtype BFLOAT8_B, layout TILE
2026-08-29 10:41:03.416 | DEBUG    | core:from_torch_and_dump:707 - Generating cache for /localdev/ctr-apbernal/tt_cache/Qwen/Qwen3-32B/TG/tensor_cache_bfp8/layers.11.attention.wqkv_sharded_2d_dram_dtype_BFLOAT8_B_layout_TILE.tensorbin of shape Shape([1, 1, 1280, 1280]), dtype BFLOAT8_B, layout TILE
2026-08-29 10:41:03.833 | DEBUG    | core:from_torch_and_dump:707 - Generating cache for /localdev/ctr-apbernal/tt_cache/Qwen/Qwen3-32B/TG/tensor_cache_bfp8/layers.11.attention.wo_width_sharded_2d_prefetcher_dtype_BFLOAT8_B_layout_TILE.tensorbin of shape Shape([1, 1, 1024, 1280]), dtype BFLOAT8_B, layout TILE
2026-08-29 10:41:04.220 | DEBUG    | core:from_torch_and_dump:707 - Generating cache for /localdev/ctr-apbernal/tt_cache/Qwen/Qwen3-32B/TG/tensor_cache_bfp8/layers.11.attention.wo_width_sharded_2d_dram_dtype_BFLOAT8_B_layout_TILE.tensorbin of shape Shape([1, 1, 1024, 1280]), dtype BFLOAT8_B, layout TILE
2026-08-29 10:41:04.638 | DEBUG    | core:from_torch_and_dump:707 - Generating cache for /localdev/ctr-apbernal/tt_cache/Qwen/Qwen3-32B/TG/tensor_cache_bfp8/layers.11.attention.wo_col_sharded_dram_dtype_BFLOAT8_B_layout_TILE.tensorbin of shape Shape([1, 1, 8192, 1280]), dtype BFLOAT8_B, layout TILE
2026-08-29 10:41:04.686 | DEBUG    | core:as_tensor:724 - Loaded cache for /localdev/ctr-apbernal/tt_cache/Qwen/Qwen3-32B/TG/tensor_cache_bfp8/kvcache_torch.Size([2048, 1, 64, 128])_dtype_BFLOAT8_B_layout_TILE.tensorbin of shape Shape([2048, 1, 64, 128])
2026-08-29 10:41:04.692 | DEBUG    | core:as_tensor:724 - Loaded cache for /localdev/ctr-apbernal/tt_cache/Qwen/Qwen3-32B/TG/tensor_cache_bfp8/kvcache_torch.Size([2048, 1, 64, 128])_dtype_BFLOAT8_B_layout_TILE.tensorbin of shape Shape([2048, 1, 64, 128])
2026-08-29 10:41:05.160 | DEBUG    | core:from_torch_and_dump:707 - Generating cache for /localdev/ctr-apbernal/tt_cache/Qwen/Qwen3-32B/TG/tensor_cache_bfp8/layers.11.feed_forward.w1_shardedprefetcher_dtype_BFLOAT16_layout_TILE.tensorbin of shape Shape([1, 1, 1280, 3200]), dtype BFLOAT16, layout TILE
2026-08-29 10:41:05.708 | DEBUG    | core:from_torch_and_dump:707 - Generating cache for /localdev/ctr-apbernal/tt_cache/Qwen/Qwen3-32B/TG/tensor_cache_bfp8/layers.11.feed_forward.w2_shardedprefetcher_dtype_BFLOAT16_layout_TILE.tensorbin of shape Shape([1, 1, 3200, 1280]), dtype BFLOAT16, layout TILE
2026-08-29 10:41:06.256 | DEBUG    | core:from_torch_and_dump:707 - Generating cache for /localdev/ctr-apbernal/tt_cache/Qwen/Qwen3-32B/TG/tensor_cache_bfp8/layers.11.feed_forward.w3_shardedprefetcher_dtype_BFLOAT16_layout_TILE.tensorbin of shape Shape([1, 1, 1280, 3200]), dtype BFLOAT16, layout TILE
2026-08-29 10:41:07.480 | DEBUG    | core:from_torch_and_dump:707 - Generating cache for /localdev/ctr-apbernal/tt_cache/Qwen/Qwen3-32B/TG/tensor_cache_bfp8/layers.11.feed_forward.w1_interleavedprefetcher_dtype_BFLOAT8_B_layout_TILE.tensorbin of shape Shape([1, 1, 1280, 3200]), dtype BFLOAT8_B, layout TILE
2026-08-29 10:41:08.658 | DEBUG    | core:from_torch_and_dump:707 - Generating cache for /localdev/ctr-apbernal/tt_cache/Qwen/Qwen3-32B/TG/tensor_cache_bfp8/layers.11.feed_forward.w2_interleavedprefetcher_dtype_BFLOAT8_B_layout_TILE.tensorbin of shape Shape([1, 1, 3200, 1280]), dtype BFLOAT8_B, layout TILE
2026-08-29 10:41:09.830 | DEBUG    | core:from_torch_and_dump:707 - Generating cache for /localdev/ctr-apbernal/tt_cache/Qwen/Qwen3-32B/TG/tensor_cache_bfp8/layers.11.feed_forward.w3_interleavedprefetcher_dtype_BFLOAT8_B_layout_TILE.tensorbin of shape Shape([1, 1, 1280, 3200]), dtype BFLOAT8_B, layout TILE
2026-08-29 10:41:09.891 | DEBUG    | core:from_torch_and_dump:707 - Generating cache for /localdev/ctr-apbernal/tt_cache/Qwen/Qwen3-32B/TG/tensor_cache_bfp8/layers.11.attention_norm.weight_dtype_BFLOAT16_layout_ROW_MAJOR.tensorbin of shape Shape([1, 1, 160, 32]), dtype BFLOAT16, layout ROW_MAJOR
2026-08-29 10:41:09.891 | DEBUG    | core:from_torch_and_dump:707 - Generating cache for /localdev/ctr-apbernal/tt_cache/Qwen/Qwen3-32B/TG/tensor_cache_bfp8/layers.11.attention_norm.weight_distributed_dtype_BFLOAT16_layout_ROW_MAJOR.tensorbin of shape Shape([1, 1, 40, 32]), dtype BFLOAT16, layout ROW_MAJOR
2026-08-29 10:41:09.892 | DEBUG    | core:from_torch_and_dump:707 - Generating cache for /localdev/ctr-apbernal/tt_cache/Qwen/Qwen3-32B/TG/tensor_cache_bfp8/layers.11.ffn_norm.weight_dtype_BFLOAT16_layout_ROW_MAJOR.tensorbin of shape Shape([1, 1, 160, 32]), dtype BFLOAT16, layout ROW_MAJOR
2026-08-29 10:41:09.892 | DEBUG    | core:from_torch_and_dump:707 - Generating cache for /localdev/ctr-apbernal/tt_cache/Qwen/Qwen3-32B/TG/tensor_cache_bfp8/layers.11.ffn_norm.weight_distributed_dtype_BFLOAT16_layout_ROW_MAJOR.tensorbin of shape Shape([1, 1, 40, 32]), dtype BFLOAT16, layout ROW_MAJOR
 19%|█▉        | 12/64 [01:28<06:21,  7.33s/it]2026-08-29 10:41:10.333 | DEBUG    | core:from_torch_and_dump:707 - Generating cache for /localdev/ctr-apbernal/tt_cache/Qwen/Qwen3-32B/TG/tensor_cache_bfp8/layers.12.attention.wqkv_sharded_2d_prefetcher_dtype_BFLOAT8_B_layout_TILE.tensorbin of shape Shape([1, 1, 1280, 1280]), dtype BFLOAT8_B, layout TILE
2026-08-29 10:41:10.784 | DEBUG    | core:from_torch_and_dump:707 - Generating cache for /localdev/ctr-apbernal/tt_cache/Qwen/Qwen3-32B/TG/tensor_cache_bfp8/layers.12.attention.wqkv_sharded_2d_dram_dtype_BFLOAT8_B_layout_TILE.tensorbin of shape Shape([1, 1, 1280, 1280]), dtype BFLOAT8_B, layout TILE
2026-08-29 10:41:11.198 | DEBUG    | core:from_torch_and_dump:707 - Generating cache for /localdev/ctr-apbernal/tt_cache/Qwen/Qwen3-32B/TG/tensor_cache_bfp8/layers.12.attention.wo_width_sharded_2d_prefetcher_dtype_BFLOAT8_B_layout_TILE.tensorbin of shape Shape([1, 1, 1024, 1280]), dtype BFLOAT8_B, layout TILE
2026-08-29 10:41:11.574 | DEBUG    | core:from_torch_and_dump:707 - Generating cache for /localdev/ctr-apbernal/tt_cache/Qwen/Qwen3-32B/TG/tensor_cache_bfp8/layers.12.attention.wo_width_sharded_2d_dram_dtype_BFLOAT8_B_layout_TILE.tensorbin of shape Shape([1, 1, 1024, 1280]), dtype BFLOAT8_B, layout TILE
2026-08-29 10:41:11.970 | DEBUG    | core:from_torch_and_dump:707 - Generating cache for /localdev/ctr-apbernal/tt_cache/Qwen/Qwen3-32B/TG/tensor_cache_bfp8/layers.12.attention.wo_col_sharded_dram_dtype_BFLOAT8_B_layout_TILE.tensorbin of shape Shape([1, 1, 8192, 1280]), dtype BFLOAT8_B, layout TILE
2026-08-29 10:41:12.016 | DEBUG    | core:as_tensor:724 - Loaded cache for /localdev/ctr-apbernal/tt_cache/Qwen/Qwen3-32B/TG/tensor_cache_bfp8/kvcache_torch.Size([2048, 1, 64, 128])_dtype_BFLOAT8_B_layout_TILE.tensorbin of shape Shape([2048, 1, 64, 128])
2026-08-29 10:41:12.024 | DEBUG    | core:as_tensor:724 - Loaded cache for /localdev/ctr-apbernal/tt_cache/Qwen/Qwen3-32B/TG/tensor_cache_bfp8/kvcache_torch.Size([2048, 1, 64, 128])_dtype_BFLOAT8_B_layout_TILE.tensorbin of shape Shape([2048, 1, 64, 128])
2026-08-29 10:41:12.474 | DEBUG    | core:from_torch_and_dump:707 - Generating cache for /localdev/ctr-apbernal/tt_cache/Qwen/Qwen3-32B/TG/tensor_cache_bfp8/layers.12.feed_forward.w1_shardedprefetcher_dtype_BFLOAT16_layout_TILE.tensorbin of shape Shape([1, 1, 1280, 3200]), dtype BFLOAT16, layout TILE
2026-08-29 10:41:13.023 | DEBUG    | core:from_torch_and_dump:707 - Generating cache for /localdev/ctr-apbernal/tt_cache/Qwen/Qwen3-32B/TG/tensor_cache_bfp8/layers.12.feed_forward.w2_shardedprefetcher_dtype_BFLOAT16_layout_TILE.tensorbin of shape Shape([1, 1, 3200, 1280]), dtype BFLOAT16, layout TILE
2026-08-29 10:41:13.578 | DEBUG    | core:from_torch_and_dump:707 - Generating cache for /localdev/ctr-apbernal/tt_cache/Qwen/Qwen3-32B/TG/tensor_cache_bfp8/layers.12.feed_forward.w3_shardedprefetcher_dtype_BFLOAT16_layout_TILE.tensorbin of shape Shape([1, 1, 1280, 3200]), dtype BFLOAT16, layout TILE
2026-08-29 10:41:14.810 | DEBUG    | core:from_torch_and_dump:707 - Generating cache for /localdev/ctr-apbernal/tt_cache/Qwen/Qwen3-32B/TG/tensor_cache_bfp8/layers.12.feed_forward.w1_interleavedprefetcher_dtype_BFLOAT8_B_layout_TILE.tensorbin of shape Shape([1, 1, 1280, 3200]), dtype BFLOAT8_B, layout TILE
2026-08-29 10:41:15.970 | DEBUG    | core:from_torch_and_dump:707 - Generating cache for /localdev/ctr-apbernal/tt_cache/Qwen/Qwen3-32B/TG/tensor_cache_bfp8/layers.12.feed_forward.w2_interleavedprefetcher_dtype_BFLOAT8_B_layout_TILE.tensorbin of shape Shape([1, 1, 3200, 1280]), dtype BFLOAT8_B, layout TILE
2026-08-29 10:41:17.116 | DEBUG    | core:from_torch_and_dump:707 - Generating cache for /localdev/ctr-apbernal/tt_cache/Qwen/Qwen3-32B/TG/tensor_cache_bfp8/layers.12.feed_forward.w3_interleavedprefetcher_dtype_BFLOAT8_B_layout_TILE.tensorbin of shape Shape([1, 1, 1280, 3200]), dtype BFLOAT8_B, layout TILE
2026-08-29 10:41:17.173 | DEBUG    | core:from_torch_and_dump:707 - Generating cache for /localdev/ctr-apbernal/tt_cache/Qwen/Qwen3-32B/TG/tensor_cache_bfp8/layers.12.attention_norm.weight_dtype_BFLOAT16_layout_ROW_MAJOR.tensorbin of shape Shape([1, 1, 160, 32]), dtype BFLOAT16, layout ROW_MAJOR
2026-08-29 10:41:17.174 | DEBUG    | core:from_torch_and_dump:707 - Generating cache for /localdev/ctr-apbernal/tt_cache/Qwen/Qwen3-32B/TG/tensor_cache_bfp8/layers.12.attention_norm.weight_distributed_dtype_BFLOAT16_layout_ROW_MAJOR.tensorbin of shape Shape([1, 1, 40, 32]), dtype BFLOAT16, layout ROW_MAJOR
2026-08-29 10:41:17.175 | DEBUG    | core:from_torch_and_dump:707 - Generating cache for /localdev/ctr-apbernal/tt_cache/Qwen/Qwen3-32B/TG/tensor_cache_bfp8/layers.12.ffn_norm.weight_dtype_BFLOAT16_layout_ROW_MAJOR.tensorbin of shape Shape([1, 1, 160, 32]), dtype BFLOAT16, layout ROW_MAJOR
2026-08-29 10:41:17.175 | DEBUG    | core:from_torch_and_dump:707 - Generating cache for /localdev/ctr-apbernal/tt_cache/Qwen/Qwen3-32B/TG/tensor_cache_bfp8/layers.12.ffn_norm.weight_distributed_dtype_BFLOAT16_layout_ROW_MAJOR.tensorbin of shape Shape([1, 1, 40, 32]), dtype BFLOAT16, layout ROW_MAJOR
 20%|██        | 13/64 [01:35<06:13,  7.32s/it]2026-08-29 10:41:17.612 | DEBUG    | core:from_torch_and_dump:707 - Generating cache for /localdev/ctr-apbernal/tt_cache/Qwen/Qwen3-32B/TG/tensor_cache_bfp8/layers.13.attention.wqkv_sharded_2d_prefetcher_dtype_BFLOAT8_B_layout_TILE.tensorbin of shape Shape([1, 1, 1280, 1280]), dtype BFLOAT8_B, layout TILE
2026-08-29 10:41:18.063 | DEBUG    | core:from_torch_and_dump:707 - Generating cache for /localdev/ctr-apbernal/tt_cache/Qwen/Qwen3-32B/TG/tensor_cache_bfp8/layers.13.attention.wqkv_sharded_2d_dram_dtype_BFLOAT8_B_layout_TILE.tensorbin of shape Shape([1, 1, 1280, 1280]), dtype BFLOAT8_B, layout TILE
2026-08-29 10:41:18.488 | DEBUG    | core:from_torch_and_dump:707 - Generating cache for /localdev/ctr-apbernal/tt_cache/Qwen/Qwen3-32B/TG/tensor_cache_bfp8/layers.13.attention.wo_width_sharded_2d_prefetcher_dtype_BFLOAT8_B_layout_TILE.tensorbin of shape Shape([1, 1, 1024, 1280]), dtype BFLOAT8_B, layout TILE
2026-08-29 10:41:18.875 | DEBUG    | core:from_torch_and_dump:707 - Generating cache for /localdev/ctr-apbernal/tt_cache/Qwen/Qwen3-32B/TG/tensor_cache_bfp8/layers.13.attention.wo_width_sharded_2d_dram_dtype_BFLOAT8_B_layout_TILE.tensorbin of shape Shape([1, 1, 1024, 1280]), dtype BFLOAT8_B, layout TILE
2026-08-29 10:41:19.275 | DEBUG    | core:from_torch_and_dump:707 - Generating cache for /localdev/ctr-apbernal/tt_cache/Qwen/Qwen3-32B/TG/tensor_cache_bfp8/layers.13.attention.wo_col_sharded_dram_dtype_BFLOAT8_B_layout_TILE.tensorbin of shape Shape([1, 1, 8192, 1280]), dtype BFLOAT8_B, layout TILE
2026-08-29 10:41:19.324 | DEBUG    | core:as_tensor:724 - Loaded cache for /localdev/ctr-apbernal/tt_cache/Qwen/Qwen3-32B/TG/tensor_cache_bfp8/kvcache_torch.Size([2048, 1, 64, 128])_dtype_BFLOAT8_B_layout_TILE.tensorbin of shape Shape([2048, 1, 64, 128])
2026-08-29 10:41:19.332 | DEBUG    | core:as_tensor:724 - Loaded cache for /localdev/ctr-apbernal/tt_cache/Qwen/Qwen3-32B/TG/tensor_cache_bfp8/kvcache_torch.Size([2048, 1, 64, 128])_dtype_BFLOAT8_B_layout_TILE.tensorbin of shape Shape([2048, 1, 64, 128])
2026-08-29 10:41:19.784 | DEBUG    | core:from_torch_and_dump:707 - Generating cache for /localdev/ctr-apbernal/tt_cache/Qwen/Qwen3-32B/TG/tensor_cache_bfp8/layers.13.feed_forward.w1_shardedprefetcher_dtype_BFLOAT16_layout_TILE.tensorbin of shape Shape([1, 1, 1280, 3200]), dtype BFLOAT16, layout TILE
2026-08-29 10:41:20.332 | DEBUG    | core:from_torch_and_dump:707 - Generating cache for /localdev/ctr-apbernal/tt_cache/Qwen/Qwen3-32B/TG/tensor_cache_bfp8/layers.13.feed_forward.w2_shardedprefetcher_dtype_BFLOAT16_layout_TILE.tensorbin of shape Shape([1, 1, 3200, 1280]), dtype BFLOAT16, layout TILE
2026-08-29 10:41:20.879 | DEBUG    | core:from_torch_and_dump:707 - Generating cache for /localdev/ctr-apbernal/tt_cache/Qwen/Qwen3-32B/TG/tensor_cache_bfp8/layers.13.feed_forward.w3_shardedprefetcher_dtype_BFLOAT16_layout_TILE.tensorbin of shape Shape([1, 1, 1280, 3200]), dtype BFLOAT16, layout TILE
2026-08-29 10:41:22.096 | DEBUG    | core:from_torch_and_dump:707 - Generating cache for /localdev/ctr-apbernal/tt_cache/Qwen/Qwen3-32B/TG/tensor_cache_bfp8/layers.13.feed_forward.w1_interleavedprefetcher_dtype_BFLOAT8_B_layout_TILE.tensorbin of shape Shape([1, 1, 1280, 3200]), dtype BFLOAT8_B, layout TILE
2026-08-29 10:41:23.247 | DEBUG    | core:from_torch_and_dump:707 - Generating cache for /localdev/ctr-apbernal/tt_cache/Qwen/Qwen3-32B/TG/tensor_cache_bfp8/layers.13.feed_forward.w2_interleavedprefetcher_dtype_BFLOAT8_B_layout_TILE.tensorbin of shape Shape([1, 1, 3200, 1280]), dtype BFLOAT8_B, layout TILE
2026-08-29 10:41:24.397 | DEBUG    | core:from_torch_and_dump:707 - Generating cache for /localdev/ctr-apbernal/tt_cache/Qwen/Qwen3-32B/TG/tensor_cache_bfp8/layers.13.feed_forward.w3_interleavedprefetcher_dtype_BFLOAT8_B_layout_TILE.tensorbin of shape Shape([1, 1, 1280, 3200]), dtype BFLOAT8_B, layout TILE
2026-08-29 10:41:24.454 | DEBUG    | core:from_torch_and_dump:707 - Generating cache for /localdev/ctr-apbernal/tt_cache/Qwen/Qwen3-32B/TG/tensor_cache_bfp8/layers.13.attention_norm.weight_dtype_BFLOAT16_layout_ROW_MAJOR.tensorbin of shape Shape([1, 1, 160, 32]), dtype BFLOAT16, layout ROW_MAJOR
2026-08-29 10:41:24.455 | DEBUG    | core:from_torch_and_dump:707 - Generating cache for /localdev/ctr-apbernal/tt_cache/Qwen/Qwen3-32B/TG/tensor_cache_bfp8/layers.13.attention_norm.weight_distributed_dtype_BFLOAT16_layout_ROW_MAJOR.tensorbin of shape Shape([1, 1, 40, 32]), dtype BFLOAT16, layout ROW_MAJOR
2026-08-29 10:41:24.456 | DEBUG    | core:from_torch_and_dump:707 - Generating cache for /localdev/ctr-apbernal/tt_cache/Qwen/Qwen3-32B/TG/tensor_cache_bfp8/layers.13.ffn_norm.weight_dtype_BFLOAT16_layout_ROW_MAJOR.tensorbin of shape Shape([1, 1, 160, 32]), dtype BFLOAT16, layout ROW_MAJOR
2026-08-29 10:41:24.456 | DEBUG    | core:from_torch_and_dump:707 - Generating cache for /localdev/ctr-apbernal/tt_cache/Qwen/Qwen3-32B/TG/tensor_cache_bfp8/layers.13.ffn_norm.weight_distributed_dtype_BFLOAT16_layout_ROW_MAJOR.tensorbin of shape Shape([1, 1, 40, 32]), dtype BFLOAT16, layout ROW_MAJOR
 22%|██▏       | 14/64 [01:43<06:05,  7.31s/it]2026-08-29 10:41:24.891 | DEBUG    | core:from_torch_and_dump:707 - Generating cache for /localdev/ctr-apbernal/tt_cache/Qwen/Qwen3-32B/TG/tensor_cache_bfp8/layers.14.attention.wqkv_sharded_2d_prefetcher_dtype_BFLOAT8_B_layout_TILE.tensorbin of shape Shape([1, 1, 1280, 1280]), dtype BFLOAT8_B, layout TILE
2026-08-29 10:41:25.339 | DEBUG    | core:from_torch_and_dump:707 - Generating cache for /localdev/ctr-apbernal/tt_cache/Qwen/Qwen3-32B/TG/tensor_cache_bfp8/layers.14.attention.wqkv_sharded_2d_dram_dtype_BFLOAT8_B_layout_TILE.tensorbin of shape Shape([1, 1, 1280, 1280]), dtype BFLOAT8_B, layout TILE
2026-08-29 10:41:25.756 | DEBUG    | core:from_torch_and_dump:707 - Generating cache for /localdev/ctr-apbernal/tt_cache/Qwen/Qwen3-32B/TG/tensor_cache_bfp8/layers.14.attention.wo_width_sharded_2d_prefetcher_dtype_BFLOAT8_B_layout_TILE.tensorbin of shape Shape([1, 1, 1024, 1280]), dtype BFLOAT8_B, layout TILE
2026-08-29 10:41:26.135 | DEBUG    | core:from_torch_and_dump:707 - Generating cache for /localdev/ctr-apbernal/tt_cache/Qwen/Qwen3-32B/TG/tensor_cache_bfp8/layers.14.attention.wo_width_sharded_2d_dram_dtype_BFLOAT8_B_layout_TILE.tensorbin of shape Shape([1, 1, 1024, 1280]), dtype BFLOAT8_B, layout TILE
2026-08-29 10:41:26.536 | DEBUG    | core:from_torch_and_dump:707 - Generating cache for /localdev/ctr-apbernal/tt_cache/Qwen/Qwen3-32B/TG/tensor_cache_bfp8/layers.14.attention.wo_col_sharded_dram_dtype_BFLOAT8_B_layout_TILE.tensorbin of shape Shape([1, 1, 8192, 1280]), dtype BFLOAT8_B, layout TILE
2026-08-29 10:41:26.583 | DEBUG    | core:as_tensor:724 - Loaded cache for /localdev/ctr-apbernal/tt_cache/Qwen/Qwen3-32B/TG/tensor_cache_bfp8/kvcache_torch.Size([2048, 1, 64, 128])_dtype_BFLOAT8_B_layout_TILE.tensorbin of shape Shape([2048, 1, 64, 128])
2026-08-29 10:41:26.591 | DEBUG    | core:as_tensor:724 - Loaded cache for /localdev/ctr-apbernal/tt_cache/Qwen/Qwen3-32B/TG/tensor_cache_bfp8/kvcache_torch.Size([2048, 1, 64, 128])_dtype_BFLOAT8_B_layout_TILE.tensorbin of shape Shape([2048, 1, 64, 128])
2026-08-29 10:41:27.033 | DEBUG    | core:from_torch_and_dump:707 - Generating cache for /localdev/ctr-apbernal/tt_cache/Qwen/Qwen3-32B/TG/tensor_cache_bfp8/layers.14.feed_forward.w1_shardedprefetcher_dtype_BFLOAT16_layout_TILE.tensorbin of shape Shape([1, 1, 1280, 3200]), dtype BFLOAT16, layout TILE
2026-08-29 10:41:27.576 | DEBUG    | core:from_torch_and_dump:707 - Generating cache for /localdev/ctr-apbernal/tt_cache/Qwen/Qwen3-32B/TG/tensor_cache_bfp8/layers.14.feed_forward.w2_shardedprefetcher_dtype_BFLOAT16_layout_TILE.tensorbin of shape Shape([1, 1, 3200, 1280]), dtype BFLOAT16, layout TILE
2026-08-29 10:41:28.118 | DEBUG    | core:from_torch_and_dump:707 - Generating cache for /localdev/ctr-apbernal/tt_cache/Qwen/Qwen3-32B/TG/tensor_cache_bfp8/layers.14.feed_forward.w3_shardedprefetcher_dtype_BFLOAT16_layout_TILE.tensorbin of shape Shape([1, 1, 1280, 3200]), dtype BFLOAT16, layout TILE
2026-08-29 10:41:29.331 | DEBUG    | core:from_torch_and_dump:707 - Generating cache for /localdev/ctr-apbernal/tt_cache/Qwen/Qwen3-32B/TG/tensor_cache_bfp8/layers.14.feed_forward.w1_interleavedprefetcher_dtype_BFLOAT8_B_layout_TILE.tensorbin of shape Shape([1, 1, 1280, 3200]), dtype BFLOAT8_B, layout TILE
2026-08-29 10:41:30.488 | DEBUG    | core:from_torch_and_dump:707 - Generating cache for /localdev/ctr-apbernal/tt_cache/Qwen/Qwen3-32B/TG/tensor_cache_bfp8/layers.14.feed_forward.w2_interleavedprefetcher_dtype_BFLOAT8_B_layout_TILE.tensorbin of shape Shape([1, 1, 3200, 1280]), dtype BFLOAT8_B, layout TILE
2026-08-29 10:41:31.638 | DEBUG    | core:from_torch_and_dump:707 - Generating cache for /localdev/ctr-apbernal/tt_cache/Qwen/Qwen3-32B/TG/tensor_cache_bfp8/layers.14.feed_forward.w3_interleavedprefetcher_dtype_BFLOAT8_B_layout_TILE.tensorbin of shape Shape([1, 1, 1280, 3200]), dtype BFLOAT8_B, layout TILE
2026-08-29 10:41:31.695 | DEBUG    | core:from_torch_and_dump:707 - Generating cache for /localdev/ctr-apbernal/tt_cache/Qwen/Qwen3-32B/TG/tensor_cache_bfp8/layers.14.attention_norm.weight_dtype_BFLOAT16_layout_ROW_MAJOR.tensorbin of shape Shape([1, 1, 160, 32]), dtype BFLOAT16, layout ROW_MAJOR
2026-08-29 10:41:31.696 | DEBUG    | core:from_torch_and_dump:707 - Generating cache for /localdev/ctr-apbernal/tt_cache/Qwen/Qwen3-32B/TG/tensor_cache_bfp8/layers.14.attention_norm.weight_distributed_dtype_BFLOAT16_layout_ROW_MAJOR.tensorbin of shape Shape([1, 1, 40, 32]), dtype BFLOAT16, layout ROW_MAJOR
2026-08-29 10:41:31.696 | DEBUG    | core:from_torch_and_dump:707 - Generating cache for /localdev/ctr-apbernal/tt_cache/Qwen/Qwen3-32B/TG/tensor_cache_bfp8/layers.14.ffn_norm.weight_dtype_BFLOAT16_layout_ROW_MAJOR.tensorbin of shape Shape([1, 1, 160, 32]), dtype BFLOAT16, layout ROW_MAJOR
2026-08-29 10:41:31.697 | DEBUG    | core:from_torch_and_dump:707 - Generating cache for /localdev/ctr-apbernal/tt_cache/Qwen/Qwen3-32B/TG/tensor_cache_bfp8/layers.14.ffn_norm.weight_distributed_dtype_BFLOAT16_layout_ROW_MAJOR.tensorbin of shape Shape([1, 1, 40, 32]), dtype BFLOAT16, layout ROW_MAJOR
 23%|██▎       | 15/64 [01:50<05:57,  7.29s/it]2026-08-29 10:41:32.134 | DEBUG    | core:from_torch_and_dump:707 - Generating cache for /localdev/ctr-apbernal/tt_cache/Qwen/Qwen3-32B/TG/tensor_cache_bfp8/layers.15.attention.wqkv_sharded_2d_prefetcher_dtype_BFLOAT8_B_layout_TILE.tensorbin of shape Shape([1, 1, 1280, 1280]), dtype BFLOAT8_B, layout TILE
2026-08-29 10:41:32.582 | DEBUG    | core:from_torch_and_dump:707 - Generating cache for /localdev/ctr-apbernal/tt_cache/Qwen/Qwen3-32B/TG/tensor_cache_bfp8/layers.15.attention.wqkv_sharded_2d_dram_dtype_BFLOAT8_B_layout_TILE.tensorbin of shape Shape([1, 1, 1280, 1280]), dtype BFLOAT8_B, layout TILE
2026-08-29 10:41:32.999 | DEBUG    | core:from_torch_and_dump:707 - Generating cache for /localdev/ctr-apbernal/tt_cache/Qwen/Qwen3-32B/TG/tensor_cache_bfp8/layers.15.attention.wo_width_sharded_2d_prefetcher_dtype_BFLOAT8_B_layout_TILE.tensorbin of shape Shape([1, 1, 1024, 1280]), dtype BFLOAT8_B, layout TILE
2026-08-29 10:41:33.378 | DEBUG    | core:from_torch_and_dump:707 - Generating cache for /localdev/ctr-apbernal/tt_cache/Qwen/Qwen3-32B/TG/tensor_cache_bfp8/layers.15.attention.wo_width_sharded_2d_dram_dtype_BFLOAT8_B_layout_TILE.tensorbin of shape Shape([1, 1, 1024, 1280]), dtype BFLOAT8_B, layout TILE
2026-08-29 10:41:33.776 | DEBUG    | core:from_torch_and_dump:707 - Generating cache for /localdev/ctr-apbernal/tt_cache/Qwen/Qwen3-32B/TG/tensor_cache_bfp8/layers.15.attention.wo_col_sharded_dram_dtype_BFLOAT8_B_layout_TILE.tensorbin of shape Shape([1, 1, 8192, 1280]), dtype BFLOAT8_B, layout TILE
2026-08-29 10:41:33.822 | DEBUG    | core:as_tensor:724 - Loaded cache for /localdev/ctr-apbernal/tt_cache/Qwen/Qwen3-32B/TG/tensor_cache_bfp8/kvcache_torch.Size([2048, 1, 64, 128])_dtype_BFLOAT8_B_layout_TILE.tensorbin of shape Shape([2048, 1, 64, 128])
2026-08-29 10:41:33.830 | DEBUG    | core:as_tensor:724 - Loaded cache for /localdev/ctr-apbernal/tt_cache/Qwen/Qwen3-32B/TG/tensor_cache_bfp8/kvcache_torch.Size([2048, 1, 64, 128])_dtype_BFLOAT8_B_layout_TILE.tensorbin of shape Shape([2048, 1, 64, 128])
2026-08-29 10:41:34.286 | DEBUG    | core:from_torch_and_dump:707 - Generating cache for /localdev/ctr-apbernal/tt_cache/Qwen/Qwen3-32B/TG/tensor_cache_bfp8/layers.15.feed_forward.w1_shardedprefetcher_dtype_BFLOAT16_layout_TILE.tensorbin of shape Shape([1, 1, 1280, 3200]), dtype BFLOAT16, layout TILE
2026-08-29 10:41:34.827 | DEBUG    | core:from_torch_and_dump:707 - Generating cache for /localdev/ctr-apbernal/tt_cache/Qwen/Qwen3-32B/TG/tensor_cache_bfp8/layers.15.feed_forward.w2_shardedprefetcher_dtype_BFLOAT16_layout_TILE.tensorbin of shape Shape([1, 1, 3200, 1280]), dtype BFLOAT16, layout TILE
2026-08-29 10:41:35.372 | DEBUG    | core:from_torch_and_dump:707 - Generating cache for /localdev/ctr-apbernal/tt_cache/Qwen/Qwen3-32B/TG/tensor_cache_bfp8/layers.15.feed_forward.w3_shardedprefetcher_dtype_BFLOAT16_layout_TILE.tensorbin of shape Shape([1, 1, 1280, 3200]), dtype BFLOAT16, layout TILE
2026-08-29 10:41:36.596 | DEBUG    | core:from_torch_and_dump:707 - Generating cache for /localdev/ctr-apbernal/tt_cache/Qwen/Qwen3-32B/TG/tensor_cache_bfp8/layers.15.feed_forward.w1_interleavedprefetcher_dtype_BFLOAT8_B_layout_TILE.tensorbin of shape Shape([1, 1, 1280, 3200]), dtype BFLOAT8_B, layout TILE
2026-08-29 10:41:37.753 | DEBUG    | core:from_torch_and_dump:707 - Generating cache for /localdev/ctr-apbernal/tt_cache/Qwen/Qwen3-32B/TG/tensor_cache_bfp8/layers.15.feed_forward.w2_interleavedprefetcher_dtype_BFLOAT8_B_layout_TILE.tensorbin of shape Shape([1, 1, 3200, 1280]), dtype BFLOAT8_B, layout TILE
2026-08-29 10:41:38.902 | DEBUG    | core:from_torch_and_dump:707 - Generating cache for /localdev/ctr-apbernal/tt_cache/Qwen/Qwen3-32B/TG/tensor_cache_bfp8/layers.15.feed_forward.w3_interleavedprefetcher_dtype_BFLOAT8_B_layout_TILE.tensorbin of shape Shape([1, 1, 1280, 3200]), dtype BFLOAT8_B, layout TILE
2026-08-29 10:41:38.959 | DEBUG    | core:from_torch_and_dump:707 - Generating cache for /localdev/ctr-apbernal/tt_cache/Qwen/Qwen3-32B/TG/tensor_cache_bfp8/layers.15.attention_norm.weight_dtype_BFLOAT16_layout_ROW_MAJOR.tensorbin of shape Shape([1, 1, 160, 32]), dtype BFLOAT16, layout ROW_MAJOR
2026-08-29 10:41:38.960 | DEBUG    | core:from_torch_and_dump:707 - Generating cache for /localdev/ctr-apbernal/tt_cache/Qwen/Qwen3-32B/TG/tensor_cache_bfp8/layers.15.attention_norm.weight_distributed_dtype_BFLOAT16_layout_ROW_MAJOR.tensorbin of shape Shape([1, 1, 40, 32]), dtype BFLOAT16, layout ROW_MAJOR
2026-08-29 10:41:38.960 | DEBUG    | core:from_torch_and_dump:707 - Generating cache for /localdev/ctr-apbernal/tt_cache/Qwen/Qwen3-32B/TG/tensor_cache_bfp8/layers.15.ffn_norm.weight_dtype_BFLOAT16_layout_ROW_MAJOR.tensorbin of shape Shape([1, 1, 160, 32]), dtype BFLOAT16, layout ROW_MAJOR
2026-08-29 10:41:38.961 | DEBUG    | core:from_torch_and_dump:707 - Generating cache for /localdev/ctr-apbernal/tt_cache/Qwen/Qwen3-32B/TG/tensor_cache_bfp8/layers.15.ffn_norm.weight_distributed_dtype_BFLOAT16_layout_ROW_MAJOR.tensorbin of shape Shape([1, 1, 40, 32]), dtype BFLOAT16, layout ROW_MAJOR
 25%|██▌       | 16/64 [01:57<05:49,  7.28s/it]2026-08-29 10:41:39.398 | DEBUG    | core:from_torch_and_dump:707 - Generating cache for /localdev/ctr-apbernal/tt_cache/Qwen/Qwen3-32B/TG/tensor_cache_bfp8/layers.16.attention.wqkv_sharded_2d_prefetcher_dtype_BFLOAT8_B_layout_TILE.tensorbin of shape Shape([1, 1, 1280, 1280]), dtype BFLOAT8_B, layout TILE
2026-08-29 10:41:39.847 | DEBUG    | core:from_torch_and_dump:707 - Generating cache for /localdev/ctr-apbernal/tt_cache/Qwen/Qwen3-32B/TG/tensor_cache_bfp8/layers.16.attention.wqkv_sharded_2d_dram_dtype_BFLOAT8_B_layout_TILE.tensorbin of shape Shape([1, 1, 1280, 1280]), dtype BFLOAT8_B, layout TILE
2026-08-29 10:41:40.258 | DEBUG    | core:from_torch_and_dump:707 - Generating cache for /localdev/ctr-apbernal/tt_cache/Qwen/Qwen3-32B/TG/tensor_cache_bfp8/layers.16.attention.wo_width_sharded_2d_prefetcher_dtype_BFLOAT8_B_layout_TILE.tensorbin of shape Shape([1, 1, 1024, 1280]), dtype BFLOAT8_B, layout TILE
2026-08-29 10:41:40.639 | DEBUG    | core:from_torch_and_dump:707 - Generating cache for /localdev/ctr-apbernal/tt_cache/Qwen/Qwen3-32B/TG/tensor_cache_bfp8/layers.16.attention.wo_width_sharded_2d_dram_dtype_BFLOAT8_B_layout_TILE.tensorbin of shape Shape([1, 1, 1024, 1280]), dtype BFLOAT8_B, layout TILE
2026-08-29 10:41:41.034 | DEBUG    | core:from_torch_and_dump:707 - Generating cache for /localdev/ctr-apbernal/tt_cache/Qwen/Qwen3-32B/TG/tensor_cache_bfp8/layers.16.attention.wo_col_sharded_dram_dtype_BFLOAT8_B_layout_TILE.tensorbin of shape Shape([1, 1, 8192, 1280]), dtype BFLOAT8_B, layout TILE
2026-08-29 10:41:41.081 | DEBUG    | core:as_tensor:724 - Loaded cache for /localdev/ctr-apbernal/tt_cache/Qwen/Qwen3-32B/TG/tensor_cache_bfp8/kvcache_torch.Size([2048, 1, 64, 128])_dtype_BFLOAT8_B_layout_TILE.tensorbin of shape Shape([2048, 1, 64, 128])
2026-08-29 10:41:41.089 | DEBUG    | core:as_tensor:724 - Loaded cache for /localdev/ctr-apbernal/tt_cache/Qwen/Qwen3-32B/TG/tensor_cache_bfp8/kvcache_torch.Size([2048, 1, 64, 128])_dtype_BFLOAT8_B_layout_TILE.tensorbin of shape Shape([2048, 1, 64, 128])
2026-08-29 10:41:41.531 | DEBUG    | core:from_torch_and_dump:707 - Generating cache for /localdev/ctr-apbernal/tt_cache/Qwen/Qwen3-32B/TG/tensor_cache_bfp8/layers.16.feed_forward.w1_shardedprefetcher_dtype_BFLOAT16_layout_TILE.tensorbin of shape Shape([1, 1, 1280, 3200]), dtype BFLOAT16, layout TILE
2026-08-29 10:41:42.065 | DEBUG    | core:from_torch_and_dump:707 - Generating cache for /localdev/ctr-apbernal/tt_cache/Qwen/Qwen3-32B/TG/tensor_cache_bfp8/layers.16.feed_forward.w2_shardedprefetcher_dtype_BFLOAT16_layout_TILE.tensorbin of shape Shape([1, 1, 3200, 1280]), dtype BFLOAT16, layout TILE
2026-08-29 10:41:42.603 | DEBUG    | core:from_torch_and_dump:707 - Generating cache for /localdev/ctr-apbernal/tt_cache/Qwen/Qwen3-32B/TG/tensor_cache_bfp8/layers.16.feed_forward.w3_shardedprefetcher_dtype_BFLOAT16_layout_TILE.tensorbin of shape Shape([1, 1, 1280, 3200]), dtype BFLOAT16, layout TILE
2026-08-29 10:41:43.804 | DEBUG    | core:from_torch_and_dump:707 - Generating cache for /localdev/ctr-apbernal/tt_cache/Qwen/Qwen3-32B/TG/tensor_cache_bfp8/layers.16.feed_forward.w1_interleavedprefetcher_dtype_BFLOAT8_B_layout_TILE.tensorbin of shape Shape([1, 1, 1280, 3200]), dtype BFLOAT8_B, layout TILE
2026-08-29 10:41:44.965 | DEBUG    | core:from_torch_and_dump:707 - Generating cache for /localdev/ctr-apbernal/tt_cache/Qwen/Qwen3-32B/TG/tensor_cache_bfp8/layers.16.feed_forward.w2_interleavedprefetcher_dtype_BFLOAT8_B_layout_TILE.tensorbin of shape Shape([1, 1, 3200, 1280]), dtype BFLOAT8_B, layout TILE
2026-08-29 10:41:46.120 | DEBUG    | core:from_torch_and_dump:707 - Generating cache for /localdev/ctr-apbernal/tt_cache/Qwen/Qwen3-32B/TG/tensor_cache_bfp8/layers.16.feed_forward.w3_interleavedprefetcher_dtype_BFLOAT8_B_layout_TILE.tensorbin of shape Shape([1, 1, 1280, 3200]), dtype BFLOAT8_B, layout TILE
2026-08-29 10:41:46.177 | DEBUG    | core:from_torch_and_dump:707 - Generating cache for /localdev/ctr-apbernal/tt_cache/Qwen/Qwen3-32B/TG/tensor_cache_bfp8/layers.16.attention_norm.weight_dtype_BFLOAT16_layout_ROW_MAJOR.tensorbin of shape Shape([1, 1, 160, 32]), dtype BFLOAT16, layout ROW_MAJOR
2026-08-29 10:41:46.178 | DEBUG    | core:from_torch_and_dump:707 - Generating cache for /localdev/ctr-apbernal/tt_cache/Qwen/Qwen3-32B/TG/tensor_cache_bfp8/layers.16.attention_norm.weight_distributed_dtype_BFLOAT16_layout_ROW_MAJOR.tensorbin of shape Shape([1, 1, 40, 32]), dtype BFLOAT16, layout ROW_MAJOR
2026-08-29 10:41:46.178 | DEBUG    | core:from_torch_and_dump:707 - Generating cache for /localdev/ctr-apbernal/tt_cache/Qwen/Qwen3-32B/TG/tensor_cache_bfp8/layers.16.ffn_norm.weight_dtype_BFLOAT16_layout_ROW_MAJOR.tensorbin of shape Shape([1, 1, 160, 32]), dtype BFLOAT16, layout ROW_MAJOR
2026-08-29 10:41:46.179 | DEBUG    | core:from_torch_and_dump:707 - Generating cache for /localdev/ctr-apbernal/tt_cache/Qwen/Qwen3-32B/TG/tensor_cache_bfp8/layers.16.ffn_norm.weight_distributed_dtype_BFLOAT16_layout_ROW_MAJOR.tensorbin of shape Shape([1, 1, 40, 32]), dtype BFLOAT16, layout ROW_MAJOR
 27%|██▋       | 17/64 [02:04<05:41,  7.26s/it]2026-08-29 10:41:46.618 | DEBUG    | core:from_torch_and_dump:707 - Generating cache for /localdev/ctr-apbernal/tt_cache/Qwen/Qwen3-32B/TG/tensor_cache_bfp8/layers.17.attention.wqkv_sharded_2d_prefetcher_dtype_BFLOAT8_B_layout_TILE.tensorbin of shape Shape([1, 1, 1280, 1280]), dtype BFLOAT8_B, layout TILE
2026-08-29 10:41:47.067 | DEBUG    | core:from_torch_and_dump:707 - Generating cache for /localdev/ctr-apbernal/tt_cache/Qwen/Qwen3-32B/TG/tensor_cache_bfp8/layers.17.attention.wqkv_sharded_2d_dram_dtype_BFLOAT8_B_layout_TILE.tensorbin of shape Shape([1, 1, 1280, 1280]), dtype BFLOAT8_B, layout TILE
2026-08-29 10:41:47.477 | DEBUG    | core:from_torch_and_dump:707 - Generating cache for /localdev/ctr-apbernal/tt_cache/Qwen/Qwen3-32B/TG/tensor_cache_bfp8/layers.17.attention.wo_width_sharded_2d_prefetcher_dtype_BFLOAT8_B_layout_TILE.tensorbin of shape Shape([1, 1, 1024, 1280]), dtype BFLOAT8_B, layout TILE
2026-08-29 10:41:47.854 | DEBUG    | core:from_torch_and_dump:707 - Generating cache for /localdev/ctr-apbernal/tt_cache/Qwen/Qwen3-32B/TG/tensor_cache_bfp8/layers.17.attention.wo_width_sharded_2d_dram_dtype_BFLOAT8_B_layout_TILE.tensorbin of shape Shape([1, 1, 1024, 1280]), dtype BFLOAT8_B, layout TILE
2026-08-29 10:41:48.253 | DEBUG    | core:from_torch_and_dump:707 - Generating cache for /localdev/ctr-apbernal/tt_cache/Qwen/Qwen3-32B/TG/tensor_cache_bfp8/layers.17.attention.wo_col_sharded_dram_dtype_BFLOAT8_B_layout_TILE.tensorbin of shape Shape([1, 1, 8192, 1280]), dtype BFLOAT8_B, layout TILE
2026-08-29 10:41:48.298 | DEBUG    | core:as_tensor:724 - Loaded cache for /localdev/ctr-apbernal/tt_cache/Qwen/Qwen3-32B/TG/tensor_cache_bfp8/kvcache_torch.Size([2048, 1, 64, 128])_dtype_BFLOAT8_B_layout_TILE.tensorbin of shape Shape([2048, 1, 64, 128])
2026-08-29 10:41:48.306 | DEBUG    | core:as_tensor:724 - Loaded cache for /localdev/ctr-apbernal/tt_cache/Qwen/Qwen3-32B/TG/tensor_cache_bfp8/kvcache_torch.Size([2048, 1, 64, 128])_dtype_BFLOAT8_B_layout_TILE.tensorbin of shape Shape([2048, 1, 64, 128])
2026-08-29 10:41:48.742 | DEBUG    | core:from_torch_and_dump:707 - Generating cache for /localdev/ctr-apbernal/tt_cache/Qwen/Qwen3-32B/TG/tensor_cache_bfp8/layers.17.feed_forward.w1_shardedprefetcher_dtype_BFLOAT16_layout_TILE.tensorbin of shape Shape([1, 1, 1280, 3200]), dtype BFLOAT16, layout TILE
2026-08-29 10:41:49.274 | DEBUG    | core:from_torch_and_dump:707 - Generating cache for /localdev/ctr-apbernal/tt_cache/Qwen/Qwen3-32B/TG/tensor_cache_bfp8/layers.17.feed_forward.w2_shardedprefetcher_dtype_BFLOAT16_layout_TILE.tensorbin of shape Shape([1, 1, 3200, 1280]), dtype BFLOAT16, layout TILE
2026-08-29 10:41:49.827 | DEBUG    | core:from_torch_and_dump:707 - Generating cache for /localdev/ctr-apbernal/tt_cache/Qwen/Qwen3-32B/TG/tensor_cache_bfp8/layers.17.feed_forward.w3_shardedprefetcher_dtype_BFLOAT16_layout_TILE.tensorbin of shape Shape([1, 1, 1280, 3200]), dtype BFLOAT16, layout TILE
2026-08-29 10:41:51.027 | DEBUG    | core:from_torch_and_dump:707 - Generating cache for /localdev/ctr-apbernal/tt_cache/Qwen/Qwen3-32B/TG/tensor_cache_bfp8/layers.17.feed_forward.w1_interleavedprefetcher_dtype_BFLOAT8_B_layout_TILE.tensorbin of shape Shape([1, 1, 1280, 3200]), dtype BFLOAT8_B, layout TILE
2026-08-29 10:41:52.203 | DEBUG    | core:from_torch_and_dump:707 - Generating cache for /localdev/ctr-apbernal/tt_cache/Qwen/Qwen3-32B/TG/tensor_cache_bfp8/layers.17.feed_forward.w2_interleavedprefetcher_dtype_BFLOAT8_B_layout_TILE.tensorbin of shape Shape([1, 1, 3200, 1280]), dtype BFLOAT8_B, layout TILE
2026-08-29 10:41:53.365 | DEBUG    | core:from_torch_and_dump:707 - Generating cache for /localdev/ctr-apbernal/tt_cache/Qwen/Qwen3-32B/TG/tensor_cache_bfp8/layers.17.feed_forward.w3_interleavedprefetcher_dtype_BFLOAT8_B_layout_TILE.tensorbin of shape Shape([1, 1, 1280, 3200]), dtype BFLOAT8_B, layout TILE
2026-08-29 10:41:53.423 | DEBUG    | core:from_torch_and_dump:707 - Generating cache for /localdev/ctr-apbernal/tt_cache/Qwen/Qwen3-32B/TG/tensor_cache_bfp8/layers.17.attention_norm.weight_dtype_BFLOAT16_layout_ROW_MAJOR.tensorbin of shape Shape([1, 1, 160, 32]), dtype BFLOAT16, layout ROW_MAJOR
2026-08-29 10:41:53.423 | DEBUG    | core:from_torch_and_dump:707 - Generating cache for /localdev/ctr-apbernal/tt_cache/Qwen/Qwen3-32B/TG/tensor_cache_bfp8/layers.17.attention_norm.weight_distributed_dtype_BFLOAT16_layout_ROW_MAJOR.tensorbin of shape Shape([1, 1, 40, 32]), dtype BFLOAT16, layout ROW_MAJOR
2026-08-29 10:41:53.424 | DEBUG    | core:from_torch_and_dump:707 - Generating cache for /localdev/ctr-apbernal/tt_cache/Qwen/Qwen3-32B/TG/tensor_cache_bfp8/layers.17.ffn_norm.weight_dtype_BFLOAT16_layout_ROW_MAJOR.tensorbin of shape Shape([1, 1, 160, 32]), dtype BFLOAT16, layout ROW_MAJOR
2026-08-29 10:41:53.424 | DEBUG    | core:from_torch_and_dump:707 - Generating cache for /localdev/ctr-apbernal/tt_cache/Qwen/Qwen3-32B/TG/tensor_cache_bfp8/layers.17.ffn_norm.weight_distributed_dtype_BFLOAT16_layout_ROW_MAJOR.tensorbin of shape Shape([1, 1, 40, 32]), dtype BFLOAT16, layout ROW_MAJOR
 28%|██▊       | 18/64 [02:12<05:33,  7.26s/it]2026-08-29 10:41:53.864 | DEBUG    | core:from_torch_and_dump:707 - Generating cache for /localdev/ctr-apbernal/tt_cache/Qwen/Qwen3-32B/TG/tensor_cache_bfp8/layers.18.attention.wqkv_sharded_2d_prefetcher_dtype_BFLOAT8_B_layout_TILE.tensorbin of shape Shape([1, 1, 1280, 1280]), dtype BFLOAT8_B, layout TILE
2026-08-29 10:41:54.323 | DEBUG    | core:from_torch_and_dump:707 - Generating cache for /localdev/ctr-apbernal/tt_cache/Qwen/Qwen3-32B/TG/tensor_cache_bfp8/layers.18.attention.wqkv_sharded_2d_dram_dtype_BFLOAT8_B_layout_TILE.tensorbin of shape Shape([1, 1, 1280, 1280]), dtype BFLOAT8_B, layout TILE
2026-08-29 10:41:54.737 | DEBUG    | core:from_torch_and_dump:707 - Generating cache for /localdev/ctr-apbernal/tt_cache/Qwen/Qwen3-32B/TG/tensor_cache_bfp8/layers.18.attention.wo_width_sharded_2d_prefetcher_dtype_BFLOAT8_B_layout_TILE.tensorbin of shape Shape([1, 1, 1024, 1280]), dtype BFLOAT8_B, layout TILE
2026-08-29 10:41:55.122 | DEBUG    | core:from_torch_and_dump:707 - Generating cache for /localdev/ctr-apbernal/tt_cache/Qwen/Qwen3-32B/TG/tensor_cache_bfp8/layers.18.attention.wo_width_sharded_2d_dram_dtype_BFLOAT8_B_layout_TILE.tensorbin of shape Shape([1, 1, 1024, 1280]), dtype BFLOAT8_B, layout TILE
2026-08-29 10:41:55.525 | DEBUG    | core:from_torch_and_dump:707 - Generating cache for /localdev/ctr-apbernal/tt_cache/Qwen/Qwen3-32B/TG/tensor_cache_bfp8/layers.18.attention.wo_col_sharded_dram_dtype_BFLOAT8_B_layout_TILE.tensorbin of shape Shape([1, 1, 8192, 1280]), dtype BFLOAT8_B, layout TILE
2026-08-29 10:41:55.572 | DEBUG    | core:as_tensor:724 - Loaded cache for /localdev/ctr-apbernal/tt_cache/Qwen/Qwen3-32B/TG/tensor_cache_bfp8/kvcache_torch.Size([2048, 1, 64, 128])_dtype_BFLOAT8_B_layout_TILE.tensorbin of shape Shape([2048, 1, 64, 128])
2026-08-29 10:41:55.579 | DEBUG    | core:as_tensor:724 - Loaded cache for /localdev/ctr-apbernal/tt_cache/Qwen/Qwen3-32B/TG/tensor_cache_bfp8/kvcache_torch.Size([2048, 1, 64, 128])_dtype_BFLOAT8_B_layout_TILE.tensorbin of shape Shape([2048, 1, 64, 128])
2026-08-29 10:41:56.021 | DEBUG    | core:from_torch_and_dump:707 - Generating cache for /localdev/ctr-apbernal/tt_cache/Qwen/Qwen3-32B/TG/tensor_cache_bfp8/layers.18.feed_forward.w1_shardedprefetcher_dtype_BFLOAT16_layout_TILE.tensorbin of shape Shape([1, 1, 1280, 3200]), dtype BFLOAT16, layout TILE
2026-08-29 10:41:56.547 | DEBUG    | core:from_torch_and_dump:707 - Generating cache for /localdev/ctr-apbernal/tt_cache/Qwen/Qwen3-32B/TG/tensor_cache_bfp8/layers.18.feed_forward.w2_shardedprefetcher_dtype_BFLOAT16_layout_TILE.tensorbin of shape Shape([1, 1, 3200, 1280]), dtype BFLOAT16, layout TILE
2026-08-29 10:41:57.076 | DEBUG    | core:from_torch_and_dump:707 - Generating cache for /localdev/ctr-apbernal/tt_cache/Qwen/Qwen3-32B/TG/tensor_cache_bfp8/layers.18.feed_forward.w3_shardedprefetcher_dtype_BFLOAT16_layout_TILE.tensorbin of shape Shape([1, 1, 1280, 3200]), dtype BFLOAT16, layout TILE
2026-08-29 10:41:58.300 | DEBUG    | core:from_torch_and_dump:707 - Generating cache for /localdev/ctr-apbernal/tt_cache/Qwen/Qwen3-32B/TG/tensor_cache_bfp8/layers.18.feed_forward.w1_interleavedprefetcher_dtype_BFLOAT8_B_layout_TILE.tensorbin of shape Shape([1, 1, 1280, 3200]), dtype BFLOAT8_B, layout TILE
2026-08-29 10:41:59.453 | DEBUG    | core:from_torch_and_dump:707 - Generating cache for /localdev/ctr-apbernal/tt_cache/Qwen/Qwen3-32B/TG/tensor_cache_bfp8/layers.18.feed_forward.w2_interleavedprefetcher_dtype_BFLOAT8_B_layout_TILE.tensorbin of shape Shape([1, 1, 3200, 1280]), dtype BFLOAT8_B, layout TILE
2026-08-29 10:42:00.594 | DEBUG    | core:from_torch_and_dump:707 - Generating cache for /localdev/ctr-apbernal/tt_cache/Qwen/Qwen3-32B/TG/tensor_cache_bfp8/layers.18.feed_forward.w3_interleavedprefetcher_dtype_BFLOAT8_B_layout_TILE.tensorbin of shape Shape([1, 1, 1280, 3200]), dtype BFLOAT8_B, layout TILE
2026-08-29 10:42:00.651 | DEBUG    | core:from_torch_and_dump:707 - Generating cache for /localdev/ctr-apbernal/tt_cache/Qwen/Qwen3-32B/TG/tensor_cache_bfp8/layers.18.attention_norm.weight_dtype_BFLOAT16_layout_ROW_MAJOR.tensorbin of shape Shape([1, 1, 160, 32]), dtype BFLOAT16, layout ROW_MAJOR
2026-08-29 10:42:00.652 | DEBUG    | core:from_torch_and_dump:707 - Generating cache for /localdev/ctr-apbernal/tt_cache/Qwen/Qwen3-32B/TG/tensor_cache_bfp8/layers.18.attention_norm.weight_distributed_dtype_BFLOAT16_layout_ROW_MAJOR.tensorbin of shape Shape([1, 1, 40, 32]), dtype BFLOAT16, layout ROW_MAJOR
2026-08-29 10:42:00.652 | DEBUG    | core:from_torch_and_dump:707 - Generating cache for /localdev/ctr-apbernal/tt_cache/Qwen/Qwen3-32B/TG/tensor_cache_bfp8/layers.18.ffn_norm.weight_dtype_BFLOAT16_layout_ROW_MAJOR.tensorbin of shape Shape([1, 1, 160, 32]), dtype BFLOAT16, layout ROW_MAJOR
2026-08-29 10:42:00.653 | DEBUG    | core:from_torch_and_dump:707 - Generating cache for /localdev/ctr-apbernal/tt_cache/Qwen/Qwen3-32B/TG/tensor_cache_bfp8/layers.18.ffn_norm.weight_distributed_dtype_BFLOAT16_layout_ROW_MAJOR.tensorbin of shape Shape([1, 1, 40, 32]), dtype BFLOAT16, layout ROW_MAJOR
 30%|██▉       | 19/64 [02:19<05:26,  7.25s/it]2026-08-29 10:42:01.093 | DEBUG    | core:from_torch_and_dump:707 - Generating cache for /localdev/ctr-apbernal/tt_cache/Qwen/Qwen3-32B/TG/tensor_cache_bfp8/layers.19.attention.wqkv_sharded_2d_prefetcher_dtype_BFLOAT8_B_layout_TILE.tensorbin of shape Shape([1, 1, 1280, 1280]), dtype BFLOAT8_B, layout TILE
2026-08-29 10:42:01.542 | DEBUG    | core:from_torch_and_dump:707 - Generating cache for /localdev/ctr-apbernal/tt_cache/Qwen/Qwen3-32B/TG/tensor_cache_bfp8/layers.19.attention.wqkv_sharded_2d_dram_dtype_BFLOAT8_B_layout_TILE.tensorbin of shape Shape([1, 1, 1280, 1280]), dtype BFLOAT8_B, layout TILE
2026-08-29 10:42:01.957 | DEBUG    | core:from_torch_and_dump:707 - Generating cache for /localdev/ctr-apbernal/tt_cache/Qwen/Qwen3-32B/TG/tensor_cache_bfp8/layers.19.attention.wo_width_sharded_2d_prefetcher_dtype_BFLOAT8_B_layout_TILE.tensorbin of shape Shape([1, 1, 1024, 1280]), dtype BFLOAT8_B, layout TILE
2026-08-29 10:42:02.338 | DEBUG    | core:from_torch_and_dump:707 - Generating cache for /localdev/ctr-apbernal/tt_cache/Qwen/Qwen3-32B/TG/tensor_cache_bfp8/layers.19.attention.wo_width_sharded_2d_dram_dtype_BFLOAT8_B_layout_TILE.tensorbin of shape Shape([1, 1, 1024, 1280]), dtype BFLOAT8_B, layout TILE
2026-08-29 10:42:02.732 | DEBUG    | core:from_torch_and_dump:707 - Generating cache for /localdev/ctr-apbernal/tt_cache/Qwen/Qwen3-32B/TG/tensor_cache_bfp8/layers.19.attention.wo_col_sharded_dram_dtype_BFLOAT8_B_layout_TILE.tensorbin of shape Shape([1, 1, 8192, 1280]), dtype BFLOAT8_B, layout TILE
2026-08-29 10:42:02.779 | DEBUG    | core:as_tensor:724 - Loaded cache for /localdev/ctr-apbernal/tt_cache/Qwen/Qwen3-32B/TG/tensor_cache_bfp8/kvcache_torch.Size([2048, 1, 64, 128])_dtype_BFLOAT8_B_layout_TILE.tensorbin of shape Shape([2048, 1, 64, 128])
2026-08-29 10:42:02.785 | DEBUG    | core:as_tensor:724 - Loaded cache for /localdev/ctr-apbernal/tt_cache/Qwen/Qwen3-32B/TG/tensor_cache_bfp8/kvcache_torch.Size([2048, 1, 64, 128])_dtype_BFLOAT8_B_layout_TILE.tensorbin of shape Shape([2048, 1, 64, 128])
2026-08-29 10:42:03.214 | DEBUG    | core:from_torch_and_dump:707 - Generating cache for /localdev/ctr-apbernal/tt_cache/Qwen/Qwen3-32B/TG/tensor_cache_bfp8/layers.19.feed_forward.w1_shardedprefetcher_dtype_BFLOAT16_layout_TILE.tensorbin of shape Shape([1, 1, 1280, 3200]), dtype BFLOAT16, layout TILE
2026-08-29 10:42:03.737 | DEBUG    | core:from_torch_and_dump:707 - Generating cache for /localdev/ctr-apbernal/tt_cache/Qwen/Qwen3-32B/TG/tensor_cache_bfp8/layers.19.feed_forward.w2_shardedprefetcher_dtype_BFLOAT16_layout_TILE.tensorbin of shape Shape([1, 1, 3200, 1280]), dtype BFLOAT16, layout TILE
2026-08-29 10:42:04.262 | DEBUG    | core:from_torch_and_dump:707 - Generating cache for /localdev/ctr-apbernal/tt_cache/Qwen/Qwen3-32B/TG/tensor_cache_bfp8/layers.19.feed_forward.w3_shardedprefetcher_dtype_BFLOAT16_layout_TILE.tensorbin of shape Shape([1, 1, 1280, 3200]), dtype BFLOAT16, layout TILE
2026-08-29 10:42:05.470 | DEBUG    | core:from_torch_and_dump:707 - Generating cache for /localdev/ctr-apbernal/tt_cache/Qwen/Qwen3-32B/TG/tensor_cache_bfp8/layers.19.feed_forward.w1_interleavedprefetcher_dtype_BFLOAT8_B_layout_TILE.tensorbin of shape Shape([1, 1, 1280, 3200]), dtype BFLOAT8_B, layout TILE
2026-08-29 10:42:06.620 | DEBUG    | core:from_torch_and_dump:707 - Generating cache for /localdev/ctr-apbernal/tt_cache/Qwen/Qwen3-32B/TG/tensor_cache_bfp8/layers.19.feed_forward.w2_interleavedprefetcher_dtype_BFLOAT8_B_layout_TILE.tensorbin of shape Shape([1, 1, 3200, 1280]), dtype BFLOAT8_B, layout TILE
2026-08-29 10:42:07.765 | DEBUG    | core:from_torch_and_dump:707 - Generating cache for /localdev/ctr-apbernal/tt_cache/Qwen/Qwen3-32B/TG/tensor_cache_bfp8/layers.19.feed_forward.w3_interleavedprefetcher_dtype_BFLOAT8_B_layout_TILE.tensorbin of shape Shape([1, 1, 1280, 3200]), dtype BFLOAT8_B, layout TILE
2026-08-29 10:42:07.823 | DEBUG    | core:from_torch_and_dump:707 - Generating cache for /localdev/ctr-apbernal/tt_cache/Qwen/Qwen3-32B/TG/tensor_cache_bfp8/layers.19.attention_norm.weight_dtype_BFLOAT16_layout_ROW_MAJOR.tensorbin of shape Shape([1, 1, 160, 32]), dtype BFLOAT16, layout ROW_MAJOR
2026-08-29 10:42:07.824 | DEBUG    | core:from_torch_and_dump:707 - Generating cache for /localdev/ctr-apbernal/tt_cache/Qwen/Qwen3-32B/TG/tensor_cache_bfp8/layers.19.attention_norm.weight_distributed_dtype_BFLOAT16_layout_ROW_MAJOR.tensorbin of shape Shape([1, 1, 40, 32]), dtype BFLOAT16, layout ROW_MAJOR
2026-08-29 10:42:07.824 | DEBUG    | core:from_torch_and_dump:707 - Generating cache for /localdev/ctr-apbernal/tt_cache/Qwen/Qwen3-32B/TG/tensor_cache_bfp8/layers.19.ffn_norm.weight_dtype_BFLOAT16_layout_ROW_MAJOR.tensorbin of shape Shape([1, 1, 160, 32]), dtype BFLOAT16, layout ROW_MAJOR
2026-08-29 10:42:07.825 | DEBUG    | core:from_torch_and_dump:707 - Generating cache for /localdev/ctr-apbernal/tt_cache/Qwen/Qwen3-32B/TG/tensor_cache_bfp8/layers.19.ffn_norm.weight_distributed_dtype_BFLOAT16_layout_ROW_MAJOR.tensorbin of shape Shape([1, 1, 40, 32]), dtype BFLOAT16, layout ROW_MAJOR
 31%|███▏      | 20/64 [02:26<05:17,  7.23s/it]2026-08-29 10:42:08.263 | DEBUG    | core:from_torch_and_dump:707 - Generating cache for /localdev/ctr-apbernal/tt_cache/Qwen/Qwen3-32B/TG/tensor_cache_bfp8/layers.20.attention.wqkv_sharded_2d_prefetcher_dtype_BFLOAT8_B_layout_TILE.tensorbin of shape Shape([1, 1, 1280, 1280]), dtype BFLOAT8_B, layout TILE
2026-08-29 10:42:08.712 | DEBUG    | core:from_torch_and_dump:707 - Generating cache for /localdev/ctr-apbernal/tt_cache/Qwen/Qwen3-32B/TG/tensor_cache_bfp8/layers.20.attention.wqkv_sharded_2d_dram_dtype_BFLOAT8_B_layout_TILE.tensorbin of shape Shape([1, 1, 1280, 1280]), dtype BFLOAT8_B, layout TILE
2026-08-29 10:42:09.130 | DEBUG    | core:from_torch_and_dump:707 - Generating cache for /localdev/ctr-apbernal/tt_cache/Qwen/Qwen3-32B/TG/tensor_cache_bfp8/layers.20.attention.wo_width_sharded_2d_prefetcher_dtype_BFLOAT8_B_layout_TILE.tensorbin of shape Shape([1, 1, 1024, 1280]), dtype BFLOAT8_B, layout TILE
2026-08-29 10:42:09.506 | DEBUG    | core:from_torch_and_dump:707 - Generating cache for /localdev/ctr-apbernal/tt_cache/Qwen/Qwen3-32B/TG/tensor_cache_bfp8/layers.20.attention.wo_width_sharded_2d_dram_dtype_BFLOAT8_B_layout_TILE.tensorbin of shape Shape([1, 1, 1024, 1280]), dtype BFLOAT8_B, layout TILE
2026-08-29 10:42:09.903 | DEBUG    | core:from_torch_and_dump:707 - Generating cache for /localdev/ctr-apbernal/tt_cache/Qwen/Qwen3-32B/TG/tensor_cache_bfp8/layers.20.attention.wo_col_sharded_dram_dtype_BFLOAT8_B_layout_TILE.tensorbin of shape Shape([1, 1, 8192, 1280]), dtype BFLOAT8_B, layout TILE
2026-08-29 10:42:09.951 | DEBUG    | core:as_tensor:724 - Loaded cache for /localdev/ctr-apbernal/tt_cache/Qwen/Qwen3-32B/TG/tensor_cache_bfp8/kvcache_torch.Size([2048, 1, 64, 128])_dtype_BFLOAT8_B_layout_TILE.tensorbin of shape Shape([2048, 1, 64, 128])
2026-08-29 10:42:09.958 | DEBUG    | core:as_tensor:724 - Loaded cache for /localdev/ctr-apbernal/tt_cache/Qwen/Qwen3-32B/TG/tensor_cache_bfp8/kvcache_torch.Size([2048, 1, 64, 128])_dtype_BFLOAT8_B_layout_TILE.tensorbin of shape Shape([2048, 1, 64, 128])
2026-08-29 10:42:10.393 | DEBUG    | core:from_torch_and_dump:707 - Generating cache for /localdev/ctr-apbernal/tt_cache/Qwen/Qwen3-32B/TG/tensor_cache_bfp8/layers.20.feed_forward.w1_shardedprefetcher_dtype_BFLOAT16_layout_TILE.tensorbin of shape Shape([1, 1, 1280, 3200]), dtype BFLOAT16, layout TILE
2026-08-29 10:42:10.912 | DEBUG    | core:from_torch_and_dump:707 - Generating cache for /localdev/ctr-apbernal/tt_cache/Qwen/Qwen3-32B/TG/tensor_cache_bfp8/layers.20.feed_forward.w2_shardedprefetcher_dtype_BFLOAT16_layout_TILE.tensorbin of shape Shape([1, 1, 3200, 1280]), dtype BFLOAT16, layout TILE
2026-08-29 10:42:11.433 | DEBUG    | core:from_torch_and_dump:707 - Generating cache for /localdev/ctr-apbernal/tt_cache/Qwen/Qwen3-32B/TG/tensor_cache_bfp8/layers.20.feed_forward.w3_shardedprefetcher_dtype_BFLOAT16_layout_TILE.tensorbin of shape Shape([1, 1, 1280, 3200]), dtype BFLOAT16, layout TILE
2026-08-29 10:42:12.623 | DEBUG    | core:from_torch_and_dump:707 - Generating cache for /localdev/ctr-apbernal/tt_cache/Qwen/Qwen3-32B/TG/tensor_cache_bfp8/layers.20.feed_forward.w1_interleavedprefetcher_dtype_BFLOAT8_B_layout_TILE.tensorbin of shape Shape([1, 1, 1280, 3200]), dtype BFLOAT8_B, layout TILE
2026-08-29 10:42:13.788 | DEBUG    | core:from_torch_and_dump:707 - Generating cache for /localdev/ctr-apbernal/tt_cache/Qwen/Qwen3-32B/TG/tensor_cache_bfp8/layers.20.feed_forward.w2_interleavedprefetcher_dtype_BFLOAT8_B_layout_TILE.tensorbin of shape Shape([1, 1, 3200, 1280]), dtype BFLOAT8_B, layout TILE
2026-08-29 10:42:14.926 | DEBUG    | core:from_torch_and_dump:707 - Generating cache for /localdev/ctr-apbernal/tt_cache/Qwen/Qwen3-32B/TG/tensor_cache_bfp8/layers.20.feed_forward.w3_interleavedprefetcher_dtype_BFLOAT8_B_layout_TILE.tensorbin of shape Shape([1, 1, 1280, 3200]), dtype BFLOAT8_B, layout TILE
2026-08-29 10:42:14.983 | DEBUG    | core:from_torch_and_dump:707 - Generating cache for /localdev/ctr-apbernal/tt_cache/Qwen/Qwen3-32B/TG/tensor_cache_bfp8/layers.20.attention_norm.weight_dtype_BFLOAT16_layout_ROW_MAJOR.tensorbin of shape Shape([1, 1, 160, 32]), dtype BFLOAT16, layout ROW_MAJOR
2026-08-29 10:42:14.984 | DEBUG    | core:from_torch_and_dump:707 - Generating cache for /localdev/ctr-apbernal/tt_cache/Qwen/Qwen3-32B/TG/tensor_cache_bfp8/layers.20.attention_norm.weight_distributed_dtype_BFLOAT16_layout_ROW_MAJOR.tensorbin of shape Shape([1, 1, 40, 32]), dtype BFLOAT16, layout ROW_MAJOR
2026-08-29 10:42:14.984 | DEBUG    | core:from_torch_and_dump:707 - Generating cache for /localdev/ctr-apbernal/tt_cache/Qwen/Qwen3-32B/TG/tensor_cache_bfp8/layers.20.ffn_norm.weight_dtype_BFLOAT16_layout_ROW_MAJOR.tensorbin of shape Shape([1, 1, 160, 32]), dtype BFLOAT16, layout ROW_MAJOR
2026-08-29 10:42:14.985 | DEBUG    | core:from_torch_and_dump:707 - Generating cache for /localdev/ctr-apbernal/tt_cache/Qwen/Qwen3-32B/TG/tensor_cache_bfp8/layers.20.ffn_norm.weight_distributed_dtype_BFLOAT16_layout_ROW_MAJOR.tensorbin of shape Shape([1, 1, 40, 32]), dtype BFLOAT16, layout ROW_MAJOR
 33%|███▎      | 21/64 [02:33<05:09,  7.21s/it]2026-08-29 10:42:15.424 | DEBUG    | core:from_torch_and_dump:707 - Generating cache for /localdev/ctr-apbernal/tt_cache/Qwen/Qwen3-32B/TG/tensor_cache_bfp8/layers.21.attention.wqkv_sharded_2d_prefetcher_dtype_BFLOAT8_B_layout_TILE.tensorbin of shape Shape([1, 1, 1280, 1280]), dtype BFLOAT8_B, layout TILE
2026-08-29 10:42:15.874 | DEBUG    | core:from_torch_and_dump:707 - Generating cache for /localdev/ctr-apbernal/tt_cache/Qwen/Qwen3-32B/TG/tensor_cache_bfp8/layers.21.attention.wqkv_sharded_2d_dram_dtype_BFLOAT8_B_layout_TILE.tensorbin of shape Shape([1, 1, 1280, 1280]), dtype BFLOAT8_B, layout TILE
2026-08-29 10:42:16.289 | DEBUG    | core:from_torch_and_dump:707 - Generating cache for /localdev/ctr-apbernal/tt_cache/Qwen/Qwen3-32B/TG/tensor_cache_bfp8/layers.21.attention.wo_width_sharded_2d_prefetcher_dtype_BFLOAT8_B_layout_TILE.tensorbin of shape Shape([1, 1, 1024, 1280]), dtype BFLOAT8_B, layout TILE
2026-08-29 10:42:16.667 | DEBUG    | core:from_torch_and_dump:707 - Generating cache for /localdev/ctr-apbernal/tt_cache/Qwen/Qwen3-32B/TG/tensor_cache_bfp8/layers.21.attention.wo_width_sharded_2d_dram_dtype_BFLOAT8_B_layout_TILE.tensorbin of shape Shape([1, 1, 1024, 1280]), dtype BFLOAT8_B, layout TILE
2026-08-29 10:42:17.065 | DEBUG    | core:from_torch_and_dump:707 - Generating cache for /localdev/ctr-apbernal/tt_cache/Qwen/Qwen3-32B/TG/tensor_cache_bfp8/layers.21.attention.wo_col_sharded_dram_dtype_BFLOAT8_B_layout_TILE.tensorbin of shape Shape([1, 1, 8192, 1280]), dtype BFLOAT8_B, layout TILE
2026-08-29 10:42:17.111 | DEBUG    | core:as_tensor:724 - Loaded cache for /localdev/ctr-apbernal/tt_cache/Qwen/Qwen3-32B/TG/tensor_cache_bfp8/kvcache_torch.Size([2048, 1, 64, 128])_dtype_BFLOAT8_B_layout_TILE.tensorbin of shape Shape([2048, 1, 64, 128])
2026-08-29 10:42:17.118 | DEBUG    | core:as_tensor:724 - Loaded cache for /localdev/ctr-apbernal/tt_cache/Qwen/Qwen3-32B/TG/tensor_cache_bfp8/kvcache_torch.Size([2048, 1, 64, 128])_dtype_BFLOAT8_B_layout_TILE.tensorbin of shape Shape([2048, 1, 64, 128])
2026-08-29 10:42:17.548 | DEBUG    | core:from_torch_and_dump:707 - Generating cache for /localdev/ctr-apbernal/tt_cache/Qwen/Qwen3-32B/TG/tensor_cache_bfp8/layers.21.feed_forward.w1_shardedprefetcher_dtype_BFLOAT16_layout_TILE.tensorbin of shape Shape([1, 1, 1280, 3200]), dtype BFLOAT16, layout TILE
2026-08-29 10:42:18.069 | DEBUG    | core:from_torch_and_dump:707 - Generating cache for /localdev/ctr-apbernal/tt_cache/Qwen/Qwen3-32B/TG/tensor_cache_bfp8/layers.21.feed_forward.w2_shardedprefetcher_dtype_BFLOAT16_layout_TILE.tensorbin of shape Shape([1, 1, 3200, 1280]), dtype BFLOAT16, layout TILE
2026-08-29 10:42:18.591 | DEBUG    | core:from_torch_and_dump:707 - Generating cache for /localdev/ctr-apbernal/tt_cache/Qwen/Qwen3-32B/TG/tensor_cache_bfp8/layers.21.feed_forward.w3_shardedprefetcher_dtype_BFLOAT16_layout_TILE.tensorbin of shape Shape([1, 1, 1280, 3200]), dtype BFLOAT16, layout TILE
2026-08-29 10:42:19.786 | DEBUG    | core:from_torch_and_dump:707 - Generating cache for /localdev/ctr-apbernal/tt_cache/Qwen/Qwen3-32B/TG/tensor_cache_bfp8/layers.21.feed_forward.w1_interleavedprefetcher_dtype_BFLOAT8_B_layout_TILE.tensorbin of shape Shape([1, 1, 1280, 3200]), dtype BFLOAT8_B, layout TILE
2026-08-29 10:42:20.947 | DEBUG    | core:from_torch_and_dump:707 - Generating cache for /localdev/ctr-apbernal/tt_cache/Qwen/Qwen3-32B/TG/tensor_cache_bfp8/layers.21.feed_forward.w2_interleavedprefetcher_dtype_BFLOAT8_B_layout_TILE.tensorbin of shape Shape([1, 1, 3200, 1280]), dtype BFLOAT8_B, layout TILE
2026-08-29 10:42:22.087 | DEBUG    | core:from_torch_and_dump:707 - Generating cache for /localdev/ctr-apbernal/tt_cache/Qwen/Qwen3-32B/TG/tensor_cache_bfp8/layers.21.feed_forward.w3_interleavedprefetcher_dtype_BFLOAT8_B_layout_TILE.tensorbin of shape Shape([1, 1, 1280, 3200]), dtype BFLOAT8_B, layout TILE
2026-08-29 10:42:22.144 | DEBUG    | core:from_torch_and_dump:707 - Generating cache for /localdev/ctr-apbernal/tt_cache/Qwen/Qwen3-32B/TG/tensor_cache_bfp8/layers.21.attention_norm.weight_dtype_BFLOAT16_layout_ROW_MAJOR.tensorbin of shape Shape([1, 1, 160, 32]), dtype BFLOAT16, layout ROW_MAJOR
2026-08-29 10:42:22.144 | DEBUG    | core:from_torch_and_dump:707 - Generating cache for /localdev/ctr-apbernal/tt_cache/Qwen/Qwen3-32B/TG/tensor_cache_bfp8/layers.21.attention_norm.weight_distributed_dtype_BFLOAT16_layout_ROW_MAJOR.tensorbin of shape Shape([1, 1, 40, 32]), dtype BFLOAT16, layout ROW_MAJOR
2026-08-29 10:42:22.145 | DEBUG    | core:from_torch_and_dump:707 - Generating cache for /localdev/ctr-apbernal/tt_cache/Qwen/Qwen3-32B/TG/tensor_cache_bfp8/layers.21.ffn_norm.weight_dtype_BFLOAT16_layout_ROW_MAJOR.tensorbin of shape Shape([1, 1, 160, 32]), dtype BFLOAT16, layout ROW_MAJOR
2026-08-29 10:42:22.145 | DEBUG    | core:from_torch_and_dump:707 - Generating cache for /localdev/ctr-apbernal/tt_cache/Qwen/Qwen3-32B/TG/tensor_cache_bfp8/layers.21.ffn_norm.weight_distributed_dtype_BFLOAT16_layout_ROW_MAJOR.tensorbin of shape Shape([1, 1, 40, 32]), dtype BFLOAT16, layout ROW_MAJOR
 34%|███▍      | 22/64 [02:40<05:02,  7.19s/it]2026-08-29 10:42:22.584 | DEBUG    | core:from_torch_and_dump:707 - Generating cache for /localdev/ctr-apbernal/tt_cache/Qwen/Qwen3-32B/TG/tensor_cache_bfp8/layers.22.attention.wqkv_sharded_2d_prefetcher_dtype_BFLOAT8_B_layout_TILE.tensorbin of shape Shape([1, 1, 1280, 1280]), dtype BFLOAT8_B, layout TILE
2026-08-29 10:42:23.037 | DEBUG    | core:from_torch_and_dump:707 - Generating cache for /localdev/ctr-apbernal/tt_cache/Qwen/Qwen3-32B/TG/tensor_cache_bfp8/layers.22.attention.wqkv_sharded_2d_dram_dtype_BFLOAT8_B_layout_TILE.tensorbin of shape Shape([1, 1, 1280, 1280]), dtype BFLOAT8_B, layout TILE
2026-08-29 10:42:23.447 | DEBUG    | core:from_torch_and_dump:707 - Generating cache for /localdev/ctr-apbernal/tt_cache/Qwen/Qwen3-32B/TG/tensor_cache_bfp8/layers.22.attention.wo_width_sharded_2d_prefetcher_dtype_BFLOAT8_B_layout_TILE.tensorbin of shape Shape([1, 1, 1024, 1280]), dtype BFLOAT8_B, layout TILE
2026-08-29 10:42:23.821 | DEBUG    | core:from_torch_and_dump:707 - Generating cache for /localdev/ctr-apbernal/tt_cache/Qwen/Qwen3-32B/TG/tensor_cache_bfp8/layers.22.attention.wo_width_sharded_2d_dram_dtype_BFLOAT8_B_layout_TILE.tensorbin of shape Shape([1, 1, 1024, 1280]), dtype BFLOAT8_B, layout TILE
2026-08-29 10:42:24.219 | DEBUG    | core:from_torch_and_dump:707 - Generating cache for /localdev/ctr-apbernal/tt_cache/Qwen/Qwen3-32B/TG/tensor_cache_bfp8/layers.22.attention.wo_col_sharded_dram_dtype_BFLOAT8_B_layout_TILE.tensorbin of shape Shape([1, 1, 8192, 1280]), dtype BFLOAT8_B, layout TILE
2026-08-29 10:42:24.268 | DEBUG    | core:as_tensor:724 - Loaded cache for /localdev/ctr-apbernal/tt_cache/Qwen/Qwen3-32B/TG/tensor_cache_bfp8/kvcache_torch.Size([2048, 1, 64, 128])_dtype_BFLOAT8_B_layout_TILE.tensorbin of shape Shape([2048, 1, 64, 128])
2026-08-29 10:42:24.274 | DEBUG    | core:as_tensor:724 - Loaded cache for /localdev/ctr-apbernal/tt_cache/Qwen/Qwen3-32B/TG/tensor_cache_bfp8/kvcache_torch.Size([2048, 1, 64, 128])_dtype_BFLOAT8_B_layout_TILE.tensorbin of shape Shape([2048, 1, 64, 128])
2026-08-29 10:42:24.699 | DEBUG    | core:from_torch_and_dump:707 - Generating cache for /localdev/ctr-apbernal/tt_cache/Qwen/Qwen3-32B/TG/tensor_cache_bfp8/layers.22.feed_forward.w1_shardedprefetcher_dtype_BFLOAT16_layout_TILE.tensorbin of shape Shape([1, 1, 1280, 3200]), dtype BFLOAT16, layout TILE
2026-08-29 10:42:25.218 | DEBUG    | core:from_torch_and_dump:707 - Generating cache for /localdev/ctr-apbernal/tt_cache/Qwen/Qwen3-32B/TG/tensor_cache_bfp8/layers.22.feed_forward.w2_shardedprefetcher_dtype_BFLOAT16_layout_TILE.tensorbin of shape Shape([1, 1, 3200, 1280]), dtype BFLOAT16, layout TILE
2026-08-29 10:42:25.740 | DEBUG    | core:from_torch_and_dump:707 - Generating cache for /localdev/ctr-apbernal/tt_cache/Qwen/Qwen3-32B/TG/tensor_cache_bfp8/layers.22.feed_forward.w3_shardedprefetcher_dtype_BFLOAT16_layout_TILE.tensorbin of shape Shape([1, 1, 1280, 3200]), dtype BFLOAT16, layout TILE
2026-08-29 10:42:26.932 | DEBUG    | core:from_torch_and_dump:707 - Generating cache for /localdev/ctr-apbernal/tt_cache/Qwen/Qwen3-32B/TG/tensor_cache_bfp8/layers.22.feed_forward.w1_interleavedprefetcher_dtype_BFLOAT8_B_layout_TILE.tensorbin of shape Shape([1, 1, 1280, 3200]), dtype BFLOAT8_B, layout TILE
2026-08-29 10:42:28.094 | DEBUG    | core:from_torch_and_dump:707 - Generating cache for /localdev/ctr-apbernal/tt_cache/Qwen/Qwen3-32B/TG/tensor_cache_bfp8/layers.22.feed_forward.w2_interleavedprefetcher_dtype_BFLOAT8_B_layout_TILE.tensorbin of shape Shape([1, 1, 3200, 1280]), dtype BFLOAT8_B, layout TILE
2026-08-29 10:42:29.238 | DEBUG    | core:from_torch_and_dump:707 - Generating cache for /localdev/ctr-apbernal/tt_cache/Qwen/Qwen3-32B/TG/tensor_cache_bfp8/layers.22.feed_forward.w3_interleavedprefetcher_dtype_BFLOAT8_B_layout_TILE.tensorbin of shape Shape([1, 1, 1280, 3200]), dtype BFLOAT8_B, layout TILE
2026-08-29 10:42:29.296 | DEBUG    | core:from_torch_and_dump:707 - Generating cache for /localdev/ctr-apbernal/tt_cache/Qwen/Qwen3-32B/TG/tensor_cache_bfp8/layers.22.attention_norm.weight_dtype_BFLOAT16_layout_ROW_MAJOR.tensorbin of shape Shape([1, 1, 160, 32]), dtype BFLOAT16, layout ROW_MAJOR
2026-08-29 10:42:29.297 | DEBUG    | core:from_torch_and_dump:707 - Generating cache for /localdev/ctr-apbernal/tt_cache/Qwen/Qwen3-32B/TG/tensor_cache_bfp8/layers.22.attention_norm.weight_distributed_dtype_BFLOAT16_layout_ROW_MAJOR.tensorbin of shape Shape([1, 1, 40, 32]), dtype BFLOAT16, layout ROW_MAJOR
2026-08-29 10:42:29.297 | DEBUG    | core:from_torch_and_dump:707 - Generating cache for /localdev/ctr-apbernal/tt_cache/Qwen/Qwen3-32B/TG/tensor_cache_bfp8/layers.22.ffn_norm.weight_dtype_BFLOAT16_layout_ROW_MAJOR.tensorbin of shape Shape([1, 1, 160, 32]), dtype BFLOAT16, layout ROW_MAJOR
2026-08-29 10:42:29.298 | DEBUG    | core:from_torch_and_dump:707 - Generating cache for /localdev/ctr-apbernal/tt_cache/Qwen/Qwen3-32B/TG/tensor_cache_bfp8/layers.22.ffn_norm.weight_distributed_dtype_BFLOAT16_layout_ROW_MAJOR.tensorbin of shape Shape([1, 1, 40, 32]), dtype BFLOAT16, layout ROW_MAJOR
 36%|███▌      | 23/64 [02:48<04:54,  7.18s/it]2026-08-29 10:42:29.736 | DEBUG    | core:from_torch_and_dump:707 - Generating cache for /localdev/ctr-apbernal/tt_cache/Qwen/Qwen3-32B/TG/tensor_cache_bfp8/layers.23.attention.wqkv_sharded_2d_prefetcher_dtype_BFLOAT8_B_layout_TILE.tensorbin of shape Shape([1, 1, 1280, 1280]), dtype BFLOAT8_B, layout TILE
2026-08-29 10:42:30.192 | DEBUG    | core:from_torch_and_dump:707 - Generating cache for /localdev/ctr-apbernal/tt_cache/Qwen/Qwen3-32B/TG/tensor_cache_bfp8/layers.23.attention.wqkv_sharded_2d_dram_dtype_BFLOAT8_B_layout_TILE.tensorbin of shape Shape([1, 1, 1280, 1280]), dtype BFLOAT8_B, layout TILE
2026-08-29 10:42:30.605 | DEBUG    | core:from_torch_and_dump:707 - Generating cache for /localdev/ctr-apbernal/tt_cache/Qwen/Qwen3-32B/TG/tensor_cache_bfp8/layers.23.attention.wo_width_sharded_2d_prefetcher_dtype_BFLOAT8_B_layout_TILE.tensorbin of shape Shape([1, 1, 1024, 1280]), dtype BFLOAT8_B, layout TILE
2026-08-29 10:42:30.979 | DEBUG    | core:from_torch_and_dump:707 - Generating cache for /localdev/ctr-apbernal/tt_cache/Qwen/Qwen3-32B/TG/tensor_cache_bfp8/layers.23.attention.wo_width_sharded_2d_dram_dtype_BFLOAT8_B_layout_TILE.tensorbin of shape Shape([1, 1, 1024, 1280]), dtype BFLOAT8_B, layout TILE
2026-08-29 10:42:31.380 | DEBUG    | core:from_torch_and_dump:707 - Generating cache for /localdev/ctr-apbernal/tt_cache/Qwen/Qwen3-32B/TG/tensor_cache_bfp8/layers.23.attention.wo_col_sharded_dram_dtype_BFLOAT8_B_layout_TILE.tensorbin of shape Shape([1, 1, 8192, 1280]), dtype BFLOAT8_B, layout TILE
2026-08-29 10:42:31.428 | DEBUG    | core:as_tensor:724 - Loaded cache for /localdev/ctr-apbernal/tt_cache/Qwen/Qwen3-32B/TG/tensor_cache_bfp8/kvcache_torch.Size([2048, 1, 64, 128])_dtype_BFLOAT8_B_layout_TILE.tensorbin of shape Shape([2048, 1, 64, 128])
2026-08-29 10:42:31.435 | DEBUG    | core:as_tensor:724 - Loaded cache for /localdev/ctr-apbernal/tt_cache/Qwen/Qwen3-32B/TG/tensor_cache_bfp8/kvcache_torch.Size([2048, 1, 64, 128])_dtype_BFLOAT8_B_layout_TILE.tensorbin of shape Shape([2048, 1, 64, 128])
2026-08-29 10:42:31.858 | DEBUG    | core:from_torch_and_dump:707 - Generating cache for /localdev/ctr-apbernal/tt_cache/Qwen/Qwen3-32B/TG/tensor_cache_bfp8/layers.23.feed_forward.w1_shardedprefetcher_dtype_BFLOAT16_layout_TILE.tensorbin of shape Shape([1, 1, 1280, 3200]), dtype BFLOAT16, layout TILE
2026-08-29 10:42:32.373 | DEBUG    | core:from_torch_and_dump:707 - Generating cache for /localdev/ctr-apbernal/tt_cache/Qwen/Qwen3-32B/TG/tensor_cache_bfp8/layers.23.feed_forward.w2_shardedprefetcher_dtype_BFLOAT16_layout_TILE.tensorbin of shape Shape([1, 1, 3200, 1280]), dtype BFLOAT16, layout TILE
2026-08-29 10:42:32.887 | DEBUG    | core:from_torch_and_dump:707 - Generating cache for /localdev/ctr-apbernal/tt_cache/Qwen/Qwen3-32B/TG/tensor_cache_bfp8/layers.23.feed_forward.w3_shardedprefetcher_dtype_BFLOAT16_layout_TILE.tensorbin of shape Shape([1, 1, 1280, 3200]), dtype BFLOAT16, layout TILE
2026-08-29 10:42:34.083 | DEBUG    | core:from_torch_and_dump:707 - Generating cache for /localdev/ctr-apbernal/tt_cache/Qwen/Qwen3-32B/TG/tensor_cache_bfp8/layers.23.feed_forward.w1_interleavedprefetcher_dtype_BFLOAT8_B_layout_TILE.tensorbin of shape Shape([1, 1, 1280, 3200]), dtype BFLOAT8_B, layout TILE
2026-08-29 10:42:35.235 | DEBUG    | core:from_torch_and_dump:707 - Generating cache for /localdev/ctr-apbernal/tt_cache/Qwen/Qwen3-32B/TG/tensor_cache_bfp8/layers.23.feed_forward.w2_interleavedprefetcher_dtype_BFLOAT8_B_layout_TILE.tensorbin of shape Shape([1, 1, 3200, 1280]), dtype BFLOAT8_B, layout TILE
2026-08-29 10:42:36.376 | DEBUG    | core:from_torch_and_dump:707 - Generating cache for /localdev/ctr-apbernal/tt_cache/Qwen/Qwen3-32B/TG/tensor_cache_bfp8/layers.23.feed_forward.w3_interleavedprefetcher_dtype_BFLOAT8_B_layout_TILE.tensorbin of shape Shape([1, 1, 1280, 3200]), dtype BFLOAT8_B, layout TILE
2026-08-29 10:42:36.434 | DEBUG    | core:from_torch_and_dump:707 - Generating cache for /localdev/ctr-apbernal/tt_cache/Qwen/Qwen3-32B/TG/tensor_cache_bfp8/layers.23.attention_norm.weight_dtype_BFLOAT16_layout_ROW_MAJOR.tensorbin of shape Shape([1, 1, 160, 32]), dtype BFLOAT16, layout ROW_MAJOR
2026-08-29 10:42:36.435 | DEBUG    | core:from_torch_and_dump:707 - Generating cache for /localdev/ctr-apbernal/tt_cache/Qwen/Qwen3-32B/TG/tensor_cache_bfp8/layers.23.attention_norm.weight_distributed_dtype_BFLOAT16_layout_ROW_MAJOR.tensorbin of shape Shape([1, 1, 40, 32]), dtype BFLOAT16, layout ROW_MAJOR
2026-08-29 10:42:36.435 | DEBUG    | core:from_torch_and_dump:707 - Generating cache for /localdev/ctr-apbernal/tt_cache/Qwen/Qwen3-32B/TG/tensor_cache_bfp8/layers.23.ffn_norm.weight_dtype_BFLOAT16_layout_ROW_MAJOR.tensorbin of shape Shape([1, 1, 160, 32]), dtype BFLOAT16, layout ROW_MAJOR
2026-08-29 10:42:36.436 | DEBUG    | core:from_torch_and_dump:707 - Generating cache for /localdev/ctr-apbernal/tt_cache/Qwen/Qwen3-32B/TG/tensor_cache_bfp8/layers.23.ffn_norm.weight_distributed_dtype_BFLOAT16_layout_ROW_MAJOR.tensorbin of shape Shape([1, 1, 40, 32]), dtype BFLOAT16, layout ROW_MAJOR
 38%|███▊      | 24/64 [02:55<04:46,  7.17s/it]2026-08-29 10:42:36.874 | DEBUG    | core:from_torch_and_dump:707 - Generating cache for /localdev/ctr-apbernal/tt_cache/Qwen/Qwen3-32B/TG/tensor_cache_bfp8/layers.24.attention.wqkv_sharded_2d_prefetcher_dtype_BFLOAT8_B_layout_TILE.tensorbin of shape Shape([1, 1, 1280, 1280]), dtype BFLOAT8_B, layout TILE
2026-08-29 10:42:37.323 | DEBUG    | core:from_torch_and_dump:707 - Generating cache for /localdev/ctr-apbernal/tt_cache/Qwen/Qwen3-32B/TG/tensor_cache_bfp8/layers.24.attention.wqkv_sharded_2d_dram_dtype_BFLOAT8_B_layout_TILE.tensorbin of shape Shape([1, 1, 1280, 1280]), dtype BFLOAT8_B, layout TILE
2026-08-29 10:42:37.735 | DEBUG    | core:from_torch_and_dump:707 - Generating cache for /localdev/ctr-apbernal/tt_cache/Qwen/Qwen3-32B/TG/tensor_cache_bfp8/layers.24.attention.wo_width_sharded_2d_prefetcher_dtype_BFLOAT8_B_layout_TILE.tensorbin of shape Shape([1, 1, 1024, 1280]), dtype BFLOAT8_B, layout TILE
2026-08-29 10:42:38.112 | DEBUG    | core:from_torch_and_dump:707 - Generating cache for /localdev/ctr-apbernal/tt_cache/Qwen/Qwen3-32B/TG/tensor_cache_bfp8/layers.24.attention.wo_width_sharded_2d_dram_dtype_BFLOAT8_B_layout_TILE.tensorbin of shape Shape([1, 1, 1024, 1280]), dtype BFLOAT8_B, layout TILE
2026-08-29 10:42:38.508 | DEBUG    | core:from_torch_and_dump:707 - Generating cache for /localdev/ctr-apbernal/tt_cache/Qwen/Qwen3-32B/TG/tensor_cache_bfp8/layers.24.attention.wo_col_sharded_dram_dtype_BFLOAT8_B_layout_TILE.tensorbin of shape Shape([1, 1, 8192, 1280]), dtype BFLOAT8_B, layout TILE
2026-08-29 10:42:38.554 | DEBUG    | core:as_tensor:724 - Loaded cache for /localdev/ctr-apbernal/tt_cache/Qwen/Qwen3-32B/TG/tensor_cache_bfp8/kvcache_torch.Size([2048, 1, 64, 128])_dtype_BFLOAT8_B_layout_TILE.tensorbin of shape Shape([2048, 1, 64, 128])
2026-08-29 10:42:38.561 | DEBUG    | core:as_tensor:724 - Loaded cache for /localdev/ctr-apbernal/tt_cache/Qwen/Qwen3-32B/TG/tensor_cache_bfp8/kvcache_torch.Size([2048, 1, 64, 128])_dtype_BFLOAT8_B_layout_TILE.tensorbin of shape Shape([2048, 1, 64, 128])
2026-08-29 10:42:38.980 | DEBUG    | core:from_torch_and_dump:707 - Generating cache for /localdev/ctr-apbernal/tt_cache/Qwen/Qwen3-32B/TG/tensor_cache_bfp8/layers.24.feed_forward.w1_shardedprefetcher_dtype_BFLOAT16_layout_TILE.tensorbin of shape Shape([1, 1, 1280, 3200]), dtype BFLOAT16, layout TILE
2026-08-29 10:42:39.494 | DEBUG    | core:from_torch_and_dump:707 - Generating cache for /localdev/ctr-apbernal/tt_cache/Qwen/Qwen3-32B/TG/tensor_cache_bfp8/layers.24.feed_forward.w2_shardedprefetcher_dtype_BFLOAT16_layout_TILE.tensorbin of shape Shape([1, 1, 3200, 1280]), dtype BFLOAT16, layout TILE
2026-08-29 10:42:40.004 | DEBUG    | core:from_torch_and_dump:707 - Generating cache for /localdev/ctr-apbernal/tt_cache/Qwen/Qwen3-32B/TG/tensor_cache_bfp8/layers.24.feed_forward.w3_shardedprefetcher_dtype_BFLOAT16_layout_TILE.tensorbin of shape Shape([1, 1, 1280, 3200]), dtype BFLOAT16, layout TILE
2026-08-29 10:42:41.198 | DEBUG    | core:from_torch_and_dump:707 - Generating cache for /localdev/ctr-apbernal/tt_cache/Qwen/Qwen3-32B/TG/tensor_cache_bfp8/layers.24.feed_forward.w1_interleavedprefetcher_dtype_BFLOAT8_B_layout_TILE.tensorbin of shape Shape([1, 1, 1280, 3200]), dtype BFLOAT8_B, layout TILE
2026-08-29 10:42:42.363 | DEBUG    | core:from_torch_and_dump:707 - Generating cache for /localdev/ctr-apbernal/tt_cache/Qwen/Qwen3-32B/TG/tensor_cache_bfp8/layers.24.feed_forward.w2_interleavedprefetcher_dtype_BFLOAT8_B_layout_TILE.tensorbin of shape Shape([1, 1, 3200, 1280]), dtype BFLOAT8_B, layout TILE
2026-08-29 10:42:43.504 | DEBUG    | core:from_torch_and_dump:707 - Generating cache for /localdev/ctr-apbernal/tt_cache/Qwen/Qwen3-32B/TG/tensor_cache_bfp8/layers.24.feed_forward.w3_interleavedprefetcher_dtype_BFLOAT8_B_layout_TILE.tensorbin of shape Shape([1, 1, 1280, 3200]), dtype BFLOAT8_B, layout TILE
2026-08-29 10:42:43.561 | DEBUG    | core:from_torch_and_dump:707 - Generating cache for /localdev/ctr-apbernal/tt_cache/Qwen/Qwen3-32B/TG/tensor_cache_bfp8/layers.24.attention_norm.weight_dtype_BFLOAT16_layout_ROW_MAJOR.tensorbin of shape Shape([1, 1, 160, 32]), dtype BFLOAT16, layout ROW_MAJOR
2026-08-29 10:42:43.562 | DEBUG    | core:from_torch_and_dump:707 - Generating cache for /localdev/ctr-apbernal/tt_cache/Qwen/Qwen3-32B/TG/tensor_cache_bfp8/layers.24.attention_norm.weight_distributed_dtype_BFLOAT16_layout_ROW_MAJOR.tensorbin of shape Shape([1, 1, 40, 32]), dtype BFLOAT16, layout ROW_MAJOR
2026-08-29 10:42:43.563 | DEBUG    | core:from_torch_and_dump:707 - Generating cache for /localdev/ctr-apbernal/tt_cache/Qwen/Qwen3-32B/TG/tensor_cache_bfp8/layers.24.ffn_norm.weight_dtype_BFLOAT16_layout_ROW_MAJOR.tensorbin of shape Shape([1, 1, 160, 32]), dtype BFLOAT16, layout ROW_MAJOR
2026-08-29 10:42:43.563 | DEBUG    | core:from_torch_and_dump:707 - Generating cache for /localdev/ctr-apbernal/tt_cache/Qwen/Qwen3-32B/TG/tensor_cache_bfp8/layers.24.ffn_norm.weight_distributed_dtype_BFLOAT16_layout_ROW_MAJOR.tensorbin of shape Shape([1, 1, 40, 32]), dtype BFLOAT16, layout ROW_MAJOR
 39%|███▉      | 25/64 [03:02<04:39,  7.16s/it]2026-08-29 10:42:44.003 | DEBUG    | core:from_torch_and_dump:707 - Generating cache for /localdev/ctr-apbernal/tt_cache/Qwen/Qwen3-32B/TG/tensor_cache_bfp8/layers.25.attention.wqkv_sharded_2d_prefetcher_dtype_BFLOAT8_B_layout_TILE.tensorbin of shape Shape([1, 1, 1280, 1280]), dtype BFLOAT8_B, layout TILE
2026-08-29 10:42:44.454 | DEBUG    | core:from_torch_and_dump:707 - Generating cache for /localdev/ctr-apbernal/tt_cache/Qwen/Qwen3-32B/TG/tensor_cache_bfp8/layers.25.attention.wqkv_sharded_2d_dram_dtype_BFLOAT8_B_layout_TILE.tensorbin of shape Shape([1, 1, 1280, 1280]), dtype BFLOAT8_B, layout TILE
2026-08-29 10:42:44.864 | DEBUG    | core:from_torch_and_dump:707 - Generating cache for /localdev/ctr-apbernal/tt_cache/Qwen/Qwen3-32B/TG/tensor_cache_bfp8/layers.25.attention.wo_width_sharded_2d_prefetcher_dtype_BFLOAT8_B_layout_TILE.tensorbin of shape Shape([1, 1, 1024, 1280]), dtype BFLOAT8_B, layout TILE
2026-08-29 10:42:45.239 | DEBUG    | core:from_torch_and_dump:707 - Generating cache for /localdev/ctr-apbernal/tt_cache/Qwen/Qwen3-32B/TG/tensor_cache_bfp8/layers.25.attention.wo_width_sharded_2d_dram_dtype_BFLOAT8_B_layout_TILE.tensorbin of shape Shape([1, 1, 1024, 1280]), dtype BFLOAT8_B, layout TILE
2026-08-29 10:42:45.636 | DEBUG    | core:from_torch_and_dump:707 - Generating cache for /localdev/ctr-apbernal/tt_cache/Qwen/Qwen3-32B/TG/tensor_cache_bfp8/layers.25.attention.wo_col_sharded_dram_dtype_BFLOAT8_B_layout_TILE.tensorbin of shape Shape([1, 1, 8192, 1280]), dtype BFLOAT8_B, layout TILE
2026-08-29 10:42:45.683 | DEBUG    | core:as_tensor:724 - Loaded cache for /localdev/ctr-apbernal/tt_cache/Qwen/Qwen3-32B/TG/tensor_cache_bfp8/kvcache_torch.Size([2048, 1, 64, 128])_dtype_BFLOAT8_B_layout_TILE.tensorbin of shape Shape([2048, 1, 64, 128])
2026-08-29 10:42:45.689 | DEBUG    | core:as_tensor:724 - Loaded cache for /localdev/ctr-apbernal/tt_cache/Qwen/Qwen3-32B/TG/tensor_cache_bfp8/kvcache_torch.Size([2048, 1, 64, 128])_dtype_BFLOAT8_B_layout_TILE.tensorbin of shape Shape([2048, 1, 64, 128])
2026-08-29 10:42:46.109 | DEBUG    | core:from_torch_and_dump:707 - Generating cache for /localdev/ctr-apbernal/tt_cache/Qwen/Qwen3-32B/TG/tensor_cache_bfp8/layers.25.feed_forward.w1_shardedprefetcher_dtype_BFLOAT16_layout_TILE.tensorbin of shape Shape([1, 1, 1280, 3200]), dtype BFLOAT16, layout TILE
2026-08-29 10:42:46.616 | DEBUG    | core:from_torch_and_dump:707 - Generating cache for /localdev/ctr-apbernal/tt_cache/Qwen/Qwen3-32B/TG/tensor_cache_bfp8/layers.25.feed_forward.w2_shardedprefetcher_dtype_BFLOAT16_layout_TILE.tensorbin of shape Shape([1, 1, 3200, 1280]), dtype BFLOAT16, layout TILE
2026-08-29 10:42:47.125 | DEBUG    | core:from_torch_and_dump:707 - Generating cache for /localdev/ctr-apbernal/tt_cache/Qwen/Qwen3-32B/TG/tensor_cache_bfp8/layers.25.feed_forward.w3_shardedprefetcher_dtype_BFLOAT16_layout_TILE.tensorbin of shape Shape([1, 1, 1280, 3200]), dtype BFLOAT16, layout TILE
2026-08-29 10:42:48.321 | DEBUG    | core:from_torch_and_dump:707 - Generating cache for /localdev/ctr-apbernal/tt_cache/Qwen/Qwen3-32B/TG/tensor_cache_bfp8/layers.25.feed_forward.w1_interleavedprefetcher_dtype_BFLOAT8_B_layout_TILE.tensorbin of shape Shape([1, 1, 1280, 3200]), dtype BFLOAT8_B, layout TILE
2026-08-29 10:42:49.472 | DEBUG    | core:from_torch_and_dump:707 - Generating cache for /localdev/ctr-apbernal/tt_cache/Qwen/Qwen3-32B/TG/tensor_cache_bfp8/layers.25.feed_forward.w2_interleavedprefetcher_dtype_BFLOAT8_B_layout_TILE.tensorbin of shape Shape([1, 1, 3200, 1280]), dtype BFLOAT8_B, layout TILE
2026-08-29 10:42:50.615 | DEBUG    | core:from_torch_and_dump:707 - Generating cache for /localdev/ctr-apbernal/tt_cache/Qwen/Qwen3-32B/TG/tensor_cache_bfp8/layers.25.feed_forward.w3_interleavedprefetcher_dtype_BFLOAT8_B_layout_TILE.tensorbin of shape Shape([1, 1, 1280, 3200]), dtype BFLOAT8_B, layout TILE
2026-08-29 10:42:50.671 | DEBUG    | core:from_torch_and_dump:707 - Generating cache for /localdev/ctr-apbernal/tt_cache/Qwen/Qwen3-32B/TG/tensor_cache_bfp8/layers.25.attention_norm.weight_dtype_BFLOAT16_layout_ROW_MAJOR.tensorbin of shape Shape([1, 1, 160, 32]), dtype BFLOAT16, layout ROW_MAJOR
2026-08-29 10:42:50.672 | DEBUG    | core:from_torch_and_dump:707 - Generating cache for /localdev/ctr-apbernal/tt_cache/Qwen/Qwen3-32B/TG/tensor_cache_bfp8/layers.25.attention_norm.weight_distributed_dtype_BFLOAT16_layout_ROW_MAJOR.tensorbin of shape Shape([1, 1, 40, 32]), dtype BFLOAT16, layout ROW_MAJOR
2026-08-29 10:42:50.673 | DEBUG    | core:from_torch_and_dump:707 - Generating cache for /localdev/ctr-apbernal/tt_cache/Qwen/Qwen3-32B/TG/tensor_cache_bfp8/layers.25.ffn_norm.weight_dtype_BFLOAT16_layout_ROW_MAJOR.tensorbin of shape Shape([1, 1, 160, 32]), dtype BFLOAT16, layout ROW_MAJOR
2026-08-29 10:42:50.674 | DEBUG    | core:from_torch_and_dump:707 - Generating cache for /localdev/ctr-apbernal/tt_cache/Qwen/Qwen3-32B/TG/tensor_cache_bfp8/layers.25.ffn_norm.weight_distributed_dtype_BFLOAT16_layout_ROW_MAJOR.tensorbin of shape Shape([1, 1, 40, 32]), dtype BFLOAT16, layout ROW_MAJOR
 41%|████      | 26/64 [03:09<04:31,  7.14s/it]2026-08-29 10:42:51.114 | DEBUG    | core:from_torch_and_dump:707 - Generating cache for /localdev/ctr-apbernal/tt_cache/Qwen/Qwen3-32B/TG/tensor_cache_bfp8/layers.26.attention.wqkv_sharded_2d_prefetcher_dtype_BFLOAT8_B_layout_TILE.tensorbin of shape Shape([1, 1, 1280, 1280]), dtype BFLOAT8_B, layout TILE
2026-08-29 10:42:51.564 | DEBUG    | core:from_torch_and_dump:707 - Generating cache for /localdev/ctr-apbernal/tt_cache/Qwen/Qwen3-32B/TG/tensor_cache_bfp8/layers.26.attention.wqkv_sharded_2d_dram_dtype_BFLOAT8_B_layout_TILE.tensorbin of shape Shape([1, 1, 1280, 1280]), dtype BFLOAT8_B, layout TILE
2026-08-29 10:42:51.979 | DEBUG    | core:from_torch_and_dump:707 - Generating cache for /localdev/ctr-apbernal/tt_cache/Qwen/Qwen3-32B/TG/tensor_cache_bfp8/layers.26.attention.wo_width_sharded_2d_prefetcher_dtype_BFLOAT8_B_layout_TILE.tensorbin of shape Shape([1, 1, 1024, 1280]), dtype BFLOAT8_B, layout TILE
2026-08-29 10:42:52.358 | DEBUG    | core:from_torch_and_dump:707 - Generating cache for /localdev/ctr-apbernal/tt_cache/Qwen/Qwen3-32B/TG/tensor_cache_bfp8/layers.26.attention.wo_width_sharded_2d_dram_dtype_BFLOAT8_B_layout_TILE.tensorbin of shape Shape([1, 1, 1024, 1280]), dtype BFLOAT8_B, layout TILE
2026-08-29 10:42:52.756 | DEBUG    | core:from_torch_and_dump:707 - Generating cache for /localdev/ctr-apbernal/tt_cache/Qwen/Qwen3-32B/TG/tensor_cache_bfp8/layers.26.attention.wo_col_sharded_dram_dtype_BFLOAT8_B_layout_TILE.tensorbin of shape Shape([1, 1, 8192, 1280]), dtype BFLOAT8_B, layout TILE
2026-08-29 10:42:52.805 | DEBUG    | core:as_tensor:724 - Loaded cache for /localdev/ctr-apbernal/tt_cache/Qwen/Qwen3-32B/TG/tensor_cache_bfp8/kvcache_torch.Size([2048, 1, 64, 128])_dtype_BFLOAT8_B_layout_TILE.tensorbin of shape Shape([2048, 1, 64, 128])
2026-08-29 10:42:52.812 | DEBUG    | core:as_tensor:724 - Loaded cache for /localdev/ctr-apbernal/tt_cache/Qwen/Qwen3-32B/TG/tensor_cache_bfp8/kvcache_torch.Size([2048, 1, 64, 128])_dtype_BFLOAT8_B_layout_TILE.tensorbin of shape Shape([2048, 1, 64, 128])
2026-08-29 10:42:53.228 | DEBUG    | core:from_torch_and_dump:707 - Generating cache for /localdev/ctr-apbernal/tt_cache/Qwen/Qwen3-32B/TG/tensor_cache_bfp8/layers.26.feed_forward.w1_shardedprefetcher_dtype_BFLOAT16_layout_TILE.tensorbin of shape Shape([1, 1, 1280, 3200]), dtype BFLOAT16, layout TILE
2026-08-29 10:42:53.732 | DEBUG    | core:from_torch_and_dump:707 - Generating cache for /localdev/ctr-apbernal/tt_cache/Qwen/Qwen3-32B/TG/tensor_cache_bfp8/layers.26.feed_forward.w2_shardedprefetcher_dtype_BFLOAT16_layout_TILE.tensorbin of shape Shape([1, 1, 3200, 1280]), dtype BFLOAT16, layout TILE
2026-08-29 10:42:54.247 | DEBUG    | core:from_torch_and_dump:707 - Generating cache for /localdev/ctr-apbernal/tt_cache/Qwen/Qwen3-32B/TG/tensor_cache_bfp8/layers.26.feed_forward.w3_shardedprefetcher_dtype_BFLOAT16_layout_TILE.tensorbin of shape Shape([1, 1, 1280, 3200]), dtype BFLOAT16, layout TILE
2026-08-29 10:42:55.444 | DEBUG    | core:from_torch_and_dump:707 - Generating cache for /localdev/ctr-apbernal/tt_cache/Qwen/Qwen3-32B/TG/tensor_cache_bfp8/layers.26.feed_forward.w1_interleavedprefetcher_dtype_BFLOAT8_B_layout_TILE.tensorbin of shape Shape([1, 1, 1280, 3200]), dtype BFLOAT8_B, layout TILE
2026-08-29 10:42:56.615 | DEBUG    | core:from_torch_and_dump:707 - Generating cache for /localdev/ctr-apbernal/tt_cache/Qwen/Qwen3-32B/TG/tensor_cache_bfp8/layers.26.feed_forward.w2_interleavedprefetcher_dtype_BFLOAT8_B_layout_TILE.tensorbin of shape Shape([1, 1, 3200, 1280]), dtype BFLOAT8_B, layout TILE
2026-08-29 10:42:57.765 | DEBUG    | core:from_torch_and_dump:707 - Generating cache for /localdev/ctr-apbernal/tt_cache/Qwen/Qwen3-32B/TG/tensor_cache_bfp8/layers.26.feed_forward.w3_interleavedprefetcher_dtype_BFLOAT8_B_layout_TILE.tensorbin of shape Shape([1, 1, 1280, 3200]), dtype BFLOAT8_B, layout TILE
2026-08-29 10:42:57.823 | DEBUG    | core:from_torch_and_dump:707 - Generating cache for /localdev/ctr-apbernal/tt_cache/Qwen/Qwen3-32B/TG/tensor_cache_bfp8/layers.26.attention_norm.weight_dtype_BFLOAT16_layout_ROW_MAJOR.tensorbin of shape Shape([1, 1, 160, 32]), dtype BFLOAT16, layout ROW_MAJOR
2026-08-29 10:42:57.835 | DEBUG    | core:from_torch_and_dump:707 - Generating cache for /localdev/ctr-apbernal/tt_cache/Qwen/Qwen3-32B/TG/tensor_cache_bfp8/layers.26.attention_norm.weight_distributed_dtype_BFLOAT16_layout_ROW_MAJOR.tensorbin of shape Shape([1, 1, 40, 32]), dtype BFLOAT16, layout ROW_MAJOR
2026-08-29 10:42:57.835 | DEBUG    | core:from_torch_and_dump:707 - Generating cache for /localdev/ctr-apbernal/tt_cache/Qwen/Qwen3-32B/TG/tensor_cache_bfp8/layers.26.ffn_norm.weight_dtype_BFLOAT16_layout_ROW_MAJOR.tensorbin of shape Shape([1, 1, 160, 32]), dtype BFLOAT16, layout ROW_MAJOR
2026-08-29 10:42:57.836 | DEBUG    | core:from_torch_and_dump:707 - Generating cache for /localdev/ctr-apbernal/tt_cache/Qwen/Qwen3-32B/TG/tensor_cache_bfp8/layers.26.ffn_norm.weight_distributed_dtype_BFLOAT16_layout_ROW_MAJOR.tensorbin of shape Shape([1, 1, 40, 32]), dtype BFLOAT16, layout ROW_MAJOR
 42%|████▏     | 27/64 [03:16<04:24,  7.15s/it]2026-08-29 10:42:58.281 | DEBUG    | core:from_torch_and_dump:707 - Generating cache for /localdev/ctr-apbernal/tt_cache/Qwen/Qwen3-32B/TG/tensor_cache_bfp8/layers.27.attention.wqkv_sharded_2d_prefetcher_dtype_BFLOAT8_B_layout_TILE.tensorbin of shape Shape([1, 1, 1280, 1280]), dtype BFLOAT8_B, layout TILE
2026-08-29 10:42:58.728 | DEBUG    | core:from_torch_and_dump:707 - Generating cache for /localdev/ctr-apbernal/tt_cache/Qwen/Qwen3-32B/TG/tensor_cache_bfp8/layers.27.attention.wqkv_sharded_2d_dram_dtype_BFLOAT8_B_layout_TILE.tensorbin of shape Shape([1, 1, 1280, 1280]), dtype BFLOAT8_B, layout TILE
2026-08-29 10:42:59.143 | DEBUG    | core:from_torch_and_dump:707 - Generating cache for /localdev/ctr-apbernal/tt_cache/Qwen/Qwen3-32B/TG/tensor_cache_bfp8/layers.27.attention.wo_width_sharded_2d_prefetcher_dtype_BFLOAT8_B_layout_TILE.tensorbin of shape Shape([1, 1, 1024, 1280]), dtype BFLOAT8_B, layout TILE
2026-08-29 10:42:59.519 | DEBUG    | core:from_torch_and_dump:707 - Generating cache for /localdev/ctr-apbernal/tt_cache/Qwen/Qwen3-32B/TG/tensor_cache_bfp8/layers.27.attention.wo_width_sharded_2d_dram_dtype_BFLOAT8_B_layout_TILE.tensorbin of shape Shape([1, 1, 1024, 1280]), dtype BFLOAT8_B, layout TILE
2026-08-29 10:42:59.929 | DEBUG    | core:from_torch_and_dump:707 - Generating cache for /localdev/ctr-apbernal/tt_cache/Qwen/Qwen3-32B/TG/tensor_cache_bfp8/layers.27.attention.wo_col_sharded_dram_dtype_BFLOAT8_B_layout_TILE.tensorbin of shape Shape([1, 1, 8192, 1280]), dtype BFLOAT8_B, layout TILE
2026-08-29 10:42:59.975 | DEBUG    | core:as_tensor:724 - Loaded cache for /localdev/ctr-apbernal/tt_cache/Qwen/Qwen3-32B/TG/tensor_cache_bfp8/kvcache_torch.Size([2048, 1, 64, 128])_dtype_BFLOAT8_B_layout_TILE.tensorbin of shape Shape([2048, 1, 64, 128])
2026-08-29 10:42:59.984 | DEBUG    | core:as_tensor:724 - Loaded cache for /localdev/ctr-apbernal/tt_cache/Qwen/Qwen3-32B/TG/tensor_cache_bfp8/kvcache_torch.Size([2048, 1, 64, 128])_dtype_BFLOAT8_B_layout_TILE.tensorbin of shape Shape([2048, 1, 64, 128])
2026-08-29 10:43:00.399 | DEBUG    | core:from_torch_and_dump:707 - Generating cache for /localdev/ctr-apbernal/tt_cache/Qwen/Qwen3-32B/TG/tensor_cache_bfp8/layers.27.feed_forward.w1_shardedprefetcher_dtype_BFLOAT16_layout_TILE.tensorbin of shape Shape([1, 1, 1280, 3200]), dtype BFLOAT16, layout TILE
2026-08-29 10:43:00.905 | DEBUG    | core:from_torch_and_dump:707 - Generating cache for /localdev/ctr-apbernal/tt_cache/Qwen/Qwen3-32B/TG/tensor_cache_bfp8/layers.27.feed_forward.w2_shardedprefetcher_dtype_BFLOAT16_layout_TILE.tensorbin of shape Shape([1, 1, 3200, 1280]), dtype BFLOAT16, layout TILE
2026-08-29 10:43:01.414 | DEBUG    | core:from_torch_and_dump:707 - Generating cache for /localdev/ctr-apbernal/tt_cache/Qwen/Qwen3-32B/TG/tensor_cache_bfp8/layers.27.feed_forward.w3_shardedprefetcher_dtype_BFLOAT16_layout_TILE.tensorbin of shape Shape([1, 1, 1280, 3200]), dtype BFLOAT16, layout TILE
2026-08-29 10:43:02.608 | DEBUG    | core:from_torch_and_dump:707 - Generating cache for /localdev/ctr-apbernal/tt_cache/Qwen/Qwen3-32B/TG/tensor_cache_bfp8/layers.27.feed_forward.w1_interleavedprefetcher_dtype_BFLOAT8_B_layout_TILE.tensorbin of shape Shape([1, 1, 1280, 3200]), dtype BFLOAT8_B, layout TILE
2026-08-29 10:43:03.772 | DEBUG    | core:from_torch_and_dump:707 - Generating cache for /localdev/ctr-apbernal/tt_cache/Qwen/Qwen3-32B/TG/tensor_cache_bfp8/layers.27.feed_forward.w2_interleavedprefetcher_dtype_BFLOAT8_B_layout_TILE.tensorbin of shape Shape([1, 1, 3200, 1280]), dtype BFLOAT8_B, layout TILE
2026-08-29 10:43:04.917 | DEBUG    | core:from_torch_and_dump:707 - Generating cache for /localdev/ctr-apbernal/tt_cache/Qwen/Qwen3-32B/TG/tensor_cache_bfp8/layers.27.feed_forward.w3_interleavedprefetcher_dtype_BFLOAT8_B_layout_TILE.tensorbin of shape Shape([1, 1, 1280, 3200]), dtype BFLOAT8_B, layout TILE
2026-08-29 10:43:04.974 | DEBUG    | core:from_torch_and_dump:707 - Generating cache for /localdev/ctr-apbernal/tt_cache/Qwen/Qwen3-32B/TG/tensor_cache_bfp8/layers.27.attention_norm.weight_dtype_BFLOAT16_layout_ROW_MAJOR.tensorbin of shape Shape([1, 1, 160, 32]), dtype BFLOAT16, layout ROW_MAJOR
2026-08-29 10:43:04.975 | DEBUG    | core:from_torch_and_dump:707 - Generating cache for /localdev/ctr-apbernal/tt_cache/Qwen/Qwen3-32B/TG/tensor_cache_bfp8/layers.27.attention_norm.weight_distributed_dtype_BFLOAT16_layout_ROW_MAJOR.tensorbin of shape Shape([1, 1, 40, 32]), dtype BFLOAT16, layout ROW_MAJOR
2026-08-29 10:43:04.976 | DEBUG    | core:from_torch_and_dump:707 - Generating cache for /localdev/ctr-apbernal/tt_cache/Qwen/Qwen3-32B/TG/tensor_cache_bfp8/layers.27.ffn_norm.weight_dtype_BFLOAT16_layout_ROW_MAJOR.tensorbin of shape Shape([1, 1, 160, 32]), dtype BFLOAT16, layout ROW_MAJOR
2026-08-29 10:43:04.976 | DEBUG    | core:from_torch_and_dump:707 - Generating cache for /localdev/ctr-apbernal/tt_cache/Qwen/Qwen3-32B/TG/tensor_cache_bfp8/layers.27.ffn_norm.weight_distributed_dtype_BFLOAT16_layout_ROW_MAJOR.tensorbin of shape Shape([1, 1, 40, 32]), dtype BFLOAT16, layout ROW_MAJOR
 44%|████▍     | 28/64 [03:23<04:17,  7.15s/it]2026-08-29 10:43:05.416 | DEBUG    | core:from_torch_and_dump:707 - Generating cache for /localdev/ctr-apbernal/tt_cache/Qwen/Qwen3-32B/TG/tensor_cache_bfp8/layers.28.attention.wqkv_sharded_2d_prefetcher_dtype_BFLOAT8_B_layout_TILE.tensorbin of shape Shape([1, 1, 1280, 1280]), dtype BFLOAT8_B, layout TILE
2026-08-29 10:43:05.866 | DEBUG    | core:from_torch_and_dump:707 - Generating cache for /localdev/ctr-apbernal/tt_cache/Qwen/Qwen3-32B/TG/tensor_cache_bfp8/layers.28.attention.wqkv_sharded_2d_dram_dtype_BFLOAT8_B_layout_TILE.tensorbin of shape Shape([1, 1, 1280, 1280]), dtype BFLOAT8_B, layout TILE
2026-08-29 10:43:06.281 | DEBUG    | core:from_torch_and_dump:707 - Generating cache for /localdev/ctr-apbernal/tt_cache/Qwen/Qwen3-32B/TG/tensor_cache_bfp8/layers.28.attention.wo_width_sharded_2d_prefetcher_dtype_BFLOAT8_B_layout_TILE.tensorbin of shape Shape([1, 1, 1024, 1280]), dtype BFLOAT8_B, layout TILE
2026-08-29 10:43:06.659 | DEBUG    | core:from_torch_and_dump:707 - Generating cache for /localdev/ctr-apbernal/tt_cache/Qwen/Qwen3-32B/TG/tensor_cache_bfp8/layers.28.attention.wo_width_sharded_2d_dram_dtype_BFLOAT8_B_layout_TILE.tensorbin of shape Shape([1, 1, 1024, 1280]), dtype BFLOAT8_B, layout TILE
2026-08-29 10:43:07.058 | DEBUG    | core:from_torch_and_dump:707 - Generating cache for /localdev/ctr-apbernal/tt_cache/Qwen/Qwen3-32B/TG/tensor_cache_bfp8/layers.28.attention.wo_col_sharded_dram_dtype_BFLOAT8_B_layout_TILE.tensorbin of shape Shape([1, 1, 8192, 1280]), dtype BFLOAT8_B, layout TILE
2026-08-29 10:43:07.105 | DEBUG    | core:as_tensor:724 - Loaded cache for /localdev/ctr-apbernal/tt_cache/Qwen/Qwen3-32B/TG/tensor_cache_bfp8/kvcache_torch.Size([2048, 1, 64, 128])_dtype_BFLOAT8_B_layout_TILE.tensorbin of shape Shape([2048, 1, 64, 128])
2026-08-29 10:43:07.112 | DEBUG    | core:as_tensor:724 - Loaded cache for /localdev/ctr-apbernal/tt_cache/Qwen/Qwen3-32B/TG/tensor_cache_bfp8/kvcache_torch.Size([2048, 1, 64, 128])_dtype_BFLOAT8_B_layout_TILE.tensorbin of shape Shape([2048, 1, 64, 128])
2026-08-29 10:43:07.522 | DEBUG    | core:from_torch_and_dump:707 - Generating cache for /localdev/ctr-apbernal/tt_cache/Qwen/Qwen3-32B/TG/tensor_cache_bfp8/layers.28.feed_forward.w1_shardedprefetcher_dtype_BFLOAT16_layout_TILE.tensorbin of shape Shape([1, 1, 1280, 3200]), dtype BFLOAT16, layout TILE
2026-08-29 10:43:08.019 | DEBUG    | core:from_torch_and_dump:707 - Generating cache for /localdev/ctr-apbernal/tt_cache/Qwen/Qwen3-32B/TG/tensor_cache_bfp8/layers.28.feed_forward.w2_shardedprefetcher_dtype_BFLOAT16_layout_TILE.tensorbin of shape Shape([1, 1, 3200, 1280]), dtype BFLOAT16, layout TILE
2026-08-29 10:43:08.530 | DEBUG    | core:from_torch_and_dump:707 - Generating cache for /localdev/ctr-apbernal/tt_cache/Qwen/Qwen3-32B/TG/tensor_cache_bfp8/layers.28.feed_forward.w3_shardedprefetcher_dtype_BFLOAT16_layout_TILE.tensorbin of shape Shape([1, 1, 1280, 3200]), dtype BFLOAT16, layout TILE
2026-08-29 10:43:09.751 | DEBUG    | core:from_torch_and_dump:707 - Generating cache for /localdev/ctr-apbernal/tt_cache/Qwen/Qwen3-32B/TG/tensor_cache_bfp8/layers.28.feed_forward.w1_interleavedprefetcher_dtype_BFLOAT8_B_layout_TILE.tensorbin of shape Shape([1, 1, 1280, 3200]), dtype BFLOAT8_B, layout TILE
2026-08-29 10:43:10.903 | DEBUG    | core:from_torch_and_dump:707 - Generating cache for /localdev/ctr-apbernal/tt_cache/Qwen/Qwen3-32B/TG/tensor_cache_bfp8/layers.28.feed_forward.w2_interleavedprefetcher_dtype_BFLOAT8_B_layout_TILE.tensorbin of shape Shape([1, 1, 3200, 1280]), dtype BFLOAT8_B, layout TILE
2026-08-29 10:43:12.054 | DEBUG    | core:from_torch_and_dump:707 - Generating cache for /localdev/ctr-apbernal/tt_cache/Qwen/Qwen3-32B/TG/tensor_cache_bfp8/layers.28.feed_forward.w3_interleavedprefetcher_dtype_BFLOAT8_B_layout_TILE.tensorbin of shape Shape([1, 1, 1280, 3200]), dtype BFLOAT8_B, layout TILE
2026-08-29 10:43:12.111 | DEBUG    | core:from_torch_and_dump:707 - Generating cache for /localdev/ctr-apbernal/tt_cache/Qwen/Qwen3-32B/TG/tensor_cache_bfp8/layers.28.attention_norm.weight_dtype_BFLOAT16_layout_ROW_MAJOR.tensorbin of shape Shape([1, 1, 160, 32]), dtype BFLOAT16, layout ROW_MAJOR
2026-08-29 10:43:12.112 | DEBUG    | core:from_torch_and_dump:707 - Generating cache for /localdev/ctr-apbernal/tt_cache/Qwen/Qwen3-32B/TG/tensor_cache_bfp8/layers.28.attention_norm.weight_distributed_dtype_BFLOAT16_layout_ROW_MAJOR.tensorbin of shape Shape([1, 1, 40, 32]), dtype BFLOAT16, layout ROW_MAJOR
2026-08-29 10:43:12.113 | DEBUG    | core:from_torch_and_dump:707 - Generating cache for /localdev/ctr-apbernal/tt_cache/Qwen/Qwen3-32B/TG/tensor_cache_bfp8/layers.28.ffn_norm.weight_dtype_BFLOAT16_layout_ROW_MAJOR.tensorbin of shape Shape([1, 1, 160, 32]), dtype BFLOAT16, layout ROW_MAJOR
2026-08-29 10:43:12.113 | DEBUG    | core:from_torch_and_dump:707 - Generating cache for /localdev/ctr-apbernal/tt_cache/Qwen/Qwen3-32B/TG/tensor_cache_bfp8/layers.28.ffn_norm.weight_distributed_dtype_BFLOAT16_layout_ROW_MAJOR.tensorbin of shape Shape([1, 1, 40, 32]), dtype BFLOAT16, layout ROW_MAJOR
 45%|████▌     | 29/64 [03:30<04:09,  7.14s/it]2026-08-29 10:43:12.550 | DEBUG    | core:from_torch_and_dump:707 - Generating cache for /localdev/ctr-apbernal/tt_cache/Qwen/Qwen3-32B/TG/tensor_cache_bfp8/layers.29.attention.wqkv_sharded_2d_prefetcher_dtype_BFLOAT8_B_layout_TILE.tensorbin of shape Shape([1, 1, 1280, 1280]), dtype BFLOAT8_B, layout TILE
2026-08-29 10:43:12.999 | DEBUG    | core:from_torch_and_dump:707 - Generating cache for /localdev/ctr-apbernal/tt_cache/Qwen/Qwen3-32B/TG/tensor_cache_bfp8/layers.29.attention.wqkv_sharded_2d_dram_dtype_BFLOAT8_B_layout_TILE.tensorbin of shape Shape([1, 1, 1280, 1280]), dtype BFLOAT8_B, layout TILE
2026-08-29 10:43:13.414 | DEBUG    | core:from_torch_and_dump:707 - Generating cache for /localdev/ctr-apbernal/tt_cache/Qwen/Qwen3-32B/TG/tensor_cache_bfp8/layers.29.attention.wo_width_sharded_2d_prefetcher_dtype_BFLOAT8_B_layout_TILE.tensorbin of shape Shape([1, 1, 1024, 1280]), dtype BFLOAT8_B, layout TILE
2026-08-29 10:43:13.791 | DEBUG    | core:from_torch_and_dump:707 - Generating cache for /localdev/ctr-apbernal/tt_cache/Qwen/Qwen3-32B/TG/tensor_cache_bfp8/layers.29.attention.wo_width_sharded_2d_dram_dtype_BFLOAT8_B_layout_TILE.tensorbin of shape Shape([1, 1, 1024, 1280]), dtype BFLOAT8_B, layout TILE
2026-08-29 10:43:14.184 | DEBUG    | core:from_torch_and_dump:707 - Generating cache for /localdev/ctr-apbernal/tt_cache/Qwen/Qwen3-32B/TG/tensor_cache_bfp8/layers.29.attention.wo_col_sharded_dram_dtype_BFLOAT8_B_layout_TILE.tensorbin of shape Shape([1, 1, 8192, 1280]), dtype BFLOAT8_B, layout TILE
2026-08-29 10:43:14.230 | DEBUG    | core:as_tensor:724 - Loaded cache for /localdev/ctr-apbernal/tt_cache/Qwen/Qwen3-32B/TG/tensor_cache_bfp8/kvcache_torch.Size([2048, 1, 64, 128])_dtype_BFLOAT8_B_layout_TILE.tensorbin of shape Shape([2048, 1, 64, 128])
2026-08-29 10:43:14.236 | DEBUG    | core:as_tensor:724 - Loaded cache for /localdev/ctr-apbernal/tt_cache/Qwen/Qwen3-32B/TG/tensor_cache_bfp8/kvcache_torch.Size([2048, 1, 64, 128])_dtype_BFLOAT8_B_layout_TILE.tensorbin of shape Shape([2048, 1, 64, 128])
2026-08-29 10:43:14.650 | DEBUG    | core:from_torch_and_dump:707 - Generating cache for /localdev/ctr-apbernal/tt_cache/Qwen/Qwen3-32B/TG/tensor_cache_bfp8/layers.29.feed_forward.w1_shardedprefetcher_dtype_BFLOAT16_layout_TILE.tensorbin of shape Shape([1, 1, 1280, 3200]), dtype BFLOAT16, layout TILE
2026-08-29 10:43:15.146 | DEBUG    | core:from_torch_and_dump:707 - Generating cache for /localdev/ctr-apbernal/tt_cache/Qwen/Qwen3-32B/TG/tensor_cache_bfp8/layers.29.feed_forward.w2_shardedprefetcher_dtype_BFLOAT16_layout_TILE.tensorbin of shape Shape([1, 1, 3200, 1280]), dtype BFLOAT16, layout TILE
2026-08-29 10:43:15.648 | DEBUG    | core:from_torch_and_dump:707 - Generating cache for /localdev/ctr-apbernal/tt_cache/Qwen/Qwen3-32B/TG/tensor_cache_bfp8/layers.29.feed_forward.w3_shardedprefetcher_dtype_BFLOAT16_layout_TILE.tensorbin of shape Shape([1, 1, 1280, 3200]), dtype BFLOAT16, layout TILE
2026-08-29 10:43:16.845 | DEBUG    | core:from_torch_and_dump:707 - Generating cache for /localdev/ctr-apbernal/tt_cache/Qwen/Qwen3-32B/TG/tensor_cache_bfp8/layers.29.feed_forward.w1_interleavedprefetcher_dtype_BFLOAT8_B_layout_TILE.tensorbin of shape Shape([1, 1, 1280, 3200]), dtype BFLOAT8_B, layout TILE
2026-08-29 10:43:17.994 | DEBUG    | core:from_torch_and_dump:707 - Generating cache for /localdev/ctr-apbernal/tt_cache/Qwen/Qwen3-32B/TG/tensor_cache_bfp8/layers.29.feed_forward.w2_interleavedprefetcher_dtype_BFLOAT8_B_layout_TILE.tensorbin of shape Shape([1, 1, 3200, 1280]), dtype BFLOAT8_B, layout TILE
2026-08-29 10:43:19.134 | DEBUG    | core:from_torch_and_dump:707 - Generating cache for /localdev/ctr-apbernal/tt_cache/Qwen/Qwen3-32B/TG/tensor_cache_bfp8/layers.29.feed_forward.w3_interleavedprefetcher_dtype_BFLOAT8_B_layout_TILE.tensorbin of shape Shape([1, 1, 1280, 3200]), dtype BFLOAT8_B, layout TILE
2026-08-29 10:43:19.192 | DEBUG    | core:from_torch_and_dump:707 - Generating cache for /localdev/ctr-apbernal/tt_cache/Qwen/Qwen3-32B/TG/tensor_cache_bfp8/layers.29.attention_norm.weight_dtype_BFLOAT16_layout_ROW_MAJOR.tensorbin of shape Shape([1, 1, 160, 32]), dtype BFLOAT16, layout ROW_MAJOR
2026-08-29 10:43:19.192 | DEBUG    | core:from_torch_and_dump:707 - Generating cache for /localdev/ctr-apbernal/tt_cache/Qwen/Qwen3-32B/TG/tensor_cache_bfp8/layers.29.attention_norm.weight_distributed_dtype_BFLOAT16_layout_ROW_MAJOR.tensorbin of shape Shape([1, 1, 40, 32]), dtype BFLOAT16, layout ROW_MAJOR
2026-08-29 10:43:19.193 | DEBUG    | core:from_torch_and_dump:707 - Generating cache for /localdev/ctr-apbernal/tt_cache/Qwen/Qwen3-32B/TG/tensor_cache_bfp8/layers.29.ffn_norm.weight_dtype_BFLOAT16_layout_ROW_MAJOR.tensorbin of shape Shape([1, 1, 160, 32]), dtype BFLOAT16, layout ROW_MAJOR
2026-08-29 10:43:19.193 | DEBUG    | core:from_torch_and_dump:707 - Generating cache for /localdev/ctr-apbernal/tt_cache/Qwen/Qwen3-32B/TG/tensor_cache_bfp8/layers.29.ffn_norm.weight_distributed_dtype_BFLOAT16_layout_ROW_MAJOR.tensorbin of shape Shape([1, 1, 40, 32]), dtype BFLOAT16, layout ROW_MAJOR
 47%|████▋     | 30/64 [03:37<04:02,  7.12s/it]2026-08-29 10:43:19.631 | DEBUG    | core:from_torch_and_dump:707 - Generating cache for /localdev/ctr-apbernal/tt_cache/Qwen/Qwen3-32B/TG/tensor_cache_bfp8/layers.30.attention.wqkv_sharded_2d_prefetcher_dtype_BFLOAT8_B_layout_TILE.tensorbin of shape Shape([1, 1, 1280, 1280]), dtype BFLOAT8_B, layout TILE
2026-08-29 10:43:20.079 | DEBUG    | core:from_torch_and_dump:707 - Generating cache for /localdev/ctr-apbernal/tt_cache/Qwen/Qwen3-32B/TG/tensor_cache_bfp8/layers.30.attention.wqkv_sharded_2d_dram_dtype_BFLOAT8_B_layout_TILE.tensorbin of shape Shape([1, 1, 1280, 1280]), dtype BFLOAT8_B, layout TILE
2026-08-29 10:43:20.490 | DEBUG    | core:from_torch_and_dump:707 - Generating cache for /localdev/ctr-apbernal/tt_cache/Qwen/Qwen3-32B/TG/tensor_cache_bfp8/layers.30.attention.wo_width_sharded_2d_prefetcher_dtype_BFLOAT8_B_layout_TILE.tensorbin of shape Shape([1, 1, 1024, 1280]), dtype BFLOAT8_B, layout TILE
2026-08-29 10:43:20.864 | DEBUG    | core:from_torch_and_dump:707 - Generating cache for /localdev/ctr-apbernal/tt_cache/Qwen/Qwen3-32B/TG/tensor_cache_bfp8/layers.30.attention.wo_width_sharded_2d_dram_dtype_BFLOAT8_B_layout_TILE.tensorbin of shape Shape([1, 1, 1024, 1280]), dtype BFLOAT8_B, layout TILE
2026-08-29 10:43:21.259 | DEBUG    | core:from_torch_and_dump:707 - Generating cache for /localdev/ctr-apbernal/tt_cache/Qwen/Qwen3-32B/TG/tensor_cache_bfp8/layers.30.attention.wo_col_sharded_dram_dtype_BFLOAT8_B_layout_TILE.tensorbin of shape Shape([1, 1, 8192, 1280]), dtype BFLOAT8_B, layout TILE
2026-08-29 10:43:21.308 | DEBUG    | core:as_tensor:724 - Loaded cache for /localdev/ctr-apbernal/tt_cache/Qwen/Qwen3-32B/TG/tensor_cache_bfp8/kvcache_torch.Size([2048, 1, 64, 128])_dtype_BFLOAT8_B_layout_TILE.tensorbin of shape Shape([2048, 1, 64, 128])
2026-08-29 10:43:21.316 | DEBUG    | core:as_tensor:724 - Loaded cache for /localdev/ctr-apbernal/tt_cache/Qwen/Qwen3-32B/TG/tensor_cache_bfp8/kvcache_torch.Size([2048, 1, 64, 128])_dtype_BFLOAT8_B_layout_TILE.tensorbin of shape Shape([2048, 1, 64, 128])
2026-08-29 10:43:21.733 | DEBUG    | core:from_torch_and_dump:707 - Generating cache for /localdev/ctr-apbernal/tt_cache/Qwen/Qwen3-32B/TG/tensor_cache_bfp8/layers.30.feed_forward.w1_shardedprefetcher_dtype_BFLOAT16_layout_TILE.tensorbin of shape Shape([1, 1, 1280, 3200]), dtype BFLOAT16, layout TILE
2026-08-29 10:43:22.236 | DEBUG    | core:from_torch_and_dump:707 - Generating cache for /localdev/ctr-apbernal/tt_cache/Qwen/Qwen3-32B/TG/tensor_cache_bfp8/layers.30.feed_forward.w2_shardedprefetcher_dtype_BFLOAT16_layout_TILE.tensorbin of shape Shape([1, 1, 3200, 1280]), dtype BFLOAT16, layout TILE
2026-08-29 10:43:22.749 | DEBUG    | core:from_torch_and_dump:707 - Generating cache for /localdev/ctr-apbernal/tt_cache/Qwen/Qwen3-32B/TG/tensor_cache_bfp8/layers.30.feed_forward.w3_shardedprefetcher_dtype_BFLOAT16_layout_TILE.tensorbin of shape Shape([1, 1, 1280, 3200]), dtype BFLOAT16, layout TILE
2026-08-29 10:43:23.937 | DEBUG    | core:from_torch_and_dump:707 - Generating cache for /localdev/ctr-apbernal/tt_cache/Qwen/Qwen3-32B/TG/tensor_cache_bfp8/layers.30.feed_forward.w1_interleavedprefetcher_dtype_BFLOAT8_B_layout_TILE.tensorbin of shape Shape([1, 1, 1280, 3200]), dtype BFLOAT8_B, layout TILE
2026-08-29 10:43:25.085 | DEBUG    | core:from_torch_and_dump:707 - Generating cache for /localdev/ctr-apbernal/tt_cache/Qwen/Qwen3-32B/TG/tensor_cache_bfp8/layers.30.feed_forward.w2_interleavedprefetcher_dtype_BFLOAT8_B_layout_TILE.tensorbin of shape Shape([1, 1, 3200, 1280]), dtype BFLOAT8_B, layout TILE
2026-08-29 10:43:26.223 | DEBUG    | core:from_torch_and_dump:707 - Generating cache for /localdev/ctr-apbernal/tt_cache/Qwen/Qwen3-32B/TG/tensor_cache_bfp8/layers.30.feed_forward.w3_interleavedprefetcher_dtype_BFLOAT8_B_layout_TILE.tensorbin of shape Shape([1, 1, 1280, 3200]), dtype BFLOAT8_B, layout TILE
2026-08-29 10:43:26.280 | DEBUG    | core:from_torch_and_dump:707 - Generating cache for /localdev/ctr-apbernal/tt_cache/Qwen/Qwen3-32B/TG/tensor_cache_bfp8/layers.30.attention_norm.weight_dtype_BFLOAT16_layout_ROW_MAJOR.tensorbin of shape Shape([1, 1, 160, 32]), dtype BFLOAT16, layout ROW_MAJOR
2026-08-29 10:43:26.281 | DEBUG    | core:from_torch_and_dump:707 - Generating cache for /localdev/ctr-apbernal/tt_cache/Qwen/Qwen3-32B/TG/tensor_cache_bfp8/layers.30.attention_norm.weight_distributed_dtype_BFLOAT16_layout_ROW_MAJOR.tensorbin of shape Shape([1, 1, 40, 32]), dtype BFLOAT16, layout ROW_MAJOR
2026-08-29 10:43:26.282 | DEBUG    | core:from_torch_and_dump:707 - Generating cache for /localdev/ctr-apbernal/tt_cache/Qwen/Qwen3-32B/TG/tensor_cache_bfp8/layers.30.ffn_norm.weight_dtype_BFLOAT16_layout_ROW_MAJOR.tensorbin of shape Shape([1, 1, 160, 32]), dtype BFLOAT16, layout ROW_MAJOR
2026-08-29 10:43:26.282 | DEBUG    | core:from_torch_and_dump:707 - Generating cache for /localdev/ctr-apbernal/tt_cache/Qwen/Qwen3-32B/TG/tensor_cache_bfp8/layers.30.ffn_norm.weight_distributed_dtype_BFLOAT16_layout_ROW_MAJOR.tensorbin of shape Shape([1, 1, 40, 32]), dtype BFLOAT16, layout ROW_MAJOR
 48%|████▊     | 31/64 [03:45<03:54,  7.11s/it]2026-08-29 10:43:26.720 | DEBUG    | core:from_torch_and_dump:707 - Generating cache for /localdev/ctr-apbernal/tt_cache/Qwen/Qwen3-32B/TG/tensor_cache_bfp8/layers.31.attention.wqkv_sharded_2d_prefetcher_dtype_BFLOAT8_B_layout_TILE.tensorbin of shape Shape([1, 1, 1280, 1280]), dtype BFLOAT8_B, layout TILE
2026-08-29 10:43:27.172 | DEBUG    | core:from_torch_and_dump:707 - Generating cache for /localdev/ctr-apbernal/tt_cache/Qwen/Qwen3-32B/TG/tensor_cache_bfp8/layers.31.attention.wqkv_sharded_2d_dram_dtype_BFLOAT8_B_layout_TILE.tensorbin of shape Shape([1, 1, 1280, 1280]), dtype BFLOAT8_B, layout TILE
2026-08-29 10:43:27.587 | DEBUG    | core:from_torch_and_dump:707 - Generating cache for /localdev/ctr-apbernal/tt_cache/Qwen/Qwen3-32B/TG/tensor_cache_bfp8/layers.31.attention.wo_width_sharded_2d_prefetcher_dtype_BFLOAT8_B_layout_TILE.tensorbin of shape Shape([1, 1, 1024, 1280]), dtype BFLOAT8_B, layout TILE
2026-08-29 10:43:27.963 | DEBUG    | core:from_torch_and_dump:707 - Generating cache for /localdev/ctr-apbernal/tt_cache/Qwen/Qwen3-32B/TG/tensor_cache_bfp8/layers.31.attention.wo_width_sharded_2d_dram_dtype_BFLOAT8_B_layout_TILE.tensorbin of shape Shape([1, 1, 1024, 1280]), dtype BFLOAT8_B, layout TILE
2026-08-29 10:43:28.359 | DEBUG    | core:from_torch_and_dump:707 - Generating cache for /localdev/ctr-apbernal/tt_cache/Qwen/Qwen3-32B/TG/tensor_cache_bfp8/layers.31.attention.wo_col_sharded_dram_dtype_BFLOAT8_B_layout_TILE.tensorbin of shape Shape([1, 1, 8192, 1280]), dtype BFLOAT8_B, layout TILE
2026-08-29 10:43:28.407 | DEBUG    | core:as_tensor:724 - Loaded cache for /localdev/ctr-apbernal/tt_cache/Qwen/Qwen3-32B/TG/tensor_cache_bfp8/kvcache_torch.Size([2048, 1, 64, 128])_dtype_BFLOAT8_B_layout_TILE.tensorbin of shape Shape([2048, 1, 64, 128])
2026-08-29 10:43:28.414 | DEBUG    | core:as_tensor:724 - Loaded cache for /localdev/ctr-apbernal/tt_cache/Qwen/Qwen3-32B/TG/tensor_cache_bfp8/kvcache_torch.Size([2048, 1, 64, 128])_dtype_BFLOAT8_B_layout_TILE.tensorbin of shape Shape([2048, 1, 64, 128])
2026-08-29 10:43:28.832 | DEBUG    | core:from_torch_and_dump:707 - Generating cache for /localdev/ctr-apbernal/tt_cache/Qwen/Qwen3-32B/TG/tensor_cache_bfp8/layers.31.feed_forward.w1_shardedprefetcher_dtype_BFLOAT16_layout_TILE.tensorbin of shape Shape([1, 1, 1280, 3200]), dtype BFLOAT16, layout TILE
2026-08-29 10:43:29.335 | DEBUG    | core:from_torch_and_dump:707 - Generating cache for /localdev/ctr-apbernal/tt_cache/Qwen/Qwen3-32B/TG/tensor_cache_bfp8/layers.31.feed_forward.w2_shardedprefetcher_dtype_BFLOAT16_layout_TILE.tensorbin of shape Shape([1, 1, 3200, 1280]), dtype BFLOAT16, layout TILE
2026-08-29 10:43:29.845 | DEBUG    | core:from_torch_and_dump:707 - Generating cache for /localdev/ctr-apbernal/tt_cache/Qwen/Qwen3-32B/TG/tensor_cache_bfp8/layers.31.feed_forward.w3_shardedprefetcher_dtype_BFLOAT16_layout_TILE.tensorbin of shape Shape([1, 1, 1280, 3200]), dtype BFLOAT16, layout TILE
2026-08-29 10:43:31.034 | DEBUG    | core:from_torch_and_dump:707 - Generating cache for /localdev/ctr-apbernal/tt_cache/Qwen/Qwen3-32B/TG/tensor_cache_bfp8/layers.31.feed_forward.w1_interleavedprefetcher_dtype_BFLOAT8_B_layout_TILE.tensorbin of shape Shape([1, 1, 1280, 3200]), dtype BFLOAT8_B, layout TILE
2026-08-29 10:43:32.193 | DEBUG    | core:from_torch_and_dump:707 - Generating cache for /localdev/ctr-apbernal/tt_cache/Qwen/Qwen3-32B/TG/tensor_cache_bfp8/layers.31.feed_forward.w2_interleavedprefetcher_dtype_BFLOAT8_B_layout_TILE.tensorbin of shape Shape([1, 1, 3200, 1280]), dtype BFLOAT8_B, layout TILE
2026-08-29 10:43:33.328 | DEBUG    | core:from_torch_and_dump:707 - Generating cache for /localdev/ctr-apbernal/tt_cache/Qwen/Qwen3-32B/TG/tensor_cache_bfp8/layers.31.feed_forward.w3_interleavedprefetcher_dtype_BFLOAT8_B_layout_TILE.tensorbin of shape Shape([1, 1, 1280, 3200]), dtype BFLOAT8_B, layout TILE
2026-08-29 10:43:33.386 | DEBUG    | core:from_torch_and_dump:707 - Generating cache for /localdev/ctr-apbernal/tt_cache/Qwen/Qwen3-32B/TG/tensor_cache_bfp8/layers.31.attention_norm.weight_dtype_BFLOAT16_layout_ROW_MAJOR.tensorbin of shape Shape([1, 1, 160, 32]), dtype BFLOAT16, layout ROW_MAJOR
2026-08-29 10:43:33.387 | DEBUG    | core:from_torch_and_dump:707 - Generating cache for /localdev/ctr-apbernal/tt_cache/Qwen/Qwen3-32B/TG/tensor_cache_bfp8/layers.31.attention_norm.weight_distributed_dtype_BFLOAT16_layout_ROW_MAJOR.tensorbin of shape Shape([1, 1, 40, 32]), dtype BFLOAT16, layout ROW_MAJOR
2026-08-29 10:43:33.387 | DEBUG    | core:from_torch_and_dump:707 - Generating cache for /localdev/ctr-apbernal/tt_cache/Qwen/Qwen3-32B/TG/tensor_cache_bfp8/layers.31.ffn_norm.weight_dtype_BFLOAT16_layout_ROW_MAJOR.tensorbin of shape Shape([1, 1, 160, 32]), dtype BFLOAT16, layout ROW_MAJOR
2026-08-29 10:43:33.388 | DEBUG    | core:from_torch_and_dump:707 - Generating cache for /localdev/ctr-apbernal/tt_cache/Qwen/Qwen3-32B/TG/tensor_cache_bfp8/layers.31.ffn_norm.weight_distributed_dtype_BFLOAT16_layout_ROW_MAJOR.tensorbin of shape Shape([1, 1, 40, 32]), dtype BFLOAT16, layout ROW_MAJOR
 50%|█████     | 32/64 [03:52<03:47,  7.11s/it]2026-08-29 10:43:33.826 | DEBUG    | core:from_torch_and_dump:707 - Generating cache for /localdev/ctr-apbernal/tt_cache/Qwen/Qwen3-32B/TG/tensor_cache_bfp8/layers.32.attention.wqkv_sharded_2d_prefetcher_dtype_BFLOAT8_B_layout_TILE.tensorbin of shape Shape([1, 1, 1280, 1280]), dtype BFLOAT8_B, layout TILE
2026-08-29 10:43:34.275 | DEBUG    | core:from_torch_and_dump:707 - Generating cache for /localdev/ctr-apbernal/tt_cache/Qwen/Qwen3-32B/TG/tensor_cache_bfp8/layers.32.attention.wqkv_sharded_2d_dram_dtype_BFLOAT8_B_layout_TILE.tensorbin of shape Shape([1, 1, 1280, 1280]), dtype BFLOAT8_B, layout TILE
2026-08-29 10:43:34.686 | DEBUG    | core:from_torch_and_dump:707 - Generating cache for /localdev/ctr-apbernal/tt_cache/Qwen/Qwen3-32B/TG/tensor_cache_bfp8/layers.32.attention.wo_width_sharded_2d_prefetcher_dtype_BFLOAT8_B_layout_TILE.tensorbin of shape Shape([1, 1, 1024, 1280]), dtype BFLOAT8_B, layout TILE
2026-08-29 10:43:35.060 | DEBUG    | core:from_torch_and_dump:707 - Generating cache for /localdev/ctr-apbernal/tt_cache/Qwen/Qwen3-32B/TG/tensor_cache_bfp8/layers.32.attention.wo_width_sharded_2d_dram_dtype_BFLOAT8_B_layout_TILE.tensorbin of shape Shape([1, 1, 1024, 1280]), dtype BFLOAT8_B, layout TILE
2026-08-29 10:43:35.451 | DEBUG    | core:from_torch_and_dump:707 - Generating cache for /localdev/ctr-apbernal/tt_cache/Qwen/Qwen3-32B/TG/tensor_cache_bfp8/layers.32.attention.wo_col_sharded_dram_dtype_BFLOAT8_B_layout_TILE.tensorbin of shape Shape([1, 1, 8192, 1280]), dtype BFLOAT8_B, layout TILE
2026-08-29 10:43:35.502 | DEBUG    | core:as_tensor:724 - Loaded cache for /localdev/ctr-apbernal/tt_cache/Qwen/Qwen3-32B/TG/tensor_cache_bfp8/kvcache_torch.Size([2048, 1, 64, 128])_dtype_BFLOAT8_B_layout_TILE.tensorbin of shape Shape([2048, 1, 64, 128])
2026-08-29 10:43:35.509 | DEBUG    | core:as_tensor:724 - Loaded cache for /localdev/ctr-apbernal/tt_cache/Qwen/Qwen3-32B/TG/tensor_cache_bfp8/kvcache_torch.Size([2048, 1, 64, 128])_dtype_BFLOAT8_B_layout_TILE.tensorbin of shape Shape([2048, 1, 64, 128])
2026-08-29 10:43:35.987 | DEBUG    | core:from_torch_and_dump:707 - Generating cache for /localdev/ctr-apbernal/tt_cache/Qwen/Qwen3-32B/TG/tensor_cache_bfp8/layers.32.feed_forward.w1_shardedprefetcher_dtype_BFLOAT16_layout_TILE.tensorbin of shape Shape([1, 1, 1280, 3200]), dtype BFLOAT16, layout TILE
2026-08-29 10:43:36.490 | DEBUG    | core:from_torch_and_dump:707 - Generating cache for /localdev/ctr-apbernal/tt_cache/Qwen/Qwen3-32B/TG/tensor_cache_bfp8/layers.32.feed_forward.w2_shardedprefetcher_dtype_BFLOAT16_layout_TILE.tensorbin of shape Shape([1, 1, 3200, 1280]), dtype BFLOAT16, layout TILE
2026-08-29 10:43:36.994 | DEBUG    | core:from_torch_and_dump:707 - Generating cache for /localdev/ctr-apbernal/tt_cache/Qwen/Qwen3-32B/TG/tensor_cache_bfp8/layers.32.feed_forward.w3_shardedprefetcher_dtype_BFLOAT16_layout_TILE.tensorbin of shape Shape([1, 1, 1280, 3200]), dtype BFLOAT16, layout TILE
2026-08-29 10:43:38.189 | DEBUG    | core:from_torch_and_dump:707 - Generating cache for /localdev/ctr-apbernal/tt_cache/Qwen/Qwen3-32B/TG/tensor_cache_bfp8/layers.32.feed_forward.w1_interleavedprefetcher_dtype_BFLOAT8_B_layout_TILE.tensorbin of shape Shape([1, 1, 1280, 3200]), dtype BFLOAT8_B, layout TILE
2026-08-29 10:43:39.339 | DEBUG    | core:from_torch_and_dump:707 - Generating cache for /localdev/ctr-apbernal/tt_cache/Qwen/Qwen3-32B/TG/tensor_cache_bfp8/layers.32.feed_forward.w2_interleavedprefetcher_dtype_BFLOAT8_B_layout_TILE.tensorbin of shape Shape([1, 1, 3200, 1280]), dtype BFLOAT8_B, layout TILE
2026-08-29 10:43:40.477 | DEBUG    | core:from_torch_and_dump:707 - Generating cache for /localdev/ctr-apbernal/tt_cache/Qwen/Qwen3-32B/TG/tensor_cache_bfp8/layers.32.feed_forward.w3_interleavedprefetcher_dtype_BFLOAT8_B_layout_TILE.tensorbin of shape Shape([1, 1, 1280, 3200]), dtype BFLOAT8_B, layout TILE
2026-08-29 10:43:40.535 | DEBUG    | core:from_torch_and_dump:707 - Generating cache for /localdev/ctr-apbernal/tt_cache/Qwen/Qwen3-32B/TG/tensor_cache_bfp8/layers.32.attention_norm.weight_dtype_BFLOAT16_layout_ROW_MAJOR.tensorbin of shape Shape([1, 1, 160, 32]), dtype BFLOAT16, layout ROW_MAJOR
2026-08-29 10:43:40.536 | DEBUG    | core:from_torch_and_dump:707 - Generating cache for /localdev/ctr-apbernal/tt_cache/Qwen/Qwen3-32B/TG/tensor_cache_bfp8/layers.32.attention_norm.weight_distributed_dtype_BFLOAT16_layout_ROW_MAJOR.tensorbin of shape Shape([1, 1, 40, 32]), dtype BFLOAT16, layout ROW_MAJOR
2026-08-29 10:43:40.537 | DEBUG    | core:from_torch_and_dump:707 - Generating cache for /localdev/ctr-apbernal/tt_cache/Qwen/Qwen3-32B/TG/tensor_cache_bfp8/layers.32.ffn_norm.weight_dtype_BFLOAT16_layout_ROW_MAJOR.tensorbin of shape Shape([1, 1, 160, 32]), dtype BFLOAT16, layout ROW_MAJOR
2026-08-29 10:43:40.537 | DEBUG    | core:from_torch_and_dump:707 - Generating cache for /localdev/ctr-apbernal/tt_cache/Qwen/Qwen3-32B/TG/tensor_cache_bfp8/layers.32.ffn_norm.weight_distributed_dtype_BFLOAT16_layout_ROW_MAJOR.tensorbin of shape Shape([1, 1, 40, 32]), dtype BFLOAT16, layout ROW_MAJOR
 52%|█████▏    | 33/64 [03:59<03:40,  7.12s/it]2026-08-29 10:43:40.977 | DEBUG    | core:from_torch_and_dump:707 - Generating cache for /localdev/ctr-apbernal/tt_cache/Qwen/Qwen3-32B/TG/tensor_cache_bfp8/layers.33.attention.wqkv_sharded_2d_prefetcher_dtype_BFLOAT8_B_layout_TILE.tensorbin of shape Shape([1, 1, 1280, 1280]), dtype BFLOAT8_B, layout TILE
2026-08-29 10:43:41.424 | DEBUG    | core:from_torch_and_dump:707 - Generating cache for /localdev/ctr-apbernal/tt_cache/Qwen/Qwen3-32B/TG/tensor_cache_bfp8/layers.33.attention.wqkv_sharded_2d_dram_dtype_BFLOAT8_B_layout_TILE.tensorbin of shape Shape([1, 1, 1280, 1280]), dtype BFLOAT8_B, layout TILE
2026-08-29 10:43:41.833 | DEBUG    | core:from_torch_and_dump:707 - Generating cache for /localdev/ctr-apbernal/tt_cache/Qwen/Qwen3-32B/TG/tensor_cache_bfp8/layers.33.attention.wo_width_sharded_2d_prefetcher_dtype_BFLOAT8_B_layout_TILE.tensorbin of shape Shape([1, 1, 1024, 1280]), dtype BFLOAT8_B, layout TILE
2026-08-29 10:43:42.205 | DEBUG    | core:from_torch_and_dump:707 - Generating cache for /localdev/ctr-apbernal/tt_cache/Qwen/Qwen3-32B/TG/tensor_cache_bfp8/layers.33.attention.wo_width_sharded_2d_dram_dtype_BFLOAT8_B_layout_TILE.tensorbin of shape Shape([1, 1, 1024, 1280]), dtype BFLOAT8_B, layout TILE
2026-08-29 10:43:42.597 | DEBUG    | core:from_torch_and_dump:707 - Generating cache for /localdev/ctr-apbernal/tt_cache/Qwen/Qwen3-32B/TG/tensor_cache_bfp8/layers.33.attention.wo_col_sharded_dram_dtype_BFLOAT8_B_layout_TILE.tensorbin of shape Shape([1, 1, 8192, 1280]), dtype BFLOAT8_B, layout TILE
2026-08-29 10:43:42.644 | DEBUG    | core:as_tensor:724 - Loaded cache for /localdev/ctr-apbernal/tt_cache/Qwen/Qwen3-32B/TG/tensor_cache_bfp8/kvcache_torch.Size([2048, 1, 64, 128])_dtype_BFLOAT8_B_layout_TILE.tensorbin of shape Shape([2048, 1, 64, 128])
2026-08-29 10:43:42.651 | DEBUG    | core:as_tensor:724 - Loaded cache for /localdev/ctr-apbernal/tt_cache/Qwen/Qwen3-32B/TG/tensor_cache_bfp8/kvcache_torch.Size([2048, 1, 64, 128])_dtype_BFLOAT8_B_layout_TILE.tensorbin of shape Shape([2048, 1, 64, 128])
2026-08-29 10:43:43.067 | DEBUG    | core:from_torch_and_dump:707 - Generating cache for /localdev/ctr-apbernal/tt_cache/Qwen/Qwen3-32B/TG/tensor_cache_bfp8/layers.33.feed_forward.w1_shardedprefetcher_dtype_BFLOAT16_layout_TILE.tensorbin of shape Shape([1, 1, 1280, 3200]), dtype BFLOAT16, layout TILE
2026-08-29 10:43:43.569 | DEBUG    | core:from_torch_and_dump:707 - Generating cache for /localdev/ctr-apbernal/tt_cache/Qwen/Qwen3-32B/TG/tensor_cache_bfp8/layers.33.feed_forward.w2_shardedprefetcher_dtype_BFLOAT16_layout_TILE.tensorbin of shape Shape([1, 1, 3200, 1280]), dtype BFLOAT16, layout TILE
2026-08-29 10:43:44.070 | DEBUG    | core:from_torch_and_dump:707 - Generating cache for /localdev/ctr-apbernal/tt_cache/Qwen/Qwen3-32B/TG/tensor_cache_bfp8/layers.33.feed_forward.w3_shardedprefetcher_dtype_BFLOAT16_layout_TILE.tensorbin of shape Shape([1, 1, 1280, 3200]), dtype BFLOAT16, layout TILE
2026-08-29 10:43:45.265 | DEBUG    | core:from_torch_and_dump:707 - Generating cache for /localdev/ctr-apbernal/tt_cache/Qwen/Qwen3-32B/TG/tensor_cache_bfp8/layers.33.feed_forward.w1_interleavedprefetcher_dtype_BFLOAT8_B_layout_TILE.tensorbin of shape Shape([1, 1, 1280, 3200]), dtype BFLOAT8_B, layout TILE
2026-08-29 10:43:46.423 | DEBUG    | core:from_torch_and_dump:707 - Generating cache for /localdev/ctr-apbernal/tt_cache/Qwen/Qwen3-32B/TG/tensor_cache_bfp8/layers.33.feed_forward.w2_interleavedprefetcher_dtype_BFLOAT8_B_layout_TILE.tensorbin of shape Shape([1, 1, 3200, 1280]), dtype BFLOAT8_B, layout TILE
2026-08-29 10:43:47.590 | DEBUG    | core:from_torch_and_dump:707 - Generating cache for /localdev/ctr-apbernal/tt_cache/Qwen/Qwen3-32B/TG/tensor_cache_bfp8/layers.33.feed_forward.w3_interleavedprefetcher_dtype_BFLOAT8_B_layout_TILE.tensorbin of shape Shape([1, 1, 1280, 3200]), dtype BFLOAT8_B, layout TILE
2026-08-29 10:43:47.647 | DEBUG    | core:from_torch_and_dump:707 - Generating cache for /localdev/ctr-apbernal/tt_cache/Qwen/Qwen3-32B/TG/tensor_cache_bfp8/layers.33.attention_norm.weight_dtype_BFLOAT16_layout_ROW_MAJOR.tensorbin of shape Shape([1, 1, 160, 32]), dtype BFLOAT16, layout ROW_MAJOR
2026-08-29 10:43:47.647 | DEBUG    | core:from_torch_and_dump:707 - Generating cache for /localdev/ctr-apbernal/tt_cache/Qwen/Qwen3-32B/TG/tensor_cache_bfp8/layers.33.attention_norm.weight_distributed_dtype_BFLOAT16_layout_ROW_MAJOR.tensorbin of shape Shape([1, 1, 40, 32]), dtype BFLOAT16, layout ROW_MAJOR
2026-08-29 10:43:47.648 | DEBUG    | core:from_torch_and_dump:707 - Generating cache for /localdev/ctr-apbernal/tt_cache/Qwen/Qwen3-32B/TG/tensor_cache_bfp8/layers.33.ffn_norm.weight_dtype_BFLOAT16_layout_ROW_MAJOR.tensorbin of shape Shape([1, 1, 160, 32]), dtype BFLOAT16, layout ROW_MAJOR
2026-08-29 10:43:47.648 | DEBUG    | core:from_torch_and_dump:707 - Generating cache for /localdev/ctr-apbernal/tt_cache/Qwen/Qwen3-32B/TG/tensor_cache_bfp8/layers.33.ffn_norm.weight_distributed_dtype_BFLOAT16_layout_ROW_MAJOR.tensorbin of shape Shape([1, 1, 40, 32]), dtype BFLOAT16, layout ROW_MAJOR
 53%|█████▎    | 34/64 [04:06<03:33,  7.12s/it]2026-08-29 10:43:48.086 | DEBUG    | core:from_torch_and_dump:707 - Generating cache for /localdev/ctr-apbernal/tt_cache/Qwen/Qwen3-32B/TG/tensor_cache_bfp8/layers.34.attention.wqkv_sharded_2d_prefetcher_dtype_BFLOAT8_B_layout_TILE.tensorbin of shape Shape([1, 1, 1280, 1280]), dtype BFLOAT8_B, layout TILE
2026-08-29 10:43:48.534 | DEBUG    | core:from_torch_and_dump:707 - Generating cache for /localdev/ctr-apbernal/tt_cache/Qwen/Qwen3-32B/TG/tensor_cache_bfp8/layers.34.attention.wqkv_sharded_2d_dram_dtype_BFLOAT8_B_layout_TILE.tensorbin of shape Shape([1, 1, 1280, 1280]), dtype BFLOAT8_B, layout TILE
2026-08-29 10:43:48.948 | DEBUG    | core:from_torch_and_dump:707 - Generating cache for /localdev/ctr-apbernal/tt_cache/Qwen/Qwen3-32B/TG/tensor_cache_bfp8/layers.34.attention.wo_width_sharded_2d_prefetcher_dtype_BFLOAT8_B_layout_TILE.tensorbin of shape Shape([1, 1, 1024, 1280]), dtype BFLOAT8_B, layout TILE
2026-08-29 10:43:49.326 | DEBUG    | core:from_torch_and_dump:707 - Generating cache for /localdev/ctr-apbernal/tt_cache/Qwen/Qwen3-32B/TG/tensor_cache_bfp8/layers.34.attention.wo_width_sharded_2d_dram_dtype_BFLOAT8_B_layout_TILE.tensorbin of shape Shape([1, 1, 1024, 1280]), dtype BFLOAT8_B, layout TILE
2026-08-29 10:43:49.723 | DEBUG    | core:from_torch_and_dump:707 - Generating cache for /localdev/ctr-apbernal/tt_cache/Qwen/Qwen3-32B/TG/tensor_cache_bfp8/layers.34.attention.wo_col_sharded_dram_dtype_BFLOAT8_B_layout_TILE.tensorbin of shape Shape([1, 1, 8192, 1280]), dtype BFLOAT8_B, layout TILE
2026-08-29 10:43:49.769 | DEBUG    | core:as_tensor:724 - Loaded cache for /localdev/ctr-apbernal/tt_cache/Qwen/Qwen3-32B/TG/tensor_cache_bfp8/kvcache_torch.Size([2048, 1, 64, 128])_dtype_BFLOAT8_B_layout_TILE.tensorbin of shape Shape([2048, 1, 64, 128])
2026-08-29 10:43:49.776 | DEBUG    | core:as_tensor:724 - Loaded cache for /localdev/ctr-apbernal/tt_cache/Qwen/Qwen3-32B/TG/tensor_cache_bfp8/kvcache_torch.Size([2048, 1, 64, 128])_dtype_BFLOAT8_B_layout_TILE.tensorbin of shape Shape([2048, 1, 64, 128])
2026-08-29 10:43:50.191 | DEBUG    | core:from_torch_and_dump:707 - Generating cache for /localdev/ctr-apbernal/tt_cache/Qwen/Qwen3-32B/TG/tensor_cache_bfp8/layers.34.feed_forward.w1_shardedprefetcher_dtype_BFLOAT16_layout_TILE.tensorbin of shape Shape([1, 1, 1280, 3200]), dtype BFLOAT16, layout TILE
2026-08-29 10:43:50.691 | DEBUG    | core:from_torch_and_dump:707 - Generating cache for /localdev/ctr-apbernal/tt_cache/Qwen/Qwen3-32B/TG/tensor_cache_bfp8/layers.34.feed_forward.w2_shardedprefetcher_dtype_BFLOAT16_layout_TILE.tensorbin of shape Shape([1, 1, 3200, 1280]), dtype BFLOAT16, layout TILE
2026-08-29 10:43:51.201 | DEBUG    | core:from_torch_and_dump:707 - Generating cache for /localdev/ctr-apbernal/tt_cache/Qwen/Qwen3-32B/TG/tensor_cache_bfp8/layers.34.feed_forward.w3_shardedprefetcher_dtype_BFLOAT16_layout_TILE.tensorbin of shape Shape([1, 1, 1280, 3200]), dtype BFLOAT16, layout TILE
2026-08-29 10:43:52.411 | DEBUG    | core:from_torch_and_dump:707 - Generating cache for /localdev/ctr-apbernal/tt_cache/Qwen/Qwen3-32B/TG/tensor_cache_bfp8/layers.34.feed_forward.w1_interleavedprefetcher_dtype_BFLOAT8_B_layout_TILE.tensorbin of shape Shape([1, 1, 1280, 3200]), dtype BFLOAT8_B, layout TILE
2026-08-29 10:43:53.566 | DEBUG    | core:from_torch_and_dump:707 - Generating cache for /localdev/ctr-apbernal/tt_cache/Qwen/Qwen3-32B/TG/tensor_cache_bfp8/layers.34.feed_forward.w2_interleavedprefetcher_dtype_BFLOAT8_B_layout_TILE.tensorbin of shape Shape([1, 1, 3200, 1280]), dtype BFLOAT8_B, layout TILE
2026-08-29 10:43:54.713 | DEBUG    | core:from_torch_and_dump:707 - Generating cache for /localdev/ctr-apbernal/tt_cache/Qwen/Qwen3-32B/TG/tensor_cache_bfp8/layers.34.feed_forward.w3_interleavedprefetcher_dtype_BFLOAT8_B_layout_TILE.tensorbin of shape Shape([1, 1, 1280, 3200]), dtype BFLOAT8_B, layout TILE
2026-08-29 10:43:54.770 | DEBUG    | core:from_torch_and_dump:707 - Generating cache for /localdev/ctr-apbernal/tt_cache/Qwen/Qwen3-32B/TG/tensor_cache_bfp8/layers.34.attention_norm.weight_dtype_BFLOAT16_layout_ROW_MAJOR.tensorbin of shape Shape([1, 1, 160, 32]), dtype BFLOAT16, layout ROW_MAJOR
2026-08-29 10:43:54.770 | DEBUG    | core:from_torch_and_dump:707 - Generating cache for /localdev/ctr-apbernal/tt_cache/Qwen/Qwen3-32B/TG/tensor_cache_bfp8/layers.34.attention_norm.weight_distributed_dtype_BFLOAT16_layout_ROW_MAJOR.tensorbin of shape Shape([1, 1, 40, 32]), dtype BFLOAT16, layout ROW_MAJOR
2026-08-29 10:43:54.771 | DEBUG    | core:from_torch_and_dump:707 - Generating cache for /localdev/ctr-apbernal/tt_cache/Qwen/Qwen3-32B/TG/tensor_cache_bfp8/layers.34.ffn_norm.weight_dtype_BFLOAT16_layout_ROW_MAJOR.tensorbin of shape Shape([1, 1, 160, 32]), dtype BFLOAT16, layout ROW_MAJOR
2026-08-29 10:43:54.772 | DEBUG    | core:from_torch_and_dump:707 - Generating cache for /localdev/ctr-apbernal/tt_cache/Qwen/Qwen3-32B/TG/tensor_cache_bfp8/layers.34.ffn_norm.weight_distributed_dtype_BFLOAT16_layout_ROW_MAJOR.tensorbin of shape Shape([1, 1, 40, 32]), dtype BFLOAT16, layout ROW_MAJOR
 55%|█████▍    | 35/64 [04:13<03:26,  7.12s/it]2026-08-29 10:43:55.208 | DEBUG    | core:from_torch_and_dump:707 - Generating cache for /localdev/ctr-apbernal/tt_cache/Qwen/Qwen3-32B/TG/tensor_cache_bfp8/layers.35.attention.wqkv_sharded_2d_prefetcher_dtype_BFLOAT8_B_layout_TILE.tensorbin of shape Shape([1, 1, 1280, 1280]), dtype BFLOAT8_B, layout TILE
2026-08-29 10:43:55.656 | DEBUG    | core:from_torch_and_dump:707 - Generating cache for /localdev/ctr-apbernal/tt_cache/Qwen/Qwen3-32B/TG/tensor_cache_bfp8/layers.35.attention.wqkv_sharded_2d_dram_dtype_BFLOAT8_B_layout_TILE.tensorbin of shape Shape([1, 1, 1280, 1280]), dtype BFLOAT8_B, layout TILE
2026-08-29 10:43:56.072 | DEBUG    | core:from_torch_and_dump:707 - Generating cache for /localdev/ctr-apbernal/tt_cache/Qwen/Qwen3-32B/TG/tensor_cache_bfp8/layers.35.attention.wo_width_sharded_2d_prefetcher_dtype_BFLOAT8_B_layout_TILE.tensorbin of shape Shape([1, 1, 1024, 1280]), dtype BFLOAT8_B, layout TILE
2026-08-29 10:43:56.450 | DEBUG    | core:from_torch_and_dump:707 - Generating cache for /localdev/ctr-apbernal/tt_cache/Qwen/Qwen3-32B/TG/tensor_cache_bfp8/layers.35.attention.wo_width_sharded_2d_dram_dtype_BFLOAT8_B_layout_TILE.tensorbin of shape Shape([1, 1, 1024, 1280]), dtype BFLOAT8_B, layout TILE
2026-08-29 10:43:56.848 | DEBUG    | core:from_torch_and_dump:707 - Generating cache for /localdev/ctr-apbernal/tt_cache/Qwen/Qwen3-32B/TG/tensor_cache_bfp8/layers.35.attention.wo_col_sharded_dram_dtype_BFLOAT8_B_layout_TILE.tensorbin of shape Shape([1, 1, 8192, 1280]), dtype BFLOAT8_B, layout TILE
2026-08-29 10:43:56.896 | DEBUG    | core:as_tensor:724 - Loaded cache for /localdev/ctr-apbernal/tt_cache/Qwen/Qwen3-32B/TG/tensor_cache_bfp8/kvcache_torch.Size([2048, 1, 64, 128])_dtype_BFLOAT8_B_layout_TILE.tensorbin of shape Shape([2048, 1, 64, 128])
2026-08-29 10:43:56.904 | DEBUG    | core:as_tensor:724 - Loaded cache for /localdev/ctr-apbernal/tt_cache/Qwen/Qwen3-32B/TG/tensor_cache_bfp8/kvcache_torch.Size([2048, 1, 64, 128])_dtype_BFLOAT8_B_layout_TILE.tensorbin of shape Shape([2048, 1, 64, 128])
2026-08-29 10:43:57.312 | DEBUG    | core:from_torch_and_dump:707 - Generating cache for /localdev/ctr-apbernal/tt_cache/Qwen/Qwen3-32B/TG/tensor_cache_bfp8/layers.35.feed_forward.w1_shardedprefetcher_dtype_BFLOAT16_layout_TILE.tensorbin of shape Shape([1, 1, 1280, 3200]), dtype BFLOAT16, layout TILE
2026-08-29 10:43:57.809 | DEBUG    | core:from_torch_and_dump:707 - Generating cache for /localdev/ctr-apbernal/tt_cache/Qwen/Qwen3-32B/TG/tensor_cache_bfp8/layers.35.feed_forward.w2_shardedprefetcher_dtype_BFLOAT16_layout_TILE.tensorbin of shape Shape([1, 1, 3200, 1280]), dtype BFLOAT16, layout TILE
2026-08-29 10:43:58.309 | DEBUG    | core:from_torch_and_dump:707 - Generating cache for /localdev/ctr-apbernal/tt_cache/Qwen/Qwen3-32B/TG/tensor_cache_bfp8/layers.35.feed_forward.w3_shardedprefetcher_dtype_BFLOAT16_layout_TILE.tensorbin of shape Shape([1, 1, 1280, 3200]), dtype BFLOAT16, layout TILE
2026-08-29 10:43:59.524 | DEBUG    | core:from_torch_and_dump:707 - Generating cache for /localdev/ctr-apbernal/tt_cache/Qwen/Qwen3-32B/TG/tensor_cache_bfp8/layers.35.feed_forward.w1_interleavedprefetcher_dtype_BFLOAT8_B_layout_TILE.tensorbin of shape Shape([1, 1, 1280, 3200]), dtype BFLOAT8_B, layout TILE
2026-08-29 10:44:00.681 | DEBUG    | core:from_torch_and_dump:707 - Generating cache for /localdev/ctr-apbernal/tt_cache/Qwen/Qwen3-32B/TG/tensor_cache_bfp8/layers.35.feed_forward.w2_interleavedprefetcher_dtype_BFLOAT8_B_layout_TILE.tensorbin of shape Shape([1, 1, 3200, 1280]), dtype BFLOAT8_B, layout TILE
2026-08-29 10:44:01.831 | DEBUG    | core:from_torch_and_dump:707 - Generating cache for /localdev/ctr-apbernal/tt_cache/Qwen/Qwen3-32B/TG/tensor_cache_bfp8/layers.35.feed_forward.w3_interleavedprefetcher_dtype_BFLOAT8_B_layout_TILE.tensorbin of shape Shape([1, 1, 1280, 3200]), dtype BFLOAT8_B, layout TILE
2026-08-29 10:44:01.889 | DEBUG    | core:from_torch_and_dump:707 - Generating cache for /localdev/ctr-apbernal/tt_cache/Qwen/Qwen3-32B/TG/tensor_cache_bfp8/layers.35.attention_norm.weight_dtype_BFLOAT16_layout_ROW_MAJOR.tensorbin of shape Shape([1, 1, 160, 32]), dtype BFLOAT16, layout ROW_MAJOR
2026-08-29 10:44:01.890 | DEBUG    | core:from_torch_and_dump:707 - Generating cache for /localdev/ctr-apbernal/tt_cache/Qwen/Qwen3-32B/TG/tensor_cache_bfp8/layers.35.attention_norm.weight_distributed_dtype_BFLOAT16_layout_ROW_MAJOR.tensorbin of shape Shape([1, 1, 40, 32]), dtype BFLOAT16, layout ROW_MAJOR
2026-08-29 10:44:01.890 | DEBUG    | core:from_torch_and_dump:707 - Generating cache for /localdev/ctr-apbernal/tt_cache/Qwen/Qwen3-32B/TG/tensor_cache_bfp8/layers.35.ffn_norm.weight_dtype_BFLOAT16_layout_ROW_MAJOR.tensorbin of shape Shape([1, 1, 160, 32]), dtype BFLOAT16, layout ROW_MAJOR
2026-08-29 10:44:01.891 | DEBUG    | core:from_torch_and_dump:707 - Generating cache for /localdev/ctr-apbernal/tt_cache/Qwen/Qwen3-32B/TG/tensor_cache_bfp8/layers.35.ffn_norm.weight_distributed_dtype_BFLOAT16_layout_ROW_MAJOR.tensorbin of shape Shape([1, 1, 40, 32]), dtype BFLOAT16, layout ROW_MAJOR
 56%|█████▋    | 36/64 [04:20<03:19,  7.12s/it]2026-08-29 10:44:02.330 | DEBUG    | core:from_torch_and_dump:707 - Generating cache for /localdev/ctr-apbernal/tt_cache/Qwen/Qwen3-32B/TG/tensor_cache_bfp8/layers.36.attention.wqkv_sharded_2d_prefetcher_dtype_BFLOAT8_B_layout_TILE.tensorbin of shape Shape([1, 1, 1280, 1280]), dtype BFLOAT8_B, layout TILE
2026-08-29 10:44:02.791 | DEBUG    | core:from_torch_and_dump:707 - Generating cache for /localdev/ctr-apbernal/tt_cache/Qwen/Qwen3-32B/TG/tensor_cache_bfp8/layers.36.attention.wqkv_sharded_2d_dram_dtype_BFLOAT8_B_layout_TILE.tensorbin of shape Shape([1, 1, 1280, 1280]), dtype BFLOAT8_B, layout TILE
2026-08-29 10:44:03.201 | DEBUG    | core:from_torch_and_dump:707 - Generating cache for /localdev/ctr-apbernal/tt_cache/Qwen/Qwen3-32B/TG/tensor_cache_bfp8/layers.36.attention.wo_width_sharded_2d_prefetcher_dtype_BFLOAT8_B_layout_TILE.tensorbin of shape Shape([1, 1, 1024, 1280]), dtype BFLOAT8_B, layout TILE
2026-08-29 10:44:03.574 | DEBUG    | core:from_torch_and_dump:707 - Generating cache for /localdev/ctr-apbernal/tt_cache/Qwen/Qwen3-32B/TG/tensor_cache_bfp8/layers.36.attention.wo_width_sharded_2d_dram_dtype_BFLOAT8_B_layout_TILE.tensorbin of shape Shape([1, 1, 1024, 1280]), dtype BFLOAT8_B, layout TILE
2026-08-29 10:44:03.967 | DEBUG    | core:from_torch_and_dump:707 - Generating cache for /localdev/ctr-apbernal/tt_cache/Qwen/Qwen3-32B/TG/tensor_cache_bfp8/layers.36.attention.wo_col_sharded_dram_dtype_BFLOAT8_B_layout_TILE.tensorbin of shape Shape([1, 1, 8192, 1280]), dtype BFLOAT8_B, layout TILE
2026-08-29 10:44:04.016 | DEBUG    | core:as_tensor:724 - Loaded cache for /localdev/ctr-apbernal/tt_cache/Qwen/Qwen3-32B/TG/tensor_cache_bfp8/kvcache_torch.Size([2048, 1, 64, 128])_dtype_BFLOAT8_B_layout_TILE.tensorbin of shape Shape([2048, 1, 64, 128])
2026-08-29 10:44:04.023 | DEBUG    | core:as_tensor:724 - Loaded cache for /localdev/ctr-apbernal/tt_cache/Qwen/Qwen3-32B/TG/tensor_cache_bfp8/kvcache_torch.Size([2048, 1, 64, 128])_dtype_BFLOAT8_B_layout_TILE.tensorbin of shape Shape([2048, 1, 64, 128])
2026-08-29 10:44:04.453 | DEBUG    | core:from_torch_and_dump:707 - Generating cache for /localdev/ctr-apbernal/tt_cache/Qwen/Qwen3-32B/TG/tensor_cache_bfp8/layers.36.feed_forward.w1_shardedprefetcher_dtype_BFLOAT16_layout_TILE.tensorbin of shape Shape([1, 1, 1280, 3200]), dtype BFLOAT16, layout TILE
2026-08-29 10:44:04.964 | DEBUG    | core:from_torch_and_dump:707 - Generating cache for /localdev/ctr-apbernal/tt_cache/Qwen/Qwen3-32B/TG/tensor_cache_bfp8/layers.36.feed_forward.w2_shardedprefetcher_dtype_BFLOAT16_layout_TILE.tensorbin of shape Shape([1, 1, 3200, 1280]), dtype BFLOAT16, layout TILE
2026-08-29 10:44:05.482 | DEBUG    | core:from_torch_and_dump:707 - Generating cache for /localdev/ctr-apbernal/tt_cache/Qwen/Qwen3-32B/TG/tensor_cache_bfp8/layers.36.feed_forward.w3_shardedprefetcher_dtype_BFLOAT16_layout_TILE.tensorbin of shape Shape([1, 1, 1280, 3200]), dtype BFLOAT16, layout TILE
2026-08-29 10:44:06.685 | DEBUG    | core:from_torch_and_dump:707 - Generating cache for /localdev/ctr-apbernal/tt_cache/Qwen/Qwen3-32B/TG/tensor_cache_bfp8/layers.36.feed_forward.w1_interleavedprefetcher_dtype_BFLOAT8_B_layout_TILE.tensorbin of shape Shape([1, 1, 1280, 3200]), dtype BFLOAT8_B, layout TILE
2026-08-29 10:44:07.840 | DEBUG    | core:from_torch_and_dump:707 - Generating cache for /localdev/ctr-apbernal/tt_cache/Qwen/Qwen3-32B/TG/tensor_cache_bfp8/layers.36.feed_forward.w2_interleavedprefetcher_dtype_BFLOAT8_B_layout_TILE.tensorbin of shape Shape([1, 1, 3200, 1280]), dtype BFLOAT8_B, layout TILE
2026-08-29 10:44:08.990 | DEBUG    | core:from_torch_and_dump:707 - Generating cache for /localdev/ctr-apbernal/tt_cache/Qwen/Qwen3-32B/TG/tensor_cache_bfp8/layers.36.feed_forward.w3_interleavedprefetcher_dtype_BFLOAT8_B_layout_TILE.tensorbin of shape Shape([1, 1, 1280, 3200]), dtype BFLOAT8_B, layout TILE
2026-08-29 10:44:09.047 | DEBUG    | core:from_torch_and_dump:707 - Generating cache for /localdev/ctr-apbernal/tt_cache/Qwen/Qwen3-32B/TG/tensor_cache_bfp8/layers.36.attention_norm.weight_dtype_BFLOAT16_layout_ROW_MAJOR.tensorbin of shape Shape([1, 1, 160, 32]), dtype BFLOAT16, layout ROW_MAJOR
2026-08-29 10:44:09.048 | DEBUG    | core:from_torch_and_dump:707 - Generating cache for /localdev/ctr-apbernal/tt_cache/Qwen/Qwen3-32B/TG/tensor_cache_bfp8/layers.36.attention_norm.weight_distributed_dtype_BFLOAT16_layout_ROW_MAJOR.tensorbin of shape Shape([1, 1, 40, 32]), dtype BFLOAT16, layout ROW_MAJOR
2026-08-29 10:44:09.048 | DEBUG    | core:from_torch_and_dump:707 - Generating cache for /localdev/ctr-apbernal/tt_cache/Qwen/Qwen3-32B/TG/tensor_cache_bfp8/layers.36.ffn_norm.weight_dtype_BFLOAT16_layout_ROW_MAJOR.tensorbin of shape Shape([1, 1, 160, 32]), dtype BFLOAT16, layout ROW_MAJOR
2026-08-29 10:44:09.049 | DEBUG    | core:from_torch_and_dump:707 - Generating cache for /localdev/ctr-apbernal/tt_cache/Qwen/Qwen3-32B/TG/tensor_cache_bfp8/layers.36.ffn_norm.weight_distributed_dtype_BFLOAT16_layout_ROW_MAJOR.tensorbin of shape Shape([1, 1, 40, 32]), dtype BFLOAT16, layout ROW_MAJOR
 58%|█████▊    | 37/64 [04:27<03:12,  7.13s/it]2026-08-29 10:44:09.486 | DEBUG    | core:from_torch_and_dump:707 - Generating cache for /localdev/ctr-apbernal/tt_cache/Qwen/Qwen3-32B/TG/tensor_cache_bfp8/layers.37.attention.wqkv_sharded_2d_prefetcher_dtype_BFLOAT8_B_layout_TILE.tensorbin of shape Shape([1, 1, 1280, 1280]), dtype BFLOAT8_B, layout TILE
2026-08-29 10:44:09.946 | DEBUG    | core:from_torch_and_dump:707 - Generating cache for /localdev/ctr-apbernal/tt_cache/Qwen/Qwen3-32B/TG/tensor_cache_bfp8/layers.37.attention.wqkv_sharded_2d_dram_dtype_BFLOAT8_B_layout_TILE.tensorbin of shape Shape([1, 1, 1280, 1280]), dtype BFLOAT8_B, layout TILE
2026-08-29 10:44:10.361 | DEBUG    | core:from_torch_and_dump:707 - Generating cache for /localdev/ctr-apbernal/tt_cache/Qwen/Qwen3-32B/TG/tensor_cache_bfp8/layers.37.attention.wo_width_sharded_2d_prefetcher_dtype_BFLOAT8_B_layout_TILE.tensorbin of shape Shape([1, 1, 1024, 1280]), dtype BFLOAT8_B, layout TILE
2026-08-29 10:44:10.745 | DEBUG    | core:from_torch_and_dump:707 - Generating cache for /localdev/ctr-apbernal/tt_cache/Qwen/Qwen3-32B/TG/tensor_cache_bfp8/layers.37.attention.wo_width_sharded_2d_dram_dtype_BFLOAT8_B_layout_TILE.tensorbin of shape Shape([1, 1, 1024, 1280]), dtype BFLOAT8_B, layout TILE
2026-08-29 10:44:11.137 | DEBUG    | core:from_torch_and_dump:707 - Generating cache for /localdev/ctr-apbernal/tt_cache/Qwen/Qwen3-32B/TG/tensor_cache_bfp8/layers.37.attention.wo_col_sharded_dram_dtype_BFLOAT8_B_layout_TILE.tensorbin of shape Shape([1, 1, 8192, 1280]), dtype BFLOAT8_B, layout TILE
2026-08-29 10:44:11.185 | DEBUG    | core:as_tensor:724 - Loaded cache for /localdev/ctr-apbernal/tt_cache/Qwen/Qwen3-32B/TG/tensor_cache_bfp8/kvcache_torch.Size([2048, 1, 64, 128])_dtype_BFLOAT8_B_layout_TILE.tensorbin of shape Shape([2048, 1, 64, 128])
2026-08-29 10:44:11.193 | DEBUG    | core:as_tensor:724 - Loaded cache for /localdev/ctr-apbernal/tt_cache/Qwen/Qwen3-32B/TG/tensor_cache_bfp8/kvcache_torch.Size([2048, 1, 64, 128])_dtype_BFLOAT8_B_layout_TILE.tensorbin of shape Shape([2048, 1, 64, 128])
2026-08-29 10:44:11.608 | DEBUG    | core:from_torch_and_dump:707 - Generating cache for /localdev/ctr-apbernal/tt_cache/Qwen/Qwen3-32B/TG/tensor_cache_bfp8/layers.37.feed_forward.w1_shardedprefetcher_dtype_BFLOAT16_layout_TILE.tensorbin of shape Shape([1, 1, 1280, 3200]), dtype BFLOAT16, layout TILE
2026-08-29 10:44:12.123 | DEBUG    | core:from_torch_and_dump:707 - Generating cache for /localdev/ctr-apbernal/tt_cache/Qwen/Qwen3-32B/TG/tensor_cache_bfp8/layers.37.feed_forward.w2_shardedprefetcher_dtype_BFLOAT16_layout_TILE.tensorbin of shape Shape([1, 1, 3200, 1280]), dtype BFLOAT16, layout TILE
2026-08-29 10:44:12.632 | DEBUG    | core:from_torch_and_dump:707 - Generating cache for /localdev/ctr-apbernal/tt_cache/Qwen/Qwen3-32B/TG/tensor_cache_bfp8/layers.37.feed_forward.w3_shardedprefetcher_dtype_BFLOAT16_layout_TILE.tensorbin of shape Shape([1, 1, 1280, 3200]), dtype BFLOAT16, layout TILE
2026-08-29 10:44:13.828 | DEBUG    | core:from_torch_and_dump:707 - Generating cache for /localdev/ctr-apbernal/tt_cache/Qwen/Qwen3-32B/TG/tensor_cache_bfp8/layers.37.feed_forward.w1_interleavedprefetcher_dtype_BFLOAT8_B_layout_TILE.tensorbin of shape Shape([1, 1, 1280, 3200]), dtype BFLOAT8_B, layout TILE
2026-08-29 10:44:14.983 | DEBUG    | core:from_torch_and_dump:707 - Generating cache for /localdev/ctr-apbernal/tt_cache/Qwen/Qwen3-32B/TG/tensor_cache_bfp8/layers.37.feed_forward.w2_interleavedprefetcher_dtype_BFLOAT8_B_layout_TILE.tensorbin of shape Shape([1, 1, 3200, 1280]), dtype BFLOAT8_B, layout TILE
2026-08-29 10:44:16.130 | DEBUG    | core:from_torch_and_dump:707 - Generating cache for /localdev/ctr-apbernal/tt_cache/Qwen/Qwen3-32B/TG/tensor_cache_bfp8/layers.37.feed_forward.w3_interleavedprefetcher_dtype_BFLOAT8_B_layout_TILE.tensorbin of shape Shape([1, 1, 1280, 3200]), dtype BFLOAT8_B, layout TILE
2026-08-29 10:44:16.188 | DEBUG    | core:from_torch_and_dump:707 - Generating cache for /localdev/ctr-apbernal/tt_cache/Qwen/Qwen3-32B/TG/tensor_cache_bfp8/layers.37.attention_norm.weight_dtype_BFLOAT16_layout_ROW_MAJOR.tensorbin of shape Shape([1, 1, 160, 32]), dtype BFLOAT16, layout ROW_MAJOR
2026-08-29 10:44:16.189 | DEBUG    | core:from_torch_and_dump:707 - Generating cache for /localdev/ctr-apbernal/tt_cache/Qwen/Qwen3-32B/TG/tensor_cache_bfp8/layers.37.attention_norm.weight_distributed_dtype_BFLOAT16_layout_ROW_MAJOR.tensorbin of shape Shape([1, 1, 40, 32]), dtype BFLOAT16, layout ROW_MAJOR
2026-08-29 10:44:16.190 | DEBUG    | core:from_torch_and_dump:707 - Generating cache for /localdev/ctr-apbernal/tt_cache/Qwen/Qwen3-32B/TG/tensor_cache_bfp8/layers.37.ffn_norm.weight_dtype_BFLOAT16_layout_ROW_MAJOR.tensorbin of shape Shape([1, 1, 160, 32]), dtype BFLOAT16, layout ROW_MAJOR
2026-08-29 10:44:16.190 | DEBUG    | core:from_torch_and_dump:707 - Generating cache for /localdev/ctr-apbernal/tt_cache/Qwen/Qwen3-32B/TG/tensor_cache_bfp8/layers.37.ffn_norm.weight_distributed_dtype_BFLOAT16_layout_ROW_MAJOR.tensorbin of shape Shape([1, 1, 40, 32]), dtype BFLOAT16, layout ROW_MAJOR
 59%|█████▉    | 38/64 [04:34<03:05,  7.13s/it]2026-08-29 10:44:16.628 | DEBUG    | core:from_torch_and_dump:707 - Generating cache for /localdev/ctr-apbernal/tt_cache/Qwen/Qwen3-32B/TG/tensor_cache_bfp8/layers.38.attention.wqkv_sharded_2d_prefetcher_dtype_BFLOAT8_B_layout_TILE.tensorbin of shape Shape([1, 1, 1280, 1280]), dtype BFLOAT8_B, layout TILE
2026-08-29 10:44:17.076 | DEBUG    | core:from_torch_and_dump:707 - Generating cache for /localdev/ctr-apbernal/tt_cache/Qwen/Qwen3-32B/TG/tensor_cache_bfp8/layers.38.attention.wqkv_sharded_2d_dram_dtype_BFLOAT8_B_layout_TILE.tensorbin of shape Shape([1, 1, 1280, 1280]), dtype BFLOAT8_B, layout TILE
2026-08-29 10:44:17.489 | DEBUG    | core:from_torch_and_dump:707 - Generating cache for /localdev/ctr-apbernal/tt_cache/Qwen/Qwen3-32B/TG/tensor_cache_bfp8/layers.38.attention.wo_width_sharded_2d_prefetcher_dtype_BFLOAT8_B_layout_TILE.tensorbin of shape Shape([1, 1, 1024, 1280]), dtype BFLOAT8_B, layout TILE
2026-08-29 10:44:17.865 | DEBUG    | core:from_torch_and_dump:707 - Generating cache for /localdev/ctr-apbernal/tt_cache/Qwen/Qwen3-32B/TG/tensor_cache_bfp8/layers.38.attention.wo_width_sharded_2d_dram_dtype_BFLOAT8_B_layout_TILE.tensorbin of shape Shape([1, 1, 1024, 1280]), dtype BFLOAT8_B, layout TILE
2026-08-29 10:44:18.261 | DEBUG    | core:from_torch_and_dump:707 - Generating cache for /localdev/ctr-apbernal/tt_cache/Qwen/Qwen3-32B/TG/tensor_cache_bfp8/layers.38.attention.wo_col_sharded_dram_dtype_BFLOAT8_B_layout_TILE.tensorbin of shape Shape([1, 1, 8192, 1280]), dtype BFLOAT8_B, layout TILE
2026-08-29 10:44:18.309 | DEBUG    | core:as_tensor:724 - Loaded cache for /localdev/ctr-apbernal/tt_cache/Qwen/Qwen3-32B/TG/tensor_cache_bfp8/kvcache_torch.Size([2048, 1, 64, 128])_dtype_BFLOAT8_B_layout_TILE.tensorbin of shape Shape([2048, 1, 64, 128])
2026-08-29 10:44:18.316 | DEBUG    | core:as_tensor:724 - Loaded cache for /localdev/ctr-apbernal/tt_cache/Qwen/Qwen3-32B/TG/tensor_cache_bfp8/kvcache_torch.Size([2048, 1, 64, 128])_dtype_BFLOAT8_B_layout_TILE.tensorbin of shape Shape([2048, 1, 64, 128])
2026-08-29 10:44:18.739 | DEBUG    | core:from_torch_and_dump:707 - Generating cache for /localdev/ctr-apbernal/tt_cache/Qwen/Qwen3-32B/TG/tensor_cache_bfp8/layers.38.feed_forward.w1_shardedprefetcher_dtype_BFLOAT16_layout_TILE.tensorbin of shape Shape([1, 1, 1280, 3200]), dtype BFLOAT16, layout TILE
2026-08-29 10:44:19.242 | DEBUG    | core:from_torch_and_dump:707 - Generating cache for /localdev/ctr-apbernal/tt_cache/Qwen/Qwen3-32B/TG/tensor_cache_bfp8/layers.38.feed_forward.w2_shardedprefetcher_dtype_BFLOAT16_layout_TILE.tensorbin of shape Shape([1, 1, 3200, 1280]), dtype BFLOAT16, layout TILE
2026-08-29 10:44:19.755 | DEBUG    | core:from_torch_and_dump:707 - Generating cache for /localdev/ctr-apbernal/tt_cache/Qwen/Qwen3-32B/TG/tensor_cache_bfp8/layers.38.feed_forward.w3_shardedprefetcher_dtype_BFLOAT16_layout_TILE.tensorbin of shape Shape([1, 1, 1280, 3200]), dtype BFLOAT16, layout TILE
2026-08-29 10:44:20.958 | DEBUG    | core:from_torch_and_dump:707 - Generating cache for /localdev/ctr-apbernal/tt_cache/Qwen/Qwen3-32B/TG/tensor_cache_bfp8/layers.38.feed_forward.w1_interleavedprefetcher_dtype_BFLOAT8_B_layout_TILE.tensorbin of shape Shape([1, 1, 1280, 3200]), dtype BFLOAT8_B, layout TILE
2026-08-29 10:44:22.112 | DEBUG    | core:from_torch_and_dump:707 - Generating cache for /localdev/ctr-apbernal/tt_cache/Qwen/Qwen3-32B/TG/tensor_cache_bfp8/layers.38.feed_forward.w2_interleavedprefetcher_dtype_BFLOAT8_B_layout_TILE.tensorbin of shape Shape([1, 1, 3200, 1280]), dtype BFLOAT8_B, layout TILE
2026-08-29 10:44:23.271 | DEBUG    | core:from_torch_and_dump:707 - Generating cache for /localdev/ctr-apbernal/tt_cache/Qwen/Qwen3-32B/TG/tensor_cache_bfp8/layers.38.feed_forward.w3_interleavedprefetcher_dtype_BFLOAT8_B_layout_TILE.tensorbin of shape Shape([1, 1, 1280, 3200]), dtype BFLOAT8_B, layout TILE
2026-08-29 10:44:23.328 | DEBUG    | core:from_torch_and_dump:707 - Generating cache for /localdev/ctr-apbernal/tt_cache/Qwen/Qwen3-32B/TG/tensor_cache_bfp8/layers.38.attention_norm.weight_dtype_BFLOAT16_layout_ROW_MAJOR.tensorbin of shape Shape([1, 1, 160, 32]), dtype BFLOAT16, layout ROW_MAJOR
2026-08-29 10:44:23.329 | DEBUG    | core:from_torch_and_dump:707 - Generating cache for /localdev/ctr-apbernal/tt_cache/Qwen/Qwen3-32B/TG/tensor_cache_bfp8/layers.38.attention_norm.weight_distributed_dtype_BFLOAT16_layout_ROW_MAJOR.tensorbin of shape Shape([1, 1, 40, 32]), dtype BFLOAT16, layout ROW_MAJOR
2026-08-29 10:44:23.330 | DEBUG    | core:from_torch_and_dump:707 - Generating cache for /localdev/ctr-apbernal/tt_cache/Qwen/Qwen3-32B/TG/tensor_cache_bfp8/layers.38.ffn_norm.weight_dtype_BFLOAT16_layout_ROW_MAJOR.tensorbin of shape Shape([1, 1, 160, 32]), dtype BFLOAT16, layout ROW_MAJOR
2026-08-29 10:44:23.330 | DEBUG    | core:from_torch_and_dump:707 - Generating cache for /localdev/ctr-apbernal/tt_cache/Qwen/Qwen3-32B/TG/tensor_cache_bfp8/layers.38.ffn_norm.weight_distributed_dtype_BFLOAT16_layout_ROW_MAJOR.tensorbin of shape Shape([1, 1, 40, 32]), dtype BFLOAT16, layout ROW_MAJOR
 61%|██████    | 39/64 [04:42<02:58,  7.14s/it]2026-08-29 10:44:23.769 | DEBUG    | core:from_torch_and_dump:707 - Generating cache for /localdev/ctr-apbernal/tt_cache/Qwen/Qwen3-32B/TG/tensor_cache_bfp8/layers.39.attention.wqkv_sharded_2d_prefetcher_dtype_BFLOAT8_B_layout_TILE.tensorbin of shape Shape([1, 1, 1280, 1280]), dtype BFLOAT8_B, layout TILE
2026-08-29 10:44:24.224 | DEBUG    | core:from_torch_and_dump:707 - Generating cache for /localdev/ctr-apbernal/tt_cache/Qwen/Qwen3-32B/TG/tensor_cache_bfp8/layers.39.attention.wqkv_sharded_2d_dram_dtype_BFLOAT8_B_layout_TILE.tensorbin of shape Shape([1, 1, 1280, 1280]), dtype BFLOAT8_B, layout TILE
2026-08-29 10:44:24.635 | DEBUG    | core:from_torch_and_dump:707 - Generating cache for /localdev/ctr-apbernal/tt_cache/Qwen/Qwen3-32B/TG/tensor_cache_bfp8/layers.39.attention.wo_width_sharded_2d_prefetcher_dtype_BFLOAT8_B_layout_TILE.tensorbin of shape Shape([1, 1, 1024, 1280]), dtype BFLOAT8_B, layout TILE
2026-08-29 10:44:25.013 | DEBUG    | core:from_torch_and_dump:707 - Generating cache for /localdev/ctr-apbernal/tt_cache/Qwen/Qwen3-32B/TG/tensor_cache_bfp8/layers.39.attention.wo_width_sharded_2d_dram_dtype_BFLOAT8_B_layout_TILE.tensorbin of shape Shape([1, 1, 1024, 1280]), dtype BFLOAT8_B, layout TILE
2026-08-29 10:44:25.411 | DEBUG    | core:from_torch_and_dump:707 - Generating cache for /localdev/ctr-apbernal/tt_cache/Qwen/Qwen3-32B/TG/tensor_cache_bfp8/layers.39.attention.wo_col_sharded_dram_dtype_BFLOAT8_B_layout_TILE.tensorbin of shape Shape([1, 1, 8192, 1280]), dtype BFLOAT8_B, layout TILE
2026-08-29 10:44:25.458 | DEBUG    | core:as_tensor:724 - Loaded cache for /localdev/ctr-apbernal/tt_cache/Qwen/Qwen3-32B/TG/tensor_cache_bfp8/kvcache_torch.Size([2048, 1, 64, 128])_dtype_BFLOAT8_B_layout_TILE.tensorbin of shape Shape([2048, 1, 64, 128])
2026-08-29 10:44:25.468 | DEBUG    | core:as_tensor:724 - Loaded cache for /localdev/ctr-apbernal/tt_cache/Qwen/Qwen3-32B/TG/tensor_cache_bfp8/kvcache_torch.Size([2048, 1, 64, 128])_dtype_BFLOAT8_B_layout_TILE.tensorbin of shape Shape([2048, 1, 64, 128])
2026-08-29 10:44:25.886 | DEBUG    | core:from_torch_and_dump:707 - Generating cache for /localdev/ctr-apbernal/tt_cache/Qwen/Qwen3-32B/TG/tensor_cache_bfp8/layers.39.feed_forward.w1_shardedprefetcher_dtype_BFLOAT16_layout_TILE.tensorbin of shape Shape([1, 1, 1280, 3200]), dtype BFLOAT16, layout TILE
2026-08-29 10:44:26.391 | DEBUG    | core:from_torch_and_dump:707 - Generating cache for /localdev/ctr-apbernal/tt_cache/Qwen/Qwen3-32B/TG/tensor_cache_bfp8/layers.39.feed_forward.w2_shardedprefetcher_dtype_BFLOAT16_layout_TILE.tensorbin of shape Shape([1, 1, 3200, 1280]), dtype BFLOAT16, layout TILE
2026-08-29 10:44:26.899 | DEBUG    | core:from_torch_and_dump:707 - Generating cache for /localdev/ctr-apbernal/tt_cache/Qwen/Qwen3-32B/TG/tensor_cache_bfp8/layers.39.feed_forward.w3_shardedprefetcher_dtype_BFLOAT16_layout_TILE.tensorbin of shape Shape([1, 1, 1280, 3200]), dtype BFLOAT16, layout TILE
2026-08-29 10:44:28.098 | DEBUG    | core:from_torch_and_dump:707 - Generating cache for /localdev/ctr-apbernal/tt_cache/Qwen/Qwen3-32B/TG/tensor_cache_bfp8/layers.39.feed_forward.w1_interleavedprefetcher_dtype_BFLOAT8_B_layout_TILE.tensorbin of shape Shape([1, 1, 1280, 3200]), dtype BFLOAT8_B, layout TILE
2026-08-29 10:44:29.257 | DEBUG    | core:from_torch_and_dump:707 - Generating cache for /localdev/ctr-apbernal/tt_cache/Qwen/Qwen3-32B/TG/tensor_cache_bfp8/layers.39.feed_forward.w2_interleavedprefetcher_dtype_BFLOAT8_B_layout_TILE.tensorbin of shape Shape([1, 1, 3200, 1280]), dtype BFLOAT8_B, layout TILE
2026-08-29 10:44:30.404 | DEBUG    | core:from_torch_and_dump:707 - Generating cache for /localdev/ctr-apbernal/tt_cache/Qwen/Qwen3-32B/TG/tensor_cache_bfp8/layers.39.feed_forward.w3_interleavedprefetcher_dtype_BFLOAT8_B_layout_TILE.tensorbin of shape Shape([1, 1, 1280, 3200]), dtype BFLOAT8_B, layout TILE
2026-08-29 10:44:30.461 | DEBUG    | core:from_torch_and_dump:707 - Generating cache for /localdev/ctr-apbernal/tt_cache/Qwen/Qwen3-32B/TG/tensor_cache_bfp8/layers.39.attention_norm.weight_dtype_BFLOAT16_layout_ROW_MAJOR.tensorbin of shape Shape([1, 1, 160, 32]), dtype BFLOAT16, layout ROW_MAJOR
2026-08-29 10:44:30.462 | DEBUG    | core:from_torch_and_dump:707 - Generating cache for /localdev/ctr-apbernal/tt_cache/Qwen/Qwen3-32B/TG/tensor_cache_bfp8/layers.39.attention_norm.weight_distributed_dtype_BFLOAT16_layout_ROW_MAJOR.tensorbin of shape Shape([1, 1, 40, 32]), dtype BFLOAT16, layout ROW_MAJOR
2026-08-29 10:44:30.463 | DEBUG    | core:from_torch_and_dump:707 - Generating cache for /localdev/ctr-apbernal/tt_cache/Qwen/Qwen3-32B/TG/tensor_cache_bfp8/layers.39.ffn_norm.weight_dtype_BFLOAT16_layout_ROW_MAJOR.tensorbin of shape Shape([1, 1, 160, 32]), dtype BFLOAT16, layout ROW_MAJOR
2026-08-29 10:44:30.463 | DEBUG    | core:from_torch_and_dump:707 - Generating cache for /localdev/ctr-apbernal/tt_cache/Qwen/Qwen3-32B/TG/tensor_cache_bfp8/layers.39.ffn_norm.weight_distributed_dtype_BFLOAT16_layout_ROW_MAJOR.tensorbin of shape Shape([1, 1, 40, 32]), dtype BFLOAT16, layout ROW_MAJOR
 62%|██████▎   | 40/64 [04:49<02:51,  7.14s/it]2026-08-29 10:44:30.901 | DEBUG    | core:from_torch_and_dump:707 - Generating cache for /localdev/ctr-apbernal/tt_cache/Qwen/Qwen3-32B/TG/tensor_cache_bfp8/layers.40.attention.wqkv_sharded_2d_prefetcher_dtype_BFLOAT8_B_layout_TILE.tensorbin of shape Shape([1, 1, 1280, 1280]), dtype BFLOAT8_B, layout TILE
2026-08-29 10:44:31.349 | DEBUG    | core:from_torch_and_dump:707 - Generating cache for /localdev/ctr-apbernal/tt_cache/Qwen/Qwen3-32B/TG/tensor_cache_bfp8/layers.40.attention.wqkv_sharded_2d_dram_dtype_BFLOAT8_B_layout_TILE.tensorbin of shape Shape([1, 1, 1280, 1280]), dtype BFLOAT8_B, layout TILE
2026-08-29 10:44:31.770 | DEBUG    | core:from_torch_and_dump:707 - Generating cache for /localdev/ctr-apbernal/tt_cache/Qwen/Qwen3-32B/TG/tensor_cache_bfp8/layers.40.attention.wo_width_sharded_2d_prefetcher_dtype_BFLOAT8_B_layout_TILE.tensorbin of shape Shape([1, 1, 1024, 1280]), dtype BFLOAT8_B, layout TILE
2026-08-29 10:44:32.150 | DEBUG    | core:from_torch_and_dump:707 - Generating cache for /localdev/ctr-apbernal/tt_cache/Qwen/Qwen3-32B/TG/tensor_cache_bfp8/layers.40.attention.wo_width_sharded_2d_dram_dtype_BFLOAT8_B_layout_TILE.tensorbin of shape Shape([1, 1, 1024, 1280]), dtype BFLOAT8_B, layout TILE
2026-08-29 10:44:32.548 | DEBUG    | core:from_torch_and_dump:707 - Generating cache for /localdev/ctr-apbernal/tt_cache/Qwen/Qwen3-32B/TG/tensor_cache_bfp8/layers.40.attention.wo_col_sharded_dram_dtype_BFLOAT8_B_layout_TILE.tensorbin of shape Shape([1, 1, 8192, 1280]), dtype BFLOAT8_B, layout TILE
2026-08-29 10:44:32.596 | DEBUG    | core:as_tensor:724 - Loaded cache for /localdev/ctr-apbernal/tt_cache/Qwen/Qwen3-32B/TG/tensor_cache_bfp8/kvcache_torch.Size([2048, 1, 64, 128])_dtype_BFLOAT8_B_layout_TILE.tensorbin of shape Shape([2048, 1, 64, 128])
2026-08-29 10:44:32.603 | DEBUG    | core:as_tensor:724 - Loaded cache for /localdev/ctr-apbernal/tt_cache/Qwen/Qwen3-32B/TG/tensor_cache_bfp8/kvcache_torch.Size([2048, 1, 64, 128])_dtype_BFLOAT8_B_layout_TILE.tensorbin of shape Shape([2048, 1, 64, 128])
2026-08-29 10:44:33.021 | DEBUG    | core:from_torch_and_dump:707 - Generating cache for /localdev/ctr-apbernal/tt_cache/Qwen/Qwen3-32B/TG/tensor_cache_bfp8/layers.40.feed_forward.w1_shardedprefetcher_dtype_BFLOAT16_layout_TILE.tensorbin of shape Shape([1, 1, 1280, 3200]), dtype BFLOAT16, layout TILE
2026-08-29 10:44:33.526 | DEBUG    | core:from_torch_and_dump:707 - Generating cache for /localdev/ctr-apbernal/tt_cache/Qwen/Qwen3-32B/TG/tensor_cache_bfp8/layers.40.feed_forward.w2_shardedprefetcher_dtype_BFLOAT16_layout_TILE.tensorbin of shape Shape([1, 1, 3200, 1280]), dtype BFLOAT16, layout TILE
2026-08-29 10:44:34.037 | DEBUG    | core:from_torch_and_dump:707 - Generating cache for /localdev/ctr-apbernal/tt_cache/Qwen/Qwen3-32B/TG/tensor_cache_bfp8/layers.40.feed_forward.w3_shardedprefetcher_dtype_BFLOAT16_layout_TILE.tensorbin of shape Shape([1, 1, 1280, 3200]), dtype BFLOAT16, layout TILE
2026-08-29 10:44:35.226 | DEBUG    | core:from_torch_and_dump:707 - Generating cache for /localdev/ctr-apbernal/tt_cache/Qwen/Qwen3-32B/TG/tensor_cache_bfp8/layers.40.feed_forward.w1_interleavedprefetcher_dtype_BFLOAT8_B_layout_TILE.tensorbin of shape Shape([1, 1, 1280, 3200]), dtype BFLOAT8_B, layout TILE
2026-08-29 10:44:36.384 | DEBUG    | core:from_torch_and_dump:707 - Generating cache for /localdev/ctr-apbernal/tt_cache/Qwen/Qwen3-32B/TG/tensor_cache_bfp8/layers.40.feed_forward.w2_interleavedprefetcher_dtype_BFLOAT8_B_layout_TILE.tensorbin of shape Shape([1, 1, 3200, 1280]), dtype BFLOAT8_B, layout TILE
2026-08-29 10:44:37.537 | DEBUG    | core:from_torch_and_dump:707 - Generating cache for /localdev/ctr-apbernal/tt_cache/Qwen/Qwen3-32B/TG/tensor_cache_bfp8/layers.40.feed_forward.w3_interleavedprefetcher_dtype_BFLOAT8_B_layout_TILE.tensorbin of shape Shape([1, 1, 1280, 3200]), dtype BFLOAT8_B, layout TILE
2026-08-29 10:44:37.596 | DEBUG    | core:from_torch_and_dump:707 - Generating cache for /localdev/ctr-apbernal/tt_cache/Qwen/Qwen3-32B/TG/tensor_cache_bfp8/layers.40.attention_norm.weight_dtype_BFLOAT16_layout_ROW_MAJOR.tensorbin of shape Shape([1, 1, 160, 32]), dtype BFLOAT16, layout ROW_MAJOR
2026-08-29 10:44:37.597 | DEBUG    | core:from_torch_and_dump:707 - Generating cache for /localdev/ctr-apbernal/tt_cache/Qwen/Qwen3-32B/TG/tensor_cache_bfp8/layers.40.attention_norm.weight_distributed_dtype_BFLOAT16_layout_ROW_MAJOR.tensorbin of shape Shape([1, 1, 40, 32]), dtype BFLOAT16, layout ROW_MAJOR
2026-08-29 10:44:37.598 | DEBUG    | core:from_torch_and_dump:707 - Generating cache for /localdev/ctr-apbernal/tt_cache/Qwen/Qwen3-32B/TG/tensor_cache_bfp8/layers.40.ffn_norm.weight_dtype_BFLOAT16_layout_ROW_MAJOR.tensorbin of shape Shape([1, 1, 160, 32]), dtype BFLOAT16, layout ROW_MAJOR
2026-08-29 10:44:37.598 | DEBUG    | core:from_torch_and_dump:707 - Generating cache for /localdev/ctr-apbernal/tt_cache/Qwen/Qwen3-32B/TG/tensor_cache_bfp8/layers.40.ffn_norm.weight_distributed_dtype_BFLOAT16_layout_ROW_MAJOR.tensorbin of shape Shape([1, 1, 40, 32]), dtype BFLOAT16, layout ROW_MAJOR
 64%|██████▍   | 41/64 [04:56<02:44,  7.14s/it]2026-08-29 10:44:38.039 | DEBUG    | core:from_torch_and_dump:707 - Generating cache for /localdev/ctr-apbernal/tt_cache/Qwen/Qwen3-32B/TG/tensor_cache_bfp8/layers.41.attention.wqkv_sharded_2d_prefetcher_dtype_BFLOAT8_B_layout_TILE.tensorbin of shape Shape([1, 1, 1280, 1280]), dtype BFLOAT8_B, layout TILE
2026-08-29 10:44:38.496 | DEBUG    | core:from_torch_and_dump:707 - Generating cache for /localdev/ctr-apbernal/tt_cache/Qwen/Qwen3-32B/TG/tensor_cache_bfp8/layers.41.attention.wqkv_sharded_2d_dram_dtype_BFLOAT8_B_layout_TILE.tensorbin of shape Shape([1, 1, 1280, 1280]), dtype BFLOAT8_B, layout TILE
2026-08-29 10:44:38.911 | DEBUG    | core:from_torch_and_dump:707 - Generating cache for /localdev/ctr-apbernal/tt_cache/Qwen/Qwen3-32B/TG/tensor_cache_bfp8/layers.41.attention.wo_width_sharded_2d_prefetcher_dtype_BFLOAT8_B_layout_TILE.tensorbin of shape Shape([1, 1, 1024, 1280]), dtype BFLOAT8_B, layout TILE
2026-08-29 10:44:39.288 | DEBUG    | core:from_torch_and_dump:707 - Generating cache for /localdev/ctr-apbernal/tt_cache/Qwen/Qwen3-32B/TG/tensor_cache_bfp8/layers.41.attention.wo_width_sharded_2d_dram_dtype_BFLOAT8_B_layout_TILE.tensorbin of shape Shape([1, 1, 1024, 1280]), dtype BFLOAT8_B, layout TILE
2026-08-29 10:44:39.685 | DEBUG    | core:from_torch_and_dump:707 - Generating cache for /localdev/ctr-apbernal/tt_cache/Qwen/Qwen3-32B/TG/tensor_cache_bfp8/layers.41.attention.wo_col_sharded_dram_dtype_BFLOAT8_B_layout_TILE.tensorbin of shape Shape([1, 1, 8192, 1280]), dtype BFLOAT8_B, layout TILE
2026-08-29 10:44:39.732 | DEBUG    | core:as_tensor:724 - Loaded cache for /localdev/ctr-apbernal/tt_cache/Qwen/Qwen3-32B/TG/tensor_cache_bfp8/kvcache_torch.Size([2048, 1, 64, 128])_dtype_BFLOAT8_B_layout_TILE.tensorbin of shape Shape([2048, 1, 64, 128])
2026-08-29 10:44:39.738 | DEBUG    | core:as_tensor:724 - Loaded cache for /localdev/ctr-apbernal/tt_cache/Qwen/Qwen3-32B/TG/tensor_cache_bfp8/kvcache_torch.Size([2048, 1, 64, 128])_dtype_BFLOAT8_B_layout_TILE.tensorbin of shape Shape([2048, 1, 64, 128])
2026-08-29 10:44:40.155 | DEBUG    | core:from_torch_and_dump:707 - Generating cache for /localdev/ctr-apbernal/tt_cache/Qwen/Qwen3-32B/TG/tensor_cache_bfp8/layers.41.feed_forward.w1_shardedprefetcher_dtype_BFLOAT16_layout_TILE.tensorbin of shape Shape([1, 1, 1280, 3200]), dtype BFLOAT16, layout TILE
2026-08-29 10:44:40.661 | DEBUG    | core:from_torch_and_dump:707 - Generating cache for /localdev/ctr-apbernal/tt_cache/Qwen/Qwen3-32B/TG/tensor_cache_bfp8/layers.41.feed_forward.w2_shardedprefetcher_dtype_BFLOAT16_layout_TILE.tensorbin of shape Shape([1, 1, 3200, 1280]), dtype BFLOAT16, layout TILE
2026-08-29 10:44:41.180 | DEBUG    | core:from_torch_and_dump:707 - Generating cache for /localdev/ctr-apbernal/tt_cache/Qwen/Qwen3-32B/TG/tensor_cache_bfp8/layers.41.feed_forward.w3_shardedprefetcher_dtype_BFLOAT16_layout_TILE.tensorbin of shape Shape([1, 1, 1280, 3200]), dtype BFLOAT16, layout TILE
2026-08-29 10:44:42.375 | DEBUG    | core:from_torch_and_dump:707 - Generating cache for /localdev/ctr-apbernal/tt_cache/Qwen/Qwen3-32B/TG/tensor_cache_bfp8/layers.41.feed_forward.w1_interleavedprefetcher_dtype_BFLOAT8_B_layout_TILE.tensorbin of shape Shape([1, 1, 1280, 3200]), dtype BFLOAT8_B, layout TILE
2026-08-29 10:44:43.545 | DEBUG    | core:from_torch_and_dump:707 - Generating cache for /localdev/ctr-apbernal/tt_cache/Qwen/Qwen3-32B/TG/tensor_cache_bfp8/layers.41.feed_forward.w2_interleavedprefetcher_dtype_BFLOAT8_B_layout_TILE.tensorbin of shape Shape([1, 1, 3200, 1280]), dtype BFLOAT8_B, layout TILE
2026-08-29 10:44:44.700 | DEBUG    | core:from_torch_and_dump:707 - Generating cache for /localdev/ctr-apbernal/tt_cache/Qwen/Qwen3-32B/TG/tensor_cache_bfp8/layers.41.feed_forward.w3_interleavedprefetcher_dtype_BFLOAT8_B_layout_TILE.tensorbin of shape Shape([1, 1, 1280, 3200]), dtype BFLOAT8_B, layout TILE
2026-08-29 10:44:44.757 | DEBUG    | core:from_torch_and_dump:707 - Generating cache for /localdev/ctr-apbernal/tt_cache/Qwen/Qwen3-32B/TG/tensor_cache_bfp8/layers.41.attention_norm.weight_dtype_BFLOAT16_layout_ROW_MAJOR.tensorbin of shape Shape([1, 1, 160, 32]), dtype BFLOAT16, layout ROW_MAJOR
2026-08-29 10:44:44.758 | DEBUG    | core:from_torch_and_dump:707 - Generating cache for /localdev/ctr-apbernal/tt_cache/Qwen/Qwen3-32B/TG/tensor_cache_bfp8/layers.41.attention_norm.weight_distributed_dtype_BFLOAT16_layout_ROW_MAJOR.tensorbin of shape Shape([1, 1, 40, 32]), dtype BFLOAT16, layout ROW_MAJOR
2026-08-29 10:44:44.758 | DEBUG    | core:from_torch_and_dump:707 - Generating cache for /localdev/ctr-apbernal/tt_cache/Qwen/Qwen3-32B/TG/tensor_cache_bfp8/layers.41.ffn_norm.weight_dtype_BFLOAT16_layout_ROW_MAJOR.tensorbin of shape Shape([1, 1, 160, 32]), dtype BFLOAT16, layout ROW_MAJOR
2026-08-29 10:44:44.759 | DEBUG    | core:from_torch_and_dump:707 - Generating cache for /localdev/ctr-apbernal/tt_cache/Qwen/Qwen3-32B/TG/tensor_cache_bfp8/layers.41.ffn_norm.weight_distributed_dtype_BFLOAT16_layout_ROW_MAJOR.tensorbin of shape Shape([1, 1, 40, 32]), dtype BFLOAT16, layout ROW_MAJOR
 66%|██████▌   | 42/64 [05:03<02:37,  7.14s/it]2026-08-29 10:44:45.199 | DEBUG    | core:from_torch_and_dump:707 - Generating cache for /localdev/ctr-apbernal/tt_cache/Qwen/Qwen3-32B/TG/tensor_cache_bfp8/layers.42.attention.wqkv_sharded_2d_prefetcher_dtype_BFLOAT8_B_layout_TILE.tensorbin of shape Shape([1, 1, 1280, 1280]), dtype BFLOAT8_B, layout TILE
2026-08-29 10:44:45.652 | DEBUG    | core:from_torch_and_dump:707 - Generating cache for /localdev/ctr-apbernal/tt_cache/Qwen/Qwen3-32B/TG/tensor_cache_bfp8/layers.42.attention.wqkv_sharded_2d_dram_dtype_BFLOAT8_B_layout_TILE.tensorbin of shape Shape([1, 1, 1280, 1280]), dtype BFLOAT8_B, layout TILE
2026-08-29 10:44:46.059 | DEBUG    | core:from_torch_and_dump:707 - Generating cache for /localdev/ctr-apbernal/tt_cache/Qwen/Qwen3-32B/TG/tensor_cache_bfp8/layers.42.attention.wo_width_sharded_2d_prefetcher_dtype_BFLOAT8_B_layout_TILE.tensorbin of shape Shape([1, 1, 1024, 1280]), dtype BFLOAT8_B, layout TILE
2026-08-29 10:44:46.432 | DEBUG    | core:from_torch_and_dump:707 - Generating cache for /localdev/ctr-apbernal/tt_cache/Qwen/Qwen3-32B/TG/tensor_cache_bfp8/layers.42.attention.wo_width_sharded_2d_dram_dtype_BFLOAT8_B_layout_TILE.tensorbin of shape Shape([1, 1, 1024, 1280]), dtype BFLOAT8_B, layout TILE
2026-08-29 10:44:46.824 | DEBUG    | core:from_torch_and_dump:707 - Generating cache for /localdev/ctr-apbernal/tt_cache/Qwen/Qwen3-32B/TG/tensor_cache_bfp8/layers.42.attention.wo_col_sharded_dram_dtype_BFLOAT8_B_layout_TILE.tensorbin of shape Shape([1, 1, 8192, 1280]), dtype BFLOAT8_B, layout TILE
2026-08-29 10:44:46.874 | DEBUG    | core:as_tensor:724 - Loaded cache for /localdev/ctr-apbernal/tt_cache/Qwen/Qwen3-32B/TG/tensor_cache_bfp8/kvcache_torch.Size([2048, 1, 64, 128])_dtype_BFLOAT8_B_layout_TILE.tensorbin of shape Shape([2048, 1, 64, 128])
2026-08-29 10:44:46.882 | DEBUG    | core:as_tensor:724 - Loaded cache for /localdev/ctr-apbernal/tt_cache/Qwen/Qwen3-32B/TG/tensor_cache_bfp8/kvcache_torch.Size([2048, 1, 64, 128])_dtype_BFLOAT8_B_layout_TILE.tensorbin of shape Shape([2048, 1, 64, 128])
2026-08-29 10:44:47.314 | DEBUG    | core:from_torch_and_dump:707 - Generating cache for /localdev/ctr-apbernal/tt_cache/Qwen/Qwen3-32B/TG/tensor_cache_bfp8/layers.42.feed_forward.w1_shardedprefetcher_dtype_BFLOAT16_layout_TILE.tensorbin of shape Shape([1, 1, 1280, 3200]), dtype BFLOAT16, layout TILE
2026-08-29 10:44:47.823 | DEBUG    | core:from_torch_and_dump:707 - Generating cache for /localdev/ctr-apbernal/tt_cache/Qwen/Qwen3-32B/TG/tensor_cache_bfp8/layers.42.feed_forward.w2_shardedprefetcher_dtype_BFLOAT16_layout_TILE.tensorbin of shape Shape([1, 1, 3200, 1280]), dtype BFLOAT16, layout TILE
2026-08-29 10:44:48.342 | DEBUG    | core:from_torch_and_dump:707 - Generating cache for /localdev/ctr-apbernal/tt_cache/Qwen/Qwen3-32B/TG/tensor_cache_bfp8/layers.42.feed_forward.w3_shardedprefetcher_dtype_BFLOAT16_layout_TILE.tensorbin of shape Shape([1, 1, 1280, 3200]), dtype BFLOAT16, layout TILE
2026-08-29 10:44:49.532 | DEBUG    | core:from_torch_and_dump:707 - Generating cache for /localdev/ctr-apbernal/tt_cache/Qwen/Qwen3-32B/TG/tensor_cache_bfp8/layers.42.feed_forward.w1_interleavedprefetcher_dtype_BFLOAT8_B_layout_TILE.tensorbin of shape Shape([1, 1, 1280, 3200]), dtype BFLOAT8_B, layout TILE
2026-08-29 10:44:50.684 | DEBUG    | core:from_torch_and_dump:707 - Generating cache for /localdev/ctr-apbernal/tt_cache/Qwen/Qwen3-32B/TG/tensor_cache_bfp8/layers.42.feed_forward.w2_interleavedprefetcher_dtype_BFLOAT8_B_layout_TILE.tensorbin of shape Shape([1, 1, 3200, 1280]), dtype BFLOAT8_B, layout TILE
2026-08-29 10:44:51.836 | DEBUG    | core:from_torch_and_dump:707 - Generating cache for /localdev/ctr-apbernal/tt_cache/Qwen/Qwen3-32B/TG/tensor_cache_bfp8/layers.42.feed_forward.w3_interleavedprefetcher_dtype_BFLOAT8_B_layout_TILE.tensorbin of shape Shape([1, 1, 1280, 3200]), dtype BFLOAT8_B, layout TILE
2026-08-29 10:44:51.893 | DEBUG    | core:from_torch_and_dump:707 - Generating cache for /localdev/ctr-apbernal/tt_cache/Qwen/Qwen3-32B/TG/tensor_cache_bfp8/layers.42.attention_norm.weight_dtype_BFLOAT16_layout_ROW_MAJOR.tensorbin of shape Shape([1, 1, 160, 32]), dtype BFLOAT16, layout ROW_MAJOR
2026-08-29 10:44:51.894 | DEBUG    | core:from_torch_and_dump:707 - Generating cache for /localdev/ctr-apbernal/tt_cache/Qwen/Qwen3-32B/TG/tensor_cache_bfp8/layers.42.attention_norm.weight_distributed_dtype_BFLOAT16_layout_ROW_MAJOR.tensorbin of shape Shape([1, 1, 40, 32]), dtype BFLOAT16, layout ROW_MAJOR
2026-08-29 10:44:51.895 | DEBUG    | core:from_torch_and_dump:707 - Generating cache for /localdev/ctr-apbernal/tt_cache/Qwen/Qwen3-32B/TG/tensor_cache_bfp8/layers.42.ffn_norm.weight_dtype_BFLOAT16_layout_ROW_MAJOR.tensorbin of shape Shape([1, 1, 160, 32]), dtype BFLOAT16, layout ROW_MAJOR
2026-08-29 10:44:51.895 | DEBUG    | core:from_torch_and_dump:707 - Generating cache for /localdev/ctr-apbernal/tt_cache/Qwen/Qwen3-32B/TG/tensor_cache_bfp8/layers.42.ffn_norm.weight_distributed_dtype_BFLOAT16_layout_ROW_MAJOR.tensorbin of shape Shape([1, 1, 40, 32]), dtype BFLOAT16, layout ROW_MAJOR
 67%|██████▋   | 43/64 [05:10<02:29,  7.14s/it]2026-08-29 10:44:52.332 | DEBUG    | core:from_torch_and_dump:707 - Generating cache for /localdev/ctr-apbernal/tt_cache/Qwen/Qwen3-32B/TG/tensor_cache_bfp8/layers.43.attention.wqkv_sharded_2d_prefetcher_dtype_BFLOAT8_B_layout_TILE.tensorbin of shape Shape([1, 1, 1280, 1280]), dtype BFLOAT8_B, layout TILE
2026-08-29 10:44:52.785 | DEBUG    | core:from_torch_and_dump:707 - Generating cache for /localdev/ctr-apbernal/tt_cache/Qwen/Qwen3-32B/TG/tensor_cache_bfp8/layers.43.attention.wqkv_sharded_2d_dram_dtype_BFLOAT8_B_layout_TILE.tensorbin of shape Shape([1, 1, 1280, 1280]), dtype BFLOAT8_B, layout TILE
2026-08-29 10:44:53.202 | DEBUG    | core:from_torch_and_dump:707 - Generating cache for /localdev/ctr-apbernal/tt_cache/Qwen/Qwen3-32B/TG/tensor_cache_bfp8/layers.43.attention.wo_width_sharded_2d_prefetcher_dtype_BFLOAT8_B_layout_TILE.tensorbin of shape Shape([1, 1, 1024, 1280]), dtype BFLOAT8_B, layout TILE
2026-08-29 10:44:53.582 | DEBUG    | core:from_torch_and_dump:707 - Generating cache for /localdev/ctr-apbernal/tt_cache/Qwen/Qwen3-32B/TG/tensor_cache_bfp8/layers.43.attention.wo_width_sharded_2d_dram_dtype_BFLOAT8_B_layout_TILE.tensorbin of shape Shape([1, 1, 1024, 1280]), dtype BFLOAT8_B, layout TILE
2026-08-29 10:44:53.979 | DEBUG    | core:from_torch_and_dump:707 - Generating cache for /localdev/ctr-apbernal/tt_cache/Qwen/Qwen3-32B/TG/tensor_cache_bfp8/layers.43.attention.wo_col_sharded_dram_dtype_BFLOAT8_B_layout_TILE.tensorbin of shape Shape([1, 1, 8192, 1280]), dtype BFLOAT8_B, layout TILE
2026-08-29 10:44:54.025 | DEBUG    | core:as_tensor:724 - Loaded cache for /localdev/ctr-apbernal/tt_cache/Qwen/Qwen3-32B/TG/tensor_cache_bfp8/kvcache_torch.Size([2048, 1, 64, 128])_dtype_BFLOAT8_B_layout_TILE.tensorbin of shape Shape([2048, 1, 64, 128])
2026-08-29 10:44:54.032 | DEBUG    | core:as_tensor:724 - Loaded cache for /localdev/ctr-apbernal/tt_cache/Qwen/Qwen3-32B/TG/tensor_cache_bfp8/kvcache_torch.Size([2048, 1, 64, 128])_dtype_BFLOAT8_B_layout_TILE.tensorbin of shape Shape([2048, 1, 64, 128])
2026-08-29 10:44:54.465 | DEBUG    | core:from_torch_and_dump:707 - Generating cache for /localdev/ctr-apbernal/tt_cache/Qwen/Qwen3-32B/TG/tensor_cache_bfp8/layers.43.feed_forward.w1_shardedprefetcher_dtype_BFLOAT16_layout_TILE.tensorbin of shape Shape([1, 1, 1280, 3200]), dtype BFLOAT16, layout TILE
2026-08-29 10:44:54.973 | DEBUG    | core:from_torch_and_dump:707 - Generating cache for /localdev/ctr-apbernal/tt_cache/Qwen/Qwen3-32B/TG/tensor_cache_bfp8/layers.43.feed_forward.w2_shardedprefetcher_dtype_BFLOAT16_layout_TILE.tensorbin of shape Shape([1, 1, 3200, 1280]), dtype BFLOAT16, layout TILE
2026-08-29 10:44:55.495 | DEBUG    | core:from_torch_and_dump:707 - Generating cache for /localdev/ctr-apbernal/tt_cache/Qwen/Qwen3-32B/TG/tensor_cache_bfp8/layers.43.feed_forward.w3_shardedprefetcher_dtype_BFLOAT16_layout_TILE.tensorbin of shape Shape([1, 1, 1280, 3200]), dtype BFLOAT16, layout TILE
2026-08-29 10:44:56.693 | DEBUG    | core:from_torch_and_dump:707 - Generating cache for /localdev/ctr-apbernal/tt_cache/Qwen/Qwen3-32B/TG/tensor_cache_bfp8/layers.43.feed_forward.w1_interleavedprefetcher_dtype_BFLOAT8_B_layout_TILE.tensorbin of shape Shape([1, 1, 1280, 3200]), dtype BFLOAT8_B, layout TILE
2026-08-29 10:44:57.849 | DEBUG    | core:from_torch_and_dump:707 - Generating cache for /localdev/ctr-apbernal/tt_cache/Qwen/Qwen3-32B/TG/tensor_cache_bfp8/layers.43.feed_forward.w2_interleavedprefetcher_dtype_BFLOAT8_B_layout_TILE.tensorbin of shape Shape([1, 1, 3200, 1280]), dtype BFLOAT8_B, layout TILE
2026-08-29 10:44:59.000 | DEBUG    | core:from_torch_and_dump:707 - Generating cache for /localdev/ctr-apbernal/tt_cache/Qwen/Qwen3-32B/TG/tensor_cache_bfp8/layers.43.feed_forward.w3_interleavedprefetcher_dtype_BFLOAT8_B_layout_TILE.tensorbin of shape Shape([1, 1, 1280, 3200]), dtype BFLOAT8_B, layout TILE
2026-08-29 10:44:59.057 | DEBUG    | core:from_torch_and_dump:707 - Generating cache for /localdev/ctr-apbernal/tt_cache/Qwen/Qwen3-32B/TG/tensor_cache_bfp8/layers.43.attention_norm.weight_dtype_BFLOAT16_layout_ROW_MAJOR.tensorbin of shape Shape([1, 1, 160, 32]), dtype BFLOAT16, layout ROW_MAJOR
2026-08-29 10:44:59.058 | DEBUG    | core:from_torch_and_dump:707 - Generating cache for /localdev/ctr-apbernal/tt_cache/Qwen/Qwen3-32B/TG/tensor_cache_bfp8/layers.43.attention_norm.weight_distributed_dtype_BFLOAT16_layout_ROW_MAJOR.tensorbin of shape Shape([1, 1, 40, 32]), dtype BFLOAT16, layout ROW_MAJOR
2026-08-29 10:44:59.059 | DEBUG    | core:from_torch_and_dump:707 - Generating cache for /localdev/ctr-apbernal/tt_cache/Qwen/Qwen3-32B/TG/tensor_cache_bfp8/layers.43.ffn_norm.weight_dtype_BFLOAT16_layout_ROW_MAJOR.tensorbin of shape Shape([1, 1, 160, 32]), dtype BFLOAT16, layout ROW_MAJOR
2026-08-29 10:44:59.060 | DEBUG    | core:from_torch_and_dump:707 - Generating cache for /localdev/ctr-apbernal/tt_cache/Qwen/Qwen3-32B/TG/tensor_cache_bfp8/layers.43.ffn_norm.weight_distributed_dtype_BFLOAT16_layout_ROW_MAJOR.tensorbin of shape Shape([1, 1, 40, 32]), dtype BFLOAT16, layout ROW_MAJOR
 69%|██████▉   | 44/64 [05:17<02:22,  7.15s/it]2026-08-29 10:44:59.498 | DEBUG    | core:from_torch_and_dump:707 - Generating cache for /localdev/ctr-apbernal/tt_cache/Qwen/Qwen3-32B/TG/tensor_cache_bfp8/layers.44.attention.wqkv_sharded_2d_prefetcher_dtype_BFLOAT8_B_layout_TILE.tensorbin of shape Shape([1, 1, 1280, 1280]), dtype BFLOAT8_B, layout TILE
2026-08-29 10:44:59.947 | DEBUG    | core:from_torch_and_dump:707 - Generating cache for /localdev/ctr-apbernal/tt_cache/Qwen/Qwen3-32B/TG/tensor_cache_bfp8/layers.44.attention.wqkv_sharded_2d_dram_dtype_BFLOAT8_B_layout_TILE.tensorbin of shape Shape([1, 1, 1280, 1280]), dtype BFLOAT8_B, layout TILE
2026-08-29 10:45:00.360 | DEBUG    | core:from_torch_and_dump:707 - Generating cache for /localdev/ctr-apbernal/tt_cache/Qwen/Qwen3-32B/TG/tensor_cache_bfp8/layers.44.attention.wo_width_sharded_2d_prefetcher_dtype_BFLOAT8_B_layout_TILE.tensorbin of shape Shape([1, 1, 1024, 1280]), dtype BFLOAT8_B, layout TILE
2026-08-29 10:45:00.734 | DEBUG    | core:from_torch_and_dump:707 - Generating cache for /localdev/ctr-apbernal/tt_cache/Qwen/Qwen3-32B/TG/tensor_cache_bfp8/layers.44.attention.wo_width_sharded_2d_dram_dtype_BFLOAT8_B_layout_TILE.tensorbin of shape Shape([1, 1, 1024, 1280]), dtype BFLOAT8_B, layout TILE
2026-08-29 10:45:01.129 | DEBUG    | core:from_torch_and_dump:707 - Generating cache for /localdev/ctr-apbernal/tt_cache/Qwen/Qwen3-32B/TG/tensor_cache_bfp8/layers.44.attention.wo_col_sharded_dram_dtype_BFLOAT8_B_layout_TILE.tensorbin of shape Shape([1, 1, 8192, 1280]), dtype BFLOAT8_B, layout TILE
2026-08-29 10:45:01.177 | DEBUG    | core:as_tensor:724 - Loaded cache for /localdev/ctr-apbernal/tt_cache/Qwen/Qwen3-32B/TG/tensor_cache_bfp8/kvcache_torch.Size([2048, 1, 64, 128])_dtype_BFLOAT8_B_layout_TILE.tensorbin of shape Shape([2048, 1, 64, 128])
2026-08-29 10:45:01.184 | DEBUG    | core:as_tensor:724 - Loaded cache for /localdev/ctr-apbernal/tt_cache/Qwen/Qwen3-32B/TG/tensor_cache_bfp8/kvcache_torch.Size([2048, 1, 64, 128])_dtype_BFLOAT8_B_layout_TILE.tensorbin of shape Shape([2048, 1, 64, 128])
2026-08-29 10:45:01.609 | DEBUG    | core:from_torch_and_dump:707 - Generating cache for /localdev/ctr-apbernal/tt_cache/Qwen/Qwen3-32B/TG/tensor_cache_bfp8/layers.44.feed_forward.w1_shardedprefetcher_dtype_BFLOAT16_layout_TILE.tensorbin of shape Shape([1, 1, 1280, 3200]), dtype BFLOAT16, layout TILE
2026-08-29 10:45:02.120 | DEBUG    | core:from_torch_and_dump:707 - Generating cache for /localdev/ctr-apbernal/tt_cache/Qwen/Qwen3-32B/TG/tensor_cache_bfp8/layers.44.feed_forward.w2_shardedprefetcher_dtype_BFLOAT16_layout_TILE.tensorbin of shape Shape([1, 1, 3200, 1280]), dtype BFLOAT16, layout TILE
2026-08-29 10:45:02.643 | DEBUG    | core:from_torch_and_dump:707 - Generating cache for /localdev/ctr-apbernal/tt_cache/Qwen/Qwen3-32B/TG/tensor_cache_bfp8/layers.44.feed_forward.w3_shardedprefetcher_dtype_BFLOAT16_layout_TILE.tensorbin of shape Shape([1, 1, 1280, 3200]), dtype BFLOAT16, layout TILE
2026-08-29 10:45:03.829 | DEBUG    | core:from_torch_and_dump:707 - Generating cache for /localdev/ctr-apbernal/tt_cache/Qwen/Qwen3-32B/TG/tensor_cache_bfp8/layers.44.feed_forward.w1_interleavedprefetcher_dtype_BFLOAT8_B_layout_TILE.tensorbin of shape Shape([1, 1, 1280, 3200]), dtype BFLOAT8_B, layout TILE
2026-08-29 10:45:04.986 | DEBUG    | core:from_torch_and_dump:707 - Generating cache for /localdev/ctr-apbernal/tt_cache/Qwen/Qwen3-32B/TG/tensor_cache_bfp8/layers.44.feed_forward.w2_interleavedprefetcher_dtype_BFLOAT8_B_layout_TILE.tensorbin of shape Shape([1, 1, 3200, 1280]), dtype BFLOAT8_B, layout TILE
2026-08-29 10:45:06.138 | DEBUG    | core:from_torch_and_dump:707 - Generating cache for /localdev/ctr-apbernal/tt_cache/Qwen/Qwen3-32B/TG/tensor_cache_bfp8/layers.44.feed_forward.w3_interleavedprefetcher_dtype_BFLOAT8_B_layout_TILE.tensorbin of shape Shape([1, 1, 1280, 3200]), dtype BFLOAT8_B, layout TILE
2026-08-29 10:45:06.195 | DEBUG    | core:from_torch_and_dump:707 - Generating cache for /localdev/ctr-apbernal/tt_cache/Qwen/Qwen3-32B/TG/tensor_cache_bfp8/layers.44.attention_norm.weight_dtype_BFLOAT16_layout_ROW_MAJOR.tensorbin of shape Shape([1, 1, 160, 32]), dtype BFLOAT16, layout ROW_MAJOR
2026-08-29 10:45:06.197 | DEBUG    | core:from_torch_and_dump:707 - Generating cache for /localdev/ctr-apbernal/tt_cache/Qwen/Qwen3-32B/TG/tensor_cache_bfp8/layers.44.attention_norm.weight_distributed_dtype_BFLOAT16_layout_ROW_MAJOR.tensorbin of shape Shape([1, 1, 40, 32]), dtype BFLOAT16, layout ROW_MAJOR
2026-08-29 10:45:06.199 | DEBUG    | core:from_torch_and_dump:707 - Generating cache for /localdev/ctr-apbernal/tt_cache/Qwen/Qwen3-32B/TG/tensor_cache_bfp8/layers.44.ffn_norm.weight_dtype_BFLOAT16_layout_ROW_MAJOR.tensorbin of shape Shape([1, 1, 160, 32]), dtype BFLOAT16, layout ROW_MAJOR
2026-08-29 10:45:06.203 | DEBUG    | core:from_torch_and_dump:707 - Generating cache for /localdev/ctr-apbernal/tt_cache/Qwen/Qwen3-32B/TG/tensor_cache_bfp8/layers.44.ffn_norm.weight_distributed_dtype_BFLOAT16_layout_ROW_MAJOR.tensorbin of shape Shape([1, 1, 40, 32]), dtype BFLOAT16, layout ROW_MAJOR
 70%|███████   | 45/64 [05:24<02:15,  7.15s/it]2026-08-29 10:45:06.649 | DEBUG    | core:from_torch_and_dump:707 - Generating cache for /localdev/ctr-apbernal/tt_cache/Qwen/Qwen3-32B/TG/tensor_cache_bfp8/layers.45.attention.wqkv_sharded_2d_prefetcher_dtype_BFLOAT8_B_layout_TILE.tensorbin of shape Shape([1, 1, 1280, 1280]), dtype BFLOAT8_B, layout TILE
2026-08-29 10:45:07.102 | DEBUG    | core:from_torch_and_dump:707 - Generating cache for /localdev/ctr-apbernal/tt_cache/Qwen/Qwen3-32B/TG/tensor_cache_bfp8/layers.45.attention.wqkv_sharded_2d_dram_dtype_BFLOAT8_B_layout_TILE.tensorbin of shape Shape([1, 1, 1280, 1280]), dtype BFLOAT8_B, layout TILE
2026-08-29 10:45:07.512 | DEBUG    | core:from_torch_and_dump:707 - Generating cache for /localdev/ctr-apbernal/tt_cache/Qwen/Qwen3-32B/TG/tensor_cache_bfp8/layers.45.attention.wo_width_sharded_2d_prefetcher_dtype_BFLOAT8_B_layout_TILE.tensorbin of shape Shape([1, 1, 1024, 1280]), dtype BFLOAT8_B, layout TILE
2026-08-29 10:45:07.885 | DEBUG    | core:from_torch_and_dump:707 - Generating cache for /localdev/ctr-apbernal/tt_cache/Qwen/Qwen3-32B/TG/tensor_cache_bfp8/layers.45.attention.wo_width_sharded_2d_dram_dtype_BFLOAT8_B_layout_TILE.tensorbin of shape Shape([1, 1, 1024, 1280]), dtype BFLOAT8_B, layout TILE
2026-08-29 10:45:08.278 | DEBUG    | core:from_torch_and_dump:707 - Generating cache for /localdev/ctr-apbernal/tt_cache/Qwen/Qwen3-32B/TG/tensor_cache_bfp8/layers.45.attention.wo_col_sharded_dram_dtype_BFLOAT8_B_layout_TILE.tensorbin of shape Shape([1, 1, 8192, 1280]), dtype BFLOAT8_B, layout TILE
2026-08-29 10:45:08.325 | DEBUG    | core:as_tensor:724 - Loaded cache for /localdev/ctr-apbernal/tt_cache/Qwen/Qwen3-32B/TG/tensor_cache_bfp8/kvcache_torch.Size([2048, 1, 64, 128])_dtype_BFLOAT8_B_layout_TILE.tensorbin of shape Shape([2048, 1, 64, 128])
2026-08-29 10:45:08.332 | DEBUG    | core:as_tensor:724 - Loaded cache for /localdev/ctr-apbernal/tt_cache/Qwen/Qwen3-32B/TG/tensor_cache_bfp8/kvcache_torch.Size([2048, 1, 64, 128])_dtype_BFLOAT8_B_layout_TILE.tensorbin of shape Shape([2048, 1, 64, 128])
2026-08-29 10:45:08.758 | DEBUG    | core:from_torch_and_dump:707 - Generating cache for /localdev/ctr-apbernal/tt_cache/Qwen/Qwen3-32B/TG/tensor_cache_bfp8/layers.45.feed_forward.w1_shardedprefetcher_dtype_BFLOAT16_layout_TILE.tensorbin of shape Shape([1, 1, 1280, 3200]), dtype BFLOAT16, layout TILE
2026-08-29 10:45:09.281 | DEBUG    | core:from_torch_and_dump:707 - Generating cache for /localdev/ctr-apbernal/tt_cache/Qwen/Qwen3-32B/TG/tensor_cache_bfp8/layers.45.feed_forward.w2_shardedprefetcher_dtype_BFLOAT16_layout_TILE.tensorbin of shape Shape([1, 1, 3200, 1280]), dtype BFLOAT16, layout TILE
2026-08-29 10:45:09.808 | DEBUG    | core:from_torch_and_dump:707 - Generating cache for /localdev/ctr-apbernal/tt_cache/Qwen/Qwen3-32B/TG/tensor_cache_bfp8/layers.45.feed_forward.w3_shardedprefetcher_dtype_BFLOAT16_layout_TILE.tensorbin of shape Shape([1, 1, 1280, 3200]), dtype BFLOAT16, layout TILE
2026-08-29 10:45:11.001 | DEBUG    | core:from_torch_and_dump:707 - Generating cache for /localdev/ctr-apbernal/tt_cache/Qwen/Qwen3-32B/TG/tensor_cache_bfp8/layers.45.feed_forward.w1_interleavedprefetcher_dtype_BFLOAT8_B_layout_TILE.tensorbin of shape Shape([1, 1, 1280, 3200]), dtype BFLOAT8_B, layout TILE
2026-08-29 10:45:12.163 | DEBUG    | core:from_torch_and_dump:707 - Generating cache for /localdev/ctr-apbernal/tt_cache/Qwen/Qwen3-32B/TG/tensor_cache_bfp8/layers.45.feed_forward.w2_interleavedprefetcher_dtype_BFLOAT8_B_layout_TILE.tensorbin of shape Shape([1, 1, 3200, 1280]), dtype BFLOAT8_B, layout TILE
2026-08-29 10:45:13.318 | DEBUG    | core:from_torch_and_dump:707 - Generating cache for /localdev/ctr-apbernal/tt_cache/Qwen/Qwen3-32B/TG/tensor_cache_bfp8/layers.45.feed_forward.w3_interleavedprefetcher_dtype_BFLOAT8_B_layout_TILE.tensorbin of shape Shape([1, 1, 1280, 3200]), dtype BFLOAT8_B, layout TILE
2026-08-29 10:45:13.376 | DEBUG    | core:from_torch_and_dump:707 - Generating cache for /localdev/ctr-apbernal/tt_cache/Qwen/Qwen3-32B/TG/tensor_cache_bfp8/layers.45.attention_norm.weight_dtype_BFLOAT16_layout_ROW_MAJOR.tensorbin of shape Shape([1, 1, 160, 32]), dtype BFLOAT16, layout ROW_MAJOR
2026-08-29 10:45:13.377 | DEBUG    | core:from_torch_and_dump:707 - Generating cache for /localdev/ctr-apbernal/tt_cache/Qwen/Qwen3-32B/TG/tensor_cache_bfp8/layers.45.attention_norm.weight_distributed_dtype_BFLOAT16_layout_ROW_MAJOR.tensorbin of shape Shape([1, 1, 40, 32]), dtype BFLOAT16, layout ROW_MAJOR
2026-08-29 10:45:13.377 | DEBUG    | core:from_torch_and_dump:707 - Generating cache for /localdev/ctr-apbernal/tt_cache/Qwen/Qwen3-32B/TG/tensor_cache_bfp8/layers.45.ffn_norm.weight_dtype_BFLOAT16_layout_ROW_MAJOR.tensorbin of shape Shape([1, 1, 160, 32]), dtype BFLOAT16, layout ROW_MAJOR
2026-08-29 10:45:13.378 | DEBUG    | core:from_torch_and_dump:707 - Generating cache for /localdev/ctr-apbernal/tt_cache/Qwen/Qwen3-32B/TG/tensor_cache_bfp8/layers.45.ffn_norm.weight_distributed_dtype_BFLOAT16_layout_ROW_MAJOR.tensorbin of shape Shape([1, 1, 40, 32]), dtype BFLOAT16, layout ROW_MAJOR
 72%|███████▏  | 46/64 [05:32<02:08,  7.15s/it]2026-08-29 10:45:13.815 | DEBUG    | core:from_torch_and_dump:707 - Generating cache for /localdev/ctr-apbernal/tt_cache/Qwen/Qwen3-32B/TG/tensor_cache_bfp8/layers.46.attention.wqkv_sharded_2d_prefetcher_dtype_BFLOAT8_B_layout_TILE.tensorbin of shape Shape([1, 1, 1280, 1280]), dtype BFLOAT8_B, layout TILE
2026-08-29 10:45:14.262 | DEBUG    | core:from_torch_and_dump:707 - Generating cache for /localdev/ctr-apbernal/tt_cache/Qwen/Qwen3-32B/TG/tensor_cache_bfp8/layers.46.attention.wqkv_sharded_2d_dram_dtype_BFLOAT8_B_layout_TILE.tensorbin of shape Shape([1, 1, 1280, 1280]), dtype BFLOAT8_B, layout TILE
2026-08-29 10:45:14.672 | DEBUG    | core:from_torch_and_dump:707 - Generating cache for /localdev/ctr-apbernal/tt_cache/Qwen/Qwen3-32B/TG/tensor_cache_bfp8/layers.46.attention.wo_width_sharded_2d_prefetcher_dtype_BFLOAT8_B_layout_TILE.tensorbin of shape Shape([1, 1, 1024, 1280]), dtype BFLOAT8_B, layout TILE
2026-08-29 10:45:15.046 | DEBUG    | core:from_torch_and_dump:707 - Generating cache for /localdev/ctr-apbernal/tt_cache/Qwen/Qwen3-32B/TG/tensor_cache_bfp8/layers.46.attention.wo_width_sharded_2d_dram_dtype_BFLOAT8_B_layout_TILE.tensorbin of shape Shape([1, 1, 1024, 1280]), dtype BFLOAT8_B, layout TILE
2026-08-29 10:45:15.438 | DEBUG    | core:from_torch_and_dump:707 - Generating cache for /localdev/ctr-apbernal/tt_cache/Qwen/Qwen3-32B/TG/tensor_cache_bfp8/layers.46.attention.wo_col_sharded_dram_dtype_BFLOAT8_B_layout_TILE.tensorbin of shape Shape([1, 1, 8192, 1280]), dtype BFLOAT8_B, layout TILE
2026-08-29 10:45:15.485 | DEBUG    | core:as_tensor:724 - Loaded cache for /localdev/ctr-apbernal/tt_cache/Qwen/Qwen3-32B/TG/tensor_cache_bfp8/kvcache_torch.Size([2048, 1, 64, 128])_dtype_BFLOAT8_B_layout_TILE.tensorbin of shape Shape([2048, 1, 64, 128])
2026-08-29 10:45:15.493 | DEBUG    | core:as_tensor:724 - Loaded cache for /localdev/ctr-apbernal/tt_cache/Qwen/Qwen3-32B/TG/tensor_cache_bfp8/kvcache_torch.Size([2048, 1, 64, 128])_dtype_BFLOAT8_B_layout_TILE.tensorbin of shape Shape([2048, 1, 64, 128])
2026-08-29 10:45:15.916 | DEBUG    | core:from_torch_and_dump:707 - Generating cache for /localdev/ctr-apbernal/tt_cache/Qwen/Qwen3-32B/TG/tensor_cache_bfp8/layers.46.feed_forward.w1_shardedprefetcher_dtype_BFLOAT16_layout_TILE.tensorbin of shape Shape([1, 1, 1280, 3200]), dtype BFLOAT16, layout TILE
2026-08-29 10:45:16.430 | DEBUG    | core:from_torch_and_dump:707 - Generating cache for /localdev/ctr-apbernal/tt_cache/Qwen/Qwen3-32B/TG/tensor_cache_bfp8/layers.46.feed_forward.w2_shardedprefetcher_dtype_BFLOAT16_layout_TILE.tensorbin of shape Shape([1, 1, 3200, 1280]), dtype BFLOAT16, layout TILE
2026-08-29 10:45:16.949 | DEBUG    | core:from_torch_and_dump:707 - Generating cache for /localdev/ctr-apbernal/tt_cache/Qwen/Qwen3-32B/TG/tensor_cache_bfp8/layers.46.feed_forward.w3_shardedprefetcher_dtype_BFLOAT16_layout_TILE.tensorbin of shape Shape([1, 1, 1280, 3200]), dtype BFLOAT16, layout TILE
2026-08-29 10:45:18.146 | DEBUG    | core:from_torch_and_dump:707 - Generating cache for /localdev/ctr-apbernal/tt_cache/Qwen/Qwen3-32B/TG/tensor_cache_bfp8/layers.46.feed_forward.w1_interleavedprefetcher_dtype_BFLOAT8_B_layout_TILE.tensorbin of shape Shape([1, 1, 1280, 3200]), dtype BFLOAT8_B, layout TILE
2026-08-29 10:45:19.300 | DEBUG    | core:from_torch_and_dump:707 - Generating cache for /localdev/ctr-apbernal/tt_cache/Qwen/Qwen3-32B/TG/tensor_cache_bfp8/layers.46.feed_forward.w2_interleavedprefetcher_dtype_BFLOAT8_B_layout_TILE.tensorbin of shape Shape([1, 1, 3200, 1280]), dtype BFLOAT8_B, layout TILE
2026-08-29 10:45:20.451 | DEBUG    | core:from_torch_and_dump:707 - Generating cache for /localdev/ctr-apbernal/tt_cache/Qwen/Qwen3-32B/TG/tensor_cache_bfp8/layers.46.feed_forward.w3_interleavedprefetcher_dtype_BFLOAT8_B_layout_TILE.tensorbin of shape Shape([1, 1, 1280, 3200]), dtype BFLOAT8_B, layout TILE
2026-08-29 10:45:20.508 | DEBUG    | core:from_torch_and_dump:707 - Generating cache for /localdev/ctr-apbernal/tt_cache/Qwen/Qwen3-32B/TG/tensor_cache_bfp8/layers.46.attention_norm.weight_dtype_BFLOAT16_layout_ROW_MAJOR.tensorbin of shape Shape([1, 1, 160, 32]), dtype BFLOAT16, layout ROW_MAJOR
2026-08-29 10:45:20.509 | DEBUG    | core:from_torch_and_dump:707 - Generating cache for /localdev/ctr-apbernal/tt_cache/Qwen/Qwen3-32B/TG/tensor_cache_bfp8/layers.46.attention_norm.weight_distributed_dtype_BFLOAT16_layout_ROW_MAJOR.tensorbin of shape Shape([1, 1, 40, 32]), dtype BFLOAT16, layout ROW_MAJOR
2026-08-29 10:45:20.510 | DEBUG    | core:from_torch_and_dump:707 - Generating cache for /localdev/ctr-apbernal/tt_cache/Qwen/Qwen3-32B/TG/tensor_cache_bfp8/layers.46.ffn_norm.weight_dtype_BFLOAT16_layout_ROW_MAJOR.tensorbin of shape Shape([1, 1, 160, 32]), dtype BFLOAT16, layout ROW_MAJOR
2026-08-29 10:45:20.510 | DEBUG    | core:from_torch_and_dump:707 - Generating cache for /localdev/ctr-apbernal/tt_cache/Qwen/Qwen3-32B/TG/tensor_cache_bfp8/layers.46.ffn_norm.weight_distributed_dtype_BFLOAT16_layout_ROW_MAJOR.tensorbin of shape Shape([1, 1, 40, 32]), dtype BFLOAT16, layout ROW_MAJOR
 73%|███████▎  | 47/64 [05:39<02:01,  7.15s/it]2026-08-29 10:45:20.948 | DEBUG    | core:from_torch_and_dump:707 - Generating cache for /localdev/ctr-apbernal/tt_cache/Qwen/Qwen3-32B/TG/tensor_cache_bfp8/layers.47.attention.wqkv_sharded_2d_prefetcher_dtype_BFLOAT8_B_layout_TILE.tensorbin of shape Shape([1, 1, 1280, 1280]), dtype BFLOAT8_B, layout TILE
2026-08-29 10:45:21.397 | DEBUG    | core:from_torch_and_dump:707 - Generating cache for /localdev/ctr-apbernal/tt_cache/Qwen/Qwen3-32B/TG/tensor_cache_bfp8/layers.47.attention.wqkv_sharded_2d_dram_dtype_BFLOAT8_B_layout_TILE.tensorbin of shape Shape([1, 1, 1280, 1280]), dtype BFLOAT8_B, layout TILE
2026-08-29 10:45:21.807 | DEBUG    | core:from_torch_and_dump:707 - Generating cache for /localdev/ctr-apbernal/tt_cache/Qwen/Qwen3-32B/TG/tensor_cache_bfp8/layers.47.attention.wo_width_sharded_2d_prefetcher_dtype_BFLOAT8_B_layout_TILE.tensorbin of shape Shape([1, 1, 1024, 1280]), dtype BFLOAT8_B, layout TILE
2026-08-29 10:45:22.181 | DEBUG    | core:from_torch_and_dump:707 - Generating cache for /localdev/ctr-apbernal/tt_cache/Qwen/Qwen3-32B/TG/tensor_cache_bfp8/layers.47.attention.wo_width_sharded_2d_dram_dtype_BFLOAT8_B_layout_TILE.tensorbin of shape Shape([1, 1, 1024, 1280]), dtype BFLOAT8_B, layout TILE
2026-08-29 10:45:22.577 | DEBUG    | core:from_torch_and_dump:707 - Generating cache for /localdev/ctr-apbernal/tt_cache/Qwen/Qwen3-32B/TG/tensor_cache_bfp8/layers.47.attention.wo_col_sharded_dram_dtype_BFLOAT8_B_layout_TILE.tensorbin of shape Shape([1, 1, 8192, 1280]), dtype BFLOAT8_B, layout TILE
2026-08-29 10:45:22.624 | DEBUG    | core:as_tensor:724 - Loaded cache for /localdev/ctr-apbernal/tt_cache/Qwen/Qwen3-32B/TG/tensor_cache_bfp8/kvcache_torch.Size([2048, 1, 64, 128])_dtype_BFLOAT8_B_layout_TILE.tensorbin of shape Shape([2048, 1, 64, 128])
2026-08-29 10:45:22.632 | DEBUG    | core:as_tensor:724 - Loaded cache for /localdev/ctr-apbernal/tt_cache/Qwen/Qwen3-32B/TG/tensor_cache_bfp8/kvcache_torch.Size([2048, 1, 64, 128])_dtype_BFLOAT8_B_layout_TILE.tensorbin of shape Shape([2048, 1, 64, 128])
2026-08-29 10:45:23.056 | DEBUG    | core:from_torch_and_dump:707 - Generating cache for /localdev/ctr-apbernal/tt_cache/Qwen/Qwen3-32B/TG/tensor_cache_bfp8/layers.47.feed_forward.w1_shardedprefetcher_dtype_BFLOAT16_layout_TILE.tensorbin of shape Shape([1, 1, 1280, 3200]), dtype BFLOAT16, layout TILE
2026-08-29 10:45:23.571 | DEBUG    | core:from_torch_and_dump:707 - Generating cache for /localdev/ctr-apbernal/tt_cache/Qwen/Qwen3-32B/TG/tensor_cache_bfp8/layers.47.feed_forward.w2_shardedprefetcher_dtype_BFLOAT16_layout_TILE.tensorbin of shape Shape([1, 1, 3200, 1280]), dtype BFLOAT16, layout TILE
2026-08-29 10:45:24.089 | DEBUG    | core:from_torch_and_dump:707 - Generating cache for /localdev/ctr-apbernal/tt_cache/Qwen/Qwen3-32B/TG/tensor_cache_bfp8/layers.47.feed_forward.w3_shardedprefetcher_dtype_BFLOAT16_layout_TILE.tensorbin of shape Shape([1, 1, 1280, 3200]), dtype BFLOAT16, layout TILE
2026-08-29 10:45:25.278 | DEBUG    | core:from_torch_and_dump:707 - Generating cache for /localdev/ctr-apbernal/tt_cache/Qwen/Qwen3-32B/TG/tensor_cache_bfp8/layers.47.feed_forward.w1_interleavedprefetcher_dtype_BFLOAT8_B_layout_TILE.tensorbin of shape Shape([1, 1, 1280, 3200]), dtype BFLOAT8_B, layout TILE
2026-08-29 10:45:26.434 | DEBUG    | core:from_torch_and_dump:707 - Generating cache for /localdev/ctr-apbernal/tt_cache/Qwen/Qwen3-32B/TG/tensor_cache_bfp8/layers.47.feed_forward.w2_interleavedprefetcher_dtype_BFLOAT8_B_layout_TILE.tensorbin of shape Shape([1, 1, 3200, 1280]), dtype BFLOAT8_B, layout TILE
2026-08-29 10:45:27.583 | DEBUG    | core:from_torch_and_dump:707 - Generating cache for /localdev/ctr-apbernal/tt_cache/Qwen/Qwen3-32B/TG/tensor_cache_bfp8/layers.47.feed_forward.w3_interleavedprefetcher_dtype_BFLOAT8_B_layout_TILE.tensorbin of shape Shape([1, 1, 1280, 3200]), dtype BFLOAT8_B, layout TILE
2026-08-29 10:45:27.640 | DEBUG    | core:from_torch_and_dump:707 - Generating cache for /localdev/ctr-apbernal/tt_cache/Qwen/Qwen3-32B/TG/tensor_cache_bfp8/layers.47.attention_norm.weight_dtype_BFLOAT16_layout_ROW_MAJOR.tensorbin of shape Shape([1, 1, 160, 32]), dtype BFLOAT16, layout ROW_MAJOR
2026-08-29 10:45:27.641 | DEBUG    | core:from_torch_and_dump:707 - Generating cache for /localdev/ctr-apbernal/tt_cache/Qwen/Qwen3-32B/TG/tensor_cache_bfp8/layers.47.attention_norm.weight_distributed_dtype_BFLOAT16_layout_ROW_MAJOR.tensorbin of shape Shape([1, 1, 40, 32]), dtype BFLOAT16, layout ROW_MAJOR
2026-08-29 10:45:27.642 | DEBUG    | core:from_torch_and_dump:707 - Generating cache for /localdev/ctr-apbernal/tt_cache/Qwen/Qwen3-32B/TG/tensor_cache_bfp8/layers.47.ffn_norm.weight_dtype_BFLOAT16_layout_ROW_MAJOR.tensorbin of shape Shape([1, 1, 160, 32]), dtype BFLOAT16, layout ROW_MAJOR
2026-08-29 10:45:27.642 | DEBUG    | core:from_torch_and_dump:707 - Generating cache for /localdev/ctr-apbernal/tt_cache/Qwen/Qwen3-32B/TG/tensor_cache_bfp8/layers.47.ffn_norm.weight_distributed_dtype_BFLOAT16_layout_ROW_MAJOR.tensorbin of shape Shape([1, 1, 40, 32]), dtype BFLOAT16, layout ROW_MAJOR
 75%|███████▌  | 48/64 [05:46<01:54,  7.14s/it]2026-08-29 10:45:28.078 | DEBUG    | core:from_torch_and_dump:707 - Generating cache for /localdev/ctr-apbernal/tt_cache/Qwen/Qwen3-32B/TG/tensor_cache_bfp8/layers.48.attention.wqkv_sharded_2d_prefetcher_dtype_BFLOAT8_B_layout_TILE.tensorbin of shape Shape([1, 1, 1280, 1280]), dtype BFLOAT8_B, layout TILE
2026-08-29 10:45:28.527 | DEBUG    | core:from_torch_and_dump:707 - Generating cache for /localdev/ctr-apbernal/tt_cache/Qwen/Qwen3-32B/TG/tensor_cache_bfp8/layers.48.attention.wqkv_sharded_2d_dram_dtype_BFLOAT8_B_layout_TILE.tensorbin of shape Shape([1, 1, 1280, 1280]), dtype BFLOAT8_B, layout TILE
2026-08-29 10:45:28.942 | DEBUG    | core:from_torch_and_dump:707 - Generating cache for /localdev/ctr-apbernal/tt_cache/Qwen/Qwen3-32B/TG/tensor_cache_bfp8/layers.48.attention.wo_width_sharded_2d_prefetcher_dtype_BFLOAT8_B_layout_TILE.tensorbin of shape Shape([1, 1, 1024, 1280]), dtype BFLOAT8_B, layout TILE
2026-08-29 10:45:29.320 | DEBUG    | core:from_torch_and_dump:707 - Generating cache for /localdev/ctr-apbernal/tt_cache/Qwen/Qwen3-32B/TG/tensor_cache_bfp8/layers.48.attention.wo_width_sharded_2d_dram_dtype_BFLOAT8_B_layout_TILE.tensorbin of shape Shape([1, 1, 1024, 1280]), dtype BFLOAT8_B, layout TILE
2026-08-29 10:45:29.718 | DEBUG    | core:from_torch_and_dump:707 - Generating cache for /localdev/ctr-apbernal/tt_cache/Qwen/Qwen3-32B/TG/tensor_cache_bfp8/layers.48.attention.wo_col_sharded_dram_dtype_BFLOAT8_B_layout_TILE.tensorbin of shape Shape([1, 1, 8192, 1280]), dtype BFLOAT8_B, layout TILE
2026-08-29 10:45:29.769 | DEBUG    | core:as_tensor:724 - Loaded cache for /localdev/ctr-apbernal/tt_cache/Qwen/Qwen3-32B/TG/tensor_cache_bfp8/kvcache_torch.Size([2048, 1, 64, 128])_dtype_BFLOAT8_B_layout_TILE.tensorbin of shape Shape([2048, 1, 64, 128])
2026-08-29 10:45:29.776 | DEBUG    | core:as_tensor:724 - Loaded cache for /localdev/ctr-apbernal/tt_cache/Qwen/Qwen3-32B/TG/tensor_cache_bfp8/kvcache_torch.Size([2048, 1, 64, 128])_dtype_BFLOAT8_B_layout_TILE.tensorbin of shape Shape([2048, 1, 64, 128])
2026-08-29 10:45:30.206 | DEBUG    | core:from_torch_and_dump:707 - Generating cache for /localdev/ctr-apbernal/tt_cache/Qwen/Qwen3-32B/TG/tensor_cache_bfp8/layers.48.feed_forward.w1_shardedprefetcher_dtype_BFLOAT16_layout_TILE.tensorbin of shape Shape([1, 1, 1280, 3200]), dtype BFLOAT16, layout TILE
2026-08-29 10:45:30.719 | DEBUG    | core:from_torch_and_dump:707 - Generating cache for /localdev/ctr-apbernal/tt_cache/Qwen/Qwen3-32B/TG/tensor_cache_bfp8/layers.48.feed_forward.w2_shardedprefetcher_dtype_BFLOAT16_layout_TILE.tensorbin of shape Shape([1, 1, 3200, 1280]), dtype BFLOAT16, layout TILE
2026-08-29 10:45:31.243 | DEBUG    | core:from_torch_and_dump:707 - Generating cache for /localdev/ctr-apbernal/tt_cache/Qwen/Qwen3-32B/TG/tensor_cache_bfp8/layers.48.feed_forward.w3_shardedprefetcher_dtype_BFLOAT16_layout_TILE.tensorbin of shape Shape([1, 1, 1280, 3200]), dtype BFLOAT16, layout TILE
2026-08-29 10:45:32.435 | DEBUG    | core:from_torch_and_dump:707 - Generating cache for /localdev/ctr-apbernal/tt_cache/Qwen/Qwen3-32B/TG/tensor_cache_bfp8/layers.48.feed_forward.w1_interleavedprefetcher_dtype_BFLOAT8_B_layout_TILE.tensorbin of shape Shape([1, 1, 1280, 3200]), dtype BFLOAT8_B, layout TILE
2026-08-29 10:45:33.597 | DEBUG    | core:from_torch_and_dump:707 - Generating cache for /localdev/ctr-apbernal/tt_cache/Qwen/Qwen3-32B/TG/tensor_cache_bfp8/layers.48.feed_forward.w2_interleavedprefetcher_dtype_BFLOAT8_B_layout_TILE.tensorbin of shape Shape([1, 1, 3200, 1280]), dtype BFLOAT8_B, layout TILE
2026-08-29 10:45:34.747 | DEBUG    | core:from_torch_and_dump:707 - Generating cache for /localdev/ctr-apbernal/tt_cache/Qwen/Qwen3-32B/TG/tensor_cache_bfp8/layers.48.feed_forward.w3_interleavedprefetcher_dtype_BFLOAT8_B_layout_TILE.tensorbin of shape Shape([1, 1, 1280, 3200]), dtype BFLOAT8_B, layout TILE
2026-08-29 10:45:34.805 | DEBUG    | core:from_torch_and_dump:707 - Generating cache for /localdev/ctr-apbernal/tt_cache/Qwen/Qwen3-32B/TG/tensor_cache_bfp8/layers.48.attention_norm.weight_dtype_BFLOAT16_layout_ROW_MAJOR.tensorbin of shape Shape([1, 1, 160, 32]), dtype BFLOAT16, layout ROW_MAJOR
2026-08-29 10:45:34.806 | DEBUG    | core:from_torch_and_dump:707 - Generating cache for /localdev/ctr-apbernal/tt_cache/Qwen/Qwen3-32B/TG/tensor_cache_bfp8/layers.48.attention_norm.weight_distributed_dtype_BFLOAT16_layout_ROW_MAJOR.tensorbin of shape Shape([1, 1, 40, 32]), dtype BFLOAT16, layout ROW_MAJOR
2026-08-29 10:45:34.806 | DEBUG    | core:from_torch_and_dump:707 - Generating cache for /localdev/ctr-apbernal/tt_cache/Qwen/Qwen3-32B/TG/tensor_cache_bfp8/layers.48.ffn_norm.weight_dtype_BFLOAT16_layout_ROW_MAJOR.tensorbin of shape Shape([1, 1, 160, 32]), dtype BFLOAT16, layout ROW_MAJOR
2026-08-29 10:45:34.807 | DEBUG    | core:from_torch_and_dump:707 - Generating cache for /localdev/ctr-apbernal/tt_cache/Qwen/Qwen3-32B/TG/tensor_cache_bfp8/layers.48.ffn_norm.weight_distributed_dtype_BFLOAT16_layout_ROW_MAJOR.tensorbin of shape Shape([1, 1, 40, 32]), dtype BFLOAT16, layout ROW_MAJOR
 77%|███████▋  | 49/64 [05:53<01:47,  7.15s/it]2026-08-29 10:45:35.243 | DEBUG    | core:from_torch_and_dump:707 - Generating cache for /localdev/ctr-apbernal/tt_cache/Qwen/Qwen3-32B/TG/tensor_cache_bfp8/layers.49.attention.wqkv_sharded_2d_prefetcher_dtype_BFLOAT8_B_layout_TILE.tensorbin of shape Shape([1, 1, 1280, 1280]), dtype BFLOAT8_B, layout TILE
2026-08-29 10:45:35.691 | DEBUG    | core:from_torch_and_dump:707 - Generating cache for /localdev/ctr-apbernal/tt_cache/Qwen/Qwen3-32B/TG/tensor_cache_bfp8/layers.49.attention.wqkv_sharded_2d_dram_dtype_BFLOAT8_B_layout_TILE.tensorbin of shape Shape([1, 1, 1280, 1280]), dtype BFLOAT8_B, layout TILE
2026-08-29 10:45:36.112 | DEBUG    | core:from_torch_and_dump:707 - Generating cache for /localdev/ctr-apbernal/tt_cache/Qwen/Qwen3-32B/TG/tensor_cache_bfp8/layers.49.attention.wo_width_sharded_2d_prefetcher_dtype_BFLOAT8_B_layout_TILE.tensorbin of shape Shape([1, 1, 1024, 1280]), dtype BFLOAT8_B, layout TILE
2026-08-29 10:45:36.486 | DEBUG    | core:from_torch_and_dump:707 - Generating cache for /localdev/ctr-apbernal/tt_cache/Qwen/Qwen3-32B/TG/tensor_cache_bfp8/layers.49.attention.wo_width_sharded_2d_dram_dtype_BFLOAT8_B_layout_TILE.tensorbin of shape Shape([1, 1, 1024, 1280]), dtype BFLOAT8_B, layout TILE
2026-08-29 10:45:36.880 | DEBUG    | core:from_torch_and_dump:707 - Generating cache for /localdev/ctr-apbernal/tt_cache/Qwen/Qwen3-32B/TG/tensor_cache_bfp8/layers.49.attention.wo_col_sharded_dram_dtype_BFLOAT8_B_layout_TILE.tensorbin of shape Shape([1, 1, 8192, 1280]), dtype BFLOAT8_B, layout TILE
2026-08-29 10:45:36.926 | DEBUG    | core:as_tensor:724 - Loaded cache for /localdev/ctr-apbernal/tt_cache/Qwen/Qwen3-32B/TG/tensor_cache_bfp8/kvcache_torch.Size([2048, 1, 64, 128])_dtype_BFLOAT8_B_layout_TILE.tensorbin of shape Shape([2048, 1, 64, 128])
2026-08-29 10:45:36.933 | DEBUG    | core:as_tensor:724 - Loaded cache for /localdev/ctr-apbernal/tt_cache/Qwen/Qwen3-32B/TG/tensor_cache_bfp8/kvcache_torch.Size([2048, 1, 64, 128])_dtype_BFLOAT8_B_layout_TILE.tensorbin of shape Shape([2048, 1, 64, 128])
2026-08-29 10:45:37.354 | DEBUG    | core:from_torch_and_dump:707 - Generating cache for /localdev/ctr-apbernal/tt_cache/Qwen/Qwen3-32B/TG/tensor_cache_bfp8/layers.49.feed_forward.w1_shardedprefetcher_dtype_BFLOAT16_layout_TILE.tensorbin of shape Shape([1, 1, 1280, 3200]), dtype BFLOAT16, layout TILE
2026-08-29 10:45:37.869 | DEBUG    | core:from_torch_and_dump:707 - Generating cache for /localdev/ctr-apbernal/tt_cache/Qwen/Qwen3-32B/TG/tensor_cache_bfp8/layers.49.feed_forward.w2_shardedprefetcher_dtype_BFLOAT16_layout_TILE.tensorbin of shape Shape([1, 1, 3200, 1280]), dtype BFLOAT16, layout TILE
2026-08-29 10:45:38.384 | DEBUG    | core:from_torch_and_dump:707 - Generating cache for /localdev/ctr-apbernal/tt_cache/Qwen/Qwen3-32B/TG/tensor_cache_bfp8/layers.49.feed_forward.w3_shardedprefetcher_dtype_BFLOAT16_layout_TILE.tensorbin of shape Shape([1, 1, 1280, 3200]), dtype BFLOAT16, layout TILE
2026-08-29 10:45:39.582 | DEBUG    | core:from_torch_and_dump:707 - Generating cache for /localdev/ctr-apbernal/tt_cache/Qwen/Qwen3-32B/TG/tensor_cache_bfp8/layers.49.feed_forward.w1_interleavedprefetcher_dtype_BFLOAT8_B_layout_TILE.tensorbin of shape Shape([1, 1, 1280, 3200]), dtype BFLOAT8_B, layout TILE
2026-08-29 10:45:40.742 | DEBUG    | core:from_torch_and_dump:707 - Generating cache for /localdev/ctr-apbernal/tt_cache/Qwen/Qwen3-32B/TG/tensor_cache_bfp8/layers.49.feed_forward.w2_interleavedprefetcher_dtype_BFLOAT8_B_layout_TILE.tensorbin of shape Shape([1, 1, 3200, 1280]), dtype BFLOAT8_B, layout TILE
2026-08-29 10:45:41.892 | DEBUG    | core:from_torch_and_dump:707 - Generating cache for /localdev/ctr-apbernal/tt_cache/Qwen/Qwen3-32B/TG/tensor_cache_bfp8/layers.49.feed_forward.w3_interleavedprefetcher_dtype_BFLOAT8_B_layout_TILE.tensorbin of shape Shape([1, 1, 1280, 3200]), dtype BFLOAT8_B, layout TILE
2026-08-29 10:45:41.953 | DEBUG    | core:from_torch_and_dump:707 - Generating cache for /localdev/ctr-apbernal/tt_cache/Qwen/Qwen3-32B/TG/tensor_cache_bfp8/layers.49.attention_norm.weight_dtype_BFLOAT16_layout_ROW_MAJOR.tensorbin of shape Shape([1, 1, 160, 32]), dtype BFLOAT16, layout ROW_MAJOR
2026-08-29 10:45:41.954 | DEBUG    | core:from_torch_and_dump:707 - Generating cache for /localdev/ctr-apbernal/tt_cache/Qwen/Qwen3-32B/TG/tensor_cache_bfp8/layers.49.attention_norm.weight_distributed_dtype_BFLOAT16_layout_ROW_MAJOR.tensorbin of shape Shape([1, 1, 40, 32]), dtype BFLOAT16, layout ROW_MAJOR
2026-08-29 10:45:41.955 | DEBUG    | core:from_torch_and_dump:707 - Generating cache for /localdev/ctr-apbernal/tt_cache/Qwen/Qwen3-32B/TG/tensor_cache_bfp8/layers.49.ffn_norm.weight_dtype_BFLOAT16_layout_ROW_MAJOR.tensorbin of shape Shape([1, 1, 160, 32]), dtype BFLOAT16, layout ROW_MAJOR
2026-08-29 10:45:41.955 | DEBUG    | core:from_torch_and_dump:707 - Generating cache for /localdev/ctr-apbernal/tt_cache/Qwen/Qwen3-32B/TG/tensor_cache_bfp8/layers.49.ffn_norm.weight_distributed_dtype_BFLOAT16_layout_ROW_MAJOR.tensorbin of shape Shape([1, 1, 40, 32]), dtype BFLOAT16, layout ROW_MAJOR
 78%|███████▊  | 50/64 [06:00<01:40,  7.15s/it]2026-08-29 10:45:42.399 | DEBUG    | core:from_torch_and_dump:707 - Generating cache for /localdev/ctr-apbernal/tt_cache/Qwen/Qwen3-32B/TG/tensor_cache_bfp8/layers.50.attention.wqkv_sharded_2d_prefetcher_dtype_BFLOAT8_B_layout_TILE.tensorbin of shape Shape([1, 1, 1280, 1280]), dtype BFLOAT8_B, layout TILE
2026-08-29 10:45:42.847 | DEBUG    | core:from_torch_and_dump:707 - Generating cache for /localdev/ctr-apbernal/tt_cache/Qwen/Qwen3-32B/TG/tensor_cache_bfp8/layers.50.attention.wqkv_sharded_2d_dram_dtype_BFLOAT8_B_layout_TILE.tensorbin of shape Shape([1, 1, 1280, 1280]), dtype BFLOAT8_B, layout TILE
2026-08-29 10:45:43.257 | DEBUG    | core:from_torch_and_dump:707 - Generating cache for /localdev/ctr-apbernal/tt_cache/Qwen/Qwen3-32B/TG/tensor_cache_bfp8/layers.50.attention.wo_width_sharded_2d_prefetcher_dtype_BFLOAT8_B_layout_TILE.tensorbin of shape Shape([1, 1, 1024, 1280]), dtype BFLOAT8_B, layout TILE
2026-08-29 10:45:43.635 | DEBUG    | core:from_torch_and_dump:707 - Generating cache for /localdev/ctr-apbernal/tt_cache/Qwen/Qwen3-32B/TG/tensor_cache_bfp8/layers.50.attention.wo_width_sharded_2d_dram_dtype_BFLOAT8_B_layout_TILE.tensorbin of shape Shape([1, 1, 1024, 1280]), dtype BFLOAT8_B, layout TILE
2026-08-29 10:45:44.029 | DEBUG    | core:from_torch_and_dump:707 - Generating cache for /localdev/ctr-apbernal/tt_cache/Qwen/Qwen3-32B/TG/tensor_cache_bfp8/layers.50.attention.wo_col_sharded_dram_dtype_BFLOAT8_B_layout_TILE.tensorbin of shape Shape([1, 1, 8192, 1280]), dtype BFLOAT8_B, layout TILE
2026-08-29 10:45:44.074 | DEBUG    | core:as_tensor:724 - Loaded cache for /localdev/ctr-apbernal/tt_cache/Qwen/Qwen3-32B/TG/tensor_cache_bfp8/kvcache_torch.Size([2048, 1, 64, 128])_dtype_BFLOAT8_B_layout_TILE.tensorbin of shape Shape([2048, 1, 64, 128])
2026-08-29 10:45:44.081 | DEBUG    | core:as_tensor:724 - Loaded cache for /localdev/ctr-apbernal/tt_cache/Qwen/Qwen3-32B/TG/tensor_cache_bfp8/kvcache_torch.Size([2048, 1, 64, 128])_dtype_BFLOAT8_B_layout_TILE.tensorbin of shape Shape([2048, 1, 64, 128])
2026-08-29 10:45:44.515 | DEBUG    | core:from_torch_and_dump:707 - Generating cache for /localdev/ctr-apbernal/tt_cache/Qwen/Qwen3-32B/TG/tensor_cache_bfp8/layers.50.feed_forward.w1_shardedprefetcher_dtype_BFLOAT16_layout_TILE.tensorbin of shape Shape([1, 1, 1280, 3200]), dtype BFLOAT16, layout TILE
2026-08-29 10:45:45.029 | DEBUG    | core:from_torch_and_dump:707 - Generating cache for /localdev/ctr-apbernal/tt_cache/Qwen/Qwen3-32B/TG/tensor_cache_bfp8/layers.50.feed_forward.w2_shardedprefetcher_dtype_BFLOAT16_layout_TILE.tensorbin of shape Shape([1, 1, 3200, 1280]), dtype BFLOAT16, layout TILE
2026-08-29 10:45:45.541 | DEBUG    | core:from_torch_and_dump:707 - Generating cache for /localdev/ctr-apbernal/tt_cache/Qwen/Qwen3-32B/TG/tensor_cache_bfp8/layers.50.feed_forward.w3_shardedprefetcher_dtype_BFLOAT16_layout_TILE.tensorbin of shape Shape([1, 1, 1280, 3200]), dtype BFLOAT16, layout TILE
2026-08-29 10:45:46.737 | DEBUG    | core:from_torch_and_dump:707 - Generating cache for /localdev/ctr-apbernal/tt_cache/Qwen/Qwen3-32B/TG/tensor_cache_bfp8/layers.50.feed_forward.w1_interleavedprefetcher_dtype_BFLOAT8_B_layout_TILE.tensorbin of shape Shape([1, 1, 1280, 3200]), dtype BFLOAT8_B, layout TILE
2026-08-29 10:45:47.898 | DEBUG    | core:from_torch_and_dump:707 - Generating cache for /localdev/ctr-apbernal/tt_cache/Qwen/Qwen3-32B/TG/tensor_cache_bfp8/layers.50.feed_forward.w2_interleavedprefetcher_dtype_BFLOAT8_B_layout_TILE.tensorbin of shape Shape([1, 1, 3200, 1280]), dtype BFLOAT8_B, layout TILE
2026-08-29 10:45:49.050 | DEBUG    | core:from_torch_and_dump:707 - Generating cache for /localdev/ctr-apbernal/tt_cache/Qwen/Qwen3-32B/TG/tensor_cache_bfp8/layers.50.feed_forward.w3_interleavedprefetcher_dtype_BFLOAT8_B_layout_TILE.tensorbin of shape Shape([1, 1, 1280, 3200]), dtype BFLOAT8_B, layout TILE
2026-08-29 10:45:49.107 | DEBUG    | core:from_torch_and_dump:707 - Generating cache for /localdev/ctr-apbernal/tt_cache/Qwen/Qwen3-32B/TG/tensor_cache_bfp8/layers.50.attention_norm.weight_dtype_BFLOAT16_layout_ROW_MAJOR.tensorbin of shape Shape([1, 1, 160, 32]), dtype BFLOAT16, layout ROW_MAJOR
2026-08-29 10:45:49.108 | DEBUG    | core:from_torch_and_dump:707 - Generating cache for /localdev/ctr-apbernal/tt_cache/Qwen/Qwen3-32B/TG/tensor_cache_bfp8/layers.50.attention_norm.weight_distributed_dtype_BFLOAT16_layout_ROW_MAJOR.tensorbin of shape Shape([1, 1, 40, 32]), dtype BFLOAT16, layout ROW_MAJOR
2026-08-29 10:45:49.109 | DEBUG    | core:from_torch_and_dump:707 - Generating cache for /localdev/ctr-apbernal/tt_cache/Qwen/Qwen3-32B/TG/tensor_cache_bfp8/layers.50.ffn_norm.weight_dtype_BFLOAT16_layout_ROW_MAJOR.tensorbin of shape Shape([1, 1, 160, 32]), dtype BFLOAT16, layout ROW_MAJOR
2026-08-29 10:45:49.109 | DEBUG    | core:from_torch_and_dump:707 - Generating cache for /localdev/ctr-apbernal/tt_cache/Qwen/Qwen3-32B/TG/tensor_cache_bfp8/layers.50.ffn_norm.weight_distributed_dtype_BFLOAT16_layout_ROW_MAJOR.tensorbin of shape Shape([1, 1, 40, 32]), dtype BFLOAT16, layout ROW_MAJOR
 80%|███████▉  | 51/64 [06:07<01:32,  7.15s/it]2026-08-29 10:45:49.545 | DEBUG    | core:from_torch_and_dump:707 - Generating cache for /localdev/ctr-apbernal/tt_cache/Qwen/Qwen3-32B/TG/tensor_cache_bfp8/layers.51.attention.wqkv_sharded_2d_prefetcher_dtype_BFLOAT8_B_layout_TILE.tensorbin of shape Shape([1, 1, 1280, 1280]), dtype BFLOAT8_B, layout TILE
2026-08-29 10:45:49.992 | DEBUG    | core:from_torch_and_dump:707 - Generating cache for /localdev/ctr-apbernal/tt_cache/Qwen/Qwen3-32B/TG/tensor_cache_bfp8/layers.51.attention.wqkv_sharded_2d_dram_dtype_BFLOAT8_B_layout_TILE.tensorbin of shape Shape([1, 1, 1280, 1280]), dtype BFLOAT8_B, layout TILE
2026-08-29 10:45:50.407 | DEBUG    | core:from_torch_and_dump:707 - Generating cache for /localdev/ctr-apbernal/tt_cache/Qwen/Qwen3-32B/TG/tensor_cache_bfp8/layers.51.attention.wo_width_sharded_2d_prefetcher_dtype_BFLOAT8_B_layout_TILE.tensorbin of shape Shape([1, 1, 1024, 1280]), dtype BFLOAT8_B, layout TILE
2026-08-29 10:45:50.785 | DEBUG    | core:from_torch_and_dump:707 - Generating cache for /localdev/ctr-apbernal/tt_cache/Qwen/Qwen3-32B/TG/tensor_cache_bfp8/layers.51.attention.wo_width_sharded_2d_dram_dtype_BFLOAT8_B_layout_TILE.tensorbin of shape Shape([1, 1, 1024, 1280]), dtype BFLOAT8_B, layout TILE
2026-08-29 10:45:51.182 | DEBUG    | core:from_torch_and_dump:707 - Generating cache for /localdev/ctr-apbernal/tt_cache/Qwen/Qwen3-32B/TG/tensor_cache_bfp8/layers.51.attention.wo_col_sharded_dram_dtype_BFLOAT8_B_layout_TILE.tensorbin of shape Shape([1, 1, 8192, 1280]), dtype BFLOAT8_B, layout TILE
2026-08-29 10:45:51.228 | DEBUG    | core:as_tensor:724 - Loaded cache for /localdev/ctr-apbernal/tt_cache/Qwen/Qwen3-32B/TG/tensor_cache_bfp8/kvcache_torch.Size([2048, 1, 64, 128])_dtype_BFLOAT8_B_layout_TILE.tensorbin of shape Shape([2048, 1, 64, 128])
2026-08-29 10:45:51.236 | DEBUG    | core:as_tensor:724 - Loaded cache for /localdev/ctr-apbernal/tt_cache/Qwen/Qwen3-32B/TG/tensor_cache_bfp8/kvcache_torch.Size([2048, 1, 64, 128])_dtype_BFLOAT8_B_layout_TILE.tensorbin of shape Shape([2048, 1, 64, 128])
2026-08-29 10:45:51.655 | DEBUG    | core:from_torch_and_dump:707 - Generating cache for /localdev/ctr-apbernal/tt_cache/Qwen/Qwen3-32B/TG/tensor_cache_bfp8/layers.51.feed_forward.w1_shardedprefetcher_dtype_BFLOAT16_layout_TILE.tensorbin of shape Shape([1, 1, 1280, 3200]), dtype BFLOAT16, layout TILE
2026-08-29 10:45:52.171 | DEBUG    | core:from_torch_and_dump:707 - Generating cache for /localdev/ctr-apbernal/tt_cache/Qwen/Qwen3-32B/TG/tensor_cache_bfp8/layers.51.feed_forward.w2_shardedprefetcher_dtype_BFLOAT16_layout_TILE.tensorbin of shape Shape([1, 1, 3200, 1280]), dtype BFLOAT16, layout TILE
2026-08-29 10:45:52.676 | DEBUG    | core:from_torch_and_dump:707 - Generating cache for /localdev/ctr-apbernal/tt_cache/Qwen/Qwen3-32B/TG/tensor_cache_bfp8/layers.51.feed_forward.w3_shardedprefetcher_dtype_BFLOAT16_layout_TILE.tensorbin of shape Shape([1, 1, 1280, 3200]), dtype BFLOAT16, layout TILE
2026-08-29 10:45:53.872 | DEBUG    | core:from_torch_and_dump:707 - Generating cache for /localdev/ctr-apbernal/tt_cache/Qwen/Qwen3-32B/TG/tensor_cache_bfp8/layers.51.feed_forward.w1_interleavedprefetcher_dtype_BFLOAT8_B_layout_TILE.tensorbin of shape Shape([1, 1, 1280, 3200]), dtype BFLOAT8_B, layout TILE
2026-08-29 10:45:55.042 | DEBUG    | core:from_torch_and_dump:707 - Generating cache for /localdev/ctr-apbernal/tt_cache/Qwen/Qwen3-32B/TG/tensor_cache_bfp8/layers.51.feed_forward.w2_interleavedprefetcher_dtype_BFLOAT8_B_layout_TILE.tensorbin of shape Shape([1, 1, 3200, 1280]), dtype BFLOAT8_B, layout TILE
2026-08-29 10:45:56.193 | DEBUG    | core:from_torch_and_dump:707 - Generating cache for /localdev/ctr-apbernal/tt_cache/Qwen/Qwen3-32B/TG/tensor_cache_bfp8/layers.51.feed_forward.w3_interleavedprefetcher_dtype_BFLOAT8_B_layout_TILE.tensorbin of shape Shape([1, 1, 1280, 3200]), dtype BFLOAT8_B, layout TILE
2026-08-29 10:45:56.250 | DEBUG    | core:from_torch_and_dump:707 - Generating cache for /localdev/ctr-apbernal/tt_cache/Qwen/Qwen3-32B/TG/tensor_cache_bfp8/layers.51.attention_norm.weight_dtype_BFLOAT16_layout_ROW_MAJOR.tensorbin of shape Shape([1, 1, 160, 32]), dtype BFLOAT16, layout ROW_MAJOR
2026-08-29 10:45:56.251 | DEBUG    | core:from_torch_and_dump:707 - Generating cache for /localdev/ctr-apbernal/tt_cache/Qwen/Qwen3-32B/TG/tensor_cache_bfp8/layers.51.attention_norm.weight_distributed_dtype_BFLOAT16_layout_ROW_MAJOR.tensorbin of shape Shape([1, 1, 40, 32]), dtype BFLOAT16, layout ROW_MAJOR
2026-08-29 10:45:56.251 | DEBUG    | core:from_torch_and_dump:707 - Generating cache for /localdev/ctr-apbernal/tt_cache/Qwen/Qwen3-32B/TG/tensor_cache_bfp8/layers.51.ffn_norm.weight_dtype_BFLOAT16_layout_ROW_MAJOR.tensorbin of shape Shape([1, 1, 160, 32]), dtype BFLOAT16, layout ROW_MAJOR
2026-08-29 10:45:56.252 | DEBUG    | core:from_torch_and_dump:707 - Generating cache for /localdev/ctr-apbernal/tt_cache/Qwen/Qwen3-32B/TG/tensor_cache_bfp8/layers.51.ffn_norm.weight_distributed_dtype_BFLOAT16_layout_ROW_MAJOR.tensorbin of shape Shape([1, 1, 40, 32]), dtype BFLOAT16, layout ROW_MAJOR
 81%|████████▏ | 52/64 [06:15<01:25,  7.15s/it]2026-08-29 10:45:56.690 | DEBUG    | core:from_torch_and_dump:707 - Generating cache for /localdev/ctr-apbernal/tt_cache/Qwen/Qwen3-32B/TG/tensor_cache_bfp8/layers.52.attention.wqkv_sharded_2d_prefetcher_dtype_BFLOAT8_B_layout_TILE.tensorbin of shape Shape([1, 1, 1280, 1280]), dtype BFLOAT8_B, layout TILE
2026-08-29 10:45:57.139 | DEBUG    | core:from_torch_and_dump:707 - Generating cache for /localdev/ctr-apbernal/tt_cache/Qwen/Qwen3-32B/TG/tensor_cache_bfp8/layers.52.attention.wqkv_sharded_2d_dram_dtype_BFLOAT8_B_layout_TILE.tensorbin of shape Shape([1, 1, 1280, 1280]), dtype BFLOAT8_B, layout TILE
2026-08-29 10:45:57.553 | DEBUG    | core:from_torch_and_dump:707 - Generating cache for /localdev/ctr-apbernal/tt_cache/Qwen/Qwen3-32B/TG/tensor_cache_bfp8/layers.52.attention.wo_width_sharded_2d_prefetcher_dtype_BFLOAT8_B_layout_TILE.tensorbin of shape Shape([1, 1, 1024, 1280]), dtype BFLOAT8_B, layout TILE
2026-08-29 10:45:57.948 | DEBUG    | core:from_torch_and_dump:707 - Generating cache for /localdev/ctr-apbernal/tt_cache/Qwen/Qwen3-32B/TG/tensor_cache_bfp8/layers.52.attention.wo_width_sharded_2d_dram_dtype_BFLOAT8_B_layout_TILE.tensorbin of shape Shape([1, 1, 1024, 1280]), dtype BFLOAT8_B, layout TILE
2026-08-29 10:45:58.346 | DEBUG    | core:from_torch_and_dump:707 - Generating cache for /localdev/ctr-apbernal/tt_cache/Qwen/Qwen3-32B/TG/tensor_cache_bfp8/layers.52.attention.wo_col_sharded_dram_dtype_BFLOAT8_B_layout_TILE.tensorbin of shape Shape([1, 1, 8192, 1280]), dtype BFLOAT8_B, layout TILE
2026-08-29 10:45:58.393 | DEBUG    | core:as_tensor:724 - Loaded cache for /localdev/ctr-apbernal/tt_cache/Qwen/Qwen3-32B/TG/tensor_cache_bfp8/kvcache_torch.Size([2048, 1, 64, 128])_dtype_BFLOAT8_B_layout_TILE.tensorbin of shape Shape([2048, 1, 64, 128])
2026-08-29 10:45:58.401 | DEBUG    | core:as_tensor:724 - Loaded cache for /localdev/ctr-apbernal/tt_cache/Qwen/Qwen3-32B/TG/tensor_cache_bfp8/kvcache_torch.Size([2048, 1, 64, 128])_dtype_BFLOAT8_B_layout_TILE.tensorbin of shape Shape([2048, 1, 64, 128])
2026-08-29 10:45:58.816 | DEBUG    | core:from_torch_and_dump:707 - Generating cache for /localdev/ctr-apbernal/tt_cache/Qwen/Qwen3-32B/TG/tensor_cache_bfp8/layers.52.feed_forward.w1_shardedprefetcher_dtype_BFLOAT16_layout_TILE.tensorbin of shape Shape([1, 1, 1280, 3200]), dtype BFLOAT16, layout TILE
2026-08-29 10:45:59.335 | DEBUG    | core:from_torch_and_dump:707 - Generating cache for /localdev/ctr-apbernal/tt_cache/Qwen/Qwen3-32B/TG/tensor_cache_bfp8/layers.52.feed_forward.w2_shardedprefetcher_dtype_BFLOAT16_layout_TILE.tensorbin of shape Shape([1, 1, 3200, 1280]), dtype BFLOAT16, layout TILE
2026-08-29 10:45:59.842 | DEBUG    | core:from_torch_and_dump:707 - Generating cache for /localdev/ctr-apbernal/tt_cache/Qwen/Qwen3-32B/TG/tensor_cache_bfp8/layers.52.feed_forward.w3_shardedprefetcher_dtype_BFLOAT16_layout_TILE.tensorbin of shape Shape([1, 1, 1280, 3200]), dtype BFLOAT16, layout TILE
2026-08-29 10:46:01.038 | DEBUG    | core:from_torch_and_dump:707 - Generating cache for /localdev/ctr-apbernal/tt_cache/Qwen/Qwen3-32B/TG/tensor_cache_bfp8/layers.52.feed_forward.w1_interleavedprefetcher_dtype_BFLOAT8_B_layout_TILE.tensorbin of shape Shape([1, 1, 1280, 3200]), dtype BFLOAT8_B, layout TILE
2026-08-29 10:46:02.210 | DEBUG    | core:from_torch_and_dump:707 - Generating cache for /localdev/ctr-apbernal/tt_cache/Qwen/Qwen3-32B/TG/tensor_cache_bfp8/layers.52.feed_forward.w2_interleavedprefetcher_dtype_BFLOAT8_B_layout_TILE.tensorbin of shape Shape([1, 1, 3200, 1280]), dtype BFLOAT8_B, layout TILE
2026-08-29 10:46:03.364 | DEBUG    | core:from_torch_and_dump:707 - Generating cache for /localdev/ctr-apbernal/tt_cache/Qwen/Qwen3-32B/TG/tensor_cache_bfp8/layers.52.feed_forward.w3_interleavedprefetcher_dtype_BFLOAT8_B_layout_TILE.tensorbin of shape Shape([1, 1, 1280, 3200]), dtype BFLOAT8_B, layout TILE
2026-08-29 10:46:03.421 | DEBUG    | core:from_torch_and_dump:707 - Generating cache for /localdev/ctr-apbernal/tt_cache/Qwen/Qwen3-32B/TG/tensor_cache_bfp8/layers.52.attention_norm.weight_dtype_BFLOAT16_layout_ROW_MAJOR.tensorbin of shape Shape([1, 1, 160, 32]), dtype BFLOAT16, layout ROW_MAJOR
2026-08-29 10:46:03.422 | DEBUG    | core:from_torch_and_dump:707 - Generating cache for /localdev/ctr-apbernal/tt_cache/Qwen/Qwen3-32B/TG/tensor_cache_bfp8/layers.52.attention_norm.weight_distributed_dtype_BFLOAT16_layout_ROW_MAJOR.tensorbin of shape Shape([1, 1, 40, 32]), dtype BFLOAT16, layout ROW_MAJOR
2026-08-29 10:46:03.422 | DEBUG    | core:from_torch_and_dump:707 - Generating cache for /localdev/ctr-apbernal/tt_cache/Qwen/Qwen3-32B/TG/tensor_cache_bfp8/layers.52.ffn_norm.weight_dtype_BFLOAT16_layout_ROW_MAJOR.tensorbin of shape Shape([1, 1, 160, 32]), dtype BFLOAT16, layout ROW_MAJOR
2026-08-29 10:46:03.423 | DEBUG    | core:from_torch_and_dump:707 - Generating cache for /localdev/ctr-apbernal/tt_cache/Qwen/Qwen3-32B/TG/tensor_cache_bfp8/layers.52.ffn_norm.weight_distributed_dtype_BFLOAT16_layout_ROW_MAJOR.tensorbin of shape Shape([1, 1, 40, 32]), dtype BFLOAT16, layout ROW_MAJOR
 83%|████████▎ | 53/64 [06:22<01:18,  7.16s/it]2026-08-29 10:46:03.859 | DEBUG    | core:from_torch_and_dump:707 - Generating cache for /localdev/ctr-apbernal/tt_cache/Qwen/Qwen3-32B/TG/tensor_cache_bfp8/layers.53.attention.wqkv_sharded_2d_prefetcher_dtype_BFLOAT8_B_layout_TILE.tensorbin of shape Shape([1, 1, 1280, 1280]), dtype BFLOAT8_B, layout TILE
2026-08-29 10:46:04.308 | DEBUG    | core:from_torch_and_dump:707 - Generating cache for /localdev/ctr-apbernal/tt_cache/Qwen/Qwen3-32B/TG/tensor_cache_bfp8/layers.53.attention.wqkv_sharded_2d_dram_dtype_BFLOAT8_B_layout_TILE.tensorbin of shape Shape([1, 1, 1280, 1280]), dtype BFLOAT8_B, layout TILE
2026-08-29 10:46:04.721 | DEBUG    | core:from_torch_and_dump:707 - Generating cache for /localdev/ctr-apbernal/tt_cache/Qwen/Qwen3-32B/TG/tensor_cache_bfp8/layers.53.attention.wo_width_sharded_2d_prefetcher_dtype_BFLOAT8_B_layout_TILE.tensorbin of shape Shape([1, 1, 1024, 1280]), dtype BFLOAT8_B, layout TILE
2026-08-29 10:46:05.100 | DEBUG    | core:from_torch_and_dump:707 - Generating cache for /localdev/ctr-apbernal/tt_cache/Qwen/Qwen3-32B/TG/tensor_cache_bfp8/layers.53.attention.wo_width_sharded_2d_dram_dtype_BFLOAT8_B_layout_TILE.tensorbin of shape Shape([1, 1, 1024, 1280]), dtype BFLOAT8_B, layout TILE
2026-08-29 10:46:05.500 | DEBUG    | core:from_torch_and_dump:707 - Generating cache for /localdev/ctr-apbernal/tt_cache/Qwen/Qwen3-32B/TG/tensor_cache_bfp8/layers.53.attention.wo_col_sharded_dram_dtype_BFLOAT8_B_layout_TILE.tensorbin of shape Shape([1, 1, 8192, 1280]), dtype BFLOAT8_B, layout TILE
2026-08-29 10:46:05.547 | DEBUG    | core:as_tensor:724 - Loaded cache for /localdev/ctr-apbernal/tt_cache/Qwen/Qwen3-32B/TG/tensor_cache_bfp8/kvcache_torch.Size([2048, 1, 64, 128])_dtype_BFLOAT8_B_layout_TILE.tensorbin of shape Shape([2048, 1, 64, 128])
2026-08-29 10:46:05.553 | DEBUG    | core:as_tensor:724 - Loaded cache for /localdev/ctr-apbernal/tt_cache/Qwen/Qwen3-32B/TG/tensor_cache_bfp8/kvcache_torch.Size([2048, 1, 64, 128])_dtype_BFLOAT8_B_layout_TILE.tensorbin of shape Shape([2048, 1, 64, 128])
2026-08-29 10:46:05.973 | DEBUG    | core:from_torch_and_dump:707 - Generating cache for /localdev/ctr-apbernal/tt_cache/Qwen/Qwen3-32B/TG/tensor_cache_bfp8/layers.53.feed_forward.w1_shardedprefetcher_dtype_BFLOAT16_layout_TILE.tensorbin of shape Shape([1, 1, 1280, 3200]), dtype BFLOAT16, layout TILE
2026-08-29 10:46:06.481 | DEBUG    | core:from_torch_and_dump:707 - Generating cache for /localdev/ctr-apbernal/tt_cache/Qwen/Qwen3-32B/TG/tensor_cache_bfp8/layers.53.feed_forward.w2_shardedprefetcher_dtype_BFLOAT16_layout_TILE.tensorbin of shape Shape([1, 1, 3200, 1280]), dtype BFLOAT16, layout TILE
2026-08-29 10:46:06.998 | DEBUG    | core:from_torch_and_dump:707 - Generating cache for /localdev/ctr-apbernal/tt_cache/Qwen/Qwen3-32B/TG/tensor_cache_bfp8/layers.53.feed_forward.w3_shardedprefetcher_dtype_BFLOAT16_layout_TILE.tensorbin of shape Shape([1, 1, 1280, 3200]), dtype BFLOAT16, layout TILE
2026-08-29 10:46:08.195 | DEBUG    | core:from_torch_and_dump:707 - Generating cache for /localdev/ctr-apbernal/tt_cache/Qwen/Qwen3-32B/TG/tensor_cache_bfp8/layers.53.feed_forward.w1_interleavedprefetcher_dtype_BFLOAT8_B_layout_TILE.tensorbin of shape Shape([1, 1, 1280, 3200]), dtype BFLOAT8_B, layout TILE
2026-08-29 10:46:09.355 | DEBUG    | core:from_torch_and_dump:707 - Generating cache for /localdev/ctr-apbernal/tt_cache/Qwen/Qwen3-32B/TG/tensor_cache_bfp8/layers.53.feed_forward.w2_interleavedprefetcher_dtype_BFLOAT8_B_layout_TILE.tensorbin of shape Shape([1, 1, 3200, 1280]), dtype BFLOAT8_B, layout TILE
2026-08-29 10:46:10.507 | DEBUG    | core:from_torch_and_dump:707 - Generating cache for /localdev/ctr-apbernal/tt_cache/Qwen/Qwen3-32B/TG/tensor_cache_bfp8/layers.53.feed_forward.w3_interleavedprefetcher_dtype_BFLOAT8_B_layout_TILE.tensorbin of shape Shape([1, 1, 1280, 3200]), dtype BFLOAT8_B, layout TILE
2026-08-29 10:46:10.565 | DEBUG    | core:from_torch_and_dump:707 - Generating cache for /localdev/ctr-apbernal/tt_cache/Qwen/Qwen3-32B/TG/tensor_cache_bfp8/layers.53.attention_norm.weight_dtype_BFLOAT16_layout_ROW_MAJOR.tensorbin of shape Shape([1, 1, 160, 32]), dtype BFLOAT16, layout ROW_MAJOR
2026-08-29 10:46:10.566 | DEBUG    | core:from_torch_and_dump:707 - Generating cache for /localdev/ctr-apbernal/tt_cache/Qwen/Qwen3-32B/TG/tensor_cache_bfp8/layers.53.attention_norm.weight_distributed_dtype_BFLOAT16_layout_ROW_MAJOR.tensorbin of shape Shape([1, 1, 40, 32]), dtype BFLOAT16, layout ROW_MAJOR
2026-08-29 10:46:10.566 | DEBUG    | core:from_torch_and_dump:707 - Generating cache for /localdev/ctr-apbernal/tt_cache/Qwen/Qwen3-32B/TG/tensor_cache_bfp8/layers.53.ffn_norm.weight_dtype_BFLOAT16_layout_ROW_MAJOR.tensorbin of shape Shape([1, 1, 160, 32]), dtype BFLOAT16, layout ROW_MAJOR
2026-08-29 10:46:10.567 | DEBUG    | core:from_torch_and_dump:707 - Generating cache for /localdev/ctr-apbernal/tt_cache/Qwen/Qwen3-32B/TG/tensor_cache_bfp8/layers.53.ffn_norm.weight_distributed_dtype_BFLOAT16_layout_ROW_MAJOR.tensorbin of shape Shape([1, 1, 40, 32]), dtype BFLOAT16, layout ROW_MAJOR
 84%|████████▍ | 54/64 [06:29<01:11,  7.15s/it]2026-08-29 10:46:11.025 | DEBUG    | core:from_torch_and_dump:707 - Generating cache for /localdev/ctr-apbernal/tt_cache/Qwen/Qwen3-32B/TG/tensor_cache_bfp8/layers.54.attention.wqkv_sharded_2d_prefetcher_dtype_BFLOAT8_B_layout_TILE.tensorbin of shape Shape([1, 1, 1280, 1280]), dtype BFLOAT8_B, layout TILE
2026-08-29 10:46:11.473 | DEBUG    | core:from_torch_and_dump:707 - Generating cache for /localdev/ctr-apbernal/tt_cache/Qwen/Qwen3-32B/TG/tensor_cache_bfp8/layers.54.attention.wqkv_sharded_2d_dram_dtype_BFLOAT8_B_layout_TILE.tensorbin of shape Shape([1, 1, 1280, 1280]), dtype BFLOAT8_B, layout TILE
2026-08-29 10:46:11.883 | DEBUG    | core:from_torch_and_dump:707 - Generating cache for /localdev/ctr-apbernal/tt_cache/Qwen/Qwen3-32B/TG/tensor_cache_bfp8/layers.54.attention.wo_width_sharded_2d_prefetcher_dtype_BFLOAT8_B_layout_TILE.tensorbin of shape Shape([1, 1, 1024, 1280]), dtype BFLOAT8_B, layout TILE
2026-08-29 10:46:12.259 | DEBUG    | core:from_torch_and_dump:707 - Generating cache for /localdev/ctr-apbernal/tt_cache/Qwen/Qwen3-32B/TG/tensor_cache_bfp8/layers.54.attention.wo_width_sharded_2d_dram_dtype_BFLOAT8_B_layout_TILE.tensorbin of shape Shape([1, 1, 1024, 1280]), dtype BFLOAT8_B, layout TILE
2026-08-29 10:46:12.655 | DEBUG    | core:from_torch_and_dump:707 - Generating cache for /localdev/ctr-apbernal/tt_cache/Qwen/Qwen3-32B/TG/tensor_cache_bfp8/layers.54.attention.wo_col_sharded_dram_dtype_BFLOAT8_B_layout_TILE.tensorbin of shape Shape([1, 1, 8192, 1280]), dtype BFLOAT8_B, layout TILE
2026-08-29 10:46:12.702 | DEBUG    | core:as_tensor:724 - Loaded cache for /localdev/ctr-apbernal/tt_cache/Qwen/Qwen3-32B/TG/tensor_cache_bfp8/kvcache_torch.Size([2048, 1, 64, 128])_dtype_BFLOAT8_B_layout_TILE.tensorbin of shape Shape([2048, 1, 64, 128])
2026-08-29 10:46:12.709 | DEBUG    | core:as_tensor:724 - Loaded cache for /localdev/ctr-apbernal/tt_cache/Qwen/Qwen3-32B/TG/tensor_cache_bfp8/kvcache_torch.Size([2048, 1, 64, 128])_dtype_BFLOAT8_B_layout_TILE.tensorbin of shape Shape([2048, 1, 64, 128])
2026-08-29 10:46:13.121 | DEBUG    | core:from_torch_and_dump:707 - Generating cache for /localdev/ctr-apbernal/tt_cache/Qwen/Qwen3-32B/TG/tensor_cache_bfp8/layers.54.feed_forward.w1_shardedprefetcher_dtype_BFLOAT16_layout_TILE.tensorbin of shape Shape([1, 1, 1280, 3200]), dtype BFLOAT16, layout TILE
2026-08-29 10:46:13.639 | DEBUG    | core:from_torch_and_dump:707 - Generating cache for /localdev/ctr-apbernal/tt_cache/Qwen/Qwen3-32B/TG/tensor_cache_bfp8/layers.54.feed_forward.w2_shardedprefetcher_dtype_BFLOAT16_layout_TILE.tensorbin of shape Shape([1, 1, 3200, 1280]), dtype BFLOAT16, layout TILE
2026-08-29 10:46:14.154 | DEBUG    | core:from_torch_and_dump:707 - Generating cache for /localdev/ctr-apbernal/tt_cache/Qwen/Qwen3-32B/TG/tensor_cache_bfp8/layers.54.feed_forward.w3_shardedprefetcher_dtype_BFLOAT16_layout_TILE.tensorbin of shape Shape([1, 1, 1280, 3200]), dtype BFLOAT16, layout TILE
2026-08-29 10:46:15.369 | DEBUG    | core:from_torch_and_dump:707 - Generating cache for /localdev/ctr-apbernal/tt_cache/Qwen/Qwen3-32B/TG/tensor_cache_bfp8/layers.54.feed_forward.w1_interleavedprefetcher_dtype_BFLOAT8_B_layout_TILE.tensorbin of shape Shape([1, 1, 1280, 3200]), dtype BFLOAT8_B, layout TILE
2026-08-29 10:46:16.531 | DEBUG    | core:from_torch_and_dump:707 - Generating cache for /localdev/ctr-apbernal/tt_cache/Qwen/Qwen3-32B/TG/tensor_cache_bfp8/layers.54.feed_forward.w2_interleavedprefetcher_dtype_BFLOAT8_B_layout_TILE.tensorbin of shape Shape([1, 1, 3200, 1280]), dtype BFLOAT8_B, layout TILE
2026-08-29 10:46:17.691 | DEBUG    | core:from_torch_and_dump:707 - Generating cache for /localdev/ctr-apbernal/tt_cache/Qwen/Qwen3-32B/TG/tensor_cache_bfp8/layers.54.feed_forward.w3_interleavedprefetcher_dtype_BFLOAT8_B_layout_TILE.tensorbin of shape Shape([1, 1, 1280, 3200]), dtype BFLOAT8_B, layout TILE
2026-08-29 10:46:17.748 | DEBUG    | core:from_torch_and_dump:707 - Generating cache for /localdev/ctr-apbernal/tt_cache/Qwen/Qwen3-32B/TG/tensor_cache_bfp8/layers.54.attention_norm.weight_dtype_BFLOAT16_layout_ROW_MAJOR.tensorbin of shape Shape([1, 1, 160, 32]), dtype BFLOAT16, layout ROW_MAJOR
2026-08-29 10:46:17.749 | DEBUG    | core:from_torch_and_dump:707 - Generating cache for /localdev/ctr-apbernal/tt_cache/Qwen/Qwen3-32B/TG/tensor_cache_bfp8/layers.54.attention_norm.weight_distributed_dtype_BFLOAT16_layout_ROW_MAJOR.tensorbin of shape Shape([1, 1, 40, 32]), dtype BFLOAT16, layout ROW_MAJOR
2026-08-29 10:46:17.750 | DEBUG    | core:from_torch_and_dump:707 - Generating cache for /localdev/ctr-apbernal/tt_cache/Qwen/Qwen3-32B/TG/tensor_cache_bfp8/layers.54.ffn_norm.weight_dtype_BFLOAT16_layout_ROW_MAJOR.tensorbin of shape Shape([1, 1, 160, 32]), dtype BFLOAT16, layout ROW_MAJOR
2026-08-29 10:46:17.750 | DEBUG    | core:from_torch_and_dump:707 - Generating cache for /localdev/ctr-apbernal/tt_cache/Qwen/Qwen3-32B/TG/tensor_cache_bfp8/layers.54.ffn_norm.weight_distributed_dtype_BFLOAT16_layout_ROW_MAJOR.tensorbin of shape Shape([1, 1, 40, 32]), dtype BFLOAT16, layout ROW_MAJOR
 86%|████████▌ | 55/64 [06:36<01:04,  7.16s/it]2026-08-29 10:46:18.188 | DEBUG    | core:from_torch_and_dump:707 - Generating cache for /localdev/ctr-apbernal/tt_cache/Qwen/Qwen3-32B/TG/tensor_cache_bfp8/layers.55.attention.wqkv_sharded_2d_prefetcher_dtype_BFLOAT8_B_layout_TILE.tensorbin of shape Shape([1, 1, 1280, 1280]), dtype BFLOAT8_B, layout TILE
2026-08-29 10:46:18.636 | DEBUG    | core:from_torch_and_dump:707 - Generating cache for /localdev/ctr-apbernal/tt_cache/Qwen/Qwen3-32B/TG/tensor_cache_bfp8/layers.55.attention.wqkv_sharded_2d_dram_dtype_BFLOAT8_B_layout_TILE.tensorbin of shape Shape([1, 1, 1280, 1280]), dtype BFLOAT8_B, layout TILE
2026-08-29 10:46:19.047 | DEBUG    | core:from_torch_and_dump:707 - Generating cache for /localdev/ctr-apbernal/tt_cache/Qwen/Qwen3-32B/TG/tensor_cache_bfp8/layers.55.attention.wo_width_sharded_2d_prefetcher_dtype_BFLOAT8_B_layout_TILE.tensorbin of shape Shape([1, 1, 1024, 1280]), dtype BFLOAT8_B, layout TILE
2026-08-29 10:46:19.429 | DEBUG    | core:from_torch_and_dump:707 - Generating cache for /localdev/ctr-apbernal/tt_cache/Qwen/Qwen3-32B/TG/tensor_cache_bfp8/layers.55.attention.wo_width_sharded_2d_dram_dtype_BFLOAT8_B_layout_TILE.tensorbin of shape Shape([1, 1, 1024, 1280]), dtype BFLOAT8_B, layout TILE
2026-08-29 10:46:19.826 | DEBUG    | core:from_torch_and_dump:707 - Generating cache for /localdev/ctr-apbernal/tt_cache/Qwen/Qwen3-32B/TG/tensor_cache_bfp8/layers.55.attention.wo_col_sharded_dram_dtype_BFLOAT8_B_layout_TILE.tensorbin of shape Shape([1, 1, 8192, 1280]), dtype BFLOAT8_B, layout TILE
2026-08-29 10:46:19.873 | DEBUG    | core:as_tensor:724 - Loaded cache for /localdev/ctr-apbernal/tt_cache/Qwen/Qwen3-32B/TG/tensor_cache_bfp8/kvcache_torch.Size([2048, 1, 64, 128])_dtype_BFLOAT8_B_layout_TILE.tensorbin of shape Shape([2048, 1, 64, 128])
2026-08-29 10:46:19.880 | DEBUG    | core:as_tensor:724 - Loaded cache for /localdev/ctr-apbernal/tt_cache/Qwen/Qwen3-32B/TG/tensor_cache_bfp8/kvcache_torch.Size([2048, 1, 64, 128])_dtype_BFLOAT8_B_layout_TILE.tensorbin of shape Shape([2048, 1, 64, 128])
2026-08-29 10:46:20.300 | DEBUG    | core:from_torch_and_dump:707 - Generating cache for /localdev/ctr-apbernal/tt_cache/Qwen/Qwen3-32B/TG/tensor_cache_bfp8/layers.55.feed_forward.w1_shardedprefetcher_dtype_BFLOAT16_layout_TILE.tensorbin of shape Shape([1, 1, 1280, 3200]), dtype BFLOAT16, layout TILE
2026-08-29 10:46:20.813 | DEBUG    | core:from_torch_and_dump:707 - Generating cache for /localdev/ctr-apbernal/tt_cache/Qwen/Qwen3-32B/TG/tensor_cache_bfp8/layers.55.feed_forward.w2_shardedprefetcher_dtype_BFLOAT16_layout_TILE.tensorbin of shape Shape([1, 1, 3200, 1280]), dtype BFLOAT16, layout TILE
2026-08-29 10:46:21.326 | DEBUG    | core:from_torch_and_dump:707 - Generating cache for /localdev/ctr-apbernal/tt_cache/Qwen/Qwen3-32B/TG/tensor_cache_bfp8/layers.55.feed_forward.w3_shardedprefetcher_dtype_BFLOAT16_layout_TILE.tensorbin of shape Shape([1, 1, 1280, 3200]), dtype BFLOAT16, layout TILE
2026-08-29 10:46:22.536 | DEBUG    | core:from_torch_and_dump:707 - Generating cache for /localdev/ctr-apbernal/tt_cache/Qwen/Qwen3-32B/TG/tensor_cache_bfp8/layers.55.feed_forward.w1_interleavedprefetcher_dtype_BFLOAT8_B_layout_TILE.tensorbin of shape Shape([1, 1, 1280, 3200]), dtype BFLOAT8_B, layout TILE
2026-08-29 10:46:23.694 | DEBUG    | core:from_torch_and_dump:707 - Generating cache for /localdev/ctr-apbernal/tt_cache/Qwen/Qwen3-32B/TG/tensor_cache_bfp8/layers.55.feed_forward.w2_interleavedprefetcher_dtype_BFLOAT8_B_layout_TILE.tensorbin of shape Shape([1, 1, 3200, 1280]), dtype BFLOAT8_B, layout TILE
2026-08-29 10:46:24.849 | DEBUG    | core:from_torch_and_dump:707 - Generating cache for /localdev/ctr-apbernal/tt_cache/Qwen/Qwen3-32B/TG/tensor_cache_bfp8/layers.55.feed_forward.w3_interleavedprefetcher_dtype_BFLOAT8_B_layout_TILE.tensorbin of shape Shape([1, 1, 1280, 3200]), dtype BFLOAT8_B, layout TILE
2026-08-29 10:46:24.907 | DEBUG    | core:from_torch_and_dump:707 - Generating cache for /localdev/ctr-apbernal/tt_cache/Qwen/Qwen3-32B/TG/tensor_cache_bfp8/layers.55.attention_norm.weight_dtype_BFLOAT16_layout_ROW_MAJOR.tensorbin of shape Shape([1, 1, 160, 32]), dtype BFLOAT16, layout ROW_MAJOR
2026-08-29 10:46:24.907 | DEBUG    | core:from_torch_and_dump:707 - Generating cache for /localdev/ctr-apbernal/tt_cache/Qwen/Qwen3-32B/TG/tensor_cache_bfp8/layers.55.attention_norm.weight_distributed_dtype_BFLOAT16_layout_ROW_MAJOR.tensorbin of shape Shape([1, 1, 40, 32]), dtype BFLOAT16, layout ROW_MAJOR
2026-08-29 10:46:24.908 | DEBUG    | core:from_torch_and_dump:707 - Generating cache for /localdev/ctr-apbernal/tt_cache/Qwen/Qwen3-32B/TG/tensor_cache_bfp8/layers.55.ffn_norm.weight_dtype_BFLOAT16_layout_ROW_MAJOR.tensorbin of shape Shape([1, 1, 160, 32]), dtype BFLOAT16, layout ROW_MAJOR
2026-08-29 10:46:24.909 | DEBUG    | core:from_torch_and_dump:707 - Generating cache for /localdev/ctr-apbernal/tt_cache/Qwen/Qwen3-32B/TG/tensor_cache_bfp8/layers.55.ffn_norm.weight_distributed_dtype_BFLOAT16_layout_ROW_MAJOR.tensorbin of shape Shape([1, 1, 40, 32]), dtype BFLOAT16, layout ROW_MAJOR
 88%|████████▊ | 56/64 [06:43<00:57,  7.16s/it]2026-08-29 10:46:25.347 | DEBUG    | core:from_torch_and_dump:707 - Generating cache for /localdev/ctr-apbernal/tt_cache/Qwen/Qwen3-32B/TG/tensor_cache_bfp8/layers.56.attention.wqkv_sharded_2d_prefetcher_dtype_BFLOAT8_B_layout_TILE.tensorbin of shape Shape([1, 1, 1280, 1280]), dtype BFLOAT8_B, layout TILE
2026-08-29 10:46:25.793 | DEBUG    | core:from_torch_and_dump:707 - Generating cache for /localdev/ctr-apbernal/tt_cache/Qwen/Qwen3-32B/TG/tensor_cache_bfp8/layers.56.attention.wqkv_sharded_2d_dram_dtype_BFLOAT8_B_layout_TILE.tensorbin of shape Shape([1, 1, 1280, 1280]), dtype BFLOAT8_B, layout TILE
2026-08-29 10:46:26.208 | DEBUG    | core:from_torch_and_dump:707 - Generating cache for /localdev/ctr-apbernal/tt_cache/Qwen/Qwen3-32B/TG/tensor_cache_bfp8/layers.56.attention.wo_width_sharded_2d_prefetcher_dtype_BFLOAT8_B_layout_TILE.tensorbin of shape Shape([1, 1, 1024, 1280]), dtype BFLOAT8_B, layout TILE
2026-08-29 10:46:26.592 | DEBUG    | core:from_torch_and_dump:707 - Generating cache for /localdev/ctr-apbernal/tt_cache/Qwen/Qwen3-32B/TG/tensor_cache_bfp8/layers.56.attention.wo_width_sharded_2d_dram_dtype_BFLOAT8_B_layout_TILE.tensorbin of shape Shape([1, 1, 1024, 1280]), dtype BFLOAT8_B, layout TILE
2026-08-29 10:46:26.990 | DEBUG    | core:from_torch_and_dump:707 - Generating cache for /localdev/ctr-apbernal/tt_cache/Qwen/Qwen3-32B/TG/tensor_cache_bfp8/layers.56.attention.wo_col_sharded_dram_dtype_BFLOAT8_B_layout_TILE.tensorbin of shape Shape([1, 1, 8192, 1280]), dtype BFLOAT8_B, layout TILE
2026-08-29 10:46:27.036 | DEBUG    | core:as_tensor:724 - Loaded cache for /localdev/ctr-apbernal/tt_cache/Qwen/Qwen3-32B/TG/tensor_cache_bfp8/kvcache_torch.Size([2048, 1, 64, 128])_dtype_BFLOAT8_B_layout_TILE.tensorbin of shape Shape([2048, 1, 64, 128])
2026-08-29 10:46:27.043 | DEBUG    | core:as_tensor:724 - Loaded cache for /localdev/ctr-apbernal/tt_cache/Qwen/Qwen3-32B/TG/tensor_cache_bfp8/kvcache_torch.Size([2048, 1, 64, 128])_dtype_BFLOAT8_B_layout_TILE.tensorbin of shape Shape([2048, 1, 64, 128])
2026-08-29 10:46:27.459 | DEBUG    | core:from_torch_and_dump:707 - Generating cache for /localdev/ctr-apbernal/tt_cache/Qwen/Qwen3-32B/TG/tensor_cache_bfp8/layers.56.feed_forward.w1_shardedprefetcher_dtype_BFLOAT16_layout_TILE.tensorbin of shape Shape([1, 1, 1280, 3200]), dtype BFLOAT16, layout TILE
2026-08-29 10:46:27.968 | DEBUG    | core:from_torch_and_dump:707 - Generating cache for /localdev/ctr-apbernal/tt_cache/Qwen/Qwen3-32B/TG/tensor_cache_bfp8/layers.56.feed_forward.w2_shardedprefetcher_dtype_BFLOAT16_layout_TILE.tensorbin of shape Shape([1, 1, 3200, 1280]), dtype BFLOAT16, layout TILE
2026-08-29 10:46:28.479 | DEBUG    | core:from_torch_and_dump:707 - Generating cache for /localdev/ctr-apbernal/tt_cache/Qwen/Qwen3-32B/TG/tensor_cache_bfp8/layers.56.feed_forward.w3_shardedprefetcher_dtype_BFLOAT16_layout_TILE.tensorbin of shape Shape([1, 1, 1280, 3200]), dtype BFLOAT16, layout TILE
2026-08-29 10:46:29.684 | DEBUG    | core:from_torch_and_dump:707 - Generating cache for /localdev/ctr-apbernal/tt_cache/Qwen/Qwen3-32B/TG/tensor_cache_bfp8/layers.56.feed_forward.w1_interleavedprefetcher_dtype_BFLOAT8_B_layout_TILE.tensorbin of shape Shape([1, 1, 1280, 3200]), dtype BFLOAT8_B, layout TILE
2026-08-29 10:46:30.846 | DEBUG    | core:from_torch_and_dump:707 - Generating cache for /localdev/ctr-apbernal/tt_cache/Qwen/Qwen3-32B/TG/tensor_cache_bfp8/layers.56.feed_forward.w2_interleavedprefetcher_dtype_BFLOAT8_B_layout_TILE.tensorbin of shape Shape([1, 1, 3200, 1280]), dtype BFLOAT8_B, layout TILE
2026-08-29 10:46:32.007 | DEBUG    | core:from_torch_and_dump:707 - Generating cache for /localdev/ctr-apbernal/tt_cache/Qwen/Qwen3-32B/TG/tensor_cache_bfp8/layers.56.feed_forward.w3_interleavedprefetcher_dtype_BFLOAT8_B_layout_TILE.tensorbin of shape Shape([1, 1, 1280, 3200]), dtype BFLOAT8_B, layout TILE
2026-08-29 10:46:32.064 | DEBUG    | core:from_torch_and_dump:707 - Generating cache for /localdev/ctr-apbernal/tt_cache/Qwen/Qwen3-32B/TG/tensor_cache_bfp8/layers.56.attention_norm.weight_dtype_BFLOAT16_layout_ROW_MAJOR.tensorbin of shape Shape([1, 1, 160, 32]), dtype BFLOAT16, layout ROW_MAJOR
2026-08-29 10:46:32.065 | DEBUG    | core:from_torch_and_dump:707 - Generating cache for /localdev/ctr-apbernal/tt_cache/Qwen/Qwen3-32B/TG/tensor_cache_bfp8/layers.56.attention_norm.weight_distributed_dtype_BFLOAT16_layout_ROW_MAJOR.tensorbin of shape Shape([1, 1, 40, 32]), dtype BFLOAT16, layout ROW_MAJOR
2026-08-29 10:46:32.066 | DEBUG    | core:from_torch_and_dump:707 - Generating cache for /localdev/ctr-apbernal/tt_cache/Qwen/Qwen3-32B/TG/tensor_cache_bfp8/layers.56.ffn_norm.weight_dtype_BFLOAT16_layout_ROW_MAJOR.tensorbin of shape Shape([1, 1, 160, 32]), dtype BFLOAT16, layout ROW_MAJOR
2026-08-29 10:46:32.066 | DEBUG    | core:from_torch_and_dump:707 - Generating cache for /localdev/ctr-apbernal/tt_cache/Qwen/Qwen3-32B/TG/tensor_cache_bfp8/layers.56.ffn_norm.weight_distributed_dtype_BFLOAT16_layout_ROW_MAJOR.tensorbin of shape Shape([1, 1, 40, 32]), dtype BFLOAT16, layout ROW_MAJOR
 89%|████████▉ | 57/64 [06:50<00:50,  7.16s/it]2026-08-29 10:46:32.530 | DEBUG    | core:from_torch_and_dump:707 - Generating cache for /localdev/ctr-apbernal/tt_cache/Qwen/Qwen3-32B/TG/tensor_cache_bfp8/layers.57.attention.wqkv_sharded_2d_prefetcher_dtype_BFLOAT8_B_layout_TILE.tensorbin of shape Shape([1, 1, 1280, 1280]), dtype BFLOAT8_B, layout TILE
2026-08-29 10:46:32.978 | DEBUG    | core:from_torch_and_dump:707 - Generating cache for /localdev/ctr-apbernal/tt_cache/Qwen/Qwen3-32B/TG/tensor_cache_bfp8/layers.57.attention.wqkv_sharded_2d_dram_dtype_BFLOAT8_B_layout_TILE.tensorbin of shape Shape([1, 1, 1280, 1280]), dtype BFLOAT8_B, layout TILE
2026-08-29 10:46:33.399 | DEBUG    | core:from_torch_and_dump:707 - Generating cache for /localdev/ctr-apbernal/tt_cache/Qwen/Qwen3-32B/TG/tensor_cache_bfp8/layers.57.attention.wo_width_sharded_2d_prefetcher_dtype_BFLOAT8_B_layout_TILE.tensorbin of shape Shape([1, 1, 1024, 1280]), dtype BFLOAT8_B, layout TILE
2026-08-29 10:46:33.775 | DEBUG    | core:from_torch_and_dump:707 - Generating cache for /localdev/ctr-apbernal/tt_cache/Qwen/Qwen3-32B/TG/tensor_cache_bfp8/layers.57.attention.wo_width_sharded_2d_dram_dtype_BFLOAT8_B_layout_TILE.tensorbin of shape Shape([1, 1, 1024, 1280]), dtype BFLOAT8_B, layout TILE
2026-08-29 10:46:34.171 | DEBUG    | core:from_torch_and_dump:707 - Generating cache for /localdev/ctr-apbernal/tt_cache/Qwen/Qwen3-32B/TG/tensor_cache_bfp8/layers.57.attention.wo_col_sharded_dram_dtype_BFLOAT8_B_layout_TILE.tensorbin of shape Shape([1, 1, 8192, 1280]), dtype BFLOAT8_B, layout TILE
2026-08-29 10:46:34.219 | DEBUG    | core:as_tensor:724 - Loaded cache for /localdev/ctr-apbernal/tt_cache/Qwen/Qwen3-32B/TG/tensor_cache_bfp8/kvcache_torch.Size([2048, 1, 64, 128])_dtype_BFLOAT8_B_layout_TILE.tensorbin of shape Shape([2048, 1, 64, 128])
2026-08-29 10:46:34.226 | DEBUG    | core:as_tensor:724 - Loaded cache for /localdev/ctr-apbernal/tt_cache/Qwen/Qwen3-32B/TG/tensor_cache_bfp8/kvcache_torch.Size([2048, 1, 64, 128])_dtype_BFLOAT8_B_layout_TILE.tensorbin of shape Shape([2048, 1, 64, 128])
2026-08-29 10:46:34.638 | DEBUG    | core:from_torch_and_dump:707 - Generating cache for /localdev/ctr-apbernal/tt_cache/Qwen/Qwen3-32B/TG/tensor_cache_bfp8/layers.57.feed_forward.w1_shardedprefetcher_dtype_BFLOAT16_layout_TILE.tensorbin of shape Shape([1, 1, 1280, 3200]), dtype BFLOAT16, layout TILE
2026-08-29 10:46:35.145 | DEBUG    | core:from_torch_and_dump:707 - Generating cache for /localdev/ctr-apbernal/tt_cache/Qwen/Qwen3-32B/TG/tensor_cache_bfp8/layers.57.feed_forward.w2_shardedprefetcher_dtype_BFLOAT16_layout_TILE.tensorbin of shape Shape([1, 1, 3200, 1280]), dtype BFLOAT16, layout TILE
2026-08-29 10:46:35.650 | DEBUG    | core:from_torch_and_dump:707 - Generating cache for /localdev/ctr-apbernal/tt_cache/Qwen/Qwen3-32B/TG/tensor_cache_bfp8/layers.57.feed_forward.w3_shardedprefetcher_dtype_BFLOAT16_layout_TILE.tensorbin of shape Shape([1, 1, 1280, 3200]), dtype BFLOAT16, layout TILE
2026-08-29 10:46:36.854 | DEBUG    | core:from_torch_and_dump:707 - Generating cache for /localdev/ctr-apbernal/tt_cache/Qwen/Qwen3-32B/TG/tensor_cache_bfp8/layers.57.feed_forward.w1_interleavedprefetcher_dtype_BFLOAT8_B_layout_TILE.tensorbin of shape Shape([1, 1, 1280, 3200]), dtype BFLOAT8_B, layout TILE
2026-08-29 10:46:38.019 | DEBUG    | core:from_torch_and_dump:707 - Generating cache for /localdev/ctr-apbernal/tt_cache/Qwen/Qwen3-32B/TG/tensor_cache_bfp8/layers.57.feed_forward.w2_interleavedprefetcher_dtype_BFLOAT8_B_layout_TILE.tensorbin of shape Shape([1, 1, 3200, 1280]), dtype BFLOAT8_B, layout TILE
2026-08-29 10:46:39.177 | DEBUG    | core:from_torch_and_dump:707 - Generating cache for /localdev/ctr-apbernal/tt_cache/Qwen/Qwen3-32B/TG/tensor_cache_bfp8/layers.57.feed_forward.w3_interleavedprefetcher_dtype_BFLOAT8_B_layout_TILE.tensorbin of shape Shape([1, 1, 1280, 3200]), dtype BFLOAT8_B, layout TILE
2026-08-29 10:46:39.234 | DEBUG    | core:from_torch_and_dump:707 - Generating cache for /localdev/ctr-apbernal/tt_cache/Qwen/Qwen3-32B/TG/tensor_cache_bfp8/layers.57.attention_norm.weight_dtype_BFLOAT16_layout_ROW_MAJOR.tensorbin of shape Shape([1, 1, 160, 32]), dtype BFLOAT16, layout ROW_MAJOR
2026-08-29 10:46:39.235 | DEBUG    | core:from_torch_and_dump:707 - Generating cache for /localdev/ctr-apbernal/tt_cache/Qwen/Qwen3-32B/TG/tensor_cache_bfp8/layers.57.attention_norm.weight_distributed_dtype_BFLOAT16_layout_ROW_MAJOR.tensorbin of shape Shape([1, 1, 40, 32]), dtype BFLOAT16, layout ROW_MAJOR
2026-08-29 10:46:39.236 | DEBUG    | core:from_torch_and_dump:707 - Generating cache for /localdev/ctr-apbernal/tt_cache/Qwen/Qwen3-32B/TG/tensor_cache_bfp8/layers.57.ffn_norm.weight_dtype_BFLOAT16_layout_ROW_MAJOR.tensorbin of shape Shape([1, 1, 160, 32]), dtype BFLOAT16, layout ROW_MAJOR
2026-08-29 10:46:39.236 | DEBUG    | core:from_torch_and_dump:707 - Generating cache for /localdev/ctr-apbernal/tt_cache/Qwen/Qwen3-32B/TG/tensor_cache_bfp8/layers.57.ffn_norm.weight_distributed_dtype_BFLOAT16_layout_ROW_MAJOR.tensorbin of shape Shape([1, 1, 40, 32]), dtype BFLOAT16, layout ROW_MAJOR
 91%|█████████ | 58/64 [06:58<00:42,  7.16s/it]2026-08-29 10:46:39.688 | DEBUG    | core:from_torch_and_dump:707 - Generating cache for /localdev/ctr-apbernal/tt_cache/Qwen/Qwen3-32B/TG/tensor_cache_bfp8/layers.58.attention.wqkv_sharded_2d_prefetcher_dtype_BFLOAT8_B_layout_TILE.tensorbin of shape Shape([1, 1, 1280, 1280]), dtype BFLOAT8_B, layout TILE
2026-08-29 10:46:40.134 | DEBUG    | core:from_torch_and_dump:707 - Generating cache for /localdev/ctr-apbernal/tt_cache/Qwen/Qwen3-32B/TG/tensor_cache_bfp8/layers.58.attention.wqkv_sharded_2d_dram_dtype_BFLOAT8_B_layout_TILE.tensorbin of shape Shape([1, 1, 1280, 1280]), dtype BFLOAT8_B, layout TILE
2026-08-29 10:46:40.548 | DEBUG    | core:from_torch_and_dump:707 - Generating cache for /localdev/ctr-apbernal/tt_cache/Qwen/Qwen3-32B/TG/tensor_cache_bfp8/layers.58.attention.wo_width_sharded_2d_prefetcher_dtype_BFLOAT8_B_layout_TILE.tensorbin of shape Shape([1, 1, 1024, 1280]), dtype BFLOAT8_B, layout TILE
2026-08-29 10:46:40.928 | DEBUG    | core:from_torch_and_dump:707 - Generating cache for /localdev/ctr-apbernal/tt_cache/Qwen/Qwen3-32B/TG/tensor_cache_bfp8/layers.58.attention.wo_width_sharded_2d_dram_dtype_BFLOAT8_B_layout_TILE.tensorbin of shape Shape([1, 1, 1024, 1280]), dtype BFLOAT8_B, layout TILE
2026-08-29 10:46:41.326 | DEBUG    | core:from_torch_and_dump:707 - Generating cache for /localdev/ctr-apbernal/tt_cache/Qwen/Qwen3-32B/TG/tensor_cache_bfp8/layers.58.attention.wo_col_sharded_dram_dtype_BFLOAT8_B_layout_TILE.tensorbin of shape Shape([1, 1, 8192, 1280]), dtype BFLOAT8_B, layout TILE
2026-08-29 10:46:41.373 | DEBUG    | core:as_tensor:724 - Loaded cache for /localdev/ctr-apbernal/tt_cache/Qwen/Qwen3-32B/TG/tensor_cache_bfp8/kvcache_torch.Size([2048, 1, 64, 128])_dtype_BFLOAT8_B_layout_TILE.tensorbin of shape Shape([2048, 1, 64, 128])
2026-08-29 10:46:41.380 | DEBUG    | core:as_tensor:724 - Loaded cache for /localdev/ctr-apbernal/tt_cache/Qwen/Qwen3-32B/TG/tensor_cache_bfp8/kvcache_torch.Size([2048, 1, 64, 128])_dtype_BFLOAT8_B_layout_TILE.tensorbin of shape Shape([2048, 1, 64, 128])
2026-08-29 10:46:41.792 | DEBUG    | core:from_torch_and_dump:707 - Generating cache for /localdev/ctr-apbernal/tt_cache/Qwen/Qwen3-32B/TG/tensor_cache_bfp8/layers.58.feed_forward.w1_shardedprefetcher_dtype_BFLOAT16_layout_TILE.tensorbin of shape Shape([1, 1, 1280, 3200]), dtype BFLOAT16, layout TILE
2026-08-29 10:46:42.293 | DEBUG    | core:from_torch_and_dump:707 - Generating cache for /localdev/ctr-apbernal/tt_cache/Qwen/Qwen3-32B/TG/tensor_cache_bfp8/layers.58.feed_forward.w2_shardedprefetcher_dtype_BFLOAT16_layout_TILE.tensorbin of shape Shape([1, 1, 3200, 1280]), dtype BFLOAT16, layout TILE
2026-08-29 10:46:42.808 | DEBUG    | core:from_torch_and_dump:707 - Generating cache for /localdev/ctr-apbernal/tt_cache/Qwen/Qwen3-32B/TG/tensor_cache_bfp8/layers.58.feed_forward.w3_shardedprefetcher_dtype_BFLOAT16_layout_TILE.tensorbin of shape Shape([1, 1, 1280, 3200]), dtype BFLOAT16, layout TILE
2026-08-29 10:46:44.030 | DEBUG    | core:from_torch_and_dump:707 - Generating cache for /localdev/ctr-apbernal/tt_cache/Qwen/Qwen3-32B/TG/tensor_cache_bfp8/layers.58.feed_forward.w1_interleavedprefetcher_dtype_BFLOAT8_B_layout_TILE.tensorbin of shape Shape([1, 1, 1280, 3200]), dtype BFLOAT8_B, layout TILE
2026-08-29 10:46:45.191 | DEBUG    | core:from_torch_and_dump:707 - Generating cache for /localdev/ctr-apbernal/tt_cache/Qwen/Qwen3-32B/TG/tensor_cache_bfp8/layers.58.feed_forward.w2_interleavedprefetcher_dtype_BFLOAT8_B_layout_TILE.tensorbin of shape Shape([1, 1, 3200, 1280]), dtype BFLOAT8_B, layout TILE
2026-08-29 10:46:46.350 | DEBUG    | core:from_torch_and_dump:707 - Generating cache for /localdev/ctr-apbernal/tt_cache/Qwen/Qwen3-32B/TG/tensor_cache_bfp8/layers.58.feed_forward.w3_interleavedprefetcher_dtype_BFLOAT8_B_layout_TILE.tensorbin of shape Shape([1, 1, 1280, 3200]), dtype BFLOAT8_B, layout TILE
2026-08-29 10:46:46.408 | DEBUG    | core:from_torch_and_dump:707 - Generating cache for /localdev/ctr-apbernal/tt_cache/Qwen/Qwen3-32B/TG/tensor_cache_bfp8/layers.58.attention_norm.weight_dtype_BFLOAT16_layout_ROW_MAJOR.tensorbin of shape Shape([1, 1, 160, 32]), dtype BFLOAT16, layout ROW_MAJOR
2026-08-29 10:46:46.409 | DEBUG    | core:from_torch_and_dump:707 - Generating cache for /localdev/ctr-apbernal/tt_cache/Qwen/Qwen3-32B/TG/tensor_cache_bfp8/layers.58.attention_norm.weight_distributed_dtype_BFLOAT16_layout_ROW_MAJOR.tensorbin of shape Shape([1, 1, 40, 32]), dtype BFLOAT16, layout ROW_MAJOR
2026-08-29 10:46:46.410 | DEBUG    | core:from_torch_and_dump:707 - Generating cache for /localdev/ctr-apbernal/tt_cache/Qwen/Qwen3-32B/TG/tensor_cache_bfp8/layers.58.ffn_norm.weight_dtype_BFLOAT16_layout_ROW_MAJOR.tensorbin of shape Shape([1, 1, 160, 32]), dtype BFLOAT16, layout ROW_MAJOR
2026-08-29 10:46:46.410 | DEBUG    | core:from_torch_and_dump:707 - Generating cache for /localdev/ctr-apbernal/tt_cache/Qwen/Qwen3-32B/TG/tensor_cache_bfp8/layers.58.ffn_norm.weight_distributed_dtype_BFLOAT16_layout_ROW_MAJOR.tensorbin of shape Shape([1, 1, 40, 32]), dtype BFLOAT16, layout ROW_MAJOR
 92%|█████████▏| 59/64 [07:05<00:35,  7.17s/it]2026-08-29 10:46:46.847 | DEBUG    | core:from_torch_and_dump:707 - Generating cache for /localdev/ctr-apbernal/tt_cache/Qwen/Qwen3-32B/TG/tensor_cache_bfp8/layers.59.attention.wqkv_sharded_2d_prefetcher_dtype_BFLOAT8_B_layout_TILE.tensorbin of shape Shape([1, 1, 1280, 1280]), dtype BFLOAT8_B, layout TILE
2026-08-29 10:46:47.293 | DEBUG    | core:from_torch_and_dump:707 - Generating cache for /localdev/ctr-apbernal/tt_cache/Qwen/Qwen3-32B/TG/tensor_cache_bfp8/layers.59.attention.wqkv_sharded_2d_dram_dtype_BFLOAT8_B_layout_TILE.tensorbin of shape Shape([1, 1, 1280, 1280]), dtype BFLOAT8_B, layout TILE
2026-08-29 10:46:47.709 | DEBUG    | core:from_torch_and_dump:707 - Generating cache for /localdev/ctr-apbernal/tt_cache/Qwen/Qwen3-32B/TG/tensor_cache_bfp8/layers.59.attention.wo_width_sharded_2d_prefetcher_dtype_BFLOAT8_B_layout_TILE.tensorbin of shape Shape([1, 1, 1024, 1280]), dtype BFLOAT8_B, layout TILE
2026-08-29 10:46:48.088 | DEBUG    | core:from_torch_and_dump:707 - Generating cache for /localdev/ctr-apbernal/tt_cache/Qwen/Qwen3-32B/TG/tensor_cache_bfp8/layers.59.attention.wo_width_sharded_2d_dram_dtype_BFLOAT8_B_layout_TILE.tensorbin of shape Shape([1, 1, 1024, 1280]), dtype BFLOAT8_B, layout TILE
2026-08-29 10:46:48.488 | DEBUG    | core:from_torch_and_dump:707 - Generating cache for /localdev/ctr-apbernal/tt_cache/Qwen/Qwen3-32B/TG/tensor_cache_bfp8/layers.59.attention.wo_col_sharded_dram_dtype_BFLOAT8_B_layout_TILE.tensorbin of shape Shape([1, 1, 8192, 1280]), dtype BFLOAT8_B, layout TILE
2026-08-29 10:46:48.537 | DEBUG    | core:as_tensor:724 - Loaded cache for /localdev/ctr-apbernal/tt_cache/Qwen/Qwen3-32B/TG/tensor_cache_bfp8/kvcache_torch.Size([2048, 1, 64, 128])_dtype_BFLOAT8_B_layout_TILE.tensorbin of shape Shape([2048, 1, 64, 128])
2026-08-29 10:46:48.543 | DEBUG    | core:as_tensor:724 - Loaded cache for /localdev/ctr-apbernal/tt_cache/Qwen/Qwen3-32B/TG/tensor_cache_bfp8/kvcache_torch.Size([2048, 1, 64, 128])_dtype_BFLOAT8_B_layout_TILE.tensorbin of shape Shape([2048, 1, 64, 128])
2026-08-29 10:46:48.954 | DEBUG    | core:from_torch_and_dump:707 - Generating cache for /localdev/ctr-apbernal/tt_cache/Qwen/Qwen3-32B/TG/tensor_cache_bfp8/layers.59.feed_forward.w1_shardedprefetcher_dtype_BFLOAT16_layout_TILE.tensorbin of shape Shape([1, 1, 1280, 3200]), dtype BFLOAT16, layout TILE
2026-08-29 10:46:49.452 | DEBUG    | core:from_torch_and_dump:707 - Generating cache for /localdev/ctr-apbernal/tt_cache/Qwen/Qwen3-32B/TG/tensor_cache_bfp8/layers.59.feed_forward.w2_shardedprefetcher_dtype_BFLOAT16_layout_TILE.tensorbin of shape Shape([1, 1, 3200, 1280]), dtype BFLOAT16, layout TILE
2026-08-29 10:46:49.962 | DEBUG    | core:from_torch_and_dump:707 - Generating cache for /localdev/ctr-apbernal/tt_cache/Qwen/Qwen3-32B/TG/tensor_cache_bfp8/layers.59.feed_forward.w3_shardedprefetcher_dtype_BFLOAT16_layout_TILE.tensorbin of shape Shape([1, 1, 1280, 3200]), dtype BFLOAT16, layout TILE
2026-08-29 10:46:51.164 | DEBUG    | core:from_torch_and_dump:707 - Generating cache for /localdev/ctr-apbernal/tt_cache/Qwen/Qwen3-32B/TG/tensor_cache_bfp8/layers.59.feed_forward.w1_interleavedprefetcher_dtype_BFLOAT8_B_layout_TILE.tensorbin of shape Shape([1, 1, 1280, 3200]), dtype BFLOAT8_B, layout TILE
2026-08-29 10:46:52.328 | DEBUG    | core:from_torch_and_dump:707 - Generating cache for /localdev/ctr-apbernal/tt_cache/Qwen/Qwen3-32B/TG/tensor_cache_bfp8/layers.59.feed_forward.w2_interleavedprefetcher_dtype_BFLOAT8_B_layout_TILE.tensorbin of shape Shape([1, 1, 3200, 1280]), dtype BFLOAT8_B, layout TILE
2026-08-29 10:46:53.492 | DEBUG    | core:from_torch_and_dump:707 - Generating cache for /localdev/ctr-apbernal/tt_cache/Qwen/Qwen3-32B/TG/tensor_cache_bfp8/layers.59.feed_forward.w3_interleavedprefetcher_dtype_BFLOAT8_B_layout_TILE.tensorbin of shape Shape([1, 1, 1280, 3200]), dtype BFLOAT8_B, layout TILE
2026-08-29 10:46:53.548 | DEBUG    | core:from_torch_and_dump:707 - Generating cache for /localdev/ctr-apbernal/tt_cache/Qwen/Qwen3-32B/TG/tensor_cache_bfp8/layers.59.attention_norm.weight_dtype_BFLOAT16_layout_ROW_MAJOR.tensorbin of shape Shape([1, 1, 160, 32]), dtype BFLOAT16, layout ROW_MAJOR
2026-08-29 10:46:53.549 | DEBUG    | core:from_torch_and_dump:707 - Generating cache for /localdev/ctr-apbernal/tt_cache/Qwen/Qwen3-32B/TG/tensor_cache_bfp8/layers.59.attention_norm.weight_distributed_dtype_BFLOAT16_layout_ROW_MAJOR.tensorbin of shape Shape([1, 1, 40, 32]), dtype BFLOAT16, layout ROW_MAJOR
2026-08-29 10:46:53.550 | DEBUG    | core:from_torch_and_dump:707 - Generating cache for /localdev/ctr-apbernal/tt_cache/Qwen/Qwen3-32B/TG/tensor_cache_bfp8/layers.59.ffn_norm.weight_dtype_BFLOAT16_layout_ROW_MAJOR.tensorbin of shape Shape([1, 1, 160, 32]), dtype BFLOAT16, layout ROW_MAJOR
2026-08-29 10:46:53.550 | DEBUG    | core:from_torch_and_dump:707 - Generating cache for /localdev/ctr-apbernal/tt_cache/Qwen/Qwen3-32B/TG/tensor_cache_bfp8/layers.59.ffn_norm.weight_distributed_dtype_BFLOAT16_layout_ROW_MAJOR.tensorbin of shape Shape([1, 1, 40, 32]), dtype BFLOAT16, layout ROW_MAJOR
 94%|█████████▍| 60/64 [07:12<00:28,  7.16s/it]2026-08-29 10:46:53.991 | DEBUG    | core:from_torch_and_dump:707 - Generating cache for /localdev/ctr-apbernal/tt_cache/Qwen/Qwen3-32B/TG/tensor_cache_bfp8/layers.60.attention.wqkv_sharded_2d_prefetcher_dtype_BFLOAT8_B_layout_TILE.tensorbin of shape Shape([1, 1, 1280, 1280]), dtype BFLOAT8_B, layout TILE
2026-08-29 10:46:54.437 | DEBUG    | core:from_torch_and_dump:707 - Generating cache for /localdev/ctr-apbernal/tt_cache/Qwen/Qwen3-32B/TG/tensor_cache_bfp8/layers.60.attention.wqkv_sharded_2d_dram_dtype_BFLOAT8_B_layout_TILE.tensorbin of shape Shape([1, 1, 1280, 1280]), dtype BFLOAT8_B, layout TILE
2026-08-29 10:46:54.854 | DEBUG    | core:from_torch_and_dump:707 - Generating cache for /localdev/ctr-apbernal/tt_cache/Qwen/Qwen3-32B/TG/tensor_cache_bfp8/layers.60.attention.wo_width_sharded_2d_prefetcher_dtype_BFLOAT8_B_layout_TILE.tensorbin of shape Shape([1, 1, 1024, 1280]), dtype BFLOAT8_B, layout TILE
2026-08-29 10:46:55.240 | DEBUG    | core:from_torch_and_dump:707 - Generating cache for /localdev/ctr-apbernal/tt_cache/Qwen/Qwen3-32B/TG/tensor_cache_bfp8/layers.60.attention.wo_width_sharded_2d_dram_dtype_BFLOAT8_B_layout_TILE.tensorbin of shape Shape([1, 1, 1024, 1280]), dtype BFLOAT8_B, layout TILE
2026-08-29 10:46:55.635 | DEBUG    | core:from_torch_and_dump:707 - Generating cache for /localdev/ctr-apbernal/tt_cache/Qwen/Qwen3-32B/TG/tensor_cache_bfp8/layers.60.attention.wo_col_sharded_dram_dtype_BFLOAT8_B_layout_TILE.tensorbin of shape Shape([1, 1, 8192, 1280]), dtype BFLOAT8_B, layout TILE
2026-08-29 10:46:55.681 | DEBUG    | core:as_tensor:724 - Loaded cache for /localdev/ctr-apbernal/tt_cache/Qwen/Qwen3-32B/TG/tensor_cache_bfp8/kvcache_torch.Size([2048, 1, 64, 128])_dtype_BFLOAT8_B_layout_TILE.tensorbin of shape Shape([2048, 1, 64, 128])
2026-08-29 10:46:55.687 | DEBUG    | core:as_tensor:724 - Loaded cache for /localdev/ctr-apbernal/tt_cache/Qwen/Qwen3-32B/TG/tensor_cache_bfp8/kvcache_torch.Size([2048, 1, 64, 128])_dtype_BFLOAT8_B_layout_TILE.tensorbin of shape Shape([2048, 1, 64, 128])
2026-08-29 10:46:56.101 | DEBUG    | core:from_torch_and_dump:707 - Generating cache for /localdev/ctr-apbernal/tt_cache/Qwen/Qwen3-32B/TG/tensor_cache_bfp8/layers.60.feed_forward.w1_shardedprefetcher_dtype_BFLOAT16_layout_TILE.tensorbin of shape Shape([1, 1, 1280, 3200]), dtype BFLOAT16, layout TILE
2026-08-29 10:46:56.609 | DEBUG    | core:from_torch_and_dump:707 - Generating cache for /localdev/ctr-apbernal/tt_cache/Qwen/Qwen3-32B/TG/tensor_cache_bfp8/layers.60.feed_forward.w2_shardedprefetcher_dtype_BFLOAT16_layout_TILE.tensorbin of shape Shape([1, 1, 3200, 1280]), dtype BFLOAT16, layout TILE
2026-08-29 10:46:57.114 | DEBUG    | core:from_torch_and_dump:707 - Generating cache for /localdev/ctr-apbernal/tt_cache/Qwen/Qwen3-32B/TG/tensor_cache_bfp8/layers.60.feed_forward.w3_shardedprefetcher_dtype_BFLOAT16_layout_TILE.tensorbin of shape Shape([1, 1, 1280, 3200]), dtype BFLOAT16, layout TILE
2026-08-29 10:46:58.305 | DEBUG    | core:from_torch_and_dump:707 - Generating cache for /localdev/ctr-apbernal/tt_cache/Qwen/Qwen3-32B/TG/tensor_cache_bfp8/layers.60.feed_forward.w1_interleavedprefetcher_dtype_BFLOAT8_B_layout_TILE.tensorbin of shape Shape([1, 1, 1280, 3200]), dtype BFLOAT8_B, layout TILE
2026-08-29 10:46:59.465 | DEBUG    | core:from_torch_and_dump:707 - Generating cache for /localdev/ctr-apbernal/tt_cache/Qwen/Qwen3-32B/TG/tensor_cache_bfp8/layers.60.feed_forward.w2_interleavedprefetcher_dtype_BFLOAT8_B_layout_TILE.tensorbin of shape Shape([1, 1, 3200, 1280]), dtype BFLOAT8_B, layout TILE
2026-08-29 10:47:00.619 | DEBUG    | core:from_torch_and_dump:707 - Generating cache for /localdev/ctr-apbernal/tt_cache/Qwen/Qwen3-32B/TG/tensor_cache_bfp8/layers.60.feed_forward.w3_interleavedprefetcher_dtype_BFLOAT8_B_layout_TILE.tensorbin of shape Shape([1, 1, 1280, 3200]), dtype BFLOAT8_B, layout TILE
2026-08-29 10:47:00.677 | DEBUG    | core:from_torch_and_dump:707 - Generating cache for /localdev/ctr-apbernal/tt_cache/Qwen/Qwen3-32B/TG/tensor_cache_bfp8/layers.60.attention_norm.weight_dtype_BFLOAT16_layout_ROW_MAJOR.tensorbin of shape Shape([1, 1, 160, 32]), dtype BFLOAT16, layout ROW_MAJOR
2026-08-29 10:47:00.678 | DEBUG    | core:from_torch_and_dump:707 - Generating cache for /localdev/ctr-apbernal/tt_cache/Qwen/Qwen3-32B/TG/tensor_cache_bfp8/layers.60.attention_norm.weight_distributed_dtype_BFLOAT16_layout_ROW_MAJOR.tensorbin of shape Shape([1, 1, 40, 32]), dtype BFLOAT16, layout ROW_MAJOR
2026-08-29 10:47:00.679 | DEBUG    | core:from_torch_and_dump:707 - Generating cache for /localdev/ctr-apbernal/tt_cache/Qwen/Qwen3-32B/TG/tensor_cache_bfp8/layers.60.ffn_norm.weight_dtype_BFLOAT16_layout_ROW_MAJOR.tensorbin of shape Shape([1, 1, 160, 32]), dtype BFLOAT16, layout ROW_MAJOR
2026-08-29 10:47:00.679 | DEBUG    | core:from_torch_and_dump:707 - Generating cache for /localdev/ctr-apbernal/tt_cache/Qwen/Qwen3-32B/TG/tensor_cache_bfp8/layers.60.ffn_norm.weight_distributed_dtype_BFLOAT16_layout_ROW_MAJOR.tensorbin of shape Shape([1, 1, 40, 32]), dtype BFLOAT16, layout ROW_MAJOR
 95%|█████████▌| 61/64 [07:19<00:21,  7.15s/it]2026-08-29 10:47:01.120 | DEBUG    | core:from_torch_and_dump:707 - Generating cache for /localdev/ctr-apbernal/tt_cache/Qwen/Qwen3-32B/TG/tensor_cache_bfp8/layers.61.attention.wqkv_sharded_2d_prefetcher_dtype_BFLOAT8_B_layout_TILE.tensorbin of shape Shape([1, 1, 1280, 1280]), dtype BFLOAT8_B, layout TILE
2026-08-29 10:47:01.569 | DEBUG    | core:from_torch_and_dump:707 - Generating cache for /localdev/ctr-apbernal/tt_cache/Qwen/Qwen3-32B/TG/tensor_cache_bfp8/layers.61.attention.wqkv_sharded_2d_dram_dtype_BFLOAT8_B_layout_TILE.tensorbin of shape Shape([1, 1, 1280, 1280]), dtype BFLOAT8_B, layout TILE
2026-08-29 10:47:02.034 | DEBUG    | core:from_torch_and_dump:707 - Generating cache for /localdev/ctr-apbernal/tt_cache/Qwen/Qwen3-32B/TG/tensor_cache_bfp8/layers.61.attention.wo_width_sharded_2d_prefetcher_dtype_BFLOAT8_B_layout_TILE.tensorbin of shape Shape([1, 1, 1024, 1280]), dtype BFLOAT8_B, layout TILE
2026-08-29 10:47:02.413 | DEBUG    | core:from_torch_and_dump:707 - Generating cache for /localdev/ctr-apbernal/tt_cache/Qwen/Qwen3-32B/TG/tensor_cache_bfp8/layers.61.attention.wo_width_sharded_2d_dram_dtype_BFLOAT8_B_layout_TILE.tensorbin of shape Shape([1, 1, 1024, 1280]), dtype BFLOAT8_B, layout TILE
2026-08-29 10:47:02.812 | DEBUG    | core:from_torch_and_dump:707 - Generating cache for /localdev/ctr-apbernal/tt_cache/Qwen/Qwen3-32B/TG/tensor_cache_bfp8/layers.61.attention.wo_col_sharded_dram_dtype_BFLOAT8_B_layout_TILE.tensorbin of shape Shape([1, 1, 8192, 1280]), dtype BFLOAT8_B, layout TILE
2026-08-29 10:47:02.859 | DEBUG    | core:as_tensor:724 - Loaded cache for /localdev/ctr-apbernal/tt_cache/Qwen/Qwen3-32B/TG/tensor_cache_bfp8/kvcache_torch.Size([2048, 1, 64, 128])_dtype_BFLOAT8_B_layout_TILE.tensorbin of shape Shape([2048, 1, 64, 128])
2026-08-29 10:47:02.865 | DEBUG    | core:as_tensor:724 - Loaded cache for /localdev/ctr-apbernal/tt_cache/Qwen/Qwen3-32B/TG/tensor_cache_bfp8/kvcache_torch.Size([2048, 1, 64, 128])_dtype_BFLOAT8_B_layout_TILE.tensorbin of shape Shape([2048, 1, 64, 128])
2026-08-29 10:47:03.606 | DEBUG    | core:from_torch_and_dump:707 - Generating cache for /localdev/ctr-apbernal/tt_cache/Qwen/Qwen3-32B/TG/tensor_cache_bfp8/layers.61.feed_forward.w1_shardedprefetcher_dtype_BFLOAT16_layout_TILE.tensorbin of shape Shape([1, 1, 1280, 3200]), dtype BFLOAT16, layout TILE
2026-08-29 10:47:04.458 | DEBUG    | core:from_torch_and_dump:707 - Generating cache for /localdev/ctr-apbernal/tt_cache/Qwen/Qwen3-32B/TG/tensor_cache_bfp8/layers.61.feed_forward.w2_shardedprefetcher_dtype_BFLOAT16_layout_TILE.tensorbin of shape Shape([1, 1, 3200, 1280]), dtype BFLOAT16, layout TILE
2026-08-29 10:47:05.248 | DEBUG    | core:from_torch_and_dump:707 - Generating cache for /localdev/ctr-apbernal/tt_cache/Qwen/Qwen3-32B/TG/tensor_cache_bfp8/layers.61.feed_forward.w3_shardedprefetcher_dtype_BFLOAT16_layout_TILE.tensorbin of shape Shape([1, 1, 1280, 3200]), dtype BFLOAT16, layout TILE
2026-08-29 10:47:06.438 | DEBUG    | core:from_torch_and_dump:707 - Generating cache for /localdev/ctr-apbernal/tt_cache/Qwen/Qwen3-32B/TG/tensor_cache_bfp8/layers.61.feed_forward.w1_interleavedprefetcher_dtype_BFLOAT8_B_layout_TILE.tensorbin of shape Shape([1, 1, 1280, 3200]), dtype BFLOAT8_B, layout TILE
2026-08-29 10:47:07.609 | DEBUG    | core:from_torch_and_dump:707 - Generating cache for /localdev/ctr-apbernal/tt_cache/Qwen/Qwen3-32B/TG/tensor_cache_bfp8/layers.61.feed_forward.w2_interleavedprefetcher_dtype_BFLOAT8_B_layout_TILE.tensorbin of shape Shape([1, 1, 3200, 1280]), dtype BFLOAT8_B, layout TILE
2026-08-29 10:47:08.764 | DEBUG    | core:from_torch_and_dump:707 - Generating cache for /localdev/ctr-apbernal/tt_cache/Qwen/Qwen3-32B/TG/tensor_cache_bfp8/layers.61.feed_forward.w3_interleavedprefetcher_dtype_BFLOAT8_B_layout_TILE.tensorbin of shape Shape([1, 1, 1280, 3200]), dtype BFLOAT8_B, layout TILE
2026-08-29 10:47:08.821 | DEBUG    | core:from_torch_and_dump:707 - Generating cache for /localdev/ctr-apbernal/tt_cache/Qwen/Qwen3-32B/TG/tensor_cache_bfp8/layers.61.attention_norm.weight_dtype_BFLOAT16_layout_ROW_MAJOR.tensorbin of shape Shape([1, 1, 160, 32]), dtype BFLOAT16, layout ROW_MAJOR
2026-08-29 10:47:08.822 | DEBUG    | core:from_torch_and_dump:707 - Generating cache for /localdev/ctr-apbernal/tt_cache/Qwen/Qwen3-32B/TG/tensor_cache_bfp8/layers.61.attention_norm.weight_distributed_dtype_BFLOAT16_layout_ROW_MAJOR.tensorbin of shape Shape([1, 1, 40, 32]), dtype BFLOAT16, layout ROW_MAJOR
2026-08-29 10:47:08.823 | DEBUG    | core:from_torch_and_dump:707 - Generating cache for /localdev/ctr-apbernal/tt_cache/Qwen/Qwen3-32B/TG/tensor_cache_bfp8/layers.61.ffn_norm.weight_dtype_BFLOAT16_layout_ROW_MAJOR.tensorbin of shape Shape([1, 1, 160, 32]), dtype BFLOAT16, layout ROW_MAJOR
2026-08-29 10:47:08.823 | DEBUG    | core:from_torch_and_dump:707 - Generating cache for /localdev/ctr-apbernal/tt_cache/Qwen/Qwen3-32B/TG/tensor_cache_bfp8/layers.61.ffn_norm.weight_distributed_dtype_BFLOAT16_layout_ROW_MAJOR.tensorbin of shape Shape([1, 1, 40, 32]), dtype BFLOAT16, layout ROW_MAJOR
 97%|█████████▋| 62/64 [07:27<00:14,  7.45s/it]2026-08-29 10:47:09.259 | DEBUG    | core:from_torch_and_dump:707 - Generating cache for /localdev/ctr-apbernal/tt_cache/Qwen/Qwen3-32B/TG/tensor_cache_bfp8/layers.62.attention.wqkv_sharded_2d_prefetcher_dtype_BFLOAT8_B_layout_TILE.tensorbin of shape Shape([1, 1, 1280, 1280]), dtype BFLOAT8_B, layout TILE
2026-08-29 10:47:09.706 | DEBUG    | core:from_torch_and_dump:707 - Generating cache for /localdev/ctr-apbernal/tt_cache/Qwen/Qwen3-32B/TG/tensor_cache_bfp8/layers.62.attention.wqkv_sharded_2d_dram_dtype_BFLOAT8_B_layout_TILE.tensorbin of shape Shape([1, 1, 1280, 1280]), dtype BFLOAT8_B, layout TILE
2026-08-29 10:47:10.168 | DEBUG    | core:from_torch_and_dump:707 - Generating cache for /localdev/ctr-apbernal/tt_cache/Qwen/Qwen3-32B/TG/tensor_cache_bfp8/layers.62.attention.wo_width_sharded_2d_prefetcher_dtype_BFLOAT8_B_layout_TILE.tensorbin of shape Shape([1, 1, 1024, 1280]), dtype BFLOAT8_B, layout TILE
2026-08-29 10:47:10.551 | DEBUG    | core:from_torch_and_dump:707 - Generating cache for /localdev/ctr-apbernal/tt_cache/Qwen/Qwen3-32B/TG/tensor_cache_bfp8/layers.62.attention.wo_width_sharded_2d_dram_dtype_BFLOAT8_B_layout_TILE.tensorbin of shape Shape([1, 1, 1024, 1280]), dtype BFLOAT8_B, layout TILE
2026-08-29 10:47:10.951 | DEBUG    | core:from_torch_and_dump:707 - Generating cache for /localdev/ctr-apbernal/tt_cache/Qwen/Qwen3-32B/TG/tensor_cache_bfp8/layers.62.attention.wo_col_sharded_dram_dtype_BFLOAT8_B_layout_TILE.tensorbin of shape Shape([1, 1, 8192, 1280]), dtype BFLOAT8_B, layout TILE
2026-08-29 10:47:10.998 | DEBUG    | core:as_tensor:724 - Loaded cache for /localdev/ctr-apbernal/tt_cache/Qwen/Qwen3-32B/TG/tensor_cache_bfp8/kvcache_torch.Size([2048, 1, 64, 128])_dtype_BFLOAT8_B_layout_TILE.tensorbin of shape Shape([2048, 1, 64, 128])
2026-08-29 10:47:11.005 | DEBUG    | core:as_tensor:724 - Loaded cache for /localdev/ctr-apbernal/tt_cache/Qwen/Qwen3-32B/TG/tensor_cache_bfp8/kvcache_torch.Size([2048, 1, 64, 128])_dtype_BFLOAT8_B_layout_TILE.tensorbin of shape Shape([2048, 1, 64, 128])
2026-08-29 10:47:11.770 | DEBUG    | core:from_torch_and_dump:707 - Generating cache for /localdev/ctr-apbernal/tt_cache/Qwen/Qwen3-32B/TG/tensor_cache_bfp8/layers.62.feed_forward.w1_shardedprefetcher_dtype_BFLOAT16_layout_TILE.tensorbin of shape Shape([1, 1, 1280, 3200]), dtype BFLOAT16, layout TILE
2026-08-29 10:47:12.604 | DEBUG    | core:from_torch_and_dump:707 - Generating cache for /localdev/ctr-apbernal/tt_cache/Qwen/Qwen3-32B/TG/tensor_cache_bfp8/layers.62.feed_forward.w2_shardedprefetcher_dtype_BFLOAT16_layout_TILE.tensorbin of shape Shape([1, 1, 3200, 1280]), dtype BFLOAT16, layout TILE
2026-08-29 10:47:13.461 | DEBUG    | core:from_torch_and_dump:707 - Generating cache for /localdev/ctr-apbernal/tt_cache/Qwen/Qwen3-32B/TG/tensor_cache_bfp8/layers.62.feed_forward.w3_shardedprefetcher_dtype_BFLOAT16_layout_TILE.tensorbin of shape Shape([1, 1, 1280, 3200]), dtype BFLOAT16, layout TILE
2026-08-29 10:47:14.652 | DEBUG    | core:from_torch_and_dump:707 - Generating cache for /localdev/ctr-apbernal/tt_cache/Qwen/Qwen3-32B/TG/tensor_cache_bfp8/layers.62.feed_forward.w1_interleavedprefetcher_dtype_BFLOAT8_B_layout_TILE.tensorbin of shape Shape([1, 1, 1280, 3200]), dtype BFLOAT8_B, layout TILE
2026-08-29 10:47:15.810 | DEBUG    | core:from_torch_and_dump:707 - Generating cache for /localdev/ctr-apbernal/tt_cache/Qwen/Qwen3-32B/TG/tensor_cache_bfp8/layers.62.feed_forward.w2_interleavedprefetcher_dtype_BFLOAT8_B_layout_TILE.tensorbin of shape Shape([1, 1, 3200, 1280]), dtype BFLOAT8_B, layout TILE
2026-08-29 10:47:16.963 | DEBUG    | core:from_torch_and_dump:707 - Generating cache for /localdev/ctr-apbernal/tt_cache/Qwen/Qwen3-32B/TG/tensor_cache_bfp8/layers.62.feed_forward.w3_interleavedprefetcher_dtype_BFLOAT8_B_layout_TILE.tensorbin of shape Shape([1, 1, 1280, 3200]), dtype BFLOAT8_B, layout TILE
2026-08-29 10:47:17.021 | DEBUG    | core:from_torch_and_dump:707 - Generating cache for /localdev/ctr-apbernal/tt_cache/Qwen/Qwen3-32B/TG/tensor_cache_bfp8/layers.62.attention_norm.weight_dtype_BFLOAT16_layout_ROW_MAJOR.tensorbin of shape Shape([1, 1, 160, 32]), dtype BFLOAT16, layout ROW_MAJOR
2026-08-29 10:47:17.022 | DEBUG    | core:from_torch_and_dump:707 - Generating cache for /localdev/ctr-apbernal/tt_cache/Qwen/Qwen3-32B/TG/tensor_cache_bfp8/layers.62.attention_norm.weight_distributed_dtype_BFLOAT16_layout_ROW_MAJOR.tensorbin of shape Shape([1, 1, 40, 32]), dtype BFLOAT16, layout ROW_MAJOR
2026-08-29 10:47:17.023 | DEBUG    | core:from_torch_and_dump:707 - Generating cache for /localdev/ctr-apbernal/tt_cache/Qwen/Qwen3-32B/TG/tensor_cache_bfp8/layers.62.ffn_norm.weight_dtype_BFLOAT16_layout_ROW_MAJOR.tensorbin of shape Shape([1, 1, 160, 32]), dtype BFLOAT16, layout ROW_MAJOR
2026-08-29 10:47:17.023 | DEBUG    | core:from_torch_and_dump:707 - Generating cache for /localdev/ctr-apbernal/tt_cache/Qwen/Qwen3-32B/TG/tensor_cache_bfp8/layers.62.ffn_norm.weight_distributed_dtype_BFLOAT16_layout_ROW_MAJOR.tensorbin of shape Shape([1, 1, 40, 32]), dtype BFLOAT16, layout ROW_MAJOR
 98%|█████████▊| 63/64 [07:35<00:07,  7.67s/it]2026-08-29 10:47:17.459 | DEBUG    | core:from_torch_and_dump:707 - Generating cache for /localdev/ctr-apbernal/tt_cache/Qwen/Qwen3-32B/TG/tensor_cache_bfp8/layers.63.attention.wqkv_sharded_2d_prefetcher_dtype_BFLOAT8_B_layout_TILE.tensorbin of shape Shape([1, 1, 1280, 1280]), dtype BFLOAT8_B, layout TILE
2026-08-29 10:47:17.909 | DEBUG    | core:from_torch_and_dump:707 - Generating cache for /localdev/ctr-apbernal/tt_cache/Qwen/Qwen3-32B/TG/tensor_cache_bfp8/layers.63.attention.wqkv_sharded_2d_dram_dtype_BFLOAT8_B_layout_TILE.tensorbin of shape Shape([1, 1, 1280, 1280]), dtype BFLOAT8_B, layout TILE
2026-08-29 10:47:18.364 | DEBUG    | core:from_torch_and_dump:707 - Generating cache for /localdev/ctr-apbernal/tt_cache/Qwen/Qwen3-32B/TG/tensor_cache_bfp8/layers.63.attention.wo_width_sharded_2d_prefetcher_dtype_BFLOAT8_B_layout_TILE.tensorbin of shape Shape([1, 1, 1024, 1280]), dtype BFLOAT8_B, layout TILE
2026-08-29 10:47:18.738 | DEBUG    | core:from_torch_and_dump:707 - Generating cache for /localdev/ctr-apbernal/tt_cache/Qwen/Qwen3-32B/TG/tensor_cache_bfp8/layers.63.attention.wo_width_sharded_2d_dram_dtype_BFLOAT8_B_layout_TILE.tensorbin of shape Shape([1, 1, 1024, 1280]), dtype BFLOAT8_B, layout TILE
2026-08-29 10:47:19.132 | DEBUG    | core:from_torch_and_dump:707 - Generating cache for /localdev/ctr-apbernal/tt_cache/Qwen/Qwen3-32B/TG/tensor_cache_bfp8/layers.63.attention.wo_col_sharded_dram_dtype_BFLOAT8_B_layout_TILE.tensorbin of shape Shape([1, 1, 8192, 1280]), dtype BFLOAT8_B, layout TILE
2026-08-29 10:47:19.179 | DEBUG    | core:as_tensor:724 - Loaded cache for /localdev/ctr-apbernal/tt_cache/Qwen/Qwen3-32B/TG/tensor_cache_bfp8/kvcache_torch.Size([2048, 1, 64, 128])_dtype_BFLOAT8_B_layout_TILE.tensorbin of shape Shape([2048, 1, 64, 128])
2026-08-29 10:47:19.187 | DEBUG    | core:as_tensor:724 - Loaded cache for /localdev/ctr-apbernal/tt_cache/Qwen/Qwen3-32B/TG/tensor_cache_bfp8/kvcache_torch.Size([2048, 1, 64, 128])_dtype_BFLOAT8_B_layout_TILE.tensorbin of shape Shape([2048, 1, 64, 128])
2026-08-29 10:47:19.948 | DEBUG    | core:from_torch_and_dump:707 - Generating cache for /localdev/ctr-apbernal/tt_cache/Qwen/Qwen3-32B/TG/tensor_cache_bfp8/layers.63.feed_forward.w1_shardedprefetcher_dtype_BFLOAT16_layout_TILE.tensorbin of shape Shape([1, 1, 1280, 3200]), dtype BFLOAT16, layout TILE
2026-08-29 10:47:20.744 | DEBUG    | core:from_torch_and_dump:707 - Generating cache for /localdev/ctr-apbernal/tt_cache/Qwen/Qwen3-32B/TG/tensor_cache_bfp8/layers.63.feed_forward.w2_shardedprefetcher_dtype_BFLOAT16_layout_TILE.tensorbin of shape Shape([1, 1, 3200, 1280]), dtype BFLOAT16, layout TILE
2026-08-29 10:47:21.564 | DEBUG    | core:from_torch_and_dump:707 - Generating cache for /localdev/ctr-apbernal/tt_cache/Qwen/Qwen3-32B/TG/tensor_cache_bfp8/layers.63.feed_forward.w3_shardedprefetcher_dtype_BFLOAT16_layout_TILE.tensorbin of shape Shape([1, 1, 1280, 3200]), dtype BFLOAT16, layout TILE
2026-08-29 10:47:22.764 | DEBUG    | core:from_torch_and_dump:707 - Generating cache for /localdev/ctr-apbernal/tt_cache/Qwen/Qwen3-32B/TG/tensor_cache_bfp8/layers.63.feed_forward.w1_interleavedprefetcher_dtype_BFLOAT8_B_layout_TILE.tensorbin of shape Shape([1, 1, 1280, 3200]), dtype BFLOAT8_B, layout TILE
2026-08-29 10:47:23.922 | DEBUG    | core:from_torch_and_dump:707 - Generating cache for /localdev/ctr-apbernal/tt_cache/Qwen/Qwen3-32B/TG/tensor_cache_bfp8/layers.63.feed_forward.w2_interleavedprefetcher_dtype_BFLOAT8_B_layout_TILE.tensorbin of shape Shape([1, 1, 3200, 1280]), dtype BFLOAT8_B, layout TILE
2026-08-29 10:47:25.081 | DEBUG    | core:from_torch_and_dump:707 - Generating cache for /localdev/ctr-apbernal/tt_cache/Qwen/Qwen3-32B/TG/tensor_cache_bfp8/layers.63.feed_forward.w3_interleavedprefetcher_dtype_BFLOAT8_B_layout_TILE.tensorbin of shape Shape([1, 1, 1280, 3200]), dtype BFLOAT8_B, layout TILE
2026-08-29 10:47:25.146 | DEBUG    | core:from_torch_and_dump:707 - Generating cache for /localdev/ctr-apbernal/tt_cache/Qwen/Qwen3-32B/TG/tensor_cache_bfp8/layers.63.attention_norm.weight_dtype_BFLOAT16_layout_ROW_MAJOR.tensorbin of shape Shape([1, 1, 160, 32]), dtype BFLOAT16, layout ROW_MAJOR
2026-08-29 10:47:25.147 | DEBUG    | core:from_torch_and_dump:707 - Generating cache for /localdev/ctr-apbernal/tt_cache/Qwen/Qwen3-32B/TG/tensor_cache_bfp8/layers.63.attention_norm.weight_distributed_dtype_BFLOAT16_layout_ROW_MAJOR.tensorbin of shape Shape([1, 1, 40, 32]), dtype BFLOAT16, layout ROW_MAJOR
2026-08-29 10:47:25.148 | DEBUG    | core:from_torch_and_dump:707 - Generating cache for /localdev/ctr-apbernal/tt_cache/Qwen/Qwen3-32B/TG/tensor_cache_bfp8/layers.63.ffn_norm.weight_dtype_BFLOAT16_layout_ROW_MAJOR.tensorbin of shape Shape([1, 1, 160, 32]), dtype BFLOAT16, layout ROW_MAJOR
2026-08-29 10:47:25.148 | DEBUG    | core:from_torch_and_dump:707 - Generating cache for /localdev/ctr-apbernal/tt_cache/Qwen/Qwen3-32B/TG/tensor_cache_bfp8/layers.63.ffn_norm.weight_distributed_dtype_BFLOAT16_layout_ROW_MAJOR.tensorbin of shape Shape([1, 1, 40, 32]), dtype BFLOAT16, layout ROW_MAJOR
100%|██████████| 64/64 [07:43<00:00,  7.81s/it]100%|██████████| 64/64 [07:43<00:00,  7.25s/it]
2026-08-29 10:47:25.149 | DEBUG    | core:from_torch_and_dump:707 - Generating cache for /localdev/ctr-apbernal/tt_cache/Qwen/Qwen3-32B/TG/tensor_cache_bfp8/norm.weight_dtype_BFLOAT16_layout_ROW_MAJOR.tensorbin of shape Shape([1, 1, 160, 32]), dtype BFLOAT16, layout ROW_MAJOR
2026-08-29 10:47:25.150 | DEBUG    | core:from_torch_and_dump:707 - Generating cache for /localdev/ctr-apbernal/tt_cache/Qwen/Qwen3-32B/TG/tensor_cache_bfp8/norm.weight_distributed_dtype_BFLOAT16_layout_ROW_MAJOR.tensorbin of shape Shape([1, 1, 40, 32]), dtype BFLOAT16, layout ROW_MAJOR
2026-08-29 10:47:41.437 | DEBUG    | core:from_torch_and_dump:707 - Generating cache for /localdev/ctr-apbernal/tt_cache/Qwen/Qwen3-32B/TG/tensor_cache_bfp8/output_lm_head_1_split_shard_0_dram_width_sharded_decode_dtype_BFLOAT8_B_layout_TILE.tensorbin of shape Shape([1, 1, 1280, 19456]), dtype BFLOAT8_B, layout TILE
2026-08-29 10:47:51.239 | DEBUG    | core:from_torch_and_dump:707 - Generating cache for /localdev/ctr-apbernal/tt_cache/Qwen/Qwen3-32B/TG/tensor_cache_bfp8/output_lm_head_1_split_shard_0_dram_prefill_dtype_BFLOAT8_B_layout_TILE.tensorbin of shape Shape([1, 1, 1280, 19456]), dtype BFLOAT8_B, layout TILE
2026-08-29 10:47:51.817 | INFO     | models.demos.llama3_70b_galaxy.tt.prefetcher_common:__init__:33 - Running TtLlamaPrefetcherSetup
2026-08-29 10:47:51.859 | DEBUG    | core:from_torch_and_dump:707 - Generating cache for /localdev/ctr-apbernal/tt_cache/Qwen/Qwen3-32B/TG/tensor_cache_bfp8/pb_rs_01_QKV_0_4096_dtype_BFLOAT8_B_layout_TILE.tensorbin of shape Shape([1, 1, 4096, 1280]), dtype BFLOAT8_B, layout TILE
2026-08-29 10:47:51.870 | DEBUG    | core:from_torch_and_dump:707 - Generating cache for /localdev/ctr-apbernal/tt_cache/Qwen/Qwen3-32B/TG/tensor_cache_bfp8/pb_rs_00_QKV_0_4096_dtype_BFLOAT8_B_layout_TILE.tensorbin of shape Shape([1, 1, 4096, 320]), dtype BFLOAT8_B, layout TILE
2026-08-29 10:47:51.952 | DEBUG    | core:from_torch_and_dump:707 - Generating cache for /localdev/ctr-apbernal/tt_cache/Qwen/Qwen3-32B/TG/tensor_cache_bfp8/pb_rs_01_FF1_0_4096_dtype_BFLOAT8_B_layout_TILE.tensorbin of shape Shape([1, 1, 4096, 3200]), dtype BFLOAT8_B, layout TILE
2026-08-29 10:47:51.981 | DEBUG    | core:from_torch_and_dump:707 - Generating cache for /localdev/ctr-apbernal/tt_cache/Qwen/Qwen3-32B/TG/tensor_cache_bfp8/pb_rs_00_FF1_0_4096_dtype_BFLOAT8_B_layout_TILE.tensorbin of shape Shape([1, 1, 4096, 800]), dtype BFLOAT8_B, layout TILE
2026-08-29 10:47:52.062 | DEBUG    | core:from_torch_and_dump:707 - Generating cache for /localdev/ctr-apbernal/tt_cache/Qwen/Qwen3-32B/TG/tensor_cache_bfp8/pb_rs_01_FF3_0_4096_dtype_BFLOAT8_B_layout_TILE.tensorbin of shape Shape([1, 1, 4096, 3200]), dtype BFLOAT8_B, layout TILE
2026-08-29 10:47:52.090 | DEBUG    | core:from_torch_and_dump:707 - Generating cache for /localdev/ctr-apbernal/tt_cache/Qwen/Qwen3-32B/TG/tensor_cache_bfp8/pb_rs_00_FF3_0_4096_dtype_BFLOAT8_B_layout_TILE.tensorbin of shape Shape([1, 1, 4096, 800]), dtype BFLOAT8_B, layout TILE
2026-08-29 10:47:52.114 | DEBUG    | core:from_torch_and_dump:707 - Generating cache for /localdev/ctr-apbernal/tt_cache/Qwen/Qwen3-32B/TG/tensor_cache_bfp8/pb_rs_01_FF2_0_4096_dtype_BFLOAT8_B_layout_TILE.tensorbin of shape Shape([1, 1, 4096, 1280]), dtype BFLOAT8_B, layout TILE
2026-08-29 10:47:52.123 | DEBUG    | core:from_torch_and_dump:707 - Generating cache for /localdev/ctr-apbernal/tt_cache/Qwen/Qwen3-32B/TG/tensor_cache_bfp8/pb_rs_00_FF2_0_4096_dtype_BFLOAT8_B_layout_TILE.tensorbin of shape Shape([1, 1, 4096, 160]), dtype BFLOAT8_B, layout TILE
2026-08-29 10:47:52.127 | DEBUG    | core:from_torch_and_dump:707 - Generating cache for /localdev/ctr-apbernal/tt_cache/Qwen/Qwen3-32B/TG/tensor_cache_bfp8/pb_rs_01_ATTN_REPLICATE_0_4096_dtype_BFLOAT8_B_layout_TILE.tensorbin of shape Shape([1, 1, 4096, 128]), dtype BFLOAT8_B, layout TILE
2026-08-29 10:47:52.128 | DEBUG    | core:from_torch_and_dump:707 - Generating cache for /localdev/ctr-apbernal/tt_cache/Qwen/Qwen3-32B/TG/tensor_cache_bfp8/pb_rs_00_ATTN_REPLICATE_0_4096_dtype_BFLOAT8_B_layout_TILE.tensorbin of shape Shape([1, 1, 4096, 32]), dtype BFLOAT8_B, layout TILE
2026-08-29 10:47:52.151 | DEBUG    | core:from_torch_and_dump:707 - Generating cache for /localdev/ctr-apbernal/tt_cache/Qwen/Qwen3-32B/TG/tensor_cache_bfp8/pb_rs_01_QKV_batched_0_4096_dtype_BFLOAT8_B_layout_TILE.tensorbin of shape Shape([1, 32, 128, 1280]), dtype BFLOAT8_B, layout TILE
2026-08-29 10:47:52.162 | DEBUG    | core:from_torch_and_dump:707 - Generating cache for /localdev/ctr-apbernal/tt_cache/Qwen/Qwen3-32B/TG/tensor_cache_bfp8/pb_rs_00_QKV_batched_0_4096_dtype_BFLOAT8_B_layout_TILE.tensorbin of shape Shape([1, 32, 128, 320]), dtype BFLOAT8_B, layout TILE
2026-08-29 10:47:52.242 | DEBUG    | core:from_torch_and_dump:707 - Generating cache for /localdev/ctr-apbernal/tt_cache/Qwen/Qwen3-32B/TG/tensor_cache_bfp8/pb_rs_01_FF1_batched_0_4096_dtype_BFLOAT8_B_layout_TILE.tensorbin of shape Shape([1, 32, 128, 3200]), dtype BFLOAT8_B, layout TILE
2026-08-29 10:47:52.270 | DEBUG    | core:from_torch_and_dump:707 - Generating cache for /localdev/ctr-apbernal/tt_cache/Qwen/Qwen3-32B/TG/tensor_cache_bfp8/pb_rs_00_FF1_batched_0_4096_dtype_BFLOAT8_B_layout_TILE.tensorbin of shape Shape([1, 32, 128, 800]), dtype BFLOAT8_B, layout TILE
2026-08-29 10:47:52.353 | DEBUG    | core:from_torch_and_dump:707 - Generating cache for /localdev/ctr-apbernal/tt_cache/Qwen/Qwen3-32B/TG/tensor_cache_bfp8/pb_rs_01_FF3_batched_0_4096_dtype_BFLOAT8_B_layout_TILE.tensorbin of shape Shape([1, 32, 128, 3200]), dtype BFLOAT8_B, layout TILE
2026-08-29 10:47:52.381 | DEBUG    | core:from_torch_and_dump:707 - Generating cache for /localdev/ctr-apbernal/tt_cache/Qwen/Qwen3-32B/TG/tensor_cache_bfp8/pb_rs_00_FF3_batched_0_4096_dtype_BFLOAT8_B_layout_TILE.tensorbin of shape Shape([1, 32, 128, 800]), dtype BFLOAT8_B, layout TILE
2026-08-29 10:47:52.405 | DEBUG    | core:from_torch_and_dump:707 - Generating cache for /localdev/ctr-apbernal/tt_cache/Qwen/Qwen3-32B/TG/tensor_cache_bfp8/pb_rs_01_FF2_batched_0_4096_dtype_BFLOAT8_B_layout_TILE.tensorbin of shape Shape([1, 32, 128, 1280]), dtype BFLOAT8_B, layout TILE
2026-08-29 10:47:52.412 | DEBUG    | core:from_torch_and_dump:707 - Generating cache for /localdev/ctr-apbernal/tt_cache/Qwen/Qwen3-32B/TG/tensor_cache_bfp8/pb_rs_00_FF2_batched_0_4096_dtype_BFLOAT8_B_layout_TILE.tensorbin of shape Shape([1, 32, 128, 160]), dtype BFLOAT8_B, layout TILE
2026-08-29 10:47:52.427 | DEBUG    | core:from_torch_and_dump:707 - Generating cache for /localdev/ctr-apbernal/tt_cache/Qwen/Qwen3-32B/TG/tensor_cache_bfp8/pb_rs_01_QKV_0_2048_dtype_BFLOAT8_B_layout_TILE.tensorbin of shape Shape([1, 1, 2048, 1280]), dtype BFLOAT8_B, layout TILE
2026-08-29 10:47:52.433 | DEBUG    | core:from_torch_and_dump:707 - Generating cache for /localdev/ctr-apbernal/tt_cache/Qwen/Qwen3-32B/TG/tensor_cache_bfp8/pb_rs_00_QKV_0_2048_dtype_BFLOAT8_B_layout_TILE.tensorbin of shape Shape([1, 1, 2048, 320]), dtype BFLOAT8_B, layout TILE
2026-08-29 10:47:52.473 | DEBUG    | core:from_torch_and_dump:707 - Generating cache for /localdev/ctr-apbernal/tt_cache/Qwen/Qwen3-32B/TG/tensor_cache_bfp8/pb_rs_01_FF1_0_2048_dtype_BFLOAT8_B_layout_TILE.tensorbin of shape Shape([1, 1, 2048, 3200]), dtype BFLOAT8_B, layout TILE
2026-08-29 10:47:52.487 | DEBUG    | core:from_torch_and_dump:707 - Generating cache for /localdev/ctr-apbernal/tt_cache/Qwen/Qwen3-32B/TG/tensor_cache_bfp8/pb_rs_00_FF1_0_2048_dtype_BFLOAT8_B_layout_TILE.tensorbin of shape Shape([1, 1, 2048, 800]), dtype BFLOAT8_B, layout TILE
2026-08-29 10:47:52.515 | DEBUG    | core:from_torch_and_dump:707 - Generating cache for /localdev/ctr-apbernal/tt_cache/Qwen/Qwen3-32B/TG/tensor_cache_bfp8/pb_rs_01_FF3_0_2048_dtype_BFLOAT8_B_layout_TILE.tensorbin of shape Shape([1, 1, 2048, 3200]), dtype BFLOAT8_B, layout TILE
2026-08-29 10:47:52.531 | DEBUG    | core:from_torch_and_dump:707 - Generating cache for /localdev/ctr-apbernal/tt_cache/Qwen/Qwen3-32B/TG/tensor_cache_bfp8/pb_rs_00_FF3_0_2048_dtype_BFLOAT8_B_layout_TILE.tensorbin of shape Shape([1, 1, 2048, 800]), dtype BFLOAT8_B, layout TILE
2026-08-29 10:47:52.544 | DEBUG    | core:from_torch_and_dump:707 - Generating cache for /localdev/ctr-apbernal/tt_cache/Qwen/Qwen3-32B/TG/tensor_cache_bfp8/pb_rs_01_FF2_0_2048_dtype_BFLOAT8_B_layout_TILE.tensorbin of shape Shape([1, 1, 2048, 1280]), dtype BFLOAT8_B, layout TILE
2026-08-29 10:47:52.548 | DEBUG    | core:from_torch_and_dump:707 - Generating cache for /localdev/ctr-apbernal/tt_cache/Qwen/Qwen3-32B/TG/tensor_cache_bfp8/pb_rs_00_FF2_0_2048_dtype_BFLOAT8_B_layout_TILE.tensorbin of shape Shape([1, 1, 2048, 160]), dtype BFLOAT8_B, layout TILE
2026-08-29 10:47:52.552 | DEBUG    | core:from_torch_and_dump:707 - Generating cache for /localdev/ctr-apbernal/tt_cache/Qwen/Qwen3-32B/TG/tensor_cache_bfp8/pb_rs_01_ATTN_REPLICATE_0_2048_dtype_BFLOAT8_B_layout_TILE.tensorbin of shape Shape([1, 1, 2048, 128]), dtype BFLOAT8_B, layout TILE
2026-08-29 10:47:52.554 | DEBUG    | core:from_torch_and_dump:707 - Generating cache for /localdev/ctr-apbernal/tt_cache/Qwen/Qwen3-32B/TG/tensor_cache_bfp8/pb_rs_00_ATTN_REPLICATE_0_2048_dtype_BFLOAT8_B_layout_TILE.tensorbin of shape Shape([1, 1, 2048, 32]), dtype BFLOAT8_B, layout TILE
2026-08-29 10:47:52.567 | DEBUG    | core:from_torch_and_dump:707 - Generating cache for /localdev/ctr-apbernal/tt_cache/Qwen/Qwen3-32B/TG/tensor_cache_bfp8/pb_rs_01_QKV_batched_0_2048_dtype_BFLOAT8_B_layout_TILE.tensorbin of shape Shape([1, 32, 64, 1280]), dtype BFLOAT8_B, layout TILE
2026-08-29 10:47:52.574 | DEBUG    | core:from_torch_and_dump:707 - Generating cache for /localdev/ctr-apbernal/tt_cache/Qwen/Qwen3-32B/TG/tensor_cache_bfp8/pb_rs_00_QKV_batched_0_2048_dtype_BFLOAT8_B_layout_TILE.tensorbin of shape Shape([1, 32, 64, 320]), dtype BFLOAT8_B, layout TILE
2026-08-29 10:47:52.603 | DEBUG    | core:from_torch_and_dump:707 - Generating cache for /localdev/ctr-apbernal/tt_cache/Qwen/Qwen3-32B/TG/tensor_cache_bfp8/pb_rs_01_FF1_batched_0_2048_dtype_BFLOAT8_B_layout_TILE.tensorbin of shape Shape([1, 32, 64, 3200]), dtype BFLOAT8_B, layout TILE
2026-08-29 10:47:52.616 | DEBUG    | core:from_torch_and_dump:707 - Generating cache for /localdev/ctr-apbernal/tt_cache/Qwen/Qwen3-32B/TG/tensor_cache_bfp8/pb_rs_00_FF1_batched_0_2048_dtype_BFLOAT8_B_layout_TILE.tensorbin of shape Shape([1, 32, 64, 800]), dtype BFLOAT8_B, layout TILE
2026-08-29 10:47:52.644 | DEBUG    | core:from_torch_and_dump:707 - Generating cache for /localdev/ctr-apbernal/tt_cache/Qwen/Qwen3-32B/TG/tensor_cache_bfp8/pb_rs_01_FF3_batched_0_2048_dtype_BFLOAT8_B_layout_TILE.tensorbin of shape Shape([1, 32, 64, 3200]), dtype BFLOAT8_B, layout TILE
2026-08-29 10:47:52.659 | DEBUG    | core:from_torch_and_dump:707 - Generating cache for /localdev/ctr-apbernal/tt_cache/Qwen/Qwen3-32B/TG/tensor_cache_bfp8/pb_rs_00_FF3_batched_0_2048_dtype_BFLOAT8_B_layout_TILE.tensorbin of shape Shape([1, 32, 64, 800]), dtype BFLOAT8_B, layout TILE
2026-08-29 10:47:52.672 | DEBUG    | core:from_torch_and_dump:707 - Generating cache for /localdev/ctr-apbernal/tt_cache/Qwen/Qwen3-32B/TG/tensor_cache_bfp8/pb_rs_01_FF2_batched_0_2048_dtype_BFLOAT8_B_layout_TILE.tensorbin of shape Shape([1, 32, 64, 1280]), dtype BFLOAT8_B, layout TILE
2026-08-29 10:47:52.677 | DEBUG    | core:from_torch_and_dump:707 - Generating cache for /localdev/ctr-apbernal/tt_cache/Qwen/Qwen3-32B/TG/tensor_cache_bfp8/pb_rs_00_FF2_batched_0_2048_dtype_BFLOAT8_B_layout_TILE.tensorbin of shape Shape([1, 32, 64, 160]), dtype BFLOAT8_B, layout TILE
2026-08-29 10:47:52.684 | DEBUG    | core:from_torch_and_dump:707 - Generating cache for /localdev/ctr-apbernal/tt_cache/Qwen/Qwen3-32B/TG/tensor_cache_bfp8/pb_rs_01_QKV_0_1024_dtype_BFLOAT8_B_layout_TILE.tensorbin of shape Shape([1, 1, 1024, 1280]), dtype BFLOAT8_B, layout TILE
2026-08-29 10:47:52.688 | DEBUG    | core:from_torch_and_dump:707 - Generating cache for /localdev/ctr-apbernal/tt_cache/Qwen/Qwen3-32B/TG/tensor_cache_bfp8/pb_rs_00_QKV_0_1024_dtype_BFLOAT8_B_layout_TILE.tensorbin of shape Shape([1, 1, 1024, 320]), dtype BFLOAT8_B, layout TILE
2026-08-29 10:47:52.704 | DEBUG    | core:from_torch_and_dump:707 - Generating cache for /localdev/ctr-apbernal/tt_cache/Qwen/Qwen3-32B/TG/tensor_cache_bfp8/pb_rs_01_FF1_0_1024_dtype_BFLOAT8_B_layout_TILE.tensorbin of shape Shape([1, 1, 1024, 3200]), dtype BFLOAT8_B, layout TILE
2026-08-29 10:47:52.711 | DEBUG    | core:from_torch_and_dump:707 - Generating cache for /localdev/ctr-apbernal/tt_cache/Qwen/Qwen3-32B/TG/tensor_cache_bfp8/pb_rs_00_FF1_0_1024_dtype_BFLOAT8_B_layout_TILE.tensorbin of shape Shape([1, 1, 1024, 800]), dtype BFLOAT8_B, layout TILE
2026-08-29 10:47:52.728 | DEBUG    | core:from_torch_and_dump:707 - Generating cache for /localdev/ctr-apbernal/tt_cache/Qwen/Qwen3-32B/TG/tensor_cache_bfp8/pb_rs_01_FF3_0_1024_dtype_BFLOAT8_B_layout_TILE.tensorbin of shape Shape([1, 1, 1024, 3200]), dtype BFLOAT8_B, layout TILE
2026-08-29 10:47:52.736 | DEBUG    | core:from_torch_and_dump:707 - Generating cache for /localdev/ctr-apbernal/tt_cache/Qwen/Qwen3-32B/TG/tensor_cache_bfp8/pb_rs_00_FF3_0_1024_dtype_BFLOAT8_B_layout_TILE.tensorbin of shape Shape([1, 1, 1024, 800]), dtype BFLOAT8_B, layout TILE
2026-08-29 10:47:52.743 | DEBUG    | core:from_torch_and_dump:707 - Generating cache for /localdev/ctr-apbernal/tt_cache/Qwen/Qwen3-32B/TG/tensor_cache_bfp8/pb_rs_01_FF2_0_1024_dtype_BFLOAT8_B_layout_TILE.tensorbin of shape Shape([1, 1, 1024, 1280]), dtype BFLOAT8_B, layout TILE
2026-08-29 10:47:52.745 | DEBUG    | core:from_torch_and_dump:707 - Generating cache for /localdev/ctr-apbernal/tt_cache/Qwen/Qwen3-32B/TG/tensor_cache_bfp8/pb_rs_00_FF2_0_1024_dtype_BFLOAT8_B_layout_TILE.tensorbin of shape Shape([1, 1, 1024, 160]), dtype BFLOAT8_B, layout TILE
2026-08-29 10:47:52.749 | DEBUG    | core:from_torch_and_dump:707 - Generating cache for /localdev/ctr-apbernal/tt_cache/Qwen/Qwen3-32B/TG/tensor_cache_bfp8/pb_rs_01_ATTN_REPLICATE_0_1024_dtype_BFLOAT8_B_layout_TILE.tensorbin of shape Shape([1, 1, 1024, 128]), dtype BFLOAT8_B, layout TILE
2026-08-29 10:47:52.752 | DEBUG    | core:from_torch_and_dump:707 - Generating cache for /localdev/ctr-apbernal/tt_cache/Qwen/Qwen3-32B/TG/tensor_cache_bfp8/pb_rs_00_ATTN_REPLICATE_0_1024_dtype_BFLOAT8_B_layout_TILE.tensorbin of shape Shape([1, 1, 1024, 32]), dtype BFLOAT8_B, layout TILE
2026-08-29 10:47:52.760 | DEBUG    | core:from_torch_and_dump:707 - Generating cache for /localdev/ctr-apbernal/tt_cache/Qwen/Qwen3-32B/TG/tensor_cache_bfp8/pb_rs_01_QKV_batched_0_1024_dtype_BFLOAT8_B_layout_TILE.tensorbin of shape Shape([1, 32, 32, 1280]), dtype BFLOAT8_B, layout TILE
2026-08-29 10:47:52.763 | DEBUG    | core:from_torch_and_dump:707 - Generating cache for /localdev/ctr-apbernal/tt_cache/Qwen/Qwen3-32B/TG/tensor_cache_bfp8/pb_rs_00_QKV_batched_0_1024_dtype_BFLOAT8_B_layout_TILE.tensorbin of shape Shape([1, 32, 32, 320]), dtype BFLOAT8_B, layout TILE
2026-08-29 10:47:52.779 | DEBUG    | core:from_torch_and_dump:707 - Generating cache for /localdev/ctr-apbernal/tt_cache/Qwen/Qwen3-32B/TG/tensor_cache_bfp8/pb_rs_01_FF1_batched_0_1024_dtype_BFLOAT8_B_layout_TILE.tensorbin of shape Shape([1, 32, 32, 3200]), dtype BFLOAT8_B, layout TILE
2026-08-29 10:47:52.785 | DEBUG    | core:from_torch_and_dump:707 - Generating cache for /localdev/ctr-apbernal/tt_cache/Qwen/Qwen3-32B/TG/tensor_cache_bfp8/pb_rs_00_FF1_batched_0_1024_dtype_BFLOAT8_B_layout_TILE.tensorbin of shape Shape([1, 32, 32, 800]), dtype BFLOAT8_B, layout TILE
2026-08-29 10:47:52.799 | DEBUG    | core:from_torch_and_dump:707 - Generating cache for /localdev/ctr-apbernal/tt_cache/Qwen/Qwen3-32B/TG/tensor_cache_bfp8/pb_rs_01_FF3_batched_0_1024_dtype_BFLOAT8_B_layout_TILE.tensorbin of shape Shape([1, 32, 32, 3200]), dtype BFLOAT8_B, layout TILE
2026-08-29 10:47:52.806 | DEBUG    | core:from_torch_and_dump:707 - Generating cache for /localdev/ctr-apbernal/tt_cache/Qwen/Qwen3-32B/TG/tensor_cache_bfp8/pb_rs_00_FF3_batched_0_1024_dtype_BFLOAT8_B_layout_TILE.tensorbin of shape Shape([1, 32, 32, 800]), dtype BFLOAT8_B, layout TILE
2026-08-29 10:47:52.813 | DEBUG    | core:from_torch_and_dump:707 - Generating cache for /localdev/ctr-apbernal/tt_cache/Qwen/Qwen3-32B/TG/tensor_cache_bfp8/pb_rs_01_FF2_batched_0_1024_dtype_BFLOAT8_B_layout_TILE.tensorbin of shape Shape([1, 32, 32, 1280]), dtype BFLOAT8_B, layout TILE
2026-08-29 10:47:52.815 | DEBUG    | core:from_torch_and_dump:707 - Generating cache for /localdev/ctr-apbernal/tt_cache/Qwen/Qwen3-32B/TG/tensor_cache_bfp8/pb_rs_00_FF2_batched_0_1024_dtype_BFLOAT8_B_layout_TILE.tensorbin of shape Shape([1, 32, 32, 160]), dtype BFLOAT8_B, layout TILE
2026-08-29 10:47:52.819 | DEBUG    | core:from_torch_and_dump:707 - Generating cache for /localdev/ctr-apbernal/tt_cache/Qwen/Qwen3-32B/TG/tensor_cache_bfp8/pb_rs_01_QKV_0_128_dtype_BFLOAT8_B_layout_TILE.tensorbin of shape Shape([1, 1, 128, 1280]), dtype BFLOAT8_B, layout TILE
2026-08-29 10:47:52.820 | DEBUG    | core:from_torch_and_dump:707 - Generating cache for /localdev/ctr-apbernal/tt_cache/Qwen/Qwen3-32B/TG/tensor_cache_bfp8/pb_rs_00_QKV_0_128_dtype_BFLOAT8_B_layout_TILE.tensorbin of shape Shape([1, 1, 128, 320]), dtype BFLOAT8_B, layout TILE
2026-08-29 10:47:52.822 | DEBUG    | core:from_torch_and_dump:707 - Generating cache for /localdev/ctr-apbernal/tt_cache/Qwen/Qwen3-32B/TG/tensor_cache_bfp8/pb_rs_01_FF1_0_128_dtype_BFLOAT8_B_layout_TILE.tensorbin of shape Shape([1, 1, 128, 3200]), dtype BFLOAT8_B, layout TILE
2026-08-29 10:47:52.823 | DEBUG    | core:from_torch_and_dump:707 - Generating cache for /localdev/ctr-apbernal/tt_cache/Qwen/Qwen3-32B/TG/tensor_cache_bfp8/pb_rs_00_FF1_0_128_dtype_BFLOAT8_B_layout_TILE.tensorbin of shape Shape([1, 1, 128, 800]), dtype BFLOAT8_B, layout TILE
2026-08-29 10:47:52.825 | DEBUG    | core:from_torch_and_dump:707 - Generating cache for /localdev/ctr-apbernal/tt_cache/Qwen/Qwen3-32B/TG/tensor_cache_bfp8/pb_rs_01_FF3_0_128_dtype_BFLOAT8_B_layout_TILE.tensorbin of shape Shape([1, 1, 128, 3200]), dtype BFLOAT8_B, layout TILE
2026-08-29 10:47:52.828 | DEBUG    | core:from_torch_and_dump:707 - Generating cache for /localdev/ctr-apbernal/tt_cache/Qwen/Qwen3-32B/TG/tensor_cache_bfp8/pb_rs_00_FF3_0_128_dtype_BFLOAT8_B_layout_TILE.tensorbin of shape Shape([1, 1, 128, 800]), dtype BFLOAT8_B, layout TILE
2026-08-29 10:47:52.831 | DEBUG    | core:from_torch_and_dump:707 - Generating cache for /localdev/ctr-apbernal/tt_cache/Qwen/Qwen3-32B/TG/tensor_cache_bfp8/pb_rs_01_FF2_0_128_dtype_BFLOAT8_B_layout_TILE.tensorbin of shape Shape([1, 1, 128, 1280]), dtype BFLOAT8_B, layout TILE
2026-08-29 10:47:52.834 | DEBUG    | core:from_torch_and_dump:707 - Generating cache for /localdev/ctr-apbernal/tt_cache/Qwen/Qwen3-32B/TG/tensor_cache_bfp8/pb_rs_00_FF2_0_128_dtype_BFLOAT8_B_layout_TILE.tensorbin of shape Shape([1, 1, 128, 160]), dtype BFLOAT8_B, layout TILE
2026-08-29 10:47:52.835 | DEBUG    | core:from_torch_and_dump:707 - Generating cache for /localdev/ctr-apbernal/tt_cache/Qwen/Qwen3-32B/TG/tensor_cache_bfp8/pb_rs_01_ATTN_REPLICATE_0_128_dtype_BFLOAT8_B_layout_TILE.tensorbin of shape Shape([1, 1, 128, 128]), dtype BFLOAT8_B, layout TILE
2026-08-29 10:47:52.835 | DEBUG    | core:from_torch_and_dump:707 - Generating cache for /localdev/ctr-apbernal/tt_cache/Qwen/Qwen3-32B/TG/tensor_cache_bfp8/pb_rs_00_ATTN_REPLICATE_0_128_dtype_BFLOAT8_B_layout_TILE.tensorbin of shape Shape([1, 1, 128, 32]), dtype BFLOAT8_B, layout TILE
2026-08-29 10:47:52.841 | DEBUG    | core:from_torch_and_dump:707 - Generating cache for /localdev/ctr-apbernal/tt_cache/Qwen/Qwen3-32B/TG/tensor_cache_bfp8/pb_rs_01_QKV_batched_0_128_dtype_BFLOAT8_B_layout_TILE.tensorbin of shape Shape([1, 32, 4, 1280]), dtype BFLOAT8_B, layout TILE
2026-08-29 10:47:52.844 | DEBUG    | core:from_torch_and_dump:707 - Generating cache for /localdev/ctr-apbernal/tt_cache/Qwen/Qwen3-32B/TG/tensor_cache_bfp8/pb_rs_00_QKV_batched_0_128_dtype_BFLOAT8_B_layout_TILE.tensorbin of shape Shape([1, 32, 4, 320]), dtype BFLOAT8_B, layout TILE
2026-08-29 10:47:52.862 | DEBUG    | core:from_torch_and_dump:707 - Generating cache for /localdev/ctr-apbernal/tt_cache/Qwen/Qwen3-32B/TG/tensor_cache_bfp8/pb_rs_01_FF1_batched_0_128_dtype_BFLOAT8_B_layout_TILE.tensorbin of shape Shape([1, 32, 4, 3200]), dtype BFLOAT8_B, layout TILE
2026-08-29 10:47:52.870 | DEBUG    | core:from_torch_and_dump:707 - Generating cache for /localdev/ctr-apbernal/tt_cache/Qwen/Qwen3-32B/TG/tensor_cache_bfp8/pb_rs_00_FF1_batched_0_128_dtype_BFLOAT8_B_layout_TILE.tensorbin of shape Shape([1, 32, 4, 800]), dtype BFLOAT8_B, layout TILE
2026-08-29 10:47:52.887 | DEBUG    | core:from_torch_and_dump:707 - Generating cache for /localdev/ctr-apbernal/tt_cache/Qwen/Qwen3-32B/TG/tensor_cache_bfp8/pb_rs_01_FF3_batched_0_128_dtype_BFLOAT8_B_layout_TILE.tensorbin of shape Shape([1, 32, 4, 3200]), dtype BFLOAT8_B, layout TILE
2026-08-29 10:47:52.895 | DEBUG    | core:from_torch_and_dump:707 - Generating cache for /localdev/ctr-apbernal/tt_cache/Qwen/Qwen3-32B/TG/tensor_cache_bfp8/pb_rs_00_FF3_batched_0_128_dtype_BFLOAT8_B_layout_TILE.tensorbin of shape Shape([1, 32, 4, 800]), dtype BFLOAT8_B, layout TILE
2026-08-29 10:47:52.905 | DEBUG    | core:from_torch_and_dump:707 - Generating cache for /localdev/ctr-apbernal/tt_cache/Qwen/Qwen3-32B/TG/tensor_cache_bfp8/pb_rs_01_FF2_batched_0_128_dtype_BFLOAT8_B_layout_TILE.tensorbin of shape Shape([1, 32, 4, 1280]), dtype BFLOAT8_B, layout TILE
2026-08-29 10:47:52.907 | DEBUG    | core:from_torch_and_dump:707 - Generating cache for /localdev/ctr-apbernal/tt_cache/Qwen/Qwen3-32B/TG/tensor_cache_bfp8/pb_rs_00_FF2_batched_0_128_dtype_BFLOAT8_B_layout_TILE.tensorbin of shape Shape([1, 32, 4, 160]), dtype BFLOAT8_B, layout TILE
2026-08-29 10:47:52.928 | DEBUG    | core:from_torch_and_dump:707 - Generating cache for /localdev/ctr-apbernal/tt_cache/Qwen/Qwen3-32B/TG/tensor_cache_bfp8/pb_ag_QKV4096_dtype_BFLOAT8_B_layout_TILE.tensorbin of shape Shape([1, 1, 4096, 1280]), dtype BFLOAT8_B, layout TILE
2026-08-29 10:47:52.942 | DEBUG    | core:from_torch_and_dump:707 - Generating cache for /localdev/ctr-apbernal/tt_cache/Qwen/Qwen3-32B/TG/tensor_cache_bfp8/pb_ag_SDPA4096_dtype_BFLOAT8_B_layout_TILE.tensorbin of shape Shape([1, 1, 2048, 1024]), dtype BFLOAT8_B, layout TILE
2026-08-29 10:47:52.955 | DEBUG    | core:from_torch_and_dump:707 - Generating cache for /localdev/ctr-apbernal/tt_cache/Qwen/Qwen3-32B/TG/tensor_cache_bfp8/pb_ag_SDPA_REVERSE4096_dtype_BFLOAT8_B_layout_TILE.tensorbin of shape Shape([1, 1, 2048, 1024]), dtype BFLOAT8_B, layout TILE
2026-08-29 10:47:53.223 | DEBUG    | core:from_torch_and_dump:707 - Generating cache for /localdev/ctr-apbernal/tt_cache/Qwen/Qwen3-32B/TG/tensor_cache_bfp8/pb_ag_WO_AG4096_dtype_BFLOAT8_B_layout_TILE.tensorbin of shape Shape([8, 1, 4096, 1280]), dtype BFLOAT8_B, layout TILE
2026-08-29 10:47:53.405 | DEBUG    | core:from_torch_and_dump:707 - Generating cache for /localdev/ctr-apbernal/tt_cache/Qwen/Qwen3-32B/TG/tensor_cache_bfp8/pb_ag_FF14096_dtype_BFLOAT8_B_layout_TILE.tensorbin of shape Shape([1, 1, 4096, 3200]), dtype BFLOAT8_B, layout TILE
2026-08-29 10:47:53.501 | DEBUG    | core:from_torch_and_dump:707 - Generating cache for /localdev/ctr-apbernal/tt_cache/Qwen/Qwen3-32B/TG/tensor_cache_bfp8/pb_ag_FF34096_dtype_BFLOAT8_B_layout_TILE.tensorbin of shape Shape([1, 1, 4096, 3200]), dtype BFLOAT8_B, layout TILE
2026-08-29 10:47:53.541 | DEBUG    | core:from_torch_and_dump:707 - Generating cache for /localdev/ctr-apbernal/tt_cache/Qwen/Qwen3-32B/TG/tensor_cache_bfp8/pb_ag_FF24096_dtype_BFLOAT8_B_layout_TILE.tensorbin of shape Shape([1, 1, 4096, 1280]), dtype BFLOAT8_B, layout TILE
2026-08-29 10:47:53.547 | DEBUG    | core:from_torch_and_dump:707 - Generating cache for /localdev/ctr-apbernal/tt_cache/Qwen/Qwen3-32B/TG/tensor_cache_bfp8/pb_ag_LAYERNORM4096_dtype_BFLOAT16_layout_TILE.tensorbin of shape Shape([1, 1, 4096, 128]), dtype BFLOAT16, layout TILE
2026-08-29 10:47:53.551 | DEBUG    | core:from_torch_and_dump:707 - Generating cache for /localdev/ctr-apbernal/tt_cache/Qwen/Qwen3-32B/TG/tensor_cache_bfp8/pb_ag_ATTN_REPLICATE4096_dtype_BFLOAT8_B_layout_TILE.tensorbin of shape Shape([1, 1, 4096, 128]), dtype BFLOAT8_B, layout TILE
2026-08-29 10:47:53.562 | DEBUG    | core:from_torch_and_dump:707 - Generating cache for /localdev/ctr-apbernal/tt_cache/Qwen/Qwen3-32B/TG/tensor_cache_bfp8/pb_ag_QKV2048_dtype_BFLOAT8_B_layout_TILE.tensorbin of shape Shape([1, 1, 2048, 1280]), dtype BFLOAT8_B, layout TILE
2026-08-29 10:47:53.570 | DEBUG    | core:from_torch_and_dump:707 - Generating cache for /localdev/ctr-apbernal/tt_cache/Qwen/Qwen3-32B/TG/tensor_cache_bfp8/pb_ag_SDPA2048_dtype_BFLOAT8_B_layout_TILE.tensorbin of shape Shape([1, 1, 1024, 1024]), dtype BFLOAT8_B, layout TILE
2026-08-29 10:47:53.576 | DEBUG    | core:from_torch_and_dump:707 - Generating cache for /localdev/ctr-apbernal/tt_cache/Qwen/Qwen3-32B/TG/tensor_cache_bfp8/pb_ag_SDPA_REVERSE2048_dtype_BFLOAT8_B_layout_TILE.tensorbin of shape Shape([1, 1, 1024, 1024]), dtype BFLOAT8_B, layout TILE
2026-08-29 10:47:53.711 | DEBUG    | core:from_torch_and_dump:707 - Generating cache for /localdev/ctr-apbernal/tt_cache/Qwen/Qwen3-32B/TG/tensor_cache_bfp8/pb_ag_WO_AG2048_dtype_BFLOAT8_B_layout_TILE.tensorbin of shape Shape([8, 1, 2048, 1280]), dtype BFLOAT8_B, layout TILE
2026-08-29 10:47:53.771 | DEBUG    | core:from_torch_and_dump:707 - Generating cache for /localdev/ctr-apbernal/tt_cache/Qwen/Qwen3-32B/TG/tensor_cache_bfp8/pb_ag_FF12048_dtype_BFLOAT8_B_layout_TILE.tensorbin of shape Shape([1, 1, 2048, 3200]), dtype BFLOAT8_B, layout TILE
2026-08-29 10:47:53.815 | DEBUG    | core:from_torch_and_dump:707 - Generating cache for /localdev/ctr-apbernal/tt_cache/Qwen/Qwen3-32B/TG/tensor_cache_bfp8/pb_ag_FF32048_dtype_BFLOAT8_B_layout_TILE.tensorbin of shape Shape([1, 1, 2048, 3200]), dtype BFLOAT8_B, layout TILE
2026-08-29 10:47:53.832 | DEBUG    | core:from_torch_and_dump:707 - Generating cache for /localdev/ctr-apbernal/tt_cache/Qwen/Qwen3-32B/TG/tensor_cache_bfp8/pb_ag_FF22048_dtype_BFLOAT8_B_layout_TILE.tensorbin of shape Shape([1, 1, 2048, 1280]), dtype BFLOAT8_B, layout TILE
2026-08-29 10:47:53.835 | DEBUG    | core:from_torch_and_dump:707 - Generating cache for /localdev/ctr-apbernal/tt_cache/Qwen/Qwen3-32B/TG/tensor_cache_bfp8/pb_ag_LAYERNORM2048_dtype_BFLOAT16_layout_TILE.tensorbin of shape Shape([1, 1, 2048, 128]), dtype BFLOAT16, layout TILE
2026-08-29 10:47:53.849 | DEBUG    | core:from_torch_and_dump:707 - Generating cache for /localdev/ctr-apbernal/tt_cache/Qwen/Qwen3-32B/TG/tensor_cache_bfp8/pb_ag_ATTN_REPLICATE2048_dtype_BFLOAT8_B_layout_TILE.tensorbin of shape Shape([1, 1, 2048, 128]), dtype BFLOAT8_B, layout TILE
2026-08-29 10:47:53.857 | DEBUG    | core:from_torch_and_dump:707 - Generating cache for /localdev/ctr-apbernal/tt_cache/Qwen/Qwen3-32B/TG/tensor_cache_bfp8/pb_ag_QKV1024_dtype_BFLOAT8_B_layout_TILE.tensorbin of shape Shape([1, 1, 1024, 1280]), dtype BFLOAT8_B, layout TILE
2026-08-29 10:47:53.861 | DEBUG    | core:from_torch_and_dump:707 - Generating cache for /localdev/ctr-apbernal/tt_cache/Qwen/Qwen3-32B/TG/tensor_cache_bfp8/pb_ag_SDPA1024_dtype_BFLOAT8_B_layout_TILE.tensorbin of shape Shape([1, 1, 512, 1024]), dtype BFLOAT8_B, layout TILE
2026-08-29 10:47:53.865 | DEBUG    | core:from_torch_and_dump:707 - Generating cache for /localdev/ctr-apbernal/tt_cache/Qwen/Qwen3-32B/TG/tensor_cache_bfp8/pb_ag_SDPA_REVERSE1024_dtype_BFLOAT8_B_layout_TILE.tensorbin of shape Shape([1, 1, 512, 1024]), dtype BFLOAT8_B, layout TILE
2026-08-29 10:47:53.927 | DEBUG    | core:from_torch_and_dump:707 - Generating cache for /localdev/ctr-apbernal/tt_cache/Qwen/Qwen3-32B/TG/tensor_cache_bfp8/pb_ag_WO_AG1024_dtype_BFLOAT8_B_layout_TILE.tensorbin of shape Shape([8, 1, 1024, 1280]), dtype BFLOAT8_B, layout TILE
2026-08-29 10:47:53.952 | DEBUG    | core:from_torch_and_dump:707 - Generating cache for /localdev/ctr-apbernal/tt_cache/Qwen/Qwen3-32B/TG/tensor_cache_bfp8/pb_ag_FF11024_dtype_BFLOAT8_B_layout_TILE.tensorbin of shape Shape([1, 1, 1024, 3200]), dtype BFLOAT8_B, layout TILE
2026-08-29 10:47:53.971 | DEBUG    | core:from_torch_and_dump:707 - Generating cache for /localdev/ctr-apbernal/tt_cache/Qwen/Qwen3-32B/TG/tensor_cache_bfp8/pb_ag_FF31024_dtype_BFLOAT8_B_layout_TILE.tensorbin of shape Shape([1, 1, 1024, 3200]), dtype BFLOAT8_B, layout TILE
2026-08-29 10:47:53.981 | DEBUG    | core:from_torch_and_dump:707 - Generating cache for /localdev/ctr-apbernal/tt_cache/Qwen/Qwen3-32B/TG/tensor_cache_bfp8/pb_ag_FF21024_dtype_BFLOAT8_B_layout_TILE.tensorbin of shape Shape([1, 1, 1024, 1280]), dtype BFLOAT8_B, layout TILE
2026-08-29 10:47:53.989 | DEBUG    | core:from_torch_and_dump:707 - Generating cache for /localdev/ctr-apbernal/tt_cache/Qwen/Qwen3-32B/TG/tensor_cache_bfp8/pb_ag_LAYERNORM1024_dtype_BFLOAT16_layout_TILE.tensorbin of shape Shape([1, 1, 1024, 128]), dtype BFLOAT16, layout TILE
2026-08-29 10:47:53.993 | DEBUG    | core:from_torch_and_dump:707 - Generating cache for /localdev/ctr-apbernal/tt_cache/Qwen/Qwen3-32B/TG/tensor_cache_bfp8/pb_ag_ATTN_REPLICATE1024_dtype_BFLOAT8_B_layout_TILE.tensorbin of shape Shape([1, 1, 1024, 128]), dtype BFLOAT8_B, layout TILE
2026-08-29 10:47:53.997 | DEBUG    | core:from_torch_and_dump:707 - Generating cache for /localdev/ctr-apbernal/tt_cache/Qwen/Qwen3-32B/TG/tensor_cache_bfp8/pb_ag_QKV128_dtype_BFLOAT8_B_layout_TILE.tensorbin of shape Shape([1, 1, 128, 1280]), dtype BFLOAT8_B, layout TILE
2026-08-29 10:47:54.001 | DEBUG    | core:from_torch_and_dump:707 - Generating cache for /localdev/ctr-apbernal/tt_cache/Qwen/Qwen3-32B/TG/tensor_cache_bfp8/pb_ag_SDPA128_dtype_BFLOAT8_B_layout_TILE.tensorbin of shape Shape([1, 1, 64, 1024]), dtype BFLOAT8_B, layout TILE
2026-08-29 10:47:54.004 | DEBUG    | core:from_torch_and_dump:707 - Generating cache for /localdev/ctr-apbernal/tt_cache/Qwen/Qwen3-32B/TG/tensor_cache_bfp8/pb_ag_SDPA_REVERSE128_dtype_BFLOAT8_B_layout_TILE.tensorbin of shape Shape([1, 1, 64, 1024]), dtype BFLOAT8_B, layout TILE
2026-08-29 10:47:54.012 | DEBUG    | core:from_torch_and_dump:707 - Generating cache for /localdev/ctr-apbernal/tt_cache/Qwen/Qwen3-32B/TG/tensor_cache_bfp8/pb_ag_WO_AG128_dtype_BFLOAT8_B_layout_TILE.tensorbin of shape Shape([8, 1, 128, 1280]), dtype BFLOAT8_B, layout TILE
2026-08-29 10:47:54.017 | DEBUG    | core:from_torch_and_dump:707 - Generating cache for /localdev/ctr-apbernal/tt_cache/Qwen/Qwen3-32B/TG/tensor_cache_bfp8/pb_ag_FF1128_dtype_BFLOAT8_B_layout_TILE.tensorbin of shape Shape([1, 1, 128, 3200]), dtype BFLOAT8_B, layout TILE
2026-08-29 10:47:54.020 | DEBUG    | core:from_torch_and_dump:707 - Generating cache for /localdev/ctr-apbernal/tt_cache/Qwen/Qwen3-32B/TG/tensor_cache_bfp8/pb_ag_FF3128_dtype_BFLOAT8_B_layout_TILE.tensorbin of shape Shape([1, 1, 128, 3200]), dtype BFLOAT8_B, layout TILE
2026-08-29 10:47:54.023 | DEBUG    | core:from_torch_and_dump:707 - Generating cache for /localdev/ctr-apbernal/tt_cache/Qwen/Qwen3-32B/TG/tensor_cache_bfp8/pb_ag_FF2128_dtype_BFLOAT8_B_layout_TILE.tensorbin of shape Shape([1, 1, 128, 1280]), dtype BFLOAT8_B, layout TILE
2026-08-29 10:47:54.024 | DEBUG    | core:from_torch_and_dump:707 - Generating cache for /localdev/ctr-apbernal/tt_cache/Qwen/Qwen3-32B/TG/tensor_cache_bfp8/pb_ag_LAYERNORM128_dtype_BFLOAT16_layout_TILE.tensorbin of shape Shape([1, 1, 128, 128]), dtype BFLOAT16, layout TILE
2026-08-29 10:47:54.024 | DEBUG    | core:from_torch_and_dump:707 - Generating cache for /localdev/ctr-apbernal/tt_cache/Qwen/Qwen3-32B/TG/tensor_cache_bfp8/pb_ag_ATTN_REPLICATE128_dtype_BFLOAT8_B_layout_TILE.tensorbin of shape Shape([1, 1, 128, 128]), dtype BFLOAT8_B, layout TILE
2026-08-29 10:47:54.036 | DEBUG    | core:from_torch_and_dump:707 - Generating cache for /localdev/ctr-apbernal/tt_cache/Qwen/Qwen3-32B/TG/tensor_cache_bfp8/pb_ag_LM_HEAD_32_dtype_BFLOAT8_B_layout_TILE.tensorbin of shape Shape([4, 1, 32, 19456]), dtype BFLOAT8_B, layout TILE
2026-08-29 10:47:54.060 | DEBUG    | core:from_torch_and_dump:707 - Generating cache for /localdev/ctr-apbernal/tt_cache/Qwen/Qwen3-32B/TG/tensor_cache_bfp8/pb_ag_SAMPLING_32_dtype_BFLOAT8_B_layout_TILE.tensorbin of shape Shape([1, 1, 32, 155648]), dtype BFLOAT8_B, layout TILE
2026-08-29 10:47:54.065 | INFO     | models.demos.llama3_70b_galaxy.demo.text_qwen_demo:test_qwen_demo_text:681 - Model loaded with 64 layers
Could not cache non-existence of file. Will ignore error and continue. Error: [Errno 13] Permission denied: '/localdev/ctr-apbernal/hf_data/hub/models--Qwen--Qwen3-32B/.no_exist'
Could not cache non-existence of file. Will ignore error and continue. Error: [Errno 13] Permission denied: '/localdev/ctr-apbernal/hf_data/hub/models--Qwen--Qwen3-32B/.no_exist'
Could not cache non-existence of file. Will ignore error and continue. Error: [Errno 13] Permission denied: '/localdev/ctr-apbernal/hf_data/hub/models--Qwen--Qwen3-32B/.no_exist'
2026-08-29 10:47:55.201 | INFO     | models.demos.llama3_70b_galaxy.demo.text_qwen_demo:test_qwen_demo_text:695 - Starting inference...
2026-08-29 10:47:55.201 | INFO     | models.demos.llama3_70b_galaxy.demo.text_qwen_demo:test_qwen_demo_text:697 - Processing batch 0
2026-08-29 10:47:55.226 | INFO     | models.tt_transformers.tt.common:preprocess_inputs_prefill:274 - Encoded prompt lengths:118, 118, 118, 118, 118, 118, 118, 118, 118, 118, 118, 118, 118, 118, 118, 118, 118, 118, 118, 118, 118, 118, 118, 118, 118, 118, 118, 118, 118, 118, 118, 118
2026-08-29 10:47:55.226 | INFO     | models.tt_transformers.tt.common:preprocess_inputs_prefill:341 - # of users: 32
2026-08-29 10:47:55.227 | INFO     | models.demos.llama3_70b_galaxy.demo.text_qwen_demo:test_qwen_demo_text:773 - Starting prefill warmup...
2026-08-29 10:47:55.227 | INFO     | models.demos.llama3_70b_galaxy.tt.generator:prefill_warmup:256 - Warming up prefill for all supported sequence lengths up to max sequence length
2026-08-29 10:47:55.227 | INFO     | models.demos.llama3_70b_galaxy.tt.generator:prefill_warmup:270 - Running warmup prefill for sequence length: 128, batch size: 1
2026-08-29 10:47:55.227 | INFO     | models.demos.llama3_70b_galaxy.tt.generator:prefill_warmup:296 - Warming up prefill sequence length: 128 for batch size: 1 with sampling params: SamplingParams(temperature=[1.0], top_k=[10], top_p=[0.9], presence_penalty=[1.2], frequency_penalty=[1.2], repetition_penalty=[1.5], seed=None, enable_log_probs=[True], num_logprobs=0)
2026-08-29 10:47:55.227 | INFO     | models.demos.llama3_70b_galaxy.tt.generator:prefill_forward_text:551 - Prefilling User 0, use_batched_prefill: False, prompt_lens: 128, prefill_seq_len: 128, num_cached_tokens: 0
2026-08-29 10:47:57.867 | info     |           Metal | Finalize dfb: dfb_offset == base_offset: 80, dfb size: 32, return value: 112 (dataflow_buffer.cpp:1656)
2026-08-29 10:47:57.867 | info     |           Metal | Finalize dfb: dfb_offset == base_offset: 0, dfb size: 0, return value: 0 (dataflow_buffer.cpp:1656)
2026-08-29 10:47:57.867 | info     |           Metal | Finalize dfb: dfb_offset == base_offset: 0, dfb size: 0, return value: 0 (dataflow_buffer.cpp:1656)
2026-08-29 10:48:08.116 | info     |           Metal | Finalize dfb: dfb_offset == base_offset: 80, dfb size: 32, return value: 112 (dataflow_buffer.cpp:1656)
2026-08-29 10:48:08.116 | info     |           Metal | Finalize dfb: dfb_offset == base_offset: 0, dfb size: 0, return value: 0 (dataflow_buffer.cpp:1656)
2026-08-29 10:48:08.116 | info     |           Metal | Finalize dfb: dfb_offset == base_offset: 0, dfb size: 0, return value: 0 (dataflow_buffer.cpp:1656)
2026-08-29 10:48:11.764 | warning  |              Op | rotary_embedding_llama sequence tile coverage mismatch: input_Ht=4, cos_Ht=4096, sin_Ht=4096, rotary_Ht=4. Tiles beyond rotary_Ht will be zero-filled in the output. (rotary_embedding_llama_multi_core_program_factory.cpp:62)
2026-08-29 10:48:11.860 | info     |           Metal | Finalize dfb: dfb_offset == base_offset: 144, dfb size: 144, return value: 288 (dataflow_buffer.cpp:1656)
2026-08-29 10:48:11.860 | info     |           Metal | Finalize dfb: dfb_offset == base_offset: 0, dfb size: 0, return value: 0 (dataflow_buffer.cpp:1656)
2026-08-29 10:48:11.860 | info     |           Metal | Finalize dfb: dfb_offset == base_offset: 0, dfb size: 0, return value: 0 (dataflow_buffer.cpp:1656)
2026-08-29 10:48:11.870 | info     |           Metal | Finalize dfb: dfb_offset == base_offset: 80, dfb size: 32, return value: 112 (dataflow_buffer.cpp:1656)
2026-08-29 10:48:11.870 | info     |           Metal | Finalize dfb: dfb_offset == base_offset: 0, dfb size: 0, return value: 0 (dataflow_buffer.cpp:1656)
2026-08-29 10:48:11.870 | info     |           Metal | Finalize dfb: dfb_offset == base_offset: 0, dfb size: 0, return value: 0 (dataflow_buffer.cpp:1656)
2026-08-29 10:48:11.879 | warning  |              Op | rotary_embedding_llama sequence tile coverage mismatch: input_Ht=4, cos_Ht=4096, sin_Ht=4096, rotary_Ht=4. Tiles beyond rotary_Ht will be zero-filled in the output. (rotary_embedding_llama_multi_core_program_factory.cpp:62)
2026-08-29 10:48:11.954 | info     |           Metal | Finalize dfb: dfb_offset == base_offset: 144, dfb size: 144, return value: 288 (dataflow_buffer.cpp:1656)
2026-08-29 10:48:11.954 | info     |           Metal | Finalize dfb: dfb_offset == base_offset: 0, dfb size: 0, return value: 0 (dataflow_buffer.cpp:1656)
2026-08-29 10:48:11.954 | info     |           Metal | Finalize dfb: dfb_offset == base_offset: 0, dfb size: 0, return value: 0 (dataflow_buffer.cpp:1656)
2026-08-29 10:48:12.027 | info     |           Metal | Finalize dfb: dfb_offset == base_offset: 80, dfb size: 32, return value: 112 (dataflow_buffer.cpp:1656)
2026-08-29 10:48:12.027 | info     |           Metal | Finalize dfb: dfb_offset == base_offset: 0, dfb size: 0, return value: 0 (dataflow_buffer.cpp:1656)
2026-08-29 10:48:12.027 | info     |           Metal | Finalize dfb: dfb_offset == base_offset: 0, dfb size: 0, return value: 0 (dataflow_buffer.cpp:1656)
2026-08-29 10:48:12.097 | info     |           Metal | Finalize dfb: dfb_offset == base_offset: 80, dfb size: 32, return value: 112 (dataflow_buffer.cpp:1656)
2026-08-29 10:48:12.097 | info     |           Metal | Finalize dfb: dfb_offset == base_offset: 0, dfb size: 0, return value: 0 (dataflow_buffer.cpp:1656)
2026-08-29 10:48:12.097 | info     |           Metal | Finalize dfb: dfb_offset == base_offset: 0, dfb size: 0, return value: 0 (dataflow_buffer.cpp:1656)
2026-08-29 10:48:12.168 | info     |           Metal | Finalize dfb: dfb_offset == base_offset: 80, dfb size: 32, return value: 112 (dataflow_buffer.cpp:1656)
2026-08-29 10:48:12.168 | info     |           Metal | Finalize dfb: dfb_offset == base_offset: 0, dfb size: 0, return value: 0 (dataflow_buffer.cpp:1656)
2026-08-29 10:48:12.168 | info     |           Metal | Finalize dfb: dfb_offset == base_offset: 0, dfb size: 0, return value: 0 (dataflow_buffer.cpp:1656)
2026-08-29 10:48:45.842 | INFO     | models.demos.llama3_70b_galaxy.tt.generator:_capture_trace_prefill:1135 - Done Compiling Model
2026-08-29 10:48:47.054 | INFO     | models.demos.llama3_70b_galaxy.tt.generator:_capture_trace_prefill:1175 - Done Capturing Prefill Trace
2026-08-29 10:48:47.055 | INFO     | models.demos.llama3_70b_galaxy.tt.generator:_easy_trace_prefill:1042 - Executing prefill trace
2026-08-29 10:48:47.057 | warning  |           Metal | Allocating device buffers is unsafe due to the existence of an active trace. These buffers may be corrupted once a trace is executed. (allocator.cpp:123)
2026-08-29 10:49:12.818 | INFO     | models.demos.llama3_70b_galaxy.tt.prefetcher_common:__init__:33 - Running TtLlamaPrefetcherSetup
2026-08-29 10:49:13.137 | info     |           Metal | Finalize dfb: dfb_offset == base_offset: 80, dfb size: 32, return value: 112 (dataflow_buffer.cpp:1656)
2026-08-29 10:49:13.137 | info     |           Metal | Finalize dfb: dfb_offset == base_offset: 0, dfb size: 0, return value: 0 (dataflow_buffer.cpp:1656)
2026-08-29 10:49:13.137 | info     |           Metal | Finalize dfb: dfb_offset == base_offset: 0, dfb size: 0, return value: 0 (dataflow_buffer.cpp:1656)
2026-08-29 10:49:13.338 | info     |           Metal | Finalize dfb: dfb_offset == base_offset: 80, dfb size: 32, return value: 112 (dataflow_buffer.cpp:1656)
2026-08-29 10:49:13.338 | info     |           Metal | Finalize dfb: dfb_offset == base_offset: 0, dfb size: 0, return value: 0 (dataflow_buffer.cpp:1656)
2026-08-29 10:49:13.338 | info     |           Metal | Finalize dfb: dfb_offset == base_offset: 0, dfb size: 0, return value: 0 (dataflow_buffer.cpp:1656)
2026-08-29 10:49:14.011 | info     |           Metal | Finalize dfb: dfb_offset == base_offset: 80, dfb size: 32, return value: 112 (dataflow_buffer.cpp:1656)
2026-08-29 10:49:14.011 | info     |           Metal | Finalize dfb: dfb_offset == base_offset: 0, dfb size: 0, return value: 0 (dataflow_buffer.cpp:1656)
2026-08-29 10:49:14.011 | info     |           Metal | Finalize dfb: dfb_offset == base_offset: 0, dfb size: 0, return value: 0 (dataflow_buffer.cpp:1656)
2026-08-29 10:49:20.642 | info     |           Metal | Finalize dfb: dfb_offset == base_offset: 80, dfb size: 32, return value: 112 (dataflow_buffer.cpp:1656)
2026-08-29 10:49:20.642 | info     |           Metal | Finalize dfb: dfb_offset == base_offset: 0, dfb size: 0, return value: 0 (dataflow_buffer.cpp:1656)
2026-08-29 10:49:20.642 | info     |           Metal | Finalize dfb: dfb_offset == base_offset: 0, dfb size: 0, return value: 0 (dataflow_buffer.cpp:1656)
2026-08-29 10:49:28.813 | info     |           Metal | Finalize dfb: dfb_offset == base_offset: 80, dfb size: 32, return value: 112 (dataflow_buffer.cpp:1656)
2026-08-29 10:49:28.813 | info     |           Metal | Finalize dfb: dfb_offset == base_offset: 0, dfb size: 0, return value: 0 (dataflow_buffer.cpp:1656)
2026-08-29 10:49:28.813 | info     |           Metal | Finalize dfb: dfb_offset == base_offset: 0, dfb size: 0, return value: 0 (dataflow_buffer.cpp:1656)
2026-08-29 10:49:31.834 | info     |           Metal | Finalize dfb: dfb_offset == base_offset: 80, dfb size: 32, return value: 112 (dataflow_buffer.cpp:1656)
2026-08-29 10:49:31.834 | info     |           Metal | Finalize dfb: dfb_offset == base_offset: 0, dfb size: 0, return value: 0 (dataflow_buffer.cpp:1656)
2026-08-29 10:49:31.834 | info     |           Metal | Finalize dfb: dfb_offset == base_offset: 0, dfb size: 0, return value: 0 (dataflow_buffer.cpp:1656)
2026-08-29 10:49:37.589 | info     |           Metal | Finalize dfb: dfb_offset == base_offset: 144, dfb size: 64, return value: 208 (dataflow_buffer.cpp:1656)
2026-08-29 10:49:37.589 | info     |           Metal | Finalize dfb: dfb_offset == base_offset: 0, dfb size: 0, return value: 0 (dataflow_buffer.cpp:1656)
2026-08-29 10:49:37.589 | info     |           Metal | Finalize dfb: dfb_offset == base_offset: 0, dfb size: 0, return value: 0 (dataflow_buffer.cpp:1656)
2026-08-29 10:49:40.178 | INFO     | models.demos.llama3_70b_galaxy.tt.generator:prefill_forward_text:851 - Finished prefill for all users up to 128 tokens.
2026-08-29 10:49:40.178 | INFO     | models.demos.llama3_70b_galaxy.tt.generator:prefill_warmup:296 - Warming up prefill sequence length: 128 for batch size: 1 with sampling params: SamplingParams(temperature=[1.0], top_k=[10], top_p=[0.9], presence_penalty=[1.2], frequency_penalty=[1.2], repetition_penalty=[1.5], seed=None, enable_log_probs=[False], num_logprobs=0)
2026-08-29 10:49:40.178 | INFO     | models.demos.llama3_70b_galaxy.tt.prefetcher_common:__init__:33 - Running TtLlamaPrefetcherSetup
2026-08-29 10:49:40.179 | INFO     | models.demos.llama3_70b_galaxy.tt.generator:prefill_forward_text:551 - Prefilling User 0, use_batched_prefill: False, prompt_lens: 128, prefill_seq_len: 128, num_cached_tokens: 0
2026-08-29 10:49:40.179 | INFO     | models.demos.llama3_70b_galaxy.tt.generator:_easy_trace_prefill:1042 - Executing prefill trace
2026-08-29 10:49:40.189 | INFO     | models.demos.llama3_70b_galaxy.tt.prefetcher_common:__init__:33 - Running TtLlamaPrefetcherSetup
2026-08-29 10:49:40.251 | INFO     | models.demos.llama3_70b_galaxy.tt.generator:prefill_forward_text:851 - Finished prefill for all users up to 128 tokens.
2026-08-29 10:49:40.251 | INFO     | models.demos.llama3_70b_galaxy.tt.generator:prefill_warmup:296 - Warming up prefill sequence length: 128 for batch size: 1 with sampling params: SamplingParams(temperature=[1.0], top_k=[10], top_p=[0.9], presence_penalty=None, frequency_penalty=None, repetition_penalty=None, seed=None, enable_log_probs=[True], num_logprobs=0)
2026-08-29 10:49:40.251 | INFO     | models.demos.llama3_70b_galaxy.tt.prefetcher_common:__init__:33 - Running TtLlamaPrefetcherSetup
2026-08-29 10:49:40.252 | INFO     | models.demos.llama3_70b_galaxy.tt.generator:prefill_forward_text:551 - Prefilling User 0, use_batched_prefill: False, prompt_lens: 128, prefill_seq_len: 128, num_cached_tokens: 0
2026-08-29 10:49:40.252 | INFO     | models.demos.llama3_70b_galaxy.tt.generator:_easy_trace_prefill:1042 - Executing prefill trace
2026-08-29 10:49:40.262 | INFO     | models.demos.llama3_70b_galaxy.tt.prefetcher_common:__init__:33 - Running TtLlamaPrefetcherSetup
2026-08-29 10:49:40.317 | INFO     | models.demos.llama3_70b_galaxy.tt.generator:prefill_forward_text:851 - Finished prefill for all users up to 128 tokens.
2026-08-29 10:49:40.318 | INFO     | models.demos.llama3_70b_galaxy.tt.generator:prefill_warmup:296 - Warming up prefill sequence length: 128 for batch size: 1 with sampling params: SamplingParams(temperature=[1.0], top_k=[10], top_p=[0.9], presence_penalty=None, frequency_penalty=None, repetition_penalty=None, seed=None, enable_log_probs=[False], num_logprobs=0)
2026-08-29 10:49:40.318 | INFO     | models.demos.llama3_70b_galaxy.tt.prefetcher_common:__init__:33 - Running TtLlamaPrefetcherSetup
2026-08-29 10:49:40.319 | INFO     | models.demos.llama3_70b_galaxy.tt.generator:prefill_forward_text:551 - Prefilling User 0, use_batched_prefill: False, prompt_lens: 128, prefill_seq_len: 128, num_cached_tokens: 0
2026-08-29 10:49:40.319 | INFO     | models.demos.llama3_70b_galaxy.tt.generator:_easy_trace_prefill:1042 - Executing prefill trace
2026-08-29 10:49:40.328 | INFO     | models.demos.llama3_70b_galaxy.tt.prefetcher_common:__init__:33 - Running TtLlamaPrefetcherSetup
2026-08-29 10:49:40.368 | INFO     | models.demos.llama3_70b_galaxy.tt.generator:prefill_forward_text:851 - Finished prefill for all users up to 128 tokens.
2026-08-29 10:49:40.369 | INFO     | models.demos.llama3_70b_galaxy.tt.generator:prefill_warmup:296 - Warming up prefill sequence length: 128 for batch size: 1 with sampling params: SamplingParams(temperature=[0.0], top_k=[1], top_p=[1.0], presence_penalty=0.0, frequency_penalty=0.0, repetition_penalty=1.0, seed=None, enable_log_probs=False, num_logprobs=0)
2026-08-29 10:49:40.369 | INFO     | models.demos.llama3_70b_galaxy.tt.prefetcher_common:__init__:33 - Running TtLlamaPrefetcherSetup
2026-08-29 10:49:40.370 | INFO     | models.demos.llama3_70b_galaxy.tt.generator:prefill_forward_text:551 - Prefilling User 0, use_batched_prefill: False, prompt_lens: 128, prefill_seq_len: 128, num_cached_tokens: 0
2026-08-29 10:49:40.370 | INFO     | models.demos.llama3_70b_galaxy.tt.generator:_easy_trace_prefill:1042 - Executing prefill trace
2026-08-29 10:49:40.379 | INFO     | models.demos.llama3_70b_galaxy.tt.prefetcher_common:__init__:33 - Running TtLlamaPrefetcherSetup
2026-08-29 10:49:40.420 | INFO     | models.demos.llama3_70b_galaxy.tt.generator:prefill_forward_text:851 - Finished prefill for all users up to 128 tokens.
2026-08-29 10:49:40.420 | INFO     | models.demos.llama3_70b_galaxy.tt.generator:prefill_warmup:296 - Warming up prefill sequence length: 128 for batch size: 1 with sampling params: None
2026-08-29 10:49:40.420 | INFO     | models.demos.llama3_70b_galaxy.tt.prefetcher_common:__init__:33 - Running TtLlamaPrefetcherSetup
2026-08-29 10:49:40.421 | INFO     | models.demos.llama3_70b_galaxy.tt.generator:prefill_forward_text:551 - Prefilling User 0, use_batched_prefill: False, prompt_lens: 128, prefill_seq_len: 128, num_cached_tokens: 0
2026-08-29 10:49:40.421 | INFO     | models.demos.llama3_70b_galaxy.tt.generator:_easy_trace_prefill:1042 - Executing prefill trace
2026-08-29 10:49:50.725 | INFO     | models.demos.llama3_70b_galaxy.tt.generator:prefill_warmup:270 - Running warmup prefill for sequence length: 128, batch size: 32
2026-08-29 10:49:50.725 | INFO     | models.demos.llama3_70b_galaxy.tt.generator:prefill_warmup:296 - Warming up prefill sequence length: 128 for batch size: 32 with sampling params: None
2026-08-29 10:49:50.725 | INFO     | models.demos.llama3_70b_galaxy.tt.generator:prefill_forward_text:551 - Prefilling User [0, 1, 2, 3, 4, 5, 6, 7, 8, 9, 10, 11, 12, 13, 14, 15, 16, 17, 18, 19, 20, 21, 22, 23, 24, 25, 26, 27, 28, 29, 30, 31], use_batched_prefill: True, prompt_lens: [128, 128, 128, 128, 128, 128, 128, 128, 128, 128, 128, 128, 128, 128, 128, 128, 128, 128, 128, 128, 128, 128, 128, 128, 128, 128, 128, 128, 128, 128, 128, 128], prefill_seq_len: 128, num_cached_tokens: 0
2026-08-29 10:49:55.812 | info     |           Metal | Finalize dfb: dfb_offset == base_offset: 80, dfb size: 32, return value: 112 (dataflow_buffer.cpp:1656)
2026-08-29 10:49:55.812 | info     |           Metal | Finalize dfb: dfb_offset == base_offset: 0, dfb size: 0, return value: 0 (dataflow_buffer.cpp:1656)
2026-08-29 10:49:55.812 | info     |           Metal | Finalize dfb: dfb_offset == base_offset: 0, dfb size: 0, return value: 0 (dataflow_buffer.cpp:1656)
2026-08-29 10:50:00.201 | info     |           Metal | Finalize dfb: dfb_offset == base_offset: 80, dfb size: 32, return value: 112 (dataflow_buffer.cpp:1656)
2026-08-29 10:50:00.201 | info     |           Metal | Finalize dfb: dfb_offset == base_offset: 0, dfb size: 0, return value: 0 (dataflow_buffer.cpp:1656)
2026-08-29 10:50:00.201 | info     |           Metal | Finalize dfb: dfb_offset == base_offset: 0, dfb size: 0, return value: 0 (dataflow_buffer.cpp:1656)
2026-08-29 10:50:00.247 | warning  |              Op | rotary_embedding_llama sequence tile coverage mismatch: input_Ht=4, cos_Ht=4096, sin_Ht=4096, rotary_Ht=4. Tiles beyond rotary_Ht will be zero-filled in the output. (rotary_embedding_llama_multi_core_program_factory.cpp:62)
2026-08-29 10:50:00.324 | info     |           Metal | Finalize dfb: dfb_offset == base_offset: 144, dfb size: 144, return value: 288 (dataflow_buffer.cpp:1656)
2026-08-29 10:50:00.324 | info     |           Metal | Finalize dfb: dfb_offset == base_offset: 0, dfb size: 0, return value: 0 (dataflow_buffer.cpp:1656)
2026-08-29 10:50:00.324 | info     |           Metal | Finalize dfb: dfb_offset == base_offset: 0, dfb size: 0, return value: 0 (dataflow_buffer.cpp:1656)
2026-08-29 10:50:00.397 | info     |           Metal | Finalize dfb: dfb_offset == base_offset: 80, dfb size: 32, return value: 112 (dataflow_buffer.cpp:1656)
2026-08-29 10:50:00.397 | info     |           Metal | Finalize dfb: dfb_offset == base_offset: 0, dfb size: 0, return value: 0 (dataflow_buffer.cpp:1656)
2026-08-29 10:50:00.397 | info     |           Metal | Finalize dfb: dfb_offset == base_offset: 0, dfb size: 0, return value: 0 (dataflow_buffer.cpp:1656)
2026-08-29 10:50:00.441 | warning  |              Op | rotary_embedding_llama sequence tile coverage mismatch: input_Ht=4, cos_Ht=4096, sin_Ht=4096, rotary_Ht=4. Tiles beyond rotary_Ht will be zero-filled in the output. (rotary_embedding_llama_multi_core_program_factory.cpp:62)
2026-08-29 10:50:00.444 | info     |           Metal | Finalize dfb: dfb_offset == base_offset: 144, dfb size: 144, return value: 288 (dataflow_buffer.cpp:1656)
2026-08-29 10:50:00.444 | info     |           Metal | Finalize dfb: dfb_offset == base_offset: 0, dfb size: 0, return value: 0 (dataflow_buffer.cpp:1656)
2026-08-29 10:50:00.444 | info     |           Metal | Finalize dfb: dfb_offset == base_offset: 0, dfb size: 0, return value: 0 (dataflow_buffer.cpp:1656)
2026-08-29 10:50:00.525 | info     |           Metal | Finalize dfb: dfb_offset == base_offset: 80, dfb size: 32, return value: 112 (dataflow_buffer.cpp:1656)
2026-08-29 10:50:00.525 | info     |           Metal | Finalize dfb: dfb_offset == base_offset: 0, dfb size: 0, return value: 0 (dataflow_buffer.cpp:1656)
2026-08-29 10:50:00.525 | info     |           Metal | Finalize dfb: dfb_offset == base_offset: 0, dfb size: 0, return value: 0 (dataflow_buffer.cpp:1656)
2026-08-29 10:50:00.634 | info     |           Metal | Finalize dfb: dfb_offset == base_offset: 80, dfb size: 32, return value: 112 (dataflow_buffer.cpp:1656)
2026-08-29 10:50:00.634 | info     |           Metal | Finalize dfb: dfb_offset == base_offset: 0, dfb size: 0, return value: 0 (dataflow_buffer.cpp:1656)
2026-08-29 10:50:00.634 | info     |           Metal | Finalize dfb: dfb_offset == base_offset: 0, dfb size: 0, return value: 0 (dataflow_buffer.cpp:1656)
2026-08-29 10:50:00.815 | info     |           Metal | Finalize dfb: dfb_offset == base_offset: 80, dfb size: 32, return value: 112 (dataflow_buffer.cpp:1656)
2026-08-29 10:50:00.815 | info     |           Metal | Finalize dfb: dfb_offset == base_offset: 0, dfb size: 0, return value: 0 (dataflow_buffer.cpp:1656)
2026-08-29 10:50:00.815 | info     |           Metal | Finalize dfb: dfb_offset == base_offset: 0, dfb size: 0, return value: 0 (dataflow_buffer.cpp:1656)
2026-08-29 10:50:44.470 | INFO     | models.demos.llama3_70b_galaxy.tt.generator:_capture_trace_prefill:1135 - Done Compiling Model
2026-08-29 10:50:47.065 | INFO     | models.demos.llama3_70b_galaxy.tt.generator:_capture_trace_prefill:1175 - Done Capturing Prefill Trace
2026-08-29 10:50:47.065 | INFO     | models.demos.llama3_70b_galaxy.tt.generator:_easy_trace_prefill:1042 - Executing prefill trace
2026-08-29 10:50:47.858 | INFO     | models.demos.llama3_70b_galaxy.tt.generator:prefill_warmup:270 - Running warmup prefill for sequence length: 1024, batch size: 1
2026-08-29 10:50:47.859 | INFO     | models.demos.llama3_70b_galaxy.tt.generator:prefill_warmup:296 - Warming up prefill sequence length: 1024 for batch size: 1 with sampling params: None
2026-08-29 10:50:47.859 | INFO     | models.demos.llama3_70b_galaxy.tt.generator:prefill_forward_text:551 - Prefilling User 0, use_batched_prefill: False, prompt_lens: 1024, prefill_seq_len: 1024, num_cached_tokens: 0
2026-08-29 10:50:52.795 | info     |           Metal | Finalize dfb: dfb_offset == base_offset: 80, dfb size: 32, return value: 112 (dataflow_buffer.cpp:1656)
2026-08-29 10:50:52.795 | info     |           Metal | Finalize dfb: dfb_offset == base_offset: 0, dfb size: 0, return value: 0 (dataflow_buffer.cpp:1656)
2026-08-29 10:50:52.795 | info     |           Metal | Finalize dfb: dfb_offset == base_offset: 0, dfb size: 0, return value: 0 (dataflow_buffer.cpp:1656)
2026-08-29 10:50:57.370 | info     |           Metal | Finalize dfb: dfb_offset == base_offset: 80, dfb size: 32, return value: 112 (dataflow_buffer.cpp:1656)
2026-08-29 10:50:57.370 | info     |           Metal | Finalize dfb: dfb_offset == base_offset: 0, dfb size: 0, return value: 0 (dataflow_buffer.cpp:1656)
2026-08-29 10:50:57.370 | info     |           Metal | Finalize dfb: dfb_offset == base_offset: 0, dfb size: 0, return value: 0 (dataflow_buffer.cpp:1656)
2026-08-29 10:50:57.445 | warning  |              Op | rotary_embedding_llama sequence tile coverage mismatch: input_Ht=32, cos_Ht=4096, sin_Ht=4096, rotary_Ht=32. Tiles beyond rotary_Ht will be zero-filled in the output. (rotary_embedding_llama_multi_core_program_factory.cpp:62)
2026-08-29 10:50:57.527 | info     |           Metal | Finalize dfb: dfb_offset == base_offset: 144, dfb size: 144, return value: 288 (dataflow_buffer.cpp:1656)
2026-08-29 10:50:57.527 | info     |           Metal | Finalize dfb: dfb_offset == base_offset: 0, dfb size: 0, return value: 0 (dataflow_buffer.cpp:1656)
2026-08-29 10:50:57.527 | info     |           Metal | Finalize dfb: dfb_offset == base_offset: 0, dfb size: 0, return value: 0 (dataflow_buffer.cpp:1656)
2026-08-29 10:50:57.534 | info     |           Metal | Finalize dfb: dfb_offset == base_offset: 80, dfb size: 32, return value: 112 (dataflow_buffer.cpp:1656)
2026-08-29 10:50:57.534 | info     |           Metal | Finalize dfb: dfb_offset == base_offset: 0, dfb size: 0, return value: 0 (dataflow_buffer.cpp:1656)
2026-08-29 10:50:57.534 | info     |           Metal | Finalize dfb: dfb_offset == base_offset: 0, dfb size: 0, return value: 0 (dataflow_buffer.cpp:1656)
2026-08-29 10:50:57.603 | warning  |              Op | rotary_embedding_llama sequence tile coverage mismatch: input_Ht=32, cos_Ht=4096, sin_Ht=4096, rotary_Ht=32. Tiles beyond rotary_Ht will be zero-filled in the output. (rotary_embedding_llama_multi_core_program_factory.cpp:62)
2026-08-29 10:50:57.687 | info     |           Metal | Finalize dfb: dfb_offset == base_offset: 144, dfb size: 144, return value: 288 (dataflow_buffer.cpp:1656)
2026-08-29 10:50:57.687 | info     |           Metal | Finalize dfb: dfb_offset == base_offset: 0, dfb size: 0, return value: 0 (dataflow_buffer.cpp:1656)
2026-08-29 10:50:57.687 | info     |           Metal | Finalize dfb: dfb_offset == base_offset: 0, dfb size: 0, return value: 0 (dataflow_buffer.cpp:1656)
2026-08-29 10:50:57.697 | info     |           Metal | Finalize dfb: dfb_offset == base_offset: 80, dfb size: 32, return value: 112 (dataflow_buffer.cpp:1656)
2026-08-29 10:50:57.697 | info     |           Metal | Finalize dfb: dfb_offset == base_offset: 0, dfb size: 0, return value: 0 (dataflow_buffer.cpp:1656)
2026-08-29 10:50:57.697 | info     |           Metal | Finalize dfb: dfb_offset == base_offset: 0, dfb size: 0, return value: 0 (dataflow_buffer.cpp:1656)
2026-08-29 10:50:57.772 | info     |           Metal | Finalize dfb: dfb_offset == base_offset: 80, dfb size: 32, return value: 112 (dataflow_buffer.cpp:1656)
2026-08-29 10:50:57.772 | info     |           Metal | Finalize dfb: dfb_offset == base_offset: 0, dfb size: 0, return value: 0 (dataflow_buffer.cpp:1656)
2026-08-29 10:50:57.772 | info     |           Metal | Finalize dfb: dfb_offset == base_offset: 0, dfb size: 0, return value: 0 (dataflow_buffer.cpp:1656)
2026-08-29 10:50:57.970 | info     |           Metal | Finalize dfb: dfb_offset == base_offset: 80, dfb size: 32, return value: 112 (dataflow_buffer.cpp:1656)
2026-08-29 10:50:57.970 | info     |           Metal | Finalize dfb: dfb_offset == base_offset: 0, dfb size: 0, return value: 0 (dataflow_buffer.cpp:1656)
2026-08-29 10:50:57.970 | info     |           Metal | Finalize dfb: dfb_offset == base_offset: 0, dfb size: 0, return value: 0 (dataflow_buffer.cpp:1656)
2026-08-29 10:51:38.081 | INFO     | models.demos.llama3_70b_galaxy.tt.generator:_capture_trace_prefill:1135 - Done Compiling Model
2026-08-29 10:51:40.091 | INFO     | models.demos.llama3_70b_galaxy.tt.generator:_capture_trace_prefill:1175 - Done Capturing Prefill Trace
2026-08-29 10:51:40.091 | INFO     | models.demos.llama3_70b_galaxy.tt.generator:_easy_trace_prefill:1042 - Executing prefill trace
2026-08-29 10:51:42.712 | INFO     | models.demos.llama3_70b_galaxy.tt.generator:prefill_warmup:270 - Running warmup prefill for sequence length: 1024, batch size: 32
2026-08-29 10:51:42.712 | INFO     | models.demos.llama3_70b_galaxy.tt.generator:prefill_warmup:296 - Warming up prefill sequence length: 1024 for batch size: 32 with sampling params: None
2026-08-29 10:51:42.713 | INFO     | models.demos.llama3_70b_galaxy.tt.generator:prefill_forward_text:551 - Prefilling User 0, use_batched_prefill: False, prompt_lens: 1024, prefill_seq_len: 1024, num_cached_tokens: 0
2026-08-29 10:51:42.713 | INFO     | models.demos.llama3_70b_galaxy.tt.generator:_easy_trace_prefill:1042 - Executing prefill trace
2026-08-29 10:51:42.856 | INFO     | models.demos.llama3_70b_galaxy.tt.generator:prefill_forward_text:551 - Prefilling User 1, use_batched_prefill: False, prompt_lens: 1024, prefill_seq_len: 1024, num_cached_tokens: 0
2026-08-29 10:51:42.857 | INFO     | models.demos.llama3_70b_galaxy.tt.generator:_easy_trace_prefill:1042 - Executing prefill trace
2026-08-29 10:51:42.998 | INFO     | models.demos.llama3_70b_galaxy.tt.generator:prefill_forward_text:551 - Prefilling User 2, use_batched_prefill: False, prompt_lens: 1024, prefill_seq_len: 1024, num_cached_tokens: 0
2026-08-29 10:51:42.999 | INFO     | models.demos.llama3_70b_galaxy.tt.generator:_easy_trace_prefill:1042 - Executing prefill trace
2026-08-29 10:51:43.142 | INFO     | models.demos.llama3_70b_galaxy.tt.generator:prefill_forward_text:551 - Prefilling User 3, use_batched_prefill: False, prompt_lens: 1024, prefill_seq_len: 1024, num_cached_tokens: 0
2026-08-29 10:51:43.143 | INFO     | models.demos.llama3_70b_galaxy.tt.generator:_easy_trace_prefill:1042 - Executing prefill trace
2026-08-29 10:51:43.284 | INFO     | models.demos.llama3_70b_galaxy.tt.generator:prefill_forward_text:551 - Prefilling User 4, use_batched_prefill: False, prompt_lens: 1024, prefill_seq_len: 1024, num_cached_tokens: 0
2026-08-29 10:51:43.285 | INFO     | models.demos.llama3_70b_galaxy.tt.generator:_easy_trace_prefill:1042 - Executing prefill trace
2026-08-29 10:51:43.426 | INFO     | models.demos.llama3_70b_galaxy.tt.generator:prefill_forward_text:551 - Prefilling User 5, use_batched_prefill: False, prompt_lens: 1024, prefill_seq_len: 1024, num_cached_tokens: 0
2026-08-29 10:51:43.427 | INFO     | models.demos.llama3_70b_galaxy.tt.generator:_easy_trace_prefill:1042 - Executing prefill trace
2026-08-29 10:51:43.570 | INFO     | models.demos.llama3_70b_galaxy.tt.generator:prefill_forward_text:551 - Prefilling User 6, use_batched_prefill: False, prompt_lens: 1024, prefill_seq_len: 1024, num_cached_tokens: 0
2026-08-29 10:51:43.571 | INFO     | models.demos.llama3_70b_galaxy.tt.generator:_easy_trace_prefill:1042 - Executing prefill trace
2026-08-29 10:51:43.714 | INFO     | models.demos.llama3_70b_galaxy.tt.generator:prefill_forward_text:551 - Prefilling User 7, use_batched_prefill: False, prompt_lens: 1024, prefill_seq_len: 1024, num_cached_tokens: 0
2026-08-29 10:51:43.715 | INFO     | models.demos.llama3_70b_galaxy.tt.generator:_easy_trace_prefill:1042 - Executing prefill trace
2026-08-29 10:51:43.857 | INFO     | models.demos.llama3_70b_galaxy.tt.generator:prefill_forward_text:551 - Prefilling User 8, use_batched_prefill: False, prompt_lens: 1024, prefill_seq_len: 1024, num_cached_tokens: 0
2026-08-29 10:51:43.857 | INFO     | models.demos.llama3_70b_galaxy.tt.generator:_easy_trace_prefill:1042 - Executing prefill trace
2026-08-29 10:51:44.001 | INFO     | models.demos.llama3_70b_galaxy.tt.generator:prefill_forward_text:551 - Prefilling User 9, use_batched_prefill: False, prompt_lens: 1024, prefill_seq_len: 1024, num_cached_tokens: 0
2026-08-29 10:51:44.001 | INFO     | models.demos.llama3_70b_galaxy.tt.generator:_easy_trace_prefill:1042 - Executing prefill trace
2026-08-29 10:51:44.145 | INFO     | models.demos.llama3_70b_galaxy.tt.generator:prefill_forward_text:551 - Prefilling User 10, use_batched_prefill: False, prompt_lens: 1024, prefill_seq_len: 1024, num_cached_tokens: 0
2026-08-29 10:51:44.145 | INFO     | models.demos.llama3_70b_galaxy.tt.generator:_easy_trace_prefill:1042 - Executing prefill trace
2026-08-29 10:51:44.289 | INFO     | models.demos.llama3_70b_galaxy.tt.generator:prefill_forward_text:551 - Prefilling User 11, use_batched_prefill: False, prompt_lens: 1024, prefill_seq_len: 1024, num_cached_tokens: 0
2026-08-29 10:51:44.290 | INFO     | models.demos.llama3_70b_galaxy.tt.generator:_easy_trace_prefill:1042 - Executing prefill trace
2026-08-29 10:51:44.433 | INFO     | models.demos.llama3_70b_galaxy.tt.generator:prefill_forward_text:551 - Prefilling User 12, use_batched_prefill: False, prompt_lens: 1024, prefill_seq_len: 1024, num_cached_tokens: 0
2026-08-29 10:51:44.434 | INFO     | models.demos.llama3_70b_galaxy.tt.generator:_easy_trace_prefill:1042 - Executing prefill trace
2026-08-29 10:51:44.577 | INFO     | models.demos.llama3_70b_galaxy.tt.generator:prefill_forward_text:551 - Prefilling User 13, use_batched_prefill: False, prompt_lens: 1024, prefill_seq_len: 1024, num_cached_tokens: 0
2026-08-29 10:51:44.578 | INFO     | models.demos.llama3_70b_galaxy.tt.generator:_easy_trace_prefill:1042 - Executing prefill trace
2026-08-29 10:51:44.721 | INFO     | models.demos.llama3_70b_galaxy.tt.generator:prefill_forward_text:551 - Prefilling User 14, use_batched_prefill: False, prompt_lens: 1024, prefill_seq_len: 1024, num_cached_tokens: 0
2026-08-29 10:51:44.722 | INFO     | models.demos.llama3_70b_galaxy.tt.generator:_easy_trace_prefill:1042 - Executing prefill trace
2026-08-29 10:51:44.866 | INFO     | models.demos.llama3_70b_galaxy.tt.generator:prefill_forward_text:551 - Prefilling User 15, use_batched_prefill: False, prompt_lens: 1024, prefill_seq_len: 1024, num_cached_tokens: 0
2026-08-29 10:51:44.866 | INFO     | models.demos.llama3_70b_galaxy.tt.generator:_easy_trace_prefill:1042 - Executing prefill trace
2026-08-29 10:51:45.010 | INFO     | models.demos.llama3_70b_galaxy.tt.generator:prefill_forward_text:551 - Prefilling User 16, use_batched_prefill: False, prompt_lens: 1024, prefill_seq_len: 1024, num_cached_tokens: 0
2026-08-29 10:51:45.010 | INFO     | models.demos.llama3_70b_galaxy.tt.generator:_easy_trace_prefill:1042 - Executing prefill trace
2026-08-29 10:51:45.154 | INFO     | models.demos.llama3_70b_galaxy.tt.generator:prefill_forward_text:551 - Prefilling User 17, use_batched_prefill: False, prompt_lens: 1024, prefill_seq_len: 1024, num_cached_tokens: 0
2026-08-29 10:51:45.154 | INFO     | models.demos.llama3_70b_galaxy.tt.generator:_easy_trace_prefill:1042 - Executing prefill trace
2026-08-29 10:51:45.298 | INFO     | models.demos.llama3_70b_galaxy.tt.generator:prefill_forward_text:551 - Prefilling User 18, use_batched_prefill: False, prompt_lens: 1024, prefill_seq_len: 1024, num_cached_tokens: 0
2026-08-29 10:51:45.298 | INFO     | models.demos.llama3_70b_galaxy.tt.generator:_easy_trace_prefill:1042 - Executing prefill trace
2026-08-29 10:51:45.439 | INFO     | models.demos.llama3_70b_galaxy.tt.generator:prefill_forward_text:551 - Prefilling User 19, use_batched_prefill: False, prompt_lens: 1024, prefill_seq_len: 1024, num_cached_tokens: 0
2026-08-29 10:51:45.440 | INFO     | models.demos.llama3_70b_galaxy.tt.generator:_easy_trace_prefill:1042 - Executing prefill trace
2026-08-29 10:51:45.583 | INFO     | models.demos.llama3_70b_galaxy.tt.generator:prefill_forward_text:551 - Prefilling User 20, use_batched_prefill: False, prompt_lens: 1024, prefill_seq_len: 1024, num_cached_tokens: 0
2026-08-29 10:51:45.584 | INFO     | models.demos.llama3_70b_galaxy.tt.generator:_easy_trace_prefill:1042 - Executing prefill trace
2026-08-29 10:51:45.727 | INFO     | models.demos.llama3_70b_galaxy.tt.generator:prefill_forward_text:551 - Prefilling User 21, use_batched_prefill: False, prompt_lens: 1024, prefill_seq_len: 1024, num_cached_tokens: 0
2026-08-29 10:51:45.728 | INFO     | models.demos.llama3_70b_galaxy.tt.generator:_easy_trace_prefill:1042 - Executing prefill trace
2026-08-29 10:51:45.871 | INFO     | models.demos.llama3_70b_galaxy.tt.generator:prefill_forward_text:551 - Prefilling User 22, use_batched_prefill: False, prompt_lens: 1024, prefill_seq_len: 1024, num_cached_tokens: 0
2026-08-29 10:51:45.872 | INFO     | models.demos.llama3_70b_galaxy.tt.generator:_easy_trace_prefill:1042 - Executing prefill trace
2026-08-29 10:51:46.016 | INFO     | models.demos.llama3_70b_galaxy.tt.generator:prefill_forward_text:551 - Prefilling User 23, use_batched_prefill: False, prompt_lens: 1024, prefill_seq_len: 1024, num_cached_tokens: 0
2026-08-29 10:51:46.016 | INFO     | models.demos.llama3_70b_galaxy.tt.generator:_easy_trace_prefill:1042 - Executing prefill trace
2026-08-29 10:51:46.160 | INFO     | models.demos.llama3_70b_galaxy.tt.generator:prefill_forward_text:551 - Prefilling User 24, use_batched_prefill: False, prompt_lens: 1024, prefill_seq_len: 1024, num_cached_tokens: 0
2026-08-29 10:51:46.160 | INFO     | models.demos.llama3_70b_galaxy.tt.generator:_easy_trace_prefill:1042 - Executing prefill trace
2026-08-29 10:51:46.301 | INFO     | models.demos.llama3_70b_galaxy.tt.generator:prefill_forward_text:551 - Prefilling User 25, use_batched_prefill: False, prompt_lens: 1024, prefill_seq_len: 1024, num_cached_tokens: 0
2026-08-29 10:51:46.302 | INFO     | models.demos.llama3_70b_galaxy.tt.generator:_easy_trace_prefill:1042 - Executing prefill trace
2026-08-29 10:51:46.445 | INFO     | models.demos.llama3_70b_galaxy.tt.generator:prefill_forward_text:551 - Prefilling User 26, use_batched_prefill: False, prompt_lens: 1024, prefill_seq_len: 1024, num_cached_tokens: 0
2026-08-29 10:51:46.446 | INFO     | models.demos.llama3_70b_galaxy.tt.generator:_easy_trace_prefill:1042 - Executing prefill trace
2026-08-29 10:51:46.587 | INFO     | models.demos.llama3_70b_galaxy.tt.generator:prefill_forward_text:551 - Prefilling User 27, use_batched_prefill: False, prompt_lens: 1024, prefill_seq_len: 1024, num_cached_tokens: 0
2026-08-29 10:51:46.588 | INFO     | models.demos.llama3_70b_galaxy.tt.generator:_easy_trace_prefill:1042 - Executing prefill trace
2026-08-29 10:51:46.731 | INFO     | models.demos.llama3_70b_galaxy.tt.generator:prefill_forward_text:551 - Prefilling User 28, use_batched_prefill: False, prompt_lens: 1024, prefill_seq_len: 1024, num_cached_tokens: 0
2026-08-29 10:51:46.732 | INFO     | models.demos.llama3_70b_galaxy.tt.generator:_easy_trace_prefill:1042 - Executing prefill trace
2026-08-29 10:51:46.876 | INFO     | models.demos.llama3_70b_galaxy.tt.generator:prefill_forward_text:551 - Prefilling User 29, use_batched_prefill: False, prompt_lens: 1024, prefill_seq_len: 1024, num_cached_tokens: 0
2026-08-29 10:51:46.876 | INFO     | models.demos.llama3_70b_galaxy.tt.generator:_easy_trace_prefill:1042 - Executing prefill trace
2026-08-29 10:51:47.020 | INFO     | models.demos.llama3_70b_galaxy.tt.generator:prefill_forward_text:551 - Prefilling User 30, use_batched_prefill: False, prompt_lens: 1024, prefill_seq_len: 1024, num_cached_tokens: 0
2026-08-29 10:51:47.020 | INFO     | models.demos.llama3_70b_galaxy.tt.generator:_easy_trace_prefill:1042 - Executing prefill trace
2026-08-29 10:51:47.164 | INFO     | models.demos.llama3_70b_galaxy.tt.generator:prefill_forward_text:551 - Prefilling User 31, use_batched_prefill: False, prompt_lens: 1024, prefill_seq_len: 1024, num_cached_tokens: 0
2026-08-29 10:51:47.164 | INFO     | models.demos.llama3_70b_galaxy.tt.generator:_easy_trace_prefill:1042 - Executing prefill trace
2026-08-29 10:51:47.308 | INFO     | models.demos.llama3_70b_galaxy.tt.generator:prefill_warmup:270 - Running warmup prefill for sequence length: 2048, batch size: 1
2026-08-29 10:51:47.308 | INFO     | models.demos.llama3_70b_galaxy.tt.generator:prefill_warmup:296 - Warming up prefill sequence length: 2048 for batch size: 1 with sampling params: None
2026-08-29 10:51:47.309 | INFO     | models.demos.llama3_70b_galaxy.tt.generator:prefill_forward_text:551 - Prefilling User 0, use_batched_prefill: False, prompt_lens: 2048, prefill_seq_len: 2048, num_cached_tokens: 0
2026-08-29 10:51:52.313 | info     |           Metal | Finalize dfb: dfb_offset == base_offset: 80, dfb size: 32, return value: 112 (dataflow_buffer.cpp:1656)
2026-08-29 10:51:52.313 | info     |           Metal | Finalize dfb: dfb_offset == base_offset: 0, dfb size: 0, return value: 0 (dataflow_buffer.cpp:1656)
2026-08-29 10:51:52.313 | info     |           Metal | Finalize dfb: dfb_offset == base_offset: 0, dfb size: 0, return value: 0 (dataflow_buffer.cpp:1656)
2026-08-29 10:51:57.108 | info     |           Metal | Finalize dfb: dfb_offset == base_offset: 80, dfb size: 32, return value: 112 (dataflow_buffer.cpp:1656)
2026-08-29 10:51:57.108 | info     |           Metal | Finalize dfb: dfb_offset == base_offset: 0, dfb size: 0, return value: 0 (dataflow_buffer.cpp:1656)
2026-08-29 10:51:57.108 | info     |           Metal | Finalize dfb: dfb_offset == base_offset: 0, dfb size: 0, return value: 0 (dataflow_buffer.cpp:1656)
2026-08-29 10:51:57.206 | warning  |              Op | rotary_embedding_llama sequence tile coverage mismatch: input_Ht=64, cos_Ht=4096, sin_Ht=4096, rotary_Ht=64. Tiles beyond rotary_Ht will be zero-filled in the output. (rotary_embedding_llama_multi_core_program_factory.cpp:62)
2026-08-29 10:51:57.281 | info     |           Metal | Finalize dfb: dfb_offset == base_offset: 144, dfb size: 144, return value: 288 (dataflow_buffer.cpp:1656)
2026-08-29 10:51:57.281 | info     |           Metal | Finalize dfb: dfb_offset == base_offset: 0, dfb size: 0, return value: 0 (dataflow_buffer.cpp:1656)
2026-08-29 10:51:57.281 | info     |           Metal | Finalize dfb: dfb_offset == base_offset: 0, dfb size: 0, return value: 0 (dataflow_buffer.cpp:1656)
2026-08-29 10:51:57.379 | info     |           Metal | Finalize dfb: dfb_offset == base_offset: 80, dfb size: 32, return value: 112 (dataflow_buffer.cpp:1656)
2026-08-29 10:51:57.379 | info     |           Metal | Finalize dfb: dfb_offset == base_offset: 0, dfb size: 0, return value: 0 (dataflow_buffer.cpp:1656)
2026-08-29 10:51:57.379 | info     |           Metal | Finalize dfb: dfb_offset == base_offset: 0, dfb size: 0, return value: 0 (dataflow_buffer.cpp:1656)
2026-08-29 10:51:57.475 | warning  |              Op | rotary_embedding_llama sequence tile coverage mismatch: input_Ht=64, cos_Ht=4096, sin_Ht=4096, rotary_Ht=64. Tiles beyond rotary_Ht will be zero-filled in the output. (rotary_embedding_llama_multi_core_program_factory.cpp:62)
2026-08-29 10:51:57.562 | info     |           Metal | Finalize dfb: dfb_offset == base_offset: 144, dfb size: 144, return value: 288 (dataflow_buffer.cpp:1656)
2026-08-29 10:51:57.562 | info     |           Metal | Finalize dfb: dfb_offset == base_offset: 0, dfb size: 0, return value: 0 (dataflow_buffer.cpp:1656)
2026-08-29 10:51:57.562 | info     |           Metal | Finalize dfb: dfb_offset == base_offset: 0, dfb size: 0, return value: 0 (dataflow_buffer.cpp:1656)
2026-08-29 10:51:57.634 | info     |           Metal | Finalize dfb: dfb_offset == base_offset: 80, dfb size: 32, return value: 112 (dataflow_buffer.cpp:1656)
2026-08-29 10:51:57.634 | info     |           Metal | Finalize dfb: dfb_offset == base_offset: 0, dfb size: 0, return value: 0 (dataflow_buffer.cpp:1656)
2026-08-29 10:51:57.634 | info     |           Metal | Finalize dfb: dfb_offset == base_offset: 0, dfb size: 0, return value: 0 (dataflow_buffer.cpp:1656)
2026-08-29 10:51:57.708 | info     |           Metal | Finalize dfb: dfb_offset == base_offset: 80, dfb size: 32, return value: 112 (dataflow_buffer.cpp:1656)
2026-08-29 10:51:57.708 | info     |           Metal | Finalize dfb: dfb_offset == base_offset: 0, dfb size: 0, return value: 0 (dataflow_buffer.cpp:1656)
2026-08-29 10:51:57.708 | info     |           Metal | Finalize dfb: dfb_offset == base_offset: 0, dfb size: 0, return value: 0 (dataflow_buffer.cpp:1656)
2026-08-29 10:51:57.932 | info     |           Metal | Finalize dfb: dfb_offset == base_offset: 80, dfb size: 32, return value: 112 (dataflow_buffer.cpp:1656)
2026-08-29 10:51:57.932 | info     |           Metal | Finalize dfb: dfb_offset == base_offset: 0, dfb size: 0, return value: 0 (dataflow_buffer.cpp:1656)
2026-08-29 10:51:57.932 | info     |           Metal | Finalize dfb: dfb_offset == base_offset: 0, dfb size: 0, return value: 0 (dataflow_buffer.cpp:1656)
2026-08-29 10:52:34.315 | INFO     | models.demos.llama3_70b_galaxy.tt.generator:_capture_trace_prefill:1135 - Done Compiling Model
2026-08-29 10:52:37.230 | INFO     | models.demos.llama3_70b_galaxy.tt.generator:_capture_trace_prefill:1175 - Done Capturing Prefill Trace
2026-08-29 10:52:37.230 | INFO     | models.demos.llama3_70b_galaxy.tt.generator:_easy_trace_prefill:1042 - Executing prefill trace
2026-08-29 10:52:39.938 | INFO     | models.demos.llama3_70b_galaxy.tt.generator:prefill_warmup:270 - Running warmup prefill for sequence length: 2048, batch size: 32
2026-08-29 10:52:39.938 | INFO     | models.demos.llama3_70b_galaxy.tt.generator:prefill_warmup:296 - Warming up prefill sequence length: 2048 for batch size: 32 with sampling params: None
2026-08-29 10:52:39.939 | INFO     | models.demos.llama3_70b_galaxy.tt.generator:prefill_forward_text:551 - Prefilling User 0, use_batched_prefill: False, prompt_lens: 2048, prefill_seq_len: 2048, num_cached_tokens: 0
2026-08-29 10:52:39.939 | INFO     | models.demos.llama3_70b_galaxy.tt.generator:_easy_trace_prefill:1042 - Executing prefill trace
2026-08-29 10:52:40.209 | INFO     | models.demos.llama3_70b_galaxy.tt.generator:prefill_forward_text:551 - Prefilling User 1, use_batched_prefill: False, prompt_lens: 2048, prefill_seq_len: 2048, num_cached_tokens: 0
2026-08-29 10:52:40.210 | INFO     | models.demos.llama3_70b_galaxy.tt.generator:_easy_trace_prefill:1042 - Executing prefill trace
2026-08-29 10:52:40.478 | INFO     | models.demos.llama3_70b_galaxy.tt.generator:prefill_forward_text:551 - Prefilling User 2, use_batched_prefill: False, prompt_lens: 2048, prefill_seq_len: 2048, num_cached_tokens: 0
2026-08-29 10:52:40.478 | INFO     | models.demos.llama3_70b_galaxy.tt.generator:_easy_trace_prefill:1042 - Executing prefill trace
2026-08-29 10:52:40.746 | INFO     | models.demos.llama3_70b_galaxy.tt.generator:prefill_forward_text:551 - Prefilling User 3, use_batched_prefill: False, prompt_lens: 2048, prefill_seq_len: 2048, num_cached_tokens: 0
2026-08-29 10:52:40.747 | INFO     | models.demos.llama3_70b_galaxy.tt.generator:_easy_trace_prefill:1042 - Executing prefill trace
2026-08-29 10:52:41.017 | INFO     | models.demos.llama3_70b_galaxy.tt.generator:prefill_forward_text:551 - Prefilling User 4, use_batched_prefill: False, prompt_lens: 2048, prefill_seq_len: 2048, num_cached_tokens: 0
2026-08-29 10:52:41.018 | INFO     | models.demos.llama3_70b_galaxy.tt.generator:_easy_trace_prefill:1042 - Executing prefill trace
2026-08-29 10:52:41.288 | INFO     | models.demos.llama3_70b_galaxy.tt.generator:prefill_forward_text:551 - Prefilling User 5, use_batched_prefill: False, prompt_lens: 2048, prefill_seq_len: 2048, num_cached_tokens: 0
2026-08-29 10:52:41.289 | INFO     | models.demos.llama3_70b_galaxy.tt.generator:_easy_trace_prefill:1042 - Executing prefill trace
2026-08-29 10:52:41.559 | INFO     | models.demos.llama3_70b_galaxy.tt.generator:prefill_forward_text:551 - Prefilling User 6, use_batched_prefill: False, prompt_lens: 2048, prefill_seq_len: 2048, num_cached_tokens: 0
2026-08-29 10:52:41.560 | INFO     | models.demos.llama3_70b_galaxy.tt.generator:_easy_trace_prefill:1042 - Executing prefill trace
2026-08-29 10:52:41.830 | INFO     | models.demos.llama3_70b_galaxy.tt.generator:prefill_forward_text:551 - Prefilling User 7, use_batched_prefill: False, prompt_lens: 2048, prefill_seq_len: 2048, num_cached_tokens: 0
2026-08-29 10:52:41.831 | INFO     | models.demos.llama3_70b_galaxy.tt.generator:_easy_trace_prefill:1042 - Executing prefill trace
2026-08-29 10:52:42.101 | INFO     | models.demos.llama3_70b_galaxy.tt.generator:prefill_forward_text:551 - Prefilling User 8, use_batched_prefill: False, prompt_lens: 2048, prefill_seq_len: 2048, num_cached_tokens: 0
2026-08-29 10:52:42.101 | INFO     | models.demos.llama3_70b_galaxy.tt.generator:_easy_trace_prefill:1042 - Executing prefill trace
2026-08-29 10:52:42.369 | INFO     | models.demos.llama3_70b_galaxy.tt.generator:prefill_forward_text:551 - Prefilling User 9, use_batched_prefill: False, prompt_lens: 2048, prefill_seq_len: 2048, num_cached_tokens: 0
2026-08-29 10:52:42.369 | INFO     | models.demos.llama3_70b_galaxy.tt.generator:_easy_trace_prefill:1042 - Executing prefill trace
2026-08-29 10:52:42.640 | INFO     | models.demos.llama3_70b_galaxy.tt.generator:prefill_forward_text:551 - Prefilling User 10, use_batched_prefill: False, prompt_lens: 2048, prefill_seq_len: 2048, num_cached_tokens: 0
2026-08-29 10:52:42.640 | INFO     | models.demos.llama3_70b_galaxy.tt.generator:_easy_trace_prefill:1042 - Executing prefill trace
2026-08-29 10:52:42.910 | INFO     | models.demos.llama3_70b_galaxy.tt.generator:prefill_forward_text:551 - Prefilling User 11, use_batched_prefill: False, prompt_lens: 2048, prefill_seq_len: 2048, num_cached_tokens: 0
2026-08-29 10:52:42.911 | INFO     | models.demos.llama3_70b_galaxy.tt.generator:_easy_trace_prefill:1042 - Executing prefill trace
2026-08-29 10:52:43.181 | INFO     | models.demos.llama3_70b_galaxy.tt.generator:prefill_forward_text:551 - Prefilling User 12, use_batched_prefill: False, prompt_lens: 2048, prefill_seq_len: 2048, num_cached_tokens: 0
2026-08-29 10:52:43.182 | INFO     | models.demos.llama3_70b_galaxy.tt.generator:_easy_trace_prefill:1042 - Executing prefill trace
2026-08-29 10:52:43.450 | INFO     | models.demos.llama3_70b_galaxy.tt.generator:prefill_forward_text:551 - Prefilling User 13, use_batched_prefill: False, prompt_lens: 2048, prefill_seq_len: 2048, num_cached_tokens: 0
2026-08-29 10:52:43.450 | INFO     | models.demos.llama3_70b_galaxy.tt.generator:_easy_trace_prefill:1042 - Executing prefill trace
2026-08-29 10:52:43.721 | INFO     | models.demos.llama3_70b_galaxy.tt.generator:prefill_forward_text:551 - Prefilling User 14, use_batched_prefill: False, prompt_lens: 2048, prefill_seq_len: 2048, num_cached_tokens: 0
2026-08-29 10:52:43.721 | INFO     | models.demos.llama3_70b_galaxy.tt.generator:_easy_trace_prefill:1042 - Executing prefill trace
2026-08-29 10:52:43.992 | INFO     | models.demos.llama3_70b_galaxy.tt.generator:prefill_forward_text:551 - Prefilling User 15, use_batched_prefill: False, prompt_lens: 2048, prefill_seq_len: 2048, num_cached_tokens: 0
2026-08-29 10:52:43.992 | INFO     | models.demos.llama3_70b_galaxy.tt.generator:_easy_trace_prefill:1042 - Executing prefill trace
2026-08-29 10:52:44.263 | INFO     | models.demos.llama3_70b_galaxy.tt.generator:prefill_forward_text:551 - Prefilling User 16, use_batched_prefill: False, prompt_lens: 2048, prefill_seq_len: 2048, num_cached_tokens: 0
2026-08-29 10:52:44.263 | INFO     | models.demos.llama3_70b_galaxy.tt.generator:_easy_trace_prefill:1042 - Executing prefill trace
2026-08-29 10:52:44.533 | INFO     | models.demos.llama3_70b_galaxy.tt.generator:prefill_forward_text:551 - Prefilling User 17, use_batched_prefill: False, prompt_lens: 2048, prefill_seq_len: 2048, num_cached_tokens: 0
2026-08-29 10:52:44.534 | INFO     | models.demos.llama3_70b_galaxy.tt.generator:_easy_trace_prefill:1042 - Executing prefill trace
2026-08-29 10:52:44.804 | INFO     | models.demos.llama3_70b_galaxy.tt.generator:prefill_forward_text:551 - Prefilling User 18, use_batched_prefill: False, prompt_lens: 2048, prefill_seq_len: 2048, num_cached_tokens: 0
2026-08-29 10:52:44.805 | INFO     | models.demos.llama3_70b_galaxy.tt.generator:_easy_trace_prefill:1042 - Executing prefill trace
2026-08-29 10:52:45.075 | INFO     | models.demos.llama3_70b_galaxy.tt.generator:prefill_forward_text:551 - Prefilling User 19, use_batched_prefill: False, prompt_lens: 2048, prefill_seq_len: 2048, num_cached_tokens: 0
2026-08-29 10:52:45.076 | INFO     | models.demos.llama3_70b_galaxy.tt.generator:_easy_trace_prefill:1042 - Executing prefill trace
2026-08-29 10:52:45.346 | INFO     | models.demos.llama3_70b_galaxy.tt.generator:prefill_forward_text:551 - Prefilling User 20, use_batched_prefill: False, prompt_lens: 2048, prefill_seq_len: 2048, num_cached_tokens: 0
2026-08-29 10:52:45.346 | INFO     | models.demos.llama3_70b_galaxy.tt.generator:_easy_trace_prefill:1042 - Executing prefill trace
2026-08-29 10:52:45.617 | INFO     | models.demos.llama3_70b_galaxy.tt.generator:prefill_forward_text:551 - Prefilling User 21, use_batched_prefill: False, prompt_lens: 2048, prefill_seq_len: 2048, num_cached_tokens: 0
2026-08-29 10:52:45.617 | INFO     | models.demos.llama3_70b_galaxy.tt.generator:_easy_trace_prefill:1042 - Executing prefill trace
2026-08-29 10:52:45.888 | INFO     | models.demos.llama3_70b_galaxy.tt.generator:prefill_forward_text:551 - Prefilling User 22, use_batched_prefill: False, prompt_lens: 2048, prefill_seq_len: 2048, num_cached_tokens: 0
2026-08-29 10:52:45.888 | INFO     | models.demos.llama3_70b_galaxy.tt.generator:_easy_trace_prefill:1042 - Executing prefill trace
2026-08-29 10:52:46.156 | INFO     | models.demos.llama3_70b_galaxy.tt.generator:prefill_forward_text:551 - Prefilling User 23, use_batched_prefill: False, prompt_lens: 2048, prefill_seq_len: 2048, num_cached_tokens: 0
2026-08-29 10:52:46.156 | INFO     | models.demos.llama3_70b_galaxy.tt.generator:_easy_trace_prefill:1042 - Executing prefill trace
2026-08-29 10:52:46.427 | INFO     | models.demos.llama3_70b_galaxy.tt.generator:prefill_forward_text:551 - Prefilling User 24, use_batched_prefill: False, prompt_lens: 2048, prefill_seq_len: 2048, num_cached_tokens: 0
2026-08-29 10:52:46.427 | INFO     | models.demos.llama3_70b_galaxy.tt.generator:_easy_trace_prefill:1042 - Executing prefill trace
2026-08-29 10:52:46.695 | INFO     | models.demos.llama3_70b_galaxy.tt.generator:prefill_forward_text:551 - Prefilling User 25, use_batched_prefill: False, prompt_lens: 2048, prefill_seq_len: 2048, num_cached_tokens: 0
2026-08-29 10:52:46.695 | INFO     | models.demos.llama3_70b_galaxy.tt.generator:_easy_trace_prefill:1042 - Executing prefill trace
2026-08-29 10:52:46.966 | INFO     | models.demos.llama3_70b_galaxy.tt.generator:prefill_forward_text:551 - Prefilling User 26, use_batched_prefill: False, prompt_lens: 2048, prefill_seq_len: 2048, num_cached_tokens: 0
2026-08-29 10:52:46.966 | INFO     | models.demos.llama3_70b_galaxy.tt.generator:_easy_trace_prefill:1042 - Executing prefill trace
2026-08-29 10:52:47.239 | INFO     | models.demos.llama3_70b_galaxy.tt.generator:prefill_forward_text:551 - Prefilling User 27, use_batched_prefill: False, prompt_lens: 2048, prefill_seq_len: 2048, num_cached_tokens: 0
2026-08-29 10:52:47.239 | INFO     | models.demos.llama3_70b_galaxy.tt.generator:_easy_trace_prefill:1042 - Executing prefill trace
2026-08-29 10:52:47.510 | INFO     | models.demos.llama3_70b_galaxy.tt.generator:prefill_forward_text:551 - Prefilling User 28, use_batched_prefill: False, prompt_lens: 2048, prefill_seq_len: 2048, num_cached_tokens: 0
2026-08-29 10:52:47.510 | INFO     | models.demos.llama3_70b_galaxy.tt.generator:_easy_trace_prefill:1042 - Executing prefill trace
2026-08-29 10:52:47.780 | INFO     | models.demos.llama3_70b_galaxy.tt.generator:prefill_forward_text:551 - Prefilling User 29, use_batched_prefill: False, prompt_lens: 2048, prefill_seq_len: 2048, num_cached_tokens: 0
2026-08-29 10:52:47.781 | INFO     | models.demos.llama3_70b_galaxy.tt.generator:_easy_trace_prefill:1042 - Executing prefill trace
2026-08-29 10:52:48.051 | INFO     | models.demos.llama3_70b_galaxy.tt.generator:prefill_forward_text:551 - Prefilling User 30, use_batched_prefill: False, prompt_lens: 2048, prefill_seq_len: 2048, num_cached_tokens: 0
2026-08-29 10:52:48.052 | INFO     | models.demos.llama3_70b_galaxy.tt.generator:_easy_trace_prefill:1042 - Executing prefill trace
2026-08-29 10:52:48.322 | INFO     | models.demos.llama3_70b_galaxy.tt.generator:prefill_forward_text:551 - Prefilling User 31, use_batched_prefill: False, prompt_lens: 2048, prefill_seq_len: 2048, num_cached_tokens: 0
2026-08-29 10:52:48.322 | INFO     | models.demos.llama3_70b_galaxy.tt.generator:_easy_trace_prefill:1042 - Executing prefill trace
2026-08-29 10:52:48.593 | INFO     | models.demos.llama3_70b_galaxy.tt.generator:prefill_warmup:270 - Running warmup prefill for sequence length: 4096, batch size: 1
2026-08-29 10:52:48.593 | INFO     | models.demos.llama3_70b_galaxy.tt.generator:prefill_warmup:296 - Warming up prefill sequence length: 4096 for batch size: 1 with sampling params: None
2026-08-29 10:52:48.594 | INFO     | models.demos.llama3_70b_galaxy.tt.generator:prefill_forward_text:551 - Prefilling User 0, use_batched_prefill: False, prompt_lens: 4096, prefill_seq_len: 4096, num_cached_tokens: 0
2026-08-29 10:52:49.494 | info     |           Metal | Finalize dfb: dfb_offset == base_offset: 80, dfb size: 32, return value: 112 (dataflow_buffer.cpp:1656)
2026-08-29 10:52:49.494 | info     |           Metal | Finalize dfb: dfb_offset == base_offset: 0, dfb size: 0, return value: 0 (dataflow_buffer.cpp:1656)
2026-08-29 10:52:49.494 | info     |           Metal | Finalize dfb: dfb_offset == base_offset: 0, dfb size: 0, return value: 0 (dataflow_buffer.cpp:1656)
2026-08-29 10:52:49.617 | warning  |              Op | rotary_embedding_llama sequence tile coverage mismatch: input_Ht=128, cos_Ht=4096, sin_Ht=4096, rotary_Ht=128. Tiles beyond rotary_Ht will be zero-filled in the output. (rotary_embedding_llama_multi_core_program_factory.cpp:62)
2026-08-29 10:52:49.713 | info     |           Metal | Finalize dfb: dfb_offset == base_offset: 144, dfb size: 144, return value: 288 (dataflow_buffer.cpp:1656)
2026-08-29 10:52:49.713 | info     |           Metal | Finalize dfb: dfb_offset == base_offset: 0, dfb size: 0, return value: 0 (dataflow_buffer.cpp:1656)
2026-08-29 10:52:49.713 | info     |           Metal | Finalize dfb: dfb_offset == base_offset: 0, dfb size: 0, return value: 0 (dataflow_buffer.cpp:1656)
2026-08-29 10:52:49.720 | info     |           Metal | Finalize dfb: dfb_offset == base_offset: 80, dfb size: 32, return value: 112 (dataflow_buffer.cpp:1656)
2026-08-29 10:52:49.720 | info     |           Metal | Finalize dfb: dfb_offset == base_offset: 0, dfb size: 0, return value: 0 (dataflow_buffer.cpp:1656)
2026-08-29 10:52:49.720 | info     |           Metal | Finalize dfb: dfb_offset == base_offset: 0, dfb size: 0, return value: 0 (dataflow_buffer.cpp:1656)
2026-08-29 10:52:49.843 | warning  |              Op | rotary_embedding_llama sequence tile coverage mismatch: input_Ht=128, cos_Ht=4096, sin_Ht=4096, rotary_Ht=128. Tiles beyond rotary_Ht will be zero-filled in the output. (rotary_embedding_llama_multi_core_program_factory.cpp:62)
2026-08-29 10:52:49.916 | info     |           Metal | Finalize dfb: dfb_offset == base_offset: 144, dfb size: 144, return value: 288 (dataflow_buffer.cpp:1656)
2026-08-29 10:52:49.916 | info     |           Metal | Finalize dfb: dfb_offset == base_offset: 0, dfb size: 0, return value: 0 (dataflow_buffer.cpp:1656)
2026-08-29 10:52:49.916 | info     |           Metal | Finalize dfb: dfb_offset == base_offset: 0, dfb size: 0, return value: 0 (dataflow_buffer.cpp:1656)
2026-08-29 10:52:49.922 | info     |           Metal | Finalize dfb: dfb_offset == base_offset: 80, dfb size: 32, return value: 112 (dataflow_buffer.cpp:1656)
2026-08-29 10:52:49.922 | info     |           Metal | Finalize dfb: dfb_offset == base_offset: 0, dfb size: 0, return value: 0 (dataflow_buffer.cpp:1656)
2026-08-29 10:52:49.922 | info     |           Metal | Finalize dfb: dfb_offset == base_offset: 0, dfb size: 0, return value: 0 (dataflow_buffer.cpp:1656)
2026-08-29 10:52:49.927 | info     |           Metal | Finalize dfb: dfb_offset == base_offset: 80, dfb size: 32, return value: 112 (dataflow_buffer.cpp:1656)
2026-08-29 10:52:49.927 | info     |           Metal | Finalize dfb: dfb_offset == base_offset: 0, dfb size: 0, return value: 0 (dataflow_buffer.cpp:1656)
2026-08-29 10:52:49.927 | info     |           Metal | Finalize dfb: dfb_offset == base_offset: 0, dfb size: 0, return value: 0 (dataflow_buffer.cpp:1656)
2026-08-29 10:52:50.103 | info     |           Metal | Finalize dfb: dfb_offset == base_offset: 80, dfb size: 32, return value: 112 (dataflow_buffer.cpp:1656)
2026-08-29 10:52:50.103 | info     |           Metal | Finalize dfb: dfb_offset == base_offset: 0, dfb size: 0, return value: 0 (dataflow_buffer.cpp:1656)
2026-08-29 10:52:50.103 | info     |           Metal | Finalize dfb: dfb_offset == base_offset: 0, dfb size: 0, return value: 0 (dataflow_buffer.cpp:1656)
2026-08-29 10:53:25.750 | INFO     | models.demos.llama3_70b_galaxy.tt.generator:_capture_trace_prefill:1135 - Done Compiling Model
2026-08-29 10:53:28.442 | INFO     | models.demos.llama3_70b_galaxy.tt.generator:_capture_trace_prefill:1175 - Done Capturing Prefill Trace
2026-08-29 10:53:28.443 | INFO     | models.demos.llama3_70b_galaxy.tt.generator:_easy_trace_prefill:1042 - Executing prefill trace
2026-08-29 10:53:28.899 | INFO     | models.demos.llama3_70b_galaxy.tt.generator:prefill_warmup:266 - Skipping warmup step for prefill sequence length 4096, batch size: 32
2026-08-29 10:53:28.900 | INFO     | models.demos.llama3_70b_galaxy.tt.generator:prefill_warmup:270 - Running warmup prefill for sequence length: 8192, batch size: 1
2026-08-29 10:53:28.900 | INFO     | models.demos.llama3_70b_galaxy.tt.generator:prefill_warmup:296 - Warming up prefill sequence length: 8192 for batch size: 1 with sampling params: None
2026-08-29 10:53:28.900 | INFO     | models.demos.llama3_70b_galaxy.tt.generator:prefill_forward_text:551 - Prefilling User 0, use_batched_prefill: False, prompt_lens: 8192, prefill_seq_len: 8192, num_cached_tokens: 0
2026-08-29 10:53:34.120 | info     |           Metal | Finalize dfb: dfb_offset == base_offset: 80, dfb size: 32, return value: 112 (dataflow_buffer.cpp:1656)
2026-08-29 10:53:34.120 | info     |           Metal | Finalize dfb: dfb_offset == base_offset: 0, dfb size: 0, return value: 0 (dataflow_buffer.cpp:1656)
2026-08-29 10:53:34.120 | info     |           Metal | Finalize dfb: dfb_offset == base_offset: 0, dfb size: 0, return value: 0 (dataflow_buffer.cpp:1656)
2026-08-29 10:53:39.323 | info     |           Metal | Finalize dfb: dfb_offset == base_offset: 80, dfb size: 32, return value: 112 (dataflow_buffer.cpp:1656)
2026-08-29 10:53:39.323 | info     |           Metal | Finalize dfb: dfb_offset == base_offset: 0, dfb size: 0, return value: 0 (dataflow_buffer.cpp:1656)
2026-08-29 10:53:39.323 | info     |           Metal | Finalize dfb: dfb_offset == base_offset: 0, dfb size: 0, return value: 0 (dataflow_buffer.cpp:1656)
2026-08-29 10:53:39.483 | warning  |              Op | rotary_embedding_llama sequence tile coverage mismatch: input_Ht=256, cos_Ht=4096, sin_Ht=4096, rotary_Ht=256. Tiles beyond rotary_Ht will be zero-filled in the output. (rotary_embedding_llama_multi_core_program_factory.cpp:62)
2026-08-29 10:53:39.583 | info     |           Metal | Finalize dfb: dfb_offset == base_offset: 144, dfb size: 144, return value: 288 (dataflow_buffer.cpp:1656)
2026-08-29 10:53:39.583 | info     |           Metal | Finalize dfb: dfb_offset == base_offset: 0, dfb size: 0, return value: 0 (dataflow_buffer.cpp:1656)
2026-08-29 10:53:39.583 | info     |           Metal | Finalize dfb: dfb_offset == base_offset: 0, dfb size: 0, return value: 0 (dataflow_buffer.cpp:1656)
2026-08-29 10:53:39.592 | info     |           Metal | Finalize dfb: dfb_offset == base_offset: 80, dfb size: 32, return value: 112 (dataflow_buffer.cpp:1656)
2026-08-29 10:53:39.592 | info     |           Metal | Finalize dfb: dfb_offset == base_offset: 0, dfb size: 0, return value: 0 (dataflow_buffer.cpp:1656)
2026-08-29 10:53:39.592 | info     |           Metal | Finalize dfb: dfb_offset == base_offset: 0, dfb size: 0, return value: 0 (dataflow_buffer.cpp:1656)
2026-08-29 10:53:39.741 | warning  |              Op | rotary_embedding_llama sequence tile coverage mismatch: input_Ht=256, cos_Ht=4096, sin_Ht=4096, rotary_Ht=256. Tiles beyond rotary_Ht will be zero-filled in the output. (rotary_embedding_llama_multi_core_program_factory.cpp:62)
2026-08-29 10:53:39.824 | info     |           Metal | Finalize dfb: dfb_offset == base_offset: 144, dfb size: 144, return value: 288 (dataflow_buffer.cpp:1656)
2026-08-29 10:53:39.824 | info     |           Metal | Finalize dfb: dfb_offset == base_offset: 0, dfb size: 0, return value: 0 (dataflow_buffer.cpp:1656)
2026-08-29 10:53:39.824 | info     |           Metal | Finalize dfb: dfb_offset == base_offset: 0, dfb size: 0, return value: 0 (dataflow_buffer.cpp:1656)
2026-08-29 10:53:39.831 | info     |           Metal | Finalize dfb: dfb_offset == base_offset: 80, dfb size: 32, return value: 112 (dataflow_buffer.cpp:1656)
2026-08-29 10:53:39.831 | info     |           Metal | Finalize dfb: dfb_offset == base_offset: 0, dfb size: 0, return value: 0 (dataflow_buffer.cpp:1656)
2026-08-29 10:53:39.831 | info     |           Metal | Finalize dfb: dfb_offset == base_offset: 0, dfb size: 0, return value: 0 (dataflow_buffer.cpp:1656)
2026-08-29 10:53:39.905 | info     |           Metal | Finalize dfb: dfb_offset == base_offset: 80, dfb size: 32, return value: 112 (dataflow_buffer.cpp:1656)
2026-08-29 10:53:39.905 | info     |           Metal | Finalize dfb: dfb_offset == base_offset: 0, dfb size: 0, return value: 0 (dataflow_buffer.cpp:1656)
2026-08-29 10:53:39.905 | info     |           Metal | Finalize dfb: dfb_offset == base_offset: 0, dfb size: 0, return value: 0 (dataflow_buffer.cpp:1656)
2026-08-29 10:53:40.184 | info     |           Metal | Finalize dfb: dfb_offset == base_offset: 80, dfb size: 32, return value: 112 (dataflow_buffer.cpp:1656)
2026-08-29 10:53:40.184 | info     |           Metal | Finalize dfb: dfb_offset == base_offset: 0, dfb size: 0, return value: 0 (dataflow_buffer.cpp:1656)
2026-08-29 10:53:40.184 | info     |           Metal | Finalize dfb: dfb_offset == base_offset: 0, dfb size: 0, return value: 0 (dataflow_buffer.cpp:1656)
2026-08-29 10:54:14.876 | INFO     | models.demos.llama3_70b_galaxy.tt.generator:prefill_warmup:266 - Skipping warmup step for prefill sequence length 8192, batch size: 32
2026-08-29 10:54:14.876 | INFO     | models.demos.llama3_70b_galaxy.tt.generator:prefill_warmup:270 - Running warmup prefill for sequence length: 16384, batch size: 1
2026-08-29 10:54:14.877 | INFO     | models.demos.llama3_70b_galaxy.tt.generator:prefill_warmup:296 - Warming up prefill sequence length: 16384 for batch size: 1 with sampling params: None
2026-08-29 10:54:14.877 | INFO     | models.demos.llama3_70b_galaxy.tt.generator:prefill_forward_text:551 - Prefilling User 0, use_batched_prefill: False, prompt_lens: 16384, prefill_seq_len: 16384, num_cached_tokens: 0
2026-08-29 10:54:20.159 | info     |           Metal | Finalize dfb: dfb_offset == base_offset: 80, dfb size: 32, return value: 112 (dataflow_buffer.cpp:1656)
2026-08-29 10:54:20.159 | info     |           Metal | Finalize dfb: dfb_offset == base_offset: 0, dfb size: 0, return value: 0 (dataflow_buffer.cpp:1656)
2026-08-29 10:54:20.159 | info     |           Metal | Finalize dfb: dfb_offset == base_offset: 0, dfb size: 0, return value: 0 (dataflow_buffer.cpp:1656)
2026-08-29 10:54:25.759 | info     |           Metal | Finalize dfb: dfb_offset == base_offset: 80, dfb size: 32, return value: 112 (dataflow_buffer.cpp:1656)
2026-08-29 10:54:25.759 | info     |           Metal | Finalize dfb: dfb_offset == base_offset: 0, dfb size: 0, return value: 0 (dataflow_buffer.cpp:1656)
2026-08-29 10:54:25.759 | info     |           Metal | Finalize dfb: dfb_offset == base_offset: 0, dfb size: 0, return value: 0 (dataflow_buffer.cpp:1656)
2026-08-29 10:54:25.949 | warning  |              Op | rotary_embedding_llama sequence tile coverage mismatch: input_Ht=512, cos_Ht=4096, sin_Ht=4096, rotary_Ht=512. Tiles beyond rotary_Ht will be zero-filled in the output. (rotary_embedding_llama_multi_core_program_factory.cpp:62)
2026-08-29 10:54:26.024 | info     |           Metal | Finalize dfb: dfb_offset == base_offset: 144, dfb size: 144, return value: 288 (dataflow_buffer.cpp:1656)
2026-08-29 10:54:26.024 | info     |           Metal | Finalize dfb: dfb_offset == base_offset: 0, dfb size: 0, return value: 0 (dataflow_buffer.cpp:1656)
2026-08-29 10:54:26.024 | info     |           Metal | Finalize dfb: dfb_offset == base_offset: 0, dfb size: 0, return value: 0 (dataflow_buffer.cpp:1656)
2026-08-29 10:54:26.032 | info     |           Metal | Finalize dfb: dfb_offset == base_offset: 80, dfb size: 32, return value: 112 (dataflow_buffer.cpp:1656)
2026-08-29 10:54:26.032 | info     |           Metal | Finalize dfb: dfb_offset == base_offset: 0, dfb size: 0, return value: 0 (dataflow_buffer.cpp:1656)
2026-08-29 10:54:26.032 | info     |           Metal | Finalize dfb: dfb_offset == base_offset: 0, dfb size: 0, return value: 0 (dataflow_buffer.cpp:1656)
2026-08-29 10:54:26.217 | warning  |              Op | rotary_embedding_llama sequence tile coverage mismatch: input_Ht=512, cos_Ht=4096, sin_Ht=4096, rotary_Ht=512. Tiles beyond rotary_Ht will be zero-filled in the output. (rotary_embedding_llama_multi_core_program_factory.cpp:62)
2026-08-29 10:54:26.295 | info     |           Metal | Finalize dfb: dfb_offset == base_offset: 144, dfb size: 144, return value: 288 (dataflow_buffer.cpp:1656)
2026-08-29 10:54:26.295 | info     |           Metal | Finalize dfb: dfb_offset == base_offset: 0, dfb size: 0, return value: 0 (dataflow_buffer.cpp:1656)
2026-08-29 10:54:26.295 | info     |           Metal | Finalize dfb: dfb_offset == base_offset: 0, dfb size: 0, return value: 0 (dataflow_buffer.cpp:1656)
2026-08-29 10:54:26.301 | info     |           Metal | Finalize dfb: dfb_offset == base_offset: 80, dfb size: 32, return value: 112 (dataflow_buffer.cpp:1656)
2026-08-29 10:54:26.302 | info     |           Metal | Finalize dfb: dfb_offset == base_offset: 0, dfb size: 0, return value: 0 (dataflow_buffer.cpp:1656)
2026-08-29 10:54:26.302 | info     |           Metal | Finalize dfb: dfb_offset == base_offset: 0, dfb size: 0, return value: 0 (dataflow_buffer.cpp:1656)
2026-08-29 10:54:26.376 | info     |           Metal | Finalize dfb: dfb_offset == base_offset: 80, dfb size: 32, return value: 112 (dataflow_buffer.cpp:1656)
2026-08-29 10:54:26.376 | info     |           Metal | Finalize dfb: dfb_offset == base_offset: 0, dfb size: 0, return value: 0 (dataflow_buffer.cpp:1656)
2026-08-29 10:54:26.376 | info     |           Metal | Finalize dfb: dfb_offset == base_offset: 0, dfb size: 0, return value: 0 (dataflow_buffer.cpp:1656)
2026-08-29 10:54:26.693 | info     |           Metal | Finalize dfb: dfb_offset == base_offset: 80, dfb size: 32, return value: 112 (dataflow_buffer.cpp:1656)
2026-08-29 10:54:26.693 | info     |           Metal | Finalize dfb: dfb_offset == base_offset: 0, dfb size: 0, return value: 0 (dataflow_buffer.cpp:1656)
2026-08-29 10:54:26.693 | info     |           Metal | Finalize dfb: dfb_offset == base_offset: 0, dfb size: 0, return value: 0 (dataflow_buffer.cpp:1656)
2026-08-29 10:55:02.481 | INFO     | models.demos.llama3_70b_galaxy.tt.generator:prefill_warmup:266 - Skipping warmup step for prefill sequence length 16384, batch size: 32
2026-08-29 10:55:02.481 | INFO     | models.demos.llama3_70b_galaxy.tt.generator:prefill_warmup:270 - Running warmup prefill for sequence length: 32768, batch size: 1
2026-08-29 10:55:02.482 | INFO     | models.demos.llama3_70b_galaxy.tt.generator:prefill_warmup:296 - Warming up prefill sequence length: 32768 for batch size: 1 with sampling params: None
2026-08-29 10:55:02.482 | INFO     | models.demos.llama3_70b_galaxy.tt.generator:prefill_forward_text:551 - Prefilling User 0, use_batched_prefill: False, prompt_lens: 32768, prefill_seq_len: 32768, num_cached_tokens: 0
2026-08-29 10:55:07.812 | info     |           Metal | Finalize dfb: dfb_offset == base_offset: 80, dfb size: 32, return value: 112 (dataflow_buffer.cpp:1656)
2026-08-29 10:55:07.812 | info     |           Metal | Finalize dfb: dfb_offset == base_offset: 0, dfb size: 0, return value: 0 (dataflow_buffer.cpp:1656)
2026-08-29 10:55:07.812 | info     |           Metal | Finalize dfb: dfb_offset == base_offset: 0, dfb size: 0, return value: 0 (dataflow_buffer.cpp:1656)
2026-08-29 10:55:13.577 | info     |           Metal | Finalize dfb: dfb_offset == base_offset: 80, dfb size: 32, return value: 112 (dataflow_buffer.cpp:1656)
2026-08-29 10:55:13.577 | info     |           Metal | Finalize dfb: dfb_offset == base_offset: 0, dfb size: 0, return value: 0 (dataflow_buffer.cpp:1656)
2026-08-29 10:55:13.577 | info     |           Metal | Finalize dfb: dfb_offset == base_offset: 0, dfb size: 0, return value: 0 (dataflow_buffer.cpp:1656)
2026-08-29 10:55:13.811 | warning  |              Op | rotary_embedding_llama sequence tile coverage mismatch: input_Ht=1024, cos_Ht=4096, sin_Ht=4096, rotary_Ht=1024. Tiles beyond rotary_Ht will be zero-filled in the output. (rotary_embedding_llama_multi_core_program_factory.cpp:62)
2026-08-29 10:55:13.889 | info     |           Metal | Finalize dfb: dfb_offset == base_offset: 144, dfb size: 144, return value: 288 (dataflow_buffer.cpp:1656)
2026-08-29 10:55:13.889 | info     |           Metal | Finalize dfb: dfb_offset == base_offset: 0, dfb size: 0, return value: 0 (dataflow_buffer.cpp:1656)
2026-08-29 10:55:13.889 | info     |           Metal | Finalize dfb: dfb_offset == base_offset: 0, dfb size: 0, return value: 0 (dataflow_buffer.cpp:1656)
2026-08-29 10:55:13.895 | info     |           Metal | Finalize dfb: dfb_offset == base_offset: 80, dfb size: 32, return value: 112 (dataflow_buffer.cpp:1656)
2026-08-29 10:55:13.895 | info     |           Metal | Finalize dfb: dfb_offset == base_offset: 0, dfb size: 0, return value: 0 (dataflow_buffer.cpp:1656)
2026-08-29 10:55:13.895 | info     |           Metal | Finalize dfb: dfb_offset == base_offset: 0, dfb size: 0, return value: 0 (dataflow_buffer.cpp:1656)
2026-08-29 10:55:14.119 | warning  |              Op | rotary_embedding_llama sequence tile coverage mismatch: input_Ht=1024, cos_Ht=4096, sin_Ht=4096, rotary_Ht=1024. Tiles beyond rotary_Ht will be zero-filled in the output. (rotary_embedding_llama_multi_core_program_factory.cpp:62)
2026-08-29 10:55:14.194 | info     |           Metal | Finalize dfb: dfb_offset == base_offset: 144, dfb size: 144, return value: 288 (dataflow_buffer.cpp:1656)
2026-08-29 10:55:14.194 | info     |           Metal | Finalize dfb: dfb_offset == base_offset: 0, dfb size: 0, return value: 0 (dataflow_buffer.cpp:1656)
2026-08-29 10:55:14.194 | info     |           Metal | Finalize dfb: dfb_offset == base_offset: 0, dfb size: 0, return value: 0 (dataflow_buffer.cpp:1656)
2026-08-29 10:55:14.200 | info     |           Metal | Finalize dfb: dfb_offset == base_offset: 80, dfb size: 32, return value: 112 (dataflow_buffer.cpp:1656)
2026-08-29 10:55:14.200 | info     |           Metal | Finalize dfb: dfb_offset == base_offset: 0, dfb size: 0, return value: 0 (dataflow_buffer.cpp:1656)
2026-08-29 10:55:14.200 | info     |           Metal | Finalize dfb: dfb_offset == base_offset: 0, dfb size: 0, return value: 0 (dataflow_buffer.cpp:1656)
2026-08-29 10:55:14.273 | info     |           Metal | Finalize dfb: dfb_offset == base_offset: 80, dfb size: 32, return value: 112 (dataflow_buffer.cpp:1656)
2026-08-29 10:55:14.273 | info     |           Metal | Finalize dfb: dfb_offset == base_offset: 0, dfb size: 0, return value: 0 (dataflow_buffer.cpp:1656)
2026-08-29 10:55:14.273 | info     |           Metal | Finalize dfb: dfb_offset == base_offset: 0, dfb size: 0, return value: 0 (dataflow_buffer.cpp:1656)
2026-08-29 10:55:14.681 | info     |           Metal | Finalize dfb: dfb_offset == base_offset: 80, dfb size: 32, return value: 112 (dataflow_buffer.cpp:1656)
2026-08-29 10:55:14.681 | info     |           Metal | Finalize dfb: dfb_offset == base_offset: 0, dfb size: 0, return value: 0 (dataflow_buffer.cpp:1656)
2026-08-29 10:55:14.681 | info     |           Metal | Finalize dfb: dfb_offset == base_offset: 0, dfb size: 0, return value: 0 (dataflow_buffer.cpp:1656)
2026-08-29 10:55:55.543 | INFO     | models.demos.llama3_70b_galaxy.tt.generator:prefill_warmup:266 - Skipping warmup step for prefill sequence length 32768, batch size: 32
2026-08-29 10:55:55.544 | INFO     | models.demos.llama3_70b_galaxy.tt.generator:prefill_warmup:270 - Running warmup prefill for sequence length: 65536, batch size: 1
2026-08-29 10:55:55.544 | INFO     | models.demos.llama3_70b_galaxy.tt.generator:prefill_warmup:296 - Warming up prefill sequence length: 65536 for batch size: 1 with sampling params: None
2026-08-29 10:55:55.544 | INFO     | models.demos.llama3_70b_galaxy.tt.generator:prefill_forward_text:551 - Prefilling User 0, use_batched_prefill: False, prompt_lens: 65536, prefill_seq_len: 65536, num_cached_tokens: 0
2026-08-29 10:56:00.913 | info     |           Metal | Finalize dfb: dfb_offset == base_offset: 80, dfb size: 32, return value: 112 (dataflow_buffer.cpp:1656)
2026-08-29 10:56:00.913 | info     |           Metal | Finalize dfb: dfb_offset == base_offset: 0, dfb size: 0, return value: 0 (dataflow_buffer.cpp:1656)
2026-08-29 10:56:00.913 | info     |           Metal | Finalize dfb: dfb_offset == base_offset: 0, dfb size: 0, return value: 0 (dataflow_buffer.cpp:1656)
2026-08-29 10:56:07.010 | info     |           Metal | Finalize dfb: dfb_offset == base_offset: 80, dfb size: 32, return value: 112 (dataflow_buffer.cpp:1656)
2026-08-29 10:56:07.010 | info     |           Metal | Finalize dfb: dfb_offset == base_offset: 0, dfb size: 0, return value: 0 (dataflow_buffer.cpp:1656)
2026-08-29 10:56:07.010 | info     |           Metal | Finalize dfb: dfb_offset == base_offset: 0, dfb size: 0, return value: 0 (dataflow_buffer.cpp:1656)
2026-08-29 10:56:07.272 | warning  |              Op | rotary_embedding_llama sequence tile coverage mismatch: input_Ht=2048, cos_Ht=4096, sin_Ht=4096, rotary_Ht=2048. Tiles beyond rotary_Ht will be zero-filled in the output. (rotary_embedding_llama_multi_core_program_factory.cpp:62)
2026-08-29 10:56:07.354 | info     |           Metal | Finalize dfb: dfb_offset == base_offset: 144, dfb size: 144, return value: 288 (dataflow_buffer.cpp:1656)
2026-08-29 10:56:07.354 | info     |           Metal | Finalize dfb: dfb_offset == base_offset: 0, dfb size: 0, return value: 0 (dataflow_buffer.cpp:1656)
2026-08-29 10:56:07.354 | info     |           Metal | Finalize dfb: dfb_offset == base_offset: 0, dfb size: 0, return value: 0 (dataflow_buffer.cpp:1656)
2026-08-29 10:56:07.360 | info     |           Metal | Finalize dfb: dfb_offset == base_offset: 80, dfb size: 32, return value: 112 (dataflow_buffer.cpp:1656)
2026-08-29 10:56:07.360 | info     |           Metal | Finalize dfb: dfb_offset == base_offset: 0, dfb size: 0, return value: 0 (dataflow_buffer.cpp:1656)
2026-08-29 10:56:07.360 | info     |           Metal | Finalize dfb: dfb_offset == base_offset: 0, dfb size: 0, return value: 0 (dataflow_buffer.cpp:1656)
2026-08-29 10:56:07.615 | warning  |              Op | rotary_embedding_llama sequence tile coverage mismatch: input_Ht=2048, cos_Ht=4096, sin_Ht=4096, rotary_Ht=2048. Tiles beyond rotary_Ht will be zero-filled in the output. (rotary_embedding_llama_multi_core_program_factory.cpp:62)
2026-08-29 10:56:07.697 | info     |           Metal | Finalize dfb: dfb_offset == base_offset: 144, dfb size: 144, return value: 288 (dataflow_buffer.cpp:1656)
2026-08-29 10:56:07.697 | info     |           Metal | Finalize dfb: dfb_offset == base_offset: 0, dfb size: 0, return value: 0 (dataflow_buffer.cpp:1656)
2026-08-29 10:56:07.697 | info     |           Metal | Finalize dfb: dfb_offset == base_offset: 0, dfb size: 0, return value: 0 (dataflow_buffer.cpp:1656)
2026-08-29 10:56:07.705 | info     |           Metal | Finalize dfb: dfb_offset == base_offset: 80, dfb size: 32, return value: 112 (dataflow_buffer.cpp:1656)
2026-08-29 10:56:07.705 | info     |           Metal | Finalize dfb: dfb_offset == base_offset: 0, dfb size: 0, return value: 0 (dataflow_buffer.cpp:1656)
2026-08-29 10:56:07.705 | info     |           Metal | Finalize dfb: dfb_offset == base_offset: 0, dfb size: 0, return value: 0 (dataflow_buffer.cpp:1656)
2026-08-29 10:56:07.784 | info     |           Metal | Finalize dfb: dfb_offset == base_offset: 80, dfb size: 32, return value: 112 (dataflow_buffer.cpp:1656)
2026-08-29 10:56:07.784 | info     |           Metal | Finalize dfb: dfb_offset == base_offset: 0, dfb size: 0, return value: 0 (dataflow_buffer.cpp:1656)
2026-08-29 10:56:07.784 | info     |           Metal | Finalize dfb: dfb_offset == base_offset: 0, dfb size: 0, return value: 0 (dataflow_buffer.cpp:1656)
2026-08-29 10:56:08.213 | info     |           Metal | Finalize dfb: dfb_offset == base_offset: 80, dfb size: 32, return value: 112 (dataflow_buffer.cpp:1656)
2026-08-29 10:56:08.213 | info     |           Metal | Finalize dfb: dfb_offset == base_offset: 0, dfb size: 0, return value: 0 (dataflow_buffer.cpp:1656)
2026-08-29 10:56:08.213 | info     |           Metal | Finalize dfb: dfb_offset == base_offset: 0, dfb size: 0, return value: 0 (dataflow_buffer.cpp:1656)
2026-08-29 10:56:55.679 | INFO     | models.demos.llama3_70b_galaxy.tt.generator:prefill_warmup:266 - Skipping warmup step for prefill sequence length 65536, batch size: 32
2026-08-29 10:56:55.680 | INFO     | models.demos.llama3_70b_galaxy.tt.generator:prefill_warmup:270 - Running warmup prefill for sequence length: 131072, batch size: 1
2026-08-29 10:56:55.680 | INFO     | models.demos.llama3_70b_galaxy.tt.generator:prefill_warmup:296 - Warming up prefill sequence length: 131072 for batch size: 1 with sampling params: None
2026-08-29 10:56:55.680 | INFO     | models.demos.llama3_70b_galaxy.tt.generator:prefill_forward_text:551 - Prefilling User 0, use_batched_prefill: False, prompt_lens: 131072, prefill_seq_len: 131072, num_cached_tokens: 0
2026-08-29 10:57:01.211 | info     |           Metal | Finalize dfb: dfb_offset == base_offset: 80, dfb size: 32, return value: 112 (dataflow_buffer.cpp:1656)
2026-08-29 10:57:01.211 | info     |           Metal | Finalize dfb: dfb_offset == base_offset: 0, dfb size: 0, return value: 0 (dataflow_buffer.cpp:1656)
2026-08-29 10:57:01.211 | info     |           Metal | Finalize dfb: dfb_offset == base_offset: 0, dfb size: 0, return value: 0 (dataflow_buffer.cpp:1656)
2026-08-29 10:57:07.616 | info     |           Metal | Finalize dfb: dfb_offset == base_offset: 80, dfb size: 32, return value: 112 (dataflow_buffer.cpp:1656)
2026-08-29 10:57:07.616 | info     |           Metal | Finalize dfb: dfb_offset == base_offset: 0, dfb size: 0, return value: 0 (dataflow_buffer.cpp:1656)
2026-08-29 10:57:07.616 | info     |           Metal | Finalize dfb: dfb_offset == base_offset: 0, dfb size: 0, return value: 0 (dataflow_buffer.cpp:1656)
2026-08-29 10:57:07.999 | info     |           Metal | Finalize dfb: dfb_offset == base_offset: 144, dfb size: 144, return value: 288 (dataflow_buffer.cpp:1656)
2026-08-29 10:57:07.999 | info     |           Metal | Finalize dfb: dfb_offset == base_offset: 0, dfb size: 0, return value: 0 (dataflow_buffer.cpp:1656)
2026-08-29 10:57:07.999 | info     |           Metal | Finalize dfb: dfb_offset == base_offset: 0, dfb size: 0, return value: 0 (dataflow_buffer.cpp:1656)
2026-08-29 10:57:08.009 | info     |           Metal | Finalize dfb: dfb_offset == base_offset: 80, dfb size: 32, return value: 112 (dataflow_buffer.cpp:1656)
2026-08-29 10:57:08.009 | info     |           Metal | Finalize dfb: dfb_offset == base_offset: 0, dfb size: 0, return value: 0 (dataflow_buffer.cpp:1656)
2026-08-29 10:57:08.009 | info     |           Metal | Finalize dfb: dfb_offset == base_offset: 0, dfb size: 0, return value: 0 (dataflow_buffer.cpp:1656)
2026-08-29 10:57:08.400 | info     |           Metal | Finalize dfb: dfb_offset == base_offset: 144, dfb size: 144, return value: 288 (dataflow_buffer.cpp:1656)
2026-08-29 10:57:08.400 | info     |           Metal | Finalize dfb: dfb_offset == base_offset: 0, dfb size: 0, return value: 0 (dataflow_buffer.cpp:1656)
2026-08-29 10:57:08.400 | info     |           Metal | Finalize dfb: dfb_offset == base_offset: 0, dfb size: 0, return value: 0 (dataflow_buffer.cpp:1656)
2026-08-29 10:57:08.406 | info     |           Metal | Finalize dfb: dfb_offset == base_offset: 80, dfb size: 32, return value: 112 (dataflow_buffer.cpp:1656)
2026-08-29 10:57:08.406 | info     |           Metal | Finalize dfb: dfb_offset == base_offset: 0, dfb size: 0, return value: 0 (dataflow_buffer.cpp:1656)
2026-08-29 10:57:08.406 | info     |           Metal | Finalize dfb: dfb_offset == base_offset: 0, dfb size: 0, return value: 0 (dataflow_buffer.cpp:1656)
2026-08-29 10:57:08.488 | info     |           Metal | Finalize dfb: dfb_offset == base_offset: 80, dfb size: 32, return value: 112 (dataflow_buffer.cpp:1656)
2026-08-29 10:57:08.488 | info     |           Metal | Finalize dfb: dfb_offset == base_offset: 0, dfb size: 0, return value: 0 (dataflow_buffer.cpp:1656)
2026-08-29 10:57:08.488 | info     |           Metal | Finalize dfb: dfb_offset == base_offset: 0, dfb size: 0, return value: 0 (dataflow_buffer.cpp:1656)
2026-08-29 10:57:08.936 | info     |           Metal | Finalize dfb: dfb_offset == base_offset: 80, dfb size: 32, return value: 112 (dataflow_buffer.cpp:1656)
2026-08-29 10:57:08.936 | info     |           Metal | Finalize dfb: dfb_offset == base_offset: 0, dfb size: 0, return value: 0 (dataflow_buffer.cpp:1656)
2026-08-29 10:57:08.936 | info     |           Metal | Finalize dfb: dfb_offset == base_offset: 0, dfb size: 0, return value: 0 (dataflow_buffer.cpp:1656)
2026-08-29 10:58:09.664 | INFO     | models.demos.llama3_70b_galaxy.tt.generator:prefill_warmup:266 - Skipping warmup step for prefill sequence length 131072, batch size: 32
2026-08-29 10:58:09.664 | INFO     | models.demos.llama3_70b_galaxy.tt.prefetcher_common:__init__:33 - Running TtLlamaPrefetcherSetup
2026-08-29 10:58:09.667 | INFO     | models.demos.llama3_70b_galaxy.tt.prefetcher_common:__init__:33 - Running TtLlamaPrefetcherSetup
2026-08-29 10:58:09.668 | INFO     | models.demos.llama3_70b_galaxy.tt.generator:prefill_warmup:335 - Running warmup prefill for prefix caching: prefill_seq_len=128, num_cached=128, total_seq_len=256
2026-08-29 10:58:09.668 | INFO     | models.demos.llama3_70b_galaxy.tt.generator:prefill_forward_text:551 - Prefilling User 0, use_batched_prefill: False, prompt_lens: 256, prefill_seq_len: 128, num_cached_tokens: 128
2026-08-29 10:58:12.081 | warning  |              Op | rotary_embedding_llama sequence tile coverage mismatch: input_Ht=4, cos_Ht=128, sin_Ht=128, rotary_Ht=4. Tiles beyond rotary_Ht will be zero-filled in the output. (rotary_embedding_llama_multi_core_program_factory.cpp:62)
2026-08-29 10:58:12.188 | info     |           Metal | Finalize dfb: dfb_offset == base_offset: 144, dfb size: 144, return value: 288 (dataflow_buffer.cpp:1656)
2026-08-29 10:58:12.188 | info     |           Metal | Finalize dfb: dfb_offset == base_offset: 0, dfb size: 0, return value: 0 (dataflow_buffer.cpp:1656)
2026-08-29 10:58:12.188 | info     |           Metal | Finalize dfb: dfb_offset == base_offset: 0, dfb size: 0, return value: 0 (dataflow_buffer.cpp:1656)
2026-08-29 10:58:12.191 | warning  |              Op | rotary_embedding_llama sequence tile coverage mismatch: input_Ht=4, cos_Ht=128, sin_Ht=128, rotary_Ht=4. Tiles beyond rotary_Ht will be zero-filled in the output. (rotary_embedding_llama_multi_core_program_factory.cpp:62)
2026-08-29 10:58:12.246 | info     |           Metal | Finalize dfb: dfb_offset == base_offset: 144, dfb size: 144, return value: 288 (dataflow_buffer.cpp:1656)
2026-08-29 10:58:12.246 | info     |           Metal | Finalize dfb: dfb_offset == base_offset: 0, dfb size: 0, return value: 0 (dataflow_buffer.cpp:1656)
2026-08-29 10:58:12.246 | info     |           Metal | Finalize dfb: dfb_offset == base_offset: 0, dfb size: 0, return value: 0 (dataflow_buffer.cpp:1656)
2026-08-29 10:58:19.786 | INFO     | models.demos.llama3_70b_galaxy.tt.generator:_capture_trace_prefill:1135 - Done Compiling Model
2026-08-29 10:58:21.286 | INFO     | models.demos.llama3_70b_galaxy.tt.generator:_capture_trace_prefill:1175 - Done Capturing Prefill Trace
2026-08-29 10:58:21.287 | INFO     | models.demos.llama3_70b_galaxy.tt.generator:_easy_trace_prefill:1042 - Executing prefill trace
2026-08-29 10:58:21.346 | INFO     | models.demos.llama3_70b_galaxy.tt.generator:prefill_warmup:335 - Running warmup prefill for prefix caching: prefill_seq_len=1024, num_cached=128, total_seq_len=1152
2026-08-29 10:58:21.347 | INFO     | models.demos.llama3_70b_galaxy.tt.generator:prefill_forward_text:551 - Prefilling User 0, use_batched_prefill: False, prompt_lens: 1152, prefill_seq_len: 1024, num_cached_tokens: 128
2026-08-29 10:58:21.358 | warning  |              Op | rotary_embedding_llama sequence tile coverage mismatch: input_Ht=32, cos_Ht=128, sin_Ht=128, rotary_Ht=32. Tiles beyond rotary_Ht will be zero-filled in the output. (rotary_embedding_llama_multi_core_program_factory.cpp:62)
2026-08-29 10:58:21.474 | info     |           Metal | Finalize dfb: dfb_offset == base_offset: 144, dfb size: 144, return value: 288 (dataflow_buffer.cpp:1656)
2026-08-29 10:58:21.474 | info     |           Metal | Finalize dfb: dfb_offset == base_offset: 0, dfb size: 0, return value: 0 (dataflow_buffer.cpp:1656)
2026-08-29 10:58:21.474 | info     |           Metal | Finalize dfb: dfb_offset == base_offset: 0, dfb size: 0, return value: 0 (dataflow_buffer.cpp:1656)
2026-08-29 10:58:21.478 | warning  |              Op | rotary_embedding_llama sequence tile coverage mismatch: input_Ht=32, cos_Ht=128, sin_Ht=128, rotary_Ht=32. Tiles beyond rotary_Ht will be zero-filled in the output. (rotary_embedding_llama_multi_core_program_factory.cpp:62)
2026-08-29 10:58:21.530 | info     |           Metal | Finalize dfb: dfb_offset == base_offset: 144, dfb size: 144, return value: 288 (dataflow_buffer.cpp:1656)
2026-08-29 10:58:21.530 | info     |           Metal | Finalize dfb: dfb_offset == base_offset: 0, dfb size: 0, return value: 0 (dataflow_buffer.cpp:1656)
2026-08-29 10:58:21.530 | info     |           Metal | Finalize dfb: dfb_offset == base_offset: 0, dfb size: 0, return value: 0 (dataflow_buffer.cpp:1656)
2026-08-29 10:58:28.450 | INFO     | models.demos.llama3_70b_galaxy.tt.generator:_capture_trace_prefill:1135 - Done Compiling Model
2026-08-29 10:58:30.900 | INFO     | models.demos.llama3_70b_galaxy.tt.generator:_capture_trace_prefill:1175 - Done Capturing Prefill Trace
2026-08-29 10:58:30.901 | INFO     | models.demos.llama3_70b_galaxy.tt.generator:_easy_trace_prefill:1042 - Executing prefill trace
2026-08-29 10:58:31.050 | INFO     | models.demos.llama3_70b_galaxy.tt.generator:prefill_warmup:335 - Running warmup prefill for prefix caching: prefill_seq_len=2048, num_cached=128, total_seq_len=2176
2026-08-29 10:58:31.050 | INFO     | models.demos.llama3_70b_galaxy.tt.generator:prefill_forward_text:551 - Prefilling User 0, use_batched_prefill: False, prompt_lens: 2176, prefill_seq_len: 2048, num_cached_tokens: 128
2026-08-29 10:58:31.062 | warning  |              Op | rotary_embedding_llama sequence tile coverage mismatch: input_Ht=64, cos_Ht=128, sin_Ht=128, rotary_Ht=64. Tiles beyond rotary_Ht will be zero-filled in the output. (rotary_embedding_llama_multi_core_program_factory.cpp:62)
2026-08-29 10:58:31.169 | info     |           Metal | Finalize dfb: dfb_offset == base_offset: 144, dfb size: 144, return value: 288 (dataflow_buffer.cpp:1656)
2026-08-29 10:58:31.169 | info     |           Metal | Finalize dfb: dfb_offset == base_offset: 0, dfb size: 0, return value: 0 (dataflow_buffer.cpp:1656)
2026-08-29 10:58:31.169 | info     |           Metal | Finalize dfb: dfb_offset == base_offset: 0, dfb size: 0, return value: 0 (dataflow_buffer.cpp:1656)
2026-08-29 10:58:31.172 | warning  |              Op | rotary_embedding_llama sequence tile coverage mismatch: input_Ht=64, cos_Ht=128, sin_Ht=128, rotary_Ht=64. Tiles beyond rotary_Ht will be zero-filled in the output. (rotary_embedding_llama_multi_core_program_factory.cpp:62)
2026-08-29 10:58:31.225 | info     |           Metal | Finalize dfb: dfb_offset == base_offset: 144, dfb size: 144, return value: 288 (dataflow_buffer.cpp:1656)
2026-08-29 10:58:31.225 | info     |           Metal | Finalize dfb: dfb_offset == base_offset: 0, dfb size: 0, return value: 0 (dataflow_buffer.cpp:1656)
2026-08-29 10:58:31.225 | info     |           Metal | Finalize dfb: dfb_offset == base_offset: 0, dfb size: 0, return value: 0 (dataflow_buffer.cpp:1656)
2026-08-29 10:58:38.186 | INFO     | models.demos.llama3_70b_galaxy.tt.generator:_capture_trace_prefill:1135 - Done Compiling Model
2026-08-29 10:58:40.683 | INFO     | models.demos.llama3_70b_galaxy.tt.generator:_capture_trace_prefill:1175 - Done Capturing Prefill Trace
2026-08-29 10:58:40.683 | INFO     | models.demos.llama3_70b_galaxy.tt.generator:_easy_trace_prefill:1042 - Executing prefill trace
2026-08-29 10:58:40.959 | INFO     | models.demos.llama3_70b_galaxy.tt.generator:prefill_warmup:335 - Running warmup prefill for prefix caching: prefill_seq_len=4096, num_cached=128, total_seq_len=4224
2026-08-29 10:58:40.959 | INFO     | models.demos.llama3_70b_galaxy.tt.generator:prefill_forward_text:551 - Prefilling User 0, use_batched_prefill: False, prompt_lens: 4224, prefill_seq_len: 4096, num_cached_tokens: 128
2026-08-29 10:58:41.080 | info     |           Metal | Finalize dfb: dfb_offset == base_offset: 144, dfb size: 144, return value: 288 (dataflow_buffer.cpp:1656)
2026-08-29 10:58:41.080 | info     |           Metal | Finalize dfb: dfb_offset == base_offset: 0, dfb size: 0, return value: 0 (dataflow_buffer.cpp:1656)
2026-08-29 10:58:41.080 | info     |           Metal | Finalize dfb: dfb_offset == base_offset: 0, dfb size: 0, return value: 0 (dataflow_buffer.cpp:1656)
2026-08-29 10:58:41.135 | info     |           Metal | Finalize dfb: dfb_offset == base_offset: 144, dfb size: 144, return value: 288 (dataflow_buffer.cpp:1656)
2026-08-29 10:58:41.135 | info     |           Metal | Finalize dfb: dfb_offset == base_offset: 0, dfb size: 0, return value: 0 (dataflow_buffer.cpp:1656)
2026-08-29 10:58:41.135 | info     |           Metal | Finalize dfb: dfb_offset == base_offset: 0, dfb size: 0, return value: 0 (dataflow_buffer.cpp:1656)
2026-08-29 10:58:47.696 | INFO     | models.demos.llama3_70b_galaxy.tt.generator:_capture_trace_prefill:1135 - Done Compiling Model
2026-08-29 10:58:50.303 | INFO     | models.demos.llama3_70b_galaxy.tt.generator:_capture_trace_prefill:1175 - Done Capturing Prefill Trace
2026-08-29 10:58:50.304 | INFO     | models.demos.llama3_70b_galaxy.tt.generator:_easy_trace_prefill:1042 - Executing prefill trace
2026-08-29 10:58:50.789 | INFO     | models.demos.llama3_70b_galaxy.tt.generator:prefill_warmup:335 - Running warmup prefill for prefix caching: prefill_seq_len=8192, num_cached=128, total_seq_len=8320
2026-08-29 10:58:50.789 | INFO     | models.demos.llama3_70b_galaxy.tt.generator:prefill_forward_text:551 - Prefilling User 0, use_batched_prefill: False, prompt_lens: 8320, prefill_seq_len: 8192, num_cached_tokens: 128
2026-08-29 10:58:50.802 | warning  |              Op | rotary_embedding_llama sequence tile coverage mismatch: input_Ht=256, cos_Ht=128, sin_Ht=128, rotary_Ht=128. Tiles beyond rotary_Ht will be zero-filled in the output. (rotary_embedding_llama_multi_core_program_factory.cpp:62)
2026-08-29 10:58:50.920 | info     |           Metal | Finalize dfb: dfb_offset == base_offset: 144, dfb size: 144, return value: 288 (dataflow_buffer.cpp:1656)
2026-08-29 10:58:50.920 | info     |           Metal | Finalize dfb: dfb_offset == base_offset: 0, dfb size: 0, return value: 0 (dataflow_buffer.cpp:1656)
2026-08-29 10:58:50.920 | info     |           Metal | Finalize dfb: dfb_offset == base_offset: 0, dfb size: 0, return value: 0 (dataflow_buffer.cpp:1656)
2026-08-29 10:58:50.923 | warning  |              Op | rotary_embedding_llama sequence tile coverage mismatch: input_Ht=256, cos_Ht=128, sin_Ht=128, rotary_Ht=128. Tiles beyond rotary_Ht will be zero-filled in the output. (rotary_embedding_llama_multi_core_program_factory.cpp:62)
2026-08-29 10:58:50.978 | info     |           Metal | Finalize dfb: dfb_offset == base_offset: 144, dfb size: 144, return value: 288 (dataflow_buffer.cpp:1656)
2026-08-29 10:58:50.978 | info     |           Metal | Finalize dfb: dfb_offset == base_offset: 0, dfb size: 0, return value: 0 (dataflow_buffer.cpp:1656)
2026-08-29 10:58:50.978 | info     |           Metal | Finalize dfb: dfb_offset == base_offset: 0, dfb size: 0, return value: 0 (dataflow_buffer.cpp:1656)
2026-08-29 10:58:57.892 | INFO     | models.demos.llama3_70b_galaxy.tt.generator:prefill_warmup:335 - Running warmup prefill for prefix caching: prefill_seq_len=16384, num_cached=128, total_seq_len=16512
2026-08-29 10:58:57.892 | INFO     | models.demos.llama3_70b_galaxy.tt.generator:prefill_forward_text:551 - Prefilling User 0, use_batched_prefill: False, prompt_lens: 16512, prefill_seq_len: 16384, num_cached_tokens: 128
2026-08-29 10:58:57.901 | warning  |              Op | rotary_embedding_llama sequence tile coverage mismatch: input_Ht=512, cos_Ht=128, sin_Ht=128, rotary_Ht=128. Tiles beyond rotary_Ht will be zero-filled in the output. (rotary_embedding_llama_multi_core_program_factory.cpp:62)
2026-08-29 10:58:58.015 | info     |           Metal | Finalize dfb: dfb_offset == base_offset: 144, dfb size: 144, return value: 288 (dataflow_buffer.cpp:1656)
2026-08-29 10:58:58.015 | info     |           Metal | Finalize dfb: dfb_offset == base_offset: 0, dfb size: 0, return value: 0 (dataflow_buffer.cpp:1656)
2026-08-29 10:58:58.015 | info     |           Metal | Finalize dfb: dfb_offset == base_offset: 0, dfb size: 0, return value: 0 (dataflow_buffer.cpp:1656)
2026-08-29 10:58:58.018 | warning  |              Op | rotary_embedding_llama sequence tile coverage mismatch: input_Ht=512, cos_Ht=128, sin_Ht=128, rotary_Ht=128. Tiles beyond rotary_Ht will be zero-filled in the output. (rotary_embedding_llama_multi_core_program_factory.cpp:62)
2026-08-29 10:58:58.072 | info     |           Metal | Finalize dfb: dfb_offset == base_offset: 144, dfb size: 144, return value: 288 (dataflow_buffer.cpp:1656)
2026-08-29 10:58:58.072 | info     |           Metal | Finalize dfb: dfb_offset == base_offset: 0, dfb size: 0, return value: 0 (dataflow_buffer.cpp:1656)
2026-08-29 10:58:58.072 | info     |           Metal | Finalize dfb: dfb_offset == base_offset: 0, dfb size: 0, return value: 0 (dataflow_buffer.cpp:1656)
2026-08-29 10:59:06.961 | INFO     | models.demos.llama3_70b_galaxy.tt.generator:prefill_warmup:335 - Running warmup prefill for prefix caching: prefill_seq_len=32768, num_cached=128, total_seq_len=32896
2026-08-29 10:59:06.961 | INFO     | models.demos.llama3_70b_galaxy.tt.generator:prefill_forward_text:551 - Prefilling User 0, use_batched_prefill: False, prompt_lens: 32896, prefill_seq_len: 32768, num_cached_tokens: 128
2026-08-29 10:59:06.973 | warning  |              Op | rotary_embedding_llama sequence tile coverage mismatch: input_Ht=1024, cos_Ht=128, sin_Ht=128, rotary_Ht=128. Tiles beyond rotary_Ht will be zero-filled in the output. (rotary_embedding_llama_multi_core_program_factory.cpp:62)
2026-08-29 10:59:07.093 | info     |           Metal | Finalize dfb: dfb_offset == base_offset: 144, dfb size: 144, return value: 288 (dataflow_buffer.cpp:1656)
2026-08-29 10:59:07.093 | info     |           Metal | Finalize dfb: dfb_offset == base_offset: 0, dfb size: 0, return value: 0 (dataflow_buffer.cpp:1656)
2026-08-29 10:59:07.093 | info     |           Metal | Finalize dfb: dfb_offset == base_offset: 0, dfb size: 0, return value: 0 (dataflow_buffer.cpp:1656)
2026-08-29 10:59:07.096 | warning  |              Op | rotary_embedding_llama sequence tile coverage mismatch: input_Ht=1024, cos_Ht=128, sin_Ht=128, rotary_Ht=128. Tiles beyond rotary_Ht will be zero-filled in the output. (rotary_embedding_llama_multi_core_program_factory.cpp:62)
2026-08-29 10:59:07.154 | info     |           Metal | Finalize dfb: dfb_offset == base_offset: 144, dfb size: 144, return value: 288 (dataflow_buffer.cpp:1656)
2026-08-29 10:59:07.154 | info     |           Metal | Finalize dfb: dfb_offset == base_offset: 0, dfb size: 0, return value: 0 (dataflow_buffer.cpp:1656)
2026-08-29 10:59:07.154 | info     |           Metal | Finalize dfb: dfb_offset == base_offset: 0, dfb size: 0, return value: 0 (dataflow_buffer.cpp:1656)
2026-08-29 10:59:23.249 | INFO     | models.demos.llama3_70b_galaxy.tt.generator:prefill_warmup:335 - Running warmup prefill for prefix caching: prefill_seq_len=65536, num_cached=128, total_seq_len=65664
2026-08-29 10:59:23.249 | INFO     | models.demos.llama3_70b_galaxy.tt.generator:prefill_forward_text:551 - Prefilling User 0, use_batched_prefill: False, prompt_lens: 65664, prefill_seq_len: 65536, num_cached_tokens: 128
2026-08-29 10:59:23.261 | warning  |              Op | rotary_embedding_llama sequence tile coverage mismatch: input_Ht=2048, cos_Ht=128, sin_Ht=128, rotary_Ht=128. Tiles beyond rotary_Ht will be zero-filled in the output. (rotary_embedding_llama_multi_core_program_factory.cpp:62)
2026-08-29 10:59:23.373 | info     |           Metal | Finalize dfb: dfb_offset == base_offset: 144, dfb size: 144, return value: 288 (dataflow_buffer.cpp:1656)
2026-08-29 10:59:23.373 | info     |           Metal | Finalize dfb: dfb_offset == base_offset: 0, dfb size: 0, return value: 0 (dataflow_buffer.cpp:1656)
2026-08-29 10:59:23.373 | info     |           Metal | Finalize dfb: dfb_offset == base_offset: 0, dfb size: 0, return value: 0 (dataflow_buffer.cpp:1656)
2026-08-29 10:59:23.376 | warning  |              Op | rotary_embedding_llama sequence tile coverage mismatch: input_Ht=2048, cos_Ht=128, sin_Ht=128, rotary_Ht=128. Tiles beyond rotary_Ht will be zero-filled in the output. (rotary_embedding_llama_multi_core_program_factory.cpp:62)
2026-08-29 10:59:23.433 | info     |           Metal | Finalize dfb: dfb_offset == base_offset: 144, dfb size: 144, return value: 288 (dataflow_buffer.cpp:1656)
2026-08-29 10:59:23.433 | info     |           Metal | Finalize dfb: dfb_offset == base_offset: 0, dfb size: 0, return value: 0 (dataflow_buffer.cpp:1656)
2026-08-29 10:59:23.433 | info     |           Metal | Finalize dfb: dfb_offset == base_offset: 0, dfb size: 0, return value: 0 (dataflow_buffer.cpp:1656)
2026-08-29 11:00:06.120 | INFO     | models.demos.llama3_70b_galaxy.tt.generator:prefill_warmup:335 - Running warmup prefill for prefix caching: prefill_seq_len=131072, num_cached=128, total_seq_len=131200
2026-08-29 11:00:06.120 | INFO     | models.demos.llama3_70b_galaxy.tt.generator:prefill_forward_text:551 - Prefilling User 0, use_batched_prefill: False, prompt_lens: 131200, prefill_seq_len: 131072, num_cached_tokens: 128
2026-08-29 11:00:06.129 | warning  |              Op | rotary_embedding_llama sequence tile coverage mismatch: input_Ht=4096, cos_Ht=128, sin_Ht=128, rotary_Ht=128. Tiles beyond rotary_Ht will be zero-filled in the output. (rotary_embedding_llama_multi_core_program_factory.cpp:62)
2026-08-29 11:00:06.271 | info     |           Metal | Finalize dfb: dfb_offset == base_offset: 144, dfb size: 144, return value: 288 (dataflow_buffer.cpp:1656)
2026-08-29 11:00:06.271 | info     |           Metal | Finalize dfb: dfb_offset == base_offset: 0, dfb size: 0, return value: 0 (dataflow_buffer.cpp:1656)
2026-08-29 11:00:06.271 | info     |           Metal | Finalize dfb: dfb_offset == base_offset: 0, dfb size: 0, return value: 0 (dataflow_buffer.cpp:1656)
2026-08-29 11:00:06.274 | warning  |              Op | rotary_embedding_llama sequence tile coverage mismatch: input_Ht=4096, cos_Ht=128, sin_Ht=128, rotary_Ht=128. Tiles beyond rotary_Ht will be zero-filled in the output. (rotary_embedding_llama_multi_core_program_factory.cpp:62)
2026-08-29 11:00:06.338 | info     |           Metal | Finalize dfb: dfb_offset == base_offset: 144, dfb size: 144, return value: 288 (dataflow_buffer.cpp:1656)
2026-08-29 11:00:06.338 | info     |           Metal | Finalize dfb: dfb_offset == base_offset: 0, dfb size: 0, return value: 0 (dataflow_buffer.cpp:1656)
2026-08-29 11:00:06.338 | info     |           Metal | Finalize dfb: dfb_offset == base_offset: 0, dfb size: 0, return value: 0 (dataflow_buffer.cpp:1656)
2026-08-29 11:02:31.144 | INFO     | models.demos.llama3_70b_galaxy.tt.generator:prefill_warmup:355 - Prefill warmup completed
2026-08-29 11:02:31.145 | INFO     | models.demos.llama3_70b_galaxy.tt.generator:prefill_forward_text:551 - Prefilling User 0, use_batched_prefill: False, prompt_lens: 118, prefill_seq_len: 128, num_cached_tokens: 0
2026-08-29 11:02:31.145 | INFO     | models.demos.llama3_70b_galaxy.tt.generator:_easy_trace_prefill:1042 - Executing prefill trace
2026-08-29 11:02:31.551 | INFO     | models.demos.llama3_70b_galaxy.tt.generator:prefill_forward_text:551 - Prefilling User 1, use_batched_prefill: False, prompt_lens: 118, prefill_seq_len: 128, num_cached_tokens: 0
2026-08-29 11:02:31.552 | INFO     | models.demos.llama3_70b_galaxy.tt.generator:_easy_trace_prefill:1042 - Executing prefill trace
2026-08-29 11:02:31.555 | INFO     | models.demos.llama3_70b_galaxy.tt.generator:prefill_forward_text:551 - Prefilling User 2, use_batched_prefill: False, prompt_lens: 118, prefill_seq_len: 128, num_cached_tokens: 0
2026-08-29 11:02:31.555 | INFO     | models.demos.llama3_70b_galaxy.tt.generator:_easy_trace_prefill:1042 - Executing prefill trace
2026-08-29 11:02:31.558 | INFO     | models.demos.llama3_70b_galaxy.tt.generator:prefill_forward_text:551 - Prefilling User 3, use_batched_prefill: False, prompt_lens: 118, prefill_seq_len: 128, num_cached_tokens: 0
2026-08-29 11:02:31.559 | INFO     | models.demos.llama3_70b_galaxy.tt.generator:_easy_trace_prefill:1042 - Executing prefill trace
2026-08-29 11:02:31.562 | INFO     | models.demos.llama3_70b_galaxy.tt.generator:prefill_forward_text:551 - Prefilling User 4, use_batched_prefill: False, prompt_lens: 118, prefill_seq_len: 128, num_cached_tokens: 0
2026-08-29 11:02:31.562 | INFO     | models.demos.llama3_70b_galaxy.tt.generator:_easy_trace_prefill:1042 - Executing prefill trace
2026-08-29 11:02:31.565 | INFO     | models.demos.llama3_70b_galaxy.tt.generator:prefill_forward_text:551 - Prefilling User 5, use_batched_prefill: False, prompt_lens: 118, prefill_seq_len: 128, num_cached_tokens: 0
2026-08-29 11:02:31.565 | INFO     | models.demos.llama3_70b_galaxy.tt.generator:_easy_trace_prefill:1042 - Executing prefill trace
2026-08-29 11:02:31.568 | INFO     | models.demos.llama3_70b_galaxy.tt.generator:prefill_forward_text:551 - Prefilling User 6, use_batched_prefill: False, prompt_lens: 118, prefill_seq_len: 128, num_cached_tokens: 0
2026-08-29 11:02:31.568 | INFO     | models.demos.llama3_70b_galaxy.tt.generator:_easy_trace_prefill:1042 - Executing prefill trace
2026-08-29 11:02:31.571 | INFO     | models.demos.llama3_70b_galaxy.tt.generator:prefill_forward_text:551 - Prefilling User 7, use_batched_prefill: False, prompt_lens: 118, prefill_seq_len: 128, num_cached_tokens: 0
2026-08-29 11:02:31.572 | INFO     | models.demos.llama3_70b_galaxy.tt.generator:_easy_trace_prefill:1042 - Executing prefill trace
2026-08-29 11:02:31.575 | INFO     | models.demos.llama3_70b_galaxy.tt.generator:prefill_forward_text:551 - Prefilling User 8, use_batched_prefill: False, prompt_lens: 118, prefill_seq_len: 128, num_cached_tokens: 0
2026-08-29 11:02:31.575 | INFO     | models.demos.llama3_70b_galaxy.tt.generator:_easy_trace_prefill:1042 - Executing prefill trace
2026-08-29 11:02:31.578 | INFO     | models.demos.llama3_70b_galaxy.tt.generator:prefill_forward_text:551 - Prefilling User 9, use_batched_prefill: False, prompt_lens: 118, prefill_seq_len: 128, num_cached_tokens: 0
2026-08-29 11:02:31.578 | INFO     | models.demos.llama3_70b_galaxy.tt.generator:_easy_trace_prefill:1042 - Executing prefill trace
2026-08-29 11:02:31.581 | INFO     | models.demos.llama3_70b_galaxy.tt.generator:prefill_forward_text:551 - Prefilling User 10, use_batched_prefill: False, prompt_lens: 118, prefill_seq_len: 128, num_cached_tokens: 0
2026-08-29 11:02:31.581 | INFO     | models.demos.llama3_70b_galaxy.tt.generator:_easy_trace_prefill:1042 - Executing prefill trace
2026-08-29 11:02:31.584 | INFO     | models.demos.llama3_70b_galaxy.tt.generator:prefill_forward_text:551 - Prefilling User 11, use_batched_prefill: False, prompt_lens: 118, prefill_seq_len: 128, num_cached_tokens: 0
2026-08-29 11:02:31.585 | INFO     | models.demos.llama3_70b_galaxy.tt.generator:_easy_trace_prefill:1042 - Executing prefill trace
2026-08-29 11:02:31.588 | INFO     | models.demos.llama3_70b_galaxy.tt.generator:prefill_forward_text:551 - Prefilling User 12, use_batched_prefill: False, prompt_lens: 118, prefill_seq_len: 128, num_cached_tokens: 0
2026-08-29 11:02:31.588 | INFO     | models.demos.llama3_70b_galaxy.tt.generator:_easy_trace_prefill:1042 - Executing prefill trace
2026-08-29 11:02:31.591 | INFO     | models.demos.llama3_70b_galaxy.tt.generator:prefill_forward_text:551 - Prefilling User 13, use_batched_prefill: False, prompt_lens: 118, prefill_seq_len: 128, num_cached_tokens: 0
2026-08-29 11:02:31.591 | INFO     | models.demos.llama3_70b_galaxy.tt.generator:_easy_trace_prefill:1042 - Executing prefill trace
2026-08-29 11:02:31.594 | INFO     | models.demos.llama3_70b_galaxy.tt.generator:prefill_forward_text:551 - Prefilling User 14, use_batched_prefill: False, prompt_lens: 118, prefill_seq_len: 128, num_cached_tokens: 0
2026-08-29 11:02:31.594 | INFO     | models.demos.llama3_70b_galaxy.tt.generator:_easy_trace_prefill:1042 - Executing prefill trace
2026-08-29 11:02:31.597 | INFO     | models.demos.llama3_70b_galaxy.tt.generator:prefill_forward_text:551 - Prefilling User 15, use_batched_prefill: False, prompt_lens: 118, prefill_seq_len: 128, num_cached_tokens: 0
2026-08-29 11:02:31.598 | INFO     | models.demos.llama3_70b_galaxy.tt.generator:_easy_trace_prefill:1042 - Executing prefill trace
2026-08-29 11:02:31.601 | INFO     | models.demos.llama3_70b_galaxy.tt.generator:prefill_forward_text:551 - Prefilling User 16, use_batched_prefill: False, prompt_lens: 118, prefill_seq_len: 128, num_cached_tokens: 0
2026-08-29 11:02:31.601 | INFO     | models.demos.llama3_70b_galaxy.tt.generator:_easy_trace_prefill:1042 - Executing prefill trace
2026-08-29 11:02:31.604 | INFO     | models.demos.llama3_70b_galaxy.tt.generator:prefill_forward_text:551 - Prefilling User 17, use_batched_prefill: False, prompt_lens: 118, prefill_seq_len: 128, num_cached_tokens: 0
2026-08-29 11:02:31.604 | INFO     | models.demos.llama3_70b_galaxy.tt.generator:_easy_trace_prefill:1042 - Executing prefill trace
2026-08-29 11:02:31.607 | INFO     | models.demos.llama3_70b_galaxy.tt.generator:prefill_forward_text:551 - Prefilling User 18, use_batched_prefill: False, prompt_lens: 118, prefill_seq_len: 128, num_cached_tokens: 0
2026-08-29 11:02:31.607 | INFO     | models.demos.llama3_70b_galaxy.tt.generator:_easy_trace_prefill:1042 - Executing prefill trace
2026-08-29 11:02:31.614 | INFO     | models.demos.llama3_70b_galaxy.tt.generator:prefill_forward_text:551 - Prefilling User 19, use_batched_prefill: False, prompt_lens: 118, prefill_seq_len: 128, num_cached_tokens: 0
2026-08-29 11:02:31.615 | INFO     | models.demos.llama3_70b_galaxy.tt.generator:_easy_trace_prefill:1042 - Executing prefill trace
2026-08-29 11:02:31.618 | INFO     | models.demos.llama3_70b_galaxy.tt.generator:prefill_forward_text:551 - Prefilling User 20, use_batched_prefill: False, prompt_lens: 118, prefill_seq_len: 128, num_cached_tokens: 0
2026-08-29 11:02:31.618 | INFO     | models.demos.llama3_70b_galaxy.tt.generator:_easy_trace_prefill:1042 - Executing prefill trace
2026-08-29 11:02:31.621 | INFO     | models.demos.llama3_70b_galaxy.tt.generator:prefill_forward_text:551 - Prefilling User 21, use_batched_prefill: False, prompt_lens: 118, prefill_seq_len: 128, num_cached_tokens: 0
2026-08-29 11:02:31.621 | INFO     | models.demos.llama3_70b_galaxy.tt.generator:_easy_trace_prefill:1042 - Executing prefill trace
2026-08-29 11:02:31.624 | INFO     | models.demos.llama3_70b_galaxy.tt.generator:prefill_forward_text:551 - Prefilling User 22, use_batched_prefill: False, prompt_lens: 118, prefill_seq_len: 128, num_cached_tokens: 0
2026-08-29 11:02:31.624 | INFO     | models.demos.llama3_70b_galaxy.tt.generator:_easy_trace_prefill:1042 - Executing prefill trace
2026-08-29 11:02:31.627 | INFO     | models.demos.llama3_70b_galaxy.tt.generator:prefill_forward_text:551 - Prefilling User 23, use_batched_prefill: False, prompt_lens: 118, prefill_seq_len: 128, num_cached_tokens: 0
2026-08-29 11:02:31.628 | INFO     | models.demos.llama3_70b_galaxy.tt.generator:_easy_trace_prefill:1042 - Executing prefill trace
2026-08-29 11:02:31.634 | INFO     | models.demos.llama3_70b_galaxy.tt.generator:prefill_forward_text:551 - Prefilling User 24, use_batched_prefill: False, prompt_lens: 118, prefill_seq_len: 128, num_cached_tokens: 0
2026-08-29 11:02:31.634 | INFO     | models.demos.llama3_70b_galaxy.tt.generator:_easy_trace_prefill:1042 - Executing prefill trace
2026-08-29 11:02:31.638 | INFO     | models.demos.llama3_70b_galaxy.tt.generator:prefill_forward_text:551 - Prefilling User 25, use_batched_prefill: False, prompt_lens: 118, prefill_seq_len: 128, num_cached_tokens: 0
2026-08-29 11:02:31.638 | INFO     | models.demos.llama3_70b_galaxy.tt.generator:_easy_trace_prefill:1042 - Executing prefill trace
2026-08-29 11:02:31.641 | INFO     | models.demos.llama3_70b_galaxy.tt.generator:prefill_forward_text:551 - Prefilling User 26, use_batched_prefill: False, prompt_lens: 118, prefill_seq_len: 128, num_cached_tokens: 0
2026-08-29 11:02:31.642 | INFO     | models.demos.llama3_70b_galaxy.tt.generator:_easy_trace_prefill:1042 - Executing prefill trace
2026-08-29 11:02:31.645 | INFO     | models.demos.llama3_70b_galaxy.tt.generator:prefill_forward_text:551 - Prefilling User 27, use_batched_prefill: False, prompt_lens: 118, prefill_seq_len: 128, num_cached_tokens: 0
2026-08-29 11:02:31.645 | INFO     | models.demos.llama3_70b_galaxy.tt.generator:_easy_trace_prefill:1042 - Executing prefill trace
2026-08-29 11:02:31.648 | INFO     | models.demos.llama3_70b_galaxy.tt.generator:prefill_forward_text:551 - Prefilling User 28, use_batched_prefill: False, prompt_lens: 118, prefill_seq_len: 128, num_cached_tokens: 0
2026-08-29 11:02:31.648 | INFO     | models.demos.llama3_70b_galaxy.tt.generator:_easy_trace_prefill:1042 - Executing prefill trace
2026-08-29 11:02:31.651 | INFO     | models.demos.llama3_70b_galaxy.tt.generator:prefill_forward_text:551 - Prefilling User 29, use_batched_prefill: False, prompt_lens: 118, prefill_seq_len: 128, num_cached_tokens: 0
2026-08-29 11:02:31.651 | INFO     | models.demos.llama3_70b_galaxy.tt.generator:_easy_trace_prefill:1042 - Executing prefill trace
2026-08-29 11:02:31.654 | INFO     | models.demos.llama3_70b_galaxy.tt.generator:prefill_forward_text:551 - Prefilling User 30, use_batched_prefill: False, prompt_lens: 118, prefill_seq_len: 128, num_cached_tokens: 0
2026-08-29 11:02:31.655 | INFO     | models.demos.llama3_70b_galaxy.tt.generator:_easy_trace_prefill:1042 - Executing prefill trace
2026-08-29 11:02:31.658 | INFO     | models.demos.llama3_70b_galaxy.tt.generator:prefill_forward_text:551 - Prefilling User 31, use_batched_prefill: False, prompt_lens: 118, prefill_seq_len: 128, num_cached_tokens: 0
2026-08-29 11:02:31.658 | INFO     | models.demos.llama3_70b_galaxy.tt.generator:_easy_trace_prefill:1042 - Executing prefill trace
2026-08-29 11:02:31.665 | INFO     | models.demos.llama3_70b_galaxy.tt.prefetcher_common:__init__:33 - Running TtLlamaPrefetcherSetup
2026-08-29 11:02:32.981 | INFO     | models.demos.llama3_70b_galaxy.tt.generator:prefill_forward_text:851 - Finished prefill for all users up to 118 tokens.
2026-08-29 11:02:32.981 | INFO     | models.demos.llama3_70b_galaxy.demo.text_qwen_demo:test_qwen_demo_text:792 - Finished prefill warmup
2026-08-29 11:02:32.981 | INFO     | models.demos.llama3_70b_galaxy.demo.text_qwen_demo:test_qwen_demo_text:794 - Starting prefill...
2026-08-29 11:02:32.981 | INFO     | models.demos.llama3_70b_galaxy.tt.prefetcher_common:__init__:33 - Running TtLlamaPrefetcherSetup
2026-08-29 11:02:32.982 | INFO     | models.demos.llama3_70b_galaxy.tt.generator:prefill_forward_text:551 - Prefilling User 0, use_batched_prefill: False, prompt_lens: 118, prefill_seq_len: 128, num_cached_tokens: 0
2026-08-29 11:02:32.983 | INFO     | models.demos.llama3_70b_galaxy.tt.generator:_easy_trace_prefill:1042 - Executing prefill trace
2026-08-29 11:02:32.988 | INFO     | models.demos.llama3_70b_galaxy.tt.generator:prefill_forward_text:551 - Prefilling User 1, use_batched_prefill: False, prompt_lens: 118, prefill_seq_len: 128, num_cached_tokens: 0
2026-08-29 11:02:32.988 | INFO     | models.demos.llama3_70b_galaxy.tt.generator:_easy_trace_prefill:1042 - Executing prefill trace
2026-08-29 11:02:32.994 | INFO     | models.demos.llama3_70b_galaxy.tt.generator:prefill_forward_text:551 - Prefilling User 2, use_batched_prefill: False, prompt_lens: 118, prefill_seq_len: 128, num_cached_tokens: 0
2026-08-29 11:02:32.995 | INFO     | models.demos.llama3_70b_galaxy.tt.generator:_easy_trace_prefill:1042 - Executing prefill trace
2026-08-29 11:02:32.998 | INFO     | models.demos.llama3_70b_galaxy.tt.generator:prefill_forward_text:551 - Prefilling User 3, use_batched_prefill: False, prompt_lens: 118, prefill_seq_len: 128, num_cached_tokens: 0
2026-08-29 11:02:32.998 | INFO     | models.demos.llama3_70b_galaxy.tt.generator:_easy_trace_prefill:1042 - Executing prefill trace
2026-08-29 11:02:33.001 | INFO     | models.demos.llama3_70b_galaxy.tt.generator:prefill_forward_text:551 - Prefilling User 4, use_batched_prefill: False, prompt_lens: 118, prefill_seq_len: 128, num_cached_tokens: 0
2026-08-29 11:02:33.001 | INFO     | models.demos.llama3_70b_galaxy.tt.generator:_easy_trace_prefill:1042 - Executing prefill trace
2026-08-29 11:02:33.005 | INFO     | models.demos.llama3_70b_galaxy.tt.generator:prefill_forward_text:551 - Prefilling User 5, use_batched_prefill: False, prompt_lens: 118, prefill_seq_len: 128, num_cached_tokens: 0
2026-08-29 11:02:33.005 | INFO     | models.demos.llama3_70b_galaxy.tt.generator:_easy_trace_prefill:1042 - Executing prefill trace
2026-08-29 11:02:33.008 | INFO     | models.demos.llama3_70b_galaxy.tt.generator:prefill_forward_text:551 - Prefilling User 6, use_batched_prefill: False, prompt_lens: 118, prefill_seq_len: 128, num_cached_tokens: 0
2026-08-29 11:02:33.008 | INFO     | models.demos.llama3_70b_galaxy.tt.generator:_easy_trace_prefill:1042 - Executing prefill trace
2026-08-29 11:02:33.011 | INFO     | models.demos.llama3_70b_galaxy.tt.generator:prefill_forward_text:551 - Prefilling User 7, use_batched_prefill: False, prompt_lens: 118, prefill_seq_len: 128, num_cached_tokens: 0
2026-08-29 11:02:33.011 | INFO     | models.demos.llama3_70b_galaxy.tt.generator:_easy_trace_prefill:1042 - Executing prefill trace
2026-08-29 11:02:33.014 | INFO     | models.demos.llama3_70b_galaxy.tt.generator:prefill_forward_text:551 - Prefilling User 8, use_batched_prefill: False, prompt_lens: 118, prefill_seq_len: 128, num_cached_tokens: 0
2026-08-29 11:02:33.015 | INFO     | models.demos.llama3_70b_galaxy.tt.generator:_easy_trace_prefill:1042 - Executing prefill trace
2026-08-29 11:02:33.017 | INFO     | models.demos.llama3_70b_galaxy.tt.generator:prefill_forward_text:551 - Prefilling User 9, use_batched_prefill: False, prompt_lens: 118, prefill_seq_len: 128, num_cached_tokens: 0
2026-08-29 11:02:33.018 | INFO     | models.demos.llama3_70b_galaxy.tt.generator:_easy_trace_prefill:1042 - Executing prefill trace
2026-08-29 11:02:33.021 | INFO     | models.demos.llama3_70b_galaxy.tt.generator:prefill_forward_text:551 - Prefilling User 10, use_batched_prefill: False, prompt_lens: 118, prefill_seq_len: 128, num_cached_tokens: 0
2026-08-29 11:02:33.021 | INFO     | models.demos.llama3_70b_galaxy.tt.generator:_easy_trace_prefill:1042 - Executing prefill trace
2026-08-29 11:02:33.024 | INFO     | models.demos.llama3_70b_galaxy.tt.generator:prefill_forward_text:551 - Prefilling User 11, use_batched_prefill: False, prompt_lens: 118, prefill_seq_len: 128, num_cached_tokens: 0
2026-08-29 11:02:33.024 | INFO     | models.demos.llama3_70b_galaxy.tt.generator:_easy_trace_prefill:1042 - Executing prefill trace
2026-08-29 11:02:33.027 | INFO     | models.demos.llama3_70b_galaxy.tt.generator:prefill_forward_text:551 - Prefilling User 12, use_batched_prefill: False, prompt_lens: 118, prefill_seq_len: 128, num_cached_tokens: 0
2026-08-29 11:02:33.027 | INFO     | models.demos.llama3_70b_galaxy.tt.generator:_easy_trace_prefill:1042 - Executing prefill trace
2026-08-29 11:02:33.031 | INFO     | models.demos.llama3_70b_galaxy.tt.generator:prefill_forward_text:551 - Prefilling User 13, use_batched_prefill: False, prompt_lens: 118, prefill_seq_len: 128, num_cached_tokens: 0
2026-08-29 11:02:33.031 | INFO     | models.demos.llama3_70b_galaxy.tt.generator:_easy_trace_prefill:1042 - Executing prefill trace
2026-08-29 11:02:33.034 | INFO     | models.demos.llama3_70b_galaxy.tt.generator:prefill_forward_text:551 - Prefilling User 14, use_batched_prefill: False, prompt_lens: 118, prefill_seq_len: 128, num_cached_tokens: 0
2026-08-29 11:02:33.034 | INFO     | models.demos.llama3_70b_galaxy.tt.generator:_easy_trace_prefill:1042 - Executing prefill trace
2026-08-29 11:02:33.037 | INFO     | models.demos.llama3_70b_galaxy.tt.generator:prefill_forward_text:551 - Prefilling User 15, use_batched_prefill: False, prompt_lens: 118, prefill_seq_len: 128, num_cached_tokens: 0
2026-08-29 11:02:33.037 | INFO     | models.demos.llama3_70b_galaxy.tt.generator:_easy_trace_prefill:1042 - Executing prefill trace
2026-08-29 11:02:33.040 | INFO     | models.demos.llama3_70b_galaxy.tt.generator:prefill_forward_text:551 - Prefilling User 16, use_batched_prefill: False, prompt_lens: 118, prefill_seq_len: 128, num_cached_tokens: 0
2026-08-29 11:02:33.040 | INFO     | models.demos.llama3_70b_galaxy.tt.generator:_easy_trace_prefill:1042 - Executing prefill trace
2026-08-29 11:02:33.043 | INFO     | models.demos.llama3_70b_galaxy.tt.generator:prefill_forward_text:551 - Prefilling User 17, use_batched_prefill: False, prompt_lens: 118, prefill_seq_len: 128, num_cached_tokens: 0
2026-08-29 11:02:33.044 | INFO     | models.demos.llama3_70b_galaxy.tt.generator:_easy_trace_prefill:1042 - Executing prefill trace
2026-08-29 11:02:33.047 | INFO     | models.demos.llama3_70b_galaxy.tt.generator:prefill_forward_text:551 - Prefilling User 18, use_batched_prefill: False, prompt_lens: 118, prefill_seq_len: 128, num_cached_tokens: 0
2026-08-29 11:02:33.047 | INFO     | models.demos.llama3_70b_galaxy.tt.generator:_easy_trace_prefill:1042 - Executing prefill trace
2026-08-29 11:02:33.050 | INFO     | models.demos.llama3_70b_galaxy.tt.generator:prefill_forward_text:551 - Prefilling User 19, use_batched_prefill: False, prompt_lens: 118, prefill_seq_len: 128, num_cached_tokens: 0
2026-08-29 11:02:33.050 | INFO     | models.demos.llama3_70b_galaxy.tt.generator:_easy_trace_prefill:1042 - Executing prefill trace
2026-08-29 11:02:33.053 | INFO     | models.demos.llama3_70b_galaxy.tt.generator:prefill_forward_text:551 - Prefilling User 20, use_batched_prefill: False, prompt_lens: 118, prefill_seq_len: 128, num_cached_tokens: 0
2026-08-29 11:02:33.053 | INFO     | models.demos.llama3_70b_galaxy.tt.generator:_easy_trace_prefill:1042 - Executing prefill trace
2026-08-29 11:02:33.057 | INFO     | models.demos.llama3_70b_galaxy.tt.generator:prefill_forward_text:551 - Prefilling User 21, use_batched_prefill: False, prompt_lens: 118, prefill_seq_len: 128, num_cached_tokens: 0
2026-08-29 11:02:33.057 | INFO     | models.demos.llama3_70b_galaxy.tt.generator:_easy_trace_prefill:1042 - Executing prefill trace
2026-08-29 11:02:33.060 | INFO     | models.demos.llama3_70b_galaxy.tt.generator:prefill_forward_text:551 - Prefilling User 22, use_batched_prefill: False, prompt_lens: 118, prefill_seq_len: 128, num_cached_tokens: 0
2026-08-29 11:02:33.060 | INFO     | models.demos.llama3_70b_galaxy.tt.generator:_easy_trace_prefill:1042 - Executing prefill trace
2026-08-29 11:02:33.063 | INFO     | models.demos.llama3_70b_galaxy.tt.generator:prefill_forward_text:551 - Prefilling User 23, use_batched_prefill: False, prompt_lens: 118, prefill_seq_len: 128, num_cached_tokens: 0
2026-08-29 11:02:33.063 | INFO     | models.demos.llama3_70b_galaxy.tt.generator:_easy_trace_prefill:1042 - Executing prefill trace
2026-08-29 11:02:33.067 | INFO     | models.demos.llama3_70b_galaxy.tt.generator:prefill_forward_text:551 - Prefilling User 24, use_batched_prefill: False, prompt_lens: 118, prefill_seq_len: 128, num_cached_tokens: 0
2026-08-29 11:02:33.067 | INFO     | models.demos.llama3_70b_galaxy.tt.generator:_easy_trace_prefill:1042 - Executing prefill trace
2026-08-29 11:02:33.070 | INFO     | models.demos.llama3_70b_galaxy.tt.generator:prefill_forward_text:551 - Prefilling User 25, use_batched_prefill: False, prompt_lens: 118, prefill_seq_len: 128, num_cached_tokens: 0
2026-08-29 11:02:33.070 | INFO     | models.demos.llama3_70b_galaxy.tt.generator:_easy_trace_prefill:1042 - Executing prefill trace
2026-08-29 11:02:33.073 | INFO     | models.demos.llama3_70b_galaxy.tt.generator:prefill_forward_text:551 - Prefilling User 26, use_batched_prefill: False, prompt_lens: 118, prefill_seq_len: 128, num_cached_tokens: 0
2026-08-29 11:02:33.073 | INFO     | models.demos.llama3_70b_galaxy.tt.generator:_easy_trace_prefill:1042 - Executing prefill trace
2026-08-29 11:02:33.076 | INFO     | models.demos.llama3_70b_galaxy.tt.generator:prefill_forward_text:551 - Prefilling User 27, use_batched_prefill: False, prompt_lens: 118, prefill_seq_len: 128, num_cached_tokens: 0
2026-08-29 11:02:33.077 | INFO     | models.demos.llama3_70b_galaxy.tt.generator:_easy_trace_prefill:1042 - Executing prefill trace
2026-08-29 11:02:33.080 | INFO     | models.demos.llama3_70b_galaxy.tt.generator:prefill_forward_text:551 - Prefilling User 28, use_batched_prefill: False, prompt_lens: 118, prefill_seq_len: 128, num_cached_tokens: 0
2026-08-29 11:02:33.080 | INFO     | models.demos.llama3_70b_galaxy.tt.generator:_easy_trace_prefill:1042 - Executing prefill trace
2026-08-29 11:02:33.083 | INFO     | models.demos.llama3_70b_galaxy.tt.generator:prefill_forward_text:551 - Prefilling User 29, use_batched_prefill: False, prompt_lens: 118, prefill_seq_len: 128, num_cached_tokens: 0
2026-08-29 11:02:33.083 | INFO     | models.demos.llama3_70b_galaxy.tt.generator:_easy_trace_prefill:1042 - Executing prefill trace
2026-08-29 11:02:33.087 | INFO     | models.demos.llama3_70b_galaxy.tt.generator:prefill_forward_text:551 - Prefilling User 30, use_batched_prefill: False, prompt_lens: 118, prefill_seq_len: 128, num_cached_tokens: 0
2026-08-29 11:02:33.087 | INFO     | models.demos.llama3_70b_galaxy.tt.generator:_easy_trace_prefill:1042 - Executing prefill trace
2026-08-29 11:02:33.090 | INFO     | models.demos.llama3_70b_galaxy.tt.generator:prefill_forward_text:551 - Prefilling User 31, use_batched_prefill: False, prompt_lens: 118, prefill_seq_len: 128, num_cached_tokens: 0
2026-08-29 11:02:33.090 | INFO     | models.demos.llama3_70b_galaxy.tt.generator:_easy_trace_prefill:1042 - Executing prefill trace
2026-08-29 11:02:33.097 | INFO     | models.demos.llama3_70b_galaxy.tt.prefetcher_common:__init__:33 - Running TtLlamaPrefetcherSetup
2026-08-29 11:02:34.459 | INFO     | models.demos.llama3_70b_galaxy.tt.generator:prefill_forward_text:851 - Finished prefill for all users up to 118 tokens.
2026-08-29 11:02:34.459 | INFO     | models.demos.llama3_70b_galaxy.demo.text_qwen_demo:test_qwen_demo_text:846 - Prefill finished
2026-08-29 11:02:34.459 | INFO     | models.demos.llama3_70b_galaxy.demo.text_qwen_demo:test_qwen_demo_text:886 - Starting decode loop from positions: [118, 118, 118, 118, 118, 118, 118, 118, 118, 118, 118, 118, 118, 118, 118, 118, 118, 118, 118, 118, 118, 118, 118, 118, 118, 118, 118, 118, 118, 118, 118, 118]
2026-08-29 11:02:56.593 | warning  |              Op | ttnn::tilize: Using input shard spec for output tensor because the legacy sharded optimized program factory is being used (tilize_device_operation.cpp:247)
2026-08-29 11:02:59.371 | warning  |              Op | ttnn::tilize: Using input shard spec for output tensor because the legacy sharded optimized program factory is being used (tilize_device_operation.cpp:247)
2026-08-29 11:03:29.976 | warning  |              Op | matmul_multi_core_reuse_mcast_1d_optimized_helper: program_config.allowed_worker_cores not populated; auto-populating from compute_with_storage_grid_size. Callers that bypass ttnn::prim::matmul() (e.g. CCL fused ops) should invoke ttnn::operations::matmul::normalize_program_config() on the program config first. This will become a hard error in a future release. (matmul_multicore_reuse_mcast_1d_program_factory.cpp:5619)
2026-08-29 11:03:29.986 | warning  |              Op | matmul_multi_core_reuse_mcast_1d_optimized_helper: program_config.allowed_worker_cores not populated; auto-populating from compute_with_storage_grid_size. Callers that bypass ttnn::prim::matmul() (e.g. CCL fused ops) should invoke ttnn::operations::matmul::normalize_program_config() on the program config first. This will become a hard error in a future release. (matmul_multicore_reuse_mcast_1d_program_factory.cpp:5619)
2026-08-29 11:03:29.989 | warning  |              Op | matmul_multi_core_reuse_mcast_1d_optimized_helper: program_config.allowed_worker_cores not populated; auto-populating from compute_with_storage_grid_size. Callers that bypass ttnn::prim::matmul() (e.g. CCL fused ops) should invoke ttnn::operations::matmul::normalize_program_config() on the program config first. This will become a hard error in a future release. (matmul_multicore_reuse_mcast_1d_program_factory.cpp:5619)
2026-08-29 11:03:29.993 | warning  |              Op | matmul_multi_core_reuse_mcast_1d_optimized_helper: program_config.allowed_worker_cores not populated; auto-populating from compute_with_storage_grid_size. Callers that bypass ttnn::prim::matmul() (e.g. CCL fused ops) should invoke ttnn::operations::matmul::normalize_program_config() on the program config first. This will become a hard error in a future release. (matmul_multicore_reuse_mcast_1d_program_factory.cpp:5619)
2026-08-29 11:03:29.997 | warning  |              Op | matmul_multi_core_reuse_mcast_1d_optimized_helper: program_config.allowed_worker_cores not populated; auto-populating from compute_with_storage_grid_size. Callers that bypass ttnn::prim::matmul() (e.g. CCL fused ops) should invoke ttnn::operations::matmul::normalize_program_config() on the program config first. This will become a hard error in a future release. (matmul_multicore_reuse_mcast_1d_program_factory.cpp:5619)
2026-08-29 11:03:30.001 | warning  |              Op | matmul_multi_core_reuse_mcast_1d_optimized_helper: program_config.allowed_worker_cores not populated; auto-populating from compute_with_storage_grid_size. Callers that bypass ttnn::prim::matmul() (e.g. CCL fused ops) should invoke ttnn::operations::matmul::normalize_program_config() on the program config first. This will become a hard error in a future release. (matmul_multicore_reuse_mcast_1d_program_factory.cpp:5619)
2026-08-29 11:03:30.005 | warning  |              Op | matmul_multi_core_reuse_mcast_1d_optimized_helper: program_config.allowed_worker_cores not populated; auto-populating from compute_with_storage_grid_size. Callers that bypass ttnn::prim::matmul() (e.g. CCL fused ops) should invoke ttnn::operations::matmul::normalize_program_config() on the program config first. This will become a hard error in a future release. (matmul_multicore_reuse_mcast_1d_program_factory.cpp:5619)
2026-08-29 11:03:30.008 | warning  |              Op | matmul_multi_core_reuse_mcast_1d_optimized_helper: program_config.allowed_worker_cores not populated; auto-populating from compute_with_storage_grid_size. Callers that bypass ttnn::prim::matmul() (e.g. CCL fused ops) should invoke ttnn::operations::matmul::normalize_program_config() on the program config first. This will become a hard error in a future release. (matmul_multicore_reuse_mcast_1d_program_factory.cpp:5619)
2026-08-29 11:03:30.014 | warning  |              Op | matmul_multi_core_reuse_mcast_1d_optimized_helper: program_config.allowed_worker_cores not populated; auto-populating from compute_with_storage_grid_size. Callers that bypass ttnn::prim::matmul() (e.g. CCL fused ops) should invoke ttnn::operations::matmul::normalize_program_config() on the program config first. This will become a hard error in a future release. (matmul_multicore_reuse_mcast_1d_program_factory.cpp:5619)
2026-08-29 11:03:30.022 | warning  |              Op | matmul_multi_core_reuse_mcast_1d_optimized_helper: program_config.allowed_worker_cores not populated; auto-populating from compute_with_storage_grid_size. Callers that bypass ttnn::prim::matmul() (e.g. CCL fused ops) should invoke ttnn::operations::matmul::normalize_program_config() on the program config first. This will become a hard error in a future release. (matmul_multicore_reuse_mcast_1d_program_factory.cpp:5619)
2026-08-29 11:03:30.025 | warning  |              Op | matmul_multi_core_reuse_mcast_1d_optimized_helper: program_config.allowed_worker_cores not populated; auto-populating from compute_with_storage_grid_size. Callers that bypass ttnn::prim::matmul() (e.g. CCL fused ops) should invoke ttnn::operations::matmul::normalize_program_config() on the program config first. This will become a hard error in a future release. (matmul_multicore_reuse_mcast_1d_program_factory.cpp:5619)
2026-08-29 11:03:30.029 | warning  |              Op | matmul_multi_core_reuse_mcast_1d_optimized_helper: program_config.allowed_worker_cores not populated; auto-populating from compute_with_storage_grid_size. Callers that bypass ttnn::prim::matmul() (e.g. CCL fused ops) should invoke ttnn::operations::matmul::normalize_program_config() on the program config first. This will become a hard error in a future release. (matmul_multicore_reuse_mcast_1d_program_factory.cpp:5619)
2026-08-29 11:03:30.033 | warning  |              Op | matmul_multi_core_reuse_mcast_1d_optimized_helper: program_config.allowed_worker_cores not populated; auto-populating from compute_with_storage_grid_size. Callers that bypass ttnn::prim::matmul() (e.g. CCL fused ops) should invoke ttnn::operations::matmul::normalize_program_config() on the program config first. This will become a hard error in a future release. (matmul_multicore_reuse_mcast_1d_program_factory.cpp:5619)
2026-08-29 11:03:30.037 | warning  |              Op | matmul_multi_core_reuse_mcast_1d_optimized_helper: program_config.allowed_worker_cores not populated; auto-populating from compute_with_storage_grid_size. Callers that bypass ttnn::prim::matmul() (e.g. CCL fused ops) should invoke ttnn::operations::matmul::normalize_program_config() on the program config first. This will become a hard error in a future release. (matmul_multicore_reuse_mcast_1d_program_factory.cpp:5619)
2026-08-29 11:03:30.040 | warning  |              Op | matmul_multi_core_reuse_mcast_1d_optimized_helper: program_config.allowed_worker_cores not populated; auto-populating from compute_with_storage_grid_size. Callers that bypass ttnn::prim::matmul() (e.g. CCL fused ops) should invoke ttnn::operations::matmul::normalize_program_config() on the program config first. This will become a hard error in a future release. (matmul_multicore_reuse_mcast_1d_program_factory.cpp:5619)
2026-08-29 11:03:30.044 | warning  |              Op | matmul_multi_core_reuse_mcast_1d_optimized_helper: program_config.allowed_worker_cores not populated; auto-populating from compute_with_storage_grid_size. Callers that bypass ttnn::prim::matmul() (e.g. CCL fused ops) should invoke ttnn::operations::matmul::normalize_program_config() on the program config first. This will become a hard error in a future release. (matmul_multicore_reuse_mcast_1d_program_factory.cpp:5619)
2026-08-29 11:03:30.048 | warning  |              Op | matmul_multi_core_reuse_mcast_1d_optimized_helper: program_config.allowed_worker_cores not populated; auto-populating from compute_with_storage_grid_size. Callers that bypass ttnn::prim::matmul() (e.g. CCL fused ops) should invoke ttnn::operations::matmul::normalize_program_config() on the program config first. This will become a hard error in a future release. (matmul_multicore_reuse_mcast_1d_program_factory.cpp:5619)
2026-08-29 11:03:30.052 | warning  |              Op | matmul_multi_core_reuse_mcast_1d_optimized_helper: program_config.allowed_worker_cores not populated; auto-populating from compute_with_storage_grid_size. Callers that bypass ttnn::prim::matmul() (e.g. CCL fused ops) should invoke ttnn::operations::matmul::normalize_program_config() on the program config first. This will become a hard error in a future release. (matmul_multicore_reuse_mcast_1d_program_factory.cpp:5619)
2026-08-29 11:03:30.055 | warning  |              Op | matmul_multi_core_reuse_mcast_1d_optimized_helper: program_config.allowed_worker_cores not populated; auto-populating from compute_with_storage_grid_size. Callers that bypass ttnn::prim::matmul() (e.g. CCL fused ops) should invoke ttnn::operations::matmul::normalize_program_config() on the program config first. This will become a hard error in a future release. (matmul_multicore_reuse_mcast_1d_program_factory.cpp:5619)
2026-08-29 11:03:30.059 | warning  |              Op | matmul_multi_core_reuse_mcast_1d_optimized_helper: program_config.allowed_worker_cores not populated; auto-populating from compute_with_storage_grid_size. Callers that bypass ttnn::prim::matmul() (e.g. CCL fused ops) should invoke ttnn::operations::matmul::normalize_program_config() on the program config first. This will become a hard error in a future release. (matmul_multicore_reuse_mcast_1d_program_factory.cpp:5619)
2026-08-29 11:03:30.063 | warning  |              Op | matmul_multi_core_reuse_mcast_1d_optimized_helper: program_config.allowed_worker_cores not populated; auto-populating from compute_with_storage_grid_size. Callers that bypass ttnn::prim::matmul() (e.g. CCL fused ops) should invoke ttnn::operations::matmul::normalize_program_config() on the program config first. This will become a hard error in a future release. (matmul_multicore_reuse_mcast_1d_program_factory.cpp:5619)
2026-08-29 11:03:30.067 | warning  |              Op | matmul_multi_core_reuse_mcast_1d_optimized_helper: program_config.allowed_worker_cores not populated; auto-populating from compute_with_storage_grid_size. Callers that bypass ttnn::prim::matmul() (e.g. CCL fused ops) should invoke ttnn::operations::matmul::normalize_program_config() on the program config first. This will become a hard error in a future release. (matmul_multicore_reuse_mcast_1d_program_factory.cpp:5619)
2026-08-29 11:03:30.070 | warning  |              Op | matmul_multi_core_reuse_mcast_1d_optimized_helper: program_config.allowed_worker_cores not populated; auto-populating from compute_with_storage_grid_size. Callers that bypass ttnn::prim::matmul() (e.g. CCL fused ops) should invoke ttnn::operations::matmul::normalize_program_config() on the program config first. This will become a hard error in a future release. (matmul_multicore_reuse_mcast_1d_program_factory.cpp:5619)
2026-08-29 11:03:30.074 | warning  |              Op | matmul_multi_core_reuse_mcast_1d_optimized_helper: program_config.allowed_worker_cores not populated; auto-populating from compute_with_storage_grid_size. Callers that bypass ttnn::prim::matmul() (e.g. CCL fused ops) should invoke ttnn::operations::matmul::normalize_program_config() on the program config first. This will become a hard error in a future release. (matmul_multicore_reuse_mcast_1d_program_factory.cpp:5619)
2026-08-29 11:03:30.078 | warning  |              Op | matmul_multi_core_reuse_mcast_1d_optimized_helper: program_config.allowed_worker_cores not populated; auto-populating from compute_with_storage_grid_size. Callers that bypass ttnn::prim::matmul() (e.g. CCL fused ops) should invoke ttnn::operations::matmul::normalize_program_config() on the program config first. This will become a hard error in a future release. (matmul_multicore_reuse_mcast_1d_program_factory.cpp:5619)
2026-08-29 11:03:30.082 | warning  |              Op | matmul_multi_core_reuse_mcast_1d_optimized_helper: program_config.allowed_worker_cores not populated; auto-populating from compute_with_storage_grid_size. Callers that bypass ttnn::prim::matmul() (e.g. CCL fused ops) should invoke ttnn::operations::matmul::normalize_program_config() on the program config first. This will become a hard error in a future release. (matmul_multicore_reuse_mcast_1d_program_factory.cpp:5619)
2026-08-29 11:03:30.085 | warning  |              Op | matmul_multi_core_reuse_mcast_1d_optimized_helper: program_config.allowed_worker_cores not populated; auto-populating from compute_with_storage_grid_size. Callers that bypass ttnn::prim::matmul() (e.g. CCL fused ops) should invoke ttnn::operations::matmul::normalize_program_config() on the program config first. This will become a hard error in a future release. (matmul_multicore_reuse_mcast_1d_program_factory.cpp:5619)
2026-08-29 11:03:30.089 | warning  |              Op | matmul_multi_core_reuse_mcast_1d_optimized_helper: program_config.allowed_worker_cores not populated; auto-populating from compute_with_storage_grid_size. Callers that bypass ttnn::prim::matmul() (e.g. CCL fused ops) should invoke ttnn::operations::matmul::normalize_program_config() on the program config first. This will become a hard error in a future release. (matmul_multicore_reuse_mcast_1d_program_factory.cpp:5619)
2026-08-29 11:03:30.093 | warning  |              Op | matmul_multi_core_reuse_mcast_1d_optimized_helper: program_config.allowed_worker_cores not populated; auto-populating from compute_with_storage_grid_size. Callers that bypass ttnn::prim::matmul() (e.g. CCL fused ops) should invoke ttnn::operations::matmul::normalize_program_config() on the program config first. This will become a hard error in a future release. (matmul_multicore_reuse_mcast_1d_program_factory.cpp:5619)
2026-08-29 11:03:30.097 | warning  |              Op | matmul_multi_core_reuse_mcast_1d_optimized_helper: program_config.allowed_worker_cores not populated; auto-populating from compute_with_storage_grid_size. Callers that bypass ttnn::prim::matmul() (e.g. CCL fused ops) should invoke ttnn::operations::matmul::normalize_program_config() on the program config first. This will become a hard error in a future release. (matmul_multicore_reuse_mcast_1d_program_factory.cpp:5619)
2026-08-29 11:03:30.100 | warning  |              Op | matmul_multi_core_reuse_mcast_1d_optimized_helper: program_config.allowed_worker_cores not populated; auto-populating from compute_with_storage_grid_size. Callers that bypass ttnn::prim::matmul() (e.g. CCL fused ops) should invoke ttnn::operations::matmul::normalize_program_config() on the program config first. This will become a hard error in a future release. (matmul_multicore_reuse_mcast_1d_program_factory.cpp:5619)
2026-08-29 11:03:30.104 | warning  |              Op | matmul_multi_core_reuse_mcast_1d_optimized_helper: program_config.allowed_worker_cores not populated; auto-populating from compute_with_storage_grid_size. Callers that bypass ttnn::prim::matmul() (e.g. CCL fused ops) should invoke ttnn::operations::matmul::normalize_program_config() on the program config first. This will become a hard error in a future release. (matmul_multicore_reuse_mcast_1d_program_factory.cpp:5619)
2026-08-29 11:03:57.485 | warning  |              Op | ttnn::tilize: Using input shard spec for output tensor because the legacy sharded optimized program factory is being used (tilize_device_operation.cpp:247)
2026-08-29 11:03:57.485 | warning  |              Op | ttnn::tilize: Using input shard spec for output tensor because the legacy sharded optimized program factory is being used (tilize_device_operation.cpp:247)
2026-08-29 11:03:57.496 | warning  |              Op | ttnn::tilize: Using input shard spec for output tensor because the legacy sharded optimized program factory is being used (tilize_device_operation.cpp:247)
2026-08-29 11:03:57.496 | warning  |              Op | ttnn::tilize: Using input shard spec for output tensor because the legacy sharded optimized program factory is being used (tilize_device_operation.cpp:247)
2026-08-29 11:03:57.504 | warning  |              Op | ttnn::tilize: Using input shard spec for output tensor because the legacy sharded optimized program factory is being used (tilize_device_operation.cpp:247)
2026-08-29 11:03:57.504 | warning  |              Op | ttnn::tilize: Using input shard spec for output tensor because the legacy sharded optimized program factory is being used (tilize_device_operation.cpp:247)
2026-08-29 11:03:57.513 | warning  |              Op | ttnn::tilize: Using input shard spec for output tensor because the legacy sharded optimized program factory is being used (tilize_device_operation.cpp:247)
2026-08-29 11:03:57.513 | warning  |              Op | ttnn::tilize: Using input shard spec for output tensor because the legacy sharded optimized program factory is being used (tilize_device_operation.cpp:247)
2026-08-29 11:03:57.522 | warning  |              Op | ttnn::tilize: Using input shard spec for output tensor because the legacy sharded optimized program factory is being used (tilize_device_operation.cpp:247)
2026-08-29 11:03:57.522 | warning  |              Op | ttnn::tilize: Using input shard spec for output tensor because the legacy sharded optimized program factory is being used (tilize_device_operation.cpp:247)
2026-08-29 11:03:57.530 | warning  |              Op | ttnn::tilize: Using input shard spec for output tensor because the legacy sharded optimized program factory is being used (tilize_device_operation.cpp:247)
2026-08-29 11:03:57.531 | warning  |              Op | ttnn::tilize: Using input shard spec for output tensor because the legacy sharded optimized program factory is being used (tilize_device_operation.cpp:247)
2026-08-29 11:03:57.539 | warning  |              Op | ttnn::tilize: Using input shard spec for output tensor because the legacy sharded optimized program factory is being used (tilize_device_operation.cpp:247)
2026-08-29 11:03:57.539 | warning  |              Op | ttnn::tilize: Using input shard spec for output tensor because the legacy sharded optimized program factory is being used (tilize_device_operation.cpp:247)
2026-08-29 11:03:57.548 | warning  |              Op | ttnn::tilize: Using input shard spec for output tensor because the legacy sharded optimized program factory is being used (tilize_device_operation.cpp:247)
2026-08-29 11:03:57.548 | warning  |              Op | ttnn::tilize: Using input shard spec for output tensor because the legacy sharded optimized program factory is being used (tilize_device_operation.cpp:247)
2026-08-29 11:03:57.559 | warning  |              Op | ttnn::tilize: Using input shard spec for output tensor because the legacy sharded optimized program factory is being used (tilize_device_operation.cpp:247)
2026-08-29 11:03:57.559 | warning  |              Op | ttnn::tilize: Using input shard spec for output tensor because the legacy sharded optimized program factory is being used (tilize_device_operation.cpp:247)
2026-08-29 11:03:57.568 | warning  |              Op | ttnn::tilize: Using input shard spec for output tensor because the legacy sharded optimized program factory is being used (tilize_device_operation.cpp:247)
2026-08-29 11:03:57.568 | warning  |              Op | ttnn::tilize: Using input shard spec for output tensor because the legacy sharded optimized program factory is being used (tilize_device_operation.cpp:247)
2026-08-29 11:03:57.580 | warning  |              Op | ttnn::tilize: Using input shard spec for output tensor because the legacy sharded optimized program factory is being used (tilize_device_operation.cpp:247)
2026-08-29 11:03:57.580 | warning  |              Op | ttnn::tilize: Using input shard spec for output tensor because the legacy sharded optimized program factory is being used (tilize_device_operation.cpp:247)
2026-08-29 11:03:57.589 | warning  |              Op | ttnn::tilize: Using input shard spec for output tensor because the legacy sharded optimized program factory is being used (tilize_device_operation.cpp:247)
2026-08-29 11:03:57.589 | warning  |              Op | ttnn::tilize: Using input shard spec for output tensor because the legacy sharded optimized program factory is being used (tilize_device_operation.cpp:247)
2026-08-29 11:03:57.598 | warning  |              Op | ttnn::tilize: Using input shard spec for output tensor because the legacy sharded optimized program factory is being used (tilize_device_operation.cpp:247)
2026-08-29 11:03:57.598 | warning  |              Op | ttnn::tilize: Using input shard spec for output tensor because the legacy sharded optimized program factory is being used (tilize_device_operation.cpp:247)
2026-08-29 11:03:57.607 | warning  |              Op | ttnn::tilize: Using input shard spec for output tensor because the legacy sharded optimized program factory is being used (tilize_device_operation.cpp:247)
2026-08-29 11:03:57.607 | warning  |              Op | ttnn::tilize: Using input shard spec for output tensor because the legacy sharded optimized program factory is being used (tilize_device_operation.cpp:247)
2026-08-29 11:03:57.615 | warning  |              Op | ttnn::tilize: Using input shard spec for output tensor because the legacy sharded optimized program factory is being used (tilize_device_operation.cpp:247)
2026-08-29 11:03:57.616 | warning  |              Op | ttnn::tilize: Using input shard spec for output tensor because the legacy sharded optimized program factory is being used (tilize_device_operation.cpp:247)
2026-08-29 11:03:57.624 | warning  |              Op | ttnn::tilize: Using input shard spec for output tensor because the legacy sharded optimized program factory is being used (tilize_device_operation.cpp:247)
2026-08-29 11:03:57.624 | warning  |              Op | ttnn::tilize: Using input shard spec for output tensor because the legacy sharded optimized program factory is being used (tilize_device_operation.cpp:247)
2026-08-29 11:03:57.633 | warning  |              Op | ttnn::tilize: Using input shard spec for output tensor because the legacy sharded optimized program factory is being used (tilize_device_operation.cpp:247)
2026-08-29 11:03:57.633 | warning  |              Op | ttnn::tilize: Using input shard spec for output tensor because the legacy sharded optimized program factory is being used (tilize_device_operation.cpp:247)
2026-08-29 11:03:57.642 | warning  |              Op | ttnn::tilize: Using input shard spec for output tensor because the legacy sharded optimized program factory is being used (tilize_device_operation.cpp:247)
2026-08-29 11:03:57.642 | warning  |              Op | ttnn::tilize: Using input shard spec for output tensor because the legacy sharded optimized program factory is being used (tilize_device_operation.cpp:247)
2026-08-29 11:03:57.650 | warning  |              Op | ttnn::tilize: Using input shard spec for output tensor because the legacy sharded optimized program factory is being used (tilize_device_operation.cpp:247)
2026-08-29 11:03:57.650 | warning  |              Op | ttnn::tilize: Using input shard spec for output tensor because the legacy sharded optimized program factory is being used (tilize_device_operation.cpp:247)
2026-08-29 11:03:57.659 | warning  |              Op | ttnn::tilize: Using input shard spec for output tensor because the legacy sharded optimized program factory is being used (tilize_device_operation.cpp:247)
2026-08-29 11:03:57.659 | warning  |              Op | ttnn::tilize: Using input shard spec for output tensor because the legacy sharded optimized program factory is being used (tilize_device_operation.cpp:247)
2026-08-29 11:03:57.668 | warning  |              Op | ttnn::tilize: Using input shard spec for output tensor because the legacy sharded optimized program factory is being used (tilize_device_operation.cpp:247)
2026-08-29 11:03:57.668 | warning  |              Op | ttnn::tilize: Using input shard spec for output tensor because the legacy sharded optimized program factory is being used (tilize_device_operation.cpp:247)
2026-08-29 11:03:57.678 | warning  |              Op | ttnn::tilize: Using input shard spec for output tensor because the legacy sharded optimized program factory is being used (tilize_device_operation.cpp:247)
2026-08-29 11:03:57.678 | warning  |              Op | ttnn::tilize: Using input shard spec for output tensor because the legacy sharded optimized program factory is being used (tilize_device_operation.cpp:247)
2026-08-29 11:03:57.687 | warning  |              Op | ttnn::tilize: Using input shard spec for output tensor because the legacy sharded optimized program factory is being used (tilize_device_operation.cpp:247)
2026-08-29 11:03:57.687 | warning  |              Op | ttnn::tilize: Using input shard spec for output tensor because the legacy sharded optimized program factory is being used (tilize_device_operation.cpp:247)
2026-08-29 11:03:57.696 | warning  |              Op | ttnn::tilize: Using input shard spec for output tensor because the legacy sharded optimized program factory is being used (tilize_device_operation.cpp:247)
2026-08-29 11:03:57.696 | warning  |              Op | ttnn::tilize: Using input shard spec for output tensor because the legacy sharded optimized program factory is being used (tilize_device_operation.cpp:247)
2026-08-29 11:03:57.705 | warning  |              Op | ttnn::tilize: Using input shard spec for output tensor because the legacy sharded optimized program factory is being used (tilize_device_operation.cpp:247)
2026-08-29 11:03:57.705 | warning  |              Op | ttnn::tilize: Using input shard spec for output tensor because the legacy sharded optimized program factory is being used (tilize_device_operation.cpp:247)
2026-08-29 11:03:57.714 | warning  |              Op | ttnn::tilize: Using input shard spec for output tensor because the legacy sharded optimized program factory is being used (tilize_device_operation.cpp:247)
2026-08-29 11:03:57.714 | warning  |              Op | ttnn::tilize: Using input shard spec for output tensor because the legacy sharded optimized program factory is being used (tilize_device_operation.cpp:247)
2026-08-29 11:03:57.722 | warning  |              Op | ttnn::tilize: Using input shard spec for output tensor because the legacy sharded optimized program factory is being used (tilize_device_operation.cpp:247)
2026-08-29 11:03:57.722 | warning  |              Op | ttnn::tilize: Using input shard spec for output tensor because the legacy sharded optimized program factory is being used (tilize_device_operation.cpp:247)
2026-08-29 11:03:57.731 | warning  |              Op | ttnn::tilize: Using input shard spec for output tensor because the legacy sharded optimized program factory is being used (tilize_device_operation.cpp:247)
2026-08-29 11:03:57.731 | warning  |              Op | ttnn::tilize: Using input shard spec for output tensor because the legacy sharded optimized program factory is being used (tilize_device_operation.cpp:247)
2026-08-29 11:03:57.740 | warning  |              Op | ttnn::tilize: Using input shard spec for output tensor because the legacy sharded optimized program factory is being used (tilize_device_operation.cpp:247)
2026-08-29 11:03:57.740 | warning  |              Op | ttnn::tilize: Using input shard spec for output tensor because the legacy sharded optimized program factory is being used (tilize_device_operation.cpp:247)
2026-08-29 11:03:57.748 | warning  |              Op | ttnn::tilize: Using input shard spec for output tensor because the legacy sharded optimized program factory is being used (tilize_device_operation.cpp:247)
2026-08-29 11:03:57.749 | warning  |              Op | ttnn::tilize: Using input shard spec for output tensor because the legacy sharded optimized program factory is being used (tilize_device_operation.cpp:247)
2026-08-29 11:03:57.759 | warning  |              Op | ttnn::tilize: Using input shard spec for output tensor because the legacy sharded optimized program factory is being used (tilize_device_operation.cpp:247)
2026-08-29 11:03:57.759 | warning  |              Op | ttnn::tilize: Using input shard spec for output tensor because the legacy sharded optimized program factory is being used (tilize_device_operation.cpp:247)
2026-08-29 11:03:57.770 | warning  |              Op | ttnn::tilize: Using input shard spec for output tensor because the legacy sharded optimized program factory is being used (tilize_device_operation.cpp:247)
2026-08-29 11:03:57.770 | warning  |              Op | ttnn::tilize: Using input shard spec for output tensor because the legacy sharded optimized program factory is being used (tilize_device_operation.cpp:247)
2026-08-29 11:03:57.782 | warning  |              Op | ttnn::tilize: Using input shard spec for output tensor because the legacy sharded optimized program factory is being used (tilize_device_operation.cpp:247)
2026-08-29 11:03:57.782 | warning  |              Op | ttnn::tilize: Using input shard spec for output tensor because the legacy sharded optimized program factory is being used (tilize_device_operation.cpp:247)
2026-08-29 11:03:57.791 | warning  |              Op | ttnn::tilize: Using input shard spec for output tensor because the legacy sharded optimized program factory is being used (tilize_device_operation.cpp:247)
2026-08-29 11:03:57.791 | warning  |              Op | ttnn::tilize: Using input shard spec for output tensor because the legacy sharded optimized program factory is being used (tilize_device_operation.cpp:247)
2026-08-29 11:03:57.799 | warning  |              Op | ttnn::tilize: Using input shard spec for output tensor because the legacy sharded optimized program factory is being used (tilize_device_operation.cpp:247)
2026-08-29 11:03:57.800 | warning  |              Op | ttnn::tilize: Using input shard spec for output tensor because the legacy sharded optimized program factory is being used (tilize_device_operation.cpp:247)
2026-08-29 11:03:57.808 | warning  |              Op | ttnn::tilize: Using input shard spec for output tensor because the legacy sharded optimized program factory is being used (tilize_device_operation.cpp:247)
2026-08-29 11:03:57.808 | warning  |              Op | ttnn::tilize: Using input shard spec for output tensor because the legacy sharded optimized program factory is being used (tilize_device_operation.cpp:247)
2026-08-29 11:03:57.817 | warning  |              Op | ttnn::tilize: Using input shard spec for output tensor because the legacy sharded optimized program factory is being used (tilize_device_operation.cpp:247)
2026-08-29 11:03:57.817 | warning  |              Op | ttnn::tilize: Using input shard spec for output tensor because the legacy sharded optimized program factory is being used (tilize_device_operation.cpp:247)
2026-08-29 11:03:57.826 | warning  |              Op | ttnn::tilize: Using input shard spec for output tensor because the legacy sharded optimized program factory is being used (tilize_device_operation.cpp:247)
2026-08-29 11:03:57.826 | warning  |              Op | ttnn::tilize: Using input shard spec for output tensor because the legacy sharded optimized program factory is being used (tilize_device_operation.cpp:247)
2026-08-29 11:03:57.834 | warning  |              Op | ttnn::tilize: Using input shard spec for output tensor because the legacy sharded optimized program factory is being used (tilize_device_operation.cpp:247)
2026-08-29 11:03:57.834 | warning  |              Op | ttnn::tilize: Using input shard spec for output tensor because the legacy sharded optimized program factory is being used (tilize_device_operation.cpp:247)
2026-08-29 11:03:57.847 | warning  |              Op | ttnn::tilize: Using input shard spec for output tensor because the legacy sharded optimized program factory is being used (tilize_device_operation.cpp:247)
2026-08-29 11:03:57.847 | warning  |              Op | ttnn::tilize: Using input shard spec for output tensor because the legacy sharded optimized program factory is being used (tilize_device_operation.cpp:247)
2026-08-29 11:03:57.856 | warning  |              Op | ttnn::tilize: Using input shard spec for output tensor because the legacy sharded optimized program factory is being used (tilize_device_operation.cpp:247)
2026-08-29 11:03:57.856 | warning  |              Op | ttnn::tilize: Using input shard spec for output tensor because the legacy sharded optimized program factory is being used (tilize_device_operation.cpp:247)
2026-08-29 11:03:57.864 | warning  |              Op | ttnn::tilize: Using input shard spec for output tensor because the legacy sharded optimized program factory is being used (tilize_device_operation.cpp:247)
2026-08-29 11:03:57.864 | warning  |              Op | ttnn::tilize: Using input shard spec for output tensor because the legacy sharded optimized program factory is being used (tilize_device_operation.cpp:247)
2026-08-29 11:03:57.873 | warning  |              Op | ttnn::tilize: Using input shard spec for output tensor because the legacy sharded optimized program factory is being used (tilize_device_operation.cpp:247)
2026-08-29 11:03:57.873 | warning  |              Op | ttnn::tilize: Using input shard spec for output tensor because the legacy sharded optimized program factory is being used (tilize_device_operation.cpp:247)
2026-08-29 11:03:57.881 | warning  |              Op | ttnn::tilize: Using input shard spec for output tensor because the legacy sharded optimized program factory is being used (tilize_device_operation.cpp:247)
2026-08-29 11:03:57.882 | warning  |              Op | ttnn::tilize: Using input shard spec for output tensor because the legacy sharded optimized program factory is being used (tilize_device_operation.cpp:247)
2026-08-29 11:03:57.890 | warning  |              Op | ttnn::tilize: Using input shard spec for output tensor because the legacy sharded optimized program factory is being used (tilize_device_operation.cpp:247)
2026-08-29 11:03:57.890 | warning  |              Op | ttnn::tilize: Using input shard spec for output tensor because the legacy sharded optimized program factory is being used (tilize_device_operation.cpp:247)
2026-08-29 11:03:57.899 | warning  |              Op | ttnn::tilize: Using input shard spec for output tensor because the legacy sharded optimized program factory is being used (tilize_device_operation.cpp:247)
2026-08-29 11:03:57.899 | warning  |              Op | ttnn::tilize: Using input shard spec for output tensor because the legacy sharded optimized program factory is being used (tilize_device_operation.cpp:247)
2026-08-29 11:03:57.907 | warning  |              Op | ttnn::tilize: Using input shard spec for output tensor because the legacy sharded optimized program factory is being used (tilize_device_operation.cpp:247)
2026-08-29 11:03:57.908 | warning  |              Op | ttnn::tilize: Using input shard spec for output tensor because the legacy sharded optimized program factory is being used (tilize_device_operation.cpp:247)
2026-08-29 11:03:57.916 | warning  |              Op | ttnn::tilize: Using input shard spec for output tensor because the legacy sharded optimized program factory is being used (tilize_device_operation.cpp:247)
2026-08-29 11:03:57.916 | warning  |              Op | ttnn::tilize: Using input shard spec for output tensor because the legacy sharded optimized program factory is being used (tilize_device_operation.cpp:247)
2026-08-29 11:03:57.925 | warning  |              Op | ttnn::tilize: Using input shard spec for output tensor because the legacy sharded optimized program factory is being used (tilize_device_operation.cpp:247)
2026-08-29 11:03:57.925 | warning  |              Op | ttnn::tilize: Using input shard spec for output tensor because the legacy sharded optimized program factory is being used (tilize_device_operation.cpp:247)
2026-08-29 11:03:57.933 | warning  |              Op | ttnn::tilize: Using input shard spec for output tensor because the legacy sharded optimized program factory is being used (tilize_device_operation.cpp:247)
2026-08-29 11:03:57.934 | warning  |              Op | ttnn::tilize: Using input shard spec for output tensor because the legacy sharded optimized program factory is being used (tilize_device_operation.cpp:247)
2026-08-29 11:03:57.943 | warning  |              Op | ttnn::tilize: Using input shard spec for output tensor because the legacy sharded optimized program factory is being used (tilize_device_operation.cpp:247)
2026-08-29 11:03:57.943 | warning  |              Op | ttnn::tilize: Using input shard spec for output tensor because the legacy sharded optimized program factory is being used (tilize_device_operation.cpp:247)
2026-08-29 11:03:57.951 | warning  |              Op | ttnn::tilize: Using input shard spec for output tensor because the legacy sharded optimized program factory is being used (tilize_device_operation.cpp:247)
2026-08-29 11:03:57.952 | warning  |              Op | ttnn::tilize: Using input shard spec for output tensor because the legacy sharded optimized program factory is being used (tilize_device_operation.cpp:247)
2026-08-29 11:03:57.960 | warning  |              Op | ttnn::tilize: Using input shard spec for output tensor because the legacy sharded optimized program factory is being used (tilize_device_operation.cpp:247)
2026-08-29 11:03:57.960 | warning  |              Op | ttnn::tilize: Using input shard spec for output tensor because the legacy sharded optimized program factory is being used (tilize_device_operation.cpp:247)
2026-08-29 11:03:57.969 | warning  |              Op | ttnn::tilize: Using input shard spec for output tensor because the legacy sharded optimized program factory is being used (tilize_device_operation.cpp:247)
2026-08-29 11:03:57.969 | warning  |              Op | ttnn::tilize: Using input shard spec for output tensor because the legacy sharded optimized program factory is being used (tilize_device_operation.cpp:247)
2026-08-29 11:03:57.977 | warning  |              Op | ttnn::tilize: Using input shard spec for output tensor because the legacy sharded optimized program factory is being used (tilize_device_operation.cpp:247)
2026-08-29 11:03:57.978 | warning  |              Op | ttnn::tilize: Using input shard spec for output tensor because the legacy sharded optimized program factory is being used (tilize_device_operation.cpp:247)
2026-08-29 11:03:57.989 | warning  |              Op | ttnn::tilize: Using input shard spec for output tensor because the legacy sharded optimized program factory is being used (tilize_device_operation.cpp:247)
2026-08-29 11:03:57.989 | warning  |              Op | ttnn::tilize: Using input shard spec for output tensor because the legacy sharded optimized program factory is being used (tilize_device_operation.cpp:247)
2026-08-29 11:03:57.997 | warning  |              Op | ttnn::tilize: Using input shard spec for output tensor because the legacy sharded optimized program factory is being used (tilize_device_operation.cpp:247)
2026-08-29 11:03:57.998 | warning  |              Op | ttnn::tilize: Using input shard spec for output tensor because the legacy sharded optimized program factory is being used (tilize_device_operation.cpp:247)
2026-08-29 11:03:58.006 | warning  |              Op | ttnn::tilize: Using input shard spec for output tensor because the legacy sharded optimized program factory is being used (tilize_device_operation.cpp:247)
2026-08-29 11:03:58.006 | warning  |              Op | ttnn::tilize: Using input shard spec for output tensor because the legacy sharded optimized program factory is being used (tilize_device_operation.cpp:247)
2026-08-29 11:03:58.015 | warning  |              Op | ttnn::tilize: Using input shard spec for output tensor because the legacy sharded optimized program factory is being used (tilize_device_operation.cpp:247)
2026-08-29 11:03:58.015 | warning  |              Op | ttnn::tilize: Using input shard spec for output tensor because the legacy sharded optimized program factory is being used (tilize_device_operation.cpp:247)
2026-08-29 11:03:58.024 | warning  |              Op | ttnn::tilize: Using input shard spec for output tensor because the legacy sharded optimized program factory is being used (tilize_device_operation.cpp:247)
2026-08-29 11:03:58.024 | warning  |              Op | ttnn::tilize: Using input shard spec for output tensor because the legacy sharded optimized program factory is being used (tilize_device_operation.cpp:247)
2026-08-29 11:03:58.033 | warning  |              Op | ttnn::tilize: Using input shard spec for output tensor because the legacy sharded optimized program factory is being used (tilize_device_operation.cpp:247)
2026-08-29 11:03:58.033 | warning  |              Op | ttnn::tilize: Using input shard spec for output tensor because the legacy sharded optimized program factory is being used (tilize_device_operation.cpp:247)
2026-08-29 11:03:58.041 | warning  |              Op | ttnn::tilize: Using input shard spec for output tensor because the legacy sharded optimized program factory is being used (tilize_device_operation.cpp:247)
2026-08-29 11:03:58.041 | warning  |              Op | ttnn::tilize: Using input shard spec for output tensor because the legacy sharded optimized program factory is being used (tilize_device_operation.cpp:247)
2026-08-29 11:03:58.050 | warning  |              Op | ttnn::tilize: Using input shard spec for output tensor because the legacy sharded optimized program factory is being used (tilize_device_operation.cpp:247)
2026-08-29 11:03:58.050 | warning  |              Op | ttnn::tilize: Using input shard spec for output tensor because the legacy sharded optimized program factory is being used (tilize_device_operation.cpp:247)
2026-08-29 11:04:16.336 | INFO     | models.demos.llama3_70b_galaxy.tt.generator:_capture_trace_text:1436 - Done Compiling Model
2026-08-29 11:04:16.370 | warning  |              Op | ttnn::tilize: Using input shard spec for output tensor because the legacy sharded optimized program factory is being used (tilize_device_operation.cpp:247)
2026-08-29 11:04:16.371 | warning  |              Op | ttnn::tilize: Using input shard spec for output tensor because the legacy sharded optimized program factory is being used (tilize_device_operation.cpp:247)
2026-08-29 11:04:16.496 | warning  |              Op | ttnn::tilize: Using input shard spec for output tensor because the legacy sharded optimized program factory is being used (tilize_device_operation.cpp:247)
2026-08-29 11:04:16.496 | warning  |              Op | ttnn::tilize: Using input shard spec for output tensor because the legacy sharded optimized program factory is being used (tilize_device_operation.cpp:247)
2026-08-29 11:04:16.504 | warning  |              Op | ttnn::tilize: Using input shard spec for output tensor because the legacy sharded optimized program factory is being used (tilize_device_operation.cpp:247)
2026-08-29 11:04:16.504 | warning  |              Op | ttnn::tilize: Using input shard spec for output tensor because the legacy sharded optimized program factory is being used (tilize_device_operation.cpp:247)
2026-08-29 11:04:16.512 | warning  |              Op | ttnn::tilize: Using input shard spec for output tensor because the legacy sharded optimized program factory is being used (tilize_device_operation.cpp:247)
2026-08-29 11:04:16.512 | warning  |              Op | ttnn::tilize: Using input shard spec for output tensor because the legacy sharded optimized program factory is being used (tilize_device_operation.cpp:247)
2026-08-29 11:04:16.519 | warning  |              Op | ttnn::tilize: Using input shard spec for output tensor because the legacy sharded optimized program factory is being used (tilize_device_operation.cpp:247)
2026-08-29 11:04:16.519 | warning  |              Op | ttnn::tilize: Using input shard spec for output tensor because the legacy sharded optimized program factory is being used (tilize_device_operation.cpp:247)
2026-08-29 11:04:16.526 | warning  |              Op | ttnn::tilize: Using input shard spec for output tensor because the legacy sharded optimized program factory is being used (tilize_device_operation.cpp:247)
2026-08-29 11:04:16.526 | warning  |              Op | ttnn::tilize: Using input shard spec for output tensor because the legacy sharded optimized program factory is being used (tilize_device_operation.cpp:247)
2026-08-29 11:04:16.534 | warning  |              Op | ttnn::tilize: Using input shard spec for output tensor because the legacy sharded optimized program factory is being used (tilize_device_operation.cpp:247)
2026-08-29 11:04:16.534 | warning  |              Op | ttnn::tilize: Using input shard spec for output tensor because the legacy sharded optimized program factory is being used (tilize_device_operation.cpp:247)
2026-08-29 11:04:16.541 | warning  |              Op | ttnn::tilize: Using input shard spec for output tensor because the legacy sharded optimized program factory is being used (tilize_device_operation.cpp:247)
2026-08-29 11:04:16.541 | warning  |              Op | ttnn::tilize: Using input shard spec for output tensor because the legacy sharded optimized program factory is being used (tilize_device_operation.cpp:247)
2026-08-29 11:04:16.548 | warning  |              Op | ttnn::tilize: Using input shard spec for output tensor because the legacy sharded optimized program factory is being used (tilize_device_operation.cpp:247)
2026-08-29 11:04:16.549 | warning  |              Op | ttnn::tilize: Using input shard spec for output tensor because the legacy sharded optimized program factory is being used (tilize_device_operation.cpp:247)
2026-08-29 11:04:16.556 | warning  |              Op | ttnn::tilize: Using input shard spec for output tensor because the legacy sharded optimized program factory is being used (tilize_device_operation.cpp:247)
2026-08-29 11:04:16.556 | warning  |              Op | ttnn::tilize: Using input shard spec for output tensor because the legacy sharded optimized program factory is being used (tilize_device_operation.cpp:247)
2026-08-29 11:04:16.563 | warning  |              Op | ttnn::tilize: Using input shard spec for output tensor because the legacy sharded optimized program factory is being used (tilize_device_operation.cpp:247)
2026-08-29 11:04:16.563 | warning  |              Op | ttnn::tilize: Using input shard spec for output tensor because the legacy sharded optimized program factory is being used (tilize_device_operation.cpp:247)
2026-08-29 11:04:16.571 | warning  |              Op | ttnn::tilize: Using input shard spec for output tensor because the legacy sharded optimized program factory is being used (tilize_device_operation.cpp:247)
2026-08-29 11:04:16.571 | warning  |              Op | ttnn::tilize: Using input shard spec for output tensor because the legacy sharded optimized program factory is being used (tilize_device_operation.cpp:247)
2026-08-29 11:04:16.578 | warning  |              Op | ttnn::tilize: Using input shard spec for output tensor because the legacy sharded optimized program factory is being used (tilize_device_operation.cpp:247)
2026-08-29 11:04:16.578 | warning  |              Op | ttnn::tilize: Using input shard spec for output tensor because the legacy sharded optimized program factory is being used (tilize_device_operation.cpp:247)
2026-08-29 11:04:16.585 | warning  |              Op | ttnn::tilize: Using input shard spec for output tensor because the legacy sharded optimized program factory is being used (tilize_device_operation.cpp:247)
2026-08-29 11:04:16.586 | warning  |              Op | ttnn::tilize: Using input shard spec for output tensor because the legacy sharded optimized program factory is being used (tilize_device_operation.cpp:247)
2026-08-29 11:04:16.593 | warning  |              Op | ttnn::tilize: Using input shard spec for output tensor because the legacy sharded optimized program factory is being used (tilize_device_operation.cpp:247)
2026-08-29 11:04:16.593 | warning  |              Op | ttnn::tilize: Using input shard spec for output tensor because the legacy sharded optimized program factory is being used (tilize_device_operation.cpp:247)
2026-08-29 11:04:16.600 | warning  |              Op | ttnn::tilize: Using input shard spec for output tensor because the legacy sharded optimized program factory is being used (tilize_device_operation.cpp:247)
2026-08-29 11:04:16.600 | warning  |              Op | ttnn::tilize: Using input shard spec for output tensor because the legacy sharded optimized program factory is being used (tilize_device_operation.cpp:247)
2026-08-29 11:04:16.607 | warning  |              Op | ttnn::tilize: Using input shard spec for output tensor because the legacy sharded optimized program factory is being used (tilize_device_operation.cpp:247)
2026-08-29 11:04:16.608 | warning  |              Op | ttnn::tilize: Using input shard spec for output tensor because the legacy sharded optimized program factory is being used (tilize_device_operation.cpp:247)
2026-08-29 11:04:16.615 | warning  |              Op | ttnn::tilize: Using input shard spec for output tensor because the legacy sharded optimized program factory is being used (tilize_device_operation.cpp:247)
2026-08-29 11:04:16.615 | warning  |              Op | ttnn::tilize: Using input shard spec for output tensor because the legacy sharded optimized program factory is being used (tilize_device_operation.cpp:247)
2026-08-29 11:04:16.622 | warning  |              Op | ttnn::tilize: Using input shard spec for output tensor because the legacy sharded optimized program factory is being used (tilize_device_operation.cpp:247)
2026-08-29 11:04:16.622 | warning  |              Op | ttnn::tilize: Using input shard spec for output tensor because the legacy sharded optimized program factory is being used (tilize_device_operation.cpp:247)
2026-08-29 11:04:16.629 | warning  |              Op | ttnn::tilize: Using input shard spec for output tensor because the legacy sharded optimized program factory is being used (tilize_device_operation.cpp:247)
2026-08-29 11:04:16.629 | warning  |              Op | ttnn::tilize: Using input shard spec for output tensor because the legacy sharded optimized program factory is being used (tilize_device_operation.cpp:247)
2026-08-29 11:04:16.637 | warning  |              Op | ttnn::tilize: Using input shard spec for output tensor because the legacy sharded optimized program factory is being used (tilize_device_operation.cpp:247)
2026-08-29 11:04:16.637 | warning  |              Op | ttnn::tilize: Using input shard spec for output tensor because the legacy sharded optimized program factory is being used (tilize_device_operation.cpp:247)
2026-08-29 11:04:16.644 | warning  |              Op | ttnn::tilize: Using input shard spec for output tensor because the legacy sharded optimized program factory is being used (tilize_device_operation.cpp:247)
2026-08-29 11:04:16.644 | warning  |              Op | ttnn::tilize: Using input shard spec for output tensor because the legacy sharded optimized program factory is being used (tilize_device_operation.cpp:247)
2026-08-29 11:04:16.651 | warning  |              Op | ttnn::tilize: Using input shard spec for output tensor because the legacy sharded optimized program factory is being used (tilize_device_operation.cpp:247)
2026-08-29 11:04:16.651 | warning  |              Op | ttnn::tilize: Using input shard spec for output tensor because the legacy sharded optimized program factory is being used (tilize_device_operation.cpp:247)
2026-08-29 11:04:16.659 | warning  |              Op | ttnn::tilize: Using input shard spec for output tensor because the legacy sharded optimized program factory is being used (tilize_device_operation.cpp:247)
2026-08-29 11:04:16.659 | warning  |              Op | ttnn::tilize: Using input shard spec for output tensor because the legacy sharded optimized program factory is being used (tilize_device_operation.cpp:247)
2026-08-29 11:04:16.666 | warning  |              Op | ttnn::tilize: Using input shard spec for output tensor because the legacy sharded optimized program factory is being used (tilize_device_operation.cpp:247)
2026-08-29 11:04:16.667 | warning  |              Op | ttnn::tilize: Using input shard spec for output tensor because the legacy sharded optimized program factory is being used (tilize_device_operation.cpp:247)
2026-08-29 11:04:16.674 | warning  |              Op | ttnn::tilize: Using input shard spec for output tensor because the legacy sharded optimized program factory is being used (tilize_device_operation.cpp:247)
2026-08-29 11:04:16.674 | warning  |              Op | ttnn::tilize: Using input shard spec for output tensor because the legacy sharded optimized program factory is being used (tilize_device_operation.cpp:247)
2026-08-29 11:04:16.682 | warning  |              Op | ttnn::tilize: Using input shard spec for output tensor because the legacy sharded optimized program factory is being used (tilize_device_operation.cpp:247)
2026-08-29 11:04:16.682 | warning  |              Op | ttnn::tilize: Using input shard spec for output tensor because the legacy sharded optimized program factory is being used (tilize_device_operation.cpp:247)
2026-08-29 11:04:16.689 | warning  |              Op | ttnn::tilize: Using input shard spec for output tensor because the legacy sharded optimized program factory is being used (tilize_device_operation.cpp:247)
2026-08-29 11:04:16.689 | warning  |              Op | ttnn::tilize: Using input shard spec for output tensor because the legacy sharded optimized program factory is being used (tilize_device_operation.cpp:247)
2026-08-29 11:04:16.697 | warning  |              Op | ttnn::tilize: Using input shard spec for output tensor because the legacy sharded optimized program factory is being used (tilize_device_operation.cpp:247)
2026-08-29 11:04:16.697 | warning  |              Op | ttnn::tilize: Using input shard spec for output tensor because the legacy sharded optimized program factory is being used (tilize_device_operation.cpp:247)
2026-08-29 11:04:16.704 | warning  |              Op | ttnn::tilize: Using input shard spec for output tensor because the legacy sharded optimized program factory is being used (tilize_device_operation.cpp:247)
2026-08-29 11:04:16.705 | warning  |              Op | ttnn::tilize: Using input shard spec for output tensor because the legacy sharded optimized program factory is being used (tilize_device_operation.cpp:247)
2026-08-29 11:04:16.712 | warning  |              Op | ttnn::tilize: Using input shard spec for output tensor because the legacy sharded optimized program factory is being used (tilize_device_operation.cpp:247)
2026-08-29 11:04:16.712 | warning  |              Op | ttnn::tilize: Using input shard spec for output tensor because the legacy sharded optimized program factory is being used (tilize_device_operation.cpp:247)
2026-08-29 11:04:16.719 | warning  |              Op | ttnn::tilize: Using input shard spec for output tensor because the legacy sharded optimized program factory is being used (tilize_device_operation.cpp:247)
2026-08-29 11:04:16.719 | warning  |              Op | ttnn::tilize: Using input shard spec for output tensor because the legacy sharded optimized program factory is being used (tilize_device_operation.cpp:247)
2026-08-29 11:04:16.726 | warning  |              Op | ttnn::tilize: Using input shard spec for output tensor because the legacy sharded optimized program factory is being used (tilize_device_operation.cpp:247)
2026-08-29 11:04:16.726 | warning  |              Op | ttnn::tilize: Using input shard spec for output tensor because the legacy sharded optimized program factory is being used (tilize_device_operation.cpp:247)
2026-08-29 11:04:16.734 | warning  |              Op | ttnn::tilize: Using input shard spec for output tensor because the legacy sharded optimized program factory is being used (tilize_device_operation.cpp:247)
2026-08-29 11:04:16.734 | warning  |              Op | ttnn::tilize: Using input shard spec for output tensor because the legacy sharded optimized program factory is being used (tilize_device_operation.cpp:247)
2026-08-29 11:04:16.741 | warning  |              Op | ttnn::tilize: Using input shard spec for output tensor because the legacy sharded optimized program factory is being used (tilize_device_operation.cpp:247)
2026-08-29 11:04:16.741 | warning  |              Op | ttnn::tilize: Using input shard spec for output tensor because the legacy sharded optimized program factory is being used (tilize_device_operation.cpp:247)
2026-08-29 11:04:16.748 | warning  |              Op | ttnn::tilize: Using input shard spec for output tensor because the legacy sharded optimized program factory is being used (tilize_device_operation.cpp:247)
2026-08-29 11:04:16.748 | warning  |              Op | ttnn::tilize: Using input shard spec for output tensor because the legacy sharded optimized program factory is being used (tilize_device_operation.cpp:247)
2026-08-29 11:04:16.755 | warning  |              Op | ttnn::tilize: Using input shard spec for output tensor because the legacy sharded optimized program factory is being used (tilize_device_operation.cpp:247)
2026-08-29 11:04:16.756 | warning  |              Op | ttnn::tilize: Using input shard spec for output tensor because the legacy sharded optimized program factory is being used (tilize_device_operation.cpp:247)
2026-08-29 11:04:16.763 | warning  |              Op | ttnn::tilize: Using input shard spec for output tensor because the legacy sharded optimized program factory is being used (tilize_device_operation.cpp:247)
2026-08-29 11:04:16.763 | warning  |              Op | ttnn::tilize: Using input shard spec for output tensor because the legacy sharded optimized program factory is being used (tilize_device_operation.cpp:247)
2026-08-29 11:04:16.770 | warning  |              Op | ttnn::tilize: Using input shard spec for output tensor because the legacy sharded optimized program factory is being used (tilize_device_operation.cpp:247)
2026-08-29 11:04:16.770 | warning  |              Op | ttnn::tilize: Using input shard spec for output tensor because the legacy sharded optimized program factory is being used (tilize_device_operation.cpp:247)
2026-08-29 11:04:16.778 | warning  |              Op | ttnn::tilize: Using input shard spec for output tensor because the legacy sharded optimized program factory is being used (tilize_device_operation.cpp:247)
2026-08-29 11:04:16.778 | warning  |              Op | ttnn::tilize: Using input shard spec for output tensor because the legacy sharded optimized program factory is being used (tilize_device_operation.cpp:247)
2026-08-29 11:04:16.785 | warning  |              Op | ttnn::tilize: Using input shard spec for output tensor because the legacy sharded optimized program factory is being used (tilize_device_operation.cpp:247)
2026-08-29 11:04:16.785 | warning  |              Op | ttnn::tilize: Using input shard spec for output tensor because the legacy sharded optimized program factory is being used (tilize_device_operation.cpp:247)
2026-08-29 11:04:16.792 | warning  |              Op | ttnn::tilize: Using input shard spec for output tensor because the legacy sharded optimized program factory is being used (tilize_device_operation.cpp:247)
2026-08-29 11:04:16.792 | warning  |              Op | ttnn::tilize: Using input shard spec for output tensor because the legacy sharded optimized program factory is being used (tilize_device_operation.cpp:247)
2026-08-29 11:04:16.799 | warning  |              Op | ttnn::tilize: Using input shard spec for output tensor because the legacy sharded optimized program factory is being used (tilize_device_operation.cpp:247)
2026-08-29 11:04:16.800 | warning  |              Op | ttnn::tilize: Using input shard spec for output tensor because the legacy sharded optimized program factory is being used (tilize_device_operation.cpp:247)
2026-08-29 11:04:16.807 | warning  |              Op | ttnn::tilize: Using input shard spec for output tensor because the legacy sharded optimized program factory is being used (tilize_device_operation.cpp:247)
2026-08-29 11:04:16.807 | warning  |              Op | ttnn::tilize: Using input shard spec for output tensor because the legacy sharded optimized program factory is being used (tilize_device_operation.cpp:247)
2026-08-29 11:04:16.814 | warning  |              Op | ttnn::tilize: Using input shard spec for output tensor because the legacy sharded optimized program factory is being used (tilize_device_operation.cpp:247)
2026-08-29 11:04:16.814 | warning  |              Op | ttnn::tilize: Using input shard spec for output tensor because the legacy sharded optimized program factory is being used (tilize_device_operation.cpp:247)
2026-08-29 11:04:16.822 | warning  |              Op | ttnn::tilize: Using input shard spec for output tensor because the legacy sharded optimized program factory is being used (tilize_device_operation.cpp:247)
2026-08-29 11:04:16.822 | warning  |              Op | ttnn::tilize: Using input shard spec for output tensor because the legacy sharded optimized program factory is being used (tilize_device_operation.cpp:247)
2026-08-29 11:04:16.829 | warning  |              Op | ttnn::tilize: Using input shard spec for output tensor because the legacy sharded optimized program factory is being used (tilize_device_operation.cpp:247)
2026-08-29 11:04:16.829 | warning  |              Op | ttnn::tilize: Using input shard spec for output tensor because the legacy sharded optimized program factory is being used (tilize_device_operation.cpp:247)
2026-08-29 11:04:16.837 | warning  |              Op | ttnn::tilize: Using input shard spec for output tensor because the legacy sharded optimized program factory is being used (tilize_device_operation.cpp:247)
2026-08-29 11:04:16.837 | warning  |              Op | ttnn::tilize: Using input shard spec for output tensor because the legacy sharded optimized program factory is being used (tilize_device_operation.cpp:247)
2026-08-29 11:04:16.844 | warning  |              Op | ttnn::tilize: Using input shard spec for output tensor because the legacy sharded optimized program factory is being used (tilize_device_operation.cpp:247)
2026-08-29 11:04:16.844 | warning  |              Op | ttnn::tilize: Using input shard spec for output tensor because the legacy sharded optimized program factory is being used (tilize_device_operation.cpp:247)
2026-08-29 11:04:16.851 | warning  |              Op | ttnn::tilize: Using input shard spec for output tensor because the legacy sharded optimized program factory is being used (tilize_device_operation.cpp:247)
2026-08-29 11:04:16.851 | warning  |              Op | ttnn::tilize: Using input shard spec for output tensor because the legacy sharded optimized program factory is being used (tilize_device_operation.cpp:247)
2026-08-29 11:04:16.859 | warning  |              Op | ttnn::tilize: Using input shard spec for output tensor because the legacy sharded optimized program factory is being used (tilize_device_operation.cpp:247)
2026-08-29 11:04:16.859 | warning  |              Op | ttnn::tilize: Using input shard spec for output tensor because the legacy sharded optimized program factory is being used (tilize_device_operation.cpp:247)
2026-08-29 11:04:16.866 | warning  |              Op | ttnn::tilize: Using input shard spec for output tensor because the legacy sharded optimized program factory is being used (tilize_device_operation.cpp:247)
2026-08-29 11:04:16.867 | warning  |              Op | ttnn::tilize: Using input shard spec for output tensor because the legacy sharded optimized program factory is being used (tilize_device_operation.cpp:247)
2026-08-29 11:04:16.874 | warning  |              Op | ttnn::tilize: Using input shard spec for output tensor because the legacy sharded optimized program factory is being used (tilize_device_operation.cpp:247)
2026-08-29 11:04:16.874 | warning  |              Op | ttnn::tilize: Using input shard spec for output tensor because the legacy sharded optimized program factory is being used (tilize_device_operation.cpp:247)
2026-08-29 11:04:16.881 | warning  |              Op | ttnn::tilize: Using input shard spec for output tensor because the legacy sharded optimized program factory is being used (tilize_device_operation.cpp:247)
2026-08-29 11:04:16.881 | warning  |              Op | ttnn::tilize: Using input shard spec for output tensor because the legacy sharded optimized program factory is being used (tilize_device_operation.cpp:247)
2026-08-29 11:04:16.888 | warning  |              Op | ttnn::tilize: Using input shard spec for output tensor because the legacy sharded optimized program factory is being used (tilize_device_operation.cpp:247)
2026-08-29 11:04:16.889 | warning  |              Op | ttnn::tilize: Using input shard spec for output tensor because the legacy sharded optimized program factory is being used (tilize_device_operation.cpp:247)
2026-08-29 11:04:16.900 | warning  |              Op | ttnn::tilize: Using input shard spec for output tensor because the legacy sharded optimized program factory is being used (tilize_device_operation.cpp:247)
2026-08-29 11:04:16.900 | warning  |              Op | ttnn::tilize: Using input shard spec for output tensor because the legacy sharded optimized program factory is being used (tilize_device_operation.cpp:247)
2026-08-29 11:04:16.907 | warning  |              Op | ttnn::tilize: Using input shard spec for output tensor because the legacy sharded optimized program factory is being used (tilize_device_operation.cpp:247)
2026-08-29 11:04:16.907 | warning  |              Op | ttnn::tilize: Using input shard spec for output tensor because the legacy sharded optimized program factory is being used (tilize_device_operation.cpp:247)
2026-08-29 11:04:16.915 | warning  |              Op | ttnn::tilize: Using input shard spec for output tensor because the legacy sharded optimized program factory is being used (tilize_device_operation.cpp:247)
2026-08-29 11:04:16.915 | warning  |              Op | ttnn::tilize: Using input shard spec for output tensor because the legacy sharded optimized program factory is being used (tilize_device_operation.cpp:247)
2026-08-29 11:04:16.922 | warning  |              Op | ttnn::tilize: Using input shard spec for output tensor because the legacy sharded optimized program factory is being used (tilize_device_operation.cpp:247)
2026-08-29 11:04:16.922 | warning  |              Op | ttnn::tilize: Using input shard spec for output tensor because the legacy sharded optimized program factory is being used (tilize_device_operation.cpp:247)
2026-08-29 11:04:16.929 | warning  |              Op | ttnn::tilize: Using input shard spec for output tensor because the legacy sharded optimized program factory is being used (tilize_device_operation.cpp:247)
2026-08-29 11:04:16.929 | warning  |              Op | ttnn::tilize: Using input shard spec for output tensor because the legacy sharded optimized program factory is being used (tilize_device_operation.cpp:247)
2026-08-29 11:04:16.936 | warning  |              Op | ttnn::tilize: Using input shard spec for output tensor because the legacy sharded optimized program factory is being used (tilize_device_operation.cpp:247)
2026-08-29 11:04:16.937 | warning  |              Op | ttnn::tilize: Using input shard spec for output tensor because the legacy sharded optimized program factory is being used (tilize_device_operation.cpp:247)
2026-08-29 11:04:16.944 | warning  |              Op | ttnn::tilize: Using input shard spec for output tensor because the legacy sharded optimized program factory is being used (tilize_device_operation.cpp:247)
2026-08-29 11:04:16.944 | warning  |              Op | ttnn::tilize: Using input shard spec for output tensor because the legacy sharded optimized program factory is being used (tilize_device_operation.cpp:247)
2026-08-29 11:04:16.951 | warning  |              Op | ttnn::tilize: Using input shard spec for output tensor because the legacy sharded optimized program factory is being used (tilize_device_operation.cpp:247)
2026-08-29 11:04:16.951 | warning  |              Op | ttnn::tilize: Using input shard spec for output tensor because the legacy sharded optimized program factory is being used (tilize_device_operation.cpp:247)
2026-08-29 11:04:16.958 | warning  |              Op | ttnn::tilize: Using input shard spec for output tensor because the legacy sharded optimized program factory is being used (tilize_device_operation.cpp:247)
2026-08-29 11:04:16.958 | warning  |              Op | ttnn::tilize: Using input shard spec for output tensor because the legacy sharded optimized program factory is being used (tilize_device_operation.cpp:247)
2026-08-29 11:04:17.890 | INFO     | models.demos.llama3_70b_galaxy.tt.generator:_capture_trace_text:1456 - Done Capturing Decode Trace
2026-08-29 11:04:17.898 | DEBUG    | models.common.sampling.generator:capture_trace:307 - Pre-compiling sampling path before trace capture (penalties=False,log_probs_on=False,force_argmax=False)
2026-08-29 11:04:18.034 | info     |           Metal | Finalize dfb: dfb_offset == base_offset: 80, dfb size: 32, return value: 112 (dataflow_buffer.cpp:1656)
2026-08-29 11:04:18.034 | info     |           Metal | Finalize dfb: dfb_offset == base_offset: 0, dfb size: 0, return value: 0 (dataflow_buffer.cpp:1656)
2026-08-29 11:04:18.034 | info     |           Metal | Finalize dfb: dfb_offset == base_offset: 0, dfb size: 0, return value: 0 (dataflow_buffer.cpp:1656)
2026-08-29 11:04:18.611 | INFO     | models.demos.llama3_70b_galaxy.demo.text_qwen_demo:test_qwen_demo_text:945 - Iteration 0 (compile): 104151.2300ms
2026-08-29 11:04:18.612 | INFO     | models.demos.llama3_70b_galaxy.demo.text_qwen_demo:test_qwen_demo_text:1041 - Decode Iteration 1: Time: 1.0810ms, tok/s/user: 925.07, Throughput: 29602.22 tok/s
2026-08-29 11:04:18.628 | INFO     | models.demos.llama3_70b_galaxy.demo.text_qwen_demo:test_qwen_demo_text:1041 - Decode Iteration 2: Time: 15.8920ms, tok/s/user: 62.92, Throughput: 2013.59 tok/s
2026-08-29 11:04:18.645 | INFO     | models.demos.llama3_70b_galaxy.demo.text_qwen_demo:test_qwen_demo_text:1041 - Decode Iteration 3: Time: 16.3280ms, tok/s/user: 61.24, Throughput: 1959.82 tok/s
2026-08-29 11:04:18.661 | INFO     | models.demos.llama3_70b_galaxy.demo.text_qwen_demo:test_qwen_demo_text:1041 - Decode Iteration 4: Time: 16.3860ms, tok/s/user: 61.03, Throughput: 1952.89 tok/s
2026-08-29 11:04:18.678 | INFO     | models.demos.llama3_70b_galaxy.demo.text_qwen_demo:test_qwen_demo_text:1041 - Decode Iteration 5: Time: 16.3530ms, tok/s/user: 61.15, Throughput: 1956.83 tok/s
2026-08-29 11:04:18.694 | INFO     | models.demos.llama3_70b_galaxy.demo.text_qwen_demo:test_qwen_demo_text:1041 - Decode Iteration 6: Time: 16.3560ms, tok/s/user: 61.14, Throughput: 1956.47 tok/s
2026-08-29 11:04:18.711 | INFO     | models.demos.llama3_70b_galaxy.demo.text_qwen_demo:test_qwen_demo_text:1041 - Decode Iteration 7: Time: 16.3620ms, tok/s/user: 61.12, Throughput: 1955.75 tok/s
2026-08-29 11:04:18.727 | INFO     | models.demos.llama3_70b_galaxy.demo.text_qwen_demo:test_qwen_demo_text:1041 - Decode Iteration 8: Time: 16.3540ms, tok/s/user: 61.15, Throughput: 1956.71 tok/s
2026-08-29 11:04:18.744 | INFO     | models.demos.llama3_70b_galaxy.demo.text_qwen_demo:test_qwen_demo_text:1041 - Decode Iteration 9: Time: 16.3860ms, tok/s/user: 61.03, Throughput: 1952.89 tok/s
2026-08-29 11:04:18.761 | INFO     | models.demos.llama3_70b_galaxy.demo.text_qwen_demo:test_qwen_demo_text:1041 - Decode Iteration 10: Time: 16.3780ms, tok/s/user: 61.06, Throughput: 1953.84 tok/s
2026-08-29 11:04:18.777 | INFO     | models.demos.llama3_70b_galaxy.demo.text_qwen_demo:test_qwen_demo_text:1041 - Decode Iteration 11: Time: 16.3590ms, tok/s/user: 61.13, Throughput: 1956.11 tok/s
2026-08-29 11:04:18.794 | INFO     | models.demos.llama3_70b_galaxy.demo.text_qwen_demo:test_qwen_demo_text:1041 - Decode Iteration 12: Time: 16.3620ms, tok/s/user: 61.12, Throughput: 1955.75 tok/s
2026-08-29 11:04:18.810 | INFO     | models.demos.llama3_70b_galaxy.demo.text_qwen_demo:test_qwen_demo_text:1041 - Decode Iteration 13: Time: 16.3610ms, tok/s/user: 61.12, Throughput: 1955.87 tok/s
2026-08-29 11:04:18.827 | INFO     | models.demos.llama3_70b_galaxy.demo.text_qwen_demo:test_qwen_demo_text:1041 - Decode Iteration 14: Time: 16.3980ms, tok/s/user: 60.98, Throughput: 1951.46 tok/s
2026-08-29 11:04:18.843 | INFO     | models.demos.llama3_70b_galaxy.demo.text_qwen_demo:test_qwen_demo_text:1041 - Decode Iteration 15: Time: 16.3880ms, tok/s/user: 61.02, Throughput: 1952.65 tok/s
2026-08-29 11:04:18.860 | INFO     | models.demos.llama3_70b_galaxy.demo.text_qwen_demo:test_qwen_demo_text:1041 - Decode Iteration 16: Time: 16.3860ms, tok/s/user: 61.03, Throughput: 1952.89 tok/s
2026-08-29 11:04:18.876 | INFO     | models.demos.llama3_70b_galaxy.demo.text_qwen_demo:test_qwen_demo_text:1041 - Decode Iteration 17: Time: 16.3620ms, tok/s/user: 61.12, Throughput: 1955.75 tok/s
2026-08-29 11:04:18.893 | INFO     | models.demos.llama3_70b_galaxy.demo.text_qwen_demo:test_qwen_demo_text:1041 - Decode Iteration 18: Time: 16.4270ms, tok/s/user: 60.88, Throughput: 1948.01 tok/s
2026-08-29 11:04:18.910 | INFO     | models.demos.llama3_70b_galaxy.demo.text_qwen_demo:test_qwen_demo_text:1041 - Decode Iteration 19: Time: 16.3590ms, tok/s/user: 61.13, Throughput: 1956.11 tok/s
2026-08-29 11:04:18.926 | INFO     | models.demos.llama3_70b_galaxy.demo.text_qwen_demo:test_qwen_demo_text:1041 - Decode Iteration 20: Time: 16.4020ms, tok/s/user: 60.97, Throughput: 1950.98 tok/s
2026-08-29 11:04:18.943 | INFO     | models.demos.llama3_70b_galaxy.demo.text_qwen_demo:test_qwen_demo_text:1041 - Decode Iteration 21: Time: 16.4030ms, tok/s/user: 60.96, Throughput: 1950.86 tok/s
2026-08-29 11:04:18.959 | INFO     | models.demos.llama3_70b_galaxy.demo.text_qwen_demo:test_qwen_demo_text:1041 - Decode Iteration 22: Time: 16.3430ms, tok/s/user: 61.19, Throughput: 1958.02 tok/s
2026-08-29 11:04:18.976 | INFO     | models.demos.llama3_70b_galaxy.demo.text_qwen_demo:test_qwen_demo_text:1041 - Decode Iteration 23: Time: 16.3460ms, tok/s/user: 61.18, Throughput: 1957.67 tok/s
2026-08-29 11:04:18.992 | INFO     | models.demos.llama3_70b_galaxy.demo.text_qwen_demo:test_qwen_demo_text:1041 - Decode Iteration 24: Time: 16.3600ms, tok/s/user: 61.12, Throughput: 1955.99 tok/s
2026-08-29 11:04:19.009 | INFO     | models.demos.llama3_70b_galaxy.demo.text_qwen_demo:test_qwen_demo_text:1041 - Decode Iteration 25: Time: 16.4110ms, tok/s/user: 60.93, Throughput: 1949.91 tok/s
2026-08-29 11:04:19.025 | INFO     | models.demos.llama3_70b_galaxy.demo.text_qwen_demo:test_qwen_demo_text:1041 - Decode Iteration 26: Time: 16.4000ms, tok/s/user: 60.98, Throughput: 1951.22 tok/s
2026-08-29 11:04:19.042 | INFO     | models.demos.llama3_70b_galaxy.demo.text_qwen_demo:test_qwen_demo_text:1041 - Decode Iteration 27: Time: 16.3810ms, tok/s/user: 61.05, Throughput: 1953.48 tok/s
2026-08-29 11:04:19.059 | INFO     | models.demos.llama3_70b_galaxy.demo.text_qwen_demo:test_qwen_demo_text:1041 - Decode Iteration 28: Time: 16.3590ms, tok/s/user: 61.13, Throughput: 1956.11 tok/s
2026-08-29 11:04:19.075 | INFO     | models.demos.llama3_70b_galaxy.demo.text_qwen_demo:test_qwen_demo_text:1041 - Decode Iteration 29: Time: 16.3800ms, tok/s/user: 61.05, Throughput: 1953.60 tok/s
2026-08-29 11:04:19.092 | INFO     | models.demos.llama3_70b_galaxy.demo.text_qwen_demo:test_qwen_demo_text:1041 - Decode Iteration 30: Time: 16.4120ms, tok/s/user: 60.93, Throughput: 1949.79 tok/s
2026-08-29 11:04:19.108 | INFO     | models.demos.llama3_70b_galaxy.demo.text_qwen_demo:test_qwen_demo_text:1041 - Decode Iteration 31: Time: 16.3890ms, tok/s/user: 61.02, Throughput: 1952.53 tok/s
2026-08-29 11:04:19.125 | INFO     | models.demos.llama3_70b_galaxy.demo.text_qwen_demo:test_qwen_demo_text:1041 - Decode Iteration 32: Time: 16.3390ms, tok/s/user: 61.20, Throughput: 1958.50 tok/s
2026-08-29 11:04:19.141 | INFO     | models.demos.llama3_70b_galaxy.demo.text_qwen_demo:test_qwen_demo_text:1041 - Decode Iteration 33: Time: 16.3590ms, tok/s/user: 61.13, Throughput: 1956.11 tok/s
2026-08-29 11:04:19.158 | INFO     | models.demos.llama3_70b_galaxy.demo.text_qwen_demo:test_qwen_demo_text:1041 - Decode Iteration 34: Time: 16.3950ms, tok/s/user: 60.99, Throughput: 1951.81 tok/s
2026-08-29 11:04:19.174 | INFO     | models.demos.llama3_70b_galaxy.demo.text_qwen_demo:test_qwen_demo_text:1041 - Decode Iteration 35: Time: 16.3870ms, tok/s/user: 61.02, Throughput: 1952.77 tok/s
2026-08-29 11:04:19.191 | INFO     | models.demos.llama3_70b_galaxy.demo.text_qwen_demo:test_qwen_demo_text:1041 - Decode Iteration 36: Time: 16.3900ms, tok/s/user: 61.01, Throughput: 1952.41 tok/s
2026-08-29 11:04:19.208 | INFO     | models.demos.llama3_70b_galaxy.demo.text_qwen_demo:test_qwen_demo_text:1041 - Decode Iteration 37: Time: 16.3580ms, tok/s/user: 61.13, Throughput: 1956.23 tok/s
2026-08-29 11:04:19.224 | INFO     | models.demos.llama3_70b_galaxy.demo.text_qwen_demo:test_qwen_demo_text:1041 - Decode Iteration 38: Time: 16.3760ms, tok/s/user: 61.06, Throughput: 1954.08 tok/s
2026-08-29 11:04:19.241 | INFO     | models.demos.llama3_70b_galaxy.demo.text_qwen_demo:test_qwen_demo_text:1041 - Decode Iteration 39: Time: 16.3820ms, tok/s/user: 61.04, Throughput: 1953.36 tok/s
2026-08-29 11:04:19.257 | INFO     | models.demos.llama3_70b_galaxy.demo.text_qwen_demo:test_qwen_demo_text:1041 - Decode Iteration 40: Time: 16.3890ms, tok/s/user: 61.02, Throughput: 1952.53 tok/s
2026-08-29 11:04:19.274 | INFO     | models.demos.llama3_70b_galaxy.demo.text_qwen_demo:test_qwen_demo_text:1041 - Decode Iteration 41: Time: 16.3880ms, tok/s/user: 61.02, Throughput: 1952.65 tok/s
2026-08-29 11:04:19.290 | INFO     | models.demos.llama3_70b_galaxy.demo.text_qwen_demo:test_qwen_demo_text:1041 - Decode Iteration 42: Time: 16.4040ms, tok/s/user: 60.96, Throughput: 1950.74 tok/s
2026-08-29 11:04:19.307 | INFO     | models.demos.llama3_70b_galaxy.demo.text_qwen_demo:test_qwen_demo_text:1041 - Decode Iteration 43: Time: 16.3560ms, tok/s/user: 61.14, Throughput: 1956.47 tok/s
2026-08-29 11:04:19.323 | INFO     | models.demos.llama3_70b_galaxy.demo.text_qwen_demo:test_qwen_demo_text:1041 - Decode Iteration 44: Time: 16.3750ms, tok/s/user: 61.07, Throughput: 1954.20 tok/s
2026-08-29 11:04:19.340 | INFO     | models.demos.llama3_70b_galaxy.demo.text_qwen_demo:test_qwen_demo_text:1041 - Decode Iteration 45: Time: 16.4270ms, tok/s/user: 60.88, Throughput: 1948.01 tok/s
2026-08-29 11:04:19.357 | INFO     | models.demos.llama3_70b_galaxy.demo.text_qwen_demo:test_qwen_demo_text:1041 - Decode Iteration 46: Time: 16.3820ms, tok/s/user: 61.04, Throughput: 1953.36 tok/s
2026-08-29 11:04:19.373 | INFO     | models.demos.llama3_70b_galaxy.demo.text_qwen_demo:test_qwen_demo_text:1041 - Decode Iteration 47: Time: 16.3680ms, tok/s/user: 61.09, Throughput: 1955.03 tok/s
2026-08-29 11:04:19.390 | INFO     | models.demos.llama3_70b_galaxy.demo.text_qwen_demo:test_qwen_demo_text:1041 - Decode Iteration 48: Time: 16.3640ms, tok/s/user: 61.11, Throughput: 1955.51 tok/s
2026-08-29 11:04:19.406 | INFO     | models.demos.llama3_70b_galaxy.demo.text_qwen_demo:test_qwen_demo_text:1041 - Decode Iteration 49: Time: 16.3760ms, tok/s/user: 61.06, Throughput: 1954.08 tok/s
2026-08-29 11:04:19.423 | INFO     | models.demos.llama3_70b_galaxy.demo.text_qwen_demo:test_qwen_demo_text:1041 - Decode Iteration 50: Time: 16.3850ms, tok/s/user: 61.03, Throughput: 1953.01 tok/s
2026-08-29 11:04:19.439 | INFO     | models.demos.llama3_70b_galaxy.demo.text_qwen_demo:test_qwen_demo_text:1041 - Decode Iteration 51: Time: 16.4170ms, tok/s/user: 60.91, Throughput: 1949.20 tok/s
2026-08-29 11:04:19.456 | INFO     | models.demos.llama3_70b_galaxy.demo.text_qwen_demo:test_qwen_demo_text:1041 - Decode Iteration 52: Time: 16.3630ms, tok/s/user: 61.11, Throughput: 1955.63 tok/s
2026-08-29 11:04:19.472 | INFO     | models.demos.llama3_70b_galaxy.demo.text_qwen_demo:test_qwen_demo_text:1041 - Decode Iteration 53: Time: 16.3440ms, tok/s/user: 61.18, Throughput: 1957.91 tok/s
2026-08-29 11:04:19.489 | INFO     | models.demos.llama3_70b_galaxy.demo.text_qwen_demo:test_qwen_demo_text:1041 - Decode Iteration 54: Time: 16.3860ms, tok/s/user: 61.03, Throughput: 1952.89 tok/s
2026-08-29 11:04:19.506 | INFO     | models.demos.llama3_70b_galaxy.demo.text_qwen_demo:test_qwen_demo_text:1041 - Decode Iteration 55: Time: 16.4160ms, tok/s/user: 60.92, Throughput: 1949.32 tok/s
2026-08-29 11:04:19.522 | INFO     | models.demos.llama3_70b_galaxy.demo.text_qwen_demo:test_qwen_demo_text:1041 - Decode Iteration 56: Time: 16.4120ms, tok/s/user: 60.93, Throughput: 1949.79 tok/s
2026-08-29 11:04:19.539 | INFO     | models.demos.llama3_70b_galaxy.demo.text_qwen_demo:test_qwen_demo_text:1041 - Decode Iteration 57: Time: 16.3040ms, tok/s/user: 61.33, Throughput: 1962.71 tok/s
2026-08-29 11:04:19.555 | INFO     | models.demos.llama3_70b_galaxy.demo.text_qwen_demo:test_qwen_demo_text:1041 - Decode Iteration 58: Time: 16.3740ms, tok/s/user: 61.07, Throughput: 1954.32 tok/s
2026-08-29 11:04:19.572 | INFO     | models.demos.llama3_70b_galaxy.demo.text_qwen_demo:test_qwen_demo_text:1041 - Decode Iteration 59: Time: 16.3790ms, tok/s/user: 61.05, Throughput: 1953.72 tok/s
2026-08-29 11:04:19.588 | INFO     | models.demos.llama3_70b_galaxy.demo.text_qwen_demo:test_qwen_demo_text:1041 - Decode Iteration 60: Time: 16.3910ms, tok/s/user: 61.01, Throughput: 1952.29 tok/s
2026-08-29 11:04:19.605 | INFO     | models.demos.llama3_70b_galaxy.demo.text_qwen_demo:test_qwen_demo_text:1041 - Decode Iteration 61: Time: 16.3770ms, tok/s/user: 61.06, Throughput: 1953.96 tok/s
2026-08-29 11:04:19.621 | INFO     | models.demos.llama3_70b_galaxy.demo.text_qwen_demo:test_qwen_demo_text:1041 - Decode Iteration 62: Time: 16.3870ms, tok/s/user: 61.02, Throughput: 1952.77 tok/s
2026-08-29 11:04:19.638 | INFO     | models.demos.llama3_70b_galaxy.demo.text_qwen_demo:test_qwen_demo_text:1041 - Decode Iteration 63: Time: 16.3840ms, tok/s/user: 61.04, Throughput: 1953.12 tok/s
2026-08-29 11:04:19.655 | INFO     | models.demos.llama3_70b_galaxy.demo.text_qwen_demo:test_qwen_demo_text:1041 - Decode Iteration 64: Time: 16.3450ms, tok/s/user: 61.18, Throughput: 1957.79 tok/s
2026-08-29 11:04:19.671 | INFO     | models.demos.llama3_70b_galaxy.demo.text_qwen_demo:test_qwen_demo_text:1041 - Decode Iteration 65: Time: 16.4380ms, tok/s/user: 60.83, Throughput: 1946.71 tok/s
2026-08-29 11:04:19.688 | INFO     | models.demos.llama3_70b_galaxy.demo.text_qwen_demo:test_qwen_demo_text:1041 - Decode Iteration 66: Time: 16.4320ms, tok/s/user: 60.86, Throughput: 1947.42 tok/s
2026-08-29 11:04:19.704 | INFO     | models.demos.llama3_70b_galaxy.demo.text_qwen_demo:test_qwen_demo_text:1041 - Decode Iteration 67: Time: 16.3270ms, tok/s/user: 61.25, Throughput: 1959.94 tok/s
2026-08-29 11:04:19.721 | INFO     | models.demos.llama3_70b_galaxy.demo.text_qwen_demo:test_qwen_demo_text:1041 - Decode Iteration 68: Time: 16.3890ms, tok/s/user: 61.02, Throughput: 1952.53 tok/s
2026-08-29 11:04:19.737 | INFO     | models.demos.llama3_70b_galaxy.demo.text_qwen_demo:test_qwen_demo_text:1041 - Decode Iteration 69: Time: 16.3600ms, tok/s/user: 61.12, Throughput: 1955.99 tok/s
2026-08-29 11:04:19.754 | INFO     | models.demos.llama3_70b_galaxy.demo.text_qwen_demo:test_qwen_demo_text:1041 - Decode Iteration 70: Time: 16.4090ms, tok/s/user: 60.94, Throughput: 1950.15 tok/s
2026-08-29 11:04:19.770 | INFO     | models.demos.llama3_70b_galaxy.demo.text_qwen_demo:test_qwen_demo_text:1041 - Decode Iteration 71: Time: 16.4040ms, tok/s/user: 60.96, Throughput: 1950.74 tok/s
2026-08-29 11:04:19.787 | INFO     | models.demos.llama3_70b_galaxy.demo.text_qwen_demo:test_qwen_demo_text:1041 - Decode Iteration 72: Time: 16.3490ms, tok/s/user: 61.17, Throughput: 1957.31 tok/s
2026-08-29 11:04:19.804 | INFO     | models.demos.llama3_70b_galaxy.demo.text_qwen_demo:test_qwen_demo_text:1041 - Decode Iteration 73: Time: 16.3830ms, tok/s/user: 61.04, Throughput: 1953.24 tok/s
2026-08-29 11:04:19.820 | INFO     | models.demos.llama3_70b_galaxy.demo.text_qwen_demo:test_qwen_demo_text:1041 - Decode Iteration 74: Time: 16.3630ms, tok/s/user: 61.11, Throughput: 1955.63 tok/s
2026-08-29 11:04:19.837 | INFO     | models.demos.llama3_70b_galaxy.demo.text_qwen_demo:test_qwen_demo_text:1041 - Decode Iteration 75: Time: 16.3930ms, tok/s/user: 61.00, Throughput: 1952.05 tok/s
2026-08-29 11:04:19.853 | INFO     | models.demos.llama3_70b_galaxy.demo.text_qwen_demo:test_qwen_demo_text:1041 - Decode Iteration 76: Time: 16.3720ms, tok/s/user: 61.08, Throughput: 1954.56 tok/s
2026-08-29 11:04:19.870 | INFO     | models.demos.llama3_70b_galaxy.demo.text_qwen_demo:test_qwen_demo_text:1041 - Decode Iteration 77: Time: 16.4040ms, tok/s/user: 60.96, Throughput: 1950.74 tok/s
2026-08-29 11:04:19.886 | INFO     | models.demos.llama3_70b_galaxy.demo.text_qwen_demo:test_qwen_demo_text:1041 - Decode Iteration 78: Time: 16.3540ms, tok/s/user: 61.15, Throughput: 1956.71 tok/s
2026-08-29 11:04:19.903 | INFO     | models.demos.llama3_70b_galaxy.demo.text_qwen_demo:test_qwen_demo_text:1041 - Decode Iteration 79: Time: 16.3720ms, tok/s/user: 61.08, Throughput: 1954.56 tok/s
2026-08-29 11:04:19.919 | INFO     | models.demos.llama3_70b_galaxy.demo.text_qwen_demo:test_qwen_demo_text:1041 - Decode Iteration 80: Time: 16.3890ms, tok/s/user: 61.02, Throughput: 1952.53 tok/s
2026-08-29 11:04:19.936 | INFO     | models.demos.llama3_70b_galaxy.demo.text_qwen_demo:test_qwen_demo_text:1041 - Decode Iteration 81: Time: 16.3750ms, tok/s/user: 61.07, Throughput: 1954.20 tok/s
2026-08-29 11:04:19.953 | INFO     | models.demos.llama3_70b_galaxy.demo.text_qwen_demo:test_qwen_demo_text:1041 - Decode Iteration 82: Time: 16.3730ms, tok/s/user: 61.08, Throughput: 1954.44 tok/s
2026-08-29 11:04:19.969 | INFO     | models.demos.llama3_70b_galaxy.demo.text_qwen_demo:test_qwen_demo_text:1041 - Decode Iteration 83: Time: 16.3860ms, tok/s/user: 61.03, Throughput: 1952.89 tok/s
2026-08-29 11:04:19.986 | INFO     | models.demos.llama3_70b_galaxy.demo.text_qwen_demo:test_qwen_demo_text:1041 - Decode Iteration 84: Time: 16.3380ms, tok/s/user: 61.21, Throughput: 1958.62 tok/s
2026-08-29 11:04:20.002 | INFO     | models.demos.llama3_70b_galaxy.demo.text_qwen_demo:test_qwen_demo_text:1041 - Decode Iteration 85: Time: 16.3890ms, tok/s/user: 61.02, Throughput: 1952.53 tok/s
2026-08-29 11:04:20.019 | INFO     | models.demos.llama3_70b_galaxy.demo.text_qwen_demo:test_qwen_demo_text:1041 - Decode Iteration 86: Time: 16.3780ms, tok/s/user: 61.06, Throughput: 1953.84 tok/s
2026-08-29 11:04:20.035 | INFO     | models.demos.llama3_70b_galaxy.demo.text_qwen_demo:test_qwen_demo_text:1041 - Decode Iteration 87: Time: 16.4020ms, tok/s/user: 60.97, Throughput: 1950.98 tok/s
2026-08-29 11:04:20.052 | INFO     | models.demos.llama3_70b_galaxy.demo.text_qwen_demo:test_qwen_demo_text:1041 - Decode Iteration 88: Time: 16.1470ms, tok/s/user: 61.93, Throughput: 1981.79 tok/s
2026-08-29 11:04:20.068 | INFO     | models.demos.llama3_70b_galaxy.demo.text_qwen_demo:test_qwen_demo_text:1041 - Decode Iteration 89: Time: 16.3450ms, tok/s/user: 61.18, Throughput: 1957.79 tok/s
2026-08-29 11:04:20.085 | INFO     | models.demos.llama3_70b_galaxy.demo.text_qwen_demo:test_qwen_demo_text:1041 - Decode Iteration 90: Time: 16.6530ms, tok/s/user: 60.05, Throughput: 1921.58 tok/s
2026-08-29 11:04:20.102 | INFO     | models.demos.llama3_70b_galaxy.demo.text_qwen_demo:test_qwen_demo_text:1041 - Decode Iteration 91: Time: 16.0450ms, tok/s/user: 62.32, Throughput: 1994.39 tok/s
2026-08-29 11:04:20.118 | INFO     | models.demos.llama3_70b_galaxy.demo.text_qwen_demo:test_qwen_demo_text:1041 - Decode Iteration 92: Time: 16.3730ms, tok/s/user: 61.08, Throughput: 1954.44 tok/s
2026-08-29 11:04:20.135 | INFO     | models.demos.llama3_70b_galaxy.demo.text_qwen_demo:test_qwen_demo_text:1041 - Decode Iteration 93: Time: 16.3240ms, tok/s/user: 61.26, Throughput: 1960.30 tok/s
2026-08-29 11:04:20.151 | INFO     | models.demos.llama3_70b_galaxy.demo.text_qwen_demo:test_qwen_demo_text:1041 - Decode Iteration 94: Time: 16.4130ms, tok/s/user: 60.93, Throughput: 1949.67 tok/s
2026-08-29 11:04:20.168 | INFO     | models.demos.llama3_70b_galaxy.demo.text_qwen_demo:test_qwen_demo_text:1041 - Decode Iteration 95: Time: 16.3030ms, tok/s/user: 61.34, Throughput: 1962.83 tok/s
2026-08-29 11:04:20.184 | INFO     | models.demos.llama3_70b_galaxy.demo.text_qwen_demo:test_qwen_demo_text:1041 - Decode Iteration 96: Time: 16.4000ms, tok/s/user: 60.98, Throughput: 1951.22 tok/s
2026-08-29 11:04:20.201 | INFO     | models.demos.llama3_70b_galaxy.demo.text_qwen_demo:test_qwen_demo_text:1041 - Decode Iteration 97: Time: 16.3780ms, tok/s/user: 61.06, Throughput: 1953.84 tok/s
2026-08-29 11:04:20.217 | INFO     | models.demos.llama3_70b_galaxy.demo.text_qwen_demo:test_qwen_demo_text:1041 - Decode Iteration 98: Time: 16.3500ms, tok/s/user: 61.16, Throughput: 1957.19 tok/s
2026-08-29 11:04:20.234 | INFO     | models.demos.llama3_70b_galaxy.demo.text_qwen_demo:test_qwen_demo_text:1041 - Decode Iteration 99: Time: 16.3850ms, tok/s/user: 61.03, Throughput: 1953.01 tok/s
2026-08-29 11:04:20.250 | INFO     | models.demos.llama3_70b_galaxy.demo.text_qwen_demo:test_qwen_demo_text:1041 - Decode Iteration 100: Time: 16.3380ms, tok/s/user: 61.21, Throughput: 1958.62 tok/s
2026-08-29 11:04:20.267 | INFO     | models.demos.llama3_70b_galaxy.demo.text_qwen_demo:test_qwen_demo_text:1041 - Decode Iteration 101: Time: 16.4330ms, tok/s/user: 60.85, Throughput: 1947.30 tok/s
2026-08-29 11:04:20.284 | INFO     | models.demos.llama3_70b_galaxy.demo.text_qwen_demo:test_qwen_demo_text:1041 - Decode Iteration 102: Time: 16.3670ms, tok/s/user: 61.10, Throughput: 1955.15 tok/s
2026-08-29 11:04:20.300 | INFO     | models.demos.llama3_70b_galaxy.demo.text_qwen_demo:test_qwen_demo_text:1041 - Decode Iteration 103: Time: 16.3750ms, tok/s/user: 61.07, Throughput: 1954.20 tok/s
2026-08-29 11:04:20.317 | INFO     | models.demos.llama3_70b_galaxy.demo.text_qwen_demo:test_qwen_demo_text:1041 - Decode Iteration 104: Time: 16.3480ms, tok/s/user: 61.17, Throughput: 1957.43 tok/s
2026-08-29 11:04:20.333 | INFO     | models.demos.llama3_70b_galaxy.demo.text_qwen_demo:test_qwen_demo_text:1041 - Decode Iteration 105: Time: 16.3770ms, tok/s/user: 61.06, Throughput: 1953.96 tok/s
2026-08-29 11:04:20.350 | INFO     | models.demos.llama3_70b_galaxy.demo.text_qwen_demo:test_qwen_demo_text:1041 - Decode Iteration 106: Time: 16.4070ms, tok/s/user: 60.95, Throughput: 1950.39 tok/s
2026-08-29 11:04:20.366 | INFO     | models.demos.llama3_70b_galaxy.demo.text_qwen_demo:test_qwen_demo_text:1041 - Decode Iteration 107: Time: 16.3850ms, tok/s/user: 61.03, Throughput: 1953.01 tok/s
2026-08-29 11:04:20.383 | INFO     | models.demos.llama3_70b_galaxy.demo.text_qwen_demo:test_qwen_demo_text:1041 - Decode Iteration 108: Time: 16.3700ms, tok/s/user: 61.09, Throughput: 1954.80 tok/s
2026-08-29 11:04:20.399 | INFO     | models.demos.llama3_70b_galaxy.demo.text_qwen_demo:test_qwen_demo_text:1041 - Decode Iteration 109: Time: 16.3690ms, tok/s/user: 61.09, Throughput: 1954.91 tok/s
2026-08-29 11:04:20.416 | INFO     | models.demos.llama3_70b_galaxy.demo.text_qwen_demo:test_qwen_demo_text:1041 - Decode Iteration 110: Time: 16.3710ms, tok/s/user: 61.08, Throughput: 1954.68 tok/s
2026-08-29 11:04:20.433 | INFO     | models.demos.llama3_70b_galaxy.demo.text_qwen_demo:test_qwen_demo_text:1041 - Decode Iteration 111: Time: 16.4230ms, tok/s/user: 60.89, Throughput: 1948.49 tok/s
2026-08-29 11:04:20.449 | INFO     | models.demos.llama3_70b_galaxy.demo.text_qwen_demo:test_qwen_demo_text:1041 - Decode Iteration 112: Time: 16.3620ms, tok/s/user: 61.12, Throughput: 1955.75 tok/s
2026-08-29 11:04:20.466 | INFO     | models.demos.llama3_70b_galaxy.demo.text_qwen_demo:test_qwen_demo_text:1041 - Decode Iteration 113: Time: 16.3920ms, tok/s/user: 61.01, Throughput: 1952.17 tok/s
2026-08-29 11:04:20.483 | INFO     | models.demos.llama3_70b_galaxy.demo.text_qwen_demo:test_qwen_demo_text:1041 - Decode Iteration 114: Time: 16.6090ms, tok/s/user: 60.21, Throughput: 1926.67 tok/s
2026-08-29 11:04:20.499 | INFO     | models.demos.llama3_70b_galaxy.demo.text_qwen_demo:test_qwen_demo_text:1041 - Decode Iteration 115: Time: 15.9850ms, tok/s/user: 62.56, Throughput: 2001.88 tok/s
2026-08-29 11:04:20.515 | INFO     | models.demos.llama3_70b_galaxy.demo.text_qwen_demo:test_qwen_demo_text:1041 - Decode Iteration 116: Time: 16.3730ms, tok/s/user: 61.08, Throughput: 1954.44 tok/s
2026-08-29 11:04:20.532 | INFO     | models.demos.llama3_70b_galaxy.demo.text_qwen_demo:test_qwen_demo_text:1041 - Decode Iteration 117: Time: 16.3680ms, tok/s/user: 61.09, Throughput: 1955.03 tok/s
2026-08-29 11:04:20.548 | INFO     | models.demos.llama3_70b_galaxy.demo.text_qwen_demo:test_qwen_demo_text:1041 - Decode Iteration 118: Time: 16.3570ms, tok/s/user: 61.14, Throughput: 1956.35 tok/s
2026-08-29 11:04:20.565 | INFO     | models.demos.llama3_70b_galaxy.demo.text_qwen_demo:test_qwen_demo_text:1041 - Decode Iteration 119: Time: 16.3940ms, tok/s/user: 61.00, Throughput: 1951.93 tok/s
2026-08-29 11:04:20.582 | INFO     | models.demos.llama3_70b_galaxy.demo.text_qwen_demo:test_qwen_demo_text:1041 - Decode Iteration 120: Time: 16.3490ms, tok/s/user: 61.17, Throughput: 1957.31 tok/s
2026-08-29 11:04:20.598 | INFO     | models.demos.llama3_70b_galaxy.demo.text_qwen_demo:test_qwen_demo_text:1041 - Decode Iteration 121: Time: 16.4400ms, tok/s/user: 60.83, Throughput: 1946.47 tok/s
2026-08-29 11:04:20.615 | INFO     | models.demos.llama3_70b_galaxy.demo.text_qwen_demo:test_qwen_demo_text:1041 - Decode Iteration 122: Time: 16.3180ms, tok/s/user: 61.28, Throughput: 1961.02 tok/s
2026-08-29 11:04:20.631 | INFO     | models.demos.llama3_70b_galaxy.demo.text_qwen_demo:test_qwen_demo_text:1041 - Decode Iteration 123: Time: 16.3890ms, tok/s/user: 61.02, Throughput: 1952.53 tok/s
2026-08-29 11:04:20.648 | INFO     | models.demos.llama3_70b_galaxy.demo.text_qwen_demo:test_qwen_demo_text:1041 - Decode Iteration 124: Time: 16.3960ms, tok/s/user: 60.99, Throughput: 1951.70 tok/s
2026-08-29 11:04:20.664 | INFO     | models.demos.llama3_70b_galaxy.demo.text_qwen_demo:test_qwen_demo_text:1041 - Decode Iteration 125: Time: 16.3360ms, tok/s/user: 61.21, Throughput: 1958.86 tok/s
2026-08-29 11:04:20.681 | INFO     | models.demos.llama3_70b_galaxy.demo.text_qwen_demo:test_qwen_demo_text:1041 - Decode Iteration 126: Time: 16.4800ms, tok/s/user: 60.68, Throughput: 1941.75 tok/s
2026-08-29 11:04:20.697 | INFO     | models.demos.llama3_70b_galaxy.demo.text_qwen_demo:test_qwen_demo_text:1041 - Decode Iteration 127: Time: 16.3400ms, tok/s/user: 61.20, Throughput: 1958.38 tok/s
2026-08-29 11:04:20.698 | INFO     | models.demos.llama3_70b_galaxy.demo.text_qwen_demo:test_qwen_demo_text:1071 - Finished decoding, printing the final outputs...

2026-08-29 11:04:20.699 | INFO     | models.demos.llama3_70b_galaxy.demo.text_qwen_demo:test_qwen_demo_text:1090 -
==REPEAT BATCH 0
==USER 0 - PROMPT
What is your favorite condiment? There are so many condiments to choose from, each bringing its uniq
<long prompt not printed in full>
 what your favorite condiment is and why you love it. Does it remind you of a specific dish or meal?
==USER 0 - OUTPUT
<think>
Okay, the user is asking about my favorite condiment. Let me think. Since I'm an AI, I don't have personal experiences or taste buds, but I can sure talk about popular ones and why people might like them. They mentioned several options like ketchup, mayo, mustard, sriracha, hoisin, salsa, aioli. Maybe I can pick one that's versatile and has a rich background. Sriracha comes to mind because it's popular and has a unique story. Also, it's used in many cuisines. Let me check if there's a good reason to highlight it. People love

2026-08-29 11:04:20.700 | INFO     | models.demos.llama3_70b_galaxy.demo.text_qwen_demo:test_qwen_demo_text:1090 -
==REPEAT BATCH 0
==USER 1 - PROMPT
What is your favorite condiment? There are so many condiments to choose from, each bringing its uniq
<long prompt not printed in full>
 what your favorite condiment is and why you love it. Does it remind you of a specific dish or meal?
==USER 1 - OUTPUT
<think>
Okay, the user is asking about my favorite condiment. Let me think. Since I'm an AI, I don't have personal experiences or taste buds, but I can sure talk about popular ones and why people might like them. They mentioned several options like ketchup, mayo, mustard, sriracha, hoisin, salsa, aioli. Maybe I can pick one that's versatile and has a rich background. Sriracha comes to mind because it's popular and has a unique story. Also, it's used in many cuisines. Let me check if there's a good reason to highlight it. People love

2026-08-29 11:04:20.700 | INFO     | models.demos.llama3_70b_galaxy.demo.text_qwen_demo:test_qwen_demo_text:1090 -
==REPEAT BATCH 0
==USER 2 - PROMPT
What is your favorite condiment? There are so many condiments to choose from, each bringing its uniq
<long prompt not printed in full>
 what your favorite condiment is and why you love it. Does it remind you of a specific dish or meal?
==USER 2 - OUTPUT
<think>
Okay, the user is asking about my favorite condiment. Let me think. Since I'm an AI, I don't have personal experiences or taste buds, but I can sure talk about popular ones and why people might like them. They mentioned several options like ketchup, mayo, mustard, sriracha, hoisin, salsa, aioli. Maybe I can pick one that's versatile and has a rich background. Sriracha comes to mind because it's popular and has a unique story. Also, it's used in many cuisines. Let me check if there's a good reason to highlight it. People love

2026-08-29 11:04:20.701 | INFO     | models.demos.llama3_70b_galaxy.demo.text_qwen_demo:test_qwen_demo_text:1090 -
==REPEAT BATCH 0
==USER 3 - PROMPT
What is your favorite condiment? There are so many condiments to choose from, each bringing its uniq
<long prompt not printed in full>
 what your favorite condiment is and why you love it. Does it remind you of a specific dish or meal?
==USER 3 - OUTPUT
<think>
Okay, the user is asking about my favorite condiment. Let me think. Since I'm an AI, I don't have personal experiences or taste buds, but I can sure talk about popular ones and why people might like them. They mentioned several options like ketchup, mayo, mustard, sriracha, hoisin, salsa, aioli. Maybe I can pick one that's versatile and has a rich background. Sriracha comes to mind because it's popular and has a unique story. Also, it's used in many cuisines. Let me check if there's a good reason to highlight it. People love

2026-08-29 11:04:20.702 | INFO     | models.demos.llama3_70b_galaxy.demo.text_qwen_demo:test_qwen_demo_text:1090 -
==REPEAT BATCH 0
==USER 4 - PROMPT
What is your favorite condiment? There are so many condiments to choose from, each bringing its uniq
<long prompt not printed in full>
 what your favorite condiment is and why you love it. Does it remind you of a specific dish or meal?
==USER 4 - OUTPUT
<think>
Okay, the user is asking about my favorite condiment. Let me think. Since I'm an AI, I don't have personal experiences or taste buds, but I can sure talk about popular ones and why people might like them. They mentioned several options like ketchup, mayo, mustard, sriracha, hoisin, salsa, aioli. Maybe I can pick one that's versatile and has a rich background. Sriracha comes to mind because it's popular and has a unique story. Also, it's used in many cuisines. Let me check if there's a good reason to highlight it. People love

2026-08-29 11:04:20.702 | INFO     | models.demos.llama3_70b_galaxy.demo.text_qwen_demo:test_qwen_demo_text:1090 -
==REPEAT BATCH 0
==USER 5 - PROMPT
What is your favorite condiment? There are so many condiments to choose from, each bringing its uniq
<long prompt not printed in full>
 what your favorite condiment is and why you love it. Does it remind you of a specific dish or meal?
==USER 5 - OUTPUT
<think>
Okay, the user is asking about my favorite condiment. Let me think. Since I'm an AI, I don't have personal experiences or taste buds, but I can sure talk about popular ones and why people might like them. They mentioned several options like ketchup, mayo, mustard, sriracha, hoisin, salsa, aioli. Maybe I can pick one that's versatile and has a rich background. Sriracha comes to mind because it's popular and has a unique story. Also, it's used in many cuisines. Let me check if there's a good reason to highlight it. People love

2026-08-29 11:04:20.703 | INFO     | models.demos.llama3_70b_galaxy.demo.text_qwen_demo:test_qwen_demo_text:1090 -
==REPEAT BATCH 0
==USER 6 - PROMPT
What is your favorite condiment? There are so many condiments to choose from, each bringing its uniq
<long prompt not printed in full>
 what your favorite condiment is and why you love it. Does it remind you of a specific dish or meal?
==USER 6 - OUTPUT
<think>
Okay, the user is asking about my favorite condiment. Let me think. Since I'm an AI, I don't have personal experiences or taste buds, but I can sure talk about popular ones and why people might like them. They mentioned several options like ketchup, mayo, mustard, sriracha, hoisin, salsa, aioli. Maybe I can pick one that's versatile and has a rich background. Sriracha comes to mind because it's popular and has a unique story. Also, it's used in many cuisines. Let me check if there's a good reason to highlight it. People love

2026-08-29 11:04:20.704 | INFO     | models.demos.llama3_70b_galaxy.demo.text_qwen_demo:test_qwen_demo_text:1090 -
==REPEAT BATCH 0
==USER 7 - PROMPT
What is your favorite condiment? There are so many condiments to choose from, each bringing its uniq
<long prompt not printed in full>
 what your favorite condiment is and why you love it. Does it remind you of a specific dish or meal?
==USER 7 - OUTPUT
<think>
Okay, the user is asking about my favorite condiment. Let me think. Since I'm an AI, I don't have personal experiences or taste buds, but I can sure talk about popular ones and why people might like them. They mentioned several options like ketchup, mayo, mustard, sriracha, hoisin, salsa, aioli. Maybe I can pick one that's versatile and has a rich background. Sriracha comes to mind because it's popular and has a unique story. Also, it's used in many cuisines. Let me check if there's a good reason to highlight it. People love

2026-08-29 11:04:20.704 | INFO     | models.demos.llama3_70b_galaxy.demo.text_qwen_demo:test_qwen_demo_text:1090 -
==REPEAT BATCH 0
==USER 8 - PROMPT
What is your favorite condiment? There are so many condiments to choose from, each bringing its uniq
<long prompt not printed in full>
 what your favorite condiment is and why you love it. Does it remind you of a specific dish or meal?
==USER 8 - OUTPUT
<think>
Okay, the user is asking about my favorite condiment. Let me think. Since I'm an AI, I don't have personal experiences or taste buds, but I can sure talk about popular ones and why people might like them. They mentioned several options like ketchup, mayo, mustard, sriracha, hoisin, salsa, aioli. Maybe I can pick one that's versatile and has a rich background. Sriracha comes to mind because it's popular and has a unique story. Also, it's used in many cuisines. Let me check if there's a good reason to highlight it. People love

2026-08-29 11:04:20.705 | INFO     | models.demos.llama3_70b_galaxy.demo.text_qwen_demo:test_qwen_demo_text:1090 -
==REPEAT BATCH 0
==USER 9 - PROMPT
What is your favorite condiment? There are so many condiments to choose from, each bringing its uniq
<long prompt not printed in full>
 what your favorite condiment is and why you love it. Does it remind you of a specific dish or meal?
==USER 9 - OUTPUT
<think>
Okay, the user is asking about my favorite condiment. Let me think. Since I'm an AI, I don't have personal experiences or taste buds, but I can sure talk about popular ones and why people might like them. They mentioned several options like ketchup, mayo, mustard, sriracha, hoisin, salsa, aioli. Maybe I can pick one that's versatile and has a rich background. Sriracha comes to mind because it's popular and has a unique story. Also, it's used in many cuisines. Let me check if there's a good reason to highlight it. People love

2026-08-29 11:04:20.706 | INFO     | models.demos.llama3_70b_galaxy.demo.text_qwen_demo:test_qwen_demo_text:1090 -
==REPEAT BATCH 0
==USER 10 - PROMPT
What is your favorite condiment? There are so many condiments to choose from, each bringing its uniq
<long prompt not printed in full>
 what your favorite condiment is and why you love it. Does it remind you of a specific dish or meal?
==USER 10 - OUTPUT
<think>
Okay, the user is asking about my favorite condiment. Let me think. Since I'm an AI, I don't have personal experiences or taste buds, but I can sure talk about popular ones and why people might like them. They mentioned several options like ketchup, mayo, mustard, sriracha, hoisin, salsa, aioli. Maybe I can pick one that's versatile and has a rich background. Sriracha comes to mind because it's popular and has a unique story. Also, it's used in many cuisines. Let me check if there's a good reason to highlight it. People love

2026-08-29 11:04:20.706 | INFO     | models.demos.llama3_70b_galaxy.demo.text_qwen_demo:test_qwen_demo_text:1090 -
==REPEAT BATCH 0
==USER 11 - PROMPT
What is your favorite condiment? There are so many condiments to choose from, each bringing its uniq
<long prompt not printed in full>
 what your favorite condiment is and why you love it. Does it remind you of a specific dish or meal?
==USER 11 - OUTPUT
<think>
Okay, the user is asking about my favorite condiment. Let me think. Since I'm an AI, I don't have personal experiences or taste buds, but I can sure talk about popular ones and why people might like them. They mentioned several options like ketchup, mayo, mustard, sriracha, hoisin, salsa, aioli. Maybe I can pick one that's versatile and has a rich background. Sriracha comes to mind because it's popular and has a unique story. Also, it's used in many cuisines. Let me check if there's a good reason to highlight it. People love

2026-08-29 11:04:20.707 | INFO     | models.demos.llama3_70b_galaxy.demo.text_qwen_demo:test_qwen_demo_text:1090 -
==REPEAT BATCH 0
==USER 12 - PROMPT
What is your favorite condiment? There are so many condiments to choose from, each bringing its uniq
<long prompt not printed in full>
 what your favorite condiment is and why you love it. Does it remind you of a specific dish or meal?
==USER 12 - OUTPUT
<think>
Okay, the user is asking about my favorite condiment. Let me think. Since I'm an AI, I don't have personal experiences or taste buds, but I can sure talk about popular ones and why people might like them. They mentioned several options like ketchup, mayo, mustard, sriracha, hoisin, salsa, aioli. Maybe I can pick one that's versatile and has a rich background. Sriracha comes to mind because it's popular and has a unique story. Also, it's used in many cuisines. Let me check if there's a good reason to highlight it. People love

2026-08-29 11:04:20.708 | INFO     | models.demos.llama3_70b_galaxy.demo.text_qwen_demo:test_qwen_demo_text:1090 -
==REPEAT BATCH 0
==USER 13 - PROMPT
What is your favorite condiment? There are so many condiments to choose from, each bringing its uniq
<long prompt not printed in full>
 what your favorite condiment is and why you love it. Does it remind you of a specific dish or meal?
==USER 13 - OUTPUT
<think>
Okay, the user is asking about my favorite condiment. Let me think. Since I'm an AI, I don't have personal experiences or taste buds, but I can sure talk about popular ones and why people might like them. They mentioned several options like ketchup, mayo, mustard, sriracha, hoisin, salsa, aioli. Maybe I can pick one that's versatile and has a rich background. Sriracha comes to mind because it's popular and has a unique story. Also, it's used in many cuisines. Let me check if there's a good reason to highlight it. People love

2026-08-29 11:04:20.708 | INFO     | models.demos.llama3_70b_galaxy.demo.text_qwen_demo:test_qwen_demo_text:1090 -
==REPEAT BATCH 0
==USER 14 - PROMPT
What is your favorite condiment? There are so many condiments to choose from, each bringing its uniq
<long prompt not printed in full>
 what your favorite condiment is and why you love it. Does it remind you of a specific dish or meal?
==USER 14 - OUTPUT
<think>
Okay, the user is asking about my favorite condiment. Let me think. Since I'm an AI, I don't have personal experiences or taste buds, but I can sure talk about popular ones and why people might like them. They mentioned several options like ketchup, mayo, mustard, sriracha, hoisin, salsa, aioli. Maybe I can pick one that's versatile and has a rich background. Sriracha comes to mind because it's popular and has a unique story. Also, it's used in many cuisines. Let me check if there's a good reason to highlight it. People love

2026-08-29 11:04:20.709 | INFO     | models.demos.llama3_70b_galaxy.demo.text_qwen_demo:test_qwen_demo_text:1090 -
==REPEAT BATCH 0
==USER 15 - PROMPT
What is your favorite condiment? There are so many condiments to choose from, each bringing its uniq
<long prompt not printed in full>
 what your favorite condiment is and why you love it. Does it remind you of a specific dish or meal?
==USER 15 - OUTPUT
<think>
Okay, the user is asking about my favorite condiment. Let me think. Since I'm an AI, I don't have personal experiences or taste buds, but I can sure talk about popular ones and why people might like them. They mentioned several options like ketchup, mayo, mustard, sriracha, hoisin, salsa, aioli. Maybe I can pick one that's versatile and has a rich background. Sriracha comes to mind because it's popular and has a unique story. Also, it's used in many cuisines. Let me check if there's a good reason to highlight it. People love

2026-08-29 11:04:20.710 | INFO     | models.demos.llama3_70b_galaxy.demo.text_qwen_demo:test_qwen_demo_text:1090 -
==REPEAT BATCH 0
==USER 16 - PROMPT
What is your favorite condiment? There are so many condiments to choose from, each bringing its uniq
<long prompt not printed in full>
 what your favorite condiment is and why you love it. Does it remind you of a specific dish or meal?
==USER 16 - OUTPUT
<think>
Okay, the user is asking about my favorite condiment. Let me think. Since I'm an AI, I don't have personal experiences or taste buds, but I can sure talk about popular ones and why people might like them. They mentioned several options like ketchup, mayo, mustard, sriracha, hoisin, salsa, aioli. Maybe I can pick one that's versatile and has a rich background. Sriracha comes to mind because it's popular and has a unique story. Also, it's used in many cuisines. Let me check if there's a good reason to highlight it. People love

2026-08-29 11:04:20.710 | INFO     | models.demos.llama3_70b_galaxy.demo.text_qwen_demo:test_qwen_demo_text:1090 -
==REPEAT BATCH 0
==USER 17 - PROMPT
What is your favorite condiment? There are so many condiments to choose from, each bringing its uniq
<long prompt not printed in full>
 what your favorite condiment is and why you love it. Does it remind you of a specific dish or meal?
==USER 17 - OUTPUT
<think>
Okay, the user is asking about my favorite condiment. Let me think. Since I'm an AI, I don't have personal experiences or taste buds, but I can sure talk about popular ones and why people might like them. They mentioned several options like ketchup, mayo, mustard, sriracha, hoisin, salsa, aioli. Maybe I can pick one that's versatile and has a rich background. Sriracha comes to mind because it's popular and has a unique story. Also, it's used in many cuisines. Let me check if there's a good reason to highlight it. People love

2026-08-29 11:04:20.711 | INFO     | models.demos.llama3_70b_galaxy.demo.text_qwen_demo:test_qwen_demo_text:1090 -
==REPEAT BATCH 0
==USER 18 - PROMPT
What is your favorite condiment? There are so many condiments to choose from, each bringing its uniq
<long prompt not printed in full>
 what your favorite condiment is and why you love it. Does it remind you of a specific dish or meal?
==USER 18 - OUTPUT
<think>
Okay, the user is asking about my favorite condiment. Let me think. Since I'm an AI, I don't have personal experiences or taste buds, but I can sure talk about popular ones and why people might like them. They mentioned several options like ketchup, mayo, mustard, sriracha, hoisin, salsa, aioli. Maybe I can pick one that's versatile and has a rich background. Sriracha comes to mind because it's popular and has a unique story. Also, it's used in many cuisines. Let me check if there's a good reason to highlight it. People love

2026-08-29 11:04:20.711 | INFO     | models.demos.llama3_70b_galaxy.demo.text_qwen_demo:test_qwen_demo_text:1090 -
==REPEAT BATCH 0
==USER 19 - PROMPT
What is your favorite condiment? There are so many condiments to choose from, each bringing its uniq
<long prompt not printed in full>
 what your favorite condiment is and why you love it. Does it remind you of a specific dish or meal?
==USER 19 - OUTPUT
<think>
Okay, the user is asking about my favorite condiment. Let me think. Since I'm an AI, I don't have personal experiences or taste buds, but I can sure talk about popular ones and why people might like them. They mentioned several options like ketchup, mayo, mustard, sriracha, hoisin, salsa, aioli. Maybe I can pick one that's versatile and has a rich background. Sriracha comes to mind because it's popular and has a unique story. Also, it's used in many cuisines. Let me check if there's a good reason to highlight it. People love

2026-08-29 11:04:20.712 | INFO     | models.demos.llama3_70b_galaxy.demo.text_qwen_demo:test_qwen_demo_text:1090 -
==REPEAT BATCH 0
==USER 20 - PROMPT
What is your favorite condiment? There are so many condiments to choose from, each bringing its uniq
<long prompt not printed in full>
 what your favorite condiment is and why you love it. Does it remind you of a specific dish or meal?
==USER 20 - OUTPUT
<think>
Okay, the user is asking about my favorite condiment. Let me think. Since I'm an AI, I don't have personal experiences or taste buds, but I can sure talk about popular ones and why people might like them. They mentioned several options like ketchup, mayo, mustard, sriracha, hoisin, salsa, aioli. Maybe I can pick one that's versatile and has a rich background. Sriracha comes to mind because it's popular and has a unique story. Also, it's used in many cuisines. Let me check if there's a good reason to highlight it. People love

2026-08-29 11:04:20.713 | INFO     | models.demos.llama3_70b_galaxy.demo.text_qwen_demo:test_qwen_demo_text:1090 -
==REPEAT BATCH 0
==USER 21 - PROMPT
What is your favorite condiment? There are so many condiments to choose from, each bringing its uniq
<long prompt not printed in full>
 what your favorite condiment is and why you love it. Does it remind you of a specific dish or meal?
==USER 21 - OUTPUT
<think>
Okay, the user is asking about my favorite condiment. Let me think. Since I'm an AI, I don't have personal experiences or taste buds, but I can sure talk about popular ones and why people might like them. They mentioned several options like ketchup, mayo, mustard, sriracha, hoisin, salsa, aioli. Maybe I can pick one that's versatile and has a rich background. Sriracha comes to mind because it's popular and has a unique story. Also, it's used in many cuisines. Let me check if there's a good reason to highlight it. People love

2026-08-29 11:04:20.713 | INFO     | models.demos.llama3_70b_galaxy.demo.text_qwen_demo:test_qwen_demo_text:1090 -
==REPEAT BATCH 0
==USER 22 - PROMPT
What is your favorite condiment? There are so many condiments to choose from, each bringing its uniq
<long prompt not printed in full>
 what your favorite condiment is and why you love it. Does it remind you of a specific dish or meal?
==USER 22 - OUTPUT
<think>
Okay, the user is asking about my favorite condiment. Let me think. Since I'm an AI, I don't have personal experiences or taste buds, but I can sure talk about popular ones and why people might like them. They mentioned several options like ketchup, mayo, mustard, sriracha, hoisin, salsa, aioli. Maybe I can pick one that's versatile and has a rich background. Sriracha comes to mind because it's popular and has a unique story. Also, it's used in many cuisines. Let me check if there's a good reason to highlight it. People love

2026-08-29 11:04:20.714 | INFO     | models.demos.llama3_70b_galaxy.demo.text_qwen_demo:test_qwen_demo_text:1090 -
==REPEAT BATCH 0
==USER 23 - PROMPT
What is your favorite condiment? There are so many condiments to choose from, each bringing its uniq
<long prompt not printed in full>
 what your favorite condiment is and why you love it. Does it remind you of a specific dish or meal?
==USER 23 - OUTPUT
<think>
Okay, the user is asking about my favorite condiment. Let me think. Since I'm an AI, I don't have personal experiences or taste buds, but I can sure talk about popular ones and why people might like them. They mentioned several options like ketchup, mayo, mustard, sriracha, hoisin, salsa, aioli. Maybe I can pick one that's versatile and has a rich background. Sriracha comes to mind because it's popular and has a unique story. Also, it's used in many cuisines. Let me check if there's a good reason to highlight it. People love

2026-08-29 11:04:20.714 | INFO     | models.demos.llama3_70b_galaxy.demo.text_qwen_demo:test_qwen_demo_text:1090 -
==REPEAT BATCH 0
==USER 24 - PROMPT
What is your favorite condiment? There are so many condiments to choose from, each bringing its uniq
<long prompt not printed in full>
 what your favorite condiment is and why you love it. Does it remind you of a specific dish or meal?
==USER 24 - OUTPUT
<think>
Okay, the user is asking about my favorite condiment. Let me think. Since I'm an AI, I don't have personal experiences or taste buds, but I can sure talk about popular ones and why people might like them. They mentioned several options like ketchup, mayo, mustard, sriracha, hoisin, salsa, aioli. Maybe I can pick one that's versatile and has a rich background. Sriracha comes to mind because it's popular and has a unique story. Also, it's used in many cuisines. Let me check if there's a good reason to highlight it. People love

2026-08-29 11:04:20.715 | INFO     | models.demos.llama3_70b_galaxy.demo.text_qwen_demo:test_qwen_demo_text:1090 -
==REPEAT BATCH 0
==USER 25 - PROMPT
What is your favorite condiment? There are so many condiments to choose from, each bringing its uniq
<long prompt not printed in full>
 what your favorite condiment is and why you love it. Does it remind you of a specific dish or meal?
==USER 25 - OUTPUT
<think>
Okay, the user is asking about my favorite condiment. Let me think. Since I'm an AI, I don't have personal experiences or taste buds, but I can sure talk about popular ones and why people might like them. They mentioned several options like ketchup, mayo, mustard, sriracha, hoisin, salsa, aioli. Maybe I can pick one that's versatile and has a rich background. Sriracha comes to mind because it's popular and has a unique story. Also, it's used in many cuisines. Let me check if there's a good reason to highlight it. People love

2026-08-29 11:04:20.715 | INFO     | models.demos.llama3_70b_galaxy.demo.text_qwen_demo:test_qwen_demo_text:1090 -
==REPEAT BATCH 0
==USER 26 - PROMPT
What is your favorite condiment? There are so many condiments to choose from, each bringing its uniq
<long prompt not printed in full>
 what your favorite condiment is and why you love it. Does it remind you of a specific dish or meal?
==USER 26 - OUTPUT
<think>
Okay, the user is asking about my favorite condiment. Let me think. Since I'm an AI, I don't have personal experiences or taste buds, but I can sure talk about popular ones and why people might like them. They mentioned several options like ketchup, mayo, mustard, sriracha, hoisin, salsa, aioli. Maybe I can pick one that's versatile and has a rich background. Sriracha comes to mind because it's popular and has a unique story. Also, it's used in many cuisines. Let me check if there's a good reason to highlight it. People love

2026-08-29 11:04:20.716 | INFO     | models.demos.llama3_70b_galaxy.demo.text_qwen_demo:test_qwen_demo_text:1090 -
==REPEAT BATCH 0
==USER 27 - PROMPT
What is your favorite condiment? There are so many condiments to choose from, each bringing its uniq
<long prompt not printed in full>
 what your favorite condiment is and why you love it. Does it remind you of a specific dish or meal?
==USER 27 - OUTPUT
<think>
Okay, the user is asking about my favorite condiment. Let me think. Since I'm an AI, I don't have personal experiences or taste buds, but I can sure talk about popular ones and why people might like them. They mentioned several options like ketchup, mayo, mustard, sriracha, hoisin, salsa, aioli. Maybe I can pick one that's versatile and has a rich background. Sriracha comes to mind because it's popular and has a unique story. Also, it's used in many cuisines. Let me check if there's a good reason to highlight it. People love

2026-08-29 11:04:20.716 | INFO     | models.demos.llama3_70b_galaxy.demo.text_qwen_demo:test_qwen_demo_text:1090 -
==REPEAT BATCH 0
==USER 28 - PROMPT
What is your favorite condiment? There are so many condiments to choose from, each bringing its uniq
<long prompt not printed in full>
 what your favorite condiment is and why you love it. Does it remind you of a specific dish or meal?
==USER 28 - OUTPUT
<think>
Okay, the user is asking about my favorite condiment. Let me think. Since I'm an AI, I don't have personal experiences or taste buds, but I can sure talk about popular ones and why people might like them. They mentioned several options like ketchup, mayo, mustard, sriracha, hoisin, salsa, aioli. Maybe I can pick one that's versatile and has a rich background. Sriracha comes to mind because it's popular and has a unique story. Also, it's used in many cuisines. Let me check if there's a good reason to highlight it. People love

2026-08-29 11:04:20.717 | INFO     | models.demos.llama3_70b_galaxy.demo.text_qwen_demo:test_qwen_demo_text:1090 -
==REPEAT BATCH 0
==USER 29 - PROMPT
What is your favorite condiment? There are so many condiments to choose from, each bringing its uniq
<long prompt not printed in full>
 what your favorite condiment is and why you love it. Does it remind you of a specific dish or meal?
==USER 29 - OUTPUT
<think>
Okay, the user is asking about my favorite condiment. Let me think. Since I'm an AI, I don't have personal experiences or taste buds, but I can sure talk about popular ones and why people might like them. They mentioned several options like ketchup, mayo, mustard, sriracha, hoisin, salsa, aioli. Maybe I can pick one that's versatile and has a rich background. Sriracha comes to mind because it's popular and has a unique story. Also, it's used in many cuisines. Let me check if there's a good reason to highlight it. People love

2026-08-29 11:04:20.717 | INFO     | models.demos.llama3_70b_galaxy.demo.text_qwen_demo:test_qwen_demo_text:1090 -
==REPEAT BATCH 0
==USER 30 - PROMPT
What is your favorite condiment? There are so many condiments to choose from, each bringing its uniq
<long prompt not printed in full>
 what your favorite condiment is and why you love it. Does it remind you of a specific dish or meal?
==USER 30 - OUTPUT
<think>
Okay, the user is asking about my favorite condiment. Let me think. Since I'm an AI, I don't have personal experiences or taste buds, but I can sure talk about popular ones and why people might like them. They mentioned several options like ketchup, mayo, mustard, sriracha, hoisin, salsa, aioli. Maybe I can pick one that's versatile and has a rich background. Sriracha comes to mind because it's popular and has a unique story. Also, it's used in many cuisines. Let me check if there's a good reason to highlight it. People love

2026-08-29 11:04:20.718 | INFO     | models.demos.llama3_70b_galaxy.demo.text_qwen_demo:test_qwen_demo_text:1090 -
==REPEAT BATCH 0
==USER 31 - PROMPT
What is your favorite condiment? There are so many condiments to choose from, each bringing its uniq
<long prompt not printed in full>
 what your favorite condiment is and why you love it. Does it remind you of a specific dish or meal?
==USER 31 - OUTPUT
<think>
Okay, the user is asking about my favorite condiment. Let me think. Since I'm an AI, I don't have personal experiences or taste buds, but I can sure talk about popular ones and why people might like them. They mentioned several options like ketchup, mayo, mustard, sriracha, hoisin, salsa, aioli. Maybe I can pick one that's versatile and has a rich background. Sriracha comes to mind because it's popular and has a unique story. Also, it's used in many cuisines. Let me check if there's a good reason to highlight it. People love

2026-08-29 11:04:20.718 | INFO     | models.demos.llama3_70b_galaxy.demo.text_qwen_demo:test_qwen_demo_text:1240 - Please note that 'stop_at_eos' is disabled. Output repetition is expected.
2026-08-29 11:04:20.718 | INFO     | models.demos.llama3_70b_galaxy.demo.text_qwen_demo:test_qwen_demo_text:1242 -
2026-08-29 11:04:20.718 | INFO     | models.demos.llama3_70b_galaxy.demo.text_qwen_demo:test_qwen_demo_text:1243 - === Performance metrics ===
2026-08-29 11:04:20.718 | INFO     | models.demos.llama3_70b_galaxy.demo.text_qwen_demo:test_qwen_demo_text:1244 - 1st token decode time: 1.08ms [925.07 t/s/u, 29602.22 t/s]
2026-08-29 11:04:20.718 | INFO     | models.demos.llama3_70b_galaxy.demo.text_qwen_demo:test_qwen_demo_text:1248 - 128th token decode time: 16.34ms [61.2 t/s/u, 1958.38 t/s]
2026-08-29 11:04:20.718 | INFO     | models.demos.llama3_70b_galaxy.demo.text_qwen_demo:test_qwen_demo_text:1261 - ==
2026-08-29 11:04:20.718 | INFO     | models.demos.llama3_70b_galaxy.demo.text_qwen_demo:test_qwen_demo_text:1262 - Prefill compile time: 877.75s
2026-08-29 11:04:20.718 | INFO     | models.demos.llama3_70b_galaxy.demo.text_qwen_demo:test_qwen_demo_text:1263 - Decode compile time: 104.15s
2026-08-29 11:04:20.718 | INFO     | models.demos.llama3_70b_galaxy.demo.text_qwen_demo:test_qwen_demo_text:1264 -
2026-08-29 11:04:20.718 | INFO     | models.demos.llama3_70b_galaxy.demo.text_qwen_demo:test_qwen_demo_text:1265 - Average Time to First Token (TTFT): 1477.88ms
2026-08-29 11:04:20.718 | INFO     | models.demos.llama3_70b_galaxy.demo.text_qwen_demo:test_qwen_demo_text:1266 - Average speed: 16.25ms @ 61.54 tok/s/user (1969.29 tok/s throughput)
2026-08-29 11:04:20.872 | WARNING  | models.demos.utils.llm_demo_utils:verify_perf:276 - prefill_time_to_token (1.477883) is higher than expected 0.7 (tolerance 0.15)
2026-08-29 11:04:20.872 | WARNING  | models.demos.utils.llm_demo_utils:verify_perf:292 - Perf Check Failed!
PASSED

=============================== warnings summary ===============================
models/common/llama_models.py:63
  /proj_sw/user_dev/ctr-apbernal/tt-metal/models/common/llama_models.py:63: PydanticDeprecatedSince20: Pydantic V1 style `@validator` validators are deprecated. You should migrate to Pydantic V2 style `@field_validator` validators, see the migration guide for more details. Deprecated in Pydantic V2.0 to be removed in V3.0. See Pydantic V2 Migration Guide at https://errors.pydantic.dev/2.9/migration/
    @validator("tool_name", pre=True)

python_env/lib/python3.10/site-packages/pydantic/_internal/_config.py:291
  /proj_sw/user_dev/ctr-apbernal/tt-metal/python_env/lib/python3.10/site-packages/pydantic/_internal/_config.py:291: PydanticDeprecatedSince20: Support for class-based `config` is deprecated, use ConfigDict instead. Deprecated in Pydantic V2.0 to be removed in V3.0. See Pydantic V2 Migration Guide at https://errors.pydantic.dev/2.9/migration/
    warnings.warn(DEPRECATION_MESSAGE, DeprecationWarning)

<frozen importlib._bootstrap>:241
  <frozen importlib._bootstrap>:241: DeprecationWarning: builtin type SwigPyPacked has no __module__ attribute

<frozen importlib._bootstrap>:241
  <frozen importlib._bootstrap>:241: DeprecationWarning: builtin type SwigPyObject has no __module__ attribute

models/demos/llama3_70b_galaxy/demo/text_qwen_demo.py::test_qwen_demo_text[wormhole_b0-mesh_device0-device_params0-10-performance-batch-32]
  /proj_sw/user_dev/ctr-apbernal/tt-metal/models/demos/llama3_70b_galaxy/demo/text_qwen_demo.py:1280: PerfRegressionWarning: Perf drift detected against expected metrics {'prefill_time_to_first_token': 0.7, 'decode_t/s/u': 60.0, 'decode_t/s': 1920.0, 'prefill_time_to_token': 0.7}. See warnings above for metric-level details.
    verify_perf(

-- Docs: https://docs.pytest.org/en/stable/how-to/capture-warnings.html
==================================== PASSES ====================================
_ test_qwen_demo_text[wormhole_b0-mesh_device0-device_params0-10-performance-batch-32] _
------------------------------ Captured log call -------------------------------
WARNING  huggingface_hub.utils._http:_http.py:904 Warning: You are sending unauthenticated requests to the HF Hub. Please set a HF_TOKEN to enable higher rate limits and faster downloads.
ERROR    huggingface_hub.file_download:file_download.py:1700 Could not cache non-existence of file. Will ignore error and continue. Error: [Errno 13] Permission denied: '/localdev/ctr-apbernal/hf_data/hub/models--Qwen--Qwen3-32B/.no_exist'
ERROR    huggingface_hub.file_download:file_download.py:1700 Could not cache non-existence of file. Will ignore error and continue. Error: [Errno 13] Permission denied: '/localdev/ctr-apbernal/hf_data/hub/models--Qwen--Qwen3-32B/.no_exist'
ERROR    huggingface_hub.file_download:file_download.py:1700 Could not cache non-existence of file. Will ignore error and continue. Error: [Errno 13] Permission denied: '/localdev/ctr-apbernal/hf_data/hub/models--Qwen--Qwen3-32B/.no_exist'
ERROR    huggingface_hub.file_download:file_download.py:1700 Could not cache non-existence of file. Will ignore error and continue. Error: [Errno 13] Permission denied: '/localdev/ctr-apbernal/hf_data/hub/models--Qwen--Qwen3-32B/.no_exist'
ERROR    huggingface_hub.file_download:file_download.py:1700 Could not cache non-existence of file. Will ignore error and continue. Error: [Errno 13] Permission denied: '/localdev/ctr-apbernal/hf_data/hub/models--Qwen--Qwen3-32B/.no_exist'
ERROR    huggingface_hub.file_download:file_download.py:1700 Could not cache non-existence of file. Will ignore error and continue. Error: [Errno 13] Permission denied: '/localdev/ctr-apbernal/hf_data/hub/models--Qwen--Qwen3-32B/.no_exist'
ERROR    huggingface_hub.file_download:file_download.py:1700 Could not cache non-existence of file. Will ignore error and continue. Error: [Errno 13] Permission denied: '/localdev/ctr-apbernal/hf_data/hub/models--Qwen--Qwen3-32B/.no_exist'
ERROR    huggingface_hub.file_download:file_download.py:1700 Could not cache non-existence of file. Will ignore error and continue. Error: [Errno 13] Permission denied: '/localdev/ctr-apbernal/hf_data/hub/models--Qwen--Qwen3-32B/.no_exist'
ERROR    huggingface_hub.file_download:file_download.py:1700 Could not cache non-existence of file. Will ignore error and continue. Error: [Errno 13] Permission denied: '/localdev/ctr-apbernal/hf_data/hub/models--Qwen--Qwen3-32B/.no_exist'
- generated xml file: /proj_sw/user_dev/ctr-apbernal/tt-metal/generated/test_reports/most_recent_tests.xml -
============================= slowest 25 durations =============================
1492.00s call     models/demos/llama3_70b_galaxy/demo/text_qwen_demo.py::test_qwen_demo_text[wormhole_b0-mesh_device0-device_params0-10-performance-batch-32]
7.97s setup    models/demos/llama3_70b_galaxy/demo/text_qwen_demo.py::test_qwen_demo_text[wormhole_b0-mesh_device0-device_params0-10-performance-batch-32]
0.30s teardown models/demos/llama3_70b_galaxy/demo/text_qwen_demo.py::test_qwen_demo_text[wormhole_b0-mesh_device0-device_params0-10-performance-batch-32]
=========================== short test summary info ============================
PASSED models/demos/llama3_70b_galaxy/demo/text_qwen_demo.py::test_qwen_demo_text[wormhole_b0-mesh_device0-device_params0-10-performance-batch-32]
================== 1 passed, 5 warnings in 1507.11s (0:25:07) ==================
sys:1: DeprecationWarning: builtin type swigvarlink has no __module__ attribute
2026-08-29 11:04:26.868 | info     |    BuildKernels | JIT cache stats: 1508/2693 hits (56.0%) [1508 cached, 31825 build-once dedup, 0 merged artifacts, 0 merged genfiles] (build_cache_telemetry.cpp:207)
2026-08-29 11:04:26.868 | info     |    BuildKernels | JIT telemetry: 3 registered TelemetryTokens (build_cache_telemetry.cpp:230)
2026-08-29 11:04:27.248 | info     |          Device | Closing user mode device drivers (tt_cluster.cpp:513)
2026-08-29 11:04:27.248 | info     |             UMD | Closing devices in cluster (cluster.cpp:1211)
2026-08-29 11:04:27.361 | info     |             UMD | Closing devices in cluster completed. (cluster.cpp:1220)
2026-08-29 11:04:27.361 | info     |             UMD | Cluster destructor started. (cluster.cpp:912)
2026-08-29 11:04:27.361 | info     |             UMD | Cluster destructor completed. (cluster.cpp:915)
exit=0
