2026-08-29 11:05:22.385 | DEBUG    | ttnn:<module>:78 - Initial ttnn.CONFIG:
Config{cache_path=/home/ctr-apbernal/.cache/ttnn,model_cache_path=/home/ctr-apbernal/.cache/ttnn/models,tmp_dir=/tmp/ttnn,enable_model_cache=false,enable_fast_runtime_mode=true,throw_exception_on_fallback=false,enable_logging=false,enable_graph_report=false,enable_graph_python_stack_traces=false,enable_detailed_buffer_report=false,enable_detailed_tensor_report=false,enable_comparison_mode=false,comparison_mode_should_raise_exception=false,comparison_mode_pcc=0.9999,root_report_path=generated/ttnn/reports,report_name=std::nullopt,std::nullopt}
============================= test session starts ==============================
platform linux -- Python 3.10.21, pytest-9.0.3, pluggy-1.6.0 -- /proj_sw/user_dev/ctr-apbernal/tt-metal/python_env/bin/python
benchmark: 5.2.3 (defaults: timer=time.perf_counter disable_gc=False min_rounds=5 min_time=0.000005 max_time=1.0 calibration_precision=10 warmup=False warmup_iterations=100000)
rootdir: /proj_sw/user_dev/ctr-apbernal/tt-metal
configfile: pytest.ini
plugins: cov-7.0.0, dash-2.15.0, benchmark-5.2.3, repeat-0.9.4, anyio-4.14.2, timeout-2.4.0, github-actions-annotate-failures-0.3.0, split-0.11.0
timeout: 5200.0s
timeout method: signal
timeout func_only: False
collecting ... 2026-08-29 11:05:35.660 | WARNING  | models.perf.benchmarking_utils:<module>:19 - Skipping import of pydantic_models for benchmarking since not running in CI environment
collected 1 item

models/demos/llama3_70b_galaxy/demo/text_demo.py::test_demo_text[wormhole_b0-mesh_device0-device_params0-10-performance-batch-32] 2026-08-29 11:05:35.836 | info     |          Device | Opening user mode device driver (tt_cluster.cpp:228)
2026-08-29 11:05:35.836 | info     |             UMD | Cluster constructor started. (cluster.cpp:389)
2026-08-29 11:05:35.856 | info     |             UMD | Creating TopologyDiscovery for architecture: wormhole_b0 (topology_discovery.cpp:96)
2026-08-29 11:05:35.856 | info     |             UMD | Starting topology discovery. (topology_discovery.cpp:115)
2026-08-29 11:05:38.969 | info     |             UMD | Established firmware bundle version: 19.12.0 (topology_discovery.cpp:575)
2026-08-29 11:05:39.001 | info     |             UMD | Completed topology discovery. (topology_discovery.cpp:119)
2026-08-29 11:05:40.417 | info     |             UMD | Opening local chip ids/PCIe ids: {0, 1, 2, 3, 4, 5, 6, 7, 8, 9, 10, 11, 12, 13, 14, 15, 16, 17, 18, 19, 20, 21, 22, 23, 24, 25, 26, 27, 28, 29, 30, 31}/[16, 17, 18, 19, 20, 21, 22, 23, 24, 25, 26, 27, 28, 29, 30, 31, 8, 9, 10, 11, 12, 13, 14, 15, 0, 1, 2, 3, 4, 5, 6, 7] and remote chip ids {} (cluster.cpp:173)
2026-08-29 11:05:40.417 | info     |             UMD | IOMMU: enabled (cluster.cpp:147)
2026-08-29 11:05:40.417 | info     |             UMD | KMD version: 2.9.0 (cluster.cpp:150)
2026-08-29 11:05:40.417 | info     |             UMD | Cluster constructor completed. (cluster.cpp:648)
2026-08-29 11:05:40.442 | info     |             UMD | Starting devices in cluster (cluster.cpp:1198)
2026-08-29 11:05:40.499 | info     |             UMD | Starting devices in cluster completed. (cluster.cpp:1206)
2026-08-29 11:05:40.628 | info     |     Distributed | Using auto discovery to generate mesh graph. (metal_env.cpp:437)
2026-08-29 11:05:40.628 | info     |     Distributed | Constructing control plane using auto-discovery (no mesh graph descriptor). (metal_env.cpp:499)
2026-08-29 11:05:40.636 | info     |          Fabric | Logical multi-mesh adjacency: intermesh degree histogram {0:1}; intra-mesh degree histograms mesh0 {4:32} (topology_mapper_utils.cpp:2410)
2026-08-29 11:05:40.636 | info     |          Fabric | Physical multi-mesh adjacency: intermesh degree histogram {0:1}; intra-mesh degree histograms mesh0 {4:32} (topology_mapper_utils.cpp:2418)
2026-08-29 11:05:41.020 | info     |    BuildKernels | Using pre-compiled firmware from: /proj_sw/user_dev/ctr-apbernal/tt-metal/tt_metal/pre-compiled/441969805167873259/ (build_env_manager.cpp:347)
2026-08-29 11:05:41.131 | info     |    BuildKernels | Using pre-compiled firmware from: /proj_sw/user_dev/ctr-apbernal/tt-metal/tt_metal/pre-compiled/441969805167873259/ (build_env_manager.cpp:347)
2026-08-29 11:05:41.131 | info     |    BuildKernels | Using pre-compiled firmware from: /proj_sw/user_dev/ctr-apbernal/tt-metal/tt_metal/pre-compiled/441969805167873259/ (build_env_manager.cpp:347)
2026-08-29 11:05:41.131 | info     |    BuildKernels | Using pre-compiled firmware from: /proj_sw/user_dev/ctr-apbernal/tt-metal/tt_metal/pre-compiled/441969805167873259/ (build_env_manager.cpp:347)
2026-08-29 11:05:41.131 | info     |    BuildKernels | Using pre-compiled firmware from: /proj_sw/user_dev/ctr-apbernal/tt-metal/tt_metal/pre-compiled/441969805167873259/ (build_env_manager.cpp:347)
2026-08-29 11:05:41.131 | info     |    BuildKernels | Using pre-compiled firmware from: /proj_sw/user_dev/ctr-apbernal/tt-metal/tt_metal/pre-compiled/441969805167873259/ (build_env_manager.cpp:347)
2026-08-29 11:05:41.131 | info     |    BuildKernels | Using pre-compiled firmware from: /proj_sw/user_dev/ctr-apbernal/tt-metal/tt_metal/pre-compiled/441969805167873259/ (build_env_manager.cpp:347)
2026-08-29 11:05:41.131 | info     |    BuildKernels | Using pre-compiled firmware from: /proj_sw/user_dev/ctr-apbernal/tt-metal/tt_metal/pre-compiled/441969805167873259/ (build_env_manager.cpp:347)
2026-08-29 11:05:41.131 | info     |    BuildKernels | Using pre-compiled firmware from: /proj_sw/user_dev/ctr-apbernal/tt-metal/tt_metal/pre-compiled/441969805167873259/ (build_env_manager.cpp:347)
2026-08-29 11:05:41.131 | info     |    BuildKernels | Using pre-compiled firmware from: /proj_sw/user_dev/ctr-apbernal/tt-metal/tt_metal/pre-compiled/441969805167873259/ (build_env_manager.cpp:347)
2026-08-29 11:05:41.131 | info     |    BuildKernels | Using pre-compiled firmware from: /proj_sw/user_dev/ctr-apbernal/tt-metal/tt_metal/pre-compiled/441969805167873259/ (build_env_manager.cpp:347)
2026-08-29 11:05:41.131 | info     |    BuildKernels | Using pre-compiled firmware from: /proj_sw/user_dev/ctr-apbernal/tt-metal/tt_metal/pre-compiled/441969805167873259/ (build_env_manager.cpp:347)
2026-08-29 11:05:41.131 | info     |    BuildKernels | Using pre-compiled firmware from: /proj_sw/user_dev/ctr-apbernal/tt-metal/tt_metal/pre-compiled/441969805167873259/ (build_env_manager.cpp:347)
2026-08-29 11:05:41.131 | info     |    BuildKernels | Using pre-compiled firmware from: /proj_sw/user_dev/ctr-apbernal/tt-metal/tt_metal/pre-compiled/441969805167873259/ (build_env_manager.cpp:347)
2026-08-29 11:05:41.131 | info     |    BuildKernels | Using pre-compiled firmware from: /proj_sw/user_dev/ctr-apbernal/tt-metal/tt_metal/pre-compiled/441969805167873259/ (build_env_manager.cpp:347)
2026-08-29 11:05:41.131 | info     |    BuildKernels | Using pre-compiled firmware from: /proj_sw/user_dev/ctr-apbernal/tt-metal/tt_metal/pre-compiled/441969805167873259/ (build_env_manager.cpp:347)
2026-08-29 11:05:41.131 | info     |    BuildKernels | Using pre-compiled firmware from: /proj_sw/user_dev/ctr-apbernal/tt-metal/tt_metal/pre-compiled/441969805167873259/ (build_env_manager.cpp:347)
2026-08-29 11:05:41.131 | info     |    BuildKernels | Using pre-compiled firmware from: /proj_sw/user_dev/ctr-apbernal/tt-metal/tt_metal/pre-compiled/441969805167873259/ (build_env_manager.cpp:347)
2026-08-29 11:05:41.131 | info     |    BuildKernels | Using pre-compiled firmware from: /proj_sw/user_dev/ctr-apbernal/tt-metal/tt_metal/pre-compiled/441969805167873259/ (build_env_manager.cpp:347)
2026-08-29 11:05:41.131 | info     |    BuildKernels | Using pre-compiled firmware from: /proj_sw/user_dev/ctr-apbernal/tt-metal/tt_metal/pre-compiled/441969805167873259/ (build_env_manager.cpp:347)
2026-08-29 11:05:41.131 | info     |    BuildKernels | Using pre-compiled firmware from: /proj_sw/user_dev/ctr-apbernal/tt-metal/tt_metal/pre-compiled/441969805167873259/ (build_env_manager.cpp:347)
2026-08-29 11:05:41.131 | info     |    BuildKernels | Using pre-compiled firmware from: /proj_sw/user_dev/ctr-apbernal/tt-metal/tt_metal/pre-compiled/441969805167873259/ (build_env_manager.cpp:347)
2026-08-29 11:05:41.131 | info     |    BuildKernels | Using pre-compiled firmware from: /proj_sw/user_dev/ctr-apbernal/tt-metal/tt_metal/pre-compiled/441969805167873259/ (build_env_manager.cpp:347)
2026-08-29 11:05:41.131 | info     |    BuildKernels | Using pre-compiled firmware from: /proj_sw/user_dev/ctr-apbernal/tt-metal/tt_metal/pre-compiled/441969805167873259/ (build_env_manager.cpp:347)
2026-08-29 11:05:41.131 | info     |    BuildKernels | Using pre-compiled firmware from: /proj_sw/user_dev/ctr-apbernal/tt-metal/tt_metal/pre-compiled/441969805167873259/ (build_env_manager.cpp:347)
2026-08-29 11:05:41.131 | info     |    BuildKernels | Using pre-compiled firmware from: /proj_sw/user_dev/ctr-apbernal/tt-metal/tt_metal/pre-compiled/441969805167873259/ (build_env_manager.cpp:347)
2026-08-29 11:05:41.131 | info     |    BuildKernels | Using pre-compiled firmware from: /proj_sw/user_dev/ctr-apbernal/tt-metal/tt_metal/pre-compiled/441969805167873259/ (build_env_manager.cpp:347)
2026-08-29 11:05:41.131 | info     |    BuildKernels | Using pre-compiled firmware from: /proj_sw/user_dev/ctr-apbernal/tt-metal/tt_metal/pre-compiled/441969805167873259/ (build_env_manager.cpp:347)
2026-08-29 11:05:41.131 | info     |    BuildKernels | Using pre-compiled firmware from: /proj_sw/user_dev/ctr-apbernal/tt-metal/tt_metal/pre-compiled/441969805167873259/ (build_env_manager.cpp:347)
2026-08-29 11:05:41.131 | info     |    BuildKernels | Using pre-compiled firmware from: /proj_sw/user_dev/ctr-apbernal/tt-metal/tt_metal/pre-compiled/441969805167873259/ (build_env_manager.cpp:347)
2026-08-29 11:05:41.131 | info     |    BuildKernels | Using pre-compiled firmware from: /proj_sw/user_dev/ctr-apbernal/tt-metal/tt_metal/pre-compiled/441969805167873259/ (build_env_manager.cpp:347)
2026-08-29 11:05:41.131 | info     |    BuildKernels | Using pre-compiled firmware from: /proj_sw/user_dev/ctr-apbernal/tt-metal/tt_metal/pre-compiled/441969805167873259/ (build_env_manager.cpp:347)
2026-08-29 11:05:41.384 | info     |           Metal | Initializing Fabric (fabric_firmware_initializer.cpp:296)
2026-08-29 11:05:41.878 | info     |           Metal | Fabric initialized on Device 0 (device.cpp:550)
2026-08-29 11:05:42.082 | info     |           Metal | Fabric initialized on Device 1 (device.cpp:550)
2026-08-29 11:05:42.084 | info     |           Metal | Fabric initialized on Device 2 (device.cpp:550)
2026-08-29 11:05:42.085 | info     |           Metal | Fabric initialized on Device 3 (device.cpp:550)
2026-08-29 11:05:42.086 | info     |           Metal | Fabric initialized on Device 4 (device.cpp:550)
2026-08-29 11:05:42.091 | info     |           Metal | Fabric initialized on Device 5 (device.cpp:550)
2026-08-29 11:05:42.092 | info     |           Metal | Fabric initialized on Device 6 (device.cpp:550)
2026-08-29 11:05:42.093 | info     |           Metal | Fabric initialized on Device 7 (device.cpp:550)
2026-08-29 11:05:42.095 | info     |           Metal | Fabric initialized on Device 8 (device.cpp:550)
2026-08-29 11:05:42.096 | info     |           Metal | Fabric initialized on Device 9 (device.cpp:550)
2026-08-29 11:05:42.097 | info     |           Metal | Fabric initialized on Device 10 (device.cpp:550)
2026-08-29 11:05:42.098 | info     |           Metal | Fabric initialized on Device 11 (device.cpp:550)
2026-08-29 11:05:42.099 | info     |           Metal | Fabric initialized on Device 12 (device.cpp:550)
2026-08-29 11:05:42.101 | info     |           Metal | Fabric initialized on Device 13 (device.cpp:550)
2026-08-29 11:05:42.102 | info     |           Metal | Fabric initialized on Device 14 (device.cpp:550)
2026-08-29 11:05:42.103 | info     |           Metal | Fabric initialized on Device 15 (device.cpp:550)
2026-08-29 11:05:42.104 | info     |           Metal | Fabric initialized on Device 16 (device.cpp:550)
2026-08-29 11:05:42.105 | info     |           Metal | Fabric initialized on Device 17 (device.cpp:550)
2026-08-29 11:05:42.110 | info     |           Metal | Fabric initialized on Device 18 (device.cpp:550)
2026-08-29 11:05:42.111 | info     |           Metal | Fabric initialized on Device 19 (device.cpp:550)
2026-08-29 11:05:42.155 | info     |           Metal | Fabric initialized on Device 20 (device.cpp:550)
2026-08-29 11:05:42.156 | info     |           Metal | Fabric initialized on Device 21 (device.cpp:550)
2026-08-29 11:05:42.158 | info     |           Metal | Fabric initialized on Device 22 (device.cpp:550)
2026-08-29 11:05:42.159 | info     |           Metal | Fabric initialized on Device 23 (device.cpp:550)
2026-08-29 11:05:42.160 | info     |           Metal | Fabric initialized on Device 24 (device.cpp:550)
2026-08-29 11:05:42.161 | info     |           Metal | Fabric initialized on Device 25 (device.cpp:550)
2026-08-29 11:05:42.162 | info     |           Metal | Fabric initialized on Device 26 (device.cpp:550)
2026-08-29 11:05:42.163 | info     |           Metal | Fabric initialized on Device 27 (device.cpp:550)
2026-08-29 11:05:42.164 | info     |           Metal | Fabric initialized on Device 28 (device.cpp:550)
2026-08-29 11:05:42.165 | info     |           Metal | Fabric initialized on Device 29 (device.cpp:550)
2026-08-29 11:05:42.167 | info     |           Metal | Fabric initialized on Device 30 (device.cpp:550)
2026-08-29 11:05:42.168 | info     |           Metal | Fabric initialized on Device 31 (device.cpp:550)
2026-08-29 11:05:42.168 | info     |           Metal | Fabric initialized on 32 devices (fabric_firmware_initializer.cpp:444)
2026-08-29 11:05:42.168 | info     |           Metal | Fabric Initialized with config FabricConfig::FABRIC_1D_RING (fabric_firmware_initializer.cpp:313)
2026-08-29 11:05:43.375 | info     |           Metal | [Real-time profiler] Device 26 sync complete: 100 samples, frequency=0.985501 GHz, device_time_at_sync=6936068577132 cycles (realtime_profiler_manager.cpp:1398)
2026-08-29 11:05:43.375 | info     |           Metal | [Real-time profiler] Device 24 sync complete: 100 samples, frequency=0.985500 GHz, device_time_at_sync=6937951590809 cycles (realtime_profiler_manager.cpp:1398)
2026-08-29 11:05:43.375 | info     |           Metal | [Real-time profiler] Device 28 sync complete: 100 samples, frequency=0.985498 GHz, device_time_at_sync=6934105693683 cycles (realtime_profiler_manager.cpp:1398)
2026-08-29 11:05:43.375 | info     |           Metal | [Real-time profiler] Device 21 sync complete: 100 samples, frequency=0.985504 GHz, device_time_at_sync=6938799441400 cycles (realtime_profiler_manager.cpp:1398)
2026-08-29 11:05:43.375 | info     |           Metal | [Real-time profiler] Device 29 sync complete: 100 samples, frequency=0.985499 GHz, device_time_at_sync=6931150168934 cycles (realtime_profiler_manager.cpp:1398)
2026-08-29 11:05:43.375 | info     |           Metal | [Real-time profiler] Device 25 sync complete: 100 samples, frequency=0.985500 GHz, device_time_at_sync=6937011702286 cycles (realtime_profiler_manager.cpp:1398)
2026-08-29 11:05:43.375 | info     |           Metal | [Real-time profiler] Device 16 sync complete: 100 samples, frequency=0.985505 GHz, device_time_at_sync=6945713662294 cycles (realtime_profiler_manager.cpp:1398)
2026-08-29 11:05:43.375 | info     |           Metal | [Real-time profiler] Device 20 sync complete: 100 samples, frequency=0.985506 GHz, device_time_at_sync=6941809956803 cycles (realtime_profiler_manager.cpp:1398)
2026-08-29 11:05:43.375 | info     |           Metal | [Real-time profiler] Device 30 sync complete: 100 samples, frequency=0.985501 GHz, device_time_at_sync=6930195855961 cycles (realtime_profiler_manager.cpp:1398)
2026-08-29 11:05:43.375 | info     |           Metal | [Real-time profiler] Device 17 sync complete: 100 samples, frequency=0.985505 GHz, device_time_at_sync=6944734211117 cycles (realtime_profiler_manager.cpp:1398)
2026-08-29 11:05:43.375 | info     |           Metal | [Real-time profiler] Device 19 sync complete: 100 samples, frequency=0.985505 GHz, device_time_at_sync=6942742865545 cycles (realtime_profiler_manager.cpp:1398)
2026-08-29 11:05:43.375 | info     |           Metal | [Real-time profiler] Device 11 sync complete: 100 samples, frequency=0.985500 GHz, device_time_at_sync=6950575709905 cycles (realtime_profiler_manager.cpp:1398)
2026-08-29 11:05:43.375 | info     |           Metal | [Real-time profiler] Device 23 sync complete: 100 samples, frequency=0.985504 GHz, device_time_at_sync=6936893162471 cycles (realtime_profiler_manager.cpp:1398)
2026-08-29 11:05:43.375 | info     |           Metal | [Real-time profiler] Device 22 sync complete: 100 samples, frequency=0.985506 GHz, device_time_at_sync=6937869685304 cycles (realtime_profiler_manager.cpp:1398)
2026-08-29 11:05:43.375 | info     |           Metal | [Real-time profiler] Device 18 sync complete: 100 samples, frequency=0.985504 GHz, device_time_at_sync=6943714755078 cycles (realtime_profiler_manager.cpp:1398)
2026-08-29 11:05:43.376 | info     |           Metal | [Real-time profiler] Device 14 sync complete: 100 samples, frequency=0.985498 GHz, device_time_at_sync=6945782083233 cycles (realtime_profiler_manager.cpp:1398)
2026-08-29 11:05:43.376 | info     |           Metal | [Real-time profiler] Device 6 sync complete: 100 samples, frequency=0.985505 GHz, device_time_at_sync=6953470259666 cycles (realtime_profiler_manager.cpp:1398)
2026-08-29 11:05:43.376 | info     |           Metal | [Real-time profiler] Device 2 sync complete: 100 samples, frequency=0.985506 GHz, device_time_at_sync=6959285606064 cycles (realtime_profiler_manager.cpp:1398)
2026-08-29 11:05:43.376 | info     |           Metal | [Real-time profiler] Device 27 sync complete: 100 samples, frequency=0.985501 GHz, device_time_at_sync=6935037579878 cycles (realtime_profiler_manager.cpp:1398)
2026-08-29 11:05:43.376 | info     |           Metal | [Real-time profiler] Device 15 sync complete: 100 samples, frequency=0.985499 GHz, device_time_at_sync=6944705065645 cycles (realtime_profiler_manager.cpp:1398)
2026-08-29 11:05:43.376 | info     |           Metal | [Real-time profiler] Device 31 sync complete: 100 samples, frequency=0.985499 GHz, device_time_at_sync=6929225211196 cycles (realtime_profiler_manager.cpp:1398)
2026-08-29 11:05:43.376 | info     |           Metal | [Real-time profiler] Device 10 sync complete: 100 samples, frequency=0.985500 GHz, device_time_at_sync=6951559678358 cycles (realtime_profiler_manager.cpp:1398)
2026-08-29 11:05:43.376 | info     |           Metal | [Real-time profiler] Device 5 sync complete: 100 samples, frequency=0.985506 GHz, device_time_at_sync=6954357317434 cycles (realtime_profiler_manager.cpp:1398)
2026-08-29 11:05:43.376 | info     |           Metal | [Real-time profiler] Device 3 sync complete: 100 samples, frequency=0.985506 GHz, device_time_at_sync=6958273369793 cycles (realtime_profiler_manager.cpp:1398)
2026-08-29 11:05:43.376 | info     |           Metal | [Real-time profiler] Device 7 sync complete: 100 samples, frequency=0.985506 GHz, device_time_at_sync=6952478073163 cycles (realtime_profiler_manager.cpp:1398)
2026-08-29 11:05:43.376 | info     |           Metal | [Real-time profiler] Device 1 sync complete: 100 samples, frequency=0.985504 GHz, device_time_at_sync=6960228137169 cycles (realtime_profiler_manager.cpp:1398)
2026-08-29 11:05:43.376 | info     |           Metal | [Real-time profiler] Device 0 sync complete: 100 samples, frequency=0.985504 GHz, device_time_at_sync=6961185584770 cycles (realtime_profiler_manager.cpp:1398)
2026-08-29 11:05:43.376 | info     |           Metal | [Real-time profiler] Device 8 sync complete: 100 samples, frequency=0.985498 GHz, device_time_at_sync=6953423957672 cycles (realtime_profiler_manager.cpp:1398)
2026-08-29 11:05:43.376 | info     |           Metal | [Real-time profiler] Device 4 sync complete: 100 samples, frequency=0.985505 GHz, device_time_at_sync=6957291394692 cycles (realtime_profiler_manager.cpp:1398)
2026-08-29 11:05:43.376 | info     |           Metal | [Real-time profiler] Device 13 sync complete: 100 samples, frequency=0.985499 GHz, device_time_at_sync=6946632860856 cycles (realtime_profiler_manager.cpp:1398)
2026-08-29 11:05:43.376 | info     |           Metal | [Real-time profiler] Device 9 sync complete: 100 samples, frequency=0.985499 GHz, device_time_at_sync=6952523868706 cycles (realtime_profiler_manager.cpp:1398)
2026-08-29 11:05:43.376 | info     |           Metal | [Real-time profiler] Device 12 sync complete: 100 samples, frequency=0.985499 GHz, device_time_at_sync=6949603597530 cycles (realtime_profiler_manager.cpp:1398)
2026-08-29 11:05:43.716 | DEBUG    | conftest:mesh_device:630 - multidevice with 32 devices is created
2026-08-29 11:05:43.766 | INFO     | models.demos.llama3_70b_galaxy.demo.text_demo:test_demo_text:946 - The decode generation will only stop at the max_generated_tokens limit == 128
2026-08-29 11:05:43.766 | INFO     | models.demos.llama3_70b_galaxy.demo.text_demo:test_demo_text:957 - Start profiler
2026-08-29 11:05:43.766 | INFO     | models.demos.llama3_70b_galaxy.demo.text_demo:test_demo_text:961 - Reading inputs...
2026-08-29 11:05:43.771 | INFO     | models.demos.llama3_70b_galaxy.demo.text_demo:test_demo_text:987 - Attempting to load expected outputs from: models/demos/llama3_70b_galaxy/demo/outputs_batch_1.json
2026-08-29 11:05:43.772 | INFO     | models.demos.llama3_70b_galaxy.demo.text_demo:test_demo_text:1000 - Successfully loaded 1 expected string outputs from models/demos/llama3_70b_galaxy/demo/outputs_batch_1.json
2026-08-29 11:05:43.800 | INFO     | models.demos.llama3_70b_galaxy.tt.model_config:__init__:543 - Checkpoint directory: /localdev/ctr-apbernal/tttv1_ckpt/Llama-3.3-70B-Instruct
2026-08-29 11:05:43.800 | INFO     | models.demos.llama3_70b_galaxy.tt.model_config:__init__:544 - Tokenizer file: /localdev/ctr-apbernal/tttv1_ckpt/Llama-3.3-70B-Instruct/tokenizer.model
2026-08-29 11:05:43.800 | INFO     | models.demos.llama3_70b_galaxy.tt.model_config:__init__:545 - Cache directory: /proj_sw/user_dev/ctr-apbernal/tt-metal/model_cache/meta-llama/Llama-3.3-70B-Instruct/TG
2026-08-29 11:05:44.843 | INFO     | models.demos.llama3_70b_galaxy.tt.load_checkpoints:load_sharded_checkpoints_optimized:159 - Loading 8 checkpoint files
  0%|          | 0/8 [00:00<?, ?it/s] 12%|█▎        | 1/8 [04:13<29:32, 253.22s/it] 25%|██▌       | 2/8 [04:13<10:26, 104.35s/it] 50%|█████     | 4/8 [04:14<02:37, 39.38s/it] 100%|██████████| 8/8 [04:14<00:00, 31.86s/it]
2026-08-29 11:10:30.701 | INFO     | models.demos.llama3_70b_galaxy.tt.load_checkpoints:load_sharded_checkpoints_optimized:196 - Loaded and merged in 285.86s
2026-08-29 11:10:47.077 | DEBUG    | core:as_tensor:724 - Loaded cache for /proj_sw/user_dev/ctr-apbernal/tt-metal/model_cache/meta-llama/Llama-3.3-70B-Instruct/TG/tensor_cache_instruct_bfp8/tok_embeddings.weight_dtype_BFLOAT16_layout_ROW_MAJOR.tensorbin of shape Shape([1, 1, 128256, 2048])
2026-08-29 11:10:47.491 | info     |           Metal | Finalize dfb: dfb_offset == base_offset: 80, dfb size: 32, return value: 112 (dataflow_buffer.cpp:1656)
2026-08-29 11:10:47.491 | info     |           Metal | Finalize dfb: dfb_offset == base_offset: 0, dfb size: 0, return value: 0 (dataflow_buffer.cpp:1656)
2026-08-29 11:10:47.491 | info     |           Metal | Finalize dfb: dfb_offset == base_offset: 0, dfb size: 0, return value: 0 (dataflow_buffer.cpp:1656)
2026-08-29 11:10:47.755 | warning  |              Op | ttnn::tilize: Using input shard spec for output tensor because the legacy sharded optimized program factory is being used (tilize_device_operation.cpp:247)
2026-08-29 11:10:47.964 | info     |           Metal | Finalize dfb: dfb_offset == base_offset: 80, dfb size: 32, return value: 112 (dataflow_buffer.cpp:1656)
2026-08-29 11:10:47.964 | info     |           Metal | Finalize dfb: dfb_offset == base_offset: 0, dfb size: 0, return value: 0 (dataflow_buffer.cpp:1656)
2026-08-29 11:10:47.964 | info     |           Metal | Finalize dfb: dfb_offset == base_offset: 0, dfb size: 0, return value: 0 (dataflow_buffer.cpp:1656)
2026-08-29 11:10:47.977 | INFO     | models.demos.llama3_70b_galaxy.tt.prefetcher_common:__init__:33 - Running TtLlamaPrefetcherSetup
  0%|          | 0/80 [00:00<?, ?it/s]2026-08-29 11:10:49.715 | DEBUG    | core:as_tensor:724 - Loaded cache for /proj_sw/user_dev/ctr-apbernal/tt-metal/model_cache/meta-llama/Llama-3.3-70B-Instruct/TG/tensor_cache_instruct_bfp8/layers.0.attention.wqkv_sharded_2d_prefetcher_dtype_BFLOAT8_B_layout_TILE.tensorbin of shape Shape([1, 1, 2048, 1280])
2026-08-29 11:10:49.922 | DEBUG    | core:as_tensor:724 - Loaded cache for /proj_sw/user_dev/ctr-apbernal/tt-metal/model_cache/meta-llama/Llama-3.3-70B-Instruct/TG/tensor_cache_instruct_bfp8/layers.0.attention.wqkv_sharded_2d_dram_dtype_BFLOAT8_B_layout_TILE.tensorbin of shape Shape([1, 1, 2048, 1280])
2026-08-29 11:10:50.289 | DEBUG    | core:as_tensor:724 - Loaded cache for /proj_sw/user_dev/ctr-apbernal/tt-metal/model_cache/meta-llama/Llama-3.3-70B-Instruct/TG/tensor_cache_instruct_bfp8/layers.0.attention.wo_width_sharded_2d_prefetcher_dtype_BFLOAT8_B_layout_TILE.tensorbin of shape Shape([1, 1, 1024, 2048])
2026-08-29 11:10:50.543 | DEBUG    | core:as_tensor:724 - Loaded cache for /proj_sw/user_dev/ctr-apbernal/tt-metal/model_cache/meta-llama/Llama-3.3-70B-Instruct/TG/tensor_cache_instruct_bfp8/layers.0.attention.wo_width_sharded_2d_dram_dtype_BFLOAT8_B_layout_TILE.tensorbin of shape Shape([1, 1, 1024, 2048])
2026-08-29 11:10:50.766 | DEBUG    | core:as_tensor:724 - Loaded cache for /proj_sw/user_dev/ctr-apbernal/tt-metal/model_cache/meta-llama/Llama-3.3-70B-Instruct/TG/tensor_cache_instruct_bfp8/layers.0.attention.wo_col_sharded_dram_dtype_BFLOAT8_B_layout_TILE.tensorbin of shape Shape([1, 1, 8192, 2048])
2026-08-29 11:10:50.813 | DEBUG    | core:as_tensor:724 - Loaded cache for /proj_sw/user_dev/ctr-apbernal/tt-metal/model_cache/meta-llama/Llama-3.3-70B-Instruct/TG/tensor_cache_instruct_bfp8/kvcache_torch.Size([2048, 1, 64, 128])_dtype_BFLOAT8_B_layout_TILE.tensorbin of shape Shape([2048, 1, 64, 128])
2026-08-29 11:10:50.822 | DEBUG    | core:as_tensor:724 - Loaded cache for /proj_sw/user_dev/ctr-apbernal/tt-metal/model_cache/meta-llama/Llama-3.3-70B-Instruct/TG/tensor_cache_instruct_bfp8/kvcache_torch.Size([2048, 1, 64, 128])_dtype_BFLOAT8_B_layout_TILE.tensorbin of shape Shape([2048, 1, 64, 128])
2026-08-29 11:10:51.155 | DEBUG    | core:as_tensor:724 - Loaded cache for /proj_sw/user_dev/ctr-apbernal/tt-metal/model_cache/meta-llama/Llama-3.3-70B-Instruct/TG/tensor_cache_instruct_bfp8/layers.0.feed_forward.w1_shardedprefetcher_dtype_BFLOAT4_B_layout_TILE.tensorbin of shape Shape([1, 1, 2048, 3584])
2026-08-29 11:10:51.692 | DEBUG    | core:as_tensor:724 - Loaded cache for /proj_sw/user_dev/ctr-apbernal/tt-metal/model_cache/meta-llama/Llama-3.3-70B-Instruct/TG/tensor_cache_instruct_bfp8/layers.0.feed_forward.w2_shardedprefetcher_dtype_BFLOAT8_B_layout_TILE.tensorbin of shape Shape([1, 1, 3584, 2048])
2026-08-29 11:10:51.988 | DEBUG    | core:as_tensor:724 - Loaded cache for /proj_sw/user_dev/ctr-apbernal/tt-metal/model_cache/meta-llama/Llama-3.3-70B-Instruct/TG/tensor_cache_instruct_bfp8/layers.0.feed_forward.w3_shardedprefetcher_dtype_BFLOAT4_B_layout_TILE.tensorbin of shape Shape([1, 1, 2048, 3584])
2026-08-29 11:10:52.427 | DEBUG    | core:as_tensor:724 - Loaded cache for /proj_sw/user_dev/ctr-apbernal/tt-metal/model_cache/meta-llama/Llama-3.3-70B-Instruct/TG/tensor_cache_instruct_bfp8/layers.0.feed_forward.w1_interleavedprefetcher_dtype_BFLOAT4_B_layout_TILE.tensorbin of shape Shape([1, 1, 2048, 3584])
2026-08-29 11:10:52.957 | DEBUG    | core:as_tensor:724 - Loaded cache for /proj_sw/user_dev/ctr-apbernal/tt-metal/model_cache/meta-llama/Llama-3.3-70B-Instruct/TG/tensor_cache_instruct_bfp8/layers.0.feed_forward.w2_interleavedprefetcher_dtype_BFLOAT8_B_layout_TILE.tensorbin of shape Shape([1, 1, 3584, 2048])
2026-08-29 11:10:53.247 | DEBUG    | core:as_tensor:724 - Loaded cache for /proj_sw/user_dev/ctr-apbernal/tt-metal/model_cache/meta-llama/Llama-3.3-70B-Instruct/TG/tensor_cache_instruct_bfp8/layers.0.feed_forward.w3_interleavedprefetcher_dtype_BFLOAT4_B_layout_TILE.tensorbin of shape Shape([1, 1, 2048, 3584])
2026-08-29 11:10:53.250 | DEBUG    | core:as_tensor:724 - Loaded cache for /proj_sw/user_dev/ctr-apbernal/tt-metal/model_cache/meta-llama/Llama-3.3-70B-Instruct/TG/tensor_cache_instruct_bfp8/layers.0.attention_norm.weight_dtype_BFLOAT16_layout_ROW_MAJOR.tensorbin of shape Shape([1, 1, 256, 32])
2026-08-29 11:10:53.252 | DEBUG    | core:as_tensor:724 - Loaded cache for /proj_sw/user_dev/ctr-apbernal/tt-metal/model_cache/meta-llama/Llama-3.3-70B-Instruct/TG/tensor_cache_instruct_bfp8/layers.0.attention_norm.weight_distributed_dtype_BFLOAT16_layout_ROW_MAJOR.tensorbin of shape Shape([1, 1, 64, 32])
2026-08-29 11:10:53.255 | DEBUG    | core:as_tensor:724 - Loaded cache for /proj_sw/user_dev/ctr-apbernal/tt-metal/model_cache/meta-llama/Llama-3.3-70B-Instruct/TG/tensor_cache_instruct_bfp8/layers.0.ffn_norm.weight_dtype_BFLOAT16_layout_ROW_MAJOR.tensorbin of shape Shape([1, 1, 256, 32])
2026-08-29 11:10:53.257 | DEBUG    | core:as_tensor:724 - Loaded cache for /proj_sw/user_dev/ctr-apbernal/tt-metal/model_cache/meta-llama/Llama-3.3-70B-Instruct/TG/tensor_cache_instruct_bfp8/layers.0.ffn_norm.weight_distributed_dtype_BFLOAT16_layout_ROW_MAJOR.tensorbin of shape Shape([1, 1, 64, 32])
  1%|▏         | 1/80 [00:03<05:00,  3.81s/it]2026-08-29 11:10:53.517 | DEBUG    | core:as_tensor:724 - Loaded cache for /proj_sw/user_dev/ctr-apbernal/tt-metal/model_cache/meta-llama/Llama-3.3-70B-Instruct/TG/tensor_cache_instruct_bfp8/layers.1.attention.wqkv_sharded_2d_prefetcher_dtype_BFLOAT8_B_layout_TILE.tensorbin of shape Shape([1, 1, 2048, 1280])
2026-08-29 11:10:53.761 | DEBUG    | core:as_tensor:724 - Loaded cache for /proj_sw/user_dev/ctr-apbernal/tt-metal/model_cache/meta-llama/Llama-3.3-70B-Instruct/TG/tensor_cache_instruct_bfp8/layers.1.attention.wqkv_sharded_2d_dram_dtype_BFLOAT8_B_layout_TILE.tensorbin of shape Shape([1, 1, 2048, 1280])
2026-08-29 11:10:54.075 | DEBUG    | core:as_tensor:724 - Loaded cache for /proj_sw/user_dev/ctr-apbernal/tt-metal/model_cache/meta-llama/Llama-3.3-70B-Instruct/TG/tensor_cache_instruct_bfp8/layers.1.attention.wo_width_sharded_2d_prefetcher_dtype_BFLOAT8_B_layout_TILE.tensorbin of shape Shape([1, 1, 1024, 2048])
2026-08-29 11:10:54.233 | DEBUG    | core:as_tensor:724 - Loaded cache for /proj_sw/user_dev/ctr-apbernal/tt-metal/model_cache/meta-llama/Llama-3.3-70B-Instruct/TG/tensor_cache_instruct_bfp8/layers.1.attention.wo_width_sharded_2d_dram_dtype_BFLOAT8_B_layout_TILE.tensorbin of shape Shape([1, 1, 1024, 2048])
2026-08-29 11:10:54.486 | DEBUG    | core:as_tensor:724 - Loaded cache for /proj_sw/user_dev/ctr-apbernal/tt-metal/model_cache/meta-llama/Llama-3.3-70B-Instruct/TG/tensor_cache_instruct_bfp8/layers.1.attention.wo_col_sharded_dram_dtype_BFLOAT8_B_layout_TILE.tensorbin of shape Shape([1, 1, 8192, 2048])
2026-08-29 11:10:54.502 | DEBUG    | core:as_tensor:724 - Loaded cache for /proj_sw/user_dev/ctr-apbernal/tt-metal/model_cache/meta-llama/Llama-3.3-70B-Instruct/TG/tensor_cache_instruct_bfp8/kvcache_torch.Size([2048, 1, 64, 128])_dtype_BFLOAT8_B_layout_TILE.tensorbin of shape Shape([2048, 1, 64, 128])
2026-08-29 11:10:54.511 | DEBUG    | core:as_tensor:724 - Loaded cache for /proj_sw/user_dev/ctr-apbernal/tt-metal/model_cache/meta-llama/Llama-3.3-70B-Instruct/TG/tensor_cache_instruct_bfp8/kvcache_torch.Size([2048, 1, 64, 128])_dtype_BFLOAT8_B_layout_TILE.tensorbin of shape Shape([2048, 1, 64, 128])
2026-08-29 11:10:54.833 | DEBUG    | core:as_tensor:724 - Loaded cache for /proj_sw/user_dev/ctr-apbernal/tt-metal/model_cache/meta-llama/Llama-3.3-70B-Instruct/TG/tensor_cache_instruct_bfp8/layers.1.feed_forward.w1_shardedprefetcher_dtype_BFLOAT4_B_layout_TILE.tensorbin of shape Shape([1, 1, 2048, 3584])
2026-08-29 11:10:55.373 | DEBUG    | core:as_tensor:724 - Loaded cache for /proj_sw/user_dev/ctr-apbernal/tt-metal/model_cache/meta-llama/Llama-3.3-70B-Instruct/TG/tensor_cache_instruct_bfp8/layers.1.feed_forward.w2_shardedprefetcher_dtype_BFLOAT8_B_layout_TILE.tensorbin of shape Shape([1, 1, 3584, 2048])
2026-08-29 11:10:55.671 | DEBUG    | core:as_tensor:724 - Loaded cache for /proj_sw/user_dev/ctr-apbernal/tt-metal/model_cache/meta-llama/Llama-3.3-70B-Instruct/TG/tensor_cache_instruct_bfp8/layers.1.feed_forward.w3_shardedprefetcher_dtype_BFLOAT4_B_layout_TILE.tensorbin of shape Shape([1, 1, 2048, 3584])
2026-08-29 11:10:55.967 | DEBUG    | core:as_tensor:724 - Loaded cache for /proj_sw/user_dev/ctr-apbernal/tt-metal/model_cache/meta-llama/Llama-3.3-70B-Instruct/TG/tensor_cache_instruct_bfp8/layers.1.feed_forward.w1_interleavedprefetcher_dtype_BFLOAT4_B_layout_TILE.tensorbin of shape Shape([1, 1, 2048, 3584])
2026-08-29 11:10:56.495 | DEBUG    | core:as_tensor:724 - Loaded cache for /proj_sw/user_dev/ctr-apbernal/tt-metal/model_cache/meta-llama/Llama-3.3-70B-Instruct/TG/tensor_cache_instruct_bfp8/layers.1.feed_forward.w2_interleavedprefetcher_dtype_BFLOAT8_B_layout_TILE.tensorbin of shape Shape([1, 1, 3584, 2048])
2026-08-29 11:10:56.807 | DEBUG    | core:as_tensor:724 - Loaded cache for /proj_sw/user_dev/ctr-apbernal/tt-metal/model_cache/meta-llama/Llama-3.3-70B-Instruct/TG/tensor_cache_instruct_bfp8/layers.1.feed_forward.w3_interleavedprefetcher_dtype_BFLOAT4_B_layout_TILE.tensorbin of shape Shape([1, 1, 2048, 3584])
2026-08-29 11:10:56.810 | DEBUG    | core:as_tensor:724 - Loaded cache for /proj_sw/user_dev/ctr-apbernal/tt-metal/model_cache/meta-llama/Llama-3.3-70B-Instruct/TG/tensor_cache_instruct_bfp8/layers.1.attention_norm.weight_dtype_BFLOAT16_layout_ROW_MAJOR.tensorbin of shape Shape([1, 1, 256, 32])
2026-08-29 11:10:56.813 | DEBUG    | core:as_tensor:724 - Loaded cache for /proj_sw/user_dev/ctr-apbernal/tt-metal/model_cache/meta-llama/Llama-3.3-70B-Instruct/TG/tensor_cache_instruct_bfp8/layers.1.attention_norm.weight_distributed_dtype_BFLOAT16_layout_ROW_MAJOR.tensorbin of shape Shape([1, 1, 64, 32])
2026-08-29 11:10:56.815 | DEBUG    | core:as_tensor:724 - Loaded cache for /proj_sw/user_dev/ctr-apbernal/tt-metal/model_cache/meta-llama/Llama-3.3-70B-Instruct/TG/tensor_cache_instruct_bfp8/layers.1.ffn_norm.weight_dtype_BFLOAT16_layout_ROW_MAJOR.tensorbin of shape Shape([1, 1, 256, 32])
2026-08-29 11:10:56.817 | DEBUG    | core:as_tensor:724 - Loaded cache for /proj_sw/user_dev/ctr-apbernal/tt-metal/model_cache/meta-llama/Llama-3.3-70B-Instruct/TG/tensor_cache_instruct_bfp8/layers.1.ffn_norm.weight_distributed_dtype_BFLOAT16_layout_ROW_MAJOR.tensorbin of shape Shape([1, 1, 64, 32])
  2%|▎         | 2/80 [00:07<04:45,  3.66s/it]2026-08-29 11:10:57.199 | DEBUG    | core:as_tensor:724 - Loaded cache for /proj_sw/user_dev/ctr-apbernal/tt-metal/model_cache/meta-llama/Llama-3.3-70B-Instruct/TG/tensor_cache_instruct_bfp8/layers.2.attention.wqkv_sharded_2d_prefetcher_dtype_BFLOAT8_B_layout_TILE.tensorbin of shape Shape([1, 1, 2048, 1280])
2026-08-29 11:10:57.535 | DEBUG    | core:as_tensor:724 - Loaded cache for /proj_sw/user_dev/ctr-apbernal/tt-metal/model_cache/meta-llama/Llama-3.3-70B-Instruct/TG/tensor_cache_instruct_bfp8/layers.2.attention.wqkv_sharded_2d_dram_dtype_BFLOAT8_B_layout_TILE.tensorbin of shape Shape([1, 1, 2048, 1280])
2026-08-29 11:10:57.866 | DEBUG    | core:as_tensor:724 - Loaded cache for /proj_sw/user_dev/ctr-apbernal/tt-metal/model_cache/meta-llama/Llama-3.3-70B-Instruct/TG/tensor_cache_instruct_bfp8/layers.2.attention.wo_width_sharded_2d_prefetcher_dtype_BFLOAT8_B_layout_TILE.tensorbin of shape Shape([1, 1, 1024, 2048])
2026-08-29 11:10:58.197 | DEBUG    | core:as_tensor:724 - Loaded cache for /proj_sw/user_dev/ctr-apbernal/tt-metal/model_cache/meta-llama/Llama-3.3-70B-Instruct/TG/tensor_cache_instruct_bfp8/layers.2.attention.wo_width_sharded_2d_dram_dtype_BFLOAT8_B_layout_TILE.tensorbin of shape Shape([1, 1, 1024, 2048])
2026-08-29 11:10:58.446 | DEBUG    | core:as_tensor:724 - Loaded cache for /proj_sw/user_dev/ctr-apbernal/tt-metal/model_cache/meta-llama/Llama-3.3-70B-Instruct/TG/tensor_cache_instruct_bfp8/layers.2.attention.wo_col_sharded_dram_dtype_BFLOAT8_B_layout_TILE.tensorbin of shape Shape([1, 1, 8192, 2048])
2026-08-29 11:10:58.461 | DEBUG    | core:as_tensor:724 - Loaded cache for /proj_sw/user_dev/ctr-apbernal/tt-metal/model_cache/meta-llama/Llama-3.3-70B-Instruct/TG/tensor_cache_instruct_bfp8/kvcache_torch.Size([2048, 1, 64, 128])_dtype_BFLOAT8_B_layout_TILE.tensorbin of shape Shape([2048, 1, 64, 128])
2026-08-29 11:10:58.473 | DEBUG    | core:as_tensor:724 - Loaded cache for /proj_sw/user_dev/ctr-apbernal/tt-metal/model_cache/meta-llama/Llama-3.3-70B-Instruct/TG/tensor_cache_instruct_bfp8/kvcache_torch.Size([2048, 1, 64, 128])_dtype_BFLOAT8_B_layout_TILE.tensorbin of shape Shape([2048, 1, 64, 128])
2026-08-29 11:10:58.785 | DEBUG    | core:as_tensor:724 - Loaded cache for /proj_sw/user_dev/ctr-apbernal/tt-metal/model_cache/meta-llama/Llama-3.3-70B-Instruct/TG/tensor_cache_instruct_bfp8/layers.2.feed_forward.w1_shardedprefetcher_dtype_BFLOAT4_B_layout_TILE.tensorbin of shape Shape([1, 1, 2048, 3584])
2026-08-29 11:10:59.319 | DEBUG    | core:as_tensor:724 - Loaded cache for /proj_sw/user_dev/ctr-apbernal/tt-metal/model_cache/meta-llama/Llama-3.3-70B-Instruct/TG/tensor_cache_instruct_bfp8/layers.2.feed_forward.w2_shardedprefetcher_dtype_BFLOAT8_B_layout_TILE.tensorbin of shape Shape([1, 1, 3584, 2048])
2026-08-29 11:10:59.620 | DEBUG    | core:as_tensor:724 - Loaded cache for /proj_sw/user_dev/ctr-apbernal/tt-metal/model_cache/meta-llama/Llama-3.3-70B-Instruct/TG/tensor_cache_instruct_bfp8/layers.2.feed_forward.w3_shardedprefetcher_dtype_BFLOAT4_B_layout_TILE.tensorbin of shape Shape([1, 1, 2048, 3584])
2026-08-29 11:10:59.921 | DEBUG    | core:as_tensor:724 - Loaded cache for /proj_sw/user_dev/ctr-apbernal/tt-metal/model_cache/meta-llama/Llama-3.3-70B-Instruct/TG/tensor_cache_instruct_bfp8/layers.2.feed_forward.w1_interleavedprefetcher_dtype_BFLOAT4_B_layout_TILE.tensorbin of shape Shape([1, 1, 2048, 3584])
2026-08-29 11:11:00.444 | DEBUG    | core:as_tensor:724 - Loaded cache for /proj_sw/user_dev/ctr-apbernal/tt-metal/model_cache/meta-llama/Llama-3.3-70B-Instruct/TG/tensor_cache_instruct_bfp8/layers.2.feed_forward.w2_interleavedprefetcher_dtype_BFLOAT8_B_layout_TILE.tensorbin of shape Shape([1, 1, 3584, 2048])
2026-08-29 11:11:00.745 | DEBUG    | core:as_tensor:724 - Loaded cache for /proj_sw/user_dev/ctr-apbernal/tt-metal/model_cache/meta-llama/Llama-3.3-70B-Instruct/TG/tensor_cache_instruct_bfp8/layers.2.feed_forward.w3_interleavedprefetcher_dtype_BFLOAT4_B_layout_TILE.tensorbin of shape Shape([1, 1, 2048, 3584])
2026-08-29 11:11:00.748 | DEBUG    | core:as_tensor:724 - Loaded cache for /proj_sw/user_dev/ctr-apbernal/tt-metal/model_cache/meta-llama/Llama-3.3-70B-Instruct/TG/tensor_cache_instruct_bfp8/layers.2.attention_norm.weight_dtype_BFLOAT16_layout_ROW_MAJOR.tensorbin of shape Shape([1, 1, 256, 32])
2026-08-29 11:11:00.751 | DEBUG    | core:as_tensor:724 - Loaded cache for /proj_sw/user_dev/ctr-apbernal/tt-metal/model_cache/meta-llama/Llama-3.3-70B-Instruct/TG/tensor_cache_instruct_bfp8/layers.2.attention_norm.weight_distributed_dtype_BFLOAT16_layout_ROW_MAJOR.tensorbin of shape Shape([1, 1, 64, 32])
2026-08-29 11:11:00.753 | DEBUG    | core:as_tensor:724 - Loaded cache for /proj_sw/user_dev/ctr-apbernal/tt-metal/model_cache/meta-llama/Llama-3.3-70B-Instruct/TG/tensor_cache_instruct_bfp8/layers.2.ffn_norm.weight_dtype_BFLOAT16_layout_ROW_MAJOR.tensorbin of shape Shape([1, 1, 256, 32])
2026-08-29 11:11:00.755 | DEBUG    | core:as_tensor:724 - Loaded cache for /proj_sw/user_dev/ctr-apbernal/tt-metal/model_cache/meta-llama/Llama-3.3-70B-Instruct/TG/tensor_cache_instruct_bfp8/layers.2.ffn_norm.weight_distributed_dtype_BFLOAT16_layout_ROW_MAJOR.tensorbin of shape Shape([1, 1, 64, 32])
  4%|▍         | 3/80 [00:11<04:51,  3.79s/it]2026-08-29 11:11:01.135 | DEBUG    | core:as_tensor:724 - Loaded cache for /proj_sw/user_dev/ctr-apbernal/tt-metal/model_cache/meta-llama/Llama-3.3-70B-Instruct/TG/tensor_cache_instruct_bfp8/layers.3.attention.wqkv_sharded_2d_prefetcher_dtype_BFLOAT8_B_layout_TILE.tensorbin of shape Shape([1, 1, 2048, 1280])
2026-08-29 11:11:01.349 | DEBUG    | core:as_tensor:724 - Loaded cache for /proj_sw/user_dev/ctr-apbernal/tt-metal/model_cache/meta-llama/Llama-3.3-70B-Instruct/TG/tensor_cache_instruct_bfp8/layers.3.attention.wqkv_sharded_2d_dram_dtype_BFLOAT8_B_layout_TILE.tensorbin of shape Shape([1, 1, 2048, 1280])
2026-08-29 11:11:01.678 | DEBUG    | core:as_tensor:724 - Loaded cache for /proj_sw/user_dev/ctr-apbernal/tt-metal/model_cache/meta-llama/Llama-3.3-70B-Instruct/TG/tensor_cache_instruct_bfp8/layers.3.attention.wo_width_sharded_2d_prefetcher_dtype_BFLOAT8_B_layout_TILE.tensorbin of shape Shape([1, 1, 1024, 2048])
2026-08-29 11:11:02.007 | DEBUG    | core:as_tensor:724 - Loaded cache for /proj_sw/user_dev/ctr-apbernal/tt-metal/model_cache/meta-llama/Llama-3.3-70B-Instruct/TG/tensor_cache_instruct_bfp8/layers.3.attention.wo_width_sharded_2d_dram_dtype_BFLOAT8_B_layout_TILE.tensorbin of shape Shape([1, 1, 1024, 2048])
2026-08-29 11:11:02.286 | DEBUG    | core:as_tensor:724 - Loaded cache for /proj_sw/user_dev/ctr-apbernal/tt-metal/model_cache/meta-llama/Llama-3.3-70B-Instruct/TG/tensor_cache_instruct_bfp8/layers.3.attention.wo_col_sharded_dram_dtype_BFLOAT8_B_layout_TILE.tensorbin of shape Shape([1, 1, 8192, 2048])
2026-08-29 11:11:02.302 | DEBUG    | core:as_tensor:724 - Loaded cache for /proj_sw/user_dev/ctr-apbernal/tt-metal/model_cache/meta-llama/Llama-3.3-70B-Instruct/TG/tensor_cache_instruct_bfp8/kvcache_torch.Size([2048, 1, 64, 128])_dtype_BFLOAT8_B_layout_TILE.tensorbin of shape Shape([2048, 1, 64, 128])
2026-08-29 11:11:02.311 | DEBUG    | core:as_tensor:724 - Loaded cache for /proj_sw/user_dev/ctr-apbernal/tt-metal/model_cache/meta-llama/Llama-3.3-70B-Instruct/TG/tensor_cache_instruct_bfp8/kvcache_torch.Size([2048, 1, 64, 128])_dtype_BFLOAT8_B_layout_TILE.tensorbin of shape Shape([2048, 1, 64, 128])
2026-08-29 11:11:02.608 | DEBUG    | core:as_tensor:724 - Loaded cache for /proj_sw/user_dev/ctr-apbernal/tt-metal/model_cache/meta-llama/Llama-3.3-70B-Instruct/TG/tensor_cache_instruct_bfp8/layers.3.feed_forward.w1_shardedprefetcher_dtype_BFLOAT4_B_layout_TILE.tensorbin of shape Shape([1, 1, 2048, 3584])
2026-08-29 11:11:03.135 | DEBUG    | core:as_tensor:724 - Loaded cache for /proj_sw/user_dev/ctr-apbernal/tt-metal/model_cache/meta-llama/Llama-3.3-70B-Instruct/TG/tensor_cache_instruct_bfp8/layers.3.feed_forward.w2_shardedprefetcher_dtype_BFLOAT8_B_layout_TILE.tensorbin of shape Shape([1, 1, 3584, 2048])
2026-08-29 11:11:03.432 | DEBUG    | core:as_tensor:724 - Loaded cache for /proj_sw/user_dev/ctr-apbernal/tt-metal/model_cache/meta-llama/Llama-3.3-70B-Instruct/TG/tensor_cache_instruct_bfp8/layers.3.feed_forward.w3_shardedprefetcher_dtype_BFLOAT4_B_layout_TILE.tensorbin of shape Shape([1, 1, 2048, 3584])
2026-08-29 11:11:03.716 | DEBUG    | core:as_tensor:724 - Loaded cache for /proj_sw/user_dev/ctr-apbernal/tt-metal/model_cache/meta-llama/Llama-3.3-70B-Instruct/TG/tensor_cache_instruct_bfp8/layers.3.feed_forward.w1_interleavedprefetcher_dtype_BFLOAT4_B_layout_TILE.tensorbin of shape Shape([1, 1, 2048, 3584])
2026-08-29 11:11:04.231 | DEBUG    | core:as_tensor:724 - Loaded cache for /proj_sw/user_dev/ctr-apbernal/tt-metal/model_cache/meta-llama/Llama-3.3-70B-Instruct/TG/tensor_cache_instruct_bfp8/layers.3.feed_forward.w2_interleavedprefetcher_dtype_BFLOAT8_B_layout_TILE.tensorbin of shape Shape([1, 1, 3584, 2048])
2026-08-29 11:11:04.517 | DEBUG    | core:as_tensor:724 - Loaded cache for /proj_sw/user_dev/ctr-apbernal/tt-metal/model_cache/meta-llama/Llama-3.3-70B-Instruct/TG/tensor_cache_instruct_bfp8/layers.3.feed_forward.w3_interleavedprefetcher_dtype_BFLOAT4_B_layout_TILE.tensorbin of shape Shape([1, 1, 2048, 3584])
2026-08-29 11:11:04.523 | DEBUG    | core:as_tensor:724 - Loaded cache for /proj_sw/user_dev/ctr-apbernal/tt-metal/model_cache/meta-llama/Llama-3.3-70B-Instruct/TG/tensor_cache_instruct_bfp8/layers.3.attention_norm.weight_dtype_BFLOAT16_layout_ROW_MAJOR.tensorbin of shape Shape([1, 1, 256, 32])
2026-08-29 11:11:04.525 | DEBUG    | core:as_tensor:724 - Loaded cache for /proj_sw/user_dev/ctr-apbernal/tt-metal/model_cache/meta-llama/Llama-3.3-70B-Instruct/TG/tensor_cache_instruct_bfp8/layers.3.attention_norm.weight_distributed_dtype_BFLOAT16_layout_ROW_MAJOR.tensorbin of shape Shape([1, 1, 64, 32])
2026-08-29 11:11:04.528 | DEBUG    | core:as_tensor:724 - Loaded cache for /proj_sw/user_dev/ctr-apbernal/tt-metal/model_cache/meta-llama/Llama-3.3-70B-Instruct/TG/tensor_cache_instruct_bfp8/layers.3.ffn_norm.weight_dtype_BFLOAT16_layout_ROW_MAJOR.tensorbin of shape Shape([1, 1, 256, 32])
2026-08-29 11:11:04.530 | DEBUG    | core:as_tensor:724 - Loaded cache for /proj_sw/user_dev/ctr-apbernal/tt-metal/model_cache/meta-llama/Llama-3.3-70B-Instruct/TG/tensor_cache_instruct_bfp8/layers.3.ffn_norm.weight_distributed_dtype_BFLOAT16_layout_ROW_MAJOR.tensorbin of shape Shape([1, 1, 64, 32])
  5%|▌         | 4/80 [00:15<04:47,  3.78s/it]2026-08-29 11:11:04.758 | DEBUG    | core:as_tensor:724 - Loaded cache for /proj_sw/user_dev/ctr-apbernal/tt-metal/model_cache/meta-llama/Llama-3.3-70B-Instruct/TG/tensor_cache_instruct_bfp8/layers.4.attention.wqkv_sharded_2d_prefetcher_dtype_BFLOAT8_B_layout_TILE.tensorbin of shape Shape([1, 1, 2048, 1280])
2026-08-29 11:11:04.978 | DEBUG    | core:as_tensor:724 - Loaded cache for /proj_sw/user_dev/ctr-apbernal/tt-metal/model_cache/meta-llama/Llama-3.3-70B-Instruct/TG/tensor_cache_instruct_bfp8/layers.4.attention.wqkv_sharded_2d_dram_dtype_BFLOAT8_B_layout_TILE.tensorbin of shape Shape([1, 1, 2048, 1280])
2026-08-29 11:11:05.210 | DEBUG    | core:as_tensor:724 - Loaded cache for /proj_sw/user_dev/ctr-apbernal/tt-metal/model_cache/meta-llama/Llama-3.3-70B-Instruct/TG/tensor_cache_instruct_bfp8/layers.4.attention.wo_width_sharded_2d_prefetcher_dtype_BFLOAT8_B_layout_TILE.tensorbin of shape Shape([1, 1, 1024, 2048])
2026-08-29 11:11:05.534 | DEBUG    | core:as_tensor:724 - Loaded cache for /proj_sw/user_dev/ctr-apbernal/tt-metal/model_cache/meta-llama/Llama-3.3-70B-Instruct/TG/tensor_cache_instruct_bfp8/layers.4.attention.wo_width_sharded_2d_dram_dtype_BFLOAT8_B_layout_TILE.tensorbin of shape Shape([1, 1, 1024, 2048])
2026-08-29 11:11:05.755 | DEBUG    | core:as_tensor:724 - Loaded cache for /proj_sw/user_dev/ctr-apbernal/tt-metal/model_cache/meta-llama/Llama-3.3-70B-Instruct/TG/tensor_cache_instruct_bfp8/layers.4.attention.wo_col_sharded_dram_dtype_BFLOAT8_B_layout_TILE.tensorbin of shape Shape([1, 1, 8192, 2048])
2026-08-29 11:11:05.769 | DEBUG    | core:as_tensor:724 - Loaded cache for /proj_sw/user_dev/ctr-apbernal/tt-metal/model_cache/meta-llama/Llama-3.3-70B-Instruct/TG/tensor_cache_instruct_bfp8/kvcache_torch.Size([2048, 1, 64, 128])_dtype_BFLOAT8_B_layout_TILE.tensorbin of shape Shape([2048, 1, 64, 128])
2026-08-29 11:11:05.778 | DEBUG    | core:as_tensor:724 - Loaded cache for /proj_sw/user_dev/ctr-apbernal/tt-metal/model_cache/meta-llama/Llama-3.3-70B-Instruct/TG/tensor_cache_instruct_bfp8/kvcache_torch.Size([2048, 1, 64, 128])_dtype_BFLOAT8_B_layout_TILE.tensorbin of shape Shape([2048, 1, 64, 128])
2026-08-29 11:11:06.094 | DEBUG    | core:as_tensor:724 - Loaded cache for /proj_sw/user_dev/ctr-apbernal/tt-metal/model_cache/meta-llama/Llama-3.3-70B-Instruct/TG/tensor_cache_instruct_bfp8/layers.4.feed_forward.w1_shardedprefetcher_dtype_BFLOAT4_B_layout_TILE.tensorbin of shape Shape([1, 1, 2048, 3584])
2026-08-29 11:11:06.617 | DEBUG    | core:as_tensor:724 - Loaded cache for /proj_sw/user_dev/ctr-apbernal/tt-metal/model_cache/meta-llama/Llama-3.3-70B-Instruct/TG/tensor_cache_instruct_bfp8/layers.4.feed_forward.w2_shardedprefetcher_dtype_BFLOAT8_B_layout_TILE.tensorbin of shape Shape([1, 1, 3584, 2048])
2026-08-29 11:11:06.911 | DEBUG    | core:as_tensor:724 - Loaded cache for /proj_sw/user_dev/ctr-apbernal/tt-metal/model_cache/meta-llama/Llama-3.3-70B-Instruct/TG/tensor_cache_instruct_bfp8/layers.4.feed_forward.w3_shardedprefetcher_dtype_BFLOAT4_B_layout_TILE.tensorbin of shape Shape([1, 1, 2048, 3584])
2026-08-29 11:11:07.205 | DEBUG    | core:as_tensor:724 - Loaded cache for /proj_sw/user_dev/ctr-apbernal/tt-metal/model_cache/meta-llama/Llama-3.3-70B-Instruct/TG/tensor_cache_instruct_bfp8/layers.4.feed_forward.w1_interleavedprefetcher_dtype_BFLOAT4_B_layout_TILE.tensorbin of shape Shape([1, 1, 2048, 3584])
2026-08-29 11:11:07.729 | DEBUG    | core:as_tensor:724 - Loaded cache for /proj_sw/user_dev/ctr-apbernal/tt-metal/model_cache/meta-llama/Llama-3.3-70B-Instruct/TG/tensor_cache_instruct_bfp8/layers.4.feed_forward.w2_interleavedprefetcher_dtype_BFLOAT8_B_layout_TILE.tensorbin of shape Shape([1, 1, 3584, 2048])
2026-08-29 11:11:08.157 | DEBUG    | core:as_tensor:724 - Loaded cache for /proj_sw/user_dev/ctr-apbernal/tt-metal/model_cache/meta-llama/Llama-3.3-70B-Instruct/TG/tensor_cache_instruct_bfp8/layers.4.feed_forward.w3_interleavedprefetcher_dtype_BFLOAT4_B_layout_TILE.tensorbin of shape Shape([1, 1, 2048, 3584])
2026-08-29 11:11:08.161 | DEBUG    | core:as_tensor:724 - Loaded cache for /proj_sw/user_dev/ctr-apbernal/tt-metal/model_cache/meta-llama/Llama-3.3-70B-Instruct/TG/tensor_cache_instruct_bfp8/layers.4.attention_norm.weight_dtype_BFLOAT16_layout_ROW_MAJOR.tensorbin of shape Shape([1, 1, 256, 32])
2026-08-29 11:11:08.163 | DEBUG    | core:as_tensor:724 - Loaded cache for /proj_sw/user_dev/ctr-apbernal/tt-metal/model_cache/meta-llama/Llama-3.3-70B-Instruct/TG/tensor_cache_instruct_bfp8/layers.4.attention_norm.weight_distributed_dtype_BFLOAT16_layout_ROW_MAJOR.tensorbin of shape Shape([1, 1, 64, 32])
2026-08-29 11:11:08.166 | DEBUG    | core:as_tensor:724 - Loaded cache for /proj_sw/user_dev/ctr-apbernal/tt-metal/model_cache/meta-llama/Llama-3.3-70B-Instruct/TG/tensor_cache_instruct_bfp8/layers.4.ffn_norm.weight_dtype_BFLOAT16_layout_ROW_MAJOR.tensorbin of shape Shape([1, 1, 256, 32])
2026-08-29 11:11:08.169 | DEBUG    | core:as_tensor:724 - Loaded cache for /proj_sw/user_dev/ctr-apbernal/tt-metal/model_cache/meta-llama/Llama-3.3-70B-Instruct/TG/tensor_cache_instruct_bfp8/layers.4.ffn_norm.weight_distributed_dtype_BFLOAT16_layout_ROW_MAJOR.tensorbin of shape Shape([1, 1, 64, 32])
  6%|▋         | 5/80 [00:18<04:39,  3.73s/it]2026-08-29 11:11:08.471 | DEBUG    | core:as_tensor:724 - Loaded cache for /proj_sw/user_dev/ctr-apbernal/tt-metal/model_cache/meta-llama/Llama-3.3-70B-Instruct/TG/tensor_cache_instruct_bfp8/layers.5.attention.wqkv_sharded_2d_prefetcher_dtype_BFLOAT8_B_layout_TILE.tensorbin of shape Shape([1, 1, 2048, 1280])
2026-08-29 11:11:08.731 | DEBUG    | core:as_tensor:724 - Loaded cache for /proj_sw/user_dev/ctr-apbernal/tt-metal/model_cache/meta-llama/Llama-3.3-70B-Instruct/TG/tensor_cache_instruct_bfp8/layers.5.attention.wqkv_sharded_2d_dram_dtype_BFLOAT8_B_layout_TILE.tensorbin of shape Shape([1, 1, 2048, 1280])
2026-08-29 11:11:08.975 | DEBUG    | core:as_tensor:724 - Loaded cache for /proj_sw/user_dev/ctr-apbernal/tt-metal/model_cache/meta-llama/Llama-3.3-70B-Instruct/TG/tensor_cache_instruct_bfp8/layers.5.attention.wo_width_sharded_2d_prefetcher_dtype_BFLOAT8_B_layout_TILE.tensorbin of shape Shape([1, 1, 1024, 2048])
2026-08-29 11:11:09.298 | DEBUG    | core:as_tensor:724 - Loaded cache for /proj_sw/user_dev/ctr-apbernal/tt-metal/model_cache/meta-llama/Llama-3.3-70B-Instruct/TG/tensor_cache_instruct_bfp8/layers.5.attention.wo_width_sharded_2d_dram_dtype_BFLOAT8_B_layout_TILE.tensorbin of shape Shape([1, 1, 1024, 2048])
2026-08-29 11:11:09.582 | DEBUG    | core:as_tensor:724 - Loaded cache for /proj_sw/user_dev/ctr-apbernal/tt-metal/model_cache/meta-llama/Llama-3.3-70B-Instruct/TG/tensor_cache_instruct_bfp8/layers.5.attention.wo_col_sharded_dram_dtype_BFLOAT8_B_layout_TILE.tensorbin of shape Shape([1, 1, 8192, 2048])
2026-08-29 11:11:09.602 | DEBUG    | core:as_tensor:724 - Loaded cache for /proj_sw/user_dev/ctr-apbernal/tt-metal/model_cache/meta-llama/Llama-3.3-70B-Instruct/TG/tensor_cache_instruct_bfp8/kvcache_torch.Size([2048, 1, 64, 128])_dtype_BFLOAT8_B_layout_TILE.tensorbin of shape Shape([2048, 1, 64, 128])
2026-08-29 11:11:09.611 | DEBUG    | core:as_tensor:724 - Loaded cache for /proj_sw/user_dev/ctr-apbernal/tt-metal/model_cache/meta-llama/Llama-3.3-70B-Instruct/TG/tensor_cache_instruct_bfp8/kvcache_torch.Size([2048, 1, 64, 128])_dtype_BFLOAT8_B_layout_TILE.tensorbin of shape Shape([2048, 1, 64, 128])
2026-08-29 11:11:09.907 | DEBUG    | core:as_tensor:724 - Loaded cache for /proj_sw/user_dev/ctr-apbernal/tt-metal/model_cache/meta-llama/Llama-3.3-70B-Instruct/TG/tensor_cache_instruct_bfp8/layers.5.feed_forward.w1_shardedprefetcher_dtype_BFLOAT4_B_layout_TILE.tensorbin of shape Shape([1, 1, 2048, 3584])
2026-08-29 11:11:10.420 | DEBUG    | core:as_tensor:724 - Loaded cache for /proj_sw/user_dev/ctr-apbernal/tt-metal/model_cache/meta-llama/Llama-3.3-70B-Instruct/TG/tensor_cache_instruct_bfp8/layers.5.feed_forward.w2_shardedprefetcher_dtype_BFLOAT8_B_layout_TILE.tensorbin of shape Shape([1, 1, 3584, 2048])
2026-08-29 11:11:10.714 | DEBUG    | core:as_tensor:724 - Loaded cache for /proj_sw/user_dev/ctr-apbernal/tt-metal/model_cache/meta-llama/Llama-3.3-70B-Instruct/TG/tensor_cache_instruct_bfp8/layers.5.feed_forward.w3_shardedprefetcher_dtype_BFLOAT4_B_layout_TILE.tensorbin of shape Shape([1, 1, 2048, 3584])
2026-08-29 11:11:10.996 | DEBUG    | core:as_tensor:724 - Loaded cache for /proj_sw/user_dev/ctr-apbernal/tt-metal/model_cache/meta-llama/Llama-3.3-70B-Instruct/TG/tensor_cache_instruct_bfp8/layers.5.feed_forward.w1_interleavedprefetcher_dtype_BFLOAT4_B_layout_TILE.tensorbin of shape Shape([1, 1, 2048, 3584])
2026-08-29 11:11:11.519 | DEBUG    | core:as_tensor:724 - Loaded cache for /proj_sw/user_dev/ctr-apbernal/tt-metal/model_cache/meta-llama/Llama-3.3-70B-Instruct/TG/tensor_cache_instruct_bfp8/layers.5.feed_forward.w2_interleavedprefetcher_dtype_BFLOAT8_B_layout_TILE.tensorbin of shape Shape([1, 1, 3584, 2048])
2026-08-29 11:11:11.795 | DEBUG    | core:as_tensor:724 - Loaded cache for /proj_sw/user_dev/ctr-apbernal/tt-metal/model_cache/meta-llama/Llama-3.3-70B-Instruct/TG/tensor_cache_instruct_bfp8/layers.5.feed_forward.w3_interleavedprefetcher_dtype_BFLOAT4_B_layout_TILE.tensorbin of shape Shape([1, 1, 2048, 3584])
2026-08-29 11:11:11.799 | DEBUG    | core:as_tensor:724 - Loaded cache for /proj_sw/user_dev/ctr-apbernal/tt-metal/model_cache/meta-llama/Llama-3.3-70B-Instruct/TG/tensor_cache_instruct_bfp8/layers.5.attention_norm.weight_dtype_BFLOAT16_layout_ROW_MAJOR.tensorbin of shape Shape([1, 1, 256, 32])
2026-08-29 11:11:11.802 | DEBUG    | core:as_tensor:724 - Loaded cache for /proj_sw/user_dev/ctr-apbernal/tt-metal/model_cache/meta-llama/Llama-3.3-70B-Instruct/TG/tensor_cache_instruct_bfp8/layers.5.attention_norm.weight_distributed_dtype_BFLOAT16_layout_ROW_MAJOR.tensorbin of shape Shape([1, 1, 64, 32])
2026-08-29 11:11:11.804 | DEBUG    | core:as_tensor:724 - Loaded cache for /proj_sw/user_dev/ctr-apbernal/tt-metal/model_cache/meta-llama/Llama-3.3-70B-Instruct/TG/tensor_cache_instruct_bfp8/layers.5.ffn_norm.weight_dtype_BFLOAT16_layout_ROW_MAJOR.tensorbin of shape Shape([1, 1, 256, 32])
2026-08-29 11:11:11.807 | DEBUG    | core:as_tensor:724 - Loaded cache for /proj_sw/user_dev/ctr-apbernal/tt-metal/model_cache/meta-llama/Llama-3.3-70B-Instruct/TG/tensor_cache_instruct_bfp8/layers.5.ffn_norm.weight_distributed_dtype_BFLOAT16_layout_ROW_MAJOR.tensorbin of shape Shape([1, 1, 64, 32])
  8%|▊         | 6/80 [00:22<04:33,  3.70s/it]2026-08-29 11:11:12.031 | DEBUG    | core:as_tensor:724 - Loaded cache for /proj_sw/user_dev/ctr-apbernal/tt-metal/model_cache/meta-llama/Llama-3.3-70B-Instruct/TG/tensor_cache_instruct_bfp8/layers.6.attention.wqkv_sharded_2d_prefetcher_dtype_BFLOAT8_B_layout_TILE.tensorbin of shape Shape([1, 1, 2048, 1280])
2026-08-29 11:11:12.245 | DEBUG    | core:as_tensor:724 - Loaded cache for /proj_sw/user_dev/ctr-apbernal/tt-metal/model_cache/meta-llama/Llama-3.3-70B-Instruct/TG/tensor_cache_instruct_bfp8/layers.6.attention.wqkv_sharded_2d_dram_dtype_BFLOAT8_B_layout_TILE.tensorbin of shape Shape([1, 1, 2048, 1280])
2026-08-29 11:11:12.498 | DEBUG    | core:as_tensor:724 - Loaded cache for /proj_sw/user_dev/ctr-apbernal/tt-metal/model_cache/meta-llama/Llama-3.3-70B-Instruct/TG/tensor_cache_instruct_bfp8/layers.6.attention.wo_width_sharded_2d_prefetcher_dtype_BFLOAT8_B_layout_TILE.tensorbin of shape Shape([1, 1, 1024, 2048])
2026-08-29 11:11:12.793 | DEBUG    | core:as_tensor:724 - Loaded cache for /proj_sw/user_dev/ctr-apbernal/tt-metal/model_cache/meta-llama/Llama-3.3-70B-Instruct/TG/tensor_cache_instruct_bfp8/layers.6.attention.wo_width_sharded_2d_dram_dtype_BFLOAT8_B_layout_TILE.tensorbin of shape Shape([1, 1, 1024, 2048])
2026-08-29 11:11:12.978 | DEBUG    | core:as_tensor:724 - Loaded cache for /proj_sw/user_dev/ctr-apbernal/tt-metal/model_cache/meta-llama/Llama-3.3-70B-Instruct/TG/tensor_cache_instruct_bfp8/layers.6.attention.wo_col_sharded_dram_dtype_BFLOAT8_B_layout_TILE.tensorbin of shape Shape([1, 1, 8192, 2048])
2026-08-29 11:11:12.992 | DEBUG    | core:as_tensor:724 - Loaded cache for /proj_sw/user_dev/ctr-apbernal/tt-metal/model_cache/meta-llama/Llama-3.3-70B-Instruct/TG/tensor_cache_instruct_bfp8/kvcache_torch.Size([2048, 1, 64, 128])_dtype_BFLOAT8_B_layout_TILE.tensorbin of shape Shape([2048, 1, 64, 128])
2026-08-29 11:11:13.001 | DEBUG    | core:as_tensor:724 - Loaded cache for /proj_sw/user_dev/ctr-apbernal/tt-metal/model_cache/meta-llama/Llama-3.3-70B-Instruct/TG/tensor_cache_instruct_bfp8/kvcache_torch.Size([2048, 1, 64, 128])_dtype_BFLOAT8_B_layout_TILE.tensorbin of shape Shape([2048, 1, 64, 128])
2026-08-29 11:11:13.318 | DEBUG    | core:as_tensor:724 - Loaded cache for /proj_sw/user_dev/ctr-apbernal/tt-metal/model_cache/meta-llama/Llama-3.3-70B-Instruct/TG/tensor_cache_instruct_bfp8/layers.6.feed_forward.w1_shardedprefetcher_dtype_BFLOAT4_B_layout_TILE.tensorbin of shape Shape([1, 1, 2048, 3584])
2026-08-29 11:11:13.841 | DEBUG    | core:as_tensor:724 - Loaded cache for /proj_sw/user_dev/ctr-apbernal/tt-metal/model_cache/meta-llama/Llama-3.3-70B-Instruct/TG/tensor_cache_instruct_bfp8/layers.6.feed_forward.w2_shardedprefetcher_dtype_BFLOAT8_B_layout_TILE.tensorbin of shape Shape([1, 1, 3584, 2048])
2026-08-29 11:11:14.124 | DEBUG    | core:as_tensor:724 - Loaded cache for /proj_sw/user_dev/ctr-apbernal/tt-metal/model_cache/meta-llama/Llama-3.3-70B-Instruct/TG/tensor_cache_instruct_bfp8/layers.6.feed_forward.w3_shardedprefetcher_dtype_BFLOAT4_B_layout_TILE.tensorbin of shape Shape([1, 1, 2048, 3584])
2026-08-29 11:11:14.426 | DEBUG    | core:as_tensor:724 - Loaded cache for /proj_sw/user_dev/ctr-apbernal/tt-metal/model_cache/meta-llama/Llama-3.3-70B-Instruct/TG/tensor_cache_instruct_bfp8/layers.6.feed_forward.w1_interleavedprefetcher_dtype_BFLOAT4_B_layout_TILE.tensorbin of shape Shape([1, 1, 2048, 3584])
2026-08-29 11:11:14.948 | DEBUG    | core:as_tensor:724 - Loaded cache for /proj_sw/user_dev/ctr-apbernal/tt-metal/model_cache/meta-llama/Llama-3.3-70B-Instruct/TG/tensor_cache_instruct_bfp8/layers.6.feed_forward.w2_interleavedprefetcher_dtype_BFLOAT8_B_layout_TILE.tensorbin of shape Shape([1, 1, 3584, 2048])
2026-08-29 11:11:15.240 | DEBUG    | core:as_tensor:724 - Loaded cache for /proj_sw/user_dev/ctr-apbernal/tt-metal/model_cache/meta-llama/Llama-3.3-70B-Instruct/TG/tensor_cache_instruct_bfp8/layers.6.feed_forward.w3_interleavedprefetcher_dtype_BFLOAT4_B_layout_TILE.tensorbin of shape Shape([1, 1, 2048, 3584])
2026-08-29 11:11:15.243 | DEBUG    | core:as_tensor:724 - Loaded cache for /proj_sw/user_dev/ctr-apbernal/tt-metal/model_cache/meta-llama/Llama-3.3-70B-Instruct/TG/tensor_cache_instruct_bfp8/layers.6.attention_norm.weight_dtype_BFLOAT16_layout_ROW_MAJOR.tensorbin of shape Shape([1, 1, 256, 32])
2026-08-29 11:11:15.246 | DEBUG    | core:as_tensor:724 - Loaded cache for /proj_sw/user_dev/ctr-apbernal/tt-metal/model_cache/meta-llama/Llama-3.3-70B-Instruct/TG/tensor_cache_instruct_bfp8/layers.6.attention_norm.weight_distributed_dtype_BFLOAT16_layout_ROW_MAJOR.tensorbin of shape Shape([1, 1, 64, 32])
2026-08-29 11:11:15.248 | DEBUG    | core:as_tensor:724 - Loaded cache for /proj_sw/user_dev/ctr-apbernal/tt-metal/model_cache/meta-llama/Llama-3.3-70B-Instruct/TG/tensor_cache_instruct_bfp8/layers.6.ffn_norm.weight_dtype_BFLOAT16_layout_ROW_MAJOR.tensorbin of shape Shape([1, 1, 256, 32])
2026-08-29 11:11:15.251 | DEBUG    | core:as_tensor:724 - Loaded cache for /proj_sw/user_dev/ctr-apbernal/tt-metal/model_cache/meta-llama/Llama-3.3-70B-Instruct/TG/tensor_cache_instruct_bfp8/layers.6.ffn_norm.weight_distributed_dtype_BFLOAT16_layout_ROW_MAJOR.tensorbin of shape Shape([1, 1, 64, 32])
  9%|▉         | 7/80 [00:25<04:23,  3.62s/it]2026-08-29 11:11:15.501 | DEBUG    | core:as_tensor:724 - Loaded cache for /proj_sw/user_dev/ctr-apbernal/tt-metal/model_cache/meta-llama/Llama-3.3-70B-Instruct/TG/tensor_cache_instruct_bfp8/layers.7.attention.wqkv_sharded_2d_prefetcher_dtype_BFLOAT8_B_layout_TILE.tensorbin of shape Shape([1, 1, 2048, 1280])
2026-08-29 11:11:15.732 | DEBUG    | core:as_tensor:724 - Loaded cache for /proj_sw/user_dev/ctr-apbernal/tt-metal/model_cache/meta-llama/Llama-3.3-70B-Instruct/TG/tensor_cache_instruct_bfp8/layers.7.attention.wqkv_sharded_2d_dram_dtype_BFLOAT8_B_layout_TILE.tensorbin of shape Shape([1, 1, 2048, 1280])
2026-08-29 11:11:16.002 | DEBUG    | core:as_tensor:724 - Loaded cache for /proj_sw/user_dev/ctr-apbernal/tt-metal/model_cache/meta-llama/Llama-3.3-70B-Instruct/TG/tensor_cache_instruct_bfp8/layers.7.attention.wo_width_sharded_2d_prefetcher_dtype_BFLOAT8_B_layout_TILE.tensorbin of shape Shape([1, 1, 1024, 2048])
2026-08-29 11:11:16.278 | DEBUG    | core:as_tensor:724 - Loaded cache for /proj_sw/user_dev/ctr-apbernal/tt-metal/model_cache/meta-llama/Llama-3.3-70B-Instruct/TG/tensor_cache_instruct_bfp8/layers.7.attention.wo_width_sharded_2d_dram_dtype_BFLOAT8_B_layout_TILE.tensorbin of shape Shape([1, 1, 1024, 2048])
2026-08-29 11:11:16.479 | DEBUG    | core:as_tensor:724 - Loaded cache for /proj_sw/user_dev/ctr-apbernal/tt-metal/model_cache/meta-llama/Llama-3.3-70B-Instruct/TG/tensor_cache_instruct_bfp8/layers.7.attention.wo_col_sharded_dram_dtype_BFLOAT8_B_layout_TILE.tensorbin of shape Shape([1, 1, 8192, 2048])
2026-08-29 11:11:16.495 | DEBUG    | core:as_tensor:724 - Loaded cache for /proj_sw/user_dev/ctr-apbernal/tt-metal/model_cache/meta-llama/Llama-3.3-70B-Instruct/TG/tensor_cache_instruct_bfp8/kvcache_torch.Size([2048, 1, 64, 128])_dtype_BFLOAT8_B_layout_TILE.tensorbin of shape Shape([2048, 1, 64, 128])
2026-08-29 11:11:16.503 | DEBUG    | core:as_tensor:724 - Loaded cache for /proj_sw/user_dev/ctr-apbernal/tt-metal/model_cache/meta-llama/Llama-3.3-70B-Instruct/TG/tensor_cache_instruct_bfp8/kvcache_torch.Size([2048, 1, 64, 128])_dtype_BFLOAT8_B_layout_TILE.tensorbin of shape Shape([2048, 1, 64, 128])
2026-08-29 11:11:16.821 | DEBUG    | core:as_tensor:724 - Loaded cache for /proj_sw/user_dev/ctr-apbernal/tt-metal/model_cache/meta-llama/Llama-3.3-70B-Instruct/TG/tensor_cache_instruct_bfp8/layers.7.feed_forward.w1_shardedprefetcher_dtype_BFLOAT4_B_layout_TILE.tensorbin of shape Shape([1, 1, 2048, 3584])
2026-08-29 11:11:17.349 | DEBUG    | core:as_tensor:724 - Loaded cache for /proj_sw/user_dev/ctr-apbernal/tt-metal/model_cache/meta-llama/Llama-3.3-70B-Instruct/TG/tensor_cache_instruct_bfp8/layers.7.feed_forward.w2_shardedprefetcher_dtype_BFLOAT8_B_layout_TILE.tensorbin of shape Shape([1, 1, 3584, 2048])
2026-08-29 11:11:17.657 | DEBUG    | core:as_tensor:724 - Loaded cache for /proj_sw/user_dev/ctr-apbernal/tt-metal/model_cache/meta-llama/Llama-3.3-70B-Instruct/TG/tensor_cache_instruct_bfp8/layers.7.feed_forward.w3_shardedprefetcher_dtype_BFLOAT4_B_layout_TILE.tensorbin of shape Shape([1, 1, 2048, 3584])
2026-08-29 11:11:17.960 | DEBUG    | core:as_tensor:724 - Loaded cache for /proj_sw/user_dev/ctr-apbernal/tt-metal/model_cache/meta-llama/Llama-3.3-70B-Instruct/TG/tensor_cache_instruct_bfp8/layers.7.feed_forward.w1_interleavedprefetcher_dtype_BFLOAT4_B_layout_TILE.tensorbin of shape Shape([1, 1, 2048, 3584])
2026-08-29 11:11:18.482 | DEBUG    | core:as_tensor:724 - Loaded cache for /proj_sw/user_dev/ctr-apbernal/tt-metal/model_cache/meta-llama/Llama-3.3-70B-Instruct/TG/tensor_cache_instruct_bfp8/layers.7.feed_forward.w2_interleavedprefetcher_dtype_BFLOAT8_B_layout_TILE.tensorbin of shape Shape([1, 1, 3584, 2048])
2026-08-29 11:11:18.774 | DEBUG    | core:as_tensor:724 - Loaded cache for /proj_sw/user_dev/ctr-apbernal/tt-metal/model_cache/meta-llama/Llama-3.3-70B-Instruct/TG/tensor_cache_instruct_bfp8/layers.7.feed_forward.w3_interleavedprefetcher_dtype_BFLOAT4_B_layout_TILE.tensorbin of shape Shape([1, 1, 2048, 3584])
2026-08-29 11:11:18.780 | DEBUG    | core:as_tensor:724 - Loaded cache for /proj_sw/user_dev/ctr-apbernal/tt-metal/model_cache/meta-llama/Llama-3.3-70B-Instruct/TG/tensor_cache_instruct_bfp8/layers.7.attention_norm.weight_dtype_BFLOAT16_layout_ROW_MAJOR.tensorbin of shape Shape([1, 1, 256, 32])
2026-08-29 11:11:18.783 | DEBUG    | core:as_tensor:724 - Loaded cache for /proj_sw/user_dev/ctr-apbernal/tt-metal/model_cache/meta-llama/Llama-3.3-70B-Instruct/TG/tensor_cache_instruct_bfp8/layers.7.attention_norm.weight_distributed_dtype_BFLOAT16_layout_ROW_MAJOR.tensorbin of shape Shape([1, 1, 64, 32])
2026-08-29 11:11:18.785 | DEBUG    | core:as_tensor:724 - Loaded cache for /proj_sw/user_dev/ctr-apbernal/tt-metal/model_cache/meta-llama/Llama-3.3-70B-Instruct/TG/tensor_cache_instruct_bfp8/layers.7.ffn_norm.weight_dtype_BFLOAT16_layout_ROW_MAJOR.tensorbin of shape Shape([1, 1, 256, 32])
2026-08-29 11:11:18.788 | DEBUG    | core:as_tensor:724 - Loaded cache for /proj_sw/user_dev/ctr-apbernal/tt-metal/model_cache/meta-llama/Llama-3.3-70B-Instruct/TG/tensor_cache_instruct_bfp8/layers.7.ffn_norm.weight_distributed_dtype_BFLOAT16_layout_ROW_MAJOR.tensorbin of shape Shape([1, 1, 64, 32])
 10%|█         | 8/80 [00:29<04:18,  3.59s/it]2026-08-29 11:11:19.160 | DEBUG    | core:as_tensor:724 - Loaded cache for /proj_sw/user_dev/ctr-apbernal/tt-metal/model_cache/meta-llama/Llama-3.3-70B-Instruct/TG/tensor_cache_instruct_bfp8/layers.8.attention.wqkv_sharded_2d_prefetcher_dtype_BFLOAT8_B_layout_TILE.tensorbin of shape Shape([1, 1, 2048, 1280])
2026-08-29 11:11:19.396 | DEBUG    | core:as_tensor:724 - Loaded cache for /proj_sw/user_dev/ctr-apbernal/tt-metal/model_cache/meta-llama/Llama-3.3-70B-Instruct/TG/tensor_cache_instruct_bfp8/layers.8.attention.wqkv_sharded_2d_dram_dtype_BFLOAT8_B_layout_TILE.tensorbin of shape Shape([1, 1, 2048, 1280])
2026-08-29 11:11:19.729 | DEBUG    | core:as_tensor:724 - Loaded cache for /proj_sw/user_dev/ctr-apbernal/tt-metal/model_cache/meta-llama/Llama-3.3-70B-Instruct/TG/tensor_cache_instruct_bfp8/layers.8.attention.wo_width_sharded_2d_prefetcher_dtype_BFLOAT8_B_layout_TILE.tensorbin of shape Shape([1, 1, 1024, 2048])
2026-08-29 11:11:19.965 | DEBUG    | core:as_tensor:724 - Loaded cache for /proj_sw/user_dev/ctr-apbernal/tt-metal/model_cache/meta-llama/Llama-3.3-70B-Instruct/TG/tensor_cache_instruct_bfp8/layers.8.attention.wo_width_sharded_2d_dram_dtype_BFLOAT8_B_layout_TILE.tensorbin of shape Shape([1, 1, 1024, 2048])
2026-08-29 11:11:20.211 | DEBUG    | core:as_tensor:724 - Loaded cache for /proj_sw/user_dev/ctr-apbernal/tt-metal/model_cache/meta-llama/Llama-3.3-70B-Instruct/TG/tensor_cache_instruct_bfp8/layers.8.attention.wo_col_sharded_dram_dtype_BFLOAT8_B_layout_TILE.tensorbin of shape Shape([1, 1, 8192, 2048])
2026-08-29 11:11:20.226 | DEBUG    | core:as_tensor:724 - Loaded cache for /proj_sw/user_dev/ctr-apbernal/tt-metal/model_cache/meta-llama/Llama-3.3-70B-Instruct/TG/tensor_cache_instruct_bfp8/kvcache_torch.Size([2048, 1, 64, 128])_dtype_BFLOAT8_B_layout_TILE.tensorbin of shape Shape([2048, 1, 64, 128])
2026-08-29 11:11:20.235 | DEBUG    | core:as_tensor:724 - Loaded cache for /proj_sw/user_dev/ctr-apbernal/tt-metal/model_cache/meta-llama/Llama-3.3-70B-Instruct/TG/tensor_cache_instruct_bfp8/kvcache_torch.Size([2048, 1, 64, 128])_dtype_BFLOAT8_B_layout_TILE.tensorbin of shape Shape([2048, 1, 64, 128])
2026-08-29 11:11:20.549 | DEBUG    | core:as_tensor:724 - Loaded cache for /proj_sw/user_dev/ctr-apbernal/tt-metal/model_cache/meta-llama/Llama-3.3-70B-Instruct/TG/tensor_cache_instruct_bfp8/layers.8.feed_forward.w1_shardedprefetcher_dtype_BFLOAT4_B_layout_TILE.tensorbin of shape Shape([1, 1, 2048, 3584])
2026-08-29 11:11:21.080 | DEBUG    | core:as_tensor:724 - Loaded cache for /proj_sw/user_dev/ctr-apbernal/tt-metal/model_cache/meta-llama/Llama-3.3-70B-Instruct/TG/tensor_cache_instruct_bfp8/layers.8.feed_forward.w2_shardedprefetcher_dtype_BFLOAT8_B_layout_TILE.tensorbin of shape Shape([1, 1, 3584, 2048])
2026-08-29 11:11:21.366 | DEBUG    | core:as_tensor:724 - Loaded cache for /proj_sw/user_dev/ctr-apbernal/tt-metal/model_cache/meta-llama/Llama-3.3-70B-Instruct/TG/tensor_cache_instruct_bfp8/layers.8.feed_forward.w3_shardedprefetcher_dtype_BFLOAT4_B_layout_TILE.tensorbin of shape Shape([1, 1, 2048, 3584])
2026-08-29 11:11:21.658 | DEBUG    | core:as_tensor:724 - Loaded cache for /proj_sw/user_dev/ctr-apbernal/tt-metal/model_cache/meta-llama/Llama-3.3-70B-Instruct/TG/tensor_cache_instruct_bfp8/layers.8.feed_forward.w1_interleavedprefetcher_dtype_BFLOAT4_B_layout_TILE.tensorbin of shape Shape([1, 1, 2048, 3584])
2026-08-29 11:11:22.163 | DEBUG    | core:as_tensor:724 - Loaded cache for /proj_sw/user_dev/ctr-apbernal/tt-metal/model_cache/meta-llama/Llama-3.3-70B-Instruct/TG/tensor_cache_instruct_bfp8/layers.8.feed_forward.w2_interleavedprefetcher_dtype_BFLOAT8_B_layout_TILE.tensorbin of shape Shape([1, 1, 3584, 2048])
2026-08-29 11:11:22.453 | DEBUG    | core:as_tensor:724 - Loaded cache for /proj_sw/user_dev/ctr-apbernal/tt-metal/model_cache/meta-llama/Llama-3.3-70B-Instruct/TG/tensor_cache_instruct_bfp8/layers.8.feed_forward.w3_interleavedprefetcher_dtype_BFLOAT4_B_layout_TILE.tensorbin of shape Shape([1, 1, 2048, 3584])
2026-08-29 11:11:22.456 | DEBUG    | core:as_tensor:724 - Loaded cache for /proj_sw/user_dev/ctr-apbernal/tt-metal/model_cache/meta-llama/Llama-3.3-70B-Instruct/TG/tensor_cache_instruct_bfp8/layers.8.attention_norm.weight_dtype_BFLOAT16_layout_ROW_MAJOR.tensorbin of shape Shape([1, 1, 256, 32])
2026-08-29 11:11:22.459 | DEBUG    | core:as_tensor:724 - Loaded cache for /proj_sw/user_dev/ctr-apbernal/tt-metal/model_cache/meta-llama/Llama-3.3-70B-Instruct/TG/tensor_cache_instruct_bfp8/layers.8.attention_norm.weight_distributed_dtype_BFLOAT16_layout_ROW_MAJOR.tensorbin of shape Shape([1, 1, 64, 32])
2026-08-29 11:11:22.461 | DEBUG    | core:as_tensor:724 - Loaded cache for /proj_sw/user_dev/ctr-apbernal/tt-metal/model_cache/meta-llama/Llama-3.3-70B-Instruct/TG/tensor_cache_instruct_bfp8/layers.8.ffn_norm.weight_dtype_BFLOAT16_layout_ROW_MAJOR.tensorbin of shape Shape([1, 1, 256, 32])
2026-08-29 11:11:22.465 | DEBUG    | core:as_tensor:724 - Loaded cache for /proj_sw/user_dev/ctr-apbernal/tt-metal/model_cache/meta-llama/Llama-3.3-70B-Instruct/TG/tensor_cache_instruct_bfp8/layers.8.ffn_norm.weight_distributed_dtype_BFLOAT16_layout_ROW_MAJOR.tensorbin of shape Shape([1, 1, 64, 32])
 11%|█▏        | 9/80 [00:33<04:16,  3.62s/it]2026-08-29 11:11:22.793 | DEBUG    | core:as_tensor:724 - Loaded cache for /proj_sw/user_dev/ctr-apbernal/tt-metal/model_cache/meta-llama/Llama-3.3-70B-Instruct/TG/tensor_cache_instruct_bfp8/layers.9.attention.wqkv_sharded_2d_prefetcher_dtype_BFLOAT8_B_layout_TILE.tensorbin of shape Shape([1, 1, 2048, 1280])
2026-08-29 11:11:23.090 | DEBUG    | core:as_tensor:724 - Loaded cache for /proj_sw/user_dev/ctr-apbernal/tt-metal/model_cache/meta-llama/Llama-3.3-70B-Instruct/TG/tensor_cache_instruct_bfp8/layers.9.attention.wqkv_sharded_2d_dram_dtype_BFLOAT8_B_layout_TILE.tensorbin of shape Shape([1, 1, 2048, 1280])
2026-08-29 11:11:23.367 | DEBUG    | core:as_tensor:724 - Loaded cache for /proj_sw/user_dev/ctr-apbernal/tt-metal/model_cache/meta-llama/Llama-3.3-70B-Instruct/TG/tensor_cache_instruct_bfp8/layers.9.attention.wo_width_sharded_2d_prefetcher_dtype_BFLOAT8_B_layout_TILE.tensorbin of shape Shape([1, 1, 1024, 2048])
2026-08-29 11:11:23.701 | DEBUG    | core:as_tensor:724 - Loaded cache for /proj_sw/user_dev/ctr-apbernal/tt-metal/model_cache/meta-llama/Llama-3.3-70B-Instruct/TG/tensor_cache_instruct_bfp8/layers.9.attention.wo_width_sharded_2d_dram_dtype_BFLOAT8_B_layout_TILE.tensorbin of shape Shape([1, 1, 1024, 2048])
2026-08-29 11:11:23.946 | DEBUG    | core:as_tensor:724 - Loaded cache for /proj_sw/user_dev/ctr-apbernal/tt-metal/model_cache/meta-llama/Llama-3.3-70B-Instruct/TG/tensor_cache_instruct_bfp8/layers.9.attention.wo_col_sharded_dram_dtype_BFLOAT8_B_layout_TILE.tensorbin of shape Shape([1, 1, 8192, 2048])
2026-08-29 11:11:23.960 | DEBUG    | core:as_tensor:724 - Loaded cache for /proj_sw/user_dev/ctr-apbernal/tt-metal/model_cache/meta-llama/Llama-3.3-70B-Instruct/TG/tensor_cache_instruct_bfp8/kvcache_torch.Size([2048, 1, 64, 128])_dtype_BFLOAT8_B_layout_TILE.tensorbin of shape Shape([2048, 1, 64, 128])
2026-08-29 11:11:23.968 | DEBUG    | core:as_tensor:724 - Loaded cache for /proj_sw/user_dev/ctr-apbernal/tt-metal/model_cache/meta-llama/Llama-3.3-70B-Instruct/TG/tensor_cache_instruct_bfp8/kvcache_torch.Size([2048, 1, 64, 128])_dtype_BFLOAT8_B_layout_TILE.tensorbin of shape Shape([2048, 1, 64, 128])
2026-08-29 11:11:24.278 | DEBUG    | core:as_tensor:724 - Loaded cache for /proj_sw/user_dev/ctr-apbernal/tt-metal/model_cache/meta-llama/Llama-3.3-70B-Instruct/TG/tensor_cache_instruct_bfp8/layers.9.feed_forward.w1_shardedprefetcher_dtype_BFLOAT4_B_layout_TILE.tensorbin of shape Shape([1, 1, 2048, 3584])
2026-08-29 11:11:24.789 | DEBUG    | core:as_tensor:724 - Loaded cache for /proj_sw/user_dev/ctr-apbernal/tt-metal/model_cache/meta-llama/Llama-3.3-70B-Instruct/TG/tensor_cache_instruct_bfp8/layers.9.feed_forward.w2_shardedprefetcher_dtype_BFLOAT8_B_layout_TILE.tensorbin of shape Shape([1, 1, 3584, 2048])
2026-08-29 11:11:25.078 | DEBUG    | core:as_tensor:724 - Loaded cache for /proj_sw/user_dev/ctr-apbernal/tt-metal/model_cache/meta-llama/Llama-3.3-70B-Instruct/TG/tensor_cache_instruct_bfp8/layers.9.feed_forward.w3_shardedprefetcher_dtype_BFLOAT4_B_layout_TILE.tensorbin of shape Shape([1, 1, 2048, 3584])
2026-08-29 11:11:25.367 | DEBUG    | core:as_tensor:724 - Loaded cache for /proj_sw/user_dev/ctr-apbernal/tt-metal/model_cache/meta-llama/Llama-3.3-70B-Instruct/TG/tensor_cache_instruct_bfp8/layers.9.feed_forward.w1_interleavedprefetcher_dtype_BFLOAT4_B_layout_TILE.tensorbin of shape Shape([1, 1, 2048, 3584])
2026-08-29 11:11:25.889 | DEBUG    | core:as_tensor:724 - Loaded cache for /proj_sw/user_dev/ctr-apbernal/tt-metal/model_cache/meta-llama/Llama-3.3-70B-Instruct/TG/tensor_cache_instruct_bfp8/layers.9.feed_forward.w2_interleavedprefetcher_dtype_BFLOAT8_B_layout_TILE.tensorbin of shape Shape([1, 1, 3584, 2048])
2026-08-29 11:11:26.173 | DEBUG    | core:as_tensor:724 - Loaded cache for /proj_sw/user_dev/ctr-apbernal/tt-metal/model_cache/meta-llama/Llama-3.3-70B-Instruct/TG/tensor_cache_instruct_bfp8/layers.9.feed_forward.w3_interleavedprefetcher_dtype_BFLOAT4_B_layout_TILE.tensorbin of shape Shape([1, 1, 2048, 3584])
2026-08-29 11:11:26.176 | DEBUG    | core:as_tensor:724 - Loaded cache for /proj_sw/user_dev/ctr-apbernal/tt-metal/model_cache/meta-llama/Llama-3.3-70B-Instruct/TG/tensor_cache_instruct_bfp8/layers.9.attention_norm.weight_dtype_BFLOAT16_layout_ROW_MAJOR.tensorbin of shape Shape([1, 1, 256, 32])
2026-08-29 11:11:26.178 | DEBUG    | core:as_tensor:724 - Loaded cache for /proj_sw/user_dev/ctr-apbernal/tt-metal/model_cache/meta-llama/Llama-3.3-70B-Instruct/TG/tensor_cache_instruct_bfp8/layers.9.attention_norm.weight_distributed_dtype_BFLOAT16_layout_ROW_MAJOR.tensorbin of shape Shape([1, 1, 64, 32])
2026-08-29 11:11:26.180 | DEBUG    | core:as_tensor:724 - Loaded cache for /proj_sw/user_dev/ctr-apbernal/tt-metal/model_cache/meta-llama/Llama-3.3-70B-Instruct/TG/tensor_cache_instruct_bfp8/layers.9.ffn_norm.weight_dtype_BFLOAT16_layout_ROW_MAJOR.tensorbin of shape Shape([1, 1, 256, 32])
2026-08-29 11:11:26.185 | DEBUG    | core:as_tensor:724 - Loaded cache for /proj_sw/user_dev/ctr-apbernal/tt-metal/model_cache/meta-llama/Llama-3.3-70B-Instruct/TG/tensor_cache_instruct_bfp8/layers.9.ffn_norm.weight_distributed_dtype_BFLOAT16_layout_ROW_MAJOR.tensorbin of shape Shape([1, 1, 64, 32])
 12%|█▎        | 10/80 [00:36<04:15,  3.65s/it]2026-08-29 11:11:26.528 | DEBUG    | core:as_tensor:724 - Loaded cache for /proj_sw/user_dev/ctr-apbernal/tt-metal/model_cache/meta-llama/Llama-3.3-70B-Instruct/TG/tensor_cache_instruct_bfp8/layers.10.attention.wqkv_sharded_2d_prefetcher_dtype_BFLOAT8_B_layout_TILE.tensorbin of shape Shape([1, 1, 2048, 1280])
2026-08-29 11:11:26.889 | DEBUG    | core:as_tensor:724 - Loaded cache for /proj_sw/user_dev/ctr-apbernal/tt-metal/model_cache/meta-llama/Llama-3.3-70B-Instruct/TG/tensor_cache_instruct_bfp8/layers.10.attention.wqkv_sharded_2d_dram_dtype_BFLOAT8_B_layout_TILE.tensorbin of shape Shape([1, 1, 2048, 1280])
2026-08-29 11:11:27.213 | DEBUG    | core:as_tensor:724 - Loaded cache for /proj_sw/user_dev/ctr-apbernal/tt-metal/model_cache/meta-llama/Llama-3.3-70B-Instruct/TG/tensor_cache_instruct_bfp8/layers.10.attention.wo_width_sharded_2d_prefetcher_dtype_BFLOAT8_B_layout_TILE.tensorbin of shape Shape([1, 1, 1024, 2048])
2026-08-29 11:11:27.428 | DEBUG    | core:as_tensor:724 - Loaded cache for /proj_sw/user_dev/ctr-apbernal/tt-metal/model_cache/meta-llama/Llama-3.3-70B-Instruct/TG/tensor_cache_instruct_bfp8/layers.10.attention.wo_width_sharded_2d_dram_dtype_BFLOAT8_B_layout_TILE.tensorbin of shape Shape([1, 1, 1024, 2048])
2026-08-29 11:11:27.644 | DEBUG    | core:as_tensor:724 - Loaded cache for /proj_sw/user_dev/ctr-apbernal/tt-metal/model_cache/meta-llama/Llama-3.3-70B-Instruct/TG/tensor_cache_instruct_bfp8/layers.10.attention.wo_col_sharded_dram_dtype_BFLOAT8_B_layout_TILE.tensorbin of shape Shape([1, 1, 8192, 2048])
2026-08-29 11:11:27.659 | DEBUG    | core:as_tensor:724 - Loaded cache for /proj_sw/user_dev/ctr-apbernal/tt-metal/model_cache/meta-llama/Llama-3.3-70B-Instruct/TG/tensor_cache_instruct_bfp8/kvcache_torch.Size([2048, 1, 64, 128])_dtype_BFLOAT8_B_layout_TILE.tensorbin of shape Shape([2048, 1, 64, 128])
2026-08-29 11:11:27.667 | DEBUG    | core:as_tensor:724 - Loaded cache for /proj_sw/user_dev/ctr-apbernal/tt-metal/model_cache/meta-llama/Llama-3.3-70B-Instruct/TG/tensor_cache_instruct_bfp8/kvcache_torch.Size([2048, 1, 64, 128])_dtype_BFLOAT8_B_layout_TILE.tensorbin of shape Shape([2048, 1, 64, 128])
2026-08-29 11:11:27.976 | DEBUG    | core:as_tensor:724 - Loaded cache for /proj_sw/user_dev/ctr-apbernal/tt-metal/model_cache/meta-llama/Llama-3.3-70B-Instruct/TG/tensor_cache_instruct_bfp8/layers.10.feed_forward.w1_shardedprefetcher_dtype_BFLOAT4_B_layout_TILE.tensorbin of shape Shape([1, 1, 2048, 3584])
2026-08-29 11:11:28.495 | DEBUG    | core:as_tensor:724 - Loaded cache for /proj_sw/user_dev/ctr-apbernal/tt-metal/model_cache/meta-llama/Llama-3.3-70B-Instruct/TG/tensor_cache_instruct_bfp8/layers.10.feed_forward.w2_shardedprefetcher_dtype_BFLOAT8_B_layout_TILE.tensorbin of shape Shape([1, 1, 3584, 2048])
2026-08-29 11:11:28.783 | DEBUG    | core:as_tensor:724 - Loaded cache for /proj_sw/user_dev/ctr-apbernal/tt-metal/model_cache/meta-llama/Llama-3.3-70B-Instruct/TG/tensor_cache_instruct_bfp8/layers.10.feed_forward.w3_shardedprefetcher_dtype_BFLOAT4_B_layout_TILE.tensorbin of shape Shape([1, 1, 2048, 3584])
2026-08-29 11:11:29.141 | DEBUG    | core:as_tensor:724 - Loaded cache for /proj_sw/user_dev/ctr-apbernal/tt-metal/model_cache/meta-llama/Llama-3.3-70B-Instruct/TG/tensor_cache_instruct_bfp8/layers.10.feed_forward.w1_interleavedprefetcher_dtype_BFLOAT4_B_layout_TILE.tensorbin of shape Shape([1, 1, 2048, 3584])
2026-08-29 11:11:29.660 | DEBUG    | core:as_tensor:724 - Loaded cache for /proj_sw/user_dev/ctr-apbernal/tt-metal/model_cache/meta-llama/Llama-3.3-70B-Instruct/TG/tensor_cache_instruct_bfp8/layers.10.feed_forward.w2_interleavedprefetcher_dtype_BFLOAT8_B_layout_TILE.tensorbin of shape Shape([1, 1, 3584, 2048])
2026-08-29 11:11:29.951 | DEBUG    | core:as_tensor:724 - Loaded cache for /proj_sw/user_dev/ctr-apbernal/tt-metal/model_cache/meta-llama/Llama-3.3-70B-Instruct/TG/tensor_cache_instruct_bfp8/layers.10.feed_forward.w3_interleavedprefetcher_dtype_BFLOAT4_B_layout_TILE.tensorbin of shape Shape([1, 1, 2048, 3584])
2026-08-29 11:11:29.954 | DEBUG    | core:as_tensor:724 - Loaded cache for /proj_sw/user_dev/ctr-apbernal/tt-metal/model_cache/meta-llama/Llama-3.3-70B-Instruct/TG/tensor_cache_instruct_bfp8/layers.10.attention_norm.weight_dtype_BFLOAT16_layout_ROW_MAJOR.tensorbin of shape Shape([1, 1, 256, 32])
2026-08-29 11:11:29.957 | DEBUG    | core:as_tensor:724 - Loaded cache for /proj_sw/user_dev/ctr-apbernal/tt-metal/model_cache/meta-llama/Llama-3.3-70B-Instruct/TG/tensor_cache_instruct_bfp8/layers.10.attention_norm.weight_distributed_dtype_BFLOAT16_layout_ROW_MAJOR.tensorbin of shape Shape([1, 1, 64, 32])
2026-08-29 11:11:29.959 | DEBUG    | core:as_tensor:724 - Loaded cache for /proj_sw/user_dev/ctr-apbernal/tt-metal/model_cache/meta-llama/Llama-3.3-70B-Instruct/TG/tensor_cache_instruct_bfp8/layers.10.ffn_norm.weight_dtype_BFLOAT16_layout_ROW_MAJOR.tensorbin of shape Shape([1, 1, 256, 32])
2026-08-29 11:11:29.961 | DEBUG    | core:as_tensor:724 - Loaded cache for /proj_sw/user_dev/ctr-apbernal/tt-metal/model_cache/meta-llama/Llama-3.3-70B-Instruct/TG/tensor_cache_instruct_bfp8/layers.10.ffn_norm.weight_distributed_dtype_BFLOAT16_layout_ROW_MAJOR.tensorbin of shape Shape([1, 1, 64, 32])
 14%|█▍        | 11/80 [00:40<04:14,  3.69s/it]2026-08-29 11:11:30.358 | DEBUG    | core:as_tensor:724 - Loaded cache for /proj_sw/user_dev/ctr-apbernal/tt-metal/model_cache/meta-llama/Llama-3.3-70B-Instruct/TG/tensor_cache_instruct_bfp8/layers.11.attention.wqkv_sharded_2d_prefetcher_dtype_BFLOAT8_B_layout_TILE.tensorbin of shape Shape([1, 1, 2048, 1280])
2026-08-29 11:11:30.609 | DEBUG    | core:as_tensor:724 - Loaded cache for /proj_sw/user_dev/ctr-apbernal/tt-metal/model_cache/meta-llama/Llama-3.3-70B-Instruct/TG/tensor_cache_instruct_bfp8/layers.11.attention.wqkv_sharded_2d_dram_dtype_BFLOAT8_B_layout_TILE.tensorbin of shape Shape([1, 1, 2048, 1280])
2026-08-29 11:11:30.827 | DEBUG    | core:as_tensor:724 - Loaded cache for /proj_sw/user_dev/ctr-apbernal/tt-metal/model_cache/meta-llama/Llama-3.3-70B-Instruct/TG/tensor_cache_instruct_bfp8/layers.11.attention.wo_width_sharded_2d_prefetcher_dtype_BFLOAT8_B_layout_TILE.tensorbin of shape Shape([1, 1, 1024, 2048])
2026-08-29 11:11:31.146 | DEBUG    | core:as_tensor:724 - Loaded cache for /proj_sw/user_dev/ctr-apbernal/tt-metal/model_cache/meta-llama/Llama-3.3-70B-Instruct/TG/tensor_cache_instruct_bfp8/layers.11.attention.wo_width_sharded_2d_dram_dtype_BFLOAT8_B_layout_TILE.tensorbin of shape Shape([1, 1, 1024, 2048])
2026-08-29 11:11:31.406 | DEBUG    | core:as_tensor:724 - Loaded cache for /proj_sw/user_dev/ctr-apbernal/tt-metal/model_cache/meta-llama/Llama-3.3-70B-Instruct/TG/tensor_cache_instruct_bfp8/layers.11.attention.wo_col_sharded_dram_dtype_BFLOAT8_B_layout_TILE.tensorbin of shape Shape([1, 1, 8192, 2048])
2026-08-29 11:11:31.423 | DEBUG    | core:as_tensor:724 - Loaded cache for /proj_sw/user_dev/ctr-apbernal/tt-metal/model_cache/meta-llama/Llama-3.3-70B-Instruct/TG/tensor_cache_instruct_bfp8/kvcache_torch.Size([2048, 1, 64, 128])_dtype_BFLOAT8_B_layout_TILE.tensorbin of shape Shape([2048, 1, 64, 128])
2026-08-29 11:11:31.431 | DEBUG    | core:as_tensor:724 - Loaded cache for /proj_sw/user_dev/ctr-apbernal/tt-metal/model_cache/meta-llama/Llama-3.3-70B-Instruct/TG/tensor_cache_instruct_bfp8/kvcache_torch.Size([2048, 1, 64, 128])_dtype_BFLOAT8_B_layout_TILE.tensorbin of shape Shape([2048, 1, 64, 128])
2026-08-29 11:11:31.735 | DEBUG    | core:as_tensor:724 - Loaded cache for /proj_sw/user_dev/ctr-apbernal/tt-metal/model_cache/meta-llama/Llama-3.3-70B-Instruct/TG/tensor_cache_instruct_bfp8/layers.11.feed_forward.w1_shardedprefetcher_dtype_BFLOAT4_B_layout_TILE.tensorbin of shape Shape([1, 1, 2048, 3584])
2026-08-29 11:11:32.251 | DEBUG    | core:as_tensor:724 - Loaded cache for /proj_sw/user_dev/ctr-apbernal/tt-metal/model_cache/meta-llama/Llama-3.3-70B-Instruct/TG/tensor_cache_instruct_bfp8/layers.11.feed_forward.w2_shardedprefetcher_dtype_BFLOAT8_B_layout_TILE.tensorbin of shape Shape([1, 1, 3584, 2048])
2026-08-29 11:11:32.658 | DEBUG    | core:as_tensor:724 - Loaded cache for /proj_sw/user_dev/ctr-apbernal/tt-metal/model_cache/meta-llama/Llama-3.3-70B-Instruct/TG/tensor_cache_instruct_bfp8/layers.11.feed_forward.w3_shardedprefetcher_dtype_BFLOAT4_B_layout_TILE.tensorbin of shape Shape([1, 1, 2048, 3584])
2026-08-29 11:11:33.009 | DEBUG    | core:as_tensor:724 - Loaded cache for /proj_sw/user_dev/ctr-apbernal/tt-metal/model_cache/meta-llama/Llama-3.3-70B-Instruct/TG/tensor_cache_instruct_bfp8/layers.11.feed_forward.w1_interleavedprefetcher_dtype_BFLOAT4_B_layout_TILE.tensorbin of shape Shape([1, 1, 2048, 3584])
2026-08-29 11:11:33.521 | DEBUG    | core:as_tensor:724 - Loaded cache for /proj_sw/user_dev/ctr-apbernal/tt-metal/model_cache/meta-llama/Llama-3.3-70B-Instruct/TG/tensor_cache_instruct_bfp8/layers.11.feed_forward.w2_interleavedprefetcher_dtype_BFLOAT8_B_layout_TILE.tensorbin of shape Shape([1, 1, 3584, 2048])
2026-08-29 11:11:33.805 | DEBUG    | core:as_tensor:724 - Loaded cache for /proj_sw/user_dev/ctr-apbernal/tt-metal/model_cache/meta-llama/Llama-3.3-70B-Instruct/TG/tensor_cache_instruct_bfp8/layers.11.feed_forward.w3_interleavedprefetcher_dtype_BFLOAT4_B_layout_TILE.tensorbin of shape Shape([1, 1, 2048, 3584])
2026-08-29 11:11:33.811 | DEBUG    | core:as_tensor:724 - Loaded cache for /proj_sw/user_dev/ctr-apbernal/tt-metal/model_cache/meta-llama/Llama-3.3-70B-Instruct/TG/tensor_cache_instruct_bfp8/layers.11.attention_norm.weight_dtype_BFLOAT16_layout_ROW_MAJOR.tensorbin of shape Shape([1, 1, 256, 32])
2026-08-29 11:11:33.814 | DEBUG    | core:as_tensor:724 - Loaded cache for /proj_sw/user_dev/ctr-apbernal/tt-metal/model_cache/meta-llama/Llama-3.3-70B-Instruct/TG/tensor_cache_instruct_bfp8/layers.11.attention_norm.weight_distributed_dtype_BFLOAT16_layout_ROW_MAJOR.tensorbin of shape Shape([1, 1, 64, 32])
2026-08-29 11:11:33.816 | DEBUG    | core:as_tensor:724 - Loaded cache for /proj_sw/user_dev/ctr-apbernal/tt-metal/model_cache/meta-llama/Llama-3.3-70B-Instruct/TG/tensor_cache_instruct_bfp8/layers.11.ffn_norm.weight_dtype_BFLOAT16_layout_ROW_MAJOR.tensorbin of shape Shape([1, 1, 256, 32])
2026-08-29 11:11:33.818 | DEBUG    | core:as_tensor:724 - Loaded cache for /proj_sw/user_dev/ctr-apbernal/tt-metal/model_cache/meta-llama/Llama-3.3-70B-Instruct/TG/tensor_cache_instruct_bfp8/layers.11.ffn_norm.weight_distributed_dtype_BFLOAT16_layout_ROW_MAJOR.tensorbin of shape Shape([1, 1, 64, 32])
 15%|█▌        | 12/80 [00:44<04:14,  3.74s/it]2026-08-29 11:11:34.186 | DEBUG    | core:as_tensor:724 - Loaded cache for /proj_sw/user_dev/ctr-apbernal/tt-metal/model_cache/meta-llama/Llama-3.3-70B-Instruct/TG/tensor_cache_instruct_bfp8/layers.12.attention.wqkv_sharded_2d_prefetcher_dtype_BFLOAT8_B_layout_TILE.tensorbin of shape Shape([1, 1, 2048, 1280])
2026-08-29 11:11:34.427 | DEBUG    | core:as_tensor:724 - Loaded cache for /proj_sw/user_dev/ctr-apbernal/tt-metal/model_cache/meta-llama/Llama-3.3-70B-Instruct/TG/tensor_cache_instruct_bfp8/layers.12.attention.wqkv_sharded_2d_dram_dtype_BFLOAT8_B_layout_TILE.tensorbin of shape Shape([1, 1, 2048, 1280])
2026-08-29 11:11:34.769 | DEBUG    | core:as_tensor:724 - Loaded cache for /proj_sw/user_dev/ctr-apbernal/tt-metal/model_cache/meta-llama/Llama-3.3-70B-Instruct/TG/tensor_cache_instruct_bfp8/layers.12.attention.wo_width_sharded_2d_prefetcher_dtype_BFLOAT8_B_layout_TILE.tensorbin of shape Shape([1, 1, 1024, 2048])
2026-08-29 11:11:35.038 | DEBUG    | core:as_tensor:724 - Loaded cache for /proj_sw/user_dev/ctr-apbernal/tt-metal/model_cache/meta-llama/Llama-3.3-70B-Instruct/TG/tensor_cache_instruct_bfp8/layers.12.attention.wo_width_sharded_2d_dram_dtype_BFLOAT8_B_layout_TILE.tensorbin of shape Shape([1, 1, 1024, 2048])
2026-08-29 11:11:35.211 | DEBUG    | core:as_tensor:724 - Loaded cache for /proj_sw/user_dev/ctr-apbernal/tt-metal/model_cache/meta-llama/Llama-3.3-70B-Instruct/TG/tensor_cache_instruct_bfp8/layers.12.attention.wo_col_sharded_dram_dtype_BFLOAT8_B_layout_TILE.tensorbin of shape Shape([1, 1, 8192, 2048])
2026-08-29 11:11:35.225 | DEBUG    | core:as_tensor:724 - Loaded cache for /proj_sw/user_dev/ctr-apbernal/tt-metal/model_cache/meta-llama/Llama-3.3-70B-Instruct/TG/tensor_cache_instruct_bfp8/kvcache_torch.Size([2048, 1, 64, 128])_dtype_BFLOAT8_B_layout_TILE.tensorbin of shape Shape([2048, 1, 64, 128])
2026-08-29 11:11:35.234 | DEBUG    | core:as_tensor:724 - Loaded cache for /proj_sw/user_dev/ctr-apbernal/tt-metal/model_cache/meta-llama/Llama-3.3-70B-Instruct/TG/tensor_cache_instruct_bfp8/kvcache_torch.Size([2048, 1, 64, 128])_dtype_BFLOAT8_B_layout_TILE.tensorbin of shape Shape([2048, 1, 64, 128])
2026-08-29 11:11:35.542 | DEBUG    | core:as_tensor:724 - Loaded cache for /proj_sw/user_dev/ctr-apbernal/tt-metal/model_cache/meta-llama/Llama-3.3-70B-Instruct/TG/tensor_cache_instruct_bfp8/layers.12.feed_forward.w1_shardedprefetcher_dtype_BFLOAT4_B_layout_TILE.tensorbin of shape Shape([1, 1, 2048, 3584])
2026-08-29 11:11:36.061 | DEBUG    | core:as_tensor:724 - Loaded cache for /proj_sw/user_dev/ctr-apbernal/tt-metal/model_cache/meta-llama/Llama-3.3-70B-Instruct/TG/tensor_cache_instruct_bfp8/layers.12.feed_forward.w2_shardedprefetcher_dtype_BFLOAT8_B_layout_TILE.tensorbin of shape Shape([1, 1, 3584, 2048])
2026-08-29 11:11:36.349 | DEBUG    | core:as_tensor:724 - Loaded cache for /proj_sw/user_dev/ctr-apbernal/tt-metal/model_cache/meta-llama/Llama-3.3-70B-Instruct/TG/tensor_cache_instruct_bfp8/layers.12.feed_forward.w3_shardedprefetcher_dtype_BFLOAT4_B_layout_TILE.tensorbin of shape Shape([1, 1, 2048, 3584])
2026-08-29 11:11:36.644 | DEBUG    | core:as_tensor:724 - Loaded cache for /proj_sw/user_dev/ctr-apbernal/tt-metal/model_cache/meta-llama/Llama-3.3-70B-Instruct/TG/tensor_cache_instruct_bfp8/layers.12.feed_forward.w1_interleavedprefetcher_dtype_BFLOAT4_B_layout_TILE.tensorbin of shape Shape([1, 1, 2048, 3584])
2026-08-29 11:11:37.169 | DEBUG    | core:as_tensor:724 - Loaded cache for /proj_sw/user_dev/ctr-apbernal/tt-metal/model_cache/meta-llama/Llama-3.3-70B-Instruct/TG/tensor_cache_instruct_bfp8/layers.12.feed_forward.w2_interleavedprefetcher_dtype_BFLOAT8_B_layout_TILE.tensorbin of shape Shape([1, 1, 3584, 2048])
2026-08-29 11:11:37.455 | DEBUG    | core:as_tensor:724 - Loaded cache for /proj_sw/user_dev/ctr-apbernal/tt-metal/model_cache/meta-llama/Llama-3.3-70B-Instruct/TG/tensor_cache_instruct_bfp8/layers.12.feed_forward.w3_interleavedprefetcher_dtype_BFLOAT4_B_layout_TILE.tensorbin of shape Shape([1, 1, 2048, 3584])
2026-08-29 11:11:37.458 | DEBUG    | core:as_tensor:724 - Loaded cache for /proj_sw/user_dev/ctr-apbernal/tt-metal/model_cache/meta-llama/Llama-3.3-70B-Instruct/TG/tensor_cache_instruct_bfp8/layers.12.attention_norm.weight_dtype_BFLOAT16_layout_ROW_MAJOR.tensorbin of shape Shape([1, 1, 256, 32])
2026-08-29 11:11:37.461 | DEBUG    | core:as_tensor:724 - Loaded cache for /proj_sw/user_dev/ctr-apbernal/tt-metal/model_cache/meta-llama/Llama-3.3-70B-Instruct/TG/tensor_cache_instruct_bfp8/layers.12.attention_norm.weight_distributed_dtype_BFLOAT16_layout_ROW_MAJOR.tensorbin of shape Shape([1, 1, 64, 32])
2026-08-29 11:11:37.464 | DEBUG    | core:as_tensor:724 - Loaded cache for /proj_sw/user_dev/ctr-apbernal/tt-metal/model_cache/meta-llama/Llama-3.3-70B-Instruct/TG/tensor_cache_instruct_bfp8/layers.12.ffn_norm.weight_dtype_BFLOAT16_layout_ROW_MAJOR.tensorbin of shape Shape([1, 1, 256, 32])
2026-08-29 11:11:37.467 | DEBUG    | core:as_tensor:724 - Loaded cache for /proj_sw/user_dev/ctr-apbernal/tt-metal/model_cache/meta-llama/Llama-3.3-70B-Instruct/TG/tensor_cache_instruct_bfp8/layers.12.ffn_norm.weight_distributed_dtype_BFLOAT16_layout_ROW_MAJOR.tensorbin of shape Shape([1, 1, 64, 32])
 16%|█▋        | 13/80 [00:48<04:08,  3.71s/it]2026-08-29 11:11:37.713 | DEBUG    | core:as_tensor:724 - Loaded cache for /proj_sw/user_dev/ctr-apbernal/tt-metal/model_cache/meta-llama/Llama-3.3-70B-Instruct/TG/tensor_cache_instruct_bfp8/layers.13.attention.wqkv_sharded_2d_prefetcher_dtype_BFLOAT8_B_layout_TILE.tensorbin of shape Shape([1, 1, 2048, 1280])
2026-08-29 11:11:37.903 | DEBUG    | core:as_tensor:724 - Loaded cache for /proj_sw/user_dev/ctr-apbernal/tt-metal/model_cache/meta-llama/Llama-3.3-70B-Instruct/TG/tensor_cache_instruct_bfp8/layers.13.attention.wqkv_sharded_2d_dram_dtype_BFLOAT8_B_layout_TILE.tensorbin of shape Shape([1, 1, 2048, 1280])
2026-08-29 11:11:38.132 | DEBUG    | core:as_tensor:724 - Loaded cache for /proj_sw/user_dev/ctr-apbernal/tt-metal/model_cache/meta-llama/Llama-3.3-70B-Instruct/TG/tensor_cache_instruct_bfp8/layers.13.attention.wo_width_sharded_2d_prefetcher_dtype_BFLOAT8_B_layout_TILE.tensorbin of shape Shape([1, 1, 1024, 2048])
2026-08-29 11:11:38.485 | DEBUG    | core:as_tensor:724 - Loaded cache for /proj_sw/user_dev/ctr-apbernal/tt-metal/model_cache/meta-llama/Llama-3.3-70B-Instruct/TG/tensor_cache_instruct_bfp8/layers.13.attention.wo_width_sharded_2d_dram_dtype_BFLOAT8_B_layout_TILE.tensorbin of shape Shape([1, 1, 1024, 2048])
2026-08-29 11:11:38.667 | DEBUG    | core:as_tensor:724 - Loaded cache for /proj_sw/user_dev/ctr-apbernal/tt-metal/model_cache/meta-llama/Llama-3.3-70B-Instruct/TG/tensor_cache_instruct_bfp8/layers.13.attention.wo_col_sharded_dram_dtype_BFLOAT8_B_layout_TILE.tensorbin of shape Shape([1, 1, 8192, 2048])
2026-08-29 11:11:38.682 | DEBUG    | core:as_tensor:724 - Loaded cache for /proj_sw/user_dev/ctr-apbernal/tt-metal/model_cache/meta-llama/Llama-3.3-70B-Instruct/TG/tensor_cache_instruct_bfp8/kvcache_torch.Size([2048, 1, 64, 128])_dtype_BFLOAT8_B_layout_TILE.tensorbin of shape Shape([2048, 1, 64, 128])
2026-08-29 11:11:38.691 | DEBUG    | core:as_tensor:724 - Loaded cache for /proj_sw/user_dev/ctr-apbernal/tt-metal/model_cache/meta-llama/Llama-3.3-70B-Instruct/TG/tensor_cache_instruct_bfp8/kvcache_torch.Size([2048, 1, 64, 128])_dtype_BFLOAT8_B_layout_TILE.tensorbin of shape Shape([2048, 1, 64, 128])
2026-08-29 11:11:39.017 | DEBUG    | core:as_tensor:724 - Loaded cache for /proj_sw/user_dev/ctr-apbernal/tt-metal/model_cache/meta-llama/Llama-3.3-70B-Instruct/TG/tensor_cache_instruct_bfp8/layers.13.feed_forward.w1_shardedprefetcher_dtype_BFLOAT4_B_layout_TILE.tensorbin of shape Shape([1, 1, 2048, 3584])
2026-08-29 11:11:39.547 | DEBUG    | core:as_tensor:724 - Loaded cache for /proj_sw/user_dev/ctr-apbernal/tt-metal/model_cache/meta-llama/Llama-3.3-70B-Instruct/TG/tensor_cache_instruct_bfp8/layers.13.feed_forward.w2_shardedprefetcher_dtype_BFLOAT8_B_layout_TILE.tensorbin of shape Shape([1, 1, 3584, 2048])
2026-08-29 11:11:39.842 | DEBUG    | core:as_tensor:724 - Loaded cache for /proj_sw/user_dev/ctr-apbernal/tt-metal/model_cache/meta-llama/Llama-3.3-70B-Instruct/TG/tensor_cache_instruct_bfp8/layers.13.feed_forward.w3_shardedprefetcher_dtype_BFLOAT4_B_layout_TILE.tensorbin of shape Shape([1, 1, 2048, 3584])
2026-08-29 11:11:40.131 | DEBUG    | core:as_tensor:724 - Loaded cache for /proj_sw/user_dev/ctr-apbernal/tt-metal/model_cache/meta-llama/Llama-3.3-70B-Instruct/TG/tensor_cache_instruct_bfp8/layers.13.feed_forward.w1_interleavedprefetcher_dtype_BFLOAT4_B_layout_TILE.tensorbin of shape Shape([1, 1, 2048, 3584])
2026-08-29 11:11:40.635 | DEBUG    | core:as_tensor:724 - Loaded cache for /proj_sw/user_dev/ctr-apbernal/tt-metal/model_cache/meta-llama/Llama-3.3-70B-Instruct/TG/tensor_cache_instruct_bfp8/layers.13.feed_forward.w2_interleavedprefetcher_dtype_BFLOAT8_B_layout_TILE.tensorbin of shape Shape([1, 1, 3584, 2048])
2026-08-29 11:11:40.949 | DEBUG    | core:as_tensor:724 - Loaded cache for /proj_sw/user_dev/ctr-apbernal/tt-metal/model_cache/meta-llama/Llama-3.3-70B-Instruct/TG/tensor_cache_instruct_bfp8/layers.13.feed_forward.w3_interleavedprefetcher_dtype_BFLOAT4_B_layout_TILE.tensorbin of shape Shape([1, 1, 2048, 3584])
2026-08-29 11:11:40.952 | DEBUG    | core:as_tensor:724 - Loaded cache for /proj_sw/user_dev/ctr-apbernal/tt-metal/model_cache/meta-llama/Llama-3.3-70B-Instruct/TG/tensor_cache_instruct_bfp8/layers.13.attention_norm.weight_dtype_BFLOAT16_layout_ROW_MAJOR.tensorbin of shape Shape([1, 1, 256, 32])
2026-08-29 11:11:40.955 | DEBUG    | core:as_tensor:724 - Loaded cache for /proj_sw/user_dev/ctr-apbernal/tt-metal/model_cache/meta-llama/Llama-3.3-70B-Instruct/TG/tensor_cache_instruct_bfp8/layers.13.attention_norm.weight_distributed_dtype_BFLOAT16_layout_ROW_MAJOR.tensorbin of shape Shape([1, 1, 64, 32])
2026-08-29 11:11:40.957 | DEBUG    | core:as_tensor:724 - Loaded cache for /proj_sw/user_dev/ctr-apbernal/tt-metal/model_cache/meta-llama/Llama-3.3-70B-Instruct/TG/tensor_cache_instruct_bfp8/layers.13.ffn_norm.weight_dtype_BFLOAT16_layout_ROW_MAJOR.tensorbin of shape Shape([1, 1, 256, 32])
2026-08-29 11:11:40.959 | DEBUG    | core:as_tensor:724 - Loaded cache for /proj_sw/user_dev/ctr-apbernal/tt-metal/model_cache/meta-llama/Llama-3.3-70B-Instruct/TG/tensor_cache_instruct_bfp8/layers.13.ffn_norm.weight_distributed_dtype_BFLOAT16_layout_ROW_MAJOR.tensorbin of shape Shape([1, 1, 64, 32])
 18%|█▊        | 14/80 [00:51<04:00,  3.65s/it]2026-08-29 11:11:41.185 | DEBUG    | core:as_tensor:724 - Loaded cache for /proj_sw/user_dev/ctr-apbernal/tt-metal/model_cache/meta-llama/Llama-3.3-70B-Instruct/TG/tensor_cache_instruct_bfp8/layers.14.attention.wqkv_sharded_2d_prefetcher_dtype_BFLOAT8_B_layout_TILE.tensorbin of shape Shape([1, 1, 2048, 1280])
2026-08-29 11:11:41.403 | DEBUG    | core:as_tensor:724 - Loaded cache for /proj_sw/user_dev/ctr-apbernal/tt-metal/model_cache/meta-llama/Llama-3.3-70B-Instruct/TG/tensor_cache_instruct_bfp8/layers.14.attention.wqkv_sharded_2d_dram_dtype_BFLOAT8_B_layout_TILE.tensorbin of shape Shape([1, 1, 2048, 1280])
2026-08-29 11:11:41.662 | DEBUG    | core:as_tensor:724 - Loaded cache for /proj_sw/user_dev/ctr-apbernal/tt-metal/model_cache/meta-llama/Llama-3.3-70B-Instruct/TG/tensor_cache_instruct_bfp8/layers.14.attention.wo_width_sharded_2d_prefetcher_dtype_BFLOAT8_B_layout_TILE.tensorbin of shape Shape([1, 1, 1024, 2048])
2026-08-29 11:11:41.935 | DEBUG    | core:as_tensor:724 - Loaded cache for /proj_sw/user_dev/ctr-apbernal/tt-metal/model_cache/meta-llama/Llama-3.3-70B-Instruct/TG/tensor_cache_instruct_bfp8/layers.14.attention.wo_width_sharded_2d_dram_dtype_BFLOAT8_B_layout_TILE.tensorbin of shape Shape([1, 1, 1024, 2048])
2026-08-29 11:11:42.111 | DEBUG    | core:as_tensor:724 - Loaded cache for /proj_sw/user_dev/ctr-apbernal/tt-metal/model_cache/meta-llama/Llama-3.3-70B-Instruct/TG/tensor_cache_instruct_bfp8/layers.14.attention.wo_col_sharded_dram_dtype_BFLOAT8_B_layout_TILE.tensorbin of shape Shape([1, 1, 8192, 2048])
2026-08-29 11:11:42.125 | DEBUG    | core:as_tensor:724 - Loaded cache for /proj_sw/user_dev/ctr-apbernal/tt-metal/model_cache/meta-llama/Llama-3.3-70B-Instruct/TG/tensor_cache_instruct_bfp8/kvcache_torch.Size([2048, 1, 64, 128])_dtype_BFLOAT8_B_layout_TILE.tensorbin of shape Shape([2048, 1, 64, 128])
2026-08-29 11:11:42.134 | DEBUG    | core:as_tensor:724 - Loaded cache for /proj_sw/user_dev/ctr-apbernal/tt-metal/model_cache/meta-llama/Llama-3.3-70B-Instruct/TG/tensor_cache_instruct_bfp8/kvcache_torch.Size([2048, 1, 64, 128])_dtype_BFLOAT8_B_layout_TILE.tensorbin of shape Shape([2048, 1, 64, 128])
2026-08-29 11:11:42.459 | DEBUG    | core:as_tensor:724 - Loaded cache for /proj_sw/user_dev/ctr-apbernal/tt-metal/model_cache/meta-llama/Llama-3.3-70B-Instruct/TG/tensor_cache_instruct_bfp8/layers.14.feed_forward.w1_shardedprefetcher_dtype_BFLOAT4_B_layout_TILE.tensorbin of shape Shape([1, 1, 2048, 3584])
2026-08-29 11:11:42.982 | DEBUG    | core:as_tensor:724 - Loaded cache for /proj_sw/user_dev/ctr-apbernal/tt-metal/model_cache/meta-llama/Llama-3.3-70B-Instruct/TG/tensor_cache_instruct_bfp8/layers.14.feed_forward.w2_shardedprefetcher_dtype_BFLOAT8_B_layout_TILE.tensorbin of shape Shape([1, 1, 3584, 2048])
2026-08-29 11:11:43.280 | DEBUG    | core:as_tensor:724 - Loaded cache for /proj_sw/user_dev/ctr-apbernal/tt-metal/model_cache/meta-llama/Llama-3.3-70B-Instruct/TG/tensor_cache_instruct_bfp8/layers.14.feed_forward.w3_shardedprefetcher_dtype_BFLOAT4_B_layout_TILE.tensorbin of shape Shape([1, 1, 2048, 3584])
2026-08-29 11:11:43.573 | DEBUG    | core:as_tensor:724 - Loaded cache for /proj_sw/user_dev/ctr-apbernal/tt-metal/model_cache/meta-llama/Llama-3.3-70B-Instruct/TG/tensor_cache_instruct_bfp8/layers.14.feed_forward.w1_interleavedprefetcher_dtype_BFLOAT4_B_layout_TILE.tensorbin of shape Shape([1, 1, 2048, 3584])
2026-08-29 11:11:44.085 | DEBUG    | core:as_tensor:724 - Loaded cache for /proj_sw/user_dev/ctr-apbernal/tt-metal/model_cache/meta-llama/Llama-3.3-70B-Instruct/TG/tensor_cache_instruct_bfp8/layers.14.feed_forward.w2_interleavedprefetcher_dtype_BFLOAT8_B_layout_TILE.tensorbin of shape Shape([1, 1, 3584, 2048])
2026-08-29 11:11:44.373 | DEBUG    | core:as_tensor:724 - Loaded cache for /proj_sw/user_dev/ctr-apbernal/tt-metal/model_cache/meta-llama/Llama-3.3-70B-Instruct/TG/tensor_cache_instruct_bfp8/layers.14.feed_forward.w3_interleavedprefetcher_dtype_BFLOAT4_B_layout_TILE.tensorbin of shape Shape([1, 1, 2048, 3584])
2026-08-29 11:11:44.376 | DEBUG    | core:as_tensor:724 - Loaded cache for /proj_sw/user_dev/ctr-apbernal/tt-metal/model_cache/meta-llama/Llama-3.3-70B-Instruct/TG/tensor_cache_instruct_bfp8/layers.14.attention_norm.weight_dtype_BFLOAT16_layout_ROW_MAJOR.tensorbin of shape Shape([1, 1, 256, 32])
2026-08-29 11:11:44.379 | DEBUG    | core:as_tensor:724 - Loaded cache for /proj_sw/user_dev/ctr-apbernal/tt-metal/model_cache/meta-llama/Llama-3.3-70B-Instruct/TG/tensor_cache_instruct_bfp8/layers.14.attention_norm.weight_distributed_dtype_BFLOAT16_layout_ROW_MAJOR.tensorbin of shape Shape([1, 1, 64, 32])
2026-08-29 11:11:44.382 | DEBUG    | core:as_tensor:724 - Loaded cache for /proj_sw/user_dev/ctr-apbernal/tt-metal/model_cache/meta-llama/Llama-3.3-70B-Instruct/TG/tensor_cache_instruct_bfp8/layers.14.ffn_norm.weight_dtype_BFLOAT16_layout_ROW_MAJOR.tensorbin of shape Shape([1, 1, 256, 32])
2026-08-29 11:11:44.384 | DEBUG    | core:as_tensor:724 - Loaded cache for /proj_sw/user_dev/ctr-apbernal/tt-metal/model_cache/meta-llama/Llama-3.3-70B-Instruct/TG/tensor_cache_instruct_bfp8/layers.14.ffn_norm.weight_distributed_dtype_BFLOAT16_layout_ROW_MAJOR.tensorbin of shape Shape([1, 1, 64, 32])
 19%|█▉        | 15/80 [00:54<03:52,  3.58s/it]2026-08-29 11:11:44.767 | DEBUG    | core:as_tensor:724 - Loaded cache for /proj_sw/user_dev/ctr-apbernal/tt-metal/model_cache/meta-llama/Llama-3.3-70B-Instruct/TG/tensor_cache_instruct_bfp8/layers.15.attention.wqkv_sharded_2d_prefetcher_dtype_BFLOAT8_B_layout_TILE.tensorbin of shape Shape([1, 1, 2048, 1280])
2026-08-29 11:11:45.062 | DEBUG    | core:as_tensor:724 - Loaded cache for /proj_sw/user_dev/ctr-apbernal/tt-metal/model_cache/meta-llama/Llama-3.3-70B-Instruct/TG/tensor_cache_instruct_bfp8/layers.15.attention.wqkv_sharded_2d_dram_dtype_BFLOAT8_B_layout_TILE.tensorbin of shape Shape([1, 1, 2048, 1280])
2026-08-29 11:11:45.410 | DEBUG    | core:as_tensor:724 - Loaded cache for /proj_sw/user_dev/ctr-apbernal/tt-metal/model_cache/meta-llama/Llama-3.3-70B-Instruct/TG/tensor_cache_instruct_bfp8/layers.15.attention.wo_width_sharded_2d_prefetcher_dtype_BFLOAT8_B_layout_TILE.tensorbin of shape Shape([1, 1, 1024, 2048])
2026-08-29 11:11:45.738 | DEBUG    | core:as_tensor:724 - Loaded cache for /proj_sw/user_dev/ctr-apbernal/tt-metal/model_cache/meta-llama/Llama-3.3-70B-Instruct/TG/tensor_cache_instruct_bfp8/layers.15.attention.wo_width_sharded_2d_dram_dtype_BFLOAT8_B_layout_TILE.tensorbin of shape Shape([1, 1, 1024, 2048])
2026-08-29 11:11:46.004 | DEBUG    | core:as_tensor:724 - Loaded cache for /proj_sw/user_dev/ctr-apbernal/tt-metal/model_cache/meta-llama/Llama-3.3-70B-Instruct/TG/tensor_cache_instruct_bfp8/layers.15.attention.wo_col_sharded_dram_dtype_BFLOAT8_B_layout_TILE.tensorbin of shape Shape([1, 1, 8192, 2048])
2026-08-29 11:11:46.018 | DEBUG    | core:as_tensor:724 - Loaded cache for /proj_sw/user_dev/ctr-apbernal/tt-metal/model_cache/meta-llama/Llama-3.3-70B-Instruct/TG/tensor_cache_instruct_bfp8/kvcache_torch.Size([2048, 1, 64, 128])_dtype_BFLOAT8_B_layout_TILE.tensorbin of shape Shape([2048, 1, 64, 128])
2026-08-29 11:11:46.026 | DEBUG    | core:as_tensor:724 - Loaded cache for /proj_sw/user_dev/ctr-apbernal/tt-metal/model_cache/meta-llama/Llama-3.3-70B-Instruct/TG/tensor_cache_instruct_bfp8/kvcache_torch.Size([2048, 1, 64, 128])_dtype_BFLOAT8_B_layout_TILE.tensorbin of shape Shape([2048, 1, 64, 128])
2026-08-29 11:11:46.327 | DEBUG    | core:as_tensor:724 - Loaded cache for /proj_sw/user_dev/ctr-apbernal/tt-metal/model_cache/meta-llama/Llama-3.3-70B-Instruct/TG/tensor_cache_instruct_bfp8/layers.15.feed_forward.w1_shardedprefetcher_dtype_BFLOAT4_B_layout_TILE.tensorbin of shape Shape([1, 1, 2048, 3584])
2026-08-29 11:11:46.849 | DEBUG    | core:as_tensor:724 - Loaded cache for /proj_sw/user_dev/ctr-apbernal/tt-metal/model_cache/meta-llama/Llama-3.3-70B-Instruct/TG/tensor_cache_instruct_bfp8/layers.15.feed_forward.w2_shardedprefetcher_dtype_BFLOAT8_B_layout_TILE.tensorbin of shape Shape([1, 1, 3584, 2048])
2026-08-29 11:11:47.228 | DEBUG    | core:as_tensor:724 - Loaded cache for /proj_sw/user_dev/ctr-apbernal/tt-metal/model_cache/meta-llama/Llama-3.3-70B-Instruct/TG/tensor_cache_instruct_bfp8/layers.15.feed_forward.w3_shardedprefetcher_dtype_BFLOAT4_B_layout_TILE.tensorbin of shape Shape([1, 1, 2048, 3584])
2026-08-29 11:11:47.499 | DEBUG    | core:as_tensor:724 - Loaded cache for /proj_sw/user_dev/ctr-apbernal/tt-metal/model_cache/meta-llama/Llama-3.3-70B-Instruct/TG/tensor_cache_instruct_bfp8/layers.15.feed_forward.w1_interleavedprefetcher_dtype_BFLOAT4_B_layout_TILE.tensorbin of shape Shape([1, 1, 2048, 3584])
2026-08-29 11:11:48.011 | DEBUG    | core:as_tensor:724 - Loaded cache for /proj_sw/user_dev/ctr-apbernal/tt-metal/model_cache/meta-llama/Llama-3.3-70B-Instruct/TG/tensor_cache_instruct_bfp8/layers.15.feed_forward.w2_interleavedprefetcher_dtype_BFLOAT8_B_layout_TILE.tensorbin of shape Shape([1, 1, 3584, 2048])
2026-08-29 11:11:48.300 | DEBUG    | core:as_tensor:724 - Loaded cache for /proj_sw/user_dev/ctr-apbernal/tt-metal/model_cache/meta-llama/Llama-3.3-70B-Instruct/TG/tensor_cache_instruct_bfp8/layers.15.feed_forward.w3_interleavedprefetcher_dtype_BFLOAT4_B_layout_TILE.tensorbin of shape Shape([1, 1, 2048, 3584])
2026-08-29 11:11:48.303 | DEBUG    | core:as_tensor:724 - Loaded cache for /proj_sw/user_dev/ctr-apbernal/tt-metal/model_cache/meta-llama/Llama-3.3-70B-Instruct/TG/tensor_cache_instruct_bfp8/layers.15.attention_norm.weight_dtype_BFLOAT16_layout_ROW_MAJOR.tensorbin of shape Shape([1, 1, 256, 32])
2026-08-29 11:11:48.306 | DEBUG    | core:as_tensor:724 - Loaded cache for /proj_sw/user_dev/ctr-apbernal/tt-metal/model_cache/meta-llama/Llama-3.3-70B-Instruct/TG/tensor_cache_instruct_bfp8/layers.15.attention_norm.weight_distributed_dtype_BFLOAT16_layout_ROW_MAJOR.tensorbin of shape Shape([1, 1, 64, 32])
2026-08-29 11:11:48.309 | DEBUG    | core:as_tensor:724 - Loaded cache for /proj_sw/user_dev/ctr-apbernal/tt-metal/model_cache/meta-llama/Llama-3.3-70B-Instruct/TG/tensor_cache_instruct_bfp8/layers.15.ffn_norm.weight_dtype_BFLOAT16_layout_ROW_MAJOR.tensorbin of shape Shape([1, 1, 256, 32])
2026-08-29 11:11:48.311 | DEBUG    | core:as_tensor:724 - Loaded cache for /proj_sw/user_dev/ctr-apbernal/tt-metal/model_cache/meta-llama/Llama-3.3-70B-Instruct/TG/tensor_cache_instruct_bfp8/layers.15.ffn_norm.weight_distributed_dtype_BFLOAT16_layout_ROW_MAJOR.tensorbin of shape Shape([1, 1, 64, 32])
 20%|██        | 16/80 [00:58<03:55,  3.68s/it]2026-08-29 11:11:48.628 | DEBUG    | core:as_tensor:724 - Loaded cache for /proj_sw/user_dev/ctr-apbernal/tt-metal/model_cache/meta-llama/Llama-3.3-70B-Instruct/TG/tensor_cache_instruct_bfp8/layers.16.attention.wqkv_sharded_2d_prefetcher_dtype_BFLOAT8_B_layout_TILE.tensorbin of shape Shape([1, 1, 2048, 1280])
2026-08-29 11:11:48.992 | DEBUG    | core:as_tensor:724 - Loaded cache for /proj_sw/user_dev/ctr-apbernal/tt-metal/model_cache/meta-llama/Llama-3.3-70B-Instruct/TG/tensor_cache_instruct_bfp8/layers.16.attention.wqkv_sharded_2d_dram_dtype_BFLOAT8_B_layout_TILE.tensorbin of shape Shape([1, 1, 2048, 1280])
2026-08-29 11:11:49.236 | DEBUG    | core:as_tensor:724 - Loaded cache for /proj_sw/user_dev/ctr-apbernal/tt-metal/model_cache/meta-llama/Llama-3.3-70B-Instruct/TG/tensor_cache_instruct_bfp8/layers.16.attention.wo_width_sharded_2d_prefetcher_dtype_BFLOAT8_B_layout_TILE.tensorbin of shape Shape([1, 1, 1024, 2048])
2026-08-29 11:11:49.479 | DEBUG    | core:as_tensor:724 - Loaded cache for /proj_sw/user_dev/ctr-apbernal/tt-metal/model_cache/meta-llama/Llama-3.3-70B-Instruct/TG/tensor_cache_instruct_bfp8/layers.16.attention.wo_width_sharded_2d_dram_dtype_BFLOAT8_B_layout_TILE.tensorbin of shape Shape([1, 1, 1024, 2048])
2026-08-29 11:11:49.700 | DEBUG    | core:as_tensor:724 - Loaded cache for /proj_sw/user_dev/ctr-apbernal/tt-metal/model_cache/meta-llama/Llama-3.3-70B-Instruct/TG/tensor_cache_instruct_bfp8/layers.16.attention.wo_col_sharded_dram_dtype_BFLOAT8_B_layout_TILE.tensorbin of shape Shape([1, 1, 8192, 2048])
2026-08-29 11:11:49.714 | DEBUG    | core:as_tensor:724 - Loaded cache for /proj_sw/user_dev/ctr-apbernal/tt-metal/model_cache/meta-llama/Llama-3.3-70B-Instruct/TG/tensor_cache_instruct_bfp8/kvcache_torch.Size([2048, 1, 64, 128])_dtype_BFLOAT8_B_layout_TILE.tensorbin of shape Shape([2048, 1, 64, 128])
2026-08-29 11:11:49.723 | DEBUG    | core:as_tensor:724 - Loaded cache for /proj_sw/user_dev/ctr-apbernal/tt-metal/model_cache/meta-llama/Llama-3.3-70B-Instruct/TG/tensor_cache_instruct_bfp8/kvcache_torch.Size([2048, 1, 64, 128])_dtype_BFLOAT8_B_layout_TILE.tensorbin of shape Shape([2048, 1, 64, 128])
2026-08-29 11:11:50.040 | DEBUG    | core:as_tensor:724 - Loaded cache for /proj_sw/user_dev/ctr-apbernal/tt-metal/model_cache/meta-llama/Llama-3.3-70B-Instruct/TG/tensor_cache_instruct_bfp8/layers.16.feed_forward.w1_shardedprefetcher_dtype_BFLOAT4_B_layout_TILE.tensorbin of shape Shape([1, 1, 2048, 3584])
2026-08-29 11:11:50.561 | DEBUG    | core:as_tensor:724 - Loaded cache for /proj_sw/user_dev/ctr-apbernal/tt-metal/model_cache/meta-llama/Llama-3.3-70B-Instruct/TG/tensor_cache_instruct_bfp8/layers.16.feed_forward.w2_shardedprefetcher_dtype_BFLOAT8_B_layout_TILE.tensorbin of shape Shape([1, 1, 3584, 2048])
2026-08-29 11:11:50.852 | DEBUG    | core:as_tensor:724 - Loaded cache for /proj_sw/user_dev/ctr-apbernal/tt-metal/model_cache/meta-llama/Llama-3.3-70B-Instruct/TG/tensor_cache_instruct_bfp8/layers.16.feed_forward.w3_shardedprefetcher_dtype_BFLOAT4_B_layout_TILE.tensorbin of shape Shape([1, 1, 2048, 3584])
2026-08-29 11:11:51.139 | DEBUG    | core:as_tensor:724 - Loaded cache for /proj_sw/user_dev/ctr-apbernal/tt-metal/model_cache/meta-llama/Llama-3.3-70B-Instruct/TG/tensor_cache_instruct_bfp8/layers.16.feed_forward.w1_interleavedprefetcher_dtype_BFLOAT4_B_layout_TILE.tensorbin of shape Shape([1, 1, 2048, 3584])
2026-08-29 11:11:51.647 | DEBUG    | core:as_tensor:724 - Loaded cache for /proj_sw/user_dev/ctr-apbernal/tt-metal/model_cache/meta-llama/Llama-3.3-70B-Instruct/TG/tensor_cache_instruct_bfp8/layers.16.feed_forward.w2_interleavedprefetcher_dtype_BFLOAT8_B_layout_TILE.tensorbin of shape Shape([1, 1, 3584, 2048])
2026-08-29 11:11:51.936 | DEBUG    | core:as_tensor:724 - Loaded cache for /proj_sw/user_dev/ctr-apbernal/tt-metal/model_cache/meta-llama/Llama-3.3-70B-Instruct/TG/tensor_cache_instruct_bfp8/layers.16.feed_forward.w3_interleavedprefetcher_dtype_BFLOAT4_B_layout_TILE.tensorbin of shape Shape([1, 1, 2048, 3584])
2026-08-29 11:11:51.939 | DEBUG    | core:as_tensor:724 - Loaded cache for /proj_sw/user_dev/ctr-apbernal/tt-metal/model_cache/meta-llama/Llama-3.3-70B-Instruct/TG/tensor_cache_instruct_bfp8/layers.16.attention_norm.weight_dtype_BFLOAT16_layout_ROW_MAJOR.tensorbin of shape Shape([1, 1, 256, 32])
2026-08-29 11:11:51.942 | DEBUG    | core:as_tensor:724 - Loaded cache for /proj_sw/user_dev/ctr-apbernal/tt-metal/model_cache/meta-llama/Llama-3.3-70B-Instruct/TG/tensor_cache_instruct_bfp8/layers.16.attention_norm.weight_distributed_dtype_BFLOAT16_layout_ROW_MAJOR.tensorbin of shape Shape([1, 1, 64, 32])
2026-08-29 11:11:51.944 | DEBUG    | core:as_tensor:724 - Loaded cache for /proj_sw/user_dev/ctr-apbernal/tt-metal/model_cache/meta-llama/Llama-3.3-70B-Instruct/TG/tensor_cache_instruct_bfp8/layers.16.ffn_norm.weight_dtype_BFLOAT16_layout_ROW_MAJOR.tensorbin of shape Shape([1, 1, 256, 32])
2026-08-29 11:11:51.947 | DEBUG    | core:as_tensor:724 - Loaded cache for /proj_sw/user_dev/ctr-apbernal/tt-metal/model_cache/meta-llama/Llama-3.3-70B-Instruct/TG/tensor_cache_instruct_bfp8/layers.16.ffn_norm.weight_distributed_dtype_BFLOAT16_layout_ROW_MAJOR.tensorbin of shape Shape([1, 1, 64, 32])
 21%|██▏       | 17/80 [01:02<03:51,  3.67s/it]2026-08-29 11:11:52.223 | DEBUG    | core:as_tensor:724 - Loaded cache for /proj_sw/user_dev/ctr-apbernal/tt-metal/model_cache/meta-llama/Llama-3.3-70B-Instruct/TG/tensor_cache_instruct_bfp8/layers.17.attention.wqkv_sharded_2d_prefetcher_dtype_BFLOAT8_B_layout_TILE.tensorbin of shape Shape([1, 1, 2048, 1280])
2026-08-29 11:11:52.563 | DEBUG    | core:as_tensor:724 - Loaded cache for /proj_sw/user_dev/ctr-apbernal/tt-metal/model_cache/meta-llama/Llama-3.3-70B-Instruct/TG/tensor_cache_instruct_bfp8/layers.17.attention.wqkv_sharded_2d_dram_dtype_BFLOAT8_B_layout_TILE.tensorbin of shape Shape([1, 1, 2048, 1280])
2026-08-29 11:11:52.892 | DEBUG    | core:as_tensor:724 - Loaded cache for /proj_sw/user_dev/ctr-apbernal/tt-metal/model_cache/meta-llama/Llama-3.3-70B-Instruct/TG/tensor_cache_instruct_bfp8/layers.17.attention.wo_width_sharded_2d_prefetcher_dtype_BFLOAT8_B_layout_TILE.tensorbin of shape Shape([1, 1, 1024, 2048])
2026-08-29 11:11:53.042 | DEBUG    | core:as_tensor:724 - Loaded cache for /proj_sw/user_dev/ctr-apbernal/tt-metal/model_cache/meta-llama/Llama-3.3-70B-Instruct/TG/tensor_cache_instruct_bfp8/layers.17.attention.wo_width_sharded_2d_dram_dtype_BFLOAT8_B_layout_TILE.tensorbin of shape Shape([1, 1, 1024, 2048])
2026-08-29 11:11:53.251 | DEBUG    | core:as_tensor:724 - Loaded cache for /proj_sw/user_dev/ctr-apbernal/tt-metal/model_cache/meta-llama/Llama-3.3-70B-Instruct/TG/tensor_cache_instruct_bfp8/layers.17.attention.wo_col_sharded_dram_dtype_BFLOAT8_B_layout_TILE.tensorbin of shape Shape([1, 1, 8192, 2048])
2026-08-29 11:11:53.265 | DEBUG    | core:as_tensor:724 - Loaded cache for /proj_sw/user_dev/ctr-apbernal/tt-metal/model_cache/meta-llama/Llama-3.3-70B-Instruct/TG/tensor_cache_instruct_bfp8/kvcache_torch.Size([2048, 1, 64, 128])_dtype_BFLOAT8_B_layout_TILE.tensorbin of shape Shape([2048, 1, 64, 128])
2026-08-29 11:11:53.273 | DEBUG    | core:as_tensor:724 - Loaded cache for /proj_sw/user_dev/ctr-apbernal/tt-metal/model_cache/meta-llama/Llama-3.3-70B-Instruct/TG/tensor_cache_instruct_bfp8/kvcache_torch.Size([2048, 1, 64, 128])_dtype_BFLOAT8_B_layout_TILE.tensorbin of shape Shape([2048, 1, 64, 128])
2026-08-29 11:11:53.623 | DEBUG    | core:as_tensor:724 - Loaded cache for /proj_sw/user_dev/ctr-apbernal/tt-metal/model_cache/meta-llama/Llama-3.3-70B-Instruct/TG/tensor_cache_instruct_bfp8/layers.17.feed_forward.w1_shardedprefetcher_dtype_BFLOAT4_B_layout_TILE.tensorbin of shape Shape([1, 1, 2048, 3584])
2026-08-29 11:11:54.130 | DEBUG    | core:as_tensor:724 - Loaded cache for /proj_sw/user_dev/ctr-apbernal/tt-metal/model_cache/meta-llama/Llama-3.3-70B-Instruct/TG/tensor_cache_instruct_bfp8/layers.17.feed_forward.w2_shardedprefetcher_dtype_BFLOAT8_B_layout_TILE.tensorbin of shape Shape([1, 1, 3584, 2048])
2026-08-29 11:11:54.418 | DEBUG    | core:as_tensor:724 - Loaded cache for /proj_sw/user_dev/ctr-apbernal/tt-metal/model_cache/meta-llama/Llama-3.3-70B-Instruct/TG/tensor_cache_instruct_bfp8/layers.17.feed_forward.w3_shardedprefetcher_dtype_BFLOAT4_B_layout_TILE.tensorbin of shape Shape([1, 1, 2048, 3584])
2026-08-29 11:11:54.698 | DEBUG    | core:as_tensor:724 - Loaded cache for /proj_sw/user_dev/ctr-apbernal/tt-metal/model_cache/meta-llama/Llama-3.3-70B-Instruct/TG/tensor_cache_instruct_bfp8/layers.17.feed_forward.w1_interleavedprefetcher_dtype_BFLOAT4_B_layout_TILE.tensorbin of shape Shape([1, 1, 2048, 3584])
2026-08-29 11:11:55.219 | DEBUG    | core:as_tensor:724 - Loaded cache for /proj_sw/user_dev/ctr-apbernal/tt-metal/model_cache/meta-llama/Llama-3.3-70B-Instruct/TG/tensor_cache_instruct_bfp8/layers.17.feed_forward.w2_interleavedprefetcher_dtype_BFLOAT8_B_layout_TILE.tensorbin of shape Shape([1, 1, 3584, 2048])
2026-08-29 11:11:55.504 | DEBUG    | core:as_tensor:724 - Loaded cache for /proj_sw/user_dev/ctr-apbernal/tt-metal/model_cache/meta-llama/Llama-3.3-70B-Instruct/TG/tensor_cache_instruct_bfp8/layers.17.feed_forward.w3_interleavedprefetcher_dtype_BFLOAT4_B_layout_TILE.tensorbin of shape Shape([1, 1, 2048, 3584])
2026-08-29 11:11:55.509 | DEBUG    | core:as_tensor:724 - Loaded cache for /proj_sw/user_dev/ctr-apbernal/tt-metal/model_cache/meta-llama/Llama-3.3-70B-Instruct/TG/tensor_cache_instruct_bfp8/layers.17.attention_norm.weight_dtype_BFLOAT16_layout_ROW_MAJOR.tensorbin of shape Shape([1, 1, 256, 32])
2026-08-29 11:11:55.513 | DEBUG    | core:as_tensor:724 - Loaded cache for /proj_sw/user_dev/ctr-apbernal/tt-metal/model_cache/meta-llama/Llama-3.3-70B-Instruct/TG/tensor_cache_instruct_bfp8/layers.17.attention_norm.weight_distributed_dtype_BFLOAT16_layout_ROW_MAJOR.tensorbin of shape Shape([1, 1, 64, 32])
2026-08-29 11:11:55.515 | DEBUG    | core:as_tensor:724 - Loaded cache for /proj_sw/user_dev/ctr-apbernal/tt-metal/model_cache/meta-llama/Llama-3.3-70B-Instruct/TG/tensor_cache_instruct_bfp8/layers.17.ffn_norm.weight_dtype_BFLOAT16_layout_ROW_MAJOR.tensorbin of shape Shape([1, 1, 256, 32])
2026-08-29 11:11:55.518 | DEBUG    | core:as_tensor:724 - Loaded cache for /proj_sw/user_dev/ctr-apbernal/tt-metal/model_cache/meta-llama/Llama-3.3-70B-Instruct/TG/tensor_cache_instruct_bfp8/layers.17.ffn_norm.weight_distributed_dtype_BFLOAT16_layout_ROW_MAJOR.tensorbin of shape Shape([1, 1, 64, 32])
 22%|██▎       | 18/80 [01:06<03:45,  3.64s/it]2026-08-29 11:11:55.918 | DEBUG    | core:as_tensor:724 - Loaded cache for /proj_sw/user_dev/ctr-apbernal/tt-metal/model_cache/meta-llama/Llama-3.3-70B-Instruct/TG/tensor_cache_instruct_bfp8/layers.18.attention.wqkv_sharded_2d_prefetcher_dtype_BFLOAT8_B_layout_TILE.tensorbin of shape Shape([1, 1, 2048, 1280])
2026-08-29 11:11:56.133 | DEBUG    | core:as_tensor:724 - Loaded cache for /proj_sw/user_dev/ctr-apbernal/tt-metal/model_cache/meta-llama/Llama-3.3-70B-Instruct/TG/tensor_cache_instruct_bfp8/layers.18.attention.wqkv_sharded_2d_dram_dtype_BFLOAT8_B_layout_TILE.tensorbin of shape Shape([1, 1, 2048, 1280])
2026-08-29 11:11:56.475 | DEBUG    | core:as_tensor:724 - Loaded cache for /proj_sw/user_dev/ctr-apbernal/tt-metal/model_cache/meta-llama/Llama-3.3-70B-Instruct/TG/tensor_cache_instruct_bfp8/layers.18.attention.wo_width_sharded_2d_prefetcher_dtype_BFLOAT8_B_layout_TILE.tensorbin of shape Shape([1, 1, 1024, 2048])
2026-08-29 11:11:56.751 | DEBUG    | core:as_tensor:724 - Loaded cache for /proj_sw/user_dev/ctr-apbernal/tt-metal/model_cache/meta-llama/Llama-3.3-70B-Instruct/TG/tensor_cache_instruct_bfp8/layers.18.attention.wo_width_sharded_2d_dram_dtype_BFLOAT8_B_layout_TILE.tensorbin of shape Shape([1, 1, 1024, 2048])
2026-08-29 11:11:56.996 | DEBUG    | core:as_tensor:724 - Loaded cache for /proj_sw/user_dev/ctr-apbernal/tt-metal/model_cache/meta-llama/Llama-3.3-70B-Instruct/TG/tensor_cache_instruct_bfp8/layers.18.attention.wo_col_sharded_dram_dtype_BFLOAT8_B_layout_TILE.tensorbin of shape Shape([1, 1, 8192, 2048])
2026-08-29 11:11:57.010 | DEBUG    | core:as_tensor:724 - Loaded cache for /proj_sw/user_dev/ctr-apbernal/tt-metal/model_cache/meta-llama/Llama-3.3-70B-Instruct/TG/tensor_cache_instruct_bfp8/kvcache_torch.Size([2048, 1, 64, 128])_dtype_BFLOAT8_B_layout_TILE.tensorbin of shape Shape([2048, 1, 64, 128])
2026-08-29 11:11:57.018 | DEBUG    | core:as_tensor:724 - Loaded cache for /proj_sw/user_dev/ctr-apbernal/tt-metal/model_cache/meta-llama/Llama-3.3-70B-Instruct/TG/tensor_cache_instruct_bfp8/kvcache_torch.Size([2048, 1, 64, 128])_dtype_BFLOAT8_B_layout_TILE.tensorbin of shape Shape([2048, 1, 64, 128])
2026-08-29 11:11:57.333 | DEBUG    | core:as_tensor:724 - Loaded cache for /proj_sw/user_dev/ctr-apbernal/tt-metal/model_cache/meta-llama/Llama-3.3-70B-Instruct/TG/tensor_cache_instruct_bfp8/layers.18.feed_forward.w1_shardedprefetcher_dtype_BFLOAT4_B_layout_TILE.tensorbin of shape Shape([1, 1, 2048, 3584])
2026-08-29 11:11:57.853 | DEBUG    | core:as_tensor:724 - Loaded cache for /proj_sw/user_dev/ctr-apbernal/tt-metal/model_cache/meta-llama/Llama-3.3-70B-Instruct/TG/tensor_cache_instruct_bfp8/layers.18.feed_forward.w2_shardedprefetcher_dtype_BFLOAT8_B_layout_TILE.tensorbin of shape Shape([1, 1, 3584, 2048])
2026-08-29 11:11:58.175 | DEBUG    | core:as_tensor:724 - Loaded cache for /proj_sw/user_dev/ctr-apbernal/tt-metal/model_cache/meta-llama/Llama-3.3-70B-Instruct/TG/tensor_cache_instruct_bfp8/layers.18.feed_forward.w3_shardedprefetcher_dtype_BFLOAT4_B_layout_TILE.tensorbin of shape Shape([1, 1, 2048, 3584])
2026-08-29 11:11:58.469 | DEBUG    | core:as_tensor:724 - Loaded cache for /proj_sw/user_dev/ctr-apbernal/tt-metal/model_cache/meta-llama/Llama-3.3-70B-Instruct/TG/tensor_cache_instruct_bfp8/layers.18.feed_forward.w1_interleavedprefetcher_dtype_BFLOAT4_B_layout_TILE.tensorbin of shape Shape([1, 1, 2048, 3584])
2026-08-29 11:11:58.984 | DEBUG    | core:as_tensor:724 - Loaded cache for /proj_sw/user_dev/ctr-apbernal/tt-metal/model_cache/meta-llama/Llama-3.3-70B-Instruct/TG/tensor_cache_instruct_bfp8/layers.18.feed_forward.w2_interleavedprefetcher_dtype_BFLOAT8_B_layout_TILE.tensorbin of shape Shape([1, 1, 3584, 2048])
2026-08-29 11:11:59.276 | DEBUG    | core:as_tensor:724 - Loaded cache for /proj_sw/user_dev/ctr-apbernal/tt-metal/model_cache/meta-llama/Llama-3.3-70B-Instruct/TG/tensor_cache_instruct_bfp8/layers.18.feed_forward.w3_interleavedprefetcher_dtype_BFLOAT4_B_layout_TILE.tensorbin of shape Shape([1, 1, 2048, 3584])
2026-08-29 11:11:59.279 | DEBUG    | core:as_tensor:724 - Loaded cache for /proj_sw/user_dev/ctr-apbernal/tt-metal/model_cache/meta-llama/Llama-3.3-70B-Instruct/TG/tensor_cache_instruct_bfp8/layers.18.attention_norm.weight_dtype_BFLOAT16_layout_ROW_MAJOR.tensorbin of shape Shape([1, 1, 256, 32])
2026-08-29 11:11:59.282 | DEBUG    | core:as_tensor:724 - Loaded cache for /proj_sw/user_dev/ctr-apbernal/tt-metal/model_cache/meta-llama/Llama-3.3-70B-Instruct/TG/tensor_cache_instruct_bfp8/layers.18.attention_norm.weight_distributed_dtype_BFLOAT16_layout_ROW_MAJOR.tensorbin of shape Shape([1, 1, 64, 32])
2026-08-29 11:11:59.284 | DEBUG    | core:as_tensor:724 - Loaded cache for /proj_sw/user_dev/ctr-apbernal/tt-metal/model_cache/meta-llama/Llama-3.3-70B-Instruct/TG/tensor_cache_instruct_bfp8/layers.18.ffn_norm.weight_dtype_BFLOAT16_layout_ROW_MAJOR.tensorbin of shape Shape([1, 1, 256, 32])
2026-08-29 11:11:59.287 | DEBUG    | core:as_tensor:724 - Loaded cache for /proj_sw/user_dev/ctr-apbernal/tt-metal/model_cache/meta-llama/Llama-3.3-70B-Instruct/TG/tensor_cache_instruct_bfp8/layers.18.ffn_norm.weight_distributed_dtype_BFLOAT16_layout_ROW_MAJOR.tensorbin of shape Shape([1, 1, 64, 32])
 24%|██▍       | 19/80 [01:09<03:44,  3.68s/it]2026-08-29 11:11:59.500 | DEBUG    | core:as_tensor:724 - Loaded cache for /proj_sw/user_dev/ctr-apbernal/tt-metal/model_cache/meta-llama/Llama-3.3-70B-Instruct/TG/tensor_cache_instruct_bfp8/layers.19.attention.wqkv_sharded_2d_prefetcher_dtype_BFLOAT8_B_layout_TILE.tensorbin of shape Shape([1, 1, 2048, 1280])
2026-08-29 11:11:59.705 | DEBUG    | core:as_tensor:724 - Loaded cache for /proj_sw/user_dev/ctr-apbernal/tt-metal/model_cache/meta-llama/Llama-3.3-70B-Instruct/TG/tensor_cache_instruct_bfp8/layers.19.attention.wqkv_sharded_2d_dram_dtype_BFLOAT8_B_layout_TILE.tensorbin of shape Shape([1, 1, 2048, 1280])
2026-08-29 11:11:59.938 | DEBUG    | core:as_tensor:724 - Loaded cache for /proj_sw/user_dev/ctr-apbernal/tt-metal/model_cache/meta-llama/Llama-3.3-70B-Instruct/TG/tensor_cache_instruct_bfp8/layers.19.attention.wo_width_sharded_2d_prefetcher_dtype_BFLOAT8_B_layout_TILE.tensorbin of shape Shape([1, 1, 1024, 2048])
2026-08-29 11:12:00.277 | DEBUG    | core:as_tensor:724 - Loaded cache for /proj_sw/user_dev/ctr-apbernal/tt-metal/model_cache/meta-llama/Llama-3.3-70B-Instruct/TG/tensor_cache_instruct_bfp8/layers.19.attention.wo_width_sharded_2d_dram_dtype_BFLOAT8_B_layout_TILE.tensorbin of shape Shape([1, 1, 1024, 2048])
2026-08-29 11:12:00.525 | DEBUG    | core:as_tensor:724 - Loaded cache for /proj_sw/user_dev/ctr-apbernal/tt-metal/model_cache/meta-llama/Llama-3.3-70B-Instruct/TG/tensor_cache_instruct_bfp8/layers.19.attention.wo_col_sharded_dram_dtype_BFLOAT8_B_layout_TILE.tensorbin of shape Shape([1, 1, 8192, 2048])
2026-08-29 11:12:00.539 | DEBUG    | core:as_tensor:724 - Loaded cache for /proj_sw/user_dev/ctr-apbernal/tt-metal/model_cache/meta-llama/Llama-3.3-70B-Instruct/TG/tensor_cache_instruct_bfp8/kvcache_torch.Size([2048, 1, 64, 128])_dtype_BFLOAT8_B_layout_TILE.tensorbin of shape Shape([2048, 1, 64, 128])
2026-08-29 11:12:00.548 | DEBUG    | core:as_tensor:724 - Loaded cache for /proj_sw/user_dev/ctr-apbernal/tt-metal/model_cache/meta-llama/Llama-3.3-70B-Instruct/TG/tensor_cache_instruct_bfp8/kvcache_torch.Size([2048, 1, 64, 128])_dtype_BFLOAT8_B_layout_TILE.tensorbin of shape Shape([2048, 1, 64, 128])
2026-08-29 11:12:00.848 | DEBUG    | core:as_tensor:724 - Loaded cache for /proj_sw/user_dev/ctr-apbernal/tt-metal/model_cache/meta-llama/Llama-3.3-70B-Instruct/TG/tensor_cache_instruct_bfp8/layers.19.feed_forward.w1_shardedprefetcher_dtype_BFLOAT4_B_layout_TILE.tensorbin of shape Shape([1, 1, 2048, 3584])
2026-08-29 11:12:01.367 | DEBUG    | core:as_tensor:724 - Loaded cache for /proj_sw/user_dev/ctr-apbernal/tt-metal/model_cache/meta-llama/Llama-3.3-70B-Instruct/TG/tensor_cache_instruct_bfp8/layers.19.feed_forward.w2_shardedprefetcher_dtype_BFLOAT8_B_layout_TILE.tensorbin of shape Shape([1, 1, 3584, 2048])
2026-08-29 11:12:01.661 | DEBUG    | core:as_tensor:724 - Loaded cache for /proj_sw/user_dev/ctr-apbernal/tt-metal/model_cache/meta-llama/Llama-3.3-70B-Instruct/TG/tensor_cache_instruct_bfp8/layers.19.feed_forward.w3_shardedprefetcher_dtype_BFLOAT4_B_layout_TILE.tensorbin of shape Shape([1, 1, 2048, 3584])
2026-08-29 11:12:01.941 | DEBUG    | core:as_tensor:724 - Loaded cache for /proj_sw/user_dev/ctr-apbernal/tt-metal/model_cache/meta-llama/Llama-3.3-70B-Instruct/TG/tensor_cache_instruct_bfp8/layers.19.feed_forward.w1_interleavedprefetcher_dtype_BFLOAT4_B_layout_TILE.tensorbin of shape Shape([1, 1, 2048, 3584])
2026-08-29 11:12:02.457 | DEBUG    | core:as_tensor:724 - Loaded cache for /proj_sw/user_dev/ctr-apbernal/tt-metal/model_cache/meta-llama/Llama-3.3-70B-Instruct/TG/tensor_cache_instruct_bfp8/layers.19.feed_forward.w2_interleavedprefetcher_dtype_BFLOAT8_B_layout_TILE.tensorbin of shape Shape([1, 1, 3584, 2048])
2026-08-29 11:12:02.755 | DEBUG    | core:as_tensor:724 - Loaded cache for /proj_sw/user_dev/ctr-apbernal/tt-metal/model_cache/meta-llama/Llama-3.3-70B-Instruct/TG/tensor_cache_instruct_bfp8/layers.19.feed_forward.w3_interleavedprefetcher_dtype_BFLOAT4_B_layout_TILE.tensorbin of shape Shape([1, 1, 2048, 3584])
2026-08-29 11:12:02.759 | DEBUG    | core:as_tensor:724 - Loaded cache for /proj_sw/user_dev/ctr-apbernal/tt-metal/model_cache/meta-llama/Llama-3.3-70B-Instruct/TG/tensor_cache_instruct_bfp8/layers.19.attention_norm.weight_dtype_BFLOAT16_layout_ROW_MAJOR.tensorbin of shape Shape([1, 1, 256, 32])
2026-08-29 11:12:02.761 | DEBUG    | core:as_tensor:724 - Loaded cache for /proj_sw/user_dev/ctr-apbernal/tt-metal/model_cache/meta-llama/Llama-3.3-70B-Instruct/TG/tensor_cache_instruct_bfp8/layers.19.attention_norm.weight_distributed_dtype_BFLOAT16_layout_ROW_MAJOR.tensorbin of shape Shape([1, 1, 64, 32])
2026-08-29 11:12:02.764 | DEBUG    | core:as_tensor:724 - Loaded cache for /proj_sw/user_dev/ctr-apbernal/tt-metal/model_cache/meta-llama/Llama-3.3-70B-Instruct/TG/tensor_cache_instruct_bfp8/layers.19.ffn_norm.weight_dtype_BFLOAT16_layout_ROW_MAJOR.tensorbin of shape Shape([1, 1, 256, 32])
2026-08-29 11:12:02.766 | DEBUG    | core:as_tensor:724 - Loaded cache for /proj_sw/user_dev/ctr-apbernal/tt-metal/model_cache/meta-llama/Llama-3.3-70B-Instruct/TG/tensor_cache_instruct_bfp8/layers.19.ffn_norm.weight_distributed_dtype_BFLOAT16_layout_ROW_MAJOR.tensorbin of shape Shape([1, 1, 64, 32])
 25%|██▌       | 20/80 [01:13<03:37,  3.62s/it]2026-08-29 11:12:03.036 | DEBUG    | core:as_tensor:724 - Loaded cache for /proj_sw/user_dev/ctr-apbernal/tt-metal/model_cache/meta-llama/Llama-3.3-70B-Instruct/TG/tensor_cache_instruct_bfp8/layers.20.attention.wqkv_sharded_2d_prefetcher_dtype_BFLOAT8_B_layout_TILE.tensorbin of shape Shape([1, 1, 2048, 1280])
2026-08-29 11:12:03.262 | DEBUG    | core:as_tensor:724 - Loaded cache for /proj_sw/user_dev/ctr-apbernal/tt-metal/model_cache/meta-llama/Llama-3.3-70B-Instruct/TG/tensor_cache_instruct_bfp8/layers.20.attention.wqkv_sharded_2d_dram_dtype_BFLOAT8_B_layout_TILE.tensorbin of shape Shape([1, 1, 2048, 1280])
2026-08-29 11:12:03.624 | DEBUG    | core:as_tensor:724 - Loaded cache for /proj_sw/user_dev/ctr-apbernal/tt-metal/model_cache/meta-llama/Llama-3.3-70B-Instruct/TG/tensor_cache_instruct_bfp8/layers.20.attention.wo_width_sharded_2d_prefetcher_dtype_BFLOAT8_B_layout_TILE.tensorbin of shape Shape([1, 1, 1024, 2048])
2026-08-29 11:12:03.938 | DEBUG    | core:as_tensor:724 - Loaded cache for /proj_sw/user_dev/ctr-apbernal/tt-metal/model_cache/meta-llama/Llama-3.3-70B-Instruct/TG/tensor_cache_instruct_bfp8/layers.20.attention.wo_width_sharded_2d_dram_dtype_BFLOAT8_B_layout_TILE.tensorbin of shape Shape([1, 1, 1024, 2048])
2026-08-29 11:12:04.185 | DEBUG    | core:as_tensor:724 - Loaded cache for /proj_sw/user_dev/ctr-apbernal/tt-metal/model_cache/meta-llama/Llama-3.3-70B-Instruct/TG/tensor_cache_instruct_bfp8/layers.20.attention.wo_col_sharded_dram_dtype_BFLOAT8_B_layout_TILE.tensorbin of shape Shape([1, 1, 8192, 2048])
2026-08-29 11:12:04.200 | DEBUG    | core:as_tensor:724 - Loaded cache for /proj_sw/user_dev/ctr-apbernal/tt-metal/model_cache/meta-llama/Llama-3.3-70B-Instruct/TG/tensor_cache_instruct_bfp8/kvcache_torch.Size([2048, 1, 64, 128])_dtype_BFLOAT8_B_layout_TILE.tensorbin of shape Shape([2048, 1, 64, 128])
2026-08-29 11:12:04.208 | DEBUG    | core:as_tensor:724 - Loaded cache for /proj_sw/user_dev/ctr-apbernal/tt-metal/model_cache/meta-llama/Llama-3.3-70B-Instruct/TG/tensor_cache_instruct_bfp8/kvcache_torch.Size([2048, 1, 64, 128])_dtype_BFLOAT8_B_layout_TILE.tensorbin of shape Shape([2048, 1, 64, 128])
2026-08-29 11:12:04.518 | DEBUG    | core:as_tensor:724 - Loaded cache for /proj_sw/user_dev/ctr-apbernal/tt-metal/model_cache/meta-llama/Llama-3.3-70B-Instruct/TG/tensor_cache_instruct_bfp8/layers.20.feed_forward.w1_shardedprefetcher_dtype_BFLOAT4_B_layout_TILE.tensorbin of shape Shape([1, 1, 2048, 3584])
2026-08-29 11:12:05.026 | DEBUG    | core:as_tensor:724 - Loaded cache for /proj_sw/user_dev/ctr-apbernal/tt-metal/model_cache/meta-llama/Llama-3.3-70B-Instruct/TG/tensor_cache_instruct_bfp8/layers.20.feed_forward.w2_shardedprefetcher_dtype_BFLOAT8_B_layout_TILE.tensorbin of shape Shape([1, 1, 3584, 2048])
2026-08-29 11:12:05.315 | DEBUG    | core:as_tensor:724 - Loaded cache for /proj_sw/user_dev/ctr-apbernal/tt-metal/model_cache/meta-llama/Llama-3.3-70B-Instruct/TG/tensor_cache_instruct_bfp8/layers.20.feed_forward.w3_shardedprefetcher_dtype_BFLOAT4_B_layout_TILE.tensorbin of shape Shape([1, 1, 2048, 3584])
2026-08-29 11:12:05.602 | DEBUG    | core:as_tensor:724 - Loaded cache for /proj_sw/user_dev/ctr-apbernal/tt-metal/model_cache/meta-llama/Llama-3.3-70B-Instruct/TG/tensor_cache_instruct_bfp8/layers.20.feed_forward.w1_interleavedprefetcher_dtype_BFLOAT4_B_layout_TILE.tensorbin of shape Shape([1, 1, 2048, 3584])
2026-08-29 11:12:06.115 | DEBUG    | core:as_tensor:724 - Loaded cache for /proj_sw/user_dev/ctr-apbernal/tt-metal/model_cache/meta-llama/Llama-3.3-70B-Instruct/TG/tensor_cache_instruct_bfp8/layers.20.feed_forward.w2_interleavedprefetcher_dtype_BFLOAT8_B_layout_TILE.tensorbin of shape Shape([1, 1, 3584, 2048])
2026-08-29 11:12:06.406 | DEBUG    | core:as_tensor:724 - Loaded cache for /proj_sw/user_dev/ctr-apbernal/tt-metal/model_cache/meta-llama/Llama-3.3-70B-Instruct/TG/tensor_cache_instruct_bfp8/layers.20.feed_forward.w3_interleavedprefetcher_dtype_BFLOAT4_B_layout_TILE.tensorbin of shape Shape([1, 1, 2048, 3584])
2026-08-29 11:12:06.409 | DEBUG    | core:as_tensor:724 - Loaded cache for /proj_sw/user_dev/ctr-apbernal/tt-metal/model_cache/meta-llama/Llama-3.3-70B-Instruct/TG/tensor_cache_instruct_bfp8/layers.20.attention_norm.weight_dtype_BFLOAT16_layout_ROW_MAJOR.tensorbin of shape Shape([1, 1, 256, 32])
2026-08-29 11:12:06.412 | DEBUG    | core:as_tensor:724 - Loaded cache for /proj_sw/user_dev/ctr-apbernal/tt-metal/model_cache/meta-llama/Llama-3.3-70B-Instruct/TG/tensor_cache_instruct_bfp8/layers.20.attention_norm.weight_distributed_dtype_BFLOAT16_layout_ROW_MAJOR.tensorbin of shape Shape([1, 1, 64, 32])
2026-08-29 11:12:06.414 | DEBUG    | core:as_tensor:724 - Loaded cache for /proj_sw/user_dev/ctr-apbernal/tt-metal/model_cache/meta-llama/Llama-3.3-70B-Instruct/TG/tensor_cache_instruct_bfp8/layers.20.ffn_norm.weight_dtype_BFLOAT16_layout_ROW_MAJOR.tensorbin of shape Shape([1, 1, 256, 32])
2026-08-29 11:12:06.416 | DEBUG    | core:as_tensor:724 - Loaded cache for /proj_sw/user_dev/ctr-apbernal/tt-metal/model_cache/meta-llama/Llama-3.3-70B-Instruct/TG/tensor_cache_instruct_bfp8/layers.20.ffn_norm.weight_distributed_dtype_BFLOAT16_layout_ROW_MAJOR.tensorbin of shape Shape([1, 1, 64, 32])
 26%|██▋       | 21/80 [01:16<03:34,  3.63s/it]2026-08-29 11:12:06.687 | DEBUG    | core:as_tensor:724 - Loaded cache for /proj_sw/user_dev/ctr-apbernal/tt-metal/model_cache/meta-llama/Llama-3.3-70B-Instruct/TG/tensor_cache_instruct_bfp8/layers.21.attention.wqkv_sharded_2d_prefetcher_dtype_BFLOAT8_B_layout_TILE.tensorbin of shape Shape([1, 1, 2048, 1280])
2026-08-29 11:12:06.872 | DEBUG    | core:as_tensor:724 - Loaded cache for /proj_sw/user_dev/ctr-apbernal/tt-metal/model_cache/meta-llama/Llama-3.3-70B-Instruct/TG/tensor_cache_instruct_bfp8/layers.21.attention.wqkv_sharded_2d_dram_dtype_BFLOAT8_B_layout_TILE.tensorbin of shape Shape([1, 1, 2048, 1280])
2026-08-29 11:12:07.124 | DEBUG    | core:as_tensor:724 - Loaded cache for /proj_sw/user_dev/ctr-apbernal/tt-metal/model_cache/meta-llama/Llama-3.3-70B-Instruct/TG/tensor_cache_instruct_bfp8/layers.21.attention.wo_width_sharded_2d_prefetcher_dtype_BFLOAT8_B_layout_TILE.tensorbin of shape Shape([1, 1, 1024, 2048])
2026-08-29 11:12:07.467 | DEBUG    | core:as_tensor:724 - Loaded cache for /proj_sw/user_dev/ctr-apbernal/tt-metal/model_cache/meta-llama/Llama-3.3-70B-Instruct/TG/tensor_cache_instruct_bfp8/layers.21.attention.wo_width_sharded_2d_dram_dtype_BFLOAT8_B_layout_TILE.tensorbin of shape Shape([1, 1, 1024, 2048])
2026-08-29 11:12:07.705 | DEBUG    | core:as_tensor:724 - Loaded cache for /proj_sw/user_dev/ctr-apbernal/tt-metal/model_cache/meta-llama/Llama-3.3-70B-Instruct/TG/tensor_cache_instruct_bfp8/layers.21.attention.wo_col_sharded_dram_dtype_BFLOAT8_B_layout_TILE.tensorbin of shape Shape([1, 1, 8192, 2048])
2026-08-29 11:12:07.720 | DEBUG    | core:as_tensor:724 - Loaded cache for /proj_sw/user_dev/ctr-apbernal/tt-metal/model_cache/meta-llama/Llama-3.3-70B-Instruct/TG/tensor_cache_instruct_bfp8/kvcache_torch.Size([2048, 1, 64, 128])_dtype_BFLOAT8_B_layout_TILE.tensorbin of shape Shape([2048, 1, 64, 128])
2026-08-29 11:12:07.728 | DEBUG    | core:as_tensor:724 - Loaded cache for /proj_sw/user_dev/ctr-apbernal/tt-metal/model_cache/meta-llama/Llama-3.3-70B-Instruct/TG/tensor_cache_instruct_bfp8/kvcache_torch.Size([2048, 1, 64, 128])_dtype_BFLOAT8_B_layout_TILE.tensorbin of shape Shape([2048, 1, 64, 128])
2026-08-29 11:12:08.040 | DEBUG    | core:as_tensor:724 - Loaded cache for /proj_sw/user_dev/ctr-apbernal/tt-metal/model_cache/meta-llama/Llama-3.3-70B-Instruct/TG/tensor_cache_instruct_bfp8/layers.21.feed_forward.w1_shardedprefetcher_dtype_BFLOAT4_B_layout_TILE.tensorbin of shape Shape([1, 1, 2048, 3584])
2026-08-29 11:12:08.558 | DEBUG    | core:as_tensor:724 - Loaded cache for /proj_sw/user_dev/ctr-apbernal/tt-metal/model_cache/meta-llama/Llama-3.3-70B-Instruct/TG/tensor_cache_instruct_bfp8/layers.21.feed_forward.w2_shardedprefetcher_dtype_BFLOAT8_B_layout_TILE.tensorbin of shape Shape([1, 1, 3584, 2048])
2026-08-29 11:12:08.844 | DEBUG    | core:as_tensor:724 - Loaded cache for /proj_sw/user_dev/ctr-apbernal/tt-metal/model_cache/meta-llama/Llama-3.3-70B-Instruct/TG/tensor_cache_instruct_bfp8/layers.21.feed_forward.w3_shardedprefetcher_dtype_BFLOAT4_B_layout_TILE.tensorbin of shape Shape([1, 1, 2048, 3584])
2026-08-29 11:12:09.138 | DEBUG    | core:as_tensor:724 - Loaded cache for /proj_sw/user_dev/ctr-apbernal/tt-metal/model_cache/meta-llama/Llama-3.3-70B-Instruct/TG/tensor_cache_instruct_bfp8/layers.21.feed_forward.w1_interleavedprefetcher_dtype_BFLOAT4_B_layout_TILE.tensorbin of shape Shape([1, 1, 2048, 3584])
2026-08-29 11:12:09.650 | DEBUG    | core:as_tensor:724 - Loaded cache for /proj_sw/user_dev/ctr-apbernal/tt-metal/model_cache/meta-llama/Llama-3.3-70B-Instruct/TG/tensor_cache_instruct_bfp8/layers.21.feed_forward.w2_interleavedprefetcher_dtype_BFLOAT8_B_layout_TILE.tensorbin of shape Shape([1, 1, 3584, 2048])
2026-08-29 11:12:09.946 | DEBUG    | core:as_tensor:724 - Loaded cache for /proj_sw/user_dev/ctr-apbernal/tt-metal/model_cache/meta-llama/Llama-3.3-70B-Instruct/TG/tensor_cache_instruct_bfp8/layers.21.feed_forward.w3_interleavedprefetcher_dtype_BFLOAT4_B_layout_TILE.tensorbin of shape Shape([1, 1, 2048, 3584])
2026-08-29 11:12:09.949 | DEBUG    | core:as_tensor:724 - Loaded cache for /proj_sw/user_dev/ctr-apbernal/tt-metal/model_cache/meta-llama/Llama-3.3-70B-Instruct/TG/tensor_cache_instruct_bfp8/layers.21.attention_norm.weight_dtype_BFLOAT16_layout_ROW_MAJOR.tensorbin of shape Shape([1, 1, 256, 32])
2026-08-29 11:12:09.952 | DEBUG    | core:as_tensor:724 - Loaded cache for /proj_sw/user_dev/ctr-apbernal/tt-metal/model_cache/meta-llama/Llama-3.3-70B-Instruct/TG/tensor_cache_instruct_bfp8/layers.21.attention_norm.weight_distributed_dtype_BFLOAT16_layout_ROW_MAJOR.tensorbin of shape Shape([1, 1, 64, 32])
2026-08-29 11:12:09.954 | DEBUG    | core:as_tensor:724 - Loaded cache for /proj_sw/user_dev/ctr-apbernal/tt-metal/model_cache/meta-llama/Llama-3.3-70B-Instruct/TG/tensor_cache_instruct_bfp8/layers.21.ffn_norm.weight_dtype_BFLOAT16_layout_ROW_MAJOR.tensorbin of shape Shape([1, 1, 256, 32])
2026-08-29 11:12:09.957 | DEBUG    | core:as_tensor:724 - Loaded cache for /proj_sw/user_dev/ctr-apbernal/tt-metal/model_cache/meta-llama/Llama-3.3-70B-Instruct/TG/tensor_cache_instruct_bfp8/layers.21.ffn_norm.weight_distributed_dtype_BFLOAT16_layout_ROW_MAJOR.tensorbin of shape Shape([1, 1, 64, 32])
 28%|██▊       | 22/80 [01:20<03:28,  3.60s/it]2026-08-29 11:12:10.338 | DEBUG    | core:as_tensor:724 - Loaded cache for /proj_sw/user_dev/ctr-apbernal/tt-metal/model_cache/meta-llama/Llama-3.3-70B-Instruct/TG/tensor_cache_instruct_bfp8/layers.22.attention.wqkv_sharded_2d_prefetcher_dtype_BFLOAT8_B_layout_TILE.tensorbin of shape Shape([1, 1, 2048, 1280])
2026-08-29 11:12:10.670 | DEBUG    | core:as_tensor:724 - Loaded cache for /proj_sw/user_dev/ctr-apbernal/tt-metal/model_cache/meta-llama/Llama-3.3-70B-Instruct/TG/tensor_cache_instruct_bfp8/layers.22.attention.wqkv_sharded_2d_dram_dtype_BFLOAT8_B_layout_TILE.tensorbin of shape Shape([1, 1, 2048, 1280])
2026-08-29 11:12:11.004 | DEBUG    | core:as_tensor:724 - Loaded cache for /proj_sw/user_dev/ctr-apbernal/tt-metal/model_cache/meta-llama/Llama-3.3-70B-Instruct/TG/tensor_cache_instruct_bfp8/layers.22.attention.wo_width_sharded_2d_prefetcher_dtype_BFLOAT8_B_layout_TILE.tensorbin of shape Shape([1, 1, 1024, 2048])
2026-08-29 11:12:11.280 | DEBUG    | core:as_tensor:724 - Loaded cache for /proj_sw/user_dev/ctr-apbernal/tt-metal/model_cache/meta-llama/Llama-3.3-70B-Instruct/TG/tensor_cache_instruct_bfp8/layers.22.attention.wo_width_sharded_2d_dram_dtype_BFLOAT8_B_layout_TILE.tensorbin of shape Shape([1, 1, 1024, 2048])
2026-08-29 11:12:11.517 | DEBUG    | core:as_tensor:724 - Loaded cache for /proj_sw/user_dev/ctr-apbernal/tt-metal/model_cache/meta-llama/Llama-3.3-70B-Instruct/TG/tensor_cache_instruct_bfp8/layers.22.attention.wo_col_sharded_dram_dtype_BFLOAT8_B_layout_TILE.tensorbin of shape Shape([1, 1, 8192, 2048])
2026-08-29 11:12:11.534 | DEBUG    | core:as_tensor:724 - Loaded cache for /proj_sw/user_dev/ctr-apbernal/tt-metal/model_cache/meta-llama/Llama-3.3-70B-Instruct/TG/tensor_cache_instruct_bfp8/kvcache_torch.Size([2048, 1, 64, 128])_dtype_BFLOAT8_B_layout_TILE.tensorbin of shape Shape([2048, 1, 64, 128])
2026-08-29 11:12:11.543 | DEBUG    | core:as_tensor:724 - Loaded cache for /proj_sw/user_dev/ctr-apbernal/tt-metal/model_cache/meta-llama/Llama-3.3-70B-Instruct/TG/tensor_cache_instruct_bfp8/kvcache_torch.Size([2048, 1, 64, 128])_dtype_BFLOAT8_B_layout_TILE.tensorbin of shape Shape([2048, 1, 64, 128])
2026-08-29 11:12:11.855 | DEBUG    | core:as_tensor:724 - Loaded cache for /proj_sw/user_dev/ctr-apbernal/tt-metal/model_cache/meta-llama/Llama-3.3-70B-Instruct/TG/tensor_cache_instruct_bfp8/layers.22.feed_forward.w1_shardedprefetcher_dtype_BFLOAT4_B_layout_TILE.tensorbin of shape Shape([1, 1, 2048, 3584])
2026-08-29 11:12:12.376 | DEBUG    | core:as_tensor:724 - Loaded cache for /proj_sw/user_dev/ctr-apbernal/tt-metal/model_cache/meta-llama/Llama-3.3-70B-Instruct/TG/tensor_cache_instruct_bfp8/layers.22.feed_forward.w2_shardedprefetcher_dtype_BFLOAT8_B_layout_TILE.tensorbin of shape Shape([1, 1, 3584, 2048])
2026-08-29 11:12:12.667 | DEBUG    | core:as_tensor:724 - Loaded cache for /proj_sw/user_dev/ctr-apbernal/tt-metal/model_cache/meta-llama/Llama-3.3-70B-Instruct/TG/tensor_cache_instruct_bfp8/layers.22.feed_forward.w3_shardedprefetcher_dtype_BFLOAT4_B_layout_TILE.tensorbin of shape Shape([1, 1, 2048, 3584])
2026-08-29 11:12:13.050 | DEBUG    | core:as_tensor:724 - Loaded cache for /proj_sw/user_dev/ctr-apbernal/tt-metal/model_cache/meta-llama/Llama-3.3-70B-Instruct/TG/tensor_cache_instruct_bfp8/layers.22.feed_forward.w1_interleavedprefetcher_dtype_BFLOAT4_B_layout_TILE.tensorbin of shape Shape([1, 1, 2048, 3584])
2026-08-29 11:12:13.570 | DEBUG    | core:as_tensor:724 - Loaded cache for /proj_sw/user_dev/ctr-apbernal/tt-metal/model_cache/meta-llama/Llama-3.3-70B-Instruct/TG/tensor_cache_instruct_bfp8/layers.22.feed_forward.w2_interleavedprefetcher_dtype_BFLOAT8_B_layout_TILE.tensorbin of shape Shape([1, 1, 3584, 2048])
2026-08-29 11:12:13.854 | DEBUG    | core:as_tensor:724 - Loaded cache for /proj_sw/user_dev/ctr-apbernal/tt-metal/model_cache/meta-llama/Llama-3.3-70B-Instruct/TG/tensor_cache_instruct_bfp8/layers.22.feed_forward.w3_interleavedprefetcher_dtype_BFLOAT4_B_layout_TILE.tensorbin of shape Shape([1, 1, 2048, 3584])
2026-08-29 11:12:13.857 | DEBUG    | core:as_tensor:724 - Loaded cache for /proj_sw/user_dev/ctr-apbernal/tt-metal/model_cache/meta-llama/Llama-3.3-70B-Instruct/TG/tensor_cache_instruct_bfp8/layers.22.attention_norm.weight_dtype_BFLOAT16_layout_ROW_MAJOR.tensorbin of shape Shape([1, 1, 256, 32])
2026-08-29 11:12:13.860 | DEBUG    | core:as_tensor:724 - Loaded cache for /proj_sw/user_dev/ctr-apbernal/tt-metal/model_cache/meta-llama/Llama-3.3-70B-Instruct/TG/tensor_cache_instruct_bfp8/layers.22.attention_norm.weight_distributed_dtype_BFLOAT16_layout_ROW_MAJOR.tensorbin of shape Shape([1, 1, 64, 32])
2026-08-29 11:12:13.863 | DEBUG    | core:as_tensor:724 - Loaded cache for /proj_sw/user_dev/ctr-apbernal/tt-metal/model_cache/meta-llama/Llama-3.3-70B-Instruct/TG/tensor_cache_instruct_bfp8/layers.22.ffn_norm.weight_dtype_BFLOAT16_layout_ROW_MAJOR.tensorbin of shape Shape([1, 1, 256, 32])
2026-08-29 11:12:13.865 | DEBUG    | core:as_tensor:724 - Loaded cache for /proj_sw/user_dev/ctr-apbernal/tt-metal/model_cache/meta-llama/Llama-3.3-70B-Instruct/TG/tensor_cache_instruct_bfp8/layers.22.ffn_norm.weight_distributed_dtype_BFLOAT16_layout_ROW_MAJOR.tensorbin of shape Shape([1, 1, 64, 32])
 29%|██▉       | 23/80 [01:24<03:30,  3.69s/it]2026-08-29 11:12:14.133 | DEBUG    | core:as_tensor:724 - Loaded cache for /proj_sw/user_dev/ctr-apbernal/tt-metal/model_cache/meta-llama/Llama-3.3-70B-Instruct/TG/tensor_cache_instruct_bfp8/layers.23.attention.wqkv_sharded_2d_prefetcher_dtype_BFLOAT8_B_layout_TILE.tensorbin of shape Shape([1, 1, 2048, 1280])
2026-08-29 11:12:14.440 | DEBUG    | core:as_tensor:724 - Loaded cache for /proj_sw/user_dev/ctr-apbernal/tt-metal/model_cache/meta-llama/Llama-3.3-70B-Instruct/TG/tensor_cache_instruct_bfp8/layers.23.attention.wqkv_sharded_2d_dram_dtype_BFLOAT8_B_layout_TILE.tensorbin of shape Shape([1, 1, 2048, 1280])
2026-08-29 11:12:14.705 | DEBUG    | core:as_tensor:724 - Loaded cache for /proj_sw/user_dev/ctr-apbernal/tt-metal/model_cache/meta-llama/Llama-3.3-70B-Instruct/TG/tensor_cache_instruct_bfp8/layers.23.attention.wo_width_sharded_2d_prefetcher_dtype_BFLOAT8_B_layout_TILE.tensorbin of shape Shape([1, 1, 1024, 2048])
2026-08-29 11:12:15.007 | DEBUG    | core:as_tensor:724 - Loaded cache for /proj_sw/user_dev/ctr-apbernal/tt-metal/model_cache/meta-llama/Llama-3.3-70B-Instruct/TG/tensor_cache_instruct_bfp8/layers.23.attention.wo_width_sharded_2d_dram_dtype_BFLOAT8_B_layout_TILE.tensorbin of shape Shape([1, 1, 1024, 2048])
2026-08-29 11:12:15.339 | DEBUG    | core:as_tensor:724 - Loaded cache for /proj_sw/user_dev/ctr-apbernal/tt-metal/model_cache/meta-llama/Llama-3.3-70B-Instruct/TG/tensor_cache_instruct_bfp8/layers.23.attention.wo_col_sharded_dram_dtype_BFLOAT8_B_layout_TILE.tensorbin of shape Shape([1, 1, 8192, 2048])
2026-08-29 11:12:15.355 | DEBUG    | core:as_tensor:724 - Loaded cache for /proj_sw/user_dev/ctr-apbernal/tt-metal/model_cache/meta-llama/Llama-3.3-70B-Instruct/TG/tensor_cache_instruct_bfp8/kvcache_torch.Size([2048, 1, 64, 128])_dtype_BFLOAT8_B_layout_TILE.tensorbin of shape Shape([2048, 1, 64, 128])
2026-08-29 11:12:15.362 | DEBUG    | core:as_tensor:724 - Loaded cache for /proj_sw/user_dev/ctr-apbernal/tt-metal/model_cache/meta-llama/Llama-3.3-70B-Instruct/TG/tensor_cache_instruct_bfp8/kvcache_torch.Size([2048, 1, 64, 128])_dtype_BFLOAT8_B_layout_TILE.tensorbin of shape Shape([2048, 1, 64, 128])
2026-08-29 11:12:15.682 | DEBUG    | core:as_tensor:724 - Loaded cache for /proj_sw/user_dev/ctr-apbernal/tt-metal/model_cache/meta-llama/Llama-3.3-70B-Instruct/TG/tensor_cache_instruct_bfp8/layers.23.feed_forward.w1_shardedprefetcher_dtype_BFLOAT4_B_layout_TILE.tensorbin of shape Shape([1, 1, 2048, 3584])
2026-08-29 11:12:16.198 | DEBUG    | core:as_tensor:724 - Loaded cache for /proj_sw/user_dev/ctr-apbernal/tt-metal/model_cache/meta-llama/Llama-3.3-70B-Instruct/TG/tensor_cache_instruct_bfp8/layers.23.feed_forward.w2_shardedprefetcher_dtype_BFLOAT8_B_layout_TILE.tensorbin of shape Shape([1, 1, 3584, 2048])
2026-08-29 11:12:16.479 | DEBUG    | core:as_tensor:724 - Loaded cache for /proj_sw/user_dev/ctr-apbernal/tt-metal/model_cache/meta-llama/Llama-3.3-70B-Instruct/TG/tensor_cache_instruct_bfp8/layers.23.feed_forward.w3_shardedprefetcher_dtype_BFLOAT4_B_layout_TILE.tensorbin of shape Shape([1, 1, 2048, 3584])
2026-08-29 11:12:16.764 | DEBUG    | core:as_tensor:724 - Loaded cache for /proj_sw/user_dev/ctr-apbernal/tt-metal/model_cache/meta-llama/Llama-3.3-70B-Instruct/TG/tensor_cache_instruct_bfp8/layers.23.feed_forward.w1_interleavedprefetcher_dtype_BFLOAT4_B_layout_TILE.tensorbin of shape Shape([1, 1, 2048, 3584])
2026-08-29 11:12:17.279 | DEBUG    | core:as_tensor:724 - Loaded cache for /proj_sw/user_dev/ctr-apbernal/tt-metal/model_cache/meta-llama/Llama-3.3-70B-Instruct/TG/tensor_cache_instruct_bfp8/layers.23.feed_forward.w2_interleavedprefetcher_dtype_BFLOAT8_B_layout_TILE.tensorbin of shape Shape([1, 1, 3584, 2048])
2026-08-29 11:12:17.567 | DEBUG    | core:as_tensor:724 - Loaded cache for /proj_sw/user_dev/ctr-apbernal/tt-metal/model_cache/meta-llama/Llama-3.3-70B-Instruct/TG/tensor_cache_instruct_bfp8/layers.23.feed_forward.w3_interleavedprefetcher_dtype_BFLOAT4_B_layout_TILE.tensorbin of shape Shape([1, 1, 2048, 3584])
2026-08-29 11:12:17.573 | DEBUG    | core:as_tensor:724 - Loaded cache for /proj_sw/user_dev/ctr-apbernal/tt-metal/model_cache/meta-llama/Llama-3.3-70B-Instruct/TG/tensor_cache_instruct_bfp8/layers.23.attention_norm.weight_dtype_BFLOAT16_layout_ROW_MAJOR.tensorbin of shape Shape([1, 1, 256, 32])
2026-08-29 11:12:17.576 | DEBUG    | core:as_tensor:724 - Loaded cache for /proj_sw/user_dev/ctr-apbernal/tt-metal/model_cache/meta-llama/Llama-3.3-70B-Instruct/TG/tensor_cache_instruct_bfp8/layers.23.attention_norm.weight_distributed_dtype_BFLOAT16_layout_ROW_MAJOR.tensorbin of shape Shape([1, 1, 64, 32])
2026-08-29 11:12:17.578 | DEBUG    | core:as_tensor:724 - Loaded cache for /proj_sw/user_dev/ctr-apbernal/tt-metal/model_cache/meta-llama/Llama-3.3-70B-Instruct/TG/tensor_cache_instruct_bfp8/layers.23.ffn_norm.weight_dtype_BFLOAT16_layout_ROW_MAJOR.tensorbin of shape Shape([1, 1, 256, 32])
2026-08-29 11:12:17.580 | DEBUG    | core:as_tensor:724 - Loaded cache for /proj_sw/user_dev/ctr-apbernal/tt-metal/model_cache/meta-llama/Llama-3.3-70B-Instruct/TG/tensor_cache_instruct_bfp8/layers.23.ffn_norm.weight_distributed_dtype_BFLOAT16_layout_ROW_MAJOR.tensorbin of shape Shape([1, 1, 64, 32])
 30%|███       | 24/80 [01:28<03:27,  3.70s/it]2026-08-29 11:12:17.816 | DEBUG    | core:as_tensor:724 - Loaded cache for /proj_sw/user_dev/ctr-apbernal/tt-metal/model_cache/meta-llama/Llama-3.3-70B-Instruct/TG/tensor_cache_instruct_bfp8/layers.24.attention.wqkv_sharded_2d_prefetcher_dtype_BFLOAT8_B_layout_TILE.tensorbin of shape Shape([1, 1, 2048, 1280])
2026-08-29 11:12:18.174 | DEBUG    | core:as_tensor:724 - Loaded cache for /proj_sw/user_dev/ctr-apbernal/tt-metal/model_cache/meta-llama/Llama-3.3-70B-Instruct/TG/tensor_cache_instruct_bfp8/layers.24.attention.wqkv_sharded_2d_dram_dtype_BFLOAT8_B_layout_TILE.tensorbin of shape Shape([1, 1, 2048, 1280])
2026-08-29 11:12:18.408 | DEBUG    | core:as_tensor:724 - Loaded cache for /proj_sw/user_dev/ctr-apbernal/tt-metal/model_cache/meta-llama/Llama-3.3-70B-Instruct/TG/tensor_cache_instruct_bfp8/layers.24.attention.wo_width_sharded_2d_prefetcher_dtype_BFLOAT8_B_layout_TILE.tensorbin of shape Shape([1, 1, 1024, 2048])
2026-08-29 11:12:18.739 | DEBUG    | core:as_tensor:724 - Loaded cache for /proj_sw/user_dev/ctr-apbernal/tt-metal/model_cache/meta-llama/Llama-3.3-70B-Instruct/TG/tensor_cache_instruct_bfp8/layers.24.attention.wo_width_sharded_2d_dram_dtype_BFLOAT8_B_layout_TILE.tensorbin of shape Shape([1, 1, 1024, 2048])
2026-08-29 11:12:18.991 | DEBUG    | core:as_tensor:724 - Loaded cache for /proj_sw/user_dev/ctr-apbernal/tt-metal/model_cache/meta-llama/Llama-3.3-70B-Instruct/TG/tensor_cache_instruct_bfp8/layers.24.attention.wo_col_sharded_dram_dtype_BFLOAT8_B_layout_TILE.tensorbin of shape Shape([1, 1, 8192, 2048])
2026-08-29 11:12:19.008 | DEBUG    | core:as_tensor:724 - Loaded cache for /proj_sw/user_dev/ctr-apbernal/tt-metal/model_cache/meta-llama/Llama-3.3-70B-Instruct/TG/tensor_cache_instruct_bfp8/kvcache_torch.Size([2048, 1, 64, 128])_dtype_BFLOAT8_B_layout_TILE.tensorbin of shape Shape([2048, 1, 64, 128])
2026-08-29 11:12:19.016 | DEBUG    | core:as_tensor:724 - Loaded cache for /proj_sw/user_dev/ctr-apbernal/tt-metal/model_cache/meta-llama/Llama-3.3-70B-Instruct/TG/tensor_cache_instruct_bfp8/kvcache_torch.Size([2048, 1, 64, 128])_dtype_BFLOAT8_B_layout_TILE.tensorbin of shape Shape([2048, 1, 64, 128])
2026-08-29 11:12:19.326 | DEBUG    | core:as_tensor:724 - Loaded cache for /proj_sw/user_dev/ctr-apbernal/tt-metal/model_cache/meta-llama/Llama-3.3-70B-Instruct/TG/tensor_cache_instruct_bfp8/layers.24.feed_forward.w1_shardedprefetcher_dtype_BFLOAT4_B_layout_TILE.tensorbin of shape Shape([1, 1, 2048, 3584])
2026-08-29 11:12:19.833 | DEBUG    | core:as_tensor:724 - Loaded cache for /proj_sw/user_dev/ctr-apbernal/tt-metal/model_cache/meta-llama/Llama-3.3-70B-Instruct/TG/tensor_cache_instruct_bfp8/layers.24.feed_forward.w2_shardedprefetcher_dtype_BFLOAT8_B_layout_TILE.tensorbin of shape Shape([1, 1, 3584, 2048])
2026-08-29 11:12:20.123 | DEBUG    | core:as_tensor:724 - Loaded cache for /proj_sw/user_dev/ctr-apbernal/tt-metal/model_cache/meta-llama/Llama-3.3-70B-Instruct/TG/tensor_cache_instruct_bfp8/layers.24.feed_forward.w3_shardedprefetcher_dtype_BFLOAT4_B_layout_TILE.tensorbin of shape Shape([1, 1, 2048, 3584])
2026-08-29 11:12:20.403 | DEBUG    | core:as_tensor:724 - Loaded cache for /proj_sw/user_dev/ctr-apbernal/tt-metal/model_cache/meta-llama/Llama-3.3-70B-Instruct/TG/tensor_cache_instruct_bfp8/layers.24.feed_forward.w1_interleavedprefetcher_dtype_BFLOAT4_B_layout_TILE.tensorbin of shape Shape([1, 1, 2048, 3584])
2026-08-29 11:12:20.918 | DEBUG    | core:as_tensor:724 - Loaded cache for /proj_sw/user_dev/ctr-apbernal/tt-metal/model_cache/meta-llama/Llama-3.3-70B-Instruct/TG/tensor_cache_instruct_bfp8/layers.24.feed_forward.w2_interleavedprefetcher_dtype_BFLOAT8_B_layout_TILE.tensorbin of shape Shape([1, 1, 3584, 2048])
2026-08-29 11:12:21.211 | DEBUG    | core:as_tensor:724 - Loaded cache for /proj_sw/user_dev/ctr-apbernal/tt-metal/model_cache/meta-llama/Llama-3.3-70B-Instruct/TG/tensor_cache_instruct_bfp8/layers.24.feed_forward.w3_interleavedprefetcher_dtype_BFLOAT4_B_layout_TILE.tensorbin of shape Shape([1, 1, 2048, 3584])
2026-08-29 11:12:21.214 | DEBUG    | core:as_tensor:724 - Loaded cache for /proj_sw/user_dev/ctr-apbernal/tt-metal/model_cache/meta-llama/Llama-3.3-70B-Instruct/TG/tensor_cache_instruct_bfp8/layers.24.attention_norm.weight_dtype_BFLOAT16_layout_ROW_MAJOR.tensorbin of shape Shape([1, 1, 256, 32])
2026-08-29 11:12:21.217 | DEBUG    | core:as_tensor:724 - Loaded cache for /proj_sw/user_dev/ctr-apbernal/tt-metal/model_cache/meta-llama/Llama-3.3-70B-Instruct/TG/tensor_cache_instruct_bfp8/layers.24.attention_norm.weight_distributed_dtype_BFLOAT16_layout_ROW_MAJOR.tensorbin of shape Shape([1, 1, 64, 32])
2026-08-29 11:12:21.219 | DEBUG    | core:as_tensor:724 - Loaded cache for /proj_sw/user_dev/ctr-apbernal/tt-metal/model_cache/meta-llama/Llama-3.3-70B-Instruct/TG/tensor_cache_instruct_bfp8/layers.24.ffn_norm.weight_dtype_BFLOAT16_layout_ROW_MAJOR.tensorbin of shape Shape([1, 1, 256, 32])
2026-08-29 11:12:21.221 | DEBUG    | core:as_tensor:724 - Loaded cache for /proj_sw/user_dev/ctr-apbernal/tt-metal/model_cache/meta-llama/Llama-3.3-70B-Instruct/TG/tensor_cache_instruct_bfp8/layers.24.ffn_norm.weight_distributed_dtype_BFLOAT16_layout_ROW_MAJOR.tensorbin of shape Shape([1, 1, 64, 32])
 31%|███▏      | 25/80 [01:31<03:22,  3.68s/it]2026-08-29 11:12:21.618 | DEBUG    | core:as_tensor:724 - Loaded cache for /proj_sw/user_dev/ctr-apbernal/tt-metal/model_cache/meta-llama/Llama-3.3-70B-Instruct/TG/tensor_cache_instruct_bfp8/layers.25.attention.wqkv_sharded_2d_prefetcher_dtype_BFLOAT8_B_layout_TILE.tensorbin of shape Shape([1, 1, 2048, 1280])
2026-08-29 11:12:21.915 | DEBUG    | core:as_tensor:724 - Loaded cache for /proj_sw/user_dev/ctr-apbernal/tt-metal/model_cache/meta-llama/Llama-3.3-70B-Instruct/TG/tensor_cache_instruct_bfp8/layers.25.attention.wqkv_sharded_2d_dram_dtype_BFLOAT8_B_layout_TILE.tensorbin of shape Shape([1, 1, 2048, 1280])
2026-08-29 11:12:22.181 | DEBUG    | core:as_tensor:724 - Loaded cache for /proj_sw/user_dev/ctr-apbernal/tt-metal/model_cache/meta-llama/Llama-3.3-70B-Instruct/TG/tensor_cache_instruct_bfp8/layers.25.attention.wo_width_sharded_2d_prefetcher_dtype_BFLOAT8_B_layout_TILE.tensorbin of shape Shape([1, 1, 1024, 2048])
2026-08-29 11:12:22.332 | DEBUG    | core:as_tensor:724 - Loaded cache for /proj_sw/user_dev/ctr-apbernal/tt-metal/model_cache/meta-llama/Llama-3.3-70B-Instruct/TG/tensor_cache_instruct_bfp8/layers.25.attention.wo_width_sharded_2d_dram_dtype_BFLOAT8_B_layout_TILE.tensorbin of shape Shape([1, 1, 1024, 2048])
2026-08-29 11:12:22.666 | DEBUG    | core:as_tensor:724 - Loaded cache for /proj_sw/user_dev/ctr-apbernal/tt-metal/model_cache/meta-llama/Llama-3.3-70B-Instruct/TG/tensor_cache_instruct_bfp8/layers.25.attention.wo_col_sharded_dram_dtype_BFLOAT8_B_layout_TILE.tensorbin of shape Shape([1, 1, 8192, 2048])
2026-08-29 11:12:22.680 | DEBUG    | core:as_tensor:724 - Loaded cache for /proj_sw/user_dev/ctr-apbernal/tt-metal/model_cache/meta-llama/Llama-3.3-70B-Instruct/TG/tensor_cache_instruct_bfp8/kvcache_torch.Size([2048, 1, 64, 128])_dtype_BFLOAT8_B_layout_TILE.tensorbin of shape Shape([2048, 1, 64, 128])
2026-08-29 11:12:22.688 | DEBUG    | core:as_tensor:724 - Loaded cache for /proj_sw/user_dev/ctr-apbernal/tt-metal/model_cache/meta-llama/Llama-3.3-70B-Instruct/TG/tensor_cache_instruct_bfp8/kvcache_torch.Size([2048, 1, 64, 128])_dtype_BFLOAT8_B_layout_TILE.tensorbin of shape Shape([2048, 1, 64, 128])
2026-08-29 11:12:23.001 | DEBUG    | core:as_tensor:724 - Loaded cache for /proj_sw/user_dev/ctr-apbernal/tt-metal/model_cache/meta-llama/Llama-3.3-70B-Instruct/TG/tensor_cache_instruct_bfp8/layers.25.feed_forward.w1_shardedprefetcher_dtype_BFLOAT4_B_layout_TILE.tensorbin of shape Shape([1, 1, 2048, 3584])
2026-08-29 11:12:23.523 | DEBUG    | core:as_tensor:724 - Loaded cache for /proj_sw/user_dev/ctr-apbernal/tt-metal/model_cache/meta-llama/Llama-3.3-70B-Instruct/TG/tensor_cache_instruct_bfp8/layers.25.feed_forward.w2_shardedprefetcher_dtype_BFLOAT8_B_layout_TILE.tensorbin of shape Shape([1, 1, 3584, 2048])
2026-08-29 11:12:23.816 | DEBUG    | core:as_tensor:724 - Loaded cache for /proj_sw/user_dev/ctr-apbernal/tt-metal/model_cache/meta-llama/Llama-3.3-70B-Instruct/TG/tensor_cache_instruct_bfp8/layers.25.feed_forward.w3_shardedprefetcher_dtype_BFLOAT4_B_layout_TILE.tensorbin of shape Shape([1, 1, 2048, 3584])
2026-08-29 11:12:24.100 | DEBUG    | core:as_tensor:724 - Loaded cache for /proj_sw/user_dev/ctr-apbernal/tt-metal/model_cache/meta-llama/Llama-3.3-70B-Instruct/TG/tensor_cache_instruct_bfp8/layers.25.feed_forward.w1_interleavedprefetcher_dtype_BFLOAT4_B_layout_TILE.tensorbin of shape Shape([1, 1, 2048, 3584])
2026-08-29 11:12:24.613 | DEBUG    | core:as_tensor:724 - Loaded cache for /proj_sw/user_dev/ctr-apbernal/tt-metal/model_cache/meta-llama/Llama-3.3-70B-Instruct/TG/tensor_cache_instruct_bfp8/layers.25.feed_forward.w2_interleavedprefetcher_dtype_BFLOAT8_B_layout_TILE.tensorbin of shape Shape([1, 1, 3584, 2048])
2026-08-29 11:12:24.892 | DEBUG    | core:as_tensor:724 - Loaded cache for /proj_sw/user_dev/ctr-apbernal/tt-metal/model_cache/meta-llama/Llama-3.3-70B-Instruct/TG/tensor_cache_instruct_bfp8/layers.25.feed_forward.w3_interleavedprefetcher_dtype_BFLOAT4_B_layout_TILE.tensorbin of shape Shape([1, 1, 2048, 3584])
2026-08-29 11:12:24.896 | DEBUG    | core:as_tensor:724 - Loaded cache for /proj_sw/user_dev/ctr-apbernal/tt-metal/model_cache/meta-llama/Llama-3.3-70B-Instruct/TG/tensor_cache_instruct_bfp8/layers.25.attention_norm.weight_dtype_BFLOAT16_layout_ROW_MAJOR.tensorbin of shape Shape([1, 1, 256, 32])
2026-08-29 11:12:24.899 | DEBUG    | core:as_tensor:724 - Loaded cache for /proj_sw/user_dev/ctr-apbernal/tt-metal/model_cache/meta-llama/Llama-3.3-70B-Instruct/TG/tensor_cache_instruct_bfp8/layers.25.attention_norm.weight_distributed_dtype_BFLOAT16_layout_ROW_MAJOR.tensorbin of shape Shape([1, 1, 64, 32])
2026-08-29 11:12:24.901 | DEBUG    | core:as_tensor:724 - Loaded cache for /proj_sw/user_dev/ctr-apbernal/tt-metal/model_cache/meta-llama/Llama-3.3-70B-Instruct/TG/tensor_cache_instruct_bfp8/layers.25.ffn_norm.weight_dtype_BFLOAT16_layout_ROW_MAJOR.tensorbin of shape Shape([1, 1, 256, 32])
2026-08-29 11:12:24.904 | DEBUG    | core:as_tensor:724 - Loaded cache for /proj_sw/user_dev/ctr-apbernal/tt-metal/model_cache/meta-llama/Llama-3.3-70B-Instruct/TG/tensor_cache_instruct_bfp8/layers.25.ffn_norm.weight_distributed_dtype_BFLOAT16_layout_ROW_MAJOR.tensorbin of shape Shape([1, 1, 64, 32])
 32%|███▎      | 26/80 [01:35<03:18,  3.68s/it]2026-08-29 11:12:25.257 | DEBUG    | core:as_tensor:724 - Loaded cache for /proj_sw/user_dev/ctr-apbernal/tt-metal/model_cache/meta-llama/Llama-3.3-70B-Instruct/TG/tensor_cache_instruct_bfp8/layers.26.attention.wqkv_sharded_2d_prefetcher_dtype_BFLOAT8_B_layout_TILE.tensorbin of shape Shape([1, 1, 2048, 1280])
2026-08-29 11:12:25.597 | DEBUG    | core:as_tensor:724 - Loaded cache for /proj_sw/user_dev/ctr-apbernal/tt-metal/model_cache/meta-llama/Llama-3.3-70B-Instruct/TG/tensor_cache_instruct_bfp8/layers.26.attention.wqkv_sharded_2d_dram_dtype_BFLOAT8_B_layout_TILE.tensorbin of shape Shape([1, 1, 2048, 1280])
2026-08-29 11:12:25.849 | DEBUG    | core:as_tensor:724 - Loaded cache for /proj_sw/user_dev/ctr-apbernal/tt-metal/model_cache/meta-llama/Llama-3.3-70B-Instruct/TG/tensor_cache_instruct_bfp8/layers.26.attention.wo_width_sharded_2d_prefetcher_dtype_BFLOAT8_B_layout_TILE.tensorbin of shape Shape([1, 1, 1024, 2048])
2026-08-29 11:12:26.143 | DEBUG    | core:as_tensor:724 - Loaded cache for /proj_sw/user_dev/ctr-apbernal/tt-metal/model_cache/meta-llama/Llama-3.3-70B-Instruct/TG/tensor_cache_instruct_bfp8/layers.26.attention.wo_width_sharded_2d_dram_dtype_BFLOAT8_B_layout_TILE.tensorbin of shape Shape([1, 1, 1024, 2048])
2026-08-29 11:12:26.307 | DEBUG    | core:as_tensor:724 - Loaded cache for /proj_sw/user_dev/ctr-apbernal/tt-metal/model_cache/meta-llama/Llama-3.3-70B-Instruct/TG/tensor_cache_instruct_bfp8/layers.26.attention.wo_col_sharded_dram_dtype_BFLOAT8_B_layout_TILE.tensorbin of shape Shape([1, 1, 8192, 2048])
2026-08-29 11:12:26.322 | DEBUG    | core:as_tensor:724 - Loaded cache for /proj_sw/user_dev/ctr-apbernal/tt-metal/model_cache/meta-llama/Llama-3.3-70B-Instruct/TG/tensor_cache_instruct_bfp8/kvcache_torch.Size([2048, 1, 64, 128])_dtype_BFLOAT8_B_layout_TILE.tensorbin of shape Shape([2048, 1, 64, 128])
2026-08-29 11:12:26.330 | DEBUG    | core:as_tensor:724 - Loaded cache for /proj_sw/user_dev/ctr-apbernal/tt-metal/model_cache/meta-llama/Llama-3.3-70B-Instruct/TG/tensor_cache_instruct_bfp8/kvcache_torch.Size([2048, 1, 64, 128])_dtype_BFLOAT8_B_layout_TILE.tensorbin of shape Shape([2048, 1, 64, 128])
2026-08-29 11:12:26.629 | DEBUG    | core:as_tensor:724 - Loaded cache for /proj_sw/user_dev/ctr-apbernal/tt-metal/model_cache/meta-llama/Llama-3.3-70B-Instruct/TG/tensor_cache_instruct_bfp8/layers.26.feed_forward.w1_shardedprefetcher_dtype_BFLOAT4_B_layout_TILE.tensorbin of shape Shape([1, 1, 2048, 3584])
2026-08-29 11:12:27.146 | DEBUG    | core:as_tensor:724 - Loaded cache for /proj_sw/user_dev/ctr-apbernal/tt-metal/model_cache/meta-llama/Llama-3.3-70B-Instruct/TG/tensor_cache_instruct_bfp8/layers.26.feed_forward.w2_shardedprefetcher_dtype_BFLOAT8_B_layout_TILE.tensorbin of shape Shape([1, 1, 3584, 2048])
2026-08-29 11:12:27.438 | DEBUG    | core:as_tensor:724 - Loaded cache for /proj_sw/user_dev/ctr-apbernal/tt-metal/model_cache/meta-llama/Llama-3.3-70B-Instruct/TG/tensor_cache_instruct_bfp8/layers.26.feed_forward.w3_shardedprefetcher_dtype_BFLOAT4_B_layout_TILE.tensorbin of shape Shape([1, 1, 2048, 3584])
2026-08-29 11:12:27.876 | DEBUG    | core:as_tensor:724 - Loaded cache for /proj_sw/user_dev/ctr-apbernal/tt-metal/model_cache/meta-llama/Llama-3.3-70B-Instruct/TG/tensor_cache_instruct_bfp8/layers.26.feed_forward.w1_interleavedprefetcher_dtype_BFLOAT4_B_layout_TILE.tensorbin of shape Shape([1, 1, 2048, 3584])
2026-08-29 11:12:28.386 | DEBUG    | core:as_tensor:724 - Loaded cache for /proj_sw/user_dev/ctr-apbernal/tt-metal/model_cache/meta-llama/Llama-3.3-70B-Instruct/TG/tensor_cache_instruct_bfp8/layers.26.feed_forward.w2_interleavedprefetcher_dtype_BFLOAT8_B_layout_TILE.tensorbin of shape Shape([1, 1, 3584, 2048])
2026-08-29 11:12:28.674 | DEBUG    | core:as_tensor:724 - Loaded cache for /proj_sw/user_dev/ctr-apbernal/tt-metal/model_cache/meta-llama/Llama-3.3-70B-Instruct/TG/tensor_cache_instruct_bfp8/layers.26.feed_forward.w3_interleavedprefetcher_dtype_BFLOAT4_B_layout_TILE.tensorbin of shape Shape([1, 1, 2048, 3584])
2026-08-29 11:12:28.678 | DEBUG    | core:as_tensor:724 - Loaded cache for /proj_sw/user_dev/ctr-apbernal/tt-metal/model_cache/meta-llama/Llama-3.3-70B-Instruct/TG/tensor_cache_instruct_bfp8/layers.26.attention_norm.weight_dtype_BFLOAT16_layout_ROW_MAJOR.tensorbin of shape Shape([1, 1, 256, 32])
2026-08-29 11:12:28.681 | DEBUG    | core:as_tensor:724 - Loaded cache for /proj_sw/user_dev/ctr-apbernal/tt-metal/model_cache/meta-llama/Llama-3.3-70B-Instruct/TG/tensor_cache_instruct_bfp8/layers.26.attention_norm.weight_distributed_dtype_BFLOAT16_layout_ROW_MAJOR.tensorbin of shape Shape([1, 1, 64, 32])
2026-08-29 11:12:28.683 | DEBUG    | core:as_tensor:724 - Loaded cache for /proj_sw/user_dev/ctr-apbernal/tt-metal/model_cache/meta-llama/Llama-3.3-70B-Instruct/TG/tensor_cache_instruct_bfp8/layers.26.ffn_norm.weight_dtype_BFLOAT16_layout_ROW_MAJOR.tensorbin of shape Shape([1, 1, 256, 32])
2026-08-29 11:12:28.686 | DEBUG    | core:as_tensor:724 - Loaded cache for /proj_sw/user_dev/ctr-apbernal/tt-metal/model_cache/meta-llama/Llama-3.3-70B-Instruct/TG/tensor_cache_instruct_bfp8/layers.26.ffn_norm.weight_distributed_dtype_BFLOAT16_layout_ROW_MAJOR.tensorbin of shape Shape([1, 1, 64, 32])
 34%|███▍      | 27/80 [01:39<03:16,  3.71s/it]2026-08-29 11:12:28.915 | DEBUG    | core:as_tensor:724 - Loaded cache for /proj_sw/user_dev/ctr-apbernal/tt-metal/model_cache/meta-llama/Llama-3.3-70B-Instruct/TG/tensor_cache_instruct_bfp8/layers.27.attention.wqkv_sharded_2d_prefetcher_dtype_BFLOAT8_B_layout_TILE.tensorbin of shape Shape([1, 1, 2048, 1280])
2026-08-29 11:12:29.208 | DEBUG    | core:as_tensor:724 - Loaded cache for /proj_sw/user_dev/ctr-apbernal/tt-metal/model_cache/meta-llama/Llama-3.3-70B-Instruct/TG/tensor_cache_instruct_bfp8/layers.27.attention.wqkv_sharded_2d_dram_dtype_BFLOAT8_B_layout_TILE.tensorbin of shape Shape([1, 1, 2048, 1280])
2026-08-29 11:12:29.457 | DEBUG    | core:as_tensor:724 - Loaded cache for /proj_sw/user_dev/ctr-apbernal/tt-metal/model_cache/meta-llama/Llama-3.3-70B-Instruct/TG/tensor_cache_instruct_bfp8/layers.27.attention.wo_width_sharded_2d_prefetcher_dtype_BFLOAT8_B_layout_TILE.tensorbin of shape Shape([1, 1, 1024, 2048])
2026-08-29 11:12:29.607 | DEBUG    | core:as_tensor:724 - Loaded cache for /proj_sw/user_dev/ctr-apbernal/tt-metal/model_cache/meta-llama/Llama-3.3-70B-Instruct/TG/tensor_cache_instruct_bfp8/layers.27.attention.wo_width_sharded_2d_dram_dtype_BFLOAT8_B_layout_TILE.tensorbin of shape Shape([1, 1, 1024, 2048])
2026-08-29 11:12:29.832 | DEBUG    | core:as_tensor:724 - Loaded cache for /proj_sw/user_dev/ctr-apbernal/tt-metal/model_cache/meta-llama/Llama-3.3-70B-Instruct/TG/tensor_cache_instruct_bfp8/layers.27.attention.wo_col_sharded_dram_dtype_BFLOAT8_B_layout_TILE.tensorbin of shape Shape([1, 1, 8192, 2048])
2026-08-29 11:12:29.849 | DEBUG    | core:as_tensor:724 - Loaded cache for /proj_sw/user_dev/ctr-apbernal/tt-metal/model_cache/meta-llama/Llama-3.3-70B-Instruct/TG/tensor_cache_instruct_bfp8/kvcache_torch.Size([2048, 1, 64, 128])_dtype_BFLOAT8_B_layout_TILE.tensorbin of shape Shape([2048, 1, 64, 128])
2026-08-29 11:12:29.857 | DEBUG    | core:as_tensor:724 - Loaded cache for /proj_sw/user_dev/ctr-apbernal/tt-metal/model_cache/meta-llama/Llama-3.3-70B-Instruct/TG/tensor_cache_instruct_bfp8/kvcache_torch.Size([2048, 1, 64, 128])_dtype_BFLOAT8_B_layout_TILE.tensorbin of shape Shape([2048, 1, 64, 128])
2026-08-29 11:12:30.160 | DEBUG    | core:as_tensor:724 - Loaded cache for /proj_sw/user_dev/ctr-apbernal/tt-metal/model_cache/meta-llama/Llama-3.3-70B-Instruct/TG/tensor_cache_instruct_bfp8/layers.27.feed_forward.w1_shardedprefetcher_dtype_BFLOAT4_B_layout_TILE.tensorbin of shape Shape([1, 1, 2048, 3584])
2026-08-29 11:12:30.680 | DEBUG    | core:as_tensor:724 - Loaded cache for /proj_sw/user_dev/ctr-apbernal/tt-metal/model_cache/meta-llama/Llama-3.3-70B-Instruct/TG/tensor_cache_instruct_bfp8/layers.27.feed_forward.w2_shardedprefetcher_dtype_BFLOAT8_B_layout_TILE.tensorbin of shape Shape([1, 1, 3584, 2048])
2026-08-29 11:12:30.971 | DEBUG    | core:as_tensor:724 - Loaded cache for /proj_sw/user_dev/ctr-apbernal/tt-metal/model_cache/meta-llama/Llama-3.3-70B-Instruct/TG/tensor_cache_instruct_bfp8/layers.27.feed_forward.w3_shardedprefetcher_dtype_BFLOAT4_B_layout_TILE.tensorbin of shape Shape([1, 1, 2048, 3584])
2026-08-29 11:12:31.259 | DEBUG    | core:as_tensor:724 - Loaded cache for /proj_sw/user_dev/ctr-apbernal/tt-metal/model_cache/meta-llama/Llama-3.3-70B-Instruct/TG/tensor_cache_instruct_bfp8/layers.27.feed_forward.w1_interleavedprefetcher_dtype_BFLOAT4_B_layout_TILE.tensorbin of shape Shape([1, 1, 2048, 3584])
2026-08-29 11:12:31.779 | DEBUG    | core:as_tensor:724 - Loaded cache for /proj_sw/user_dev/ctr-apbernal/tt-metal/model_cache/meta-llama/Llama-3.3-70B-Instruct/TG/tensor_cache_instruct_bfp8/layers.27.feed_forward.w2_interleavedprefetcher_dtype_BFLOAT8_B_layout_TILE.tensorbin of shape Shape([1, 1, 3584, 2048])
2026-08-29 11:12:32.073 | DEBUG    | core:as_tensor:724 - Loaded cache for /proj_sw/user_dev/ctr-apbernal/tt-metal/model_cache/meta-llama/Llama-3.3-70B-Instruct/TG/tensor_cache_instruct_bfp8/layers.27.feed_forward.w3_interleavedprefetcher_dtype_BFLOAT4_B_layout_TILE.tensorbin of shape Shape([1, 1, 2048, 3584])
2026-08-29 11:12:32.076 | DEBUG    | core:as_tensor:724 - Loaded cache for /proj_sw/user_dev/ctr-apbernal/tt-metal/model_cache/meta-llama/Llama-3.3-70B-Instruct/TG/tensor_cache_instruct_bfp8/layers.27.attention_norm.weight_dtype_BFLOAT16_layout_ROW_MAJOR.tensorbin of shape Shape([1, 1, 256, 32])
2026-08-29 11:12:32.079 | DEBUG    | core:as_tensor:724 - Loaded cache for /proj_sw/user_dev/ctr-apbernal/tt-metal/model_cache/meta-llama/Llama-3.3-70B-Instruct/TG/tensor_cache_instruct_bfp8/layers.27.attention_norm.weight_distributed_dtype_BFLOAT16_layout_ROW_MAJOR.tensorbin of shape Shape([1, 1, 64, 32])
2026-08-29 11:12:32.081 | DEBUG    | core:as_tensor:724 - Loaded cache for /proj_sw/user_dev/ctr-apbernal/tt-metal/model_cache/meta-llama/Llama-3.3-70B-Instruct/TG/tensor_cache_instruct_bfp8/layers.27.ffn_norm.weight_dtype_BFLOAT16_layout_ROW_MAJOR.tensorbin of shape Shape([1, 1, 256, 32])
2026-08-29 11:12:32.088 | DEBUG    | core:as_tensor:724 - Loaded cache for /proj_sw/user_dev/ctr-apbernal/tt-metal/model_cache/meta-llama/Llama-3.3-70B-Instruct/TG/tensor_cache_instruct_bfp8/layers.27.ffn_norm.weight_distributed_dtype_BFLOAT16_layout_ROW_MAJOR.tensorbin of shape Shape([1, 1, 64, 32])
 35%|███▌      | 28/80 [01:42<03:08,  3.62s/it]2026-08-29 11:12:32.483 | DEBUG    | core:as_tensor:724 - Loaded cache for /proj_sw/user_dev/ctr-apbernal/tt-metal/model_cache/meta-llama/Llama-3.3-70B-Instruct/TG/tensor_cache_instruct_bfp8/layers.28.attention.wqkv_sharded_2d_prefetcher_dtype_BFLOAT8_B_layout_TILE.tensorbin of shape Shape([1, 1, 2048, 1280])
2026-08-29 11:12:32.850 | DEBUG    | core:as_tensor:724 - Loaded cache for /proj_sw/user_dev/ctr-apbernal/tt-metal/model_cache/meta-llama/Llama-3.3-70B-Instruct/TG/tensor_cache_instruct_bfp8/layers.28.attention.wqkv_sharded_2d_dram_dtype_BFLOAT8_B_layout_TILE.tensorbin of shape Shape([1, 1, 2048, 1280])
2026-08-29 11:12:33.003 | DEBUG    | core:as_tensor:724 - Loaded cache for /proj_sw/user_dev/ctr-apbernal/tt-metal/model_cache/meta-llama/Llama-3.3-70B-Instruct/TG/tensor_cache_instruct_bfp8/layers.28.attention.wo_width_sharded_2d_prefetcher_dtype_BFLOAT8_B_layout_TILE.tensorbin of shape Shape([1, 1, 1024, 2048])
2026-08-29 11:12:33.190 | DEBUG    | core:as_tensor:724 - Loaded cache for /proj_sw/user_dev/ctr-apbernal/tt-metal/model_cache/meta-llama/Llama-3.3-70B-Instruct/TG/tensor_cache_instruct_bfp8/layers.28.attention.wo_width_sharded_2d_dram_dtype_BFLOAT8_B_layout_TILE.tensorbin of shape Shape([1, 1, 1024, 2048])
2026-08-29 11:12:33.445 | DEBUG    | core:as_tensor:724 - Loaded cache for /proj_sw/user_dev/ctr-apbernal/tt-metal/model_cache/meta-llama/Llama-3.3-70B-Instruct/TG/tensor_cache_instruct_bfp8/layers.28.attention.wo_col_sharded_dram_dtype_BFLOAT8_B_layout_TILE.tensorbin of shape Shape([1, 1, 8192, 2048])
2026-08-29 11:12:33.459 | DEBUG    | core:as_tensor:724 - Loaded cache for /proj_sw/user_dev/ctr-apbernal/tt-metal/model_cache/meta-llama/Llama-3.3-70B-Instruct/TG/tensor_cache_instruct_bfp8/kvcache_torch.Size([2048, 1, 64, 128])_dtype_BFLOAT8_B_layout_TILE.tensorbin of shape Shape([2048, 1, 64, 128])
2026-08-29 11:12:33.468 | DEBUG    | core:as_tensor:724 - Loaded cache for /proj_sw/user_dev/ctr-apbernal/tt-metal/model_cache/meta-llama/Llama-3.3-70B-Instruct/TG/tensor_cache_instruct_bfp8/kvcache_torch.Size([2048, 1, 64, 128])_dtype_BFLOAT8_B_layout_TILE.tensorbin of shape Shape([2048, 1, 64, 128])
2026-08-29 11:12:33.787 | DEBUG    | core:as_tensor:724 - Loaded cache for /proj_sw/user_dev/ctr-apbernal/tt-metal/model_cache/meta-llama/Llama-3.3-70B-Instruct/TG/tensor_cache_instruct_bfp8/layers.28.feed_forward.w1_shardedprefetcher_dtype_BFLOAT4_B_layout_TILE.tensorbin of shape Shape([1, 1, 2048, 3584])
2026-08-29 11:12:34.297 | DEBUG    | core:as_tensor:724 - Loaded cache for /proj_sw/user_dev/ctr-apbernal/tt-metal/model_cache/meta-llama/Llama-3.3-70B-Instruct/TG/tensor_cache_instruct_bfp8/layers.28.feed_forward.w2_shardedprefetcher_dtype_BFLOAT8_B_layout_TILE.tensorbin of shape Shape([1, 1, 3584, 2048])
2026-08-29 11:12:34.588 | DEBUG    | core:as_tensor:724 - Loaded cache for /proj_sw/user_dev/ctr-apbernal/tt-metal/model_cache/meta-llama/Llama-3.3-70B-Instruct/TG/tensor_cache_instruct_bfp8/layers.28.feed_forward.w3_shardedprefetcher_dtype_BFLOAT4_B_layout_TILE.tensorbin of shape Shape([1, 1, 2048, 3584])
2026-08-29 11:12:34.879 | DEBUG    | core:as_tensor:724 - Loaded cache for /proj_sw/user_dev/ctr-apbernal/tt-metal/model_cache/meta-llama/Llama-3.3-70B-Instruct/TG/tensor_cache_instruct_bfp8/layers.28.feed_forward.w1_interleavedprefetcher_dtype_BFLOAT4_B_layout_TILE.tensorbin of shape Shape([1, 1, 2048, 3584])
2026-08-29 11:12:35.401 | DEBUG    | core:as_tensor:724 - Loaded cache for /proj_sw/user_dev/ctr-apbernal/tt-metal/model_cache/meta-llama/Llama-3.3-70B-Instruct/TG/tensor_cache_instruct_bfp8/layers.28.feed_forward.w2_interleavedprefetcher_dtype_BFLOAT8_B_layout_TILE.tensorbin of shape Shape([1, 1, 3584, 2048])
2026-08-29 11:12:35.682 | DEBUG    | core:as_tensor:724 - Loaded cache for /proj_sw/user_dev/ctr-apbernal/tt-metal/model_cache/meta-llama/Llama-3.3-70B-Instruct/TG/tensor_cache_instruct_bfp8/layers.28.feed_forward.w3_interleavedprefetcher_dtype_BFLOAT4_B_layout_TILE.tensorbin of shape Shape([1, 1, 2048, 3584])
2026-08-29 11:12:35.685 | DEBUG    | core:as_tensor:724 - Loaded cache for /proj_sw/user_dev/ctr-apbernal/tt-metal/model_cache/meta-llama/Llama-3.3-70B-Instruct/TG/tensor_cache_instruct_bfp8/layers.28.attention_norm.weight_dtype_BFLOAT16_layout_ROW_MAJOR.tensorbin of shape Shape([1, 1, 256, 32])
2026-08-29 11:12:35.687 | DEBUG    | core:as_tensor:724 - Loaded cache for /proj_sw/user_dev/ctr-apbernal/tt-metal/model_cache/meta-llama/Llama-3.3-70B-Instruct/TG/tensor_cache_instruct_bfp8/layers.28.attention_norm.weight_distributed_dtype_BFLOAT16_layout_ROW_MAJOR.tensorbin of shape Shape([1, 1, 64, 32])
2026-08-29 11:12:35.690 | DEBUG    | core:as_tensor:724 - Loaded cache for /proj_sw/user_dev/ctr-apbernal/tt-metal/model_cache/meta-llama/Llama-3.3-70B-Instruct/TG/tensor_cache_instruct_bfp8/layers.28.ffn_norm.weight_dtype_BFLOAT16_layout_ROW_MAJOR.tensorbin of shape Shape([1, 1, 256, 32])
2026-08-29 11:12:35.692 | DEBUG    | core:as_tensor:724 - Loaded cache for /proj_sw/user_dev/ctr-apbernal/tt-metal/model_cache/meta-llama/Llama-3.3-70B-Instruct/TG/tensor_cache_instruct_bfp8/layers.28.ffn_norm.weight_distributed_dtype_BFLOAT16_layout_ROW_MAJOR.tensorbin of shape Shape([1, 1, 64, 32])
 36%|███▋      | 29/80 [01:46<03:04,  3.61s/it]2026-08-29 11:12:36.038 | DEBUG    | core:as_tensor:724 - Loaded cache for /proj_sw/user_dev/ctr-apbernal/tt-metal/model_cache/meta-llama/Llama-3.3-70B-Instruct/TG/tensor_cache_instruct_bfp8/layers.29.attention.wqkv_sharded_2d_prefetcher_dtype_BFLOAT8_B_layout_TILE.tensorbin of shape Shape([1, 1, 2048, 1280])
2026-08-29 11:12:36.306 | DEBUG    | core:as_tensor:724 - Loaded cache for /proj_sw/user_dev/ctr-apbernal/tt-metal/model_cache/meta-llama/Llama-3.3-70B-Instruct/TG/tensor_cache_instruct_bfp8/layers.29.attention.wqkv_sharded_2d_dram_dtype_BFLOAT8_B_layout_TILE.tensorbin of shape Shape([1, 1, 2048, 1280])
2026-08-29 11:12:36.535 | DEBUG    | core:as_tensor:724 - Loaded cache for /proj_sw/user_dev/ctr-apbernal/tt-metal/model_cache/meta-llama/Llama-3.3-70B-Instruct/TG/tensor_cache_instruct_bfp8/layers.29.attention.wo_width_sharded_2d_prefetcher_dtype_BFLOAT8_B_layout_TILE.tensorbin of shape Shape([1, 1, 1024, 2048])
2026-08-29 11:12:36.760 | DEBUG    | core:as_tensor:724 - Loaded cache for /proj_sw/user_dev/ctr-apbernal/tt-metal/model_cache/meta-llama/Llama-3.3-70B-Instruct/TG/tensor_cache_instruct_bfp8/layers.29.attention.wo_width_sharded_2d_dram_dtype_BFLOAT8_B_layout_TILE.tensorbin of shape Shape([1, 1, 1024, 2048])
2026-08-29 11:12:36.996 | DEBUG    | core:as_tensor:724 - Loaded cache for /proj_sw/user_dev/ctr-apbernal/tt-metal/model_cache/meta-llama/Llama-3.3-70B-Instruct/TG/tensor_cache_instruct_bfp8/layers.29.attention.wo_col_sharded_dram_dtype_BFLOAT8_B_layout_TILE.tensorbin of shape Shape([1, 1, 8192, 2048])
2026-08-29 11:12:37.011 | DEBUG    | core:as_tensor:724 - Loaded cache for /proj_sw/user_dev/ctr-apbernal/tt-metal/model_cache/meta-llama/Llama-3.3-70B-Instruct/TG/tensor_cache_instruct_bfp8/kvcache_torch.Size([2048, 1, 64, 128])_dtype_BFLOAT8_B_layout_TILE.tensorbin of shape Shape([2048, 1, 64, 128])
2026-08-29 11:12:37.019 | DEBUG    | core:as_tensor:724 - Loaded cache for /proj_sw/user_dev/ctr-apbernal/tt-metal/model_cache/meta-llama/Llama-3.3-70B-Instruct/TG/tensor_cache_instruct_bfp8/kvcache_torch.Size([2048, 1, 64, 128])_dtype_BFLOAT8_B_layout_TILE.tensorbin of shape Shape([2048, 1, 64, 128])
2026-08-29 11:12:37.323 | DEBUG    | core:as_tensor:724 - Loaded cache for /proj_sw/user_dev/ctr-apbernal/tt-metal/model_cache/meta-llama/Llama-3.3-70B-Instruct/TG/tensor_cache_instruct_bfp8/layers.29.feed_forward.w1_shardedprefetcher_dtype_BFLOAT4_B_layout_TILE.tensorbin of shape Shape([1, 1, 2048, 3584])
2026-08-29 11:12:37.839 | DEBUG    | core:as_tensor:724 - Loaded cache for /proj_sw/user_dev/ctr-apbernal/tt-metal/model_cache/meta-llama/Llama-3.3-70B-Instruct/TG/tensor_cache_instruct_bfp8/layers.29.feed_forward.w2_shardedprefetcher_dtype_BFLOAT8_B_layout_TILE.tensorbin of shape Shape([1, 1, 3584, 2048])
2026-08-29 11:12:38.184 | DEBUG    | core:as_tensor:724 - Loaded cache for /proj_sw/user_dev/ctr-apbernal/tt-metal/model_cache/meta-llama/Llama-3.3-70B-Instruct/TG/tensor_cache_instruct_bfp8/layers.29.feed_forward.w3_shardedprefetcher_dtype_BFLOAT4_B_layout_TILE.tensorbin of shape Shape([1, 1, 2048, 3584])
2026-08-29 11:12:38.471 | DEBUG    | core:as_tensor:724 - Loaded cache for /proj_sw/user_dev/ctr-apbernal/tt-metal/model_cache/meta-llama/Llama-3.3-70B-Instruct/TG/tensor_cache_instruct_bfp8/layers.29.feed_forward.w1_interleavedprefetcher_dtype_BFLOAT4_B_layout_TILE.tensorbin of shape Shape([1, 1, 2048, 3584])
2026-08-29 11:12:38.985 | DEBUG    | core:as_tensor:724 - Loaded cache for /proj_sw/user_dev/ctr-apbernal/tt-metal/model_cache/meta-llama/Llama-3.3-70B-Instruct/TG/tensor_cache_instruct_bfp8/layers.29.feed_forward.w2_interleavedprefetcher_dtype_BFLOAT8_B_layout_TILE.tensorbin of shape Shape([1, 1, 3584, 2048])
2026-08-29 11:12:39.271 | DEBUG    | core:as_tensor:724 - Loaded cache for /proj_sw/user_dev/ctr-apbernal/tt-metal/model_cache/meta-llama/Llama-3.3-70B-Instruct/TG/tensor_cache_instruct_bfp8/layers.29.feed_forward.w3_interleavedprefetcher_dtype_BFLOAT4_B_layout_TILE.tensorbin of shape Shape([1, 1, 2048, 3584])
2026-08-29 11:12:39.274 | DEBUG    | core:as_tensor:724 - Loaded cache for /proj_sw/user_dev/ctr-apbernal/tt-metal/model_cache/meta-llama/Llama-3.3-70B-Instruct/TG/tensor_cache_instruct_bfp8/layers.29.attention_norm.weight_dtype_BFLOAT16_layout_ROW_MAJOR.tensorbin of shape Shape([1, 1, 256, 32])
2026-08-29 11:12:39.277 | DEBUG    | core:as_tensor:724 - Loaded cache for /proj_sw/user_dev/ctr-apbernal/tt-metal/model_cache/meta-llama/Llama-3.3-70B-Instruct/TG/tensor_cache_instruct_bfp8/layers.29.attention_norm.weight_distributed_dtype_BFLOAT16_layout_ROW_MAJOR.tensorbin of shape Shape([1, 1, 64, 32])
2026-08-29 11:12:39.279 | DEBUG    | core:as_tensor:724 - Loaded cache for /proj_sw/user_dev/ctr-apbernal/tt-metal/model_cache/meta-llama/Llama-3.3-70B-Instruct/TG/tensor_cache_instruct_bfp8/layers.29.ffn_norm.weight_dtype_BFLOAT16_layout_ROW_MAJOR.tensorbin of shape Shape([1, 1, 256, 32])
2026-08-29 11:12:39.281 | DEBUG    | core:as_tensor:724 - Loaded cache for /proj_sw/user_dev/ctr-apbernal/tt-metal/model_cache/meta-llama/Llama-3.3-70B-Instruct/TG/tensor_cache_instruct_bfp8/layers.29.ffn_norm.weight_distributed_dtype_BFLOAT16_layout_ROW_MAJOR.tensorbin of shape Shape([1, 1, 64, 32])
 38%|███▊      | 30/80 [01:49<03:00,  3.61s/it]2026-08-29 11:12:39.519 | DEBUG    | core:as_tensor:724 - Loaded cache for /proj_sw/user_dev/ctr-apbernal/tt-metal/model_cache/meta-llama/Llama-3.3-70B-Instruct/TG/tensor_cache_instruct_bfp8/layers.30.attention.wqkv_sharded_2d_prefetcher_dtype_BFLOAT8_B_layout_TILE.tensorbin of shape Shape([1, 1, 2048, 1280])
2026-08-29 11:12:39.811 | DEBUG    | core:as_tensor:724 - Loaded cache for /proj_sw/user_dev/ctr-apbernal/tt-metal/model_cache/meta-llama/Llama-3.3-70B-Instruct/TG/tensor_cache_instruct_bfp8/layers.30.attention.wqkv_sharded_2d_dram_dtype_BFLOAT8_B_layout_TILE.tensorbin of shape Shape([1, 1, 2048, 1280])
2026-08-29 11:12:40.060 | DEBUG    | core:as_tensor:724 - Loaded cache for /proj_sw/user_dev/ctr-apbernal/tt-metal/model_cache/meta-llama/Llama-3.3-70B-Instruct/TG/tensor_cache_instruct_bfp8/layers.30.attention.wo_width_sharded_2d_prefetcher_dtype_BFLOAT8_B_layout_TILE.tensorbin of shape Shape([1, 1, 1024, 2048])
2026-08-29 11:12:40.285 | DEBUG    | core:as_tensor:724 - Loaded cache for /proj_sw/user_dev/ctr-apbernal/tt-metal/model_cache/meta-llama/Llama-3.3-70B-Instruct/TG/tensor_cache_instruct_bfp8/layers.30.attention.wo_width_sharded_2d_dram_dtype_BFLOAT8_B_layout_TILE.tensorbin of shape Shape([1, 1, 1024, 2048])
2026-08-29 11:12:40.501 | DEBUG    | core:as_tensor:724 - Loaded cache for /proj_sw/user_dev/ctr-apbernal/tt-metal/model_cache/meta-llama/Llama-3.3-70B-Instruct/TG/tensor_cache_instruct_bfp8/layers.30.attention.wo_col_sharded_dram_dtype_BFLOAT8_B_layout_TILE.tensorbin of shape Shape([1, 1, 8192, 2048])
2026-08-29 11:12:40.516 | DEBUG    | core:as_tensor:724 - Loaded cache for /proj_sw/user_dev/ctr-apbernal/tt-metal/model_cache/meta-llama/Llama-3.3-70B-Instruct/TG/tensor_cache_instruct_bfp8/kvcache_torch.Size([2048, 1, 64, 128])_dtype_BFLOAT8_B_layout_TILE.tensorbin of shape Shape([2048, 1, 64, 128])
2026-08-29 11:12:40.525 | DEBUG    | core:as_tensor:724 - Loaded cache for /proj_sw/user_dev/ctr-apbernal/tt-metal/model_cache/meta-llama/Llama-3.3-70B-Instruct/TG/tensor_cache_instruct_bfp8/kvcache_torch.Size([2048, 1, 64, 128])_dtype_BFLOAT8_B_layout_TILE.tensorbin of shape Shape([2048, 1, 64, 128])
2026-08-29 11:12:40.836 | DEBUG    | core:as_tensor:724 - Loaded cache for /proj_sw/user_dev/ctr-apbernal/tt-metal/model_cache/meta-llama/Llama-3.3-70B-Instruct/TG/tensor_cache_instruct_bfp8/layers.30.feed_forward.w1_shardedprefetcher_dtype_BFLOAT4_B_layout_TILE.tensorbin of shape Shape([1, 1, 2048, 3584])
2026-08-29 11:12:41.356 | DEBUG    | core:as_tensor:724 - Loaded cache for /proj_sw/user_dev/ctr-apbernal/tt-metal/model_cache/meta-llama/Llama-3.3-70B-Instruct/TG/tensor_cache_instruct_bfp8/layers.30.feed_forward.w2_shardedprefetcher_dtype_BFLOAT8_B_layout_TILE.tensorbin of shape Shape([1, 1, 3584, 2048])
2026-08-29 11:12:41.650 | DEBUG    | core:as_tensor:724 - Loaded cache for /proj_sw/user_dev/ctr-apbernal/tt-metal/model_cache/meta-llama/Llama-3.3-70B-Instruct/TG/tensor_cache_instruct_bfp8/layers.30.feed_forward.w3_shardedprefetcher_dtype_BFLOAT4_B_layout_TILE.tensorbin of shape Shape([1, 1, 2048, 3584])
2026-08-29 11:12:41.944 | DEBUG    | core:as_tensor:724 - Loaded cache for /proj_sw/user_dev/ctr-apbernal/tt-metal/model_cache/meta-llama/Llama-3.3-70B-Instruct/TG/tensor_cache_instruct_bfp8/layers.30.feed_forward.w1_interleavedprefetcher_dtype_BFLOAT4_B_layout_TILE.tensorbin of shape Shape([1, 1, 2048, 3584])
2026-08-29 11:12:42.463 | DEBUG    | core:as_tensor:724 - Loaded cache for /proj_sw/user_dev/ctr-apbernal/tt-metal/model_cache/meta-llama/Llama-3.3-70B-Instruct/TG/tensor_cache_instruct_bfp8/layers.30.feed_forward.w2_interleavedprefetcher_dtype_BFLOAT8_B_layout_TILE.tensorbin of shape Shape([1, 1, 3584, 2048])
2026-08-29 11:12:42.756 | DEBUG    | core:as_tensor:724 - Loaded cache for /proj_sw/user_dev/ctr-apbernal/tt-metal/model_cache/meta-llama/Llama-3.3-70B-Instruct/TG/tensor_cache_instruct_bfp8/layers.30.feed_forward.w3_interleavedprefetcher_dtype_BFLOAT4_B_layout_TILE.tensorbin of shape Shape([1, 1, 2048, 3584])
2026-08-29 11:12:42.759 | DEBUG    | core:as_tensor:724 - Loaded cache for /proj_sw/user_dev/ctr-apbernal/tt-metal/model_cache/meta-llama/Llama-3.3-70B-Instruct/TG/tensor_cache_instruct_bfp8/layers.30.attention_norm.weight_dtype_BFLOAT16_layout_ROW_MAJOR.tensorbin of shape Shape([1, 1, 256, 32])
2026-08-29 11:12:42.761 | DEBUG    | core:as_tensor:724 - Loaded cache for /proj_sw/user_dev/ctr-apbernal/tt-metal/model_cache/meta-llama/Llama-3.3-70B-Instruct/TG/tensor_cache_instruct_bfp8/layers.30.attention_norm.weight_distributed_dtype_BFLOAT16_layout_ROW_MAJOR.tensorbin of shape Shape([1, 1, 64, 32])
2026-08-29 11:12:42.764 | DEBUG    | core:as_tensor:724 - Loaded cache for /proj_sw/user_dev/ctr-apbernal/tt-metal/model_cache/meta-llama/Llama-3.3-70B-Instruct/TG/tensor_cache_instruct_bfp8/layers.30.ffn_norm.weight_dtype_BFLOAT16_layout_ROW_MAJOR.tensorbin of shape Shape([1, 1, 256, 32])
2026-08-29 11:12:42.766 | DEBUG    | core:as_tensor:724 - Loaded cache for /proj_sw/user_dev/ctr-apbernal/tt-metal/model_cache/meta-llama/Llama-3.3-70B-Instruct/TG/tensor_cache_instruct_bfp8/layers.30.ffn_norm.weight_distributed_dtype_BFLOAT16_layout_ROW_MAJOR.tensorbin of shape Shape([1, 1, 64, 32])
 39%|███▉      | 31/80 [01:53<02:54,  3.57s/it]2026-08-29 11:12:43.060 | DEBUG    | core:as_tensor:724 - Loaded cache for /proj_sw/user_dev/ctr-apbernal/tt-metal/model_cache/meta-llama/Llama-3.3-70B-Instruct/TG/tensor_cache_instruct_bfp8/layers.31.attention.wqkv_sharded_2d_prefetcher_dtype_BFLOAT8_B_layout_TILE.tensorbin of shape Shape([1, 1, 2048, 1280])
2026-08-29 11:12:43.269 | DEBUG    | core:as_tensor:724 - Loaded cache for /proj_sw/user_dev/ctr-apbernal/tt-metal/model_cache/meta-llama/Llama-3.3-70B-Instruct/TG/tensor_cache_instruct_bfp8/layers.31.attention.wqkv_sharded_2d_dram_dtype_BFLOAT8_B_layout_TILE.tensorbin of shape Shape([1, 1, 2048, 1280])
2026-08-29 11:12:43.542 | DEBUG    | core:as_tensor:724 - Loaded cache for /proj_sw/user_dev/ctr-apbernal/tt-metal/model_cache/meta-llama/Llama-3.3-70B-Instruct/TG/tensor_cache_instruct_bfp8/layers.31.attention.wo_width_sharded_2d_prefetcher_dtype_BFLOAT8_B_layout_TILE.tensorbin of shape Shape([1, 1, 1024, 2048])
2026-08-29 11:12:43.785 | DEBUG    | core:as_tensor:724 - Loaded cache for /proj_sw/user_dev/ctr-apbernal/tt-metal/model_cache/meta-llama/Llama-3.3-70B-Instruct/TG/tensor_cache_instruct_bfp8/layers.31.attention.wo_width_sharded_2d_dram_dtype_BFLOAT8_B_layout_TILE.tensorbin of shape Shape([1, 1, 1024, 2048])
2026-08-29 11:12:43.942 | DEBUG    | core:as_tensor:724 - Loaded cache for /proj_sw/user_dev/ctr-apbernal/tt-metal/model_cache/meta-llama/Llama-3.3-70B-Instruct/TG/tensor_cache_instruct_bfp8/layers.31.attention.wo_col_sharded_dram_dtype_BFLOAT8_B_layout_TILE.tensorbin of shape Shape([1, 1, 8192, 2048])
2026-08-29 11:12:43.956 | DEBUG    | core:as_tensor:724 - Loaded cache for /proj_sw/user_dev/ctr-apbernal/tt-metal/model_cache/meta-llama/Llama-3.3-70B-Instruct/TG/tensor_cache_instruct_bfp8/kvcache_torch.Size([2048, 1, 64, 128])_dtype_BFLOAT8_B_layout_TILE.tensorbin of shape Shape([2048, 1, 64, 128])
2026-08-29 11:12:43.965 | DEBUG    | core:as_tensor:724 - Loaded cache for /proj_sw/user_dev/ctr-apbernal/tt-metal/model_cache/meta-llama/Llama-3.3-70B-Instruct/TG/tensor_cache_instruct_bfp8/kvcache_torch.Size([2048, 1, 64, 128])_dtype_BFLOAT8_B_layout_TILE.tensorbin of shape Shape([2048, 1, 64, 128])
2026-08-29 11:12:44.280 | DEBUG    | core:as_tensor:724 - Loaded cache for /proj_sw/user_dev/ctr-apbernal/tt-metal/model_cache/meta-llama/Llama-3.3-70B-Instruct/TG/tensor_cache_instruct_bfp8/layers.31.feed_forward.w1_shardedprefetcher_dtype_BFLOAT4_B_layout_TILE.tensorbin of shape Shape([1, 1, 2048, 3584])
2026-08-29 11:12:44.793 | DEBUG    | core:as_tensor:724 - Loaded cache for /proj_sw/user_dev/ctr-apbernal/tt-metal/model_cache/meta-llama/Llama-3.3-70B-Instruct/TG/tensor_cache_instruct_bfp8/layers.31.feed_forward.w2_shardedprefetcher_dtype_BFLOAT8_B_layout_TILE.tensorbin of shape Shape([1, 1, 3584, 2048])
2026-08-29 11:12:45.080 | DEBUG    | core:as_tensor:724 - Loaded cache for /proj_sw/user_dev/ctr-apbernal/tt-metal/model_cache/meta-llama/Llama-3.3-70B-Instruct/TG/tensor_cache_instruct_bfp8/layers.31.feed_forward.w3_shardedprefetcher_dtype_BFLOAT4_B_layout_TILE.tensorbin of shape Shape([1, 1, 2048, 3584])
2026-08-29 11:12:45.370 | DEBUG    | core:as_tensor:724 - Loaded cache for /proj_sw/user_dev/ctr-apbernal/tt-metal/model_cache/meta-llama/Llama-3.3-70B-Instruct/TG/tensor_cache_instruct_bfp8/layers.31.feed_forward.w1_interleavedprefetcher_dtype_BFLOAT4_B_layout_TILE.tensorbin of shape Shape([1, 1, 2048, 3584])
2026-08-29 11:12:45.886 | DEBUG    | core:as_tensor:724 - Loaded cache for /proj_sw/user_dev/ctr-apbernal/tt-metal/model_cache/meta-llama/Llama-3.3-70B-Instruct/TG/tensor_cache_instruct_bfp8/layers.31.feed_forward.w2_interleavedprefetcher_dtype_BFLOAT8_B_layout_TILE.tensorbin of shape Shape([1, 1, 3584, 2048])
2026-08-29 11:12:46.168 | DEBUG    | core:as_tensor:724 - Loaded cache for /proj_sw/user_dev/ctr-apbernal/tt-metal/model_cache/meta-llama/Llama-3.3-70B-Instruct/TG/tensor_cache_instruct_bfp8/layers.31.feed_forward.w3_interleavedprefetcher_dtype_BFLOAT4_B_layout_TILE.tensorbin of shape Shape([1, 1, 2048, 3584])
2026-08-29 11:12:46.171 | DEBUG    | core:as_tensor:724 - Loaded cache for /proj_sw/user_dev/ctr-apbernal/tt-metal/model_cache/meta-llama/Llama-3.3-70B-Instruct/TG/tensor_cache_instruct_bfp8/layers.31.attention_norm.weight_dtype_BFLOAT16_layout_ROW_MAJOR.tensorbin of shape Shape([1, 1, 256, 32])
2026-08-29 11:12:46.174 | DEBUG    | core:as_tensor:724 - Loaded cache for /proj_sw/user_dev/ctr-apbernal/tt-metal/model_cache/meta-llama/Llama-3.3-70B-Instruct/TG/tensor_cache_instruct_bfp8/layers.31.attention_norm.weight_distributed_dtype_BFLOAT16_layout_ROW_MAJOR.tensorbin of shape Shape([1, 1, 64, 32])
2026-08-29 11:12:46.176 | DEBUG    | core:as_tensor:724 - Loaded cache for /proj_sw/user_dev/ctr-apbernal/tt-metal/model_cache/meta-llama/Llama-3.3-70B-Instruct/TG/tensor_cache_instruct_bfp8/layers.31.ffn_norm.weight_dtype_BFLOAT16_layout_ROW_MAJOR.tensorbin of shape Shape([1, 1, 256, 32])
2026-08-29 11:12:46.179 | DEBUG    | core:as_tensor:724 - Loaded cache for /proj_sw/user_dev/ctr-apbernal/tt-metal/model_cache/meta-llama/Llama-3.3-70B-Instruct/TG/tensor_cache_instruct_bfp8/layers.31.ffn_norm.weight_distributed_dtype_BFLOAT16_layout_ROW_MAJOR.tensorbin of shape Shape([1, 1, 64, 32])
 40%|████      | 32/80 [01:56<02:49,  3.52s/it]2026-08-29 11:12:46.571 | DEBUG    | core:as_tensor:724 - Loaded cache for /proj_sw/user_dev/ctr-apbernal/tt-metal/model_cache/meta-llama/Llama-3.3-70B-Instruct/TG/tensor_cache_instruct_bfp8/layers.32.attention.wqkv_sharded_2d_prefetcher_dtype_BFLOAT8_B_layout_TILE.tensorbin of shape Shape([1, 1, 2048, 1280])
2026-08-29 11:12:46.844 | DEBUG    | core:as_tensor:724 - Loaded cache for /proj_sw/user_dev/ctr-apbernal/tt-metal/model_cache/meta-llama/Llama-3.3-70B-Instruct/TG/tensor_cache_instruct_bfp8/layers.32.attention.wqkv_sharded_2d_dram_dtype_BFLOAT8_B_layout_TILE.tensorbin of shape Shape([1, 1, 2048, 1280])
2026-08-29 11:12:46.995 | DEBUG    | core:as_tensor:724 - Loaded cache for /proj_sw/user_dev/ctr-apbernal/tt-metal/model_cache/meta-llama/Llama-3.3-70B-Instruct/TG/tensor_cache_instruct_bfp8/layers.32.attention.wo_width_sharded_2d_prefetcher_dtype_BFLOAT8_B_layout_TILE.tensorbin of shape Shape([1, 1, 1024, 2048])
2026-08-29 11:12:47.325 | DEBUG    | core:as_tensor:724 - Loaded cache for /proj_sw/user_dev/ctr-apbernal/tt-metal/model_cache/meta-llama/Llama-3.3-70B-Instruct/TG/tensor_cache_instruct_bfp8/layers.32.attention.wo_width_sharded_2d_dram_dtype_BFLOAT8_B_layout_TILE.tensorbin of shape Shape([1, 1, 1024, 2048])
2026-08-29 11:12:47.605 | DEBUG    | core:as_tensor:724 - Loaded cache for /proj_sw/user_dev/ctr-apbernal/tt-metal/model_cache/meta-llama/Llama-3.3-70B-Instruct/TG/tensor_cache_instruct_bfp8/layers.32.attention.wo_col_sharded_dram_dtype_BFLOAT8_B_layout_TILE.tensorbin of shape Shape([1, 1, 8192, 2048])
2026-08-29 11:12:47.620 | DEBUG    | core:as_tensor:724 - Loaded cache for /proj_sw/user_dev/ctr-apbernal/tt-metal/model_cache/meta-llama/Llama-3.3-70B-Instruct/TG/tensor_cache_instruct_bfp8/kvcache_torch.Size([2048, 1, 64, 128])_dtype_BFLOAT8_B_layout_TILE.tensorbin of shape Shape([2048, 1, 64, 128])
2026-08-29 11:12:47.629 | DEBUG    | core:as_tensor:724 - Loaded cache for /proj_sw/user_dev/ctr-apbernal/tt-metal/model_cache/meta-llama/Llama-3.3-70B-Instruct/TG/tensor_cache_instruct_bfp8/kvcache_torch.Size([2048, 1, 64, 128])_dtype_BFLOAT8_B_layout_TILE.tensorbin of shape Shape([2048, 1, 64, 128])
2026-08-29 11:12:47.937 | DEBUG    | core:as_tensor:724 - Loaded cache for /proj_sw/user_dev/ctr-apbernal/tt-metal/model_cache/meta-llama/Llama-3.3-70B-Instruct/TG/tensor_cache_instruct_bfp8/layers.32.feed_forward.w1_shardedprefetcher_dtype_BFLOAT4_B_layout_TILE.tensorbin of shape Shape([1, 1, 2048, 3584])
2026-08-29 11:12:48.464 | DEBUG    | core:as_tensor:724 - Loaded cache for /proj_sw/user_dev/ctr-apbernal/tt-metal/model_cache/meta-llama/Llama-3.3-70B-Instruct/TG/tensor_cache_instruct_bfp8/layers.32.feed_forward.w2_shardedprefetcher_dtype_BFLOAT8_B_layout_TILE.tensorbin of shape Shape([1, 1, 3584, 2048])
2026-08-29 11:12:48.756 | DEBUG    | core:as_tensor:724 - Loaded cache for /proj_sw/user_dev/ctr-apbernal/tt-metal/model_cache/meta-llama/Llama-3.3-70B-Instruct/TG/tensor_cache_instruct_bfp8/layers.32.feed_forward.w3_shardedprefetcher_dtype_BFLOAT4_B_layout_TILE.tensorbin of shape Shape([1, 1, 2048, 3584])
2026-08-29 11:12:49.038 | DEBUG    | core:as_tensor:724 - Loaded cache for /proj_sw/user_dev/ctr-apbernal/tt-metal/model_cache/meta-llama/Llama-3.3-70B-Instruct/TG/tensor_cache_instruct_bfp8/layers.32.feed_forward.w1_interleavedprefetcher_dtype_BFLOAT4_B_layout_TILE.tensorbin of shape Shape([1, 1, 2048, 3584])
2026-08-29 11:12:49.560 | DEBUG    | core:as_tensor:724 - Loaded cache for /proj_sw/user_dev/ctr-apbernal/tt-metal/model_cache/meta-llama/Llama-3.3-70B-Instruct/TG/tensor_cache_instruct_bfp8/layers.32.feed_forward.w2_interleavedprefetcher_dtype_BFLOAT8_B_layout_TILE.tensorbin of shape Shape([1, 1, 3584, 2048])
2026-08-29 11:12:49.856 | DEBUG    | core:as_tensor:724 - Loaded cache for /proj_sw/user_dev/ctr-apbernal/tt-metal/model_cache/meta-llama/Llama-3.3-70B-Instruct/TG/tensor_cache_instruct_bfp8/layers.32.feed_forward.w3_interleavedprefetcher_dtype_BFLOAT4_B_layout_TILE.tensorbin of shape Shape([1, 1, 2048, 3584])
2026-08-29 11:12:49.860 | DEBUG    | core:as_tensor:724 - Loaded cache for /proj_sw/user_dev/ctr-apbernal/tt-metal/model_cache/meta-llama/Llama-3.3-70B-Instruct/TG/tensor_cache_instruct_bfp8/layers.32.attention_norm.weight_dtype_BFLOAT16_layout_ROW_MAJOR.tensorbin of shape Shape([1, 1, 256, 32])
2026-08-29 11:12:49.862 | DEBUG    | core:as_tensor:724 - Loaded cache for /proj_sw/user_dev/ctr-apbernal/tt-metal/model_cache/meta-llama/Llama-3.3-70B-Instruct/TG/tensor_cache_instruct_bfp8/layers.32.attention_norm.weight_distributed_dtype_BFLOAT16_layout_ROW_MAJOR.tensorbin of shape Shape([1, 1, 64, 32])
2026-08-29 11:12:49.865 | DEBUG    | core:as_tensor:724 - Loaded cache for /proj_sw/user_dev/ctr-apbernal/tt-metal/model_cache/meta-llama/Llama-3.3-70B-Instruct/TG/tensor_cache_instruct_bfp8/layers.32.ffn_norm.weight_dtype_BFLOAT16_layout_ROW_MAJOR.tensorbin of shape Shape([1, 1, 256, 32])
2026-08-29 11:12:49.867 | DEBUG    | core:as_tensor:724 - Loaded cache for /proj_sw/user_dev/ctr-apbernal/tt-metal/model_cache/meta-llama/Llama-3.3-70B-Instruct/TG/tensor_cache_instruct_bfp8/layers.32.ffn_norm.weight_distributed_dtype_BFLOAT16_layout_ROW_MAJOR.tensorbin of shape Shape([1, 1, 64, 32])
 41%|████▏     | 33/80 [02:00<02:47,  3.57s/it]2026-08-29 11:12:50.112 | DEBUG    | core:as_tensor:724 - Loaded cache for /proj_sw/user_dev/ctr-apbernal/tt-metal/model_cache/meta-llama/Llama-3.3-70B-Instruct/TG/tensor_cache_instruct_bfp8/layers.33.attention.wqkv_sharded_2d_prefetcher_dtype_BFLOAT8_B_layout_TILE.tensorbin of shape Shape([1, 1, 2048, 1280])
2026-08-29 11:12:50.434 | DEBUG    | core:as_tensor:724 - Loaded cache for /proj_sw/user_dev/ctr-apbernal/tt-metal/model_cache/meta-llama/Llama-3.3-70B-Instruct/TG/tensor_cache_instruct_bfp8/layers.33.attention.wqkv_sharded_2d_dram_dtype_BFLOAT8_B_layout_TILE.tensorbin of shape Shape([1, 1, 2048, 1280])
2026-08-29 11:12:50.666 | DEBUG    | core:as_tensor:724 - Loaded cache for /proj_sw/user_dev/ctr-apbernal/tt-metal/model_cache/meta-llama/Llama-3.3-70B-Instruct/TG/tensor_cache_instruct_bfp8/layers.33.attention.wo_width_sharded_2d_prefetcher_dtype_BFLOAT8_B_layout_TILE.tensorbin of shape Shape([1, 1, 1024, 2048])
2026-08-29 11:12:50.914 | DEBUG    | core:as_tensor:724 - Loaded cache for /proj_sw/user_dev/ctr-apbernal/tt-metal/model_cache/meta-llama/Llama-3.3-70B-Instruct/TG/tensor_cache_instruct_bfp8/layers.33.attention.wo_width_sharded_2d_dram_dtype_BFLOAT8_B_layout_TILE.tensorbin of shape Shape([1, 1, 1024, 2048])
2026-08-29 11:12:51.153 | DEBUG    | core:as_tensor:724 - Loaded cache for /proj_sw/user_dev/ctr-apbernal/tt-metal/model_cache/meta-llama/Llama-3.3-70B-Instruct/TG/tensor_cache_instruct_bfp8/layers.33.attention.wo_col_sharded_dram_dtype_BFLOAT8_B_layout_TILE.tensorbin of shape Shape([1, 1, 8192, 2048])
2026-08-29 11:12:51.167 | DEBUG    | core:as_tensor:724 - Loaded cache for /proj_sw/user_dev/ctr-apbernal/tt-metal/model_cache/meta-llama/Llama-3.3-70B-Instruct/TG/tensor_cache_instruct_bfp8/kvcache_torch.Size([2048, 1, 64, 128])_dtype_BFLOAT8_B_layout_TILE.tensorbin of shape Shape([2048, 1, 64, 128])
2026-08-29 11:12:51.175 | DEBUG    | core:as_tensor:724 - Loaded cache for /proj_sw/user_dev/ctr-apbernal/tt-metal/model_cache/meta-llama/Llama-3.3-70B-Instruct/TG/tensor_cache_instruct_bfp8/kvcache_torch.Size([2048, 1, 64, 128])_dtype_BFLOAT8_B_layout_TILE.tensorbin of shape Shape([2048, 1, 64, 128])
2026-08-29 11:12:51.482 | DEBUG    | core:as_tensor:724 - Loaded cache for /proj_sw/user_dev/ctr-apbernal/tt-metal/model_cache/meta-llama/Llama-3.3-70B-Instruct/TG/tensor_cache_instruct_bfp8/layers.33.feed_forward.w1_shardedprefetcher_dtype_BFLOAT4_B_layout_TILE.tensorbin of shape Shape([1, 1, 2048, 3584])
2026-08-29 11:12:51.994 | DEBUG    | core:as_tensor:724 - Loaded cache for /proj_sw/user_dev/ctr-apbernal/tt-metal/model_cache/meta-llama/Llama-3.3-70B-Instruct/TG/tensor_cache_instruct_bfp8/layers.33.feed_forward.w2_shardedprefetcher_dtype_BFLOAT8_B_layout_TILE.tensorbin of shape Shape([1, 1, 3584, 2048])
2026-08-29 11:12:52.290 | DEBUG    | core:as_tensor:724 - Loaded cache for /proj_sw/user_dev/ctr-apbernal/tt-metal/model_cache/meta-llama/Llama-3.3-70B-Instruct/TG/tensor_cache_instruct_bfp8/layers.33.feed_forward.w3_shardedprefetcher_dtype_BFLOAT4_B_layout_TILE.tensorbin of shape Shape([1, 1, 2048, 3584])
2026-08-29 11:12:52.575 | DEBUG    | core:as_tensor:724 - Loaded cache for /proj_sw/user_dev/ctr-apbernal/tt-metal/model_cache/meta-llama/Llama-3.3-70B-Instruct/TG/tensor_cache_instruct_bfp8/layers.33.feed_forward.w1_interleavedprefetcher_dtype_BFLOAT4_B_layout_TILE.tensorbin of shape Shape([1, 1, 2048, 3584])
2026-08-29 11:12:53.101 | DEBUG    | core:as_tensor:724 - Loaded cache for /proj_sw/user_dev/ctr-apbernal/tt-metal/model_cache/meta-llama/Llama-3.3-70B-Instruct/TG/tensor_cache_instruct_bfp8/layers.33.feed_forward.w2_interleavedprefetcher_dtype_BFLOAT8_B_layout_TILE.tensorbin of shape Shape([1, 1, 3584, 2048])
2026-08-29 11:12:53.394 | DEBUG    | core:as_tensor:724 - Loaded cache for /proj_sw/user_dev/ctr-apbernal/tt-metal/model_cache/meta-llama/Llama-3.3-70B-Instruct/TG/tensor_cache_instruct_bfp8/layers.33.feed_forward.w3_interleavedprefetcher_dtype_BFLOAT4_B_layout_TILE.tensorbin of shape Shape([1, 1, 2048, 3584])
2026-08-29 11:12:53.397 | DEBUG    | core:as_tensor:724 - Loaded cache for /proj_sw/user_dev/ctr-apbernal/tt-metal/model_cache/meta-llama/Llama-3.3-70B-Instruct/TG/tensor_cache_instruct_bfp8/layers.33.attention_norm.weight_dtype_BFLOAT16_layout_ROW_MAJOR.tensorbin of shape Shape([1, 1, 256, 32])
2026-08-29 11:12:53.400 | DEBUG    | core:as_tensor:724 - Loaded cache for /proj_sw/user_dev/ctr-apbernal/tt-metal/model_cache/meta-llama/Llama-3.3-70B-Instruct/TG/tensor_cache_instruct_bfp8/layers.33.attention_norm.weight_distributed_dtype_BFLOAT16_layout_ROW_MAJOR.tensorbin of shape Shape([1, 1, 64, 32])
2026-08-29 11:12:53.403 | DEBUG    | core:as_tensor:724 - Loaded cache for /proj_sw/user_dev/ctr-apbernal/tt-metal/model_cache/meta-llama/Llama-3.3-70B-Instruct/TG/tensor_cache_instruct_bfp8/layers.33.ffn_norm.weight_dtype_BFLOAT16_layout_ROW_MAJOR.tensorbin of shape Shape([1, 1, 256, 32])
2026-08-29 11:12:53.405 | DEBUG    | core:as_tensor:724 - Loaded cache for /proj_sw/user_dev/ctr-apbernal/tt-metal/model_cache/meta-llama/Llama-3.3-70B-Instruct/TG/tensor_cache_instruct_bfp8/layers.33.ffn_norm.weight_distributed_dtype_BFLOAT16_layout_ROW_MAJOR.tensorbin of shape Shape([1, 1, 64, 32])
 42%|████▎     | 34/80 [02:03<02:43,  3.56s/it]2026-08-29 11:12:53.681 | DEBUG    | core:as_tensor:724 - Loaded cache for /proj_sw/user_dev/ctr-apbernal/tt-metal/model_cache/meta-llama/Llama-3.3-70B-Instruct/TG/tensor_cache_instruct_bfp8/layers.34.attention.wqkv_sharded_2d_prefetcher_dtype_BFLOAT8_B_layout_TILE.tensorbin of shape Shape([1, 1, 2048, 1280])
2026-08-29 11:12:54.021 | DEBUG    | core:as_tensor:724 - Loaded cache for /proj_sw/user_dev/ctr-apbernal/tt-metal/model_cache/meta-llama/Llama-3.3-70B-Instruct/TG/tensor_cache_instruct_bfp8/layers.34.attention.wqkv_sharded_2d_dram_dtype_BFLOAT8_B_layout_TILE.tensorbin of shape Shape([1, 1, 2048, 1280])
2026-08-29 11:12:54.351 | DEBUG    | core:as_tensor:724 - Loaded cache for /proj_sw/user_dev/ctr-apbernal/tt-metal/model_cache/meta-llama/Llama-3.3-70B-Instruct/TG/tensor_cache_instruct_bfp8/layers.34.attention.wo_width_sharded_2d_prefetcher_dtype_BFLOAT8_B_layout_TILE.tensorbin of shape Shape([1, 1, 1024, 2048])
2026-08-29 11:12:54.626 | DEBUG    | core:as_tensor:724 - Loaded cache for /proj_sw/user_dev/ctr-apbernal/tt-metal/model_cache/meta-llama/Llama-3.3-70B-Instruct/TG/tensor_cache_instruct_bfp8/layers.34.attention.wo_width_sharded_2d_dram_dtype_BFLOAT8_B_layout_TILE.tensorbin of shape Shape([1, 1, 1024, 2048])
2026-08-29 11:12:54.872 | DEBUG    | core:as_tensor:724 - Loaded cache for /proj_sw/user_dev/ctr-apbernal/tt-metal/model_cache/meta-llama/Llama-3.3-70B-Instruct/TG/tensor_cache_instruct_bfp8/layers.34.attention.wo_col_sharded_dram_dtype_BFLOAT8_B_layout_TILE.tensorbin of shape Shape([1, 1, 8192, 2048])
2026-08-29 11:12:54.886 | DEBUG    | core:as_tensor:724 - Loaded cache for /proj_sw/user_dev/ctr-apbernal/tt-metal/model_cache/meta-llama/Llama-3.3-70B-Instruct/TG/tensor_cache_instruct_bfp8/kvcache_torch.Size([2048, 1, 64, 128])_dtype_BFLOAT8_B_layout_TILE.tensorbin of shape Shape([2048, 1, 64, 128])
2026-08-29 11:12:54.895 | DEBUG    | core:as_tensor:724 - Loaded cache for /proj_sw/user_dev/ctr-apbernal/tt-metal/model_cache/meta-llama/Llama-3.3-70B-Instruct/TG/tensor_cache_instruct_bfp8/kvcache_torch.Size([2048, 1, 64, 128])_dtype_BFLOAT8_B_layout_TILE.tensorbin of shape Shape([2048, 1, 64, 128])
2026-08-29 11:12:55.210 | DEBUG    | core:as_tensor:724 - Loaded cache for /proj_sw/user_dev/ctr-apbernal/tt-metal/model_cache/meta-llama/Llama-3.3-70B-Instruct/TG/tensor_cache_instruct_bfp8/layers.34.feed_forward.w1_shardedprefetcher_dtype_BFLOAT4_B_layout_TILE.tensorbin of shape Shape([1, 1, 2048, 3584])
2026-08-29 11:12:55.730 | DEBUG    | core:as_tensor:724 - Loaded cache for /proj_sw/user_dev/ctr-apbernal/tt-metal/model_cache/meta-llama/Llama-3.3-70B-Instruct/TG/tensor_cache_instruct_bfp8/layers.34.feed_forward.w2_shardedprefetcher_dtype_BFLOAT8_B_layout_TILE.tensorbin of shape Shape([1, 1, 3584, 2048])
2026-08-29 11:12:56.023 | DEBUG    | core:as_tensor:724 - Loaded cache for /proj_sw/user_dev/ctr-apbernal/tt-metal/model_cache/meta-llama/Llama-3.3-70B-Instruct/TG/tensor_cache_instruct_bfp8/layers.34.feed_forward.w3_shardedprefetcher_dtype_BFLOAT4_B_layout_TILE.tensorbin of shape Shape([1, 1, 2048, 3584])
2026-08-29 11:12:56.316 | DEBUG    | core:as_tensor:724 - Loaded cache for /proj_sw/user_dev/ctr-apbernal/tt-metal/model_cache/meta-llama/Llama-3.3-70B-Instruct/TG/tensor_cache_instruct_bfp8/layers.34.feed_forward.w1_interleavedprefetcher_dtype_BFLOAT4_B_layout_TILE.tensorbin of shape Shape([1, 1, 2048, 3584])
2026-08-29 11:12:56.827 | DEBUG    | core:as_tensor:724 - Loaded cache for /proj_sw/user_dev/ctr-apbernal/tt-metal/model_cache/meta-llama/Llama-3.3-70B-Instruct/TG/tensor_cache_instruct_bfp8/layers.34.feed_forward.w2_interleavedprefetcher_dtype_BFLOAT8_B_layout_TILE.tensorbin of shape Shape([1, 1, 3584, 2048])
2026-08-29 11:12:57.203 | DEBUG    | core:as_tensor:724 - Loaded cache for /proj_sw/user_dev/ctr-apbernal/tt-metal/model_cache/meta-llama/Llama-3.3-70B-Instruct/TG/tensor_cache_instruct_bfp8/layers.34.feed_forward.w3_interleavedprefetcher_dtype_BFLOAT4_B_layout_TILE.tensorbin of shape Shape([1, 1, 2048, 3584])
2026-08-29 11:12:57.206 | DEBUG    | core:as_tensor:724 - Loaded cache for /proj_sw/user_dev/ctr-apbernal/tt-metal/model_cache/meta-llama/Llama-3.3-70B-Instruct/TG/tensor_cache_instruct_bfp8/layers.34.attention_norm.weight_dtype_BFLOAT16_layout_ROW_MAJOR.tensorbin of shape Shape([1, 1, 256, 32])
2026-08-29 11:12:57.209 | DEBUG    | core:as_tensor:724 - Loaded cache for /proj_sw/user_dev/ctr-apbernal/tt-metal/model_cache/meta-llama/Llama-3.3-70B-Instruct/TG/tensor_cache_instruct_bfp8/layers.34.attention_norm.weight_distributed_dtype_BFLOAT16_layout_ROW_MAJOR.tensorbin of shape Shape([1, 1, 64, 32])
2026-08-29 11:12:57.211 | DEBUG    | core:as_tensor:724 - Loaded cache for /proj_sw/user_dev/ctr-apbernal/tt-metal/model_cache/meta-llama/Llama-3.3-70B-Instruct/TG/tensor_cache_instruct_bfp8/layers.34.ffn_norm.weight_dtype_BFLOAT16_layout_ROW_MAJOR.tensorbin of shape Shape([1, 1, 256, 32])
2026-08-29 11:12:57.214 | DEBUG    | core:as_tensor:724 - Loaded cache for /proj_sw/user_dev/ctr-apbernal/tt-metal/model_cache/meta-llama/Llama-3.3-70B-Instruct/TG/tensor_cache_instruct_bfp8/layers.34.ffn_norm.weight_distributed_dtype_BFLOAT16_layout_ROW_MAJOR.tensorbin of shape Shape([1, 1, 64, 32])
 44%|████▍     | 35/80 [02:07<02:43,  3.64s/it]2026-08-29 11:12:57.618 | DEBUG    | core:as_tensor:724 - Loaded cache for /proj_sw/user_dev/ctr-apbernal/tt-metal/model_cache/meta-llama/Llama-3.3-70B-Instruct/TG/tensor_cache_instruct_bfp8/layers.35.attention.wqkv_sharded_2d_prefetcher_dtype_BFLOAT8_B_layout_TILE.tensorbin of shape Shape([1, 1, 2048, 1280])
2026-08-29 11:12:57.911 | DEBUG    | core:as_tensor:724 - Loaded cache for /proj_sw/user_dev/ctr-apbernal/tt-metal/model_cache/meta-llama/Llama-3.3-70B-Instruct/TG/tensor_cache_instruct_bfp8/layers.35.attention.wqkv_sharded_2d_dram_dtype_BFLOAT8_B_layout_TILE.tensorbin of shape Shape([1, 1, 2048, 1280])
2026-08-29 11:12:58.243 | DEBUG    | core:as_tensor:724 - Loaded cache for /proj_sw/user_dev/ctr-apbernal/tt-metal/model_cache/meta-llama/Llama-3.3-70B-Instruct/TG/tensor_cache_instruct_bfp8/layers.35.attention.wo_width_sharded_2d_prefetcher_dtype_BFLOAT8_B_layout_TILE.tensorbin of shape Shape([1, 1, 1024, 2048])
2026-08-29 11:12:58.521 | DEBUG    | core:as_tensor:724 - Loaded cache for /proj_sw/user_dev/ctr-apbernal/tt-metal/model_cache/meta-llama/Llama-3.3-70B-Instruct/TG/tensor_cache_instruct_bfp8/layers.35.attention.wo_width_sharded_2d_dram_dtype_BFLOAT8_B_layout_TILE.tensorbin of shape Shape([1, 1, 1024, 2048])
2026-08-29 11:12:58.778 | DEBUG    | core:as_tensor:724 - Loaded cache for /proj_sw/user_dev/ctr-apbernal/tt-metal/model_cache/meta-llama/Llama-3.3-70B-Instruct/TG/tensor_cache_instruct_bfp8/layers.35.attention.wo_col_sharded_dram_dtype_BFLOAT8_B_layout_TILE.tensorbin of shape Shape([1, 1, 8192, 2048])
2026-08-29 11:12:58.799 | DEBUG    | core:as_tensor:724 - Loaded cache for /proj_sw/user_dev/ctr-apbernal/tt-metal/model_cache/meta-llama/Llama-3.3-70B-Instruct/TG/tensor_cache_instruct_bfp8/kvcache_torch.Size([2048, 1, 64, 128])_dtype_BFLOAT8_B_layout_TILE.tensorbin of shape Shape([2048, 1, 64, 128])
2026-08-29 11:12:58.807 | DEBUG    | core:as_tensor:724 - Loaded cache for /proj_sw/user_dev/ctr-apbernal/tt-metal/model_cache/meta-llama/Llama-3.3-70B-Instruct/TG/tensor_cache_instruct_bfp8/kvcache_torch.Size([2048, 1, 64, 128])_dtype_BFLOAT8_B_layout_TILE.tensorbin of shape Shape([2048, 1, 64, 128])
2026-08-29 11:12:59.359 | DEBUG    | core:as_tensor:724 - Loaded cache for /proj_sw/user_dev/ctr-apbernal/tt-metal/model_cache/meta-llama/Llama-3.3-70B-Instruct/TG/tensor_cache_instruct_bfp8/layers.35.feed_forward.w1_shardedprefetcher_dtype_BFLOAT4_B_layout_TILE.tensorbin of shape Shape([1, 1, 2048, 3584])
2026-08-29 11:12:59.880 | DEBUG    | core:as_tensor:724 - Loaded cache for /proj_sw/user_dev/ctr-apbernal/tt-metal/model_cache/meta-llama/Llama-3.3-70B-Instruct/TG/tensor_cache_instruct_bfp8/layers.35.feed_forward.w2_shardedprefetcher_dtype_BFLOAT8_B_layout_TILE.tensorbin of shape Shape([1, 1, 3584, 2048])
2026-08-29 11:13:00.170 | DEBUG    | core:as_tensor:724 - Loaded cache for /proj_sw/user_dev/ctr-apbernal/tt-metal/model_cache/meta-llama/Llama-3.3-70B-Instruct/TG/tensor_cache_instruct_bfp8/layers.35.feed_forward.w3_shardedprefetcher_dtype_BFLOAT4_B_layout_TILE.tensorbin of shape Shape([1, 1, 2048, 3584])
2026-08-29 11:13:00.453 | DEBUG    | core:as_tensor:724 - Loaded cache for /proj_sw/user_dev/ctr-apbernal/tt-metal/model_cache/meta-llama/Llama-3.3-70B-Instruct/TG/tensor_cache_instruct_bfp8/layers.35.feed_forward.w1_interleavedprefetcher_dtype_BFLOAT4_B_layout_TILE.tensorbin of shape Shape([1, 1, 2048, 3584])
2026-08-29 11:13:00.973 | DEBUG    | core:as_tensor:724 - Loaded cache for /proj_sw/user_dev/ctr-apbernal/tt-metal/model_cache/meta-llama/Llama-3.3-70B-Instruct/TG/tensor_cache_instruct_bfp8/layers.35.feed_forward.w2_interleavedprefetcher_dtype_BFLOAT8_B_layout_TILE.tensorbin of shape Shape([1, 1, 3584, 2048])
2026-08-29 11:13:01.346 | DEBUG    | core:as_tensor:724 - Loaded cache for /proj_sw/user_dev/ctr-apbernal/tt-metal/model_cache/meta-llama/Llama-3.3-70B-Instruct/TG/tensor_cache_instruct_bfp8/layers.35.feed_forward.w3_interleavedprefetcher_dtype_BFLOAT4_B_layout_TILE.tensorbin of shape Shape([1, 1, 2048, 3584])
2026-08-29 11:13:01.349 | DEBUG    | core:as_tensor:724 - Loaded cache for /proj_sw/user_dev/ctr-apbernal/tt-metal/model_cache/meta-llama/Llama-3.3-70B-Instruct/TG/tensor_cache_instruct_bfp8/layers.35.attention_norm.weight_dtype_BFLOAT16_layout_ROW_MAJOR.tensorbin of shape Shape([1, 1, 256, 32])
2026-08-29 11:13:01.351 | DEBUG    | core:as_tensor:724 - Loaded cache for /proj_sw/user_dev/ctr-apbernal/tt-metal/model_cache/meta-llama/Llama-3.3-70B-Instruct/TG/tensor_cache_instruct_bfp8/layers.35.attention_norm.weight_distributed_dtype_BFLOAT16_layout_ROW_MAJOR.tensorbin of shape Shape([1, 1, 64, 32])
2026-08-29 11:13:01.354 | DEBUG    | core:as_tensor:724 - Loaded cache for /proj_sw/user_dev/ctr-apbernal/tt-metal/model_cache/meta-llama/Llama-3.3-70B-Instruct/TG/tensor_cache_instruct_bfp8/layers.35.ffn_norm.weight_dtype_BFLOAT16_layout_ROW_MAJOR.tensorbin of shape Shape([1, 1, 256, 32])
2026-08-29 11:13:01.356 | DEBUG    | core:as_tensor:724 - Loaded cache for /proj_sw/user_dev/ctr-apbernal/tt-metal/model_cache/meta-llama/Llama-3.3-70B-Instruct/TG/tensor_cache_instruct_bfp8/layers.35.ffn_norm.weight_distributed_dtype_BFLOAT16_layout_ROW_MAJOR.tensorbin of shape Shape([1, 1, 64, 32])
 45%|████▌     | 36/80 [02:11<02:46,  3.79s/it]2026-08-29 11:13:01.717 | DEBUG    | core:as_tensor:724 - Loaded cache for /proj_sw/user_dev/ctr-apbernal/tt-metal/model_cache/meta-llama/Llama-3.3-70B-Instruct/TG/tensor_cache_instruct_bfp8/layers.36.attention.wqkv_sharded_2d_prefetcher_dtype_BFLOAT8_B_layout_TILE.tensorbin of shape Shape([1, 1, 2048, 1280])
2026-08-29 11:13:01.952 | DEBUG    | core:as_tensor:724 - Loaded cache for /proj_sw/user_dev/ctr-apbernal/tt-metal/model_cache/meta-llama/Llama-3.3-70B-Instruct/TG/tensor_cache_instruct_bfp8/layers.36.attention.wqkv_sharded_2d_dram_dtype_BFLOAT8_B_layout_TILE.tensorbin of shape Shape([1, 1, 2048, 1280])
2026-08-29 11:13:02.104 | DEBUG    | core:as_tensor:724 - Loaded cache for /proj_sw/user_dev/ctr-apbernal/tt-metal/model_cache/meta-llama/Llama-3.3-70B-Instruct/TG/tensor_cache_instruct_bfp8/layers.36.attention.wo_width_sharded_2d_prefetcher_dtype_BFLOAT8_B_layout_TILE.tensorbin of shape Shape([1, 1, 1024, 2048])
2026-08-29 11:13:02.422 | DEBUG    | core:as_tensor:724 - Loaded cache for /proj_sw/user_dev/ctr-apbernal/tt-metal/model_cache/meta-llama/Llama-3.3-70B-Instruct/TG/tensor_cache_instruct_bfp8/layers.36.attention.wo_width_sharded_2d_dram_dtype_BFLOAT8_B_layout_TILE.tensorbin of shape Shape([1, 1, 1024, 2048])
2026-08-29 11:13:02.698 | DEBUG    | core:as_tensor:724 - Loaded cache for /proj_sw/user_dev/ctr-apbernal/tt-metal/model_cache/meta-llama/Llama-3.3-70B-Instruct/TG/tensor_cache_instruct_bfp8/layers.36.attention.wo_col_sharded_dram_dtype_BFLOAT8_B_layout_TILE.tensorbin of shape Shape([1, 1, 8192, 2048])
2026-08-29 11:13:02.712 | DEBUG    | core:as_tensor:724 - Loaded cache for /proj_sw/user_dev/ctr-apbernal/tt-metal/model_cache/meta-llama/Llama-3.3-70B-Instruct/TG/tensor_cache_instruct_bfp8/kvcache_torch.Size([2048, 1, 64, 128])_dtype_BFLOAT8_B_layout_TILE.tensorbin of shape Shape([2048, 1, 64, 128])
2026-08-29 11:13:02.720 | DEBUG    | core:as_tensor:724 - Loaded cache for /proj_sw/user_dev/ctr-apbernal/tt-metal/model_cache/meta-llama/Llama-3.3-70B-Instruct/TG/tensor_cache_instruct_bfp8/kvcache_torch.Size([2048, 1, 64, 128])_dtype_BFLOAT8_B_layout_TILE.tensorbin of shape Shape([2048, 1, 64, 128])
2026-08-29 11:13:03.225 | DEBUG    | core:as_tensor:724 - Loaded cache for /proj_sw/user_dev/ctr-apbernal/tt-metal/model_cache/meta-llama/Llama-3.3-70B-Instruct/TG/tensor_cache_instruct_bfp8/layers.36.feed_forward.w1_shardedprefetcher_dtype_BFLOAT4_B_layout_TILE.tensorbin of shape Shape([1, 1, 2048, 3584])
2026-08-29 11:13:03.741 | DEBUG    | core:as_tensor:724 - Loaded cache for /proj_sw/user_dev/ctr-apbernal/tt-metal/model_cache/meta-llama/Llama-3.3-70B-Instruct/TG/tensor_cache_instruct_bfp8/layers.36.feed_forward.w2_shardedprefetcher_dtype_BFLOAT8_B_layout_TILE.tensorbin of shape Shape([1, 1, 3584, 2048])
2026-08-29 11:13:04.019 | DEBUG    | core:as_tensor:724 - Loaded cache for /proj_sw/user_dev/ctr-apbernal/tt-metal/model_cache/meta-llama/Llama-3.3-70B-Instruct/TG/tensor_cache_instruct_bfp8/layers.36.feed_forward.w3_shardedprefetcher_dtype_BFLOAT4_B_layout_TILE.tensorbin of shape Shape([1, 1, 2048, 3584])
2026-08-29 11:13:04.301 | DEBUG    | core:as_tensor:724 - Loaded cache for /proj_sw/user_dev/ctr-apbernal/tt-metal/model_cache/meta-llama/Llama-3.3-70B-Instruct/TG/tensor_cache_instruct_bfp8/layers.36.feed_forward.w1_interleavedprefetcher_dtype_BFLOAT4_B_layout_TILE.tensorbin of shape Shape([1, 1, 2048, 3584])
2026-08-29 11:13:04.815 | DEBUG    | core:as_tensor:724 - Loaded cache for /proj_sw/user_dev/ctr-apbernal/tt-metal/model_cache/meta-llama/Llama-3.3-70B-Instruct/TG/tensor_cache_instruct_bfp8/layers.36.feed_forward.w2_interleavedprefetcher_dtype_BFLOAT8_B_layout_TILE.tensorbin of shape Shape([1, 1, 3584, 2048])
2026-08-29 11:13:05.099 | DEBUG    | core:as_tensor:724 - Loaded cache for /proj_sw/user_dev/ctr-apbernal/tt-metal/model_cache/meta-llama/Llama-3.3-70B-Instruct/TG/tensor_cache_instruct_bfp8/layers.36.feed_forward.w3_interleavedprefetcher_dtype_BFLOAT4_B_layout_TILE.tensorbin of shape Shape([1, 1, 2048, 3584])
2026-08-29 11:13:05.103 | DEBUG    | core:as_tensor:724 - Loaded cache for /proj_sw/user_dev/ctr-apbernal/tt-metal/model_cache/meta-llama/Llama-3.3-70B-Instruct/TG/tensor_cache_instruct_bfp8/layers.36.attention_norm.weight_dtype_BFLOAT16_layout_ROW_MAJOR.tensorbin of shape Shape([1, 1, 256, 32])
2026-08-29 11:13:05.105 | DEBUG    | core:as_tensor:724 - Loaded cache for /proj_sw/user_dev/ctr-apbernal/tt-metal/model_cache/meta-llama/Llama-3.3-70B-Instruct/TG/tensor_cache_instruct_bfp8/layers.36.attention_norm.weight_distributed_dtype_BFLOAT16_layout_ROW_MAJOR.tensorbin of shape Shape([1, 1, 64, 32])
2026-08-29 11:13:05.108 | DEBUG    | core:as_tensor:724 - Loaded cache for /proj_sw/user_dev/ctr-apbernal/tt-metal/model_cache/meta-llama/Llama-3.3-70B-Instruct/TG/tensor_cache_instruct_bfp8/layers.36.ffn_norm.weight_dtype_BFLOAT16_layout_ROW_MAJOR.tensorbin of shape Shape([1, 1, 256, 32])
2026-08-29 11:13:05.110 | DEBUG    | core:as_tensor:724 - Loaded cache for /proj_sw/user_dev/ctr-apbernal/tt-metal/model_cache/meta-llama/Llama-3.3-70B-Instruct/TG/tensor_cache_instruct_bfp8/layers.36.ffn_norm.weight_distributed_dtype_BFLOAT16_layout_ROW_MAJOR.tensorbin of shape Shape([1, 1, 64, 32])
 46%|████▋     | 37/80 [02:15<02:42,  3.78s/it]2026-08-29 11:13:05.321 | DEBUG    | core:as_tensor:724 - Loaded cache for /proj_sw/user_dev/ctr-apbernal/tt-metal/model_cache/meta-llama/Llama-3.3-70B-Instruct/TG/tensor_cache_instruct_bfp8/layers.37.attention.wqkv_sharded_2d_prefetcher_dtype_BFLOAT8_B_layout_TILE.tensorbin of shape Shape([1, 1, 2048, 1280])
2026-08-29 11:13:05.529 | DEBUG    | core:as_tensor:724 - Loaded cache for /proj_sw/user_dev/ctr-apbernal/tt-metal/model_cache/meta-llama/Llama-3.3-70B-Instruct/TG/tensor_cache_instruct_bfp8/layers.37.attention.wqkv_sharded_2d_dram_dtype_BFLOAT8_B_layout_TILE.tensorbin of shape Shape([1, 1, 2048, 1280])
2026-08-29 11:13:05.862 | DEBUG    | core:as_tensor:724 - Loaded cache for /proj_sw/user_dev/ctr-apbernal/tt-metal/model_cache/meta-llama/Llama-3.3-70B-Instruct/TG/tensor_cache_instruct_bfp8/layers.37.attention.wo_width_sharded_2d_prefetcher_dtype_BFLOAT8_B_layout_TILE.tensorbin of shape Shape([1, 1, 1024, 2048])
2026-08-29 11:13:06.111 | DEBUG    | core:as_tensor:724 - Loaded cache for /proj_sw/user_dev/ctr-apbernal/tt-metal/model_cache/meta-llama/Llama-3.3-70B-Instruct/TG/tensor_cache_instruct_bfp8/layers.37.attention.wo_width_sharded_2d_dram_dtype_BFLOAT8_B_layout_TILE.tensorbin of shape Shape([1, 1, 1024, 2048])
2026-08-29 11:13:06.327 | DEBUG    | core:as_tensor:724 - Loaded cache for /proj_sw/user_dev/ctr-apbernal/tt-metal/model_cache/meta-llama/Llama-3.3-70B-Instruct/TG/tensor_cache_instruct_bfp8/layers.37.attention.wo_col_sharded_dram_dtype_BFLOAT8_B_layout_TILE.tensorbin of shape Shape([1, 1, 8192, 2048])
2026-08-29 11:13:06.341 | DEBUG    | core:as_tensor:724 - Loaded cache for /proj_sw/user_dev/ctr-apbernal/tt-metal/model_cache/meta-llama/Llama-3.3-70B-Instruct/TG/tensor_cache_instruct_bfp8/kvcache_torch.Size([2048, 1, 64, 128])_dtype_BFLOAT8_B_layout_TILE.tensorbin of shape Shape([2048, 1, 64, 128])
2026-08-29 11:13:06.349 | DEBUG    | core:as_tensor:724 - Loaded cache for /proj_sw/user_dev/ctr-apbernal/tt-metal/model_cache/meta-llama/Llama-3.3-70B-Instruct/TG/tensor_cache_instruct_bfp8/kvcache_torch.Size([2048, 1, 64, 128])_dtype_BFLOAT8_B_layout_TILE.tensorbin of shape Shape([2048, 1, 64, 128])
2026-08-29 11:13:06.678 | DEBUG    | core:as_tensor:724 - Loaded cache for /proj_sw/user_dev/ctr-apbernal/tt-metal/model_cache/meta-llama/Llama-3.3-70B-Instruct/TG/tensor_cache_instruct_bfp8/layers.37.feed_forward.w1_shardedprefetcher_dtype_BFLOAT4_B_layout_TILE.tensorbin of shape Shape([1, 1, 2048, 3584])
2026-08-29 11:13:07.190 | DEBUG    | core:as_tensor:724 - Loaded cache for /proj_sw/user_dev/ctr-apbernal/tt-metal/model_cache/meta-llama/Llama-3.3-70B-Instruct/TG/tensor_cache_instruct_bfp8/layers.37.feed_forward.w2_shardedprefetcher_dtype_BFLOAT8_B_layout_TILE.tensorbin of shape Shape([1, 1, 3584, 2048])
2026-08-29 11:13:07.600 | DEBUG    | core:as_tensor:724 - Loaded cache for /proj_sw/user_dev/ctr-apbernal/tt-metal/model_cache/meta-llama/Llama-3.3-70B-Instruct/TG/tensor_cache_instruct_bfp8/layers.37.feed_forward.w3_shardedprefetcher_dtype_BFLOAT4_B_layout_TILE.tensorbin of shape Shape([1, 1, 2048, 3584])
2026-08-29 11:13:07.892 | DEBUG    | core:as_tensor:724 - Loaded cache for /proj_sw/user_dev/ctr-apbernal/tt-metal/model_cache/meta-llama/Llama-3.3-70B-Instruct/TG/tensor_cache_instruct_bfp8/layers.37.feed_forward.w1_interleavedprefetcher_dtype_BFLOAT4_B_layout_TILE.tensorbin of shape Shape([1, 1, 2048, 3584])
2026-08-29 11:13:08.404 | DEBUG    | core:as_tensor:724 - Loaded cache for /proj_sw/user_dev/ctr-apbernal/tt-metal/model_cache/meta-llama/Llama-3.3-70B-Instruct/TG/tensor_cache_instruct_bfp8/layers.37.feed_forward.w2_interleavedprefetcher_dtype_BFLOAT8_B_layout_TILE.tensorbin of shape Shape([1, 1, 3584, 2048])
2026-08-29 11:13:08.695 | DEBUG    | core:as_tensor:724 - Loaded cache for /proj_sw/user_dev/ctr-apbernal/tt-metal/model_cache/meta-llama/Llama-3.3-70B-Instruct/TG/tensor_cache_instruct_bfp8/layers.37.feed_forward.w3_interleavedprefetcher_dtype_BFLOAT4_B_layout_TILE.tensorbin of shape Shape([1, 1, 2048, 3584])
2026-08-29 11:13:08.698 | DEBUG    | core:as_tensor:724 - Loaded cache for /proj_sw/user_dev/ctr-apbernal/tt-metal/model_cache/meta-llama/Llama-3.3-70B-Instruct/TG/tensor_cache_instruct_bfp8/layers.37.attention_norm.weight_dtype_BFLOAT16_layout_ROW_MAJOR.tensorbin of shape Shape([1, 1, 256, 32])
2026-08-29 11:13:08.701 | DEBUG    | core:as_tensor:724 - Loaded cache for /proj_sw/user_dev/ctr-apbernal/tt-metal/model_cache/meta-llama/Llama-3.3-70B-Instruct/TG/tensor_cache_instruct_bfp8/layers.37.attention_norm.weight_distributed_dtype_BFLOAT16_layout_ROW_MAJOR.tensorbin of shape Shape([1, 1, 64, 32])
2026-08-29 11:13:08.703 | DEBUG    | core:as_tensor:724 - Loaded cache for /proj_sw/user_dev/ctr-apbernal/tt-metal/model_cache/meta-llama/Llama-3.3-70B-Instruct/TG/tensor_cache_instruct_bfp8/layers.37.ffn_norm.weight_dtype_BFLOAT16_layout_ROW_MAJOR.tensorbin of shape Shape([1, 1, 256, 32])
2026-08-29 11:13:08.706 | DEBUG    | core:as_tensor:724 - Loaded cache for /proj_sw/user_dev/ctr-apbernal/tt-metal/model_cache/meta-llama/Llama-3.3-70B-Instruct/TG/tensor_cache_instruct_bfp8/layers.37.ffn_norm.weight_distributed_dtype_BFLOAT16_layout_ROW_MAJOR.tensorbin of shape Shape([1, 1, 64, 32])
 48%|████▊     | 38/80 [02:19<02:36,  3.72s/it]2026-08-29 11:13:08.965 | DEBUG    | core:as_tensor:724 - Loaded cache for /proj_sw/user_dev/ctr-apbernal/tt-metal/model_cache/meta-llama/Llama-3.3-70B-Instruct/TG/tensor_cache_instruct_bfp8/layers.38.attention.wqkv_sharded_2d_prefetcher_dtype_BFLOAT8_B_layout_TILE.tensorbin of shape Shape([1, 1, 2048, 1280])
2026-08-29 11:13:09.338 | DEBUG    | core:as_tensor:724 - Loaded cache for /proj_sw/user_dev/ctr-apbernal/tt-metal/model_cache/meta-llama/Llama-3.3-70B-Instruct/TG/tensor_cache_instruct_bfp8/layers.38.attention.wqkv_sharded_2d_dram_dtype_BFLOAT8_B_layout_TILE.tensorbin of shape Shape([1, 1, 2048, 1280])
2026-08-29 11:13:09.673 | DEBUG    | core:as_tensor:724 - Loaded cache for /proj_sw/user_dev/ctr-apbernal/tt-metal/model_cache/meta-llama/Llama-3.3-70B-Instruct/TG/tensor_cache_instruct_bfp8/layers.38.attention.wo_width_sharded_2d_prefetcher_dtype_BFLOAT8_B_layout_TILE.tensorbin of shape Shape([1, 1, 1024, 2048])
2026-08-29 11:13:09.826 | DEBUG    | core:as_tensor:724 - Loaded cache for /proj_sw/user_dev/ctr-apbernal/tt-metal/model_cache/meta-llama/Llama-3.3-70B-Instruct/TG/tensor_cache_instruct_bfp8/layers.38.attention.wo_width_sharded_2d_dram_dtype_BFLOAT8_B_layout_TILE.tensorbin of shape Shape([1, 1, 1024, 2048])
2026-08-29 11:13:10.049 | DEBUG    | core:as_tensor:724 - Loaded cache for /proj_sw/user_dev/ctr-apbernal/tt-metal/model_cache/meta-llama/Llama-3.3-70B-Instruct/TG/tensor_cache_instruct_bfp8/layers.38.attention.wo_col_sharded_dram_dtype_BFLOAT8_B_layout_TILE.tensorbin of shape Shape([1, 1, 8192, 2048])
2026-08-29 11:13:10.066 | DEBUG    | core:as_tensor:724 - Loaded cache for /proj_sw/user_dev/ctr-apbernal/tt-metal/model_cache/meta-llama/Llama-3.3-70B-Instruct/TG/tensor_cache_instruct_bfp8/kvcache_torch.Size([2048, 1, 64, 128])_dtype_BFLOAT8_B_layout_TILE.tensorbin of shape Shape([2048, 1, 64, 128])
2026-08-29 11:13:10.074 | DEBUG    | core:as_tensor:724 - Loaded cache for /proj_sw/user_dev/ctr-apbernal/tt-metal/model_cache/meta-llama/Llama-3.3-70B-Instruct/TG/tensor_cache_instruct_bfp8/kvcache_torch.Size([2048, 1, 64, 128])_dtype_BFLOAT8_B_layout_TILE.tensorbin of shape Shape([2048, 1, 64, 128])
2026-08-29 11:13:10.368 | DEBUG    | core:as_tensor:724 - Loaded cache for /proj_sw/user_dev/ctr-apbernal/tt-metal/model_cache/meta-llama/Llama-3.3-70B-Instruct/TG/tensor_cache_instruct_bfp8/layers.38.feed_forward.w1_shardedprefetcher_dtype_BFLOAT4_B_layout_TILE.tensorbin of shape Shape([1, 1, 2048, 3584])
2026-08-29 11:13:10.886 | DEBUG    | core:as_tensor:724 - Loaded cache for /proj_sw/user_dev/ctr-apbernal/tt-metal/model_cache/meta-llama/Llama-3.3-70B-Instruct/TG/tensor_cache_instruct_bfp8/layers.38.feed_forward.w2_shardedprefetcher_dtype_BFLOAT8_B_layout_TILE.tensorbin of shape Shape([1, 1, 3584, 2048])
2026-08-29 11:13:11.184 | DEBUG    | core:as_tensor:724 - Loaded cache for /proj_sw/user_dev/ctr-apbernal/tt-metal/model_cache/meta-llama/Llama-3.3-70B-Instruct/TG/tensor_cache_instruct_bfp8/layers.38.feed_forward.w3_shardedprefetcher_dtype_BFLOAT4_B_layout_TILE.tensorbin of shape Shape([1, 1, 2048, 3584])
2026-08-29 11:13:11.475 | DEBUG    | core:as_tensor:724 - Loaded cache for /proj_sw/user_dev/ctr-apbernal/tt-metal/model_cache/meta-llama/Llama-3.3-70B-Instruct/TG/tensor_cache_instruct_bfp8/layers.38.feed_forward.w1_interleavedprefetcher_dtype_BFLOAT4_B_layout_TILE.tensorbin of shape Shape([1, 1, 2048, 3584])
2026-08-29 11:13:11.989 | DEBUG    | core:as_tensor:724 - Loaded cache for /proj_sw/user_dev/ctr-apbernal/tt-metal/model_cache/meta-llama/Llama-3.3-70B-Instruct/TG/tensor_cache_instruct_bfp8/layers.38.feed_forward.w2_interleavedprefetcher_dtype_BFLOAT8_B_layout_TILE.tensorbin of shape Shape([1, 1, 3584, 2048])
2026-08-29 11:13:12.272 | DEBUG    | core:as_tensor:724 - Loaded cache for /proj_sw/user_dev/ctr-apbernal/tt-metal/model_cache/meta-llama/Llama-3.3-70B-Instruct/TG/tensor_cache_instruct_bfp8/layers.38.feed_forward.w3_interleavedprefetcher_dtype_BFLOAT4_B_layout_TILE.tensorbin of shape Shape([1, 1, 2048, 3584])
2026-08-29 11:13:12.276 | DEBUG    | core:as_tensor:724 - Loaded cache for /proj_sw/user_dev/ctr-apbernal/tt-metal/model_cache/meta-llama/Llama-3.3-70B-Instruct/TG/tensor_cache_instruct_bfp8/layers.38.attention_norm.weight_dtype_BFLOAT16_layout_ROW_MAJOR.tensorbin of shape Shape([1, 1, 256, 32])
2026-08-29 11:13:12.279 | DEBUG    | core:as_tensor:724 - Loaded cache for /proj_sw/user_dev/ctr-apbernal/tt-metal/model_cache/meta-llama/Llama-3.3-70B-Instruct/TG/tensor_cache_instruct_bfp8/layers.38.attention_norm.weight_distributed_dtype_BFLOAT16_layout_ROW_MAJOR.tensorbin of shape Shape([1, 1, 64, 32])
2026-08-29 11:13:12.281 | DEBUG    | core:as_tensor:724 - Loaded cache for /proj_sw/user_dev/ctr-apbernal/tt-metal/model_cache/meta-llama/Llama-3.3-70B-Instruct/TG/tensor_cache_instruct_bfp8/layers.38.ffn_norm.weight_dtype_BFLOAT16_layout_ROW_MAJOR.tensorbin of shape Shape([1, 1, 256, 32])
2026-08-29 11:13:12.284 | DEBUG    | core:as_tensor:724 - Loaded cache for /proj_sw/user_dev/ctr-apbernal/tt-metal/model_cache/meta-llama/Llama-3.3-70B-Instruct/TG/tensor_cache_instruct_bfp8/layers.38.ffn_norm.weight_distributed_dtype_BFLOAT16_layout_ROW_MAJOR.tensorbin of shape Shape([1, 1, 64, 32])
 49%|████▉     | 39/80 [02:22<02:30,  3.68s/it]2026-08-29 11:13:12.524 | DEBUG    | core:as_tensor:724 - Loaded cache for /proj_sw/user_dev/ctr-apbernal/tt-metal/model_cache/meta-llama/Llama-3.3-70B-Instruct/TG/tensor_cache_instruct_bfp8/layers.39.attention.wqkv_sharded_2d_prefetcher_dtype_BFLOAT8_B_layout_TILE.tensorbin of shape Shape([1, 1, 2048, 1280])
2026-08-29 11:13:12.755 | DEBUG    | core:as_tensor:724 - Loaded cache for /proj_sw/user_dev/ctr-apbernal/tt-metal/model_cache/meta-llama/Llama-3.3-70B-Instruct/TG/tensor_cache_instruct_bfp8/layers.39.attention.wqkv_sharded_2d_dram_dtype_BFLOAT8_B_layout_TILE.tensorbin of shape Shape([1, 1, 2048, 1280])
2026-08-29 11:13:13.087 | DEBUG    | core:as_tensor:724 - Loaded cache for /proj_sw/user_dev/ctr-apbernal/tt-metal/model_cache/meta-llama/Llama-3.3-70B-Instruct/TG/tensor_cache_instruct_bfp8/layers.39.attention.wo_width_sharded_2d_prefetcher_dtype_BFLOAT8_B_layout_TILE.tensorbin of shape Shape([1, 1, 1024, 2048])
2026-08-29 11:13:13.353 | DEBUG    | core:as_tensor:724 - Loaded cache for /proj_sw/user_dev/ctr-apbernal/tt-metal/model_cache/meta-llama/Llama-3.3-70B-Instruct/TG/tensor_cache_instruct_bfp8/layers.39.attention.wo_width_sharded_2d_dram_dtype_BFLOAT8_B_layout_TILE.tensorbin of shape Shape([1, 1, 1024, 2048])
2026-08-29 11:13:13.603 | DEBUG    | core:as_tensor:724 - Loaded cache for /proj_sw/user_dev/ctr-apbernal/tt-metal/model_cache/meta-llama/Llama-3.3-70B-Instruct/TG/tensor_cache_instruct_bfp8/layers.39.attention.wo_col_sharded_dram_dtype_BFLOAT8_B_layout_TILE.tensorbin of shape Shape([1, 1, 8192, 2048])
2026-08-29 11:13:13.620 | DEBUG    | core:as_tensor:724 - Loaded cache for /proj_sw/user_dev/ctr-apbernal/tt-metal/model_cache/meta-llama/Llama-3.3-70B-Instruct/TG/tensor_cache_instruct_bfp8/kvcache_torch.Size([2048, 1, 64, 128])_dtype_BFLOAT8_B_layout_TILE.tensorbin of shape Shape([2048, 1, 64, 128])
2026-08-29 11:13:13.629 | DEBUG    | core:as_tensor:724 - Loaded cache for /proj_sw/user_dev/ctr-apbernal/tt-metal/model_cache/meta-llama/Llama-3.3-70B-Instruct/TG/tensor_cache_instruct_bfp8/kvcache_torch.Size([2048, 1, 64, 128])_dtype_BFLOAT8_B_layout_TILE.tensorbin of shape Shape([2048, 1, 64, 128])
2026-08-29 11:13:13.935 | DEBUG    | core:as_tensor:724 - Loaded cache for /proj_sw/user_dev/ctr-apbernal/tt-metal/model_cache/meta-llama/Llama-3.3-70B-Instruct/TG/tensor_cache_instruct_bfp8/layers.39.feed_forward.w1_shardedprefetcher_dtype_BFLOAT4_B_layout_TILE.tensorbin of shape Shape([1, 1, 2048, 3584])
2026-08-29 11:13:14.442 | DEBUG    | core:as_tensor:724 - Loaded cache for /proj_sw/user_dev/ctr-apbernal/tt-metal/model_cache/meta-llama/Llama-3.3-70B-Instruct/TG/tensor_cache_instruct_bfp8/layers.39.feed_forward.w2_shardedprefetcher_dtype_BFLOAT8_B_layout_TILE.tensorbin of shape Shape([1, 1, 3584, 2048])
2026-08-29 11:13:14.738 | DEBUG    | core:as_tensor:724 - Loaded cache for /proj_sw/user_dev/ctr-apbernal/tt-metal/model_cache/meta-llama/Llama-3.3-70B-Instruct/TG/tensor_cache_instruct_bfp8/layers.39.feed_forward.w3_shardedprefetcher_dtype_BFLOAT4_B_layout_TILE.tensorbin of shape Shape([1, 1, 2048, 3584])
2026-08-29 11:13:15.021 | DEBUG    | core:as_tensor:724 - Loaded cache for /proj_sw/user_dev/ctr-apbernal/tt-metal/model_cache/meta-llama/Llama-3.3-70B-Instruct/TG/tensor_cache_instruct_bfp8/layers.39.feed_forward.w1_interleavedprefetcher_dtype_BFLOAT4_B_layout_TILE.tensorbin of shape Shape([1, 1, 2048, 3584])
2026-08-29 11:13:15.534 | DEBUG    | core:as_tensor:724 - Loaded cache for /proj_sw/user_dev/ctr-apbernal/tt-metal/model_cache/meta-llama/Llama-3.3-70B-Instruct/TG/tensor_cache_instruct_bfp8/layers.39.feed_forward.w2_interleavedprefetcher_dtype_BFLOAT8_B_layout_TILE.tensorbin of shape Shape([1, 1, 3584, 2048])
2026-08-29 11:13:15.882 | DEBUG    | core:as_tensor:724 - Loaded cache for /proj_sw/user_dev/ctr-apbernal/tt-metal/model_cache/meta-llama/Llama-3.3-70B-Instruct/TG/tensor_cache_instruct_bfp8/layers.39.feed_forward.w3_interleavedprefetcher_dtype_BFLOAT4_B_layout_TILE.tensorbin of shape Shape([1, 1, 2048, 3584])
2026-08-29 11:13:15.885 | DEBUG    | core:as_tensor:724 - Loaded cache for /proj_sw/user_dev/ctr-apbernal/tt-metal/model_cache/meta-llama/Llama-3.3-70B-Instruct/TG/tensor_cache_instruct_bfp8/layers.39.attention_norm.weight_dtype_BFLOAT16_layout_ROW_MAJOR.tensorbin of shape Shape([1, 1, 256, 32])
2026-08-29 11:13:15.888 | DEBUG    | core:as_tensor:724 - Loaded cache for /proj_sw/user_dev/ctr-apbernal/tt-metal/model_cache/meta-llama/Llama-3.3-70B-Instruct/TG/tensor_cache_instruct_bfp8/layers.39.attention_norm.weight_distributed_dtype_BFLOAT16_layout_ROW_MAJOR.tensorbin of shape Shape([1, 1, 64, 32])
2026-08-29 11:13:15.890 | DEBUG    | core:as_tensor:724 - Loaded cache for /proj_sw/user_dev/ctr-apbernal/tt-metal/model_cache/meta-llama/Llama-3.3-70B-Instruct/TG/tensor_cache_instruct_bfp8/layers.39.ffn_norm.weight_dtype_BFLOAT16_layout_ROW_MAJOR.tensorbin of shape Shape([1, 1, 256, 32])
2026-08-29 11:13:15.893 | DEBUG    | core:as_tensor:724 - Loaded cache for /proj_sw/user_dev/ctr-apbernal/tt-metal/model_cache/meta-llama/Llama-3.3-70B-Instruct/TG/tensor_cache_instruct_bfp8/layers.39.ffn_norm.weight_distributed_dtype_BFLOAT16_layout_ROW_MAJOR.tensorbin of shape Shape([1, 1, 64, 32])
 50%|█████     | 40/80 [02:26<02:26,  3.66s/it]2026-08-29 11:13:16.319 | DEBUG    | core:as_tensor:724 - Loaded cache for /proj_sw/user_dev/ctr-apbernal/tt-metal/model_cache/meta-llama/Llama-3.3-70B-Instruct/TG/tensor_cache_instruct_bfp8/layers.40.attention.wqkv_sharded_2d_prefetcher_dtype_BFLOAT8_B_layout_TILE.tensorbin of shape Shape([1, 1, 2048, 1280])
2026-08-29 11:13:16.538 | DEBUG    | core:as_tensor:724 - Loaded cache for /proj_sw/user_dev/ctr-apbernal/tt-metal/model_cache/meta-llama/Llama-3.3-70B-Instruct/TG/tensor_cache_instruct_bfp8/layers.40.attention.wqkv_sharded_2d_dram_dtype_BFLOAT8_B_layout_TILE.tensorbin of shape Shape([1, 1, 2048, 1280])
2026-08-29 11:13:16.790 | DEBUG    | core:as_tensor:724 - Loaded cache for /proj_sw/user_dev/ctr-apbernal/tt-metal/model_cache/meta-llama/Llama-3.3-70B-Instruct/TG/tensor_cache_instruct_bfp8/layers.40.attention.wo_width_sharded_2d_prefetcher_dtype_BFLOAT8_B_layout_TILE.tensorbin of shape Shape([1, 1, 1024, 2048])
2026-08-29 11:13:17.111 | DEBUG    | core:as_tensor:724 - Loaded cache for /proj_sw/user_dev/ctr-apbernal/tt-metal/model_cache/meta-llama/Llama-3.3-70B-Instruct/TG/tensor_cache_instruct_bfp8/layers.40.attention.wo_width_sharded_2d_dram_dtype_BFLOAT8_B_layout_TILE.tensorbin of shape Shape([1, 1, 1024, 2048])
2026-08-29 11:13:17.357 | DEBUG    | core:as_tensor:724 - Loaded cache for /proj_sw/user_dev/ctr-apbernal/tt-metal/model_cache/meta-llama/Llama-3.3-70B-Instruct/TG/tensor_cache_instruct_bfp8/layers.40.attention.wo_col_sharded_dram_dtype_BFLOAT8_B_layout_TILE.tensorbin of shape Shape([1, 1, 8192, 2048])
2026-08-29 11:13:17.372 | DEBUG    | core:as_tensor:724 - Loaded cache for /proj_sw/user_dev/ctr-apbernal/tt-metal/model_cache/meta-llama/Llama-3.3-70B-Instruct/TG/tensor_cache_instruct_bfp8/kvcache_torch.Size([2048, 1, 64, 128])_dtype_BFLOAT8_B_layout_TILE.tensorbin of shape Shape([2048, 1, 64, 128])
2026-08-29 11:13:17.380 | DEBUG    | core:as_tensor:724 - Loaded cache for /proj_sw/user_dev/ctr-apbernal/tt-metal/model_cache/meta-llama/Llama-3.3-70B-Instruct/TG/tensor_cache_instruct_bfp8/kvcache_torch.Size([2048, 1, 64, 128])_dtype_BFLOAT8_B_layout_TILE.tensorbin of shape Shape([2048, 1, 64, 128])
2026-08-29 11:13:17.696 | DEBUG    | core:as_tensor:724 - Loaded cache for /proj_sw/user_dev/ctr-apbernal/tt-metal/model_cache/meta-llama/Llama-3.3-70B-Instruct/TG/tensor_cache_instruct_bfp8/layers.40.feed_forward.w1_shardedprefetcher_dtype_BFLOAT4_B_layout_TILE.tensorbin of shape Shape([1, 1, 2048, 3584])
2026-08-29 11:13:18.210 | DEBUG    | core:as_tensor:724 - Loaded cache for /proj_sw/user_dev/ctr-apbernal/tt-metal/model_cache/meta-llama/Llama-3.3-70B-Instruct/TG/tensor_cache_instruct_bfp8/layers.40.feed_forward.w2_shardedprefetcher_dtype_BFLOAT8_B_layout_TILE.tensorbin of shape Shape([1, 1, 3584, 2048])
2026-08-29 11:13:18.500 | DEBUG    | core:as_tensor:724 - Loaded cache for /proj_sw/user_dev/ctr-apbernal/tt-metal/model_cache/meta-llama/Llama-3.3-70B-Instruct/TG/tensor_cache_instruct_bfp8/layers.40.feed_forward.w3_shardedprefetcher_dtype_BFLOAT4_B_layout_TILE.tensorbin of shape Shape([1, 1, 2048, 3584])
2026-08-29 11:13:18.790 | DEBUG    | core:as_tensor:724 - Loaded cache for /proj_sw/user_dev/ctr-apbernal/tt-metal/model_cache/meta-llama/Llama-3.3-70B-Instruct/TG/tensor_cache_instruct_bfp8/layers.40.feed_forward.w1_interleavedprefetcher_dtype_BFLOAT4_B_layout_TILE.tensorbin of shape Shape([1, 1, 2048, 3584])
2026-08-29 11:13:19.303 | DEBUG    | core:as_tensor:724 - Loaded cache for /proj_sw/user_dev/ctr-apbernal/tt-metal/model_cache/meta-llama/Llama-3.3-70B-Instruct/TG/tensor_cache_instruct_bfp8/layers.40.feed_forward.w2_interleavedprefetcher_dtype_BFLOAT8_B_layout_TILE.tensorbin of shape Shape([1, 1, 3584, 2048])
2026-08-29 11:13:19.590 | DEBUG    | core:as_tensor:724 - Loaded cache for /proj_sw/user_dev/ctr-apbernal/tt-metal/model_cache/meta-llama/Llama-3.3-70B-Instruct/TG/tensor_cache_instruct_bfp8/layers.40.feed_forward.w3_interleavedprefetcher_dtype_BFLOAT4_B_layout_TILE.tensorbin of shape Shape([1, 1, 2048, 3584])
2026-08-29 11:13:19.593 | DEBUG    | core:as_tensor:724 - Loaded cache for /proj_sw/user_dev/ctr-apbernal/tt-metal/model_cache/meta-llama/Llama-3.3-70B-Instruct/TG/tensor_cache_instruct_bfp8/layers.40.attention_norm.weight_dtype_BFLOAT16_layout_ROW_MAJOR.tensorbin of shape Shape([1, 1, 256, 32])
2026-08-29 11:13:19.595 | DEBUG    | core:as_tensor:724 - Loaded cache for /proj_sw/user_dev/ctr-apbernal/tt-metal/model_cache/meta-llama/Llama-3.3-70B-Instruct/TG/tensor_cache_instruct_bfp8/layers.40.attention_norm.weight_distributed_dtype_BFLOAT16_layout_ROW_MAJOR.tensorbin of shape Shape([1, 1, 64, 32])
2026-08-29 11:13:19.597 | DEBUG    | core:as_tensor:724 - Loaded cache for /proj_sw/user_dev/ctr-apbernal/tt-metal/model_cache/meta-llama/Llama-3.3-70B-Instruct/TG/tensor_cache_instruct_bfp8/layers.40.ffn_norm.weight_dtype_BFLOAT16_layout_ROW_MAJOR.tensorbin of shape Shape([1, 1, 256, 32])
2026-08-29 11:13:19.600 | DEBUG    | core:as_tensor:724 - Loaded cache for /proj_sw/user_dev/ctr-apbernal/tt-metal/model_cache/meta-llama/Llama-3.3-70B-Instruct/TG/tensor_cache_instruct_bfp8/layers.40.ffn_norm.weight_distributed_dtype_BFLOAT16_layout_ROW_MAJOR.tensorbin of shape Shape([1, 1, 64, 32])
 51%|█████▏    | 41/80 [02:30<02:23,  3.67s/it]2026-08-29 11:13:19.840 | DEBUG    | core:as_tensor:724 - Loaded cache for /proj_sw/user_dev/ctr-apbernal/tt-metal/model_cache/meta-llama/Llama-3.3-70B-Instruct/TG/tensor_cache_instruct_bfp8/layers.41.attention.wqkv_sharded_2d_prefetcher_dtype_BFLOAT8_B_layout_TILE.tensorbin of shape Shape([1, 1, 2048, 1280])
2026-08-29 11:13:20.057 | DEBUG    | core:as_tensor:724 - Loaded cache for /proj_sw/user_dev/ctr-apbernal/tt-metal/model_cache/meta-llama/Llama-3.3-70B-Instruct/TG/tensor_cache_instruct_bfp8/layers.41.attention.wqkv_sharded_2d_dram_dtype_BFLOAT8_B_layout_TILE.tensorbin of shape Shape([1, 1, 2048, 1280])
2026-08-29 11:13:20.391 | DEBUG    | core:as_tensor:724 - Loaded cache for /proj_sw/user_dev/ctr-apbernal/tt-metal/model_cache/meta-llama/Llama-3.3-70B-Instruct/TG/tensor_cache_instruct_bfp8/layers.41.attention.wo_width_sharded_2d_prefetcher_dtype_BFLOAT8_B_layout_TILE.tensorbin of shape Shape([1, 1, 1024, 2048])
2026-08-29 11:13:20.714 | DEBUG    | core:as_tensor:724 - Loaded cache for /proj_sw/user_dev/ctr-apbernal/tt-metal/model_cache/meta-llama/Llama-3.3-70B-Instruct/TG/tensor_cache_instruct_bfp8/layers.41.attention.wo_width_sharded_2d_dram_dtype_BFLOAT8_B_layout_TILE.tensorbin of shape Shape([1, 1, 1024, 2048])
2026-08-29 11:13:20.879 | DEBUG    | core:as_tensor:724 - Loaded cache for /proj_sw/user_dev/ctr-apbernal/tt-metal/model_cache/meta-llama/Llama-3.3-70B-Instruct/TG/tensor_cache_instruct_bfp8/layers.41.attention.wo_col_sharded_dram_dtype_BFLOAT8_B_layout_TILE.tensorbin of shape Shape([1, 1, 8192, 2048])
2026-08-29 11:13:20.896 | DEBUG    | core:as_tensor:724 - Loaded cache for /proj_sw/user_dev/ctr-apbernal/tt-metal/model_cache/meta-llama/Llama-3.3-70B-Instruct/TG/tensor_cache_instruct_bfp8/kvcache_torch.Size([2048, 1, 64, 128])_dtype_BFLOAT8_B_layout_TILE.tensorbin of shape Shape([2048, 1, 64, 128])
2026-08-29 11:13:20.905 | DEBUG    | core:as_tensor:724 - Loaded cache for /proj_sw/user_dev/ctr-apbernal/tt-metal/model_cache/meta-llama/Llama-3.3-70B-Instruct/TG/tensor_cache_instruct_bfp8/kvcache_torch.Size([2048, 1, 64, 128])_dtype_BFLOAT8_B_layout_TILE.tensorbin of shape Shape([2048, 1, 64, 128])
2026-08-29 11:13:21.209 | DEBUG    | core:as_tensor:724 - Loaded cache for /proj_sw/user_dev/ctr-apbernal/tt-metal/model_cache/meta-llama/Llama-3.3-70B-Instruct/TG/tensor_cache_instruct_bfp8/layers.41.feed_forward.w1_shardedprefetcher_dtype_BFLOAT4_B_layout_TILE.tensorbin of shape Shape([1, 1, 2048, 3584])
2026-08-29 11:13:21.717 | DEBUG    | core:as_tensor:724 - Loaded cache for /proj_sw/user_dev/ctr-apbernal/tt-metal/model_cache/meta-llama/Llama-3.3-70B-Instruct/TG/tensor_cache_instruct_bfp8/layers.41.feed_forward.w2_shardedprefetcher_dtype_BFLOAT8_B_layout_TILE.tensorbin of shape Shape([1, 1, 3584, 2048])
2026-08-29 11:13:22.009 | DEBUG    | core:as_tensor:724 - Loaded cache for /proj_sw/user_dev/ctr-apbernal/tt-metal/model_cache/meta-llama/Llama-3.3-70B-Instruct/TG/tensor_cache_instruct_bfp8/layers.41.feed_forward.w3_shardedprefetcher_dtype_BFLOAT4_B_layout_TILE.tensorbin of shape Shape([1, 1, 2048, 3584])
2026-08-29 11:13:22.296 | DEBUG    | core:as_tensor:724 - Loaded cache for /proj_sw/user_dev/ctr-apbernal/tt-metal/model_cache/meta-llama/Llama-3.3-70B-Instruct/TG/tensor_cache_instruct_bfp8/layers.41.feed_forward.w1_interleavedprefetcher_dtype_BFLOAT4_B_layout_TILE.tensorbin of shape Shape([1, 1, 2048, 3584])
2026-08-29 11:13:22.807 | DEBUG    | core:as_tensor:724 - Loaded cache for /proj_sw/user_dev/ctr-apbernal/tt-metal/model_cache/meta-llama/Llama-3.3-70B-Instruct/TG/tensor_cache_instruct_bfp8/layers.41.feed_forward.w2_interleavedprefetcher_dtype_BFLOAT8_B_layout_TILE.tensorbin of shape Shape([1, 1, 3584, 2048])
2026-08-29 11:13:23.083 | DEBUG    | core:as_tensor:724 - Loaded cache for /proj_sw/user_dev/ctr-apbernal/tt-metal/model_cache/meta-llama/Llama-3.3-70B-Instruct/TG/tensor_cache_instruct_bfp8/layers.41.feed_forward.w3_interleavedprefetcher_dtype_BFLOAT4_B_layout_TILE.tensorbin of shape Shape([1, 1, 2048, 3584])
2026-08-29 11:13:23.089 | DEBUG    | core:as_tensor:724 - Loaded cache for /proj_sw/user_dev/ctr-apbernal/tt-metal/model_cache/meta-llama/Llama-3.3-70B-Instruct/TG/tensor_cache_instruct_bfp8/layers.41.attention_norm.weight_dtype_BFLOAT16_layout_ROW_MAJOR.tensorbin of shape Shape([1, 1, 256, 32])
2026-08-29 11:13:23.092 | DEBUG    | core:as_tensor:724 - Loaded cache for /proj_sw/user_dev/ctr-apbernal/tt-metal/model_cache/meta-llama/Llama-3.3-70B-Instruct/TG/tensor_cache_instruct_bfp8/layers.41.attention_norm.weight_distributed_dtype_BFLOAT16_layout_ROW_MAJOR.tensorbin of shape Shape([1, 1, 64, 32])
2026-08-29 11:13:23.094 | DEBUG    | core:as_tensor:724 - Loaded cache for /proj_sw/user_dev/ctr-apbernal/tt-metal/model_cache/meta-llama/Llama-3.3-70B-Instruct/TG/tensor_cache_instruct_bfp8/layers.41.ffn_norm.weight_dtype_BFLOAT16_layout_ROW_MAJOR.tensorbin of shape Shape([1, 1, 256, 32])
2026-08-29 11:13:23.097 | DEBUG    | core:as_tensor:724 - Loaded cache for /proj_sw/user_dev/ctr-apbernal/tt-metal/model_cache/meta-llama/Llama-3.3-70B-Instruct/TG/tensor_cache_instruct_bfp8/layers.41.ffn_norm.weight_distributed_dtype_BFLOAT16_layout_ROW_MAJOR.tensorbin of shape Shape([1, 1, 64, 32])
 52%|█████▎    | 42/80 [02:33<02:17,  3.62s/it]2026-08-29 11:13:23.430 | DEBUG    | core:as_tensor:724 - Loaded cache for /proj_sw/user_dev/ctr-apbernal/tt-metal/model_cache/meta-llama/Llama-3.3-70B-Instruct/TG/tensor_cache_instruct_bfp8/layers.42.attention.wqkv_sharded_2d_prefetcher_dtype_BFLOAT8_B_layout_TILE.tensorbin of shape Shape([1, 1, 2048, 1280])
2026-08-29 11:13:23.648 | DEBUG    | core:as_tensor:724 - Loaded cache for /proj_sw/user_dev/ctr-apbernal/tt-metal/model_cache/meta-llama/Llama-3.3-70B-Instruct/TG/tensor_cache_instruct_bfp8/layers.42.attention.wqkv_sharded_2d_dram_dtype_BFLOAT8_B_layout_TILE.tensorbin of shape Shape([1, 1, 2048, 1280])
2026-08-29 11:13:23.802 | DEBUG    | core:as_tensor:724 - Loaded cache for /proj_sw/user_dev/ctr-apbernal/tt-metal/model_cache/meta-llama/Llama-3.3-70B-Instruct/TG/tensor_cache_instruct_bfp8/layers.42.attention.wo_width_sharded_2d_prefetcher_dtype_BFLOAT8_B_layout_TILE.tensorbin of shape Shape([1, 1, 1024, 2048])
2026-08-29 11:13:24.011 | DEBUG    | core:as_tensor:724 - Loaded cache for /proj_sw/user_dev/ctr-apbernal/tt-metal/model_cache/meta-llama/Llama-3.3-70B-Instruct/TG/tensor_cache_instruct_bfp8/layers.42.attention.wo_width_sharded_2d_dram_dtype_BFLOAT8_B_layout_TILE.tensorbin of shape Shape([1, 1, 1024, 2048])
2026-08-29 11:13:24.215 | DEBUG    | core:as_tensor:724 - Loaded cache for /proj_sw/user_dev/ctr-apbernal/tt-metal/model_cache/meta-llama/Llama-3.3-70B-Instruct/TG/tensor_cache_instruct_bfp8/layers.42.attention.wo_col_sharded_dram_dtype_BFLOAT8_B_layout_TILE.tensorbin of shape Shape([1, 1, 8192, 2048])
2026-08-29 11:13:24.232 | DEBUG    | core:as_tensor:724 - Loaded cache for /proj_sw/user_dev/ctr-apbernal/tt-metal/model_cache/meta-llama/Llama-3.3-70B-Instruct/TG/tensor_cache_instruct_bfp8/kvcache_torch.Size([2048, 1, 64, 128])_dtype_BFLOAT8_B_layout_TILE.tensorbin of shape Shape([2048, 1, 64, 128])
2026-08-29 11:13:24.241 | DEBUG    | core:as_tensor:724 - Loaded cache for /proj_sw/user_dev/ctr-apbernal/tt-metal/model_cache/meta-llama/Llama-3.3-70B-Instruct/TG/tensor_cache_instruct_bfp8/kvcache_torch.Size([2048, 1, 64, 128])_dtype_BFLOAT8_B_layout_TILE.tensorbin of shape Shape([2048, 1, 64, 128])
2026-08-29 11:13:24.571 | DEBUG    | core:as_tensor:724 - Loaded cache for /proj_sw/user_dev/ctr-apbernal/tt-metal/model_cache/meta-llama/Llama-3.3-70B-Instruct/TG/tensor_cache_instruct_bfp8/layers.42.feed_forward.w1_shardedprefetcher_dtype_BFLOAT4_B_layout_TILE.tensorbin of shape Shape([1, 1, 2048, 3584])
2026-08-29 11:13:25.088 | DEBUG    | core:as_tensor:724 - Loaded cache for /proj_sw/user_dev/ctr-apbernal/tt-metal/model_cache/meta-llama/Llama-3.3-70B-Instruct/TG/tensor_cache_instruct_bfp8/layers.42.feed_forward.w2_shardedprefetcher_dtype_BFLOAT8_B_layout_TILE.tensorbin of shape Shape([1, 1, 3584, 2048])
2026-08-29 11:13:25.368 | DEBUG    | core:as_tensor:724 - Loaded cache for /proj_sw/user_dev/ctr-apbernal/tt-metal/model_cache/meta-llama/Llama-3.3-70B-Instruct/TG/tensor_cache_instruct_bfp8/layers.42.feed_forward.w3_shardedprefetcher_dtype_BFLOAT4_B_layout_TILE.tensorbin of shape Shape([1, 1, 2048, 3584])
2026-08-29 11:13:25.658 | DEBUG    | core:as_tensor:724 - Loaded cache for /proj_sw/user_dev/ctr-apbernal/tt-metal/model_cache/meta-llama/Llama-3.3-70B-Instruct/TG/tensor_cache_instruct_bfp8/layers.42.feed_forward.w1_interleavedprefetcher_dtype_BFLOAT4_B_layout_TILE.tensorbin of shape Shape([1, 1, 2048, 3584])
2026-08-29 11:13:26.171 | DEBUG    | core:as_tensor:724 - Loaded cache for /proj_sw/user_dev/ctr-apbernal/tt-metal/model_cache/meta-llama/Llama-3.3-70B-Instruct/TG/tensor_cache_instruct_bfp8/layers.42.feed_forward.w2_interleavedprefetcher_dtype_BFLOAT8_B_layout_TILE.tensorbin of shape Shape([1, 1, 3584, 2048])
2026-08-29 11:13:26.452 | DEBUG    | core:as_tensor:724 - Loaded cache for /proj_sw/user_dev/ctr-apbernal/tt-metal/model_cache/meta-llama/Llama-3.3-70B-Instruct/TG/tensor_cache_instruct_bfp8/layers.42.feed_forward.w3_interleavedprefetcher_dtype_BFLOAT4_B_layout_TILE.tensorbin of shape Shape([1, 1, 2048, 3584])
2026-08-29 11:13:26.457 | DEBUG    | core:as_tensor:724 - Loaded cache for /proj_sw/user_dev/ctr-apbernal/tt-metal/model_cache/meta-llama/Llama-3.3-70B-Instruct/TG/tensor_cache_instruct_bfp8/layers.42.attention_norm.weight_dtype_BFLOAT16_layout_ROW_MAJOR.tensorbin of shape Shape([1, 1, 256, 32])
2026-08-29 11:13:26.460 | DEBUG    | core:as_tensor:724 - Loaded cache for /proj_sw/user_dev/ctr-apbernal/tt-metal/model_cache/meta-llama/Llama-3.3-70B-Instruct/TG/tensor_cache_instruct_bfp8/layers.42.attention_norm.weight_distributed_dtype_BFLOAT16_layout_ROW_MAJOR.tensorbin of shape Shape([1, 1, 64, 32])
2026-08-29 11:13:26.462 | DEBUG    | core:as_tensor:724 - Loaded cache for /proj_sw/user_dev/ctr-apbernal/tt-metal/model_cache/meta-llama/Llama-3.3-70B-Instruct/TG/tensor_cache_instruct_bfp8/layers.42.ffn_norm.weight_dtype_BFLOAT16_layout_ROW_MAJOR.tensorbin of shape Shape([1, 1, 256, 32])
2026-08-29 11:13:26.465 | DEBUG    | core:as_tensor:724 - Loaded cache for /proj_sw/user_dev/ctr-apbernal/tt-metal/model_cache/meta-llama/Llama-3.3-70B-Instruct/TG/tensor_cache_instruct_bfp8/layers.42.ffn_norm.weight_distributed_dtype_BFLOAT16_layout_ROW_MAJOR.tensorbin of shape Shape([1, 1, 64, 32])
 54%|█████▍    | 43/80 [02:37<02:11,  3.54s/it]2026-08-29 11:13:26.677 | DEBUG    | core:as_tensor:724 - Loaded cache for /proj_sw/user_dev/ctr-apbernal/tt-metal/model_cache/meta-llama/Llama-3.3-70B-Instruct/TG/tensor_cache_instruct_bfp8/layers.43.attention.wqkv_sharded_2d_prefetcher_dtype_BFLOAT8_B_layout_TILE.tensorbin of shape Shape([1, 1, 2048, 1280])
2026-08-29 11:13:27.000 | DEBUG    | core:as_tensor:724 - Loaded cache for /proj_sw/user_dev/ctr-apbernal/tt-metal/model_cache/meta-llama/Llama-3.3-70B-Instruct/TG/tensor_cache_instruct_bfp8/layers.43.attention.wqkv_sharded_2d_dram_dtype_BFLOAT8_B_layout_TILE.tensorbin of shape Shape([1, 1, 2048, 1280])
2026-08-29 11:13:27.328 | DEBUG    | core:as_tensor:724 - Loaded cache for /proj_sw/user_dev/ctr-apbernal/tt-metal/model_cache/meta-llama/Llama-3.3-70B-Instruct/TG/tensor_cache_instruct_bfp8/layers.43.attention.wo_width_sharded_2d_prefetcher_dtype_BFLOAT8_B_layout_TILE.tensorbin of shape Shape([1, 1, 1024, 2048])
2026-08-29 11:13:27.638 | DEBUG    | core:as_tensor:724 - Loaded cache for /proj_sw/user_dev/ctr-apbernal/tt-metal/model_cache/meta-llama/Llama-3.3-70B-Instruct/TG/tensor_cache_instruct_bfp8/layers.43.attention.wo_width_sharded_2d_dram_dtype_BFLOAT8_B_layout_TILE.tensorbin of shape Shape([1, 1, 1024, 2048])
2026-08-29 11:13:27.934 | DEBUG    | core:as_tensor:724 - Loaded cache for /proj_sw/user_dev/ctr-apbernal/tt-metal/model_cache/meta-llama/Llama-3.3-70B-Instruct/TG/tensor_cache_instruct_bfp8/layers.43.attention.wo_col_sharded_dram_dtype_BFLOAT8_B_layout_TILE.tensorbin of shape Shape([1, 1, 8192, 2048])
2026-08-29 11:13:27.948 | DEBUG    | core:as_tensor:724 - Loaded cache for /proj_sw/user_dev/ctr-apbernal/tt-metal/model_cache/meta-llama/Llama-3.3-70B-Instruct/TG/tensor_cache_instruct_bfp8/kvcache_torch.Size([2048, 1, 64, 128])_dtype_BFLOAT8_B_layout_TILE.tensorbin of shape Shape([2048, 1, 64, 128])
2026-08-29 11:13:27.956 | DEBUG    | core:as_tensor:724 - Loaded cache for /proj_sw/user_dev/ctr-apbernal/tt-metal/model_cache/meta-llama/Llama-3.3-70B-Instruct/TG/tensor_cache_instruct_bfp8/kvcache_torch.Size([2048, 1, 64, 128])_dtype_BFLOAT8_B_layout_TILE.tensorbin of shape Shape([2048, 1, 64, 128])
2026-08-29 11:13:28.261 | DEBUG    | core:as_tensor:724 - Loaded cache for /proj_sw/user_dev/ctr-apbernal/tt-metal/model_cache/meta-llama/Llama-3.3-70B-Instruct/TG/tensor_cache_instruct_bfp8/layers.43.feed_forward.w1_shardedprefetcher_dtype_BFLOAT4_B_layout_TILE.tensorbin of shape Shape([1, 1, 2048, 3584])
2026-08-29 11:13:28.781 | DEBUG    | core:as_tensor:724 - Loaded cache for /proj_sw/user_dev/ctr-apbernal/tt-metal/model_cache/meta-llama/Llama-3.3-70B-Instruct/TG/tensor_cache_instruct_bfp8/layers.43.feed_forward.w2_shardedprefetcher_dtype_BFLOAT8_B_layout_TILE.tensorbin of shape Shape([1, 1, 3584, 2048])
2026-08-29 11:13:29.053 | DEBUG    | core:as_tensor:724 - Loaded cache for /proj_sw/user_dev/ctr-apbernal/tt-metal/model_cache/meta-llama/Llama-3.3-70B-Instruct/TG/tensor_cache_instruct_bfp8/layers.43.feed_forward.w3_shardedprefetcher_dtype_BFLOAT4_B_layout_TILE.tensorbin of shape Shape([1, 1, 2048, 3584])
2026-08-29 11:13:29.335 | DEBUG    | core:as_tensor:724 - Loaded cache for /proj_sw/user_dev/ctr-apbernal/tt-metal/model_cache/meta-llama/Llama-3.3-70B-Instruct/TG/tensor_cache_instruct_bfp8/layers.43.feed_forward.w1_interleavedprefetcher_dtype_BFLOAT4_B_layout_TILE.tensorbin of shape Shape([1, 1, 2048, 3584])
2026-08-29 11:13:29.847 | DEBUG    | core:as_tensor:724 - Loaded cache for /proj_sw/user_dev/ctr-apbernal/tt-metal/model_cache/meta-llama/Llama-3.3-70B-Instruct/TG/tensor_cache_instruct_bfp8/layers.43.feed_forward.w2_interleavedprefetcher_dtype_BFLOAT8_B_layout_TILE.tensorbin of shape Shape([1, 1, 3584, 2048])
2026-08-29 11:13:30.138 | DEBUG    | core:as_tensor:724 - Loaded cache for /proj_sw/user_dev/ctr-apbernal/tt-metal/model_cache/meta-llama/Llama-3.3-70B-Instruct/TG/tensor_cache_instruct_bfp8/layers.43.feed_forward.w3_interleavedprefetcher_dtype_BFLOAT4_B_layout_TILE.tensorbin of shape Shape([1, 1, 2048, 3584])
2026-08-29 11:13:30.141 | DEBUG    | core:as_tensor:724 - Loaded cache for /proj_sw/user_dev/ctr-apbernal/tt-metal/model_cache/meta-llama/Llama-3.3-70B-Instruct/TG/tensor_cache_instruct_bfp8/layers.43.attention_norm.weight_dtype_BFLOAT16_layout_ROW_MAJOR.tensorbin of shape Shape([1, 1, 256, 32])
2026-08-29 11:13:30.144 | DEBUG    | core:as_tensor:724 - Loaded cache for /proj_sw/user_dev/ctr-apbernal/tt-metal/model_cache/meta-llama/Llama-3.3-70B-Instruct/TG/tensor_cache_instruct_bfp8/layers.43.attention_norm.weight_distributed_dtype_BFLOAT16_layout_ROW_MAJOR.tensorbin of shape Shape([1, 1, 64, 32])
2026-08-29 11:13:30.147 | DEBUG    | core:as_tensor:724 - Loaded cache for /proj_sw/user_dev/ctr-apbernal/tt-metal/model_cache/meta-llama/Llama-3.3-70B-Instruct/TG/tensor_cache_instruct_bfp8/layers.43.ffn_norm.weight_dtype_BFLOAT16_layout_ROW_MAJOR.tensorbin of shape Shape([1, 1, 256, 32])
2026-08-29 11:13:30.149 | DEBUG    | core:as_tensor:724 - Loaded cache for /proj_sw/user_dev/ctr-apbernal/tt-metal/model_cache/meta-llama/Llama-3.3-70B-Instruct/TG/tensor_cache_instruct_bfp8/layers.43.ffn_norm.weight_distributed_dtype_BFLOAT16_layout_ROW_MAJOR.tensorbin of shape Shape([1, 1, 64, 32])
 55%|█████▌    | 44/80 [02:40<02:09,  3.59s/it]2026-08-29 11:13:30.407 | DEBUG    | core:as_tensor:724 - Loaded cache for /proj_sw/user_dev/ctr-apbernal/tt-metal/model_cache/meta-llama/Llama-3.3-70B-Instruct/TG/tensor_cache_instruct_bfp8/layers.44.attention.wqkv_sharded_2d_prefetcher_dtype_BFLOAT8_B_layout_TILE.tensorbin of shape Shape([1, 1, 2048, 1280])
2026-08-29 11:13:30.691 | DEBUG    | core:as_tensor:724 - Loaded cache for /proj_sw/user_dev/ctr-apbernal/tt-metal/model_cache/meta-llama/Llama-3.3-70B-Instruct/TG/tensor_cache_instruct_bfp8/layers.44.attention.wqkv_sharded_2d_dram_dtype_BFLOAT8_B_layout_TILE.tensorbin of shape Shape([1, 1, 2048, 1280])
2026-08-29 11:13:31.024 | DEBUG    | core:as_tensor:724 - Loaded cache for /proj_sw/user_dev/ctr-apbernal/tt-metal/model_cache/meta-llama/Llama-3.3-70B-Instruct/TG/tensor_cache_instruct_bfp8/layers.44.attention.wo_width_sharded_2d_prefetcher_dtype_BFLOAT8_B_layout_TILE.tensorbin of shape Shape([1, 1, 1024, 2048])
2026-08-29 11:13:31.303 | DEBUG    | core:as_tensor:724 - Loaded cache for /proj_sw/user_dev/ctr-apbernal/tt-metal/model_cache/meta-llama/Llama-3.3-70B-Instruct/TG/tensor_cache_instruct_bfp8/layers.44.attention.wo_width_sharded_2d_dram_dtype_BFLOAT8_B_layout_TILE.tensorbin of shape Shape([1, 1, 1024, 2048])
2026-08-29 11:13:31.460 | DEBUG    | core:as_tensor:724 - Loaded cache for /proj_sw/user_dev/ctr-apbernal/tt-metal/model_cache/meta-llama/Llama-3.3-70B-Instruct/TG/tensor_cache_instruct_bfp8/layers.44.attention.wo_col_sharded_dram_dtype_BFLOAT8_B_layout_TILE.tensorbin of shape Shape([1, 1, 8192, 2048])
2026-08-29 11:13:31.475 | DEBUG    | core:as_tensor:724 - Loaded cache for /proj_sw/user_dev/ctr-apbernal/tt-metal/model_cache/meta-llama/Llama-3.3-70B-Instruct/TG/tensor_cache_instruct_bfp8/kvcache_torch.Size([2048, 1, 64, 128])_dtype_BFLOAT8_B_layout_TILE.tensorbin of shape Shape([2048, 1, 64, 128])
2026-08-29 11:13:31.484 | DEBUG    | core:as_tensor:724 - Loaded cache for /proj_sw/user_dev/ctr-apbernal/tt-metal/model_cache/meta-llama/Llama-3.3-70B-Instruct/TG/tensor_cache_instruct_bfp8/kvcache_torch.Size([2048, 1, 64, 128])_dtype_BFLOAT8_B_layout_TILE.tensorbin of shape Shape([2048, 1, 64, 128])
2026-08-29 11:13:31.800 | DEBUG    | core:as_tensor:724 - Loaded cache for /proj_sw/user_dev/ctr-apbernal/tt-metal/model_cache/meta-llama/Llama-3.3-70B-Instruct/TG/tensor_cache_instruct_bfp8/layers.44.feed_forward.w1_shardedprefetcher_dtype_BFLOAT4_B_layout_TILE.tensorbin of shape Shape([1, 1, 2048, 3584])
2026-08-29 11:13:32.314 | DEBUG    | core:as_tensor:724 - Loaded cache for /proj_sw/user_dev/ctr-apbernal/tt-metal/model_cache/meta-llama/Llama-3.3-70B-Instruct/TG/tensor_cache_instruct_bfp8/layers.44.feed_forward.w2_shardedprefetcher_dtype_BFLOAT8_B_layout_TILE.tensorbin of shape Shape([1, 1, 3584, 2048])
2026-08-29 11:13:32.599 | DEBUG    | core:as_tensor:724 - Loaded cache for /proj_sw/user_dev/ctr-apbernal/tt-metal/model_cache/meta-llama/Llama-3.3-70B-Instruct/TG/tensor_cache_instruct_bfp8/layers.44.feed_forward.w3_shardedprefetcher_dtype_BFLOAT4_B_layout_TILE.tensorbin of shape Shape([1, 1, 2048, 3584])
2026-08-29 11:13:32.903 | DEBUG    | core:as_tensor:724 - Loaded cache for /proj_sw/user_dev/ctr-apbernal/tt-metal/model_cache/meta-llama/Llama-3.3-70B-Instruct/TG/tensor_cache_instruct_bfp8/layers.44.feed_forward.w1_interleavedprefetcher_dtype_BFLOAT4_B_layout_TILE.tensorbin of shape Shape([1, 1, 2048, 3584])
2026-08-29 11:13:33.414 | DEBUG    | core:as_tensor:724 - Loaded cache for /proj_sw/user_dev/ctr-apbernal/tt-metal/model_cache/meta-llama/Llama-3.3-70B-Instruct/TG/tensor_cache_instruct_bfp8/layers.44.feed_forward.w2_interleavedprefetcher_dtype_BFLOAT8_B_layout_TILE.tensorbin of shape Shape([1, 1, 3584, 2048])
2026-08-29 11:13:33.703 | DEBUG    | core:as_tensor:724 - Loaded cache for /proj_sw/user_dev/ctr-apbernal/tt-metal/model_cache/meta-llama/Llama-3.3-70B-Instruct/TG/tensor_cache_instruct_bfp8/layers.44.feed_forward.w3_interleavedprefetcher_dtype_BFLOAT4_B_layout_TILE.tensorbin of shape Shape([1, 1, 2048, 3584])
2026-08-29 11:13:33.706 | DEBUG    | core:as_tensor:724 - Loaded cache for /proj_sw/user_dev/ctr-apbernal/tt-metal/model_cache/meta-llama/Llama-3.3-70B-Instruct/TG/tensor_cache_instruct_bfp8/layers.44.attention_norm.weight_dtype_BFLOAT16_layout_ROW_MAJOR.tensorbin of shape Shape([1, 1, 256, 32])
2026-08-29 11:13:33.709 | DEBUG    | core:as_tensor:724 - Loaded cache for /proj_sw/user_dev/ctr-apbernal/tt-metal/model_cache/meta-llama/Llama-3.3-70B-Instruct/TG/tensor_cache_instruct_bfp8/layers.44.attention_norm.weight_distributed_dtype_BFLOAT16_layout_ROW_MAJOR.tensorbin of shape Shape([1, 1, 64, 32])
2026-08-29 11:13:33.711 | DEBUG    | core:as_tensor:724 - Loaded cache for /proj_sw/user_dev/ctr-apbernal/tt-metal/model_cache/meta-llama/Llama-3.3-70B-Instruct/TG/tensor_cache_instruct_bfp8/layers.44.ffn_norm.weight_dtype_BFLOAT16_layout_ROW_MAJOR.tensorbin of shape Shape([1, 1, 256, 32])
2026-08-29 11:13:33.714 | DEBUG    | core:as_tensor:724 - Loaded cache for /proj_sw/user_dev/ctr-apbernal/tt-metal/model_cache/meta-llama/Llama-3.3-70B-Instruct/TG/tensor_cache_instruct_bfp8/layers.44.ffn_norm.weight_distributed_dtype_BFLOAT16_layout_ROW_MAJOR.tensorbin of shape Shape([1, 1, 64, 32])
 56%|█████▋    | 45/80 [02:44<02:05,  3.58s/it]2026-08-29 11:13:33.923 | DEBUG    | core:as_tensor:724 - Loaded cache for /proj_sw/user_dev/ctr-apbernal/tt-metal/model_cache/meta-llama/Llama-3.3-70B-Instruct/TG/tensor_cache_instruct_bfp8/layers.45.attention.wqkv_sharded_2d_prefetcher_dtype_BFLOAT8_B_layout_TILE.tensorbin of shape Shape([1, 1, 2048, 1280])
2026-08-29 11:13:34.164 | DEBUG    | core:as_tensor:724 - Loaded cache for /proj_sw/user_dev/ctr-apbernal/tt-metal/model_cache/meta-llama/Llama-3.3-70B-Instruct/TG/tensor_cache_instruct_bfp8/layers.45.attention.wqkv_sharded_2d_dram_dtype_BFLOAT8_B_layout_TILE.tensorbin of shape Shape([1, 1, 2048, 1280])
2026-08-29 11:13:34.405 | DEBUG    | core:as_tensor:724 - Loaded cache for /proj_sw/user_dev/ctr-apbernal/tt-metal/model_cache/meta-llama/Llama-3.3-70B-Instruct/TG/tensor_cache_instruct_bfp8/layers.45.attention.wo_width_sharded_2d_prefetcher_dtype_BFLOAT8_B_layout_TILE.tensorbin of shape Shape([1, 1, 1024, 2048])
2026-08-29 11:13:34.705 | DEBUG    | core:as_tensor:724 - Loaded cache for /proj_sw/user_dev/ctr-apbernal/tt-metal/model_cache/meta-llama/Llama-3.3-70B-Instruct/TG/tensor_cache_instruct_bfp8/layers.45.attention.wo_width_sharded_2d_dram_dtype_BFLOAT8_B_layout_TILE.tensorbin of shape Shape([1, 1, 1024, 2048])
2026-08-29 11:13:34.900 | DEBUG    | core:as_tensor:724 - Loaded cache for /proj_sw/user_dev/ctr-apbernal/tt-metal/model_cache/meta-llama/Llama-3.3-70B-Instruct/TG/tensor_cache_instruct_bfp8/layers.45.attention.wo_col_sharded_dram_dtype_BFLOAT8_B_layout_TILE.tensorbin of shape Shape([1, 1, 8192, 2048])
2026-08-29 11:13:34.915 | DEBUG    | core:as_tensor:724 - Loaded cache for /proj_sw/user_dev/ctr-apbernal/tt-metal/model_cache/meta-llama/Llama-3.3-70B-Instruct/TG/tensor_cache_instruct_bfp8/kvcache_torch.Size([2048, 1, 64, 128])_dtype_BFLOAT8_B_layout_TILE.tensorbin of shape Shape([2048, 1, 64, 128])
2026-08-29 11:13:34.923 | DEBUG    | core:as_tensor:724 - Loaded cache for /proj_sw/user_dev/ctr-apbernal/tt-metal/model_cache/meta-llama/Llama-3.3-70B-Instruct/TG/tensor_cache_instruct_bfp8/kvcache_torch.Size([2048, 1, 64, 128])_dtype_BFLOAT8_B_layout_TILE.tensorbin of shape Shape([2048, 1, 64, 128])
2026-08-29 11:13:35.232 | DEBUG    | core:as_tensor:724 - Loaded cache for /proj_sw/user_dev/ctr-apbernal/tt-metal/model_cache/meta-llama/Llama-3.3-70B-Instruct/TG/tensor_cache_instruct_bfp8/layers.45.feed_forward.w1_shardedprefetcher_dtype_BFLOAT4_B_layout_TILE.tensorbin of shape Shape([1, 1, 2048, 3584])
2026-08-29 11:13:35.747 | DEBUG    | core:as_tensor:724 - Loaded cache for /proj_sw/user_dev/ctr-apbernal/tt-metal/model_cache/meta-llama/Llama-3.3-70B-Instruct/TG/tensor_cache_instruct_bfp8/layers.45.feed_forward.w2_shardedprefetcher_dtype_BFLOAT8_B_layout_TILE.tensorbin of shape Shape([1, 1, 3584, 2048])
2026-08-29 11:13:36.036 | DEBUG    | core:as_tensor:724 - Loaded cache for /proj_sw/user_dev/ctr-apbernal/tt-metal/model_cache/meta-llama/Llama-3.3-70B-Instruct/TG/tensor_cache_instruct_bfp8/layers.45.feed_forward.w3_shardedprefetcher_dtype_BFLOAT4_B_layout_TILE.tensorbin of shape Shape([1, 1, 2048, 3584])
2026-08-29 11:13:36.329 | DEBUG    | core:as_tensor:724 - Loaded cache for /proj_sw/user_dev/ctr-apbernal/tt-metal/model_cache/meta-llama/Llama-3.3-70B-Instruct/TG/tensor_cache_instruct_bfp8/layers.45.feed_forward.w1_interleavedprefetcher_dtype_BFLOAT4_B_layout_TILE.tensorbin of shape Shape([1, 1, 2048, 3584])
2026-08-29 11:13:36.854 | DEBUG    | core:as_tensor:724 - Loaded cache for /proj_sw/user_dev/ctr-apbernal/tt-metal/model_cache/meta-llama/Llama-3.3-70B-Instruct/TG/tensor_cache_instruct_bfp8/layers.45.feed_forward.w2_interleavedprefetcher_dtype_BFLOAT8_B_layout_TILE.tensorbin of shape Shape([1, 1, 3584, 2048])
2026-08-29 11:13:37.147 | DEBUG    | core:as_tensor:724 - Loaded cache for /proj_sw/user_dev/ctr-apbernal/tt-metal/model_cache/meta-llama/Llama-3.3-70B-Instruct/TG/tensor_cache_instruct_bfp8/layers.45.feed_forward.w3_interleavedprefetcher_dtype_BFLOAT4_B_layout_TILE.tensorbin of shape Shape([1, 1, 2048, 3584])
2026-08-29 11:13:37.152 | DEBUG    | core:as_tensor:724 - Loaded cache for /proj_sw/user_dev/ctr-apbernal/tt-metal/model_cache/meta-llama/Llama-3.3-70B-Instruct/TG/tensor_cache_instruct_bfp8/layers.45.attention_norm.weight_dtype_BFLOAT16_layout_ROW_MAJOR.tensorbin of shape Shape([1, 1, 256, 32])
2026-08-29 11:13:37.155 | DEBUG    | core:as_tensor:724 - Loaded cache for /proj_sw/user_dev/ctr-apbernal/tt-metal/model_cache/meta-llama/Llama-3.3-70B-Instruct/TG/tensor_cache_instruct_bfp8/layers.45.attention_norm.weight_distributed_dtype_BFLOAT16_layout_ROW_MAJOR.tensorbin of shape Shape([1, 1, 64, 32])
2026-08-29 11:13:37.157 | DEBUG    | core:as_tensor:724 - Loaded cache for /proj_sw/user_dev/ctr-apbernal/tt-metal/model_cache/meta-llama/Llama-3.3-70B-Instruct/TG/tensor_cache_instruct_bfp8/layers.45.ffn_norm.weight_dtype_BFLOAT16_layout_ROW_MAJOR.tensorbin of shape Shape([1, 1, 256, 32])
2026-08-29 11:13:37.160 | DEBUG    | core:as_tensor:724 - Loaded cache for /proj_sw/user_dev/ctr-apbernal/tt-metal/model_cache/meta-llama/Llama-3.3-70B-Instruct/TG/tensor_cache_instruct_bfp8/layers.45.ffn_norm.weight_distributed_dtype_BFLOAT16_layout_ROW_MAJOR.tensorbin of shape Shape([1, 1, 64, 32])
 57%|█████▊    | 46/80 [02:47<02:00,  3.54s/it]2026-08-29 11:13:37.400 | DEBUG    | core:as_tensor:724 - Loaded cache for /proj_sw/user_dev/ctr-apbernal/tt-metal/model_cache/meta-llama/Llama-3.3-70B-Instruct/TG/tensor_cache_instruct_bfp8/layers.46.attention.wqkv_sharded_2d_prefetcher_dtype_BFLOAT8_B_layout_TILE.tensorbin of shape Shape([1, 1, 2048, 1280])
2026-08-29 11:13:37.790 | DEBUG    | core:as_tensor:724 - Loaded cache for /proj_sw/user_dev/ctr-apbernal/tt-metal/model_cache/meta-llama/Llama-3.3-70B-Instruct/TG/tensor_cache_instruct_bfp8/layers.46.attention.wqkv_sharded_2d_dram_dtype_BFLOAT8_B_layout_TILE.tensorbin of shape Shape([1, 1, 2048, 1280])
2026-08-29 11:13:38.132 | DEBUG    | core:as_tensor:724 - Loaded cache for /proj_sw/user_dev/ctr-apbernal/tt-metal/model_cache/meta-llama/Llama-3.3-70B-Instruct/TG/tensor_cache_instruct_bfp8/layers.46.attention.wo_width_sharded_2d_prefetcher_dtype_BFLOAT8_B_layout_TILE.tensorbin of shape Shape([1, 1, 1024, 2048])
2026-08-29 11:13:38.371 | DEBUG    | core:as_tensor:724 - Loaded cache for /proj_sw/user_dev/ctr-apbernal/tt-metal/model_cache/meta-llama/Llama-3.3-70B-Instruct/TG/tensor_cache_instruct_bfp8/layers.46.attention.wo_width_sharded_2d_dram_dtype_BFLOAT8_B_layout_TILE.tensorbin of shape Shape([1, 1, 1024, 2048])
2026-08-29 11:13:38.673 | DEBUG    | core:as_tensor:724 - Loaded cache for /proj_sw/user_dev/ctr-apbernal/tt-metal/model_cache/meta-llama/Llama-3.3-70B-Instruct/TG/tensor_cache_instruct_bfp8/layers.46.attention.wo_col_sharded_dram_dtype_BFLOAT8_B_layout_TILE.tensorbin of shape Shape([1, 1, 8192, 2048])
2026-08-29 11:13:38.690 | DEBUG    | core:as_tensor:724 - Loaded cache for /proj_sw/user_dev/ctr-apbernal/tt-metal/model_cache/meta-llama/Llama-3.3-70B-Instruct/TG/tensor_cache_instruct_bfp8/kvcache_torch.Size([2048, 1, 64, 128])_dtype_BFLOAT8_B_layout_TILE.tensorbin of shape Shape([2048, 1, 64, 128])
2026-08-29 11:13:38.698 | DEBUG    | core:as_tensor:724 - Loaded cache for /proj_sw/user_dev/ctr-apbernal/tt-metal/model_cache/meta-llama/Llama-3.3-70B-Instruct/TG/tensor_cache_instruct_bfp8/kvcache_torch.Size([2048, 1, 64, 128])_dtype_BFLOAT8_B_layout_TILE.tensorbin of shape Shape([2048, 1, 64, 128])
2026-08-29 11:13:39.012 | DEBUG    | core:as_tensor:724 - Loaded cache for /proj_sw/user_dev/ctr-apbernal/tt-metal/model_cache/meta-llama/Llama-3.3-70B-Instruct/TG/tensor_cache_instruct_bfp8/layers.46.feed_forward.w1_shardedprefetcher_dtype_BFLOAT4_B_layout_TILE.tensorbin of shape Shape([1, 1, 2048, 3584])
2026-08-29 11:13:39.550 | DEBUG    | core:as_tensor:724 - Loaded cache for /proj_sw/user_dev/ctr-apbernal/tt-metal/model_cache/meta-llama/Llama-3.3-70B-Instruct/TG/tensor_cache_instruct_bfp8/layers.46.feed_forward.w2_shardedprefetcher_dtype_BFLOAT8_B_layout_TILE.tensorbin of shape Shape([1, 1, 3584, 2048])
2026-08-29 11:13:39.936 | DEBUG    | core:as_tensor:724 - Loaded cache for /proj_sw/user_dev/ctr-apbernal/tt-metal/model_cache/meta-llama/Llama-3.3-70B-Instruct/TG/tensor_cache_instruct_bfp8/layers.46.feed_forward.w3_shardedprefetcher_dtype_BFLOAT4_B_layout_TILE.tensorbin of shape Shape([1, 1, 2048, 3584])
2026-08-29 11:13:40.234 | DEBUG    | core:as_tensor:724 - Loaded cache for /proj_sw/user_dev/ctr-apbernal/tt-metal/model_cache/meta-llama/Llama-3.3-70B-Instruct/TG/tensor_cache_instruct_bfp8/layers.46.feed_forward.w1_interleavedprefetcher_dtype_BFLOAT4_B_layout_TILE.tensorbin of shape Shape([1, 1, 2048, 3584])
2026-08-29 11:13:40.765 | DEBUG    | core:as_tensor:724 - Loaded cache for /proj_sw/user_dev/ctr-apbernal/tt-metal/model_cache/meta-llama/Llama-3.3-70B-Instruct/TG/tensor_cache_instruct_bfp8/layers.46.feed_forward.w2_interleavedprefetcher_dtype_BFLOAT8_B_layout_TILE.tensorbin of shape Shape([1, 1, 3584, 2048])
2026-08-29 11:13:41.073 | DEBUG    | core:as_tensor:724 - Loaded cache for /proj_sw/user_dev/ctr-apbernal/tt-metal/model_cache/meta-llama/Llama-3.3-70B-Instruct/TG/tensor_cache_instruct_bfp8/layers.46.feed_forward.w3_interleavedprefetcher_dtype_BFLOAT4_B_layout_TILE.tensorbin of shape Shape([1, 1, 2048, 3584])
2026-08-29 11:13:41.076 | DEBUG    | core:as_tensor:724 - Loaded cache for /proj_sw/user_dev/ctr-apbernal/tt-metal/model_cache/meta-llama/Llama-3.3-70B-Instruct/TG/tensor_cache_instruct_bfp8/layers.46.attention_norm.weight_dtype_BFLOAT16_layout_ROW_MAJOR.tensorbin of shape Shape([1, 1, 256, 32])
2026-08-29 11:13:41.078 | DEBUG    | core:as_tensor:724 - Loaded cache for /proj_sw/user_dev/ctr-apbernal/tt-metal/model_cache/meta-llama/Llama-3.3-70B-Instruct/TG/tensor_cache_instruct_bfp8/layers.46.attention_norm.weight_distributed_dtype_BFLOAT16_layout_ROW_MAJOR.tensorbin of shape Shape([1, 1, 64, 32])
2026-08-29 11:13:41.081 | DEBUG    | core:as_tensor:724 - Loaded cache for /proj_sw/user_dev/ctr-apbernal/tt-metal/model_cache/meta-llama/Llama-3.3-70B-Instruct/TG/tensor_cache_instruct_bfp8/layers.46.ffn_norm.weight_dtype_BFLOAT16_layout_ROW_MAJOR.tensorbin of shape Shape([1, 1, 256, 32])
2026-08-29 11:13:41.084 | DEBUG    | core:as_tensor:724 - Loaded cache for /proj_sw/user_dev/ctr-apbernal/tt-metal/model_cache/meta-llama/Llama-3.3-70B-Instruct/TG/tensor_cache_instruct_bfp8/layers.46.ffn_norm.weight_distributed_dtype_BFLOAT16_layout_ROW_MAJOR.tensorbin of shape Shape([1, 1, 64, 32])
 59%|█████▉    | 47/80 [02:51<02:00,  3.66s/it]2026-08-29 11:13:41.481 | DEBUG    | core:as_tensor:724 - Loaded cache for /proj_sw/user_dev/ctr-apbernal/tt-metal/model_cache/meta-llama/Llama-3.3-70B-Instruct/TG/tensor_cache_instruct_bfp8/layers.47.attention.wqkv_sharded_2d_prefetcher_dtype_BFLOAT8_B_layout_TILE.tensorbin of shape Shape([1, 1, 2048, 1280])
2026-08-29 11:13:41.717 | DEBUG    | core:as_tensor:724 - Loaded cache for /proj_sw/user_dev/ctr-apbernal/tt-metal/model_cache/meta-llama/Llama-3.3-70B-Instruct/TG/tensor_cache_instruct_bfp8/layers.47.attention.wqkv_sharded_2d_dram_dtype_BFLOAT8_B_layout_TILE.tensorbin of shape Shape([1, 1, 2048, 1280])
2026-08-29 11:13:41.872 | DEBUG    | core:as_tensor:724 - Loaded cache for /proj_sw/user_dev/ctr-apbernal/tt-metal/model_cache/meta-llama/Llama-3.3-70B-Instruct/TG/tensor_cache_instruct_bfp8/layers.47.attention.wo_width_sharded_2d_prefetcher_dtype_BFLOAT8_B_layout_TILE.tensorbin of shape Shape([1, 1, 1024, 2048])
2026-08-29 11:13:42.177 | DEBUG    | core:as_tensor:724 - Loaded cache for /proj_sw/user_dev/ctr-apbernal/tt-metal/model_cache/meta-llama/Llama-3.3-70B-Instruct/TG/tensor_cache_instruct_bfp8/layers.47.attention.wo_width_sharded_2d_dram_dtype_BFLOAT8_B_layout_TILE.tensorbin of shape Shape([1, 1, 1024, 2048])
2026-08-29 11:13:42.408 | DEBUG    | core:as_tensor:724 - Loaded cache for /proj_sw/user_dev/ctr-apbernal/tt-metal/model_cache/meta-llama/Llama-3.3-70B-Instruct/TG/tensor_cache_instruct_bfp8/layers.47.attention.wo_col_sharded_dram_dtype_BFLOAT8_B_layout_TILE.tensorbin of shape Shape([1, 1, 8192, 2048])
2026-08-29 11:13:42.422 | DEBUG    | core:as_tensor:724 - Loaded cache for /proj_sw/user_dev/ctr-apbernal/tt-metal/model_cache/meta-llama/Llama-3.3-70B-Instruct/TG/tensor_cache_instruct_bfp8/kvcache_torch.Size([2048, 1, 64, 128])_dtype_BFLOAT8_B_layout_TILE.tensorbin of shape Shape([2048, 1, 64, 128])
2026-08-29 11:13:42.431 | DEBUG    | core:as_tensor:724 - Loaded cache for /proj_sw/user_dev/ctr-apbernal/tt-metal/model_cache/meta-llama/Llama-3.3-70B-Instruct/TG/tensor_cache_instruct_bfp8/kvcache_torch.Size([2048, 1, 64, 128])_dtype_BFLOAT8_B_layout_TILE.tensorbin of shape Shape([2048, 1, 64, 128])
2026-08-29 11:13:42.741 | DEBUG    | core:as_tensor:724 - Loaded cache for /proj_sw/user_dev/ctr-apbernal/tt-metal/model_cache/meta-llama/Llama-3.3-70B-Instruct/TG/tensor_cache_instruct_bfp8/layers.47.feed_forward.w1_shardedprefetcher_dtype_BFLOAT4_B_layout_TILE.tensorbin of shape Shape([1, 1, 2048, 3584])
2026-08-29 11:13:43.262 | DEBUG    | core:as_tensor:724 - Loaded cache for /proj_sw/user_dev/ctr-apbernal/tt-metal/model_cache/meta-llama/Llama-3.3-70B-Instruct/TG/tensor_cache_instruct_bfp8/layers.47.feed_forward.w2_shardedprefetcher_dtype_BFLOAT8_B_layout_TILE.tensorbin of shape Shape([1, 1, 3584, 2048])
2026-08-29 11:13:43.566 | DEBUG    | core:as_tensor:724 - Loaded cache for /proj_sw/user_dev/ctr-apbernal/tt-metal/model_cache/meta-llama/Llama-3.3-70B-Instruct/TG/tensor_cache_instruct_bfp8/layers.47.feed_forward.w3_shardedprefetcher_dtype_BFLOAT4_B_layout_TILE.tensorbin of shape Shape([1, 1, 2048, 3584])
2026-08-29 11:13:43.863 | DEBUG    | core:as_tensor:724 - Loaded cache for /proj_sw/user_dev/ctr-apbernal/tt-metal/model_cache/meta-llama/Llama-3.3-70B-Instruct/TG/tensor_cache_instruct_bfp8/layers.47.feed_forward.w1_interleavedprefetcher_dtype_BFLOAT4_B_layout_TILE.tensorbin of shape Shape([1, 1, 2048, 3584])
2026-08-29 11:13:44.389 | DEBUG    | core:as_tensor:724 - Loaded cache for /proj_sw/user_dev/ctr-apbernal/tt-metal/model_cache/meta-llama/Llama-3.3-70B-Instruct/TG/tensor_cache_instruct_bfp8/layers.47.feed_forward.w2_interleavedprefetcher_dtype_BFLOAT8_B_layout_TILE.tensorbin of shape Shape([1, 1, 3584, 2048])
2026-08-29 11:13:44.693 | DEBUG    | core:as_tensor:724 - Loaded cache for /proj_sw/user_dev/ctr-apbernal/tt-metal/model_cache/meta-llama/Llama-3.3-70B-Instruct/TG/tensor_cache_instruct_bfp8/layers.47.feed_forward.w3_interleavedprefetcher_dtype_BFLOAT4_B_layout_TILE.tensorbin of shape Shape([1, 1, 2048, 3584])
2026-08-29 11:13:44.697 | DEBUG    | core:as_tensor:724 - Loaded cache for /proj_sw/user_dev/ctr-apbernal/tt-metal/model_cache/meta-llama/Llama-3.3-70B-Instruct/TG/tensor_cache_instruct_bfp8/layers.47.attention_norm.weight_dtype_BFLOAT16_layout_ROW_MAJOR.tensorbin of shape Shape([1, 1, 256, 32])
2026-08-29 11:13:44.700 | DEBUG    | core:as_tensor:724 - Loaded cache for /proj_sw/user_dev/ctr-apbernal/tt-metal/model_cache/meta-llama/Llama-3.3-70B-Instruct/TG/tensor_cache_instruct_bfp8/layers.47.attention_norm.weight_distributed_dtype_BFLOAT16_layout_ROW_MAJOR.tensorbin of shape Shape([1, 1, 64, 32])
2026-08-29 11:13:44.703 | DEBUG    | core:as_tensor:724 - Loaded cache for /proj_sw/user_dev/ctr-apbernal/tt-metal/model_cache/meta-llama/Llama-3.3-70B-Instruct/TG/tensor_cache_instruct_bfp8/layers.47.ffn_norm.weight_dtype_BFLOAT16_layout_ROW_MAJOR.tensorbin of shape Shape([1, 1, 256, 32])
2026-08-29 11:13:44.705 | DEBUG    | core:as_tensor:724 - Loaded cache for /proj_sw/user_dev/ctr-apbernal/tt-metal/model_cache/meta-llama/Llama-3.3-70B-Instruct/TG/tensor_cache_instruct_bfp8/layers.47.ffn_norm.weight_distributed_dtype_BFLOAT16_layout_ROW_MAJOR.tensorbin of shape Shape([1, 1, 64, 32])
 60%|██████    | 48/80 [02:55<01:56,  3.64s/it]2026-08-29 11:13:44.964 | DEBUG    | core:as_tensor:724 - Loaded cache for /proj_sw/user_dev/ctr-apbernal/tt-metal/model_cache/meta-llama/Llama-3.3-70B-Instruct/TG/tensor_cache_instruct_bfp8/layers.48.attention.wqkv_sharded_2d_prefetcher_dtype_BFLOAT8_B_layout_TILE.tensorbin of shape Shape([1, 1, 2048, 1280])
2026-08-29 11:13:45.283 | DEBUG    | core:as_tensor:724 - Loaded cache for /proj_sw/user_dev/ctr-apbernal/tt-metal/model_cache/meta-llama/Llama-3.3-70B-Instruct/TG/tensor_cache_instruct_bfp8/layers.48.attention.wqkv_sharded_2d_dram_dtype_BFLOAT8_B_layout_TILE.tensorbin of shape Shape([1, 1, 2048, 1280])
2026-08-29 11:13:45.494 | DEBUG    | core:as_tensor:724 - Loaded cache for /proj_sw/user_dev/ctr-apbernal/tt-metal/model_cache/meta-llama/Llama-3.3-70B-Instruct/TG/tensor_cache_instruct_bfp8/layers.48.attention.wo_width_sharded_2d_prefetcher_dtype_BFLOAT8_B_layout_TILE.tensorbin of shape Shape([1, 1, 1024, 2048])
2026-08-29 11:13:45.774 | DEBUG    | core:as_tensor:724 - Loaded cache for /proj_sw/user_dev/ctr-apbernal/tt-metal/model_cache/meta-llama/Llama-3.3-70B-Instruct/TG/tensor_cache_instruct_bfp8/layers.48.attention.wo_width_sharded_2d_dram_dtype_BFLOAT8_B_layout_TILE.tensorbin of shape Shape([1, 1, 1024, 2048])
2026-08-29 11:13:46.014 | DEBUG    | core:as_tensor:724 - Loaded cache for /proj_sw/user_dev/ctr-apbernal/tt-metal/model_cache/meta-llama/Llama-3.3-70B-Instruct/TG/tensor_cache_instruct_bfp8/layers.48.attention.wo_col_sharded_dram_dtype_BFLOAT8_B_layout_TILE.tensorbin of shape Shape([1, 1, 8192, 2048])
2026-08-29 11:13:46.028 | DEBUG    | core:as_tensor:724 - Loaded cache for /proj_sw/user_dev/ctr-apbernal/tt-metal/model_cache/meta-llama/Llama-3.3-70B-Instruct/TG/tensor_cache_instruct_bfp8/kvcache_torch.Size([2048, 1, 64, 128])_dtype_BFLOAT8_B_layout_TILE.tensorbin of shape Shape([2048, 1, 64, 128])
2026-08-29 11:13:46.036 | DEBUG    | core:as_tensor:724 - Loaded cache for /proj_sw/user_dev/ctr-apbernal/tt-metal/model_cache/meta-llama/Llama-3.3-70B-Instruct/TG/tensor_cache_instruct_bfp8/kvcache_torch.Size([2048, 1, 64, 128])_dtype_BFLOAT8_B_layout_TILE.tensorbin of shape Shape([2048, 1, 64, 128])
2026-08-29 11:13:46.356 | DEBUG    | core:as_tensor:724 - Loaded cache for /proj_sw/user_dev/ctr-apbernal/tt-metal/model_cache/meta-llama/Llama-3.3-70B-Instruct/TG/tensor_cache_instruct_bfp8/layers.48.feed_forward.w1_shardedprefetcher_dtype_BFLOAT4_B_layout_TILE.tensorbin of shape Shape([1, 1, 2048, 3584])
2026-08-29 11:13:46.902 | DEBUG    | core:as_tensor:724 - Loaded cache for /proj_sw/user_dev/ctr-apbernal/tt-metal/model_cache/meta-llama/Llama-3.3-70B-Instruct/TG/tensor_cache_instruct_bfp8/layers.48.feed_forward.w2_shardedprefetcher_dtype_BFLOAT8_B_layout_TILE.tensorbin of shape Shape([1, 1, 3584, 2048])
2026-08-29 11:13:47.198 | DEBUG    | core:as_tensor:724 - Loaded cache for /proj_sw/user_dev/ctr-apbernal/tt-metal/model_cache/meta-llama/Llama-3.3-70B-Instruct/TG/tensor_cache_instruct_bfp8/layers.48.feed_forward.w3_shardedprefetcher_dtype_BFLOAT4_B_layout_TILE.tensorbin of shape Shape([1, 1, 2048, 3584])
2026-08-29 11:13:47.500 | DEBUG    | core:as_tensor:724 - Loaded cache for /proj_sw/user_dev/ctr-apbernal/tt-metal/model_cache/meta-llama/Llama-3.3-70B-Instruct/TG/tensor_cache_instruct_bfp8/layers.48.feed_forward.w1_interleavedprefetcher_dtype_BFLOAT4_B_layout_TILE.tensorbin of shape Shape([1, 1, 2048, 3584])
2026-08-29 11:13:48.025 | DEBUG    | core:as_tensor:724 - Loaded cache for /proj_sw/user_dev/ctr-apbernal/tt-metal/model_cache/meta-llama/Llama-3.3-70B-Instruct/TG/tensor_cache_instruct_bfp8/layers.48.feed_forward.w2_interleavedprefetcher_dtype_BFLOAT8_B_layout_TILE.tensorbin of shape Shape([1, 1, 3584, 2048])
2026-08-29 11:13:48.310 | DEBUG    | core:as_tensor:724 - Loaded cache for /proj_sw/user_dev/ctr-apbernal/tt-metal/model_cache/meta-llama/Llama-3.3-70B-Instruct/TG/tensor_cache_instruct_bfp8/layers.48.feed_forward.w3_interleavedprefetcher_dtype_BFLOAT4_B_layout_TILE.tensorbin of shape Shape([1, 1, 2048, 3584])
2026-08-29 11:13:48.313 | DEBUG    | core:as_tensor:724 - Loaded cache for /proj_sw/user_dev/ctr-apbernal/tt-metal/model_cache/meta-llama/Llama-3.3-70B-Instruct/TG/tensor_cache_instruct_bfp8/layers.48.attention_norm.weight_dtype_BFLOAT16_layout_ROW_MAJOR.tensorbin of shape Shape([1, 1, 256, 32])
2026-08-29 11:13:48.320 | DEBUG    | core:as_tensor:724 - Loaded cache for /proj_sw/user_dev/ctr-apbernal/tt-metal/model_cache/meta-llama/Llama-3.3-70B-Instruct/TG/tensor_cache_instruct_bfp8/layers.48.attention_norm.weight_distributed_dtype_BFLOAT16_layout_ROW_MAJOR.tensorbin of shape Shape([1, 1, 64, 32])
2026-08-29 11:13:48.322 | DEBUG    | core:as_tensor:724 - Loaded cache for /proj_sw/user_dev/ctr-apbernal/tt-metal/model_cache/meta-llama/Llama-3.3-70B-Instruct/TG/tensor_cache_instruct_bfp8/layers.48.ffn_norm.weight_dtype_BFLOAT16_layout_ROW_MAJOR.tensorbin of shape Shape([1, 1, 256, 32])
2026-08-29 11:13:48.324 | DEBUG    | core:as_tensor:724 - Loaded cache for /proj_sw/user_dev/ctr-apbernal/tt-metal/model_cache/meta-llama/Llama-3.3-70B-Instruct/TG/tensor_cache_instruct_bfp8/layers.48.ffn_norm.weight_distributed_dtype_BFLOAT16_layout_ROW_MAJOR.tensorbin of shape Shape([1, 1, 64, 32])
 61%|██████▏   | 49/80 [02:58<01:52,  3.64s/it]2026-08-29 11:13:48.720 | DEBUG    | core:as_tensor:724 - Loaded cache for /proj_sw/user_dev/ctr-apbernal/tt-metal/model_cache/meta-llama/Llama-3.3-70B-Instruct/TG/tensor_cache_instruct_bfp8/layers.49.attention.wqkv_sharded_2d_prefetcher_dtype_BFLOAT8_B_layout_TILE.tensorbin of shape Shape([1, 1, 2048, 1280])
2026-08-29 11:13:48.968 | DEBUG    | core:as_tensor:724 - Loaded cache for /proj_sw/user_dev/ctr-apbernal/tt-metal/model_cache/meta-llama/Llama-3.3-70B-Instruct/TG/tensor_cache_instruct_bfp8/layers.49.attention.wqkv_sharded_2d_dram_dtype_BFLOAT8_B_layout_TILE.tensorbin of shape Shape([1, 1, 2048, 1280])
2026-08-29 11:13:49.314 | DEBUG    | core:as_tensor:724 - Loaded cache for /proj_sw/user_dev/ctr-apbernal/tt-metal/model_cache/meta-llama/Llama-3.3-70B-Instruct/TG/tensor_cache_instruct_bfp8/layers.49.attention.wo_width_sharded_2d_prefetcher_dtype_BFLOAT8_B_layout_TILE.tensorbin of shape Shape([1, 1, 1024, 2048])
2026-08-29 11:13:49.630 | DEBUG    | core:as_tensor:724 - Loaded cache for /proj_sw/user_dev/ctr-apbernal/tt-metal/model_cache/meta-llama/Llama-3.3-70B-Instruct/TG/tensor_cache_instruct_bfp8/layers.49.attention.wo_width_sharded_2d_dram_dtype_BFLOAT8_B_layout_TILE.tensorbin of shape Shape([1, 1, 1024, 2048])
2026-08-29 11:13:49.869 | DEBUG    | core:as_tensor:724 - Loaded cache for /proj_sw/user_dev/ctr-apbernal/tt-metal/model_cache/meta-llama/Llama-3.3-70B-Instruct/TG/tensor_cache_instruct_bfp8/layers.49.attention.wo_col_sharded_dram_dtype_BFLOAT8_B_layout_TILE.tensorbin of shape Shape([1, 1, 8192, 2048])
2026-08-29 11:13:49.886 | DEBUG    | core:as_tensor:724 - Loaded cache for /proj_sw/user_dev/ctr-apbernal/tt-metal/model_cache/meta-llama/Llama-3.3-70B-Instruct/TG/tensor_cache_instruct_bfp8/kvcache_torch.Size([2048, 1, 64, 128])_dtype_BFLOAT8_B_layout_TILE.tensorbin of shape Shape([2048, 1, 64, 128])
2026-08-29 11:13:49.894 | DEBUG    | core:as_tensor:724 - Loaded cache for /proj_sw/user_dev/ctr-apbernal/tt-metal/model_cache/meta-llama/Llama-3.3-70B-Instruct/TG/tensor_cache_instruct_bfp8/kvcache_torch.Size([2048, 1, 64, 128])_dtype_BFLOAT8_B_layout_TILE.tensorbin of shape Shape([2048, 1, 64, 128])
2026-08-29 11:13:50.219 | DEBUG    | core:as_tensor:724 - Loaded cache for /proj_sw/user_dev/ctr-apbernal/tt-metal/model_cache/meta-llama/Llama-3.3-70B-Instruct/TG/tensor_cache_instruct_bfp8/layers.49.feed_forward.w1_shardedprefetcher_dtype_BFLOAT4_B_layout_TILE.tensorbin of shape Shape([1, 1, 2048, 3584])
2026-08-29 11:13:50.751 | DEBUG    | core:as_tensor:724 - Loaded cache for /proj_sw/user_dev/ctr-apbernal/tt-metal/model_cache/meta-llama/Llama-3.3-70B-Instruct/TG/tensor_cache_instruct_bfp8/layers.49.feed_forward.w2_shardedprefetcher_dtype_BFLOAT8_B_layout_TILE.tensorbin of shape Shape([1, 1, 3584, 2048])
2026-08-29 11:13:51.047 | DEBUG    | core:as_tensor:724 - Loaded cache for /proj_sw/user_dev/ctr-apbernal/tt-metal/model_cache/meta-llama/Llama-3.3-70B-Instruct/TG/tensor_cache_instruct_bfp8/layers.49.feed_forward.w3_shardedprefetcher_dtype_BFLOAT4_B_layout_TILE.tensorbin of shape Shape([1, 1, 2048, 3584])
2026-08-29 11:13:51.343 | DEBUG    | core:as_tensor:724 - Loaded cache for /proj_sw/user_dev/ctr-apbernal/tt-metal/model_cache/meta-llama/Llama-3.3-70B-Instruct/TG/tensor_cache_instruct_bfp8/layers.49.feed_forward.w1_interleavedprefetcher_dtype_BFLOAT4_B_layout_TILE.tensorbin of shape Shape([1, 1, 2048, 3584])
2026-08-29 11:13:51.871 | DEBUG    | core:as_tensor:724 - Loaded cache for /proj_sw/user_dev/ctr-apbernal/tt-metal/model_cache/meta-llama/Llama-3.3-70B-Instruct/TG/tensor_cache_instruct_bfp8/layers.49.feed_forward.w2_interleavedprefetcher_dtype_BFLOAT8_B_layout_TILE.tensorbin of shape Shape([1, 1, 3584, 2048])
2026-08-29 11:13:52.164 | DEBUG    | core:as_tensor:724 - Loaded cache for /proj_sw/user_dev/ctr-apbernal/tt-metal/model_cache/meta-llama/Llama-3.3-70B-Instruct/TG/tensor_cache_instruct_bfp8/layers.49.feed_forward.w3_interleavedprefetcher_dtype_BFLOAT4_B_layout_TILE.tensorbin of shape Shape([1, 1, 2048, 3584])
2026-08-29 11:13:52.168 | DEBUG    | core:as_tensor:724 - Loaded cache for /proj_sw/user_dev/ctr-apbernal/tt-metal/model_cache/meta-llama/Llama-3.3-70B-Instruct/TG/tensor_cache_instruct_bfp8/layers.49.attention_norm.weight_dtype_BFLOAT16_layout_ROW_MAJOR.tensorbin of shape Shape([1, 1, 256, 32])
2026-08-29 11:13:52.171 | DEBUG    | core:as_tensor:724 - Loaded cache for /proj_sw/user_dev/ctr-apbernal/tt-metal/model_cache/meta-llama/Llama-3.3-70B-Instruct/TG/tensor_cache_instruct_bfp8/layers.49.attention_norm.weight_distributed_dtype_BFLOAT16_layout_ROW_MAJOR.tensorbin of shape Shape([1, 1, 64, 32])
2026-08-29 11:13:52.173 | DEBUG    | core:as_tensor:724 - Loaded cache for /proj_sw/user_dev/ctr-apbernal/tt-metal/model_cache/meta-llama/Llama-3.3-70B-Instruct/TG/tensor_cache_instruct_bfp8/layers.49.ffn_norm.weight_dtype_BFLOAT16_layout_ROW_MAJOR.tensorbin of shape Shape([1, 1, 256, 32])
2026-08-29 11:13:52.176 | DEBUG    | core:as_tensor:724 - Loaded cache for /proj_sw/user_dev/ctr-apbernal/tt-metal/model_cache/meta-llama/Llama-3.3-70B-Instruct/TG/tensor_cache_instruct_bfp8/layers.49.ffn_norm.weight_distributed_dtype_BFLOAT16_layout_ROW_MAJOR.tensorbin of shape Shape([1, 1, 64, 32])
 62%|██████▎   | 50/80 [03:02<01:51,  3.70s/it]2026-08-29 11:13:52.427 | DEBUG    | core:as_tensor:724 - Loaded cache for /proj_sw/user_dev/ctr-apbernal/tt-metal/model_cache/meta-llama/Llama-3.3-70B-Instruct/TG/tensor_cache_instruct_bfp8/layers.50.attention.wqkv_sharded_2d_prefetcher_dtype_BFLOAT8_B_layout_TILE.tensorbin of shape Shape([1, 1, 2048, 1280])
2026-08-29 11:13:52.656 | DEBUG    | core:as_tensor:724 - Loaded cache for /proj_sw/user_dev/ctr-apbernal/tt-metal/model_cache/meta-llama/Llama-3.3-70B-Instruct/TG/tensor_cache_instruct_bfp8/layers.50.attention.wqkv_sharded_2d_dram_dtype_BFLOAT8_B_layout_TILE.tensorbin of shape Shape([1, 1, 2048, 1280])
2026-08-29 11:13:53.007 | DEBUG    | core:as_tensor:724 - Loaded cache for /proj_sw/user_dev/ctr-apbernal/tt-metal/model_cache/meta-llama/Llama-3.3-70B-Instruct/TG/tensor_cache_instruct_bfp8/layers.50.attention.wo_width_sharded_2d_prefetcher_dtype_BFLOAT8_B_layout_TILE.tensorbin of shape Shape([1, 1, 1024, 2048])
2026-08-29 11:13:53.166 | DEBUG    | core:as_tensor:724 - Loaded cache for /proj_sw/user_dev/ctr-apbernal/tt-metal/model_cache/meta-llama/Llama-3.3-70B-Instruct/TG/tensor_cache_instruct_bfp8/layers.50.attention.wo_width_sharded_2d_dram_dtype_BFLOAT8_B_layout_TILE.tensorbin of shape Shape([1, 1, 1024, 2048])
2026-08-29 11:13:53.390 | DEBUG    | core:as_tensor:724 - Loaded cache for /proj_sw/user_dev/ctr-apbernal/tt-metal/model_cache/meta-llama/Llama-3.3-70B-Instruct/TG/tensor_cache_instruct_bfp8/layers.50.attention.wo_col_sharded_dram_dtype_BFLOAT8_B_layout_TILE.tensorbin of shape Shape([1, 1, 8192, 2048])
2026-08-29 11:13:53.404 | DEBUG    | core:as_tensor:724 - Loaded cache for /proj_sw/user_dev/ctr-apbernal/tt-metal/model_cache/meta-llama/Llama-3.3-70B-Instruct/TG/tensor_cache_instruct_bfp8/kvcache_torch.Size([2048, 1, 64, 128])_dtype_BFLOAT8_B_layout_TILE.tensorbin of shape Shape([2048, 1, 64, 128])
2026-08-29 11:13:53.412 | DEBUG    | core:as_tensor:724 - Loaded cache for /proj_sw/user_dev/ctr-apbernal/tt-metal/model_cache/meta-llama/Llama-3.3-70B-Instruct/TG/tensor_cache_instruct_bfp8/kvcache_torch.Size([2048, 1, 64, 128])_dtype_BFLOAT8_B_layout_TILE.tensorbin of shape Shape([2048, 1, 64, 128])
2026-08-29 11:13:53.740 | DEBUG    | core:as_tensor:724 - Loaded cache for /proj_sw/user_dev/ctr-apbernal/tt-metal/model_cache/meta-llama/Llama-3.3-70B-Instruct/TG/tensor_cache_instruct_bfp8/layers.50.feed_forward.w1_shardedprefetcher_dtype_BFLOAT4_B_layout_TILE.tensorbin of shape Shape([1, 1, 2048, 3584])
2026-08-29 11:13:54.270 | DEBUG    | core:as_tensor:724 - Loaded cache for /proj_sw/user_dev/ctr-apbernal/tt-metal/model_cache/meta-llama/Llama-3.3-70B-Instruct/TG/tensor_cache_instruct_bfp8/layers.50.feed_forward.w2_shardedprefetcher_dtype_BFLOAT8_B_layout_TILE.tensorbin of shape Shape([1, 1, 3584, 2048])
2026-08-29 11:13:54.759 | DEBUG    | core:as_tensor:724 - Loaded cache for /proj_sw/user_dev/ctr-apbernal/tt-metal/model_cache/meta-llama/Llama-3.3-70B-Instruct/TG/tensor_cache_instruct_bfp8/layers.50.feed_forward.w3_shardedprefetcher_dtype_BFLOAT4_B_layout_TILE.tensorbin of shape Shape([1, 1, 2048, 3584])
2026-08-29 11:13:55.044 | DEBUG    | core:as_tensor:724 - Loaded cache for /proj_sw/user_dev/ctr-apbernal/tt-metal/model_cache/meta-llama/Llama-3.3-70B-Instruct/TG/tensor_cache_instruct_bfp8/layers.50.feed_forward.w1_interleavedprefetcher_dtype_BFLOAT4_B_layout_TILE.tensorbin of shape Shape([1, 1, 2048, 3584])
2026-08-29 11:13:55.576 | DEBUG    | core:as_tensor:724 - Loaded cache for /proj_sw/user_dev/ctr-apbernal/tt-metal/model_cache/meta-llama/Llama-3.3-70B-Instruct/TG/tensor_cache_instruct_bfp8/layers.50.feed_forward.w2_interleavedprefetcher_dtype_BFLOAT8_B_layout_TILE.tensorbin of shape Shape([1, 1, 3584, 2048])
2026-08-29 11:13:55.878 | DEBUG    | core:as_tensor:724 - Loaded cache for /proj_sw/user_dev/ctr-apbernal/tt-metal/model_cache/meta-llama/Llama-3.3-70B-Instruct/TG/tensor_cache_instruct_bfp8/layers.50.feed_forward.w3_interleavedprefetcher_dtype_BFLOAT4_B_layout_TILE.tensorbin of shape Shape([1, 1, 2048, 3584])
2026-08-29 11:13:55.881 | DEBUG    | core:as_tensor:724 - Loaded cache for /proj_sw/user_dev/ctr-apbernal/tt-metal/model_cache/meta-llama/Llama-3.3-70B-Instruct/TG/tensor_cache_instruct_bfp8/layers.50.attention_norm.weight_dtype_BFLOAT16_layout_ROW_MAJOR.tensorbin of shape Shape([1, 1, 256, 32])
2026-08-29 11:13:55.884 | DEBUG    | core:as_tensor:724 - Loaded cache for /proj_sw/user_dev/ctr-apbernal/tt-metal/model_cache/meta-llama/Llama-3.3-70B-Instruct/TG/tensor_cache_instruct_bfp8/layers.50.attention_norm.weight_distributed_dtype_BFLOAT16_layout_ROW_MAJOR.tensorbin of shape Shape([1, 1, 64, 32])
2026-08-29 11:13:55.886 | DEBUG    | core:as_tensor:724 - Loaded cache for /proj_sw/user_dev/ctr-apbernal/tt-metal/model_cache/meta-llama/Llama-3.3-70B-Instruct/TG/tensor_cache_instruct_bfp8/layers.50.ffn_norm.weight_dtype_BFLOAT16_layout_ROW_MAJOR.tensorbin of shape Shape([1, 1, 256, 32])
2026-08-29 11:13:55.889 | DEBUG    | core:as_tensor:724 - Loaded cache for /proj_sw/user_dev/ctr-apbernal/tt-metal/model_cache/meta-llama/Llama-3.3-70B-Instruct/TG/tensor_cache_instruct_bfp8/layers.50.ffn_norm.weight_distributed_dtype_BFLOAT16_layout_ROW_MAJOR.tensorbin of shape Shape([1, 1, 64, 32])
 64%|██████▍   | 51/80 [03:06<01:47,  3.70s/it]2026-08-29 11:13:56.294 | DEBUG    | core:as_tensor:724 - Loaded cache for /proj_sw/user_dev/ctr-apbernal/tt-metal/model_cache/meta-llama/Llama-3.3-70B-Instruct/TG/tensor_cache_instruct_bfp8/layers.51.attention.wqkv_sharded_2d_prefetcher_dtype_BFLOAT8_B_layout_TILE.tensorbin of shape Shape([1, 1, 2048, 1280])
2026-08-29 11:13:56.506 | DEBUG    | core:as_tensor:724 - Loaded cache for /proj_sw/user_dev/ctr-apbernal/tt-metal/model_cache/meta-llama/Llama-3.3-70B-Instruct/TG/tensor_cache_instruct_bfp8/layers.51.attention.wqkv_sharded_2d_dram_dtype_BFLOAT8_B_layout_TILE.tensorbin of shape Shape([1, 1, 2048, 1280])
2026-08-29 11:13:56.764 | DEBUG    | core:as_tensor:724 - Loaded cache for /proj_sw/user_dev/ctr-apbernal/tt-metal/model_cache/meta-llama/Llama-3.3-70B-Instruct/TG/tensor_cache_instruct_bfp8/layers.51.attention.wo_width_sharded_2d_prefetcher_dtype_BFLOAT8_B_layout_TILE.tensorbin of shape Shape([1, 1, 1024, 2048])
2026-08-29 11:13:57.013 | DEBUG    | core:as_tensor:724 - Loaded cache for /proj_sw/user_dev/ctr-apbernal/tt-metal/model_cache/meta-llama/Llama-3.3-70B-Instruct/TG/tensor_cache_instruct_bfp8/layers.51.attention.wo_width_sharded_2d_dram_dtype_BFLOAT8_B_layout_TILE.tensorbin of shape Shape([1, 1, 1024, 2048])
2026-08-29 11:13:57.275 | DEBUG    | core:as_tensor:724 - Loaded cache for /proj_sw/user_dev/ctr-apbernal/tt-metal/model_cache/meta-llama/Llama-3.3-70B-Instruct/TG/tensor_cache_instruct_bfp8/layers.51.attention.wo_col_sharded_dram_dtype_BFLOAT8_B_layout_TILE.tensorbin of shape Shape([1, 1, 8192, 2048])
2026-08-29 11:13:57.290 | DEBUG    | core:as_tensor:724 - Loaded cache for /proj_sw/user_dev/ctr-apbernal/tt-metal/model_cache/meta-llama/Llama-3.3-70B-Instruct/TG/tensor_cache_instruct_bfp8/kvcache_torch.Size([2048, 1, 64, 128])_dtype_BFLOAT8_B_layout_TILE.tensorbin of shape Shape([2048, 1, 64, 128])
2026-08-29 11:13:57.299 | DEBUG    | core:as_tensor:724 - Loaded cache for /proj_sw/user_dev/ctr-apbernal/tt-metal/model_cache/meta-llama/Llama-3.3-70B-Instruct/TG/tensor_cache_instruct_bfp8/kvcache_torch.Size([2048, 1, 64, 128])_dtype_BFLOAT8_B_layout_TILE.tensorbin of shape Shape([2048, 1, 64, 128])
2026-08-29 11:13:57.617 | DEBUG    | core:as_tensor:724 - Loaded cache for /proj_sw/user_dev/ctr-apbernal/tt-metal/model_cache/meta-llama/Llama-3.3-70B-Instruct/TG/tensor_cache_instruct_bfp8/layers.51.feed_forward.w1_shardedprefetcher_dtype_BFLOAT4_B_layout_TILE.tensorbin of shape Shape([1, 1, 2048, 3584])
2026-08-29 11:13:58.146 | DEBUG    | core:as_tensor:724 - Loaded cache for /proj_sw/user_dev/ctr-apbernal/tt-metal/model_cache/meta-llama/Llama-3.3-70B-Instruct/TG/tensor_cache_instruct_bfp8/layers.51.feed_forward.w2_shardedprefetcher_dtype_BFLOAT8_B_layout_TILE.tensorbin of shape Shape([1, 1, 3584, 2048])
2026-08-29 11:13:58.452 | DEBUG    | core:as_tensor:724 - Loaded cache for /proj_sw/user_dev/ctr-apbernal/tt-metal/model_cache/meta-llama/Llama-3.3-70B-Instruct/TG/tensor_cache_instruct_bfp8/layers.51.feed_forward.w3_shardedprefetcher_dtype_BFLOAT4_B_layout_TILE.tensorbin of shape Shape([1, 1, 2048, 3584])
2026-08-29 11:13:58.753 | DEBUG    | core:as_tensor:724 - Loaded cache for /proj_sw/user_dev/ctr-apbernal/tt-metal/model_cache/meta-llama/Llama-3.3-70B-Instruct/TG/tensor_cache_instruct_bfp8/layers.51.feed_forward.w1_interleavedprefetcher_dtype_BFLOAT4_B_layout_TILE.tensorbin of shape Shape([1, 1, 2048, 3584])
2026-08-29 11:13:59.280 | DEBUG    | core:as_tensor:724 - Loaded cache for /proj_sw/user_dev/ctr-apbernal/tt-metal/model_cache/meta-llama/Llama-3.3-70B-Instruct/TG/tensor_cache_instruct_bfp8/layers.51.feed_forward.w2_interleavedprefetcher_dtype_BFLOAT8_B_layout_TILE.tensorbin of shape Shape([1, 1, 3584, 2048])
2026-08-29 11:13:59.570 | DEBUG    | core:as_tensor:724 - Loaded cache for /proj_sw/user_dev/ctr-apbernal/tt-metal/model_cache/meta-llama/Llama-3.3-70B-Instruct/TG/tensor_cache_instruct_bfp8/layers.51.feed_forward.w3_interleavedprefetcher_dtype_BFLOAT4_B_layout_TILE.tensorbin of shape Shape([1, 1, 2048, 3584])
2026-08-29 11:13:59.573 | DEBUG    | core:as_tensor:724 - Loaded cache for /proj_sw/user_dev/ctr-apbernal/tt-metal/model_cache/meta-llama/Llama-3.3-70B-Instruct/TG/tensor_cache_instruct_bfp8/layers.51.attention_norm.weight_dtype_BFLOAT16_layout_ROW_MAJOR.tensorbin of shape Shape([1, 1, 256, 32])
2026-08-29 11:13:59.575 | DEBUG    | core:as_tensor:724 - Loaded cache for /proj_sw/user_dev/ctr-apbernal/tt-metal/model_cache/meta-llama/Llama-3.3-70B-Instruct/TG/tensor_cache_instruct_bfp8/layers.51.attention_norm.weight_distributed_dtype_BFLOAT16_layout_ROW_MAJOR.tensorbin of shape Shape([1, 1, 64, 32])
2026-08-29 11:13:59.577 | DEBUG    | core:as_tensor:724 - Loaded cache for /proj_sw/user_dev/ctr-apbernal/tt-metal/model_cache/meta-llama/Llama-3.3-70B-Instruct/TG/tensor_cache_instruct_bfp8/layers.51.ffn_norm.weight_dtype_BFLOAT16_layout_ROW_MAJOR.tensorbin of shape Shape([1, 1, 256, 32])
2026-08-29 11:13:59.579 | DEBUG    | core:as_tensor:724 - Loaded cache for /proj_sw/user_dev/ctr-apbernal/tt-metal/model_cache/meta-llama/Llama-3.3-70B-Instruct/TG/tensor_cache_instruct_bfp8/layers.51.ffn_norm.weight_distributed_dtype_BFLOAT16_layout_ROW_MAJOR.tensorbin of shape Shape([1, 1, 64, 32])
 65%|██████▌   | 52/80 [03:10<01:43,  3.70s/it]2026-08-29 11:13:59.872 | DEBUG    | core:as_tensor:724 - Loaded cache for /proj_sw/user_dev/ctr-apbernal/tt-metal/model_cache/meta-llama/Llama-3.3-70B-Instruct/TG/tensor_cache_instruct_bfp8/layers.52.attention.wqkv_sharded_2d_prefetcher_dtype_BFLOAT8_B_layout_TILE.tensorbin of shape Shape([1, 1, 2048, 1280])
2026-08-29 11:14:00.120 | DEBUG    | core:as_tensor:724 - Loaded cache for /proj_sw/user_dev/ctr-apbernal/tt-metal/model_cache/meta-llama/Llama-3.3-70B-Instruct/TG/tensor_cache_instruct_bfp8/layers.52.attention.wqkv_sharded_2d_dram_dtype_BFLOAT8_B_layout_TILE.tensorbin of shape Shape([1, 1, 2048, 1280])
2026-08-29 11:14:00.381 | DEBUG    | core:as_tensor:724 - Loaded cache for /proj_sw/user_dev/ctr-apbernal/tt-metal/model_cache/meta-llama/Llama-3.3-70B-Instruct/TG/tensor_cache_instruct_bfp8/layers.52.attention.wo_width_sharded_2d_prefetcher_dtype_BFLOAT8_B_layout_TILE.tensorbin of shape Shape([1, 1, 1024, 2048])
2026-08-29 11:14:00.645 | DEBUG    | core:as_tensor:724 - Loaded cache for /proj_sw/user_dev/ctr-apbernal/tt-metal/model_cache/meta-llama/Llama-3.3-70B-Instruct/TG/tensor_cache_instruct_bfp8/layers.52.attention.wo_width_sharded_2d_dram_dtype_BFLOAT8_B_layout_TILE.tensorbin of shape Shape([1, 1, 1024, 2048])
2026-08-29 11:14:00.879 | DEBUG    | core:as_tensor:724 - Loaded cache for /proj_sw/user_dev/ctr-apbernal/tt-metal/model_cache/meta-llama/Llama-3.3-70B-Instruct/TG/tensor_cache_instruct_bfp8/layers.52.attention.wo_col_sharded_dram_dtype_BFLOAT8_B_layout_TILE.tensorbin of shape Shape([1, 1, 8192, 2048])
2026-08-29 11:14:00.894 | DEBUG    | core:as_tensor:724 - Loaded cache for /proj_sw/user_dev/ctr-apbernal/tt-metal/model_cache/meta-llama/Llama-3.3-70B-Instruct/TG/tensor_cache_instruct_bfp8/kvcache_torch.Size([2048, 1, 64, 128])_dtype_BFLOAT8_B_layout_TILE.tensorbin of shape Shape([2048, 1, 64, 128])
2026-08-29 11:14:00.902 | DEBUG    | core:as_tensor:724 - Loaded cache for /proj_sw/user_dev/ctr-apbernal/tt-metal/model_cache/meta-llama/Llama-3.3-70B-Instruct/TG/tensor_cache_instruct_bfp8/kvcache_torch.Size([2048, 1, 64, 128])_dtype_BFLOAT8_B_layout_TILE.tensorbin of shape Shape([2048, 1, 64, 128])
2026-08-29 11:14:01.220 | DEBUG    | core:as_tensor:724 - Loaded cache for /proj_sw/user_dev/ctr-apbernal/tt-metal/model_cache/meta-llama/Llama-3.3-70B-Instruct/TG/tensor_cache_instruct_bfp8/layers.52.feed_forward.w1_shardedprefetcher_dtype_BFLOAT4_B_layout_TILE.tensorbin of shape Shape([1, 1, 2048, 3584])
2026-08-29 11:14:01.767 | DEBUG    | core:as_tensor:724 - Loaded cache for /proj_sw/user_dev/ctr-apbernal/tt-metal/model_cache/meta-llama/Llama-3.3-70B-Instruct/TG/tensor_cache_instruct_bfp8/layers.52.feed_forward.w2_shardedprefetcher_dtype_BFLOAT8_B_layout_TILE.tensorbin of shape Shape([1, 1, 3584, 2048])
2026-08-29 11:14:02.062 | DEBUG    | core:as_tensor:724 - Loaded cache for /proj_sw/user_dev/ctr-apbernal/tt-metal/model_cache/meta-llama/Llama-3.3-70B-Instruct/TG/tensor_cache_instruct_bfp8/layers.52.feed_forward.w3_shardedprefetcher_dtype_BFLOAT4_B_layout_TILE.tensorbin of shape Shape([1, 1, 2048, 3584])
2026-08-29 11:14:02.357 | DEBUG    | core:as_tensor:724 - Loaded cache for /proj_sw/user_dev/ctr-apbernal/tt-metal/model_cache/meta-llama/Llama-3.3-70B-Instruct/TG/tensor_cache_instruct_bfp8/layers.52.feed_forward.w1_interleavedprefetcher_dtype_BFLOAT4_B_layout_TILE.tensorbin of shape Shape([1, 1, 2048, 3584])
2026-08-29 11:14:02.886 | DEBUG    | core:as_tensor:724 - Loaded cache for /proj_sw/user_dev/ctr-apbernal/tt-metal/model_cache/meta-llama/Llama-3.3-70B-Instruct/TG/tensor_cache_instruct_bfp8/layers.52.feed_forward.w2_interleavedprefetcher_dtype_BFLOAT8_B_layout_TILE.tensorbin of shape Shape([1, 1, 3584, 2048])
2026-08-29 11:14:03.180 | DEBUG    | core:as_tensor:724 - Loaded cache for /proj_sw/user_dev/ctr-apbernal/tt-metal/model_cache/meta-llama/Llama-3.3-70B-Instruct/TG/tensor_cache_instruct_bfp8/layers.52.feed_forward.w3_interleavedprefetcher_dtype_BFLOAT4_B_layout_TILE.tensorbin of shape Shape([1, 1, 2048, 3584])
2026-08-29 11:14:03.184 | DEBUG    | core:as_tensor:724 - Loaded cache for /proj_sw/user_dev/ctr-apbernal/tt-metal/model_cache/meta-llama/Llama-3.3-70B-Instruct/TG/tensor_cache_instruct_bfp8/layers.52.attention_norm.weight_dtype_BFLOAT16_layout_ROW_MAJOR.tensorbin of shape Shape([1, 1, 256, 32])
2026-08-29 11:14:03.186 | DEBUG    | core:as_tensor:724 - Loaded cache for /proj_sw/user_dev/ctr-apbernal/tt-metal/model_cache/meta-llama/Llama-3.3-70B-Instruct/TG/tensor_cache_instruct_bfp8/layers.52.attention_norm.weight_distributed_dtype_BFLOAT16_layout_ROW_MAJOR.tensorbin of shape Shape([1, 1, 64, 32])
2026-08-29 11:14:03.189 | DEBUG    | core:as_tensor:724 - Loaded cache for /proj_sw/user_dev/ctr-apbernal/tt-metal/model_cache/meta-llama/Llama-3.3-70B-Instruct/TG/tensor_cache_instruct_bfp8/layers.52.ffn_norm.weight_dtype_BFLOAT16_layout_ROW_MAJOR.tensorbin of shape Shape([1, 1, 256, 32])
2026-08-29 11:14:03.191 | DEBUG    | core:as_tensor:724 - Loaded cache for /proj_sw/user_dev/ctr-apbernal/tt-metal/model_cache/meta-llama/Llama-3.3-70B-Instruct/TG/tensor_cache_instruct_bfp8/layers.52.ffn_norm.weight_distributed_dtype_BFLOAT16_layout_ROW_MAJOR.tensorbin of shape Shape([1, 1, 64, 32])
 66%|██████▋   | 53/80 [03:13<01:39,  3.67s/it]2026-08-29 11:14:03.590 | DEBUG    | core:as_tensor:724 - Loaded cache for /proj_sw/user_dev/ctr-apbernal/tt-metal/model_cache/meta-llama/Llama-3.3-70B-Instruct/TG/tensor_cache_instruct_bfp8/layers.53.attention.wqkv_sharded_2d_prefetcher_dtype_BFLOAT8_B_layout_TILE.tensorbin of shape Shape([1, 1, 2048, 1280])
2026-08-29 11:14:03.896 | DEBUG    | core:as_tensor:724 - Loaded cache for /proj_sw/user_dev/ctr-apbernal/tt-metal/model_cache/meta-llama/Llama-3.3-70B-Instruct/TG/tensor_cache_instruct_bfp8/layers.53.attention.wqkv_sharded_2d_dram_dtype_BFLOAT8_B_layout_TILE.tensorbin of shape Shape([1, 1, 2048, 1280])
2026-08-29 11:14:04.235 | DEBUG    | core:as_tensor:724 - Loaded cache for /proj_sw/user_dev/ctr-apbernal/tt-metal/model_cache/meta-llama/Llama-3.3-70B-Instruct/TG/tensor_cache_instruct_bfp8/layers.53.attention.wo_width_sharded_2d_prefetcher_dtype_BFLOAT8_B_layout_TILE.tensorbin of shape Shape([1, 1, 1024, 2048])
2026-08-29 11:14:04.472 | DEBUG    | core:as_tensor:724 - Loaded cache for /proj_sw/user_dev/ctr-apbernal/tt-metal/model_cache/meta-llama/Llama-3.3-70B-Instruct/TG/tensor_cache_instruct_bfp8/layers.53.attention.wo_width_sharded_2d_dram_dtype_BFLOAT8_B_layout_TILE.tensorbin of shape Shape([1, 1, 1024, 2048])
2026-08-29 11:14:04.720 | DEBUG    | core:as_tensor:724 - Loaded cache for /proj_sw/user_dev/ctr-apbernal/tt-metal/model_cache/meta-llama/Llama-3.3-70B-Instruct/TG/tensor_cache_instruct_bfp8/layers.53.attention.wo_col_sharded_dram_dtype_BFLOAT8_B_layout_TILE.tensorbin of shape Shape([1, 1, 8192, 2048])
2026-08-29 11:14:04.734 | DEBUG    | core:as_tensor:724 - Loaded cache for /proj_sw/user_dev/ctr-apbernal/tt-metal/model_cache/meta-llama/Llama-3.3-70B-Instruct/TG/tensor_cache_instruct_bfp8/kvcache_torch.Size([2048, 1, 64, 128])_dtype_BFLOAT8_B_layout_TILE.tensorbin of shape Shape([2048, 1, 64, 128])
2026-08-29 11:14:04.742 | DEBUG    | core:as_tensor:724 - Loaded cache for /proj_sw/user_dev/ctr-apbernal/tt-metal/model_cache/meta-llama/Llama-3.3-70B-Instruct/TG/tensor_cache_instruct_bfp8/kvcache_torch.Size([2048, 1, 64, 128])_dtype_BFLOAT8_B_layout_TILE.tensorbin of shape Shape([2048, 1, 64, 128])
2026-08-29 11:14:05.061 | DEBUG    | core:as_tensor:724 - Loaded cache for /proj_sw/user_dev/ctr-apbernal/tt-metal/model_cache/meta-llama/Llama-3.3-70B-Instruct/TG/tensor_cache_instruct_bfp8/layers.53.feed_forward.w1_shardedprefetcher_dtype_BFLOAT4_B_layout_TILE.tensorbin of shape Shape([1, 1, 2048, 3584])
2026-08-29 11:14:05.598 | DEBUG    | core:as_tensor:724 - Loaded cache for /proj_sw/user_dev/ctr-apbernal/tt-metal/model_cache/meta-llama/Llama-3.3-70B-Instruct/TG/tensor_cache_instruct_bfp8/layers.53.feed_forward.w2_shardedprefetcher_dtype_BFLOAT8_B_layout_TILE.tensorbin of shape Shape([1, 1, 3584, 2048])
2026-08-29 11:14:05.894 | DEBUG    | core:as_tensor:724 - Loaded cache for /proj_sw/user_dev/ctr-apbernal/tt-metal/model_cache/meta-llama/Llama-3.3-70B-Instruct/TG/tensor_cache_instruct_bfp8/layers.53.feed_forward.w3_shardedprefetcher_dtype_BFLOAT4_B_layout_TILE.tensorbin of shape Shape([1, 1, 2048, 3584])
2026-08-29 11:14:06.193 | DEBUG    | core:as_tensor:724 - Loaded cache for /proj_sw/user_dev/ctr-apbernal/tt-metal/model_cache/meta-llama/Llama-3.3-70B-Instruct/TG/tensor_cache_instruct_bfp8/layers.53.feed_forward.w1_interleavedprefetcher_dtype_BFLOAT4_B_layout_TILE.tensorbin of shape Shape([1, 1, 2048, 3584])
2026-08-29 11:14:06.731 | DEBUG    | core:as_tensor:724 - Loaded cache for /proj_sw/user_dev/ctr-apbernal/tt-metal/model_cache/meta-llama/Llama-3.3-70B-Instruct/TG/tensor_cache_instruct_bfp8/layers.53.feed_forward.w2_interleavedprefetcher_dtype_BFLOAT8_B_layout_TILE.tensorbin of shape Shape([1, 1, 3584, 2048])
2026-08-29 11:14:07.026 | DEBUG    | core:as_tensor:724 - Loaded cache for /proj_sw/user_dev/ctr-apbernal/tt-metal/model_cache/meta-llama/Llama-3.3-70B-Instruct/TG/tensor_cache_instruct_bfp8/layers.53.feed_forward.w3_interleavedprefetcher_dtype_BFLOAT4_B_layout_TILE.tensorbin of shape Shape([1, 1, 2048, 3584])
2026-08-29 11:14:07.029 | DEBUG    | core:as_tensor:724 - Loaded cache for /proj_sw/user_dev/ctr-apbernal/tt-metal/model_cache/meta-llama/Llama-3.3-70B-Instruct/TG/tensor_cache_instruct_bfp8/layers.53.attention_norm.weight_dtype_BFLOAT16_layout_ROW_MAJOR.tensorbin of shape Shape([1, 1, 256, 32])
2026-08-29 11:14:07.032 | DEBUG    | core:as_tensor:724 - Loaded cache for /proj_sw/user_dev/ctr-apbernal/tt-metal/model_cache/meta-llama/Llama-3.3-70B-Instruct/TG/tensor_cache_instruct_bfp8/layers.53.attention_norm.weight_distributed_dtype_BFLOAT16_layout_ROW_MAJOR.tensorbin of shape Shape([1, 1, 64, 32])
2026-08-29 11:14:07.034 | DEBUG    | core:as_tensor:724 - Loaded cache for /proj_sw/user_dev/ctr-apbernal/tt-metal/model_cache/meta-llama/Llama-3.3-70B-Instruct/TG/tensor_cache_instruct_bfp8/layers.53.ffn_norm.weight_dtype_BFLOAT16_layout_ROW_MAJOR.tensorbin of shape Shape([1, 1, 256, 32])
2026-08-29 11:14:07.037 | DEBUG    | core:as_tensor:724 - Loaded cache for /proj_sw/user_dev/ctr-apbernal/tt-metal/model_cache/meta-llama/Llama-3.3-70B-Instruct/TG/tensor_cache_instruct_bfp8/layers.53.ffn_norm.weight_distributed_dtype_BFLOAT16_layout_ROW_MAJOR.tensorbin of shape Shape([1, 1, 64, 32])
 68%|██████▊   | 54/80 [03:17<01:36,  3.73s/it]2026-08-29 11:14:07.400 | DEBUG    | core:as_tensor:724 - Loaded cache for /proj_sw/user_dev/ctr-apbernal/tt-metal/model_cache/meta-llama/Llama-3.3-70B-Instruct/TG/tensor_cache_instruct_bfp8/layers.54.attention.wqkv_sharded_2d_prefetcher_dtype_BFLOAT8_B_layout_TILE.tensorbin of shape Shape([1, 1, 2048, 1280])
2026-08-29 11:14:07.647 | DEBUG    | core:as_tensor:724 - Loaded cache for /proj_sw/user_dev/ctr-apbernal/tt-metal/model_cache/meta-llama/Llama-3.3-70B-Instruct/TG/tensor_cache_instruct_bfp8/layers.54.attention.wqkv_sharded_2d_dram_dtype_BFLOAT8_B_layout_TILE.tensorbin of shape Shape([1, 1, 2048, 1280])
2026-08-29 11:14:07.981 | DEBUG    | core:as_tensor:724 - Loaded cache for /proj_sw/user_dev/ctr-apbernal/tt-metal/model_cache/meta-llama/Llama-3.3-70B-Instruct/TG/tensor_cache_instruct_bfp8/layers.54.attention.wo_width_sharded_2d_prefetcher_dtype_BFLOAT8_B_layout_TILE.tensorbin of shape Shape([1, 1, 1024, 2048])
2026-08-29 11:14:08.281 | DEBUG    | core:as_tensor:724 - Loaded cache for /proj_sw/user_dev/ctr-apbernal/tt-metal/model_cache/meta-llama/Llama-3.3-70B-Instruct/TG/tensor_cache_instruct_bfp8/layers.54.attention.wo_width_sharded_2d_dram_dtype_BFLOAT8_B_layout_TILE.tensorbin of shape Shape([1, 1, 1024, 2048])
2026-08-29 11:14:08.541 | DEBUG    | core:as_tensor:724 - Loaded cache for /proj_sw/user_dev/ctr-apbernal/tt-metal/model_cache/meta-llama/Llama-3.3-70B-Instruct/TG/tensor_cache_instruct_bfp8/layers.54.attention.wo_col_sharded_dram_dtype_BFLOAT8_B_layout_TILE.tensorbin of shape Shape([1, 1, 8192, 2048])
2026-08-29 11:14:08.558 | DEBUG    | core:as_tensor:724 - Loaded cache for /proj_sw/user_dev/ctr-apbernal/tt-metal/model_cache/meta-llama/Llama-3.3-70B-Instruct/TG/tensor_cache_instruct_bfp8/kvcache_torch.Size([2048, 1, 64, 128])_dtype_BFLOAT8_B_layout_TILE.tensorbin of shape Shape([2048, 1, 64, 128])
2026-08-29 11:14:08.566 | DEBUG    | core:as_tensor:724 - Loaded cache for /proj_sw/user_dev/ctr-apbernal/tt-metal/model_cache/meta-llama/Llama-3.3-70B-Instruct/TG/tensor_cache_instruct_bfp8/kvcache_torch.Size([2048, 1, 64, 128])_dtype_BFLOAT8_B_layout_TILE.tensorbin of shape Shape([2048, 1, 64, 128])
2026-08-29 11:14:08.880 | DEBUG    | core:as_tensor:724 - Loaded cache for /proj_sw/user_dev/ctr-apbernal/tt-metal/model_cache/meta-llama/Llama-3.3-70B-Instruct/TG/tensor_cache_instruct_bfp8/layers.54.feed_forward.w1_shardedprefetcher_dtype_BFLOAT4_B_layout_TILE.tensorbin of shape Shape([1, 1, 2048, 3584])
2026-08-29 11:14:09.417 | DEBUG    | core:as_tensor:724 - Loaded cache for /proj_sw/user_dev/ctr-apbernal/tt-metal/model_cache/meta-llama/Llama-3.3-70B-Instruct/TG/tensor_cache_instruct_bfp8/layers.54.feed_forward.w2_shardedprefetcher_dtype_BFLOAT8_B_layout_TILE.tensorbin of shape Shape([1, 1, 3584, 2048])
2026-08-29 11:14:09.719 | DEBUG    | core:as_tensor:724 - Loaded cache for /proj_sw/user_dev/ctr-apbernal/tt-metal/model_cache/meta-llama/Llama-3.3-70B-Instruct/TG/tensor_cache_instruct_bfp8/layers.54.feed_forward.w3_shardedprefetcher_dtype_BFLOAT4_B_layout_TILE.tensorbin of shape Shape([1, 1, 2048, 3584])
2026-08-29 11:14:10.024 | DEBUG    | core:as_tensor:724 - Loaded cache for /proj_sw/user_dev/ctr-apbernal/tt-metal/model_cache/meta-llama/Llama-3.3-70B-Instruct/TG/tensor_cache_instruct_bfp8/layers.54.feed_forward.w1_interleavedprefetcher_dtype_BFLOAT4_B_layout_TILE.tensorbin of shape Shape([1, 1, 2048, 3584])
2026-08-29 11:14:10.548 | DEBUG    | core:as_tensor:724 - Loaded cache for /proj_sw/user_dev/ctr-apbernal/tt-metal/model_cache/meta-llama/Llama-3.3-70B-Instruct/TG/tensor_cache_instruct_bfp8/layers.54.feed_forward.w2_interleavedprefetcher_dtype_BFLOAT8_B_layout_TILE.tensorbin of shape Shape([1, 1, 3584, 2048])
2026-08-29 11:14:10.842 | DEBUG    | core:as_tensor:724 - Loaded cache for /proj_sw/user_dev/ctr-apbernal/tt-metal/model_cache/meta-llama/Llama-3.3-70B-Instruct/TG/tensor_cache_instruct_bfp8/layers.54.feed_forward.w3_interleavedprefetcher_dtype_BFLOAT4_B_layout_TILE.tensorbin of shape Shape([1, 1, 2048, 3584])
2026-08-29 11:14:10.848 | DEBUG    | core:as_tensor:724 - Loaded cache for /proj_sw/user_dev/ctr-apbernal/tt-metal/model_cache/meta-llama/Llama-3.3-70B-Instruct/TG/tensor_cache_instruct_bfp8/layers.54.attention_norm.weight_dtype_BFLOAT16_layout_ROW_MAJOR.tensorbin of shape Shape([1, 1, 256, 32])
2026-08-29 11:14:10.851 | DEBUG    | core:as_tensor:724 - Loaded cache for /proj_sw/user_dev/ctr-apbernal/tt-metal/model_cache/meta-llama/Llama-3.3-70B-Instruct/TG/tensor_cache_instruct_bfp8/layers.54.attention_norm.weight_distributed_dtype_BFLOAT16_layout_ROW_MAJOR.tensorbin of shape Shape([1, 1, 64, 32])
2026-08-29 11:14:10.853 | DEBUG    | core:as_tensor:724 - Loaded cache for /proj_sw/user_dev/ctr-apbernal/tt-metal/model_cache/meta-llama/Llama-3.3-70B-Instruct/TG/tensor_cache_instruct_bfp8/layers.54.ffn_norm.weight_dtype_BFLOAT16_layout_ROW_MAJOR.tensorbin of shape Shape([1, 1, 256, 32])
2026-08-29 11:14:10.855 | DEBUG    | core:as_tensor:724 - Loaded cache for /proj_sw/user_dev/ctr-apbernal/tt-metal/model_cache/meta-llama/Llama-3.3-70B-Instruct/TG/tensor_cache_instruct_bfp8/layers.54.ffn_norm.weight_distributed_dtype_BFLOAT16_layout_ROW_MAJOR.tensorbin of shape Shape([1, 1, 64, 32])
 69%|██████▉   | 55/80 [03:21<01:33,  3.75s/it]2026-08-29 11:14:11.223 | DEBUG    | core:as_tensor:724 - Loaded cache for /proj_sw/user_dev/ctr-apbernal/tt-metal/model_cache/meta-llama/Llama-3.3-70B-Instruct/TG/tensor_cache_instruct_bfp8/layers.55.attention.wqkv_sharded_2d_prefetcher_dtype_BFLOAT8_B_layout_TILE.tensorbin of shape Shape([1, 1, 2048, 1280])
2026-08-29 11:14:11.441 | DEBUG    | core:as_tensor:724 - Loaded cache for /proj_sw/user_dev/ctr-apbernal/tt-metal/model_cache/meta-llama/Llama-3.3-70B-Instruct/TG/tensor_cache_instruct_bfp8/layers.55.attention.wqkv_sharded_2d_dram_dtype_BFLOAT8_B_layout_TILE.tensorbin of shape Shape([1, 1, 2048, 1280])
2026-08-29 11:14:11.703 | DEBUG    | core:as_tensor:724 - Loaded cache for /proj_sw/user_dev/ctr-apbernal/tt-metal/model_cache/meta-llama/Llama-3.3-70B-Instruct/TG/tensor_cache_instruct_bfp8/layers.55.attention.wo_width_sharded_2d_prefetcher_dtype_BFLOAT8_B_layout_TILE.tensorbin of shape Shape([1, 1, 1024, 2048])
2026-08-29 11:14:11.957 | DEBUG    | core:as_tensor:724 - Loaded cache for /proj_sw/user_dev/ctr-apbernal/tt-metal/model_cache/meta-llama/Llama-3.3-70B-Instruct/TG/tensor_cache_instruct_bfp8/layers.55.attention.wo_width_sharded_2d_dram_dtype_BFLOAT8_B_layout_TILE.tensorbin of shape Shape([1, 1, 1024, 2048])
2026-08-29 11:14:12.272 | DEBUG    | core:as_tensor:724 - Loaded cache for /proj_sw/user_dev/ctr-apbernal/tt-metal/model_cache/meta-llama/Llama-3.3-70B-Instruct/TG/tensor_cache_instruct_bfp8/layers.55.attention.wo_col_sharded_dram_dtype_BFLOAT8_B_layout_TILE.tensorbin of shape Shape([1, 1, 8192, 2048])
2026-08-29 11:14:12.286 | DEBUG    | core:as_tensor:724 - Loaded cache for /proj_sw/user_dev/ctr-apbernal/tt-metal/model_cache/meta-llama/Llama-3.3-70B-Instruct/TG/tensor_cache_instruct_bfp8/kvcache_torch.Size([2048, 1, 64, 128])_dtype_BFLOAT8_B_layout_TILE.tensorbin of shape Shape([2048, 1, 64, 128])
2026-08-29 11:14:12.294 | DEBUG    | core:as_tensor:724 - Loaded cache for /proj_sw/user_dev/ctr-apbernal/tt-metal/model_cache/meta-llama/Llama-3.3-70B-Instruct/TG/tensor_cache_instruct_bfp8/kvcache_torch.Size([2048, 1, 64, 128])_dtype_BFLOAT8_B_layout_TILE.tensorbin of shape Shape([2048, 1, 64, 128])
2026-08-29 11:14:12.627 | DEBUG    | core:as_tensor:724 - Loaded cache for /proj_sw/user_dev/ctr-apbernal/tt-metal/model_cache/meta-llama/Llama-3.3-70B-Instruct/TG/tensor_cache_instruct_bfp8/layers.55.feed_forward.w1_shardedprefetcher_dtype_BFLOAT4_B_layout_TILE.tensorbin of shape Shape([1, 1, 2048, 3584])
2026-08-29 11:14:13.158 | DEBUG    | core:as_tensor:724 - Loaded cache for /proj_sw/user_dev/ctr-apbernal/tt-metal/model_cache/meta-llama/Llama-3.3-70B-Instruct/TG/tensor_cache_instruct_bfp8/layers.55.feed_forward.w2_shardedprefetcher_dtype_BFLOAT8_B_layout_TILE.tensorbin of shape Shape([1, 1, 3584, 2048])
2026-08-29 11:14:13.455 | DEBUG    | core:as_tensor:724 - Loaded cache for /proj_sw/user_dev/ctr-apbernal/tt-metal/model_cache/meta-llama/Llama-3.3-70B-Instruct/TG/tensor_cache_instruct_bfp8/layers.55.feed_forward.w3_shardedprefetcher_dtype_BFLOAT4_B_layout_TILE.tensorbin of shape Shape([1, 1, 2048, 3584])
2026-08-29 11:14:13.737 | DEBUG    | core:as_tensor:724 - Loaded cache for /proj_sw/user_dev/ctr-apbernal/tt-metal/model_cache/meta-llama/Llama-3.3-70B-Instruct/TG/tensor_cache_instruct_bfp8/layers.55.feed_forward.w1_interleavedprefetcher_dtype_BFLOAT4_B_layout_TILE.tensorbin of shape Shape([1, 1, 2048, 3584])
2026-08-29 11:14:14.263 | DEBUG    | core:as_tensor:724 - Loaded cache for /proj_sw/user_dev/ctr-apbernal/tt-metal/model_cache/meta-llama/Llama-3.3-70B-Instruct/TG/tensor_cache_instruct_bfp8/layers.55.feed_forward.w2_interleavedprefetcher_dtype_BFLOAT8_B_layout_TILE.tensorbin of shape Shape([1, 1, 3584, 2048])
2026-08-29 11:14:14.565 | DEBUG    | core:as_tensor:724 - Loaded cache for /proj_sw/user_dev/ctr-apbernal/tt-metal/model_cache/meta-llama/Llama-3.3-70B-Instruct/TG/tensor_cache_instruct_bfp8/layers.55.feed_forward.w3_interleavedprefetcher_dtype_BFLOAT4_B_layout_TILE.tensorbin of shape Shape([1, 1, 2048, 3584])
2026-08-29 11:14:14.569 | DEBUG    | core:as_tensor:724 - Loaded cache for /proj_sw/user_dev/ctr-apbernal/tt-metal/model_cache/meta-llama/Llama-3.3-70B-Instruct/TG/tensor_cache_instruct_bfp8/layers.55.attention_norm.weight_dtype_BFLOAT16_layout_ROW_MAJOR.tensorbin of shape Shape([1, 1, 256, 32])
2026-08-29 11:14:14.571 | DEBUG    | core:as_tensor:724 - Loaded cache for /proj_sw/user_dev/ctr-apbernal/tt-metal/model_cache/meta-llama/Llama-3.3-70B-Instruct/TG/tensor_cache_instruct_bfp8/layers.55.attention_norm.weight_distributed_dtype_BFLOAT16_layout_ROW_MAJOR.tensorbin of shape Shape([1, 1, 64, 32])
2026-08-29 11:14:14.574 | DEBUG    | core:as_tensor:724 - Loaded cache for /proj_sw/user_dev/ctr-apbernal/tt-metal/model_cache/meta-llama/Llama-3.3-70B-Instruct/TG/tensor_cache_instruct_bfp8/layers.55.ffn_norm.weight_dtype_BFLOAT16_layout_ROW_MAJOR.tensorbin of shape Shape([1, 1, 256, 32])
2026-08-29 11:14:14.576 | DEBUG    | core:as_tensor:724 - Loaded cache for /proj_sw/user_dev/ctr-apbernal/tt-metal/model_cache/meta-llama/Llama-3.3-70B-Instruct/TG/tensor_cache_instruct_bfp8/layers.55.ffn_norm.weight_distributed_dtype_BFLOAT16_layout_ROW_MAJOR.tensorbin of shape Shape([1, 1, 64, 32])
 70%|███████   | 56/80 [03:25<01:29,  3.74s/it]2026-08-29 11:14:14.927 | DEBUG    | core:as_tensor:724 - Loaded cache for /proj_sw/user_dev/ctr-apbernal/tt-metal/model_cache/meta-llama/Llama-3.3-70B-Instruct/TG/tensor_cache_instruct_bfp8/layers.56.attention.wqkv_sharded_2d_prefetcher_dtype_BFLOAT8_B_layout_TILE.tensorbin of shape Shape([1, 1, 2048, 1280])
2026-08-29 11:14:15.163 | DEBUG    | core:as_tensor:724 - Loaded cache for /proj_sw/user_dev/ctr-apbernal/tt-metal/model_cache/meta-llama/Llama-3.3-70B-Instruct/TG/tensor_cache_instruct_bfp8/layers.56.attention.wqkv_sharded_2d_dram_dtype_BFLOAT8_B_layout_TILE.tensorbin of shape Shape([1, 1, 2048, 1280])
2026-08-29 11:14:15.428 | DEBUG    | core:as_tensor:724 - Loaded cache for /proj_sw/user_dev/ctr-apbernal/tt-metal/model_cache/meta-llama/Llama-3.3-70B-Instruct/TG/tensor_cache_instruct_bfp8/layers.56.attention.wo_width_sharded_2d_prefetcher_dtype_BFLOAT8_B_layout_TILE.tensorbin of shape Shape([1, 1, 1024, 2048])
2026-08-29 11:14:15.684 | DEBUG    | core:as_tensor:724 - Loaded cache for /proj_sw/user_dev/ctr-apbernal/tt-metal/model_cache/meta-llama/Llama-3.3-70B-Instruct/TG/tensor_cache_instruct_bfp8/layers.56.attention.wo_width_sharded_2d_dram_dtype_BFLOAT8_B_layout_TILE.tensorbin of shape Shape([1, 1, 1024, 2048])
2026-08-29 11:14:15.929 | DEBUG    | core:as_tensor:724 - Loaded cache for /proj_sw/user_dev/ctr-apbernal/tt-metal/model_cache/meta-llama/Llama-3.3-70B-Instruct/TG/tensor_cache_instruct_bfp8/layers.56.attention.wo_col_sharded_dram_dtype_BFLOAT8_B_layout_TILE.tensorbin of shape Shape([1, 1, 8192, 2048])
2026-08-29 11:14:15.943 | DEBUG    | core:as_tensor:724 - Loaded cache for /proj_sw/user_dev/ctr-apbernal/tt-metal/model_cache/meta-llama/Llama-3.3-70B-Instruct/TG/tensor_cache_instruct_bfp8/kvcache_torch.Size([2048, 1, 64, 128])_dtype_BFLOAT8_B_layout_TILE.tensorbin of shape Shape([2048, 1, 64, 128])
2026-08-29 11:14:15.952 | DEBUG    | core:as_tensor:724 - Loaded cache for /proj_sw/user_dev/ctr-apbernal/tt-metal/model_cache/meta-llama/Llama-3.3-70B-Instruct/TG/tensor_cache_instruct_bfp8/kvcache_torch.Size([2048, 1, 64, 128])_dtype_BFLOAT8_B_layout_TILE.tensorbin of shape Shape([2048, 1, 64, 128])
2026-08-29 11:14:16.263 | DEBUG    | core:as_tensor:724 - Loaded cache for /proj_sw/user_dev/ctr-apbernal/tt-metal/model_cache/meta-llama/Llama-3.3-70B-Instruct/TG/tensor_cache_instruct_bfp8/layers.56.feed_forward.w1_shardedprefetcher_dtype_BFLOAT4_B_layout_TILE.tensorbin of shape Shape([1, 1, 2048, 3584])
2026-08-29 11:14:16.801 | DEBUG    | core:as_tensor:724 - Loaded cache for /proj_sw/user_dev/ctr-apbernal/tt-metal/model_cache/meta-llama/Llama-3.3-70B-Instruct/TG/tensor_cache_instruct_bfp8/layers.56.feed_forward.w2_shardedprefetcher_dtype_BFLOAT8_B_layout_TILE.tensorbin of shape Shape([1, 1, 3584, 2048])
2026-08-29 11:14:17.098 | DEBUG    | core:as_tensor:724 - Loaded cache for /proj_sw/user_dev/ctr-apbernal/tt-metal/model_cache/meta-llama/Llama-3.3-70B-Instruct/TG/tensor_cache_instruct_bfp8/layers.56.feed_forward.w3_shardedprefetcher_dtype_BFLOAT4_B_layout_TILE.tensorbin of shape Shape([1, 1, 2048, 3584])
2026-08-29 11:14:17.460 | DEBUG    | core:as_tensor:724 - Loaded cache for /proj_sw/user_dev/ctr-apbernal/tt-metal/model_cache/meta-llama/Llama-3.3-70B-Instruct/TG/tensor_cache_instruct_bfp8/layers.56.feed_forward.w1_interleavedprefetcher_dtype_BFLOAT4_B_layout_TILE.tensorbin of shape Shape([1, 1, 2048, 3584])
2026-08-29 11:14:17.999 | DEBUG    | core:as_tensor:724 - Loaded cache for /proj_sw/user_dev/ctr-apbernal/tt-metal/model_cache/meta-llama/Llama-3.3-70B-Instruct/TG/tensor_cache_instruct_bfp8/layers.56.feed_forward.w2_interleavedprefetcher_dtype_BFLOAT8_B_layout_TILE.tensorbin of shape Shape([1, 1, 3584, 2048])
2026-08-29 11:14:18.280 | DEBUG    | core:as_tensor:724 - Loaded cache for /proj_sw/user_dev/ctr-apbernal/tt-metal/model_cache/meta-llama/Llama-3.3-70B-Instruct/TG/tensor_cache_instruct_bfp8/layers.56.feed_forward.w3_interleavedprefetcher_dtype_BFLOAT4_B_layout_TILE.tensorbin of shape Shape([1, 1, 2048, 3584])
2026-08-29 11:14:18.283 | DEBUG    | core:as_tensor:724 - Loaded cache for /proj_sw/user_dev/ctr-apbernal/tt-metal/model_cache/meta-llama/Llama-3.3-70B-Instruct/TG/tensor_cache_instruct_bfp8/layers.56.attention_norm.weight_dtype_BFLOAT16_layout_ROW_MAJOR.tensorbin of shape Shape([1, 1, 256, 32])
2026-08-29 11:14:18.286 | DEBUG    | core:as_tensor:724 - Loaded cache for /proj_sw/user_dev/ctr-apbernal/tt-metal/model_cache/meta-llama/Llama-3.3-70B-Instruct/TG/tensor_cache_instruct_bfp8/layers.56.attention_norm.weight_distributed_dtype_BFLOAT16_layout_ROW_MAJOR.tensorbin of shape Shape([1, 1, 64, 32])
2026-08-29 11:14:18.288 | DEBUG    | core:as_tensor:724 - Loaded cache for /proj_sw/user_dev/ctr-apbernal/tt-metal/model_cache/meta-llama/Llama-3.3-70B-Instruct/TG/tensor_cache_instruct_bfp8/layers.56.ffn_norm.weight_dtype_BFLOAT16_layout_ROW_MAJOR.tensorbin of shape Shape([1, 1, 256, 32])
2026-08-29 11:14:18.291 | DEBUG    | core:as_tensor:724 - Loaded cache for /proj_sw/user_dev/ctr-apbernal/tt-metal/model_cache/meta-llama/Llama-3.3-70B-Instruct/TG/tensor_cache_instruct_bfp8/layers.56.ffn_norm.weight_distributed_dtype_BFLOAT16_layout_ROW_MAJOR.tensorbin of shape Shape([1, 1, 64, 32])
 71%|███████▏  | 57/80 [03:28<01:25,  3.73s/it]2026-08-29 11:14:18.639 | DEBUG    | core:as_tensor:724 - Loaded cache for /proj_sw/user_dev/ctr-apbernal/tt-metal/model_cache/meta-llama/Llama-3.3-70B-Instruct/TG/tensor_cache_instruct_bfp8/layers.57.attention.wqkv_sharded_2d_prefetcher_dtype_BFLOAT8_B_layout_TILE.tensorbin of shape Shape([1, 1, 2048, 1280])
2026-08-29 11:14:18.962 | DEBUG    | core:as_tensor:724 - Loaded cache for /proj_sw/user_dev/ctr-apbernal/tt-metal/model_cache/meta-llama/Llama-3.3-70B-Instruct/TG/tensor_cache_instruct_bfp8/layers.57.attention.wqkv_sharded_2d_dram_dtype_BFLOAT8_B_layout_TILE.tensorbin of shape Shape([1, 1, 2048, 1280])
2026-08-29 11:14:19.238 | DEBUG    | core:as_tensor:724 - Loaded cache for /proj_sw/user_dev/ctr-apbernal/tt-metal/model_cache/meta-llama/Llama-3.3-70B-Instruct/TG/tensor_cache_instruct_bfp8/layers.57.attention.wo_width_sharded_2d_prefetcher_dtype_BFLOAT8_B_layout_TILE.tensorbin of shape Shape([1, 1, 1024, 2048])
2026-08-29 11:14:19.577 | DEBUG    | core:as_tensor:724 - Loaded cache for /proj_sw/user_dev/ctr-apbernal/tt-metal/model_cache/meta-llama/Llama-3.3-70B-Instruct/TG/tensor_cache_instruct_bfp8/layers.57.attention.wo_width_sharded_2d_dram_dtype_BFLOAT8_B_layout_TILE.tensorbin of shape Shape([1, 1, 1024, 2048])
2026-08-29 11:14:19.810 | DEBUG    | core:as_tensor:724 - Loaded cache for /proj_sw/user_dev/ctr-apbernal/tt-metal/model_cache/meta-llama/Llama-3.3-70B-Instruct/TG/tensor_cache_instruct_bfp8/layers.57.attention.wo_col_sharded_dram_dtype_BFLOAT8_B_layout_TILE.tensorbin of shape Shape([1, 1, 8192, 2048])
2026-08-29 11:14:19.825 | DEBUG    | core:as_tensor:724 - Loaded cache for /proj_sw/user_dev/ctr-apbernal/tt-metal/model_cache/meta-llama/Llama-3.3-70B-Instruct/TG/tensor_cache_instruct_bfp8/kvcache_torch.Size([2048, 1, 64, 128])_dtype_BFLOAT8_B_layout_TILE.tensorbin of shape Shape([2048, 1, 64, 128])
2026-08-29 11:14:19.834 | DEBUG    | core:as_tensor:724 - Loaded cache for /proj_sw/user_dev/ctr-apbernal/tt-metal/model_cache/meta-llama/Llama-3.3-70B-Instruct/TG/tensor_cache_instruct_bfp8/kvcache_torch.Size([2048, 1, 64, 128])_dtype_BFLOAT8_B_layout_TILE.tensorbin of shape Shape([2048, 1, 64, 128])
2026-08-29 11:14:20.154 | DEBUG    | core:as_tensor:724 - Loaded cache for /proj_sw/user_dev/ctr-apbernal/tt-metal/model_cache/meta-llama/Llama-3.3-70B-Instruct/TG/tensor_cache_instruct_bfp8/layers.57.feed_forward.w1_shardedprefetcher_dtype_BFLOAT4_B_layout_TILE.tensorbin of shape Shape([1, 1, 2048, 3584])
2026-08-29 11:14:20.704 | DEBUG    | core:as_tensor:724 - Loaded cache for /proj_sw/user_dev/ctr-apbernal/tt-metal/model_cache/meta-llama/Llama-3.3-70B-Instruct/TG/tensor_cache_instruct_bfp8/layers.57.feed_forward.w2_shardedprefetcher_dtype_BFLOAT8_B_layout_TILE.tensorbin of shape Shape([1, 1, 3584, 2048])
2026-08-29 11:14:21.004 | DEBUG    | core:as_tensor:724 - Loaded cache for /proj_sw/user_dev/ctr-apbernal/tt-metal/model_cache/meta-llama/Llama-3.3-70B-Instruct/TG/tensor_cache_instruct_bfp8/layers.57.feed_forward.w3_shardedprefetcher_dtype_BFLOAT4_B_layout_TILE.tensorbin of shape Shape([1, 1, 2048, 3584])
2026-08-29 11:14:21.329 | DEBUG    | core:as_tensor:724 - Loaded cache for /proj_sw/user_dev/ctr-apbernal/tt-metal/model_cache/meta-llama/Llama-3.3-70B-Instruct/TG/tensor_cache_instruct_bfp8/layers.57.feed_forward.w1_interleavedprefetcher_dtype_BFLOAT4_B_layout_TILE.tensorbin of shape Shape([1, 1, 2048, 3584])
2026-08-29 11:14:21.862 | DEBUG    | core:as_tensor:724 - Loaded cache for /proj_sw/user_dev/ctr-apbernal/tt-metal/model_cache/meta-llama/Llama-3.3-70B-Instruct/TG/tensor_cache_instruct_bfp8/layers.57.feed_forward.w2_interleavedprefetcher_dtype_BFLOAT8_B_layout_TILE.tensorbin of shape Shape([1, 1, 3584, 2048])
2026-08-29 11:14:22.185 | DEBUG    | core:as_tensor:724 - Loaded cache for /proj_sw/user_dev/ctr-apbernal/tt-metal/model_cache/meta-llama/Llama-3.3-70B-Instruct/TG/tensor_cache_instruct_bfp8/layers.57.feed_forward.w3_interleavedprefetcher_dtype_BFLOAT4_B_layout_TILE.tensorbin of shape Shape([1, 1, 2048, 3584])
2026-08-29 11:14:22.191 | DEBUG    | core:as_tensor:724 - Loaded cache for /proj_sw/user_dev/ctr-apbernal/tt-metal/model_cache/meta-llama/Llama-3.3-70B-Instruct/TG/tensor_cache_instruct_bfp8/layers.57.attention_norm.weight_dtype_BFLOAT16_layout_ROW_MAJOR.tensorbin of shape Shape([1, 1, 256, 32])
2026-08-29 11:14:22.200 | DEBUG    | core:as_tensor:724 - Loaded cache for /proj_sw/user_dev/ctr-apbernal/tt-metal/model_cache/meta-llama/Llama-3.3-70B-Instruct/TG/tensor_cache_instruct_bfp8/layers.57.attention_norm.weight_distributed_dtype_BFLOAT16_layout_ROW_MAJOR.tensorbin of shape Shape([1, 1, 64, 32])
2026-08-29 11:14:22.207 | DEBUG    | core:as_tensor:724 - Loaded cache for /proj_sw/user_dev/ctr-apbernal/tt-metal/model_cache/meta-llama/Llama-3.3-70B-Instruct/TG/tensor_cache_instruct_bfp8/layers.57.ffn_norm.weight_dtype_BFLOAT16_layout_ROW_MAJOR.tensorbin of shape Shape([1, 1, 256, 32])
2026-08-29 11:14:22.211 | DEBUG    | core:as_tensor:724 - Loaded cache for /proj_sw/user_dev/ctr-apbernal/tt-metal/model_cache/meta-llama/Llama-3.3-70B-Instruct/TG/tensor_cache_instruct_bfp8/layers.57.ffn_norm.weight_distributed_dtype_BFLOAT16_layout_ROW_MAJOR.tensorbin of shape Shape([1, 1, 64, 32])
 72%|███████▎  | 58/80 [03:32<01:23,  3.79s/it]2026-08-29 11:14:22.562 | DEBUG    | core:as_tensor:724 - Loaded cache for /proj_sw/user_dev/ctr-apbernal/tt-metal/model_cache/meta-llama/Llama-3.3-70B-Instruct/TG/tensor_cache_instruct_bfp8/layers.58.attention.wqkv_sharded_2d_prefetcher_dtype_BFLOAT8_B_layout_TILE.tensorbin of shape Shape([1, 1, 2048, 1280])
2026-08-29 11:14:22.765 | DEBUG    | core:as_tensor:724 - Loaded cache for /proj_sw/user_dev/ctr-apbernal/tt-metal/model_cache/meta-llama/Llama-3.3-70B-Instruct/TG/tensor_cache_instruct_bfp8/layers.58.attention.wqkv_sharded_2d_dram_dtype_BFLOAT8_B_layout_TILE.tensorbin of shape Shape([1, 1, 2048, 1280])
2026-08-29 11:14:23.102 | DEBUG    | core:as_tensor:724 - Loaded cache for /proj_sw/user_dev/ctr-apbernal/tt-metal/model_cache/meta-llama/Llama-3.3-70B-Instruct/TG/tensor_cache_instruct_bfp8/layers.58.attention.wo_width_sharded_2d_prefetcher_dtype_BFLOAT8_B_layout_TILE.tensorbin of shape Shape([1, 1, 1024, 2048])
2026-08-29 11:14:23.436 | DEBUG    | core:as_tensor:724 - Loaded cache for /proj_sw/user_dev/ctr-apbernal/tt-metal/model_cache/meta-llama/Llama-3.3-70B-Instruct/TG/tensor_cache_instruct_bfp8/layers.58.attention.wo_width_sharded_2d_dram_dtype_BFLOAT8_B_layout_TILE.tensorbin of shape Shape([1, 1, 1024, 2048])
2026-08-29 11:14:23.666 | DEBUG    | core:as_tensor:724 - Loaded cache for /proj_sw/user_dev/ctr-apbernal/tt-metal/model_cache/meta-llama/Llama-3.3-70B-Instruct/TG/tensor_cache_instruct_bfp8/layers.58.attention.wo_col_sharded_dram_dtype_BFLOAT8_B_layout_TILE.tensorbin of shape Shape([1, 1, 8192, 2048])
2026-08-29 11:14:23.681 | DEBUG    | core:as_tensor:724 - Loaded cache for /proj_sw/user_dev/ctr-apbernal/tt-metal/model_cache/meta-llama/Llama-3.3-70B-Instruct/TG/tensor_cache_instruct_bfp8/kvcache_torch.Size([2048, 1, 64, 128])_dtype_BFLOAT8_B_layout_TILE.tensorbin of shape Shape([2048, 1, 64, 128])
2026-08-29 11:14:23.689 | DEBUG    | core:as_tensor:724 - Loaded cache for /proj_sw/user_dev/ctr-apbernal/tt-metal/model_cache/meta-llama/Llama-3.3-70B-Instruct/TG/tensor_cache_instruct_bfp8/kvcache_torch.Size([2048, 1, 64, 128])_dtype_BFLOAT8_B_layout_TILE.tensorbin of shape Shape([2048, 1, 64, 128])
2026-08-29 11:14:24.069 | DEBUG    | core:as_tensor:724 - Loaded cache for /proj_sw/user_dev/ctr-apbernal/tt-metal/model_cache/meta-llama/Llama-3.3-70B-Instruct/TG/tensor_cache_instruct_bfp8/layers.58.feed_forward.w1_shardedprefetcher_dtype_BFLOAT4_B_layout_TILE.tensorbin of shape Shape([1, 1, 2048, 3584])
2026-08-29 11:14:24.595 | DEBUG    | core:as_tensor:724 - Loaded cache for /proj_sw/user_dev/ctr-apbernal/tt-metal/model_cache/meta-llama/Llama-3.3-70B-Instruct/TG/tensor_cache_instruct_bfp8/layers.58.feed_forward.w2_shardedprefetcher_dtype_BFLOAT8_B_layout_TILE.tensorbin of shape Shape([1, 1, 3584, 2048])
2026-08-29 11:14:24.890 | DEBUG    | core:as_tensor:724 - Loaded cache for /proj_sw/user_dev/ctr-apbernal/tt-metal/model_cache/meta-llama/Llama-3.3-70B-Instruct/TG/tensor_cache_instruct_bfp8/layers.58.feed_forward.w3_shardedprefetcher_dtype_BFLOAT4_B_layout_TILE.tensorbin of shape Shape([1, 1, 2048, 3584])
2026-08-29 11:14:25.274 | DEBUG    | core:as_tensor:724 - Loaded cache for /proj_sw/user_dev/ctr-apbernal/tt-metal/model_cache/meta-llama/Llama-3.3-70B-Instruct/TG/tensor_cache_instruct_bfp8/layers.58.feed_forward.w1_interleavedprefetcher_dtype_BFLOAT4_B_layout_TILE.tensorbin of shape Shape([1, 1, 2048, 3584])
2026-08-29 11:14:25.804 | DEBUG    | core:as_tensor:724 - Loaded cache for /proj_sw/user_dev/ctr-apbernal/tt-metal/model_cache/meta-llama/Llama-3.3-70B-Instruct/TG/tensor_cache_instruct_bfp8/layers.58.feed_forward.w2_interleavedprefetcher_dtype_BFLOAT8_B_layout_TILE.tensorbin of shape Shape([1, 1, 3584, 2048])
2026-08-29 11:14:26.108 | DEBUG    | core:as_tensor:724 - Loaded cache for /proj_sw/user_dev/ctr-apbernal/tt-metal/model_cache/meta-llama/Llama-3.3-70B-Instruct/TG/tensor_cache_instruct_bfp8/layers.58.feed_forward.w3_interleavedprefetcher_dtype_BFLOAT4_B_layout_TILE.tensorbin of shape Shape([1, 1, 2048, 3584])
2026-08-29 11:14:26.111 | DEBUG    | core:as_tensor:724 - Loaded cache for /proj_sw/user_dev/ctr-apbernal/tt-metal/model_cache/meta-llama/Llama-3.3-70B-Instruct/TG/tensor_cache_instruct_bfp8/layers.58.attention_norm.weight_dtype_BFLOAT16_layout_ROW_MAJOR.tensorbin of shape Shape([1, 1, 256, 32])
2026-08-29 11:14:26.114 | DEBUG    | core:as_tensor:724 - Loaded cache for /proj_sw/user_dev/ctr-apbernal/tt-metal/model_cache/meta-llama/Llama-3.3-70B-Instruct/TG/tensor_cache_instruct_bfp8/layers.58.attention_norm.weight_distributed_dtype_BFLOAT16_layout_ROW_MAJOR.tensorbin of shape Shape([1, 1, 64, 32])
2026-08-29 11:14:26.116 | DEBUG    | core:as_tensor:724 - Loaded cache for /proj_sw/user_dev/ctr-apbernal/tt-metal/model_cache/meta-llama/Llama-3.3-70B-Instruct/TG/tensor_cache_instruct_bfp8/layers.58.ffn_norm.weight_dtype_BFLOAT16_layout_ROW_MAJOR.tensorbin of shape Shape([1, 1, 256, 32])
2026-08-29 11:14:26.119 | DEBUG    | core:as_tensor:724 - Loaded cache for /proj_sw/user_dev/ctr-apbernal/tt-metal/model_cache/meta-llama/Llama-3.3-70B-Instruct/TG/tensor_cache_instruct_bfp8/layers.58.ffn_norm.weight_distributed_dtype_BFLOAT16_layout_ROW_MAJOR.tensorbin of shape Shape([1, 1, 64, 32])
 74%|███████▍  | 59/80 [03:36<01:20,  3.83s/it]2026-08-29 11:14:26.459 | DEBUG    | core:as_tensor:724 - Loaded cache for /proj_sw/user_dev/ctr-apbernal/tt-metal/model_cache/meta-llama/Llama-3.3-70B-Instruct/TG/tensor_cache_instruct_bfp8/layers.59.attention.wqkv_sharded_2d_prefetcher_dtype_BFLOAT8_B_layout_TILE.tensorbin of shape Shape([1, 1, 2048, 1280])
2026-08-29 11:14:26.788 | DEBUG    | core:as_tensor:724 - Loaded cache for /proj_sw/user_dev/ctr-apbernal/tt-metal/model_cache/meta-llama/Llama-3.3-70B-Instruct/TG/tensor_cache_instruct_bfp8/layers.59.attention.wqkv_sharded_2d_dram_dtype_BFLOAT8_B_layout_TILE.tensorbin of shape Shape([1, 1, 2048, 1280])
2026-08-29 11:14:27.088 | DEBUG    | core:as_tensor:724 - Loaded cache for /proj_sw/user_dev/ctr-apbernal/tt-metal/model_cache/meta-llama/Llama-3.3-70B-Instruct/TG/tensor_cache_instruct_bfp8/layers.59.attention.wo_width_sharded_2d_prefetcher_dtype_BFLOAT8_B_layout_TILE.tensorbin of shape Shape([1, 1, 1024, 2048])
2026-08-29 11:14:27.359 | DEBUG    | core:as_tensor:724 - Loaded cache for /proj_sw/user_dev/ctr-apbernal/tt-metal/model_cache/meta-llama/Llama-3.3-70B-Instruct/TG/tensor_cache_instruct_bfp8/layers.59.attention.wo_width_sharded_2d_dram_dtype_BFLOAT8_B_layout_TILE.tensorbin of shape Shape([1, 1, 1024, 2048])
2026-08-29 11:14:27.643 | DEBUG    | core:as_tensor:724 - Loaded cache for /proj_sw/user_dev/ctr-apbernal/tt-metal/model_cache/meta-llama/Llama-3.3-70B-Instruct/TG/tensor_cache_instruct_bfp8/layers.59.attention.wo_col_sharded_dram_dtype_BFLOAT8_B_layout_TILE.tensorbin of shape Shape([1, 1, 8192, 2048])
2026-08-29 11:14:27.657 | DEBUG    | core:as_tensor:724 - Loaded cache for /proj_sw/user_dev/ctr-apbernal/tt-metal/model_cache/meta-llama/Llama-3.3-70B-Instruct/TG/tensor_cache_instruct_bfp8/kvcache_torch.Size([2048, 1, 64, 128])_dtype_BFLOAT8_B_layout_TILE.tensorbin of shape Shape([2048, 1, 64, 128])
2026-08-29 11:14:27.666 | DEBUG    | core:as_tensor:724 - Loaded cache for /proj_sw/user_dev/ctr-apbernal/tt-metal/model_cache/meta-llama/Llama-3.3-70B-Instruct/TG/tensor_cache_instruct_bfp8/kvcache_torch.Size([2048, 1, 64, 128])_dtype_BFLOAT8_B_layout_TILE.tensorbin of shape Shape([2048, 1, 64, 128])
2026-08-29 11:14:27.984 | DEBUG    | core:as_tensor:724 - Loaded cache for /proj_sw/user_dev/ctr-apbernal/tt-metal/model_cache/meta-llama/Llama-3.3-70B-Instruct/TG/tensor_cache_instruct_bfp8/layers.59.feed_forward.w1_shardedprefetcher_dtype_BFLOAT4_B_layout_TILE.tensorbin of shape Shape([1, 1, 2048, 3584])
2026-08-29 11:14:28.511 | DEBUG    | core:as_tensor:724 - Loaded cache for /proj_sw/user_dev/ctr-apbernal/tt-metal/model_cache/meta-llama/Llama-3.3-70B-Instruct/TG/tensor_cache_instruct_bfp8/layers.59.feed_forward.w2_shardedprefetcher_dtype_BFLOAT8_B_layout_TILE.tensorbin of shape Shape([1, 1, 3584, 2048])
2026-08-29 11:14:28.813 | DEBUG    | core:as_tensor:724 - Loaded cache for /proj_sw/user_dev/ctr-apbernal/tt-metal/model_cache/meta-llama/Llama-3.3-70B-Instruct/TG/tensor_cache_instruct_bfp8/layers.59.feed_forward.w3_shardedprefetcher_dtype_BFLOAT4_B_layout_TILE.tensorbin of shape Shape([1, 1, 2048, 3584])
2026-08-29 11:14:29.118 | DEBUG    | core:as_tensor:724 - Loaded cache for /proj_sw/user_dev/ctr-apbernal/tt-metal/model_cache/meta-llama/Llama-3.3-70B-Instruct/TG/tensor_cache_instruct_bfp8/layers.59.feed_forward.w1_interleavedprefetcher_dtype_BFLOAT4_B_layout_TILE.tensorbin of shape Shape([1, 1, 2048, 3584])
2026-08-29 11:14:29.648 | DEBUG    | core:as_tensor:724 - Loaded cache for /proj_sw/user_dev/ctr-apbernal/tt-metal/model_cache/meta-llama/Llama-3.3-70B-Instruct/TG/tensor_cache_instruct_bfp8/layers.59.feed_forward.w2_interleavedprefetcher_dtype_BFLOAT8_B_layout_TILE.tensorbin of shape Shape([1, 1, 3584, 2048])
2026-08-29 11:14:29.946 | DEBUG    | core:as_tensor:724 - Loaded cache for /proj_sw/user_dev/ctr-apbernal/tt-metal/model_cache/meta-llama/Llama-3.3-70B-Instruct/TG/tensor_cache_instruct_bfp8/layers.59.feed_forward.w3_interleavedprefetcher_dtype_BFLOAT4_B_layout_TILE.tensorbin of shape Shape([1, 1, 2048, 3584])
2026-08-29 11:14:29.950 | DEBUG    | core:as_tensor:724 - Loaded cache for /proj_sw/user_dev/ctr-apbernal/tt-metal/model_cache/meta-llama/Llama-3.3-70B-Instruct/TG/tensor_cache_instruct_bfp8/layers.59.attention_norm.weight_dtype_BFLOAT16_layout_ROW_MAJOR.tensorbin of shape Shape([1, 1, 256, 32])
2026-08-29 11:14:29.952 | DEBUG    | core:as_tensor:724 - Loaded cache for /proj_sw/user_dev/ctr-apbernal/tt-metal/model_cache/meta-llama/Llama-3.3-70B-Instruct/TG/tensor_cache_instruct_bfp8/layers.59.attention_norm.weight_distributed_dtype_BFLOAT16_layout_ROW_MAJOR.tensorbin of shape Shape([1, 1, 64, 32])
2026-08-29 11:14:29.955 | DEBUG    | core:as_tensor:724 - Loaded cache for /proj_sw/user_dev/ctr-apbernal/tt-metal/model_cache/meta-llama/Llama-3.3-70B-Instruct/TG/tensor_cache_instruct_bfp8/layers.59.ffn_norm.weight_dtype_BFLOAT16_layout_ROW_MAJOR.tensorbin of shape Shape([1, 1, 256, 32])
2026-08-29 11:14:29.957 | DEBUG    | core:as_tensor:724 - Loaded cache for /proj_sw/user_dev/ctr-apbernal/tt-metal/model_cache/meta-llama/Llama-3.3-70B-Instruct/TG/tensor_cache_instruct_bfp8/layers.59.ffn_norm.weight_distributed_dtype_BFLOAT16_layout_ROW_MAJOR.tensorbin of shape Shape([1, 1, 64, 32])
 75%|███████▌  | 60/80 [03:40<01:16,  3.83s/it]2026-08-29 11:14:30.350 | DEBUG    | core:as_tensor:724 - Loaded cache for /proj_sw/user_dev/ctr-apbernal/tt-metal/model_cache/meta-llama/Llama-3.3-70B-Instruct/TG/tensor_cache_instruct_bfp8/layers.60.attention.wqkv_sharded_2d_prefetcher_dtype_BFLOAT8_B_layout_TILE.tensorbin of shape Shape([1, 1, 2048, 1280])
2026-08-29 11:14:30.591 | DEBUG    | core:as_tensor:724 - Loaded cache for /proj_sw/user_dev/ctr-apbernal/tt-metal/model_cache/meta-llama/Llama-3.3-70B-Instruct/TG/tensor_cache_instruct_bfp8/layers.60.attention.wqkv_sharded_2d_dram_dtype_BFLOAT8_B_layout_TILE.tensorbin of shape Shape([1, 1, 2048, 1280])
2026-08-29 11:14:30.866 | DEBUG    | core:as_tensor:724 - Loaded cache for /proj_sw/user_dev/ctr-apbernal/tt-metal/model_cache/meta-llama/Llama-3.3-70B-Instruct/TG/tensor_cache_instruct_bfp8/layers.60.attention.wo_width_sharded_2d_prefetcher_dtype_BFLOAT8_B_layout_TILE.tensorbin of shape Shape([1, 1, 1024, 2048])
2026-08-29 11:14:31.174 | DEBUG    | core:as_tensor:724 - Loaded cache for /proj_sw/user_dev/ctr-apbernal/tt-metal/model_cache/meta-llama/Llama-3.3-70B-Instruct/TG/tensor_cache_instruct_bfp8/layers.60.attention.wo_width_sharded_2d_dram_dtype_BFLOAT8_B_layout_TILE.tensorbin of shape Shape([1, 1, 1024, 2048])
2026-08-29 11:14:31.448 | DEBUG    | core:as_tensor:724 - Loaded cache for /proj_sw/user_dev/ctr-apbernal/tt-metal/model_cache/meta-llama/Llama-3.3-70B-Instruct/TG/tensor_cache_instruct_bfp8/layers.60.attention.wo_col_sharded_dram_dtype_BFLOAT8_B_layout_TILE.tensorbin of shape Shape([1, 1, 8192, 2048])
2026-08-29 11:14:31.463 | DEBUG    | core:as_tensor:724 - Loaded cache for /proj_sw/user_dev/ctr-apbernal/tt-metal/model_cache/meta-llama/Llama-3.3-70B-Instruct/TG/tensor_cache_instruct_bfp8/kvcache_torch.Size([2048, 1, 64, 128])_dtype_BFLOAT8_B_layout_TILE.tensorbin of shape Shape([2048, 1, 64, 128])
2026-08-29 11:14:31.471 | DEBUG    | core:as_tensor:724 - Loaded cache for /proj_sw/user_dev/ctr-apbernal/tt-metal/model_cache/meta-llama/Llama-3.3-70B-Instruct/TG/tensor_cache_instruct_bfp8/kvcache_torch.Size([2048, 1, 64, 128])_dtype_BFLOAT8_B_layout_TILE.tensorbin of shape Shape([2048, 1, 64, 128])
2026-08-29 11:14:31.822 | DEBUG    | core:as_tensor:724 - Loaded cache for /proj_sw/user_dev/ctr-apbernal/tt-metal/model_cache/meta-llama/Llama-3.3-70B-Instruct/TG/tensor_cache_instruct_bfp8/layers.60.feed_forward.w1_shardedprefetcher_dtype_BFLOAT4_B_layout_TILE.tensorbin of shape Shape([1, 1, 2048, 3584])
2026-08-29 11:14:32.357 | DEBUG    | core:as_tensor:724 - Loaded cache for /proj_sw/user_dev/ctr-apbernal/tt-metal/model_cache/meta-llama/Llama-3.3-70B-Instruct/TG/tensor_cache_instruct_bfp8/layers.60.feed_forward.w2_shardedprefetcher_dtype_BFLOAT8_B_layout_TILE.tensorbin of shape Shape([1, 1, 3584, 2048])
2026-08-29 11:14:32.644 | DEBUG    | core:as_tensor:724 - Loaded cache for /proj_sw/user_dev/ctr-apbernal/tt-metal/model_cache/meta-llama/Llama-3.3-70B-Instruct/TG/tensor_cache_instruct_bfp8/layers.60.feed_forward.w3_shardedprefetcher_dtype_BFLOAT4_B_layout_TILE.tensorbin of shape Shape([1, 1, 2048, 3584])
2026-08-29 11:14:32.943 | DEBUG    | core:as_tensor:724 - Loaded cache for /proj_sw/user_dev/ctr-apbernal/tt-metal/model_cache/meta-llama/Llama-3.3-70B-Instruct/TG/tensor_cache_instruct_bfp8/layers.60.feed_forward.w1_interleavedprefetcher_dtype_BFLOAT4_B_layout_TILE.tensorbin of shape Shape([1, 1, 2048, 3584])
2026-08-29 11:14:33.477 | DEBUG    | core:as_tensor:724 - Loaded cache for /proj_sw/user_dev/ctr-apbernal/tt-metal/model_cache/meta-llama/Llama-3.3-70B-Instruct/TG/tensor_cache_instruct_bfp8/layers.60.feed_forward.w2_interleavedprefetcher_dtype_BFLOAT8_B_layout_TILE.tensorbin of shape Shape([1, 1, 3584, 2048])
2026-08-29 11:14:33.851 | DEBUG    | core:as_tensor:724 - Loaded cache for /proj_sw/user_dev/ctr-apbernal/tt-metal/model_cache/meta-llama/Llama-3.3-70B-Instruct/TG/tensor_cache_instruct_bfp8/layers.60.feed_forward.w3_interleavedprefetcher_dtype_BFLOAT4_B_layout_TILE.tensorbin of shape Shape([1, 1, 2048, 3584])
2026-08-29 11:14:33.857 | DEBUG    | core:as_tensor:724 - Loaded cache for /proj_sw/user_dev/ctr-apbernal/tt-metal/model_cache/meta-llama/Llama-3.3-70B-Instruct/TG/tensor_cache_instruct_bfp8/layers.60.attention_norm.weight_dtype_BFLOAT16_layout_ROW_MAJOR.tensorbin of shape Shape([1, 1, 256, 32])
2026-08-29 11:14:33.860 | DEBUG    | core:as_tensor:724 - Loaded cache for /proj_sw/user_dev/ctr-apbernal/tt-metal/model_cache/meta-llama/Llama-3.3-70B-Instruct/TG/tensor_cache_instruct_bfp8/layers.60.attention_norm.weight_distributed_dtype_BFLOAT16_layout_ROW_MAJOR.tensorbin of shape Shape([1, 1, 64, 32])
2026-08-29 11:14:33.862 | DEBUG    | core:as_tensor:724 - Loaded cache for /proj_sw/user_dev/ctr-apbernal/tt-metal/model_cache/meta-llama/Llama-3.3-70B-Instruct/TG/tensor_cache_instruct_bfp8/layers.60.ffn_norm.weight_dtype_BFLOAT16_layout_ROW_MAJOR.tensorbin of shape Shape([1, 1, 256, 32])
2026-08-29 11:14:33.864 | DEBUG    | core:as_tensor:724 - Loaded cache for /proj_sw/user_dev/ctr-apbernal/tt-metal/model_cache/meta-llama/Llama-3.3-70B-Instruct/TG/tensor_cache_instruct_bfp8/layers.60.ffn_norm.weight_distributed_dtype_BFLOAT16_layout_ROW_MAJOR.tensorbin of shape Shape([1, 1, 64, 32])
 76%|███████▋  | 61/80 [03:44<01:13,  3.85s/it]2026-08-29 11:14:34.097 | DEBUG    | core:as_tensor:724 - Loaded cache for /proj_sw/user_dev/ctr-apbernal/tt-metal/model_cache/meta-llama/Llama-3.3-70B-Instruct/TG/tensor_cache_instruct_bfp8/layers.61.attention.wqkv_sharded_2d_prefetcher_dtype_BFLOAT8_B_layout_TILE.tensorbin of shape Shape([1, 1, 2048, 1280])
2026-08-29 11:14:34.315 | DEBUG    | core:as_tensor:724 - Loaded cache for /proj_sw/user_dev/ctr-apbernal/tt-metal/model_cache/meta-llama/Llama-3.3-70B-Instruct/TG/tensor_cache_instruct_bfp8/layers.61.attention.wqkv_sharded_2d_dram_dtype_BFLOAT8_B_layout_TILE.tensorbin of shape Shape([1, 1, 2048, 1280])
2026-08-29 11:14:34.608 | DEBUG    | core:as_tensor:724 - Loaded cache for /proj_sw/user_dev/ctr-apbernal/tt-metal/model_cache/meta-llama/Llama-3.3-70B-Instruct/TG/tensor_cache_instruct_bfp8/layers.61.attention.wo_width_sharded_2d_prefetcher_dtype_BFLOAT8_B_layout_TILE.tensorbin of shape Shape([1, 1, 1024, 2048])
2026-08-29 11:14:34.870 | DEBUG    | core:as_tensor:724 - Loaded cache for /proj_sw/user_dev/ctr-apbernal/tt-metal/model_cache/meta-llama/Llama-3.3-70B-Instruct/TG/tensor_cache_instruct_bfp8/layers.61.attention.wo_width_sharded_2d_dram_dtype_BFLOAT8_B_layout_TILE.tensorbin of shape Shape([1, 1, 1024, 2048])
2026-08-29 11:14:35.238 | DEBUG    | core:as_tensor:724 - Loaded cache for /proj_sw/user_dev/ctr-apbernal/tt-metal/model_cache/meta-llama/Llama-3.3-70B-Instruct/TG/tensor_cache_instruct_bfp8/layers.61.attention.wo_col_sharded_dram_dtype_BFLOAT8_B_layout_TILE.tensorbin of shape Shape([1, 1, 8192, 2048])
2026-08-29 11:14:35.255 | DEBUG    | core:as_tensor:724 - Loaded cache for /proj_sw/user_dev/ctr-apbernal/tt-metal/model_cache/meta-llama/Llama-3.3-70B-Instruct/TG/tensor_cache_instruct_bfp8/kvcache_torch.Size([2048, 1, 64, 128])_dtype_BFLOAT8_B_layout_TILE.tensorbin of shape Shape([2048, 1, 64, 128])
2026-08-29 11:14:35.263 | DEBUG    | core:as_tensor:724 - Loaded cache for /proj_sw/user_dev/ctr-apbernal/tt-metal/model_cache/meta-llama/Llama-3.3-70B-Instruct/TG/tensor_cache_instruct_bfp8/kvcache_torch.Size([2048, 1, 64, 128])_dtype_BFLOAT8_B_layout_TILE.tensorbin of shape Shape([2048, 1, 64, 128])
2026-08-29 11:14:35.576 | DEBUG    | core:as_tensor:724 - Loaded cache for /proj_sw/user_dev/ctr-apbernal/tt-metal/model_cache/meta-llama/Llama-3.3-70B-Instruct/TG/tensor_cache_instruct_bfp8/layers.61.feed_forward.w1_shardedprefetcher_dtype_BFLOAT4_B_layout_TILE.tensorbin of shape Shape([1, 1, 2048, 3584])
2026-08-29 11:14:36.106 | DEBUG    | core:as_tensor:724 - Loaded cache for /proj_sw/user_dev/ctr-apbernal/tt-metal/model_cache/meta-llama/Llama-3.3-70B-Instruct/TG/tensor_cache_instruct_bfp8/layers.61.feed_forward.w2_shardedprefetcher_dtype_BFLOAT8_B_layout_TILE.tensorbin of shape Shape([1, 1, 3584, 2048])
2026-08-29 11:14:36.395 | DEBUG    | core:as_tensor:724 - Loaded cache for /proj_sw/user_dev/ctr-apbernal/tt-metal/model_cache/meta-llama/Llama-3.3-70B-Instruct/TG/tensor_cache_instruct_bfp8/layers.61.feed_forward.w3_shardedprefetcher_dtype_BFLOAT4_B_layout_TILE.tensorbin of shape Shape([1, 1, 2048, 3584])
2026-08-29 11:14:36.698 | DEBUG    | core:as_tensor:724 - Loaded cache for /proj_sw/user_dev/ctr-apbernal/tt-metal/model_cache/meta-llama/Llama-3.3-70B-Instruct/TG/tensor_cache_instruct_bfp8/layers.61.feed_forward.w1_interleavedprefetcher_dtype_BFLOAT4_B_layout_TILE.tensorbin of shape Shape([1, 1, 2048, 3584])
2026-08-29 11:14:37.222 | DEBUG    | core:as_tensor:724 - Loaded cache for /proj_sw/user_dev/ctr-apbernal/tt-metal/model_cache/meta-llama/Llama-3.3-70B-Instruct/TG/tensor_cache_instruct_bfp8/layers.61.feed_forward.w2_interleavedprefetcher_dtype_BFLOAT8_B_layout_TILE.tensorbin of shape Shape([1, 1, 3584, 2048])
2026-08-29 11:14:37.529 | DEBUG    | core:as_tensor:724 - Loaded cache for /proj_sw/user_dev/ctr-apbernal/tt-metal/model_cache/meta-llama/Llama-3.3-70B-Instruct/TG/tensor_cache_instruct_bfp8/layers.61.feed_forward.w3_interleavedprefetcher_dtype_BFLOAT4_B_layout_TILE.tensorbin of shape Shape([1, 1, 2048, 3584])
2026-08-29 11:14:37.533 | DEBUG    | core:as_tensor:724 - Loaded cache for /proj_sw/user_dev/ctr-apbernal/tt-metal/model_cache/meta-llama/Llama-3.3-70B-Instruct/TG/tensor_cache_instruct_bfp8/layers.61.attention_norm.weight_dtype_BFLOAT16_layout_ROW_MAJOR.tensorbin of shape Shape([1, 1, 256, 32])
2026-08-29 11:14:37.535 | DEBUG    | core:as_tensor:724 - Loaded cache for /proj_sw/user_dev/ctr-apbernal/tt-metal/model_cache/meta-llama/Llama-3.3-70B-Instruct/TG/tensor_cache_instruct_bfp8/layers.61.attention_norm.weight_distributed_dtype_BFLOAT16_layout_ROW_MAJOR.tensorbin of shape Shape([1, 1, 64, 32])
2026-08-29 11:14:37.537 | DEBUG    | core:as_tensor:724 - Loaded cache for /proj_sw/user_dev/ctr-apbernal/tt-metal/model_cache/meta-llama/Llama-3.3-70B-Instruct/TG/tensor_cache_instruct_bfp8/layers.61.ffn_norm.weight_dtype_BFLOAT16_layout_ROW_MAJOR.tensorbin of shape Shape([1, 1, 256, 32])
2026-08-29 11:14:37.542 | DEBUG    | core:as_tensor:724 - Loaded cache for /proj_sw/user_dev/ctr-apbernal/tt-metal/model_cache/meta-llama/Llama-3.3-70B-Instruct/TG/tensor_cache_instruct_bfp8/layers.61.ffn_norm.weight_distributed_dtype_BFLOAT16_layout_ROW_MAJOR.tensorbin of shape Shape([1, 1, 64, 32])
 78%|███████▊  | 62/80 [03:48<01:08,  3.80s/it]2026-08-29 11:14:37.792 | DEBUG    | core:as_tensor:724 - Loaded cache for /proj_sw/user_dev/ctr-apbernal/tt-metal/model_cache/meta-llama/Llama-3.3-70B-Instruct/TG/tensor_cache_instruct_bfp8/layers.62.attention.wqkv_sharded_2d_prefetcher_dtype_BFLOAT8_B_layout_TILE.tensorbin of shape Shape([1, 1, 2048, 1280])
2026-08-29 11:14:38.002 | DEBUG    | core:as_tensor:724 - Loaded cache for /proj_sw/user_dev/ctr-apbernal/tt-metal/model_cache/meta-llama/Llama-3.3-70B-Instruct/TG/tensor_cache_instruct_bfp8/layers.62.attention.wqkv_sharded_2d_dram_dtype_BFLOAT8_B_layout_TILE.tensorbin of shape Shape([1, 1, 2048, 1280])
2026-08-29 11:14:38.328 | DEBUG    | core:as_tensor:724 - Loaded cache for /proj_sw/user_dev/ctr-apbernal/tt-metal/model_cache/meta-llama/Llama-3.3-70B-Instruct/TG/tensor_cache_instruct_bfp8/layers.62.attention.wo_width_sharded_2d_prefetcher_dtype_BFLOAT8_B_layout_TILE.tensorbin of shape Shape([1, 1, 1024, 2048])
2026-08-29 11:14:38.709 | DEBUG    | core:as_tensor:724 - Loaded cache for /proj_sw/user_dev/ctr-apbernal/tt-metal/model_cache/meta-llama/Llama-3.3-70B-Instruct/TG/tensor_cache_instruct_bfp8/layers.62.attention.wo_width_sharded_2d_dram_dtype_BFLOAT8_B_layout_TILE.tensorbin of shape Shape([1, 1, 1024, 2048])
2026-08-29 11:14:38.979 | DEBUG    | core:as_tensor:724 - Loaded cache for /proj_sw/user_dev/ctr-apbernal/tt-metal/model_cache/meta-llama/Llama-3.3-70B-Instruct/TG/tensor_cache_instruct_bfp8/layers.62.attention.wo_col_sharded_dram_dtype_BFLOAT8_B_layout_TILE.tensorbin of shape Shape([1, 1, 8192, 2048])
2026-08-29 11:14:38.994 | DEBUG    | core:as_tensor:724 - Loaded cache for /proj_sw/user_dev/ctr-apbernal/tt-metal/model_cache/meta-llama/Llama-3.3-70B-Instruct/TG/tensor_cache_instruct_bfp8/kvcache_torch.Size([2048, 1, 64, 128])_dtype_BFLOAT8_B_layout_TILE.tensorbin of shape Shape([2048, 1, 64, 128])
2026-08-29 11:14:39.002 | DEBUG    | core:as_tensor:724 - Loaded cache for /proj_sw/user_dev/ctr-apbernal/tt-metal/model_cache/meta-llama/Llama-3.3-70B-Instruct/TG/tensor_cache_instruct_bfp8/kvcache_torch.Size([2048, 1, 64, 128])_dtype_BFLOAT8_B_layout_TILE.tensorbin of shape Shape([2048, 1, 64, 128])
2026-08-29 11:14:39.320 | DEBUG    | core:as_tensor:724 - Loaded cache for /proj_sw/user_dev/ctr-apbernal/tt-metal/model_cache/meta-llama/Llama-3.3-70B-Instruct/TG/tensor_cache_instruct_bfp8/layers.62.feed_forward.w1_shardedprefetcher_dtype_BFLOAT4_B_layout_TILE.tensorbin of shape Shape([1, 1, 2048, 3584])
2026-08-29 11:14:39.848 | DEBUG    | core:as_tensor:724 - Loaded cache for /proj_sw/user_dev/ctr-apbernal/tt-metal/model_cache/meta-llama/Llama-3.3-70B-Instruct/TG/tensor_cache_instruct_bfp8/layers.62.feed_forward.w2_shardedprefetcher_dtype_BFLOAT8_B_layout_TILE.tensorbin of shape Shape([1, 1, 3584, 2048])
2026-08-29 11:14:40.151 | DEBUG    | core:as_tensor:724 - Loaded cache for /proj_sw/user_dev/ctr-apbernal/tt-metal/model_cache/meta-llama/Llama-3.3-70B-Instruct/TG/tensor_cache_instruct_bfp8/layers.62.feed_forward.w3_shardedprefetcher_dtype_BFLOAT4_B_layout_TILE.tensorbin of shape Shape([1, 1, 2048, 3584])
2026-08-29 11:14:40.433 | DEBUG    | core:as_tensor:724 - Loaded cache for /proj_sw/user_dev/ctr-apbernal/tt-metal/model_cache/meta-llama/Llama-3.3-70B-Instruct/TG/tensor_cache_instruct_bfp8/layers.62.feed_forward.w1_interleavedprefetcher_dtype_BFLOAT4_B_layout_TILE.tensorbin of shape Shape([1, 1, 2048, 3584])
2026-08-29 11:14:40.962 | DEBUG    | core:as_tensor:724 - Loaded cache for /proj_sw/user_dev/ctr-apbernal/tt-metal/model_cache/meta-llama/Llama-3.3-70B-Instruct/TG/tensor_cache_instruct_bfp8/layers.62.feed_forward.w2_interleavedprefetcher_dtype_BFLOAT8_B_layout_TILE.tensorbin of shape Shape([1, 1, 3584, 2048])
2026-08-29 11:14:41.263 | DEBUG    | core:as_tensor:724 - Loaded cache for /proj_sw/user_dev/ctr-apbernal/tt-metal/model_cache/meta-llama/Llama-3.3-70B-Instruct/TG/tensor_cache_instruct_bfp8/layers.62.feed_forward.w3_interleavedprefetcher_dtype_BFLOAT4_B_layout_TILE.tensorbin of shape Shape([1, 1, 2048, 3584])
2026-08-29 11:14:41.266 | DEBUG    | core:as_tensor:724 - Loaded cache for /proj_sw/user_dev/ctr-apbernal/tt-metal/model_cache/meta-llama/Llama-3.3-70B-Instruct/TG/tensor_cache_instruct_bfp8/layers.62.attention_norm.weight_dtype_BFLOAT16_layout_ROW_MAJOR.tensorbin of shape Shape([1, 1, 256, 32])
2026-08-29 11:14:41.269 | DEBUG    | core:as_tensor:724 - Loaded cache for /proj_sw/user_dev/ctr-apbernal/tt-metal/model_cache/meta-llama/Llama-3.3-70B-Instruct/TG/tensor_cache_instruct_bfp8/layers.62.attention_norm.weight_distributed_dtype_BFLOAT16_layout_ROW_MAJOR.tensorbin of shape Shape([1, 1, 64, 32])
2026-08-29 11:14:41.271 | DEBUG    | core:as_tensor:724 - Loaded cache for /proj_sw/user_dev/ctr-apbernal/tt-metal/model_cache/meta-llama/Llama-3.3-70B-Instruct/TG/tensor_cache_instruct_bfp8/layers.62.ffn_norm.weight_dtype_BFLOAT16_layout_ROW_MAJOR.tensorbin of shape Shape([1, 1, 256, 32])
2026-08-29 11:14:41.274 | DEBUG    | core:as_tensor:724 - Loaded cache for /proj_sw/user_dev/ctr-apbernal/tt-metal/model_cache/meta-llama/Llama-3.3-70B-Instruct/TG/tensor_cache_instruct_bfp8/layers.62.ffn_norm.weight_distributed_dtype_BFLOAT16_layout_ROW_MAJOR.tensorbin of shape Shape([1, 1, 64, 32])
 79%|███████▉  | 63/80 [03:51<01:04,  3.78s/it]2026-08-29 11:14:41.548 | DEBUG    | core:as_tensor:724 - Loaded cache for /proj_sw/user_dev/ctr-apbernal/tt-metal/model_cache/meta-llama/Llama-3.3-70B-Instruct/TG/tensor_cache_instruct_bfp8/layers.63.attention.wqkv_sharded_2d_prefetcher_dtype_BFLOAT8_B_layout_TILE.tensorbin of shape Shape([1, 1, 2048, 1280])
2026-08-29 11:14:41.885 | DEBUG    | core:as_tensor:724 - Loaded cache for /proj_sw/user_dev/ctr-apbernal/tt-metal/model_cache/meta-llama/Llama-3.3-70B-Instruct/TG/tensor_cache_instruct_bfp8/layers.63.attention.wqkv_sharded_2d_dram_dtype_BFLOAT8_B_layout_TILE.tensorbin of shape Shape([1, 1, 2048, 1280])
2026-08-29 11:14:42.141 | DEBUG    | core:as_tensor:724 - Loaded cache for /proj_sw/user_dev/ctr-apbernal/tt-metal/model_cache/meta-llama/Llama-3.3-70B-Instruct/TG/tensor_cache_instruct_bfp8/layers.63.attention.wo_width_sharded_2d_prefetcher_dtype_BFLOAT8_B_layout_TILE.tensorbin of shape Shape([1, 1, 1024, 2048])
2026-08-29 11:14:42.424 | DEBUG    | core:as_tensor:724 - Loaded cache for /proj_sw/user_dev/ctr-apbernal/tt-metal/model_cache/meta-llama/Llama-3.3-70B-Instruct/TG/tensor_cache_instruct_bfp8/layers.63.attention.wo_width_sharded_2d_dram_dtype_BFLOAT8_B_layout_TILE.tensorbin of shape Shape([1, 1, 1024, 2048])
2026-08-29 11:14:42.594 | DEBUG    | core:as_tensor:724 - Loaded cache for /proj_sw/user_dev/ctr-apbernal/tt-metal/model_cache/meta-llama/Llama-3.3-70B-Instruct/TG/tensor_cache_instruct_bfp8/layers.63.attention.wo_col_sharded_dram_dtype_BFLOAT8_B_layout_TILE.tensorbin of shape Shape([1, 1, 8192, 2048])
2026-08-29 11:14:42.609 | DEBUG    | core:as_tensor:724 - Loaded cache for /proj_sw/user_dev/ctr-apbernal/tt-metal/model_cache/meta-llama/Llama-3.3-70B-Instruct/TG/tensor_cache_instruct_bfp8/kvcache_torch.Size([2048, 1, 64, 128])_dtype_BFLOAT8_B_layout_TILE.tensorbin of shape Shape([2048, 1, 64, 128])
2026-08-29 11:14:42.618 | DEBUG    | core:as_tensor:724 - Loaded cache for /proj_sw/user_dev/ctr-apbernal/tt-metal/model_cache/meta-llama/Llama-3.3-70B-Instruct/TG/tensor_cache_instruct_bfp8/kvcache_torch.Size([2048, 1, 64, 128])_dtype_BFLOAT8_B_layout_TILE.tensorbin of shape Shape([2048, 1, 64, 128])
2026-08-29 11:14:43.060 | DEBUG    | core:as_tensor:724 - Loaded cache for /proj_sw/user_dev/ctr-apbernal/tt-metal/model_cache/meta-llama/Llama-3.3-70B-Instruct/TG/tensor_cache_instruct_bfp8/layers.63.feed_forward.w1_shardedprefetcher_dtype_BFLOAT4_B_layout_TILE.tensorbin of shape Shape([1, 1, 2048, 3584])
2026-08-29 11:14:43.595 | DEBUG    | core:as_tensor:724 - Loaded cache for /proj_sw/user_dev/ctr-apbernal/tt-metal/model_cache/meta-llama/Llama-3.3-70B-Instruct/TG/tensor_cache_instruct_bfp8/layers.63.feed_forward.w2_shardedprefetcher_dtype_BFLOAT8_B_layout_TILE.tensorbin of shape Shape([1, 1, 3584, 2048])
2026-08-29 11:14:43.889 | DEBUG    | core:as_tensor:724 - Loaded cache for /proj_sw/user_dev/ctr-apbernal/tt-metal/model_cache/meta-llama/Llama-3.3-70B-Instruct/TG/tensor_cache_instruct_bfp8/layers.63.feed_forward.w3_shardedprefetcher_dtype_BFLOAT4_B_layout_TILE.tensorbin of shape Shape([1, 1, 2048, 3584])
2026-08-29 11:14:44.187 | DEBUG    | core:as_tensor:724 - Loaded cache for /proj_sw/user_dev/ctr-apbernal/tt-metal/model_cache/meta-llama/Llama-3.3-70B-Instruct/TG/tensor_cache_instruct_bfp8/layers.63.feed_forward.w1_interleavedprefetcher_dtype_BFLOAT4_B_layout_TILE.tensorbin of shape Shape([1, 1, 2048, 3584])
2026-08-29 11:14:44.715 | DEBUG    | core:as_tensor:724 - Loaded cache for /proj_sw/user_dev/ctr-apbernal/tt-metal/model_cache/meta-llama/Llama-3.3-70B-Instruct/TG/tensor_cache_instruct_bfp8/layers.63.feed_forward.w2_interleavedprefetcher_dtype_BFLOAT8_B_layout_TILE.tensorbin of shape Shape([1, 1, 3584, 2048])
2026-08-29 11:14:45.010 | DEBUG    | core:as_tensor:724 - Loaded cache for /proj_sw/user_dev/ctr-apbernal/tt-metal/model_cache/meta-llama/Llama-3.3-70B-Instruct/TG/tensor_cache_instruct_bfp8/layers.63.feed_forward.w3_interleavedprefetcher_dtype_BFLOAT4_B_layout_TILE.tensorbin of shape Shape([1, 1, 2048, 3584])
2026-08-29 11:14:45.014 | DEBUG    | core:as_tensor:724 - Loaded cache for /proj_sw/user_dev/ctr-apbernal/tt-metal/model_cache/meta-llama/Llama-3.3-70B-Instruct/TG/tensor_cache_instruct_bfp8/layers.63.attention_norm.weight_dtype_BFLOAT16_layout_ROW_MAJOR.tensorbin of shape Shape([1, 1, 256, 32])
2026-08-29 11:14:45.016 | DEBUG    | core:as_tensor:724 - Loaded cache for /proj_sw/user_dev/ctr-apbernal/tt-metal/model_cache/meta-llama/Llama-3.3-70B-Instruct/TG/tensor_cache_instruct_bfp8/layers.63.attention_norm.weight_distributed_dtype_BFLOAT16_layout_ROW_MAJOR.tensorbin of shape Shape([1, 1, 64, 32])
2026-08-29 11:14:45.018 | DEBUG    | core:as_tensor:724 - Loaded cache for /proj_sw/user_dev/ctr-apbernal/tt-metal/model_cache/meta-llama/Llama-3.3-70B-Instruct/TG/tensor_cache_instruct_bfp8/layers.63.ffn_norm.weight_dtype_BFLOAT16_layout_ROW_MAJOR.tensorbin of shape Shape([1, 1, 256, 32])
2026-08-29 11:14:45.021 | DEBUG    | core:as_tensor:724 - Loaded cache for /proj_sw/user_dev/ctr-apbernal/tt-metal/model_cache/meta-llama/Llama-3.3-70B-Instruct/TG/tensor_cache_instruct_bfp8/layers.63.ffn_norm.weight_distributed_dtype_BFLOAT16_layout_ROW_MAJOR.tensorbin of shape Shape([1, 1, 64, 32])
 80%|████████  | 64/80 [03:55<01:00,  3.77s/it]2026-08-29 11:14:45.316 | DEBUG    | core:as_tensor:724 - Loaded cache for /proj_sw/user_dev/ctr-apbernal/tt-metal/model_cache/meta-llama/Llama-3.3-70B-Instruct/TG/tensor_cache_instruct_bfp8/layers.64.attention.wqkv_sharded_2d_prefetcher_dtype_BFLOAT8_B_layout_TILE.tensorbin of shape Shape([1, 1, 2048, 1280])
2026-08-29 11:14:45.548 | DEBUG    | core:as_tensor:724 - Loaded cache for /proj_sw/user_dev/ctr-apbernal/tt-metal/model_cache/meta-llama/Llama-3.3-70B-Instruct/TG/tensor_cache_instruct_bfp8/layers.64.attention.wqkv_sharded_2d_dram_dtype_BFLOAT8_B_layout_TILE.tensorbin of shape Shape([1, 1, 2048, 1280])
2026-08-29 11:14:45.887 | DEBUG    | core:as_tensor:724 - Loaded cache for /proj_sw/user_dev/ctr-apbernal/tt-metal/model_cache/meta-llama/Llama-3.3-70B-Instruct/TG/tensor_cache_instruct_bfp8/layers.64.attention.wo_width_sharded_2d_prefetcher_dtype_BFLOAT8_B_layout_TILE.tensorbin of shape Shape([1, 1, 1024, 2048])
2026-08-29 11:14:46.059 | DEBUG    | core:as_tensor:724 - Loaded cache for /proj_sw/user_dev/ctr-apbernal/tt-metal/model_cache/meta-llama/Llama-3.3-70B-Instruct/TG/tensor_cache_instruct_bfp8/layers.64.attention.wo_width_sharded_2d_dram_dtype_BFLOAT8_B_layout_TILE.tensorbin of shape Shape([1, 1, 1024, 2048])
2026-08-29 11:14:46.292 | DEBUG    | core:as_tensor:724 - Loaded cache for /proj_sw/user_dev/ctr-apbernal/tt-metal/model_cache/meta-llama/Llama-3.3-70B-Instruct/TG/tensor_cache_instruct_bfp8/layers.64.attention.wo_col_sharded_dram_dtype_BFLOAT8_B_layout_TILE.tensorbin of shape Shape([1, 1, 8192, 2048])
2026-08-29 11:14:46.309 | DEBUG    | core:as_tensor:724 - Loaded cache for /proj_sw/user_dev/ctr-apbernal/tt-metal/model_cache/meta-llama/Llama-3.3-70B-Instruct/TG/tensor_cache_instruct_bfp8/kvcache_torch.Size([2048, 1, 64, 128])_dtype_BFLOAT8_B_layout_TILE.tensorbin of shape Shape([2048, 1, 64, 128])
2026-08-29 11:14:46.316 | DEBUG    | core:as_tensor:724 - Loaded cache for /proj_sw/user_dev/ctr-apbernal/tt-metal/model_cache/meta-llama/Llama-3.3-70B-Instruct/TG/tensor_cache_instruct_bfp8/kvcache_torch.Size([2048, 1, 64, 128])_dtype_BFLOAT8_B_layout_TILE.tensorbin of shape Shape([2048, 1, 64, 128])
2026-08-29 11:14:46.634 | DEBUG    | core:as_tensor:724 - Loaded cache for /proj_sw/user_dev/ctr-apbernal/tt-metal/model_cache/meta-llama/Llama-3.3-70B-Instruct/TG/tensor_cache_instruct_bfp8/layers.64.feed_forward.w1_shardedprefetcher_dtype_BFLOAT4_B_layout_TILE.tensorbin of shape Shape([1, 1, 2048, 3584])
2026-08-29 11:14:47.171 | DEBUG    | core:as_tensor:724 - Loaded cache for /proj_sw/user_dev/ctr-apbernal/tt-metal/model_cache/meta-llama/Llama-3.3-70B-Instruct/TG/tensor_cache_instruct_bfp8/layers.64.feed_forward.w2_shardedprefetcher_dtype_BFLOAT8_B_layout_TILE.tensorbin of shape Shape([1, 1, 3584, 2048])
2026-08-29 11:14:47.454 | DEBUG    | core:as_tensor:724 - Loaded cache for /proj_sw/user_dev/ctr-apbernal/tt-metal/model_cache/meta-llama/Llama-3.3-70B-Instruct/TG/tensor_cache_instruct_bfp8/layers.64.feed_forward.w3_shardedprefetcher_dtype_BFLOAT4_B_layout_TILE.tensorbin of shape Shape([1, 1, 2048, 3584])
2026-08-29 11:14:47.748 | DEBUG    | core:as_tensor:724 - Loaded cache for /proj_sw/user_dev/ctr-apbernal/tt-metal/model_cache/meta-llama/Llama-3.3-70B-Instruct/TG/tensor_cache_instruct_bfp8/layers.64.feed_forward.w1_interleavedprefetcher_dtype_BFLOAT4_B_layout_TILE.tensorbin of shape Shape([1, 1, 2048, 3584])
2026-08-29 11:14:48.280 | DEBUG    | core:as_tensor:724 - Loaded cache for /proj_sw/user_dev/ctr-apbernal/tt-metal/model_cache/meta-llama/Llama-3.3-70B-Instruct/TG/tensor_cache_instruct_bfp8/layers.64.feed_forward.w2_interleavedprefetcher_dtype_BFLOAT8_B_layout_TILE.tensorbin of shape Shape([1, 1, 3584, 2048])
2026-08-29 11:14:48.584 | DEBUG    | core:as_tensor:724 - Loaded cache for /proj_sw/user_dev/ctr-apbernal/tt-metal/model_cache/meta-llama/Llama-3.3-70B-Instruct/TG/tensor_cache_instruct_bfp8/layers.64.feed_forward.w3_interleavedprefetcher_dtype_BFLOAT4_B_layout_TILE.tensorbin of shape Shape([1, 1, 2048, 3584])
2026-08-29 11:14:48.587 | DEBUG    | core:as_tensor:724 - Loaded cache for /proj_sw/user_dev/ctr-apbernal/tt-metal/model_cache/meta-llama/Llama-3.3-70B-Instruct/TG/tensor_cache_instruct_bfp8/layers.64.attention_norm.weight_dtype_BFLOAT16_layout_ROW_MAJOR.tensorbin of shape Shape([1, 1, 256, 32])
2026-08-29 11:14:48.590 | DEBUG    | core:as_tensor:724 - Loaded cache for /proj_sw/user_dev/ctr-apbernal/tt-metal/model_cache/meta-llama/Llama-3.3-70B-Instruct/TG/tensor_cache_instruct_bfp8/layers.64.attention_norm.weight_distributed_dtype_BFLOAT16_layout_ROW_MAJOR.tensorbin of shape Shape([1, 1, 64, 32])
2026-08-29 11:14:48.593 | DEBUG    | core:as_tensor:724 - Loaded cache for /proj_sw/user_dev/ctr-apbernal/tt-metal/model_cache/meta-llama/Llama-3.3-70B-Instruct/TG/tensor_cache_instruct_bfp8/layers.64.ffn_norm.weight_dtype_BFLOAT16_layout_ROW_MAJOR.tensorbin of shape Shape([1, 1, 256, 32])
2026-08-29 11:14:48.596 | DEBUG    | core:as_tensor:724 - Loaded cache for /proj_sw/user_dev/ctr-apbernal/tt-metal/model_cache/meta-llama/Llama-3.3-70B-Instruct/TG/tensor_cache_instruct_bfp8/layers.64.ffn_norm.weight_distributed_dtype_BFLOAT16_layout_ROW_MAJOR.tensorbin of shape Shape([1, 1, 64, 32])
 81%|████████▏ | 65/80 [03:59<00:55,  3.71s/it]2026-08-29 11:14:48.992 | DEBUG    | core:as_tensor:724 - Loaded cache for /proj_sw/user_dev/ctr-apbernal/tt-metal/model_cache/meta-llama/Llama-3.3-70B-Instruct/TG/tensor_cache_instruct_bfp8/layers.65.attention.wqkv_sharded_2d_prefetcher_dtype_BFLOAT8_B_layout_TILE.tensorbin of shape Shape([1, 1, 2048, 1280])
2026-08-29 11:14:49.264 | DEBUG    | core:as_tensor:724 - Loaded cache for /proj_sw/user_dev/ctr-apbernal/tt-metal/model_cache/meta-llama/Llama-3.3-70B-Instruct/TG/tensor_cache_instruct_bfp8/layers.65.attention.wqkv_sharded_2d_dram_dtype_BFLOAT8_B_layout_TILE.tensorbin of shape Shape([1, 1, 2048, 1280])
2026-08-29 11:14:49.603 | DEBUG    | core:as_tensor:724 - Loaded cache for /proj_sw/user_dev/ctr-apbernal/tt-metal/model_cache/meta-llama/Llama-3.3-70B-Instruct/TG/tensor_cache_instruct_bfp8/layers.65.attention.wo_width_sharded_2d_prefetcher_dtype_BFLOAT8_B_layout_TILE.tensorbin of shape Shape([1, 1, 1024, 2048])
2026-08-29 11:14:49.757 | DEBUG    | core:as_tensor:724 - Loaded cache for /proj_sw/user_dev/ctr-apbernal/tt-metal/model_cache/meta-llama/Llama-3.3-70B-Instruct/TG/tensor_cache_instruct_bfp8/layers.65.attention.wo_width_sharded_2d_dram_dtype_BFLOAT8_B_layout_TILE.tensorbin of shape Shape([1, 1, 1024, 2048])
2026-08-29 11:14:50.017 | DEBUG    | core:as_tensor:724 - Loaded cache for /proj_sw/user_dev/ctr-apbernal/tt-metal/model_cache/meta-llama/Llama-3.3-70B-Instruct/TG/tensor_cache_instruct_bfp8/layers.65.attention.wo_col_sharded_dram_dtype_BFLOAT8_B_layout_TILE.tensorbin of shape Shape([1, 1, 8192, 2048])
2026-08-29 11:14:50.032 | DEBUG    | core:as_tensor:724 - Loaded cache for /proj_sw/user_dev/ctr-apbernal/tt-metal/model_cache/meta-llama/Llama-3.3-70B-Instruct/TG/tensor_cache_instruct_bfp8/kvcache_torch.Size([2048, 1, 64, 128])_dtype_BFLOAT8_B_layout_TILE.tensorbin of shape Shape([2048, 1, 64, 128])
2026-08-29 11:14:50.041 | DEBUG    | core:as_tensor:724 - Loaded cache for /proj_sw/user_dev/ctr-apbernal/tt-metal/model_cache/meta-llama/Llama-3.3-70B-Instruct/TG/tensor_cache_instruct_bfp8/kvcache_torch.Size([2048, 1, 64, 128])_dtype_BFLOAT8_B_layout_TILE.tensorbin of shape Shape([2048, 1, 64, 128])
2026-08-29 11:14:50.541 | DEBUG    | core:as_tensor:724 - Loaded cache for /proj_sw/user_dev/ctr-apbernal/tt-metal/model_cache/meta-llama/Llama-3.3-70B-Instruct/TG/tensor_cache_instruct_bfp8/layers.65.feed_forward.w1_shardedprefetcher_dtype_BFLOAT4_B_layout_TILE.tensorbin of shape Shape([1, 1, 2048, 3584])
2026-08-29 11:14:51.084 | DEBUG    | core:as_tensor:724 - Loaded cache for /proj_sw/user_dev/ctr-apbernal/tt-metal/model_cache/meta-llama/Llama-3.3-70B-Instruct/TG/tensor_cache_instruct_bfp8/layers.65.feed_forward.w2_shardedprefetcher_dtype_BFLOAT8_B_layout_TILE.tensorbin of shape Shape([1, 1, 3584, 2048])
2026-08-29 11:14:51.392 | DEBUG    | core:as_tensor:724 - Loaded cache for /proj_sw/user_dev/ctr-apbernal/tt-metal/model_cache/meta-llama/Llama-3.3-70B-Instruct/TG/tensor_cache_instruct_bfp8/layers.65.feed_forward.w3_shardedprefetcher_dtype_BFLOAT4_B_layout_TILE.tensorbin of shape Shape([1, 1, 2048, 3584])
2026-08-29 11:14:51.677 | DEBUG    | core:as_tensor:724 - Loaded cache for /proj_sw/user_dev/ctr-apbernal/tt-metal/model_cache/meta-llama/Llama-3.3-70B-Instruct/TG/tensor_cache_instruct_bfp8/layers.65.feed_forward.w1_interleavedprefetcher_dtype_BFLOAT4_B_layout_TILE.tensorbin of shape Shape([1, 1, 2048, 3584])
2026-08-29 11:14:52.208 | DEBUG    | core:as_tensor:724 - Loaded cache for /proj_sw/user_dev/ctr-apbernal/tt-metal/model_cache/meta-llama/Llama-3.3-70B-Instruct/TG/tensor_cache_instruct_bfp8/layers.65.feed_forward.w2_interleavedprefetcher_dtype_BFLOAT8_B_layout_TILE.tensorbin of shape Shape([1, 1, 3584, 2048])
2026-08-29 11:14:52.502 | DEBUG    | core:as_tensor:724 - Loaded cache for /proj_sw/user_dev/ctr-apbernal/tt-metal/model_cache/meta-llama/Llama-3.3-70B-Instruct/TG/tensor_cache_instruct_bfp8/layers.65.feed_forward.w3_interleavedprefetcher_dtype_BFLOAT4_B_layout_TILE.tensorbin of shape Shape([1, 1, 2048, 3584])
2026-08-29 11:14:52.505 | DEBUG    | core:as_tensor:724 - Loaded cache for /proj_sw/user_dev/ctr-apbernal/tt-metal/model_cache/meta-llama/Llama-3.3-70B-Instruct/TG/tensor_cache_instruct_bfp8/layers.65.attention_norm.weight_dtype_BFLOAT16_layout_ROW_MAJOR.tensorbin of shape Shape([1, 1, 256, 32])
2026-08-29 11:14:52.508 | DEBUG    | core:as_tensor:724 - Loaded cache for /proj_sw/user_dev/ctr-apbernal/tt-metal/model_cache/meta-llama/Llama-3.3-70B-Instruct/TG/tensor_cache_instruct_bfp8/layers.65.attention_norm.weight_distributed_dtype_BFLOAT16_layout_ROW_MAJOR.tensorbin of shape Shape([1, 1, 64, 32])
2026-08-29 11:14:52.510 | DEBUG    | core:as_tensor:724 - Loaded cache for /proj_sw/user_dev/ctr-apbernal/tt-metal/model_cache/meta-llama/Llama-3.3-70B-Instruct/TG/tensor_cache_instruct_bfp8/layers.65.ffn_norm.weight_dtype_BFLOAT16_layout_ROW_MAJOR.tensorbin of shape Shape([1, 1, 256, 32])
2026-08-29 11:14:52.513 | DEBUG    | core:as_tensor:724 - Loaded cache for /proj_sw/user_dev/ctr-apbernal/tt-metal/model_cache/meta-llama/Llama-3.3-70B-Instruct/TG/tensor_cache_instruct_bfp8/layers.65.ffn_norm.weight_distributed_dtype_BFLOAT16_layout_ROW_MAJOR.tensorbin of shape Shape([1, 1, 64, 32])
 82%|████████▎ | 66/80 [04:03<00:52,  3.77s/it]2026-08-29 11:14:52.758 | DEBUG    | core:as_tensor:724 - Loaded cache for /proj_sw/user_dev/ctr-apbernal/tt-metal/model_cache/meta-llama/Llama-3.3-70B-Instruct/TG/tensor_cache_instruct_bfp8/layers.66.attention.wqkv_sharded_2d_prefetcher_dtype_BFLOAT8_B_layout_TILE.tensorbin of shape Shape([1, 1, 2048, 1280])
2026-08-29 11:14:52.996 | DEBUG    | core:as_tensor:724 - Loaded cache for /proj_sw/user_dev/ctr-apbernal/tt-metal/model_cache/meta-llama/Llama-3.3-70B-Instruct/TG/tensor_cache_instruct_bfp8/layers.66.attention.wqkv_sharded_2d_dram_dtype_BFLOAT8_B_layout_TILE.tensorbin of shape Shape([1, 1, 2048, 1280])
2026-08-29 11:14:53.153 | DEBUG    | core:as_tensor:724 - Loaded cache for /proj_sw/user_dev/ctr-apbernal/tt-metal/model_cache/meta-llama/Llama-3.3-70B-Instruct/TG/tensor_cache_instruct_bfp8/layers.66.attention.wo_width_sharded_2d_prefetcher_dtype_BFLOAT8_B_layout_TILE.tensorbin of shape Shape([1, 1, 1024, 2048])
2026-08-29 11:14:53.495 | DEBUG    | core:as_tensor:724 - Loaded cache for /proj_sw/user_dev/ctr-apbernal/tt-metal/model_cache/meta-llama/Llama-3.3-70B-Instruct/TG/tensor_cache_instruct_bfp8/layers.66.attention.wo_width_sharded_2d_dram_dtype_BFLOAT8_B_layout_TILE.tensorbin of shape Shape([1, 1, 1024, 2048])
2026-08-29 11:14:53.669 | DEBUG    | core:as_tensor:724 - Loaded cache for /proj_sw/user_dev/ctr-apbernal/tt-metal/model_cache/meta-llama/Llama-3.3-70B-Instruct/TG/tensor_cache_instruct_bfp8/layers.66.attention.wo_col_sharded_dram_dtype_BFLOAT8_B_layout_TILE.tensorbin of shape Shape([1, 1, 8192, 2048])
2026-08-29 11:14:53.685 | DEBUG    | core:as_tensor:724 - Loaded cache for /proj_sw/user_dev/ctr-apbernal/tt-metal/model_cache/meta-llama/Llama-3.3-70B-Instruct/TG/tensor_cache_instruct_bfp8/kvcache_torch.Size([2048, 1, 64, 128])_dtype_BFLOAT8_B_layout_TILE.tensorbin of shape Shape([2048, 1, 64, 128])
2026-08-29 11:14:53.693 | DEBUG    | core:as_tensor:724 - Loaded cache for /proj_sw/user_dev/ctr-apbernal/tt-metal/model_cache/meta-llama/Llama-3.3-70B-Instruct/TG/tensor_cache_instruct_bfp8/kvcache_torch.Size([2048, 1, 64, 128])_dtype_BFLOAT8_B_layout_TILE.tensorbin of shape Shape([2048, 1, 64, 128])
2026-08-29 11:14:54.014 | DEBUG    | core:as_tensor:724 - Loaded cache for /proj_sw/user_dev/ctr-apbernal/tt-metal/model_cache/meta-llama/Llama-3.3-70B-Instruct/TG/tensor_cache_instruct_bfp8/layers.66.feed_forward.w1_shardedprefetcher_dtype_BFLOAT4_B_layout_TILE.tensorbin of shape Shape([1, 1, 2048, 3584])
2026-08-29 11:14:54.544 | DEBUG    | core:as_tensor:724 - Loaded cache for /proj_sw/user_dev/ctr-apbernal/tt-metal/model_cache/meta-llama/Llama-3.3-70B-Instruct/TG/tensor_cache_instruct_bfp8/layers.66.feed_forward.w2_shardedprefetcher_dtype_BFLOAT8_B_layout_TILE.tensorbin of shape Shape([1, 1, 3584, 2048])
2026-08-29 11:14:54.847 | DEBUG    | core:as_tensor:724 - Loaded cache for /proj_sw/user_dev/ctr-apbernal/tt-metal/model_cache/meta-llama/Llama-3.3-70B-Instruct/TG/tensor_cache_instruct_bfp8/layers.66.feed_forward.w3_shardedprefetcher_dtype_BFLOAT4_B_layout_TILE.tensorbin of shape Shape([1, 1, 2048, 3584])
2026-08-29 11:14:55.144 | DEBUG    | core:as_tensor:724 - Loaded cache for /proj_sw/user_dev/ctr-apbernal/tt-metal/model_cache/meta-llama/Llama-3.3-70B-Instruct/TG/tensor_cache_instruct_bfp8/layers.66.feed_forward.w1_interleavedprefetcher_dtype_BFLOAT4_B_layout_TILE.tensorbin of shape Shape([1, 1, 2048, 3584])
2026-08-29 11:14:55.679 | DEBUG    | core:as_tensor:724 - Loaded cache for /proj_sw/user_dev/ctr-apbernal/tt-metal/model_cache/meta-llama/Llama-3.3-70B-Instruct/TG/tensor_cache_instruct_bfp8/layers.66.feed_forward.w2_interleavedprefetcher_dtype_BFLOAT8_B_layout_TILE.tensorbin of shape Shape([1, 1, 3584, 2048])
2026-08-29 11:14:55.979 | DEBUG    | core:as_tensor:724 - Loaded cache for /proj_sw/user_dev/ctr-apbernal/tt-metal/model_cache/meta-llama/Llama-3.3-70B-Instruct/TG/tensor_cache_instruct_bfp8/layers.66.feed_forward.w3_interleavedprefetcher_dtype_BFLOAT4_B_layout_TILE.tensorbin of shape Shape([1, 1, 2048, 3584])
2026-08-29 11:14:55.983 | DEBUG    | core:as_tensor:724 - Loaded cache for /proj_sw/user_dev/ctr-apbernal/tt-metal/model_cache/meta-llama/Llama-3.3-70B-Instruct/TG/tensor_cache_instruct_bfp8/layers.66.attention_norm.weight_dtype_BFLOAT16_layout_ROW_MAJOR.tensorbin of shape Shape([1, 1, 256, 32])
2026-08-29 11:14:55.986 | DEBUG    | core:as_tensor:724 - Loaded cache for /proj_sw/user_dev/ctr-apbernal/tt-metal/model_cache/meta-llama/Llama-3.3-70B-Instruct/TG/tensor_cache_instruct_bfp8/layers.66.attention_norm.weight_distributed_dtype_BFLOAT16_layout_ROW_MAJOR.tensorbin of shape Shape([1, 1, 64, 32])
2026-08-29 11:14:55.988 | DEBUG    | core:as_tensor:724 - Loaded cache for /proj_sw/user_dev/ctr-apbernal/tt-metal/model_cache/meta-llama/Llama-3.3-70B-Instruct/TG/tensor_cache_instruct_bfp8/layers.66.ffn_norm.weight_dtype_BFLOAT16_layout_ROW_MAJOR.tensorbin of shape Shape([1, 1, 256, 32])
2026-08-29 11:14:55.991 | DEBUG    | core:as_tensor:724 - Loaded cache for /proj_sw/user_dev/ctr-apbernal/tt-metal/model_cache/meta-llama/Llama-3.3-70B-Instruct/TG/tensor_cache_instruct_bfp8/layers.66.ffn_norm.weight_distributed_dtype_BFLOAT16_layout_ROW_MAJOR.tensorbin of shape Shape([1, 1, 64, 32])
 84%|████████▍ | 67/80 [04:06<00:47,  3.68s/it]2026-08-29 11:14:56.251 | DEBUG    | core:as_tensor:724 - Loaded cache for /proj_sw/user_dev/ctr-apbernal/tt-metal/model_cache/meta-llama/Llama-3.3-70B-Instruct/TG/tensor_cache_instruct_bfp8/layers.67.attention.wqkv_sharded_2d_prefetcher_dtype_BFLOAT8_B_layout_TILE.tensorbin of shape Shape([1, 1, 2048, 1280])
2026-08-29 11:14:56.509 | DEBUG    | core:as_tensor:724 - Loaded cache for /proj_sw/user_dev/ctr-apbernal/tt-metal/model_cache/meta-llama/Llama-3.3-70B-Instruct/TG/tensor_cache_instruct_bfp8/layers.67.attention.wqkv_sharded_2d_dram_dtype_BFLOAT8_B_layout_TILE.tensorbin of shape Shape([1, 1, 2048, 1280])
2026-08-29 11:14:56.836 | DEBUG    | core:as_tensor:724 - Loaded cache for /proj_sw/user_dev/ctr-apbernal/tt-metal/model_cache/meta-llama/Llama-3.3-70B-Instruct/TG/tensor_cache_instruct_bfp8/layers.67.attention.wo_width_sharded_2d_prefetcher_dtype_BFLOAT8_B_layout_TILE.tensorbin of shape Shape([1, 1, 1024, 2048])
2026-08-29 11:14:57.166 | DEBUG    | core:as_tensor:724 - Loaded cache for /proj_sw/user_dev/ctr-apbernal/tt-metal/model_cache/meta-llama/Llama-3.3-70B-Instruct/TG/tensor_cache_instruct_bfp8/layers.67.attention.wo_width_sharded_2d_dram_dtype_BFLOAT8_B_layout_TILE.tensorbin of shape Shape([1, 1, 1024, 2048])
2026-08-29 11:14:57.431 | DEBUG    | core:as_tensor:724 - Loaded cache for /proj_sw/user_dev/ctr-apbernal/tt-metal/model_cache/meta-llama/Llama-3.3-70B-Instruct/TG/tensor_cache_instruct_bfp8/layers.67.attention.wo_col_sharded_dram_dtype_BFLOAT8_B_layout_TILE.tensorbin of shape Shape([1, 1, 8192, 2048])
2026-08-29 11:14:57.446 | DEBUG    | core:as_tensor:724 - Loaded cache for /proj_sw/user_dev/ctr-apbernal/tt-metal/model_cache/meta-llama/Llama-3.3-70B-Instruct/TG/tensor_cache_instruct_bfp8/kvcache_torch.Size([2048, 1, 64, 128])_dtype_BFLOAT8_B_layout_TILE.tensorbin of shape Shape([2048, 1, 64, 128])
2026-08-29 11:14:57.454 | DEBUG    | core:as_tensor:724 - Loaded cache for /proj_sw/user_dev/ctr-apbernal/tt-metal/model_cache/meta-llama/Llama-3.3-70B-Instruct/TG/tensor_cache_instruct_bfp8/kvcache_torch.Size([2048, 1, 64, 128])_dtype_BFLOAT8_B_layout_TILE.tensorbin of shape Shape([2048, 1, 64, 128])
2026-08-29 11:14:57.801 | DEBUG    | core:as_tensor:724 - Loaded cache for /proj_sw/user_dev/ctr-apbernal/tt-metal/model_cache/meta-llama/Llama-3.3-70B-Instruct/TG/tensor_cache_instruct_bfp8/layers.67.feed_forward.w1_shardedprefetcher_dtype_BFLOAT4_B_layout_TILE.tensorbin of shape Shape([1, 1, 2048, 3584])
2026-08-29 11:14:58.338 | DEBUG    | core:as_tensor:724 - Loaded cache for /proj_sw/user_dev/ctr-apbernal/tt-metal/model_cache/meta-llama/Llama-3.3-70B-Instruct/TG/tensor_cache_instruct_bfp8/layers.67.feed_forward.w2_shardedprefetcher_dtype_BFLOAT8_B_layout_TILE.tensorbin of shape Shape([1, 1, 3584, 2048])
2026-08-29 11:14:58.636 | DEBUG    | core:as_tensor:724 - Loaded cache for /proj_sw/user_dev/ctr-apbernal/tt-metal/model_cache/meta-llama/Llama-3.3-70B-Instruct/TG/tensor_cache_instruct_bfp8/layers.67.feed_forward.w3_shardedprefetcher_dtype_BFLOAT4_B_layout_TILE.tensorbin of shape Shape([1, 1, 2048, 3584])
2026-08-29 11:14:58.923 | DEBUG    | core:as_tensor:724 - Loaded cache for /proj_sw/user_dev/ctr-apbernal/tt-metal/model_cache/meta-llama/Llama-3.3-70B-Instruct/TG/tensor_cache_instruct_bfp8/layers.67.feed_forward.w1_interleavedprefetcher_dtype_BFLOAT4_B_layout_TILE.tensorbin of shape Shape([1, 1, 2048, 3584])
2026-08-29 11:14:59.459 | DEBUG    | core:as_tensor:724 - Loaded cache for /proj_sw/user_dev/ctr-apbernal/tt-metal/model_cache/meta-llama/Llama-3.3-70B-Instruct/TG/tensor_cache_instruct_bfp8/layers.67.feed_forward.w2_interleavedprefetcher_dtype_BFLOAT8_B_layout_TILE.tensorbin of shape Shape([1, 1, 3584, 2048])
2026-08-29 11:14:59.754 | DEBUG    | core:as_tensor:724 - Loaded cache for /proj_sw/user_dev/ctr-apbernal/tt-metal/model_cache/meta-llama/Llama-3.3-70B-Instruct/TG/tensor_cache_instruct_bfp8/layers.67.feed_forward.w3_interleavedprefetcher_dtype_BFLOAT4_B_layout_TILE.tensorbin of shape Shape([1, 1, 2048, 3584])
2026-08-29 11:14:59.758 | DEBUG    | core:as_tensor:724 - Loaded cache for /proj_sw/user_dev/ctr-apbernal/tt-metal/model_cache/meta-llama/Llama-3.3-70B-Instruct/TG/tensor_cache_instruct_bfp8/layers.67.attention_norm.weight_dtype_BFLOAT16_layout_ROW_MAJOR.tensorbin of shape Shape([1, 1, 256, 32])
2026-08-29 11:14:59.760 | DEBUG    | core:as_tensor:724 - Loaded cache for /proj_sw/user_dev/ctr-apbernal/tt-metal/model_cache/meta-llama/Llama-3.3-70B-Instruct/TG/tensor_cache_instruct_bfp8/layers.67.attention_norm.weight_distributed_dtype_BFLOAT16_layout_ROW_MAJOR.tensorbin of shape Shape([1, 1, 64, 32])
2026-08-29 11:14:59.763 | DEBUG    | core:as_tensor:724 - Loaded cache for /proj_sw/user_dev/ctr-apbernal/tt-metal/model_cache/meta-llama/Llama-3.3-70B-Instruct/TG/tensor_cache_instruct_bfp8/layers.67.ffn_norm.weight_dtype_BFLOAT16_layout_ROW_MAJOR.tensorbin of shape Shape([1, 1, 256, 32])
2026-08-29 11:14:59.765 | DEBUG    | core:as_tensor:724 - Loaded cache for /proj_sw/user_dev/ctr-apbernal/tt-metal/model_cache/meta-llama/Llama-3.3-70B-Instruct/TG/tensor_cache_instruct_bfp8/layers.67.ffn_norm.weight_distributed_dtype_BFLOAT16_layout_ROW_MAJOR.tensorbin of shape Shape([1, 1, 64, 32])
 85%|████████▌ | 68/80 [04:10<00:44,  3.71s/it]2026-08-29 11:15:00.169 | DEBUG    | core:as_tensor:724 - Loaded cache for /proj_sw/user_dev/ctr-apbernal/tt-metal/model_cache/meta-llama/Llama-3.3-70B-Instruct/TG/tensor_cache_instruct_bfp8/layers.68.attention.wqkv_sharded_2d_prefetcher_dtype_BFLOAT8_B_layout_TILE.tensorbin of shape Shape([1, 1, 2048, 1280])
2026-08-29 11:15:00.354 | DEBUG    | core:as_tensor:724 - Loaded cache for /proj_sw/user_dev/ctr-apbernal/tt-metal/model_cache/meta-llama/Llama-3.3-70B-Instruct/TG/tensor_cache_instruct_bfp8/layers.68.attention.wqkv_sharded_2d_dram_dtype_BFLOAT8_B_layout_TILE.tensorbin of shape Shape([1, 1, 2048, 1280])
2026-08-29 11:15:00.639 | DEBUG    | core:as_tensor:724 - Loaded cache for /proj_sw/user_dev/ctr-apbernal/tt-metal/model_cache/meta-llama/Llama-3.3-70B-Instruct/TG/tensor_cache_instruct_bfp8/layers.68.attention.wo_width_sharded_2d_prefetcher_dtype_BFLOAT8_B_layout_TILE.tensorbin of shape Shape([1, 1, 1024, 2048])
2026-08-29 11:15:01.006 | DEBUG    | core:as_tensor:724 - Loaded cache for /proj_sw/user_dev/ctr-apbernal/tt-metal/model_cache/meta-llama/Llama-3.3-70B-Instruct/TG/tensor_cache_instruct_bfp8/layers.68.attention.wo_width_sharded_2d_dram_dtype_BFLOAT8_B_layout_TILE.tensorbin of shape Shape([1, 1, 1024, 2048])
2026-08-29 11:15:01.249 | DEBUG    | core:as_tensor:724 - Loaded cache for /proj_sw/user_dev/ctr-apbernal/tt-metal/model_cache/meta-llama/Llama-3.3-70B-Instruct/TG/tensor_cache_instruct_bfp8/layers.68.attention.wo_col_sharded_dram_dtype_BFLOAT8_B_layout_TILE.tensorbin of shape Shape([1, 1, 8192, 2048])
2026-08-29 11:15:01.265 | DEBUG    | core:as_tensor:724 - Loaded cache for /proj_sw/user_dev/ctr-apbernal/tt-metal/model_cache/meta-llama/Llama-3.3-70B-Instruct/TG/tensor_cache_instruct_bfp8/kvcache_torch.Size([2048, 1, 64, 128])_dtype_BFLOAT8_B_layout_TILE.tensorbin of shape Shape([2048, 1, 64, 128])
2026-08-29 11:15:01.273 | DEBUG    | core:as_tensor:724 - Loaded cache for /proj_sw/user_dev/ctr-apbernal/tt-metal/model_cache/meta-llama/Llama-3.3-70B-Instruct/TG/tensor_cache_instruct_bfp8/kvcache_torch.Size([2048, 1, 64, 128])_dtype_BFLOAT8_B_layout_TILE.tensorbin of shape Shape([2048, 1, 64, 128])
2026-08-29 11:15:01.664 | DEBUG    | core:as_tensor:724 - Loaded cache for /proj_sw/user_dev/ctr-apbernal/tt-metal/model_cache/meta-llama/Llama-3.3-70B-Instruct/TG/tensor_cache_instruct_bfp8/layers.68.feed_forward.w1_shardedprefetcher_dtype_BFLOAT4_B_layout_TILE.tensorbin of shape Shape([1, 1, 2048, 3584])
2026-08-29 11:15:02.196 | DEBUG    | core:as_tensor:724 - Loaded cache for /proj_sw/user_dev/ctr-apbernal/tt-metal/model_cache/meta-llama/Llama-3.3-70B-Instruct/TG/tensor_cache_instruct_bfp8/layers.68.feed_forward.w2_shardedprefetcher_dtype_BFLOAT8_B_layout_TILE.tensorbin of shape Shape([1, 1, 3584, 2048])
2026-08-29 11:15:02.500 | DEBUG    | core:as_tensor:724 - Loaded cache for /proj_sw/user_dev/ctr-apbernal/tt-metal/model_cache/meta-llama/Llama-3.3-70B-Instruct/TG/tensor_cache_instruct_bfp8/layers.68.feed_forward.w3_shardedprefetcher_dtype_BFLOAT4_B_layout_TILE.tensorbin of shape Shape([1, 1, 2048, 3584])
2026-08-29 11:15:02.798 | DEBUG    | core:as_tensor:724 - Loaded cache for /proj_sw/user_dev/ctr-apbernal/tt-metal/model_cache/meta-llama/Llama-3.3-70B-Instruct/TG/tensor_cache_instruct_bfp8/layers.68.feed_forward.w1_interleavedprefetcher_dtype_BFLOAT4_B_layout_TILE.tensorbin of shape Shape([1, 1, 2048, 3584])
2026-08-29 11:15:03.331 | DEBUG    | core:as_tensor:724 - Loaded cache for /proj_sw/user_dev/ctr-apbernal/tt-metal/model_cache/meta-llama/Llama-3.3-70B-Instruct/TG/tensor_cache_instruct_bfp8/layers.68.feed_forward.w2_interleavedprefetcher_dtype_BFLOAT8_B_layout_TILE.tensorbin of shape Shape([1, 1, 3584, 2048])
2026-08-29 11:15:03.624 | DEBUG    | core:as_tensor:724 - Loaded cache for /proj_sw/user_dev/ctr-apbernal/tt-metal/model_cache/meta-llama/Llama-3.3-70B-Instruct/TG/tensor_cache_instruct_bfp8/layers.68.feed_forward.w3_interleavedprefetcher_dtype_BFLOAT4_B_layout_TILE.tensorbin of shape Shape([1, 1, 2048, 3584])
2026-08-29 11:15:03.629 | DEBUG    | core:as_tensor:724 - Loaded cache for /proj_sw/user_dev/ctr-apbernal/tt-metal/model_cache/meta-llama/Llama-3.3-70B-Instruct/TG/tensor_cache_instruct_bfp8/layers.68.attention_norm.weight_dtype_BFLOAT16_layout_ROW_MAJOR.tensorbin of shape Shape([1, 1, 256, 32])
2026-08-29 11:15:03.632 | DEBUG    | core:as_tensor:724 - Loaded cache for /proj_sw/user_dev/ctr-apbernal/tt-metal/model_cache/meta-llama/Llama-3.3-70B-Instruct/TG/tensor_cache_instruct_bfp8/layers.68.attention_norm.weight_distributed_dtype_BFLOAT16_layout_ROW_MAJOR.tensorbin of shape Shape([1, 1, 64, 32])
2026-08-29 11:15:03.637 | DEBUG    | core:as_tensor:724 - Loaded cache for /proj_sw/user_dev/ctr-apbernal/tt-metal/model_cache/meta-llama/Llama-3.3-70B-Instruct/TG/tensor_cache_instruct_bfp8/layers.68.ffn_norm.weight_dtype_BFLOAT16_layout_ROW_MAJOR.tensorbin of shape Shape([1, 1, 256, 32])
2026-08-29 11:15:03.639 | DEBUG    | core:as_tensor:724 - Loaded cache for /proj_sw/user_dev/ctr-apbernal/tt-metal/model_cache/meta-llama/Llama-3.3-70B-Instruct/TG/tensor_cache_instruct_bfp8/layers.68.ffn_norm.weight_distributed_dtype_BFLOAT16_layout_ROW_MAJOR.tensorbin of shape Shape([1, 1, 64, 32])
 86%|████████▋ | 69/80 [04:14<00:41,  3.76s/it]2026-08-29 11:15:03.909 | DEBUG    | core:as_tensor:724 - Loaded cache for /proj_sw/user_dev/ctr-apbernal/tt-metal/model_cache/meta-llama/Llama-3.3-70B-Instruct/TG/tensor_cache_instruct_bfp8/layers.69.attention.wqkv_sharded_2d_prefetcher_dtype_BFLOAT8_B_layout_TILE.tensorbin of shape Shape([1, 1, 2048, 1280])
2026-08-29 11:15:04.166 | DEBUG    | core:as_tensor:724 - Loaded cache for /proj_sw/user_dev/ctr-apbernal/tt-metal/model_cache/meta-llama/Llama-3.3-70B-Instruct/TG/tensor_cache_instruct_bfp8/layers.69.attention.wqkv_sharded_2d_dram_dtype_BFLOAT8_B_layout_TILE.tensorbin of shape Shape([1, 1, 2048, 1280])
2026-08-29 11:15:04.461 | DEBUG    | core:as_tensor:724 - Loaded cache for /proj_sw/user_dev/ctr-apbernal/tt-metal/model_cache/meta-llama/Llama-3.3-70B-Instruct/TG/tensor_cache_instruct_bfp8/layers.69.attention.wo_width_sharded_2d_prefetcher_dtype_BFLOAT8_B_layout_TILE.tensorbin of shape Shape([1, 1, 1024, 2048])
2026-08-29 11:15:04.822 | DEBUG    | core:as_tensor:724 - Loaded cache for /proj_sw/user_dev/ctr-apbernal/tt-metal/model_cache/meta-llama/Llama-3.3-70B-Instruct/TG/tensor_cache_instruct_bfp8/layers.69.attention.wo_width_sharded_2d_dram_dtype_BFLOAT8_B_layout_TILE.tensorbin of shape Shape([1, 1, 1024, 2048])
2026-08-29 11:15:05.256 | DEBUG    | core:as_tensor:724 - Loaded cache for /proj_sw/user_dev/ctr-apbernal/tt-metal/model_cache/meta-llama/Llama-3.3-70B-Instruct/TG/tensor_cache_instruct_bfp8/layers.69.attention.wo_col_sharded_dram_dtype_BFLOAT8_B_layout_TILE.tensorbin of shape Shape([1, 1, 8192, 2048])
2026-08-29 11:15:05.272 | DEBUG    | core:as_tensor:724 - Loaded cache for /proj_sw/user_dev/ctr-apbernal/tt-metal/model_cache/meta-llama/Llama-3.3-70B-Instruct/TG/tensor_cache_instruct_bfp8/kvcache_torch.Size([2048, 1, 64, 128])_dtype_BFLOAT8_B_layout_TILE.tensorbin of shape Shape([2048, 1, 64, 128])
2026-08-29 11:15:05.282 | DEBUG    | core:as_tensor:724 - Loaded cache for /proj_sw/user_dev/ctr-apbernal/tt-metal/model_cache/meta-llama/Llama-3.3-70B-Instruct/TG/tensor_cache_instruct_bfp8/kvcache_torch.Size([2048, 1, 64, 128])_dtype_BFLOAT8_B_layout_TILE.tensorbin of shape Shape([2048, 1, 64, 128])
2026-08-29 11:15:05.598 | DEBUG    | core:as_tensor:724 - Loaded cache for /proj_sw/user_dev/ctr-apbernal/tt-metal/model_cache/meta-llama/Llama-3.3-70B-Instruct/TG/tensor_cache_instruct_bfp8/layers.69.feed_forward.w1_shardedprefetcher_dtype_BFLOAT4_B_layout_TILE.tensorbin of shape Shape([1, 1, 2048, 3584])
2026-08-29 11:15:06.138 | DEBUG    | core:as_tensor:724 - Loaded cache for /proj_sw/user_dev/ctr-apbernal/tt-metal/model_cache/meta-llama/Llama-3.3-70B-Instruct/TG/tensor_cache_instruct_bfp8/layers.69.feed_forward.w2_shardedprefetcher_dtype_BFLOAT8_B_layout_TILE.tensorbin of shape Shape([1, 1, 3584, 2048])
2026-08-29 11:15:06.446 | DEBUG    | core:as_tensor:724 - Loaded cache for /proj_sw/user_dev/ctr-apbernal/tt-metal/model_cache/meta-llama/Llama-3.3-70B-Instruct/TG/tensor_cache_instruct_bfp8/layers.69.feed_forward.w3_shardedprefetcher_dtype_BFLOAT4_B_layout_TILE.tensorbin of shape Shape([1, 1, 2048, 3584])
2026-08-29 11:15:06.756 | DEBUG    | core:as_tensor:724 - Loaded cache for /proj_sw/user_dev/ctr-apbernal/tt-metal/model_cache/meta-llama/Llama-3.3-70B-Instruct/TG/tensor_cache_instruct_bfp8/layers.69.feed_forward.w1_interleavedprefetcher_dtype_BFLOAT4_B_layout_TILE.tensorbin of shape Shape([1, 1, 2048, 3584])
2026-08-29 11:15:07.297 | DEBUG    | core:as_tensor:724 - Loaded cache for /proj_sw/user_dev/ctr-apbernal/tt-metal/model_cache/meta-llama/Llama-3.3-70B-Instruct/TG/tensor_cache_instruct_bfp8/layers.69.feed_forward.w2_interleavedprefetcher_dtype_BFLOAT8_B_layout_TILE.tensorbin of shape Shape([1, 1, 3584, 2048])
2026-08-29 11:15:07.593 | DEBUG    | core:as_tensor:724 - Loaded cache for /proj_sw/user_dev/ctr-apbernal/tt-metal/model_cache/meta-llama/Llama-3.3-70B-Instruct/TG/tensor_cache_instruct_bfp8/layers.69.feed_forward.w3_interleavedprefetcher_dtype_BFLOAT4_B_layout_TILE.tensorbin of shape Shape([1, 1, 2048, 3584])
2026-08-29 11:15:07.600 | DEBUG    | core:as_tensor:724 - Loaded cache for /proj_sw/user_dev/ctr-apbernal/tt-metal/model_cache/meta-llama/Llama-3.3-70B-Instruct/TG/tensor_cache_instruct_bfp8/layers.69.attention_norm.weight_dtype_BFLOAT16_layout_ROW_MAJOR.tensorbin of shape Shape([1, 1, 256, 32])
2026-08-29 11:15:07.606 | DEBUG    | core:as_tensor:724 - Loaded cache for /proj_sw/user_dev/ctr-apbernal/tt-metal/model_cache/meta-llama/Llama-3.3-70B-Instruct/TG/tensor_cache_instruct_bfp8/layers.69.attention_norm.weight_distributed_dtype_BFLOAT16_layout_ROW_MAJOR.tensorbin of shape Shape([1, 1, 64, 32])
2026-08-29 11:15:07.614 | DEBUG    | core:as_tensor:724 - Loaded cache for /proj_sw/user_dev/ctr-apbernal/tt-metal/model_cache/meta-llama/Llama-3.3-70B-Instruct/TG/tensor_cache_instruct_bfp8/layers.69.ffn_norm.weight_dtype_BFLOAT16_layout_ROW_MAJOR.tensorbin of shape Shape([1, 1, 256, 32])
2026-08-29 11:15:07.618 | DEBUG    | core:as_tensor:724 - Loaded cache for /proj_sw/user_dev/ctr-apbernal/tt-metal/model_cache/meta-llama/Llama-3.3-70B-Instruct/TG/tensor_cache_instruct_bfp8/layers.69.ffn_norm.weight_distributed_dtype_BFLOAT16_layout_ROW_MAJOR.tensorbin of shape Shape([1, 1, 64, 32])
 88%|████████▊ | 70/80 [04:18<00:38,  3.83s/it]2026-08-29 11:15:08.054 | DEBUG    | core:as_tensor:724 - Loaded cache for /proj_sw/user_dev/ctr-apbernal/tt-metal/model_cache/meta-llama/Llama-3.3-70B-Instruct/TG/tensor_cache_instruct_bfp8/layers.70.attention.wqkv_sharded_2d_prefetcher_dtype_BFLOAT8_B_layout_TILE.tensorbin of shape Shape([1, 1, 2048, 1280])
2026-08-29 11:15:08.457 | DEBUG    | core:as_tensor:724 - Loaded cache for /proj_sw/user_dev/ctr-apbernal/tt-metal/model_cache/meta-llama/Llama-3.3-70B-Instruct/TG/tensor_cache_instruct_bfp8/layers.70.attention.wqkv_sharded_2d_dram_dtype_BFLOAT8_B_layout_TILE.tensorbin of shape Shape([1, 1, 2048, 1280])
2026-08-29 11:15:08.776 | DEBUG    | core:as_tensor:724 - Loaded cache for /proj_sw/user_dev/ctr-apbernal/tt-metal/model_cache/meta-llama/Llama-3.3-70B-Instruct/TG/tensor_cache_instruct_bfp8/layers.70.attention.wo_width_sharded_2d_prefetcher_dtype_BFLOAT8_B_layout_TILE.tensorbin of shape Shape([1, 1, 1024, 2048])
2026-08-29 11:15:09.141 | DEBUG    | core:as_tensor:724 - Loaded cache for /proj_sw/user_dev/ctr-apbernal/tt-metal/model_cache/meta-llama/Llama-3.3-70B-Instruct/TG/tensor_cache_instruct_bfp8/layers.70.attention.wo_width_sharded_2d_dram_dtype_BFLOAT8_B_layout_TILE.tensorbin of shape Shape([1, 1, 1024, 2048])
2026-08-29 11:15:09.596 | DEBUG    | core:as_tensor:724 - Loaded cache for /proj_sw/user_dev/ctr-apbernal/tt-metal/model_cache/meta-llama/Llama-3.3-70B-Instruct/TG/tensor_cache_instruct_bfp8/layers.70.attention.wo_col_sharded_dram_dtype_BFLOAT8_B_layout_TILE.tensorbin of shape Shape([1, 1, 8192, 2048])
2026-08-29 11:15:09.611 | DEBUG    | core:as_tensor:724 - Loaded cache for /proj_sw/user_dev/ctr-apbernal/tt-metal/model_cache/meta-llama/Llama-3.3-70B-Instruct/TG/tensor_cache_instruct_bfp8/kvcache_torch.Size([2048, 1, 64, 128])_dtype_BFLOAT8_B_layout_TILE.tensorbin of shape Shape([2048, 1, 64, 128])
2026-08-29 11:15:09.620 | DEBUG    | core:as_tensor:724 - Loaded cache for /proj_sw/user_dev/ctr-apbernal/tt-metal/model_cache/meta-llama/Llama-3.3-70B-Instruct/TG/tensor_cache_instruct_bfp8/kvcache_torch.Size([2048, 1, 64, 128])_dtype_BFLOAT8_B_layout_TILE.tensorbin of shape Shape([2048, 1, 64, 128])
2026-08-29 11:15:09.953 | DEBUG    | core:as_tensor:724 - Loaded cache for /proj_sw/user_dev/ctr-apbernal/tt-metal/model_cache/meta-llama/Llama-3.3-70B-Instruct/TG/tensor_cache_instruct_bfp8/layers.70.feed_forward.w1_shardedprefetcher_dtype_BFLOAT4_B_layout_TILE.tensorbin of shape Shape([1, 1, 2048, 3584])
2026-08-29 11:15:10.486 | DEBUG    | core:as_tensor:724 - Loaded cache for /proj_sw/user_dev/ctr-apbernal/tt-metal/model_cache/meta-llama/Llama-3.3-70B-Instruct/TG/tensor_cache_instruct_bfp8/layers.70.feed_forward.w2_shardedprefetcher_dtype_BFLOAT8_B_layout_TILE.tensorbin of shape Shape([1, 1, 3584, 2048])
2026-08-29 11:15:10.869 | DEBUG    | core:as_tensor:724 - Loaded cache for /proj_sw/user_dev/ctr-apbernal/tt-metal/model_cache/meta-llama/Llama-3.3-70B-Instruct/TG/tensor_cache_instruct_bfp8/layers.70.feed_forward.w3_shardedprefetcher_dtype_BFLOAT4_B_layout_TILE.tensorbin of shape Shape([1, 1, 2048, 3584])
2026-08-29 11:15:11.176 | DEBUG    | core:as_tensor:724 - Loaded cache for /proj_sw/user_dev/ctr-apbernal/tt-metal/model_cache/meta-llama/Llama-3.3-70B-Instruct/TG/tensor_cache_instruct_bfp8/layers.70.feed_forward.w1_interleavedprefetcher_dtype_BFLOAT4_B_layout_TILE.tensorbin of shape Shape([1, 1, 2048, 3584])
2026-08-29 11:15:11.716 | DEBUG    | core:as_tensor:724 - Loaded cache for /proj_sw/user_dev/ctr-apbernal/tt-metal/model_cache/meta-llama/Llama-3.3-70B-Instruct/TG/tensor_cache_instruct_bfp8/layers.70.feed_forward.w2_interleavedprefetcher_dtype_BFLOAT8_B_layout_TILE.tensorbin of shape Shape([1, 1, 3584, 2048])
2026-08-29 11:15:12.027 | DEBUG    | core:as_tensor:724 - Loaded cache for /proj_sw/user_dev/ctr-apbernal/tt-metal/model_cache/meta-llama/Llama-3.3-70B-Instruct/TG/tensor_cache_instruct_bfp8/layers.70.feed_forward.w3_interleavedprefetcher_dtype_BFLOAT4_B_layout_TILE.tensorbin of shape Shape([1, 1, 2048, 3584])
2026-08-29 11:15:12.030 | DEBUG    | core:as_tensor:724 - Loaded cache for /proj_sw/user_dev/ctr-apbernal/tt-metal/model_cache/meta-llama/Llama-3.3-70B-Instruct/TG/tensor_cache_instruct_bfp8/layers.70.attention_norm.weight_dtype_BFLOAT16_layout_ROW_MAJOR.tensorbin of shape Shape([1, 1, 256, 32])
2026-08-29 11:15:12.033 | DEBUG    | core:as_tensor:724 - Loaded cache for /proj_sw/user_dev/ctr-apbernal/tt-metal/model_cache/meta-llama/Llama-3.3-70B-Instruct/TG/tensor_cache_instruct_bfp8/layers.70.attention_norm.weight_distributed_dtype_BFLOAT16_layout_ROW_MAJOR.tensorbin of shape Shape([1, 1, 64, 32])
2026-08-29 11:15:12.035 | DEBUG    | core:as_tensor:724 - Loaded cache for /proj_sw/user_dev/ctr-apbernal/tt-metal/model_cache/meta-llama/Llama-3.3-70B-Instruct/TG/tensor_cache_instruct_bfp8/layers.70.ffn_norm.weight_dtype_BFLOAT16_layout_ROW_MAJOR.tensorbin of shape Shape([1, 1, 256, 32])
2026-08-29 11:15:12.039 | DEBUG    | core:as_tensor:724 - Loaded cache for /proj_sw/user_dev/ctr-apbernal/tt-metal/model_cache/meta-llama/Llama-3.3-70B-Instruct/TG/tensor_cache_instruct_bfp8/layers.70.ffn_norm.weight_distributed_dtype_BFLOAT16_layout_ROW_MAJOR.tensorbin of shape Shape([1, 1, 64, 32])
 89%|████████▉ | 71/80 [04:22<00:36,  4.00s/it]2026-08-29 11:15:12.462 | DEBUG    | core:as_tensor:724 - Loaded cache for /proj_sw/user_dev/ctr-apbernal/tt-metal/model_cache/meta-llama/Llama-3.3-70B-Instruct/TG/tensor_cache_instruct_bfp8/layers.71.attention.wqkv_sharded_2d_prefetcher_dtype_BFLOAT8_B_layout_TILE.tensorbin of shape Shape([1, 1, 2048, 1280])
2026-08-29 11:15:12.700 | DEBUG    | core:as_tensor:724 - Loaded cache for /proj_sw/user_dev/ctr-apbernal/tt-metal/model_cache/meta-llama/Llama-3.3-70B-Instruct/TG/tensor_cache_instruct_bfp8/layers.71.attention.wqkv_sharded_2d_dram_dtype_BFLOAT8_B_layout_TILE.tensorbin of shape Shape([1, 1, 2048, 1280])
2026-08-29 11:15:13.061 | DEBUG    | core:as_tensor:724 - Loaded cache for /proj_sw/user_dev/ctr-apbernal/tt-metal/model_cache/meta-llama/Llama-3.3-70B-Instruct/TG/tensor_cache_instruct_bfp8/layers.71.attention.wo_width_sharded_2d_prefetcher_dtype_BFLOAT8_B_layout_TILE.tensorbin of shape Shape([1, 1, 1024, 2048])
2026-08-29 11:15:13.329 | DEBUG    | core:as_tensor:724 - Loaded cache for /proj_sw/user_dev/ctr-apbernal/tt-metal/model_cache/meta-llama/Llama-3.3-70B-Instruct/TG/tensor_cache_instruct_bfp8/layers.71.attention.wo_width_sharded_2d_dram_dtype_BFLOAT8_B_layout_TILE.tensorbin of shape Shape([1, 1, 1024, 2048])
2026-08-29 11:15:13.729 | DEBUG    | core:as_tensor:724 - Loaded cache for /proj_sw/user_dev/ctr-apbernal/tt-metal/model_cache/meta-llama/Llama-3.3-70B-Instruct/TG/tensor_cache_instruct_bfp8/layers.71.attention.wo_col_sharded_dram_dtype_BFLOAT8_B_layout_TILE.tensorbin of shape Shape([1, 1, 8192, 2048])
2026-08-29 11:15:13.745 | DEBUG    | core:as_tensor:724 - Loaded cache for /proj_sw/user_dev/ctr-apbernal/tt-metal/model_cache/meta-llama/Llama-3.3-70B-Instruct/TG/tensor_cache_instruct_bfp8/kvcache_torch.Size([2048, 1, 64, 128])_dtype_BFLOAT8_B_layout_TILE.tensorbin of shape Shape([2048, 1, 64, 128])
2026-08-29 11:15:13.753 | DEBUG    | core:as_tensor:724 - Loaded cache for /proj_sw/user_dev/ctr-apbernal/tt-metal/model_cache/meta-llama/Llama-3.3-70B-Instruct/TG/tensor_cache_instruct_bfp8/kvcache_torch.Size([2048, 1, 64, 128])_dtype_BFLOAT8_B_layout_TILE.tensorbin of shape Shape([2048, 1, 64, 128])
2026-08-29 11:15:14.166 | DEBUG    | core:as_tensor:724 - Loaded cache for /proj_sw/user_dev/ctr-apbernal/tt-metal/model_cache/meta-llama/Llama-3.3-70B-Instruct/TG/tensor_cache_instruct_bfp8/layers.71.feed_forward.w1_shardedprefetcher_dtype_BFLOAT4_B_layout_TILE.tensorbin of shape Shape([1, 1, 2048, 3584])
2026-08-29 11:15:14.707 | DEBUG    | core:as_tensor:724 - Loaded cache for /proj_sw/user_dev/ctr-apbernal/tt-metal/model_cache/meta-llama/Llama-3.3-70B-Instruct/TG/tensor_cache_instruct_bfp8/layers.71.feed_forward.w2_shardedprefetcher_dtype_BFLOAT8_B_layout_TILE.tensorbin of shape Shape([1, 1, 3584, 2048])
2026-08-29 11:15:15.013 | DEBUG    | core:as_tensor:724 - Loaded cache for /proj_sw/user_dev/ctr-apbernal/tt-metal/model_cache/meta-llama/Llama-3.3-70B-Instruct/TG/tensor_cache_instruct_bfp8/layers.71.feed_forward.w3_shardedprefetcher_dtype_BFLOAT4_B_layout_TILE.tensorbin of shape Shape([1, 1, 2048, 3584])
2026-08-29 11:15:15.333 | DEBUG    | core:as_tensor:724 - Loaded cache for /proj_sw/user_dev/ctr-apbernal/tt-metal/model_cache/meta-llama/Llama-3.3-70B-Instruct/TG/tensor_cache_instruct_bfp8/layers.71.feed_forward.w1_interleavedprefetcher_dtype_BFLOAT4_B_layout_TILE.tensorbin of shape Shape([1, 1, 2048, 3584])
2026-08-29 11:15:15.859 | DEBUG    | core:as_tensor:724 - Loaded cache for /proj_sw/user_dev/ctr-apbernal/tt-metal/model_cache/meta-llama/Llama-3.3-70B-Instruct/TG/tensor_cache_instruct_bfp8/layers.71.feed_forward.w2_interleavedprefetcher_dtype_BFLOAT8_B_layout_TILE.tensorbin of shape Shape([1, 1, 3584, 2048])
2026-08-29 11:15:16.312 | DEBUG    | core:as_tensor:724 - Loaded cache for /proj_sw/user_dev/ctr-apbernal/tt-metal/model_cache/meta-llama/Llama-3.3-70B-Instruct/TG/tensor_cache_instruct_bfp8/layers.71.feed_forward.w3_interleavedprefetcher_dtype_BFLOAT4_B_layout_TILE.tensorbin of shape Shape([1, 1, 2048, 3584])
2026-08-29 11:15:16.318 | DEBUG    | core:as_tensor:724 - Loaded cache for /proj_sw/user_dev/ctr-apbernal/tt-metal/model_cache/meta-llama/Llama-3.3-70B-Instruct/TG/tensor_cache_instruct_bfp8/layers.71.attention_norm.weight_dtype_BFLOAT16_layout_ROW_MAJOR.tensorbin of shape Shape([1, 1, 256, 32])
2026-08-29 11:15:16.322 | DEBUG    | core:as_tensor:724 - Loaded cache for /proj_sw/user_dev/ctr-apbernal/tt-metal/model_cache/meta-llama/Llama-3.3-70B-Instruct/TG/tensor_cache_instruct_bfp8/layers.71.attention_norm.weight_distributed_dtype_BFLOAT16_layout_ROW_MAJOR.tensorbin of shape Shape([1, 1, 64, 32])
2026-08-29 11:15:16.324 | DEBUG    | core:as_tensor:724 - Loaded cache for /proj_sw/user_dev/ctr-apbernal/tt-metal/model_cache/meta-llama/Llama-3.3-70B-Instruct/TG/tensor_cache_instruct_bfp8/layers.71.ffn_norm.weight_dtype_BFLOAT16_layout_ROW_MAJOR.tensorbin of shape Shape([1, 1, 256, 32])
2026-08-29 11:15:16.326 | DEBUG    | core:as_tensor:724 - Loaded cache for /proj_sw/user_dev/ctr-apbernal/tt-metal/model_cache/meta-llama/Llama-3.3-70B-Instruct/TG/tensor_cache_instruct_bfp8/layers.71.ffn_norm.weight_distributed_dtype_BFLOAT16_layout_ROW_MAJOR.tensorbin of shape Shape([1, 1, 64, 32])
 90%|█████████ | 72/80 [04:26<00:32,  4.09s/it]2026-08-29 11:15:16.761 | DEBUG    | core:as_tensor:724 - Loaded cache for /proj_sw/user_dev/ctr-apbernal/tt-metal/model_cache/meta-llama/Llama-3.3-70B-Instruct/TG/tensor_cache_instruct_bfp8/layers.72.attention.wqkv_sharded_2d_prefetcher_dtype_BFLOAT8_B_layout_TILE.tensorbin of shape Shape([1, 1, 2048, 1280])
2026-08-29 11:15:16.999 | DEBUG    | core:as_tensor:724 - Loaded cache for /proj_sw/user_dev/ctr-apbernal/tt-metal/model_cache/meta-llama/Llama-3.3-70B-Instruct/TG/tensor_cache_instruct_bfp8/layers.72.attention.wqkv_sharded_2d_dram_dtype_BFLOAT8_B_layout_TILE.tensorbin of shape Shape([1, 1, 2048, 1280])
2026-08-29 11:15:17.279 | DEBUG    | core:as_tensor:724 - Loaded cache for /proj_sw/user_dev/ctr-apbernal/tt-metal/model_cache/meta-llama/Llama-3.3-70B-Instruct/TG/tensor_cache_instruct_bfp8/layers.72.attention.wo_width_sharded_2d_prefetcher_dtype_BFLOAT8_B_layout_TILE.tensorbin of shape Shape([1, 1, 1024, 2048])
2026-08-29 11:15:17.506 | DEBUG    | core:as_tensor:724 - Loaded cache for /proj_sw/user_dev/ctr-apbernal/tt-metal/model_cache/meta-llama/Llama-3.3-70B-Instruct/TG/tensor_cache_instruct_bfp8/layers.72.attention.wo_width_sharded_2d_dram_dtype_BFLOAT8_B_layout_TILE.tensorbin of shape Shape([1, 1, 1024, 2048])
2026-08-29 11:15:17.746 | DEBUG    | core:as_tensor:724 - Loaded cache for /proj_sw/user_dev/ctr-apbernal/tt-metal/model_cache/meta-llama/Llama-3.3-70B-Instruct/TG/tensor_cache_instruct_bfp8/layers.72.attention.wo_col_sharded_dram_dtype_BFLOAT8_B_layout_TILE.tensorbin of shape Shape([1, 1, 8192, 2048])
2026-08-29 11:15:17.760 | DEBUG    | core:as_tensor:724 - Loaded cache for /proj_sw/user_dev/ctr-apbernal/tt-metal/model_cache/meta-llama/Llama-3.3-70B-Instruct/TG/tensor_cache_instruct_bfp8/kvcache_torch.Size([2048, 1, 64, 128])_dtype_BFLOAT8_B_layout_TILE.tensorbin of shape Shape([2048, 1, 64, 128])
2026-08-29 11:15:17.770 | DEBUG    | core:as_tensor:724 - Loaded cache for /proj_sw/user_dev/ctr-apbernal/tt-metal/model_cache/meta-llama/Llama-3.3-70B-Instruct/TG/tensor_cache_instruct_bfp8/kvcache_torch.Size([2048, 1, 64, 128])_dtype_BFLOAT8_B_layout_TILE.tensorbin of shape Shape([2048, 1, 64, 128])
2026-08-29 11:15:18.208 | DEBUG    | core:as_tensor:724 - Loaded cache for /proj_sw/user_dev/ctr-apbernal/tt-metal/model_cache/meta-llama/Llama-3.3-70B-Instruct/TG/tensor_cache_instruct_bfp8/layers.72.feed_forward.w1_shardedprefetcher_dtype_BFLOAT4_B_layout_TILE.tensorbin of shape Shape([1, 1, 2048, 3584])
2026-08-29 11:15:18.744 | DEBUG    | core:as_tensor:724 - Loaded cache for /proj_sw/user_dev/ctr-apbernal/tt-metal/model_cache/meta-llama/Llama-3.3-70B-Instruct/TG/tensor_cache_instruct_bfp8/layers.72.feed_forward.w2_shardedprefetcher_dtype_BFLOAT8_B_layout_TILE.tensorbin of shape Shape([1, 1, 3584, 2048])
2026-08-29 11:15:19.039 | DEBUG    | core:as_tensor:724 - Loaded cache for /proj_sw/user_dev/ctr-apbernal/tt-metal/model_cache/meta-llama/Llama-3.3-70B-Instruct/TG/tensor_cache_instruct_bfp8/layers.72.feed_forward.w3_shardedprefetcher_dtype_BFLOAT4_B_layout_TILE.tensorbin of shape Shape([1, 1, 2048, 3584])
2026-08-29 11:15:19.337 | DEBUG    | core:as_tensor:724 - Loaded cache for /proj_sw/user_dev/ctr-apbernal/tt-metal/model_cache/meta-llama/Llama-3.3-70B-Instruct/TG/tensor_cache_instruct_bfp8/layers.72.feed_forward.w1_interleavedprefetcher_dtype_BFLOAT4_B_layout_TILE.tensorbin of shape Shape([1, 1, 2048, 3584])
2026-08-29 11:15:19.875 | DEBUG    | core:as_tensor:724 - Loaded cache for /proj_sw/user_dev/ctr-apbernal/tt-metal/model_cache/meta-llama/Llama-3.3-70B-Instruct/TG/tensor_cache_instruct_bfp8/layers.72.feed_forward.w2_interleavedprefetcher_dtype_BFLOAT8_B_layout_TILE.tensorbin of shape Shape([1, 1, 3584, 2048])
2026-08-29 11:15:20.183 | DEBUG    | core:as_tensor:724 - Loaded cache for /proj_sw/user_dev/ctr-apbernal/tt-metal/model_cache/meta-llama/Llama-3.3-70B-Instruct/TG/tensor_cache_instruct_bfp8/layers.72.feed_forward.w3_interleavedprefetcher_dtype_BFLOAT4_B_layout_TILE.tensorbin of shape Shape([1, 1, 2048, 3584])
2026-08-29 11:15:20.188 | DEBUG    | core:as_tensor:724 - Loaded cache for /proj_sw/user_dev/ctr-apbernal/tt-metal/model_cache/meta-llama/Llama-3.3-70B-Instruct/TG/tensor_cache_instruct_bfp8/layers.72.attention_norm.weight_dtype_BFLOAT16_layout_ROW_MAJOR.tensorbin of shape Shape([1, 1, 256, 32])
2026-08-29 11:15:20.190 | DEBUG    | core:as_tensor:724 - Loaded cache for /proj_sw/user_dev/ctr-apbernal/tt-metal/model_cache/meta-llama/Llama-3.3-70B-Instruct/TG/tensor_cache_instruct_bfp8/layers.72.attention_norm.weight_distributed_dtype_BFLOAT16_layout_ROW_MAJOR.tensorbin of shape Shape([1, 1, 64, 32])
2026-08-29 11:15:20.193 | DEBUG    | core:as_tensor:724 - Loaded cache for /proj_sw/user_dev/ctr-apbernal/tt-metal/model_cache/meta-llama/Llama-3.3-70B-Instruct/TG/tensor_cache_instruct_bfp8/layers.72.ffn_norm.weight_dtype_BFLOAT16_layout_ROW_MAJOR.tensorbin of shape Shape([1, 1, 256, 32])
2026-08-29 11:15:20.198 | DEBUG    | core:as_tensor:724 - Loaded cache for /proj_sw/user_dev/ctr-apbernal/tt-metal/model_cache/meta-llama/Llama-3.3-70B-Instruct/TG/tensor_cache_instruct_bfp8/layers.72.ffn_norm.weight_distributed_dtype_BFLOAT16_layout_ROW_MAJOR.tensorbin of shape Shape([1, 1, 64, 32])
 91%|█████████▏| 73/80 [04:30<00:28,  4.02s/it]2026-08-29 11:15:20.447 | DEBUG    | core:as_tensor:724 - Loaded cache for /proj_sw/user_dev/ctr-apbernal/tt-metal/model_cache/meta-llama/Llama-3.3-70B-Instruct/TG/tensor_cache_instruct_bfp8/layers.73.attention.wqkv_sharded_2d_prefetcher_dtype_BFLOAT8_B_layout_TILE.tensorbin of shape Shape([1, 1, 2048, 1280])
2026-08-29 11:15:20.635 | DEBUG    | core:as_tensor:724 - Loaded cache for /proj_sw/user_dev/ctr-apbernal/tt-metal/model_cache/meta-llama/Llama-3.3-70B-Instruct/TG/tensor_cache_instruct_bfp8/layers.73.attention.wqkv_sharded_2d_dram_dtype_BFLOAT8_B_layout_TILE.tensorbin of shape Shape([1, 1, 2048, 1280])
2026-08-29 11:15:20.991 | DEBUG    | core:as_tensor:724 - Loaded cache for /proj_sw/user_dev/ctr-apbernal/tt-metal/model_cache/meta-llama/Llama-3.3-70B-Instruct/TG/tensor_cache_instruct_bfp8/layers.73.attention.wo_width_sharded_2d_prefetcher_dtype_BFLOAT8_B_layout_TILE.tensorbin of shape Shape([1, 1, 1024, 2048])
2026-08-29 11:15:21.238 | DEBUG    | core:as_tensor:724 - Loaded cache for /proj_sw/user_dev/ctr-apbernal/tt-metal/model_cache/meta-llama/Llama-3.3-70B-Instruct/TG/tensor_cache_instruct_bfp8/layers.73.attention.wo_width_sharded_2d_dram_dtype_BFLOAT8_B_layout_TILE.tensorbin of shape Shape([1, 1, 1024, 2048])
2026-08-29 11:15:21.538 | DEBUG    | core:as_tensor:724 - Loaded cache for /proj_sw/user_dev/ctr-apbernal/tt-metal/model_cache/meta-llama/Llama-3.3-70B-Instruct/TG/tensor_cache_instruct_bfp8/layers.73.attention.wo_col_sharded_dram_dtype_BFLOAT8_B_layout_TILE.tensorbin of shape Shape([1, 1, 8192, 2048])
2026-08-29 11:15:21.553 | DEBUG    | core:as_tensor:724 - Loaded cache for /proj_sw/user_dev/ctr-apbernal/tt-metal/model_cache/meta-llama/Llama-3.3-70B-Instruct/TG/tensor_cache_instruct_bfp8/kvcache_torch.Size([2048, 1, 64, 128])_dtype_BFLOAT8_B_layout_TILE.tensorbin of shape Shape([2048, 1, 64, 128])
2026-08-29 11:15:21.562 | DEBUG    | core:as_tensor:724 - Loaded cache for /proj_sw/user_dev/ctr-apbernal/tt-metal/model_cache/meta-llama/Llama-3.3-70B-Instruct/TG/tensor_cache_instruct_bfp8/kvcache_torch.Size([2048, 1, 64, 128])_dtype_BFLOAT8_B_layout_TILE.tensorbin of shape Shape([2048, 1, 64, 128])
2026-08-29 11:15:21.882 | DEBUG    | core:as_tensor:724 - Loaded cache for /proj_sw/user_dev/ctr-apbernal/tt-metal/model_cache/meta-llama/Llama-3.3-70B-Instruct/TG/tensor_cache_instruct_bfp8/layers.73.feed_forward.w1_shardedprefetcher_dtype_BFLOAT4_B_layout_TILE.tensorbin of shape Shape([1, 1, 2048, 3584])
2026-08-29 11:15:22.424 | DEBUG    | core:as_tensor:724 - Loaded cache for /proj_sw/user_dev/ctr-apbernal/tt-metal/model_cache/meta-llama/Llama-3.3-70B-Instruct/TG/tensor_cache_instruct_bfp8/layers.73.feed_forward.w2_shardedprefetcher_dtype_BFLOAT8_B_layout_TILE.tensorbin of shape Shape([1, 1, 3584, 2048])
2026-08-29 11:15:22.735 | DEBUG    | core:as_tensor:724 - Loaded cache for /proj_sw/user_dev/ctr-apbernal/tt-metal/model_cache/meta-llama/Llama-3.3-70B-Instruct/TG/tensor_cache_instruct_bfp8/layers.73.feed_forward.w3_shardedprefetcher_dtype_BFLOAT4_B_layout_TILE.tensorbin of shape Shape([1, 1, 2048, 3584])
2026-08-29 11:15:23.038 | DEBUG    | core:as_tensor:724 - Loaded cache for /proj_sw/user_dev/ctr-apbernal/tt-metal/model_cache/meta-llama/Llama-3.3-70B-Instruct/TG/tensor_cache_instruct_bfp8/layers.73.feed_forward.w1_interleavedprefetcher_dtype_BFLOAT4_B_layout_TILE.tensorbin of shape Shape([1, 1, 2048, 3584])
2026-08-29 11:15:23.577 | DEBUG    | core:as_tensor:724 - Loaded cache for /proj_sw/user_dev/ctr-apbernal/tt-metal/model_cache/meta-llama/Llama-3.3-70B-Instruct/TG/tensor_cache_instruct_bfp8/layers.73.feed_forward.w2_interleavedprefetcher_dtype_BFLOAT8_B_layout_TILE.tensorbin of shape Shape([1, 1, 3584, 2048])
2026-08-29 11:15:23.891 | DEBUG    | core:as_tensor:724 - Loaded cache for /proj_sw/user_dev/ctr-apbernal/tt-metal/model_cache/meta-llama/Llama-3.3-70B-Instruct/TG/tensor_cache_instruct_bfp8/layers.73.feed_forward.w3_interleavedprefetcher_dtype_BFLOAT4_B_layout_TILE.tensorbin of shape Shape([1, 1, 2048, 3584])
2026-08-29 11:15:23.894 | DEBUG    | core:as_tensor:724 - Loaded cache for /proj_sw/user_dev/ctr-apbernal/tt-metal/model_cache/meta-llama/Llama-3.3-70B-Instruct/TG/tensor_cache_instruct_bfp8/layers.73.attention_norm.weight_dtype_BFLOAT16_layout_ROW_MAJOR.tensorbin of shape Shape([1, 1, 256, 32])
2026-08-29 11:15:23.897 | DEBUG    | core:as_tensor:724 - Loaded cache for /proj_sw/user_dev/ctr-apbernal/tt-metal/model_cache/meta-llama/Llama-3.3-70B-Instruct/TG/tensor_cache_instruct_bfp8/layers.73.attention_norm.weight_distributed_dtype_BFLOAT16_layout_ROW_MAJOR.tensorbin of shape Shape([1, 1, 64, 32])
2026-08-29 11:15:23.899 | DEBUG    | core:as_tensor:724 - Loaded cache for /proj_sw/user_dev/ctr-apbernal/tt-metal/model_cache/meta-llama/Llama-3.3-70B-Instruct/TG/tensor_cache_instruct_bfp8/layers.73.ffn_norm.weight_dtype_BFLOAT16_layout_ROW_MAJOR.tensorbin of shape Shape([1, 1, 256, 32])
2026-08-29 11:15:23.901 | DEBUG    | core:as_tensor:724 - Loaded cache for /proj_sw/user_dev/ctr-apbernal/tt-metal/model_cache/meta-llama/Llama-3.3-70B-Instruct/TG/tensor_cache_instruct_bfp8/layers.73.ffn_norm.weight_distributed_dtype_BFLOAT16_layout_ROW_MAJOR.tensorbin of shape Shape([1, 1, 64, 32])
 92%|█████████▎| 74/80 [04:34<00:23,  3.93s/it]2026-08-29 11:15:24.201 | DEBUG    | core:as_tensor:724 - Loaded cache for /proj_sw/user_dev/ctr-apbernal/tt-metal/model_cache/meta-llama/Llama-3.3-70B-Instruct/TG/tensor_cache_instruct_bfp8/layers.74.attention.wqkv_sharded_2d_prefetcher_dtype_BFLOAT8_B_layout_TILE.tensorbin of shape Shape([1, 1, 2048, 1280])
2026-08-29 11:15:24.425 | DEBUG    | core:as_tensor:724 - Loaded cache for /proj_sw/user_dev/ctr-apbernal/tt-metal/model_cache/meta-llama/Llama-3.3-70B-Instruct/TG/tensor_cache_instruct_bfp8/layers.74.attention.wqkv_sharded_2d_dram_dtype_BFLOAT8_B_layout_TILE.tensorbin of shape Shape([1, 1, 2048, 1280])
2026-08-29 11:15:24.757 | DEBUG    | core:as_tensor:724 - Loaded cache for /proj_sw/user_dev/ctr-apbernal/tt-metal/model_cache/meta-llama/Llama-3.3-70B-Instruct/TG/tensor_cache_instruct_bfp8/layers.74.attention.wo_width_sharded_2d_prefetcher_dtype_BFLOAT8_B_layout_TILE.tensorbin of shape Shape([1, 1, 1024, 2048])
2026-08-29 11:15:25.067 | DEBUG    | core:as_tensor:724 - Loaded cache for /proj_sw/user_dev/ctr-apbernal/tt-metal/model_cache/meta-llama/Llama-3.3-70B-Instruct/TG/tensor_cache_instruct_bfp8/layers.74.attention.wo_width_sharded_2d_dram_dtype_BFLOAT8_B_layout_TILE.tensorbin of shape Shape([1, 1, 1024, 2048])
2026-08-29 11:15:25.372 | DEBUG    | core:as_tensor:724 - Loaded cache for /proj_sw/user_dev/ctr-apbernal/tt-metal/model_cache/meta-llama/Llama-3.3-70B-Instruct/TG/tensor_cache_instruct_bfp8/layers.74.attention.wo_col_sharded_dram_dtype_BFLOAT8_B_layout_TILE.tensorbin of shape Shape([1, 1, 8192, 2048])
2026-08-29 11:15:25.387 | DEBUG    | core:as_tensor:724 - Loaded cache for /proj_sw/user_dev/ctr-apbernal/tt-metal/model_cache/meta-llama/Llama-3.3-70B-Instruct/TG/tensor_cache_instruct_bfp8/kvcache_torch.Size([2048, 1, 64, 128])_dtype_BFLOAT8_B_layout_TILE.tensorbin of shape Shape([2048, 1, 64, 128])
2026-08-29 11:15:25.395 | DEBUG    | core:as_tensor:724 - Loaded cache for /proj_sw/user_dev/ctr-apbernal/tt-metal/model_cache/meta-llama/Llama-3.3-70B-Instruct/TG/tensor_cache_instruct_bfp8/kvcache_torch.Size([2048, 1, 64, 128])_dtype_BFLOAT8_B_layout_TILE.tensorbin of shape Shape([2048, 1, 64, 128])
2026-08-29 11:15:25.707 | DEBUG    | core:as_tensor:724 - Loaded cache for /proj_sw/user_dev/ctr-apbernal/tt-metal/model_cache/meta-llama/Llama-3.3-70B-Instruct/TG/tensor_cache_instruct_bfp8/layers.74.feed_forward.w1_shardedprefetcher_dtype_BFLOAT4_B_layout_TILE.tensorbin of shape Shape([1, 1, 2048, 3584])
2026-08-29 11:15:26.233 | DEBUG    | core:as_tensor:724 - Loaded cache for /proj_sw/user_dev/ctr-apbernal/tt-metal/model_cache/meta-llama/Llama-3.3-70B-Instruct/TG/tensor_cache_instruct_bfp8/layers.74.feed_forward.w2_shardedprefetcher_dtype_BFLOAT8_B_layout_TILE.tensorbin of shape Shape([1, 1, 3584, 2048])
2026-08-29 11:15:26.542 | DEBUG    | core:as_tensor:724 - Loaded cache for /proj_sw/user_dev/ctr-apbernal/tt-metal/model_cache/meta-llama/Llama-3.3-70B-Instruct/TG/tensor_cache_instruct_bfp8/layers.74.feed_forward.w3_shardedprefetcher_dtype_BFLOAT4_B_layout_TILE.tensorbin of shape Shape([1, 1, 2048, 3584])
2026-08-29 11:15:26.833 | DEBUG    | core:as_tensor:724 - Loaded cache for /proj_sw/user_dev/ctr-apbernal/tt-metal/model_cache/meta-llama/Llama-3.3-70B-Instruct/TG/tensor_cache_instruct_bfp8/layers.74.feed_forward.w1_interleavedprefetcher_dtype_BFLOAT4_B_layout_TILE.tensorbin of shape Shape([1, 1, 2048, 3584])
2026-08-29 11:15:27.352 | DEBUG    | core:as_tensor:724 - Loaded cache for /proj_sw/user_dev/ctr-apbernal/tt-metal/model_cache/meta-llama/Llama-3.3-70B-Instruct/TG/tensor_cache_instruct_bfp8/layers.74.feed_forward.w2_interleavedprefetcher_dtype_BFLOAT8_B_layout_TILE.tensorbin of shape Shape([1, 1, 3584, 2048])
2026-08-29 11:15:27.663 | DEBUG    | core:as_tensor:724 - Loaded cache for /proj_sw/user_dev/ctr-apbernal/tt-metal/model_cache/meta-llama/Llama-3.3-70B-Instruct/TG/tensor_cache_instruct_bfp8/layers.74.feed_forward.w3_interleavedprefetcher_dtype_BFLOAT4_B_layout_TILE.tensorbin of shape Shape([1, 1, 2048, 3584])
2026-08-29 11:15:27.666 | DEBUG    | core:as_tensor:724 - Loaded cache for /proj_sw/user_dev/ctr-apbernal/tt-metal/model_cache/meta-llama/Llama-3.3-70B-Instruct/TG/tensor_cache_instruct_bfp8/layers.74.attention_norm.weight_dtype_BFLOAT16_layout_ROW_MAJOR.tensorbin of shape Shape([1, 1, 256, 32])
2026-08-29 11:15:27.668 | DEBUG    | core:as_tensor:724 - Loaded cache for /proj_sw/user_dev/ctr-apbernal/tt-metal/model_cache/meta-llama/Llama-3.3-70B-Instruct/TG/tensor_cache_instruct_bfp8/layers.74.attention_norm.weight_distributed_dtype_BFLOAT16_layout_ROW_MAJOR.tensorbin of shape Shape([1, 1, 64, 32])
2026-08-29 11:15:27.671 | DEBUG    | core:as_tensor:724 - Loaded cache for /proj_sw/user_dev/ctr-apbernal/tt-metal/model_cache/meta-llama/Llama-3.3-70B-Instruct/TG/tensor_cache_instruct_bfp8/layers.74.ffn_norm.weight_dtype_BFLOAT16_layout_ROW_MAJOR.tensorbin of shape Shape([1, 1, 256, 32])
2026-08-29 11:15:27.673 | DEBUG    | core:as_tensor:724 - Loaded cache for /proj_sw/user_dev/ctr-apbernal/tt-metal/model_cache/meta-llama/Llama-3.3-70B-Instruct/TG/tensor_cache_instruct_bfp8/layers.74.ffn_norm.weight_distributed_dtype_BFLOAT16_layout_ROW_MAJOR.tensorbin of shape Shape([1, 1, 64, 32])
 94%|█████████▍| 75/80 [04:38<00:19,  3.88s/it]2026-08-29 11:15:28.059 | DEBUG    | core:as_tensor:724 - Loaded cache for /proj_sw/user_dev/ctr-apbernal/tt-metal/model_cache/meta-llama/Llama-3.3-70B-Instruct/TG/tensor_cache_instruct_bfp8/layers.75.attention.wqkv_sharded_2d_prefetcher_dtype_BFLOAT8_B_layout_TILE.tensorbin of shape Shape([1, 1, 2048, 1280])
2026-08-29 11:15:28.291 | DEBUG    | core:as_tensor:724 - Loaded cache for /proj_sw/user_dev/ctr-apbernal/tt-metal/model_cache/meta-llama/Llama-3.3-70B-Instruct/TG/tensor_cache_instruct_bfp8/layers.75.attention.wqkv_sharded_2d_dram_dtype_BFLOAT8_B_layout_TILE.tensorbin of shape Shape([1, 1, 2048, 1280])
2026-08-29 11:15:28.622 | DEBUG    | core:as_tensor:724 - Loaded cache for /proj_sw/user_dev/ctr-apbernal/tt-metal/model_cache/meta-llama/Llama-3.3-70B-Instruct/TG/tensor_cache_instruct_bfp8/layers.75.attention.wo_width_sharded_2d_prefetcher_dtype_BFLOAT8_B_layout_TILE.tensorbin of shape Shape([1, 1, 1024, 2048])
2026-08-29 11:15:28.779 | DEBUG    | core:as_tensor:724 - Loaded cache for /proj_sw/user_dev/ctr-apbernal/tt-metal/model_cache/meta-llama/Llama-3.3-70B-Instruct/TG/tensor_cache_instruct_bfp8/layers.75.attention.wo_width_sharded_2d_dram_dtype_BFLOAT8_B_layout_TILE.tensorbin of shape Shape([1, 1, 1024, 2048])
2026-08-29 11:15:28.996 | DEBUG    | core:as_tensor:724 - Loaded cache for /proj_sw/user_dev/ctr-apbernal/tt-metal/model_cache/meta-llama/Llama-3.3-70B-Instruct/TG/tensor_cache_instruct_bfp8/layers.75.attention.wo_col_sharded_dram_dtype_BFLOAT8_B_layout_TILE.tensorbin of shape Shape([1, 1, 8192, 2048])
2026-08-29 11:15:29.010 | DEBUG    | core:as_tensor:724 - Loaded cache for /proj_sw/user_dev/ctr-apbernal/tt-metal/model_cache/meta-llama/Llama-3.3-70B-Instruct/TG/tensor_cache_instruct_bfp8/kvcache_torch.Size([2048, 1, 64, 128])_dtype_BFLOAT8_B_layout_TILE.tensorbin of shape Shape([2048, 1, 64, 128])
2026-08-29 11:15:29.018 | DEBUG    | core:as_tensor:724 - Loaded cache for /proj_sw/user_dev/ctr-apbernal/tt-metal/model_cache/meta-llama/Llama-3.3-70B-Instruct/TG/tensor_cache_instruct_bfp8/kvcache_torch.Size([2048, 1, 64, 128])_dtype_BFLOAT8_B_layout_TILE.tensorbin of shape Shape([2048, 1, 64, 128])
2026-08-29 11:15:29.363 | DEBUG    | core:as_tensor:724 - Loaded cache for /proj_sw/user_dev/ctr-apbernal/tt-metal/model_cache/meta-llama/Llama-3.3-70B-Instruct/TG/tensor_cache_instruct_bfp8/layers.75.feed_forward.w1_shardedprefetcher_dtype_BFLOAT4_B_layout_TILE.tensorbin of shape Shape([1, 1, 2048, 3584])
2026-08-29 11:15:29.902 | DEBUG    | core:as_tensor:724 - Loaded cache for /proj_sw/user_dev/ctr-apbernal/tt-metal/model_cache/meta-llama/Llama-3.3-70B-Instruct/TG/tensor_cache_instruct_bfp8/layers.75.feed_forward.w2_shardedprefetcher_dtype_BFLOAT8_B_layout_TILE.tensorbin of shape Shape([1, 1, 3584, 2048])
2026-08-29 11:15:30.199 | DEBUG    | core:as_tensor:724 - Loaded cache for /proj_sw/user_dev/ctr-apbernal/tt-metal/model_cache/meta-llama/Llama-3.3-70B-Instruct/TG/tensor_cache_instruct_bfp8/layers.75.feed_forward.w3_shardedprefetcher_dtype_BFLOAT4_B_layout_TILE.tensorbin of shape Shape([1, 1, 2048, 3584])
2026-08-29 11:15:30.499 | DEBUG    | core:as_tensor:724 - Loaded cache for /proj_sw/user_dev/ctr-apbernal/tt-metal/model_cache/meta-llama/Llama-3.3-70B-Instruct/TG/tensor_cache_instruct_bfp8/layers.75.feed_forward.w1_interleavedprefetcher_dtype_BFLOAT4_B_layout_TILE.tensorbin of shape Shape([1, 1, 2048, 3584])
2026-08-29 11:15:31.029 | DEBUG    | core:as_tensor:724 - Loaded cache for /proj_sw/user_dev/ctr-apbernal/tt-metal/model_cache/meta-llama/Llama-3.3-70B-Instruct/TG/tensor_cache_instruct_bfp8/layers.75.feed_forward.w2_interleavedprefetcher_dtype_BFLOAT8_B_layout_TILE.tensorbin of shape Shape([1, 1, 3584, 2048])
2026-08-29 11:15:31.344 | DEBUG    | core:as_tensor:724 - Loaded cache for /proj_sw/user_dev/ctr-apbernal/tt-metal/model_cache/meta-llama/Llama-3.3-70B-Instruct/TG/tensor_cache_instruct_bfp8/layers.75.feed_forward.w3_interleavedprefetcher_dtype_BFLOAT4_B_layout_TILE.tensorbin of shape Shape([1, 1, 2048, 3584])
2026-08-29 11:15:31.348 | DEBUG    | core:as_tensor:724 - Loaded cache for /proj_sw/user_dev/ctr-apbernal/tt-metal/model_cache/meta-llama/Llama-3.3-70B-Instruct/TG/tensor_cache_instruct_bfp8/layers.75.attention_norm.weight_dtype_BFLOAT16_layout_ROW_MAJOR.tensorbin of shape Shape([1, 1, 256, 32])
2026-08-29 11:15:31.350 | DEBUG    | core:as_tensor:724 - Loaded cache for /proj_sw/user_dev/ctr-apbernal/tt-metal/model_cache/meta-llama/Llama-3.3-70B-Instruct/TG/tensor_cache_instruct_bfp8/layers.75.attention_norm.weight_distributed_dtype_BFLOAT16_layout_ROW_MAJOR.tensorbin of shape Shape([1, 1, 64, 32])
2026-08-29 11:15:31.353 | DEBUG    | core:as_tensor:724 - Loaded cache for /proj_sw/user_dev/ctr-apbernal/tt-metal/model_cache/meta-llama/Llama-3.3-70B-Instruct/TG/tensor_cache_instruct_bfp8/layers.75.ffn_norm.weight_dtype_BFLOAT16_layout_ROW_MAJOR.tensorbin of shape Shape([1, 1, 256, 32])
2026-08-29 11:15:31.355 | DEBUG    | core:as_tensor:724 - Loaded cache for /proj_sw/user_dev/ctr-apbernal/tt-metal/model_cache/meta-llama/Llama-3.3-70B-Instruct/TG/tensor_cache_instruct_bfp8/layers.75.ffn_norm.weight_distributed_dtype_BFLOAT16_layout_ROW_MAJOR.tensorbin of shape Shape([1, 1, 64, 32])
 95%|█████████▌| 76/80 [04:41<00:15,  3.82s/it]2026-08-29 11:15:31.717 | DEBUG    | core:as_tensor:724 - Loaded cache for /proj_sw/user_dev/ctr-apbernal/tt-metal/model_cache/meta-llama/Llama-3.3-70B-Instruct/TG/tensor_cache_instruct_bfp8/layers.76.attention.wqkv_sharded_2d_prefetcher_dtype_BFLOAT8_B_layout_TILE.tensorbin of shape Shape([1, 1, 2048, 1280])
2026-08-29 11:15:31.924 | DEBUG    | core:as_tensor:724 - Loaded cache for /proj_sw/user_dev/ctr-apbernal/tt-metal/model_cache/meta-llama/Llama-3.3-70B-Instruct/TG/tensor_cache_instruct_bfp8/layers.76.attention.wqkv_sharded_2d_dram_dtype_BFLOAT8_B_layout_TILE.tensorbin of shape Shape([1, 1, 2048, 1280])
2026-08-29 11:15:32.252 | DEBUG    | core:as_tensor:724 - Loaded cache for /proj_sw/user_dev/ctr-apbernal/tt-metal/model_cache/meta-llama/Llama-3.3-70B-Instruct/TG/tensor_cache_instruct_bfp8/layers.76.attention.wo_width_sharded_2d_prefetcher_dtype_BFLOAT8_B_layout_TILE.tensorbin of shape Shape([1, 1, 1024, 2048])
2026-08-29 11:15:32.598 | DEBUG    | core:as_tensor:724 - Loaded cache for /proj_sw/user_dev/ctr-apbernal/tt-metal/model_cache/meta-llama/Llama-3.3-70B-Instruct/TG/tensor_cache_instruct_bfp8/layers.76.attention.wo_width_sharded_2d_dram_dtype_BFLOAT8_B_layout_TILE.tensorbin of shape Shape([1, 1, 1024, 2048])
2026-08-29 11:15:32.824 | DEBUG    | core:as_tensor:724 - Loaded cache for /proj_sw/user_dev/ctr-apbernal/tt-metal/model_cache/meta-llama/Llama-3.3-70B-Instruct/TG/tensor_cache_instruct_bfp8/layers.76.attention.wo_col_sharded_dram_dtype_BFLOAT8_B_layout_TILE.tensorbin of shape Shape([1, 1, 8192, 2048])
2026-08-29 11:15:32.838 | DEBUG    | core:as_tensor:724 - Loaded cache for /proj_sw/user_dev/ctr-apbernal/tt-metal/model_cache/meta-llama/Llama-3.3-70B-Instruct/TG/tensor_cache_instruct_bfp8/kvcache_torch.Size([2048, 1, 64, 128])_dtype_BFLOAT8_B_layout_TILE.tensorbin of shape Shape([2048, 1, 64, 128])
2026-08-29 11:15:32.846 | DEBUG    | core:as_tensor:724 - Loaded cache for /proj_sw/user_dev/ctr-apbernal/tt-metal/model_cache/meta-llama/Llama-3.3-70B-Instruct/TG/tensor_cache_instruct_bfp8/kvcache_torch.Size([2048, 1, 64, 128])_dtype_BFLOAT8_B_layout_TILE.tensorbin of shape Shape([2048, 1, 64, 128])
2026-08-29 11:15:33.159 | DEBUG    | core:as_tensor:724 - Loaded cache for /proj_sw/user_dev/ctr-apbernal/tt-metal/model_cache/meta-llama/Llama-3.3-70B-Instruct/TG/tensor_cache_instruct_bfp8/layers.76.feed_forward.w1_shardedprefetcher_dtype_BFLOAT4_B_layout_TILE.tensorbin of shape Shape([1, 1, 2048, 3584])
2026-08-29 11:15:33.703 | DEBUG    | core:as_tensor:724 - Loaded cache for /proj_sw/user_dev/ctr-apbernal/tt-metal/model_cache/meta-llama/Llama-3.3-70B-Instruct/TG/tensor_cache_instruct_bfp8/layers.76.feed_forward.w2_shardedprefetcher_dtype_BFLOAT8_B_layout_TILE.tensorbin of shape Shape([1, 1, 3584, 2048])
2026-08-29 11:15:34.005 | DEBUG    | core:as_tensor:724 - Loaded cache for /proj_sw/user_dev/ctr-apbernal/tt-metal/model_cache/meta-llama/Llama-3.3-70B-Instruct/TG/tensor_cache_instruct_bfp8/layers.76.feed_forward.w3_shardedprefetcher_dtype_BFLOAT4_B_layout_TILE.tensorbin of shape Shape([1, 1, 2048, 3584])
2026-08-29 11:15:34.295 | DEBUG    | core:as_tensor:724 - Loaded cache for /proj_sw/user_dev/ctr-apbernal/tt-metal/model_cache/meta-llama/Llama-3.3-70B-Instruct/TG/tensor_cache_instruct_bfp8/layers.76.feed_forward.w1_interleavedprefetcher_dtype_BFLOAT4_B_layout_TILE.tensorbin of shape Shape([1, 1, 2048, 3584])
2026-08-29 11:15:34.832 | DEBUG    | core:as_tensor:724 - Loaded cache for /proj_sw/user_dev/ctr-apbernal/tt-metal/model_cache/meta-llama/Llama-3.3-70B-Instruct/TG/tensor_cache_instruct_bfp8/layers.76.feed_forward.w2_interleavedprefetcher_dtype_BFLOAT8_B_layout_TILE.tensorbin of shape Shape([1, 1, 3584, 2048])
2026-08-29 11:15:35.117 | DEBUG    | core:as_tensor:724 - Loaded cache for /proj_sw/user_dev/ctr-apbernal/tt-metal/model_cache/meta-llama/Llama-3.3-70B-Instruct/TG/tensor_cache_instruct_bfp8/layers.76.feed_forward.w3_interleavedprefetcher_dtype_BFLOAT4_B_layout_TILE.tensorbin of shape Shape([1, 1, 2048, 3584])
2026-08-29 11:15:35.120 | DEBUG    | core:as_tensor:724 - Loaded cache for /proj_sw/user_dev/ctr-apbernal/tt-metal/model_cache/meta-llama/Llama-3.3-70B-Instruct/TG/tensor_cache_instruct_bfp8/layers.76.attention_norm.weight_dtype_BFLOAT16_layout_ROW_MAJOR.tensorbin of shape Shape([1, 1, 256, 32])
2026-08-29 11:15:35.123 | DEBUG    | core:as_tensor:724 - Loaded cache for /proj_sw/user_dev/ctr-apbernal/tt-metal/model_cache/meta-llama/Llama-3.3-70B-Instruct/TG/tensor_cache_instruct_bfp8/layers.76.attention_norm.weight_distributed_dtype_BFLOAT16_layout_ROW_MAJOR.tensorbin of shape Shape([1, 1, 64, 32])
2026-08-29 11:15:35.125 | DEBUG    | core:as_tensor:724 - Loaded cache for /proj_sw/user_dev/ctr-apbernal/tt-metal/model_cache/meta-llama/Llama-3.3-70B-Instruct/TG/tensor_cache_instruct_bfp8/layers.76.ffn_norm.weight_dtype_BFLOAT16_layout_ROW_MAJOR.tensorbin of shape Shape([1, 1, 256, 32])
2026-08-29 11:15:35.128 | DEBUG    | core:as_tensor:724 - Loaded cache for /proj_sw/user_dev/ctr-apbernal/tt-metal/model_cache/meta-llama/Llama-3.3-70B-Instruct/TG/tensor_cache_instruct_bfp8/layers.76.ffn_norm.weight_distributed_dtype_BFLOAT16_layout_ROW_MAJOR.tensorbin of shape Shape([1, 1, 64, 32])
 96%|█████████▋| 77/80 [04:45<00:11,  3.81s/it]2026-08-29 11:15:35.390 | DEBUG    | core:as_tensor:724 - Loaded cache for /proj_sw/user_dev/ctr-apbernal/tt-metal/model_cache/meta-llama/Llama-3.3-70B-Instruct/TG/tensor_cache_instruct_bfp8/layers.77.attention.wqkv_sharded_2d_prefetcher_dtype_BFLOAT8_B_layout_TILE.tensorbin of shape Shape([1, 1, 2048, 1280])
2026-08-29 11:15:35.711 | DEBUG    | core:as_tensor:724 - Loaded cache for /proj_sw/user_dev/ctr-apbernal/tt-metal/model_cache/meta-llama/Llama-3.3-70B-Instruct/TG/tensor_cache_instruct_bfp8/layers.77.attention.wqkv_sharded_2d_dram_dtype_BFLOAT8_B_layout_TILE.tensorbin of shape Shape([1, 1, 2048, 1280])
2026-08-29 11:15:35.995 | DEBUG    | core:as_tensor:724 - Loaded cache for /proj_sw/user_dev/ctr-apbernal/tt-metal/model_cache/meta-llama/Llama-3.3-70B-Instruct/TG/tensor_cache_instruct_bfp8/layers.77.attention.wo_width_sharded_2d_prefetcher_dtype_BFLOAT8_B_layout_TILE.tensorbin of shape Shape([1, 1, 1024, 2048])
2026-08-29 11:15:36.333 | DEBUG    | core:as_tensor:724 - Loaded cache for /proj_sw/user_dev/ctr-apbernal/tt-metal/model_cache/meta-llama/Llama-3.3-70B-Instruct/TG/tensor_cache_instruct_bfp8/layers.77.attention.wo_width_sharded_2d_dram_dtype_BFLOAT8_B_layout_TILE.tensorbin of shape Shape([1, 1, 1024, 2048])
2026-08-29 11:15:36.583 | DEBUG    | core:as_tensor:724 - Loaded cache for /proj_sw/user_dev/ctr-apbernal/tt-metal/model_cache/meta-llama/Llama-3.3-70B-Instruct/TG/tensor_cache_instruct_bfp8/layers.77.attention.wo_col_sharded_dram_dtype_BFLOAT8_B_layout_TILE.tensorbin of shape Shape([1, 1, 8192, 2048])
2026-08-29 11:15:36.598 | DEBUG    | core:as_tensor:724 - Loaded cache for /proj_sw/user_dev/ctr-apbernal/tt-metal/model_cache/meta-llama/Llama-3.3-70B-Instruct/TG/tensor_cache_instruct_bfp8/kvcache_torch.Size([2048, 1, 64, 128])_dtype_BFLOAT8_B_layout_TILE.tensorbin of shape Shape([2048, 1, 64, 128])
2026-08-29 11:15:36.605 | DEBUG    | core:as_tensor:724 - Loaded cache for /proj_sw/user_dev/ctr-apbernal/tt-metal/model_cache/meta-llama/Llama-3.3-70B-Instruct/TG/tensor_cache_instruct_bfp8/kvcache_torch.Size([2048, 1, 64, 128])_dtype_BFLOAT8_B_layout_TILE.tensorbin of shape Shape([2048, 1, 64, 128])
2026-08-29 11:15:36.929 | DEBUG    | core:as_tensor:724 - Loaded cache for /proj_sw/user_dev/ctr-apbernal/tt-metal/model_cache/meta-llama/Llama-3.3-70B-Instruct/TG/tensor_cache_instruct_bfp8/layers.77.feed_forward.w1_shardedprefetcher_dtype_BFLOAT4_B_layout_TILE.tensorbin of shape Shape([1, 1, 2048, 3584])
2026-08-29 11:15:37.484 | DEBUG    | core:as_tensor:724 - Loaded cache for /proj_sw/user_dev/ctr-apbernal/tt-metal/model_cache/meta-llama/Llama-3.3-70B-Instruct/TG/tensor_cache_instruct_bfp8/layers.77.feed_forward.w2_shardedprefetcher_dtype_BFLOAT8_B_layout_TILE.tensorbin of shape Shape([1, 1, 3584, 2048])
2026-08-29 11:15:37.923 | DEBUG    | core:as_tensor:724 - Loaded cache for /proj_sw/user_dev/ctr-apbernal/tt-metal/model_cache/meta-llama/Llama-3.3-70B-Instruct/TG/tensor_cache_instruct_bfp8/layers.77.feed_forward.w3_shardedprefetcher_dtype_BFLOAT4_B_layout_TILE.tensorbin of shape Shape([1, 1, 2048, 3584])
2026-08-29 11:15:38.234 | DEBUG    | core:as_tensor:724 - Loaded cache for /proj_sw/user_dev/ctr-apbernal/tt-metal/model_cache/meta-llama/Llama-3.3-70B-Instruct/TG/tensor_cache_instruct_bfp8/layers.77.feed_forward.w1_interleavedprefetcher_dtype_BFLOAT4_B_layout_TILE.tensorbin of shape Shape([1, 1, 2048, 3584])
2026-08-29 11:15:38.786 | DEBUG    | core:as_tensor:724 - Loaded cache for /proj_sw/user_dev/ctr-apbernal/tt-metal/model_cache/meta-llama/Llama-3.3-70B-Instruct/TG/tensor_cache_instruct_bfp8/layers.77.feed_forward.w2_interleavedprefetcher_dtype_BFLOAT8_B_layout_TILE.tensorbin of shape Shape([1, 1, 3584, 2048])
2026-08-29 11:15:39.133 | DEBUG    | core:as_tensor:724 - Loaded cache for /proj_sw/user_dev/ctr-apbernal/tt-metal/model_cache/meta-llama/Llama-3.3-70B-Instruct/TG/tensor_cache_instruct_bfp8/layers.77.feed_forward.w3_interleavedprefetcher_dtype_BFLOAT4_B_layout_TILE.tensorbin of shape Shape([1, 1, 2048, 3584])
2026-08-29 11:15:39.136 | DEBUG    | core:as_tensor:724 - Loaded cache for /proj_sw/user_dev/ctr-apbernal/tt-metal/model_cache/meta-llama/Llama-3.3-70B-Instruct/TG/tensor_cache_instruct_bfp8/layers.77.attention_norm.weight_dtype_BFLOAT16_layout_ROW_MAJOR.tensorbin of shape Shape([1, 1, 256, 32])
2026-08-29 11:15:39.139 | DEBUG    | core:as_tensor:724 - Loaded cache for /proj_sw/user_dev/ctr-apbernal/tt-metal/model_cache/meta-llama/Llama-3.3-70B-Instruct/TG/tensor_cache_instruct_bfp8/layers.77.attention_norm.weight_distributed_dtype_BFLOAT16_layout_ROW_MAJOR.tensorbin of shape Shape([1, 1, 64, 32])
2026-08-29 11:15:39.142 | DEBUG    | core:as_tensor:724 - Loaded cache for /proj_sw/user_dev/ctr-apbernal/tt-metal/model_cache/meta-llama/Llama-3.3-70B-Instruct/TG/tensor_cache_instruct_bfp8/layers.77.ffn_norm.weight_dtype_BFLOAT16_layout_ROW_MAJOR.tensorbin of shape Shape([1, 1, 256, 32])
2026-08-29 11:15:39.144 | DEBUG    | core:as_tensor:724 - Loaded cache for /proj_sw/user_dev/ctr-apbernal/tt-metal/model_cache/meta-llama/Llama-3.3-70B-Instruct/TG/tensor_cache_instruct_bfp8/layers.77.ffn_norm.weight_distributed_dtype_BFLOAT16_layout_ROW_MAJOR.tensorbin of shape Shape([1, 1, 64, 32])
 98%|█████████▊| 78/80 [04:49<00:07,  3.87s/it]2026-08-29 11:15:39.397 | DEBUG    | core:as_tensor:724 - Loaded cache for /proj_sw/user_dev/ctr-apbernal/tt-metal/model_cache/meta-llama/Llama-3.3-70B-Instruct/TG/tensor_cache_instruct_bfp8/layers.78.attention.wqkv_sharded_2d_prefetcher_dtype_BFLOAT8_B_layout_TILE.tensorbin of shape Shape([1, 1, 2048, 1280])
2026-08-29 11:15:39.768 | DEBUG    | core:as_tensor:724 - Loaded cache for /proj_sw/user_dev/ctr-apbernal/tt-metal/model_cache/meta-llama/Llama-3.3-70B-Instruct/TG/tensor_cache_instruct_bfp8/layers.78.attention.wqkv_sharded_2d_dram_dtype_BFLOAT8_B_layout_TILE.tensorbin of shape Shape([1, 1, 2048, 1280])
2026-08-29 11:15:40.086 | DEBUG    | core:as_tensor:724 - Loaded cache for /proj_sw/user_dev/ctr-apbernal/tt-metal/model_cache/meta-llama/Llama-3.3-70B-Instruct/TG/tensor_cache_instruct_bfp8/layers.78.attention.wo_width_sharded_2d_prefetcher_dtype_BFLOAT8_B_layout_TILE.tensorbin of shape Shape([1, 1, 1024, 2048])
2026-08-29 11:15:40.341 | DEBUG    | core:as_tensor:724 - Loaded cache for /proj_sw/user_dev/ctr-apbernal/tt-metal/model_cache/meta-llama/Llama-3.3-70B-Instruct/TG/tensor_cache_instruct_bfp8/layers.78.attention.wo_width_sharded_2d_dram_dtype_BFLOAT8_B_layout_TILE.tensorbin of shape Shape([1, 1, 1024, 2048])
2026-08-29 11:15:40.595 | DEBUG    | core:as_tensor:724 - Loaded cache for /proj_sw/user_dev/ctr-apbernal/tt-metal/model_cache/meta-llama/Llama-3.3-70B-Instruct/TG/tensor_cache_instruct_bfp8/layers.78.attention.wo_col_sharded_dram_dtype_BFLOAT8_B_layout_TILE.tensorbin of shape Shape([1, 1, 8192, 2048])
2026-08-29 11:15:40.609 | DEBUG    | core:as_tensor:724 - Loaded cache for /proj_sw/user_dev/ctr-apbernal/tt-metal/model_cache/meta-llama/Llama-3.3-70B-Instruct/TG/tensor_cache_instruct_bfp8/kvcache_torch.Size([2048, 1, 64, 128])_dtype_BFLOAT8_B_layout_TILE.tensorbin of shape Shape([2048, 1, 64, 128])
2026-08-29 11:15:40.618 | DEBUG    | core:as_tensor:724 - Loaded cache for /proj_sw/user_dev/ctr-apbernal/tt-metal/model_cache/meta-llama/Llama-3.3-70B-Instruct/TG/tensor_cache_instruct_bfp8/kvcache_torch.Size([2048, 1, 64, 128])_dtype_BFLOAT8_B_layout_TILE.tensorbin of shape Shape([2048, 1, 64, 128])
2026-08-29 11:15:41.177 | DEBUG    | core:as_tensor:724 - Loaded cache for /proj_sw/user_dev/ctr-apbernal/tt-metal/model_cache/meta-llama/Llama-3.3-70B-Instruct/TG/tensor_cache_instruct_bfp8/layers.78.feed_forward.w1_shardedprefetcher_dtype_BFLOAT4_B_layout_TILE.tensorbin of shape Shape([1, 1, 2048, 3584])
2026-08-29 11:15:41.722 | DEBUG    | core:as_tensor:724 - Loaded cache for /proj_sw/user_dev/ctr-apbernal/tt-metal/model_cache/meta-llama/Llama-3.3-70B-Instruct/TG/tensor_cache_instruct_bfp8/layers.78.feed_forward.w2_shardedprefetcher_dtype_BFLOAT8_B_layout_TILE.tensorbin of shape Shape([1, 1, 3584, 2048])
2026-08-29 11:15:42.029 | DEBUG    | core:as_tensor:724 - Loaded cache for /proj_sw/user_dev/ctr-apbernal/tt-metal/model_cache/meta-llama/Llama-3.3-70B-Instruct/TG/tensor_cache_instruct_bfp8/layers.78.feed_forward.w3_shardedprefetcher_dtype_BFLOAT4_B_layout_TILE.tensorbin of shape Shape([1, 1, 2048, 3584])
2026-08-29 11:15:42.456 | DEBUG    | core:as_tensor:724 - Loaded cache for /proj_sw/user_dev/ctr-apbernal/tt-metal/model_cache/meta-llama/Llama-3.3-70B-Instruct/TG/tensor_cache_instruct_bfp8/layers.78.feed_forward.w1_interleavedprefetcher_dtype_BFLOAT4_B_layout_TILE.tensorbin of shape Shape([1, 1, 2048, 3584])
2026-08-29 11:15:43.004 | DEBUG    | core:as_tensor:724 - Loaded cache for /proj_sw/user_dev/ctr-apbernal/tt-metal/model_cache/meta-llama/Llama-3.3-70B-Instruct/TG/tensor_cache_instruct_bfp8/layers.78.feed_forward.w2_interleavedprefetcher_dtype_BFLOAT8_B_layout_TILE.tensorbin of shape Shape([1, 1, 3584, 2048])
2026-08-29 11:15:43.300 | DEBUG    | core:as_tensor:724 - Loaded cache for /proj_sw/user_dev/ctr-apbernal/tt-metal/model_cache/meta-llama/Llama-3.3-70B-Instruct/TG/tensor_cache_instruct_bfp8/layers.78.feed_forward.w3_interleavedprefetcher_dtype_BFLOAT4_B_layout_TILE.tensorbin of shape Shape([1, 1, 2048, 3584])
2026-08-29 11:15:43.304 | DEBUG    | core:as_tensor:724 - Loaded cache for /proj_sw/user_dev/ctr-apbernal/tt-metal/model_cache/meta-llama/Llama-3.3-70B-Instruct/TG/tensor_cache_instruct_bfp8/layers.78.attention_norm.weight_dtype_BFLOAT16_layout_ROW_MAJOR.tensorbin of shape Shape([1, 1, 256, 32])
2026-08-29 11:15:43.306 | DEBUG    | core:as_tensor:724 - Loaded cache for /proj_sw/user_dev/ctr-apbernal/tt-metal/model_cache/meta-llama/Llama-3.3-70B-Instruct/TG/tensor_cache_instruct_bfp8/layers.78.attention_norm.weight_distributed_dtype_BFLOAT16_layout_ROW_MAJOR.tensorbin of shape Shape([1, 1, 64, 32])
2026-08-29 11:15:43.309 | DEBUG    | core:as_tensor:724 - Loaded cache for /proj_sw/user_dev/ctr-apbernal/tt-metal/model_cache/meta-llama/Llama-3.3-70B-Instruct/TG/tensor_cache_instruct_bfp8/layers.78.ffn_norm.weight_dtype_BFLOAT16_layout_ROW_MAJOR.tensorbin of shape Shape([1, 1, 256, 32])
2026-08-29 11:15:43.311 | DEBUG    | core:as_tensor:724 - Loaded cache for /proj_sw/user_dev/ctr-apbernal/tt-metal/model_cache/meta-llama/Llama-3.3-70B-Instruct/TG/tensor_cache_instruct_bfp8/layers.78.ffn_norm.weight_distributed_dtype_BFLOAT16_layout_ROW_MAJOR.tensorbin of shape Shape([1, 1, 64, 32])
 99%|█████████▉| 79/80 [04:53<00:03,  3.96s/it]2026-08-29 11:15:43.545 | DEBUG    | core:as_tensor:724 - Loaded cache for /proj_sw/user_dev/ctr-apbernal/tt-metal/model_cache/meta-llama/Llama-3.3-70B-Instruct/TG/tensor_cache_instruct_bfp8/layers.79.attention.wqkv_sharded_2d_prefetcher_dtype_BFLOAT8_B_layout_TILE.tensorbin of shape Shape([1, 1, 2048, 1280])
2026-08-29 11:15:43.792 | DEBUG    | core:as_tensor:724 - Loaded cache for /proj_sw/user_dev/ctr-apbernal/tt-metal/model_cache/meta-llama/Llama-3.3-70B-Instruct/TG/tensor_cache_instruct_bfp8/layers.79.attention.wqkv_sharded_2d_dram_dtype_BFLOAT8_B_layout_TILE.tensorbin of shape Shape([1, 1, 2048, 1280])
2026-08-29 11:15:44.122 | DEBUG    | core:as_tensor:724 - Loaded cache for /proj_sw/user_dev/ctr-apbernal/tt-metal/model_cache/meta-llama/Llama-3.3-70B-Instruct/TG/tensor_cache_instruct_bfp8/layers.79.attention.wo_width_sharded_2d_prefetcher_dtype_BFLOAT8_B_layout_TILE.tensorbin of shape Shape([1, 1, 1024, 2048])
2026-08-29 11:15:44.381 | DEBUG    | core:as_tensor:724 - Loaded cache for /proj_sw/user_dev/ctr-apbernal/tt-metal/model_cache/meta-llama/Llama-3.3-70B-Instruct/TG/tensor_cache_instruct_bfp8/layers.79.attention.wo_width_sharded_2d_dram_dtype_BFLOAT8_B_layout_TILE.tensorbin of shape Shape([1, 1, 1024, 2048])
2026-08-29 11:15:44.584 | DEBUG    | core:as_tensor:724 - Loaded cache for /proj_sw/user_dev/ctr-apbernal/tt-metal/model_cache/meta-llama/Llama-3.3-70B-Instruct/TG/tensor_cache_instruct_bfp8/layers.79.attention.wo_col_sharded_dram_dtype_BFLOAT8_B_layout_TILE.tensorbin of shape Shape([1, 1, 8192, 2048])
2026-08-29 11:15:44.601 | DEBUG    | core:as_tensor:724 - Loaded cache for /proj_sw/user_dev/ctr-apbernal/tt-metal/model_cache/meta-llama/Llama-3.3-70B-Instruct/TG/tensor_cache_instruct_bfp8/kvcache_torch.Size([2048, 1, 64, 128])_dtype_BFLOAT8_B_layout_TILE.tensorbin of shape Shape([2048, 1, 64, 128])
2026-08-29 11:15:44.609 | DEBUG    | core:as_tensor:724 - Loaded cache for /proj_sw/user_dev/ctr-apbernal/tt-metal/model_cache/meta-llama/Llama-3.3-70B-Instruct/TG/tensor_cache_instruct_bfp8/kvcache_torch.Size([2048, 1, 64, 128])_dtype_BFLOAT8_B_layout_TILE.tensorbin of shape Shape([2048, 1, 64, 128])
2026-08-29 11:15:44.921 | DEBUG    | core:as_tensor:724 - Loaded cache for /proj_sw/user_dev/ctr-apbernal/tt-metal/model_cache/meta-llama/Llama-3.3-70B-Instruct/TG/tensor_cache_instruct_bfp8/layers.79.feed_forward.w1_shardedprefetcher_dtype_BFLOAT4_B_layout_TILE.tensorbin of shape Shape([1, 1, 2048, 3584])
2026-08-29 11:15:45.464 | DEBUG    | core:as_tensor:724 - Loaded cache for /proj_sw/user_dev/ctr-apbernal/tt-metal/model_cache/meta-llama/Llama-3.3-70B-Instruct/TG/tensor_cache_instruct_bfp8/layers.79.feed_forward.w2_shardedprefetcher_dtype_BFLOAT8_B_layout_TILE.tensorbin of shape Shape([1, 1, 3584, 2048])
2026-08-29 11:15:45.759 | DEBUG    | core:as_tensor:724 - Loaded cache for /proj_sw/user_dev/ctr-apbernal/tt-metal/model_cache/meta-llama/Llama-3.3-70B-Instruct/TG/tensor_cache_instruct_bfp8/layers.79.feed_forward.w3_shardedprefetcher_dtype_BFLOAT4_B_layout_TILE.tensorbin of shape Shape([1, 1, 2048, 3584])
2026-08-29 11:15:46.052 | DEBUG    | core:as_tensor:724 - Loaded cache for /proj_sw/user_dev/ctr-apbernal/tt-metal/model_cache/meta-llama/Llama-3.3-70B-Instruct/TG/tensor_cache_instruct_bfp8/layers.79.feed_forward.w1_interleavedprefetcher_dtype_BFLOAT4_B_layout_TILE.tensorbin of shape Shape([1, 1, 2048, 3584])
2026-08-29 11:15:46.582 | DEBUG    | core:as_tensor:724 - Loaded cache for /proj_sw/user_dev/ctr-apbernal/tt-metal/model_cache/meta-llama/Llama-3.3-70B-Instruct/TG/tensor_cache_instruct_bfp8/layers.79.feed_forward.w2_interleavedprefetcher_dtype_BFLOAT8_B_layout_TILE.tensorbin of shape Shape([1, 1, 3584, 2048])
2026-08-29 11:15:46.871 | DEBUG    | core:as_tensor:724 - Loaded cache for /proj_sw/user_dev/ctr-apbernal/tt-metal/model_cache/meta-llama/Llama-3.3-70B-Instruct/TG/tensor_cache_instruct_bfp8/layers.79.feed_forward.w3_interleavedprefetcher_dtype_BFLOAT4_B_layout_TILE.tensorbin of shape Shape([1, 1, 2048, 3584])
2026-08-29 11:15:46.876 | DEBUG    | core:as_tensor:724 - Loaded cache for /proj_sw/user_dev/ctr-apbernal/tt-metal/model_cache/meta-llama/Llama-3.3-70B-Instruct/TG/tensor_cache_instruct_bfp8/layers.79.attention_norm.weight_dtype_BFLOAT16_layout_ROW_MAJOR.tensorbin of shape Shape([1, 1, 256, 32])
2026-08-29 11:15:46.879 | DEBUG    | core:as_tensor:724 - Loaded cache for /proj_sw/user_dev/ctr-apbernal/tt-metal/model_cache/meta-llama/Llama-3.3-70B-Instruct/TG/tensor_cache_instruct_bfp8/layers.79.attention_norm.weight_distributed_dtype_BFLOAT16_layout_ROW_MAJOR.tensorbin of shape Shape([1, 1, 64, 32])
2026-08-29 11:15:46.881 | DEBUG    | core:as_tensor:724 - Loaded cache for /proj_sw/user_dev/ctr-apbernal/tt-metal/model_cache/meta-llama/Llama-3.3-70B-Instruct/TG/tensor_cache_instruct_bfp8/layers.79.ffn_norm.weight_dtype_BFLOAT16_layout_ROW_MAJOR.tensorbin of shape Shape([1, 1, 256, 32])
2026-08-29 11:15:46.884 | DEBUG    | core:as_tensor:724 - Loaded cache for /proj_sw/user_dev/ctr-apbernal/tt-metal/model_cache/meta-llama/Llama-3.3-70B-Instruct/TG/tensor_cache_instruct_bfp8/layers.79.ffn_norm.weight_distributed_dtype_BFLOAT16_layout_ROW_MAJOR.tensorbin of shape Shape([1, 1, 64, 32])
100%|██████████| 80/80 [04:57<00:00,  3.84s/it]100%|██████████| 80/80 [04:57<00:00,  3.72s/it]
2026-08-29 11:15:46.890 | DEBUG    | core:as_tensor:724 - Loaded cache for /proj_sw/user_dev/ctr-apbernal/tt-metal/model_cache/meta-llama/Llama-3.3-70B-Instruct/TG/tensor_cache_instruct_bfp8/norm.weight_dtype_BFLOAT16_layout_ROW_MAJOR.tensorbin of shape Shape([1, 1, 256, 32])
2026-08-29 11:15:46.895 | DEBUG    | core:as_tensor:724 - Loaded cache for /proj_sw/user_dev/ctr-apbernal/tt-metal/model_cache/meta-llama/Llama-3.3-70B-Instruct/TG/tensor_cache_instruct_bfp8/norm.weight_distributed_dtype_BFLOAT16_layout_ROW_MAJOR.tensorbin of shape Shape([1, 1, 64, 32])
2026-08-29 11:15:50.166 | DEBUG    | core:as_tensor:724 - Loaded cache for /proj_sw/user_dev/ctr-apbernal/tt-metal/model_cache/meta-llama/Llama-3.3-70B-Instruct/TG/tensor_cache_instruct_bfp8/output_lm_head_1_split_shard_0_dram_width_sharded_decode_dtype_BFLOAT8_B_layout_TILE.tensorbin of shape Shape([1, 1, 2048, 16384])
2026-08-29 11:15:52.657 | DEBUG    | core:as_tensor:724 - Loaded cache for /proj_sw/user_dev/ctr-apbernal/tt-metal/model_cache/meta-llama/Llama-3.3-70B-Instruct/TG/tensor_cache_instruct_bfp8/output_lm_head_1_split_shard_0_dram_prefill_dtype_BFLOAT8_B_layout_TILE.tensorbin of shape Shape([1, 1, 2048, 16384])
2026-08-29 11:15:52.903 | INFO     | models.demos.llama3_70b_galaxy.tt.prefetcher_common:__init__:33 - Running TtLlamaPrefetcherSetup
2026-08-29 11:15:52.941 | DEBUG    | core:as_tensor:724 - Loaded cache for /proj_sw/user_dev/ctr-apbernal/tt-metal/model_cache/meta-llama/Llama-3.3-70B-Instruct/TG/tensor_cache_instruct_bfp8/pb_rs_01_QKV_0_4096_dtype_BFLOAT8_B_layout_TILE.tensorbin of shape Shape([1, 1, 4096, 1280])
2026-08-29 11:15:52.948 | DEBUG    | core:as_tensor:724 - Loaded cache for /proj_sw/user_dev/ctr-apbernal/tt-metal/model_cache/meta-llama/Llama-3.3-70B-Instruct/TG/tensor_cache_instruct_bfp8/pb_rs_00_QKV_0_4096_dtype_BFLOAT8_B_layout_TILE.tensorbin of shape Shape([1, 1, 4096, 320])
2026-08-29 11:15:52.988 | DEBUG    | core:as_tensor:724 - Loaded cache for /proj_sw/user_dev/ctr-apbernal/tt-metal/model_cache/meta-llama/Llama-3.3-70B-Instruct/TG/tensor_cache_instruct_bfp8/pb_rs_01_FF1_0_4096_dtype_BFLOAT8_B_layout_TILE.tensorbin of shape Shape([1, 1, 4096, 3584])
2026-08-29 11:15:53.000 | DEBUG    | core:as_tensor:724 - Loaded cache for /proj_sw/user_dev/ctr-apbernal/tt-metal/model_cache/meta-llama/Llama-3.3-70B-Instruct/TG/tensor_cache_instruct_bfp8/pb_rs_00_FF1_0_4096_dtype_BFLOAT8_B_layout_TILE.tensorbin of shape Shape([1, 1, 4096, 896])
2026-08-29 11:15:53.041 | DEBUG    | core:as_tensor:724 - Loaded cache for /proj_sw/user_dev/ctr-apbernal/tt-metal/model_cache/meta-llama/Llama-3.3-70B-Instruct/TG/tensor_cache_instruct_bfp8/pb_rs_01_FF3_0_4096_dtype_BFLOAT8_B_layout_TILE.tensorbin of shape Shape([1, 1, 4096, 3584])
2026-08-29 11:15:53.056 | DEBUG    | core:as_tensor:724 - Loaded cache for /proj_sw/user_dev/ctr-apbernal/tt-metal/model_cache/meta-llama/Llama-3.3-70B-Instruct/TG/tensor_cache_instruct_bfp8/pb_rs_00_FF3_0_4096_dtype_BFLOAT8_B_layout_TILE.tensorbin of shape Shape([1, 1, 4096, 896])
2026-08-29 11:15:53.077 | DEBUG    | core:as_tensor:724 - Loaded cache for /proj_sw/user_dev/ctr-apbernal/tt-metal/model_cache/meta-llama/Llama-3.3-70B-Instruct/TG/tensor_cache_instruct_bfp8/pb_rs_01_FF2_0_4096_dtype_BFLOAT8_B_layout_TILE.tensorbin of shape Shape([1, 1, 4096, 2048])
2026-08-29 11:15:53.082 | DEBUG    | core:as_tensor:724 - Loaded cache for /proj_sw/user_dev/ctr-apbernal/tt-metal/model_cache/meta-llama/Llama-3.3-70B-Instruct/TG/tensor_cache_instruct_bfp8/pb_rs_00_FF2_0_4096_dtype_BFLOAT8_B_layout_TILE.tensorbin of shape Shape([1, 1, 4096, 256])
2026-08-29 11:15:53.087 | DEBUG    | core:as_tensor:724 - Loaded cache for /proj_sw/user_dev/ctr-apbernal/tt-metal/model_cache/meta-llama/Llama-3.3-70B-Instruct/TG/tensor_cache_instruct_bfp8/pb_rs_01_ATTN_REPLICATE_0_4096_dtype_BFLOAT8_B_layout_TILE.tensorbin of shape Shape([1, 1, 4096, 128])
2026-08-29 11:15:53.092 | DEBUG    | core:as_tensor:724 - Loaded cache for /proj_sw/user_dev/ctr-apbernal/tt-metal/model_cache/meta-llama/Llama-3.3-70B-Instruct/TG/tensor_cache_instruct_bfp8/pb_rs_00_ATTN_REPLICATE_0_4096_dtype_BFLOAT8_B_layout_TILE.tensorbin of shape Shape([1, 1, 4096, 32])
2026-08-29 11:15:53.107 | DEBUG    | core:as_tensor:724 - Loaded cache for /proj_sw/user_dev/ctr-apbernal/tt-metal/model_cache/meta-llama/Llama-3.3-70B-Instruct/TG/tensor_cache_instruct_bfp8/pb_rs_01_QKV_batched_0_4096_dtype_BFLOAT8_B_layout_TILE.tensorbin of shape Shape([1, 32, 128, 1280])
2026-08-29 11:15:53.114 | DEBUG    | core:as_tensor:724 - Loaded cache for /proj_sw/user_dev/ctr-apbernal/tt-metal/model_cache/meta-llama/Llama-3.3-70B-Instruct/TG/tensor_cache_instruct_bfp8/pb_rs_00_QKV_batched_0_4096_dtype_BFLOAT8_B_layout_TILE.tensorbin of shape Shape([1, 32, 128, 320])
2026-08-29 11:15:53.157 | DEBUG    | core:as_tensor:724 - Loaded cache for /proj_sw/user_dev/ctr-apbernal/tt-metal/model_cache/meta-llama/Llama-3.3-70B-Instruct/TG/tensor_cache_instruct_bfp8/pb_rs_01_FF1_batched_0_4096_dtype_BFLOAT8_B_layout_TILE.tensorbin of shape Shape([1, 32, 128, 3584])
2026-08-29 11:15:53.177 | DEBUG    | core:as_tensor:724 - Loaded cache for /proj_sw/user_dev/ctr-apbernal/tt-metal/model_cache/meta-llama/Llama-3.3-70B-Instruct/TG/tensor_cache_instruct_bfp8/pb_rs_00_FF1_batched_0_4096_dtype_BFLOAT8_B_layout_TILE.tensorbin of shape Shape([1, 32, 128, 896])
2026-08-29 11:15:53.217 | DEBUG    | core:as_tensor:724 - Loaded cache for /proj_sw/user_dev/ctr-apbernal/tt-metal/model_cache/meta-llama/Llama-3.3-70B-Instruct/TG/tensor_cache_instruct_bfp8/pb_rs_01_FF3_batched_0_4096_dtype_BFLOAT8_B_layout_TILE.tensorbin of shape Shape([1, 32, 128, 3584])
2026-08-29 11:15:53.233 | DEBUG    | core:as_tensor:724 - Loaded cache for /proj_sw/user_dev/ctr-apbernal/tt-metal/model_cache/meta-llama/Llama-3.3-70B-Instruct/TG/tensor_cache_instruct_bfp8/pb_rs_00_FF3_batched_0_4096_dtype_BFLOAT8_B_layout_TILE.tensorbin of shape Shape([1, 32, 128, 896])
2026-08-29 11:15:53.255 | DEBUG    | core:as_tensor:724 - Loaded cache for /proj_sw/user_dev/ctr-apbernal/tt-metal/model_cache/meta-llama/Llama-3.3-70B-Instruct/TG/tensor_cache_instruct_bfp8/pb_rs_01_FF2_batched_0_4096_dtype_BFLOAT8_B_layout_TILE.tensorbin of shape Shape([1, 32, 128, 2048])
2026-08-29 11:15:53.262 | DEBUG    | core:as_tensor:724 - Loaded cache for /proj_sw/user_dev/ctr-apbernal/tt-metal/model_cache/meta-llama/Llama-3.3-70B-Instruct/TG/tensor_cache_instruct_bfp8/pb_rs_00_FF2_batched_0_4096_dtype_BFLOAT8_B_layout_TILE.tensorbin of shape Shape([1, 32, 128, 256])
2026-08-29 11:15:53.271 | DEBUG    | core:as_tensor:724 - Loaded cache for /proj_sw/user_dev/ctr-apbernal/tt-metal/model_cache/meta-llama/Llama-3.3-70B-Instruct/TG/tensor_cache_instruct_bfp8/pb_rs_01_QKV_0_2048_dtype_BFLOAT8_B_layout_TILE.tensorbin of shape Shape([1, 1, 2048, 1280])
2026-08-29 11:15:53.276 | DEBUG    | core:as_tensor:724 - Loaded cache for /proj_sw/user_dev/ctr-apbernal/tt-metal/model_cache/meta-llama/Llama-3.3-70B-Instruct/TG/tensor_cache_instruct_bfp8/pb_rs_00_QKV_0_2048_dtype_BFLOAT8_B_layout_TILE.tensorbin of shape Shape([1, 1, 2048, 320])
2026-08-29 11:15:53.295 | DEBUG    | core:as_tensor:724 - Loaded cache for /proj_sw/user_dev/ctr-apbernal/tt-metal/model_cache/meta-llama/Llama-3.3-70B-Instruct/TG/tensor_cache_instruct_bfp8/pb_rs_01_FF1_0_2048_dtype_BFLOAT8_B_layout_TILE.tensorbin of shape Shape([1, 1, 2048, 3584])
2026-08-29 11:15:53.306 | DEBUG    | core:as_tensor:724 - Loaded cache for /proj_sw/user_dev/ctr-apbernal/tt-metal/model_cache/meta-llama/Llama-3.3-70B-Instruct/TG/tensor_cache_instruct_bfp8/pb_rs_00_FF1_0_2048_dtype_BFLOAT8_B_layout_TILE.tensorbin of shape Shape([1, 1, 2048, 896])
2026-08-29 11:15:53.327 | DEBUG    | core:as_tensor:724 - Loaded cache for /proj_sw/user_dev/ctr-apbernal/tt-metal/model_cache/meta-llama/Llama-3.3-70B-Instruct/TG/tensor_cache_instruct_bfp8/pb_rs_01_FF3_0_2048_dtype_BFLOAT8_B_layout_TILE.tensorbin of shape Shape([1, 1, 2048, 3584])
2026-08-29 11:15:53.336 | DEBUG    | core:as_tensor:724 - Loaded cache for /proj_sw/user_dev/ctr-apbernal/tt-metal/model_cache/meta-llama/Llama-3.3-70B-Instruct/TG/tensor_cache_instruct_bfp8/pb_rs_00_FF3_0_2048_dtype_BFLOAT8_B_layout_TILE.tensorbin of shape Shape([1, 1, 2048, 896])
2026-08-29 11:15:53.350 | DEBUG    | core:as_tensor:724 - Loaded cache for /proj_sw/user_dev/ctr-apbernal/tt-metal/model_cache/meta-llama/Llama-3.3-70B-Instruct/TG/tensor_cache_instruct_bfp8/pb_rs_01_FF2_0_2048_dtype_BFLOAT8_B_layout_TILE.tensorbin of shape Shape([1, 1, 2048, 2048])
2026-08-29 11:15:53.355 | DEBUG    | core:as_tensor:724 - Loaded cache for /proj_sw/user_dev/ctr-apbernal/tt-metal/model_cache/meta-llama/Llama-3.3-70B-Instruct/TG/tensor_cache_instruct_bfp8/pb_rs_00_FF2_0_2048_dtype_BFLOAT8_B_layout_TILE.tensorbin of shape Shape([1, 1, 2048, 256])
2026-08-29 11:15:53.360 | DEBUG    | core:as_tensor:724 - Loaded cache for /proj_sw/user_dev/ctr-apbernal/tt-metal/model_cache/meta-llama/Llama-3.3-70B-Instruct/TG/tensor_cache_instruct_bfp8/pb_rs_01_ATTN_REPLICATE_0_2048_dtype_BFLOAT8_B_layout_TILE.tensorbin of shape Shape([1, 1, 2048, 128])
2026-08-29 11:15:53.363 | DEBUG    | core:as_tensor:724 - Loaded cache for /proj_sw/user_dev/ctr-apbernal/tt-metal/model_cache/meta-llama/Llama-3.3-70B-Instruct/TG/tensor_cache_instruct_bfp8/pb_rs_00_ATTN_REPLICATE_0_2048_dtype_BFLOAT8_B_layout_TILE.tensorbin of shape Shape([1, 1, 2048, 32])
2026-08-29 11:15:53.372 | DEBUG    | core:as_tensor:724 - Loaded cache for /proj_sw/user_dev/ctr-apbernal/tt-metal/model_cache/meta-llama/Llama-3.3-70B-Instruct/TG/tensor_cache_instruct_bfp8/pb_rs_01_QKV_batched_0_2048_dtype_BFLOAT8_B_layout_TILE.tensorbin of shape Shape([1, 32, 64, 1280])
2026-08-29 11:15:53.377 | DEBUG    | core:as_tensor:724 - Loaded cache for /proj_sw/user_dev/ctr-apbernal/tt-metal/model_cache/meta-llama/Llama-3.3-70B-Instruct/TG/tensor_cache_instruct_bfp8/pb_rs_00_QKV_batched_0_2048_dtype_BFLOAT8_B_layout_TILE.tensorbin of shape Shape([1, 32, 64, 320])
2026-08-29 11:15:53.398 | DEBUG    | core:as_tensor:724 - Loaded cache for /proj_sw/user_dev/ctr-apbernal/tt-metal/model_cache/meta-llama/Llama-3.3-70B-Instruct/TG/tensor_cache_instruct_bfp8/pb_rs_01_FF1_batched_0_2048_dtype_BFLOAT8_B_layout_TILE.tensorbin of shape Shape([1, 32, 64, 3584])
2026-08-29 11:15:53.405 | DEBUG    | core:as_tensor:724 - Loaded cache for /proj_sw/user_dev/ctr-apbernal/tt-metal/model_cache/meta-llama/Llama-3.3-70B-Instruct/TG/tensor_cache_instruct_bfp8/pb_rs_00_FF1_batched_0_2048_dtype_BFLOAT8_B_layout_TILE.tensorbin of shape Shape([1, 32, 64, 896])
2026-08-29 11:15:53.425 | DEBUG    | core:as_tensor:724 - Loaded cache for /proj_sw/user_dev/ctr-apbernal/tt-metal/model_cache/meta-llama/Llama-3.3-70B-Instruct/TG/tensor_cache_instruct_bfp8/pb_rs_01_FF3_batched_0_2048_dtype_BFLOAT8_B_layout_TILE.tensorbin of shape Shape([1, 32, 64, 3584])
2026-08-29 11:15:53.433 | DEBUG    | core:as_tensor:724 - Loaded cache for /proj_sw/user_dev/ctr-apbernal/tt-metal/model_cache/meta-llama/Llama-3.3-70B-Instruct/TG/tensor_cache_instruct_bfp8/pb_rs_00_FF3_batched_0_2048_dtype_BFLOAT8_B_layout_TILE.tensorbin of shape Shape([1, 32, 64, 896])
2026-08-29 11:15:53.446 | DEBUG    | core:as_tensor:724 - Loaded cache for /proj_sw/user_dev/ctr-apbernal/tt-metal/model_cache/meta-llama/Llama-3.3-70B-Instruct/TG/tensor_cache_instruct_bfp8/pb_rs_01_FF2_batched_0_2048_dtype_BFLOAT8_B_layout_TILE.tensorbin of shape Shape([1, 32, 64, 2048])
2026-08-29 11:15:53.452 | DEBUG    | core:as_tensor:724 - Loaded cache for /proj_sw/user_dev/ctr-apbernal/tt-metal/model_cache/meta-llama/Llama-3.3-70B-Instruct/TG/tensor_cache_instruct_bfp8/pb_rs_00_FF2_batched_0_2048_dtype_BFLOAT8_B_layout_TILE.tensorbin of shape Shape([1, 32, 64, 256])
2026-08-29 11:15:53.459 | DEBUG    | core:as_tensor:724 - Loaded cache for /proj_sw/user_dev/ctr-apbernal/tt-metal/model_cache/meta-llama/Llama-3.3-70B-Instruct/TG/tensor_cache_instruct_bfp8/pb_rs_01_QKV_0_1024_dtype_BFLOAT8_B_layout_TILE.tensorbin of shape Shape([1, 1, 1024, 1280])
2026-08-29 11:15:53.463 | DEBUG    | core:as_tensor:724 - Loaded cache for /proj_sw/user_dev/ctr-apbernal/tt-metal/model_cache/meta-llama/Llama-3.3-70B-Instruct/TG/tensor_cache_instruct_bfp8/pb_rs_00_QKV_0_1024_dtype_BFLOAT8_B_layout_TILE.tensorbin of shape Shape([1, 1, 1024, 320])
2026-08-29 11:15:53.475 | DEBUG    | core:as_tensor:724 - Loaded cache for /proj_sw/user_dev/ctr-apbernal/tt-metal/model_cache/meta-llama/Llama-3.3-70B-Instruct/TG/tensor_cache_instruct_bfp8/pb_rs_01_FF1_0_1024_dtype_BFLOAT8_B_layout_TILE.tensorbin of shape Shape([1, 1, 1024, 3584])
2026-08-29 11:15:53.480 | DEBUG    | core:as_tensor:724 - Loaded cache for /proj_sw/user_dev/ctr-apbernal/tt-metal/model_cache/meta-llama/Llama-3.3-70B-Instruct/TG/tensor_cache_instruct_bfp8/pb_rs_00_FF1_0_1024_dtype_BFLOAT8_B_layout_TILE.tensorbin of shape Shape([1, 1, 1024, 896])
2026-08-29 11:15:53.493 | DEBUG    | core:as_tensor:724 - Loaded cache for /proj_sw/user_dev/ctr-apbernal/tt-metal/model_cache/meta-llama/Llama-3.3-70B-Instruct/TG/tensor_cache_instruct_bfp8/pb_rs_01_FF3_0_1024_dtype_BFLOAT8_B_layout_TILE.tensorbin of shape Shape([1, 1, 1024, 3584])
2026-08-29 11:15:53.499 | DEBUG    | core:as_tensor:724 - Loaded cache for /proj_sw/user_dev/ctr-apbernal/tt-metal/model_cache/meta-llama/Llama-3.3-70B-Instruct/TG/tensor_cache_instruct_bfp8/pb_rs_00_FF3_0_1024_dtype_BFLOAT8_B_layout_TILE.tensorbin of shape Shape([1, 1, 1024, 896])
2026-08-29 11:15:53.508 | DEBUG    | core:as_tensor:724 - Loaded cache for /proj_sw/user_dev/ctr-apbernal/tt-metal/model_cache/meta-llama/Llama-3.3-70B-Instruct/TG/tensor_cache_instruct_bfp8/pb_rs_01_FF2_0_1024_dtype_BFLOAT8_B_layout_TILE.tensorbin of shape Shape([1, 1, 1024, 2048])
2026-08-29 11:15:53.512 | DEBUG    | core:as_tensor:724 - Loaded cache for /proj_sw/user_dev/ctr-apbernal/tt-metal/model_cache/meta-llama/Llama-3.3-70B-Instruct/TG/tensor_cache_instruct_bfp8/pb_rs_00_FF2_0_1024_dtype_BFLOAT8_B_layout_TILE.tensorbin of shape Shape([1, 1, 1024, 256])
2026-08-29 11:15:53.516 | DEBUG    | core:as_tensor:724 - Loaded cache for /proj_sw/user_dev/ctr-apbernal/tt-metal/model_cache/meta-llama/Llama-3.3-70B-Instruct/TG/tensor_cache_instruct_bfp8/pb_rs_01_ATTN_REPLICATE_0_1024_dtype_BFLOAT8_B_layout_TILE.tensorbin of shape Shape([1, 1, 1024, 128])
2026-08-29 11:15:53.518 | DEBUG    | core:as_tensor:724 - Loaded cache for /proj_sw/user_dev/ctr-apbernal/tt-metal/model_cache/meta-llama/Llama-3.3-70B-Instruct/TG/tensor_cache_instruct_bfp8/pb_rs_00_ATTN_REPLICATE_0_1024_dtype_BFLOAT8_B_layout_TILE.tensorbin of shape Shape([1, 1, 1024, 32])
2026-08-29 11:15:53.526 | DEBUG    | core:as_tensor:724 - Loaded cache for /proj_sw/user_dev/ctr-apbernal/tt-metal/model_cache/meta-llama/Llama-3.3-70B-Instruct/TG/tensor_cache_instruct_bfp8/pb_rs_01_QKV_batched_0_1024_dtype_BFLOAT8_B_layout_TILE.tensorbin of shape Shape([1, 32, 32, 1280])
2026-08-29 11:15:53.529 | DEBUG    | core:as_tensor:724 - Loaded cache for /proj_sw/user_dev/ctr-apbernal/tt-metal/model_cache/meta-llama/Llama-3.3-70B-Instruct/TG/tensor_cache_instruct_bfp8/pb_rs_00_QKV_batched_0_1024_dtype_BFLOAT8_B_layout_TILE.tensorbin of shape Shape([1, 32, 32, 320])
2026-08-29 11:15:53.541 | DEBUG    | core:as_tensor:724 - Loaded cache for /proj_sw/user_dev/ctr-apbernal/tt-metal/model_cache/meta-llama/Llama-3.3-70B-Instruct/TG/tensor_cache_instruct_bfp8/pb_rs_01_FF1_batched_0_1024_dtype_BFLOAT8_B_layout_TILE.tensorbin of shape Shape([1, 32, 32, 3584])
2026-08-29 11:15:53.546 | DEBUG    | core:as_tensor:724 - Loaded cache for /proj_sw/user_dev/ctr-apbernal/tt-metal/model_cache/meta-llama/Llama-3.3-70B-Instruct/TG/tensor_cache_instruct_bfp8/pb_rs_00_FF1_batched_0_1024_dtype_BFLOAT8_B_layout_TILE.tensorbin of shape Shape([1, 32, 32, 896])
2026-08-29 11:15:53.558 | DEBUG    | core:as_tensor:724 - Loaded cache for /proj_sw/user_dev/ctr-apbernal/tt-metal/model_cache/meta-llama/Llama-3.3-70B-Instruct/TG/tensor_cache_instruct_bfp8/pb_rs_01_FF3_batched_0_1024_dtype_BFLOAT8_B_layout_TILE.tensorbin of shape Shape([1, 32, 32, 3584])
2026-08-29 11:15:53.563 | DEBUG    | core:as_tensor:724 - Loaded cache for /proj_sw/user_dev/ctr-apbernal/tt-metal/model_cache/meta-llama/Llama-3.3-70B-Instruct/TG/tensor_cache_instruct_bfp8/pb_rs_00_FF3_batched_0_1024_dtype_BFLOAT8_B_layout_TILE.tensorbin of shape Shape([1, 32, 32, 896])
2026-08-29 11:15:53.571 | DEBUG    | core:as_tensor:724 - Loaded cache for /proj_sw/user_dev/ctr-apbernal/tt-metal/model_cache/meta-llama/Llama-3.3-70B-Instruct/TG/tensor_cache_instruct_bfp8/pb_rs_01_FF2_batched_0_1024_dtype_BFLOAT8_B_layout_TILE.tensorbin of shape Shape([1, 32, 32, 2048])
2026-08-29 11:15:53.575 | DEBUG    | core:as_tensor:724 - Loaded cache for /proj_sw/user_dev/ctr-apbernal/tt-metal/model_cache/meta-llama/Llama-3.3-70B-Instruct/TG/tensor_cache_instruct_bfp8/pb_rs_00_FF2_batched_0_1024_dtype_BFLOAT8_B_layout_TILE.tensorbin of shape Shape([1, 32, 32, 256])
2026-08-29 11:15:53.579 | DEBUG    | core:as_tensor:724 - Loaded cache for /proj_sw/user_dev/ctr-apbernal/tt-metal/model_cache/meta-llama/Llama-3.3-70B-Instruct/TG/tensor_cache_instruct_bfp8/pb_rs_01_QKV_0_128_dtype_BFLOAT8_B_layout_TILE.tensorbin of shape Shape([1, 1, 128, 1280])
2026-08-29 11:15:53.582 | DEBUG    | core:as_tensor:724 - Loaded cache for /proj_sw/user_dev/ctr-apbernal/tt-metal/model_cache/meta-llama/Llama-3.3-70B-Instruct/TG/tensor_cache_instruct_bfp8/pb_rs_00_QKV_0_128_dtype_BFLOAT8_B_layout_TILE.tensorbin of shape Shape([1, 1, 128, 320])
2026-08-29 11:15:53.587 | DEBUG    | core:as_tensor:724 - Loaded cache for /proj_sw/user_dev/ctr-apbernal/tt-metal/model_cache/meta-llama/Llama-3.3-70B-Instruct/TG/tensor_cache_instruct_bfp8/pb_rs_01_FF1_0_128_dtype_BFLOAT8_B_layout_TILE.tensorbin of shape Shape([1, 1, 128, 3584])
2026-08-29 11:15:53.590 | DEBUG    | core:as_tensor:724 - Loaded cache for /proj_sw/user_dev/ctr-apbernal/tt-metal/model_cache/meta-llama/Llama-3.3-70B-Instruct/TG/tensor_cache_instruct_bfp8/pb_rs_00_FF1_0_128_dtype_BFLOAT8_B_layout_TILE.tensorbin of shape Shape([1, 1, 128, 896])
2026-08-29 11:15:53.594 | DEBUG    | core:as_tensor:724 - Loaded cache for /proj_sw/user_dev/ctr-apbernal/tt-metal/model_cache/meta-llama/Llama-3.3-70B-Instruct/TG/tensor_cache_instruct_bfp8/pb_rs_01_FF3_0_128_dtype_BFLOAT8_B_layout_TILE.tensorbin of shape Shape([1, 1, 128, 3584])
2026-08-29 11:15:53.599 | DEBUG    | core:as_tensor:724 - Loaded cache for /proj_sw/user_dev/ctr-apbernal/tt-metal/model_cache/meta-llama/Llama-3.3-70B-Instruct/TG/tensor_cache_instruct_bfp8/pb_rs_00_FF3_0_128_dtype_BFLOAT8_B_layout_TILE.tensorbin of shape Shape([1, 1, 128, 896])
2026-08-29 11:15:53.602 | DEBUG    | core:as_tensor:724 - Loaded cache for /proj_sw/user_dev/ctr-apbernal/tt-metal/model_cache/meta-llama/Llama-3.3-70B-Instruct/TG/tensor_cache_instruct_bfp8/pb_rs_01_FF2_0_128_dtype_BFLOAT8_B_layout_TILE.tensorbin of shape Shape([1, 1, 128, 2048])
2026-08-29 11:15:53.605 | DEBUG    | core:as_tensor:724 - Loaded cache for /proj_sw/user_dev/ctr-apbernal/tt-metal/model_cache/meta-llama/Llama-3.3-70B-Instruct/TG/tensor_cache_instruct_bfp8/pb_rs_00_FF2_0_128_dtype_BFLOAT8_B_layout_TILE.tensorbin of shape Shape([1, 1, 128, 256])
2026-08-29 11:15:53.607 | DEBUG    | core:as_tensor:724 - Loaded cache for /proj_sw/user_dev/ctr-apbernal/tt-metal/model_cache/meta-llama/Llama-3.3-70B-Instruct/TG/tensor_cache_instruct_bfp8/pb_rs_01_ATTN_REPLICATE_0_128_dtype_BFLOAT8_B_layout_TILE.tensorbin of shape Shape([1, 1, 128, 128])
2026-08-29 11:15:53.610 | DEBUG    | core:as_tensor:724 - Loaded cache for /proj_sw/user_dev/ctr-apbernal/tt-metal/model_cache/meta-llama/Llama-3.3-70B-Instruct/TG/tensor_cache_instruct_bfp8/pb_rs_00_ATTN_REPLICATE_0_128_dtype_BFLOAT8_B_layout_TILE.tensorbin of shape Shape([1, 1, 128, 32])
2026-08-29 11:15:53.617 | DEBUG    | core:as_tensor:724 - Loaded cache for /proj_sw/user_dev/ctr-apbernal/tt-metal/model_cache/meta-llama/Llama-3.3-70B-Instruct/TG/tensor_cache_instruct_bfp8/pb_rs_01_QKV_batched_0_128_dtype_BFLOAT8_B_layout_TILE.tensorbin of shape Shape([1, 32, 4, 1280])
2026-08-29 11:15:53.621 | DEBUG    | core:as_tensor:724 - Loaded cache for /proj_sw/user_dev/ctr-apbernal/tt-metal/model_cache/meta-llama/Llama-3.3-70B-Instruct/TG/tensor_cache_instruct_bfp8/pb_rs_00_QKV_batched_0_128_dtype_BFLOAT8_B_layout_TILE.tensorbin of shape Shape([1, 32, 4, 320])
2026-08-29 11:15:53.632 | DEBUG    | core:as_tensor:724 - Loaded cache for /proj_sw/user_dev/ctr-apbernal/tt-metal/model_cache/meta-llama/Llama-3.3-70B-Instruct/TG/tensor_cache_instruct_bfp8/pb_rs_01_FF1_batched_0_128_dtype_BFLOAT8_B_layout_TILE.tensorbin of shape Shape([1, 32, 4, 3584])
2026-08-29 11:15:53.638 | DEBUG    | core:as_tensor:724 - Loaded cache for /proj_sw/user_dev/ctr-apbernal/tt-metal/model_cache/meta-llama/Llama-3.3-70B-Instruct/TG/tensor_cache_instruct_bfp8/pb_rs_00_FF1_batched_0_128_dtype_BFLOAT8_B_layout_TILE.tensorbin of shape Shape([1, 32, 4, 896])
2026-08-29 11:15:53.649 | DEBUG    | core:as_tensor:724 - Loaded cache for /proj_sw/user_dev/ctr-apbernal/tt-metal/model_cache/meta-llama/Llama-3.3-70B-Instruct/TG/tensor_cache_instruct_bfp8/pb_rs_01_FF3_batched_0_128_dtype_BFLOAT8_B_layout_TILE.tensorbin of shape Shape([1, 32, 4, 3584])
2026-08-29 11:15:53.655 | DEBUG    | core:as_tensor:724 - Loaded cache for /proj_sw/user_dev/ctr-apbernal/tt-metal/model_cache/meta-llama/Llama-3.3-70B-Instruct/TG/tensor_cache_instruct_bfp8/pb_rs_00_FF3_batched_0_128_dtype_BFLOAT8_B_layout_TILE.tensorbin of shape Shape([1, 32, 4, 896])
2026-08-29 11:15:53.663 | DEBUG    | core:as_tensor:724 - Loaded cache for /proj_sw/user_dev/ctr-apbernal/tt-metal/model_cache/meta-llama/Llama-3.3-70B-Instruct/TG/tensor_cache_instruct_bfp8/pb_rs_01_FF2_batched_0_128_dtype_BFLOAT8_B_layout_TILE.tensorbin of shape Shape([1, 32, 4, 2048])
2026-08-29 11:15:53.667 | DEBUG    | core:as_tensor:724 - Loaded cache for /proj_sw/user_dev/ctr-apbernal/tt-metal/model_cache/meta-llama/Llama-3.3-70B-Instruct/TG/tensor_cache_instruct_bfp8/pb_rs_00_FF2_batched_0_128_dtype_BFLOAT8_B_layout_TILE.tensorbin of shape Shape([1, 32, 4, 256])
2026-08-29 11:15:53.682 | DEBUG    | core:as_tensor:724 - Loaded cache for /proj_sw/user_dev/ctr-apbernal/tt-metal/model_cache/meta-llama/Llama-3.3-70B-Instruct/TG/tensor_cache_instruct_bfp8/pb_ag_QKV4096_dtype_BFLOAT8_B_layout_TILE.tensorbin of shape Shape([1, 1, 4096, 1280])
2026-08-29 11:15:53.691 | DEBUG    | core:as_tensor:724 - Loaded cache for /proj_sw/user_dev/ctr-apbernal/tt-metal/model_cache/meta-llama/Llama-3.3-70B-Instruct/TG/tensor_cache_instruct_bfp8/pb_ag_SDPA4096_dtype_BFLOAT8_B_layout_TILE.tensorbin of shape Shape([1, 1, 2048, 1024])
2026-08-29 11:15:53.699 | DEBUG    | core:as_tensor:724 - Loaded cache for /proj_sw/user_dev/ctr-apbernal/tt-metal/model_cache/meta-llama/Llama-3.3-70B-Instruct/TG/tensor_cache_instruct_bfp8/pb_ag_SDPA_REVERSE4096_dtype_BFLOAT8_B_layout_TILE.tensorbin of shape Shape([1, 1, 2048, 1024])
2026-08-29 11:15:53.876 | DEBUG    | core:as_tensor:724 - Loaded cache for /proj_sw/user_dev/ctr-apbernal/tt-metal/model_cache/meta-llama/Llama-3.3-70B-Instruct/TG/tensor_cache_instruct_bfp8/pb_ag_WO_AG4096_dtype_BFLOAT8_B_layout_TILE.tensorbin of shape Shape([8, 1, 4096, 2048])
2026-08-29 11:15:53.933 | DEBUG    | core:as_tensor:724 - Loaded cache for /proj_sw/user_dev/ctr-apbernal/tt-metal/model_cache/meta-llama/Llama-3.3-70B-Instruct/TG/tensor_cache_instruct_bfp8/pb_ag_FF14096_dtype_BFLOAT8_B_layout_TILE.tensorbin of shape Shape([1, 1, 4096, 3584])
2026-08-29 11:15:53.983 | DEBUG    | core:as_tensor:724 - Loaded cache for /proj_sw/user_dev/ctr-apbernal/tt-metal/model_cache/meta-llama/Llama-3.3-70B-Instruct/TG/tensor_cache_instruct_bfp8/pb_ag_FF34096_dtype_BFLOAT8_B_layout_TILE.tensorbin of shape Shape([1, 1, 4096, 3584])
2026-08-29 11:15:54.011 | DEBUG    | core:as_tensor:724 - Loaded cache for /proj_sw/user_dev/ctr-apbernal/tt-metal/model_cache/meta-llama/Llama-3.3-70B-Instruct/TG/tensor_cache_instruct_bfp8/pb_ag_FF24096_dtype_BFLOAT8_B_layout_TILE.tensorbin of shape Shape([1, 1, 4096, 2048])
2026-08-29 11:15:54.019 | DEBUG    | core:as_tensor:724 - Loaded cache for /proj_sw/user_dev/ctr-apbernal/tt-metal/model_cache/meta-llama/Llama-3.3-70B-Instruct/TG/tensor_cache_instruct_bfp8/pb_ag_LAYERNORM4096_dtype_BFLOAT16_layout_TILE.tensorbin of shape Shape([1, 1, 4096, 128])
2026-08-29 11:15:54.026 | DEBUG    | core:as_tensor:724 - Loaded cache for /proj_sw/user_dev/ctr-apbernal/tt-metal/model_cache/meta-llama/Llama-3.3-70B-Instruct/TG/tensor_cache_instruct_bfp8/pb_ag_ATTN_REPLICATE4096_dtype_BFLOAT8_B_layout_TILE.tensorbin of shape Shape([1, 1, 4096, 128])
2026-08-29 11:15:54.035 | DEBUG    | core:as_tensor:724 - Loaded cache for /proj_sw/user_dev/ctr-apbernal/tt-metal/model_cache/meta-llama/Llama-3.3-70B-Instruct/TG/tensor_cache_instruct_bfp8/pb_ag_QKV2048_dtype_BFLOAT8_B_layout_TILE.tensorbin of shape Shape([1, 1, 2048, 1280])
2026-08-29 11:15:54.041 | DEBUG    | core:as_tensor:724 - Loaded cache for /proj_sw/user_dev/ctr-apbernal/tt-metal/model_cache/meta-llama/Llama-3.3-70B-Instruct/TG/tensor_cache_instruct_bfp8/pb_ag_SDPA2048_dtype_BFLOAT8_B_layout_TILE.tensorbin of shape Shape([1, 1, 1024, 1024])
2026-08-29 11:15:54.053 | DEBUG    | core:as_tensor:724 - Loaded cache for /proj_sw/user_dev/ctr-apbernal/tt-metal/model_cache/meta-llama/Llama-3.3-70B-Instruct/TG/tensor_cache_instruct_bfp8/pb_ag_SDPA_REVERSE2048_dtype_BFLOAT8_B_layout_TILE.tensorbin of shape Shape([1, 1, 1024, 1024])
2026-08-29 11:15:54.147 | DEBUG    | core:as_tensor:724 - Loaded cache for /proj_sw/user_dev/ctr-apbernal/tt-metal/model_cache/meta-llama/Llama-3.3-70B-Instruct/TG/tensor_cache_instruct_bfp8/pb_ag_WO_AG2048_dtype_BFLOAT8_B_layout_TILE.tensorbin of shape Shape([8, 1, 2048, 2048])
2026-08-29 11:15:54.178 | DEBUG    | core:as_tensor:724 - Loaded cache for /proj_sw/user_dev/ctr-apbernal/tt-metal/model_cache/meta-llama/Llama-3.3-70B-Instruct/TG/tensor_cache_instruct_bfp8/pb_ag_FF12048_dtype_BFLOAT8_B_layout_TILE.tensorbin of shape Shape([1, 1, 2048, 3584])
2026-08-29 11:15:54.201 | DEBUG    | core:as_tensor:724 - Loaded cache for /proj_sw/user_dev/ctr-apbernal/tt-metal/model_cache/meta-llama/Llama-3.3-70B-Instruct/TG/tensor_cache_instruct_bfp8/pb_ag_FF32048_dtype_BFLOAT8_B_layout_TILE.tensorbin of shape Shape([1, 1, 2048, 3584])
2026-08-29 11:15:54.215 | DEBUG    | core:as_tensor:724 - Loaded cache for /proj_sw/user_dev/ctr-apbernal/tt-metal/model_cache/meta-llama/Llama-3.3-70B-Instruct/TG/tensor_cache_instruct_bfp8/pb_ag_FF22048_dtype_BFLOAT8_B_layout_TILE.tensorbin of shape Shape([1, 1, 2048, 2048])
2026-08-29 11:15:54.220 | DEBUG    | core:as_tensor:724 - Loaded cache for /proj_sw/user_dev/ctr-apbernal/tt-metal/model_cache/meta-llama/Llama-3.3-70B-Instruct/TG/tensor_cache_instruct_bfp8/pb_ag_LAYERNORM2048_dtype_BFLOAT16_layout_TILE.tensorbin of shape Shape([1, 1, 2048, 128])
2026-08-29 11:15:54.225 | DEBUG    | core:as_tensor:724 - Loaded cache for /proj_sw/user_dev/ctr-apbernal/tt-metal/model_cache/meta-llama/Llama-3.3-70B-Instruct/TG/tensor_cache_instruct_bfp8/pb_ag_ATTN_REPLICATE2048_dtype_BFLOAT8_B_layout_TILE.tensorbin of shape Shape([1, 1, 2048, 128])
2026-08-29 11:15:54.232 | DEBUG    | core:as_tensor:724 - Loaded cache for /proj_sw/user_dev/ctr-apbernal/tt-metal/model_cache/meta-llama/Llama-3.3-70B-Instruct/TG/tensor_cache_instruct_bfp8/pb_ag_QKV1024_dtype_BFLOAT8_B_layout_TILE.tensorbin of shape Shape([1, 1, 1024, 1280])
2026-08-29 11:15:54.237 | DEBUG    | core:as_tensor:724 - Loaded cache for /proj_sw/user_dev/ctr-apbernal/tt-metal/model_cache/meta-llama/Llama-3.3-70B-Instruct/TG/tensor_cache_instruct_bfp8/pb_ag_SDPA1024_dtype_BFLOAT8_B_layout_TILE.tensorbin of shape Shape([1, 1, 512, 1024])
2026-08-29 11:15:54.241 | DEBUG    | core:as_tensor:724 - Loaded cache for /proj_sw/user_dev/ctr-apbernal/tt-metal/model_cache/meta-llama/Llama-3.3-70B-Instruct/TG/tensor_cache_instruct_bfp8/pb_ag_SDPA_REVERSE1024_dtype_BFLOAT8_B_layout_TILE.tensorbin of shape Shape([1, 1, 512, 1024])
2026-08-29 11:15:54.290 | DEBUG    | core:as_tensor:724 - Loaded cache for /proj_sw/user_dev/ctr-apbernal/tt-metal/model_cache/meta-llama/Llama-3.3-70B-Instruct/TG/tensor_cache_instruct_bfp8/pb_ag_WO_AG1024_dtype_BFLOAT8_B_layout_TILE.tensorbin of shape Shape([8, 1, 1024, 2048])
2026-08-29 11:15:54.313 | DEBUG    | core:as_tensor:724 - Loaded cache for /proj_sw/user_dev/ctr-apbernal/tt-metal/model_cache/meta-llama/Llama-3.3-70B-Instruct/TG/tensor_cache_instruct_bfp8/pb_ag_FF11024_dtype_BFLOAT8_B_layout_TILE.tensorbin of shape Shape([1, 1, 1024, 3584])
2026-08-29 11:15:54.325 | DEBUG    | core:as_tensor:724 - Loaded cache for /proj_sw/user_dev/ctr-apbernal/tt-metal/model_cache/meta-llama/Llama-3.3-70B-Instruct/TG/tensor_cache_instruct_bfp8/pb_ag_FF31024_dtype_BFLOAT8_B_layout_TILE.tensorbin of shape Shape([1, 1, 1024, 3584])
2026-08-29 11:15:54.333 | DEBUG    | core:as_tensor:724 - Loaded cache for /proj_sw/user_dev/ctr-apbernal/tt-metal/model_cache/meta-llama/Llama-3.3-70B-Instruct/TG/tensor_cache_instruct_bfp8/pb_ag_FF21024_dtype_BFLOAT8_B_layout_TILE.tensorbin of shape Shape([1, 1, 1024, 2048])
2026-08-29 11:15:54.337 | DEBUG    | core:as_tensor:724 - Loaded cache for /proj_sw/user_dev/ctr-apbernal/tt-metal/model_cache/meta-llama/Llama-3.3-70B-Instruct/TG/tensor_cache_instruct_bfp8/pb_ag_LAYERNORM1024_dtype_BFLOAT16_layout_TILE.tensorbin of shape Shape([1, 1, 1024, 128])
2026-08-29 11:15:54.341 | DEBUG    | core:as_tensor:724 - Loaded cache for /proj_sw/user_dev/ctr-apbernal/tt-metal/model_cache/meta-llama/Llama-3.3-70B-Instruct/TG/tensor_cache_instruct_bfp8/pb_ag_ATTN_REPLICATE1024_dtype_BFLOAT8_B_layout_TILE.tensorbin of shape Shape([1, 1, 1024, 128])
2026-08-29 11:15:54.346 | DEBUG    | core:as_tensor:724 - Loaded cache for /proj_sw/user_dev/ctr-apbernal/tt-metal/model_cache/meta-llama/Llama-3.3-70B-Instruct/TG/tensor_cache_instruct_bfp8/pb_ag_QKV128_dtype_BFLOAT8_B_layout_TILE.tensorbin of shape Shape([1, 1, 128, 1280])
2026-08-29 11:15:54.350 | DEBUG    | core:as_tensor:724 - Loaded cache for /proj_sw/user_dev/ctr-apbernal/tt-metal/model_cache/meta-llama/Llama-3.3-70B-Instruct/TG/tensor_cache_instruct_bfp8/pb_ag_SDPA128_dtype_BFLOAT8_B_layout_TILE.tensorbin of shape Shape([1, 1, 64, 1024])
2026-08-29 11:15:54.353 | DEBUG    | core:as_tensor:724 - Loaded cache for /proj_sw/user_dev/ctr-apbernal/tt-metal/model_cache/meta-llama/Llama-3.3-70B-Instruct/TG/tensor_cache_instruct_bfp8/pb_ag_SDPA_REVERSE128_dtype_BFLOAT8_B_layout_TILE.tensorbin of shape Shape([1, 1, 64, 1024])
2026-08-29 11:15:54.362 | DEBUG    | core:as_tensor:724 - Loaded cache for /proj_sw/user_dev/ctr-apbernal/tt-metal/model_cache/meta-llama/Llama-3.3-70B-Instruct/TG/tensor_cache_instruct_bfp8/pb_ag_WO_AG128_dtype_BFLOAT8_B_layout_TILE.tensorbin of shape Shape([8, 1, 128, 2048])
2026-08-29 11:15:54.366 | DEBUG    | core:as_tensor:724 - Loaded cache for /proj_sw/user_dev/ctr-apbernal/tt-metal/model_cache/meta-llama/Llama-3.3-70B-Instruct/TG/tensor_cache_instruct_bfp8/pb_ag_FF1128_dtype_BFLOAT8_B_layout_TILE.tensorbin of shape Shape([1, 1, 128, 3584])
2026-08-29 11:15:54.371 | DEBUG    | core:as_tensor:724 - Loaded cache for /proj_sw/user_dev/ctr-apbernal/tt-metal/model_cache/meta-llama/Llama-3.3-70B-Instruct/TG/tensor_cache_instruct_bfp8/pb_ag_FF3128_dtype_BFLOAT8_B_layout_TILE.tensorbin of shape Shape([1, 1, 128, 3584])
2026-08-29 11:15:54.374 | DEBUG    | core:as_tensor:724 - Loaded cache for /proj_sw/user_dev/ctr-apbernal/tt-metal/model_cache/meta-llama/Llama-3.3-70B-Instruct/TG/tensor_cache_instruct_bfp8/pb_ag_FF2128_dtype_BFLOAT8_B_layout_TILE.tensorbin of shape Shape([1, 1, 128, 2048])
2026-08-29 11:15:54.377 | DEBUG    | core:as_tensor:724 - Loaded cache for /proj_sw/user_dev/ctr-apbernal/tt-metal/model_cache/meta-llama/Llama-3.3-70B-Instruct/TG/tensor_cache_instruct_bfp8/pb_ag_LAYERNORM128_dtype_BFLOAT16_layout_TILE.tensorbin of shape Shape([1, 1, 128, 128])
2026-08-29 11:15:54.379 | DEBUG    | core:as_tensor:724 - Loaded cache for /proj_sw/user_dev/ctr-apbernal/tt-metal/model_cache/meta-llama/Llama-3.3-70B-Instruct/TG/tensor_cache_instruct_bfp8/pb_ag_ATTN_REPLICATE128_dtype_BFLOAT8_B_layout_TILE.tensorbin of shape Shape([1, 1, 128, 128])
2026-08-29 11:15:54.388 | DEBUG    | core:as_tensor:724 - Loaded cache for /proj_sw/user_dev/ctr-apbernal/tt-metal/model_cache/meta-llama/Llama-3.3-70B-Instruct/TG/tensor_cache_instruct_bfp8/pb_ag_LM_HEAD_32_dtype_BFLOAT8_B_layout_TILE.tensorbin of shape Shape([4, 1, 32, 16384])
2026-08-29 11:15:54.401 | DEBUG    | core:as_tensor:724 - Loaded cache for /proj_sw/user_dev/ctr-apbernal/tt-metal/model_cache/meta-llama/Llama-3.3-70B-Instruct/TG/tensor_cache_instruct_bfp8/pb_ag_SAMPLING_32_dtype_BFLOAT8_B_layout_TILE.tensorbin of shape Shape([1, 1, 32, 131072])
2026-08-29 11:15:54.402 | INFO     | models.demos.llama3_70b_galaxy.tt.prefetcher_common:__init__:33 - Running TtLlamaPrefetcherSetup
2026-08-29 11:15:54.426 | DEBUG    | core:as_tensor:724 - Loaded cache for /proj_sw/user_dev/ctr-apbernal/tt-metal/model_cache/meta-llama/Llama-3.3-70B-Instruct/TG/tensor_cache_instruct_bfp8/pb_rs_01_QKV_0_4096_dtype_BFLOAT8_B_layout_TILE.tensorbin of shape Shape([1, 1, 4096, 1280])
2026-08-29 11:15:54.429 | DEBUG    | core:as_tensor:724 - Loaded cache for /proj_sw/user_dev/ctr-apbernal/tt-metal/model_cache/meta-llama/Llama-3.3-70B-Instruct/TG/tensor_cache_instruct_bfp8/pb_rs_00_QKV_0_4096_dtype_BFLOAT8_B_layout_TILE.tensorbin of shape Shape([1, 1, 4096, 320])
2026-08-29 11:15:54.441 | DEBUG    | core:as_tensor:724 - Loaded cache for /proj_sw/user_dev/ctr-apbernal/tt-metal/model_cache/meta-llama/Llama-3.3-70B-Instruct/TG/tensor_cache_instruct_bfp8/pb_rs_01_FF1_0_4096_dtype_BFLOAT8_B_layout_TILE.tensorbin of shape Shape([1, 1, 4096, 3584])
2026-08-29 11:15:54.449 | DEBUG    | core:as_tensor:724 - Loaded cache for /proj_sw/user_dev/ctr-apbernal/tt-metal/model_cache/meta-llama/Llama-3.3-70B-Instruct/TG/tensor_cache_instruct_bfp8/pb_rs_00_FF1_0_4096_dtype_BFLOAT8_B_layout_TILE.tensorbin of shape Shape([1, 1, 4096, 896])
2026-08-29 11:15:54.461 | DEBUG    | core:as_tensor:724 - Loaded cache for /proj_sw/user_dev/ctr-apbernal/tt-metal/model_cache/meta-llama/Llama-3.3-70B-Instruct/TG/tensor_cache_instruct_bfp8/pb_rs_01_FF3_0_4096_dtype_BFLOAT8_B_layout_TILE.tensorbin of shape Shape([1, 1, 4096, 3584])
2026-08-29 11:15:54.469 | DEBUG    | core:as_tensor:724 - Loaded cache for /proj_sw/user_dev/ctr-apbernal/tt-metal/model_cache/meta-llama/Llama-3.3-70B-Instruct/TG/tensor_cache_instruct_bfp8/pb_rs_00_FF3_0_4096_dtype_BFLOAT8_B_layout_TILE.tensorbin of shape Shape([1, 1, 4096, 896])
2026-08-29 11:15:54.478 | DEBUG    | core:as_tensor:724 - Loaded cache for /proj_sw/user_dev/ctr-apbernal/tt-metal/model_cache/meta-llama/Llama-3.3-70B-Instruct/TG/tensor_cache_instruct_bfp8/pb_rs_01_FF2_0_4096_dtype_BFLOAT8_B_layout_TILE.tensorbin of shape Shape([1, 1, 4096, 2048])
2026-08-29 11:15:54.485 | DEBUG    | core:as_tensor:724 - Loaded cache for /proj_sw/user_dev/ctr-apbernal/tt-metal/model_cache/meta-llama/Llama-3.3-70B-Instruct/TG/tensor_cache_instruct_bfp8/pb_rs_00_FF2_0_4096_dtype_BFLOAT8_B_layout_TILE.tensorbin of shape Shape([1, 1, 4096, 256])
2026-08-29 11:15:54.489 | DEBUG    | core:as_tensor:724 - Loaded cache for /proj_sw/user_dev/ctr-apbernal/tt-metal/model_cache/meta-llama/Llama-3.3-70B-Instruct/TG/tensor_cache_instruct_bfp8/pb_rs_01_ATTN_REPLICATE_0_4096_dtype_BFLOAT8_B_layout_TILE.tensorbin of shape Shape([1, 1, 4096, 128])
2026-08-29 11:15:54.494 | DEBUG    | core:as_tensor:724 - Loaded cache for /proj_sw/user_dev/ctr-apbernal/tt-metal/model_cache/meta-llama/Llama-3.3-70B-Instruct/TG/tensor_cache_instruct_bfp8/pb_rs_00_ATTN_REPLICATE_0_4096_dtype_BFLOAT8_B_layout_TILE.tensorbin of shape Shape([1, 1, 4096, 32])
2026-08-29 11:15:54.500 | DEBUG    | core:as_tensor:724 - Loaded cache for /proj_sw/user_dev/ctr-apbernal/tt-metal/model_cache/meta-llama/Llama-3.3-70B-Instruct/TG/tensor_cache_instruct_bfp8/pb_rs_01_QKV_batched_0_4096_dtype_BFLOAT8_B_layout_TILE.tensorbin of shape Shape([1, 32, 128, 1280])
2026-08-29 11:15:54.504 | DEBUG    | core:as_tensor:724 - Loaded cache for /proj_sw/user_dev/ctr-apbernal/tt-metal/model_cache/meta-llama/Llama-3.3-70B-Instruct/TG/tensor_cache_instruct_bfp8/pb_rs_00_QKV_batched_0_4096_dtype_BFLOAT8_B_layout_TILE.tensorbin of shape Shape([1, 32, 128, 320])
2026-08-29 11:15:54.515 | DEBUG    | core:as_tensor:724 - Loaded cache for /proj_sw/user_dev/ctr-apbernal/tt-metal/model_cache/meta-llama/Llama-3.3-70B-Instruct/TG/tensor_cache_instruct_bfp8/pb_rs_01_FF1_batched_0_4096_dtype_BFLOAT8_B_layout_TILE.tensorbin of shape Shape([1, 32, 128, 3584])
2026-08-29 11:15:54.524 | DEBUG    | core:as_tensor:724 - Loaded cache for /proj_sw/user_dev/ctr-apbernal/tt-metal/model_cache/meta-llama/Llama-3.3-70B-Instruct/TG/tensor_cache_instruct_bfp8/pb_rs_00_FF1_batched_0_4096_dtype_BFLOAT8_B_layout_TILE.tensorbin of shape Shape([1, 32, 128, 896])
2026-08-29 11:15:54.536 | DEBUG    | core:as_tensor:724 - Loaded cache for /proj_sw/user_dev/ctr-apbernal/tt-metal/model_cache/meta-llama/Llama-3.3-70B-Instruct/TG/tensor_cache_instruct_bfp8/pb_rs_01_FF3_batched_0_4096_dtype_BFLOAT8_B_layout_TILE.tensorbin of shape Shape([1, 32, 128, 3584])
2026-08-29 11:15:54.544 | DEBUG    | core:as_tensor:724 - Loaded cache for /proj_sw/user_dev/ctr-apbernal/tt-metal/model_cache/meta-llama/Llama-3.3-70B-Instruct/TG/tensor_cache_instruct_bfp8/pb_rs_00_FF3_batched_0_4096_dtype_BFLOAT8_B_layout_TILE.tensorbin of shape Shape([1, 32, 128, 896])
2026-08-29 11:15:54.552 | DEBUG    | core:as_tensor:724 - Loaded cache for /proj_sw/user_dev/ctr-apbernal/tt-metal/model_cache/meta-llama/Llama-3.3-70B-Instruct/TG/tensor_cache_instruct_bfp8/pb_rs_01_FF2_batched_0_4096_dtype_BFLOAT8_B_layout_TILE.tensorbin of shape Shape([1, 32, 128, 2048])
2026-08-29 11:15:54.558 | DEBUG    | core:as_tensor:724 - Loaded cache for /proj_sw/user_dev/ctr-apbernal/tt-metal/model_cache/meta-llama/Llama-3.3-70B-Instruct/TG/tensor_cache_instruct_bfp8/pb_rs_00_FF2_batched_0_4096_dtype_BFLOAT8_B_layout_TILE.tensorbin of shape Shape([1, 32, 128, 256])
2026-08-29 11:15:54.561 | DEBUG    | core:as_tensor:724 - Loaded cache for /proj_sw/user_dev/ctr-apbernal/tt-metal/model_cache/meta-llama/Llama-3.3-70B-Instruct/TG/tensor_cache_instruct_bfp8/pb_rs_01_QKV_0_2048_dtype_BFLOAT8_B_layout_TILE.tensorbin of shape Shape([1, 1, 2048, 1280])
2026-08-29 11:15:54.563 | DEBUG    | core:as_tensor:724 - Loaded cache for /proj_sw/user_dev/ctr-apbernal/tt-metal/model_cache/meta-llama/Llama-3.3-70B-Instruct/TG/tensor_cache_instruct_bfp8/pb_rs_00_QKV_0_2048_dtype_BFLOAT8_B_layout_TILE.tensorbin of shape Shape([1, 1, 2048, 320])
2026-08-29 11:15:54.571 | DEBUG    | core:as_tensor:724 - Loaded cache for /proj_sw/user_dev/ctr-apbernal/tt-metal/model_cache/meta-llama/Llama-3.3-70B-Instruct/TG/tensor_cache_instruct_bfp8/pb_rs_01_FF1_0_2048_dtype_BFLOAT8_B_layout_TILE.tensorbin of shape Shape([1, 1, 2048, 3584])
2026-08-29 11:15:54.575 | DEBUG    | core:as_tensor:724 - Loaded cache for /proj_sw/user_dev/ctr-apbernal/tt-metal/model_cache/meta-llama/Llama-3.3-70B-Instruct/TG/tensor_cache_instruct_bfp8/pb_rs_00_FF1_0_2048_dtype_BFLOAT8_B_layout_TILE.tensorbin of shape Shape([1, 1, 2048, 896])
2026-08-29 11:15:54.583 | DEBUG    | core:as_tensor:724 - Loaded cache for /proj_sw/user_dev/ctr-apbernal/tt-metal/model_cache/meta-llama/Llama-3.3-70B-Instruct/TG/tensor_cache_instruct_bfp8/pb_rs_01_FF3_0_2048_dtype_BFLOAT8_B_layout_TILE.tensorbin of shape Shape([1, 1, 2048, 3584])
2026-08-29 11:15:54.586 | DEBUG    | core:as_tensor:724 - Loaded cache for /proj_sw/user_dev/ctr-apbernal/tt-metal/model_cache/meta-llama/Llama-3.3-70B-Instruct/TG/tensor_cache_instruct_bfp8/pb_rs_00_FF3_0_2048_dtype_BFLOAT8_B_layout_TILE.tensorbin of shape Shape([1, 1, 2048, 896])
2026-08-29 11:15:54.593 | DEBUG    | core:as_tensor:724 - Loaded cache for /proj_sw/user_dev/ctr-apbernal/tt-metal/model_cache/meta-llama/Llama-3.3-70B-Instruct/TG/tensor_cache_instruct_bfp8/pb_rs_01_FF2_0_2048_dtype_BFLOAT8_B_layout_TILE.tensorbin of shape Shape([1, 1, 2048, 2048])
2026-08-29 11:15:54.600 | DEBUG    | core:as_tensor:724 - Loaded cache for /proj_sw/user_dev/ctr-apbernal/tt-metal/model_cache/meta-llama/Llama-3.3-70B-Instruct/TG/tensor_cache_instruct_bfp8/pb_rs_00_FF2_0_2048_dtype_BFLOAT8_B_layout_TILE.tensorbin of shape Shape([1, 1, 2048, 256])
2026-08-29 11:15:54.604 | DEBUG    | core:as_tensor:724 - Loaded cache for /proj_sw/user_dev/ctr-apbernal/tt-metal/model_cache/meta-llama/Llama-3.3-70B-Instruct/TG/tensor_cache_instruct_bfp8/pb_rs_01_ATTN_REPLICATE_0_2048_dtype_BFLOAT8_B_layout_TILE.tensorbin of shape Shape([1, 1, 2048, 128])
2026-08-29 11:15:54.608 | DEBUG    | core:as_tensor:724 - Loaded cache for /proj_sw/user_dev/ctr-apbernal/tt-metal/model_cache/meta-llama/Llama-3.3-70B-Instruct/TG/tensor_cache_instruct_bfp8/pb_rs_00_ATTN_REPLICATE_0_2048_dtype_BFLOAT8_B_layout_TILE.tensorbin of shape Shape([1, 1, 2048, 32])
2026-08-29 11:15:54.612 | DEBUG    | core:as_tensor:724 - Loaded cache for /proj_sw/user_dev/ctr-apbernal/tt-metal/model_cache/meta-llama/Llama-3.3-70B-Instruct/TG/tensor_cache_instruct_bfp8/pb_rs_01_QKV_batched_0_2048_dtype_BFLOAT8_B_layout_TILE.tensorbin of shape Shape([1, 32, 64, 1280])
2026-08-29 11:15:54.614 | DEBUG    | core:as_tensor:724 - Loaded cache for /proj_sw/user_dev/ctr-apbernal/tt-metal/model_cache/meta-llama/Llama-3.3-70B-Instruct/TG/tensor_cache_instruct_bfp8/pb_rs_00_QKV_batched_0_2048_dtype_BFLOAT8_B_layout_TILE.tensorbin of shape Shape([1, 32, 64, 320])
2026-08-29 11:15:54.621 | DEBUG    | core:as_tensor:724 - Loaded cache for /proj_sw/user_dev/ctr-apbernal/tt-metal/model_cache/meta-llama/Llama-3.3-70B-Instruct/TG/tensor_cache_instruct_bfp8/pb_rs_01_FF1_batched_0_2048_dtype_BFLOAT8_B_layout_TILE.tensorbin of shape Shape([1, 32, 64, 3584])
2026-08-29 11:15:54.627 | DEBUG    | core:as_tensor:724 - Loaded cache for /proj_sw/user_dev/ctr-apbernal/tt-metal/model_cache/meta-llama/Llama-3.3-70B-Instruct/TG/tensor_cache_instruct_bfp8/pb_rs_00_FF1_batched_0_2048_dtype_BFLOAT8_B_layout_TILE.tensorbin of shape Shape([1, 32, 64, 896])
2026-08-29 11:15:54.634 | DEBUG    | core:as_tensor:724 - Loaded cache for /proj_sw/user_dev/ctr-apbernal/tt-metal/model_cache/meta-llama/Llama-3.3-70B-Instruct/TG/tensor_cache_instruct_bfp8/pb_rs_01_FF3_batched_0_2048_dtype_BFLOAT8_B_layout_TILE.tensorbin of shape Shape([1, 32, 64, 3584])
2026-08-29 11:15:54.638 | DEBUG    | core:as_tensor:724 - Loaded cache for /proj_sw/user_dev/ctr-apbernal/tt-metal/model_cache/meta-llama/Llama-3.3-70B-Instruct/TG/tensor_cache_instruct_bfp8/pb_rs_00_FF3_batched_0_2048_dtype_BFLOAT8_B_layout_TILE.tensorbin of shape Shape([1, 32, 64, 896])
2026-08-29 11:15:54.644 | DEBUG    | core:as_tensor:724 - Loaded cache for /proj_sw/user_dev/ctr-apbernal/tt-metal/model_cache/meta-llama/Llama-3.3-70B-Instruct/TG/tensor_cache_instruct_bfp8/pb_rs_01_FF2_batched_0_2048_dtype_BFLOAT8_B_layout_TILE.tensorbin of shape Shape([1, 32, 64, 2048])
2026-08-29 11:15:54.648 | DEBUG    | core:as_tensor:724 - Loaded cache for /proj_sw/user_dev/ctr-apbernal/tt-metal/model_cache/meta-llama/Llama-3.3-70B-Instruct/TG/tensor_cache_instruct_bfp8/pb_rs_00_FF2_batched_0_2048_dtype_BFLOAT8_B_layout_TILE.tensorbin of shape Shape([1, 32, 64, 256])
2026-08-29 11:15:54.652 | DEBUG    | core:as_tensor:724 - Loaded cache for /proj_sw/user_dev/ctr-apbernal/tt-metal/model_cache/meta-llama/Llama-3.3-70B-Instruct/TG/tensor_cache_instruct_bfp8/pb_rs_01_QKV_0_1024_dtype_BFLOAT8_B_layout_TILE.tensorbin of shape Shape([1, 1, 1024, 1280])
2026-08-29 11:15:54.654 | DEBUG    | core:as_tensor:724 - Loaded cache for /proj_sw/user_dev/ctr-apbernal/tt-metal/model_cache/meta-llama/Llama-3.3-70B-Instruct/TG/tensor_cache_instruct_bfp8/pb_rs_00_QKV_0_1024_dtype_BFLOAT8_B_layout_TILE.tensorbin of shape Shape([1, 1, 1024, 320])
2026-08-29 11:15:54.660 | DEBUG    | core:as_tensor:724 - Loaded cache for /proj_sw/user_dev/ctr-apbernal/tt-metal/model_cache/meta-llama/Llama-3.3-70B-Instruct/TG/tensor_cache_instruct_bfp8/pb_rs_01_FF1_0_1024_dtype_BFLOAT8_B_layout_TILE.tensorbin of shape Shape([1, 1, 1024, 3584])
2026-08-29 11:15:54.664 | DEBUG    | core:as_tensor:724 - Loaded cache for /proj_sw/user_dev/ctr-apbernal/tt-metal/model_cache/meta-llama/Llama-3.3-70B-Instruct/TG/tensor_cache_instruct_bfp8/pb_rs_00_FF1_0_1024_dtype_BFLOAT8_B_layout_TILE.tensorbin of shape Shape([1, 1, 1024, 896])
2026-08-29 11:15:54.668 | DEBUG    | core:as_tensor:724 - Loaded cache for /proj_sw/user_dev/ctr-apbernal/tt-metal/model_cache/meta-llama/Llama-3.3-70B-Instruct/TG/tensor_cache_instruct_bfp8/pb_rs_01_FF3_0_1024_dtype_BFLOAT8_B_layout_TILE.tensorbin of shape Shape([1, 1, 1024, 3584])
2026-08-29 11:15:54.672 | DEBUG    | core:as_tensor:724 - Loaded cache for /proj_sw/user_dev/ctr-apbernal/tt-metal/model_cache/meta-llama/Llama-3.3-70B-Instruct/TG/tensor_cache_instruct_bfp8/pb_rs_00_FF3_0_1024_dtype_BFLOAT8_B_layout_TILE.tensorbin of shape Shape([1, 1, 1024, 896])
2026-08-29 11:15:54.674 | DEBUG    | core:as_tensor:724 - Loaded cache for /proj_sw/user_dev/ctr-apbernal/tt-metal/model_cache/meta-llama/Llama-3.3-70B-Instruct/TG/tensor_cache_instruct_bfp8/pb_rs_01_FF2_0_1024_dtype_BFLOAT8_B_layout_TILE.tensorbin of shape Shape([1, 1, 1024, 2048])
2026-08-29 11:15:54.677 | DEBUG    | core:as_tensor:724 - Loaded cache for /proj_sw/user_dev/ctr-apbernal/tt-metal/model_cache/meta-llama/Llama-3.3-70B-Instruct/TG/tensor_cache_instruct_bfp8/pb_rs_00_FF2_0_1024_dtype_BFLOAT8_B_layout_TILE.tensorbin of shape Shape([1, 1, 1024, 256])
2026-08-29 11:15:54.681 | DEBUG    | core:as_tensor:724 - Loaded cache for /proj_sw/user_dev/ctr-apbernal/tt-metal/model_cache/meta-llama/Llama-3.3-70B-Instruct/TG/tensor_cache_instruct_bfp8/pb_rs_01_ATTN_REPLICATE_0_1024_dtype_BFLOAT8_B_layout_TILE.tensorbin of shape Shape([1, 1, 1024, 128])
2026-08-29 11:15:54.683 | DEBUG    | core:as_tensor:724 - Loaded cache for /proj_sw/user_dev/ctr-apbernal/tt-metal/model_cache/meta-llama/Llama-3.3-70B-Instruct/TG/tensor_cache_instruct_bfp8/pb_rs_00_ATTN_REPLICATE_0_1024_dtype_BFLOAT8_B_layout_TILE.tensorbin of shape Shape([1, 1, 1024, 32])
2026-08-29 11:15:54.687 | DEBUG    | core:as_tensor:724 - Loaded cache for /proj_sw/user_dev/ctr-apbernal/tt-metal/model_cache/meta-llama/Llama-3.3-70B-Instruct/TG/tensor_cache_instruct_bfp8/pb_rs_01_QKV_batched_0_1024_dtype_BFLOAT8_B_layout_TILE.tensorbin of shape Shape([1, 32, 32, 1280])
2026-08-29 11:15:54.691 | DEBUG    | core:as_tensor:724 - Loaded cache for /proj_sw/user_dev/ctr-apbernal/tt-metal/model_cache/meta-llama/Llama-3.3-70B-Instruct/TG/tensor_cache_instruct_bfp8/pb_rs_00_QKV_batched_0_1024_dtype_BFLOAT8_B_layout_TILE.tensorbin of shape Shape([1, 32, 32, 320])
2026-08-29 11:15:54.694 | DEBUG    | core:as_tensor:724 - Loaded cache for /proj_sw/user_dev/ctr-apbernal/tt-metal/model_cache/meta-llama/Llama-3.3-70B-Instruct/TG/tensor_cache_instruct_bfp8/pb_rs_01_FF1_batched_0_1024_dtype_BFLOAT8_B_layout_TILE.tensorbin of shape Shape([1, 32, 32, 3584])
2026-08-29 11:15:54.700 | DEBUG    | core:as_tensor:724 - Loaded cache for /proj_sw/user_dev/ctr-apbernal/tt-metal/model_cache/meta-llama/Llama-3.3-70B-Instruct/TG/tensor_cache_instruct_bfp8/pb_rs_00_FF1_batched_0_1024_dtype_BFLOAT8_B_layout_TILE.tensorbin of shape Shape([1, 32, 32, 896])
2026-08-29 11:15:54.703 | DEBUG    | core:as_tensor:724 - Loaded cache for /proj_sw/user_dev/ctr-apbernal/tt-metal/model_cache/meta-llama/Llama-3.3-70B-Instruct/TG/tensor_cache_instruct_bfp8/pb_rs_01_FF3_batched_0_1024_dtype_BFLOAT8_B_layout_TILE.tensorbin of shape Shape([1, 32, 32, 3584])
2026-08-29 11:15:54.707 | DEBUG    | core:as_tensor:724 - Loaded cache for /proj_sw/user_dev/ctr-apbernal/tt-metal/model_cache/meta-llama/Llama-3.3-70B-Instruct/TG/tensor_cache_instruct_bfp8/pb_rs_00_FF3_batched_0_1024_dtype_BFLOAT8_B_layout_TILE.tensorbin of shape Shape([1, 32, 32, 896])
2026-08-29 11:15:54.712 | DEBUG    | core:as_tensor:724 - Loaded cache for /proj_sw/user_dev/ctr-apbernal/tt-metal/model_cache/meta-llama/Llama-3.3-70B-Instruct/TG/tensor_cache_instruct_bfp8/pb_rs_01_FF2_batched_0_1024_dtype_BFLOAT8_B_layout_TILE.tensorbin of shape Shape([1, 32, 32, 2048])
2026-08-29 11:15:54.717 | DEBUG    | core:as_tensor:724 - Loaded cache for /proj_sw/user_dev/ctr-apbernal/tt-metal/model_cache/meta-llama/Llama-3.3-70B-Instruct/TG/tensor_cache_instruct_bfp8/pb_rs_00_FF2_batched_0_1024_dtype_BFLOAT8_B_layout_TILE.tensorbin of shape Shape([1, 32, 32, 256])
2026-08-29 11:15:54.719 | DEBUG    | core:as_tensor:724 - Loaded cache for /proj_sw/user_dev/ctr-apbernal/tt-metal/model_cache/meta-llama/Llama-3.3-70B-Instruct/TG/tensor_cache_instruct_bfp8/pb_rs_01_QKV_0_128_dtype_BFLOAT8_B_layout_TILE.tensorbin of shape Shape([1, 1, 128, 1280])
2026-08-29 11:15:54.721 | DEBUG    | core:as_tensor:724 - Loaded cache for /proj_sw/user_dev/ctr-apbernal/tt-metal/model_cache/meta-llama/Llama-3.3-70B-Instruct/TG/tensor_cache_instruct_bfp8/pb_rs_00_QKV_0_128_dtype_BFLOAT8_B_layout_TILE.tensorbin of shape Shape([1, 1, 128, 320])
2026-08-29 11:15:54.722 | DEBUG    | core:as_tensor:724 - Loaded cache for /proj_sw/user_dev/ctr-apbernal/tt-metal/model_cache/meta-llama/Llama-3.3-70B-Instruct/TG/tensor_cache_instruct_bfp8/pb_rs_01_FF1_0_128_dtype_BFLOAT8_B_layout_TILE.tensorbin of shape Shape([1, 1, 128, 3584])
2026-08-29 11:15:54.727 | DEBUG    | core:as_tensor:724 - Loaded cache for /proj_sw/user_dev/ctr-apbernal/tt-metal/model_cache/meta-llama/Llama-3.3-70B-Instruct/TG/tensor_cache_instruct_bfp8/pb_rs_00_FF1_0_128_dtype_BFLOAT8_B_layout_TILE.tensorbin of shape Shape([1, 1, 128, 896])
2026-08-29 11:15:54.729 | DEBUG    | core:as_tensor:724 - Loaded cache for /proj_sw/user_dev/ctr-apbernal/tt-metal/model_cache/meta-llama/Llama-3.3-70B-Instruct/TG/tensor_cache_instruct_bfp8/pb_rs_01_FF3_0_128_dtype_BFLOAT8_B_layout_TILE.tensorbin of shape Shape([1, 1, 128, 3584])
2026-08-29 11:15:54.731 | DEBUG    | core:as_tensor:724 - Loaded cache for /proj_sw/user_dev/ctr-apbernal/tt-metal/model_cache/meta-llama/Llama-3.3-70B-Instruct/TG/tensor_cache_instruct_bfp8/pb_rs_00_FF3_0_128_dtype_BFLOAT8_B_layout_TILE.tensorbin of shape Shape([1, 1, 128, 896])
2026-08-29 11:15:54.734 | DEBUG    | core:as_tensor:724 - Loaded cache for /proj_sw/user_dev/ctr-apbernal/tt-metal/model_cache/meta-llama/Llama-3.3-70B-Instruct/TG/tensor_cache_instruct_bfp8/pb_rs_01_FF2_0_128_dtype_BFLOAT8_B_layout_TILE.tensorbin of shape Shape([1, 1, 128, 2048])
2026-08-29 11:15:54.736 | DEBUG    | core:as_tensor:724 - Loaded cache for /proj_sw/user_dev/ctr-apbernal/tt-metal/model_cache/meta-llama/Llama-3.3-70B-Instruct/TG/tensor_cache_instruct_bfp8/pb_rs_00_FF2_0_128_dtype_BFLOAT8_B_layout_TILE.tensorbin of shape Shape([1, 1, 128, 256])
2026-08-29 11:15:54.737 | DEBUG    | core:as_tensor:724 - Loaded cache for /proj_sw/user_dev/ctr-apbernal/tt-metal/model_cache/meta-llama/Llama-3.3-70B-Instruct/TG/tensor_cache_instruct_bfp8/pb_rs_01_ATTN_REPLICATE_0_128_dtype_BFLOAT8_B_layout_TILE.tensorbin of shape Shape([1, 1, 128, 128])
2026-08-29 11:15:54.739 | DEBUG    | core:as_tensor:724 - Loaded cache for /proj_sw/user_dev/ctr-apbernal/tt-metal/model_cache/meta-llama/Llama-3.3-70B-Instruct/TG/tensor_cache_instruct_bfp8/pb_rs_00_ATTN_REPLICATE_0_128_dtype_BFLOAT8_B_layout_TILE.tensorbin of shape Shape([1, 1, 128, 32])
2026-08-29 11:15:54.743 | DEBUG    | core:as_tensor:724 - Loaded cache for /proj_sw/user_dev/ctr-apbernal/tt-metal/model_cache/meta-llama/Llama-3.3-70B-Instruct/TG/tensor_cache_instruct_bfp8/pb_rs_01_QKV_batched_0_128_dtype_BFLOAT8_B_layout_TILE.tensorbin of shape Shape([1, 32, 4, 1280])
2026-08-29 11:15:54.745 | DEBUG    | core:as_tensor:724 - Loaded cache for /proj_sw/user_dev/ctr-apbernal/tt-metal/model_cache/meta-llama/Llama-3.3-70B-Instruct/TG/tensor_cache_instruct_bfp8/pb_rs_00_QKV_batched_0_128_dtype_BFLOAT8_B_layout_TILE.tensorbin of shape Shape([1, 32, 4, 320])
2026-08-29 11:15:54.751 | DEBUG    | core:as_tensor:724 - Loaded cache for /proj_sw/user_dev/ctr-apbernal/tt-metal/model_cache/meta-llama/Llama-3.3-70B-Instruct/TG/tensor_cache_instruct_bfp8/pb_rs_01_FF1_batched_0_128_dtype_BFLOAT8_B_layout_TILE.tensorbin of shape Shape([1, 32, 4, 3584])
2026-08-29 11:15:54.755 | DEBUG    | core:as_tensor:724 - Loaded cache for /proj_sw/user_dev/ctr-apbernal/tt-metal/model_cache/meta-llama/Llama-3.3-70B-Instruct/TG/tensor_cache_instruct_bfp8/pb_rs_00_FF1_batched_0_128_dtype_BFLOAT8_B_layout_TILE.tensorbin of shape Shape([1, 32, 4, 896])
2026-08-29 11:15:54.759 | DEBUG    | core:as_tensor:724 - Loaded cache for /proj_sw/user_dev/ctr-apbernal/tt-metal/model_cache/meta-llama/Llama-3.3-70B-Instruct/TG/tensor_cache_instruct_bfp8/pb_rs_01_FF3_batched_0_128_dtype_BFLOAT8_B_layout_TILE.tensorbin of shape Shape([1, 32, 4, 3584])
2026-08-29 11:15:54.765 | DEBUG    | core:as_tensor:724 - Loaded cache for /proj_sw/user_dev/ctr-apbernal/tt-metal/model_cache/meta-llama/Llama-3.3-70B-Instruct/TG/tensor_cache_instruct_bfp8/pb_rs_00_FF3_batched_0_128_dtype_BFLOAT8_B_layout_TILE.tensorbin of shape Shape([1, 32, 4, 896])
2026-08-29 11:15:54.769 | DEBUG    | core:as_tensor:724 - Loaded cache for /proj_sw/user_dev/ctr-apbernal/tt-metal/model_cache/meta-llama/Llama-3.3-70B-Instruct/TG/tensor_cache_instruct_bfp8/pb_rs_01_FF2_batched_0_128_dtype_BFLOAT8_B_layout_TILE.tensorbin of shape Shape([1, 32, 4, 2048])
2026-08-29 11:15:54.771 | DEBUG    | core:as_tensor:724 - Loaded cache for /proj_sw/user_dev/ctr-apbernal/tt-metal/model_cache/meta-llama/Llama-3.3-70B-Instruct/TG/tensor_cache_instruct_bfp8/pb_rs_00_FF2_batched_0_128_dtype_BFLOAT8_B_layout_TILE.tensorbin of shape Shape([1, 32, 4, 256])
2026-08-29 11:15:54.777 | DEBUG    | core:as_tensor:724 - Loaded cache for /proj_sw/user_dev/ctr-apbernal/tt-metal/model_cache/meta-llama/Llama-3.3-70B-Instruct/TG/tensor_cache_instruct_bfp8/pb_ag_QKV4096_dtype_BFLOAT8_B_layout_TILE.tensorbin of shape Shape([1, 1, 4096, 1280])
2026-08-29 11:15:54.781 | DEBUG    | core:as_tensor:724 - Loaded cache for /proj_sw/user_dev/ctr-apbernal/tt-metal/model_cache/meta-llama/Llama-3.3-70B-Instruct/TG/tensor_cache_instruct_bfp8/pb_ag_SDPA4096_dtype_BFLOAT8_B_layout_TILE.tensorbin of shape Shape([1, 1, 2048, 1024])
2026-08-29 11:15:54.785 | DEBUG    | core:as_tensor:724 - Loaded cache for /proj_sw/user_dev/ctr-apbernal/tt-metal/model_cache/meta-llama/Llama-3.3-70B-Instruct/TG/tensor_cache_instruct_bfp8/pb_ag_SDPA_REVERSE4096_dtype_BFLOAT8_B_layout_TILE.tensorbin of shape Shape([1, 1, 2048, 1024])
2026-08-29 11:15:54.828 | DEBUG    | core:as_tensor:724 - Loaded cache for /proj_sw/user_dev/ctr-apbernal/tt-metal/model_cache/meta-llama/Llama-3.3-70B-Instruct/TG/tensor_cache_instruct_bfp8/pb_ag_WO_AG4096_dtype_BFLOAT8_B_layout_TILE.tensorbin of shape Shape([8, 1, 4096, 2048])
2026-08-29 11:15:54.855 | DEBUG    | core:as_tensor:724 - Loaded cache for /proj_sw/user_dev/ctr-apbernal/tt-metal/model_cache/meta-llama/Llama-3.3-70B-Instruct/TG/tensor_cache_instruct_bfp8/pb_ag_FF14096_dtype_BFLOAT8_B_layout_TILE.tensorbin of shape Shape([1, 1, 4096, 3584])
2026-08-29 11:15:54.869 | DEBUG    | core:as_tensor:724 - Loaded cache for /proj_sw/user_dev/ctr-apbernal/tt-metal/model_cache/meta-llama/Llama-3.3-70B-Instruct/TG/tensor_cache_instruct_bfp8/pb_ag_FF34096_dtype_BFLOAT8_B_layout_TILE.tensorbin of shape Shape([1, 1, 4096, 3584])
2026-08-29 11:15:54.881 | DEBUG    | core:as_tensor:724 - Loaded cache for /proj_sw/user_dev/ctr-apbernal/tt-metal/model_cache/meta-llama/Llama-3.3-70B-Instruct/TG/tensor_cache_instruct_bfp8/pb_ag_FF24096_dtype_BFLOAT8_B_layout_TILE.tensorbin of shape Shape([1, 1, 4096, 2048])
2026-08-29 11:15:54.888 | DEBUG    | core:as_tensor:724 - Loaded cache for /proj_sw/user_dev/ctr-apbernal/tt-metal/model_cache/meta-llama/Llama-3.3-70B-Instruct/TG/tensor_cache_instruct_bfp8/pb_ag_LAYERNORM4096_dtype_BFLOAT16_layout_TILE.tensorbin of shape Shape([1, 1, 4096, 128])
2026-08-29 11:15:54.892 | DEBUG    | core:as_tensor:724 - Loaded cache for /proj_sw/user_dev/ctr-apbernal/tt-metal/model_cache/meta-llama/Llama-3.3-70B-Instruct/TG/tensor_cache_instruct_bfp8/pb_ag_ATTN_REPLICATE4096_dtype_BFLOAT8_B_layout_TILE.tensorbin of shape Shape([1, 1, 4096, 128])
2026-08-29 11:15:54.894 | DEBUG    | core:as_tensor:724 - Loaded cache for /proj_sw/user_dev/ctr-apbernal/tt-metal/model_cache/meta-llama/Llama-3.3-70B-Instruct/TG/tensor_cache_instruct_bfp8/pb_ag_QKV2048_dtype_BFLOAT8_B_layout_TILE.tensorbin of shape Shape([1, 1, 2048, 1280])
2026-08-29 11:15:54.898 | DEBUG    | core:as_tensor:724 - Loaded cache for /proj_sw/user_dev/ctr-apbernal/tt-metal/model_cache/meta-llama/Llama-3.3-70B-Instruct/TG/tensor_cache_instruct_bfp8/pb_ag_SDPA2048_dtype_BFLOAT8_B_layout_TILE.tensorbin of shape Shape([1, 1, 1024, 1024])
2026-08-29 11:15:54.901 | DEBUG    | core:as_tensor:724 - Loaded cache for /proj_sw/user_dev/ctr-apbernal/tt-metal/model_cache/meta-llama/Llama-3.3-70B-Instruct/TG/tensor_cache_instruct_bfp8/pb_ag_SDPA_REVERSE2048_dtype_BFLOAT8_B_layout_TILE.tensorbin of shape Shape([1, 1, 1024, 1024])
2026-08-29 11:15:54.924 | DEBUG    | core:as_tensor:724 - Loaded cache for /proj_sw/user_dev/ctr-apbernal/tt-metal/model_cache/meta-llama/Llama-3.3-70B-Instruct/TG/tensor_cache_instruct_bfp8/pb_ag_WO_AG2048_dtype_BFLOAT8_B_layout_TILE.tensorbin of shape Shape([8, 1, 2048, 2048])
2026-08-29 11:15:54.938 | DEBUG    | core:as_tensor:724 - Loaded cache for /proj_sw/user_dev/ctr-apbernal/tt-metal/model_cache/meta-llama/Llama-3.3-70B-Instruct/TG/tensor_cache_instruct_bfp8/pb_ag_FF12048_dtype_BFLOAT8_B_layout_TILE.tensorbin of shape Shape([1, 1, 2048, 3584])
2026-08-29 11:15:54.946 | DEBUG    | core:as_tensor:724 - Loaded cache for /proj_sw/user_dev/ctr-apbernal/tt-metal/model_cache/meta-llama/Llama-3.3-70B-Instruct/TG/tensor_cache_instruct_bfp8/pb_ag_FF32048_dtype_BFLOAT8_B_layout_TILE.tensorbin of shape Shape([1, 1, 2048, 3584])
2026-08-29 11:15:54.953 | DEBUG    | core:as_tensor:724 - Loaded cache for /proj_sw/user_dev/ctr-apbernal/tt-metal/model_cache/meta-llama/Llama-3.3-70B-Instruct/TG/tensor_cache_instruct_bfp8/pb_ag_FF22048_dtype_BFLOAT8_B_layout_TILE.tensorbin of shape Shape([1, 1, 2048, 2048])
2026-08-29 11:15:54.955 | DEBUG    | core:as_tensor:724 - Loaded cache for /proj_sw/user_dev/ctr-apbernal/tt-metal/model_cache/meta-llama/Llama-3.3-70B-Instruct/TG/tensor_cache_instruct_bfp8/pb_ag_LAYERNORM2048_dtype_BFLOAT16_layout_TILE.tensorbin of shape Shape([1, 1, 2048, 128])
2026-08-29 11:15:54.957 | DEBUG    | core:as_tensor:724 - Loaded cache for /proj_sw/user_dev/ctr-apbernal/tt-metal/model_cache/meta-llama/Llama-3.3-70B-Instruct/TG/tensor_cache_instruct_bfp8/pb_ag_ATTN_REPLICATE2048_dtype_BFLOAT8_B_layout_TILE.tensorbin of shape Shape([1, 1, 2048, 128])
2026-08-29 11:15:54.961 | DEBUG    | core:as_tensor:724 - Loaded cache for /proj_sw/user_dev/ctr-apbernal/tt-metal/model_cache/meta-llama/Llama-3.3-70B-Instruct/TG/tensor_cache_instruct_bfp8/pb_ag_QKV1024_dtype_BFLOAT8_B_layout_TILE.tensorbin of shape Shape([1, 1, 1024, 1280])
2026-08-29 11:15:54.963 | DEBUG    | core:as_tensor:724 - Loaded cache for /proj_sw/user_dev/ctr-apbernal/tt-metal/model_cache/meta-llama/Llama-3.3-70B-Instruct/TG/tensor_cache_instruct_bfp8/pb_ag_SDPA1024_dtype_BFLOAT8_B_layout_TILE.tensorbin of shape Shape([1, 1, 512, 1024])
2026-08-29 11:15:54.964 | DEBUG    | core:as_tensor:724 - Loaded cache for /proj_sw/user_dev/ctr-apbernal/tt-metal/model_cache/meta-llama/Llama-3.3-70B-Instruct/TG/tensor_cache_instruct_bfp8/pb_ag_SDPA_REVERSE1024_dtype_BFLOAT8_B_layout_TILE.tensorbin of shape Shape([1, 1, 512, 1024])
2026-08-29 11:15:54.975 | DEBUG    | core:as_tensor:724 - Loaded cache for /proj_sw/user_dev/ctr-apbernal/tt-metal/model_cache/meta-llama/Llama-3.3-70B-Instruct/TG/tensor_cache_instruct_bfp8/pb_ag_WO_AG1024_dtype_BFLOAT8_B_layout_TILE.tensorbin of shape Shape([8, 1, 1024, 2048])
2026-08-29 11:15:54.987 | DEBUG    | core:as_tensor:724 - Loaded cache for /proj_sw/user_dev/ctr-apbernal/tt-metal/model_cache/meta-llama/Llama-3.3-70B-Instruct/TG/tensor_cache_instruct_bfp8/pb_ag_FF11024_dtype_BFLOAT8_B_layout_TILE.tensorbin of shape Shape([1, 1, 1024, 3584])
2026-08-29 11:15:54.992 | DEBUG    | core:as_tensor:724 - Loaded cache for /proj_sw/user_dev/ctr-apbernal/tt-metal/model_cache/meta-llama/Llama-3.3-70B-Instruct/TG/tensor_cache_instruct_bfp8/pb_ag_FF31024_dtype_BFLOAT8_B_layout_TILE.tensorbin of shape Shape([1, 1, 1024, 3584])
2026-08-29 11:15:54.997 | DEBUG    | core:as_tensor:724 - Loaded cache for /proj_sw/user_dev/ctr-apbernal/tt-metal/model_cache/meta-llama/Llama-3.3-70B-Instruct/TG/tensor_cache_instruct_bfp8/pb_ag_FF21024_dtype_BFLOAT8_B_layout_TILE.tensorbin of shape Shape([1, 1, 1024, 2048])
2026-08-29 11:15:55.002 | DEBUG    | core:as_tensor:724 - Loaded cache for /proj_sw/user_dev/ctr-apbernal/tt-metal/model_cache/meta-llama/Llama-3.3-70B-Instruct/TG/tensor_cache_instruct_bfp8/pb_ag_LAYERNORM1024_dtype_BFLOAT16_layout_TILE.tensorbin of shape Shape([1, 1, 1024, 128])
2026-08-29 11:15:55.004 | DEBUG    | core:as_tensor:724 - Loaded cache for /proj_sw/user_dev/ctr-apbernal/tt-metal/model_cache/meta-llama/Llama-3.3-70B-Instruct/TG/tensor_cache_instruct_bfp8/pb_ag_ATTN_REPLICATE1024_dtype_BFLOAT8_B_layout_TILE.tensorbin of shape Shape([1, 1, 1024, 128])
2026-08-29 11:15:55.005 | DEBUG    | core:as_tensor:724 - Loaded cache for /proj_sw/user_dev/ctr-apbernal/tt-metal/model_cache/meta-llama/Llama-3.3-70B-Instruct/TG/tensor_cache_instruct_bfp8/pb_ag_QKV128_dtype_BFLOAT8_B_layout_TILE.tensorbin of shape Shape([1, 1, 128, 1280])
2026-08-29 11:15:55.007 | DEBUG    | core:as_tensor:724 - Loaded cache for /proj_sw/user_dev/ctr-apbernal/tt-metal/model_cache/meta-llama/Llama-3.3-70B-Instruct/TG/tensor_cache_instruct_bfp8/pb_ag_SDPA128_dtype_BFLOAT8_B_layout_TILE.tensorbin of shape Shape([1, 1, 64, 1024])
2026-08-29 11:15:55.010 | DEBUG    | core:as_tensor:724 - Loaded cache for /proj_sw/user_dev/ctr-apbernal/tt-metal/model_cache/meta-llama/Llama-3.3-70B-Instruct/TG/tensor_cache_instruct_bfp8/pb_ag_SDPA_REVERSE128_dtype_BFLOAT8_B_layout_TILE.tensorbin of shape Shape([1, 1, 64, 1024])
2026-08-29 11:15:55.015 | DEBUG    | core:as_tensor:724 - Loaded cache for /proj_sw/user_dev/ctr-apbernal/tt-metal/model_cache/meta-llama/Llama-3.3-70B-Instruct/TG/tensor_cache_instruct_bfp8/pb_ag_WO_AG128_dtype_BFLOAT8_B_layout_TILE.tensorbin of shape Shape([8, 1, 128, 2048])
2026-08-29 11:15:55.019 | DEBUG    | core:as_tensor:724 - Loaded cache for /proj_sw/user_dev/ctr-apbernal/tt-metal/model_cache/meta-llama/Llama-3.3-70B-Instruct/TG/tensor_cache_instruct_bfp8/pb_ag_FF1128_dtype_BFLOAT8_B_layout_TILE.tensorbin of shape Shape([1, 1, 128, 3584])
2026-08-29 11:15:55.020 | DEBUG    | core:as_tensor:724 - Loaded cache for /proj_sw/user_dev/ctr-apbernal/tt-metal/model_cache/meta-llama/Llama-3.3-70B-Instruct/TG/tensor_cache_instruct_bfp8/pb_ag_FF3128_dtype_BFLOAT8_B_layout_TILE.tensorbin of shape Shape([1, 1, 128, 3584])
2026-08-29 11:15:55.022 | DEBUG    | core:as_tensor:724 - Loaded cache for /proj_sw/user_dev/ctr-apbernal/tt-metal/model_cache/meta-llama/Llama-3.3-70B-Instruct/TG/tensor_cache_instruct_bfp8/pb_ag_FF2128_dtype_BFLOAT8_B_layout_TILE.tensorbin of shape Shape([1, 1, 128, 2048])
2026-08-29 11:15:55.026 | DEBUG    | core:as_tensor:724 - Loaded cache for /proj_sw/user_dev/ctr-apbernal/tt-metal/model_cache/meta-llama/Llama-3.3-70B-Instruct/TG/tensor_cache_instruct_bfp8/pb_ag_LAYERNORM128_dtype_BFLOAT16_layout_TILE.tensorbin of shape Shape([1, 1, 128, 128])
2026-08-29 11:15:55.027 | DEBUG    | core:as_tensor:724 - Loaded cache for /proj_sw/user_dev/ctr-apbernal/tt-metal/model_cache/meta-llama/Llama-3.3-70B-Instruct/TG/tensor_cache_instruct_bfp8/pb_ag_ATTN_REPLICATE128_dtype_BFLOAT8_B_layout_TILE.tensorbin of shape Shape([1, 1, 128, 128])
2026-08-29 11:15:55.031 | DEBUG    | core:as_tensor:724 - Loaded cache for /proj_sw/user_dev/ctr-apbernal/tt-metal/model_cache/meta-llama/Llama-3.3-70B-Instruct/TG/tensor_cache_instruct_bfp8/pb_ag_LM_HEAD_32_dtype_BFLOAT8_B_layout_TILE.tensorbin of shape Shape([4, 1, 32, 16384])
2026-08-29 11:15:55.037 | DEBUG    | core:as_tensor:724 - Loaded cache for /proj_sw/user_dev/ctr-apbernal/tt-metal/model_cache/meta-llama/Llama-3.3-70B-Instruct/TG/tensor_cache_instruct_bfp8/pb_ag_SAMPLING_32_dtype_BFLOAT8_B_layout_TILE.tensorbin of shape Shape([1, 1, 32, 131072])
2026-08-29 11:15:55.501 | INFO     | models.demos.llama3_70b_galaxy.demo.text_demo:test_demo_text:1072 - Starting inference...
2026-08-29 11:15:55.501 | INFO     | models.demos.llama3_70b_galaxy.demo.text_demo:test_demo_text:1074 - Processing batch 0
2026-08-29 11:15:55.505 | INFO     | models.tt_transformers.tt.common:preprocess_inputs_prefill:274 - Encoded prompt lengths:118, 118, 118, 118, 118, 118, 118, 118, 118, 118, 118, 118, 118, 118, 118, 118, 118, 118, 118, 118, 118, 118, 118, 118, 118, 118, 118, 118, 118, 118, 118, 118
2026-08-29 11:15:55.505 | INFO     | models.tt_transformers.tt.common:preprocess_inputs_prefill:341 - # of users: 32
2026-08-29 11:15:55.506 | INFO     | models.demos.llama3_70b_galaxy.demo.text_demo:test_demo_text:1173 - Starting prefill warmup...
2026-08-29 11:15:55.506 | INFO     | models.demos.llama3_70b_galaxy.tt.generator:prefill_warmup:256 - Warming up prefill for all supported sequence lengths up to max sequence length
2026-08-29 11:15:55.506 | INFO     | models.demos.llama3_70b_galaxy.tt.generator:prefill_warmup:270 - Running warmup prefill for sequence length: 128, batch size: 1
2026-08-29 11:15:55.506 | INFO     | models.demos.llama3_70b_galaxy.tt.generator:prefill_warmup:296 - Warming up prefill sequence length: 128 for batch size: 1 with sampling params: SamplingParams(temperature=[1.0], top_k=[10], top_p=[0.9], presence_penalty=[1.2], frequency_penalty=[1.2], repetition_penalty=[1.5], seed=None, enable_log_probs=[True], num_logprobs=0)
2026-08-29 11:15:55.506 | INFO     | models.demos.llama3_70b_galaxy.tt.generator:prefill_forward_text:551 - Prefilling User 0, use_batched_prefill: False, prompt_lens: 128, prefill_seq_len: 128, num_cached_tokens: 0
2026-08-29 11:15:55.715 | info     |           Metal | Finalize dfb: dfb_offset == base_offset: 80, dfb size: 32, return value: 112 (dataflow_buffer.cpp:1656)
2026-08-29 11:15:55.715 | info     |           Metal | Finalize dfb: dfb_offset == base_offset: 0, dfb size: 0, return value: 0 (dataflow_buffer.cpp:1656)
2026-08-29 11:15:55.715 | info     |           Metal | Finalize dfb: dfb_offset == base_offset: 0, dfb size: 0, return value: 0 (dataflow_buffer.cpp:1656)
2026-08-29 11:15:57.197 | info     |           Metal | Finalize dfb: dfb_offset == base_offset: 80, dfb size: 32, return value: 112 (dataflow_buffer.cpp:1656)
2026-08-29 11:15:57.197 | info     |           Metal | Finalize dfb: dfb_offset == base_offset: 0, dfb size: 0, return value: 0 (dataflow_buffer.cpp:1656)
2026-08-29 11:15:57.197 | info     |           Metal | Finalize dfb: dfb_offset == base_offset: 0, dfb size: 0, return value: 0 (dataflow_buffer.cpp:1656)
2026-08-29 11:15:57.200 | warning  |              Op | rotary_embedding_llama sequence tile coverage mismatch: input_Ht=4, cos_Ht=4096, sin_Ht=4096, rotary_Ht=4. Tiles beyond rotary_Ht will be zero-filled in the output. (rotary_embedding_llama_multi_core_program_factory.cpp:62)
2026-08-29 11:15:57.279 | info     |           Metal | Finalize dfb: dfb_offset == base_offset: 144, dfb size: 144, return value: 288 (dataflow_buffer.cpp:1656)
2026-08-29 11:15:57.279 | info     |           Metal | Finalize dfb: dfb_offset == base_offset: 0, dfb size: 0, return value: 0 (dataflow_buffer.cpp:1656)
2026-08-29 11:15:57.279 | info     |           Metal | Finalize dfb: dfb_offset == base_offset: 0, dfb size: 0, return value: 0 (dataflow_buffer.cpp:1656)
2026-08-29 11:15:57.287 | info     |           Metal | Finalize dfb: dfb_offset == base_offset: 80, dfb size: 32, return value: 112 (dataflow_buffer.cpp:1656)
2026-08-29 11:15:57.287 | info     |           Metal | Finalize dfb: dfb_offset == base_offset: 0, dfb size: 0, return value: 0 (dataflow_buffer.cpp:1656)
2026-08-29 11:15:57.287 | info     |           Metal | Finalize dfb: dfb_offset == base_offset: 0, dfb size: 0, return value: 0 (dataflow_buffer.cpp:1656)
2026-08-29 11:15:57.288 | warning  |              Op | rotary_embedding_llama sequence tile coverage mismatch: input_Ht=4, cos_Ht=4096, sin_Ht=4096, rotary_Ht=4. Tiles beyond rotary_Ht will be zero-filled in the output. (rotary_embedding_llama_multi_core_program_factory.cpp:62)
2026-08-29 11:15:57.361 | info     |           Metal | Finalize dfb: dfb_offset == base_offset: 144, dfb size: 144, return value: 288 (dataflow_buffer.cpp:1656)
2026-08-29 11:15:57.361 | info     |           Metal | Finalize dfb: dfb_offset == base_offset: 0, dfb size: 0, return value: 0 (dataflow_buffer.cpp:1656)
2026-08-29 11:15:57.361 | info     |           Metal | Finalize dfb: dfb_offset == base_offset: 0, dfb size: 0, return value: 0 (dataflow_buffer.cpp:1656)
2026-08-29 11:15:57.427 | info     |           Metal | Finalize dfb: dfb_offset == base_offset: 80, dfb size: 32, return value: 112 (dataflow_buffer.cpp:1656)
2026-08-29 11:15:57.427 | info     |           Metal | Finalize dfb: dfb_offset == base_offset: 0, dfb size: 0, return value: 0 (dataflow_buffer.cpp:1656)
2026-08-29 11:15:57.427 | info     |           Metal | Finalize dfb: dfb_offset == base_offset: 0, dfb size: 0, return value: 0 (dataflow_buffer.cpp:1656)
2026-08-29 11:15:57.495 | info     |           Metal | Finalize dfb: dfb_offset == base_offset: 80, dfb size: 32, return value: 112 (dataflow_buffer.cpp:1656)
2026-08-29 11:15:57.495 | info     |           Metal | Finalize dfb: dfb_offset == base_offset: 0, dfb size: 0, return value: 0 (dataflow_buffer.cpp:1656)
2026-08-29 11:15:57.495 | info     |           Metal | Finalize dfb: dfb_offset == base_offset: 0, dfb size: 0, return value: 0 (dataflow_buffer.cpp:1656)
2026-08-29 11:15:57.629 | info     |           Metal | Finalize dfb: dfb_offset == base_offset: 80, dfb size: 32, return value: 112 (dataflow_buffer.cpp:1656)
2026-08-29 11:15:57.629 | info     |           Metal | Finalize dfb: dfb_offset == base_offset: 0, dfb size: 0, return value: 0 (dataflow_buffer.cpp:1656)
2026-08-29 11:15:57.629 | info     |           Metal | Finalize dfb: dfb_offset == base_offset: 0, dfb size: 0, return value: 0 (dataflow_buffer.cpp:1656)
2026-08-29 11:16:00.046 | INFO     | models.demos.llama3_70b_galaxy.tt.generator:_capture_trace_prefill:1135 - Done Compiling Model
2026-08-29 11:16:01.564 | INFO     | models.demos.llama3_70b_galaxy.tt.generator:_capture_trace_prefill:1175 - Done Capturing Prefill Trace
2026-08-29 11:16:01.565 | INFO     | models.demos.llama3_70b_galaxy.tt.generator:_easy_trace_prefill:1042 - Executing prefill trace
2026-08-29 11:16:01.567 | warning  |           Metal | Allocating device buffers is unsafe due to the existence of an active trace. These buffers may be corrupted once a trace is executed. (allocator.cpp:123)
2026-08-29 11:16:02.578 | INFO     | models.demos.llama3_70b_galaxy.tt.prefetcher_common:__init__:33 - Running TtLlamaPrefetcherSetup
2026-08-29 11:16:02.857 | info     |           Metal | Finalize dfb: dfb_offset == base_offset: 80, dfb size: 32, return value: 112 (dataflow_buffer.cpp:1656)
2026-08-29 11:16:02.857 | info     |           Metal | Finalize dfb: dfb_offset == base_offset: 0, dfb size: 0, return value: 0 (dataflow_buffer.cpp:1656)
2026-08-29 11:16:02.857 | info     |           Metal | Finalize dfb: dfb_offset == base_offset: 0, dfb size: 0, return value: 0 (dataflow_buffer.cpp:1656)
2026-08-29 11:16:03.049 | info     |           Metal | Finalize dfb: dfb_offset == base_offset: 80, dfb size: 32, return value: 112 (dataflow_buffer.cpp:1656)
2026-08-29 11:16:03.049 | info     |           Metal | Finalize dfb: dfb_offset == base_offset: 0, dfb size: 0, return value: 0 (dataflow_buffer.cpp:1656)
2026-08-29 11:16:03.049 | info     |           Metal | Finalize dfb: dfb_offset == base_offset: 0, dfb size: 0, return value: 0 (dataflow_buffer.cpp:1656)
2026-08-29 11:16:03.656 | info     |           Metal | Finalize dfb: dfb_offset == base_offset: 80, dfb size: 32, return value: 112 (dataflow_buffer.cpp:1656)
2026-08-29 11:16:03.656 | info     |           Metal | Finalize dfb: dfb_offset == base_offset: 0, dfb size: 0, return value: 0 (dataflow_buffer.cpp:1656)
2026-08-29 11:16:03.656 | info     |           Metal | Finalize dfb: dfb_offset == base_offset: 0, dfb size: 0, return value: 0 (dataflow_buffer.cpp:1656)
2026-08-29 11:16:04.617 | info     |           Metal | Finalize dfb: dfb_offset == base_offset: 80, dfb size: 32, return value: 112 (dataflow_buffer.cpp:1656)
2026-08-29 11:16:04.617 | info     |           Metal | Finalize dfb: dfb_offset == base_offset: 0, dfb size: 0, return value: 0 (dataflow_buffer.cpp:1656)
2026-08-29 11:16:04.617 | info     |           Metal | Finalize dfb: dfb_offset == base_offset: 0, dfb size: 0, return value: 0 (dataflow_buffer.cpp:1656)
2026-08-29 11:16:07.289 | info     |           Metal | Finalize dfb: dfb_offset == base_offset: 80, dfb size: 32, return value: 112 (dataflow_buffer.cpp:1656)
2026-08-29 11:16:07.289 | info     |           Metal | Finalize dfb: dfb_offset == base_offset: 0, dfb size: 0, return value: 0 (dataflow_buffer.cpp:1656)
2026-08-29 11:16:07.289 | info     |           Metal | Finalize dfb: dfb_offset == base_offset: 0, dfb size: 0, return value: 0 (dataflow_buffer.cpp:1656)
2026-08-29 11:16:07.701 | info     |           Metal | Finalize dfb: dfb_offset == base_offset: 80, dfb size: 32, return value: 112 (dataflow_buffer.cpp:1656)
2026-08-29 11:16:07.701 | info     |           Metal | Finalize dfb: dfb_offset == base_offset: 0, dfb size: 0, return value: 0 (dataflow_buffer.cpp:1656)
2026-08-29 11:16:07.701 | info     |           Metal | Finalize dfb: dfb_offset == base_offset: 0, dfb size: 0, return value: 0 (dataflow_buffer.cpp:1656)
2026-08-29 11:16:08.700 | info     |           Metal | Finalize dfb: dfb_offset == base_offset: 144, dfb size: 64, return value: 208 (dataflow_buffer.cpp:1656)
2026-08-29 11:16:08.700 | info     |           Metal | Finalize dfb: dfb_offset == base_offset: 0, dfb size: 0, return value: 0 (dataflow_buffer.cpp:1656)
2026-08-29 11:16:08.700 | info     |           Metal | Finalize dfb: dfb_offset == base_offset: 0, dfb size: 0, return value: 0 (dataflow_buffer.cpp:1656)
2026-08-29 11:16:09.071 | INFO     | models.demos.llama3_70b_galaxy.tt.generator:prefill_forward_text:851 - Finished prefill for all users up to 128 tokens.
2026-08-29 11:16:09.071 | INFO     | models.demos.llama3_70b_galaxy.tt.generator:prefill_warmup:296 - Warming up prefill sequence length: 128 for batch size: 1 with sampling params: SamplingParams(temperature=[1.0], top_k=[10], top_p=[0.9], presence_penalty=[1.2], frequency_penalty=[1.2], repetition_penalty=[1.5], seed=None, enable_log_probs=[False], num_logprobs=0)
2026-08-29 11:16:09.071 | INFO     | models.demos.llama3_70b_galaxy.tt.prefetcher_common:__init__:33 - Running TtLlamaPrefetcherSetup
2026-08-29 11:16:09.072 | INFO     | models.demos.llama3_70b_galaxy.tt.generator:prefill_forward_text:551 - Prefilling User 0, use_batched_prefill: False, prompt_lens: 128, prefill_seq_len: 128, num_cached_tokens: 0
2026-08-29 11:16:09.073 | INFO     | models.demos.llama3_70b_galaxy.tt.generator:_easy_trace_prefill:1042 - Executing prefill trace
2026-08-29 11:16:09.082 | INFO     | models.demos.llama3_70b_galaxy.tt.prefetcher_common:__init__:33 - Running TtLlamaPrefetcherSetup
2026-08-29 11:16:09.164 | INFO     | models.demos.llama3_70b_galaxy.tt.generator:prefill_forward_text:851 - Finished prefill for all users up to 128 tokens.
2026-08-29 11:16:09.164 | INFO     | models.demos.llama3_70b_galaxy.tt.generator:prefill_warmup:296 - Warming up prefill sequence length: 128 for batch size: 1 with sampling params: SamplingParams(temperature=[1.0], top_k=[10], top_p=[0.9], presence_penalty=None, frequency_penalty=None, repetition_penalty=None, seed=None, enable_log_probs=[True], num_logprobs=0)
2026-08-29 11:16:09.164 | INFO     | models.demos.llama3_70b_galaxy.tt.prefetcher_common:__init__:33 - Running TtLlamaPrefetcherSetup
2026-08-29 11:16:09.165 | INFO     | models.demos.llama3_70b_galaxy.tt.generator:prefill_forward_text:551 - Prefilling User 0, use_batched_prefill: False, prompt_lens: 128, prefill_seq_len: 128, num_cached_tokens: 0
2026-08-29 11:16:09.166 | INFO     | models.demos.llama3_70b_galaxy.tt.generator:_easy_trace_prefill:1042 - Executing prefill trace
2026-08-29 11:16:09.175 | INFO     | models.demos.llama3_70b_galaxy.tt.prefetcher_common:__init__:33 - Running TtLlamaPrefetcherSetup
2026-08-29 11:16:09.251 | INFO     | models.demos.llama3_70b_galaxy.tt.generator:prefill_forward_text:851 - Finished prefill for all users up to 128 tokens.
2026-08-29 11:16:09.251 | INFO     | models.demos.llama3_70b_galaxy.tt.generator:prefill_warmup:296 - Warming up prefill sequence length: 128 for batch size: 1 with sampling params: SamplingParams(temperature=[1.0], top_k=[10], top_p=[0.9], presence_penalty=None, frequency_penalty=None, repetition_penalty=None, seed=None, enable_log_probs=[False], num_logprobs=0)
2026-08-29 11:16:09.251 | INFO     | models.demos.llama3_70b_galaxy.tt.prefetcher_common:__init__:33 - Running TtLlamaPrefetcherSetup
2026-08-29 11:16:09.252 | INFO     | models.demos.llama3_70b_galaxy.tt.generator:prefill_forward_text:551 - Prefilling User 0, use_batched_prefill: False, prompt_lens: 128, prefill_seq_len: 128, num_cached_tokens: 0
2026-08-29 11:16:09.252 | INFO     | models.demos.llama3_70b_galaxy.tt.generator:_easy_trace_prefill:1042 - Executing prefill trace
2026-08-29 11:16:09.262 | INFO     | models.demos.llama3_70b_galaxy.tt.prefetcher_common:__init__:33 - Running TtLlamaPrefetcherSetup
2026-08-29 11:16:09.323 | INFO     | models.demos.llama3_70b_galaxy.tt.generator:prefill_forward_text:851 - Finished prefill for all users up to 128 tokens.
2026-08-29 11:16:09.324 | INFO     | models.demos.llama3_70b_galaxy.tt.generator:prefill_warmup:296 - Warming up prefill sequence length: 128 for batch size: 1 with sampling params: SamplingParams(temperature=[0.0], top_k=[1], top_p=[1.0], presence_penalty=0.0, frequency_penalty=0.0, repetition_penalty=1.0, seed=None, enable_log_probs=False, num_logprobs=0)
2026-08-29 11:16:09.324 | INFO     | models.demos.llama3_70b_galaxy.tt.prefetcher_common:__init__:33 - Running TtLlamaPrefetcherSetup
2026-08-29 11:16:09.325 | INFO     | models.demos.llama3_70b_galaxy.tt.generator:prefill_forward_text:551 - Prefilling User 0, use_batched_prefill: False, prompt_lens: 128, prefill_seq_len: 128, num_cached_tokens: 0
2026-08-29 11:16:09.325 | INFO     | models.demos.llama3_70b_galaxy.tt.generator:_easy_trace_prefill:1042 - Executing prefill trace
2026-08-29 11:16:09.335 | INFO     | models.demos.llama3_70b_galaxy.tt.prefetcher_common:__init__:33 - Running TtLlamaPrefetcherSetup
2026-08-29 11:16:09.397 | INFO     | models.demos.llama3_70b_galaxy.tt.generator:prefill_forward_text:851 - Finished prefill for all users up to 128 tokens.
2026-08-29 11:16:09.397 | INFO     | models.demos.llama3_70b_galaxy.tt.generator:prefill_warmup:296 - Warming up prefill sequence length: 128 for batch size: 1 with sampling params: None
2026-08-29 11:16:09.397 | INFO     | models.demos.llama3_70b_galaxy.tt.prefetcher_common:__init__:33 - Running TtLlamaPrefetcherSetup
2026-08-29 11:16:09.398 | INFO     | models.demos.llama3_70b_galaxy.tt.generator:prefill_forward_text:551 - Prefilling User 0, use_batched_prefill: False, prompt_lens: 128, prefill_seq_len: 128, num_cached_tokens: 0
2026-08-29 11:16:09.398 | INFO     | models.demos.llama3_70b_galaxy.tt.generator:_easy_trace_prefill:1042 - Executing prefill trace
2026-08-29 11:16:09.953 | INFO     | models.demos.llama3_70b_galaxy.tt.generator:prefill_warmup:270 - Running warmup prefill for sequence length: 128, batch size: 32
2026-08-29 11:16:09.953 | INFO     | models.demos.llama3_70b_galaxy.tt.generator:prefill_warmup:296 - Warming up prefill sequence length: 128 for batch size: 32 with sampling params: None
2026-08-29 11:16:09.954 | INFO     | models.demos.llama3_70b_galaxy.tt.generator:prefill_forward_text:551 - Prefilling User [0, 1, 2, 3, 4, 5, 6, 7, 8, 9, 10, 11, 12, 13, 14, 15, 16, 17, 18, 19, 20, 21, 22, 23, 24, 25, 26, 27, 28, 29, 30, 31], use_batched_prefill: True, prompt_lens: [128, 128, 128, 128, 128, 128, 128, 128, 128, 128, 128, 128, 128, 128, 128, 128, 128, 128, 128, 128, 128, 128, 128, 128, 128, 128, 128, 128, 128, 128, 128, 128], prefill_seq_len: 128, num_cached_tokens: 0
2026-08-29 11:16:10.146 | info     |           Metal | Finalize dfb: dfb_offset == base_offset: 80, dfb size: 32, return value: 112 (dataflow_buffer.cpp:1656)
2026-08-29 11:16:10.146 | info     |           Metal | Finalize dfb: dfb_offset == base_offset: 0, dfb size: 0, return value: 0 (dataflow_buffer.cpp:1656)
2026-08-29 11:16:10.146 | info     |           Metal | Finalize dfb: dfb_offset == base_offset: 0, dfb size: 0, return value: 0 (dataflow_buffer.cpp:1656)
2026-08-29 11:16:11.605 | info     |           Metal | Finalize dfb: dfb_offset == base_offset: 80, dfb size: 32, return value: 112 (dataflow_buffer.cpp:1656)
2026-08-29 11:16:11.606 | info     |           Metal | Finalize dfb: dfb_offset == base_offset: 0, dfb size: 0, return value: 0 (dataflow_buffer.cpp:1656)
2026-08-29 11:16:11.606 | info     |           Metal | Finalize dfb: dfb_offset == base_offset: 0, dfb size: 0, return value: 0 (dataflow_buffer.cpp:1656)
2026-08-29 11:16:11.608 | warning  |              Op | rotary_embedding_llama sequence tile coverage mismatch: input_Ht=4, cos_Ht=4096, sin_Ht=4096, rotary_Ht=4. Tiles beyond rotary_Ht will be zero-filled in the output. (rotary_embedding_llama_multi_core_program_factory.cpp:62)
2026-08-29 11:16:11.684 | info     |           Metal | Finalize dfb: dfb_offset == base_offset: 144, dfb size: 144, return value: 288 (dataflow_buffer.cpp:1656)
2026-08-29 11:16:11.684 | info     |           Metal | Finalize dfb: dfb_offset == base_offset: 0, dfb size: 0, return value: 0 (dataflow_buffer.cpp:1656)
2026-08-29 11:16:11.684 | info     |           Metal | Finalize dfb: dfb_offset == base_offset: 0, dfb size: 0, return value: 0 (dataflow_buffer.cpp:1656)
2026-08-29 11:16:11.755 | info     |           Metal | Finalize dfb: dfb_offset == base_offset: 80, dfb size: 32, return value: 112 (dataflow_buffer.cpp:1656)
2026-08-29 11:16:11.755 | info     |           Metal | Finalize dfb: dfb_offset == base_offset: 0, dfb size: 0, return value: 0 (dataflow_buffer.cpp:1656)
2026-08-29 11:16:11.755 | info     |           Metal | Finalize dfb: dfb_offset == base_offset: 0, dfb size: 0, return value: 0 (dataflow_buffer.cpp:1656)
2026-08-29 11:16:11.758 | warning  |              Op | rotary_embedding_llama sequence tile coverage mismatch: input_Ht=4, cos_Ht=4096, sin_Ht=4096, rotary_Ht=4. Tiles beyond rotary_Ht will be zero-filled in the output. (rotary_embedding_llama_multi_core_program_factory.cpp:62)
2026-08-29 11:16:11.762 | info     |           Metal | Finalize dfb: dfb_offset == base_offset: 144, dfb size: 144, return value: 288 (dataflow_buffer.cpp:1656)
2026-08-29 11:16:11.762 | info     |           Metal | Finalize dfb: dfb_offset == base_offset: 0, dfb size: 0, return value: 0 (dataflow_buffer.cpp:1656)
2026-08-29 11:16:11.762 | info     |           Metal | Finalize dfb: dfb_offset == base_offset: 0, dfb size: 0, return value: 0 (dataflow_buffer.cpp:1656)
2026-08-29 11:16:11.834 | info     |           Metal | Finalize dfb: dfb_offset == base_offset: 80, dfb size: 32, return value: 112 (dataflow_buffer.cpp:1656)
2026-08-29 11:16:11.834 | info     |           Metal | Finalize dfb: dfb_offset == base_offset: 0, dfb size: 0, return value: 0 (dataflow_buffer.cpp:1656)
2026-08-29 11:16:11.834 | info     |           Metal | Finalize dfb: dfb_offset == base_offset: 0, dfb size: 0, return value: 0 (dataflow_buffer.cpp:1656)
2026-08-29 11:16:11.917 | info     |           Metal | Finalize dfb: dfb_offset == base_offset: 80, dfb size: 32, return value: 112 (dataflow_buffer.cpp:1656)
2026-08-29 11:16:11.917 | info     |           Metal | Finalize dfb: dfb_offset == base_offset: 0, dfb size: 0, return value: 0 (dataflow_buffer.cpp:1656)
2026-08-29 11:16:11.917 | info     |           Metal | Finalize dfb: dfb_offset == base_offset: 0, dfb size: 0, return value: 0 (dataflow_buffer.cpp:1656)
2026-08-29 11:16:12.137 | info     |           Metal | Finalize dfb: dfb_offset == base_offset: 80, dfb size: 32, return value: 112 (dataflow_buffer.cpp:1656)
2026-08-29 11:16:12.137 | info     |           Metal | Finalize dfb: dfb_offset == base_offset: 0, dfb size: 0, return value: 0 (dataflow_buffer.cpp:1656)
2026-08-29 11:16:12.137 | info     |           Metal | Finalize dfb: dfb_offset == base_offset: 0, dfb size: 0, return value: 0 (dataflow_buffer.cpp:1656)
2026-08-29 11:16:15.774 | INFO     | models.demos.llama3_70b_galaxy.tt.generator:_capture_trace_prefill:1135 - Done Compiling Model
2026-08-29 11:16:18.678 | INFO     | models.demos.llama3_70b_galaxy.tt.generator:_capture_trace_prefill:1175 - Done Capturing Prefill Trace
2026-08-29 11:16:18.679 | INFO     | models.demos.llama3_70b_galaxy.tt.generator:_easy_trace_prefill:1042 - Executing prefill trace
2026-08-29 11:16:19.649 | INFO     | models.demos.llama3_70b_galaxy.tt.generator:prefill_warmup:270 - Running warmup prefill for sequence length: 1024, batch size: 1
2026-08-29 11:16:19.649 | INFO     | models.demos.llama3_70b_galaxy.tt.generator:prefill_warmup:296 - Warming up prefill sequence length: 1024 for batch size: 1 with sampling params: None
2026-08-29 11:16:19.649 | INFO     | models.demos.llama3_70b_galaxy.tt.generator:prefill_forward_text:551 - Prefilling User 0, use_batched_prefill: False, prompt_lens: 1024, prefill_seq_len: 1024, num_cached_tokens: 0
2026-08-29 11:16:19.910 | info     |           Metal | Finalize dfb: dfb_offset == base_offset: 80, dfb size: 32, return value: 112 (dataflow_buffer.cpp:1656)
2026-08-29 11:16:19.910 | info     |           Metal | Finalize dfb: dfb_offset == base_offset: 0, dfb size: 0, return value: 0 (dataflow_buffer.cpp:1656)
2026-08-29 11:16:19.910 | info     |           Metal | Finalize dfb: dfb_offset == base_offset: 0, dfb size: 0, return value: 0 (dataflow_buffer.cpp:1656)
2026-08-29 11:16:21.626 | info     |           Metal | Finalize dfb: dfb_offset == base_offset: 80, dfb size: 32, return value: 112 (dataflow_buffer.cpp:1656)
2026-08-29 11:16:21.626 | info     |           Metal | Finalize dfb: dfb_offset == base_offset: 0, dfb size: 0, return value: 0 (dataflow_buffer.cpp:1656)
2026-08-29 11:16:21.626 | info     |           Metal | Finalize dfb: dfb_offset == base_offset: 0, dfb size: 0, return value: 0 (dataflow_buffer.cpp:1656)
2026-08-29 11:16:21.628 | warning  |              Op | rotary_embedding_llama sequence tile coverage mismatch: input_Ht=32, cos_Ht=4096, sin_Ht=4096, rotary_Ht=32. Tiles beyond rotary_Ht will be zero-filled in the output. (rotary_embedding_llama_multi_core_program_factory.cpp:62)
2026-08-29 11:16:21.703 | info     |           Metal | Finalize dfb: dfb_offset == base_offset: 144, dfb size: 144, return value: 288 (dataflow_buffer.cpp:1656)
2026-08-29 11:16:21.703 | info     |           Metal | Finalize dfb: dfb_offset == base_offset: 0, dfb size: 0, return value: 0 (dataflow_buffer.cpp:1656)
2026-08-29 11:16:21.703 | info     |           Metal | Finalize dfb: dfb_offset == base_offset: 0, dfb size: 0, return value: 0 (dataflow_buffer.cpp:1656)
2026-08-29 11:16:21.711 | info     |           Metal | Finalize dfb: dfb_offset == base_offset: 80, dfb size: 32, return value: 112 (dataflow_buffer.cpp:1656)
2026-08-29 11:16:21.711 | info     |           Metal | Finalize dfb: dfb_offset == base_offset: 0, dfb size: 0, return value: 0 (dataflow_buffer.cpp:1656)
2026-08-29 11:16:21.711 | info     |           Metal | Finalize dfb: dfb_offset == base_offset: 0, dfb size: 0, return value: 0 (dataflow_buffer.cpp:1656)
2026-08-29 11:16:21.713 | warning  |              Op | rotary_embedding_llama sequence tile coverage mismatch: input_Ht=32, cos_Ht=4096, sin_Ht=4096, rotary_Ht=32. Tiles beyond rotary_Ht will be zero-filled in the output. (rotary_embedding_llama_multi_core_program_factory.cpp:62)
2026-08-29 11:16:21.787 | info     |           Metal | Finalize dfb: dfb_offset == base_offset: 144, dfb size: 144, return value: 288 (dataflow_buffer.cpp:1656)
2026-08-29 11:16:21.787 | info     |           Metal | Finalize dfb: dfb_offset == base_offset: 0, dfb size: 0, return value: 0 (dataflow_buffer.cpp:1656)
2026-08-29 11:16:21.787 | info     |           Metal | Finalize dfb: dfb_offset == base_offset: 0, dfb size: 0, return value: 0 (dataflow_buffer.cpp:1656)
2026-08-29 11:16:21.793 | info     |           Metal | Finalize dfb: dfb_offset == base_offset: 80, dfb size: 32, return value: 112 (dataflow_buffer.cpp:1656)
2026-08-29 11:16:21.793 | info     |           Metal | Finalize dfb: dfb_offset == base_offset: 0, dfb size: 0, return value: 0 (dataflow_buffer.cpp:1656)
2026-08-29 11:16:21.793 | info     |           Metal | Finalize dfb: dfb_offset == base_offset: 0, dfb size: 0, return value: 0 (dataflow_buffer.cpp:1656)
2026-08-29 11:16:21.862 | info     |           Metal | Finalize dfb: dfb_offset == base_offset: 80, dfb size: 32, return value: 112 (dataflow_buffer.cpp:1656)
2026-08-29 11:16:21.862 | info     |           Metal | Finalize dfb: dfb_offset == base_offset: 0, dfb size: 0, return value: 0 (dataflow_buffer.cpp:1656)
2026-08-29 11:16:21.862 | info     |           Metal | Finalize dfb: dfb_offset == base_offset: 0, dfb size: 0, return value: 0 (dataflow_buffer.cpp:1656)
2026-08-29 11:16:22.093 | info     |           Metal | Finalize dfb: dfb_offset == base_offset: 80, dfb size: 32, return value: 112 (dataflow_buffer.cpp:1656)
2026-08-29 11:16:22.093 | info     |           Metal | Finalize dfb: dfb_offset == base_offset: 0, dfb size: 0, return value: 0 (dataflow_buffer.cpp:1656)
2026-08-29 11:16:22.093 | info     |           Metal | Finalize dfb: dfb_offset == base_offset: 0, dfb size: 0, return value: 0 (dataflow_buffer.cpp:1656)
2026-08-29 11:16:26.097 | INFO     | models.demos.llama3_70b_galaxy.tt.generator:_capture_trace_prefill:1135 - Done Compiling Model
2026-08-29 11:16:28.828 | INFO     | models.demos.llama3_70b_galaxy.tt.generator:_capture_trace_prefill:1175 - Done Capturing Prefill Trace
2026-08-29 11:16:28.828 | INFO     | models.demos.llama3_70b_galaxy.tt.generator:_easy_trace_prefill:1042 - Executing prefill trace
2026-08-29 11:16:29.062 | INFO     | models.demos.llama3_70b_galaxy.tt.generator:prefill_warmup:270 - Running warmup prefill for sequence length: 1024, batch size: 32
2026-08-29 11:16:29.063 | INFO     | models.demos.llama3_70b_galaxy.tt.generator:prefill_warmup:296 - Warming up prefill sequence length: 1024 for batch size: 32 with sampling params: None
2026-08-29 11:16:29.063 | INFO     | models.demos.llama3_70b_galaxy.tt.generator:prefill_forward_text:551 - Prefilling User 0, use_batched_prefill: False, prompt_lens: 1024, prefill_seq_len: 1024, num_cached_tokens: 0
2026-08-29 11:16:29.063 | INFO     | models.demos.llama3_70b_galaxy.tt.generator:_easy_trace_prefill:1042 - Executing prefill trace
2026-08-29 11:16:29.244 | INFO     | models.demos.llama3_70b_galaxy.tt.generator:prefill_forward_text:551 - Prefilling User 1, use_batched_prefill: False, prompt_lens: 1024, prefill_seq_len: 1024, num_cached_tokens: 0
2026-08-29 11:16:29.245 | INFO     | models.demos.llama3_70b_galaxy.tt.generator:_easy_trace_prefill:1042 - Executing prefill trace
2026-08-29 11:16:29.426 | INFO     | models.demos.llama3_70b_galaxy.tt.generator:prefill_forward_text:551 - Prefilling User 2, use_batched_prefill: False, prompt_lens: 1024, prefill_seq_len: 1024, num_cached_tokens: 0
2026-08-29 11:16:29.426 | INFO     | models.demos.llama3_70b_galaxy.tt.generator:_easy_trace_prefill:1042 - Executing prefill trace
2026-08-29 11:16:29.607 | INFO     | models.demos.llama3_70b_galaxy.tt.generator:prefill_forward_text:551 - Prefilling User 3, use_batched_prefill: False, prompt_lens: 1024, prefill_seq_len: 1024, num_cached_tokens: 0
2026-08-29 11:16:29.608 | INFO     | models.demos.llama3_70b_galaxy.tt.generator:_easy_trace_prefill:1042 - Executing prefill trace
2026-08-29 11:16:29.789 | INFO     | models.demos.llama3_70b_galaxy.tt.generator:prefill_forward_text:551 - Prefilling User 4, use_batched_prefill: False, prompt_lens: 1024, prefill_seq_len: 1024, num_cached_tokens: 0
2026-08-29 11:16:29.789 | INFO     | models.demos.llama3_70b_galaxy.tt.generator:_easy_trace_prefill:1042 - Executing prefill trace
2026-08-29 11:16:29.970 | INFO     | models.demos.llama3_70b_galaxy.tt.generator:prefill_forward_text:551 - Prefilling User 5, use_batched_prefill: False, prompt_lens: 1024, prefill_seq_len: 1024, num_cached_tokens: 0
2026-08-29 11:16:29.971 | INFO     | models.demos.llama3_70b_galaxy.tt.generator:_easy_trace_prefill:1042 - Executing prefill trace
2026-08-29 11:16:30.152 | INFO     | models.demos.llama3_70b_galaxy.tt.generator:prefill_forward_text:551 - Prefilling User 6, use_batched_prefill: False, prompt_lens: 1024, prefill_seq_len: 1024, num_cached_tokens: 0
2026-08-29 11:16:30.153 | INFO     | models.demos.llama3_70b_galaxy.tt.generator:_easy_trace_prefill:1042 - Executing prefill trace
2026-08-29 11:16:30.332 | INFO     | models.demos.llama3_70b_galaxy.tt.generator:prefill_forward_text:551 - Prefilling User 7, use_batched_prefill: False, prompt_lens: 1024, prefill_seq_len: 1024, num_cached_tokens: 0
2026-08-29 11:16:30.332 | INFO     | models.demos.llama3_70b_galaxy.tt.generator:_easy_trace_prefill:1042 - Executing prefill trace
2026-08-29 11:16:30.513 | INFO     | models.demos.llama3_70b_galaxy.tt.generator:prefill_forward_text:551 - Prefilling User 8, use_batched_prefill: False, prompt_lens: 1024, prefill_seq_len: 1024, num_cached_tokens: 0
2026-08-29 11:16:30.514 | INFO     | models.demos.llama3_70b_galaxy.tt.generator:_easy_trace_prefill:1042 - Executing prefill trace
2026-08-29 11:16:30.693 | INFO     | models.demos.llama3_70b_galaxy.tt.generator:prefill_forward_text:551 - Prefilling User 9, use_batched_prefill: False, prompt_lens: 1024, prefill_seq_len: 1024, num_cached_tokens: 0
2026-08-29 11:16:30.694 | INFO     | models.demos.llama3_70b_galaxy.tt.generator:_easy_trace_prefill:1042 - Executing prefill trace
2026-08-29 11:16:30.875 | INFO     | models.demos.llama3_70b_galaxy.tt.generator:prefill_forward_text:551 - Prefilling User 10, use_batched_prefill: False, prompt_lens: 1024, prefill_seq_len: 1024, num_cached_tokens: 0
2026-08-29 11:16:30.875 | INFO     | models.demos.llama3_70b_galaxy.tt.generator:_easy_trace_prefill:1042 - Executing prefill trace
2026-08-29 11:16:31.054 | INFO     | models.demos.llama3_70b_galaxy.tt.generator:prefill_forward_text:551 - Prefilling User 11, use_batched_prefill: False, prompt_lens: 1024, prefill_seq_len: 1024, num_cached_tokens: 0
2026-08-29 11:16:31.054 | INFO     | models.demos.llama3_70b_galaxy.tt.generator:_easy_trace_prefill:1042 - Executing prefill trace
2026-08-29 11:16:31.235 | INFO     | models.demos.llama3_70b_galaxy.tt.generator:prefill_forward_text:551 - Prefilling User 12, use_batched_prefill: False, prompt_lens: 1024, prefill_seq_len: 1024, num_cached_tokens: 0
2026-08-29 11:16:31.236 | INFO     | models.demos.llama3_70b_galaxy.tt.generator:_easy_trace_prefill:1042 - Executing prefill trace
2026-08-29 11:16:31.417 | INFO     | models.demos.llama3_70b_galaxy.tt.generator:prefill_forward_text:551 - Prefilling User 13, use_batched_prefill: False, prompt_lens: 1024, prefill_seq_len: 1024, num_cached_tokens: 0
2026-08-29 11:16:31.417 | INFO     | models.demos.llama3_70b_galaxy.tt.generator:_easy_trace_prefill:1042 - Executing prefill trace
2026-08-29 11:16:31.598 | INFO     | models.demos.llama3_70b_galaxy.tt.generator:prefill_forward_text:551 - Prefilling User 14, use_batched_prefill: False, prompt_lens: 1024, prefill_seq_len: 1024, num_cached_tokens: 0
2026-08-29 11:16:31.599 | INFO     | models.demos.llama3_70b_galaxy.tt.generator:_easy_trace_prefill:1042 - Executing prefill trace
2026-08-29 11:16:31.780 | INFO     | models.demos.llama3_70b_galaxy.tt.generator:prefill_forward_text:551 - Prefilling User 15, use_batched_prefill: False, prompt_lens: 1024, prefill_seq_len: 1024, num_cached_tokens: 0
2026-08-29 11:16:31.780 | INFO     | models.demos.llama3_70b_galaxy.tt.generator:_easy_trace_prefill:1042 - Executing prefill trace
2026-08-29 11:16:31.961 | INFO     | models.demos.llama3_70b_galaxy.tt.generator:prefill_forward_text:551 - Prefilling User 16, use_batched_prefill: False, prompt_lens: 1024, prefill_seq_len: 1024, num_cached_tokens: 0
2026-08-29 11:16:31.962 | INFO     | models.demos.llama3_70b_galaxy.tt.generator:_easy_trace_prefill:1042 - Executing prefill trace
2026-08-29 11:16:32.142 | INFO     | models.demos.llama3_70b_galaxy.tt.generator:prefill_forward_text:551 - Prefilling User 17, use_batched_prefill: False, prompt_lens: 1024, prefill_seq_len: 1024, num_cached_tokens: 0
2026-08-29 11:16:32.143 | INFO     | models.demos.llama3_70b_galaxy.tt.generator:_easy_trace_prefill:1042 - Executing prefill trace
2026-08-29 11:16:32.322 | INFO     | models.demos.llama3_70b_galaxy.tt.generator:prefill_forward_text:551 - Prefilling User 18, use_batched_prefill: False, prompt_lens: 1024, prefill_seq_len: 1024, num_cached_tokens: 0
2026-08-29 11:16:32.322 | INFO     | models.demos.llama3_70b_galaxy.tt.generator:_easy_trace_prefill:1042 - Executing prefill trace
2026-08-29 11:16:32.503 | INFO     | models.demos.llama3_70b_galaxy.tt.generator:prefill_forward_text:551 - Prefilling User 19, use_batched_prefill: False, prompt_lens: 1024, prefill_seq_len: 1024, num_cached_tokens: 0
2026-08-29 11:16:32.504 | INFO     | models.demos.llama3_70b_galaxy.tt.generator:_easy_trace_prefill:1042 - Executing prefill trace
2026-08-29 11:16:32.685 | INFO     | models.demos.llama3_70b_galaxy.tt.generator:prefill_forward_text:551 - Prefilling User 20, use_batched_prefill: False, prompt_lens: 1024, prefill_seq_len: 1024, num_cached_tokens: 0
2026-08-29 11:16:32.686 | INFO     | models.demos.llama3_70b_galaxy.tt.generator:_easy_trace_prefill:1042 - Executing prefill trace
2026-08-29 11:16:32.867 | INFO     | models.demos.llama3_70b_galaxy.tt.generator:prefill_forward_text:551 - Prefilling User 21, use_batched_prefill: False, prompt_lens: 1024, prefill_seq_len: 1024, num_cached_tokens: 0
2026-08-29 11:16:32.867 | INFO     | models.demos.llama3_70b_galaxy.tt.generator:_easy_trace_prefill:1042 - Executing prefill trace
2026-08-29 11:16:33.048 | INFO     | models.demos.llama3_70b_galaxy.tt.generator:prefill_forward_text:551 - Prefilling User 22, use_batched_prefill: False, prompt_lens: 1024, prefill_seq_len: 1024, num_cached_tokens: 0
2026-08-29 11:16:33.049 | INFO     | models.demos.llama3_70b_galaxy.tt.generator:_easy_trace_prefill:1042 - Executing prefill trace
2026-08-29 11:16:33.228 | INFO     | models.demos.llama3_70b_galaxy.tt.generator:prefill_forward_text:551 - Prefilling User 23, use_batched_prefill: False, prompt_lens: 1024, prefill_seq_len: 1024, num_cached_tokens: 0
2026-08-29 11:16:33.228 | INFO     | models.demos.llama3_70b_galaxy.tt.generator:_easy_trace_prefill:1042 - Executing prefill trace
2026-08-29 11:16:33.407 | INFO     | models.demos.llama3_70b_galaxy.tt.generator:prefill_forward_text:551 - Prefilling User 24, use_batched_prefill: False, prompt_lens: 1024, prefill_seq_len: 1024, num_cached_tokens: 0
2026-08-29 11:16:33.407 | INFO     | models.demos.llama3_70b_galaxy.tt.generator:_easy_trace_prefill:1042 - Executing prefill trace
2026-08-29 11:16:33.586 | INFO     | models.demos.llama3_70b_galaxy.tt.generator:prefill_forward_text:551 - Prefilling User 25, use_batched_prefill: False, prompt_lens: 1024, prefill_seq_len: 1024, num_cached_tokens: 0
2026-08-29 11:16:33.586 | INFO     | models.demos.llama3_70b_galaxy.tt.generator:_easy_trace_prefill:1042 - Executing prefill trace
2026-08-29 11:16:33.767 | INFO     | models.demos.llama3_70b_galaxy.tt.generator:prefill_forward_text:551 - Prefilling User 26, use_batched_prefill: False, prompt_lens: 1024, prefill_seq_len: 1024, num_cached_tokens: 0
2026-08-29 11:16:33.768 | INFO     | models.demos.llama3_70b_galaxy.tt.generator:_easy_trace_prefill:1042 - Executing prefill trace
2026-08-29 11:16:33.949 | INFO     | models.demos.llama3_70b_galaxy.tt.generator:prefill_forward_text:551 - Prefilling User 27, use_batched_prefill: False, prompt_lens: 1024, prefill_seq_len: 1024, num_cached_tokens: 0
2026-08-29 11:16:33.949 | INFO     | models.demos.llama3_70b_galaxy.tt.generator:_easy_trace_prefill:1042 - Executing prefill trace
2026-08-29 11:16:34.128 | INFO     | models.demos.llama3_70b_galaxy.tt.generator:prefill_forward_text:551 - Prefilling User 28, use_batched_prefill: False, prompt_lens: 1024, prefill_seq_len: 1024, num_cached_tokens: 0
2026-08-29 11:16:34.128 | INFO     | models.demos.llama3_70b_galaxy.tt.generator:_easy_trace_prefill:1042 - Executing prefill trace
2026-08-29 11:16:34.307 | INFO     | models.demos.llama3_70b_galaxy.tt.generator:prefill_forward_text:551 - Prefilling User 29, use_batched_prefill: False, prompt_lens: 1024, prefill_seq_len: 1024, num_cached_tokens: 0
2026-08-29 11:16:34.307 | INFO     | models.demos.llama3_70b_galaxy.tt.generator:_easy_trace_prefill:1042 - Executing prefill trace
2026-08-29 11:16:34.488 | INFO     | models.demos.llama3_70b_galaxy.tt.generator:prefill_forward_text:551 - Prefilling User 30, use_batched_prefill: False, prompt_lens: 1024, prefill_seq_len: 1024, num_cached_tokens: 0
2026-08-29 11:16:34.489 | INFO     | models.demos.llama3_70b_galaxy.tt.generator:_easy_trace_prefill:1042 - Executing prefill trace
2026-08-29 11:16:34.668 | INFO     | models.demos.llama3_70b_galaxy.tt.generator:prefill_forward_text:551 - Prefilling User 31, use_batched_prefill: False, prompt_lens: 1024, prefill_seq_len: 1024, num_cached_tokens: 0
2026-08-29 11:16:34.669 | INFO     | models.demos.llama3_70b_galaxy.tt.generator:_easy_trace_prefill:1042 - Executing prefill trace
2026-08-29 11:16:34.848 | INFO     | models.demos.llama3_70b_galaxy.tt.generator:prefill_warmup:270 - Running warmup prefill for sequence length: 2048, batch size: 1
2026-08-29 11:16:34.848 | INFO     | models.demos.llama3_70b_galaxy.tt.generator:prefill_warmup:296 - Warming up prefill sequence length: 2048 for batch size: 1 with sampling params: None
2026-08-29 11:16:34.848 | INFO     | models.demos.llama3_70b_galaxy.tt.generator:prefill_forward_text:551 - Prefilling User 0, use_batched_prefill: False, prompt_lens: 2048, prefill_seq_len: 2048, num_cached_tokens: 0
2026-08-29 11:16:35.049 | info     |           Metal | Finalize dfb: dfb_offset == base_offset: 80, dfb size: 32, return value: 112 (dataflow_buffer.cpp:1656)
2026-08-29 11:16:35.049 | info     |           Metal | Finalize dfb: dfb_offset == base_offset: 0, dfb size: 0, return value: 0 (dataflow_buffer.cpp:1656)
2026-08-29 11:16:35.049 | info     |           Metal | Finalize dfb: dfb_offset == base_offset: 0, dfb size: 0, return value: 0 (dataflow_buffer.cpp:1656)
2026-08-29 11:16:37.025 | info     |           Metal | Finalize dfb: dfb_offset == base_offset: 80, dfb size: 32, return value: 112 (dataflow_buffer.cpp:1656)
2026-08-29 11:16:37.025 | info     |           Metal | Finalize dfb: dfb_offset == base_offset: 0, dfb size: 0, return value: 0 (dataflow_buffer.cpp:1656)
2026-08-29 11:16:37.025 | info     |           Metal | Finalize dfb: dfb_offset == base_offset: 0, dfb size: 0, return value: 0 (dataflow_buffer.cpp:1656)
2026-08-29 11:16:37.028 | warning  |              Op | rotary_embedding_llama sequence tile coverage mismatch: input_Ht=64, cos_Ht=4096, sin_Ht=4096, rotary_Ht=64. Tiles beyond rotary_Ht will be zero-filled in the output. (rotary_embedding_llama_multi_core_program_factory.cpp:62)
2026-08-29 11:16:37.103 | info     |           Metal | Finalize dfb: dfb_offset == base_offset: 144, dfb size: 144, return value: 288 (dataflow_buffer.cpp:1656)
2026-08-29 11:16:37.103 | info     |           Metal | Finalize dfb: dfb_offset == base_offset: 0, dfb size: 0, return value: 0 (dataflow_buffer.cpp:1656)
2026-08-29 11:16:37.103 | info     |           Metal | Finalize dfb: dfb_offset == base_offset: 0, dfb size: 0, return value: 0 (dataflow_buffer.cpp:1656)
2026-08-29 11:16:37.178 | info     |           Metal | Finalize dfb: dfb_offset == base_offset: 80, dfb size: 32, return value: 112 (dataflow_buffer.cpp:1656)
2026-08-29 11:16:37.178 | info     |           Metal | Finalize dfb: dfb_offset == base_offset: 0, dfb size: 0, return value: 0 (dataflow_buffer.cpp:1656)
2026-08-29 11:16:37.178 | info     |           Metal | Finalize dfb: dfb_offset == base_offset: 0, dfb size: 0, return value: 0 (dataflow_buffer.cpp:1656)
2026-08-29 11:16:37.180 | warning  |              Op | rotary_embedding_llama sequence tile coverage mismatch: input_Ht=64, cos_Ht=4096, sin_Ht=4096, rotary_Ht=64. Tiles beyond rotary_Ht will be zero-filled in the output. (rotary_embedding_llama_multi_core_program_factory.cpp:62)
2026-08-29 11:16:37.270 | info     |           Metal | Finalize dfb: dfb_offset == base_offset: 144, dfb size: 144, return value: 288 (dataflow_buffer.cpp:1656)
2026-08-29 11:16:37.270 | info     |           Metal | Finalize dfb: dfb_offset == base_offset: 0, dfb size: 0, return value: 0 (dataflow_buffer.cpp:1656)
2026-08-29 11:16:37.270 | info     |           Metal | Finalize dfb: dfb_offset == base_offset: 0, dfb size: 0, return value: 0 (dataflow_buffer.cpp:1656)
2026-08-29 11:16:37.277 | info     |           Metal | Finalize dfb: dfb_offset == base_offset: 80, dfb size: 32, return value: 112 (dataflow_buffer.cpp:1656)
2026-08-29 11:16:37.277 | info     |           Metal | Finalize dfb: dfb_offset == base_offset: 0, dfb size: 0, return value: 0 (dataflow_buffer.cpp:1656)
2026-08-29 11:16:37.277 | info     |           Metal | Finalize dfb: dfb_offset == base_offset: 0, dfb size: 0, return value: 0 (dataflow_buffer.cpp:1656)
2026-08-29 11:16:37.350 | info     |           Metal | Finalize dfb: dfb_offset == base_offset: 80, dfb size: 32, return value: 112 (dataflow_buffer.cpp:1656)
2026-08-29 11:16:37.350 | info     |           Metal | Finalize dfb: dfb_offset == base_offset: 0, dfb size: 0, return value: 0 (dataflow_buffer.cpp:1656)
2026-08-29 11:16:37.350 | info     |           Metal | Finalize dfb: dfb_offset == base_offset: 0, dfb size: 0, return value: 0 (dataflow_buffer.cpp:1656)
2026-08-29 11:16:37.497 | info     |           Metal | Finalize dfb: dfb_offset == base_offset: 80, dfb size: 32, return value: 112 (dataflow_buffer.cpp:1656)
2026-08-29 11:16:37.497 | info     |           Metal | Finalize dfb: dfb_offset == base_offset: 0, dfb size: 0, return value: 0 (dataflow_buffer.cpp:1656)
2026-08-29 11:16:37.497 | info     |           Metal | Finalize dfb: dfb_offset == base_offset: 0, dfb size: 0, return value: 0 (dataflow_buffer.cpp:1656)
2026-08-29 11:16:43.384 | INFO     | models.demos.llama3_70b_galaxy.tt.generator:_capture_trace_prefill:1135 - Done Compiling Model
2026-08-29 11:16:46.737 | INFO     | models.demos.llama3_70b_galaxy.tt.generator:_capture_trace_prefill:1175 - Done Capturing Prefill Trace
2026-08-29 11:16:46.737 | INFO     | models.demos.llama3_70b_galaxy.tt.generator:_easy_trace_prefill:1042 - Executing prefill trace
2026-08-29 11:16:47.106 | INFO     | models.demos.llama3_70b_galaxy.tt.generator:prefill_warmup:270 - Running warmup prefill for sequence length: 2048, batch size: 32
2026-08-29 11:16:47.107 | INFO     | models.demos.llama3_70b_galaxy.tt.generator:prefill_warmup:296 - Warming up prefill sequence length: 2048 for batch size: 32 with sampling params: None
2026-08-29 11:16:47.107 | INFO     | models.demos.llama3_70b_galaxy.tt.generator:prefill_forward_text:551 - Prefilling User 0, use_batched_prefill: False, prompt_lens: 2048, prefill_seq_len: 2048, num_cached_tokens: 0
2026-08-29 11:16:47.107 | INFO     | models.demos.llama3_70b_galaxy.tt.generator:_easy_trace_prefill:1042 - Executing prefill trace
2026-08-29 11:16:47.451 | INFO     | models.demos.llama3_70b_galaxy.tt.generator:prefill_forward_text:551 - Prefilling User 1, use_batched_prefill: False, prompt_lens: 2048, prefill_seq_len: 2048, num_cached_tokens: 0
2026-08-29 11:16:47.451 | INFO     | models.demos.llama3_70b_galaxy.tt.generator:_easy_trace_prefill:1042 - Executing prefill trace
2026-08-29 11:16:47.795 | INFO     | models.demos.llama3_70b_galaxy.tt.generator:prefill_forward_text:551 - Prefilling User 2, use_batched_prefill: False, prompt_lens: 2048, prefill_seq_len: 2048, num_cached_tokens: 0
2026-08-29 11:16:47.795 | INFO     | models.demos.llama3_70b_galaxy.tt.generator:_easy_trace_prefill:1042 - Executing prefill trace
2026-08-29 11:16:48.136 | INFO     | models.demos.llama3_70b_galaxy.tt.generator:prefill_forward_text:551 - Prefilling User 3, use_batched_prefill: False, prompt_lens: 2048, prefill_seq_len: 2048, num_cached_tokens: 0
2026-08-29 11:16:48.137 | INFO     | models.demos.llama3_70b_galaxy.tt.generator:_easy_trace_prefill:1042 - Executing prefill trace
2026-08-29 11:16:48.481 | INFO     | models.demos.llama3_70b_galaxy.tt.generator:prefill_forward_text:551 - Prefilling User 4, use_batched_prefill: False, prompt_lens: 2048, prefill_seq_len: 2048, num_cached_tokens: 0
2026-08-29 11:16:48.481 | INFO     | models.demos.llama3_70b_galaxy.tt.generator:_easy_trace_prefill:1042 - Executing prefill trace
2026-08-29 11:16:48.822 | INFO     | models.demos.llama3_70b_galaxy.tt.generator:prefill_forward_text:551 - Prefilling User 5, use_batched_prefill: False, prompt_lens: 2048, prefill_seq_len: 2048, num_cached_tokens: 0
2026-08-29 11:16:48.823 | INFO     | models.demos.llama3_70b_galaxy.tt.generator:_easy_trace_prefill:1042 - Executing prefill trace
2026-08-29 11:16:49.164 | INFO     | models.demos.llama3_70b_galaxy.tt.generator:prefill_forward_text:551 - Prefilling User 6, use_batched_prefill: False, prompt_lens: 2048, prefill_seq_len: 2048, num_cached_tokens: 0
2026-08-29 11:16:49.165 | INFO     | models.demos.llama3_70b_galaxy.tt.generator:_easy_trace_prefill:1042 - Executing prefill trace
2026-08-29 11:16:49.507 | INFO     | models.demos.llama3_70b_galaxy.tt.generator:prefill_forward_text:551 - Prefilling User 7, use_batched_prefill: False, prompt_lens: 2048, prefill_seq_len: 2048, num_cached_tokens: 0
2026-08-29 11:16:49.507 | INFO     | models.demos.llama3_70b_galaxy.tt.generator:_easy_trace_prefill:1042 - Executing prefill trace
2026-08-29 11:16:49.851 | INFO     | models.demos.llama3_70b_galaxy.tt.generator:prefill_forward_text:551 - Prefilling User 8, use_batched_prefill: False, prompt_lens: 2048, prefill_seq_len: 2048, num_cached_tokens: 0
2026-08-29 11:16:49.852 | INFO     | models.demos.llama3_70b_galaxy.tt.generator:_easy_trace_prefill:1042 - Executing prefill trace
2026-08-29 11:16:50.195 | INFO     | models.demos.llama3_70b_galaxy.tt.generator:prefill_forward_text:551 - Prefilling User 9, use_batched_prefill: False, prompt_lens: 2048, prefill_seq_len: 2048, num_cached_tokens: 0
2026-08-29 11:16:50.196 | INFO     | models.demos.llama3_70b_galaxy.tt.generator:_easy_trace_prefill:1042 - Executing prefill trace
2026-08-29 11:16:50.540 | INFO     | models.demos.llama3_70b_galaxy.tt.generator:prefill_forward_text:551 - Prefilling User 10, use_batched_prefill: False, prompt_lens: 2048, prefill_seq_len: 2048, num_cached_tokens: 0
2026-08-29 11:16:50.540 | INFO     | models.demos.llama3_70b_galaxy.tt.generator:_easy_trace_prefill:1042 - Executing prefill trace
2026-08-29 11:16:50.884 | INFO     | models.demos.llama3_70b_galaxy.tt.generator:prefill_forward_text:551 - Prefilling User 11, use_batched_prefill: False, prompt_lens: 2048, prefill_seq_len: 2048, num_cached_tokens: 0
2026-08-29 11:16:50.884 | INFO     | models.demos.llama3_70b_galaxy.tt.generator:_easy_trace_prefill:1042 - Executing prefill trace
2026-08-29 11:16:51.228 | INFO     | models.demos.llama3_70b_galaxy.tt.generator:prefill_forward_text:551 - Prefilling User 12, use_batched_prefill: False, prompt_lens: 2048, prefill_seq_len: 2048, num_cached_tokens: 0
2026-08-29 11:16:51.229 | INFO     | models.demos.llama3_70b_galaxy.tt.generator:_easy_trace_prefill:1042 - Executing prefill trace
2026-08-29 11:16:51.570 | INFO     | models.demos.llama3_70b_galaxy.tt.generator:prefill_forward_text:551 - Prefilling User 13, use_batched_prefill: False, prompt_lens: 2048, prefill_seq_len: 2048, num_cached_tokens: 0
2026-08-29 11:16:51.571 | INFO     | models.demos.llama3_70b_galaxy.tt.generator:_easy_trace_prefill:1042 - Executing prefill trace
2026-08-29 11:16:51.912 | INFO     | models.demos.llama3_70b_galaxy.tt.generator:prefill_forward_text:551 - Prefilling User 14, use_batched_prefill: False, prompt_lens: 2048, prefill_seq_len: 2048, num_cached_tokens: 0
2026-08-29 11:16:51.913 | INFO     | models.demos.llama3_70b_galaxy.tt.generator:_easy_trace_prefill:1042 - Executing prefill trace
2026-08-29 11:16:52.256 | INFO     | models.demos.llama3_70b_galaxy.tt.generator:prefill_forward_text:551 - Prefilling User 15, use_batched_prefill: False, prompt_lens: 2048, prefill_seq_len: 2048, num_cached_tokens: 0
2026-08-29 11:16:52.257 | INFO     | models.demos.llama3_70b_galaxy.tt.generator:_easy_trace_prefill:1042 - Executing prefill trace
2026-08-29 11:16:52.601 | INFO     | models.demos.llama3_70b_galaxy.tt.generator:prefill_forward_text:551 - Prefilling User 16, use_batched_prefill: False, prompt_lens: 2048, prefill_seq_len: 2048, num_cached_tokens: 0
2026-08-29 11:16:52.601 | INFO     | models.demos.llama3_70b_galaxy.tt.generator:_easy_trace_prefill:1042 - Executing prefill trace
2026-08-29 11:16:52.942 | INFO     | models.demos.llama3_70b_galaxy.tt.generator:prefill_forward_text:551 - Prefilling User 17, use_batched_prefill: False, prompt_lens: 2048, prefill_seq_len: 2048, num_cached_tokens: 0
2026-08-29 11:16:52.943 | INFO     | models.demos.llama3_70b_galaxy.tt.generator:_easy_trace_prefill:1042 - Executing prefill trace
2026-08-29 11:16:53.284 | INFO     | models.demos.llama3_70b_galaxy.tt.generator:prefill_forward_text:551 - Prefilling User 18, use_batched_prefill: False, prompt_lens: 2048, prefill_seq_len: 2048, num_cached_tokens: 0
2026-08-29 11:16:53.285 | INFO     | models.demos.llama3_70b_galaxy.tt.generator:_easy_trace_prefill:1042 - Executing prefill trace
2026-08-29 11:16:53.629 | INFO     | models.demos.llama3_70b_galaxy.tt.generator:prefill_forward_text:551 - Prefilling User 19, use_batched_prefill: False, prompt_lens: 2048, prefill_seq_len: 2048, num_cached_tokens: 0
2026-08-29 11:16:53.629 | INFO     | models.demos.llama3_70b_galaxy.tt.generator:_easy_trace_prefill:1042 - Executing prefill trace
2026-08-29 11:16:53.970 | INFO     | models.demos.llama3_70b_galaxy.tt.generator:prefill_forward_text:551 - Prefilling User 20, use_batched_prefill: False, prompt_lens: 2048, prefill_seq_len: 2048, num_cached_tokens: 0
2026-08-29 11:16:53.971 | INFO     | models.demos.llama3_70b_galaxy.tt.generator:_easy_trace_prefill:1042 - Executing prefill trace
2026-08-29 11:16:54.315 | INFO     | models.demos.llama3_70b_galaxy.tt.generator:prefill_forward_text:551 - Prefilling User 21, use_batched_prefill: False, prompt_lens: 2048, prefill_seq_len: 2048, num_cached_tokens: 0
2026-08-29 11:16:54.315 | INFO     | models.demos.llama3_70b_galaxy.tt.generator:_easy_trace_prefill:1042 - Executing prefill trace
2026-08-29 11:16:54.659 | INFO     | models.demos.llama3_70b_galaxy.tt.generator:prefill_forward_text:551 - Prefilling User 22, use_batched_prefill: False, prompt_lens: 2048, prefill_seq_len: 2048, num_cached_tokens: 0
2026-08-29 11:16:54.659 | INFO     | models.demos.llama3_70b_galaxy.tt.generator:_easy_trace_prefill:1042 - Executing prefill trace
2026-08-29 11:16:55.003 | INFO     | models.demos.llama3_70b_galaxy.tt.generator:prefill_forward_text:551 - Prefilling User 23, use_batched_prefill: False, prompt_lens: 2048, prefill_seq_len: 2048, num_cached_tokens: 0
2026-08-29 11:16:55.003 | INFO     | models.demos.llama3_70b_galaxy.tt.generator:_easy_trace_prefill:1042 - Executing prefill trace
2026-08-29 11:16:55.347 | INFO     | models.demos.llama3_70b_galaxy.tt.generator:prefill_forward_text:551 - Prefilling User 24, use_batched_prefill: False, prompt_lens: 2048, prefill_seq_len: 2048, num_cached_tokens: 0
2026-08-29 11:16:55.348 | INFO     | models.demos.llama3_70b_galaxy.tt.generator:_easy_trace_prefill:1042 - Executing prefill trace
2026-08-29 11:16:55.692 | INFO     | models.demos.llama3_70b_galaxy.tt.generator:prefill_forward_text:551 - Prefilling User 25, use_batched_prefill: False, prompt_lens: 2048, prefill_seq_len: 2048, num_cached_tokens: 0
2026-08-29 11:16:55.692 | INFO     | models.demos.llama3_70b_galaxy.tt.generator:_easy_trace_prefill:1042 - Executing prefill trace
2026-08-29 11:16:56.036 | INFO     | models.demos.llama3_70b_galaxy.tt.generator:prefill_forward_text:551 - Prefilling User 26, use_batched_prefill: False, prompt_lens: 2048, prefill_seq_len: 2048, num_cached_tokens: 0
2026-08-29 11:16:56.036 | INFO     | models.demos.llama3_70b_galaxy.tt.generator:_easy_trace_prefill:1042 - Executing prefill trace
2026-08-29 11:16:56.380 | INFO     | models.demos.llama3_70b_galaxy.tt.generator:prefill_forward_text:551 - Prefilling User 27, use_batched_prefill: False, prompt_lens: 2048, prefill_seq_len: 2048, num_cached_tokens: 0
2026-08-29 11:16:56.380 | INFO     | models.demos.llama3_70b_galaxy.tt.generator:_easy_trace_prefill:1042 - Executing prefill trace
2026-08-29 11:16:56.724 | INFO     | models.demos.llama3_70b_galaxy.tt.generator:prefill_forward_text:551 - Prefilling User 28, use_batched_prefill: False, prompt_lens: 2048, prefill_seq_len: 2048, num_cached_tokens: 0
2026-08-29 11:16:56.724 | INFO     | models.demos.llama3_70b_galaxy.tt.generator:_easy_trace_prefill:1042 - Executing prefill trace
2026-08-29 11:16:57.065 | INFO     | models.demos.llama3_70b_galaxy.tt.generator:prefill_forward_text:551 - Prefilling User 29, use_batched_prefill: False, prompt_lens: 2048, prefill_seq_len: 2048, num_cached_tokens: 0
2026-08-29 11:16:57.066 | INFO     | models.demos.llama3_70b_galaxy.tt.generator:_easy_trace_prefill:1042 - Executing prefill trace
2026-08-29 11:16:57.410 | INFO     | models.demos.llama3_70b_galaxy.tt.generator:prefill_forward_text:551 - Prefilling User 30, use_batched_prefill: False, prompt_lens: 2048, prefill_seq_len: 2048, num_cached_tokens: 0
2026-08-29 11:16:57.411 | INFO     | models.demos.llama3_70b_galaxy.tt.generator:_easy_trace_prefill:1042 - Executing prefill trace
2026-08-29 11:16:57.755 | INFO     | models.demos.llama3_70b_galaxy.tt.generator:prefill_forward_text:551 - Prefilling User 31, use_batched_prefill: False, prompt_lens: 2048, prefill_seq_len: 2048, num_cached_tokens: 0
2026-08-29 11:16:57.755 | INFO     | models.demos.llama3_70b_galaxy.tt.generator:_easy_trace_prefill:1042 - Executing prefill trace
2026-08-29 11:16:58.096 | INFO     | models.demos.llama3_70b_galaxy.tt.generator:prefill_warmup:270 - Running warmup prefill for sequence length: 4096, batch size: 1
2026-08-29 11:16:58.097 | INFO     | models.demos.llama3_70b_galaxy.tt.generator:prefill_warmup:296 - Warming up prefill sequence length: 4096 for batch size: 1 with sampling params: None
2026-08-29 11:16:58.097 | INFO     | models.demos.llama3_70b_galaxy.tt.generator:prefill_forward_text:551 - Prefilling User 0, use_batched_prefill: False, prompt_lens: 4096, prefill_seq_len: 4096, num_cached_tokens: 0
2026-08-29 11:16:58.994 | info     |           Metal | Finalize dfb: dfb_offset == base_offset: 80, dfb size: 32, return value: 112 (dataflow_buffer.cpp:1656)
2026-08-29 11:16:58.994 | info     |           Metal | Finalize dfb: dfb_offset == base_offset: 0, dfb size: 0, return value: 0 (dataflow_buffer.cpp:1656)
2026-08-29 11:16:58.994 | info     |           Metal | Finalize dfb: dfb_offset == base_offset: 0, dfb size: 0, return value: 0 (dataflow_buffer.cpp:1656)
2026-08-29 11:16:58.995 | warning  |              Op | rotary_embedding_llama sequence tile coverage mismatch: input_Ht=128, cos_Ht=4096, sin_Ht=4096, rotary_Ht=128. Tiles beyond rotary_Ht will be zero-filled in the output. (rotary_embedding_llama_multi_core_program_factory.cpp:62)
2026-08-29 11:16:59.088 | info     |           Metal | Finalize dfb: dfb_offset == base_offset: 144, dfb size: 144, return value: 288 (dataflow_buffer.cpp:1656)
2026-08-29 11:16:59.088 | info     |           Metal | Finalize dfb: dfb_offset == base_offset: 0, dfb size: 0, return value: 0 (dataflow_buffer.cpp:1656)
2026-08-29 11:16:59.088 | info     |           Metal | Finalize dfb: dfb_offset == base_offset: 0, dfb size: 0, return value: 0 (dataflow_buffer.cpp:1656)
2026-08-29 11:16:59.096 | info     |           Metal | Finalize dfb: dfb_offset == base_offset: 80, dfb size: 32, return value: 112 (dataflow_buffer.cpp:1656)
2026-08-29 11:16:59.096 | info     |           Metal | Finalize dfb: dfb_offset == base_offset: 0, dfb size: 0, return value: 0 (dataflow_buffer.cpp:1656)
2026-08-29 11:16:59.096 | info     |           Metal | Finalize dfb: dfb_offset == base_offset: 0, dfb size: 0, return value: 0 (dataflow_buffer.cpp:1656)
2026-08-29 11:16:59.097 | warning  |              Op | rotary_embedding_llama sequence tile coverage mismatch: input_Ht=128, cos_Ht=4096, sin_Ht=4096, rotary_Ht=128. Tiles beyond rotary_Ht will be zero-filled in the output. (rotary_embedding_llama_multi_core_program_factory.cpp:62)
2026-08-29 11:16:59.167 | info     |           Metal | Finalize dfb: dfb_offset == base_offset: 144, dfb size: 144, return value: 288 (dataflow_buffer.cpp:1656)
2026-08-29 11:16:59.167 | info     |           Metal | Finalize dfb: dfb_offset == base_offset: 0, dfb size: 0, return value: 0 (dataflow_buffer.cpp:1656)
2026-08-29 11:16:59.167 | info     |           Metal | Finalize dfb: dfb_offset == base_offset: 0, dfb size: 0, return value: 0 (dataflow_buffer.cpp:1656)
2026-08-29 11:16:59.173 | info     |           Metal | Finalize dfb: dfb_offset == base_offset: 80, dfb size: 32, return value: 112 (dataflow_buffer.cpp:1656)
2026-08-29 11:16:59.173 | info     |           Metal | Finalize dfb: dfb_offset == base_offset: 0, dfb size: 0, return value: 0 (dataflow_buffer.cpp:1656)
2026-08-29 11:16:59.173 | info     |           Metal | Finalize dfb: dfb_offset == base_offset: 0, dfb size: 0, return value: 0 (dataflow_buffer.cpp:1656)
2026-08-29 11:16:59.178 | info     |           Metal | Finalize dfb: dfb_offset == base_offset: 80, dfb size: 32, return value: 112 (dataflow_buffer.cpp:1656)
2026-08-29 11:16:59.178 | info     |           Metal | Finalize dfb: dfb_offset == base_offset: 0, dfb size: 0, return value: 0 (dataflow_buffer.cpp:1656)
2026-08-29 11:16:59.178 | info     |           Metal | Finalize dfb: dfb_offset == base_offset: 0, dfb size: 0, return value: 0 (dataflow_buffer.cpp:1656)
2026-08-29 11:16:59.353 | info     |           Metal | Finalize dfb: dfb_offset == base_offset: 80, dfb size: 32, return value: 112 (dataflow_buffer.cpp:1656)
2026-08-29 11:16:59.353 | info     |           Metal | Finalize dfb: dfb_offset == base_offset: 0, dfb size: 0, return value: 0 (dataflow_buffer.cpp:1656)
2026-08-29 11:16:59.353 | info     |           Metal | Finalize dfb: dfb_offset == base_offset: 0, dfb size: 0, return value: 0 (dataflow_buffer.cpp:1656)
2026-08-29 11:17:04.219 | INFO     | models.demos.llama3_70b_galaxy.tt.generator:_capture_trace_prefill:1135 - Done Compiling Model
2026-08-29 11:17:07.423 | INFO     | models.demos.llama3_70b_galaxy.tt.generator:_capture_trace_prefill:1175 - Done Capturing Prefill Trace
2026-08-29 11:17:07.424 | INFO     | models.demos.llama3_70b_galaxy.tt.generator:_easy_trace_prefill:1042 - Executing prefill trace
2026-08-29 11:17:08.101 | INFO     | models.demos.llama3_70b_galaxy.tt.generator:prefill_warmup:266 - Skipping warmup step for prefill sequence length 4096, batch size: 32
2026-08-29 11:17:08.101 | INFO     | models.demos.llama3_70b_galaxy.tt.generator:prefill_warmup:270 - Running warmup prefill for sequence length: 8192, batch size: 1
2026-08-29 11:17:08.101 | INFO     | models.demos.llama3_70b_galaxy.tt.generator:prefill_warmup:296 - Warming up prefill sequence length: 8192 for batch size: 1 with sampling params: None
2026-08-29 11:17:08.101 | INFO     | models.demos.llama3_70b_galaxy.tt.generator:prefill_forward_text:551 - Prefilling User 0, use_batched_prefill: False, prompt_lens: 8192, prefill_seq_len: 8192, num_cached_tokens: 0
2026-08-29 11:17:08.426 | info     |           Metal | Finalize dfb: dfb_offset == base_offset: 80, dfb size: 32, return value: 112 (dataflow_buffer.cpp:1656)
2026-08-29 11:17:08.426 | info     |           Metal | Finalize dfb: dfb_offset == base_offset: 0, dfb size: 0, return value: 0 (dataflow_buffer.cpp:1656)
2026-08-29 11:17:08.426 | info     |           Metal | Finalize dfb: dfb_offset == base_offset: 0, dfb size: 0, return value: 0 (dataflow_buffer.cpp:1656)
2026-08-29 11:17:10.887 | info     |           Metal | Finalize dfb: dfb_offset == base_offset: 80, dfb size: 32, return value: 112 (dataflow_buffer.cpp:1656)
2026-08-29 11:17:10.887 | info     |           Metal | Finalize dfb: dfb_offset == base_offset: 0, dfb size: 0, return value: 0 (dataflow_buffer.cpp:1656)
2026-08-29 11:17:10.887 | info     |           Metal | Finalize dfb: dfb_offset == base_offset: 0, dfb size: 0, return value: 0 (dataflow_buffer.cpp:1656)
2026-08-29 11:17:10.890 | warning  |              Op | rotary_embedding_llama sequence tile coverage mismatch: input_Ht=256, cos_Ht=4096, sin_Ht=4096, rotary_Ht=256. Tiles beyond rotary_Ht will be zero-filled in the output. (rotary_embedding_llama_multi_core_program_factory.cpp:62)
2026-08-29 11:17:10.986 | info     |           Metal | Finalize dfb: dfb_offset == base_offset: 144, dfb size: 144, return value: 288 (dataflow_buffer.cpp:1656)
2026-08-29 11:17:10.986 | info     |           Metal | Finalize dfb: dfb_offset == base_offset: 0, dfb size: 0, return value: 0 (dataflow_buffer.cpp:1656)
2026-08-29 11:17:10.986 | info     |           Metal | Finalize dfb: dfb_offset == base_offset: 0, dfb size: 0, return value: 0 (dataflow_buffer.cpp:1656)
2026-08-29 11:17:11.000 | info     |           Metal | Finalize dfb: dfb_offset == base_offset: 80, dfb size: 32, return value: 112 (dataflow_buffer.cpp:1656)
2026-08-29 11:17:11.000 | info     |           Metal | Finalize dfb: dfb_offset == base_offset: 0, dfb size: 0, return value: 0 (dataflow_buffer.cpp:1656)
2026-08-29 11:17:11.000 | info     |           Metal | Finalize dfb: dfb_offset == base_offset: 0, dfb size: 0, return value: 0 (dataflow_buffer.cpp:1656)
2026-08-29 11:17:11.001 | warning  |              Op | rotary_embedding_llama sequence tile coverage mismatch: input_Ht=256, cos_Ht=4096, sin_Ht=4096, rotary_Ht=256. Tiles beyond rotary_Ht will be zero-filled in the output. (rotary_embedding_llama_multi_core_program_factory.cpp:62)
2026-08-29 11:17:11.072 | info     |           Metal | Finalize dfb: dfb_offset == base_offset: 144, dfb size: 144, return value: 288 (dataflow_buffer.cpp:1656)
2026-08-29 11:17:11.072 | info     |           Metal | Finalize dfb: dfb_offset == base_offset: 0, dfb size: 0, return value: 0 (dataflow_buffer.cpp:1656)
2026-08-29 11:17:11.072 | info     |           Metal | Finalize dfb: dfb_offset == base_offset: 0, dfb size: 0, return value: 0 (dataflow_buffer.cpp:1656)
2026-08-29 11:17:11.078 | info     |           Metal | Finalize dfb: dfb_offset == base_offset: 80, dfb size: 32, return value: 112 (dataflow_buffer.cpp:1656)
2026-08-29 11:17:11.078 | info     |           Metal | Finalize dfb: dfb_offset == base_offset: 0, dfb size: 0, return value: 0 (dataflow_buffer.cpp:1656)
2026-08-29 11:17:11.078 | info     |           Metal | Finalize dfb: dfb_offset == base_offset: 0, dfb size: 0, return value: 0 (dataflow_buffer.cpp:1656)
2026-08-29 11:17:11.150 | info     |           Metal | Finalize dfb: dfb_offset == base_offset: 80, dfb size: 32, return value: 112 (dataflow_buffer.cpp:1656)
2026-08-29 11:17:11.150 | info     |           Metal | Finalize dfb: dfb_offset == base_offset: 0, dfb size: 0, return value: 0 (dataflow_buffer.cpp:1656)
2026-08-29 11:17:11.150 | info     |           Metal | Finalize dfb: dfb_offset == base_offset: 0, dfb size: 0, return value: 0 (dataflow_buffer.cpp:1656)
2026-08-29 11:17:11.353 | info     |           Metal | Finalize dfb: dfb_offset == base_offset: 80, dfb size: 32, return value: 112 (dataflow_buffer.cpp:1656)
2026-08-29 11:17:11.353 | info     |           Metal | Finalize dfb: dfb_offset == base_offset: 0, dfb size: 0, return value: 0 (dataflow_buffer.cpp:1656)
2026-08-29 11:17:11.353 | info     |           Metal | Finalize dfb: dfb_offset == base_offset: 0, dfb size: 0, return value: 0 (dataflow_buffer.cpp:1656)
2026-08-29 11:17:17.992 | INFO     | models.demos.llama3_70b_galaxy.tt.generator:prefill_warmup:266 - Skipping warmup step for prefill sequence length 8192, batch size: 32
2026-08-29 11:17:17.992 | INFO     | models.demos.llama3_70b_galaxy.tt.generator:prefill_warmup:270 - Running warmup prefill for sequence length: 16384, batch size: 1
2026-08-29 11:17:17.992 | INFO     | models.demos.llama3_70b_galaxy.tt.generator:prefill_warmup:296 - Warming up prefill sequence length: 16384 for batch size: 1 with sampling params: None
2026-08-29 11:17:17.992 | INFO     | models.demos.llama3_70b_galaxy.tt.generator:prefill_forward_text:551 - Prefilling User 0, use_batched_prefill: False, prompt_lens: 16384, prefill_seq_len: 16384, num_cached_tokens: 0
2026-08-29 11:17:18.390 | info     |           Metal | Finalize dfb: dfb_offset == base_offset: 80, dfb size: 32, return value: 112 (dataflow_buffer.cpp:1656)
2026-08-29 11:17:18.390 | info     |           Metal | Finalize dfb: dfb_offset == base_offset: 0, dfb size: 0, return value: 0 (dataflow_buffer.cpp:1656)
2026-08-29 11:17:18.390 | info     |           Metal | Finalize dfb: dfb_offset == base_offset: 0, dfb size: 0, return value: 0 (dataflow_buffer.cpp:1656)
2026-08-29 11:17:21.097 | info     |           Metal | Finalize dfb: dfb_offset == base_offset: 80, dfb size: 32, return value: 112 (dataflow_buffer.cpp:1656)
2026-08-29 11:17:21.097 | info     |           Metal | Finalize dfb: dfb_offset == base_offset: 0, dfb size: 0, return value: 0 (dataflow_buffer.cpp:1656)
2026-08-29 11:17:21.097 | info     |           Metal | Finalize dfb: dfb_offset == base_offset: 0, dfb size: 0, return value: 0 (dataflow_buffer.cpp:1656)
2026-08-29 11:17:21.100 | warning  |              Op | rotary_embedding_llama sequence tile coverage mismatch: input_Ht=512, cos_Ht=4096, sin_Ht=4096, rotary_Ht=512. Tiles beyond rotary_Ht will be zero-filled in the output. (rotary_embedding_llama_multi_core_program_factory.cpp:62)
2026-08-29 11:17:21.176 | info     |           Metal | Finalize dfb: dfb_offset == base_offset: 144, dfb size: 144, return value: 288 (dataflow_buffer.cpp:1656)
2026-08-29 11:17:21.176 | info     |           Metal | Finalize dfb: dfb_offset == base_offset: 0, dfb size: 0, return value: 0 (dataflow_buffer.cpp:1656)
2026-08-29 11:17:21.176 | info     |           Metal | Finalize dfb: dfb_offset == base_offset: 0, dfb size: 0, return value: 0 (dataflow_buffer.cpp:1656)
2026-08-29 11:17:21.183 | info     |           Metal | Finalize dfb: dfb_offset == base_offset: 80, dfb size: 32, return value: 112 (dataflow_buffer.cpp:1656)
2026-08-29 11:17:21.183 | info     |           Metal | Finalize dfb: dfb_offset == base_offset: 0, dfb size: 0, return value: 0 (dataflow_buffer.cpp:1656)
2026-08-29 11:17:21.183 | info     |           Metal | Finalize dfb: dfb_offset == base_offset: 0, dfb size: 0, return value: 0 (dataflow_buffer.cpp:1656)
2026-08-29 11:17:21.184 | warning  |              Op | rotary_embedding_llama sequence tile coverage mismatch: input_Ht=512, cos_Ht=4096, sin_Ht=4096, rotary_Ht=512. Tiles beyond rotary_Ht will be zero-filled in the output. (rotary_embedding_llama_multi_core_program_factory.cpp:62)
2026-08-29 11:17:21.254 | info     |           Metal | Finalize dfb: dfb_offset == base_offset: 144, dfb size: 144, return value: 288 (dataflow_buffer.cpp:1656)
2026-08-29 11:17:21.254 | info     |           Metal | Finalize dfb: dfb_offset == base_offset: 0, dfb size: 0, return value: 0 (dataflow_buffer.cpp:1656)
2026-08-29 11:17:21.254 | info     |           Metal | Finalize dfb: dfb_offset == base_offset: 0, dfb size: 0, return value: 0 (dataflow_buffer.cpp:1656)
2026-08-29 11:17:21.262 | info     |           Metal | Finalize dfb: dfb_offset == base_offset: 80, dfb size: 32, return value: 112 (dataflow_buffer.cpp:1656)
2026-08-29 11:17:21.262 | info     |           Metal | Finalize dfb: dfb_offset == base_offset: 0, dfb size: 0, return value: 0 (dataflow_buffer.cpp:1656)
2026-08-29 11:17:21.262 | info     |           Metal | Finalize dfb: dfb_offset == base_offset: 0, dfb size: 0, return value: 0 (dataflow_buffer.cpp:1656)
2026-08-29 11:17:21.334 | info     |           Metal | Finalize dfb: dfb_offset == base_offset: 80, dfb size: 32, return value: 112 (dataflow_buffer.cpp:1656)
2026-08-29 11:17:21.334 | info     |           Metal | Finalize dfb: dfb_offset == base_offset: 0, dfb size: 0, return value: 0 (dataflow_buffer.cpp:1656)
2026-08-29 11:17:21.335 | info     |           Metal | Finalize dfb: dfb_offset == base_offset: 0, dfb size: 0, return value: 0 (dataflow_buffer.cpp:1656)
2026-08-29 11:17:21.578 | info     |           Metal | Finalize dfb: dfb_offset == base_offset: 80, dfb size: 32, return value: 112 (dataflow_buffer.cpp:1656)
2026-08-29 11:17:21.578 | info     |           Metal | Finalize dfb: dfb_offset == base_offset: 0, dfb size: 0, return value: 0 (dataflow_buffer.cpp:1656)
2026-08-29 11:17:21.578 | info     |           Metal | Finalize dfb: dfb_offset == base_offset: 0, dfb size: 0, return value: 0 (dataflow_buffer.cpp:1656)
2026-08-29 11:17:29.384 | INFO     | models.demos.llama3_70b_galaxy.tt.generator:prefill_warmup:266 - Skipping warmup step for prefill sequence length 16384, batch size: 32
2026-08-29 11:17:29.384 | INFO     | models.demos.llama3_70b_galaxy.tt.generator:prefill_warmup:270 - Running warmup prefill for sequence length: 32768, batch size: 1
2026-08-29 11:17:29.384 | INFO     | models.demos.llama3_70b_galaxy.tt.generator:prefill_warmup:296 - Warming up prefill sequence length: 32768 for batch size: 1 with sampling params: None
2026-08-29 11:17:29.384 | INFO     | models.demos.llama3_70b_galaxy.tt.generator:prefill_forward_text:551 - Prefilling User 0, use_batched_prefill: False, prompt_lens: 32768, prefill_seq_len: 32768, num_cached_tokens: 0
2026-08-29 11:17:29.828 | info     |           Metal | Finalize dfb: dfb_offset == base_offset: 80, dfb size: 32, return value: 112 (dataflow_buffer.cpp:1656)
2026-08-29 11:17:29.828 | info     |           Metal | Finalize dfb: dfb_offset == base_offset: 0, dfb size: 0, return value: 0 (dataflow_buffer.cpp:1656)
2026-08-29 11:17:29.828 | info     |           Metal | Finalize dfb: dfb_offset == base_offset: 0, dfb size: 0, return value: 0 (dataflow_buffer.cpp:1656)
2026-08-29 11:17:32.806 | info     |           Metal | Finalize dfb: dfb_offset == base_offset: 80, dfb size: 32, return value: 112 (dataflow_buffer.cpp:1656)
2026-08-29 11:17:32.806 | info     |           Metal | Finalize dfb: dfb_offset == base_offset: 0, dfb size: 0, return value: 0 (dataflow_buffer.cpp:1656)
2026-08-29 11:17:32.806 | info     |           Metal | Finalize dfb: dfb_offset == base_offset: 0, dfb size: 0, return value: 0 (dataflow_buffer.cpp:1656)
2026-08-29 11:17:32.809 | warning  |              Op | rotary_embedding_llama sequence tile coverage mismatch: input_Ht=1024, cos_Ht=4096, sin_Ht=4096, rotary_Ht=1024. Tiles beyond rotary_Ht will be zero-filled in the output. (rotary_embedding_llama_multi_core_program_factory.cpp:62)
2026-08-29 11:17:32.893 | info     |           Metal | Finalize dfb: dfb_offset == base_offset: 144, dfb size: 144, return value: 288 (dataflow_buffer.cpp:1656)
2026-08-29 11:17:32.893 | info     |           Metal | Finalize dfb: dfb_offset == base_offset: 0, dfb size: 0, return value: 0 (dataflow_buffer.cpp:1656)
2026-08-29 11:17:32.893 | info     |           Metal | Finalize dfb: dfb_offset == base_offset: 0, dfb size: 0, return value: 0 (dataflow_buffer.cpp:1656)
2026-08-29 11:17:32.899 | info     |           Metal | Finalize dfb: dfb_offset == base_offset: 80, dfb size: 32, return value: 112 (dataflow_buffer.cpp:1656)
2026-08-29 11:17:32.900 | info     |           Metal | Finalize dfb: dfb_offset == base_offset: 0, dfb size: 0, return value: 0 (dataflow_buffer.cpp:1656)
2026-08-29 11:17:32.900 | info     |           Metal | Finalize dfb: dfb_offset == base_offset: 0, dfb size: 0, return value: 0 (dataflow_buffer.cpp:1656)
2026-08-29 11:17:32.901 | warning  |              Op | rotary_embedding_llama sequence tile coverage mismatch: input_Ht=1024, cos_Ht=4096, sin_Ht=4096, rotary_Ht=1024. Tiles beyond rotary_Ht will be zero-filled in the output. (rotary_embedding_llama_multi_core_program_factory.cpp:62)
2026-08-29 11:17:32.974 | info     |           Metal | Finalize dfb: dfb_offset == base_offset: 144, dfb size: 144, return value: 288 (dataflow_buffer.cpp:1656)
2026-08-29 11:17:32.974 | info     |           Metal | Finalize dfb: dfb_offset == base_offset: 0, dfb size: 0, return value: 0 (dataflow_buffer.cpp:1656)
2026-08-29 11:17:32.974 | info     |           Metal | Finalize dfb: dfb_offset == base_offset: 0, dfb size: 0, return value: 0 (dataflow_buffer.cpp:1656)
2026-08-29 11:17:32.983 | info     |           Metal | Finalize dfb: dfb_offset == base_offset: 80, dfb size: 32, return value: 112 (dataflow_buffer.cpp:1656)
2026-08-29 11:17:32.983 | info     |           Metal | Finalize dfb: dfb_offset == base_offset: 0, dfb size: 0, return value: 0 (dataflow_buffer.cpp:1656)
2026-08-29 11:17:32.983 | info     |           Metal | Finalize dfb: dfb_offset == base_offset: 0, dfb size: 0, return value: 0 (dataflow_buffer.cpp:1656)
2026-08-29 11:17:33.070 | info     |           Metal | Finalize dfb: dfb_offset == base_offset: 80, dfb size: 32, return value: 112 (dataflow_buffer.cpp:1656)
2026-08-29 11:17:33.070 | info     |           Metal | Finalize dfb: dfb_offset == base_offset: 0, dfb size: 0, return value: 0 (dataflow_buffer.cpp:1656)
2026-08-29 11:17:33.070 | info     |           Metal | Finalize dfb: dfb_offset == base_offset: 0, dfb size: 0, return value: 0 (dataflow_buffer.cpp:1656)
2026-08-29 11:17:33.388 | info     |           Metal | Finalize dfb: dfb_offset == base_offset: 80, dfb size: 32, return value: 112 (dataflow_buffer.cpp:1656)
2026-08-29 11:17:33.388 | info     |           Metal | Finalize dfb: dfb_offset == base_offset: 0, dfb size: 0, return value: 0 (dataflow_buffer.cpp:1656)
2026-08-29 11:17:33.388 | info     |           Metal | Finalize dfb: dfb_offset == base_offset: 0, dfb size: 0, return value: 0 (dataflow_buffer.cpp:1656)
2026-08-29 11:17:43.649 | INFO     | models.demos.llama3_70b_galaxy.tt.generator:prefill_warmup:266 - Skipping warmup step for prefill sequence length 32768, batch size: 32
2026-08-29 11:17:43.649 | INFO     | models.demos.llama3_70b_galaxy.tt.generator:prefill_warmup:270 - Running warmup prefill for sequence length: 65536, batch size: 1
2026-08-29 11:17:43.649 | INFO     | models.demos.llama3_70b_galaxy.tt.generator:prefill_warmup:296 - Warming up prefill sequence length: 65536 for batch size: 1 with sampling params: None
2026-08-29 11:17:43.649 | INFO     | models.demos.llama3_70b_galaxy.tt.generator:prefill_forward_text:551 - Prefilling User 0, use_batched_prefill: False, prompt_lens: 65536, prefill_seq_len: 65536, num_cached_tokens: 0
2026-08-29 11:17:44.129 | info     |           Metal | Finalize dfb: dfb_offset == base_offset: 80, dfb size: 32, return value: 112 (dataflow_buffer.cpp:1656)
2026-08-29 11:17:44.129 | info     |           Metal | Finalize dfb: dfb_offset == base_offset: 0, dfb size: 0, return value: 0 (dataflow_buffer.cpp:1656)
2026-08-29 11:17:44.129 | info     |           Metal | Finalize dfb: dfb_offset == base_offset: 0, dfb size: 0, return value: 0 (dataflow_buffer.cpp:1656)
2026-08-29 11:17:47.409 | info     |           Metal | Finalize dfb: dfb_offset == base_offset: 80, dfb size: 32, return value: 112 (dataflow_buffer.cpp:1656)
2026-08-29 11:17:47.409 | info     |           Metal | Finalize dfb: dfb_offset == base_offset: 0, dfb size: 0, return value: 0 (dataflow_buffer.cpp:1656)
2026-08-29 11:17:47.409 | info     |           Metal | Finalize dfb: dfb_offset == base_offset: 0, dfb size: 0, return value: 0 (dataflow_buffer.cpp:1656)
2026-08-29 11:17:47.411 | warning  |              Op | rotary_embedding_llama sequence tile coverage mismatch: input_Ht=2048, cos_Ht=4096, sin_Ht=4096, rotary_Ht=2048. Tiles beyond rotary_Ht will be zero-filled in the output. (rotary_embedding_llama_multi_core_program_factory.cpp:62)
2026-08-29 11:17:47.492 | info     |           Metal | Finalize dfb: dfb_offset == base_offset: 144, dfb size: 144, return value: 288 (dataflow_buffer.cpp:1656)
2026-08-29 11:17:47.492 | info     |           Metal | Finalize dfb: dfb_offset == base_offset: 0, dfb size: 0, return value: 0 (dataflow_buffer.cpp:1656)
2026-08-29 11:17:47.492 | info     |           Metal | Finalize dfb: dfb_offset == base_offset: 0, dfb size: 0, return value: 0 (dataflow_buffer.cpp:1656)
2026-08-29 11:17:47.499 | info     |           Metal | Finalize dfb: dfb_offset == base_offset: 80, dfb size: 32, return value: 112 (dataflow_buffer.cpp:1656)
2026-08-29 11:17:47.499 | info     |           Metal | Finalize dfb: dfb_offset == base_offset: 0, dfb size: 0, return value: 0 (dataflow_buffer.cpp:1656)
2026-08-29 11:17:47.499 | info     |           Metal | Finalize dfb: dfb_offset == base_offset: 0, dfb size: 0, return value: 0 (dataflow_buffer.cpp:1656)
2026-08-29 11:17:47.500 | warning  |              Op | rotary_embedding_llama sequence tile coverage mismatch: input_Ht=2048, cos_Ht=4096, sin_Ht=4096, rotary_Ht=2048. Tiles beyond rotary_Ht will be zero-filled in the output. (rotary_embedding_llama_multi_core_program_factory.cpp:62)
2026-08-29 11:17:47.577 | info     |           Metal | Finalize dfb: dfb_offset == base_offset: 144, dfb size: 144, return value: 288 (dataflow_buffer.cpp:1656)
2026-08-29 11:17:47.577 | info     |           Metal | Finalize dfb: dfb_offset == base_offset: 0, dfb size: 0, return value: 0 (dataflow_buffer.cpp:1656)
2026-08-29 11:17:47.577 | info     |           Metal | Finalize dfb: dfb_offset == base_offset: 0, dfb size: 0, return value: 0 (dataflow_buffer.cpp:1656)
2026-08-29 11:17:47.584 | info     |           Metal | Finalize dfb: dfb_offset == base_offset: 80, dfb size: 32, return value: 112 (dataflow_buffer.cpp:1656)
2026-08-29 11:17:47.584 | info     |           Metal | Finalize dfb: dfb_offset == base_offset: 0, dfb size: 0, return value: 0 (dataflow_buffer.cpp:1656)
2026-08-29 11:17:47.584 | info     |           Metal | Finalize dfb: dfb_offset == base_offset: 0, dfb size: 0, return value: 0 (dataflow_buffer.cpp:1656)
2026-08-29 11:17:47.699 | info     |           Metal | Finalize dfb: dfb_offset == base_offset: 80, dfb size: 32, return value: 112 (dataflow_buffer.cpp:1656)
2026-08-29 11:17:47.699 | info     |           Metal | Finalize dfb: dfb_offset == base_offset: 0, dfb size: 0, return value: 0 (dataflow_buffer.cpp:1656)
2026-08-29 11:17:47.699 | info     |           Metal | Finalize dfb: dfb_offset == base_offset: 0, dfb size: 0, return value: 0 (dataflow_buffer.cpp:1656)
2026-08-29 11:17:48.028 | info     |           Metal | Finalize dfb: dfb_offset == base_offset: 80, dfb size: 32, return value: 112 (dataflow_buffer.cpp:1656)
2026-08-29 11:17:48.028 | info     |           Metal | Finalize dfb: dfb_offset == base_offset: 0, dfb size: 0, return value: 0 (dataflow_buffer.cpp:1656)
2026-08-29 11:17:48.028 | info     |           Metal | Finalize dfb: dfb_offset == base_offset: 0, dfb size: 0, return value: 0 (dataflow_buffer.cpp:1656)
2026-08-29 11:18:04.919 | INFO     | models.demos.llama3_70b_galaxy.tt.generator:prefill_warmup:266 - Skipping warmup step for prefill sequence length 65536, batch size: 32
2026-08-29 11:18:04.919 | INFO     | models.demos.llama3_70b_galaxy.tt.generator:prefill_warmup:270 - Running warmup prefill for sequence length: 131072, batch size: 1
2026-08-29 11:18:04.919 | INFO     | models.demos.llama3_70b_galaxy.tt.generator:prefill_warmup:296 - Warming up prefill sequence length: 131072 for batch size: 1 with sampling params: None
2026-08-29 11:18:04.919 | INFO     | models.demos.llama3_70b_galaxy.tt.generator:prefill_forward_text:551 - Prefilling User 0, use_batched_prefill: False, prompt_lens: 131072, prefill_seq_len: 131072, num_cached_tokens: 0
2026-08-29 11:18:05.458 | info     |           Metal | Finalize dfb: dfb_offset == base_offset: 80, dfb size: 32, return value: 112 (dataflow_buffer.cpp:1656)
2026-08-29 11:18:05.458 | info     |           Metal | Finalize dfb: dfb_offset == base_offset: 0, dfb size: 0, return value: 0 (dataflow_buffer.cpp:1656)
2026-08-29 11:18:05.458 | info     |           Metal | Finalize dfb: dfb_offset == base_offset: 0, dfb size: 0, return value: 0 (dataflow_buffer.cpp:1656)
2026-08-29 11:18:08.905 | info     |           Metal | Finalize dfb: dfb_offset == base_offset: 80, dfb size: 32, return value: 112 (dataflow_buffer.cpp:1656)
2026-08-29 11:18:08.905 | info     |           Metal | Finalize dfb: dfb_offset == base_offset: 0, dfb size: 0, return value: 0 (dataflow_buffer.cpp:1656)
2026-08-29 11:18:08.905 | info     |           Metal | Finalize dfb: dfb_offset == base_offset: 0, dfb size: 0, return value: 0 (dataflow_buffer.cpp:1656)
2026-08-29 11:18:08.993 | info     |           Metal | Finalize dfb: dfb_offset == base_offset: 144, dfb size: 144, return value: 288 (dataflow_buffer.cpp:1656)
2026-08-29 11:18:08.993 | info     |           Metal | Finalize dfb: dfb_offset == base_offset: 0, dfb size: 0, return value: 0 (dataflow_buffer.cpp:1656)
2026-08-29 11:18:08.993 | info     |           Metal | Finalize dfb: dfb_offset == base_offset: 0, dfb size: 0, return value: 0 (dataflow_buffer.cpp:1656)
2026-08-29 11:18:09.002 | info     |           Metal | Finalize dfb: dfb_offset == base_offset: 80, dfb size: 32, return value: 112 (dataflow_buffer.cpp:1656)
2026-08-29 11:18:09.002 | info     |           Metal | Finalize dfb: dfb_offset == base_offset: 0, dfb size: 0, return value: 0 (dataflow_buffer.cpp:1656)
2026-08-29 11:18:09.002 | info     |           Metal | Finalize dfb: dfb_offset == base_offset: 0, dfb size: 0, return value: 0 (dataflow_buffer.cpp:1656)
2026-08-29 11:18:09.101 | info     |           Metal | Finalize dfb: dfb_offset == base_offset: 144, dfb size: 144, return value: 288 (dataflow_buffer.cpp:1656)
2026-08-29 11:18:09.101 | info     |           Metal | Finalize dfb: dfb_offset == base_offset: 0, dfb size: 0, return value: 0 (dataflow_buffer.cpp:1656)
2026-08-29 11:18:09.101 | info     |           Metal | Finalize dfb: dfb_offset == base_offset: 0, dfb size: 0, return value: 0 (dataflow_buffer.cpp:1656)
2026-08-29 11:18:09.109 | info     |           Metal | Finalize dfb: dfb_offset == base_offset: 80, dfb size: 32, return value: 112 (dataflow_buffer.cpp:1656)
2026-08-29 11:18:09.109 | info     |           Metal | Finalize dfb: dfb_offset == base_offset: 0, dfb size: 0, return value: 0 (dataflow_buffer.cpp:1656)
2026-08-29 11:18:09.109 | info     |           Metal | Finalize dfb: dfb_offset == base_offset: 0, dfb size: 0, return value: 0 (dataflow_buffer.cpp:1656)
2026-08-29 11:18:09.188 | info     |           Metal | Finalize dfb: dfb_offset == base_offset: 80, dfb size: 32, return value: 112 (dataflow_buffer.cpp:1656)
2026-08-29 11:18:09.188 | info     |           Metal | Finalize dfb: dfb_offset == base_offset: 0, dfb size: 0, return value: 0 (dataflow_buffer.cpp:1656)
2026-08-29 11:18:09.188 | info     |           Metal | Finalize dfb: dfb_offset == base_offset: 0, dfb size: 0, return value: 0 (dataflow_buffer.cpp:1656)
2026-08-29 11:18:09.533 | info     |           Metal | Finalize dfb: dfb_offset == base_offset: 80, dfb size: 32, return value: 112 (dataflow_buffer.cpp:1656)
2026-08-29 11:18:09.533 | info     |           Metal | Finalize dfb: dfb_offset == base_offset: 0, dfb size: 0, return value: 0 (dataflow_buffer.cpp:1656)
2026-08-29 11:18:09.533 | info     |           Metal | Finalize dfb: dfb_offset == base_offset: 0, dfb size: 0, return value: 0 (dataflow_buffer.cpp:1656)
2026-08-29 11:18:46.264 | INFO     | models.demos.llama3_70b_galaxy.tt.generator:prefill_warmup:266 - Skipping warmup step for prefill sequence length 131072, batch size: 32
2026-08-29 11:18:46.264 | INFO     | models.demos.llama3_70b_galaxy.tt.prefetcher_common:__init__:33 - Running TtLlamaPrefetcherSetup
2026-08-29 11:18:46.268 | INFO     | models.demos.llama3_70b_galaxy.tt.prefetcher_common:__init__:33 - Running TtLlamaPrefetcherSetup
2026-08-29 11:18:46.269 | INFO     | models.demos.llama3_70b_galaxy.tt.generator:prefill_warmup:335 - Running warmup prefill for prefix caching: prefill_seq_len=128, num_cached=128, total_seq_len=256
2026-08-29 11:18:46.269 | INFO     | models.demos.llama3_70b_galaxy.tt.generator:prefill_forward_text:551 - Prefilling User 0, use_batched_prefill: False, prompt_lens: 256, prefill_seq_len: 128, num_cached_tokens: 128
2026-08-29 11:18:48.679 | warning  |              Op | rotary_embedding_llama sequence tile coverage mismatch: input_Ht=4, cos_Ht=128, sin_Ht=128, rotary_Ht=4. Tiles beyond rotary_Ht will be zero-filled in the output. (rotary_embedding_llama_multi_core_program_factory.cpp:62)
2026-08-29 11:18:48.783 | info     |           Metal | Finalize dfb: dfb_offset == base_offset: 144, dfb size: 144, return value: 288 (dataflow_buffer.cpp:1656)
2026-08-29 11:18:48.783 | info     |           Metal | Finalize dfb: dfb_offset == base_offset: 0, dfb size: 0, return value: 0 (dataflow_buffer.cpp:1656)
2026-08-29 11:18:48.783 | info     |           Metal | Finalize dfb: dfb_offset == base_offset: 0, dfb size: 0, return value: 0 (dataflow_buffer.cpp:1656)
2026-08-29 11:18:48.786 | warning  |              Op | rotary_embedding_llama sequence tile coverage mismatch: input_Ht=4, cos_Ht=128, sin_Ht=128, rotary_Ht=4. Tiles beyond rotary_Ht will be zero-filled in the output. (rotary_embedding_llama_multi_core_program_factory.cpp:62)
2026-08-29 11:18:48.838 | info     |           Metal | Finalize dfb: dfb_offset == base_offset: 144, dfb size: 144, return value: 288 (dataflow_buffer.cpp:1656)
2026-08-29 11:18:48.838 | info     |           Metal | Finalize dfb: dfb_offset == base_offset: 0, dfb size: 0, return value: 0 (dataflow_buffer.cpp:1656)
2026-08-29 11:18:48.838 | info     |           Metal | Finalize dfb: dfb_offset == base_offset: 0, dfb size: 0, return value: 0 (dataflow_buffer.cpp:1656)
2026-08-29 11:18:52.671 | INFO     | models.demos.llama3_70b_galaxy.tt.generator:_capture_trace_prefill:1135 - Done Compiling Model
2026-08-29 11:18:54.134 | INFO     | models.demos.llama3_70b_galaxy.tt.generator:_capture_trace_prefill:1175 - Done Capturing Prefill Trace
2026-08-29 11:18:54.134 | INFO     | models.demos.llama3_70b_galaxy.tt.generator:_easy_trace_prefill:1042 - Executing prefill trace
2026-08-29 11:18:54.215 | INFO     | models.demos.llama3_70b_galaxy.tt.generator:prefill_warmup:335 - Running warmup prefill for prefix caching: prefill_seq_len=1024, num_cached=128, total_seq_len=1152
2026-08-29 11:18:54.216 | INFO     | models.demos.llama3_70b_galaxy.tt.generator:prefill_forward_text:551 - Prefilling User 0, use_batched_prefill: False, prompt_lens: 1152, prefill_seq_len: 1024, num_cached_tokens: 128
2026-08-29 11:18:54.227 | warning  |              Op | rotary_embedding_llama sequence tile coverage mismatch: input_Ht=32, cos_Ht=128, sin_Ht=128, rotary_Ht=32. Tiles beyond rotary_Ht will be zero-filled in the output. (rotary_embedding_llama_multi_core_program_factory.cpp:62)
2026-08-29 11:18:54.333 | info     |           Metal | Finalize dfb: dfb_offset == base_offset: 144, dfb size: 144, return value: 288 (dataflow_buffer.cpp:1656)
2026-08-29 11:18:54.333 | info     |           Metal | Finalize dfb: dfb_offset == base_offset: 0, dfb size: 0, return value: 0 (dataflow_buffer.cpp:1656)
2026-08-29 11:18:54.333 | info     |           Metal | Finalize dfb: dfb_offset == base_offset: 0, dfb size: 0, return value: 0 (dataflow_buffer.cpp:1656)
2026-08-29 11:18:54.336 | warning  |              Op | rotary_embedding_llama sequence tile coverage mismatch: input_Ht=32, cos_Ht=128, sin_Ht=128, rotary_Ht=32. Tiles beyond rotary_Ht will be zero-filled in the output. (rotary_embedding_llama_multi_core_program_factory.cpp:62)
2026-08-29 11:18:54.388 | info     |           Metal | Finalize dfb: dfb_offset == base_offset: 144, dfb size: 144, return value: 288 (dataflow_buffer.cpp:1656)
2026-08-29 11:18:54.388 | info     |           Metal | Finalize dfb: dfb_offset == base_offset: 0, dfb size: 0, return value: 0 (dataflow_buffer.cpp:1656)
2026-08-29 11:18:54.388 | info     |           Metal | Finalize dfb: dfb_offset == base_offset: 0, dfb size: 0, return value: 0 (dataflow_buffer.cpp:1656)
2026-08-29 11:18:57.573 | INFO     | models.demos.llama3_70b_galaxy.tt.generator:_capture_trace_prefill:1135 - Done Compiling Model
2026-08-29 11:19:00.462 | INFO     | models.demos.llama3_70b_galaxy.tt.generator:_capture_trace_prefill:1175 - Done Capturing Prefill Trace
2026-08-29 11:19:00.462 | INFO     | models.demos.llama3_70b_galaxy.tt.generator:_easy_trace_prefill:1042 - Executing prefill trace
2026-08-29 11:19:00.655 | INFO     | models.demos.llama3_70b_galaxy.tt.generator:prefill_warmup:335 - Running warmup prefill for prefix caching: prefill_seq_len=2048, num_cached=128, total_seq_len=2176
2026-08-29 11:19:00.655 | INFO     | models.demos.llama3_70b_galaxy.tt.generator:prefill_forward_text:551 - Prefilling User 0, use_batched_prefill: False, prompt_lens: 2176, prefill_seq_len: 2048, num_cached_tokens: 128
2026-08-29 11:19:00.667 | warning  |              Op | rotary_embedding_llama sequence tile coverage mismatch: input_Ht=64, cos_Ht=128, sin_Ht=128, rotary_Ht=64. Tiles beyond rotary_Ht will be zero-filled in the output. (rotary_embedding_llama_multi_core_program_factory.cpp:62)
2026-08-29 11:19:00.775 | info     |           Metal | Finalize dfb: dfb_offset == base_offset: 144, dfb size: 144, return value: 288 (dataflow_buffer.cpp:1656)
2026-08-29 11:19:00.775 | info     |           Metal | Finalize dfb: dfb_offset == base_offset: 0, dfb size: 0, return value: 0 (dataflow_buffer.cpp:1656)
2026-08-29 11:19:00.775 | info     |           Metal | Finalize dfb: dfb_offset == base_offset: 0, dfb size: 0, return value: 0 (dataflow_buffer.cpp:1656)
2026-08-29 11:19:00.777 | warning  |              Op | rotary_embedding_llama sequence tile coverage mismatch: input_Ht=64, cos_Ht=128, sin_Ht=128, rotary_Ht=64. Tiles beyond rotary_Ht will be zero-filled in the output. (rotary_embedding_llama_multi_core_program_factory.cpp:62)
2026-08-29 11:19:00.830 | info     |           Metal | Finalize dfb: dfb_offset == base_offset: 144, dfb size: 144, return value: 288 (dataflow_buffer.cpp:1656)
2026-08-29 11:19:00.830 | info     |           Metal | Finalize dfb: dfb_offset == base_offset: 0, dfb size: 0, return value: 0 (dataflow_buffer.cpp:1656)
2026-08-29 11:19:00.830 | info     |           Metal | Finalize dfb: dfb_offset == base_offset: 0, dfb size: 0, return value: 0 (dataflow_buffer.cpp:1656)
2026-08-29 11:19:04.071 | INFO     | models.demos.llama3_70b_galaxy.tt.generator:_capture_trace_prefill:1135 - Done Compiling Model
2026-08-29 11:19:07.144 | INFO     | models.demos.llama3_70b_galaxy.tt.generator:_capture_trace_prefill:1175 - Done Capturing Prefill Trace
2026-08-29 11:19:07.144 | INFO     | models.demos.llama3_70b_galaxy.tt.generator:_easy_trace_prefill:1042 - Executing prefill trace
2026-08-29 11:19:07.478 | INFO     | models.demos.llama3_70b_galaxy.tt.generator:prefill_warmup:335 - Running warmup prefill for prefix caching: prefill_seq_len=4096, num_cached=128, total_seq_len=4224
2026-08-29 11:19:07.478 | INFO     | models.demos.llama3_70b_galaxy.tt.generator:prefill_forward_text:551 - Prefilling User 0, use_batched_prefill: False, prompt_lens: 4224, prefill_seq_len: 4096, num_cached_tokens: 128
2026-08-29 11:19:07.598 | info     |           Metal | Finalize dfb: dfb_offset == base_offset: 144, dfb size: 144, return value: 288 (dataflow_buffer.cpp:1656)
2026-08-29 11:19:07.598 | info     |           Metal | Finalize dfb: dfb_offset == base_offset: 0, dfb size: 0, return value: 0 (dataflow_buffer.cpp:1656)
2026-08-29 11:19:07.598 | info     |           Metal | Finalize dfb: dfb_offset == base_offset: 0, dfb size: 0, return value: 0 (dataflow_buffer.cpp:1656)
2026-08-29 11:19:07.659 | info     |           Metal | Finalize dfb: dfb_offset == base_offset: 144, dfb size: 144, return value: 288 (dataflow_buffer.cpp:1656)
2026-08-29 11:19:07.659 | info     |           Metal | Finalize dfb: dfb_offset == base_offset: 0, dfb size: 0, return value: 0 (dataflow_buffer.cpp:1656)
2026-08-29 11:19:07.659 | info     |           Metal | Finalize dfb: dfb_offset == base_offset: 0, dfb size: 0, return value: 0 (dataflow_buffer.cpp:1656)
2026-08-29 11:19:10.518 | INFO     | models.demos.llama3_70b_galaxy.tt.generator:_capture_trace_prefill:1135 - Done Compiling Model
2026-08-29 11:19:13.622 | INFO     | models.demos.llama3_70b_galaxy.tt.generator:_capture_trace_prefill:1175 - Done Capturing Prefill Trace
2026-08-29 11:19:13.623 | INFO     | models.demos.llama3_70b_galaxy.tt.generator:_easy_trace_prefill:1042 - Executing prefill trace
2026-08-29 11:19:14.270 | INFO     | models.demos.llama3_70b_galaxy.tt.generator:prefill_warmup:335 - Running warmup prefill for prefix caching: prefill_seq_len=8192, num_cached=128, total_seq_len=8320
2026-08-29 11:19:14.270 | INFO     | models.demos.llama3_70b_galaxy.tt.generator:prefill_forward_text:551 - Prefilling User 0, use_batched_prefill: False, prompt_lens: 8320, prefill_seq_len: 8192, num_cached_tokens: 128
2026-08-29 11:19:14.282 | warning  |              Op | rotary_embedding_llama sequence tile coverage mismatch: input_Ht=256, cos_Ht=128, sin_Ht=128, rotary_Ht=128. Tiles beyond rotary_Ht will be zero-filled in the output. (rotary_embedding_llama_multi_core_program_factory.cpp:62)
2026-08-29 11:19:14.399 | info     |           Metal | Finalize dfb: dfb_offset == base_offset: 144, dfb size: 144, return value: 288 (dataflow_buffer.cpp:1656)
2026-08-29 11:19:14.399 | info     |           Metal | Finalize dfb: dfb_offset == base_offset: 0, dfb size: 0, return value: 0 (dataflow_buffer.cpp:1656)
2026-08-29 11:19:14.399 | info     |           Metal | Finalize dfb: dfb_offset == base_offset: 0, dfb size: 0, return value: 0 (dataflow_buffer.cpp:1656)
2026-08-29 11:19:14.402 | warning  |              Op | rotary_embedding_llama sequence tile coverage mismatch: input_Ht=256, cos_Ht=128, sin_Ht=128, rotary_Ht=128. Tiles beyond rotary_Ht will be zero-filled in the output. (rotary_embedding_llama_multi_core_program_factory.cpp:62)
2026-08-29 11:19:14.456 | info     |           Metal | Finalize dfb: dfb_offset == base_offset: 144, dfb size: 144, return value: 288 (dataflow_buffer.cpp:1656)
2026-08-29 11:19:14.456 | info     |           Metal | Finalize dfb: dfb_offset == base_offset: 0, dfb size: 0, return value: 0 (dataflow_buffer.cpp:1656)
2026-08-29 11:19:14.456 | info     |           Metal | Finalize dfb: dfb_offset == base_offset: 0, dfb size: 0, return value: 0 (dataflow_buffer.cpp:1656)
2026-08-29 11:19:17.673 | INFO     | models.demos.llama3_70b_galaxy.tt.generator:prefill_warmup:335 - Running warmup prefill for prefix caching: prefill_seq_len=16384, num_cached=128, total_seq_len=16512
2026-08-29 11:19:17.673 | INFO     | models.demos.llama3_70b_galaxy.tt.generator:prefill_forward_text:551 - Prefilling User 0, use_batched_prefill: False, prompt_lens: 16512, prefill_seq_len: 16384, num_cached_tokens: 128
2026-08-29 11:19:17.683 | warning  |              Op | rotary_embedding_llama sequence tile coverage mismatch: input_Ht=512, cos_Ht=128, sin_Ht=128, rotary_Ht=128. Tiles beyond rotary_Ht will be zero-filled in the output. (rotary_embedding_llama_multi_core_program_factory.cpp:62)
2026-08-29 11:19:17.793 | info     |           Metal | Finalize dfb: dfb_offset == base_offset: 144, dfb size: 144, return value: 288 (dataflow_buffer.cpp:1656)
2026-08-29 11:19:17.793 | info     |           Metal | Finalize dfb: dfb_offset == base_offset: 0, dfb size: 0, return value: 0 (dataflow_buffer.cpp:1656)
2026-08-29 11:19:17.793 | info     |           Metal | Finalize dfb: dfb_offset == base_offset: 0, dfb size: 0, return value: 0 (dataflow_buffer.cpp:1656)
2026-08-29 11:19:17.796 | warning  |              Op | rotary_embedding_llama sequence tile coverage mismatch: input_Ht=512, cos_Ht=128, sin_Ht=128, rotary_Ht=128. Tiles beyond rotary_Ht will be zero-filled in the output. (rotary_embedding_llama_multi_core_program_factory.cpp:62)
2026-08-29 11:19:17.849 | info     |           Metal | Finalize dfb: dfb_offset == base_offset: 144, dfb size: 144, return value: 288 (dataflow_buffer.cpp:1656)
2026-08-29 11:19:17.849 | info     |           Metal | Finalize dfb: dfb_offset == base_offset: 0, dfb size: 0, return value: 0 (dataflow_buffer.cpp:1656)
2026-08-29 11:19:17.849 | info     |           Metal | Finalize dfb: dfb_offset == base_offset: 0, dfb size: 0, return value: 0 (dataflow_buffer.cpp:1656)
2026-08-29 11:19:23.162 | INFO     | models.demos.llama3_70b_galaxy.tt.generator:prefill_warmup:335 - Running warmup prefill for prefix caching: prefill_seq_len=32768, num_cached=128, total_seq_len=32896
2026-08-29 11:19:23.162 | INFO     | models.demos.llama3_70b_galaxy.tt.generator:prefill_forward_text:551 - Prefilling User 0, use_batched_prefill: False, prompt_lens: 32896, prefill_seq_len: 32768, num_cached_tokens: 128
2026-08-29 11:19:23.175 | warning  |              Op | rotary_embedding_llama sequence tile coverage mismatch: input_Ht=1024, cos_Ht=128, sin_Ht=128, rotary_Ht=128. Tiles beyond rotary_Ht will be zero-filled in the output. (rotary_embedding_llama_multi_core_program_factory.cpp:62)
2026-08-29 11:19:23.286 | info     |           Metal | Finalize dfb: dfb_offset == base_offset: 144, dfb size: 144, return value: 288 (dataflow_buffer.cpp:1656)
2026-08-29 11:19:23.286 | info     |           Metal | Finalize dfb: dfb_offset == base_offset: 0, dfb size: 0, return value: 0 (dataflow_buffer.cpp:1656)
2026-08-29 11:19:23.286 | info     |           Metal | Finalize dfb: dfb_offset == base_offset: 0, dfb size: 0, return value: 0 (dataflow_buffer.cpp:1656)
2026-08-29 11:19:23.289 | warning  |              Op | rotary_embedding_llama sequence tile coverage mismatch: input_Ht=1024, cos_Ht=128, sin_Ht=128, rotary_Ht=128. Tiles beyond rotary_Ht will be zero-filled in the output. (rotary_embedding_llama_multi_core_program_factory.cpp:62)
2026-08-29 11:19:23.341 | info     |           Metal | Finalize dfb: dfb_offset == base_offset: 144, dfb size: 144, return value: 288 (dataflow_buffer.cpp:1656)
2026-08-29 11:19:23.341 | info     |           Metal | Finalize dfb: dfb_offset == base_offset: 0, dfb size: 0, return value: 0 (dataflow_buffer.cpp:1656)
2026-08-29 11:19:23.341 | info     |           Metal | Finalize dfb: dfb_offset == base_offset: 0, dfb size: 0, return value: 0 (dataflow_buffer.cpp:1656)
2026-08-29 11:19:35.032 | INFO     | models.demos.llama3_70b_galaxy.tt.generator:prefill_warmup:335 - Running warmup prefill for prefix caching: prefill_seq_len=65536, num_cached=128, total_seq_len=65664
2026-08-29 11:19:35.032 | INFO     | models.demos.llama3_70b_galaxy.tt.generator:prefill_forward_text:551 - Prefilling User 0, use_batched_prefill: False, prompt_lens: 65664, prefill_seq_len: 65536, num_cached_tokens: 128
2026-08-29 11:19:35.041 | warning  |              Op | rotary_embedding_llama sequence tile coverage mismatch: input_Ht=2048, cos_Ht=128, sin_Ht=128, rotary_Ht=128. Tiles beyond rotary_Ht will be zero-filled in the output. (rotary_embedding_llama_multi_core_program_factory.cpp:62)
2026-08-29 11:19:35.154 | info     |           Metal | Finalize dfb: dfb_offset == base_offset: 144, dfb size: 144, return value: 288 (dataflow_buffer.cpp:1656)
2026-08-29 11:19:35.155 | info     |           Metal | Finalize dfb: dfb_offset == base_offset: 0, dfb size: 0, return value: 0 (dataflow_buffer.cpp:1656)
2026-08-29 11:19:35.155 | info     |           Metal | Finalize dfb: dfb_offset == base_offset: 0, dfb size: 0, return value: 0 (dataflow_buffer.cpp:1656)
2026-08-29 11:19:35.158 | warning  |              Op | rotary_embedding_llama sequence tile coverage mismatch: input_Ht=2048, cos_Ht=128, sin_Ht=128, rotary_Ht=128. Tiles beyond rotary_Ht will be zero-filled in the output. (rotary_embedding_llama_multi_core_program_factory.cpp:62)
2026-08-29 11:19:35.215 | info     |           Metal | Finalize dfb: dfb_offset == base_offset: 144, dfb size: 144, return value: 288 (dataflow_buffer.cpp:1656)
2026-08-29 11:19:35.215 | info     |           Metal | Finalize dfb: dfb_offset == base_offset: 0, dfb size: 0, return value: 0 (dataflow_buffer.cpp:1656)
2026-08-29 11:19:35.215 | info     |           Metal | Finalize dfb: dfb_offset == base_offset: 0, dfb size: 0, return value: 0 (dataflow_buffer.cpp:1656)
2026-08-29 11:20:10.242 | INFO     | models.demos.llama3_70b_galaxy.tt.generator:prefill_warmup:335 - Running warmup prefill for prefix caching: prefill_seq_len=131072, num_cached=128, total_seq_len=131200
2026-08-29 11:20:10.243 | INFO     | models.demos.llama3_70b_galaxy.tt.generator:prefill_forward_text:551 - Prefilling User 0, use_batched_prefill: False, prompt_lens: 131200, prefill_seq_len: 131072, num_cached_tokens: 128
2026-08-29 11:20:10.254 | warning  |              Op | rotary_embedding_llama sequence tile coverage mismatch: input_Ht=4096, cos_Ht=128, sin_Ht=128, rotary_Ht=128. Tiles beyond rotary_Ht will be zero-filled in the output. (rotary_embedding_llama_multi_core_program_factory.cpp:62)
2026-08-29 11:20:10.368 | info     |           Metal | Finalize dfb: dfb_offset == base_offset: 144, dfb size: 144, return value: 288 (dataflow_buffer.cpp:1656)
2026-08-29 11:20:10.368 | info     |           Metal | Finalize dfb: dfb_offset == base_offset: 0, dfb size: 0, return value: 0 (dataflow_buffer.cpp:1656)
2026-08-29 11:20:10.368 | info     |           Metal | Finalize dfb: dfb_offset == base_offset: 0, dfb size: 0, return value: 0 (dataflow_buffer.cpp:1656)
2026-08-29 11:20:10.371 | warning  |              Op | rotary_embedding_llama sequence tile coverage mismatch: input_Ht=4096, cos_Ht=128, sin_Ht=128, rotary_Ht=128. Tiles beyond rotary_Ht will be zero-filled in the output. (rotary_embedding_llama_multi_core_program_factory.cpp:62)
2026-08-29 11:20:10.422 | info     |           Metal | Finalize dfb: dfb_offset == base_offset: 144, dfb size: 144, return value: 288 (dataflow_buffer.cpp:1656)
2026-08-29 11:20:10.422 | info     |           Metal | Finalize dfb: dfb_offset == base_offset: 0, dfb size: 0, return value: 0 (dataflow_buffer.cpp:1656)
2026-08-29 11:20:10.422 | info     |           Metal | Finalize dfb: dfb_offset == base_offset: 0, dfb size: 0, return value: 0 (dataflow_buffer.cpp:1656)
2026-08-29 11:22:09.266 | INFO     | models.demos.llama3_70b_galaxy.tt.generator:prefill_warmup:355 - Prefill warmup completed
2026-08-29 11:22:09.267 | INFO     | models.demos.llama3_70b_galaxy.tt.generator:prefill_forward_text:551 - Prefilling User 0, use_batched_prefill: False, prompt_lens: 118, prefill_seq_len: 128, num_cached_tokens: 0
2026-08-29 11:22:10.242 | INFO     | models.demos.llama3_70b_galaxy.tt.generator:prefill_forward_text:551 - Prefilling User 1, use_batched_prefill: False, prompt_lens: 118, prefill_seq_len: 128, num_cached_tokens: 0
2026-08-29 11:22:10.808 | INFO     | models.demos.llama3_70b_galaxy.tt.generator:prefill_forward_text:551 - Prefilling User 2, use_batched_prefill: False, prompt_lens: 118, prefill_seq_len: 128, num_cached_tokens: 0
2026-08-29 11:22:11.379 | INFO     | models.demos.llama3_70b_galaxy.tt.generator:prefill_forward_text:551 - Prefilling User 3, use_batched_prefill: False, prompt_lens: 118, prefill_seq_len: 128, num_cached_tokens: 0
2026-08-29 11:22:11.938 | INFO     | models.demos.llama3_70b_galaxy.tt.generator:prefill_forward_text:551 - Prefilling User 4, use_batched_prefill: False, prompt_lens: 118, prefill_seq_len: 128, num_cached_tokens: 0
2026-08-29 11:22:12.508 | INFO     | models.demos.llama3_70b_galaxy.tt.generator:prefill_forward_text:551 - Prefilling User 5, use_batched_prefill: False, prompt_lens: 118, prefill_seq_len: 128, num_cached_tokens: 0
2026-08-29 11:22:13.071 | INFO     | models.demos.llama3_70b_galaxy.tt.generator:prefill_forward_text:551 - Prefilling User 6, use_batched_prefill: False, prompt_lens: 118, prefill_seq_len: 128, num_cached_tokens: 0
2026-08-29 11:22:13.646 | INFO     | models.demos.llama3_70b_galaxy.tt.generator:prefill_forward_text:551 - Prefilling User 7, use_batched_prefill: False, prompt_lens: 118, prefill_seq_len: 128, num_cached_tokens: 0
2026-08-29 11:22:14.218 | INFO     | models.demos.llama3_70b_galaxy.tt.generator:prefill_forward_text:551 - Prefilling User 8, use_batched_prefill: False, prompt_lens: 118, prefill_seq_len: 128, num_cached_tokens: 0
2026-08-29 11:22:14.789 | INFO     | models.demos.llama3_70b_galaxy.tt.generator:prefill_forward_text:551 - Prefilling User 9, use_batched_prefill: False, prompt_lens: 118, prefill_seq_len: 128, num_cached_tokens: 0
2026-08-29 11:22:15.353 | INFO     | models.demos.llama3_70b_galaxy.tt.generator:prefill_forward_text:551 - Prefilling User 10, use_batched_prefill: False, prompt_lens: 118, prefill_seq_len: 128, num_cached_tokens: 0
2026-08-29 11:22:15.943 | INFO     | models.demos.llama3_70b_galaxy.tt.generator:prefill_forward_text:551 - Prefilling User 11, use_batched_prefill: False, prompt_lens: 118, prefill_seq_len: 128, num_cached_tokens: 0
2026-08-29 11:22:16.518 | INFO     | models.demos.llama3_70b_galaxy.tt.generator:prefill_forward_text:551 - Prefilling User 12, use_batched_prefill: False, prompt_lens: 118, prefill_seq_len: 128, num_cached_tokens: 0
2026-08-29 11:22:17.089 | INFO     | models.demos.llama3_70b_galaxy.tt.generator:prefill_forward_text:551 - Prefilling User 13, use_batched_prefill: False, prompt_lens: 118, prefill_seq_len: 128, num_cached_tokens: 0
2026-08-29 11:22:17.667 | INFO     | models.demos.llama3_70b_galaxy.tt.generator:prefill_forward_text:551 - Prefilling User 14, use_batched_prefill: False, prompt_lens: 118, prefill_seq_len: 128, num_cached_tokens: 0
2026-08-29 11:22:18.246 | INFO     | models.demos.llama3_70b_galaxy.tt.generator:prefill_forward_text:551 - Prefilling User 15, use_batched_prefill: False, prompt_lens: 118, prefill_seq_len: 128, num_cached_tokens: 0
2026-08-29 11:22:18.818 | INFO     | models.demos.llama3_70b_galaxy.tt.generator:prefill_forward_text:551 - Prefilling User 16, use_batched_prefill: False, prompt_lens: 118, prefill_seq_len: 128, num_cached_tokens: 0
2026-08-29 11:22:19.393 | INFO     | models.demos.llama3_70b_galaxy.tt.generator:prefill_forward_text:551 - Prefilling User 17, use_batched_prefill: False, prompt_lens: 118, prefill_seq_len: 128, num_cached_tokens: 0
2026-08-29 11:22:19.966 | INFO     | models.demos.llama3_70b_galaxy.tt.generator:prefill_forward_text:551 - Prefilling User 18, use_batched_prefill: False, prompt_lens: 118, prefill_seq_len: 128, num_cached_tokens: 0
2026-08-29 11:22:20.543 | INFO     | models.demos.llama3_70b_galaxy.tt.generator:prefill_forward_text:551 - Prefilling User 19, use_batched_prefill: False, prompt_lens: 118, prefill_seq_len: 128, num_cached_tokens: 0
2026-08-29 11:22:21.111 | INFO     | models.demos.llama3_70b_galaxy.tt.generator:prefill_forward_text:551 - Prefilling User 20, use_batched_prefill: False, prompt_lens: 118, prefill_seq_len: 128, num_cached_tokens: 0
2026-08-29 11:22:21.674 | INFO     | models.demos.llama3_70b_galaxy.tt.generator:prefill_forward_text:551 - Prefilling User 21, use_batched_prefill: False, prompt_lens: 118, prefill_seq_len: 128, num_cached_tokens: 0
2026-08-29 11:22:22.236 | INFO     | models.demos.llama3_70b_galaxy.tt.generator:prefill_forward_text:551 - Prefilling User 22, use_batched_prefill: False, prompt_lens: 118, prefill_seq_len: 128, num_cached_tokens: 0
2026-08-29 11:22:22.802 | INFO     | models.demos.llama3_70b_galaxy.tt.generator:prefill_forward_text:551 - Prefilling User 23, use_batched_prefill: False, prompt_lens: 118, prefill_seq_len: 128, num_cached_tokens: 0
2026-08-29 11:22:23.373 | INFO     | models.demos.llama3_70b_galaxy.tt.generator:prefill_forward_text:551 - Prefilling User 24, use_batched_prefill: False, prompt_lens: 118, prefill_seq_len: 128, num_cached_tokens: 0
2026-08-29 11:22:23.940 | INFO     | models.demos.llama3_70b_galaxy.tt.generator:prefill_forward_text:551 - Prefilling User 25, use_batched_prefill: False, prompt_lens: 118, prefill_seq_len: 128, num_cached_tokens: 0
2026-08-29 11:22:24.508 | INFO     | models.demos.llama3_70b_galaxy.tt.generator:prefill_forward_text:551 - Prefilling User 26, use_batched_prefill: False, prompt_lens: 118, prefill_seq_len: 128, num_cached_tokens: 0
2026-08-29 11:22:25.085 | INFO     | models.demos.llama3_70b_galaxy.tt.generator:prefill_forward_text:551 - Prefilling User 27, use_batched_prefill: False, prompt_lens: 118, prefill_seq_len: 128, num_cached_tokens: 0
2026-08-29 11:22:25.673 | INFO     | models.demos.llama3_70b_galaxy.tt.generator:prefill_forward_text:551 - Prefilling User 28, use_batched_prefill: False, prompt_lens: 118, prefill_seq_len: 128, num_cached_tokens: 0
2026-08-29 11:22:26.242 | INFO     | models.demos.llama3_70b_galaxy.tt.generator:prefill_forward_text:551 - Prefilling User 29, use_batched_prefill: False, prompt_lens: 118, prefill_seq_len: 128, num_cached_tokens: 0
2026-08-29 11:22:26.815 | INFO     | models.demos.llama3_70b_galaxy.tt.generator:prefill_forward_text:551 - Prefilling User 30, use_batched_prefill: False, prompt_lens: 118, prefill_seq_len: 128, num_cached_tokens: 0
2026-08-29 11:22:27.381 | INFO     | models.demos.llama3_70b_galaxy.tt.generator:prefill_forward_text:551 - Prefilling User 31, use_batched_prefill: False, prompt_lens: 118, prefill_seq_len: 128, num_cached_tokens: 0
2026-08-29 11:22:27.957 | INFO     | models.demos.llama3_70b_galaxy.tt.prefetcher_common:__init__:33 - Running TtLlamaPrefetcherSetup
2026-08-29 11:22:27.962 | warning  |              Op | ttnn.concat: Tile padding along concatenated dim (2) is not directly supported. ttnn.concat will proceed by converting to row-major then retilizing. This may have adverse performance impacts. (concat_device_operation.cpp:124)
2026-08-29 11:22:28.543 | info     |           Metal | Finalize dfb: dfb_offset == base_offset: 80, dfb size: 32, return value: 112 (dataflow_buffer.cpp:1656)
2026-08-29 11:22:28.543 | info     |           Metal | Finalize dfb: dfb_offset == base_offset: 0, dfb size: 0, return value: 0 (dataflow_buffer.cpp:1656)
2026-08-29 11:22:28.543 | info     |           Metal | Finalize dfb: dfb_offset == base_offset: 0, dfb size: 0, return value: 0 (dataflow_buffer.cpp:1656)
2026-08-29 11:22:28.551 | warning  |              Op | ttnn.concat: Tile padding along concatenated dim (2) is not directly supported. ttnn.concat will proceed by converting to row-major then retilizing. This may have adverse performance impacts. (concat_device_operation.cpp:124)
2026-08-29 11:22:28.556 | warning  |              Op | ttnn.concat: Tile padding along concatenated dim (2) is not directly supported. ttnn.concat will proceed by converting to row-major then retilizing. This may have adverse performance impacts. (concat_device_operation.cpp:124)
2026-08-29 11:22:28.560 | warning  |              Op | ttnn.concat: Tile padding along concatenated dim (2) is not directly supported. ttnn.concat will proceed by converting to row-major then retilizing. This may have adverse performance impacts. (concat_device_operation.cpp:124)
2026-08-29 11:22:28.564 | warning  |              Op | ttnn.concat: Tile padding along concatenated dim (2) is not directly supported. ttnn.concat will proceed by converting to row-major then retilizing. This may have adverse performance impacts. (concat_device_operation.cpp:124)
2026-08-29 11:22:28.569 | warning  |              Op | ttnn.concat: Tile padding along concatenated dim (2) is not directly supported. ttnn.concat will proceed by converting to row-major then retilizing. This may have adverse performance impacts. (concat_device_operation.cpp:124)
2026-08-29 11:22:28.573 | warning  |              Op | ttnn.concat: Tile padding along concatenated dim (2) is not directly supported. ttnn.concat will proceed by converting to row-major then retilizing. This may have adverse performance impacts. (concat_device_operation.cpp:124)
2026-08-29 11:22:28.578 | warning  |              Op | ttnn.concat: Tile padding along concatenated dim (2) is not directly supported. ttnn.concat will proceed by converting to row-major then retilizing. This may have adverse performance impacts. (concat_device_operation.cpp:124)
2026-08-29 11:22:28.589 | warning  |              Op | ttnn.concat: Tile padding along concatenated dim (2) is not directly supported. ttnn.concat will proceed by converting to row-major then retilizing. This may have adverse performance impacts. (concat_device_operation.cpp:124)
2026-08-29 11:22:28.594 | warning  |              Op | ttnn.concat: Tile padding along concatenated dim (2) is not directly supported. ttnn.concat will proceed by converting to row-major then retilizing. This may have adverse performance impacts. (concat_device_operation.cpp:124)
2026-08-29 11:22:28.599 | warning  |              Op | ttnn.concat: Tile padding along concatenated dim (2) is not directly supported. ttnn.concat will proceed by converting to row-major then retilizing. This may have adverse performance impacts. (concat_device_operation.cpp:124)
2026-08-29 11:22:28.603 | warning  |              Op | ttnn.concat: Tile padding along concatenated dim (2) is not directly supported. ttnn.concat will proceed by converting to row-major then retilizing. This may have adverse performance impacts. (concat_device_operation.cpp:124)
2026-08-29 11:22:28.608 | warning  |              Op | ttnn.concat: Tile padding along concatenated dim (2) is not directly supported. ttnn.concat will proceed by converting to row-major then retilizing. This may have adverse performance impacts. (concat_device_operation.cpp:124)
2026-08-29 11:22:28.613 | warning  |              Op | ttnn.concat: Tile padding along concatenated dim (2) is not directly supported. ttnn.concat will proceed by converting to row-major then retilizing. This may have adverse performance impacts. (concat_device_operation.cpp:124)
2026-08-29 11:22:28.617 | warning  |              Op | ttnn.concat: Tile padding along concatenated dim (2) is not directly supported. ttnn.concat will proceed by converting to row-major then retilizing. This may have adverse performance impacts. (concat_device_operation.cpp:124)
2026-08-29 11:22:28.621 | warning  |              Op | ttnn.concat: Tile padding along concatenated dim (2) is not directly supported. ttnn.concat will proceed by converting to row-major then retilizing. This may have adverse performance impacts. (concat_device_operation.cpp:124)
2026-08-29 11:22:28.626 | warning  |              Op | ttnn.concat: Tile padding along concatenated dim (2) is not directly supported. ttnn.concat will proceed by converting to row-major then retilizing. This may have adverse performance impacts. (concat_device_operation.cpp:124)
2026-08-29 11:22:28.631 | warning  |              Op | ttnn.concat: Tile padding along concatenated dim (2) is not directly supported. ttnn.concat will proceed by converting to row-major then retilizing. This may have adverse performance impacts. (concat_device_operation.cpp:124)
2026-08-29 11:22:28.635 | warning  |              Op | ttnn.concat: Tile padding along concatenated dim (2) is not directly supported. ttnn.concat will proceed by converting to row-major then retilizing. This may have adverse performance impacts. (concat_device_operation.cpp:124)
2026-08-29 11:22:28.640 | warning  |              Op | ttnn.concat: Tile padding along concatenated dim (2) is not directly supported. ttnn.concat will proceed by converting to row-major then retilizing. This may have adverse performance impacts. (concat_device_operation.cpp:124)
2026-08-29 11:22:28.645 | warning  |              Op | ttnn.concat: Tile padding along concatenated dim (2) is not directly supported. ttnn.concat will proceed by converting to row-major then retilizing. This may have adverse performance impacts. (concat_device_operation.cpp:124)
2026-08-29 11:22:28.649 | warning  |              Op | ttnn.concat: Tile padding along concatenated dim (2) is not directly supported. ttnn.concat will proceed by converting to row-major then retilizing. This may have adverse performance impacts. (concat_device_operation.cpp:124)
2026-08-29 11:22:28.654 | warning  |              Op | ttnn.concat: Tile padding along concatenated dim (2) is not directly supported. ttnn.concat will proceed by converting to row-major then retilizing. This may have adverse performance impacts. (concat_device_operation.cpp:124)
2026-08-29 11:22:28.658 | warning  |              Op | ttnn.concat: Tile padding along concatenated dim (2) is not directly supported. ttnn.concat will proceed by converting to row-major then retilizing. This may have adverse performance impacts. (concat_device_operation.cpp:124)
2026-08-29 11:22:28.662 | warning  |              Op | ttnn.concat: Tile padding along concatenated dim (2) is not directly supported. ttnn.concat will proceed by converting to row-major then retilizing. This may have adverse performance impacts. (concat_device_operation.cpp:124)
2026-08-29 11:22:28.667 | warning  |              Op | ttnn.concat: Tile padding along concatenated dim (2) is not directly supported. ttnn.concat will proceed by converting to row-major then retilizing. This may have adverse performance impacts. (concat_device_operation.cpp:124)
2026-08-29 11:22:28.671 | warning  |              Op | ttnn.concat: Tile padding along concatenated dim (2) is not directly supported. ttnn.concat will proceed by converting to row-major then retilizing. This may have adverse performance impacts. (concat_device_operation.cpp:124)
2026-08-29 11:22:28.676 | warning  |              Op | ttnn.concat: Tile padding along concatenated dim (2) is not directly supported. ttnn.concat will proceed by converting to row-major then retilizing. This may have adverse performance impacts. (concat_device_operation.cpp:124)
2026-08-29 11:22:28.681 | warning  |              Op | ttnn.concat: Tile padding along concatenated dim (2) is not directly supported. ttnn.concat will proceed by converting to row-major then retilizing. This may have adverse performance impacts. (concat_device_operation.cpp:124)
2026-08-29 11:22:28.685 | warning  |              Op | ttnn.concat: Tile padding along concatenated dim (2) is not directly supported. ttnn.concat will proceed by converting to row-major then retilizing. This may have adverse performance impacts. (concat_device_operation.cpp:124)
2026-08-29 11:22:28.690 | warning  |              Op | ttnn.concat: Tile padding along concatenated dim (2) is not directly supported. ttnn.concat will proceed by converting to row-major then retilizing. This may have adverse performance impacts. (concat_device_operation.cpp:124)
2026-08-29 11:22:28.694 | warning  |              Op | ttnn.concat: Tile padding along concatenated dim (2) is not directly supported. ttnn.concat will proceed by converting to row-major then retilizing. This may have adverse performance impacts. (concat_device_operation.cpp:124)
2026-08-29 11:22:28.698 | INFO     | models.demos.llama3_70b_galaxy.tt.generator:prefill_forward_text:851 - Finished prefill for all users up to 118 tokens.
2026-08-29 11:22:28.699 | INFO     | models.demos.llama3_70b_galaxy.demo.text_demo:test_demo_text:1192 - Finished prefill warmup
2026-08-29 11:22:28.699 | INFO     | models.demos.llama3_70b_galaxy.demo.text_demo:test_demo_text:1193 - Starting prefill...
2026-08-29 11:22:28.699 | INFO     | models.demos.llama3_70b_galaxy.tt.prefetcher_common:__init__:33 - Running TtLlamaPrefetcherSetup
2026-08-29 11:22:28.700 | INFO     | models.demos.llama3_70b_galaxy.tt.generator:prefill_forward_text:551 - Prefilling User 0, use_batched_prefill: False, prompt_lens: 118, prefill_seq_len: 128, num_cached_tokens: 0
2026-08-29 11:22:29.275 | INFO     | models.demos.llama3_70b_galaxy.tt.generator:prefill_forward_text:551 - Prefilling User 1, use_batched_prefill: False, prompt_lens: 118, prefill_seq_len: 128, num_cached_tokens: 0
2026-08-29 11:22:29.861 | INFO     | models.demos.llama3_70b_galaxy.tt.generator:prefill_forward_text:551 - Prefilling User 2, use_batched_prefill: False, prompt_lens: 118, prefill_seq_len: 128, num_cached_tokens: 0
2026-08-29 11:22:30.444 | INFO     | models.demos.llama3_70b_galaxy.tt.generator:prefill_forward_text:551 - Prefilling User 3, use_batched_prefill: False, prompt_lens: 118, prefill_seq_len: 128, num_cached_tokens: 0
2026-08-29 11:22:31.017 | INFO     | models.demos.llama3_70b_galaxy.tt.generator:prefill_forward_text:551 - Prefilling User 4, use_batched_prefill: False, prompt_lens: 118, prefill_seq_len: 128, num_cached_tokens: 0
2026-08-29 11:22:31.589 | INFO     | models.demos.llama3_70b_galaxy.tt.generator:prefill_forward_text:551 - Prefilling User 5, use_batched_prefill: False, prompt_lens: 118, prefill_seq_len: 128, num_cached_tokens: 0
2026-08-29 11:22:32.183 | INFO     | models.demos.llama3_70b_galaxy.tt.generator:prefill_forward_text:551 - Prefilling User 6, use_batched_prefill: False, prompt_lens: 118, prefill_seq_len: 128, num_cached_tokens: 0
2026-08-29 11:22:32.758 | INFO     | models.demos.llama3_70b_galaxy.tt.generator:prefill_forward_text:551 - Prefilling User 7, use_batched_prefill: False, prompt_lens: 118, prefill_seq_len: 128, num_cached_tokens: 0
2026-08-29 11:22:33.321 | INFO     | models.demos.llama3_70b_galaxy.tt.generator:prefill_forward_text:551 - Prefilling User 8, use_batched_prefill: False, prompt_lens: 118, prefill_seq_len: 128, num_cached_tokens: 0
2026-08-29 11:22:33.895 | INFO     | models.demos.llama3_70b_galaxy.tt.generator:prefill_forward_text:551 - Prefilling User 9, use_batched_prefill: False, prompt_lens: 118, prefill_seq_len: 128, num_cached_tokens: 0
2026-08-29 11:22:34.467 | INFO     | models.demos.llama3_70b_galaxy.tt.generator:prefill_forward_text:551 - Prefilling User 10, use_batched_prefill: False, prompt_lens: 118, prefill_seq_len: 128, num_cached_tokens: 0
2026-08-29 11:22:35.037 | INFO     | models.demos.llama3_70b_galaxy.tt.generator:prefill_forward_text:551 - Prefilling User 11, use_batched_prefill: False, prompt_lens: 118, prefill_seq_len: 128, num_cached_tokens: 0
2026-08-29 11:22:35.597 | INFO     | models.demos.llama3_70b_galaxy.tt.generator:prefill_forward_text:551 - Prefilling User 12, use_batched_prefill: False, prompt_lens: 118, prefill_seq_len: 128, num_cached_tokens: 0
2026-08-29 11:22:36.166 | INFO     | models.demos.llama3_70b_galaxy.tt.generator:prefill_forward_text:551 - Prefilling User 13, use_batched_prefill: False, prompt_lens: 118, prefill_seq_len: 128, num_cached_tokens: 0
2026-08-29 11:22:36.739 | INFO     | models.demos.llama3_70b_galaxy.tt.generator:prefill_forward_text:551 - Prefilling User 14, use_batched_prefill: False, prompt_lens: 118, prefill_seq_len: 128, num_cached_tokens: 0
2026-08-29 11:22:37.305 | INFO     | models.demos.llama3_70b_galaxy.tt.generator:prefill_forward_text:551 - Prefilling User 15, use_batched_prefill: False, prompt_lens: 118, prefill_seq_len: 128, num_cached_tokens: 0
2026-08-29 11:22:37.882 | INFO     | models.demos.llama3_70b_galaxy.tt.generator:prefill_forward_text:551 - Prefilling User 16, use_batched_prefill: False, prompt_lens: 118, prefill_seq_len: 128, num_cached_tokens: 0
2026-08-29 11:22:38.455 | INFO     | models.demos.llama3_70b_galaxy.tt.generator:prefill_forward_text:551 - Prefilling User 17, use_batched_prefill: False, prompt_lens: 118, prefill_seq_len: 128, num_cached_tokens: 0
2026-08-29 11:22:39.135 | INFO     | models.demos.llama3_70b_galaxy.tt.generator:prefill_forward_text:551 - Prefilling User 18, use_batched_prefill: False, prompt_lens: 118, prefill_seq_len: 128, num_cached_tokens: 0
2026-08-29 11:22:39.724 | INFO     | models.demos.llama3_70b_galaxy.tt.generator:prefill_forward_text:551 - Prefilling User 19, use_batched_prefill: False, prompt_lens: 118, prefill_seq_len: 128, num_cached_tokens: 0
2026-08-29 11:22:40.307 | INFO     | models.demos.llama3_70b_galaxy.tt.generator:prefill_forward_text:551 - Prefilling User 20, use_batched_prefill: False, prompt_lens: 118, prefill_seq_len: 128, num_cached_tokens: 0
2026-08-29 11:22:40.883 | INFO     | models.demos.llama3_70b_galaxy.tt.generator:prefill_forward_text:551 - Prefilling User 21, use_batched_prefill: False, prompt_lens: 118, prefill_seq_len: 128, num_cached_tokens: 0
2026-08-29 11:22:41.444 | INFO     | models.demos.llama3_70b_galaxy.tt.generator:prefill_forward_text:551 - Prefilling User 22, use_batched_prefill: False, prompt_lens: 118, prefill_seq_len: 128, num_cached_tokens: 0
2026-08-29 11:22:42.020 | INFO     | models.demos.llama3_70b_galaxy.tt.generator:prefill_forward_text:551 - Prefilling User 23, use_batched_prefill: False, prompt_lens: 118, prefill_seq_len: 128, num_cached_tokens: 0
2026-08-29 11:22:42.580 | INFO     | models.demos.llama3_70b_galaxy.tt.generator:prefill_forward_text:551 - Prefilling User 24, use_batched_prefill: False, prompt_lens: 118, prefill_seq_len: 128, num_cached_tokens: 0
2026-08-29 11:22:43.149 | INFO     | models.demos.llama3_70b_galaxy.tt.generator:prefill_forward_text:551 - Prefilling User 25, use_batched_prefill: False, prompt_lens: 118, prefill_seq_len: 128, num_cached_tokens: 0
2026-08-29 11:22:43.721 | INFO     | models.demos.llama3_70b_galaxy.tt.generator:prefill_forward_text:551 - Prefilling User 26, use_batched_prefill: False, prompt_lens: 118, prefill_seq_len: 128, num_cached_tokens: 0
2026-08-29 11:22:44.302 | INFO     | models.demos.llama3_70b_galaxy.tt.generator:prefill_forward_text:551 - Prefilling User 27, use_batched_prefill: False, prompt_lens: 118, prefill_seq_len: 128, num_cached_tokens: 0
2026-08-29 11:22:44.883 | INFO     | models.demos.llama3_70b_galaxy.tt.generator:prefill_forward_text:551 - Prefilling User 28, use_batched_prefill: False, prompt_lens: 118, prefill_seq_len: 128, num_cached_tokens: 0
2026-08-29 11:22:45.451 | INFO     | models.demos.llama3_70b_galaxy.tt.generator:prefill_forward_text:551 - Prefilling User 29, use_batched_prefill: False, prompt_lens: 118, prefill_seq_len: 128, num_cached_tokens: 0
2026-08-29 11:22:46.032 | INFO     | models.demos.llama3_70b_galaxy.tt.generator:prefill_forward_text:551 - Prefilling User 30, use_batched_prefill: False, prompt_lens: 118, prefill_seq_len: 128, num_cached_tokens: 0
2026-08-29 11:22:46.596 | INFO     | models.demos.llama3_70b_galaxy.tt.generator:prefill_forward_text:551 - Prefilling User 31, use_batched_prefill: False, prompt_lens: 118, prefill_seq_len: 128, num_cached_tokens: 0
2026-08-29 11:22:47.163 | INFO     | models.demos.llama3_70b_galaxy.tt.prefetcher_common:__init__:33 - Running TtLlamaPrefetcherSetup
2026-08-29 11:22:47.168 | warning  |              Op | ttnn.concat: Tile padding along concatenated dim (2) is not directly supported. ttnn.concat will proceed by converting to row-major then retilizing. This may have adverse performance impacts. (concat_device_operation.cpp:124)
2026-08-29 11:22:47.173 | warning  |              Op | ttnn.concat: Tile padding along concatenated dim (2) is not directly supported. ttnn.concat will proceed by converting to row-major then retilizing. This may have adverse performance impacts. (concat_device_operation.cpp:124)
2026-08-29 11:22:47.178 | warning  |              Op | ttnn.concat: Tile padding along concatenated dim (2) is not directly supported. ttnn.concat will proceed by converting to row-major then retilizing. This may have adverse performance impacts. (concat_device_operation.cpp:124)
2026-08-29 11:22:47.182 | warning  |              Op | ttnn.concat: Tile padding along concatenated dim (2) is not directly supported. ttnn.concat will proceed by converting to row-major then retilizing. This may have adverse performance impacts. (concat_device_operation.cpp:124)
2026-08-29 11:22:47.187 | warning  |              Op | ttnn.concat: Tile padding along concatenated dim (2) is not directly supported. ttnn.concat will proceed by converting to row-major then retilizing. This may have adverse performance impacts. (concat_device_operation.cpp:124)
2026-08-29 11:22:47.191 | warning  |              Op | ttnn.concat: Tile padding along concatenated dim (2) is not directly supported. ttnn.concat will proceed by converting to row-major then retilizing. This may have adverse performance impacts. (concat_device_operation.cpp:124)
2026-08-29 11:22:47.196 | warning  |              Op | ttnn.concat: Tile padding along concatenated dim (2) is not directly supported. ttnn.concat will proceed by converting to row-major then retilizing. This may have adverse performance impacts. (concat_device_operation.cpp:124)
2026-08-29 11:22:47.200 | warning  |              Op | ttnn.concat: Tile padding along concatenated dim (2) is not directly supported. ttnn.concat will proceed by converting to row-major then retilizing. This may have adverse performance impacts. (concat_device_operation.cpp:124)
2026-08-29 11:22:47.205 | warning  |              Op | ttnn.concat: Tile padding along concatenated dim (2) is not directly supported. ttnn.concat will proceed by converting to row-major then retilizing. This may have adverse performance impacts. (concat_device_operation.cpp:124)
2026-08-29 11:22:47.209 | warning  |              Op | ttnn.concat: Tile padding along concatenated dim (2) is not directly supported. ttnn.concat will proceed by converting to row-major then retilizing. This may have adverse performance impacts. (concat_device_operation.cpp:124)
2026-08-29 11:22:47.214 | warning  |              Op | ttnn.concat: Tile padding along concatenated dim (2) is not directly supported. ttnn.concat will proceed by converting to row-major then retilizing. This may have adverse performance impacts. (concat_device_operation.cpp:124)
2026-08-29 11:22:47.219 | warning  |              Op | ttnn.concat: Tile padding along concatenated dim (2) is not directly supported. ttnn.concat will proceed by converting to row-major then retilizing. This may have adverse performance impacts. (concat_device_operation.cpp:124)
2026-08-29 11:22:47.223 | warning  |              Op | ttnn.concat: Tile padding along concatenated dim (2) is not directly supported. ttnn.concat will proceed by converting to row-major then retilizing. This may have adverse performance impacts. (concat_device_operation.cpp:124)
2026-08-29 11:22:47.227 | warning  |              Op | ttnn.concat: Tile padding along concatenated dim (2) is not directly supported. ttnn.concat will proceed by converting to row-major then retilizing. This may have adverse performance impacts. (concat_device_operation.cpp:124)
2026-08-29 11:22:47.232 | warning  |              Op | ttnn.concat: Tile padding along concatenated dim (2) is not directly supported. ttnn.concat will proceed by converting to row-major then retilizing. This may have adverse performance impacts. (concat_device_operation.cpp:124)
2026-08-29 11:22:47.237 | warning  |              Op | ttnn.concat: Tile padding along concatenated dim (2) is not directly supported. ttnn.concat will proceed by converting to row-major then retilizing. This may have adverse performance impacts. (concat_device_operation.cpp:124)
2026-08-29 11:22:47.241 | warning  |              Op | ttnn.concat: Tile padding along concatenated dim (2) is not directly supported. ttnn.concat will proceed by converting to row-major then retilizing. This may have adverse performance impacts. (concat_device_operation.cpp:124)
2026-08-29 11:22:47.246 | warning  |              Op | ttnn.concat: Tile padding along concatenated dim (2) is not directly supported. ttnn.concat will proceed by converting to row-major then retilizing. This may have adverse performance impacts. (concat_device_operation.cpp:124)
2026-08-29 11:22:47.250 | warning  |              Op | ttnn.concat: Tile padding along concatenated dim (2) is not directly supported. ttnn.concat will proceed by converting to row-major then retilizing. This may have adverse performance impacts. (concat_device_operation.cpp:124)
2026-08-29 11:22:47.255 | warning  |              Op | ttnn.concat: Tile padding along concatenated dim (2) is not directly supported. ttnn.concat will proceed by converting to row-major then retilizing. This may have adverse performance impacts. (concat_device_operation.cpp:124)
2026-08-29 11:22:47.259 | warning  |              Op | ttnn.concat: Tile padding along concatenated dim (2) is not directly supported. ttnn.concat will proceed by converting to row-major then retilizing. This may have adverse performance impacts. (concat_device_operation.cpp:124)
2026-08-29 11:22:47.263 | warning  |              Op | ttnn.concat: Tile padding along concatenated dim (2) is not directly supported. ttnn.concat will proceed by converting to row-major then retilizing. This may have adverse performance impacts. (concat_device_operation.cpp:124)
2026-08-29 11:22:47.268 | warning  |              Op | ttnn.concat: Tile padding along concatenated dim (2) is not directly supported. ttnn.concat will proceed by converting to row-major then retilizing. This may have adverse performance impacts. (concat_device_operation.cpp:124)
2026-08-29 11:22:47.272 | warning  |              Op | ttnn.concat: Tile padding along concatenated dim (2) is not directly supported. ttnn.concat will proceed by converting to row-major then retilizing. This may have adverse performance impacts. (concat_device_operation.cpp:124)
2026-08-29 11:22:47.277 | warning  |              Op | ttnn.concat: Tile padding along concatenated dim (2) is not directly supported. ttnn.concat will proceed by converting to row-major then retilizing. This may have adverse performance impacts. (concat_device_operation.cpp:124)
2026-08-29 11:22:47.281 | warning  |              Op | ttnn.concat: Tile padding along concatenated dim (2) is not directly supported. ttnn.concat will proceed by converting to row-major then retilizing. This may have adverse performance impacts. (concat_device_operation.cpp:124)
2026-08-29 11:22:47.285 | warning  |              Op | ttnn.concat: Tile padding along concatenated dim (2) is not directly supported. ttnn.concat will proceed by converting to row-major then retilizing. This may have adverse performance impacts. (concat_device_operation.cpp:124)
2026-08-29 11:22:47.290 | warning  |              Op | ttnn.concat: Tile padding along concatenated dim (2) is not directly supported. ttnn.concat will proceed by converting to row-major then retilizing. This may have adverse performance impacts. (concat_device_operation.cpp:124)
2026-08-29 11:22:47.294 | warning  |              Op | ttnn.concat: Tile padding along concatenated dim (2) is not directly supported. ttnn.concat will proceed by converting to row-major then retilizing. This may have adverse performance impacts. (concat_device_operation.cpp:124)
2026-08-29 11:22:47.298 | warning  |              Op | ttnn.concat: Tile padding along concatenated dim (2) is not directly supported. ttnn.concat will proceed by converting to row-major then retilizing. This may have adverse performance impacts. (concat_device_operation.cpp:124)
2026-08-29 11:22:47.303 | warning  |              Op | ttnn.concat: Tile padding along concatenated dim (2) is not directly supported. ttnn.concat will proceed by converting to row-major then retilizing. This may have adverse performance impacts. (concat_device_operation.cpp:124)
2026-08-29 11:22:47.307 | warning  |              Op | ttnn.concat: Tile padding along concatenated dim (2) is not directly supported. ttnn.concat will proceed by converting to row-major then retilizing. This may have adverse performance impacts. (concat_device_operation.cpp:124)
2026-08-29 11:22:47.311 | INFO     | models.demos.llama3_70b_galaxy.tt.generator:prefill_forward_text:851 - Finished prefill for all users up to 118 tokens.
2026-08-29 11:22:47.312 | INFO     | models.demos.llama3_70b_galaxy.demo.text_demo:test_demo_text:1279 - Prefill finished
2026-08-29 11:22:47.312 | INFO     | models.demos.llama3_70b_galaxy.demo.text_demo:test_demo_text:1319 - Starting decode loop from positions: [118, 118, 118, 118, 118, 118, 118, 118, 118, 118, 118, 118, 118, 118, 118, 118, 118, 118, 118, 118, 118, 118, 118, 118, 118, 118, 118, 118, 118, 118, 118, 118]
2026-08-29 11:22:55.146 | warning  |              Op | matmul_multi_core_reuse_mcast_1d_optimized_helper: program_config.allowed_worker_cores not populated; auto-populating from compute_with_storage_grid_size. Callers that bypass ttnn::prim::matmul() (e.g. CCL fused ops) should invoke ttnn::operations::matmul::normalize_program_config() on the program config first. This will become a hard error in a future release. (matmul_multicore_reuse_mcast_1d_program_factory.cpp:5619)
2026-08-29 11:22:55.154 | warning  |              Op | matmul_multi_core_reuse_mcast_1d_optimized_helper: program_config.allowed_worker_cores not populated; auto-populating from compute_with_storage_grid_size. Callers that bypass ttnn::prim::matmul() (e.g. CCL fused ops) should invoke ttnn::operations::matmul::normalize_program_config() on the program config first. This will become a hard error in a future release. (matmul_multicore_reuse_mcast_1d_program_factory.cpp:5619)
2026-08-29 11:22:55.158 | warning  |              Op | matmul_multi_core_reuse_mcast_1d_optimized_helper: program_config.allowed_worker_cores not populated; auto-populating from compute_with_storage_grid_size. Callers that bypass ttnn::prim::matmul() (e.g. CCL fused ops) should invoke ttnn::operations::matmul::normalize_program_config() on the program config first. This will become a hard error in a future release. (matmul_multicore_reuse_mcast_1d_program_factory.cpp:5619)
2026-08-29 11:22:55.161 | warning  |              Op | matmul_multi_core_reuse_mcast_1d_optimized_helper: program_config.allowed_worker_cores not populated; auto-populating from compute_with_storage_grid_size. Callers that bypass ttnn::prim::matmul() (e.g. CCL fused ops) should invoke ttnn::operations::matmul::normalize_program_config() on the program config first. This will become a hard error in a future release. (matmul_multicore_reuse_mcast_1d_program_factory.cpp:5619)
2026-08-29 11:22:55.165 | warning  |              Op | matmul_multi_core_reuse_mcast_1d_optimized_helper: program_config.allowed_worker_cores not populated; auto-populating from compute_with_storage_grid_size. Callers that bypass ttnn::prim::matmul() (e.g. CCL fused ops) should invoke ttnn::operations::matmul::normalize_program_config() on the program config first. This will become a hard error in a future release. (matmul_multicore_reuse_mcast_1d_program_factory.cpp:5619)
2026-08-29 11:22:55.169 | warning  |              Op | matmul_multi_core_reuse_mcast_1d_optimized_helper: program_config.allowed_worker_cores not populated; auto-populating from compute_with_storage_grid_size. Callers that bypass ttnn::prim::matmul() (e.g. CCL fused ops) should invoke ttnn::operations::matmul::normalize_program_config() on the program config first. This will become a hard error in a future release. (matmul_multicore_reuse_mcast_1d_program_factory.cpp:5619)
2026-08-29 11:22:55.173 | warning  |              Op | matmul_multi_core_reuse_mcast_1d_optimized_helper: program_config.allowed_worker_cores not populated; auto-populating from compute_with_storage_grid_size. Callers that bypass ttnn::prim::matmul() (e.g. CCL fused ops) should invoke ttnn::operations::matmul::normalize_program_config() on the program config first. This will become a hard error in a future release. (matmul_multicore_reuse_mcast_1d_program_factory.cpp:5619)
2026-08-29 11:22:55.177 | warning  |              Op | matmul_multi_core_reuse_mcast_1d_optimized_helper: program_config.allowed_worker_cores not populated; auto-populating from compute_with_storage_grid_size. Callers that bypass ttnn::prim::matmul() (e.g. CCL fused ops) should invoke ttnn::operations::matmul::normalize_program_config() on the program config first. This will become a hard error in a future release. (matmul_multicore_reuse_mcast_1d_program_factory.cpp:5619)
2026-08-29 11:22:55.181 | warning  |              Op | matmul_multi_core_reuse_mcast_1d_optimized_helper: program_config.allowed_worker_cores not populated; auto-populating from compute_with_storage_grid_size. Callers that bypass ttnn::prim::matmul() (e.g. CCL fused ops) should invoke ttnn::operations::matmul::normalize_program_config() on the program config first. This will become a hard error in a future release. (matmul_multicore_reuse_mcast_1d_program_factory.cpp:5619)
2026-08-29 11:22:55.184 | warning  |              Op | matmul_multi_core_reuse_mcast_1d_optimized_helper: program_config.allowed_worker_cores not populated; auto-populating from compute_with_storage_grid_size. Callers that bypass ttnn::prim::matmul() (e.g. CCL fused ops) should invoke ttnn::operations::matmul::normalize_program_config() on the program config first. This will become a hard error in a future release. (matmul_multicore_reuse_mcast_1d_program_factory.cpp:5619)
2026-08-29 11:22:55.188 | warning  |              Op | matmul_multi_core_reuse_mcast_1d_optimized_helper: program_config.allowed_worker_cores not populated; auto-populating from compute_with_storage_grid_size. Callers that bypass ttnn::prim::matmul() (e.g. CCL fused ops) should invoke ttnn::operations::matmul::normalize_program_config() on the program config first. This will become a hard error in a future release. (matmul_multicore_reuse_mcast_1d_program_factory.cpp:5619)
2026-08-29 11:22:55.192 | warning  |              Op | matmul_multi_core_reuse_mcast_1d_optimized_helper: program_config.allowed_worker_cores not populated; auto-populating from compute_with_storage_grid_size. Callers that bypass ttnn::prim::matmul() (e.g. CCL fused ops) should invoke ttnn::operations::matmul::normalize_program_config() on the program config first. This will become a hard error in a future release. (matmul_multicore_reuse_mcast_1d_program_factory.cpp:5619)
2026-08-29 11:22:55.196 | warning  |              Op | matmul_multi_core_reuse_mcast_1d_optimized_helper: program_config.allowed_worker_cores not populated; auto-populating from compute_with_storage_grid_size. Callers that bypass ttnn::prim::matmul() (e.g. CCL fused ops) should invoke ttnn::operations::matmul::normalize_program_config() on the program config first. This will become a hard error in a future release. (matmul_multicore_reuse_mcast_1d_program_factory.cpp:5619)
2026-08-29 11:22:55.199 | warning  |              Op | matmul_multi_core_reuse_mcast_1d_optimized_helper: program_config.allowed_worker_cores not populated; auto-populating from compute_with_storage_grid_size. Callers that bypass ttnn::prim::matmul() (e.g. CCL fused ops) should invoke ttnn::operations::matmul::normalize_program_config() on the program config first. This will become a hard error in a future release. (matmul_multicore_reuse_mcast_1d_program_factory.cpp:5619)
2026-08-29 11:22:55.203 | warning  |              Op | matmul_multi_core_reuse_mcast_1d_optimized_helper: program_config.allowed_worker_cores not populated; auto-populating from compute_with_storage_grid_size. Callers that bypass ttnn::prim::matmul() (e.g. CCL fused ops) should invoke ttnn::operations::matmul::normalize_program_config() on the program config first. This will become a hard error in a future release. (matmul_multicore_reuse_mcast_1d_program_factory.cpp:5619)
2026-08-29 11:22:55.207 | warning  |              Op | matmul_multi_core_reuse_mcast_1d_optimized_helper: program_config.allowed_worker_cores not populated; auto-populating from compute_with_storage_grid_size. Callers that bypass ttnn::prim::matmul() (e.g. CCL fused ops) should invoke ttnn::operations::matmul::normalize_program_config() on the program config first. This will become a hard error in a future release. (matmul_multicore_reuse_mcast_1d_program_factory.cpp:5619)
2026-08-29 11:22:55.211 | warning  |              Op | matmul_multi_core_reuse_mcast_1d_optimized_helper: program_config.allowed_worker_cores not populated; auto-populating from compute_with_storage_grid_size. Callers that bypass ttnn::prim::matmul() (e.g. CCL fused ops) should invoke ttnn::operations::matmul::normalize_program_config() on the program config first. This will become a hard error in a future release. (matmul_multicore_reuse_mcast_1d_program_factory.cpp:5619)
2026-08-29 11:22:55.215 | warning  |              Op | matmul_multi_core_reuse_mcast_1d_optimized_helper: program_config.allowed_worker_cores not populated; auto-populating from compute_with_storage_grid_size. Callers that bypass ttnn::prim::matmul() (e.g. CCL fused ops) should invoke ttnn::operations::matmul::normalize_program_config() on the program config first. This will become a hard error in a future release. (matmul_multicore_reuse_mcast_1d_program_factory.cpp:5619)
2026-08-29 11:22:55.218 | warning  |              Op | matmul_multi_core_reuse_mcast_1d_optimized_helper: program_config.allowed_worker_cores not populated; auto-populating from compute_with_storage_grid_size. Callers that bypass ttnn::prim::matmul() (e.g. CCL fused ops) should invoke ttnn::operations::matmul::normalize_program_config() on the program config first. This will become a hard error in a future release. (matmul_multicore_reuse_mcast_1d_program_factory.cpp:5619)
2026-08-29 11:22:55.222 | warning  |              Op | matmul_multi_core_reuse_mcast_1d_optimized_helper: program_config.allowed_worker_cores not populated; auto-populating from compute_with_storage_grid_size. Callers that bypass ttnn::prim::matmul() (e.g. CCL fused ops) should invoke ttnn::operations::matmul::normalize_program_config() on the program config first. This will become a hard error in a future release. (matmul_multicore_reuse_mcast_1d_program_factory.cpp:5619)
2026-08-29 11:22:55.226 | warning  |              Op | matmul_multi_core_reuse_mcast_1d_optimized_helper: program_config.allowed_worker_cores not populated; auto-populating from compute_with_storage_grid_size. Callers that bypass ttnn::prim::matmul() (e.g. CCL fused ops) should invoke ttnn::operations::matmul::normalize_program_config() on the program config first. This will become a hard error in a future release. (matmul_multicore_reuse_mcast_1d_program_factory.cpp:5619)
2026-08-29 11:22:55.231 | warning  |              Op | matmul_multi_core_reuse_mcast_1d_optimized_helper: program_config.allowed_worker_cores not populated; auto-populating from compute_with_storage_grid_size. Callers that bypass ttnn::prim::matmul() (e.g. CCL fused ops) should invoke ttnn::operations::matmul::normalize_program_config() on the program config first. This will become a hard error in a future release. (matmul_multicore_reuse_mcast_1d_program_factory.cpp:5619)
2026-08-29 11:22:55.234 | warning  |              Op | matmul_multi_core_reuse_mcast_1d_optimized_helper: program_config.allowed_worker_cores not populated; auto-populating from compute_with_storage_grid_size. Callers that bypass ttnn::prim::matmul() (e.g. CCL fused ops) should invoke ttnn::operations::matmul::normalize_program_config() on the program config first. This will become a hard error in a future release. (matmul_multicore_reuse_mcast_1d_program_factory.cpp:5619)
2026-08-29 11:22:55.238 | warning  |              Op | matmul_multi_core_reuse_mcast_1d_optimized_helper: program_config.allowed_worker_cores not populated; auto-populating from compute_with_storage_grid_size. Callers that bypass ttnn::prim::matmul() (e.g. CCL fused ops) should invoke ttnn::operations::matmul::normalize_program_config() on the program config first. This will become a hard error in a future release. (matmul_multicore_reuse_mcast_1d_program_factory.cpp:5619)
2026-08-29 11:22:55.242 | warning  |              Op | matmul_multi_core_reuse_mcast_1d_optimized_helper: program_config.allowed_worker_cores not populated; auto-populating from compute_with_storage_grid_size. Callers that bypass ttnn::prim::matmul() (e.g. CCL fused ops) should invoke ttnn::operations::matmul::normalize_program_config() on the program config first. This will become a hard error in a future release. (matmul_multicore_reuse_mcast_1d_program_factory.cpp:5619)
2026-08-29 11:22:55.246 | warning  |              Op | matmul_multi_core_reuse_mcast_1d_optimized_helper: program_config.allowed_worker_cores not populated; auto-populating from compute_with_storage_grid_size. Callers that bypass ttnn::prim::matmul() (e.g. CCL fused ops) should invoke ttnn::operations::matmul::normalize_program_config() on the program config first. This will become a hard error in a future release. (matmul_multicore_reuse_mcast_1d_program_factory.cpp:5619)
2026-08-29 11:22:55.249 | warning  |              Op | matmul_multi_core_reuse_mcast_1d_optimized_helper: program_config.allowed_worker_cores not populated; auto-populating from compute_with_storage_grid_size. Callers that bypass ttnn::prim::matmul() (e.g. CCL fused ops) should invoke ttnn::operations::matmul::normalize_program_config() on the program config first. This will become a hard error in a future release. (matmul_multicore_reuse_mcast_1d_program_factory.cpp:5619)
2026-08-29 11:22:55.255 | warning  |              Op | matmul_multi_core_reuse_mcast_1d_optimized_helper: program_config.allowed_worker_cores not populated; auto-populating from compute_with_storage_grid_size. Callers that bypass ttnn::prim::matmul() (e.g. CCL fused ops) should invoke ttnn::operations::matmul::normalize_program_config() on the program config first. This will become a hard error in a future release. (matmul_multicore_reuse_mcast_1d_program_factory.cpp:5619)
2026-08-29 11:22:55.261 | warning  |              Op | matmul_multi_core_reuse_mcast_1d_optimized_helper: program_config.allowed_worker_cores not populated; auto-populating from compute_with_storage_grid_size. Callers that bypass ttnn::prim::matmul() (e.g. CCL fused ops) should invoke ttnn::operations::matmul::normalize_program_config() on the program config first. This will become a hard error in a future release. (matmul_multicore_reuse_mcast_1d_program_factory.cpp:5619)
2026-08-29 11:22:55.269 | warning  |              Op | matmul_multi_core_reuse_mcast_1d_optimized_helper: program_config.allowed_worker_cores not populated; auto-populating from compute_with_storage_grid_size. Callers that bypass ttnn::prim::matmul() (e.g. CCL fused ops) should invoke ttnn::operations::matmul::normalize_program_config() on the program config first. This will become a hard error in a future release. (matmul_multicore_reuse_mcast_1d_program_factory.cpp:5619)
2026-08-29 11:22:55.275 | warning  |              Op | matmul_multi_core_reuse_mcast_1d_optimized_helper: program_config.allowed_worker_cores not populated; auto-populating from compute_with_storage_grid_size. Callers that bypass ttnn::prim::matmul() (e.g. CCL fused ops) should invoke ttnn::operations::matmul::normalize_program_config() on the program config first. This will become a hard error in a future release. (matmul_multicore_reuse_mcast_1d_program_factory.cpp:5619)
2026-08-29 11:22:55.281 | warning  |              Op | matmul_multi_core_reuse_mcast_1d_optimized_helper: program_config.allowed_worker_cores not populated; auto-populating from compute_with_storage_grid_size. Callers that bypass ttnn::prim::matmul() (e.g. CCL fused ops) should invoke ttnn::operations::matmul::normalize_program_config() on the program config first. This will become a hard error in a future release. (matmul_multicore_reuse_mcast_1d_program_factory.cpp:5619)
2026-08-29 11:23:05.254 | INFO     | models.demos.llama3_70b_galaxy.tt.generator:_capture_trace_text:1436 - Done Compiling Model
2026-08-29 11:23:06.714 | INFO     | models.demos.llama3_70b_galaxy.tt.generator:_capture_trace_text:1456 - Done Capturing Decode Trace
2026-08-29 11:23:07.267 | INFO     | models.demos.llama3_70b_galaxy.demo.text_demo:test_demo_text:1381 - Iteration 0 (compile): 19955.4760ms
2026-08-29 11:23:07.277 | INFO     | models.demos.llama3_70b_galaxy.demo.text_demo:test_demo_text:1479 - Decode Iteration 1: Time: 9.2450ms, tok/s/user: 108.17, Throughput: 3461.33 tok/s
2026-08-29 11:23:07.283 | INFO     | models.demos.llama3_70b_galaxy.demo.text_demo:test_demo_text:1479 - Decode Iteration 2: Time: 5.9220ms, tok/s/user: 168.86, Throughput: 5403.58 tok/s
2026-08-29 11:23:07.298 | INFO     | models.demos.llama3_70b_galaxy.demo.text_demo:test_demo_text:1479 - Decode Iteration 3: Time: 14.6660ms, tok/s/user: 68.18, Throughput: 2181.92 tok/s
2026-08-29 11:23:07.313 | INFO     | models.demos.llama3_70b_galaxy.demo.text_demo:test_demo_text:1479 - Decode Iteration 4: Time: 14.5800ms, tok/s/user: 68.59, Throughput: 2194.79 tok/s
2026-08-29 11:23:07.327 | INFO     | models.demos.llama3_70b_galaxy.demo.text_demo:test_demo_text:1479 - Decode Iteration 5: Time: 14.5970ms, tok/s/user: 68.51, Throughput: 2192.23 tok/s
2026-08-29 11:23:07.342 | INFO     | models.demos.llama3_70b_galaxy.demo.text_demo:test_demo_text:1479 - Decode Iteration 6: Time: 14.5680ms, tok/s/user: 68.64, Throughput: 2196.60 tok/s
2026-08-29 11:23:07.357 | INFO     | models.demos.llama3_70b_galaxy.demo.text_demo:test_demo_text:1479 - Decode Iteration 7: Time: 14.5850ms, tok/s/user: 68.56, Throughput: 2194.03 tok/s
2026-08-29 11:23:07.372 | INFO     | models.demos.llama3_70b_galaxy.demo.text_demo:test_demo_text:1479 - Decode Iteration 8: Time: 14.6210ms, tok/s/user: 68.39, Throughput: 2188.63 tok/s
2026-08-29 11:23:07.386 | INFO     | models.demos.llama3_70b_galaxy.demo.text_demo:test_demo_text:1479 - Decode Iteration 9: Time: 14.5930ms, tok/s/user: 68.53, Throughput: 2192.83 tok/s
2026-08-29 11:23:07.401 | INFO     | models.demos.llama3_70b_galaxy.demo.text_demo:test_demo_text:1479 - Decode Iteration 10: Time: 14.5330ms, tok/s/user: 68.81, Throughput: 2201.89 tok/s
2026-08-29 11:23:07.416 | INFO     | models.demos.llama3_70b_galaxy.demo.text_demo:test_demo_text:1479 - Decode Iteration 11: Time: 15.0470ms, tok/s/user: 66.46, Throughput: 2126.67 tok/s
2026-08-29 11:23:07.432 | INFO     | models.demos.llama3_70b_galaxy.demo.text_demo:test_demo_text:1479 - Decode Iteration 12: Time: 15.0210ms, tok/s/user: 66.57, Throughput: 2130.35 tok/s
2026-08-29 11:23:07.447 | INFO     | models.demos.llama3_70b_galaxy.demo.text_demo:test_demo_text:1479 - Decode Iteration 13: Time: 15.0070ms, tok/s/user: 66.64, Throughput: 2132.34 tok/s
2026-08-29 11:23:07.462 | INFO     | models.demos.llama3_70b_galaxy.demo.text_demo:test_demo_text:1479 - Decode Iteration 14: Time: 15.0460ms, tok/s/user: 66.46, Throughput: 2126.81 tok/s
2026-08-29 11:23:07.477 | INFO     | models.demos.llama3_70b_galaxy.demo.text_demo:test_demo_text:1479 - Decode Iteration 15: Time: 15.0640ms, tok/s/user: 66.38, Throughput: 2124.27 tok/s
2026-08-29 11:23:07.493 | INFO     | models.demos.llama3_70b_galaxy.demo.text_demo:test_demo_text:1479 - Decode Iteration 16: Time: 15.2530ms, tok/s/user: 65.56, Throughput: 2097.95 tok/s
2026-08-29 11:23:07.508 | INFO     | models.demos.llama3_70b_galaxy.demo.text_demo:test_demo_text:1479 - Decode Iteration 17: Time: 14.6450ms, tok/s/user: 68.28, Throughput: 2185.05 tok/s
2026-08-29 11:23:07.523 | INFO     | models.demos.llama3_70b_galaxy.demo.text_demo:test_demo_text:1479 - Decode Iteration 18: Time: 15.0530ms, tok/s/user: 66.43, Throughput: 2125.82 tok/s
2026-08-29 11:23:07.538 | INFO     | models.demos.llama3_70b_galaxy.demo.text_demo:test_demo_text:1479 - Decode Iteration 19: Time: 15.0100ms, tok/s/user: 66.62, Throughput: 2131.91 tok/s
2026-08-29 11:23:07.553 | INFO     | models.demos.llama3_70b_galaxy.demo.text_demo:test_demo_text:1479 - Decode Iteration 20: Time: 15.0120ms, tok/s/user: 66.61, Throughput: 2131.63 tok/s
2026-08-29 11:23:07.568 | INFO     | models.demos.llama3_70b_galaxy.demo.text_demo:test_demo_text:1479 - Decode Iteration 21: Time: 15.0430ms, tok/s/user: 66.48, Throughput: 2127.24 tok/s
2026-08-29 11:23:07.584 | INFO     | models.demos.llama3_70b_galaxy.demo.text_demo:test_demo_text:1479 - Decode Iteration 22: Time: 14.9740ms, tok/s/user: 66.78, Throughput: 2137.04 tok/s
2026-08-29 11:23:07.599 | INFO     | models.demos.llama3_70b_galaxy.demo.text_demo:test_demo_text:1479 - Decode Iteration 23: Time: 15.0880ms, tok/s/user: 66.28, Throughput: 2120.89 tok/s
2026-08-29 11:23:07.614 | INFO     | models.demos.llama3_70b_galaxy.demo.text_demo:test_demo_text:1479 - Decode Iteration 24: Time: 15.0190ms, tok/s/user: 66.58, Throughput: 2130.63 tok/s
2026-08-29 11:23:07.629 | INFO     | models.demos.llama3_70b_galaxy.demo.text_demo:test_demo_text:1479 - Decode Iteration 25: Time: 15.0690ms, tok/s/user: 66.36, Throughput: 2123.56 tok/s
2026-08-29 11:23:07.644 | INFO     | models.demos.llama3_70b_galaxy.demo.text_demo:test_demo_text:1479 - Decode Iteration 26: Time: 15.0530ms, tok/s/user: 66.43, Throughput: 2125.82 tok/s
2026-08-29 11:23:07.660 | INFO     | models.demos.llama3_70b_galaxy.demo.text_demo:test_demo_text:1479 - Decode Iteration 27: Time: 15.0130ms, tok/s/user: 66.61, Throughput: 2131.49 tok/s
2026-08-29 11:23:07.675 | INFO     | models.demos.llama3_70b_galaxy.demo.text_demo:test_demo_text:1479 - Decode Iteration 28: Time: 14.9570ms, tok/s/user: 66.86, Throughput: 2139.47 tok/s
2026-08-29 11:23:07.690 | INFO     | models.demos.llama3_70b_galaxy.demo.text_demo:test_demo_text:1479 - Decode Iteration 29: Time: 15.0590ms, tok/s/user: 66.41, Throughput: 2124.98 tok/s
2026-08-29 11:23:07.705 | INFO     | models.demos.llama3_70b_galaxy.demo.text_demo:test_demo_text:1479 - Decode Iteration 30: Time: 15.0210ms, tok/s/user: 66.57, Throughput: 2130.35 tok/s
2026-08-29 11:23:07.720 | INFO     | models.demos.llama3_70b_galaxy.demo.text_demo:test_demo_text:1479 - Decode Iteration 31: Time: 15.0030ms, tok/s/user: 66.65, Throughput: 2132.91 tok/s
2026-08-29 11:23:07.736 | INFO     | models.demos.llama3_70b_galaxy.demo.text_demo:test_demo_text:1479 - Decode Iteration 32: Time: 15.1260ms, tok/s/user: 66.11, Throughput: 2115.56 tok/s
2026-08-29 11:23:07.751 | INFO     | models.demos.llama3_70b_galaxy.demo.text_demo:test_demo_text:1479 - Decode Iteration 33: Time: 14.9910ms, tok/s/user: 66.71, Throughput: 2134.61 tok/s
2026-08-29 11:23:07.766 | INFO     | models.demos.llama3_70b_galaxy.demo.text_demo:test_demo_text:1479 - Decode Iteration 34: Time: 14.9870ms, tok/s/user: 66.72, Throughput: 2135.18 tok/s
2026-08-29 11:23:07.781 | INFO     | models.demos.llama3_70b_galaxy.demo.text_demo:test_demo_text:1479 - Decode Iteration 35: Time: 15.0530ms, tok/s/user: 66.43, Throughput: 2125.82 tok/s
2026-08-29 11:23:07.796 | INFO     | models.demos.llama3_70b_galaxy.demo.text_demo:test_demo_text:1479 - Decode Iteration 36: Time: 15.0310ms, tok/s/user: 66.53, Throughput: 2128.93 tok/s
2026-08-29 11:23:07.812 | INFO     | models.demos.llama3_70b_galaxy.demo.text_demo:test_demo_text:1479 - Decode Iteration 37: Time: 15.0500ms, tok/s/user: 66.45, Throughput: 2126.25 tok/s
2026-08-29 11:23:07.827 | INFO     | models.demos.llama3_70b_galaxy.demo.text_demo:test_demo_text:1479 - Decode Iteration 38: Time: 15.0310ms, tok/s/user: 66.53, Throughput: 2128.93 tok/s
2026-08-29 11:23:07.842 | INFO     | models.demos.llama3_70b_galaxy.demo.text_demo:test_demo_text:1479 - Decode Iteration 39: Time: 15.0400ms, tok/s/user: 66.49, Throughput: 2127.66 tok/s
2026-08-29 11:23:07.857 | INFO     | models.demos.llama3_70b_galaxy.demo.text_demo:test_demo_text:1479 - Decode Iteration 40: Time: 14.9930ms, tok/s/user: 66.70, Throughput: 2134.33 tok/s
2026-08-29 11:23:07.872 | INFO     | models.demos.llama3_70b_galaxy.demo.text_demo:test_demo_text:1479 - Decode Iteration 41: Time: 15.0190ms, tok/s/user: 66.58, Throughput: 2130.63 tok/s
2026-08-29 11:23:07.888 | INFO     | models.demos.llama3_70b_galaxy.demo.text_demo:test_demo_text:1479 - Decode Iteration 42: Time: 15.0790ms, tok/s/user: 66.32, Throughput: 2122.16 tok/s
2026-08-29 11:23:07.903 | INFO     | models.demos.llama3_70b_galaxy.demo.text_demo:test_demo_text:1479 - Decode Iteration 43: Time: 15.0090ms, tok/s/user: 66.63, Throughput: 2132.05 tok/s
2026-08-29 11:23:07.918 | INFO     | models.demos.llama3_70b_galaxy.demo.text_demo:test_demo_text:1479 - Decode Iteration 44: Time: 14.9950ms, tok/s/user: 66.69, Throughput: 2134.04 tok/s
2026-08-29 11:23:07.933 | INFO     | models.demos.llama3_70b_galaxy.demo.text_demo:test_demo_text:1479 - Decode Iteration 45: Time: 15.0270ms, tok/s/user: 66.55, Throughput: 2129.50 tok/s
2026-08-29 11:23:07.948 | INFO     | models.demos.llama3_70b_galaxy.demo.text_demo:test_demo_text:1479 - Decode Iteration 46: Time: 15.0200ms, tok/s/user: 66.58, Throughput: 2130.49 tok/s
2026-08-29 11:23:07.964 | INFO     | models.demos.llama3_70b_galaxy.demo.text_demo:test_demo_text:1479 - Decode Iteration 47: Time: 15.0610ms, tok/s/user: 66.40, Throughput: 2124.69 tok/s
2026-08-29 11:23:07.979 | INFO     | models.demos.llama3_70b_galaxy.demo.text_demo:test_demo_text:1479 - Decode Iteration 48: Time: 15.0750ms, tok/s/user: 66.33, Throughput: 2122.72 tok/s
2026-08-29 11:23:07.994 | INFO     | models.demos.llama3_70b_galaxy.demo.text_demo:test_demo_text:1479 - Decode Iteration 49: Time: 14.9970ms, tok/s/user: 66.68, Throughput: 2133.76 tok/s
2026-08-29 11:23:08.009 | INFO     | models.demos.llama3_70b_galaxy.demo.text_demo:test_demo_text:1479 - Decode Iteration 50: Time: 15.0190ms, tok/s/user: 66.58, Throughput: 2130.63 tok/s
2026-08-29 11:23:08.024 | INFO     | models.demos.llama3_70b_galaxy.demo.text_demo:test_demo_text:1479 - Decode Iteration 51: Time: 14.9930ms, tok/s/user: 66.70, Throughput: 2134.33 tok/s
2026-08-29 11:23:08.040 | INFO     | models.demos.llama3_70b_galaxy.demo.text_demo:test_demo_text:1479 - Decode Iteration 52: Time: 15.2920ms, tok/s/user: 65.39, Throughput: 2092.60 tok/s
2026-08-29 11:23:08.055 | INFO     | models.demos.llama3_70b_galaxy.demo.text_demo:test_demo_text:1479 - Decode Iteration 53: Time: 14.6730ms, tok/s/user: 68.15, Throughput: 2180.88 tok/s
2026-08-29 11:23:08.070 | INFO     | models.demos.llama3_70b_galaxy.demo.text_demo:test_demo_text:1479 - Decode Iteration 54: Time: 14.9880ms, tok/s/user: 66.72, Throughput: 2135.04 tok/s
2026-08-29 11:23:08.085 | INFO     | models.demos.llama3_70b_galaxy.demo.text_demo:test_demo_text:1479 - Decode Iteration 55: Time: 14.9910ms, tok/s/user: 66.71, Throughput: 2134.61 tok/s
2026-08-29 11:23:08.100 | INFO     | models.demos.llama3_70b_galaxy.demo.text_demo:test_demo_text:1479 - Decode Iteration 56: Time: 15.0220ms, tok/s/user: 66.57, Throughput: 2130.21 tok/s
2026-08-29 11:23:08.115 | INFO     | models.demos.llama3_70b_galaxy.demo.text_demo:test_demo_text:1479 - Decode Iteration 57: Time: 15.0360ms, tok/s/user: 66.51, Throughput: 2128.23 tok/s
2026-08-29 11:23:08.131 | INFO     | models.demos.llama3_70b_galaxy.demo.text_demo:test_demo_text:1479 - Decode Iteration 58: Time: 15.0230ms, tok/s/user: 66.56, Throughput: 2130.07 tok/s
2026-08-29 11:23:08.146 | INFO     | models.demos.llama3_70b_galaxy.demo.text_demo:test_demo_text:1479 - Decode Iteration 59: Time: 15.0530ms, tok/s/user: 66.43, Throughput: 2125.82 tok/s
2026-08-29 11:23:08.161 | INFO     | models.demos.llama3_70b_galaxy.demo.text_demo:test_demo_text:1479 - Decode Iteration 60: Time: 15.0060ms, tok/s/user: 66.64, Throughput: 2132.48 tok/s
2026-08-29 11:23:08.176 | INFO     | models.demos.llama3_70b_galaxy.demo.text_demo:test_demo_text:1479 - Decode Iteration 61: Time: 14.9660ms, tok/s/user: 66.82, Throughput: 2138.18 tok/s
2026-08-29 11:23:08.191 | INFO     | models.demos.llama3_70b_galaxy.demo.text_demo:test_demo_text:1479 - Decode Iteration 62: Time: 14.9910ms, tok/s/user: 66.71, Throughput: 2134.61 tok/s
2026-08-29 11:23:08.207 | INFO     | models.demos.llama3_70b_galaxy.demo.text_demo:test_demo_text:1479 - Decode Iteration 63: Time: 15.0470ms, tok/s/user: 66.46, Throughput: 2126.67 tok/s
2026-08-29 11:23:08.222 | INFO     | models.demos.llama3_70b_galaxy.demo.text_demo:test_demo_text:1479 - Decode Iteration 64: Time: 15.0520ms, tok/s/user: 66.44, Throughput: 2125.96 tok/s
2026-08-29 11:23:08.237 | INFO     | models.demos.llama3_70b_galaxy.demo.text_demo:test_demo_text:1479 - Decode Iteration 65: Time: 15.0230ms, tok/s/user: 66.56, Throughput: 2130.07 tok/s
2026-08-29 11:23:08.252 | INFO     | models.demos.llama3_70b_galaxy.demo.text_demo:test_demo_text:1479 - Decode Iteration 66: Time: 15.0070ms, tok/s/user: 66.64, Throughput: 2132.34 tok/s
2026-08-29 11:23:08.267 | INFO     | models.demos.llama3_70b_galaxy.demo.text_demo:test_demo_text:1479 - Decode Iteration 67: Time: 15.0110ms, tok/s/user: 66.62, Throughput: 2131.77 tok/s
2026-08-29 11:23:08.283 | INFO     | models.demos.llama3_70b_galaxy.demo.text_demo:test_demo_text:1479 - Decode Iteration 68: Time: 14.9800ms, tok/s/user: 66.76, Throughput: 2136.18 tok/s
2026-08-29 11:23:08.298 | INFO     | models.demos.llama3_70b_galaxy.demo.text_demo:test_demo_text:1479 - Decode Iteration 69: Time: 14.9150ms, tok/s/user: 67.05, Throughput: 2145.49 tok/s
2026-08-29 11:23:08.313 | INFO     | models.demos.llama3_70b_galaxy.demo.text_demo:test_demo_text:1479 - Decode Iteration 70: Time: 15.0360ms, tok/s/user: 66.51, Throughput: 2128.23 tok/s
2026-08-29 11:23:08.328 | INFO     | models.demos.llama3_70b_galaxy.demo.text_demo:test_demo_text:1479 - Decode Iteration 71: Time: 15.0080ms, tok/s/user: 66.63, Throughput: 2132.20 tok/s
2026-08-29 11:23:08.344 | INFO     | models.demos.llama3_70b_galaxy.demo.text_demo:test_demo_text:1479 - Decode Iteration 72: Time: 15.2810ms, tok/s/user: 65.44, Throughput: 2094.10 tok/s
2026-08-29 11:23:08.359 | INFO     | models.demos.llama3_70b_galaxy.demo.text_demo:test_demo_text:1479 - Decode Iteration 73: Time: 14.6030ms, tok/s/user: 68.48, Throughput: 2191.33 tok/s
2026-08-29 11:23:08.374 | INFO     | models.demos.llama3_70b_galaxy.demo.text_demo:test_demo_text:1479 - Decode Iteration 74: Time: 15.0370ms, tok/s/user: 66.50, Throughput: 2128.08 tok/s
2026-08-29 11:23:08.389 | INFO     | models.demos.llama3_70b_galaxy.demo.text_demo:test_demo_text:1479 - Decode Iteration 75: Time: 15.0240ms, tok/s/user: 66.56, Throughput: 2129.93 tok/s
2026-08-29 11:23:08.404 | INFO     | models.demos.llama3_70b_galaxy.demo.text_demo:test_demo_text:1479 - Decode Iteration 76: Time: 15.0430ms, tok/s/user: 66.48, Throughput: 2127.24 tok/s
2026-08-29 11:23:08.419 | INFO     | models.demos.llama3_70b_galaxy.demo.text_demo:test_demo_text:1479 - Decode Iteration 77: Time: 14.9580ms, tok/s/user: 66.85, Throughput: 2139.32 tok/s
2026-08-29 11:23:08.435 | INFO     | models.demos.llama3_70b_galaxy.demo.text_demo:test_demo_text:1479 - Decode Iteration 78: Time: 15.0470ms, tok/s/user: 66.46, Throughput: 2126.67 tok/s
2026-08-29 11:23:08.450 | INFO     | models.demos.llama3_70b_galaxy.demo.text_demo:test_demo_text:1479 - Decode Iteration 79: Time: 14.9350ms, tok/s/user: 66.96, Throughput: 2142.62 tok/s
2026-08-29 11:23:08.465 | INFO     | models.demos.llama3_70b_galaxy.demo.text_demo:test_demo_text:1479 - Decode Iteration 80: Time: 15.1660ms, tok/s/user: 65.94, Throughput: 2109.98 tok/s
2026-08-29 11:23:08.480 | INFO     | models.demos.llama3_70b_galaxy.demo.text_demo:test_demo_text:1479 - Decode Iteration 81: Time: 15.1360ms, tok/s/user: 66.07, Throughput: 2114.16 tok/s
2026-08-29 11:23:08.495 | INFO     | models.demos.llama3_70b_galaxy.demo.text_demo:test_demo_text:1479 - Decode Iteration 82: Time: 14.6890ms, tok/s/user: 68.08, Throughput: 2178.50 tok/s
2026-08-29 11:23:08.511 | INFO     | models.demos.llama3_70b_galaxy.demo.text_demo:test_demo_text:1479 - Decode Iteration 83: Time: 15.5170ms, tok/s/user: 64.45, Throughput: 2062.25 tok/s
2026-08-29 11:23:08.526 | INFO     | models.demos.llama3_70b_galaxy.demo.text_demo:test_demo_text:1479 - Decode Iteration 84: Time: 14.6210ms, tok/s/user: 68.39, Throughput: 2188.63 tok/s
2026-08-29 11:23:08.541 | INFO     | models.demos.llama3_70b_galaxy.demo.text_demo:test_demo_text:1479 - Decode Iteration 85: Time: 14.9330ms, tok/s/user: 66.97, Throughput: 2142.90 tok/s
2026-08-29 11:23:08.556 | INFO     | models.demos.llama3_70b_galaxy.demo.text_demo:test_demo_text:1479 - Decode Iteration 86: Time: 15.2390ms, tok/s/user: 65.62, Throughput: 2099.88 tok/s
2026-08-29 11:23:08.572 | INFO     | models.demos.llama3_70b_galaxy.demo.text_demo:test_demo_text:1479 - Decode Iteration 87: Time: 14.8430ms, tok/s/user: 67.37, Throughput: 2155.90 tok/s
2026-08-29 11:23:08.587 | INFO     | models.demos.llama3_70b_galaxy.demo.text_demo:test_demo_text:1479 - Decode Iteration 88: Time: 14.9820ms, tok/s/user: 66.75, Throughput: 2135.90 tok/s
2026-08-29 11:23:08.602 | INFO     | models.demos.llama3_70b_galaxy.demo.text_demo:test_demo_text:1479 - Decode Iteration 89: Time: 15.0340ms, tok/s/user: 66.52, Throughput: 2128.51 tok/s
2026-08-29 11:23:08.617 | INFO     | models.demos.llama3_70b_galaxy.demo.text_demo:test_demo_text:1479 - Decode Iteration 90: Time: 15.0420ms, tok/s/user: 66.48, Throughput: 2127.38 tok/s
2026-08-29 11:23:08.632 | INFO     | models.demos.llama3_70b_galaxy.demo.text_demo:test_demo_text:1479 - Decode Iteration 91: Time: 14.9580ms, tok/s/user: 66.85, Throughput: 2139.32 tok/s
2026-08-29 11:23:08.647 | INFO     | models.demos.llama3_70b_galaxy.demo.text_demo:test_demo_text:1479 - Decode Iteration 92: Time: 15.0400ms, tok/s/user: 66.49, Throughput: 2127.66 tok/s
2026-08-29 11:23:08.663 | INFO     | models.demos.llama3_70b_galaxy.demo.text_demo:test_demo_text:1479 - Decode Iteration 93: Time: 14.9520ms, tok/s/user: 66.88, Throughput: 2140.18 tok/s
2026-08-29 11:23:08.678 | INFO     | models.demos.llama3_70b_galaxy.demo.text_demo:test_demo_text:1479 - Decode Iteration 94: Time: 15.3970ms, tok/s/user: 64.95, Throughput: 2078.33 tok/s
2026-08-29 11:23:08.693 | INFO     | models.demos.llama3_70b_galaxy.demo.text_demo:test_demo_text:1479 - Decode Iteration 95: Time: 14.5380ms, tok/s/user: 68.79, Throughput: 2201.13 tok/s
2026-08-29 11:23:08.708 | INFO     | models.demos.llama3_70b_galaxy.demo.text_demo:test_demo_text:1479 - Decode Iteration 96: Time: 15.0100ms, tok/s/user: 66.62, Throughput: 2131.91 tok/s
2026-08-29 11:23:08.723 | INFO     | models.demos.llama3_70b_galaxy.demo.text_demo:test_demo_text:1479 - Decode Iteration 97: Time: 15.0430ms, tok/s/user: 66.48, Throughput: 2127.24 tok/s
2026-08-29 11:23:08.739 | INFO     | models.demos.llama3_70b_galaxy.demo.text_demo:test_demo_text:1479 - Decode Iteration 98: Time: 15.0110ms, tok/s/user: 66.62, Throughput: 2131.77 tok/s
2026-08-29 11:23:08.754 | INFO     | models.demos.llama3_70b_galaxy.demo.text_demo:test_demo_text:1479 - Decode Iteration 99: Time: 15.2240ms, tok/s/user: 65.69, Throughput: 2101.94 tok/s
2026-08-29 11:23:08.769 | INFO     | models.demos.llama3_70b_galaxy.demo.text_demo:test_demo_text:1479 - Decode Iteration 100: Time: 14.8760ms, tok/s/user: 67.22, Throughput: 2151.12 tok/s
2026-08-29 11:23:08.784 | INFO     | models.demos.llama3_70b_galaxy.demo.text_demo:test_demo_text:1479 - Decode Iteration 101: Time: 14.6880ms, tok/s/user: 68.08, Throughput: 2178.65 tok/s
2026-08-29 11:23:08.800 | INFO     | models.demos.llama3_70b_galaxy.demo.text_demo:test_demo_text:1479 - Decode Iteration 102: Time: 15.2530ms, tok/s/user: 65.56, Throughput: 2097.95 tok/s
2026-08-29 11:23:08.815 | INFO     | models.demos.llama3_70b_galaxy.demo.text_demo:test_demo_text:1479 - Decode Iteration 103: Time: 14.6730ms, tok/s/user: 68.15, Throughput: 2180.88 tok/s
2026-08-29 11:23:08.830 | INFO     | models.demos.llama3_70b_galaxy.demo.text_demo:test_demo_text:1479 - Decode Iteration 104: Time: 14.9820ms, tok/s/user: 66.75, Throughput: 2135.90 tok/s
2026-08-29 11:23:08.845 | INFO     | models.demos.llama3_70b_galaxy.demo.text_demo:test_demo_text:1479 - Decode Iteration 105: Time: 14.9750ms, tok/s/user: 66.78, Throughput: 2136.89 tok/s
2026-08-29 11:23:08.860 | INFO     | models.demos.llama3_70b_galaxy.demo.text_demo:test_demo_text:1479 - Decode Iteration 106: Time: 15.2440ms, tok/s/user: 65.60, Throughput: 2099.19 tok/s
2026-08-29 11:23:08.875 | INFO     | models.demos.llama3_70b_galaxy.demo.text_demo:test_demo_text:1479 - Decode Iteration 107: Time: 14.6720ms, tok/s/user: 68.16, Throughput: 2181.03 tok/s
2026-08-29 11:23:08.891 | INFO     | models.demos.llama3_70b_galaxy.demo.text_demo:test_demo_text:1479 - Decode Iteration 108: Time: 15.0610ms, tok/s/user: 66.40, Throughput: 2124.69 tok/s
2026-08-29 11:23:08.906 | INFO     | models.demos.llama3_70b_galaxy.demo.text_demo:test_demo_text:1479 - Decode Iteration 109: Time: 15.1890ms, tok/s/user: 65.84, Throughput: 2106.79 tok/s
2026-08-29 11:23:08.921 | INFO     | models.demos.llama3_70b_galaxy.demo.text_demo:test_demo_text:1479 - Decode Iteration 110: Time: 14.7100ms, tok/s/user: 67.98, Throughput: 2175.39 tok/s
2026-08-29 11:23:08.936 | INFO     | models.demos.llama3_70b_galaxy.demo.text_demo:test_demo_text:1479 - Decode Iteration 111: Time: 14.9210ms, tok/s/user: 67.02, Throughput: 2144.63 tok/s
2026-08-29 11:23:08.951 | INFO     | models.demos.llama3_70b_galaxy.demo.text_demo:test_demo_text:1479 - Decode Iteration 112: Time: 14.9990ms, tok/s/user: 66.67, Throughput: 2133.48 tok/s
2026-08-29 11:23:08.967 | INFO     | models.demos.llama3_70b_galaxy.demo.text_demo:test_demo_text:1479 - Decode Iteration 113: Time: 15.0290ms, tok/s/user: 66.54, Throughput: 2129.22 tok/s
2026-08-29 11:23:08.982 | INFO     | models.demos.llama3_70b_galaxy.demo.text_demo:test_demo_text:1479 - Decode Iteration 114: Time: 15.0950ms, tok/s/user: 66.25, Throughput: 2119.91 tok/s
2026-08-29 11:23:08.997 | INFO     | models.demos.llama3_70b_galaxy.demo.text_demo:test_demo_text:1479 - Decode Iteration 115: Time: 14.9750ms, tok/s/user: 66.78, Throughput: 2136.89 tok/s
2026-08-29 11:23:09.012 | INFO     | models.demos.llama3_70b_galaxy.demo.text_demo:test_demo_text:1479 - Decode Iteration 116: Time: 15.1940ms, tok/s/user: 65.82, Throughput: 2106.09 tok/s
2026-08-29 11:23:09.027 | INFO     | models.demos.llama3_70b_galaxy.demo.text_demo:test_demo_text:1479 - Decode Iteration 117: Time: 14.8650ms, tok/s/user: 67.27, Throughput: 2152.71 tok/s
2026-08-29 11:23:09.043 | INFO     | models.demos.llama3_70b_galaxy.demo.text_demo:test_demo_text:1479 - Decode Iteration 118: Time: 14.8480ms, tok/s/user: 67.35, Throughput: 2155.17 tok/s
2026-08-29 11:23:09.058 | INFO     | models.demos.llama3_70b_galaxy.demo.text_demo:test_demo_text:1479 - Decode Iteration 119: Time: 14.8220ms, tok/s/user: 67.47, Throughput: 2158.95 tok/s
2026-08-29 11:23:09.073 | INFO     | models.demos.llama3_70b_galaxy.demo.text_demo:test_demo_text:1479 - Decode Iteration 120: Time: 15.1750ms, tok/s/user: 65.90, Throughput: 2108.73 tok/s
2026-08-29 11:23:09.088 | INFO     | models.demos.llama3_70b_galaxy.demo.text_demo:test_demo_text:1479 - Decode Iteration 121: Time: 14.7550ms, tok/s/user: 67.77, Throughput: 2168.76 tok/s
2026-08-29 11:23:09.103 | INFO     | models.demos.llama3_70b_galaxy.demo.text_demo:test_demo_text:1479 - Decode Iteration 122: Time: 15.0110ms, tok/s/user: 66.62, Throughput: 2131.77 tok/s
2026-08-29 11:23:09.118 | INFO     | models.demos.llama3_70b_galaxy.demo.text_demo:test_demo_text:1479 - Decode Iteration 123: Time: 15.0010ms, tok/s/user: 66.66, Throughput: 2133.19 tok/s
2026-08-29 11:23:09.134 | INFO     | models.demos.llama3_70b_galaxy.demo.text_demo:test_demo_text:1479 - Decode Iteration 124: Time: 15.0440ms, tok/s/user: 66.47, Throughput: 2127.09 tok/s
2026-08-29 11:23:09.149 | INFO     | models.demos.llama3_70b_galaxy.demo.text_demo:test_demo_text:1479 - Decode Iteration 125: Time: 15.0320ms, tok/s/user: 66.52, Throughput: 2128.79 tok/s
2026-08-29 11:23:09.164 | INFO     | models.demos.llama3_70b_galaxy.demo.text_demo:test_demo_text:1479 - Decode Iteration 126: Time: 15.0730ms, tok/s/user: 66.34, Throughput: 2123.00 tok/s
2026-08-29 11:23:09.179 | INFO     | models.demos.llama3_70b_galaxy.demo.text_demo:test_demo_text:1479 - Decode Iteration 127: Time: 14.9830ms, tok/s/user: 66.74, Throughput: 2135.75 tok/s
2026-08-29 11:23:09.179 | INFO     | models.demos.llama3_70b_galaxy.demo.text_demo:test_demo_text:1508 - Finished decoding, printing the final outputs...

2026-08-29 11:23:09.180 | INFO     | models.demos.llama3_70b_galaxy.demo.text_demo:test_demo_text:1527 -
==REPEAT BATCH 0
==USER 0 - PROMPT
What is your favorite condiment? There are so many condiments to choose from, each bringing its uniq
<long prompt not printed in full>
 what your favorite condiment is and why you love it. Does it remind you of a specific dish or meal?
==USER 0 - OUTPUT
As a digital AI assistant, I don't have personal preferences, taste buds, or experiences. I exist solely to provide information and assist with inquiries. However, I can certainly discuss the various condiments you've mentioned and their uses in different cuisines!

Each condiment you've listed has its unique characteristics and uses. Ketchup is a classic pairing for fries, burgers, and scrambled eggs. Mayonnaise is a versatile condiment used in sandwiches, salads, and as a dip. Mustard adds a pungent flavor to hot dogs, burgers, and sandwiches. Sriracha and hoisin sauce are popular in Asian cuisine

2026-08-29 11:23:09.180 | INFO     | models.demos.llama3_70b_galaxy.demo.text_demo:test_demo_text:1527 -
==REPEAT BATCH 0
==USER 1 - PROMPT
What is your favorite condiment? There are so many condiments to choose from, each bringing its uniq
<long prompt not printed in full>
 what your favorite condiment is and why you love it. Does it remind you of a specific dish or meal?
==USER 1 - OUTPUT
As a digital AI assistant, I don't have personal preferences, taste buds, or experiences. I exist solely to provide information and assist with inquiries. However, I can certainly discuss the various condiments you've mentioned and their uses in different cuisines!

Each condiment you've listed has its unique characteristics and uses. Ketchup is a classic pairing for fries, burgers, and scrambled eggs. Mayonnaise is a versatile condiment used in sandwiches, salads, and as a dip. Mustard adds a pungent flavor to hot dogs, burgers, and sandwiches. Sriracha and hoisin sauce are popular in Asian cuisine

2026-08-29 11:23:09.181 | INFO     | models.demos.llama3_70b_galaxy.demo.text_demo:test_demo_text:1527 -
==REPEAT BATCH 0
==USER 2 - PROMPT
What is your favorite condiment? There are so many condiments to choose from, each bringing its uniq
<long prompt not printed in full>
 what your favorite condiment is and why you love it. Does it remind you of a specific dish or meal?
==USER 2 - OUTPUT
As a digital AI assistant, I don't have personal preferences, taste buds, or experiences. I exist solely to provide information and assist with inquiries. However, I can certainly discuss the various condiments you've mentioned and their uses in different cuisines!

Each condiment you've listed has its unique characteristics and uses. Ketchup is a classic pairing for fries, burgers, and scrambled eggs. Mayonnaise is a versatile condiment used in sandwiches, salads, and as a dip. Mustard adds a pungent flavor to hot dogs, burgers, and sandwiches. Sriracha and hoisin sauce are popular in Asian cuisine

2026-08-29 11:23:09.181 | INFO     | models.demos.llama3_70b_galaxy.demo.text_demo:test_demo_text:1527 -
==REPEAT BATCH 0
==USER 3 - PROMPT
What is your favorite condiment? There are so many condiments to choose from, each bringing its uniq
<long prompt not printed in full>
 what your favorite condiment is and why you love it. Does it remind you of a specific dish or meal?
==USER 3 - OUTPUT
As a digital AI assistant, I don't have personal preferences, taste buds, or experiences. I exist solely to provide information and assist with inquiries. However, I can certainly discuss the various condiments you've mentioned and their uses in different cuisines!

Each condiment you've listed has its unique characteristics and uses. Ketchup is a classic pairing for fries, burgers, and scrambled eggs. Mayonnaise is a versatile condiment used in sandwiches, salads, and as a dip. Mustard adds a pungent flavor to hot dogs, burgers, and sandwiches. Sriracha and hoisin sauce are popular in Asian cuisine

2026-08-29 11:23:09.181 | INFO     | models.demos.llama3_70b_galaxy.demo.text_demo:test_demo_text:1527 -
==REPEAT BATCH 0
==USER 4 - PROMPT
What is your favorite condiment? There are so many condiments to choose from, each bringing its uniq
<long prompt not printed in full>
 what your favorite condiment is and why you love it. Does it remind you of a specific dish or meal?
==USER 4 - OUTPUT
As a digital AI assistant, I don't have personal preferences, taste buds, or experiences. I exist solely to provide information and assist with inquiries. However, I can certainly discuss the various condiments you've mentioned and their uses in different cuisines!

Each condiment you've listed has its unique characteristics and uses. Ketchup is a classic pairing for fries, burgers, and scrambled eggs. Mayonnaise is a versatile condiment used in sandwiches, salads, and as a dip. Mustard adds a pungent flavor to hot dogs, burgers, and sandwiches. Sriracha and hoisin sauce are popular in Asian cuisine

2026-08-29 11:23:09.182 | INFO     | models.demos.llama3_70b_galaxy.demo.text_demo:test_demo_text:1527 -
==REPEAT BATCH 0
==USER 5 - PROMPT
What is your favorite condiment? There are so many condiments to choose from, each bringing its uniq
<long prompt not printed in full>
 what your favorite condiment is and why you love it. Does it remind you of a specific dish or meal?
==USER 5 - OUTPUT
As a digital AI assistant, I don't have personal preferences, taste buds, or experiences. I exist solely to provide information and assist with inquiries. However, I can certainly discuss the various condiments you've mentioned and their uses in different cuisines!

Each condiment you've listed has its unique characteristics and uses. Ketchup is a classic pairing for fries, burgers, and scrambled eggs. Mayonnaise is a versatile condiment used in sandwiches, salads, and as a dip. Mustard adds a pungent flavor to hot dogs, burgers, and sandwiches. Sriracha and hoisin sauce are popular in Asian cuisine

2026-08-29 11:23:09.182 | INFO     | models.demos.llama3_70b_galaxy.demo.text_demo:test_demo_text:1527 -
==REPEAT BATCH 0
==USER 6 - PROMPT
What is your favorite condiment? There are so many condiments to choose from, each bringing its uniq
<long prompt not printed in full>
 what your favorite condiment is and why you love it. Does it remind you of a specific dish or meal?
==USER 6 - OUTPUT
As a digital AI assistant, I don't have personal preferences, taste buds, or experiences. I exist solely to provide information and assist with inquiries. However, I can certainly discuss the various condiments you've mentioned and their uses in different cuisines!

Each condiment you've listed has its unique characteristics and uses. Ketchup is a classic pairing for fries, burgers, and scrambled eggs. Mayonnaise is a versatile condiment used in sandwiches, salads, and as a dip. Mustard adds a pungent flavor to hot dogs, burgers, and sandwiches. Sriracha and hoisin sauce are popular in Asian cuisine

2026-08-29 11:23:09.182 | INFO     | models.demos.llama3_70b_galaxy.demo.text_demo:test_demo_text:1527 -
==REPEAT BATCH 0
==USER 7 - PROMPT
What is your favorite condiment? There are so many condiments to choose from, each bringing its uniq
<long prompt not printed in full>
 what your favorite condiment is and why you love it. Does it remind you of a specific dish or meal?
==USER 7 - OUTPUT
As a digital AI assistant, I don't have personal preferences, taste buds, or experiences. I exist solely to provide information and assist with inquiries. However, I can certainly discuss the various condiments you've mentioned and their uses in different cuisines!

Each condiment you've listed has its unique characteristics and uses. Ketchup is a classic pairing for fries, burgers, and scrambled eggs. Mayonnaise is a versatile condiment used in sandwiches, salads, and as a dip. Mustard adds a pungent flavor to hot dogs, burgers, and sandwiches. Sriracha and hoisin sauce are popular in Asian cuisine

2026-08-29 11:23:09.182 | INFO     | models.demos.llama3_70b_galaxy.demo.text_demo:test_demo_text:1527 -
==REPEAT BATCH 0
==USER 8 - PROMPT
What is your favorite condiment? There are so many condiments to choose from, each bringing its uniq
<long prompt not printed in full>
 what your favorite condiment is and why you love it. Does it remind you of a specific dish or meal?
==USER 8 - OUTPUT
As a digital AI assistant, I don't have personal preferences, taste buds, or experiences. I exist solely to provide information and assist with inquiries. However, I can certainly discuss the various condiments you've mentioned and their uses in different cuisines!

Each condiment you've listed has its unique characteristics and uses. Ketchup is a classic pairing for fries, burgers, and scrambled eggs. Mayonnaise is a versatile condiment used in sandwiches, salads, and as a dip. Mustard adds a pungent flavor to hot dogs, burgers, and sandwiches. Sriracha and hoisin sauce are popular in Asian cuisine

2026-08-29 11:23:09.183 | INFO     | models.demos.llama3_70b_galaxy.demo.text_demo:test_demo_text:1527 -
==REPEAT BATCH 0
==USER 9 - PROMPT
What is your favorite condiment? There are so many condiments to choose from, each bringing its uniq
<long prompt not printed in full>
 what your favorite condiment is and why you love it. Does it remind you of a specific dish or meal?
==USER 9 - OUTPUT
As a digital AI assistant, I don't have personal preferences, taste buds, or experiences. I exist solely to provide information and assist with inquiries. However, I can certainly discuss the various condiments you've mentioned and their uses in different cuisines!

Each condiment you've listed has its unique characteristics and uses. Ketchup is a classic pairing for fries, burgers, and scrambled eggs. Mayonnaise is a versatile condiment used in sandwiches, salads, and as a dip. Mustard adds a pungent flavor to hot dogs, burgers, and sandwiches. Sriracha and hoisin sauce are popular in Asian cuisine

2026-08-29 11:23:09.183 | INFO     | models.demos.llama3_70b_galaxy.demo.text_demo:test_demo_text:1527 -
==REPEAT BATCH 0
==USER 10 - PROMPT
What is your favorite condiment? There are so many condiments to choose from, each bringing its uniq
<long prompt not printed in full>
 what your favorite condiment is and why you love it. Does it remind you of a specific dish or meal?
==USER 10 - OUTPUT
As a digital AI assistant, I don't have personal preferences, taste buds, or experiences. I exist solely to provide information and assist with inquiries. However, I can certainly discuss the various condiments you've mentioned and their uses in different cuisines!

Each condiment you've listed has its unique characteristics and uses. Ketchup is a classic pairing for fries, burgers, and scrambled eggs. Mayonnaise is a versatile condiment used in sandwiches, salads, and as a dip. Mustard adds a pungent flavor to hot dogs, burgers, and sandwiches. Sriracha and hoisin sauce are popular in Asian cuisine

2026-08-29 11:23:09.183 | INFO     | models.demos.llama3_70b_galaxy.demo.text_demo:test_demo_text:1527 -
==REPEAT BATCH 0
==USER 11 - PROMPT
What is your favorite condiment? There are so many condiments to choose from, each bringing its uniq
<long prompt not printed in full>
 what your favorite condiment is and why you love it. Does it remind you of a specific dish or meal?
==USER 11 - OUTPUT
As a digital AI assistant, I don't have personal preferences, taste buds, or experiences. I exist solely to provide information and assist with inquiries. However, I can certainly discuss the various condiments you've mentioned and their uses in different cuisines!

Each condiment you've listed has its unique characteristics and uses. Ketchup is a classic pairing for fries, burgers, and scrambled eggs. Mayonnaise is a versatile condiment used in sandwiches, salads, and as a dip. Mustard adds a pungent flavor to hot dogs, burgers, and sandwiches. Sriracha and hoisin sauce are popular in Asian cuisine

2026-08-29 11:23:09.183 | INFO     | models.demos.llama3_70b_galaxy.demo.text_demo:test_demo_text:1527 -
==REPEAT BATCH 0
==USER 12 - PROMPT
What is your favorite condiment? There are so many condiments to choose from, each bringing its uniq
<long prompt not printed in full>
 what your favorite condiment is and why you love it. Does it remind you of a specific dish or meal?
==USER 12 - OUTPUT
As a digital AI assistant, I don't have personal preferences, taste buds, or experiences. I exist solely to provide information and assist with inquiries. However, I can certainly discuss the various condiments you've mentioned and their uses in different cuisines!

Each condiment you've listed has its unique characteristics and uses. Ketchup is a classic pairing for fries, burgers, and scrambled eggs. Mayonnaise is a versatile condiment used in sandwiches, salads, and as a dip. Mustard adds a pungent flavor to hot dogs, burgers, and sandwiches. Sriracha and hoisin sauce are popular in Asian cuisine

2026-08-29 11:23:09.184 | INFO     | models.demos.llama3_70b_galaxy.demo.text_demo:test_demo_text:1527 -
==REPEAT BATCH 0
==USER 13 - PROMPT
What is your favorite condiment? There are so many condiments to choose from, each bringing its uniq
<long prompt not printed in full>
 what your favorite condiment is and why you love it. Does it remind you of a specific dish or meal?
==USER 13 - OUTPUT
As a digital AI assistant, I don't have personal preferences, taste buds, or experiences. I exist solely to provide information and assist with inquiries. However, I can certainly discuss the various condiments you've mentioned and their uses in different cuisines!

Each condiment you've listed has its unique characteristics and uses. Ketchup is a classic pairing for fries, burgers, and scrambled eggs. Mayonnaise is a versatile condiment used in sandwiches, salads, and as a dip. Mustard adds a pungent flavor to hot dogs, burgers, and sandwiches. Sriracha and hoisin sauce are popular in Asian cuisine

2026-08-29 11:23:09.184 | INFO     | models.demos.llama3_70b_galaxy.demo.text_demo:test_demo_text:1527 -
==REPEAT BATCH 0
==USER 14 - PROMPT
What is your favorite condiment? There are so many condiments to choose from, each bringing its uniq
<long prompt not printed in full>
 what your favorite condiment is and why you love it. Does it remind you of a specific dish or meal?
==USER 14 - OUTPUT
As a digital AI assistant, I don't have personal preferences, taste buds, or experiences. I exist solely to provide information and assist with inquiries. However, I can certainly discuss the various condiments you've mentioned and their uses in different cuisines!

Each condiment you've listed has its unique characteristics and uses. Ketchup is a classic pairing for fries, burgers, and scrambled eggs. Mayonnaise is a versatile condiment used in sandwiches, salads, and as a dip. Mustard adds a pungent flavor to hot dogs, burgers, and sandwiches. Sriracha and hoisin sauce are popular in Asian cuisine

2026-08-29 11:23:09.184 | INFO     | models.demos.llama3_70b_galaxy.demo.text_demo:test_demo_text:1527 -
==REPEAT BATCH 0
==USER 15 - PROMPT
What is your favorite condiment? There are so many condiments to choose from, each bringing its uniq
<long prompt not printed in full>
 what your favorite condiment is and why you love it. Does it remind you of a specific dish or meal?
==USER 15 - OUTPUT
As a digital AI assistant, I don't have personal preferences, taste buds, or experiences. I exist solely to provide information and assist with inquiries. However, I can certainly discuss the various condiments you've mentioned and their uses in different cuisines!

Each condiment you've listed has its unique characteristics and uses. Ketchup is a classic pairing for fries, burgers, and scrambled eggs. Mayonnaise is a versatile condiment used in sandwiches, salads, and as a dip. Mustard adds a pungent flavor to hot dogs, burgers, and sandwiches. Sriracha and hoisin sauce are popular in Asian cuisine

2026-08-29 11:23:09.185 | INFO     | models.demos.llama3_70b_galaxy.demo.text_demo:test_demo_text:1527 -
==REPEAT BATCH 0
==USER 16 - PROMPT
What is your favorite condiment? There are so many condiments to choose from, each bringing its uniq
<long prompt not printed in full>
 what your favorite condiment is and why you love it. Does it remind you of a specific dish or meal?
==USER 16 - OUTPUT
As a digital AI assistant, I don't have personal preferences, taste buds, or experiences. I exist solely to provide information and assist with inquiries. However, I can certainly discuss the various condiments you've mentioned and their uses in different cuisines!

Each condiment you've listed has its unique characteristics and uses. Ketchup is a classic pairing for fries, burgers, and scrambled eggs. Mayonnaise is a versatile condiment used in sandwiches, salads, and as a dip. Mustard adds a pungent flavor to hot dogs, burgers, and sandwiches. Sriracha and hoisin sauce are popular in Asian cuisine

2026-08-29 11:23:09.185 | INFO     | models.demos.llama3_70b_galaxy.demo.text_demo:test_demo_text:1527 -
==REPEAT BATCH 0
==USER 17 - PROMPT
What is your favorite condiment? There are so many condiments to choose from, each bringing its uniq
<long prompt not printed in full>
 what your favorite condiment is and why you love it. Does it remind you of a specific dish or meal?
==USER 17 - OUTPUT
As a digital AI assistant, I don't have personal preferences, taste buds, or experiences. I exist solely to provide information and assist with inquiries. However, I can certainly discuss the various condiments you've mentioned and their uses in different cuisines!

Each condiment you've listed has its unique characteristics and uses. Ketchup is a classic pairing for fries, burgers, and scrambled eggs. Mayonnaise is a versatile condiment used in sandwiches, salads, and as a dip. Mustard adds a pungent flavor to hot dogs, burgers, and sandwiches. Sriracha and hoisin sauce are popular in Asian cuisine

2026-08-29 11:23:09.185 | INFO     | models.demos.llama3_70b_galaxy.demo.text_demo:test_demo_text:1527 -
==REPEAT BATCH 0
==USER 18 - PROMPT
What is your favorite condiment? There are so many condiments to choose from, each bringing its uniq
<long prompt not printed in full>
 what your favorite condiment is and why you love it. Does it remind you of a specific dish or meal?
==USER 18 - OUTPUT
As a digital AI assistant, I don't have personal preferences, taste buds, or experiences. I exist solely to provide information and assist with inquiries. However, I can certainly discuss the various condiments you've mentioned and their uses in different cuisines!

Each condiment you've listed has its unique characteristics and uses. Ketchup is a classic pairing for fries, burgers, and scrambled eggs. Mayonnaise is a versatile condiment used in sandwiches, salads, and as a dip. Mustard adds a pungent flavor to hot dogs, burgers, and sandwiches. Sriracha and hoisin sauce are popular in Asian cuisine

2026-08-29 11:23:09.185 | INFO     | models.demos.llama3_70b_galaxy.demo.text_demo:test_demo_text:1527 -
==REPEAT BATCH 0
==USER 19 - PROMPT
What is your favorite condiment? There are so many condiments to choose from, each bringing its uniq
<long prompt not printed in full>
 what your favorite condiment is and why you love it. Does it remind you of a specific dish or meal?
==USER 19 - OUTPUT
As a digital AI assistant, I don't have personal preferences, taste buds, or experiences. I exist solely to provide information and assist with inquiries. However, I can certainly discuss the various condiments you've mentioned and their uses in different cuisines!

Each condiment you've listed has its unique characteristics and uses. Ketchup is a classic pairing for fries, burgers, and scrambled eggs. Mayonnaise is a versatile condiment used in sandwiches, salads, and as a dip. Mustard adds a pungent flavor to hot dogs, burgers, and sandwiches. Sriracha and hoisin sauce are popular in Asian cuisine

2026-08-29 11:23:09.186 | INFO     | models.demos.llama3_70b_galaxy.demo.text_demo:test_demo_text:1527 -
==REPEAT BATCH 0
==USER 20 - PROMPT
What is your favorite condiment? There are so many condiments to choose from, each bringing its uniq
<long prompt not printed in full>
 what your favorite condiment is and why you love it. Does it remind you of a specific dish or meal?
==USER 20 - OUTPUT
As a digital AI assistant, I don't have personal preferences, taste buds, or experiences. I exist solely to provide information and assist with inquiries. However, I can certainly discuss the various condiments you've mentioned and their uses in different cuisines!

Each condiment you've listed has its unique characteristics and uses. Ketchup is a classic pairing for fries, burgers, and scrambled eggs. Mayonnaise is a versatile condiment used in sandwiches, salads, and as a dip. Mustard adds a pungent flavor to hot dogs, burgers, and sandwiches. Sriracha and hoisin sauce are popular in Asian cuisine

2026-08-29 11:23:09.186 | INFO     | models.demos.llama3_70b_galaxy.demo.text_demo:test_demo_text:1527 -
==REPEAT BATCH 0
==USER 21 - PROMPT
What is your favorite condiment? There are so many condiments to choose from, each bringing its uniq
<long prompt not printed in full>
 what your favorite condiment is and why you love it. Does it remind you of a specific dish or meal?
==USER 21 - OUTPUT
As a digital AI assistant, I don't have personal preferences, taste buds, or experiences. I exist solely to provide information and assist with inquiries. However, I can certainly discuss the various condiments you've mentioned and their uses in different cuisines!

Each condiment you've listed has its unique characteristics and uses. Ketchup is a classic pairing for fries, burgers, and scrambled eggs. Mayonnaise is a versatile condiment used in sandwiches, salads, and as a dip. Mustard adds a pungent flavor to hot dogs, burgers, and sandwiches. Sriracha and hoisin sauce are popular in Asian cuisine

2026-08-29 11:23:09.186 | INFO     | models.demos.llama3_70b_galaxy.demo.text_demo:test_demo_text:1527 -
==REPEAT BATCH 0
==USER 22 - PROMPT
What is your favorite condiment? There are so many condiments to choose from, each bringing its uniq
<long prompt not printed in full>
 what your favorite condiment is and why you love it. Does it remind you of a specific dish or meal?
==USER 22 - OUTPUT
As a digital AI assistant, I don't have personal preferences, taste buds, or experiences. I exist solely to provide information and assist with inquiries. However, I can certainly discuss the various condiments you've mentioned and their uses in different cuisines!

Each condiment you've listed has its unique characteristics and uses. Ketchup is a classic pairing for fries, burgers, and scrambled eggs. Mayonnaise is a versatile condiment used in sandwiches, salads, and as a dip. Mustard adds a pungent flavor to hot dogs, burgers, and sandwiches. Sriracha and hoisin sauce are popular in Asian cuisine

2026-08-29 11:23:09.187 | INFO     | models.demos.llama3_70b_galaxy.demo.text_demo:test_demo_text:1527 -
==REPEAT BATCH 0
==USER 23 - PROMPT
What is your favorite condiment? There are so many condiments to choose from, each bringing its uniq
<long prompt not printed in full>
 what your favorite condiment is and why you love it. Does it remind you of a specific dish or meal?
==USER 23 - OUTPUT
As a digital AI assistant, I don't have personal preferences, taste buds, or experiences. I exist solely to provide information and assist with inquiries. However, I can certainly discuss the various condiments you've mentioned and their uses in different cuisines!

Each condiment you've listed has its unique characteristics and uses. Ketchup is a classic pairing for fries, burgers, and scrambled eggs. Mayonnaise is a versatile condiment used in sandwiches, salads, and as a dip. Mustard adds a pungent flavor to hot dogs, burgers, and sandwiches. Sriracha and hoisin sauce are popular in Asian cuisine

2026-08-29 11:23:09.187 | INFO     | models.demos.llama3_70b_galaxy.demo.text_demo:test_demo_text:1527 -
==REPEAT BATCH 0
==USER 24 - PROMPT
What is your favorite condiment? There are so many condiments to choose from, each bringing its uniq
<long prompt not printed in full>
 what your favorite condiment is and why you love it. Does it remind you of a specific dish or meal?
==USER 24 - OUTPUT
As a digital AI assistant, I don't have personal preferences, taste buds, or experiences. I exist solely to provide information and assist with inquiries. However, I can certainly discuss the various condiments you've mentioned and their uses in different cuisines!

Each condiment you've listed has its unique characteristics and uses. Ketchup is a classic pairing for fries, burgers, and scrambled eggs. Mayonnaise is a versatile condiment used in sandwiches, salads, and as a dip. Mustard adds a pungent flavor to hot dogs, burgers, and sandwiches. Sriracha and hoisin sauce are popular in Asian cuisine

2026-08-29 11:23:09.187 | INFO     | models.demos.llama3_70b_galaxy.demo.text_demo:test_demo_text:1527 -
==REPEAT BATCH 0
==USER 25 - PROMPT
What is your favorite condiment? There are so many condiments to choose from, each bringing its uniq
<long prompt not printed in full>
 what your favorite condiment is and why you love it. Does it remind you of a specific dish or meal?
==USER 25 - OUTPUT
As a digital AI assistant, I don't have personal preferences, taste buds, or experiences. I exist solely to provide information and assist with inquiries. However, I can certainly discuss the various condiments you've mentioned and their uses in different cuisines!

Each condiment you've listed has its unique characteristics and uses. Ketchup is a classic pairing for fries, burgers, and scrambled eggs. Mayonnaise is a versatile condiment used in sandwiches, salads, and as a dip. Mustard adds a pungent flavor to hot dogs, burgers, and sandwiches. Sriracha and hoisin sauce are popular in Asian cuisine

2026-08-29 11:23:09.187 | INFO     | models.demos.llama3_70b_galaxy.demo.text_demo:test_demo_text:1527 -
==REPEAT BATCH 0
==USER 26 - PROMPT
What is your favorite condiment? There are so many condiments to choose from, each bringing its uniq
<long prompt not printed in full>
 what your favorite condiment is and why you love it. Does it remind you of a specific dish or meal?
==USER 26 - OUTPUT
As a digital AI assistant, I don't have personal preferences, taste buds, or experiences. I exist solely to provide information and assist with inquiries. However, I can certainly discuss the various condiments you've mentioned and their uses in different cuisines!

Each condiment you've listed has its unique characteristics and uses. Ketchup is a classic pairing for fries, burgers, and scrambled eggs. Mayonnaise is a versatile condiment used in sandwiches, salads, and as a dip. Mustard adds a pungent flavor to hot dogs, burgers, and sandwiches. Sriracha and hoisin sauce are popular in Asian cuisine

2026-08-29 11:23:09.188 | INFO     | models.demos.llama3_70b_galaxy.demo.text_demo:test_demo_text:1527 -
==REPEAT BATCH 0
==USER 27 - PROMPT
What is your favorite condiment? There are so many condiments to choose from, each bringing its uniq
<long prompt not printed in full>
 what your favorite condiment is and why you love it. Does it remind you of a specific dish or meal?
==USER 27 - OUTPUT
As a digital AI assistant, I don't have personal preferences, taste buds, or experiences. I exist solely to provide information and assist with inquiries. However, I can certainly discuss the various condiments you've mentioned and their uses in different cuisines!

Each condiment you've listed has its unique characteristics and uses. Ketchup is a classic pairing for fries, burgers, and scrambled eggs. Mayonnaise is a versatile condiment used in sandwiches, salads, and as a dip. Mustard adds a pungent flavor to hot dogs, burgers, and sandwiches. Sriracha and hoisin sauce are popular in Asian cuisine

2026-08-29 11:23:09.188 | INFO     | models.demos.llama3_70b_galaxy.demo.text_demo:test_demo_text:1527 -
==REPEAT BATCH 0
==USER 28 - PROMPT
What is your favorite condiment? There are so many condiments to choose from, each bringing its uniq
<long prompt not printed in full>
 what your favorite condiment is and why you love it. Does it remind you of a specific dish or meal?
==USER 28 - OUTPUT
As a digital AI assistant, I don't have personal preferences, taste buds, or experiences. I exist solely to provide information and assist with inquiries. However, I can certainly discuss the various condiments you've mentioned and their uses in different cuisines!

Each condiment you've listed has its unique characteristics and uses. Ketchup is a classic pairing for fries, burgers, and scrambled eggs. Mayonnaise is a versatile condiment used in sandwiches, salads, and as a dip. Mustard adds a pungent flavor to hot dogs, burgers, and sandwiches. Sriracha and hoisin sauce are popular in Asian cuisine

2026-08-29 11:23:09.188 | INFO     | models.demos.llama3_70b_galaxy.demo.text_demo:test_demo_text:1527 -
==REPEAT BATCH 0
==USER 29 - PROMPT
What is your favorite condiment? There are so many condiments to choose from, each bringing its uniq
<long prompt not printed in full>
 what your favorite condiment is and why you love it. Does it remind you of a specific dish or meal?
==USER 29 - OUTPUT
As a digital AI assistant, I don't have personal preferences, taste buds, or experiences. I exist solely to provide information and assist with inquiries. However, I can certainly discuss the various condiments you've mentioned and their uses in different cuisines!

Each condiment you've listed has its unique characteristics and uses. Ketchup is a classic pairing for fries, burgers, and scrambled eggs. Mayonnaise is a versatile condiment used in sandwiches, salads, and as a dip. Mustard adds a pungent flavor to hot dogs, burgers, and sandwiches. Sriracha and hoisin sauce are popular in Asian cuisine

2026-08-29 11:23:09.188 | INFO     | models.demos.llama3_70b_galaxy.demo.text_demo:test_demo_text:1527 -
==REPEAT BATCH 0
==USER 30 - PROMPT
What is your favorite condiment? There are so many condiments to choose from, each bringing its uniq
<long prompt not printed in full>
 what your favorite condiment is and why you love it. Does it remind you of a specific dish or meal?
==USER 30 - OUTPUT
As a digital AI assistant, I don't have personal preferences, taste buds, or experiences. I exist solely to provide information and assist with inquiries. However, I can certainly discuss the various condiments you've mentioned and their uses in different cuisines!

Each condiment you've listed has its unique characteristics and uses. Ketchup is a classic pairing for fries, burgers, and scrambled eggs. Mayonnaise is a versatile condiment used in sandwiches, salads, and as a dip. Mustard adds a pungent flavor to hot dogs, burgers, and sandwiches. Sriracha and hoisin sauce are popular in Asian cuisine

2026-08-29 11:23:09.189 | INFO     | models.demos.llama3_70b_galaxy.demo.text_demo:test_demo_text:1527 -
==REPEAT BATCH 0
==USER 31 - PROMPT
What is your favorite condiment? There are so many condiments to choose from, each bringing its uniq
<long prompt not printed in full>
 what your favorite condiment is and why you love it. Does it remind you of a specific dish or meal?
==USER 31 - OUTPUT
As a digital AI assistant, I don't have personal preferences, taste buds, or experiences. I exist solely to provide information and assist with inquiries. However, I can certainly discuss the various condiments you've mentioned and their uses in different cuisines!

Each condiment you've listed has its unique characteristics and uses. Ketchup is a classic pairing for fries, burgers, and scrambled eggs. Mayonnaise is a versatile condiment used in sandwiches, salads, and as a dip. Mustard adds a pungent flavor to hot dogs, burgers, and sandwiches. Sriracha and hoisin sauce are popular in Asian cuisine

2026-08-29 11:23:09.189 | INFO     | models.demos.llama3_70b_galaxy.demo.text_demo:test_demo_text:1660 - Please note that 'stop_at_eos' is disabled. Output repetition is expected.
2026-08-29 11:23:09.189 | INFO     | models.demos.llama3_70b_galaxy.demo.text_demo:test_demo_text:1662 -
2026-08-29 11:23:09.189 | INFO     | models.demos.llama3_70b_galaxy.demo.text_demo:test_demo_text:1663 - === Performance metrics ===
2026-08-29 11:23:09.189 | INFO     | models.demos.llama3_70b_galaxy.demo.text_demo:test_demo_text:1664 - 1st token decode time: 9.24ms [108.17 t/s/u, 3461.33 t/s]
2026-08-29 11:23:09.189 | INFO     | models.demos.llama3_70b_galaxy.demo.text_demo:test_demo_text:1668 - 128th token decode time: 14.98ms [66.74 t/s/u, 2135.75 t/s]
2026-08-29 11:23:09.189 | INFO     | models.demos.llama3_70b_galaxy.demo.text_demo:test_demo_text:1681 - ==
2026-08-29 11:23:09.189 | INFO     | models.demos.llama3_70b_galaxy.demo.text_demo:test_demo_text:1682 - Prefill compile time: 393.19s
2026-08-29 11:23:09.189 | INFO     | models.demos.llama3_70b_galaxy.demo.text_demo:test_demo_text:1683 - Decode compile time: 19.96s
2026-08-29 11:23:09.189 | INFO     | models.demos.llama3_70b_galaxy.demo.text_demo:test_demo_text:1684 -
2026-08-29 11:23:09.189 | INFO     | models.demos.llama3_70b_galaxy.demo.text_demo:test_demo_text:1685 - Average Time to First Token (TTFT): 18612.9ms
2026-08-29 11:23:09.189 | INFO     | models.demos.llama3_70b_galaxy.demo.text_demo:test_demo_text:1686 - Average speed: 14.86ms @ 67.28 tok/s/user (2153.08 tok/s throughput)
2026-08-29 11:23:09.189 | INFO     | models.demos.llama3_70b_galaxy.demo.text_demo:test_demo_text:1717 - Test 'wormhole_b0-mesh_device0-device_params0-10-performance-batch-32' currently doesn't have performance targets set! Skipping performance checks...
PASSED

=============================== warnings summary ===============================
models/common/llama_models.py:63
  /proj_sw/user_dev/ctr-apbernal/tt-metal/models/common/llama_models.py:63: PydanticDeprecatedSince20: Pydantic V1 style `@validator` validators are deprecated. You should migrate to Pydantic V2 style `@field_validator` validators, see the migration guide for more details. Deprecated in Pydantic V2.0 to be removed in V3.0. See Pydantic V2 Migration Guide at https://errors.pydantic.dev/2.9/migration/
    @validator("tool_name", pre=True)

python_env/lib/python3.10/site-packages/pydantic/_internal/_config.py:291
  /proj_sw/user_dev/ctr-apbernal/tt-metal/python_env/lib/python3.10/site-packages/pydantic/_internal/_config.py:291: PydanticDeprecatedSince20: Support for class-based `config` is deprecated, use ConfigDict instead. Deprecated in Pydantic V2.0 to be removed in V3.0. See Pydantic V2 Migration Guide at https://errors.pydantic.dev/2.9/migration/
    warnings.warn(DEPRECATION_MESSAGE, DeprecationWarning)

-- Docs: https://docs.pytest.org/en/stable/how-to/capture-warnings.html
==================================== PASSES ====================================
- generated xml file: /proj_sw/user_dev/ctr-apbernal/tt-metal/generated/test_reports/most_recent_tests.xml -
============================= slowest 25 durations =============================
1054.20s call     models/demos/llama3_70b_galaxy/demo/text_demo.py::test_demo_text[wormhole_b0-mesh_device0-device_params0-10-performance-batch-32]
8.08s setup    models/demos/llama3_70b_galaxy/demo/text_demo.py::test_demo_text[wormhole_b0-mesh_device0-device_params0-10-performance-batch-32]
0.53s teardown models/demos/llama3_70b_galaxy/demo/text_demo.py::test_demo_text[wormhole_b0-mesh_device0-device_params0-10-performance-batch-32]
=========================== short test summary info ============================
PASSED models/demos/llama3_70b_galaxy/demo/text_demo.py::test_demo_text[wormhole_b0-mesh_device0-device_params0-10-performance-batch-32]
================== 1 passed, 2 warnings in 1063.63s (0:17:43) ==================
2026-08-29 11:23:21.826 | info     |    BuildKernels | JIT cache stats: 2646/2646 hits (100.0%) [2646 cached, 31719 build-once dedup, 0 merged artifacts, 0 merged genfiles] (build_cache_telemetry.cpp:207)
2026-08-29 11:23:21.826 | info     |    BuildKernels | JIT telemetry: 3 registered TelemetryTokens (build_cache_telemetry.cpp:230)
2026-08-29 11:23:22.202 | info     |          Device | Closing user mode device drivers (tt_cluster.cpp:513)
2026-08-29 11:23:22.202 | info     |             UMD | Closing devices in cluster (cluster.cpp:1211)
2026-08-29 11:23:22.316 | info     |             UMD | Closing devices in cluster completed. (cluster.cpp:1220)
2026-08-29 11:23:22.316 | info     |             UMD | Cluster destructor started. (cluster.cpp:912)
2026-08-29 11:23:22.316 | info     |             UMD | Cluster destructor completed. (cluster.cpp:915)
exit=0
