2026-08-29 11:29:02.293 | DEBUG    | ttnn:<module>:78 - Initial ttnn.CONFIG:
Config{cache_path=/home/ctr-apbernal/.cache/ttnn,model_cache_path=/home/ctr-apbernal/.cache/ttnn/models,tmp_dir=/tmp/ttnn,enable_model_cache=false,enable_fast_runtime_mode=true,throw_exception_on_fallback=false,enable_logging=false,enable_graph_report=false,enable_graph_python_stack_traces=false,enable_detailed_buffer_report=false,enable_detailed_tensor_report=false,enable_comparison_mode=false,comparison_mode_should_raise_exception=false,comparison_mode_pcc=0.9999,root_report_path=generated/ttnn/reports,report_name=std::nullopt,std::nullopt}
============================= test session starts ==============================
platform linux -- Python 3.10.21, pytest-9.0.3, pluggy-1.6.0 -- /proj_sw/user_dev/ctr-apbernal/tt-metal/python_env/bin/python
benchmark: 5.2.3 (defaults: timer=time.perf_counter disable_gc=False min_rounds=5 min_time=0.000005 max_time=1.0 calibration_precision=10 warmup=False warmup_iterations=100000)
rootdir: /proj_sw/user_dev/ctr-apbernal/tt-metal
configfile: pytest.ini
plugins: cov-7.0.0, dash-2.15.0, benchmark-5.2.3, repeat-0.9.4, anyio-4.14.2, timeout-2.4.0, github-actions-annotate-failures-0.3.0, split-0.11.0
timeout: 5200.0s
timeout method: signal
timeout func_only: False
collecting ... 2026-08-29 11:29:15.610 | WARNING  | models.perf.benchmarking_utils:<module>:19 - Skipping import of pydantic_models for benchmarking since not running in CI environment
collected 1 item

models/demos/llama3_70b_galaxy/demo/text_qwen_demo.py::test_qwen_demo_text[wormhole_b0-mesh_device0-device_params0-10-performance-batch-32] 2026-08-29 11:29:23.484 | info     |          Device | Opening user mode device driver (tt_cluster.cpp:228)
2026-08-29 11:29:23.484 | info     |             UMD | Cluster constructor started. (cluster.cpp:389)
2026-08-29 11:29:23.504 | info     |             UMD | Creating TopologyDiscovery for architecture: wormhole_b0 (topology_discovery.cpp:96)
2026-08-29 11:29:23.504 | info     |             UMD | Starting topology discovery. (topology_discovery.cpp:115)
2026-08-29 11:29:26.585 | info     |             UMD | Established firmware bundle version: 19.12.0 (topology_discovery.cpp:575)
2026-08-29 11:29:26.617 | info     |             UMD | Completed topology discovery. (topology_discovery.cpp:119)
2026-08-29 11:29:28.034 | info     |             UMD | Opening local chip ids/PCIe ids: {0, 1, 2, 3, 4, 5, 6, 7, 8, 9, 10, 11, 12, 13, 14, 15, 16, 17, 18, 19, 20, 21, 22, 23, 24, 25, 26, 27, 28, 29, 30, 31}/[16, 17, 18, 19, 20, 21, 22, 23, 24, 25, 26, 27, 28, 29, 30, 31, 8, 9, 10, 11, 12, 13, 14, 15, 0, 1, 2, 3, 4, 5, 6, 7] and remote chip ids {} (cluster.cpp:173)
2026-08-29 11:29:28.034 | info     |             UMD | IOMMU: enabled (cluster.cpp:147)
2026-08-29 11:29:28.034 | info     |             UMD | KMD version: 2.9.0 (cluster.cpp:150)
2026-08-29 11:29:28.034 | info     |             UMD | Cluster constructor completed. (cluster.cpp:648)
2026-08-29 11:29:28.060 | info     |             UMD | Starting devices in cluster (cluster.cpp:1198)
2026-08-29 11:29:28.122 | info     |             UMD | Starting devices in cluster completed. (cluster.cpp:1206)
2026-08-29 11:29:28.252 | info     |     Distributed | Using auto discovery to generate mesh graph. (metal_env.cpp:437)
2026-08-29 11:29:28.252 | info     |     Distributed | Constructing control plane using auto-discovery (no mesh graph descriptor). (metal_env.cpp:499)
2026-08-29 11:29:28.260 | info     |          Fabric | Logical multi-mesh adjacency: intermesh degree histogram {0:1}; intra-mesh degree histograms mesh0 {4:32} (topology_mapper_utils.cpp:2410)
2026-08-29 11:29:28.260 | info     |          Fabric | Physical multi-mesh adjacency: intermesh degree histogram {0:1}; intra-mesh degree histograms mesh0 {4:32} (topology_mapper_utils.cpp:2418)
2026-08-29 11:29:28.742 | info     |    BuildKernels | Using pre-compiled firmware from: /proj_sw/user_dev/ctr-apbernal/tt-metal/tt_metal/pre-compiled/441969805167873259/ (build_env_manager.cpp:347)
2026-08-29 11:29:28.755 | info     |    BuildKernels | Using pre-compiled firmware from: /proj_sw/user_dev/ctr-apbernal/tt-metal/tt_metal/pre-compiled/441969805167873259/ (build_env_manager.cpp:347)
2026-08-29 11:29:28.755 | info     |    BuildKernels | Using pre-compiled firmware from: /proj_sw/user_dev/ctr-apbernal/tt-metal/tt_metal/pre-compiled/441969805167873259/ (build_env_manager.cpp:347)
2026-08-29 11:29:28.755 | info     |    BuildKernels | Using pre-compiled firmware from: /proj_sw/user_dev/ctr-apbernal/tt-metal/tt_metal/pre-compiled/441969805167873259/ (build_env_manager.cpp:347)
2026-08-29 11:29:28.755 | info     |    BuildKernels | Using pre-compiled firmware from: /proj_sw/user_dev/ctr-apbernal/tt-metal/tt_metal/pre-compiled/441969805167873259/ (build_env_manager.cpp:347)
2026-08-29 11:29:28.755 | info     |    BuildKernels | Using pre-compiled firmware from: /proj_sw/user_dev/ctr-apbernal/tt-metal/tt_metal/pre-compiled/441969805167873259/ (build_env_manager.cpp:347)
2026-08-29 11:29:28.755 | info     |    BuildKernels | Using pre-compiled firmware from: /proj_sw/user_dev/ctr-apbernal/tt-metal/tt_metal/pre-compiled/441969805167873259/ (build_env_manager.cpp:347)
2026-08-29 11:29:28.755 | info     |    BuildKernels | Using pre-compiled firmware from: /proj_sw/user_dev/ctr-apbernal/tt-metal/tt_metal/pre-compiled/441969805167873259/ (build_env_manager.cpp:347)
2026-08-29 11:29:28.755 | info     |    BuildKernels | Using pre-compiled firmware from: /proj_sw/user_dev/ctr-apbernal/tt-metal/tt_metal/pre-compiled/441969805167873259/ (build_env_manager.cpp:347)
2026-08-29 11:29:28.755 | info     |    BuildKernels | Using pre-compiled firmware from: /proj_sw/user_dev/ctr-apbernal/tt-metal/tt_metal/pre-compiled/441969805167873259/ (build_env_manager.cpp:347)
2026-08-29 11:29:28.755 | info     |    BuildKernels | Using pre-compiled firmware from: /proj_sw/user_dev/ctr-apbernal/tt-metal/tt_metal/pre-compiled/441969805167873259/ (build_env_manager.cpp:347)
2026-08-29 11:29:28.755 | info     |    BuildKernels | Using pre-compiled firmware from: /proj_sw/user_dev/ctr-apbernal/tt-metal/tt_metal/pre-compiled/441969805167873259/ (build_env_manager.cpp:347)
2026-08-29 11:29:28.755 | info     |    BuildKernels | Using pre-compiled firmware from: /proj_sw/user_dev/ctr-apbernal/tt-metal/tt_metal/pre-compiled/441969805167873259/ (build_env_manager.cpp:347)
2026-08-29 11:29:28.755 | info     |    BuildKernels | Using pre-compiled firmware from: /proj_sw/user_dev/ctr-apbernal/tt-metal/tt_metal/pre-compiled/441969805167873259/ (build_env_manager.cpp:347)
2026-08-29 11:29:28.755 | info     |    BuildKernels | Using pre-compiled firmware from: /proj_sw/user_dev/ctr-apbernal/tt-metal/tt_metal/pre-compiled/441969805167873259/ (build_env_manager.cpp:347)
2026-08-29 11:29:28.755 | info     |    BuildKernels | Using pre-compiled firmware from: /proj_sw/user_dev/ctr-apbernal/tt-metal/tt_metal/pre-compiled/441969805167873259/ (build_env_manager.cpp:347)
2026-08-29 11:29:28.755 | info     |    BuildKernels | Using pre-compiled firmware from: /proj_sw/user_dev/ctr-apbernal/tt-metal/tt_metal/pre-compiled/441969805167873259/ (build_env_manager.cpp:347)
2026-08-29 11:29:28.756 | info     |    BuildKernels | Using pre-compiled firmware from: /proj_sw/user_dev/ctr-apbernal/tt-metal/tt_metal/pre-compiled/441969805167873259/ (build_env_manager.cpp:347)
2026-08-29 11:29:28.755 | info     |    BuildKernels | Using pre-compiled firmware from: /proj_sw/user_dev/ctr-apbernal/tt-metal/tt_metal/pre-compiled/441969805167873259/ (build_env_manager.cpp:347)
2026-08-29 11:29:28.756 | info     |    BuildKernels | Using pre-compiled firmware from: /proj_sw/user_dev/ctr-apbernal/tt-metal/tt_metal/pre-compiled/441969805167873259/ (build_env_manager.cpp:347)
2026-08-29 11:29:28.756 | info     |    BuildKernels | Using pre-compiled firmware from: /proj_sw/user_dev/ctr-apbernal/tt-metal/tt_metal/pre-compiled/441969805167873259/ (build_env_manager.cpp:347)
2026-08-29 11:29:28.756 | info     |    BuildKernels | Using pre-compiled firmware from: /proj_sw/user_dev/ctr-apbernal/tt-metal/tt_metal/pre-compiled/441969805167873259/ (build_env_manager.cpp:347)
2026-08-29 11:29:28.756 | info     |    BuildKernels | Using pre-compiled firmware from: /proj_sw/user_dev/ctr-apbernal/tt-metal/tt_metal/pre-compiled/441969805167873259/ (build_env_manager.cpp:347)
2026-08-29 11:29:28.756 | info     |    BuildKernels | Using pre-compiled firmware from: /proj_sw/user_dev/ctr-apbernal/tt-metal/tt_metal/pre-compiled/441969805167873259/ (build_env_manager.cpp:347)
2026-08-29 11:29:28.756 | info     |    BuildKernels | Using pre-compiled firmware from: /proj_sw/user_dev/ctr-apbernal/tt-metal/tt_metal/pre-compiled/441969805167873259/ (build_env_manager.cpp:347)
2026-08-29 11:29:28.756 | info     |    BuildKernels | Using pre-compiled firmware from: /proj_sw/user_dev/ctr-apbernal/tt-metal/tt_metal/pre-compiled/441969805167873259/ (build_env_manager.cpp:347)
2026-08-29 11:29:28.756 | info     |    BuildKernels | Using pre-compiled firmware from: /proj_sw/user_dev/ctr-apbernal/tt-metal/tt_metal/pre-compiled/441969805167873259/ (build_env_manager.cpp:347)
2026-08-29 11:29:28.756 | info     |    BuildKernels | Using pre-compiled firmware from: /proj_sw/user_dev/ctr-apbernal/tt-metal/tt_metal/pre-compiled/441969805167873259/ (build_env_manager.cpp:347)
2026-08-29 11:29:28.756 | info     |    BuildKernels | Using pre-compiled firmware from: /proj_sw/user_dev/ctr-apbernal/tt-metal/tt_metal/pre-compiled/441969805167873259/ (build_env_manager.cpp:347)
2026-08-29 11:29:28.756 | info     |    BuildKernels | Using pre-compiled firmware from: /proj_sw/user_dev/ctr-apbernal/tt-metal/tt_metal/pre-compiled/441969805167873259/ (build_env_manager.cpp:347)
2026-08-29 11:29:28.756 | info     |    BuildKernels | Using pre-compiled firmware from: /proj_sw/user_dev/ctr-apbernal/tt-metal/tt_metal/pre-compiled/441969805167873259/ (build_env_manager.cpp:347)
2026-08-29 11:29:28.756 | info     |    BuildKernels | Using pre-compiled firmware from: /proj_sw/user_dev/ctr-apbernal/tt-metal/tt_metal/pre-compiled/441969805167873259/ (build_env_manager.cpp:347)
2026-08-29 11:29:29.015 | info     |           Metal | Initializing Fabric (fabric_firmware_initializer.cpp:296)
2026-08-29 11:29:29.536 | info     |           Metal | Fabric initialized on Device 0 (device.cpp:550)
2026-08-29 11:29:29.612 | info     |           Metal | Fabric initialized on Device 1 (device.cpp:550)
2026-08-29 11:29:29.613 | info     |           Metal | Fabric initialized on Device 2 (device.cpp:550)
2026-08-29 11:29:29.614 | info     |           Metal | Fabric initialized on Device 3 (device.cpp:550)
2026-08-29 11:29:29.682 | info     |           Metal | Fabric initialized on Device 4 (device.cpp:550)
2026-08-29 11:29:29.683 | info     |           Metal | Fabric initialized on Device 5 (device.cpp:550)
2026-08-29 11:29:29.684 | info     |           Metal | Fabric initialized on Device 6 (device.cpp:550)
2026-08-29 11:29:29.686 | info     |           Metal | Fabric initialized on Device 7 (device.cpp:550)
2026-08-29 11:29:29.687 | info     |           Metal | Fabric initialized on Device 8 (device.cpp:550)
2026-08-29 11:29:29.688 | info     |           Metal | Fabric initialized on Device 9 (device.cpp:550)
2026-08-29 11:29:29.689 | info     |           Metal | Fabric initialized on Device 10 (device.cpp:550)
2026-08-29 11:29:29.690 | info     |           Metal | Fabric initialized on Device 11 (device.cpp:550)
2026-08-29 11:29:29.746 | info     |           Metal | Fabric initialized on Device 12 (device.cpp:550)
2026-08-29 11:29:29.747 | info     |           Metal | Fabric initialized on Device 13 (device.cpp:550)
2026-08-29 11:29:29.748 | info     |           Metal | Fabric initialized on Device 14 (device.cpp:550)
2026-08-29 11:29:29.754 | info     |           Metal | Fabric initialized on Device 15 (device.cpp:550)
2026-08-29 11:29:29.796 | info     |           Metal | Fabric initialized on Device 16 (device.cpp:550)
2026-08-29 11:29:29.797 | info     |           Metal | Fabric initialized on Device 17 (device.cpp:550)
2026-08-29 11:29:29.799 | info     |           Metal | Fabric initialized on Device 18 (device.cpp:550)
2026-08-29 11:29:29.800 | info     |           Metal | Fabric initialized on Device 19 (device.cpp:550)
2026-08-29 11:29:29.801 | info     |           Metal | Fabric initialized on Device 20 (device.cpp:550)
2026-08-29 11:29:29.802 | info     |           Metal | Fabric initialized on Device 21 (device.cpp:550)
2026-08-29 11:29:29.803 | info     |           Metal | Fabric initialized on Device 22 (device.cpp:550)
2026-08-29 11:29:29.804 | info     |           Metal | Fabric initialized on Device 23 (device.cpp:550)
2026-08-29 11:29:29.805 | info     |           Metal | Fabric initialized on Device 24 (device.cpp:550)
2026-08-29 11:29:29.807 | info     |           Metal | Fabric initialized on Device 25 (device.cpp:550)
2026-08-29 11:29:29.808 | info     |           Metal | Fabric initialized on Device 26 (device.cpp:550)
2026-08-29 11:29:29.809 | info     |           Metal | Fabric initialized on Device 27 (device.cpp:550)
2026-08-29 11:29:29.810 | info     |           Metal | Fabric initialized on Device 28 (device.cpp:550)
2026-08-29 11:29:29.811 | info     |           Metal | Fabric initialized on Device 29 (device.cpp:550)
2026-08-29 11:29:29.812 | info     |           Metal | Fabric initialized on Device 30 (device.cpp:550)
2026-08-29 11:29:29.813 | info     |           Metal | Fabric initialized on Device 31 (device.cpp:550)
2026-08-29 11:29:29.813 | info     |           Metal | Fabric initialized on 32 devices (fabric_firmware_initializer.cpp:444)
2026-08-29 11:29:29.813 | info     |           Metal | Fabric Initialized with config FabricConfig::FABRIC_1D_RING (fabric_firmware_initializer.cpp:313)
2026-08-29 11:29:31.096 | info     |           Metal | [Real-time profiler] Device 24 sync complete: 100 samples, frequency=0.985499 GHz, device_time_at_sync=7994807008435 cycles (realtime_profiler_manager.cpp:1398)
2026-08-29 11:29:31.096 | info     |           Metal | [Real-time profiler] Device 20 sync complete: 100 samples, frequency=0.985505 GHz, device_time_at_sync=7999228046906 cycles (realtime_profiler_manager.cpp:1398)
2026-08-29 11:29:31.096 | info     |           Metal | [Real-time profiler] Device 28 sync complete: 100 samples, frequency=0.985499 GHz, device_time_at_sync=7990406288727 cycles (realtime_profiler_manager.cpp:1398)
2026-08-29 11:29:31.096 | info     |           Metal | [Real-time profiler] Device 16 sync complete: 100 samples, frequency=0.985504 GHz, device_time_at_sync=8003695107526 cycles (realtime_profiler_manager.cpp:1398)
2026-08-29 11:29:31.096 | info     |           Metal | [Real-time profiler] Device 29 sync complete: 100 samples, frequency=0.985499 GHz, device_time_at_sync=7987313683185 cycles (realtime_profiler_manager.cpp:1398)
2026-08-29 11:29:31.096 | info     |           Metal | [Real-time profiler] Device 25 sync complete: 100 samples, frequency=0.985500 GHz, device_time_at_sync=7993735880483 cycles (realtime_profiler_manager.cpp:1398)
2026-08-29 11:29:31.096 | info     |           Metal | [Real-time profiler] Device 30 sync complete: 100 samples, frequency=0.985501 GHz, device_time_at_sync=7986221114480 cycles (realtime_profiler_manager.cpp:1398)
2026-08-29 11:29:31.096 | info     |           Metal | [Real-time profiler] Device 26 sync complete: 100 samples, frequency=0.985500 GHz, device_time_at_sync=7992657409660 cycles (realtime_profiler_manager.cpp:1398)
2026-08-29 11:29:31.097 | info     |           Metal | [Real-time profiler] Device 17 sync complete: 100 samples, frequency=0.985503 GHz, device_time_at_sync=8002582225538 cycles (realtime_profiler_manager.cpp:1398)
2026-08-29 11:29:31.097 | info     |           Metal | [Real-time profiler] Device 22 sync complete: 100 samples, frequency=0.985507 GHz, device_time_at_sync=7995011243903 cycles (realtime_profiler_manager.cpp:1398)
2026-08-29 11:29:31.097 | info     |           Metal | [Real-time profiler] Device 21 sync complete: 100 samples, frequency=0.985503 GHz, device_time_at_sync=7996078242107 cycles (realtime_profiler_manager.cpp:1398)
2026-08-29 11:29:31.097 | info     |           Metal | [Real-time profiler] Device 18 sync complete: 100 samples, frequency=0.985505 GHz, device_time_at_sync=8001409643878 cycles (realtime_profiler_manager.cpp:1398)
2026-08-29 11:29:31.097 | info     |           Metal | [Real-time profiler] Device 5 sync complete: 100 samples, frequency=0.985506 GHz, device_time_at_sync=8013870902444 cycles (realtime_profiler_manager.cpp:1398)
2026-08-29 11:29:31.097 | info     |           Metal | [Real-time profiler] Device 19 sync complete: 100 samples, frequency=0.985505 GHz, device_time_at_sync=8000298936168 cycles (realtime_profiler_manager.cpp:1398)
2026-08-29 11:29:31.097 | info     |           Metal | [Real-time profiler] Device 1 sync complete: 100 samples, frequency=0.985504 GHz, device_time_at_sync=8020290356548 cycles (realtime_profiler_manager.cpp:1398)
2026-08-29 11:29:31.097 | info     |           Metal | [Real-time profiler] Device 2 sync complete: 100 samples, frequency=0.985506 GHz, device_time_at_sync=8019212728052 cycles (realtime_profiler_manager.cpp:1398)
2026-08-29 11:29:31.097 | info     |           Metal | [Real-time profiler] Device 14 sync complete: 100 samples, frequency=0.985498 GHz, device_time_at_sync=8004060500428 cycles (realtime_profiler_manager.cpp:1398)
2026-08-29 11:29:31.097 | info     |           Metal | [Real-time profiler] Device 27 sync complete: 100 samples, frequency=0.985502 GHz, device_time_at_sync=7991477888251 cycles (realtime_profiler_manager.cpp:1398)
2026-08-29 11:29:31.097 | info     |           Metal | [Real-time profiler] Device 23 sync complete: 100 samples, frequency=0.985503 GHz, device_time_at_sync=7993890074869 cycles (realtime_profiler_manager.cpp:1398)
2026-08-29 11:29:31.097 | info     |           Metal | [Real-time profiler] Device 10 sync complete: 100 samples, frequency=0.985500 GHz, device_time_at_sync=8010392627529 cycles (realtime_profiler_manager.cpp:1398)
2026-08-29 11:29:31.097 | info     |           Metal | [Real-time profiler] Device 3 sync complete: 100 samples, frequency=0.985505 GHz, device_time_at_sync=8018059615282 cycles (realtime_profiler_manager.cpp:1398)
2026-08-29 11:29:31.097 | info     |           Metal | [Real-time profiler] Device 7 sync complete: 100 samples, frequency=0.985506 GHz, device_time_at_sync=8011721503657 cycles (realtime_profiler_manager.cpp:1398)
2026-08-29 11:29:31.097 | info     |           Metal | [Real-time profiler] Device 13 sync complete: 100 samples, frequency=0.985499 GHz, device_time_at_sync=8005043550259 cycles (realtime_profiler_manager.cpp:1398)
2026-08-29 11:29:31.097 | info     |           Metal | [Real-time profiler] Device 9 sync complete: 100 samples, frequency=0.985499 GHz, device_time_at_sync=8011494050071 cycles (realtime_profiler_manager.cpp:1398)
2026-08-29 11:29:31.097 | info     |           Metal | [Real-time profiler] Device 31 sync complete: 100 samples, frequency=0.985500 GHz, device_time_at_sync=7985107296245 cycles (realtime_profiler_manager.cpp:1398)
2026-08-29 11:29:31.097 | info     |           Metal | [Real-time profiler] Device 6 sync complete: 100 samples, frequency=0.985505 GHz, device_time_at_sync=8012853605771 cycles (realtime_profiler_manager.cpp:1398)
2026-08-29 11:29:31.097 | info     |           Metal | [Real-time profiler] Device 15 sync complete: 100 samples, frequency=0.985500 GHz, device_time_at_sync=8002862927445 cycles (realtime_profiler_manager.cpp:1398)
2026-08-29 11:29:31.097 | info     |           Metal | [Real-time profiler] Device 11 sync complete: 100 samples, frequency=0.985500 GHz, device_time_at_sync=8009270633030 cycles (realtime_profiler_manager.cpp:1398)
2026-08-29 11:29:31.098 | info     |           Metal | [Real-time profiler] Device 12 sync complete: 100 samples, frequency=0.985498 GHz, device_time_at_sync=8008157922735 cycles (realtime_profiler_manager.cpp:1398)
2026-08-29 11:29:31.098 | info     |           Metal | [Real-time profiler] Device 4 sync complete: 100 samples, frequency=0.985504 GHz, device_time_at_sync=8016940361627 cycles (realtime_profiler_manager.cpp:1398)
2026-08-29 11:29:31.098 | info     |           Metal | [Real-time profiler] Device 8 sync complete: 100 samples, frequency=0.985499 GHz, device_time_at_sync=8012519596419 cycles (realtime_profiler_manager.cpp:1398)
2026-08-29 11:29:31.098 | info     |           Metal | [Real-time profiler] Device 0 sync complete: 100 samples, frequency=0.985505 GHz, device_time_at_sync=8021383074750 cycles (realtime_profiler_manager.cpp:1398)
2026-08-29 11:29:31.437 | DEBUG    | conftest:mesh_device:630 - multidevice with 32 devices is created
2026-08-29 11:29:31.484 | INFO     | models.demos.llama3_70b_galaxy.demo.text_qwen_demo:test_qwen_demo_text:597 - The decode generation will only stop at the max_generated_tokens limit == 128
2026-08-29 11:29:31.484 | INFO     | models.demos.llama3_70b_galaxy.demo.text_qwen_demo:test_qwen_demo_text:608 - Start profiler
2026-08-29 11:29:31.484 | INFO     | models.demos.llama3_70b_galaxy.demo.text_qwen_demo:test_qwen_demo_text:612 - Reading inputs...
2026-08-29 11:29:31.489 | INFO     | models.demos.llama3_70b_galaxy.demo.text_qwen_demo:test_qwen_demo_text:628 - Attempting to load expected outputs from: models/demos/llama3_70b_galaxy/demo/qwen_outputs_batch_1.json
2026-08-29 11:29:31.491 | INFO     | models.demos.llama3_70b_galaxy.demo.text_qwen_demo:test_qwen_demo_text:641 - Successfully loaded 5 expected string outputs from models/demos/llama3_70b_galaxy/demo/qwen_outputs_batch_1.json
2026-08-29 11:29:31.530 | INFO     | models.demos.llama3_70b_galaxy.tt.qwen_model_config:__init__:245 - Checkpoint directory: Qwen/Qwen3-32B
2026-08-29 11:29:31.530 | INFO     | models.demos.llama3_70b_galaxy.tt.qwen_model_config:__init__:246 - Tokenizer file: Qwen/Qwen3-32B/tokenizer.model
2026-08-29 11:29:31.530 | INFO     | models.demos.llama3_70b_galaxy.tt.qwen_model_config:__init__:247 - Cache directory: /localdev/ctr-apbernal/tt_cache/Qwen/Qwen3-32B/TG
2026-08-29 11:29:31.721 | INFO     | models.demos.llama3_70b_galaxy.tt.qwen_model_config:_set_params_from_dict:1726 - Model name from params: Qwen3-32B
Warning: You are sending unauthenticated requests to the HF Hub. Please set a HF_TOKEN to enable higher rate limits and faster downloads.
Could not cache non-existence of file. Will ignore error and continue. Error: [Errno 13] Permission denied: '/localdev/ctr-apbernal/hf_data/hub/models--Qwen--Qwen3-32B/.no_exist'
Could not cache non-existence of file. Will ignore error and continue. Error: [Errno 13] Permission denied: '/localdev/ctr-apbernal/hf_data/hub/models--Qwen--Qwen3-32B/.no_exist'
Could not cache non-existence of file. Will ignore error and continue. Error: [Errno 13] Permission denied: '/localdev/ctr-apbernal/hf_data/hub/models--Qwen--Qwen3-32B/.no_exist'
2026-08-29 11:29:33.460 | INFO     | models.demos.llama3_70b_galaxy.tt.qwen_model_config:__init__:1519 - Qwen decode interim shard widths: RS_CREATE_HEADS=512, REDUCE_SCATTER=512
Could not cache non-existence of file. Will ignore error and continue. Error: [Errno 13] Permission denied: '/localdev/ctr-apbernal/hf_data/hub/models--Qwen--Qwen3-32B/.no_exist'
Could not cache non-existence of file. Will ignore error and continue. Error: [Errno 13] Permission denied: '/localdev/ctr-apbernal/hf_data/hub/models--Qwen--Qwen3-32B/.no_exist'
Could not cache non-existence of file. Will ignore error and continue. Error: [Errno 13] Permission denied: '/localdev/ctr-apbernal/hf_data/hub/models--Qwen--Qwen3-32B/.no_exist'
Loading weights:   0%|          | 0/707 [00:00<?, ?it/s]Loading weights: 100%|██████████| 707/707 [00:00<00:00, 8289.60it/s]
2026-08-29 11:29:37.024 | DEBUG    | core:as_tensor:724 - Loaded cache for /localdev/ctr-apbernal/tt_cache/Qwen/Qwen3-32B/TG/tensor_cache_bfp8/tok_embeddings.weight_dtype_BFLOAT16_layout_ROW_MAJOR.tensorbin of shape Shape([1, 1, 151936, 1280])
2026-08-29 11:29:37.347 | info     |           Metal | Finalize dfb: dfb_offset == base_offset: 80, dfb size: 32, return value: 112 (dataflow_buffer.cpp:1656)
2026-08-29 11:29:37.347 | info     |           Metal | Finalize dfb: dfb_offset == base_offset: 0, dfb size: 0, return value: 0 (dataflow_buffer.cpp:1656)
2026-08-29 11:29:37.347 | info     |           Metal | Finalize dfb: dfb_offset == base_offset: 0, dfb size: 0, return value: 0 (dataflow_buffer.cpp:1656)
2026-08-29 11:29:37.546 | warning  |              Op | ttnn::tilize: Using input shard spec for output tensor because the legacy sharded optimized program factory is being used (tilize_device_operation.cpp:247)
2026-08-29 11:29:37.751 | info     |           Metal | Finalize dfb: dfb_offset == base_offset: 80, dfb size: 32, return value: 112 (dataflow_buffer.cpp:1656)
2026-08-29 11:29:37.751 | info     |           Metal | Finalize dfb: dfb_offset == base_offset: 0, dfb size: 0, return value: 0 (dataflow_buffer.cpp:1656)
2026-08-29 11:29:37.751 | info     |           Metal | Finalize dfb: dfb_offset == base_offset: 0, dfb size: 0, return value: 0 (dataflow_buffer.cpp:1656)
2026-08-29 11:29:37.763 | INFO     | models.demos.llama3_70b_galaxy.tt.prefetcher_common:__init__:33 - Running TtLlamaPrefetcherSetup
  0%|          | 0/64 [00:00<?, ?it/s]2026-08-29 11:29:39.427 | DEBUG    | core:as_tensor:724 - Loaded cache for /localdev/ctr-apbernal/tt_cache/Qwen/Qwen3-32B/TG/tensor_cache_bfp8/layers.0.attention.wqkv_sharded_2d_prefetcher_dtype_BFLOAT8_B_layout_TILE.tensorbin of shape Shape([1, 1, 1280, 1280])
2026-08-29 11:29:39.476 | DEBUG    | core:as_tensor:724 - Loaded cache for /localdev/ctr-apbernal/tt_cache/Qwen/Qwen3-32B/TG/tensor_cache_bfp8/layers.0.attention.wqkv_sharded_2d_dram_dtype_BFLOAT8_B_layout_TILE.tensorbin of shape Shape([1, 1, 1280, 1280])
2026-08-29 11:29:39.522 | DEBUG    | core:as_tensor:724 - Loaded cache for /localdev/ctr-apbernal/tt_cache/Qwen/Qwen3-32B/TG/tensor_cache_bfp8/layers.0.attention.wo_width_sharded_2d_prefetcher_dtype_BFLOAT8_B_layout_TILE.tensorbin of shape Shape([1, 1, 1024, 1280])
2026-08-29 11:29:39.567 | DEBUG    | core:as_tensor:724 - Loaded cache for /localdev/ctr-apbernal/tt_cache/Qwen/Qwen3-32B/TG/tensor_cache_bfp8/layers.0.attention.wo_width_sharded_2d_dram_dtype_BFLOAT8_B_layout_TILE.tensorbin of shape Shape([1, 1, 1024, 1280])
2026-08-29 11:29:39.632 | DEBUG    | core:as_tensor:724 - Loaded cache for /localdev/ctr-apbernal/tt_cache/Qwen/Qwen3-32B/TG/tensor_cache_bfp8/layers.0.attention.wo_col_sharded_dram_dtype_BFLOAT8_B_layout_TILE.tensorbin of shape Shape([1, 1, 8192, 1280])
2026-08-29 11:29:39.652 | DEBUG    | core:as_tensor:724 - Loaded cache for /localdev/ctr-apbernal/tt_cache/Qwen/Qwen3-32B/TG/tensor_cache_bfp8/kvcache_torch.Size([2048, 1, 64, 128])_dtype_BFLOAT8_B_layout_TILE.tensorbin of shape Shape([2048, 1, 64, 128])
2026-08-29 11:29:39.659 | DEBUG    | core:as_tensor:724 - Loaded cache for /localdev/ctr-apbernal/tt_cache/Qwen/Qwen3-32B/TG/tensor_cache_bfp8/kvcache_torch.Size([2048, 1, 64, 128])_dtype_BFLOAT8_B_layout_TILE.tensorbin of shape Shape([2048, 1, 64, 128])
2026-08-29 11:29:39.762 | DEBUG    | core:as_tensor:724 - Loaded cache for /localdev/ctr-apbernal/tt_cache/Qwen/Qwen3-32B/TG/tensor_cache_bfp8/layers.0.feed_forward.w1_shardedprefetcher_dtype_BFLOAT16_layout_TILE.tensorbin of shape Shape([1, 1, 1280, 3200])
2026-08-29 11:29:39.847 | DEBUG    | core:as_tensor:724 - Loaded cache for /localdev/ctr-apbernal/tt_cache/Qwen/Qwen3-32B/TG/tensor_cache_bfp8/layers.0.feed_forward.w2_shardedprefetcher_dtype_BFLOAT16_layout_TILE.tensorbin of shape Shape([1, 1, 3200, 1280])
2026-08-29 11:29:39.936 | DEBUG    | core:as_tensor:724 - Loaded cache for /localdev/ctr-apbernal/tt_cache/Qwen/Qwen3-32B/TG/tensor_cache_bfp8/layers.0.feed_forward.w3_shardedprefetcher_dtype_BFLOAT16_layout_TILE.tensorbin of shape Shape([1, 1, 1280, 3200])
2026-08-29 11:29:40.001 | DEBUG    | core:as_tensor:724 - Loaded cache for /localdev/ctr-apbernal/tt_cache/Qwen/Qwen3-32B/TG/tensor_cache_bfp8/layers.0.feed_forward.w1_interleavedprefetcher_dtype_BFLOAT8_B_layout_TILE.tensorbin of shape Shape([1, 1, 1280, 3200])
2026-08-29 11:29:40.067 | DEBUG    | core:as_tensor:724 - Loaded cache for /localdev/ctr-apbernal/tt_cache/Qwen/Qwen3-32B/TG/tensor_cache_bfp8/layers.0.feed_forward.w2_interleavedprefetcher_dtype_BFLOAT8_B_layout_TILE.tensorbin of shape Shape([1, 1, 3200, 1280])
2026-08-29 11:29:40.134 | DEBUG    | core:as_tensor:724 - Loaded cache for /localdev/ctr-apbernal/tt_cache/Qwen/Qwen3-32B/TG/tensor_cache_bfp8/layers.0.feed_forward.w3_interleavedprefetcher_dtype_BFLOAT8_B_layout_TILE.tensorbin of shape Shape([1, 1, 1280, 3200])
2026-08-29 11:29:40.135 | DEBUG    | core:as_tensor:724 - Loaded cache for /localdev/ctr-apbernal/tt_cache/Qwen/Qwen3-32B/TG/tensor_cache_bfp8/layers.0.attention_norm.weight_dtype_BFLOAT16_layout_ROW_MAJOR.tensorbin of shape Shape([1, 1, 160, 32])
2026-08-29 11:29:40.136 | DEBUG    | core:as_tensor:724 - Loaded cache for /localdev/ctr-apbernal/tt_cache/Qwen/Qwen3-32B/TG/tensor_cache_bfp8/layers.0.attention_norm.weight_distributed_dtype_BFLOAT16_layout_ROW_MAJOR.tensorbin of shape Shape([1, 1, 40, 32])
2026-08-29 11:29:40.136 | DEBUG    | core:as_tensor:724 - Loaded cache for /localdev/ctr-apbernal/tt_cache/Qwen/Qwen3-32B/TG/tensor_cache_bfp8/layers.0.ffn_norm.weight_dtype_BFLOAT16_layout_ROW_MAJOR.tensorbin of shape Shape([1, 1, 160, 32])
2026-08-29 11:29:40.137 | DEBUG    | core:as_tensor:724 - Loaded cache for /localdev/ctr-apbernal/tt_cache/Qwen/Qwen3-32B/TG/tensor_cache_bfp8/layers.0.ffn_norm.weight_distributed_dtype_BFLOAT16_layout_ROW_MAJOR.tensorbin of shape Shape([1, 1, 40, 32])
  2%|▏         | 1/64 [00:00<00:48,  1.29it/s]2026-08-29 11:29:40.202 | DEBUG    | core:as_tensor:724 - Loaded cache for /localdev/ctr-apbernal/tt_cache/Qwen/Qwen3-32B/TG/tensor_cache_bfp8/layers.1.attention.wqkv_sharded_2d_prefetcher_dtype_BFLOAT8_B_layout_TILE.tensorbin of shape Shape([1, 1, 1280, 1280])
2026-08-29 11:29:40.251 | DEBUG    | core:as_tensor:724 - Loaded cache for /localdev/ctr-apbernal/tt_cache/Qwen/Qwen3-32B/TG/tensor_cache_bfp8/layers.1.attention.wqkv_sharded_2d_dram_dtype_BFLOAT8_B_layout_TILE.tensorbin of shape Shape([1, 1, 1280, 1280])
2026-08-29 11:29:40.297 | DEBUG    | core:as_tensor:724 - Loaded cache for /localdev/ctr-apbernal/tt_cache/Qwen/Qwen3-32B/TG/tensor_cache_bfp8/layers.1.attention.wo_width_sharded_2d_prefetcher_dtype_BFLOAT8_B_layout_TILE.tensorbin of shape Shape([1, 1, 1024, 1280])
2026-08-29 11:29:40.342 | DEBUG    | core:as_tensor:724 - Loaded cache for /localdev/ctr-apbernal/tt_cache/Qwen/Qwen3-32B/TG/tensor_cache_bfp8/layers.1.attention.wo_width_sharded_2d_dram_dtype_BFLOAT8_B_layout_TILE.tensorbin of shape Shape([1, 1, 1024, 1280])
2026-08-29 11:29:40.407 | DEBUG    | core:as_tensor:724 - Loaded cache for /localdev/ctr-apbernal/tt_cache/Qwen/Qwen3-32B/TG/tensor_cache_bfp8/layers.1.attention.wo_col_sharded_dram_dtype_BFLOAT8_B_layout_TILE.tensorbin of shape Shape([1, 1, 8192, 1280])
2026-08-29 11:29:40.422 | DEBUG    | core:as_tensor:724 - Loaded cache for /localdev/ctr-apbernal/tt_cache/Qwen/Qwen3-32B/TG/tensor_cache_bfp8/kvcache_torch.Size([2048, 1, 64, 128])_dtype_BFLOAT8_B_layout_TILE.tensorbin of shape Shape([2048, 1, 64, 128])
2026-08-29 11:29:40.428 | DEBUG    | core:as_tensor:724 - Loaded cache for /localdev/ctr-apbernal/tt_cache/Qwen/Qwen3-32B/TG/tensor_cache_bfp8/kvcache_torch.Size([2048, 1, 64, 128])_dtype_BFLOAT8_B_layout_TILE.tensorbin of shape Shape([2048, 1, 64, 128])
2026-08-29 11:29:40.530 | DEBUG    | core:as_tensor:724 - Loaded cache for /localdev/ctr-apbernal/tt_cache/Qwen/Qwen3-32B/TG/tensor_cache_bfp8/layers.1.feed_forward.w1_shardedprefetcher_dtype_BFLOAT16_layout_TILE.tensorbin of shape Shape([1, 1, 1280, 3200])
2026-08-29 11:29:40.616 | DEBUG    | core:as_tensor:724 - Loaded cache for /localdev/ctr-apbernal/tt_cache/Qwen/Qwen3-32B/TG/tensor_cache_bfp8/layers.1.feed_forward.w2_shardedprefetcher_dtype_BFLOAT16_layout_TILE.tensorbin of shape Shape([1, 1, 3200, 1280])
2026-08-29 11:29:40.703 | DEBUG    | core:as_tensor:724 - Loaded cache for /localdev/ctr-apbernal/tt_cache/Qwen/Qwen3-32B/TG/tensor_cache_bfp8/layers.1.feed_forward.w3_shardedprefetcher_dtype_BFLOAT16_layout_TILE.tensorbin of shape Shape([1, 1, 1280, 3200])
2026-08-29 11:29:40.767 | DEBUG    | core:as_tensor:724 - Loaded cache for /localdev/ctr-apbernal/tt_cache/Qwen/Qwen3-32B/TG/tensor_cache_bfp8/layers.1.feed_forward.w1_interleavedprefetcher_dtype_BFLOAT8_B_layout_TILE.tensorbin of shape Shape([1, 1, 1280, 3200])
2026-08-29 11:29:40.831 | DEBUG    | core:as_tensor:724 - Loaded cache for /localdev/ctr-apbernal/tt_cache/Qwen/Qwen3-32B/TG/tensor_cache_bfp8/layers.1.feed_forward.w2_interleavedprefetcher_dtype_BFLOAT8_B_layout_TILE.tensorbin of shape Shape([1, 1, 3200, 1280])
2026-08-29 11:29:40.896 | DEBUG    | core:as_tensor:724 - Loaded cache for /localdev/ctr-apbernal/tt_cache/Qwen/Qwen3-32B/TG/tensor_cache_bfp8/layers.1.feed_forward.w3_interleavedprefetcher_dtype_BFLOAT8_B_layout_TILE.tensorbin of shape Shape([1, 1, 1280, 3200])
2026-08-29 11:29:40.897 | DEBUG    | core:as_tensor:724 - Loaded cache for /localdev/ctr-apbernal/tt_cache/Qwen/Qwen3-32B/TG/tensor_cache_bfp8/layers.1.attention_norm.weight_dtype_BFLOAT16_layout_ROW_MAJOR.tensorbin of shape Shape([1, 1, 160, 32])
2026-08-29 11:29:40.898 | DEBUG    | core:as_tensor:724 - Loaded cache for /localdev/ctr-apbernal/tt_cache/Qwen/Qwen3-32B/TG/tensor_cache_bfp8/layers.1.attention_norm.weight_distributed_dtype_BFLOAT16_layout_ROW_MAJOR.tensorbin of shape Shape([1, 1, 40, 32])
2026-08-29 11:29:40.899 | DEBUG    | core:as_tensor:724 - Loaded cache for /localdev/ctr-apbernal/tt_cache/Qwen/Qwen3-32B/TG/tensor_cache_bfp8/layers.1.ffn_norm.weight_dtype_BFLOAT16_layout_ROW_MAJOR.tensorbin of shape Shape([1, 1, 160, 32])
2026-08-29 11:29:40.899 | DEBUG    | core:as_tensor:724 - Loaded cache for /localdev/ctr-apbernal/tt_cache/Qwen/Qwen3-32B/TG/tensor_cache_bfp8/layers.1.ffn_norm.weight_distributed_dtype_BFLOAT16_layout_ROW_MAJOR.tensorbin of shape Shape([1, 1, 40, 32])
  3%|▎         | 2/64 [00:01<00:47,  1.30it/s]2026-08-29 11:29:40.964 | DEBUG    | core:as_tensor:724 - Loaded cache for /localdev/ctr-apbernal/tt_cache/Qwen/Qwen3-32B/TG/tensor_cache_bfp8/layers.2.attention.wqkv_sharded_2d_prefetcher_dtype_BFLOAT8_B_layout_TILE.tensorbin of shape Shape([1, 1, 1280, 1280])
2026-08-29 11:29:41.012 | DEBUG    | core:as_tensor:724 - Loaded cache for /localdev/ctr-apbernal/tt_cache/Qwen/Qwen3-32B/TG/tensor_cache_bfp8/layers.2.attention.wqkv_sharded_2d_dram_dtype_BFLOAT8_B_layout_TILE.tensorbin of shape Shape([1, 1, 1280, 1280])
2026-08-29 11:29:41.058 | DEBUG    | core:as_tensor:724 - Loaded cache for /localdev/ctr-apbernal/tt_cache/Qwen/Qwen3-32B/TG/tensor_cache_bfp8/layers.2.attention.wo_width_sharded_2d_prefetcher_dtype_BFLOAT8_B_layout_TILE.tensorbin of shape Shape([1, 1, 1024, 1280])
2026-08-29 11:29:41.104 | DEBUG    | core:as_tensor:724 - Loaded cache for /localdev/ctr-apbernal/tt_cache/Qwen/Qwen3-32B/TG/tensor_cache_bfp8/layers.2.attention.wo_width_sharded_2d_dram_dtype_BFLOAT8_B_layout_TILE.tensorbin of shape Shape([1, 1, 1024, 1280])
2026-08-29 11:29:41.169 | DEBUG    | core:as_tensor:724 - Loaded cache for /localdev/ctr-apbernal/tt_cache/Qwen/Qwen3-32B/TG/tensor_cache_bfp8/layers.2.attention.wo_col_sharded_dram_dtype_BFLOAT8_B_layout_TILE.tensorbin of shape Shape([1, 1, 8192, 1280])
2026-08-29 11:29:41.182 | DEBUG    | core:as_tensor:724 - Loaded cache for /localdev/ctr-apbernal/tt_cache/Qwen/Qwen3-32B/TG/tensor_cache_bfp8/kvcache_torch.Size([2048, 1, 64, 128])_dtype_BFLOAT8_B_layout_TILE.tensorbin of shape Shape([2048, 1, 64, 128])
2026-08-29 11:29:41.190 | DEBUG    | core:as_tensor:724 - Loaded cache for /localdev/ctr-apbernal/tt_cache/Qwen/Qwen3-32B/TG/tensor_cache_bfp8/kvcache_torch.Size([2048, 1, 64, 128])_dtype_BFLOAT8_B_layout_TILE.tensorbin of shape Shape([2048, 1, 64, 128])
2026-08-29 11:29:41.292 | DEBUG    | core:as_tensor:724 - Loaded cache for /localdev/ctr-apbernal/tt_cache/Qwen/Qwen3-32B/TG/tensor_cache_bfp8/layers.2.feed_forward.w1_shardedprefetcher_dtype_BFLOAT16_layout_TILE.tensorbin of shape Shape([1, 1, 1280, 3200])
2026-08-29 11:29:41.377 | DEBUG    | core:as_tensor:724 - Loaded cache for /localdev/ctr-apbernal/tt_cache/Qwen/Qwen3-32B/TG/tensor_cache_bfp8/layers.2.feed_forward.w2_shardedprefetcher_dtype_BFLOAT16_layout_TILE.tensorbin of shape Shape([1, 1, 3200, 1280])
2026-08-29 11:29:41.462 | DEBUG    | core:as_tensor:724 - Loaded cache for /localdev/ctr-apbernal/tt_cache/Qwen/Qwen3-32B/TG/tensor_cache_bfp8/layers.2.feed_forward.w3_shardedprefetcher_dtype_BFLOAT16_layout_TILE.tensorbin of shape Shape([1, 1, 1280, 3200])
2026-08-29 11:29:41.526 | DEBUG    | core:as_tensor:724 - Loaded cache for /localdev/ctr-apbernal/tt_cache/Qwen/Qwen3-32B/TG/tensor_cache_bfp8/layers.2.feed_forward.w1_interleavedprefetcher_dtype_BFLOAT8_B_layout_TILE.tensorbin of shape Shape([1, 1, 1280, 3200])
2026-08-29 11:29:41.590 | DEBUG    | core:as_tensor:724 - Loaded cache for /localdev/ctr-apbernal/tt_cache/Qwen/Qwen3-32B/TG/tensor_cache_bfp8/layers.2.feed_forward.w2_interleavedprefetcher_dtype_BFLOAT8_B_layout_TILE.tensorbin of shape Shape([1, 1, 3200, 1280])
2026-08-29 11:29:41.656 | DEBUG    | core:as_tensor:724 - Loaded cache for /localdev/ctr-apbernal/tt_cache/Qwen/Qwen3-32B/TG/tensor_cache_bfp8/layers.2.feed_forward.w3_interleavedprefetcher_dtype_BFLOAT8_B_layout_TILE.tensorbin of shape Shape([1, 1, 1280, 3200])
2026-08-29 11:29:41.657 | DEBUG    | core:as_tensor:724 - Loaded cache for /localdev/ctr-apbernal/tt_cache/Qwen/Qwen3-32B/TG/tensor_cache_bfp8/layers.2.attention_norm.weight_dtype_BFLOAT16_layout_ROW_MAJOR.tensorbin of shape Shape([1, 1, 160, 32])
2026-08-29 11:29:41.657 | DEBUG    | core:as_tensor:724 - Loaded cache for /localdev/ctr-apbernal/tt_cache/Qwen/Qwen3-32B/TG/tensor_cache_bfp8/layers.2.attention_norm.weight_distributed_dtype_BFLOAT16_layout_ROW_MAJOR.tensorbin of shape Shape([1, 1, 40, 32])
2026-08-29 11:29:41.658 | DEBUG    | core:as_tensor:724 - Loaded cache for /localdev/ctr-apbernal/tt_cache/Qwen/Qwen3-32B/TG/tensor_cache_bfp8/layers.2.ffn_norm.weight_dtype_BFLOAT16_layout_ROW_MAJOR.tensorbin of shape Shape([1, 1, 160, 32])
2026-08-29 11:29:41.658 | DEBUG    | core:as_tensor:724 - Loaded cache for /localdev/ctr-apbernal/tt_cache/Qwen/Qwen3-32B/TG/tensor_cache_bfp8/layers.2.ffn_norm.weight_distributed_dtype_BFLOAT16_layout_ROW_MAJOR.tensorbin of shape Shape([1, 1, 40, 32])
  5%|▍         | 3/64 [00:02<00:46,  1.31it/s]2026-08-29 11:29:41.727 | DEBUG    | core:as_tensor:724 - Loaded cache for /localdev/ctr-apbernal/tt_cache/Qwen/Qwen3-32B/TG/tensor_cache_bfp8/layers.3.attention.wqkv_sharded_2d_prefetcher_dtype_BFLOAT8_B_layout_TILE.tensorbin of shape Shape([1, 1, 1280, 1280])
2026-08-29 11:29:41.776 | DEBUG    | core:as_tensor:724 - Loaded cache for /localdev/ctr-apbernal/tt_cache/Qwen/Qwen3-32B/TG/tensor_cache_bfp8/layers.3.attention.wqkv_sharded_2d_dram_dtype_BFLOAT8_B_layout_TILE.tensorbin of shape Shape([1, 1, 1280, 1280])
2026-08-29 11:29:41.822 | DEBUG    | core:as_tensor:724 - Loaded cache for /localdev/ctr-apbernal/tt_cache/Qwen/Qwen3-32B/TG/tensor_cache_bfp8/layers.3.attention.wo_width_sharded_2d_prefetcher_dtype_BFLOAT8_B_layout_TILE.tensorbin of shape Shape([1, 1, 1024, 1280])
2026-08-29 11:29:41.868 | DEBUG    | core:as_tensor:724 - Loaded cache for /localdev/ctr-apbernal/tt_cache/Qwen/Qwen3-32B/TG/tensor_cache_bfp8/layers.3.attention.wo_width_sharded_2d_dram_dtype_BFLOAT8_B_layout_TILE.tensorbin of shape Shape([1, 1, 1024, 1280])
2026-08-29 11:29:41.935 | DEBUG    | core:as_tensor:724 - Loaded cache for /localdev/ctr-apbernal/tt_cache/Qwen/Qwen3-32B/TG/tensor_cache_bfp8/layers.3.attention.wo_col_sharded_dram_dtype_BFLOAT8_B_layout_TILE.tensorbin of shape Shape([1, 1, 8192, 1280])
2026-08-29 11:29:41.948 | DEBUG    | core:as_tensor:724 - Loaded cache for /localdev/ctr-apbernal/tt_cache/Qwen/Qwen3-32B/TG/tensor_cache_bfp8/kvcache_torch.Size([2048, 1, 64, 128])_dtype_BFLOAT8_B_layout_TILE.tensorbin of shape Shape([2048, 1, 64, 128])
2026-08-29 11:29:41.955 | DEBUG    | core:as_tensor:724 - Loaded cache for /localdev/ctr-apbernal/tt_cache/Qwen/Qwen3-32B/TG/tensor_cache_bfp8/kvcache_torch.Size([2048, 1, 64, 128])_dtype_BFLOAT8_B_layout_TILE.tensorbin of shape Shape([2048, 1, 64, 128])
2026-08-29 11:29:42.058 | DEBUG    | core:as_tensor:724 - Loaded cache for /localdev/ctr-apbernal/tt_cache/Qwen/Qwen3-32B/TG/tensor_cache_bfp8/layers.3.feed_forward.w1_shardedprefetcher_dtype_BFLOAT16_layout_TILE.tensorbin of shape Shape([1, 1, 1280, 3200])
2026-08-29 11:29:42.142 | DEBUG    | core:as_tensor:724 - Loaded cache for /localdev/ctr-apbernal/tt_cache/Qwen/Qwen3-32B/TG/tensor_cache_bfp8/layers.3.feed_forward.w2_shardedprefetcher_dtype_BFLOAT16_layout_TILE.tensorbin of shape Shape([1, 1, 3200, 1280])
2026-08-29 11:29:42.227 | DEBUG    | core:as_tensor:724 - Loaded cache for /localdev/ctr-apbernal/tt_cache/Qwen/Qwen3-32B/TG/tensor_cache_bfp8/layers.3.feed_forward.w3_shardedprefetcher_dtype_BFLOAT16_layout_TILE.tensorbin of shape Shape([1, 1, 1280, 3200])
2026-08-29 11:29:42.291 | DEBUG    | core:as_tensor:724 - Loaded cache for /localdev/ctr-apbernal/tt_cache/Qwen/Qwen3-32B/TG/tensor_cache_bfp8/layers.3.feed_forward.w1_interleavedprefetcher_dtype_BFLOAT8_B_layout_TILE.tensorbin of shape Shape([1, 1, 1280, 3200])
2026-08-29 11:29:42.356 | DEBUG    | core:as_tensor:724 - Loaded cache for /localdev/ctr-apbernal/tt_cache/Qwen/Qwen3-32B/TG/tensor_cache_bfp8/layers.3.feed_forward.w2_interleavedprefetcher_dtype_BFLOAT8_B_layout_TILE.tensorbin of shape Shape([1, 1, 3200, 1280])
2026-08-29 11:29:42.421 | DEBUG    | core:as_tensor:724 - Loaded cache for /localdev/ctr-apbernal/tt_cache/Qwen/Qwen3-32B/TG/tensor_cache_bfp8/layers.3.feed_forward.w3_interleavedprefetcher_dtype_BFLOAT8_B_layout_TILE.tensorbin of shape Shape([1, 1, 1280, 3200])
2026-08-29 11:29:42.422 | DEBUG    | core:as_tensor:724 - Loaded cache for /localdev/ctr-apbernal/tt_cache/Qwen/Qwen3-32B/TG/tensor_cache_bfp8/layers.3.attention_norm.weight_dtype_BFLOAT16_layout_ROW_MAJOR.tensorbin of shape Shape([1, 1, 160, 32])
2026-08-29 11:29:42.423 | DEBUG    | core:as_tensor:724 - Loaded cache for /localdev/ctr-apbernal/tt_cache/Qwen/Qwen3-32B/TG/tensor_cache_bfp8/layers.3.attention_norm.weight_distributed_dtype_BFLOAT16_layout_ROW_MAJOR.tensorbin of shape Shape([1, 1, 40, 32])
2026-08-29 11:29:42.423 | DEBUG    | core:as_tensor:724 - Loaded cache for /localdev/ctr-apbernal/tt_cache/Qwen/Qwen3-32B/TG/tensor_cache_bfp8/layers.3.ffn_norm.weight_dtype_BFLOAT16_layout_ROW_MAJOR.tensorbin of shape Shape([1, 1, 160, 32])
2026-08-29 11:29:42.424 | DEBUG    | core:as_tensor:724 - Loaded cache for /localdev/ctr-apbernal/tt_cache/Qwen/Qwen3-32B/TG/tensor_cache_bfp8/layers.3.ffn_norm.weight_distributed_dtype_BFLOAT16_layout_ROW_MAJOR.tensorbin of shape Shape([1, 1, 40, 32])
  6%|▋         | 4/64 [00:03<00:45,  1.31it/s]2026-08-29 11:29:42.488 | DEBUG    | core:as_tensor:724 - Loaded cache for /localdev/ctr-apbernal/tt_cache/Qwen/Qwen3-32B/TG/tensor_cache_bfp8/layers.4.attention.wqkv_sharded_2d_prefetcher_dtype_BFLOAT8_B_layout_TILE.tensorbin of shape Shape([1, 1, 1280, 1280])
2026-08-29 11:29:42.536 | DEBUG    | core:as_tensor:724 - Loaded cache for /localdev/ctr-apbernal/tt_cache/Qwen/Qwen3-32B/TG/tensor_cache_bfp8/layers.4.attention.wqkv_sharded_2d_dram_dtype_BFLOAT8_B_layout_TILE.tensorbin of shape Shape([1, 1, 1280, 1280])
2026-08-29 11:29:42.582 | DEBUG    | core:as_tensor:724 - Loaded cache for /localdev/ctr-apbernal/tt_cache/Qwen/Qwen3-32B/TG/tensor_cache_bfp8/layers.4.attention.wo_width_sharded_2d_prefetcher_dtype_BFLOAT8_B_layout_TILE.tensorbin of shape Shape([1, 1, 1024, 1280])
2026-08-29 11:29:42.628 | DEBUG    | core:as_tensor:724 - Loaded cache for /localdev/ctr-apbernal/tt_cache/Qwen/Qwen3-32B/TG/tensor_cache_bfp8/layers.4.attention.wo_width_sharded_2d_dram_dtype_BFLOAT8_B_layout_TILE.tensorbin of shape Shape([1, 1, 1024, 1280])
2026-08-29 11:29:42.693 | DEBUG    | core:as_tensor:724 - Loaded cache for /localdev/ctr-apbernal/tt_cache/Qwen/Qwen3-32B/TG/tensor_cache_bfp8/layers.4.attention.wo_col_sharded_dram_dtype_BFLOAT8_B_layout_TILE.tensorbin of shape Shape([1, 1, 8192, 1280])
2026-08-29 11:29:42.708 | DEBUG    | core:as_tensor:724 - Loaded cache for /localdev/ctr-apbernal/tt_cache/Qwen/Qwen3-32B/TG/tensor_cache_bfp8/kvcache_torch.Size([2048, 1, 64, 128])_dtype_BFLOAT8_B_layout_TILE.tensorbin of shape Shape([2048, 1, 64, 128])
2026-08-29 11:29:42.716 | DEBUG    | core:as_tensor:724 - Loaded cache for /localdev/ctr-apbernal/tt_cache/Qwen/Qwen3-32B/TG/tensor_cache_bfp8/kvcache_torch.Size([2048, 1, 64, 128])_dtype_BFLOAT8_B_layout_TILE.tensorbin of shape Shape([2048, 1, 64, 128])
2026-08-29 11:29:42.817 | DEBUG    | core:as_tensor:724 - Loaded cache for /localdev/ctr-apbernal/tt_cache/Qwen/Qwen3-32B/TG/tensor_cache_bfp8/layers.4.feed_forward.w1_shardedprefetcher_dtype_BFLOAT16_layout_TILE.tensorbin of shape Shape([1, 1, 1280, 3200])
2026-08-29 11:29:42.901 | DEBUG    | core:as_tensor:724 - Loaded cache for /localdev/ctr-apbernal/tt_cache/Qwen/Qwen3-32B/TG/tensor_cache_bfp8/layers.4.feed_forward.w2_shardedprefetcher_dtype_BFLOAT16_layout_TILE.tensorbin of shape Shape([1, 1, 3200, 1280])
2026-08-29 11:29:42.986 | DEBUG    | core:as_tensor:724 - Loaded cache for /localdev/ctr-apbernal/tt_cache/Qwen/Qwen3-32B/TG/tensor_cache_bfp8/layers.4.feed_forward.w3_shardedprefetcher_dtype_BFLOAT16_layout_TILE.tensorbin of shape Shape([1, 1, 1280, 3200])
2026-08-29 11:29:43.051 | DEBUG    | core:as_tensor:724 - Loaded cache for /localdev/ctr-apbernal/tt_cache/Qwen/Qwen3-32B/TG/tensor_cache_bfp8/layers.4.feed_forward.w1_interleavedprefetcher_dtype_BFLOAT8_B_layout_TILE.tensorbin of shape Shape([1, 1, 1280, 3200])
2026-08-29 11:29:43.115 | DEBUG    | core:as_tensor:724 - Loaded cache for /localdev/ctr-apbernal/tt_cache/Qwen/Qwen3-32B/TG/tensor_cache_bfp8/layers.4.feed_forward.w2_interleavedprefetcher_dtype_BFLOAT8_B_layout_TILE.tensorbin of shape Shape([1, 1, 3200, 1280])
2026-08-29 11:29:43.180 | DEBUG    | core:as_tensor:724 - Loaded cache for /localdev/ctr-apbernal/tt_cache/Qwen/Qwen3-32B/TG/tensor_cache_bfp8/layers.4.feed_forward.w3_interleavedprefetcher_dtype_BFLOAT8_B_layout_TILE.tensorbin of shape Shape([1, 1, 1280, 3200])
2026-08-29 11:29:43.181 | DEBUG    | core:as_tensor:724 - Loaded cache for /localdev/ctr-apbernal/tt_cache/Qwen/Qwen3-32B/TG/tensor_cache_bfp8/layers.4.attention_norm.weight_dtype_BFLOAT16_layout_ROW_MAJOR.tensorbin of shape Shape([1, 1, 160, 32])
2026-08-29 11:29:43.181 | DEBUG    | core:as_tensor:724 - Loaded cache for /localdev/ctr-apbernal/tt_cache/Qwen/Qwen3-32B/TG/tensor_cache_bfp8/layers.4.attention_norm.weight_distributed_dtype_BFLOAT16_layout_ROW_MAJOR.tensorbin of shape Shape([1, 1, 40, 32])
2026-08-29 11:29:43.182 | DEBUG    | core:as_tensor:724 - Loaded cache for /localdev/ctr-apbernal/tt_cache/Qwen/Qwen3-32B/TG/tensor_cache_bfp8/layers.4.ffn_norm.weight_dtype_BFLOAT16_layout_ROW_MAJOR.tensorbin of shape Shape([1, 1, 160, 32])
2026-08-29 11:29:43.182 | DEBUG    | core:as_tensor:724 - Loaded cache for /localdev/ctr-apbernal/tt_cache/Qwen/Qwen3-32B/TG/tensor_cache_bfp8/layers.4.ffn_norm.weight_distributed_dtype_BFLOAT16_layout_ROW_MAJOR.tensorbin of shape Shape([1, 1, 40, 32])
  8%|▊         | 5/64 [00:03<00:44,  1.31it/s]2026-08-29 11:29:43.247 | DEBUG    | core:as_tensor:724 - Loaded cache for /localdev/ctr-apbernal/tt_cache/Qwen/Qwen3-32B/TG/tensor_cache_bfp8/layers.5.attention.wqkv_sharded_2d_prefetcher_dtype_BFLOAT8_B_layout_TILE.tensorbin of shape Shape([1, 1, 1280, 1280])
2026-08-29 11:29:43.294 | DEBUG    | core:as_tensor:724 - Loaded cache for /localdev/ctr-apbernal/tt_cache/Qwen/Qwen3-32B/TG/tensor_cache_bfp8/layers.5.attention.wqkv_sharded_2d_dram_dtype_BFLOAT8_B_layout_TILE.tensorbin of shape Shape([1, 1, 1280, 1280])
2026-08-29 11:29:43.340 | DEBUG    | core:as_tensor:724 - Loaded cache for /localdev/ctr-apbernal/tt_cache/Qwen/Qwen3-32B/TG/tensor_cache_bfp8/layers.5.attention.wo_width_sharded_2d_prefetcher_dtype_BFLOAT8_B_layout_TILE.tensorbin of shape Shape([1, 1, 1024, 1280])
2026-08-29 11:29:43.386 | DEBUG    | core:as_tensor:724 - Loaded cache for /localdev/ctr-apbernal/tt_cache/Qwen/Qwen3-32B/TG/tensor_cache_bfp8/layers.5.attention.wo_width_sharded_2d_dram_dtype_BFLOAT8_B_layout_TILE.tensorbin of shape Shape([1, 1, 1024, 1280])
2026-08-29 11:29:43.451 | DEBUG    | core:as_tensor:724 - Loaded cache for /localdev/ctr-apbernal/tt_cache/Qwen/Qwen3-32B/TG/tensor_cache_bfp8/layers.5.attention.wo_col_sharded_dram_dtype_BFLOAT8_B_layout_TILE.tensorbin of shape Shape([1, 1, 8192, 1280])
2026-08-29 11:29:43.464 | DEBUG    | core:as_tensor:724 - Loaded cache for /localdev/ctr-apbernal/tt_cache/Qwen/Qwen3-32B/TG/tensor_cache_bfp8/kvcache_torch.Size([2048, 1, 64, 128])_dtype_BFLOAT8_B_layout_TILE.tensorbin of shape Shape([2048, 1, 64, 128])
2026-08-29 11:29:43.472 | DEBUG    | core:as_tensor:724 - Loaded cache for /localdev/ctr-apbernal/tt_cache/Qwen/Qwen3-32B/TG/tensor_cache_bfp8/kvcache_torch.Size([2048, 1, 64, 128])_dtype_BFLOAT8_B_layout_TILE.tensorbin of shape Shape([2048, 1, 64, 128])
2026-08-29 11:29:43.572 | DEBUG    | core:as_tensor:724 - Loaded cache for /localdev/ctr-apbernal/tt_cache/Qwen/Qwen3-32B/TG/tensor_cache_bfp8/layers.5.feed_forward.w1_shardedprefetcher_dtype_BFLOAT16_layout_TILE.tensorbin of shape Shape([1, 1, 1280, 3200])
2026-08-29 11:29:43.656 | DEBUG    | core:as_tensor:724 - Loaded cache for /localdev/ctr-apbernal/tt_cache/Qwen/Qwen3-32B/TG/tensor_cache_bfp8/layers.5.feed_forward.w2_shardedprefetcher_dtype_BFLOAT16_layout_TILE.tensorbin of shape Shape([1, 1, 3200, 1280])
2026-08-29 11:29:43.742 | DEBUG    | core:as_tensor:724 - Loaded cache for /localdev/ctr-apbernal/tt_cache/Qwen/Qwen3-32B/TG/tensor_cache_bfp8/layers.5.feed_forward.w3_shardedprefetcher_dtype_BFLOAT16_layout_TILE.tensorbin of shape Shape([1, 1, 1280, 3200])
2026-08-29 11:29:43.807 | DEBUG    | core:as_tensor:724 - Loaded cache for /localdev/ctr-apbernal/tt_cache/Qwen/Qwen3-32B/TG/tensor_cache_bfp8/layers.5.feed_forward.w1_interleavedprefetcher_dtype_BFLOAT8_B_layout_TILE.tensorbin of shape Shape([1, 1, 1280, 3200])
2026-08-29 11:29:43.872 | DEBUG    | core:as_tensor:724 - Loaded cache for /localdev/ctr-apbernal/tt_cache/Qwen/Qwen3-32B/TG/tensor_cache_bfp8/layers.5.feed_forward.w2_interleavedprefetcher_dtype_BFLOAT8_B_layout_TILE.tensorbin of shape Shape([1, 1, 3200, 1280])
2026-08-29 11:29:43.937 | DEBUG    | core:as_tensor:724 - Loaded cache for /localdev/ctr-apbernal/tt_cache/Qwen/Qwen3-32B/TG/tensor_cache_bfp8/layers.5.feed_forward.w3_interleavedprefetcher_dtype_BFLOAT8_B_layout_TILE.tensorbin of shape Shape([1, 1, 1280, 3200])
2026-08-29 11:29:43.938 | DEBUG    | core:as_tensor:724 - Loaded cache for /localdev/ctr-apbernal/tt_cache/Qwen/Qwen3-32B/TG/tensor_cache_bfp8/layers.5.attention_norm.weight_dtype_BFLOAT16_layout_ROW_MAJOR.tensorbin of shape Shape([1, 1, 160, 32])
2026-08-29 11:29:43.939 | DEBUG    | core:as_tensor:724 - Loaded cache for /localdev/ctr-apbernal/tt_cache/Qwen/Qwen3-32B/TG/tensor_cache_bfp8/layers.5.attention_norm.weight_distributed_dtype_BFLOAT16_layout_ROW_MAJOR.tensorbin of shape Shape([1, 1, 40, 32])
2026-08-29 11:29:43.939 | DEBUG    | core:as_tensor:724 - Loaded cache for /localdev/ctr-apbernal/tt_cache/Qwen/Qwen3-32B/TG/tensor_cache_bfp8/layers.5.ffn_norm.weight_dtype_BFLOAT16_layout_ROW_MAJOR.tensorbin of shape Shape([1, 1, 160, 32])
2026-08-29 11:29:43.940 | DEBUG    | core:as_tensor:724 - Loaded cache for /localdev/ctr-apbernal/tt_cache/Qwen/Qwen3-32B/TG/tensor_cache_bfp8/layers.5.ffn_norm.weight_distributed_dtype_BFLOAT16_layout_ROW_MAJOR.tensorbin of shape Shape([1, 1, 40, 32])
  9%|▉         | 6/64 [00:04<00:44,  1.31it/s]2026-08-29 11:29:44.016 | DEBUG    | core:as_tensor:724 - Loaded cache for /localdev/ctr-apbernal/tt_cache/Qwen/Qwen3-32B/TG/tensor_cache_bfp8/layers.6.attention.wqkv_sharded_2d_prefetcher_dtype_BFLOAT8_B_layout_TILE.tensorbin of shape Shape([1, 1, 1280, 1280])
2026-08-29 11:29:44.063 | DEBUG    | core:as_tensor:724 - Loaded cache for /localdev/ctr-apbernal/tt_cache/Qwen/Qwen3-32B/TG/tensor_cache_bfp8/layers.6.attention.wqkv_sharded_2d_dram_dtype_BFLOAT8_B_layout_TILE.tensorbin of shape Shape([1, 1, 1280, 1280])
2026-08-29 11:29:44.107 | DEBUG    | core:as_tensor:724 - Loaded cache for /localdev/ctr-apbernal/tt_cache/Qwen/Qwen3-32B/TG/tensor_cache_bfp8/layers.6.attention.wo_width_sharded_2d_prefetcher_dtype_BFLOAT8_B_layout_TILE.tensorbin of shape Shape([1, 1, 1024, 1280])
2026-08-29 11:29:44.153 | DEBUG    | core:as_tensor:724 - Loaded cache for /localdev/ctr-apbernal/tt_cache/Qwen/Qwen3-32B/TG/tensor_cache_bfp8/layers.6.attention.wo_width_sharded_2d_dram_dtype_BFLOAT8_B_layout_TILE.tensorbin of shape Shape([1, 1, 1024, 1280])
2026-08-29 11:29:44.214 | DEBUG    | core:as_tensor:724 - Loaded cache for /localdev/ctr-apbernal/tt_cache/Qwen/Qwen3-32B/TG/tensor_cache_bfp8/layers.6.attention.wo_col_sharded_dram_dtype_BFLOAT8_B_layout_TILE.tensorbin of shape Shape([1, 1, 8192, 1280])
2026-08-29 11:29:44.230 | DEBUG    | core:as_tensor:724 - Loaded cache for /localdev/ctr-apbernal/tt_cache/Qwen/Qwen3-32B/TG/tensor_cache_bfp8/kvcache_torch.Size([2048, 1, 64, 128])_dtype_BFLOAT8_B_layout_TILE.tensorbin of shape Shape([2048, 1, 64, 128])
2026-08-29 11:29:44.237 | DEBUG    | core:as_tensor:724 - Loaded cache for /localdev/ctr-apbernal/tt_cache/Qwen/Qwen3-32B/TG/tensor_cache_bfp8/kvcache_torch.Size([2048, 1, 64, 128])_dtype_BFLOAT8_B_layout_TILE.tensorbin of shape Shape([2048, 1, 64, 128])
2026-08-29 11:29:44.340 | DEBUG    | core:as_tensor:724 - Loaded cache for /localdev/ctr-apbernal/tt_cache/Qwen/Qwen3-32B/TG/tensor_cache_bfp8/layers.6.feed_forward.w1_shardedprefetcher_dtype_BFLOAT16_layout_TILE.tensorbin of shape Shape([1, 1, 1280, 3200])
2026-08-29 11:29:44.425 | DEBUG    | core:as_tensor:724 - Loaded cache for /localdev/ctr-apbernal/tt_cache/Qwen/Qwen3-32B/TG/tensor_cache_bfp8/layers.6.feed_forward.w2_shardedprefetcher_dtype_BFLOAT16_layout_TILE.tensorbin of shape Shape([1, 1, 3200, 1280])
2026-08-29 11:29:44.510 | DEBUG    | core:as_tensor:724 - Loaded cache for /localdev/ctr-apbernal/tt_cache/Qwen/Qwen3-32B/TG/tensor_cache_bfp8/layers.6.feed_forward.w3_shardedprefetcher_dtype_BFLOAT16_layout_TILE.tensorbin of shape Shape([1, 1, 1280, 3200])
2026-08-29 11:29:44.575 | DEBUG    | core:as_tensor:724 - Loaded cache for /localdev/ctr-apbernal/tt_cache/Qwen/Qwen3-32B/TG/tensor_cache_bfp8/layers.6.feed_forward.w1_interleavedprefetcher_dtype_BFLOAT8_B_layout_TILE.tensorbin of shape Shape([1, 1, 1280, 3200])
2026-08-29 11:29:44.639 | DEBUG    | core:as_tensor:724 - Loaded cache for /localdev/ctr-apbernal/tt_cache/Qwen/Qwen3-32B/TG/tensor_cache_bfp8/layers.6.feed_forward.w2_interleavedprefetcher_dtype_BFLOAT8_B_layout_TILE.tensorbin of shape Shape([1, 1, 3200, 1280])
2026-08-29 11:29:44.705 | DEBUG    | core:as_tensor:724 - Loaded cache for /localdev/ctr-apbernal/tt_cache/Qwen/Qwen3-32B/TG/tensor_cache_bfp8/layers.6.feed_forward.w3_interleavedprefetcher_dtype_BFLOAT8_B_layout_TILE.tensorbin of shape Shape([1, 1, 1280, 3200])
2026-08-29 11:29:44.706 | DEBUG    | core:as_tensor:724 - Loaded cache for /localdev/ctr-apbernal/tt_cache/Qwen/Qwen3-32B/TG/tensor_cache_bfp8/layers.6.attention_norm.weight_dtype_BFLOAT16_layout_ROW_MAJOR.tensorbin of shape Shape([1, 1, 160, 32])
2026-08-29 11:29:44.707 | DEBUG    | core:as_tensor:724 - Loaded cache for /localdev/ctr-apbernal/tt_cache/Qwen/Qwen3-32B/TG/tensor_cache_bfp8/layers.6.attention_norm.weight_distributed_dtype_BFLOAT16_layout_ROW_MAJOR.tensorbin of shape Shape([1, 1, 40, 32])
2026-08-29 11:29:44.707 | DEBUG    | core:as_tensor:724 - Loaded cache for /localdev/ctr-apbernal/tt_cache/Qwen/Qwen3-32B/TG/tensor_cache_bfp8/layers.6.ffn_norm.weight_dtype_BFLOAT16_layout_ROW_MAJOR.tensorbin of shape Shape([1, 1, 160, 32])
2026-08-29 11:29:44.708 | DEBUG    | core:as_tensor:724 - Loaded cache for /localdev/ctr-apbernal/tt_cache/Qwen/Qwen3-32B/TG/tensor_cache_bfp8/layers.6.ffn_norm.weight_distributed_dtype_BFLOAT16_layout_ROW_MAJOR.tensorbin of shape Shape([1, 1, 40, 32])
 11%|█         | 7/64 [00:05<00:43,  1.31it/s]2026-08-29 11:29:44.772 | DEBUG    | core:as_tensor:724 - Loaded cache for /localdev/ctr-apbernal/tt_cache/Qwen/Qwen3-32B/TG/tensor_cache_bfp8/layers.7.attention.wqkv_sharded_2d_prefetcher_dtype_BFLOAT8_B_layout_TILE.tensorbin of shape Shape([1, 1, 1280, 1280])
2026-08-29 11:29:44.819 | DEBUG    | core:as_tensor:724 - Loaded cache for /localdev/ctr-apbernal/tt_cache/Qwen/Qwen3-32B/TG/tensor_cache_bfp8/layers.7.attention.wqkv_sharded_2d_dram_dtype_BFLOAT8_B_layout_TILE.tensorbin of shape Shape([1, 1, 1280, 1280])
2026-08-29 11:29:44.864 | DEBUG    | core:as_tensor:724 - Loaded cache for /localdev/ctr-apbernal/tt_cache/Qwen/Qwen3-32B/TG/tensor_cache_bfp8/layers.7.attention.wo_width_sharded_2d_prefetcher_dtype_BFLOAT8_B_layout_TILE.tensorbin of shape Shape([1, 1, 1024, 1280])
2026-08-29 11:29:44.909 | DEBUG    | core:as_tensor:724 - Loaded cache for /localdev/ctr-apbernal/tt_cache/Qwen/Qwen3-32B/TG/tensor_cache_bfp8/layers.7.attention.wo_width_sharded_2d_dram_dtype_BFLOAT8_B_layout_TILE.tensorbin of shape Shape([1, 1, 1024, 1280])
2026-08-29 11:29:44.973 | DEBUG    | core:as_tensor:724 - Loaded cache for /localdev/ctr-apbernal/tt_cache/Qwen/Qwen3-32B/TG/tensor_cache_bfp8/layers.7.attention.wo_col_sharded_dram_dtype_BFLOAT8_B_layout_TILE.tensorbin of shape Shape([1, 1, 8192, 1280])
2026-08-29 11:29:44.989 | DEBUG    | core:as_tensor:724 - Loaded cache for /localdev/ctr-apbernal/tt_cache/Qwen/Qwen3-32B/TG/tensor_cache_bfp8/kvcache_torch.Size([2048, 1, 64, 128])_dtype_BFLOAT8_B_layout_TILE.tensorbin of shape Shape([2048, 1, 64, 128])
2026-08-29 11:29:44.997 | DEBUG    | core:as_tensor:724 - Loaded cache for /localdev/ctr-apbernal/tt_cache/Qwen/Qwen3-32B/TG/tensor_cache_bfp8/kvcache_torch.Size([2048, 1, 64, 128])_dtype_BFLOAT8_B_layout_TILE.tensorbin of shape Shape([2048, 1, 64, 128])
2026-08-29 11:29:45.096 | DEBUG    | core:as_tensor:724 - Loaded cache for /localdev/ctr-apbernal/tt_cache/Qwen/Qwen3-32B/TG/tensor_cache_bfp8/layers.7.feed_forward.w1_shardedprefetcher_dtype_BFLOAT16_layout_TILE.tensorbin of shape Shape([1, 1, 1280, 3200])
2026-08-29 11:29:45.180 | DEBUG    | core:as_tensor:724 - Loaded cache for /localdev/ctr-apbernal/tt_cache/Qwen/Qwen3-32B/TG/tensor_cache_bfp8/layers.7.feed_forward.w2_shardedprefetcher_dtype_BFLOAT16_layout_TILE.tensorbin of shape Shape([1, 1, 3200, 1280])
2026-08-29 11:29:45.266 | DEBUG    | core:as_tensor:724 - Loaded cache for /localdev/ctr-apbernal/tt_cache/Qwen/Qwen3-32B/TG/tensor_cache_bfp8/layers.7.feed_forward.w3_shardedprefetcher_dtype_BFLOAT16_layout_TILE.tensorbin of shape Shape([1, 1, 1280, 3200])
2026-08-29 11:29:45.330 | DEBUG    | core:as_tensor:724 - Loaded cache for /localdev/ctr-apbernal/tt_cache/Qwen/Qwen3-32B/TG/tensor_cache_bfp8/layers.7.feed_forward.w1_interleavedprefetcher_dtype_BFLOAT8_B_layout_TILE.tensorbin of shape Shape([1, 1, 1280, 3200])
2026-08-29 11:29:45.395 | DEBUG    | core:as_tensor:724 - Loaded cache for /localdev/ctr-apbernal/tt_cache/Qwen/Qwen3-32B/TG/tensor_cache_bfp8/layers.7.feed_forward.w2_interleavedprefetcher_dtype_BFLOAT8_B_layout_TILE.tensorbin of shape Shape([1, 1, 3200, 1280])
2026-08-29 11:29:45.461 | DEBUG    | core:as_tensor:724 - Loaded cache for /localdev/ctr-apbernal/tt_cache/Qwen/Qwen3-32B/TG/tensor_cache_bfp8/layers.7.feed_forward.w3_interleavedprefetcher_dtype_BFLOAT8_B_layout_TILE.tensorbin of shape Shape([1, 1, 1280, 3200])
2026-08-29 11:29:45.462 | DEBUG    | core:as_tensor:724 - Loaded cache for /localdev/ctr-apbernal/tt_cache/Qwen/Qwen3-32B/TG/tensor_cache_bfp8/layers.7.attention_norm.weight_dtype_BFLOAT16_layout_ROW_MAJOR.tensorbin of shape Shape([1, 1, 160, 32])
2026-08-29 11:29:45.463 | DEBUG    | core:as_tensor:724 - Loaded cache for /localdev/ctr-apbernal/tt_cache/Qwen/Qwen3-32B/TG/tensor_cache_bfp8/layers.7.attention_norm.weight_distributed_dtype_BFLOAT16_layout_ROW_MAJOR.tensorbin of shape Shape([1, 1, 40, 32])
2026-08-29 11:29:45.463 | DEBUG    | core:as_tensor:724 - Loaded cache for /localdev/ctr-apbernal/tt_cache/Qwen/Qwen3-32B/TG/tensor_cache_bfp8/layers.7.ffn_norm.weight_dtype_BFLOAT16_layout_ROW_MAJOR.tensorbin of shape Shape([1, 1, 160, 32])
2026-08-29 11:29:45.464 | DEBUG    | core:as_tensor:724 - Loaded cache for /localdev/ctr-apbernal/tt_cache/Qwen/Qwen3-32B/TG/tensor_cache_bfp8/layers.7.ffn_norm.weight_distributed_dtype_BFLOAT16_layout_ROW_MAJOR.tensorbin of shape Shape([1, 1, 40, 32])
 12%|█▎        | 8/64 [00:06<00:42,  1.31it/s]2026-08-29 11:29:45.532 | DEBUG    | core:as_tensor:724 - Loaded cache for /localdev/ctr-apbernal/tt_cache/Qwen/Qwen3-32B/TG/tensor_cache_bfp8/layers.8.attention.wqkv_sharded_2d_prefetcher_dtype_BFLOAT8_B_layout_TILE.tensorbin of shape Shape([1, 1, 1280, 1280])
2026-08-29 11:29:45.579 | DEBUG    | core:as_tensor:724 - Loaded cache for /localdev/ctr-apbernal/tt_cache/Qwen/Qwen3-32B/TG/tensor_cache_bfp8/layers.8.attention.wqkv_sharded_2d_dram_dtype_BFLOAT8_B_layout_TILE.tensorbin of shape Shape([1, 1, 1280, 1280])
2026-08-29 11:29:45.624 | DEBUG    | core:as_tensor:724 - Loaded cache for /localdev/ctr-apbernal/tt_cache/Qwen/Qwen3-32B/TG/tensor_cache_bfp8/layers.8.attention.wo_width_sharded_2d_prefetcher_dtype_BFLOAT8_B_layout_TILE.tensorbin of shape Shape([1, 1, 1024, 1280])
2026-08-29 11:29:45.670 | DEBUG    | core:as_tensor:724 - Loaded cache for /localdev/ctr-apbernal/tt_cache/Qwen/Qwen3-32B/TG/tensor_cache_bfp8/layers.8.attention.wo_width_sharded_2d_dram_dtype_BFLOAT8_B_layout_TILE.tensorbin of shape Shape([1, 1, 1024, 1280])
2026-08-29 11:29:45.736 | DEBUG    | core:as_tensor:724 - Loaded cache for /localdev/ctr-apbernal/tt_cache/Qwen/Qwen3-32B/TG/tensor_cache_bfp8/layers.8.attention.wo_col_sharded_dram_dtype_BFLOAT8_B_layout_TILE.tensorbin of shape Shape([1, 1, 8192, 1280])
2026-08-29 11:29:45.749 | DEBUG    | core:as_tensor:724 - Loaded cache for /localdev/ctr-apbernal/tt_cache/Qwen/Qwen3-32B/TG/tensor_cache_bfp8/kvcache_torch.Size([2048, 1, 64, 128])_dtype_BFLOAT8_B_layout_TILE.tensorbin of shape Shape([2048, 1, 64, 128])
2026-08-29 11:29:45.756 | DEBUG    | core:as_tensor:724 - Loaded cache for /localdev/ctr-apbernal/tt_cache/Qwen/Qwen3-32B/TG/tensor_cache_bfp8/kvcache_torch.Size([2048, 1, 64, 128])_dtype_BFLOAT8_B_layout_TILE.tensorbin of shape Shape([2048, 1, 64, 128])
2026-08-29 11:29:45.855 | DEBUG    | core:as_tensor:724 - Loaded cache for /localdev/ctr-apbernal/tt_cache/Qwen/Qwen3-32B/TG/tensor_cache_bfp8/layers.8.feed_forward.w1_shardedprefetcher_dtype_BFLOAT16_layout_TILE.tensorbin of shape Shape([1, 1, 1280, 3200])
2026-08-29 11:29:45.941 | DEBUG    | core:as_tensor:724 - Loaded cache for /localdev/ctr-apbernal/tt_cache/Qwen/Qwen3-32B/TG/tensor_cache_bfp8/layers.8.feed_forward.w2_shardedprefetcher_dtype_BFLOAT16_layout_TILE.tensorbin of shape Shape([1, 1, 3200, 1280])
2026-08-29 11:29:46.027 | DEBUG    | core:as_tensor:724 - Loaded cache for /localdev/ctr-apbernal/tt_cache/Qwen/Qwen3-32B/TG/tensor_cache_bfp8/layers.8.feed_forward.w3_shardedprefetcher_dtype_BFLOAT16_layout_TILE.tensorbin of shape Shape([1, 1, 1280, 3200])
2026-08-29 11:29:46.093 | DEBUG    | core:as_tensor:724 - Loaded cache for /localdev/ctr-apbernal/tt_cache/Qwen/Qwen3-32B/TG/tensor_cache_bfp8/layers.8.feed_forward.w1_interleavedprefetcher_dtype_BFLOAT8_B_layout_TILE.tensorbin of shape Shape([1, 1, 1280, 3200])
2026-08-29 11:29:46.158 | DEBUG    | core:as_tensor:724 - Loaded cache for /localdev/ctr-apbernal/tt_cache/Qwen/Qwen3-32B/TG/tensor_cache_bfp8/layers.8.feed_forward.w2_interleavedprefetcher_dtype_BFLOAT8_B_layout_TILE.tensorbin of shape Shape([1, 1, 3200, 1280])
2026-08-29 11:29:46.223 | DEBUG    | core:as_tensor:724 - Loaded cache for /localdev/ctr-apbernal/tt_cache/Qwen/Qwen3-32B/TG/tensor_cache_bfp8/layers.8.feed_forward.w3_interleavedprefetcher_dtype_BFLOAT8_B_layout_TILE.tensorbin of shape Shape([1, 1, 1280, 3200])
2026-08-29 11:29:46.224 | DEBUG    | core:as_tensor:724 - Loaded cache for /localdev/ctr-apbernal/tt_cache/Qwen/Qwen3-32B/TG/tensor_cache_bfp8/layers.8.attention_norm.weight_dtype_BFLOAT16_layout_ROW_MAJOR.tensorbin of shape Shape([1, 1, 160, 32])
2026-08-29 11:29:46.224 | DEBUG    | core:as_tensor:724 - Loaded cache for /localdev/ctr-apbernal/tt_cache/Qwen/Qwen3-32B/TG/tensor_cache_bfp8/layers.8.attention_norm.weight_distributed_dtype_BFLOAT16_layout_ROW_MAJOR.tensorbin of shape Shape([1, 1, 40, 32])
2026-08-29 11:29:46.225 | DEBUG    | core:as_tensor:724 - Loaded cache for /localdev/ctr-apbernal/tt_cache/Qwen/Qwen3-32B/TG/tensor_cache_bfp8/layers.8.ffn_norm.weight_dtype_BFLOAT16_layout_ROW_MAJOR.tensorbin of shape Shape([1, 1, 160, 32])
2026-08-29 11:29:46.225 | DEBUG    | core:as_tensor:724 - Loaded cache for /localdev/ctr-apbernal/tt_cache/Qwen/Qwen3-32B/TG/tensor_cache_bfp8/layers.8.ffn_norm.weight_distributed_dtype_BFLOAT16_layout_ROW_MAJOR.tensorbin of shape Shape([1, 1, 40, 32])
 14%|█▍        | 9/64 [00:06<00:41,  1.31it/s]2026-08-29 11:29:46.290 | DEBUG    | core:as_tensor:724 - Loaded cache for /localdev/ctr-apbernal/tt_cache/Qwen/Qwen3-32B/TG/tensor_cache_bfp8/layers.9.attention.wqkv_sharded_2d_prefetcher_dtype_BFLOAT8_B_layout_TILE.tensorbin of shape Shape([1, 1, 1280, 1280])
2026-08-29 11:29:46.337 | DEBUG    | core:as_tensor:724 - Loaded cache for /localdev/ctr-apbernal/tt_cache/Qwen/Qwen3-32B/TG/tensor_cache_bfp8/layers.9.attention.wqkv_sharded_2d_dram_dtype_BFLOAT8_B_layout_TILE.tensorbin of shape Shape([1, 1, 1280, 1280])
2026-08-29 11:29:46.381 | DEBUG    | core:as_tensor:724 - Loaded cache for /localdev/ctr-apbernal/tt_cache/Qwen/Qwen3-32B/TG/tensor_cache_bfp8/layers.9.attention.wo_width_sharded_2d_prefetcher_dtype_BFLOAT8_B_layout_TILE.tensorbin of shape Shape([1, 1, 1024, 1280])
2026-08-29 11:29:46.426 | DEBUG    | core:as_tensor:724 - Loaded cache for /localdev/ctr-apbernal/tt_cache/Qwen/Qwen3-32B/TG/tensor_cache_bfp8/layers.9.attention.wo_width_sharded_2d_dram_dtype_BFLOAT8_B_layout_TILE.tensorbin of shape Shape([1, 1, 1024, 1280])
2026-08-29 11:29:46.488 | DEBUG    | core:as_tensor:724 - Loaded cache for /localdev/ctr-apbernal/tt_cache/Qwen/Qwen3-32B/TG/tensor_cache_bfp8/layers.9.attention.wo_col_sharded_dram_dtype_BFLOAT8_B_layout_TILE.tensorbin of shape Shape([1, 1, 8192, 1280])
2026-08-29 11:29:46.503 | DEBUG    | core:as_tensor:724 - Loaded cache for /localdev/ctr-apbernal/tt_cache/Qwen/Qwen3-32B/TG/tensor_cache_bfp8/kvcache_torch.Size([2048, 1, 64, 128])_dtype_BFLOAT8_B_layout_TILE.tensorbin of shape Shape([2048, 1, 64, 128])
2026-08-29 11:29:46.510 | DEBUG    | core:as_tensor:724 - Loaded cache for /localdev/ctr-apbernal/tt_cache/Qwen/Qwen3-32B/TG/tensor_cache_bfp8/kvcache_torch.Size([2048, 1, 64, 128])_dtype_BFLOAT8_B_layout_TILE.tensorbin of shape Shape([2048, 1, 64, 128])
2026-08-29 11:29:46.613 | DEBUG    | core:as_tensor:724 - Loaded cache for /localdev/ctr-apbernal/tt_cache/Qwen/Qwen3-32B/TG/tensor_cache_bfp8/layers.9.feed_forward.w1_shardedprefetcher_dtype_BFLOAT16_layout_TILE.tensorbin of shape Shape([1, 1, 1280, 3200])
2026-08-29 11:29:46.699 | DEBUG    | core:as_tensor:724 - Loaded cache for /localdev/ctr-apbernal/tt_cache/Qwen/Qwen3-32B/TG/tensor_cache_bfp8/layers.9.feed_forward.w2_shardedprefetcher_dtype_BFLOAT16_layout_TILE.tensorbin of shape Shape([1, 1, 3200, 1280])
2026-08-29 11:29:46.787 | DEBUG    | core:as_tensor:724 - Loaded cache for /localdev/ctr-apbernal/tt_cache/Qwen/Qwen3-32B/TG/tensor_cache_bfp8/layers.9.feed_forward.w3_shardedprefetcher_dtype_BFLOAT16_layout_TILE.tensorbin of shape Shape([1, 1, 1280, 3200])
2026-08-29 11:29:46.852 | DEBUG    | core:as_tensor:724 - Loaded cache for /localdev/ctr-apbernal/tt_cache/Qwen/Qwen3-32B/TG/tensor_cache_bfp8/layers.9.feed_forward.w1_interleavedprefetcher_dtype_BFLOAT8_B_layout_TILE.tensorbin of shape Shape([1, 1, 1280, 3200])
2026-08-29 11:29:46.917 | DEBUG    | core:as_tensor:724 - Loaded cache for /localdev/ctr-apbernal/tt_cache/Qwen/Qwen3-32B/TG/tensor_cache_bfp8/layers.9.feed_forward.w2_interleavedprefetcher_dtype_BFLOAT8_B_layout_TILE.tensorbin of shape Shape([1, 1, 3200, 1280])
2026-08-29 11:29:46.983 | DEBUG    | core:as_tensor:724 - Loaded cache for /localdev/ctr-apbernal/tt_cache/Qwen/Qwen3-32B/TG/tensor_cache_bfp8/layers.9.feed_forward.w3_interleavedprefetcher_dtype_BFLOAT8_B_layout_TILE.tensorbin of shape Shape([1, 1, 1280, 3200])
2026-08-29 11:29:46.984 | DEBUG    | core:as_tensor:724 - Loaded cache for /localdev/ctr-apbernal/tt_cache/Qwen/Qwen3-32B/TG/tensor_cache_bfp8/layers.9.attention_norm.weight_dtype_BFLOAT16_layout_ROW_MAJOR.tensorbin of shape Shape([1, 1, 160, 32])
2026-08-29 11:29:46.985 | DEBUG    | core:as_tensor:724 - Loaded cache for /localdev/ctr-apbernal/tt_cache/Qwen/Qwen3-32B/TG/tensor_cache_bfp8/layers.9.attention_norm.weight_distributed_dtype_BFLOAT16_layout_ROW_MAJOR.tensorbin of shape Shape([1, 1, 40, 32])
2026-08-29 11:29:46.985 | DEBUG    | core:as_tensor:724 - Loaded cache for /localdev/ctr-apbernal/tt_cache/Qwen/Qwen3-32B/TG/tensor_cache_bfp8/layers.9.ffn_norm.weight_dtype_BFLOAT16_layout_ROW_MAJOR.tensorbin of shape Shape([1, 1, 160, 32])
2026-08-29 11:29:46.986 | DEBUG    | core:as_tensor:724 - Loaded cache for /localdev/ctr-apbernal/tt_cache/Qwen/Qwen3-32B/TG/tensor_cache_bfp8/layers.9.ffn_norm.weight_distributed_dtype_BFLOAT16_layout_ROW_MAJOR.tensorbin of shape Shape([1, 1, 40, 32])
 16%|█▌        | 10/64 [00:07<00:41,  1.31it/s]2026-08-29 11:29:47.051 | DEBUG    | core:as_tensor:724 - Loaded cache for /localdev/ctr-apbernal/tt_cache/Qwen/Qwen3-32B/TG/tensor_cache_bfp8/layers.10.attention.wqkv_sharded_2d_prefetcher_dtype_BFLOAT8_B_layout_TILE.tensorbin of shape Shape([1, 1, 1280, 1280])
2026-08-29 11:29:47.098 | DEBUG    | core:as_tensor:724 - Loaded cache for /localdev/ctr-apbernal/tt_cache/Qwen/Qwen3-32B/TG/tensor_cache_bfp8/layers.10.attention.wqkv_sharded_2d_dram_dtype_BFLOAT8_B_layout_TILE.tensorbin of shape Shape([1, 1, 1280, 1280])
2026-08-29 11:29:47.143 | DEBUG    | core:as_tensor:724 - Loaded cache for /localdev/ctr-apbernal/tt_cache/Qwen/Qwen3-32B/TG/tensor_cache_bfp8/layers.10.attention.wo_width_sharded_2d_prefetcher_dtype_BFLOAT8_B_layout_TILE.tensorbin of shape Shape([1, 1, 1024, 1280])
2026-08-29 11:29:47.188 | DEBUG    | core:as_tensor:724 - Loaded cache for /localdev/ctr-apbernal/tt_cache/Qwen/Qwen3-32B/TG/tensor_cache_bfp8/layers.10.attention.wo_width_sharded_2d_dram_dtype_BFLOAT8_B_layout_TILE.tensorbin of shape Shape([1, 1, 1024, 1280])
2026-08-29 11:29:47.252 | DEBUG    | core:as_tensor:724 - Loaded cache for /localdev/ctr-apbernal/tt_cache/Qwen/Qwen3-32B/TG/tensor_cache_bfp8/layers.10.attention.wo_col_sharded_dram_dtype_BFLOAT8_B_layout_TILE.tensorbin of shape Shape([1, 1, 8192, 1280])
2026-08-29 11:29:47.265 | DEBUG    | core:as_tensor:724 - Loaded cache for /localdev/ctr-apbernal/tt_cache/Qwen/Qwen3-32B/TG/tensor_cache_bfp8/kvcache_torch.Size([2048, 1, 64, 128])_dtype_BFLOAT8_B_layout_TILE.tensorbin of shape Shape([2048, 1, 64, 128])
2026-08-29 11:29:47.273 | DEBUG    | core:as_tensor:724 - Loaded cache for /localdev/ctr-apbernal/tt_cache/Qwen/Qwen3-32B/TG/tensor_cache_bfp8/kvcache_torch.Size([2048, 1, 64, 128])_dtype_BFLOAT8_B_layout_TILE.tensorbin of shape Shape([2048, 1, 64, 128])
2026-08-29 11:29:47.375 | DEBUG    | core:as_tensor:724 - Loaded cache for /localdev/ctr-apbernal/tt_cache/Qwen/Qwen3-32B/TG/tensor_cache_bfp8/layers.10.feed_forward.w1_shardedprefetcher_dtype_BFLOAT16_layout_TILE.tensorbin of shape Shape([1, 1, 1280, 3200])
2026-08-29 11:29:47.460 | DEBUG    | core:as_tensor:724 - Loaded cache for /localdev/ctr-apbernal/tt_cache/Qwen/Qwen3-32B/TG/tensor_cache_bfp8/layers.10.feed_forward.w2_shardedprefetcher_dtype_BFLOAT16_layout_TILE.tensorbin of shape Shape([1, 1, 3200, 1280])
2026-08-29 11:29:47.547 | DEBUG    | core:as_tensor:724 - Loaded cache for /localdev/ctr-apbernal/tt_cache/Qwen/Qwen3-32B/TG/tensor_cache_bfp8/layers.10.feed_forward.w3_shardedprefetcher_dtype_BFLOAT16_layout_TILE.tensorbin of shape Shape([1, 1, 1280, 3200])
2026-08-29 11:29:47.611 | DEBUG    | core:as_tensor:724 - Loaded cache for /localdev/ctr-apbernal/tt_cache/Qwen/Qwen3-32B/TG/tensor_cache_bfp8/layers.10.feed_forward.w1_interleavedprefetcher_dtype_BFLOAT8_B_layout_TILE.tensorbin of shape Shape([1, 1, 1280, 3200])
2026-08-29 11:29:47.675 | DEBUG    | core:as_tensor:724 - Loaded cache for /localdev/ctr-apbernal/tt_cache/Qwen/Qwen3-32B/TG/tensor_cache_bfp8/layers.10.feed_forward.w2_interleavedprefetcher_dtype_BFLOAT8_B_layout_TILE.tensorbin of shape Shape([1, 1, 3200, 1280])
2026-08-29 11:29:47.739 | DEBUG    | core:as_tensor:724 - Loaded cache for /localdev/ctr-apbernal/tt_cache/Qwen/Qwen3-32B/TG/tensor_cache_bfp8/layers.10.feed_forward.w3_interleavedprefetcher_dtype_BFLOAT8_B_layout_TILE.tensorbin of shape Shape([1, 1, 1280, 3200])
2026-08-29 11:29:47.740 | DEBUG    | core:as_tensor:724 - Loaded cache for /localdev/ctr-apbernal/tt_cache/Qwen/Qwen3-32B/TG/tensor_cache_bfp8/layers.10.attention_norm.weight_dtype_BFLOAT16_layout_ROW_MAJOR.tensorbin of shape Shape([1, 1, 160, 32])
2026-08-29 11:29:47.741 | DEBUG    | core:as_tensor:724 - Loaded cache for /localdev/ctr-apbernal/tt_cache/Qwen/Qwen3-32B/TG/tensor_cache_bfp8/layers.10.attention_norm.weight_distributed_dtype_BFLOAT16_layout_ROW_MAJOR.tensorbin of shape Shape([1, 1, 40, 32])
2026-08-29 11:29:47.745 | DEBUG    | core:as_tensor:724 - Loaded cache for /localdev/ctr-apbernal/tt_cache/Qwen/Qwen3-32B/TG/tensor_cache_bfp8/layers.10.ffn_norm.weight_dtype_BFLOAT16_layout_ROW_MAJOR.tensorbin of shape Shape([1, 1, 160, 32])
2026-08-29 11:29:47.745 | DEBUG    | core:as_tensor:724 - Loaded cache for /localdev/ctr-apbernal/tt_cache/Qwen/Qwen3-32B/TG/tensor_cache_bfp8/layers.10.ffn_norm.weight_distributed_dtype_BFLOAT16_layout_ROW_MAJOR.tensorbin of shape Shape([1, 1, 40, 32])
 17%|█▋        | 11/64 [00:08<00:40,  1.31it/s]2026-08-29 11:29:47.809 | DEBUG    | core:as_tensor:724 - Loaded cache for /localdev/ctr-apbernal/tt_cache/Qwen/Qwen3-32B/TG/tensor_cache_bfp8/layers.11.attention.wqkv_sharded_2d_prefetcher_dtype_BFLOAT8_B_layout_TILE.tensorbin of shape Shape([1, 1, 1280, 1280])
2026-08-29 11:29:47.856 | DEBUG    | core:as_tensor:724 - Loaded cache for /localdev/ctr-apbernal/tt_cache/Qwen/Qwen3-32B/TG/tensor_cache_bfp8/layers.11.attention.wqkv_sharded_2d_dram_dtype_BFLOAT8_B_layout_TILE.tensorbin of shape Shape([1, 1, 1280, 1280])
2026-08-29 11:29:47.901 | DEBUG    | core:as_tensor:724 - Loaded cache for /localdev/ctr-apbernal/tt_cache/Qwen/Qwen3-32B/TG/tensor_cache_bfp8/layers.11.attention.wo_width_sharded_2d_prefetcher_dtype_BFLOAT8_B_layout_TILE.tensorbin of shape Shape([1, 1, 1024, 1280])
2026-08-29 11:29:47.946 | DEBUG    | core:as_tensor:724 - Loaded cache for /localdev/ctr-apbernal/tt_cache/Qwen/Qwen3-32B/TG/tensor_cache_bfp8/layers.11.attention.wo_width_sharded_2d_dram_dtype_BFLOAT8_B_layout_TILE.tensorbin of shape Shape([1, 1, 1024, 1280])
2026-08-29 11:29:48.009 | DEBUG    | core:as_tensor:724 - Loaded cache for /localdev/ctr-apbernal/tt_cache/Qwen/Qwen3-32B/TG/tensor_cache_bfp8/layers.11.attention.wo_col_sharded_dram_dtype_BFLOAT8_B_layout_TILE.tensorbin of shape Shape([1, 1, 8192, 1280])
2026-08-29 11:29:48.023 | DEBUG    | core:as_tensor:724 - Loaded cache for /localdev/ctr-apbernal/tt_cache/Qwen/Qwen3-32B/TG/tensor_cache_bfp8/kvcache_torch.Size([2048, 1, 64, 128])_dtype_BFLOAT8_B_layout_TILE.tensorbin of shape Shape([2048, 1, 64, 128])
2026-08-29 11:29:48.029 | DEBUG    | core:as_tensor:724 - Loaded cache for /localdev/ctr-apbernal/tt_cache/Qwen/Qwen3-32B/TG/tensor_cache_bfp8/kvcache_torch.Size([2048, 1, 64, 128])_dtype_BFLOAT8_B_layout_TILE.tensorbin of shape Shape([2048, 1, 64, 128])
2026-08-29 11:29:48.130 | DEBUG    | core:as_tensor:724 - Loaded cache for /localdev/ctr-apbernal/tt_cache/Qwen/Qwen3-32B/TG/tensor_cache_bfp8/layers.11.feed_forward.w1_shardedprefetcher_dtype_BFLOAT16_layout_TILE.tensorbin of shape Shape([1, 1, 1280, 3200])
2026-08-29 11:29:48.215 | DEBUG    | core:as_tensor:724 - Loaded cache for /localdev/ctr-apbernal/tt_cache/Qwen/Qwen3-32B/TG/tensor_cache_bfp8/layers.11.feed_forward.w2_shardedprefetcher_dtype_BFLOAT16_layout_TILE.tensorbin of shape Shape([1, 1, 3200, 1280])
2026-08-29 11:29:48.301 | DEBUG    | core:as_tensor:724 - Loaded cache for /localdev/ctr-apbernal/tt_cache/Qwen/Qwen3-32B/TG/tensor_cache_bfp8/layers.11.feed_forward.w3_shardedprefetcher_dtype_BFLOAT16_layout_TILE.tensorbin of shape Shape([1, 1, 1280, 3200])
2026-08-29 11:29:48.365 | DEBUG    | core:as_tensor:724 - Loaded cache for /localdev/ctr-apbernal/tt_cache/Qwen/Qwen3-32B/TG/tensor_cache_bfp8/layers.11.feed_forward.w1_interleavedprefetcher_dtype_BFLOAT8_B_layout_TILE.tensorbin of shape Shape([1, 1, 1280, 3200])
2026-08-29 11:29:48.430 | DEBUG    | core:as_tensor:724 - Loaded cache for /localdev/ctr-apbernal/tt_cache/Qwen/Qwen3-32B/TG/tensor_cache_bfp8/layers.11.feed_forward.w2_interleavedprefetcher_dtype_BFLOAT8_B_layout_TILE.tensorbin of shape Shape([1, 1, 3200, 1280])
2026-08-29 11:29:48.494 | DEBUG    | core:as_tensor:724 - Loaded cache for /localdev/ctr-apbernal/tt_cache/Qwen/Qwen3-32B/TG/tensor_cache_bfp8/layers.11.feed_forward.w3_interleavedprefetcher_dtype_BFLOAT8_B_layout_TILE.tensorbin of shape Shape([1, 1, 1280, 3200])
2026-08-29 11:29:48.495 | DEBUG    | core:as_tensor:724 - Loaded cache for /localdev/ctr-apbernal/tt_cache/Qwen/Qwen3-32B/TG/tensor_cache_bfp8/layers.11.attention_norm.weight_dtype_BFLOAT16_layout_ROW_MAJOR.tensorbin of shape Shape([1, 1, 160, 32])
2026-08-29 11:29:48.495 | DEBUG    | core:as_tensor:724 - Loaded cache for /localdev/ctr-apbernal/tt_cache/Qwen/Qwen3-32B/TG/tensor_cache_bfp8/layers.11.attention_norm.weight_distributed_dtype_BFLOAT16_layout_ROW_MAJOR.tensorbin of shape Shape([1, 1, 40, 32])
2026-08-29 11:29:48.496 | DEBUG    | core:as_tensor:724 - Loaded cache for /localdev/ctr-apbernal/tt_cache/Qwen/Qwen3-32B/TG/tensor_cache_bfp8/layers.11.ffn_norm.weight_dtype_BFLOAT16_layout_ROW_MAJOR.tensorbin of shape Shape([1, 1, 160, 32])
2026-08-29 11:29:48.496 | DEBUG    | core:as_tensor:724 - Loaded cache for /localdev/ctr-apbernal/tt_cache/Qwen/Qwen3-32B/TG/tensor_cache_bfp8/layers.11.ffn_norm.weight_distributed_dtype_BFLOAT16_layout_ROW_MAJOR.tensorbin of shape Shape([1, 1, 40, 32])
 19%|█▉        | 12/64 [00:09<00:39,  1.32it/s]2026-08-29 11:29:48.561 | DEBUG    | core:as_tensor:724 - Loaded cache for /localdev/ctr-apbernal/tt_cache/Qwen/Qwen3-32B/TG/tensor_cache_bfp8/layers.12.attention.wqkv_sharded_2d_prefetcher_dtype_BFLOAT8_B_layout_TILE.tensorbin of shape Shape([1, 1, 1280, 1280])
2026-08-29 11:29:48.609 | DEBUG    | core:as_tensor:724 - Loaded cache for /localdev/ctr-apbernal/tt_cache/Qwen/Qwen3-32B/TG/tensor_cache_bfp8/layers.12.attention.wqkv_sharded_2d_dram_dtype_BFLOAT8_B_layout_TILE.tensorbin of shape Shape([1, 1, 1280, 1280])
2026-08-29 11:29:48.653 | DEBUG    | core:as_tensor:724 - Loaded cache for /localdev/ctr-apbernal/tt_cache/Qwen/Qwen3-32B/TG/tensor_cache_bfp8/layers.12.attention.wo_width_sharded_2d_prefetcher_dtype_BFLOAT8_B_layout_TILE.tensorbin of shape Shape([1, 1, 1024, 1280])
2026-08-29 11:29:48.697 | DEBUG    | core:as_tensor:724 - Loaded cache for /localdev/ctr-apbernal/tt_cache/Qwen/Qwen3-32B/TG/tensor_cache_bfp8/layers.12.attention.wo_width_sharded_2d_dram_dtype_BFLOAT8_B_layout_TILE.tensorbin of shape Shape([1, 1, 1024, 1280])
2026-08-29 11:29:48.764 | DEBUG    | core:as_tensor:724 - Loaded cache for /localdev/ctr-apbernal/tt_cache/Qwen/Qwen3-32B/TG/tensor_cache_bfp8/layers.12.attention.wo_col_sharded_dram_dtype_BFLOAT8_B_layout_TILE.tensorbin of shape Shape([1, 1, 8192, 1280])
2026-08-29 11:29:48.779 | DEBUG    | core:as_tensor:724 - Loaded cache for /localdev/ctr-apbernal/tt_cache/Qwen/Qwen3-32B/TG/tensor_cache_bfp8/kvcache_torch.Size([2048, 1, 64, 128])_dtype_BFLOAT8_B_layout_TILE.tensorbin of shape Shape([2048, 1, 64, 128])
2026-08-29 11:29:48.787 | DEBUG    | core:as_tensor:724 - Loaded cache for /localdev/ctr-apbernal/tt_cache/Qwen/Qwen3-32B/TG/tensor_cache_bfp8/kvcache_torch.Size([2048, 1, 64, 128])_dtype_BFLOAT8_B_layout_TILE.tensorbin of shape Shape([2048, 1, 64, 128])
2026-08-29 11:29:48.889 | DEBUG    | core:as_tensor:724 - Loaded cache for /localdev/ctr-apbernal/tt_cache/Qwen/Qwen3-32B/TG/tensor_cache_bfp8/layers.12.feed_forward.w1_shardedprefetcher_dtype_BFLOAT16_layout_TILE.tensorbin of shape Shape([1, 1, 1280, 3200])
2026-08-29 11:29:48.974 | DEBUG    | core:as_tensor:724 - Loaded cache for /localdev/ctr-apbernal/tt_cache/Qwen/Qwen3-32B/TG/tensor_cache_bfp8/layers.12.feed_forward.w2_shardedprefetcher_dtype_BFLOAT16_layout_TILE.tensorbin of shape Shape([1, 1, 3200, 1280])
2026-08-29 11:29:49.059 | DEBUG    | core:as_tensor:724 - Loaded cache for /localdev/ctr-apbernal/tt_cache/Qwen/Qwen3-32B/TG/tensor_cache_bfp8/layers.12.feed_forward.w3_shardedprefetcher_dtype_BFLOAT16_layout_TILE.tensorbin of shape Shape([1, 1, 1280, 3200])
2026-08-29 11:29:49.122 | DEBUG    | core:as_tensor:724 - Loaded cache for /localdev/ctr-apbernal/tt_cache/Qwen/Qwen3-32B/TG/tensor_cache_bfp8/layers.12.feed_forward.w1_interleavedprefetcher_dtype_BFLOAT8_B_layout_TILE.tensorbin of shape Shape([1, 1, 1280, 3200])
2026-08-29 11:29:49.187 | DEBUG    | core:as_tensor:724 - Loaded cache for /localdev/ctr-apbernal/tt_cache/Qwen/Qwen3-32B/TG/tensor_cache_bfp8/layers.12.feed_forward.w2_interleavedprefetcher_dtype_BFLOAT8_B_layout_TILE.tensorbin of shape Shape([1, 1, 3200, 1280])
2026-08-29 11:29:49.254 | DEBUG    | core:as_tensor:724 - Loaded cache for /localdev/ctr-apbernal/tt_cache/Qwen/Qwen3-32B/TG/tensor_cache_bfp8/layers.12.feed_forward.w3_interleavedprefetcher_dtype_BFLOAT8_B_layout_TILE.tensorbin of shape Shape([1, 1, 1280, 3200])
2026-08-29 11:29:49.256 | DEBUG    | core:as_tensor:724 - Loaded cache for /localdev/ctr-apbernal/tt_cache/Qwen/Qwen3-32B/TG/tensor_cache_bfp8/layers.12.attention_norm.weight_dtype_BFLOAT16_layout_ROW_MAJOR.tensorbin of shape Shape([1, 1, 160, 32])
2026-08-29 11:29:49.257 | DEBUG    | core:as_tensor:724 - Loaded cache for /localdev/ctr-apbernal/tt_cache/Qwen/Qwen3-32B/TG/tensor_cache_bfp8/layers.12.attention_norm.weight_distributed_dtype_BFLOAT16_layout_ROW_MAJOR.tensorbin of shape Shape([1, 1, 40, 32])
2026-08-29 11:29:49.257 | DEBUG    | core:as_tensor:724 - Loaded cache for /localdev/ctr-apbernal/tt_cache/Qwen/Qwen3-32B/TG/tensor_cache_bfp8/layers.12.ffn_norm.weight_dtype_BFLOAT16_layout_ROW_MAJOR.tensorbin of shape Shape([1, 1, 160, 32])
2026-08-29 11:29:49.258 | DEBUG    | core:as_tensor:724 - Loaded cache for /localdev/ctr-apbernal/tt_cache/Qwen/Qwen3-32B/TG/tensor_cache_bfp8/layers.12.ffn_norm.weight_distributed_dtype_BFLOAT16_layout_ROW_MAJOR.tensorbin of shape Shape([1, 1, 40, 32])
 20%|██        | 13/64 [00:09<00:38,  1.32it/s]2026-08-29 11:29:49.322 | DEBUG    | core:as_tensor:724 - Loaded cache for /localdev/ctr-apbernal/tt_cache/Qwen/Qwen3-32B/TG/tensor_cache_bfp8/layers.13.attention.wqkv_sharded_2d_prefetcher_dtype_BFLOAT8_B_layout_TILE.tensorbin of shape Shape([1, 1, 1280, 1280])
2026-08-29 11:29:49.369 | DEBUG    | core:as_tensor:724 - Loaded cache for /localdev/ctr-apbernal/tt_cache/Qwen/Qwen3-32B/TG/tensor_cache_bfp8/layers.13.attention.wqkv_sharded_2d_dram_dtype_BFLOAT8_B_layout_TILE.tensorbin of shape Shape([1, 1, 1280, 1280])
2026-08-29 11:29:49.415 | DEBUG    | core:as_tensor:724 - Loaded cache for /localdev/ctr-apbernal/tt_cache/Qwen/Qwen3-32B/TG/tensor_cache_bfp8/layers.13.attention.wo_width_sharded_2d_prefetcher_dtype_BFLOAT8_B_layout_TILE.tensorbin of shape Shape([1, 1, 1024, 1280])
2026-08-29 11:29:49.460 | DEBUG    | core:as_tensor:724 - Loaded cache for /localdev/ctr-apbernal/tt_cache/Qwen/Qwen3-32B/TG/tensor_cache_bfp8/layers.13.attention.wo_width_sharded_2d_dram_dtype_BFLOAT8_B_layout_TILE.tensorbin of shape Shape([1, 1, 1024, 1280])
2026-08-29 11:29:49.523 | DEBUG    | core:as_tensor:724 - Loaded cache for /localdev/ctr-apbernal/tt_cache/Qwen/Qwen3-32B/TG/tensor_cache_bfp8/layers.13.attention.wo_col_sharded_dram_dtype_BFLOAT8_B_layout_TILE.tensorbin of shape Shape([1, 1, 8192, 1280])
2026-08-29 11:29:49.536 | DEBUG    | core:as_tensor:724 - Loaded cache for /localdev/ctr-apbernal/tt_cache/Qwen/Qwen3-32B/TG/tensor_cache_bfp8/kvcache_torch.Size([2048, 1, 64, 128])_dtype_BFLOAT8_B_layout_TILE.tensorbin of shape Shape([2048, 1, 64, 128])
2026-08-29 11:29:49.543 | DEBUG    | core:as_tensor:724 - Loaded cache for /localdev/ctr-apbernal/tt_cache/Qwen/Qwen3-32B/TG/tensor_cache_bfp8/kvcache_torch.Size([2048, 1, 64, 128])_dtype_BFLOAT8_B_layout_TILE.tensorbin of shape Shape([2048, 1, 64, 128])
2026-08-29 11:29:49.648 | DEBUG    | core:as_tensor:724 - Loaded cache for /localdev/ctr-apbernal/tt_cache/Qwen/Qwen3-32B/TG/tensor_cache_bfp8/layers.13.feed_forward.w1_shardedprefetcher_dtype_BFLOAT16_layout_TILE.tensorbin of shape Shape([1, 1, 1280, 3200])
2026-08-29 11:29:49.732 | DEBUG    | core:as_tensor:724 - Loaded cache for /localdev/ctr-apbernal/tt_cache/Qwen/Qwen3-32B/TG/tensor_cache_bfp8/layers.13.feed_forward.w2_shardedprefetcher_dtype_BFLOAT16_layout_TILE.tensorbin of shape Shape([1, 1, 3200, 1280])
2026-08-29 11:29:49.821 | DEBUG    | core:as_tensor:724 - Loaded cache for /localdev/ctr-apbernal/tt_cache/Qwen/Qwen3-32B/TG/tensor_cache_bfp8/layers.13.feed_forward.w3_shardedprefetcher_dtype_BFLOAT16_layout_TILE.tensorbin of shape Shape([1, 1, 1280, 3200])
2026-08-29 11:29:49.885 | DEBUG    | core:as_tensor:724 - Loaded cache for /localdev/ctr-apbernal/tt_cache/Qwen/Qwen3-32B/TG/tensor_cache_bfp8/layers.13.feed_forward.w1_interleavedprefetcher_dtype_BFLOAT8_B_layout_TILE.tensorbin of shape Shape([1, 1, 1280, 3200])
2026-08-29 11:29:49.950 | DEBUG    | core:as_tensor:724 - Loaded cache for /localdev/ctr-apbernal/tt_cache/Qwen/Qwen3-32B/TG/tensor_cache_bfp8/layers.13.feed_forward.w2_interleavedprefetcher_dtype_BFLOAT8_B_layout_TILE.tensorbin of shape Shape([1, 1, 3200, 1280])
2026-08-29 11:29:50.015 | DEBUG    | core:as_tensor:724 - Loaded cache for /localdev/ctr-apbernal/tt_cache/Qwen/Qwen3-32B/TG/tensor_cache_bfp8/layers.13.feed_forward.w3_interleavedprefetcher_dtype_BFLOAT8_B_layout_TILE.tensorbin of shape Shape([1, 1, 1280, 3200])
2026-08-29 11:29:50.016 | DEBUG    | core:as_tensor:724 - Loaded cache for /localdev/ctr-apbernal/tt_cache/Qwen/Qwen3-32B/TG/tensor_cache_bfp8/layers.13.attention_norm.weight_dtype_BFLOAT16_layout_ROW_MAJOR.tensorbin of shape Shape([1, 1, 160, 32])
2026-08-29 11:29:50.016 | DEBUG    | core:as_tensor:724 - Loaded cache for /localdev/ctr-apbernal/tt_cache/Qwen/Qwen3-32B/TG/tensor_cache_bfp8/layers.13.attention_norm.weight_distributed_dtype_BFLOAT16_layout_ROW_MAJOR.tensorbin of shape Shape([1, 1, 40, 32])
2026-08-29 11:29:50.017 | DEBUG    | core:as_tensor:724 - Loaded cache for /localdev/ctr-apbernal/tt_cache/Qwen/Qwen3-32B/TG/tensor_cache_bfp8/layers.13.ffn_norm.weight_dtype_BFLOAT16_layout_ROW_MAJOR.tensorbin of shape Shape([1, 1, 160, 32])
2026-08-29 11:29:50.017 | DEBUG    | core:as_tensor:724 - Loaded cache for /localdev/ctr-apbernal/tt_cache/Qwen/Qwen3-32B/TG/tensor_cache_bfp8/layers.13.ffn_norm.weight_distributed_dtype_BFLOAT16_layout_ROW_MAJOR.tensorbin of shape Shape([1, 1, 40, 32])
 22%|██▏       | 14/64 [00:10<00:37,  1.32it/s]2026-08-29 11:29:50.081 | DEBUG    | core:as_tensor:724 - Loaded cache for /localdev/ctr-apbernal/tt_cache/Qwen/Qwen3-32B/TG/tensor_cache_bfp8/layers.14.attention.wqkv_sharded_2d_prefetcher_dtype_BFLOAT8_B_layout_TILE.tensorbin of shape Shape([1, 1, 1280, 1280])
2026-08-29 11:29:50.128 | DEBUG    | core:as_tensor:724 - Loaded cache for /localdev/ctr-apbernal/tt_cache/Qwen/Qwen3-32B/TG/tensor_cache_bfp8/layers.14.attention.wqkv_sharded_2d_dram_dtype_BFLOAT8_B_layout_TILE.tensorbin of shape Shape([1, 1, 1280, 1280])
2026-08-29 11:29:50.173 | DEBUG    | core:as_tensor:724 - Loaded cache for /localdev/ctr-apbernal/tt_cache/Qwen/Qwen3-32B/TG/tensor_cache_bfp8/layers.14.attention.wo_width_sharded_2d_prefetcher_dtype_BFLOAT8_B_layout_TILE.tensorbin of shape Shape([1, 1, 1024, 1280])
2026-08-29 11:29:50.217 | DEBUG    | core:as_tensor:724 - Loaded cache for /localdev/ctr-apbernal/tt_cache/Qwen/Qwen3-32B/TG/tensor_cache_bfp8/layers.14.attention.wo_width_sharded_2d_dram_dtype_BFLOAT8_B_layout_TILE.tensorbin of shape Shape([1, 1, 1024, 1280])
2026-08-29 11:29:50.280 | DEBUG    | core:as_tensor:724 - Loaded cache for /localdev/ctr-apbernal/tt_cache/Qwen/Qwen3-32B/TG/tensor_cache_bfp8/layers.14.attention.wo_col_sharded_dram_dtype_BFLOAT8_B_layout_TILE.tensorbin of shape Shape([1, 1, 8192, 1280])
2026-08-29 11:29:50.293 | DEBUG    | core:as_tensor:724 - Loaded cache for /localdev/ctr-apbernal/tt_cache/Qwen/Qwen3-32B/TG/tensor_cache_bfp8/kvcache_torch.Size([2048, 1, 64, 128])_dtype_BFLOAT8_B_layout_TILE.tensorbin of shape Shape([2048, 1, 64, 128])
2026-08-29 11:29:50.300 | DEBUG    | core:as_tensor:724 - Loaded cache for /localdev/ctr-apbernal/tt_cache/Qwen/Qwen3-32B/TG/tensor_cache_bfp8/kvcache_torch.Size([2048, 1, 64, 128])_dtype_BFLOAT8_B_layout_TILE.tensorbin of shape Shape([2048, 1, 64, 128])
2026-08-29 11:29:50.404 | DEBUG    | core:as_tensor:724 - Loaded cache for /localdev/ctr-apbernal/tt_cache/Qwen/Qwen3-32B/TG/tensor_cache_bfp8/layers.14.feed_forward.w1_shardedprefetcher_dtype_BFLOAT16_layout_TILE.tensorbin of shape Shape([1, 1, 1280, 3200])
2026-08-29 11:29:50.489 | DEBUG    | core:as_tensor:724 - Loaded cache for /localdev/ctr-apbernal/tt_cache/Qwen/Qwen3-32B/TG/tensor_cache_bfp8/layers.14.feed_forward.w2_shardedprefetcher_dtype_BFLOAT16_layout_TILE.tensorbin of shape Shape([1, 1, 3200, 1280])
2026-08-29 11:29:50.574 | DEBUG    | core:as_tensor:724 - Loaded cache for /localdev/ctr-apbernal/tt_cache/Qwen/Qwen3-32B/TG/tensor_cache_bfp8/layers.14.feed_forward.w3_shardedprefetcher_dtype_BFLOAT16_layout_TILE.tensorbin of shape Shape([1, 1, 1280, 3200])
2026-08-29 11:29:50.640 | DEBUG    | core:as_tensor:724 - Loaded cache for /localdev/ctr-apbernal/tt_cache/Qwen/Qwen3-32B/TG/tensor_cache_bfp8/layers.14.feed_forward.w1_interleavedprefetcher_dtype_BFLOAT8_B_layout_TILE.tensorbin of shape Shape([1, 1, 1280, 3200])
2026-08-29 11:29:50.705 | DEBUG    | core:as_tensor:724 - Loaded cache for /localdev/ctr-apbernal/tt_cache/Qwen/Qwen3-32B/TG/tensor_cache_bfp8/layers.14.feed_forward.w2_interleavedprefetcher_dtype_BFLOAT8_B_layout_TILE.tensorbin of shape Shape([1, 1, 3200, 1280])
2026-08-29 11:29:50.770 | DEBUG    | core:as_tensor:724 - Loaded cache for /localdev/ctr-apbernal/tt_cache/Qwen/Qwen3-32B/TG/tensor_cache_bfp8/layers.14.feed_forward.w3_interleavedprefetcher_dtype_BFLOAT8_B_layout_TILE.tensorbin of shape Shape([1, 1, 1280, 3200])
2026-08-29 11:29:50.771 | DEBUG    | core:as_tensor:724 - Loaded cache for /localdev/ctr-apbernal/tt_cache/Qwen/Qwen3-32B/TG/tensor_cache_bfp8/layers.14.attention_norm.weight_dtype_BFLOAT16_layout_ROW_MAJOR.tensorbin of shape Shape([1, 1, 160, 32])
2026-08-29 11:29:50.771 | DEBUG    | core:as_tensor:724 - Loaded cache for /localdev/ctr-apbernal/tt_cache/Qwen/Qwen3-32B/TG/tensor_cache_bfp8/layers.14.attention_norm.weight_distributed_dtype_BFLOAT16_layout_ROW_MAJOR.tensorbin of shape Shape([1, 1, 40, 32])
2026-08-29 11:29:50.772 | DEBUG    | core:as_tensor:724 - Loaded cache for /localdev/ctr-apbernal/tt_cache/Qwen/Qwen3-32B/TG/tensor_cache_bfp8/layers.14.ffn_norm.weight_dtype_BFLOAT16_layout_ROW_MAJOR.tensorbin of shape Shape([1, 1, 160, 32])
2026-08-29 11:29:50.772 | DEBUG    | core:as_tensor:724 - Loaded cache for /localdev/ctr-apbernal/tt_cache/Qwen/Qwen3-32B/TG/tensor_cache_bfp8/layers.14.ffn_norm.weight_distributed_dtype_BFLOAT16_layout_ROW_MAJOR.tensorbin of shape Shape([1, 1, 40, 32])
 23%|██▎       | 15/64 [00:11<00:37,  1.32it/s]2026-08-29 11:29:50.837 | DEBUG    | core:as_tensor:724 - Loaded cache for /localdev/ctr-apbernal/tt_cache/Qwen/Qwen3-32B/TG/tensor_cache_bfp8/layers.15.attention.wqkv_sharded_2d_prefetcher_dtype_BFLOAT8_B_layout_TILE.tensorbin of shape Shape([1, 1, 1280, 1280])
2026-08-29 11:29:50.883 | DEBUG    | core:as_tensor:724 - Loaded cache for /localdev/ctr-apbernal/tt_cache/Qwen/Qwen3-32B/TG/tensor_cache_bfp8/layers.15.attention.wqkv_sharded_2d_dram_dtype_BFLOAT8_B_layout_TILE.tensorbin of shape Shape([1, 1, 1280, 1280])
2026-08-29 11:29:50.929 | DEBUG    | core:as_tensor:724 - Loaded cache for /localdev/ctr-apbernal/tt_cache/Qwen/Qwen3-32B/TG/tensor_cache_bfp8/layers.15.attention.wo_width_sharded_2d_prefetcher_dtype_BFLOAT8_B_layout_TILE.tensorbin of shape Shape([1, 1, 1024, 1280])
2026-08-29 11:29:50.973 | DEBUG    | core:as_tensor:724 - Loaded cache for /localdev/ctr-apbernal/tt_cache/Qwen/Qwen3-32B/TG/tensor_cache_bfp8/layers.15.attention.wo_width_sharded_2d_dram_dtype_BFLOAT8_B_layout_TILE.tensorbin of shape Shape([1, 1, 1024, 1280])
2026-08-29 11:29:51.037 | DEBUG    | core:as_tensor:724 - Loaded cache for /localdev/ctr-apbernal/tt_cache/Qwen/Qwen3-32B/TG/tensor_cache_bfp8/layers.15.attention.wo_col_sharded_dram_dtype_BFLOAT8_B_layout_TILE.tensorbin of shape Shape([1, 1, 8192, 1280])
2026-08-29 11:29:51.050 | DEBUG    | core:as_tensor:724 - Loaded cache for /localdev/ctr-apbernal/tt_cache/Qwen/Qwen3-32B/TG/tensor_cache_bfp8/kvcache_torch.Size([2048, 1, 64, 128])_dtype_BFLOAT8_B_layout_TILE.tensorbin of shape Shape([2048, 1, 64, 128])
2026-08-29 11:29:51.057 | DEBUG    | core:as_tensor:724 - Loaded cache for /localdev/ctr-apbernal/tt_cache/Qwen/Qwen3-32B/TG/tensor_cache_bfp8/kvcache_torch.Size([2048, 1, 64, 128])_dtype_BFLOAT8_B_layout_TILE.tensorbin of shape Shape([2048, 1, 64, 128])
2026-08-29 11:29:51.162 | DEBUG    | core:as_tensor:724 - Loaded cache for /localdev/ctr-apbernal/tt_cache/Qwen/Qwen3-32B/TG/tensor_cache_bfp8/layers.15.feed_forward.w1_shardedprefetcher_dtype_BFLOAT16_layout_TILE.tensorbin of shape Shape([1, 1, 1280, 3200])
2026-08-29 11:29:51.247 | DEBUG    | core:as_tensor:724 - Loaded cache for /localdev/ctr-apbernal/tt_cache/Qwen/Qwen3-32B/TG/tensor_cache_bfp8/layers.15.feed_forward.w2_shardedprefetcher_dtype_BFLOAT16_layout_TILE.tensorbin of shape Shape([1, 1, 3200, 1280])
2026-08-29 11:29:51.332 | DEBUG    | core:as_tensor:724 - Loaded cache for /localdev/ctr-apbernal/tt_cache/Qwen/Qwen3-32B/TG/tensor_cache_bfp8/layers.15.feed_forward.w3_shardedprefetcher_dtype_BFLOAT16_layout_TILE.tensorbin of shape Shape([1, 1, 1280, 3200])
2026-08-29 11:29:51.396 | DEBUG    | core:as_tensor:724 - Loaded cache for /localdev/ctr-apbernal/tt_cache/Qwen/Qwen3-32B/TG/tensor_cache_bfp8/layers.15.feed_forward.w1_interleavedprefetcher_dtype_BFLOAT8_B_layout_TILE.tensorbin of shape Shape([1, 1, 1280, 3200])
2026-08-29 11:29:51.461 | DEBUG    | core:as_tensor:724 - Loaded cache for /localdev/ctr-apbernal/tt_cache/Qwen/Qwen3-32B/TG/tensor_cache_bfp8/layers.15.feed_forward.w2_interleavedprefetcher_dtype_BFLOAT8_B_layout_TILE.tensorbin of shape Shape([1, 1, 3200, 1280])
2026-08-29 11:29:51.526 | DEBUG    | core:as_tensor:724 - Loaded cache for /localdev/ctr-apbernal/tt_cache/Qwen/Qwen3-32B/TG/tensor_cache_bfp8/layers.15.feed_forward.w3_interleavedprefetcher_dtype_BFLOAT8_B_layout_TILE.tensorbin of shape Shape([1, 1, 1280, 3200])
2026-08-29 11:29:51.527 | DEBUG    | core:as_tensor:724 - Loaded cache for /localdev/ctr-apbernal/tt_cache/Qwen/Qwen3-32B/TG/tensor_cache_bfp8/layers.15.attention_norm.weight_dtype_BFLOAT16_layout_ROW_MAJOR.tensorbin of shape Shape([1, 1, 160, 32])
2026-08-29 11:29:51.528 | DEBUG    | core:as_tensor:724 - Loaded cache for /localdev/ctr-apbernal/tt_cache/Qwen/Qwen3-32B/TG/tensor_cache_bfp8/layers.15.attention_norm.weight_distributed_dtype_BFLOAT16_layout_ROW_MAJOR.tensorbin of shape Shape([1, 1, 40, 32])
2026-08-29 11:29:51.528 | DEBUG    | core:as_tensor:724 - Loaded cache for /localdev/ctr-apbernal/tt_cache/Qwen/Qwen3-32B/TG/tensor_cache_bfp8/layers.15.ffn_norm.weight_dtype_BFLOAT16_layout_ROW_MAJOR.tensorbin of shape Shape([1, 1, 160, 32])
2026-08-29 11:29:51.529 | DEBUG    | core:as_tensor:724 - Loaded cache for /localdev/ctr-apbernal/tt_cache/Qwen/Qwen3-32B/TG/tensor_cache_bfp8/layers.15.ffn_norm.weight_distributed_dtype_BFLOAT16_layout_ROW_MAJOR.tensorbin of shape Shape([1, 1, 40, 32])
 25%|██▌       | 16/64 [00:12<00:36,  1.32it/s]2026-08-29 11:29:51.592 | DEBUG    | core:as_tensor:724 - Loaded cache for /localdev/ctr-apbernal/tt_cache/Qwen/Qwen3-32B/TG/tensor_cache_bfp8/layers.16.attention.wqkv_sharded_2d_prefetcher_dtype_BFLOAT8_B_layout_TILE.tensorbin of shape Shape([1, 1, 1280, 1280])
2026-08-29 11:29:51.639 | DEBUG    | core:as_tensor:724 - Loaded cache for /localdev/ctr-apbernal/tt_cache/Qwen/Qwen3-32B/TG/tensor_cache_bfp8/layers.16.attention.wqkv_sharded_2d_dram_dtype_BFLOAT8_B_layout_TILE.tensorbin of shape Shape([1, 1, 1280, 1280])
2026-08-29 11:29:51.684 | DEBUG    | core:as_tensor:724 - Loaded cache for /localdev/ctr-apbernal/tt_cache/Qwen/Qwen3-32B/TG/tensor_cache_bfp8/layers.16.attention.wo_width_sharded_2d_prefetcher_dtype_BFLOAT8_B_layout_TILE.tensorbin of shape Shape([1, 1, 1024, 1280])
2026-08-29 11:29:51.730 | DEBUG    | core:as_tensor:724 - Loaded cache for /localdev/ctr-apbernal/tt_cache/Qwen/Qwen3-32B/TG/tensor_cache_bfp8/layers.16.attention.wo_width_sharded_2d_dram_dtype_BFLOAT8_B_layout_TILE.tensorbin of shape Shape([1, 1, 1024, 1280])
2026-08-29 11:29:51.798 | DEBUG    | core:as_tensor:724 - Loaded cache for /localdev/ctr-apbernal/tt_cache/Qwen/Qwen3-32B/TG/tensor_cache_bfp8/layers.16.attention.wo_col_sharded_dram_dtype_BFLOAT8_B_layout_TILE.tensorbin of shape Shape([1, 1, 8192, 1280])
2026-08-29 11:29:51.812 | DEBUG    | core:as_tensor:724 - Loaded cache for /localdev/ctr-apbernal/tt_cache/Qwen/Qwen3-32B/TG/tensor_cache_bfp8/kvcache_torch.Size([2048, 1, 64, 128])_dtype_BFLOAT8_B_layout_TILE.tensorbin of shape Shape([2048, 1, 64, 128])
2026-08-29 11:29:51.819 | DEBUG    | core:as_tensor:724 - Loaded cache for /localdev/ctr-apbernal/tt_cache/Qwen/Qwen3-32B/TG/tensor_cache_bfp8/kvcache_torch.Size([2048, 1, 64, 128])_dtype_BFLOAT8_B_layout_TILE.tensorbin of shape Shape([2048, 1, 64, 128])
2026-08-29 11:29:51.922 | DEBUG    | core:as_tensor:724 - Loaded cache for /localdev/ctr-apbernal/tt_cache/Qwen/Qwen3-32B/TG/tensor_cache_bfp8/layers.16.feed_forward.w1_shardedprefetcher_dtype_BFLOAT16_layout_TILE.tensorbin of shape Shape([1, 1, 1280, 3200])
2026-08-29 11:29:52.006 | DEBUG    | core:as_tensor:724 - Loaded cache for /localdev/ctr-apbernal/tt_cache/Qwen/Qwen3-32B/TG/tensor_cache_bfp8/layers.16.feed_forward.w2_shardedprefetcher_dtype_BFLOAT16_layout_TILE.tensorbin of shape Shape([1, 1, 3200, 1280])
2026-08-29 11:29:52.091 | DEBUG    | core:as_tensor:724 - Loaded cache for /localdev/ctr-apbernal/tt_cache/Qwen/Qwen3-32B/TG/tensor_cache_bfp8/layers.16.feed_forward.w3_shardedprefetcher_dtype_BFLOAT16_layout_TILE.tensorbin of shape Shape([1, 1, 1280, 3200])
2026-08-29 11:29:52.156 | DEBUG    | core:as_tensor:724 - Loaded cache for /localdev/ctr-apbernal/tt_cache/Qwen/Qwen3-32B/TG/tensor_cache_bfp8/layers.16.feed_forward.w1_interleavedprefetcher_dtype_BFLOAT8_B_layout_TILE.tensorbin of shape Shape([1, 1, 1280, 3200])
2026-08-29 11:29:52.221 | DEBUG    | core:as_tensor:724 - Loaded cache for /localdev/ctr-apbernal/tt_cache/Qwen/Qwen3-32B/TG/tensor_cache_bfp8/layers.16.feed_forward.w2_interleavedprefetcher_dtype_BFLOAT8_B_layout_TILE.tensorbin of shape Shape([1, 1, 3200, 1280])
2026-08-29 11:29:52.285 | DEBUG    | core:as_tensor:724 - Loaded cache for /localdev/ctr-apbernal/tt_cache/Qwen/Qwen3-32B/TG/tensor_cache_bfp8/layers.16.feed_forward.w3_interleavedprefetcher_dtype_BFLOAT8_B_layout_TILE.tensorbin of shape Shape([1, 1, 1280, 3200])
2026-08-29 11:29:52.286 | DEBUG    | core:as_tensor:724 - Loaded cache for /localdev/ctr-apbernal/tt_cache/Qwen/Qwen3-32B/TG/tensor_cache_bfp8/layers.16.attention_norm.weight_dtype_BFLOAT16_layout_ROW_MAJOR.tensorbin of shape Shape([1, 1, 160, 32])
2026-08-29 11:29:52.287 | DEBUG    | core:as_tensor:724 - Loaded cache for /localdev/ctr-apbernal/tt_cache/Qwen/Qwen3-32B/TG/tensor_cache_bfp8/layers.16.attention_norm.weight_distributed_dtype_BFLOAT16_layout_ROW_MAJOR.tensorbin of shape Shape([1, 1, 40, 32])
2026-08-29 11:29:52.287 | DEBUG    | core:as_tensor:724 - Loaded cache for /localdev/ctr-apbernal/tt_cache/Qwen/Qwen3-32B/TG/tensor_cache_bfp8/layers.16.ffn_norm.weight_dtype_BFLOAT16_layout_ROW_MAJOR.tensorbin of shape Shape([1, 1, 160, 32])
2026-08-29 11:29:52.288 | DEBUG    | core:as_tensor:724 - Loaded cache for /localdev/ctr-apbernal/tt_cache/Qwen/Qwen3-32B/TG/tensor_cache_bfp8/layers.16.ffn_norm.weight_distributed_dtype_BFLOAT16_layout_ROW_MAJOR.tensorbin of shape Shape([1, 1, 40, 32])
 27%|██▋       | 17/64 [00:12<00:35,  1.32it/s]2026-08-29 11:29:52.354 | DEBUG    | core:as_tensor:724 - Loaded cache for /localdev/ctr-apbernal/tt_cache/Qwen/Qwen3-32B/TG/tensor_cache_bfp8/layers.17.attention.wqkv_sharded_2d_prefetcher_dtype_BFLOAT8_B_layout_TILE.tensorbin of shape Shape([1, 1, 1280, 1280])
2026-08-29 11:29:52.402 | DEBUG    | core:as_tensor:724 - Loaded cache for /localdev/ctr-apbernal/tt_cache/Qwen/Qwen3-32B/TG/tensor_cache_bfp8/layers.17.attention.wqkv_sharded_2d_dram_dtype_BFLOAT8_B_layout_TILE.tensorbin of shape Shape([1, 1, 1280, 1280])
2026-08-29 11:29:52.447 | DEBUG    | core:as_tensor:724 - Loaded cache for /localdev/ctr-apbernal/tt_cache/Qwen/Qwen3-32B/TG/tensor_cache_bfp8/layers.17.attention.wo_width_sharded_2d_prefetcher_dtype_BFLOAT8_B_layout_TILE.tensorbin of shape Shape([1, 1, 1024, 1280])
2026-08-29 11:29:52.493 | DEBUG    | core:as_tensor:724 - Loaded cache for /localdev/ctr-apbernal/tt_cache/Qwen/Qwen3-32B/TG/tensor_cache_bfp8/layers.17.attention.wo_width_sharded_2d_dram_dtype_BFLOAT8_B_layout_TILE.tensorbin of shape Shape([1, 1, 1024, 1280])
2026-08-29 11:29:52.555 | DEBUG    | core:as_tensor:724 - Loaded cache for /localdev/ctr-apbernal/tt_cache/Qwen/Qwen3-32B/TG/tensor_cache_bfp8/layers.17.attention.wo_col_sharded_dram_dtype_BFLOAT8_B_layout_TILE.tensorbin of shape Shape([1, 1, 8192, 1280])
2026-08-29 11:29:52.572 | DEBUG    | core:as_tensor:724 - Loaded cache for /localdev/ctr-apbernal/tt_cache/Qwen/Qwen3-32B/TG/tensor_cache_bfp8/kvcache_torch.Size([2048, 1, 64, 128])_dtype_BFLOAT8_B_layout_TILE.tensorbin of shape Shape([2048, 1, 64, 128])
2026-08-29 11:29:52.579 | DEBUG    | core:as_tensor:724 - Loaded cache for /localdev/ctr-apbernal/tt_cache/Qwen/Qwen3-32B/TG/tensor_cache_bfp8/kvcache_torch.Size([2048, 1, 64, 128])_dtype_BFLOAT8_B_layout_TILE.tensorbin of shape Shape([2048, 1, 64, 128])
2026-08-29 11:29:52.680 | DEBUG    | core:as_tensor:724 - Loaded cache for /localdev/ctr-apbernal/tt_cache/Qwen/Qwen3-32B/TG/tensor_cache_bfp8/layers.17.feed_forward.w1_shardedprefetcher_dtype_BFLOAT16_layout_TILE.tensorbin of shape Shape([1, 1, 1280, 3200])
2026-08-29 11:29:52.765 | DEBUG    | core:as_tensor:724 - Loaded cache for /localdev/ctr-apbernal/tt_cache/Qwen/Qwen3-32B/TG/tensor_cache_bfp8/layers.17.feed_forward.w2_shardedprefetcher_dtype_BFLOAT16_layout_TILE.tensorbin of shape Shape([1, 1, 3200, 1280])
2026-08-29 11:29:52.852 | DEBUG    | core:as_tensor:724 - Loaded cache for /localdev/ctr-apbernal/tt_cache/Qwen/Qwen3-32B/TG/tensor_cache_bfp8/layers.17.feed_forward.w3_shardedprefetcher_dtype_BFLOAT16_layout_TILE.tensorbin of shape Shape([1, 1, 1280, 3200])
2026-08-29 11:29:52.917 | DEBUG    | core:as_tensor:724 - Loaded cache for /localdev/ctr-apbernal/tt_cache/Qwen/Qwen3-32B/TG/tensor_cache_bfp8/layers.17.feed_forward.w1_interleavedprefetcher_dtype_BFLOAT8_B_layout_TILE.tensorbin of shape Shape([1, 1, 1280, 3200])
2026-08-29 11:29:52.983 | DEBUG    | core:as_tensor:724 - Loaded cache for /localdev/ctr-apbernal/tt_cache/Qwen/Qwen3-32B/TG/tensor_cache_bfp8/layers.17.feed_forward.w2_interleavedprefetcher_dtype_BFLOAT8_B_layout_TILE.tensorbin of shape Shape([1, 1, 3200, 1280])
2026-08-29 11:29:53.048 | DEBUG    | core:as_tensor:724 - Loaded cache for /localdev/ctr-apbernal/tt_cache/Qwen/Qwen3-32B/TG/tensor_cache_bfp8/layers.17.feed_forward.w3_interleavedprefetcher_dtype_BFLOAT8_B_layout_TILE.tensorbin of shape Shape([1, 1, 1280, 3200])
2026-08-29 11:29:53.049 | DEBUG    | core:as_tensor:724 - Loaded cache for /localdev/ctr-apbernal/tt_cache/Qwen/Qwen3-32B/TG/tensor_cache_bfp8/layers.17.attention_norm.weight_dtype_BFLOAT16_layout_ROW_MAJOR.tensorbin of shape Shape([1, 1, 160, 32])
2026-08-29 11:29:53.050 | DEBUG    | core:as_tensor:724 - Loaded cache for /localdev/ctr-apbernal/tt_cache/Qwen/Qwen3-32B/TG/tensor_cache_bfp8/layers.17.attention_norm.weight_distributed_dtype_BFLOAT16_layout_ROW_MAJOR.tensorbin of shape Shape([1, 1, 40, 32])
2026-08-29 11:29:53.050 | DEBUG    | core:as_tensor:724 - Loaded cache for /localdev/ctr-apbernal/tt_cache/Qwen/Qwen3-32B/TG/tensor_cache_bfp8/layers.17.ffn_norm.weight_dtype_BFLOAT16_layout_ROW_MAJOR.tensorbin of shape Shape([1, 1, 160, 32])
2026-08-29 11:29:53.051 | DEBUG    | core:as_tensor:724 - Loaded cache for /localdev/ctr-apbernal/tt_cache/Qwen/Qwen3-32B/TG/tensor_cache_bfp8/layers.17.ffn_norm.weight_distributed_dtype_BFLOAT16_layout_ROW_MAJOR.tensorbin of shape Shape([1, 1, 40, 32])
 28%|██▊       | 18/64 [00:13<00:34,  1.32it/s]2026-08-29 11:29:53.115 | DEBUG    | core:as_tensor:724 - Loaded cache for /localdev/ctr-apbernal/tt_cache/Qwen/Qwen3-32B/TG/tensor_cache_bfp8/layers.18.attention.wqkv_sharded_2d_prefetcher_dtype_BFLOAT8_B_layout_TILE.tensorbin of shape Shape([1, 1, 1280, 1280])
2026-08-29 11:29:53.163 | DEBUG    | core:as_tensor:724 - Loaded cache for /localdev/ctr-apbernal/tt_cache/Qwen/Qwen3-32B/TG/tensor_cache_bfp8/layers.18.attention.wqkv_sharded_2d_dram_dtype_BFLOAT8_B_layout_TILE.tensorbin of shape Shape([1, 1, 1280, 1280])
2026-08-29 11:29:53.208 | DEBUG    | core:as_tensor:724 - Loaded cache for /localdev/ctr-apbernal/tt_cache/Qwen/Qwen3-32B/TG/tensor_cache_bfp8/layers.18.attention.wo_width_sharded_2d_prefetcher_dtype_BFLOAT8_B_layout_TILE.tensorbin of shape Shape([1, 1, 1024, 1280])
2026-08-29 11:29:53.254 | DEBUG    | core:as_tensor:724 - Loaded cache for /localdev/ctr-apbernal/tt_cache/Qwen/Qwen3-32B/TG/tensor_cache_bfp8/layers.18.attention.wo_width_sharded_2d_dram_dtype_BFLOAT8_B_layout_TILE.tensorbin of shape Shape([1, 1, 1024, 1280])
2026-08-29 11:29:53.315 | DEBUG    | core:as_tensor:724 - Loaded cache for /localdev/ctr-apbernal/tt_cache/Qwen/Qwen3-32B/TG/tensor_cache_bfp8/layers.18.attention.wo_col_sharded_dram_dtype_BFLOAT8_B_layout_TILE.tensorbin of shape Shape([1, 1, 8192, 1280])
2026-08-29 11:29:53.330 | DEBUG    | core:as_tensor:724 - Loaded cache for /localdev/ctr-apbernal/tt_cache/Qwen/Qwen3-32B/TG/tensor_cache_bfp8/kvcache_torch.Size([2048, 1, 64, 128])_dtype_BFLOAT8_B_layout_TILE.tensorbin of shape Shape([2048, 1, 64, 128])
2026-08-29 11:29:53.337 | DEBUG    | core:as_tensor:724 - Loaded cache for /localdev/ctr-apbernal/tt_cache/Qwen/Qwen3-32B/TG/tensor_cache_bfp8/kvcache_torch.Size([2048, 1, 64, 128])_dtype_BFLOAT8_B_layout_TILE.tensorbin of shape Shape([2048, 1, 64, 128])
2026-08-29 11:29:53.443 | DEBUG    | core:as_tensor:724 - Loaded cache for /localdev/ctr-apbernal/tt_cache/Qwen/Qwen3-32B/TG/tensor_cache_bfp8/layers.18.feed_forward.w1_shardedprefetcher_dtype_BFLOAT16_layout_TILE.tensorbin of shape Shape([1, 1, 1280, 3200])
2026-08-29 11:29:53.529 | DEBUG    | core:as_tensor:724 - Loaded cache for /localdev/ctr-apbernal/tt_cache/Qwen/Qwen3-32B/TG/tensor_cache_bfp8/layers.18.feed_forward.w2_shardedprefetcher_dtype_BFLOAT16_layout_TILE.tensorbin of shape Shape([1, 1, 3200, 1280])
2026-08-29 11:29:53.616 | DEBUG    | core:as_tensor:724 - Loaded cache for /localdev/ctr-apbernal/tt_cache/Qwen/Qwen3-32B/TG/tensor_cache_bfp8/layers.18.feed_forward.w3_shardedprefetcher_dtype_BFLOAT16_layout_TILE.tensorbin of shape Shape([1, 1, 1280, 3200])
2026-08-29 11:29:53.681 | DEBUG    | core:as_tensor:724 - Loaded cache for /localdev/ctr-apbernal/tt_cache/Qwen/Qwen3-32B/TG/tensor_cache_bfp8/layers.18.feed_forward.w1_interleavedprefetcher_dtype_BFLOAT8_B_layout_TILE.tensorbin of shape Shape([1, 1, 1280, 3200])
2026-08-29 11:29:53.746 | DEBUG    | core:as_tensor:724 - Loaded cache for /localdev/ctr-apbernal/tt_cache/Qwen/Qwen3-32B/TG/tensor_cache_bfp8/layers.18.feed_forward.w2_interleavedprefetcher_dtype_BFLOAT8_B_layout_TILE.tensorbin of shape Shape([1, 1, 3200, 1280])
2026-08-29 11:29:53.811 | DEBUG    | core:as_tensor:724 - Loaded cache for /localdev/ctr-apbernal/tt_cache/Qwen/Qwen3-32B/TG/tensor_cache_bfp8/layers.18.feed_forward.w3_interleavedprefetcher_dtype_BFLOAT8_B_layout_TILE.tensorbin of shape Shape([1, 1, 1280, 3200])
2026-08-29 11:29:53.813 | DEBUG    | core:as_tensor:724 - Loaded cache for /localdev/ctr-apbernal/tt_cache/Qwen/Qwen3-32B/TG/tensor_cache_bfp8/layers.18.attention_norm.weight_dtype_BFLOAT16_layout_ROW_MAJOR.tensorbin of shape Shape([1, 1, 160, 32])
2026-08-29 11:29:53.813 | DEBUG    | core:as_tensor:724 - Loaded cache for /localdev/ctr-apbernal/tt_cache/Qwen/Qwen3-32B/TG/tensor_cache_bfp8/layers.18.attention_norm.weight_distributed_dtype_BFLOAT16_layout_ROW_MAJOR.tensorbin of shape Shape([1, 1, 40, 32])
2026-08-29 11:29:53.814 | DEBUG    | core:as_tensor:724 - Loaded cache for /localdev/ctr-apbernal/tt_cache/Qwen/Qwen3-32B/TG/tensor_cache_bfp8/layers.18.ffn_norm.weight_dtype_BFLOAT16_layout_ROW_MAJOR.tensorbin of shape Shape([1, 1, 160, 32])
2026-08-29 11:29:53.814 | DEBUG    | core:as_tensor:724 - Loaded cache for /localdev/ctr-apbernal/tt_cache/Qwen/Qwen3-32B/TG/tensor_cache_bfp8/layers.18.ffn_norm.weight_distributed_dtype_BFLOAT16_layout_ROW_MAJOR.tensorbin of shape Shape([1, 1, 40, 32])
 30%|██▉       | 19/64 [00:14<00:34,  1.31it/s]2026-08-29 11:29:53.879 | DEBUG    | core:as_tensor:724 - Loaded cache for /localdev/ctr-apbernal/tt_cache/Qwen/Qwen3-32B/TG/tensor_cache_bfp8/layers.19.attention.wqkv_sharded_2d_prefetcher_dtype_BFLOAT8_B_layout_TILE.tensorbin of shape Shape([1, 1, 1280, 1280])
2026-08-29 11:29:53.927 | DEBUG    | core:as_tensor:724 - Loaded cache for /localdev/ctr-apbernal/tt_cache/Qwen/Qwen3-32B/TG/tensor_cache_bfp8/layers.19.attention.wqkv_sharded_2d_dram_dtype_BFLOAT8_B_layout_TILE.tensorbin of shape Shape([1, 1, 1280, 1280])
2026-08-29 11:29:53.973 | DEBUG    | core:as_tensor:724 - Loaded cache for /localdev/ctr-apbernal/tt_cache/Qwen/Qwen3-32B/TG/tensor_cache_bfp8/layers.19.attention.wo_width_sharded_2d_prefetcher_dtype_BFLOAT8_B_layout_TILE.tensorbin of shape Shape([1, 1, 1024, 1280])
2026-08-29 11:29:54.017 | DEBUG    | core:as_tensor:724 - Loaded cache for /localdev/ctr-apbernal/tt_cache/Qwen/Qwen3-32B/TG/tensor_cache_bfp8/layers.19.attention.wo_width_sharded_2d_dram_dtype_BFLOAT8_B_layout_TILE.tensorbin of shape Shape([1, 1, 1024, 1280])
2026-08-29 11:29:54.082 | DEBUG    | core:as_tensor:724 - Loaded cache for /localdev/ctr-apbernal/tt_cache/Qwen/Qwen3-32B/TG/tensor_cache_bfp8/layers.19.attention.wo_col_sharded_dram_dtype_BFLOAT8_B_layout_TILE.tensorbin of shape Shape([1, 1, 8192, 1280])
2026-08-29 11:29:54.097 | DEBUG    | core:as_tensor:724 - Loaded cache for /localdev/ctr-apbernal/tt_cache/Qwen/Qwen3-32B/TG/tensor_cache_bfp8/kvcache_torch.Size([2048, 1, 64, 128])_dtype_BFLOAT8_B_layout_TILE.tensorbin of shape Shape([2048, 1, 64, 128])
2026-08-29 11:29:54.104 | DEBUG    | core:as_tensor:724 - Loaded cache for /localdev/ctr-apbernal/tt_cache/Qwen/Qwen3-32B/TG/tensor_cache_bfp8/kvcache_torch.Size([2048, 1, 64, 128])_dtype_BFLOAT8_B_layout_TILE.tensorbin of shape Shape([2048, 1, 64, 128])
2026-08-29 11:29:54.206 | DEBUG    | core:as_tensor:724 - Loaded cache for /localdev/ctr-apbernal/tt_cache/Qwen/Qwen3-32B/TG/tensor_cache_bfp8/layers.19.feed_forward.w1_shardedprefetcher_dtype_BFLOAT16_layout_TILE.tensorbin of shape Shape([1, 1, 1280, 3200])
2026-08-29 11:29:54.293 | DEBUG    | core:as_tensor:724 - Loaded cache for /localdev/ctr-apbernal/tt_cache/Qwen/Qwen3-32B/TG/tensor_cache_bfp8/layers.19.feed_forward.w2_shardedprefetcher_dtype_BFLOAT16_layout_TILE.tensorbin of shape Shape([1, 1, 3200, 1280])
2026-08-29 11:29:54.378 | DEBUG    | core:as_tensor:724 - Loaded cache for /localdev/ctr-apbernal/tt_cache/Qwen/Qwen3-32B/TG/tensor_cache_bfp8/layers.19.feed_forward.w3_shardedprefetcher_dtype_BFLOAT16_layout_TILE.tensorbin of shape Shape([1, 1, 1280, 3200])
2026-08-29 11:29:54.443 | DEBUG    | core:as_tensor:724 - Loaded cache for /localdev/ctr-apbernal/tt_cache/Qwen/Qwen3-32B/TG/tensor_cache_bfp8/layers.19.feed_forward.w1_interleavedprefetcher_dtype_BFLOAT8_B_layout_TILE.tensorbin of shape Shape([1, 1, 1280, 3200])
2026-08-29 11:29:54.508 | DEBUG    | core:as_tensor:724 - Loaded cache for /localdev/ctr-apbernal/tt_cache/Qwen/Qwen3-32B/TG/tensor_cache_bfp8/layers.19.feed_forward.w2_interleavedprefetcher_dtype_BFLOAT8_B_layout_TILE.tensorbin of shape Shape([1, 1, 3200, 1280])
2026-08-29 11:29:54.573 | DEBUG    | core:as_tensor:724 - Loaded cache for /localdev/ctr-apbernal/tt_cache/Qwen/Qwen3-32B/TG/tensor_cache_bfp8/layers.19.feed_forward.w3_interleavedprefetcher_dtype_BFLOAT8_B_layout_TILE.tensorbin of shape Shape([1, 1, 1280, 3200])
2026-08-29 11:29:54.574 | DEBUG    | core:as_tensor:724 - Loaded cache for /localdev/ctr-apbernal/tt_cache/Qwen/Qwen3-32B/TG/tensor_cache_bfp8/layers.19.attention_norm.weight_dtype_BFLOAT16_layout_ROW_MAJOR.tensorbin of shape Shape([1, 1, 160, 32])
2026-08-29 11:29:54.574 | DEBUG    | core:as_tensor:724 - Loaded cache for /localdev/ctr-apbernal/tt_cache/Qwen/Qwen3-32B/TG/tensor_cache_bfp8/layers.19.attention_norm.weight_distributed_dtype_BFLOAT16_layout_ROW_MAJOR.tensorbin of shape Shape([1, 1, 40, 32])
2026-08-29 11:29:54.575 | DEBUG    | core:as_tensor:724 - Loaded cache for /localdev/ctr-apbernal/tt_cache/Qwen/Qwen3-32B/TG/tensor_cache_bfp8/layers.19.ffn_norm.weight_dtype_BFLOAT16_layout_ROW_MAJOR.tensorbin of shape Shape([1, 1, 160, 32])
2026-08-29 11:29:54.575 | DEBUG    | core:as_tensor:724 - Loaded cache for /localdev/ctr-apbernal/tt_cache/Qwen/Qwen3-32B/TG/tensor_cache_bfp8/layers.19.ffn_norm.weight_distributed_dtype_BFLOAT16_layout_ROW_MAJOR.tensorbin of shape Shape([1, 1, 40, 32])
 31%|███▏      | 20/64 [00:15<00:33,  1.31it/s]2026-08-29 11:29:54.643 | DEBUG    | core:as_tensor:724 - Loaded cache for /localdev/ctr-apbernal/tt_cache/Qwen/Qwen3-32B/TG/tensor_cache_bfp8/layers.20.attention.wqkv_sharded_2d_prefetcher_dtype_BFLOAT8_B_layout_TILE.tensorbin of shape Shape([1, 1, 1280, 1280])
2026-08-29 11:29:54.690 | DEBUG    | core:as_tensor:724 - Loaded cache for /localdev/ctr-apbernal/tt_cache/Qwen/Qwen3-32B/TG/tensor_cache_bfp8/layers.20.attention.wqkv_sharded_2d_dram_dtype_BFLOAT8_B_layout_TILE.tensorbin of shape Shape([1, 1, 1280, 1280])
2026-08-29 11:29:54.735 | DEBUG    | core:as_tensor:724 - Loaded cache for /localdev/ctr-apbernal/tt_cache/Qwen/Qwen3-32B/TG/tensor_cache_bfp8/layers.20.attention.wo_width_sharded_2d_prefetcher_dtype_BFLOAT8_B_layout_TILE.tensorbin of shape Shape([1, 1, 1024, 1280])
2026-08-29 11:29:54.780 | DEBUG    | core:as_tensor:724 - Loaded cache for /localdev/ctr-apbernal/tt_cache/Qwen/Qwen3-32B/TG/tensor_cache_bfp8/layers.20.attention.wo_width_sharded_2d_dram_dtype_BFLOAT8_B_layout_TILE.tensorbin of shape Shape([1, 1, 1024, 1280])
2026-08-29 11:29:54.847 | DEBUG    | core:as_tensor:724 - Loaded cache for /localdev/ctr-apbernal/tt_cache/Qwen/Qwen3-32B/TG/tensor_cache_bfp8/layers.20.attention.wo_col_sharded_dram_dtype_BFLOAT8_B_layout_TILE.tensorbin of shape Shape([1, 1, 8192, 1280])
2026-08-29 11:29:54.862 | DEBUG    | core:as_tensor:724 - Loaded cache for /localdev/ctr-apbernal/tt_cache/Qwen/Qwen3-32B/TG/tensor_cache_bfp8/kvcache_torch.Size([2048, 1, 64, 128])_dtype_BFLOAT8_B_layout_TILE.tensorbin of shape Shape([2048, 1, 64, 128])
2026-08-29 11:29:54.868 | DEBUG    | core:as_tensor:724 - Loaded cache for /localdev/ctr-apbernal/tt_cache/Qwen/Qwen3-32B/TG/tensor_cache_bfp8/kvcache_torch.Size([2048, 1, 64, 128])_dtype_BFLOAT8_B_layout_TILE.tensorbin of shape Shape([2048, 1, 64, 128])
2026-08-29 11:29:54.970 | DEBUG    | core:as_tensor:724 - Loaded cache for /localdev/ctr-apbernal/tt_cache/Qwen/Qwen3-32B/TG/tensor_cache_bfp8/layers.20.feed_forward.w1_shardedprefetcher_dtype_BFLOAT16_layout_TILE.tensorbin of shape Shape([1, 1, 1280, 3200])
2026-08-29 11:29:55.055 | DEBUG    | core:as_tensor:724 - Loaded cache for /localdev/ctr-apbernal/tt_cache/Qwen/Qwen3-32B/TG/tensor_cache_bfp8/layers.20.feed_forward.w2_shardedprefetcher_dtype_BFLOAT16_layout_TILE.tensorbin of shape Shape([1, 1, 3200, 1280])
2026-08-29 11:29:55.143 | DEBUG    | core:as_tensor:724 - Loaded cache for /localdev/ctr-apbernal/tt_cache/Qwen/Qwen3-32B/TG/tensor_cache_bfp8/layers.20.feed_forward.w3_shardedprefetcher_dtype_BFLOAT16_layout_TILE.tensorbin of shape Shape([1, 1, 1280, 3200])
2026-08-29 11:29:55.212 | DEBUG    | core:as_tensor:724 - Loaded cache for /localdev/ctr-apbernal/tt_cache/Qwen/Qwen3-32B/TG/tensor_cache_bfp8/layers.20.feed_forward.w1_interleavedprefetcher_dtype_BFLOAT8_B_layout_TILE.tensorbin of shape Shape([1, 1, 1280, 3200])
2026-08-29 11:29:55.276 | DEBUG    | core:as_tensor:724 - Loaded cache for /localdev/ctr-apbernal/tt_cache/Qwen/Qwen3-32B/TG/tensor_cache_bfp8/layers.20.feed_forward.w2_interleavedprefetcher_dtype_BFLOAT8_B_layout_TILE.tensorbin of shape Shape([1, 1, 3200, 1280])
2026-08-29 11:29:55.341 | DEBUG    | core:as_tensor:724 - Loaded cache for /localdev/ctr-apbernal/tt_cache/Qwen/Qwen3-32B/TG/tensor_cache_bfp8/layers.20.feed_forward.w3_interleavedprefetcher_dtype_BFLOAT8_B_layout_TILE.tensorbin of shape Shape([1, 1, 1280, 3200])
2026-08-29 11:29:55.342 | DEBUG    | core:as_tensor:724 - Loaded cache for /localdev/ctr-apbernal/tt_cache/Qwen/Qwen3-32B/TG/tensor_cache_bfp8/layers.20.attention_norm.weight_dtype_BFLOAT16_layout_ROW_MAJOR.tensorbin of shape Shape([1, 1, 160, 32])
2026-08-29 11:29:55.342 | DEBUG    | core:as_tensor:724 - Loaded cache for /localdev/ctr-apbernal/tt_cache/Qwen/Qwen3-32B/TG/tensor_cache_bfp8/layers.20.attention_norm.weight_distributed_dtype_BFLOAT16_layout_ROW_MAJOR.tensorbin of shape Shape([1, 1, 40, 32])
2026-08-29 11:29:55.343 | DEBUG    | core:as_tensor:724 - Loaded cache for /localdev/ctr-apbernal/tt_cache/Qwen/Qwen3-32B/TG/tensor_cache_bfp8/layers.20.ffn_norm.weight_dtype_BFLOAT16_layout_ROW_MAJOR.tensorbin of shape Shape([1, 1, 160, 32])
2026-08-29 11:29:55.343 | DEBUG    | core:as_tensor:724 - Loaded cache for /localdev/ctr-apbernal/tt_cache/Qwen/Qwen3-32B/TG/tensor_cache_bfp8/layers.20.ffn_norm.weight_distributed_dtype_BFLOAT16_layout_ROW_MAJOR.tensorbin of shape Shape([1, 1, 40, 32])
 33%|███▎      | 21/64 [00:15<00:32,  1.31it/s]2026-08-29 11:29:55.408 | DEBUG    | core:as_tensor:724 - Loaded cache for /localdev/ctr-apbernal/tt_cache/Qwen/Qwen3-32B/TG/tensor_cache_bfp8/layers.21.attention.wqkv_sharded_2d_prefetcher_dtype_BFLOAT8_B_layout_TILE.tensorbin of shape Shape([1, 1, 1280, 1280])
2026-08-29 11:29:55.455 | DEBUG    | core:as_tensor:724 - Loaded cache for /localdev/ctr-apbernal/tt_cache/Qwen/Qwen3-32B/TG/tensor_cache_bfp8/layers.21.attention.wqkv_sharded_2d_dram_dtype_BFLOAT8_B_layout_TILE.tensorbin of shape Shape([1, 1, 1280, 1280])
2026-08-29 11:29:55.501 | DEBUG    | core:as_tensor:724 - Loaded cache for /localdev/ctr-apbernal/tt_cache/Qwen/Qwen3-32B/TG/tensor_cache_bfp8/layers.21.attention.wo_width_sharded_2d_prefetcher_dtype_BFLOAT8_B_layout_TILE.tensorbin of shape Shape([1, 1, 1024, 1280])
2026-08-29 11:29:55.546 | DEBUG    | core:as_tensor:724 - Loaded cache for /localdev/ctr-apbernal/tt_cache/Qwen/Qwen3-32B/TG/tensor_cache_bfp8/layers.21.attention.wo_width_sharded_2d_dram_dtype_BFLOAT8_B_layout_TILE.tensorbin of shape Shape([1, 1, 1024, 1280])
2026-08-29 11:29:55.608 | DEBUG    | core:as_tensor:724 - Loaded cache for /localdev/ctr-apbernal/tt_cache/Qwen/Qwen3-32B/TG/tensor_cache_bfp8/layers.21.attention.wo_col_sharded_dram_dtype_BFLOAT8_B_layout_TILE.tensorbin of shape Shape([1, 1, 8192, 1280])
2026-08-29 11:29:55.622 | DEBUG    | core:as_tensor:724 - Loaded cache for /localdev/ctr-apbernal/tt_cache/Qwen/Qwen3-32B/TG/tensor_cache_bfp8/kvcache_torch.Size([2048, 1, 64, 128])_dtype_BFLOAT8_B_layout_TILE.tensorbin of shape Shape([2048, 1, 64, 128])
2026-08-29 11:29:55.628 | DEBUG    | core:as_tensor:724 - Loaded cache for /localdev/ctr-apbernal/tt_cache/Qwen/Qwen3-32B/TG/tensor_cache_bfp8/kvcache_torch.Size([2048, 1, 64, 128])_dtype_BFLOAT8_B_layout_TILE.tensorbin of shape Shape([2048, 1, 64, 128])
2026-08-29 11:29:55.732 | DEBUG    | core:as_tensor:724 - Loaded cache for /localdev/ctr-apbernal/tt_cache/Qwen/Qwen3-32B/TG/tensor_cache_bfp8/layers.21.feed_forward.w1_shardedprefetcher_dtype_BFLOAT16_layout_TILE.tensorbin of shape Shape([1, 1, 1280, 3200])
2026-08-29 11:29:55.816 | DEBUG    | core:as_tensor:724 - Loaded cache for /localdev/ctr-apbernal/tt_cache/Qwen/Qwen3-32B/TG/tensor_cache_bfp8/layers.21.feed_forward.w2_shardedprefetcher_dtype_BFLOAT16_layout_TILE.tensorbin of shape Shape([1, 1, 3200, 1280])
2026-08-29 11:29:55.902 | DEBUG    | core:as_tensor:724 - Loaded cache for /localdev/ctr-apbernal/tt_cache/Qwen/Qwen3-32B/TG/tensor_cache_bfp8/layers.21.feed_forward.w3_shardedprefetcher_dtype_BFLOAT16_layout_TILE.tensorbin of shape Shape([1, 1, 1280, 3200])
2026-08-29 11:29:55.969 | DEBUG    | core:as_tensor:724 - Loaded cache for /localdev/ctr-apbernal/tt_cache/Qwen/Qwen3-32B/TG/tensor_cache_bfp8/layers.21.feed_forward.w1_interleavedprefetcher_dtype_BFLOAT8_B_layout_TILE.tensorbin of shape Shape([1, 1, 1280, 3200])
2026-08-29 11:29:56.032 | DEBUG    | core:as_tensor:724 - Loaded cache for /localdev/ctr-apbernal/tt_cache/Qwen/Qwen3-32B/TG/tensor_cache_bfp8/layers.21.feed_forward.w2_interleavedprefetcher_dtype_BFLOAT8_B_layout_TILE.tensorbin of shape Shape([1, 1, 3200, 1280])
2026-08-29 11:29:56.097 | DEBUG    | core:as_tensor:724 - Loaded cache for /localdev/ctr-apbernal/tt_cache/Qwen/Qwen3-32B/TG/tensor_cache_bfp8/layers.21.feed_forward.w3_interleavedprefetcher_dtype_BFLOAT8_B_layout_TILE.tensorbin of shape Shape([1, 1, 1280, 3200])
2026-08-29 11:29:56.098 | DEBUG    | core:as_tensor:724 - Loaded cache for /localdev/ctr-apbernal/tt_cache/Qwen/Qwen3-32B/TG/tensor_cache_bfp8/layers.21.attention_norm.weight_dtype_BFLOAT16_layout_ROW_MAJOR.tensorbin of shape Shape([1, 1, 160, 32])
2026-08-29 11:29:56.098 | DEBUG    | core:as_tensor:724 - Loaded cache for /localdev/ctr-apbernal/tt_cache/Qwen/Qwen3-32B/TG/tensor_cache_bfp8/layers.21.attention_norm.weight_distributed_dtype_BFLOAT16_layout_ROW_MAJOR.tensorbin of shape Shape([1, 1, 40, 32])
2026-08-29 11:29:56.099 | DEBUG    | core:as_tensor:724 - Loaded cache for /localdev/ctr-apbernal/tt_cache/Qwen/Qwen3-32B/TG/tensor_cache_bfp8/layers.21.ffn_norm.weight_dtype_BFLOAT16_layout_ROW_MAJOR.tensorbin of shape Shape([1, 1, 160, 32])
2026-08-29 11:29:56.099 | DEBUG    | core:as_tensor:724 - Loaded cache for /localdev/ctr-apbernal/tt_cache/Qwen/Qwen3-32B/TG/tensor_cache_bfp8/layers.21.ffn_norm.weight_distributed_dtype_BFLOAT16_layout_ROW_MAJOR.tensorbin of shape Shape([1, 1, 40, 32])
 34%|███▍      | 22/64 [00:16<00:31,  1.31it/s]2026-08-29 11:29:56.169 | DEBUG    | core:as_tensor:724 - Loaded cache for /localdev/ctr-apbernal/tt_cache/Qwen/Qwen3-32B/TG/tensor_cache_bfp8/layers.22.attention.wqkv_sharded_2d_prefetcher_dtype_BFLOAT8_B_layout_TILE.tensorbin of shape Shape([1, 1, 1280, 1280])
2026-08-29 11:29:56.217 | DEBUG    | core:as_tensor:724 - Loaded cache for /localdev/ctr-apbernal/tt_cache/Qwen/Qwen3-32B/TG/tensor_cache_bfp8/layers.22.attention.wqkv_sharded_2d_dram_dtype_BFLOAT8_B_layout_TILE.tensorbin of shape Shape([1, 1, 1280, 1280])
2026-08-29 11:29:56.263 | DEBUG    | core:as_tensor:724 - Loaded cache for /localdev/ctr-apbernal/tt_cache/Qwen/Qwen3-32B/TG/tensor_cache_bfp8/layers.22.attention.wo_width_sharded_2d_prefetcher_dtype_BFLOAT8_B_layout_TILE.tensorbin of shape Shape([1, 1, 1024, 1280])
2026-08-29 11:29:56.307 | DEBUG    | core:as_tensor:724 - Loaded cache for /localdev/ctr-apbernal/tt_cache/Qwen/Qwen3-32B/TG/tensor_cache_bfp8/layers.22.attention.wo_width_sharded_2d_dram_dtype_BFLOAT8_B_layout_TILE.tensorbin of shape Shape([1, 1, 1024, 1280])
2026-08-29 11:29:56.371 | DEBUG    | core:as_tensor:724 - Loaded cache for /localdev/ctr-apbernal/tt_cache/Qwen/Qwen3-32B/TG/tensor_cache_bfp8/layers.22.attention.wo_col_sharded_dram_dtype_BFLOAT8_B_layout_TILE.tensorbin of shape Shape([1, 1, 8192, 1280])
2026-08-29 11:29:56.384 | DEBUG    | core:as_tensor:724 - Loaded cache for /localdev/ctr-apbernal/tt_cache/Qwen/Qwen3-32B/TG/tensor_cache_bfp8/kvcache_torch.Size([2048, 1, 64, 128])_dtype_BFLOAT8_B_layout_TILE.tensorbin of shape Shape([2048, 1, 64, 128])
2026-08-29 11:29:56.391 | DEBUG    | core:as_tensor:724 - Loaded cache for /localdev/ctr-apbernal/tt_cache/Qwen/Qwen3-32B/TG/tensor_cache_bfp8/kvcache_torch.Size([2048, 1, 64, 128])_dtype_BFLOAT8_B_layout_TILE.tensorbin of shape Shape([2048, 1, 64, 128])
2026-08-29 11:29:56.492 | DEBUG    | core:as_tensor:724 - Loaded cache for /localdev/ctr-apbernal/tt_cache/Qwen/Qwen3-32B/TG/tensor_cache_bfp8/layers.22.feed_forward.w1_shardedprefetcher_dtype_BFLOAT16_layout_TILE.tensorbin of shape Shape([1, 1, 1280, 3200])
2026-08-29 11:29:56.579 | DEBUG    | core:as_tensor:724 - Loaded cache for /localdev/ctr-apbernal/tt_cache/Qwen/Qwen3-32B/TG/tensor_cache_bfp8/layers.22.feed_forward.w2_shardedprefetcher_dtype_BFLOAT16_layout_TILE.tensorbin of shape Shape([1, 1, 3200, 1280])
2026-08-29 11:29:56.665 | DEBUG    | core:as_tensor:724 - Loaded cache for /localdev/ctr-apbernal/tt_cache/Qwen/Qwen3-32B/TG/tensor_cache_bfp8/layers.22.feed_forward.w3_shardedprefetcher_dtype_BFLOAT16_layout_TILE.tensorbin of shape Shape([1, 1, 1280, 3200])
2026-08-29 11:29:56.731 | DEBUG    | core:as_tensor:724 - Loaded cache for /localdev/ctr-apbernal/tt_cache/Qwen/Qwen3-32B/TG/tensor_cache_bfp8/layers.22.feed_forward.w1_interleavedprefetcher_dtype_BFLOAT8_B_layout_TILE.tensorbin of shape Shape([1, 1, 1280, 3200])
2026-08-29 11:29:56.795 | DEBUG    | core:as_tensor:724 - Loaded cache for /localdev/ctr-apbernal/tt_cache/Qwen/Qwen3-32B/TG/tensor_cache_bfp8/layers.22.feed_forward.w2_interleavedprefetcher_dtype_BFLOAT8_B_layout_TILE.tensorbin of shape Shape([1, 1, 3200, 1280])
2026-08-29 11:29:56.859 | DEBUG    | core:as_tensor:724 - Loaded cache for /localdev/ctr-apbernal/tt_cache/Qwen/Qwen3-32B/TG/tensor_cache_bfp8/layers.22.feed_forward.w3_interleavedprefetcher_dtype_BFLOAT8_B_layout_TILE.tensorbin of shape Shape([1, 1, 1280, 3200])
2026-08-29 11:29:56.861 | DEBUG    | core:as_tensor:724 - Loaded cache for /localdev/ctr-apbernal/tt_cache/Qwen/Qwen3-32B/TG/tensor_cache_bfp8/layers.22.attention_norm.weight_dtype_BFLOAT16_layout_ROW_MAJOR.tensorbin of shape Shape([1, 1, 160, 32])
2026-08-29 11:29:56.861 | DEBUG    | core:as_tensor:724 - Loaded cache for /localdev/ctr-apbernal/tt_cache/Qwen/Qwen3-32B/TG/tensor_cache_bfp8/layers.22.attention_norm.weight_distributed_dtype_BFLOAT16_layout_ROW_MAJOR.tensorbin of shape Shape([1, 1, 40, 32])
2026-08-29 11:29:56.865 | DEBUG    | core:as_tensor:724 - Loaded cache for /localdev/ctr-apbernal/tt_cache/Qwen/Qwen3-32B/TG/tensor_cache_bfp8/layers.22.ffn_norm.weight_dtype_BFLOAT16_layout_ROW_MAJOR.tensorbin of shape Shape([1, 1, 160, 32])
2026-08-29 11:29:56.865 | DEBUG    | core:as_tensor:724 - Loaded cache for /localdev/ctr-apbernal/tt_cache/Qwen/Qwen3-32B/TG/tensor_cache_bfp8/layers.22.ffn_norm.weight_distributed_dtype_BFLOAT16_layout_ROW_MAJOR.tensorbin of shape Shape([1, 1, 40, 32])
 36%|███▌      | 23/64 [00:17<00:31,  1.31it/s]2026-08-29 11:29:56.930 | DEBUG    | core:as_tensor:724 - Loaded cache for /localdev/ctr-apbernal/tt_cache/Qwen/Qwen3-32B/TG/tensor_cache_bfp8/layers.23.attention.wqkv_sharded_2d_prefetcher_dtype_BFLOAT8_B_layout_TILE.tensorbin of shape Shape([1, 1, 1280, 1280])
2026-08-29 11:29:56.977 | DEBUG    | core:as_tensor:724 - Loaded cache for /localdev/ctr-apbernal/tt_cache/Qwen/Qwen3-32B/TG/tensor_cache_bfp8/layers.23.attention.wqkv_sharded_2d_dram_dtype_BFLOAT8_B_layout_TILE.tensorbin of shape Shape([1, 1, 1280, 1280])
2026-08-29 11:29:57.024 | DEBUG    | core:as_tensor:724 - Loaded cache for /localdev/ctr-apbernal/tt_cache/Qwen/Qwen3-32B/TG/tensor_cache_bfp8/layers.23.attention.wo_width_sharded_2d_prefetcher_dtype_BFLOAT8_B_layout_TILE.tensorbin of shape Shape([1, 1, 1024, 1280])
2026-08-29 11:29:57.069 | DEBUG    | core:as_tensor:724 - Loaded cache for /localdev/ctr-apbernal/tt_cache/Qwen/Qwen3-32B/TG/tensor_cache_bfp8/layers.23.attention.wo_width_sharded_2d_dram_dtype_BFLOAT8_B_layout_TILE.tensorbin of shape Shape([1, 1, 1024, 1280])
2026-08-29 11:29:57.132 | DEBUG    | core:as_tensor:724 - Loaded cache for /localdev/ctr-apbernal/tt_cache/Qwen/Qwen3-32B/TG/tensor_cache_bfp8/layers.23.attention.wo_col_sharded_dram_dtype_BFLOAT8_B_layout_TILE.tensorbin of shape Shape([1, 1, 8192, 1280])
2026-08-29 11:29:57.145 | DEBUG    | core:as_tensor:724 - Loaded cache for /localdev/ctr-apbernal/tt_cache/Qwen/Qwen3-32B/TG/tensor_cache_bfp8/kvcache_torch.Size([2048, 1, 64, 128])_dtype_BFLOAT8_B_layout_TILE.tensorbin of shape Shape([2048, 1, 64, 128])
2026-08-29 11:29:57.152 | DEBUG    | core:as_tensor:724 - Loaded cache for /localdev/ctr-apbernal/tt_cache/Qwen/Qwen3-32B/TG/tensor_cache_bfp8/kvcache_torch.Size([2048, 1, 64, 128])_dtype_BFLOAT8_B_layout_TILE.tensorbin of shape Shape([2048, 1, 64, 128])
2026-08-29 11:29:57.250 | DEBUG    | core:as_tensor:724 - Loaded cache for /localdev/ctr-apbernal/tt_cache/Qwen/Qwen3-32B/TG/tensor_cache_bfp8/layers.23.feed_forward.w1_shardedprefetcher_dtype_BFLOAT16_layout_TILE.tensorbin of shape Shape([1, 1, 1280, 3200])
2026-08-29 11:29:57.336 | DEBUG    | core:as_tensor:724 - Loaded cache for /localdev/ctr-apbernal/tt_cache/Qwen/Qwen3-32B/TG/tensor_cache_bfp8/layers.23.feed_forward.w2_shardedprefetcher_dtype_BFLOAT16_layout_TILE.tensorbin of shape Shape([1, 1, 3200, 1280])
2026-08-29 11:29:57.422 | DEBUG    | core:as_tensor:724 - Loaded cache for /localdev/ctr-apbernal/tt_cache/Qwen/Qwen3-32B/TG/tensor_cache_bfp8/layers.23.feed_forward.w3_shardedprefetcher_dtype_BFLOAT16_layout_TILE.tensorbin of shape Shape([1, 1, 1280, 3200])
2026-08-29 11:29:57.485 | DEBUG    | core:as_tensor:724 - Loaded cache for /localdev/ctr-apbernal/tt_cache/Qwen/Qwen3-32B/TG/tensor_cache_bfp8/layers.23.feed_forward.w1_interleavedprefetcher_dtype_BFLOAT8_B_layout_TILE.tensorbin of shape Shape([1, 1, 1280, 3200])
2026-08-29 11:29:57.549 | DEBUG    | core:as_tensor:724 - Loaded cache for /localdev/ctr-apbernal/tt_cache/Qwen/Qwen3-32B/TG/tensor_cache_bfp8/layers.23.feed_forward.w2_interleavedprefetcher_dtype_BFLOAT8_B_layout_TILE.tensorbin of shape Shape([1, 1, 3200, 1280])
2026-08-29 11:29:57.614 | DEBUG    | core:as_tensor:724 - Loaded cache for /localdev/ctr-apbernal/tt_cache/Qwen/Qwen3-32B/TG/tensor_cache_bfp8/layers.23.feed_forward.w3_interleavedprefetcher_dtype_BFLOAT8_B_layout_TILE.tensorbin of shape Shape([1, 1, 1280, 3200])
2026-08-29 11:29:57.615 | DEBUG    | core:as_tensor:724 - Loaded cache for /localdev/ctr-apbernal/tt_cache/Qwen/Qwen3-32B/TG/tensor_cache_bfp8/layers.23.attention_norm.weight_dtype_BFLOAT16_layout_ROW_MAJOR.tensorbin of shape Shape([1, 1, 160, 32])
2026-08-29 11:29:57.615 | DEBUG    | core:as_tensor:724 - Loaded cache for /localdev/ctr-apbernal/tt_cache/Qwen/Qwen3-32B/TG/tensor_cache_bfp8/layers.23.attention_norm.weight_distributed_dtype_BFLOAT16_layout_ROW_MAJOR.tensorbin of shape Shape([1, 1, 40, 32])
2026-08-29 11:29:57.616 | DEBUG    | core:as_tensor:724 - Loaded cache for /localdev/ctr-apbernal/tt_cache/Qwen/Qwen3-32B/TG/tensor_cache_bfp8/layers.23.ffn_norm.weight_dtype_BFLOAT16_layout_ROW_MAJOR.tensorbin of shape Shape([1, 1, 160, 32])
2026-08-29 11:29:57.616 | DEBUG    | core:as_tensor:724 - Loaded cache for /localdev/ctr-apbernal/tt_cache/Qwen/Qwen3-32B/TG/tensor_cache_bfp8/layers.23.ffn_norm.weight_distributed_dtype_BFLOAT16_layout_ROW_MAJOR.tensorbin of shape Shape([1, 1, 40, 32])
 38%|███▊      | 24/64 [00:18<00:30,  1.32it/s]2026-08-29 11:29:57.684 | DEBUG    | core:as_tensor:724 - Loaded cache for /localdev/ctr-apbernal/tt_cache/Qwen/Qwen3-32B/TG/tensor_cache_bfp8/layers.24.attention.wqkv_sharded_2d_prefetcher_dtype_BFLOAT8_B_layout_TILE.tensorbin of shape Shape([1, 1, 1280, 1280])
2026-08-29 11:29:57.730 | DEBUG    | core:as_tensor:724 - Loaded cache for /localdev/ctr-apbernal/tt_cache/Qwen/Qwen3-32B/TG/tensor_cache_bfp8/layers.24.attention.wqkv_sharded_2d_dram_dtype_BFLOAT8_B_layout_TILE.tensorbin of shape Shape([1, 1, 1280, 1280])
2026-08-29 11:29:57.776 | DEBUG    | core:as_tensor:724 - Loaded cache for /localdev/ctr-apbernal/tt_cache/Qwen/Qwen3-32B/TG/tensor_cache_bfp8/layers.24.attention.wo_width_sharded_2d_prefetcher_dtype_BFLOAT8_B_layout_TILE.tensorbin of shape Shape([1, 1, 1024, 1280])
2026-08-29 11:29:57.821 | DEBUG    | core:as_tensor:724 - Loaded cache for /localdev/ctr-apbernal/tt_cache/Qwen/Qwen3-32B/TG/tensor_cache_bfp8/layers.24.attention.wo_width_sharded_2d_dram_dtype_BFLOAT8_B_layout_TILE.tensorbin of shape Shape([1, 1, 1024, 1280])
2026-08-29 11:29:57.883 | DEBUG    | core:as_tensor:724 - Loaded cache for /localdev/ctr-apbernal/tt_cache/Qwen/Qwen3-32B/TG/tensor_cache_bfp8/layers.24.attention.wo_col_sharded_dram_dtype_BFLOAT8_B_layout_TILE.tensorbin of shape Shape([1, 1, 8192, 1280])
2026-08-29 11:29:57.896 | DEBUG    | core:as_tensor:724 - Loaded cache for /localdev/ctr-apbernal/tt_cache/Qwen/Qwen3-32B/TG/tensor_cache_bfp8/kvcache_torch.Size([2048, 1, 64, 128])_dtype_BFLOAT8_B_layout_TILE.tensorbin of shape Shape([2048, 1, 64, 128])
2026-08-29 11:29:57.902 | DEBUG    | core:as_tensor:724 - Loaded cache for /localdev/ctr-apbernal/tt_cache/Qwen/Qwen3-32B/TG/tensor_cache_bfp8/kvcache_torch.Size([2048, 1, 64, 128])_dtype_BFLOAT8_B_layout_TILE.tensorbin of shape Shape([2048, 1, 64, 128])
2026-08-29 11:29:58.005 | DEBUG    | core:as_tensor:724 - Loaded cache for /localdev/ctr-apbernal/tt_cache/Qwen/Qwen3-32B/TG/tensor_cache_bfp8/layers.24.feed_forward.w1_shardedprefetcher_dtype_BFLOAT16_layout_TILE.tensorbin of shape Shape([1, 1, 1280, 3200])
2026-08-29 11:29:58.091 | DEBUG    | core:as_tensor:724 - Loaded cache for /localdev/ctr-apbernal/tt_cache/Qwen/Qwen3-32B/TG/tensor_cache_bfp8/layers.24.feed_forward.w2_shardedprefetcher_dtype_BFLOAT16_layout_TILE.tensorbin of shape Shape([1, 1, 3200, 1280])
2026-08-29 11:29:58.176 | DEBUG    | core:as_tensor:724 - Loaded cache for /localdev/ctr-apbernal/tt_cache/Qwen/Qwen3-32B/TG/tensor_cache_bfp8/layers.24.feed_forward.w3_shardedprefetcher_dtype_BFLOAT16_layout_TILE.tensorbin of shape Shape([1, 1, 1280, 3200])
2026-08-29 11:29:58.241 | DEBUG    | core:as_tensor:724 - Loaded cache for /localdev/ctr-apbernal/tt_cache/Qwen/Qwen3-32B/TG/tensor_cache_bfp8/layers.24.feed_forward.w1_interleavedprefetcher_dtype_BFLOAT8_B_layout_TILE.tensorbin of shape Shape([1, 1, 1280, 3200])
2026-08-29 11:29:58.304 | DEBUG    | core:as_tensor:724 - Loaded cache for /localdev/ctr-apbernal/tt_cache/Qwen/Qwen3-32B/TG/tensor_cache_bfp8/layers.24.feed_forward.w2_interleavedprefetcher_dtype_BFLOAT8_B_layout_TILE.tensorbin of shape Shape([1, 1, 3200, 1280])
2026-08-29 11:29:58.369 | DEBUG    | core:as_tensor:724 - Loaded cache for /localdev/ctr-apbernal/tt_cache/Qwen/Qwen3-32B/TG/tensor_cache_bfp8/layers.24.feed_forward.w3_interleavedprefetcher_dtype_BFLOAT8_B_layout_TILE.tensorbin of shape Shape([1, 1, 1280, 3200])
2026-08-29 11:29:58.370 | DEBUG    | core:as_tensor:724 - Loaded cache for /localdev/ctr-apbernal/tt_cache/Qwen/Qwen3-32B/TG/tensor_cache_bfp8/layers.24.attention_norm.weight_dtype_BFLOAT16_layout_ROW_MAJOR.tensorbin of shape Shape([1, 1, 160, 32])
2026-08-29 11:29:58.371 | DEBUG    | core:as_tensor:724 - Loaded cache for /localdev/ctr-apbernal/tt_cache/Qwen/Qwen3-32B/TG/tensor_cache_bfp8/layers.24.attention_norm.weight_distributed_dtype_BFLOAT16_layout_ROW_MAJOR.tensorbin of shape Shape([1, 1, 40, 32])
2026-08-29 11:29:58.371 | DEBUG    | core:as_tensor:724 - Loaded cache for /localdev/ctr-apbernal/tt_cache/Qwen/Qwen3-32B/TG/tensor_cache_bfp8/layers.24.ffn_norm.weight_dtype_BFLOAT16_layout_ROW_MAJOR.tensorbin of shape Shape([1, 1, 160, 32])
2026-08-29 11:29:58.372 | DEBUG    | core:as_tensor:724 - Loaded cache for /localdev/ctr-apbernal/tt_cache/Qwen/Qwen3-32B/TG/tensor_cache_bfp8/layers.24.ffn_norm.weight_distributed_dtype_BFLOAT16_layout_ROW_MAJOR.tensorbin of shape Shape([1, 1, 40, 32])
 39%|███▉      | 25/64 [00:19<00:29,  1.32it/s]2026-08-29 11:29:58.436 | DEBUG    | core:as_tensor:724 - Loaded cache for /localdev/ctr-apbernal/tt_cache/Qwen/Qwen3-32B/TG/tensor_cache_bfp8/layers.25.attention.wqkv_sharded_2d_prefetcher_dtype_BFLOAT8_B_layout_TILE.tensorbin of shape Shape([1, 1, 1280, 1280])
2026-08-29 11:29:58.484 | DEBUG    | core:as_tensor:724 - Loaded cache for /localdev/ctr-apbernal/tt_cache/Qwen/Qwen3-32B/TG/tensor_cache_bfp8/layers.25.attention.wqkv_sharded_2d_dram_dtype_BFLOAT8_B_layout_TILE.tensorbin of shape Shape([1, 1, 1280, 1280])
2026-08-29 11:29:58.530 | DEBUG    | core:as_tensor:724 - Loaded cache for /localdev/ctr-apbernal/tt_cache/Qwen/Qwen3-32B/TG/tensor_cache_bfp8/layers.25.attention.wo_width_sharded_2d_prefetcher_dtype_BFLOAT8_B_layout_TILE.tensorbin of shape Shape([1, 1, 1024, 1280])
2026-08-29 11:29:58.575 | DEBUG    | core:as_tensor:724 - Loaded cache for /localdev/ctr-apbernal/tt_cache/Qwen/Qwen3-32B/TG/tensor_cache_bfp8/layers.25.attention.wo_width_sharded_2d_dram_dtype_BFLOAT8_B_layout_TILE.tensorbin of shape Shape([1, 1, 1024, 1280])
2026-08-29 11:29:58.642 | DEBUG    | core:as_tensor:724 - Loaded cache for /localdev/ctr-apbernal/tt_cache/Qwen/Qwen3-32B/TG/tensor_cache_bfp8/layers.25.attention.wo_col_sharded_dram_dtype_BFLOAT8_B_layout_TILE.tensorbin of shape Shape([1, 1, 8192, 1280])
2026-08-29 11:29:58.655 | DEBUG    | core:as_tensor:724 - Loaded cache for /localdev/ctr-apbernal/tt_cache/Qwen/Qwen3-32B/TG/tensor_cache_bfp8/kvcache_torch.Size([2048, 1, 64, 128])_dtype_BFLOAT8_B_layout_TILE.tensorbin of shape Shape([2048, 1, 64, 128])
2026-08-29 11:29:58.662 | DEBUG    | core:as_tensor:724 - Loaded cache for /localdev/ctr-apbernal/tt_cache/Qwen/Qwen3-32B/TG/tensor_cache_bfp8/kvcache_torch.Size([2048, 1, 64, 128])_dtype_BFLOAT8_B_layout_TILE.tensorbin of shape Shape([2048, 1, 64, 128])
2026-08-29 11:29:58.764 | DEBUG    | core:as_tensor:724 - Loaded cache for /localdev/ctr-apbernal/tt_cache/Qwen/Qwen3-32B/TG/tensor_cache_bfp8/layers.25.feed_forward.w1_shardedprefetcher_dtype_BFLOAT16_layout_TILE.tensorbin of shape Shape([1, 1, 1280, 3200])
2026-08-29 11:29:58.848 | DEBUG    | core:as_tensor:724 - Loaded cache for /localdev/ctr-apbernal/tt_cache/Qwen/Qwen3-32B/TG/tensor_cache_bfp8/layers.25.feed_forward.w2_shardedprefetcher_dtype_BFLOAT16_layout_TILE.tensorbin of shape Shape([1, 1, 3200, 1280])
2026-08-29 11:29:58.934 | DEBUG    | core:as_tensor:724 - Loaded cache for /localdev/ctr-apbernal/tt_cache/Qwen/Qwen3-32B/TG/tensor_cache_bfp8/layers.25.feed_forward.w3_shardedprefetcher_dtype_BFLOAT16_layout_TILE.tensorbin of shape Shape([1, 1, 1280, 3200])
2026-08-29 11:29:58.998 | DEBUG    | core:as_tensor:724 - Loaded cache for /localdev/ctr-apbernal/tt_cache/Qwen/Qwen3-32B/TG/tensor_cache_bfp8/layers.25.feed_forward.w1_interleavedprefetcher_dtype_BFLOAT8_B_layout_TILE.tensorbin of shape Shape([1, 1, 1280, 3200])
2026-08-29 11:29:59.064 | DEBUG    | core:as_tensor:724 - Loaded cache for /localdev/ctr-apbernal/tt_cache/Qwen/Qwen3-32B/TG/tensor_cache_bfp8/layers.25.feed_forward.w2_interleavedprefetcher_dtype_BFLOAT8_B_layout_TILE.tensorbin of shape Shape([1, 1, 3200, 1280])
2026-08-29 11:29:59.128 | DEBUG    | core:as_tensor:724 - Loaded cache for /localdev/ctr-apbernal/tt_cache/Qwen/Qwen3-32B/TG/tensor_cache_bfp8/layers.25.feed_forward.w3_interleavedprefetcher_dtype_BFLOAT8_B_layout_TILE.tensorbin of shape Shape([1, 1, 1280, 3200])
2026-08-29 11:29:59.130 | DEBUG    | core:as_tensor:724 - Loaded cache for /localdev/ctr-apbernal/tt_cache/Qwen/Qwen3-32B/TG/tensor_cache_bfp8/layers.25.attention_norm.weight_dtype_BFLOAT16_layout_ROW_MAJOR.tensorbin of shape Shape([1, 1, 160, 32])
2026-08-29 11:29:59.130 | DEBUG    | core:as_tensor:724 - Loaded cache for /localdev/ctr-apbernal/tt_cache/Qwen/Qwen3-32B/TG/tensor_cache_bfp8/layers.25.attention_norm.weight_distributed_dtype_BFLOAT16_layout_ROW_MAJOR.tensorbin of shape Shape([1, 1, 40, 32])
2026-08-29 11:29:59.131 | DEBUG    | core:as_tensor:724 - Loaded cache for /localdev/ctr-apbernal/tt_cache/Qwen/Qwen3-32B/TG/tensor_cache_bfp8/layers.25.ffn_norm.weight_dtype_BFLOAT16_layout_ROW_MAJOR.tensorbin of shape Shape([1, 1, 160, 32])
2026-08-29 11:29:59.131 | DEBUG    | core:as_tensor:724 - Loaded cache for /localdev/ctr-apbernal/tt_cache/Qwen/Qwen3-32B/TG/tensor_cache_bfp8/layers.25.ffn_norm.weight_distributed_dtype_BFLOAT16_layout_ROW_MAJOR.tensorbin of shape Shape([1, 1, 40, 32])
 41%|████      | 26/64 [00:19<00:28,  1.32it/s]2026-08-29 11:29:59.195 | DEBUG    | core:as_tensor:724 - Loaded cache for /localdev/ctr-apbernal/tt_cache/Qwen/Qwen3-32B/TG/tensor_cache_bfp8/layers.26.attention.wqkv_sharded_2d_prefetcher_dtype_BFLOAT8_B_layout_TILE.tensorbin of shape Shape([1, 1, 1280, 1280])
2026-08-29 11:29:59.244 | DEBUG    | core:as_tensor:724 - Loaded cache for /localdev/ctr-apbernal/tt_cache/Qwen/Qwen3-32B/TG/tensor_cache_bfp8/layers.26.attention.wqkv_sharded_2d_dram_dtype_BFLOAT8_B_layout_TILE.tensorbin of shape Shape([1, 1, 1280, 1280])
2026-08-29 11:29:59.288 | DEBUG    | core:as_tensor:724 - Loaded cache for /localdev/ctr-apbernal/tt_cache/Qwen/Qwen3-32B/TG/tensor_cache_bfp8/layers.26.attention.wo_width_sharded_2d_prefetcher_dtype_BFLOAT8_B_layout_TILE.tensorbin of shape Shape([1, 1, 1024, 1280])
2026-08-29 11:29:59.334 | DEBUG    | core:as_tensor:724 - Loaded cache for /localdev/ctr-apbernal/tt_cache/Qwen/Qwen3-32B/TG/tensor_cache_bfp8/layers.26.attention.wo_width_sharded_2d_dram_dtype_BFLOAT8_B_layout_TILE.tensorbin of shape Shape([1, 1, 1024, 1280])
2026-08-29 11:29:59.396 | DEBUG    | core:as_tensor:724 - Loaded cache for /localdev/ctr-apbernal/tt_cache/Qwen/Qwen3-32B/TG/tensor_cache_bfp8/layers.26.attention.wo_col_sharded_dram_dtype_BFLOAT8_B_layout_TILE.tensorbin of shape Shape([1, 1, 8192, 1280])
2026-08-29 11:29:59.409 | DEBUG    | core:as_tensor:724 - Loaded cache for /localdev/ctr-apbernal/tt_cache/Qwen/Qwen3-32B/TG/tensor_cache_bfp8/kvcache_torch.Size([2048, 1, 64, 128])_dtype_BFLOAT8_B_layout_TILE.tensorbin of shape Shape([2048, 1, 64, 128])
2026-08-29 11:29:59.416 | DEBUG    | core:as_tensor:724 - Loaded cache for /localdev/ctr-apbernal/tt_cache/Qwen/Qwen3-32B/TG/tensor_cache_bfp8/kvcache_torch.Size([2048, 1, 64, 128])_dtype_BFLOAT8_B_layout_TILE.tensorbin of shape Shape([2048, 1, 64, 128])
2026-08-29 11:29:59.519 | DEBUG    | core:as_tensor:724 - Loaded cache for /localdev/ctr-apbernal/tt_cache/Qwen/Qwen3-32B/TG/tensor_cache_bfp8/layers.26.feed_forward.w1_shardedprefetcher_dtype_BFLOAT16_layout_TILE.tensorbin of shape Shape([1, 1, 1280, 3200])
2026-08-29 11:29:59.602 | DEBUG    | core:as_tensor:724 - Loaded cache for /localdev/ctr-apbernal/tt_cache/Qwen/Qwen3-32B/TG/tensor_cache_bfp8/layers.26.feed_forward.w2_shardedprefetcher_dtype_BFLOAT16_layout_TILE.tensorbin of shape Shape([1, 1, 3200, 1280])
2026-08-29 11:29:59.688 | DEBUG    | core:as_tensor:724 - Loaded cache for /localdev/ctr-apbernal/tt_cache/Qwen/Qwen3-32B/TG/tensor_cache_bfp8/layers.26.feed_forward.w3_shardedprefetcher_dtype_BFLOAT16_layout_TILE.tensorbin of shape Shape([1, 1, 1280, 3200])
2026-08-29 11:29:59.751 | DEBUG    | core:as_tensor:724 - Loaded cache for /localdev/ctr-apbernal/tt_cache/Qwen/Qwen3-32B/TG/tensor_cache_bfp8/layers.26.feed_forward.w1_interleavedprefetcher_dtype_BFLOAT8_B_layout_TILE.tensorbin of shape Shape([1, 1, 1280, 3200])
2026-08-29 11:29:59.814 | DEBUG    | core:as_tensor:724 - Loaded cache for /localdev/ctr-apbernal/tt_cache/Qwen/Qwen3-32B/TG/tensor_cache_bfp8/layers.26.feed_forward.w2_interleavedprefetcher_dtype_BFLOAT8_B_layout_TILE.tensorbin of shape Shape([1, 1, 3200, 1280])
2026-08-29 11:29:59.877 | DEBUG    | core:as_tensor:724 - Loaded cache for /localdev/ctr-apbernal/tt_cache/Qwen/Qwen3-32B/TG/tensor_cache_bfp8/layers.26.feed_forward.w3_interleavedprefetcher_dtype_BFLOAT8_B_layout_TILE.tensorbin of shape Shape([1, 1, 1280, 3200])
2026-08-29 11:29:59.879 | DEBUG    | core:as_tensor:724 - Loaded cache for /localdev/ctr-apbernal/tt_cache/Qwen/Qwen3-32B/TG/tensor_cache_bfp8/layers.26.attention_norm.weight_dtype_BFLOAT16_layout_ROW_MAJOR.tensorbin of shape Shape([1, 1, 160, 32])
2026-08-29 11:29:59.879 | DEBUG    | core:as_tensor:724 - Loaded cache for /localdev/ctr-apbernal/tt_cache/Qwen/Qwen3-32B/TG/tensor_cache_bfp8/layers.26.attention_norm.weight_distributed_dtype_BFLOAT16_layout_ROW_MAJOR.tensorbin of shape Shape([1, 1, 40, 32])
2026-08-29 11:29:59.880 | DEBUG    | core:as_tensor:724 - Loaded cache for /localdev/ctr-apbernal/tt_cache/Qwen/Qwen3-32B/TG/tensor_cache_bfp8/layers.26.ffn_norm.weight_dtype_BFLOAT16_layout_ROW_MAJOR.tensorbin of shape Shape([1, 1, 160, 32])
2026-08-29 11:29:59.880 | DEBUG    | core:as_tensor:724 - Loaded cache for /localdev/ctr-apbernal/tt_cache/Qwen/Qwen3-32B/TG/tensor_cache_bfp8/layers.26.ffn_norm.weight_distributed_dtype_BFLOAT16_layout_ROW_MAJOR.tensorbin of shape Shape([1, 1, 40, 32])
 42%|████▏     | 27/64 [00:20<00:27,  1.32it/s]2026-08-29 11:29:59.943 | DEBUG    | core:as_tensor:724 - Loaded cache for /localdev/ctr-apbernal/tt_cache/Qwen/Qwen3-32B/TG/tensor_cache_bfp8/layers.27.attention.wqkv_sharded_2d_prefetcher_dtype_BFLOAT8_B_layout_TILE.tensorbin of shape Shape([1, 1, 1280, 1280])
2026-08-29 11:29:59.991 | DEBUG    | core:as_tensor:724 - Loaded cache for /localdev/ctr-apbernal/tt_cache/Qwen/Qwen3-32B/TG/tensor_cache_bfp8/layers.27.attention.wqkv_sharded_2d_dram_dtype_BFLOAT8_B_layout_TILE.tensorbin of shape Shape([1, 1, 1280, 1280])
2026-08-29 11:30:00.036 | DEBUG    | core:as_tensor:724 - Loaded cache for /localdev/ctr-apbernal/tt_cache/Qwen/Qwen3-32B/TG/tensor_cache_bfp8/layers.27.attention.wo_width_sharded_2d_prefetcher_dtype_BFLOAT8_B_layout_TILE.tensorbin of shape Shape([1, 1, 1024, 1280])
2026-08-29 11:30:00.081 | DEBUG    | core:as_tensor:724 - Loaded cache for /localdev/ctr-apbernal/tt_cache/Qwen/Qwen3-32B/TG/tensor_cache_bfp8/layers.27.attention.wo_width_sharded_2d_dram_dtype_BFLOAT8_B_layout_TILE.tensorbin of shape Shape([1, 1, 1024, 1280])
2026-08-29 11:30:00.144 | DEBUG    | core:as_tensor:724 - Loaded cache for /localdev/ctr-apbernal/tt_cache/Qwen/Qwen3-32B/TG/tensor_cache_bfp8/layers.27.attention.wo_col_sharded_dram_dtype_BFLOAT8_B_layout_TILE.tensorbin of shape Shape([1, 1, 8192, 1280])
2026-08-29 11:30:00.158 | DEBUG    | core:as_tensor:724 - Loaded cache for /localdev/ctr-apbernal/tt_cache/Qwen/Qwen3-32B/TG/tensor_cache_bfp8/kvcache_torch.Size([2048, 1, 64, 128])_dtype_BFLOAT8_B_layout_TILE.tensorbin of shape Shape([2048, 1, 64, 128])
2026-08-29 11:30:00.165 | DEBUG    | core:as_tensor:724 - Loaded cache for /localdev/ctr-apbernal/tt_cache/Qwen/Qwen3-32B/TG/tensor_cache_bfp8/kvcache_torch.Size([2048, 1, 64, 128])_dtype_BFLOAT8_B_layout_TILE.tensorbin of shape Shape([2048, 1, 64, 128])
2026-08-29 11:30:00.267 | DEBUG    | core:as_tensor:724 - Loaded cache for /localdev/ctr-apbernal/tt_cache/Qwen/Qwen3-32B/TG/tensor_cache_bfp8/layers.27.feed_forward.w1_shardedprefetcher_dtype_BFLOAT16_layout_TILE.tensorbin of shape Shape([1, 1, 1280, 3200])
2026-08-29 11:30:00.353 | DEBUG    | core:as_tensor:724 - Loaded cache for /localdev/ctr-apbernal/tt_cache/Qwen/Qwen3-32B/TG/tensor_cache_bfp8/layers.27.feed_forward.w2_shardedprefetcher_dtype_BFLOAT16_layout_TILE.tensorbin of shape Shape([1, 1, 3200, 1280])
2026-08-29 11:30:00.440 | DEBUG    | core:as_tensor:724 - Loaded cache for /localdev/ctr-apbernal/tt_cache/Qwen/Qwen3-32B/TG/tensor_cache_bfp8/layers.27.feed_forward.w3_shardedprefetcher_dtype_BFLOAT16_layout_TILE.tensorbin of shape Shape([1, 1, 1280, 3200])
2026-08-29 11:30:00.504 | DEBUG    | core:as_tensor:724 - Loaded cache for /localdev/ctr-apbernal/tt_cache/Qwen/Qwen3-32B/TG/tensor_cache_bfp8/layers.27.feed_forward.w1_interleavedprefetcher_dtype_BFLOAT8_B_layout_TILE.tensorbin of shape Shape([1, 1, 1280, 3200])
2026-08-29 11:30:00.568 | DEBUG    | core:as_tensor:724 - Loaded cache for /localdev/ctr-apbernal/tt_cache/Qwen/Qwen3-32B/TG/tensor_cache_bfp8/layers.27.feed_forward.w2_interleavedprefetcher_dtype_BFLOAT8_B_layout_TILE.tensorbin of shape Shape([1, 1, 3200, 1280])
2026-08-29 11:30:00.632 | DEBUG    | core:as_tensor:724 - Loaded cache for /localdev/ctr-apbernal/tt_cache/Qwen/Qwen3-32B/TG/tensor_cache_bfp8/layers.27.feed_forward.w3_interleavedprefetcher_dtype_BFLOAT8_B_layout_TILE.tensorbin of shape Shape([1, 1, 1280, 3200])
2026-08-29 11:30:00.633 | DEBUG    | core:as_tensor:724 - Loaded cache for /localdev/ctr-apbernal/tt_cache/Qwen/Qwen3-32B/TG/tensor_cache_bfp8/layers.27.attention_norm.weight_dtype_BFLOAT16_layout_ROW_MAJOR.tensorbin of shape Shape([1, 1, 160, 32])
2026-08-29 11:30:00.633 | DEBUG    | core:as_tensor:724 - Loaded cache for /localdev/ctr-apbernal/tt_cache/Qwen/Qwen3-32B/TG/tensor_cache_bfp8/layers.27.attention_norm.weight_distributed_dtype_BFLOAT16_layout_ROW_MAJOR.tensorbin of shape Shape([1, 1, 40, 32])
2026-08-29 11:30:00.634 | DEBUG    | core:as_tensor:724 - Loaded cache for /localdev/ctr-apbernal/tt_cache/Qwen/Qwen3-32B/TG/tensor_cache_bfp8/layers.27.ffn_norm.weight_dtype_BFLOAT16_layout_ROW_MAJOR.tensorbin of shape Shape([1, 1, 160, 32])
2026-08-29 11:30:00.634 | DEBUG    | core:as_tensor:724 - Loaded cache for /localdev/ctr-apbernal/tt_cache/Qwen/Qwen3-32B/TG/tensor_cache_bfp8/layers.27.ffn_norm.weight_distributed_dtype_BFLOAT16_layout_ROW_MAJOR.tensorbin of shape Shape([1, 1, 40, 32])
 44%|████▍     | 28/64 [00:21<00:27,  1.32it/s]2026-08-29 11:30:00.703 | DEBUG    | core:as_tensor:724 - Loaded cache for /localdev/ctr-apbernal/tt_cache/Qwen/Qwen3-32B/TG/tensor_cache_bfp8/layers.28.attention.wqkv_sharded_2d_prefetcher_dtype_BFLOAT8_B_layout_TILE.tensorbin of shape Shape([1, 1, 1280, 1280])
2026-08-29 11:30:00.751 | DEBUG    | core:as_tensor:724 - Loaded cache for /localdev/ctr-apbernal/tt_cache/Qwen/Qwen3-32B/TG/tensor_cache_bfp8/layers.28.attention.wqkv_sharded_2d_dram_dtype_BFLOAT8_B_layout_TILE.tensorbin of shape Shape([1, 1, 1280, 1280])
2026-08-29 11:30:00.796 | DEBUG    | core:as_tensor:724 - Loaded cache for /localdev/ctr-apbernal/tt_cache/Qwen/Qwen3-32B/TG/tensor_cache_bfp8/layers.28.attention.wo_width_sharded_2d_prefetcher_dtype_BFLOAT8_B_layout_TILE.tensorbin of shape Shape([1, 1, 1024, 1280])
2026-08-29 11:30:00.840 | DEBUG    | core:as_tensor:724 - Loaded cache for /localdev/ctr-apbernal/tt_cache/Qwen/Qwen3-32B/TG/tensor_cache_bfp8/layers.28.attention.wo_width_sharded_2d_dram_dtype_BFLOAT8_B_layout_TILE.tensorbin of shape Shape([1, 1, 1024, 1280])
2026-08-29 11:30:00.906 | DEBUG    | core:as_tensor:724 - Loaded cache for /localdev/ctr-apbernal/tt_cache/Qwen/Qwen3-32B/TG/tensor_cache_bfp8/layers.28.attention.wo_col_sharded_dram_dtype_BFLOAT8_B_layout_TILE.tensorbin of shape Shape([1, 1, 8192, 1280])
2026-08-29 11:30:00.920 | DEBUG    | core:as_tensor:724 - Loaded cache for /localdev/ctr-apbernal/tt_cache/Qwen/Qwen3-32B/TG/tensor_cache_bfp8/kvcache_torch.Size([2048, 1, 64, 128])_dtype_BFLOAT8_B_layout_TILE.tensorbin of shape Shape([2048, 1, 64, 128])
2026-08-29 11:30:00.927 | DEBUG    | core:as_tensor:724 - Loaded cache for /localdev/ctr-apbernal/tt_cache/Qwen/Qwen3-32B/TG/tensor_cache_bfp8/kvcache_torch.Size([2048, 1, 64, 128])_dtype_BFLOAT8_B_layout_TILE.tensorbin of shape Shape([2048, 1, 64, 128])
2026-08-29 11:30:01.025 | DEBUG    | core:as_tensor:724 - Loaded cache for /localdev/ctr-apbernal/tt_cache/Qwen/Qwen3-32B/TG/tensor_cache_bfp8/layers.28.feed_forward.w1_shardedprefetcher_dtype_BFLOAT16_layout_TILE.tensorbin of shape Shape([1, 1, 1280, 3200])
2026-08-29 11:30:01.110 | DEBUG    | core:as_tensor:724 - Loaded cache for /localdev/ctr-apbernal/tt_cache/Qwen/Qwen3-32B/TG/tensor_cache_bfp8/layers.28.feed_forward.w2_shardedprefetcher_dtype_BFLOAT16_layout_TILE.tensorbin of shape Shape([1, 1, 3200, 1280])
2026-08-29 11:30:01.195 | DEBUG    | core:as_tensor:724 - Loaded cache for /localdev/ctr-apbernal/tt_cache/Qwen/Qwen3-32B/TG/tensor_cache_bfp8/layers.28.feed_forward.w3_shardedprefetcher_dtype_BFLOAT16_layout_TILE.tensorbin of shape Shape([1, 1, 1280, 3200])
2026-08-29 11:30:01.258 | DEBUG    | core:as_tensor:724 - Loaded cache for /localdev/ctr-apbernal/tt_cache/Qwen/Qwen3-32B/TG/tensor_cache_bfp8/layers.28.feed_forward.w1_interleavedprefetcher_dtype_BFLOAT8_B_layout_TILE.tensorbin of shape Shape([1, 1, 1280, 3200])
2026-08-29 11:30:01.322 | DEBUG    | core:as_tensor:724 - Loaded cache for /localdev/ctr-apbernal/tt_cache/Qwen/Qwen3-32B/TG/tensor_cache_bfp8/layers.28.feed_forward.w2_interleavedprefetcher_dtype_BFLOAT8_B_layout_TILE.tensorbin of shape Shape([1, 1, 3200, 1280])
2026-08-29 11:30:01.385 | DEBUG    | core:as_tensor:724 - Loaded cache for /localdev/ctr-apbernal/tt_cache/Qwen/Qwen3-32B/TG/tensor_cache_bfp8/layers.28.feed_forward.w3_interleavedprefetcher_dtype_BFLOAT8_B_layout_TILE.tensorbin of shape Shape([1, 1, 1280, 3200])
2026-08-29 11:30:01.386 | DEBUG    | core:as_tensor:724 - Loaded cache for /localdev/ctr-apbernal/tt_cache/Qwen/Qwen3-32B/TG/tensor_cache_bfp8/layers.28.attention_norm.weight_dtype_BFLOAT16_layout_ROW_MAJOR.tensorbin of shape Shape([1, 1, 160, 32])
2026-08-29 11:30:01.387 | DEBUG    | core:as_tensor:724 - Loaded cache for /localdev/ctr-apbernal/tt_cache/Qwen/Qwen3-32B/TG/tensor_cache_bfp8/layers.28.attention_norm.weight_distributed_dtype_BFLOAT16_layout_ROW_MAJOR.tensorbin of shape Shape([1, 1, 40, 32])
2026-08-29 11:30:01.387 | DEBUG    | core:as_tensor:724 - Loaded cache for /localdev/ctr-apbernal/tt_cache/Qwen/Qwen3-32B/TG/tensor_cache_bfp8/layers.28.ffn_norm.weight_dtype_BFLOAT16_layout_ROW_MAJOR.tensorbin of shape Shape([1, 1, 160, 32])
2026-08-29 11:30:01.388 | DEBUG    | core:as_tensor:724 - Loaded cache for /localdev/ctr-apbernal/tt_cache/Qwen/Qwen3-32B/TG/tensor_cache_bfp8/layers.28.ffn_norm.weight_distributed_dtype_BFLOAT16_layout_ROW_MAJOR.tensorbin of shape Shape([1, 1, 40, 32])
 45%|████▌     | 29/64 [00:22<00:26,  1.33it/s]2026-08-29 11:30:01.450 | DEBUG    | core:as_tensor:724 - Loaded cache for /localdev/ctr-apbernal/tt_cache/Qwen/Qwen3-32B/TG/tensor_cache_bfp8/layers.29.attention.wqkv_sharded_2d_prefetcher_dtype_BFLOAT8_B_layout_TILE.tensorbin of shape Shape([1, 1, 1280, 1280])
2026-08-29 11:30:01.497 | DEBUG    | core:as_tensor:724 - Loaded cache for /localdev/ctr-apbernal/tt_cache/Qwen/Qwen3-32B/TG/tensor_cache_bfp8/layers.29.attention.wqkv_sharded_2d_dram_dtype_BFLOAT8_B_layout_TILE.tensorbin of shape Shape([1, 1, 1280, 1280])
2026-08-29 11:30:01.541 | DEBUG    | core:as_tensor:724 - Loaded cache for /localdev/ctr-apbernal/tt_cache/Qwen/Qwen3-32B/TG/tensor_cache_bfp8/layers.29.attention.wo_width_sharded_2d_prefetcher_dtype_BFLOAT8_B_layout_TILE.tensorbin of shape Shape([1, 1, 1024, 1280])
2026-08-29 11:30:01.586 | DEBUG    | core:as_tensor:724 - Loaded cache for /localdev/ctr-apbernal/tt_cache/Qwen/Qwen3-32B/TG/tensor_cache_bfp8/layers.29.attention.wo_width_sharded_2d_dram_dtype_BFLOAT8_B_layout_TILE.tensorbin of shape Shape([1, 1, 1024, 1280])
2026-08-29 11:30:01.647 | DEBUG    | core:as_tensor:724 - Loaded cache for /localdev/ctr-apbernal/tt_cache/Qwen/Qwen3-32B/TG/tensor_cache_bfp8/layers.29.attention.wo_col_sharded_dram_dtype_BFLOAT8_B_layout_TILE.tensorbin of shape Shape([1, 1, 8192, 1280])
2026-08-29 11:30:01.660 | DEBUG    | core:as_tensor:724 - Loaded cache for /localdev/ctr-apbernal/tt_cache/Qwen/Qwen3-32B/TG/tensor_cache_bfp8/kvcache_torch.Size([2048, 1, 64, 128])_dtype_BFLOAT8_B_layout_TILE.tensorbin of shape Shape([2048, 1, 64, 128])
2026-08-29 11:30:01.667 | DEBUG    | core:as_tensor:724 - Loaded cache for /localdev/ctr-apbernal/tt_cache/Qwen/Qwen3-32B/TG/tensor_cache_bfp8/kvcache_torch.Size([2048, 1, 64, 128])_dtype_BFLOAT8_B_layout_TILE.tensorbin of shape Shape([2048, 1, 64, 128])
2026-08-29 11:30:01.768 | DEBUG    | core:as_tensor:724 - Loaded cache for /localdev/ctr-apbernal/tt_cache/Qwen/Qwen3-32B/TG/tensor_cache_bfp8/layers.29.feed_forward.w1_shardedprefetcher_dtype_BFLOAT16_layout_TILE.tensorbin of shape Shape([1, 1, 1280, 3200])
2026-08-29 11:30:01.853 | DEBUG    | core:as_tensor:724 - Loaded cache for /localdev/ctr-apbernal/tt_cache/Qwen/Qwen3-32B/TG/tensor_cache_bfp8/layers.29.feed_forward.w2_shardedprefetcher_dtype_BFLOAT16_layout_TILE.tensorbin of shape Shape([1, 1, 3200, 1280])
2026-08-29 11:30:01.938 | DEBUG    | core:as_tensor:724 - Loaded cache for /localdev/ctr-apbernal/tt_cache/Qwen/Qwen3-32B/TG/tensor_cache_bfp8/layers.29.feed_forward.w3_shardedprefetcher_dtype_BFLOAT16_layout_TILE.tensorbin of shape Shape([1, 1, 1280, 3200])
2026-08-29 11:30:02.003 | DEBUG    | core:as_tensor:724 - Loaded cache for /localdev/ctr-apbernal/tt_cache/Qwen/Qwen3-32B/TG/tensor_cache_bfp8/layers.29.feed_forward.w1_interleavedprefetcher_dtype_BFLOAT8_B_layout_TILE.tensorbin of shape Shape([1, 1, 1280, 3200])
2026-08-29 11:30:02.068 | DEBUG    | core:as_tensor:724 - Loaded cache for /localdev/ctr-apbernal/tt_cache/Qwen/Qwen3-32B/TG/tensor_cache_bfp8/layers.29.feed_forward.w2_interleavedprefetcher_dtype_BFLOAT8_B_layout_TILE.tensorbin of shape Shape([1, 1, 3200, 1280])
2026-08-29 11:30:02.131 | DEBUG    | core:as_tensor:724 - Loaded cache for /localdev/ctr-apbernal/tt_cache/Qwen/Qwen3-32B/TG/tensor_cache_bfp8/layers.29.feed_forward.w3_interleavedprefetcher_dtype_BFLOAT8_B_layout_TILE.tensorbin of shape Shape([1, 1, 1280, 3200])
2026-08-29 11:30:02.132 | DEBUG    | core:as_tensor:724 - Loaded cache for /localdev/ctr-apbernal/tt_cache/Qwen/Qwen3-32B/TG/tensor_cache_bfp8/layers.29.attention_norm.weight_dtype_BFLOAT16_layout_ROW_MAJOR.tensorbin of shape Shape([1, 1, 160, 32])
2026-08-29 11:30:02.133 | DEBUG    | core:as_tensor:724 - Loaded cache for /localdev/ctr-apbernal/tt_cache/Qwen/Qwen3-32B/TG/tensor_cache_bfp8/layers.29.attention_norm.weight_distributed_dtype_BFLOAT16_layout_ROW_MAJOR.tensorbin of shape Shape([1, 1, 40, 32])
2026-08-29 11:30:02.133 | DEBUG    | core:as_tensor:724 - Loaded cache for /localdev/ctr-apbernal/tt_cache/Qwen/Qwen3-32B/TG/tensor_cache_bfp8/layers.29.ffn_norm.weight_dtype_BFLOAT16_layout_ROW_MAJOR.tensorbin of shape Shape([1, 1, 160, 32])
2026-08-29 11:30:02.134 | DEBUG    | core:as_tensor:724 - Loaded cache for /localdev/ctr-apbernal/tt_cache/Qwen/Qwen3-32B/TG/tensor_cache_bfp8/layers.29.ffn_norm.weight_distributed_dtype_BFLOAT16_layout_ROW_MAJOR.tensorbin of shape Shape([1, 1, 40, 32])
 47%|████▋     | 30/64 [00:22<00:25,  1.33it/s]2026-08-29 11:30:02.197 | DEBUG    | core:as_tensor:724 - Loaded cache for /localdev/ctr-apbernal/tt_cache/Qwen/Qwen3-32B/TG/tensor_cache_bfp8/layers.30.attention.wqkv_sharded_2d_prefetcher_dtype_BFLOAT8_B_layout_TILE.tensorbin of shape Shape([1, 1, 1280, 1280])
2026-08-29 11:30:02.245 | DEBUG    | core:as_tensor:724 - Loaded cache for /localdev/ctr-apbernal/tt_cache/Qwen/Qwen3-32B/TG/tensor_cache_bfp8/layers.30.attention.wqkv_sharded_2d_dram_dtype_BFLOAT8_B_layout_TILE.tensorbin of shape Shape([1, 1, 1280, 1280])
2026-08-29 11:30:02.290 | DEBUG    | core:as_tensor:724 - Loaded cache for /localdev/ctr-apbernal/tt_cache/Qwen/Qwen3-32B/TG/tensor_cache_bfp8/layers.30.attention.wo_width_sharded_2d_prefetcher_dtype_BFLOAT8_B_layout_TILE.tensorbin of shape Shape([1, 1, 1024, 1280])
2026-08-29 11:30:02.335 | DEBUG    | core:as_tensor:724 - Loaded cache for /localdev/ctr-apbernal/tt_cache/Qwen/Qwen3-32B/TG/tensor_cache_bfp8/layers.30.attention.wo_width_sharded_2d_dram_dtype_BFLOAT8_B_layout_TILE.tensorbin of shape Shape([1, 1, 1024, 1280])
2026-08-29 11:30:02.413 | DEBUG    | core:as_tensor:724 - Loaded cache for /localdev/ctr-apbernal/tt_cache/Qwen/Qwen3-32B/TG/tensor_cache_bfp8/layers.30.attention.wo_col_sharded_dram_dtype_BFLOAT8_B_layout_TILE.tensorbin of shape Shape([1, 1, 8192, 1280])
2026-08-29 11:30:02.750 | DEBUG    | core:as_tensor:724 - Loaded cache for /localdev/ctr-apbernal/tt_cache/Qwen/Qwen3-32B/TG/tensor_cache_bfp8/kvcache_torch.Size([2048, 1, 64, 128])_dtype_BFLOAT8_B_layout_TILE.tensorbin of shape Shape([2048, 1, 64, 128])
2026-08-29 11:30:02.770 | DEBUG    | core:as_tensor:724 - Loaded cache for /localdev/ctr-apbernal/tt_cache/Qwen/Qwen3-32B/TG/tensor_cache_bfp8/kvcache_torch.Size([2048, 1, 64, 128])_dtype_BFLOAT8_B_layout_TILE.tensorbin of shape Shape([2048, 1, 64, 128])
2026-08-29 11:30:02.881 | DEBUG    | core:as_tensor:724 - Loaded cache for /localdev/ctr-apbernal/tt_cache/Qwen/Qwen3-32B/TG/tensor_cache_bfp8/layers.30.feed_forward.w1_shardedprefetcher_dtype_BFLOAT16_layout_TILE.tensorbin of shape Shape([1, 1, 1280, 3200])
2026-08-29 11:30:02.965 | DEBUG    | core:as_tensor:724 - Loaded cache for /localdev/ctr-apbernal/tt_cache/Qwen/Qwen3-32B/TG/tensor_cache_bfp8/layers.30.feed_forward.w2_shardedprefetcher_dtype_BFLOAT16_layout_TILE.tensorbin of shape Shape([1, 1, 3200, 1280])
2026-08-29 11:30:03.052 | DEBUG    | core:as_tensor:724 - Loaded cache for /localdev/ctr-apbernal/tt_cache/Qwen/Qwen3-32B/TG/tensor_cache_bfp8/layers.30.feed_forward.w3_shardedprefetcher_dtype_BFLOAT16_layout_TILE.tensorbin of shape Shape([1, 1, 1280, 3200])
2026-08-29 11:30:03.115 | DEBUG    | core:as_tensor:724 - Loaded cache for /localdev/ctr-apbernal/tt_cache/Qwen/Qwen3-32B/TG/tensor_cache_bfp8/layers.30.feed_forward.w1_interleavedprefetcher_dtype_BFLOAT8_B_layout_TILE.tensorbin of shape Shape([1, 1, 1280, 3200])
2026-08-29 11:30:03.180 | DEBUG    | core:as_tensor:724 - Loaded cache for /localdev/ctr-apbernal/tt_cache/Qwen/Qwen3-32B/TG/tensor_cache_bfp8/layers.30.feed_forward.w2_interleavedprefetcher_dtype_BFLOAT8_B_layout_TILE.tensorbin of shape Shape([1, 1, 3200, 1280])
2026-08-29 11:30:03.243 | DEBUG    | core:as_tensor:724 - Loaded cache for /localdev/ctr-apbernal/tt_cache/Qwen/Qwen3-32B/TG/tensor_cache_bfp8/layers.30.feed_forward.w3_interleavedprefetcher_dtype_BFLOAT8_B_layout_TILE.tensorbin of shape Shape([1, 1, 1280, 3200])
2026-08-29 11:30:03.244 | DEBUG    | core:as_tensor:724 - Loaded cache for /localdev/ctr-apbernal/tt_cache/Qwen/Qwen3-32B/TG/tensor_cache_bfp8/layers.30.attention_norm.weight_dtype_BFLOAT16_layout_ROW_MAJOR.tensorbin of shape Shape([1, 1, 160, 32])
2026-08-29 11:30:03.245 | DEBUG    | core:as_tensor:724 - Loaded cache for /localdev/ctr-apbernal/tt_cache/Qwen/Qwen3-32B/TG/tensor_cache_bfp8/layers.30.attention_norm.weight_distributed_dtype_BFLOAT16_layout_ROW_MAJOR.tensorbin of shape Shape([1, 1, 40, 32])
2026-08-29 11:30:03.245 | DEBUG    | core:as_tensor:724 - Loaded cache for /localdev/ctr-apbernal/tt_cache/Qwen/Qwen3-32B/TG/tensor_cache_bfp8/layers.30.ffn_norm.weight_dtype_BFLOAT16_layout_ROW_MAJOR.tensorbin of shape Shape([1, 1, 160, 32])
2026-08-29 11:30:03.246 | DEBUG    | core:as_tensor:724 - Loaded cache for /localdev/ctr-apbernal/tt_cache/Qwen/Qwen3-32B/TG/tensor_cache_bfp8/layers.30.ffn_norm.weight_distributed_dtype_BFLOAT16_layout_ROW_MAJOR.tensorbin of shape Shape([1, 1, 40, 32])
 48%|████▊     | 31/64 [00:23<00:28,  1.16it/s]2026-08-29 11:30:03.316 | DEBUG    | core:as_tensor:724 - Loaded cache for /localdev/ctr-apbernal/tt_cache/Qwen/Qwen3-32B/TG/tensor_cache_bfp8/layers.31.attention.wqkv_sharded_2d_prefetcher_dtype_BFLOAT8_B_layout_TILE.tensorbin of shape Shape([1, 1, 1280, 1280])
2026-08-29 11:30:03.363 | DEBUG    | core:as_tensor:724 - Loaded cache for /localdev/ctr-apbernal/tt_cache/Qwen/Qwen3-32B/TG/tensor_cache_bfp8/layers.31.attention.wqkv_sharded_2d_dram_dtype_BFLOAT8_B_layout_TILE.tensorbin of shape Shape([1, 1, 1280, 1280])
2026-08-29 11:30:03.407 | DEBUG    | core:as_tensor:724 - Loaded cache for /localdev/ctr-apbernal/tt_cache/Qwen/Qwen3-32B/TG/tensor_cache_bfp8/layers.31.attention.wo_width_sharded_2d_prefetcher_dtype_BFLOAT8_B_layout_TILE.tensorbin of shape Shape([1, 1, 1024, 1280])
2026-08-29 11:30:03.452 | DEBUG    | core:as_tensor:724 - Loaded cache for /localdev/ctr-apbernal/tt_cache/Qwen/Qwen3-32B/TG/tensor_cache_bfp8/layers.31.attention.wo_width_sharded_2d_dram_dtype_BFLOAT8_B_layout_TILE.tensorbin of shape Shape([1, 1, 1024, 1280])
2026-08-29 11:30:03.514 | DEBUG    | core:as_tensor:724 - Loaded cache for /localdev/ctr-apbernal/tt_cache/Qwen/Qwen3-32B/TG/tensor_cache_bfp8/layers.31.attention.wo_col_sharded_dram_dtype_BFLOAT8_B_layout_TILE.tensorbin of shape Shape([1, 1, 8192, 1280])
2026-08-29 11:30:03.527 | DEBUG    | core:as_tensor:724 - Loaded cache for /localdev/ctr-apbernal/tt_cache/Qwen/Qwen3-32B/TG/tensor_cache_bfp8/kvcache_torch.Size([2048, 1, 64, 128])_dtype_BFLOAT8_B_layout_TILE.tensorbin of shape Shape([2048, 1, 64, 128])
2026-08-29 11:30:03.534 | DEBUG    | core:as_tensor:724 - Loaded cache for /localdev/ctr-apbernal/tt_cache/Qwen/Qwen3-32B/TG/tensor_cache_bfp8/kvcache_torch.Size([2048, 1, 64, 128])_dtype_BFLOAT8_B_layout_TILE.tensorbin of shape Shape([2048, 1, 64, 128])
2026-08-29 11:30:03.634 | DEBUG    | core:as_tensor:724 - Loaded cache for /localdev/ctr-apbernal/tt_cache/Qwen/Qwen3-32B/TG/tensor_cache_bfp8/layers.31.feed_forward.w1_shardedprefetcher_dtype_BFLOAT16_layout_TILE.tensorbin of shape Shape([1, 1, 1280, 3200])
2026-08-29 11:30:03.720 | DEBUG    | core:as_tensor:724 - Loaded cache for /localdev/ctr-apbernal/tt_cache/Qwen/Qwen3-32B/TG/tensor_cache_bfp8/layers.31.feed_forward.w2_shardedprefetcher_dtype_BFLOAT16_layout_TILE.tensorbin of shape Shape([1, 1, 3200, 1280])
2026-08-29 11:30:03.806 | DEBUG    | core:as_tensor:724 - Loaded cache for /localdev/ctr-apbernal/tt_cache/Qwen/Qwen3-32B/TG/tensor_cache_bfp8/layers.31.feed_forward.w3_shardedprefetcher_dtype_BFLOAT16_layout_TILE.tensorbin of shape Shape([1, 1, 1280, 3200])
2026-08-29 11:30:03.871 | DEBUG    | core:as_tensor:724 - Loaded cache for /localdev/ctr-apbernal/tt_cache/Qwen/Qwen3-32B/TG/tensor_cache_bfp8/layers.31.feed_forward.w1_interleavedprefetcher_dtype_BFLOAT8_B_layout_TILE.tensorbin of shape Shape([1, 1, 1280, 3200])
2026-08-29 11:30:03.936 | DEBUG    | core:as_tensor:724 - Loaded cache for /localdev/ctr-apbernal/tt_cache/Qwen/Qwen3-32B/TG/tensor_cache_bfp8/layers.31.feed_forward.w2_interleavedprefetcher_dtype_BFLOAT8_B_layout_TILE.tensorbin of shape Shape([1, 1, 3200, 1280])
2026-08-29 11:30:04.001 | DEBUG    | core:as_tensor:724 - Loaded cache for /localdev/ctr-apbernal/tt_cache/Qwen/Qwen3-32B/TG/tensor_cache_bfp8/layers.31.feed_forward.w3_interleavedprefetcher_dtype_BFLOAT8_B_layout_TILE.tensorbin of shape Shape([1, 1, 1280, 3200])
2026-08-29 11:30:04.002 | DEBUG    | core:as_tensor:724 - Loaded cache for /localdev/ctr-apbernal/tt_cache/Qwen/Qwen3-32B/TG/tensor_cache_bfp8/layers.31.attention_norm.weight_dtype_BFLOAT16_layout_ROW_MAJOR.tensorbin of shape Shape([1, 1, 160, 32])
2026-08-29 11:30:04.003 | DEBUG    | core:as_tensor:724 - Loaded cache for /localdev/ctr-apbernal/tt_cache/Qwen/Qwen3-32B/TG/tensor_cache_bfp8/layers.31.attention_norm.weight_distributed_dtype_BFLOAT16_layout_ROW_MAJOR.tensorbin of shape Shape([1, 1, 40, 32])
2026-08-29 11:30:04.003 | DEBUG    | core:as_tensor:724 - Loaded cache for /localdev/ctr-apbernal/tt_cache/Qwen/Qwen3-32B/TG/tensor_cache_bfp8/layers.31.ffn_norm.weight_dtype_BFLOAT16_layout_ROW_MAJOR.tensorbin of shape Shape([1, 1, 160, 32])
2026-08-29 11:30:04.004 | DEBUG    | core:as_tensor:724 - Loaded cache for /localdev/ctr-apbernal/tt_cache/Qwen/Qwen3-32B/TG/tensor_cache_bfp8/layers.31.ffn_norm.weight_distributed_dtype_BFLOAT16_layout_ROW_MAJOR.tensorbin of shape Shape([1, 1, 40, 32])
 50%|█████     | 32/64 [00:24<00:26,  1.21it/s]2026-08-29 11:30:04.074 | DEBUG    | core:as_tensor:724 - Loaded cache for /localdev/ctr-apbernal/tt_cache/Qwen/Qwen3-32B/TG/tensor_cache_bfp8/layers.32.attention.wqkv_sharded_2d_prefetcher_dtype_BFLOAT8_B_layout_TILE.tensorbin of shape Shape([1, 1, 1280, 1280])
2026-08-29 11:30:04.121 | DEBUG    | core:as_tensor:724 - Loaded cache for /localdev/ctr-apbernal/tt_cache/Qwen/Qwen3-32B/TG/tensor_cache_bfp8/layers.32.attention.wqkv_sharded_2d_dram_dtype_BFLOAT8_B_layout_TILE.tensorbin of shape Shape([1, 1, 1280, 1280])
2026-08-29 11:30:04.167 | DEBUG    | core:as_tensor:724 - Loaded cache for /localdev/ctr-apbernal/tt_cache/Qwen/Qwen3-32B/TG/tensor_cache_bfp8/layers.32.attention.wo_width_sharded_2d_prefetcher_dtype_BFLOAT8_B_layout_TILE.tensorbin of shape Shape([1, 1, 1024, 1280])
2026-08-29 11:30:04.213 | DEBUG    | core:as_tensor:724 - Loaded cache for /localdev/ctr-apbernal/tt_cache/Qwen/Qwen3-32B/TG/tensor_cache_bfp8/layers.32.attention.wo_width_sharded_2d_dram_dtype_BFLOAT8_B_layout_TILE.tensorbin of shape Shape([1, 1, 1024, 1280])
2026-08-29 11:30:04.280 | DEBUG    | core:as_tensor:724 - Loaded cache for /localdev/ctr-apbernal/tt_cache/Qwen/Qwen3-32B/TG/tensor_cache_bfp8/layers.32.attention.wo_col_sharded_dram_dtype_BFLOAT8_B_layout_TILE.tensorbin of shape Shape([1, 1, 8192, 1280])
2026-08-29 11:30:04.297 | DEBUG    | core:as_tensor:724 - Loaded cache for /localdev/ctr-apbernal/tt_cache/Qwen/Qwen3-32B/TG/tensor_cache_bfp8/kvcache_torch.Size([2048, 1, 64, 128])_dtype_BFLOAT8_B_layout_TILE.tensorbin of shape Shape([2048, 1, 64, 128])
2026-08-29 11:30:04.303 | DEBUG    | core:as_tensor:724 - Loaded cache for /localdev/ctr-apbernal/tt_cache/Qwen/Qwen3-32B/TG/tensor_cache_bfp8/kvcache_torch.Size([2048, 1, 64, 128])_dtype_BFLOAT8_B_layout_TILE.tensorbin of shape Shape([2048, 1, 64, 128])
2026-08-29 11:30:04.405 | DEBUG    | core:as_tensor:724 - Loaded cache for /localdev/ctr-apbernal/tt_cache/Qwen/Qwen3-32B/TG/tensor_cache_bfp8/layers.32.feed_forward.w1_shardedprefetcher_dtype_BFLOAT16_layout_TILE.tensorbin of shape Shape([1, 1, 1280, 3200])
2026-08-29 11:30:04.491 | DEBUG    | core:as_tensor:724 - Loaded cache for /localdev/ctr-apbernal/tt_cache/Qwen/Qwen3-32B/TG/tensor_cache_bfp8/layers.32.feed_forward.w2_shardedprefetcher_dtype_BFLOAT16_layout_TILE.tensorbin of shape Shape([1, 1, 3200, 1280])
2026-08-29 11:30:04.576 | DEBUG    | core:as_tensor:724 - Loaded cache for /localdev/ctr-apbernal/tt_cache/Qwen/Qwen3-32B/TG/tensor_cache_bfp8/layers.32.feed_forward.w3_shardedprefetcher_dtype_BFLOAT16_layout_TILE.tensorbin of shape Shape([1, 1, 1280, 3200])
2026-08-29 11:30:04.641 | DEBUG    | core:as_tensor:724 - Loaded cache for /localdev/ctr-apbernal/tt_cache/Qwen/Qwen3-32B/TG/tensor_cache_bfp8/layers.32.feed_forward.w1_interleavedprefetcher_dtype_BFLOAT8_B_layout_TILE.tensorbin of shape Shape([1, 1, 1280, 3200])
2026-08-29 11:30:04.706 | DEBUG    | core:as_tensor:724 - Loaded cache for /localdev/ctr-apbernal/tt_cache/Qwen/Qwen3-32B/TG/tensor_cache_bfp8/layers.32.feed_forward.w2_interleavedprefetcher_dtype_BFLOAT8_B_layout_TILE.tensorbin of shape Shape([1, 1, 3200, 1280])
2026-08-29 11:30:04.770 | DEBUG    | core:as_tensor:724 - Loaded cache for /localdev/ctr-apbernal/tt_cache/Qwen/Qwen3-32B/TG/tensor_cache_bfp8/layers.32.feed_forward.w3_interleavedprefetcher_dtype_BFLOAT8_B_layout_TILE.tensorbin of shape Shape([1, 1, 1280, 3200])
2026-08-29 11:30:04.771 | DEBUG    | core:as_tensor:724 - Loaded cache for /localdev/ctr-apbernal/tt_cache/Qwen/Qwen3-32B/TG/tensor_cache_bfp8/layers.32.attention_norm.weight_dtype_BFLOAT16_layout_ROW_MAJOR.tensorbin of shape Shape([1, 1, 160, 32])
2026-08-29 11:30:04.772 | DEBUG    | core:as_tensor:724 - Loaded cache for /localdev/ctr-apbernal/tt_cache/Qwen/Qwen3-32B/TG/tensor_cache_bfp8/layers.32.attention_norm.weight_distributed_dtype_BFLOAT16_layout_ROW_MAJOR.tensorbin of shape Shape([1, 1, 40, 32])
2026-08-29 11:30:04.772 | DEBUG    | core:as_tensor:724 - Loaded cache for /localdev/ctr-apbernal/tt_cache/Qwen/Qwen3-32B/TG/tensor_cache_bfp8/layers.32.ffn_norm.weight_dtype_BFLOAT16_layout_ROW_MAJOR.tensorbin of shape Shape([1, 1, 160, 32])
2026-08-29 11:30:04.773 | DEBUG    | core:as_tensor:724 - Loaded cache for /localdev/ctr-apbernal/tt_cache/Qwen/Qwen3-32B/TG/tensor_cache_bfp8/layers.32.ffn_norm.weight_distributed_dtype_BFLOAT16_layout_ROW_MAJOR.tensorbin of shape Shape([1, 1, 40, 32])
 52%|█████▏    | 33/64 [00:25<00:25,  1.23it/s]2026-08-29 11:30:04.836 | DEBUG    | core:as_tensor:724 - Loaded cache for /localdev/ctr-apbernal/tt_cache/Qwen/Qwen3-32B/TG/tensor_cache_bfp8/layers.33.attention.wqkv_sharded_2d_prefetcher_dtype_BFLOAT8_B_layout_TILE.tensorbin of shape Shape([1, 1, 1280, 1280])
2026-08-29 11:30:04.884 | DEBUG    | core:as_tensor:724 - Loaded cache for /localdev/ctr-apbernal/tt_cache/Qwen/Qwen3-32B/TG/tensor_cache_bfp8/layers.33.attention.wqkv_sharded_2d_dram_dtype_BFLOAT8_B_layout_TILE.tensorbin of shape Shape([1, 1, 1280, 1280])
2026-08-29 11:30:04.929 | DEBUG    | core:as_tensor:724 - Loaded cache for /localdev/ctr-apbernal/tt_cache/Qwen/Qwen3-32B/TG/tensor_cache_bfp8/layers.33.attention.wo_width_sharded_2d_prefetcher_dtype_BFLOAT8_B_layout_TILE.tensorbin of shape Shape([1, 1, 1024, 1280])
2026-08-29 11:30:04.975 | DEBUG    | core:as_tensor:724 - Loaded cache for /localdev/ctr-apbernal/tt_cache/Qwen/Qwen3-32B/TG/tensor_cache_bfp8/layers.33.attention.wo_width_sharded_2d_dram_dtype_BFLOAT8_B_layout_TILE.tensorbin of shape Shape([1, 1, 1024, 1280])
2026-08-29 11:30:05.035 | DEBUG    | core:as_tensor:724 - Loaded cache for /localdev/ctr-apbernal/tt_cache/Qwen/Qwen3-32B/TG/tensor_cache_bfp8/layers.33.attention.wo_col_sharded_dram_dtype_BFLOAT8_B_layout_TILE.tensorbin of shape Shape([1, 1, 8192, 1280])
2026-08-29 11:30:05.048 | DEBUG    | core:as_tensor:724 - Loaded cache for /localdev/ctr-apbernal/tt_cache/Qwen/Qwen3-32B/TG/tensor_cache_bfp8/kvcache_torch.Size([2048, 1, 64, 128])_dtype_BFLOAT8_B_layout_TILE.tensorbin of shape Shape([2048, 1, 64, 128])
2026-08-29 11:30:05.056 | DEBUG    | core:as_tensor:724 - Loaded cache for /localdev/ctr-apbernal/tt_cache/Qwen/Qwen3-32B/TG/tensor_cache_bfp8/kvcache_torch.Size([2048, 1, 64, 128])_dtype_BFLOAT8_B_layout_TILE.tensorbin of shape Shape([2048, 1, 64, 128])
2026-08-29 11:30:05.154 | DEBUG    | core:as_tensor:724 - Loaded cache for /localdev/ctr-apbernal/tt_cache/Qwen/Qwen3-32B/TG/tensor_cache_bfp8/layers.33.feed_forward.w1_shardedprefetcher_dtype_BFLOAT16_layout_TILE.tensorbin of shape Shape([1, 1, 1280, 3200])
2026-08-29 11:30:05.239 | DEBUG    | core:as_tensor:724 - Loaded cache for /localdev/ctr-apbernal/tt_cache/Qwen/Qwen3-32B/TG/tensor_cache_bfp8/layers.33.feed_forward.w2_shardedprefetcher_dtype_BFLOAT16_layout_TILE.tensorbin of shape Shape([1, 1, 3200, 1280])
2026-08-29 11:30:05.326 | DEBUG    | core:as_tensor:724 - Loaded cache for /localdev/ctr-apbernal/tt_cache/Qwen/Qwen3-32B/TG/tensor_cache_bfp8/layers.33.feed_forward.w3_shardedprefetcher_dtype_BFLOAT16_layout_TILE.tensorbin of shape Shape([1, 1, 1280, 3200])
2026-08-29 11:30:05.389 | DEBUG    | core:as_tensor:724 - Loaded cache for /localdev/ctr-apbernal/tt_cache/Qwen/Qwen3-32B/TG/tensor_cache_bfp8/layers.33.feed_forward.w1_interleavedprefetcher_dtype_BFLOAT8_B_layout_TILE.tensorbin of shape Shape([1, 1, 1280, 3200])
2026-08-29 11:30:05.454 | DEBUG    | core:as_tensor:724 - Loaded cache for /localdev/ctr-apbernal/tt_cache/Qwen/Qwen3-32B/TG/tensor_cache_bfp8/layers.33.feed_forward.w2_interleavedprefetcher_dtype_BFLOAT8_B_layout_TILE.tensorbin of shape Shape([1, 1, 3200, 1280])
2026-08-29 11:30:05.519 | DEBUG    | core:as_tensor:724 - Loaded cache for /localdev/ctr-apbernal/tt_cache/Qwen/Qwen3-32B/TG/tensor_cache_bfp8/layers.33.feed_forward.w3_interleavedprefetcher_dtype_BFLOAT8_B_layout_TILE.tensorbin of shape Shape([1, 1, 1280, 3200])
2026-08-29 11:30:05.520 | DEBUG    | core:as_tensor:724 - Loaded cache for /localdev/ctr-apbernal/tt_cache/Qwen/Qwen3-32B/TG/tensor_cache_bfp8/layers.33.attention_norm.weight_dtype_BFLOAT16_layout_ROW_MAJOR.tensorbin of shape Shape([1, 1, 160, 32])
2026-08-29 11:30:05.520 | DEBUG    | core:as_tensor:724 - Loaded cache for /localdev/ctr-apbernal/tt_cache/Qwen/Qwen3-32B/TG/tensor_cache_bfp8/layers.33.attention_norm.weight_distributed_dtype_BFLOAT16_layout_ROW_MAJOR.tensorbin of shape Shape([1, 1, 40, 32])
2026-08-29 11:30:05.521 | DEBUG    | core:as_tensor:724 - Loaded cache for /localdev/ctr-apbernal/tt_cache/Qwen/Qwen3-32B/TG/tensor_cache_bfp8/layers.33.ffn_norm.weight_dtype_BFLOAT16_layout_ROW_MAJOR.tensorbin of shape Shape([1, 1, 160, 32])
2026-08-29 11:30:05.521 | DEBUG    | core:as_tensor:724 - Loaded cache for /localdev/ctr-apbernal/tt_cache/Qwen/Qwen3-32B/TG/tensor_cache_bfp8/layers.33.ffn_norm.weight_distributed_dtype_BFLOAT16_layout_ROW_MAJOR.tensorbin of shape Shape([1, 1, 40, 32])
 53%|█████▎    | 34/64 [00:26<00:23,  1.26it/s]2026-08-29 11:30:05.586 | DEBUG    | core:as_tensor:724 - Loaded cache for /localdev/ctr-apbernal/tt_cache/Qwen/Qwen3-32B/TG/tensor_cache_bfp8/layers.34.attention.wqkv_sharded_2d_prefetcher_dtype_BFLOAT8_B_layout_TILE.tensorbin of shape Shape([1, 1, 1280, 1280])
2026-08-29 11:30:05.635 | DEBUG    | core:as_tensor:724 - Loaded cache for /localdev/ctr-apbernal/tt_cache/Qwen/Qwen3-32B/TG/tensor_cache_bfp8/layers.34.attention.wqkv_sharded_2d_dram_dtype_BFLOAT8_B_layout_TILE.tensorbin of shape Shape([1, 1, 1280, 1280])
2026-08-29 11:30:05.680 | DEBUG    | core:as_tensor:724 - Loaded cache for /localdev/ctr-apbernal/tt_cache/Qwen/Qwen3-32B/TG/tensor_cache_bfp8/layers.34.attention.wo_width_sharded_2d_prefetcher_dtype_BFLOAT8_B_layout_TILE.tensorbin of shape Shape([1, 1, 1024, 1280])
2026-08-29 11:30:05.726 | DEBUG    | core:as_tensor:724 - Loaded cache for /localdev/ctr-apbernal/tt_cache/Qwen/Qwen3-32B/TG/tensor_cache_bfp8/layers.34.attention.wo_width_sharded_2d_dram_dtype_BFLOAT8_B_layout_TILE.tensorbin of shape Shape([1, 1, 1024, 1280])
2026-08-29 11:30:05.786 | DEBUG    | core:as_tensor:724 - Loaded cache for /localdev/ctr-apbernal/tt_cache/Qwen/Qwen3-32B/TG/tensor_cache_bfp8/layers.34.attention.wo_col_sharded_dram_dtype_BFLOAT8_B_layout_TILE.tensorbin of shape Shape([1, 1, 8192, 1280])
2026-08-29 11:30:05.799 | DEBUG    | core:as_tensor:724 - Loaded cache for /localdev/ctr-apbernal/tt_cache/Qwen/Qwen3-32B/TG/tensor_cache_bfp8/kvcache_torch.Size([2048, 1, 64, 128])_dtype_BFLOAT8_B_layout_TILE.tensorbin of shape Shape([2048, 1, 64, 128])
2026-08-29 11:30:05.806 | DEBUG    | core:as_tensor:724 - Loaded cache for /localdev/ctr-apbernal/tt_cache/Qwen/Qwen3-32B/TG/tensor_cache_bfp8/kvcache_torch.Size([2048, 1, 64, 128])_dtype_BFLOAT8_B_layout_TILE.tensorbin of shape Shape([2048, 1, 64, 128])
2026-08-29 11:30:05.907 | DEBUG    | core:as_tensor:724 - Loaded cache for /localdev/ctr-apbernal/tt_cache/Qwen/Qwen3-32B/TG/tensor_cache_bfp8/layers.34.feed_forward.w1_shardedprefetcher_dtype_BFLOAT16_layout_TILE.tensorbin of shape Shape([1, 1, 1280, 3200])
2026-08-29 11:30:05.993 | DEBUG    | core:as_tensor:724 - Loaded cache for /localdev/ctr-apbernal/tt_cache/Qwen/Qwen3-32B/TG/tensor_cache_bfp8/layers.34.feed_forward.w2_shardedprefetcher_dtype_BFLOAT16_layout_TILE.tensorbin of shape Shape([1, 1, 3200, 1280])
2026-08-29 11:30:06.079 | DEBUG    | core:as_tensor:724 - Loaded cache for /localdev/ctr-apbernal/tt_cache/Qwen/Qwen3-32B/TG/tensor_cache_bfp8/layers.34.feed_forward.w3_shardedprefetcher_dtype_BFLOAT16_layout_TILE.tensorbin of shape Shape([1, 1, 1280, 3200])
2026-08-29 11:30:06.143 | DEBUG    | core:as_tensor:724 - Loaded cache for /localdev/ctr-apbernal/tt_cache/Qwen/Qwen3-32B/TG/tensor_cache_bfp8/layers.34.feed_forward.w1_interleavedprefetcher_dtype_BFLOAT8_B_layout_TILE.tensorbin of shape Shape([1, 1, 1280, 3200])
2026-08-29 11:30:06.208 | DEBUG    | core:as_tensor:724 - Loaded cache for /localdev/ctr-apbernal/tt_cache/Qwen/Qwen3-32B/TG/tensor_cache_bfp8/layers.34.feed_forward.w2_interleavedprefetcher_dtype_BFLOAT8_B_layout_TILE.tensorbin of shape Shape([1, 1, 3200, 1280])
2026-08-29 11:30:06.272 | DEBUG    | core:as_tensor:724 - Loaded cache for /localdev/ctr-apbernal/tt_cache/Qwen/Qwen3-32B/TG/tensor_cache_bfp8/layers.34.feed_forward.w3_interleavedprefetcher_dtype_BFLOAT8_B_layout_TILE.tensorbin of shape Shape([1, 1, 1280, 3200])
2026-08-29 11:30:06.273 | DEBUG    | core:as_tensor:724 - Loaded cache for /localdev/ctr-apbernal/tt_cache/Qwen/Qwen3-32B/TG/tensor_cache_bfp8/layers.34.attention_norm.weight_dtype_BFLOAT16_layout_ROW_MAJOR.tensorbin of shape Shape([1, 1, 160, 32])
2026-08-29 11:30:06.273 | DEBUG    | core:as_tensor:724 - Loaded cache for /localdev/ctr-apbernal/tt_cache/Qwen/Qwen3-32B/TG/tensor_cache_bfp8/layers.34.attention_norm.weight_distributed_dtype_BFLOAT16_layout_ROW_MAJOR.tensorbin of shape Shape([1, 1, 40, 32])
2026-08-29 11:30:06.274 | DEBUG    | core:as_tensor:724 - Loaded cache for /localdev/ctr-apbernal/tt_cache/Qwen/Qwen3-32B/TG/tensor_cache_bfp8/layers.34.ffn_norm.weight_dtype_BFLOAT16_layout_ROW_MAJOR.tensorbin of shape Shape([1, 1, 160, 32])
2026-08-29 11:30:06.274 | DEBUG    | core:as_tensor:724 - Loaded cache for /localdev/ctr-apbernal/tt_cache/Qwen/Qwen3-32B/TG/tensor_cache_bfp8/layers.34.ffn_norm.weight_distributed_dtype_BFLOAT16_layout_ROW_MAJOR.tensorbin of shape Shape([1, 1, 40, 32])
 55%|█████▍    | 35/64 [00:26<00:22,  1.28it/s]2026-08-29 11:30:06.337 | DEBUG    | core:as_tensor:724 - Loaded cache for /localdev/ctr-apbernal/tt_cache/Qwen/Qwen3-32B/TG/tensor_cache_bfp8/layers.35.attention.wqkv_sharded_2d_prefetcher_dtype_BFLOAT8_B_layout_TILE.tensorbin of shape Shape([1, 1, 1280, 1280])
2026-08-29 11:30:06.385 | DEBUG    | core:as_tensor:724 - Loaded cache for /localdev/ctr-apbernal/tt_cache/Qwen/Qwen3-32B/TG/tensor_cache_bfp8/layers.35.attention.wqkv_sharded_2d_dram_dtype_BFLOAT8_B_layout_TILE.tensorbin of shape Shape([1, 1, 1280, 1280])
2026-08-29 11:30:06.430 | DEBUG    | core:as_tensor:724 - Loaded cache for /localdev/ctr-apbernal/tt_cache/Qwen/Qwen3-32B/TG/tensor_cache_bfp8/layers.35.attention.wo_width_sharded_2d_prefetcher_dtype_BFLOAT8_B_layout_TILE.tensorbin of shape Shape([1, 1, 1024, 1280])
2026-08-29 11:30:06.476 | DEBUG    | core:as_tensor:724 - Loaded cache for /localdev/ctr-apbernal/tt_cache/Qwen/Qwen3-32B/TG/tensor_cache_bfp8/layers.35.attention.wo_width_sharded_2d_dram_dtype_BFLOAT8_B_layout_TILE.tensorbin of shape Shape([1, 1, 1024, 1280])
2026-08-29 11:30:06.538 | DEBUG    | core:as_tensor:724 - Loaded cache for /localdev/ctr-apbernal/tt_cache/Qwen/Qwen3-32B/TG/tensor_cache_bfp8/layers.35.attention.wo_col_sharded_dram_dtype_BFLOAT8_B_layout_TILE.tensorbin of shape Shape([1, 1, 8192, 1280])
2026-08-29 11:30:06.551 | DEBUG    | core:as_tensor:724 - Loaded cache for /localdev/ctr-apbernal/tt_cache/Qwen/Qwen3-32B/TG/tensor_cache_bfp8/kvcache_torch.Size([2048, 1, 64, 128])_dtype_BFLOAT8_B_layout_TILE.tensorbin of shape Shape([2048, 1, 64, 128])
2026-08-29 11:30:06.557 | DEBUG    | core:as_tensor:724 - Loaded cache for /localdev/ctr-apbernal/tt_cache/Qwen/Qwen3-32B/TG/tensor_cache_bfp8/kvcache_torch.Size([2048, 1, 64, 128])_dtype_BFLOAT8_B_layout_TILE.tensorbin of shape Shape([2048, 1, 64, 128])
2026-08-29 11:30:06.659 | DEBUG    | core:as_tensor:724 - Loaded cache for /localdev/ctr-apbernal/tt_cache/Qwen/Qwen3-32B/TG/tensor_cache_bfp8/layers.35.feed_forward.w1_shardedprefetcher_dtype_BFLOAT16_layout_TILE.tensorbin of shape Shape([1, 1, 1280, 3200])
2026-08-29 11:30:06.745 | DEBUG    | core:as_tensor:724 - Loaded cache for /localdev/ctr-apbernal/tt_cache/Qwen/Qwen3-32B/TG/tensor_cache_bfp8/layers.35.feed_forward.w2_shardedprefetcher_dtype_BFLOAT16_layout_TILE.tensorbin of shape Shape([1, 1, 3200, 1280])
2026-08-29 11:30:06.831 | DEBUG    | core:as_tensor:724 - Loaded cache for /localdev/ctr-apbernal/tt_cache/Qwen/Qwen3-32B/TG/tensor_cache_bfp8/layers.35.feed_forward.w3_shardedprefetcher_dtype_BFLOAT16_layout_TILE.tensorbin of shape Shape([1, 1, 1280, 3200])
2026-08-29 11:30:06.895 | DEBUG    | core:as_tensor:724 - Loaded cache for /localdev/ctr-apbernal/tt_cache/Qwen/Qwen3-32B/TG/tensor_cache_bfp8/layers.35.feed_forward.w1_interleavedprefetcher_dtype_BFLOAT8_B_layout_TILE.tensorbin of shape Shape([1, 1, 1280, 3200])
2026-08-29 11:30:06.959 | DEBUG    | core:as_tensor:724 - Loaded cache for /localdev/ctr-apbernal/tt_cache/Qwen/Qwen3-32B/TG/tensor_cache_bfp8/layers.35.feed_forward.w2_interleavedprefetcher_dtype_BFLOAT8_B_layout_TILE.tensorbin of shape Shape([1, 1, 3200, 1280])
2026-08-29 11:30:07.024 | DEBUG    | core:as_tensor:724 - Loaded cache for /localdev/ctr-apbernal/tt_cache/Qwen/Qwen3-32B/TG/tensor_cache_bfp8/layers.35.feed_forward.w3_interleavedprefetcher_dtype_BFLOAT8_B_layout_TILE.tensorbin of shape Shape([1, 1, 1280, 3200])
2026-08-29 11:30:07.025 | DEBUG    | core:as_tensor:724 - Loaded cache for /localdev/ctr-apbernal/tt_cache/Qwen/Qwen3-32B/TG/tensor_cache_bfp8/layers.35.attention_norm.weight_dtype_BFLOAT16_layout_ROW_MAJOR.tensorbin of shape Shape([1, 1, 160, 32])
2026-08-29 11:30:07.026 | DEBUG    | core:as_tensor:724 - Loaded cache for /localdev/ctr-apbernal/tt_cache/Qwen/Qwen3-32B/TG/tensor_cache_bfp8/layers.35.attention_norm.weight_distributed_dtype_BFLOAT16_layout_ROW_MAJOR.tensorbin of shape Shape([1, 1, 40, 32])
2026-08-29 11:30:07.026 | DEBUG    | core:as_tensor:724 - Loaded cache for /localdev/ctr-apbernal/tt_cache/Qwen/Qwen3-32B/TG/tensor_cache_bfp8/layers.35.ffn_norm.weight_dtype_BFLOAT16_layout_ROW_MAJOR.tensorbin of shape Shape([1, 1, 160, 32])
2026-08-29 11:30:07.027 | DEBUG    | core:as_tensor:724 - Loaded cache for /localdev/ctr-apbernal/tt_cache/Qwen/Qwen3-32B/TG/tensor_cache_bfp8/layers.35.ffn_norm.weight_distributed_dtype_BFLOAT16_layout_ROW_MAJOR.tensorbin of shape Shape([1, 1, 40, 32])
 56%|█████▋    | 36/64 [00:27<00:21,  1.30it/s]2026-08-29 11:30:07.091 | DEBUG    | core:as_tensor:724 - Loaded cache for /localdev/ctr-apbernal/tt_cache/Qwen/Qwen3-32B/TG/tensor_cache_bfp8/layers.36.attention.wqkv_sharded_2d_prefetcher_dtype_BFLOAT8_B_layout_TILE.tensorbin of shape Shape([1, 1, 1280, 1280])
2026-08-29 11:30:07.138 | DEBUG    | core:as_tensor:724 - Loaded cache for /localdev/ctr-apbernal/tt_cache/Qwen/Qwen3-32B/TG/tensor_cache_bfp8/layers.36.attention.wqkv_sharded_2d_dram_dtype_BFLOAT8_B_layout_TILE.tensorbin of shape Shape([1, 1, 1280, 1280])
2026-08-29 11:30:07.183 | DEBUG    | core:as_tensor:724 - Loaded cache for /localdev/ctr-apbernal/tt_cache/Qwen/Qwen3-32B/TG/tensor_cache_bfp8/layers.36.attention.wo_width_sharded_2d_prefetcher_dtype_BFLOAT8_B_layout_TILE.tensorbin of shape Shape([1, 1, 1024, 1280])
2026-08-29 11:30:07.228 | DEBUG    | core:as_tensor:724 - Loaded cache for /localdev/ctr-apbernal/tt_cache/Qwen/Qwen3-32B/TG/tensor_cache_bfp8/layers.36.attention.wo_width_sharded_2d_dram_dtype_BFLOAT8_B_layout_TILE.tensorbin of shape Shape([1, 1, 1024, 1280])
2026-08-29 11:30:07.290 | DEBUG    | core:as_tensor:724 - Loaded cache for /localdev/ctr-apbernal/tt_cache/Qwen/Qwen3-32B/TG/tensor_cache_bfp8/layers.36.attention.wo_col_sharded_dram_dtype_BFLOAT8_B_layout_TILE.tensorbin of shape Shape([1, 1, 8192, 1280])
2026-08-29 11:30:07.303 | DEBUG    | core:as_tensor:724 - Loaded cache for /localdev/ctr-apbernal/tt_cache/Qwen/Qwen3-32B/TG/tensor_cache_bfp8/kvcache_torch.Size([2048, 1, 64, 128])_dtype_BFLOAT8_B_layout_TILE.tensorbin of shape Shape([2048, 1, 64, 128])
2026-08-29 11:30:07.311 | DEBUG    | core:as_tensor:724 - Loaded cache for /localdev/ctr-apbernal/tt_cache/Qwen/Qwen3-32B/TG/tensor_cache_bfp8/kvcache_torch.Size([2048, 1, 64, 128])_dtype_BFLOAT8_B_layout_TILE.tensorbin of shape Shape([2048, 1, 64, 128])
2026-08-29 11:30:07.411 | DEBUG    | core:as_tensor:724 - Loaded cache for /localdev/ctr-apbernal/tt_cache/Qwen/Qwen3-32B/TG/tensor_cache_bfp8/layers.36.feed_forward.w1_shardedprefetcher_dtype_BFLOAT16_layout_TILE.tensorbin of shape Shape([1, 1, 1280, 3200])
2026-08-29 11:30:07.497 | DEBUG    | core:as_tensor:724 - Loaded cache for /localdev/ctr-apbernal/tt_cache/Qwen/Qwen3-32B/TG/tensor_cache_bfp8/layers.36.feed_forward.w2_shardedprefetcher_dtype_BFLOAT16_layout_TILE.tensorbin of shape Shape([1, 1, 3200, 1280])
2026-08-29 11:30:07.585 | DEBUG    | core:as_tensor:724 - Loaded cache for /localdev/ctr-apbernal/tt_cache/Qwen/Qwen3-32B/TG/tensor_cache_bfp8/layers.36.feed_forward.w3_shardedprefetcher_dtype_BFLOAT16_layout_TILE.tensorbin of shape Shape([1, 1, 1280, 3200])
2026-08-29 11:30:07.650 | DEBUG    | core:as_tensor:724 - Loaded cache for /localdev/ctr-apbernal/tt_cache/Qwen/Qwen3-32B/TG/tensor_cache_bfp8/layers.36.feed_forward.w1_interleavedprefetcher_dtype_BFLOAT8_B_layout_TILE.tensorbin of shape Shape([1, 1, 1280, 3200])
2026-08-29 11:30:07.714 | DEBUG    | core:as_tensor:724 - Loaded cache for /localdev/ctr-apbernal/tt_cache/Qwen/Qwen3-32B/TG/tensor_cache_bfp8/layers.36.feed_forward.w2_interleavedprefetcher_dtype_BFLOAT8_B_layout_TILE.tensorbin of shape Shape([1, 1, 3200, 1280])
2026-08-29 11:30:07.778 | DEBUG    | core:as_tensor:724 - Loaded cache for /localdev/ctr-apbernal/tt_cache/Qwen/Qwen3-32B/TG/tensor_cache_bfp8/layers.36.feed_forward.w3_interleavedprefetcher_dtype_BFLOAT8_B_layout_TILE.tensorbin of shape Shape([1, 1, 1280, 3200])
2026-08-29 11:30:07.779 | DEBUG    | core:as_tensor:724 - Loaded cache for /localdev/ctr-apbernal/tt_cache/Qwen/Qwen3-32B/TG/tensor_cache_bfp8/layers.36.attention_norm.weight_dtype_BFLOAT16_layout_ROW_MAJOR.tensorbin of shape Shape([1, 1, 160, 32])
2026-08-29 11:30:07.779 | DEBUG    | core:as_tensor:724 - Loaded cache for /localdev/ctr-apbernal/tt_cache/Qwen/Qwen3-32B/TG/tensor_cache_bfp8/layers.36.attention_norm.weight_distributed_dtype_BFLOAT16_layout_ROW_MAJOR.tensorbin of shape Shape([1, 1, 40, 32])
2026-08-29 11:30:07.780 | DEBUG    | core:as_tensor:724 - Loaded cache for /localdev/ctr-apbernal/tt_cache/Qwen/Qwen3-32B/TG/tensor_cache_bfp8/layers.36.ffn_norm.weight_dtype_BFLOAT16_layout_ROW_MAJOR.tensorbin of shape Shape([1, 1, 160, 32])
2026-08-29 11:30:07.780 | DEBUG    | core:as_tensor:724 - Loaded cache for /localdev/ctr-apbernal/tt_cache/Qwen/Qwen3-32B/TG/tensor_cache_bfp8/layers.36.ffn_norm.weight_distributed_dtype_BFLOAT16_layout_ROW_MAJOR.tensorbin of shape Shape([1, 1, 40, 32])
 58%|█████▊    | 37/64 [00:28<00:20,  1.30it/s]2026-08-29 11:30:07.845 | DEBUG    | core:as_tensor:724 - Loaded cache for /localdev/ctr-apbernal/tt_cache/Qwen/Qwen3-32B/TG/tensor_cache_bfp8/layers.37.attention.wqkv_sharded_2d_prefetcher_dtype_BFLOAT8_B_layout_TILE.tensorbin of shape Shape([1, 1, 1280, 1280])
2026-08-29 11:30:07.892 | DEBUG    | core:as_tensor:724 - Loaded cache for /localdev/ctr-apbernal/tt_cache/Qwen/Qwen3-32B/TG/tensor_cache_bfp8/layers.37.attention.wqkv_sharded_2d_dram_dtype_BFLOAT8_B_layout_TILE.tensorbin of shape Shape([1, 1, 1280, 1280])
2026-08-29 11:30:07.938 | DEBUG    | core:as_tensor:724 - Loaded cache for /localdev/ctr-apbernal/tt_cache/Qwen/Qwen3-32B/TG/tensor_cache_bfp8/layers.37.attention.wo_width_sharded_2d_prefetcher_dtype_BFLOAT8_B_layout_TILE.tensorbin of shape Shape([1, 1, 1024, 1280])
2026-08-29 11:30:07.983 | DEBUG    | core:as_tensor:724 - Loaded cache for /localdev/ctr-apbernal/tt_cache/Qwen/Qwen3-32B/TG/tensor_cache_bfp8/layers.37.attention.wo_width_sharded_2d_dram_dtype_BFLOAT8_B_layout_TILE.tensorbin of shape Shape([1, 1, 1024, 1280])
2026-08-29 11:30:08.050 | DEBUG    | core:as_tensor:724 - Loaded cache for /localdev/ctr-apbernal/tt_cache/Qwen/Qwen3-32B/TG/tensor_cache_bfp8/layers.37.attention.wo_col_sharded_dram_dtype_BFLOAT8_B_layout_TILE.tensorbin of shape Shape([1, 1, 8192, 1280])
2026-08-29 11:30:08.067 | DEBUG    | core:as_tensor:724 - Loaded cache for /localdev/ctr-apbernal/tt_cache/Qwen/Qwen3-32B/TG/tensor_cache_bfp8/kvcache_torch.Size([2048, 1, 64, 128])_dtype_BFLOAT8_B_layout_TILE.tensorbin of shape Shape([2048, 1, 64, 128])
2026-08-29 11:30:08.073 | DEBUG    | core:as_tensor:724 - Loaded cache for /localdev/ctr-apbernal/tt_cache/Qwen/Qwen3-32B/TG/tensor_cache_bfp8/kvcache_torch.Size([2048, 1, 64, 128])_dtype_BFLOAT8_B_layout_TILE.tensorbin of shape Shape([2048, 1, 64, 128])
2026-08-29 11:30:08.174 | DEBUG    | core:as_tensor:724 - Loaded cache for /localdev/ctr-apbernal/tt_cache/Qwen/Qwen3-32B/TG/tensor_cache_bfp8/layers.37.feed_forward.w1_shardedprefetcher_dtype_BFLOAT16_layout_TILE.tensorbin of shape Shape([1, 1, 1280, 3200])
2026-08-29 11:30:08.257 | DEBUG    | core:as_tensor:724 - Loaded cache for /localdev/ctr-apbernal/tt_cache/Qwen/Qwen3-32B/TG/tensor_cache_bfp8/layers.37.feed_forward.w2_shardedprefetcher_dtype_BFLOAT16_layout_TILE.tensorbin of shape Shape([1, 1, 3200, 1280])
2026-08-29 11:30:08.343 | DEBUG    | core:as_tensor:724 - Loaded cache for /localdev/ctr-apbernal/tt_cache/Qwen/Qwen3-32B/TG/tensor_cache_bfp8/layers.37.feed_forward.w3_shardedprefetcher_dtype_BFLOAT16_layout_TILE.tensorbin of shape Shape([1, 1, 1280, 3200])
2026-08-29 11:30:08.406 | DEBUG    | core:as_tensor:724 - Loaded cache for /localdev/ctr-apbernal/tt_cache/Qwen/Qwen3-32B/TG/tensor_cache_bfp8/layers.37.feed_forward.w1_interleavedprefetcher_dtype_BFLOAT8_B_layout_TILE.tensorbin of shape Shape([1, 1, 1280, 3200])
2026-08-29 11:30:08.470 | DEBUG    | core:as_tensor:724 - Loaded cache for /localdev/ctr-apbernal/tt_cache/Qwen/Qwen3-32B/TG/tensor_cache_bfp8/layers.37.feed_forward.w2_interleavedprefetcher_dtype_BFLOAT8_B_layout_TILE.tensorbin of shape Shape([1, 1, 3200, 1280])
2026-08-29 11:30:08.535 | DEBUG    | core:as_tensor:724 - Loaded cache for /localdev/ctr-apbernal/tt_cache/Qwen/Qwen3-32B/TG/tensor_cache_bfp8/layers.37.feed_forward.w3_interleavedprefetcher_dtype_BFLOAT8_B_layout_TILE.tensorbin of shape Shape([1, 1, 1280, 3200])
2026-08-29 11:30:08.536 | DEBUG    | core:as_tensor:724 - Loaded cache for /localdev/ctr-apbernal/tt_cache/Qwen/Qwen3-32B/TG/tensor_cache_bfp8/layers.37.attention_norm.weight_dtype_BFLOAT16_layout_ROW_MAJOR.tensorbin of shape Shape([1, 1, 160, 32])
2026-08-29 11:30:08.536 | DEBUG    | core:as_tensor:724 - Loaded cache for /localdev/ctr-apbernal/tt_cache/Qwen/Qwen3-32B/TG/tensor_cache_bfp8/layers.37.attention_norm.weight_distributed_dtype_BFLOAT16_layout_ROW_MAJOR.tensorbin of shape Shape([1, 1, 40, 32])
2026-08-29 11:30:08.537 | DEBUG    | core:as_tensor:724 - Loaded cache for /localdev/ctr-apbernal/tt_cache/Qwen/Qwen3-32B/TG/tensor_cache_bfp8/layers.37.ffn_norm.weight_dtype_BFLOAT16_layout_ROW_MAJOR.tensorbin of shape Shape([1, 1, 160, 32])
2026-08-29 11:30:08.537 | DEBUG    | core:as_tensor:724 - Loaded cache for /localdev/ctr-apbernal/tt_cache/Qwen/Qwen3-32B/TG/tensor_cache_bfp8/layers.37.ffn_norm.weight_distributed_dtype_BFLOAT16_layout_ROW_MAJOR.tensorbin of shape Shape([1, 1, 40, 32])
 59%|█████▉    | 38/64 [00:29<00:19,  1.31it/s]2026-08-29 11:30:08.603 | DEBUG    | core:as_tensor:724 - Loaded cache for /localdev/ctr-apbernal/tt_cache/Qwen/Qwen3-32B/TG/tensor_cache_bfp8/layers.38.attention.wqkv_sharded_2d_prefetcher_dtype_BFLOAT8_B_layout_TILE.tensorbin of shape Shape([1, 1, 1280, 1280])
2026-08-29 11:30:08.650 | DEBUG    | core:as_tensor:724 - Loaded cache for /localdev/ctr-apbernal/tt_cache/Qwen/Qwen3-32B/TG/tensor_cache_bfp8/layers.38.attention.wqkv_sharded_2d_dram_dtype_BFLOAT8_B_layout_TILE.tensorbin of shape Shape([1, 1, 1280, 1280])
2026-08-29 11:30:08.696 | DEBUG    | core:as_tensor:724 - Loaded cache for /localdev/ctr-apbernal/tt_cache/Qwen/Qwen3-32B/TG/tensor_cache_bfp8/layers.38.attention.wo_width_sharded_2d_prefetcher_dtype_BFLOAT8_B_layout_TILE.tensorbin of shape Shape([1, 1, 1024, 1280])
2026-08-29 11:30:08.741 | DEBUG    | core:as_tensor:724 - Loaded cache for /localdev/ctr-apbernal/tt_cache/Qwen/Qwen3-32B/TG/tensor_cache_bfp8/layers.38.attention.wo_width_sharded_2d_dram_dtype_BFLOAT8_B_layout_TILE.tensorbin of shape Shape([1, 1, 1024, 1280])
2026-08-29 11:30:08.804 | DEBUG    | core:as_tensor:724 - Loaded cache for /localdev/ctr-apbernal/tt_cache/Qwen/Qwen3-32B/TG/tensor_cache_bfp8/layers.38.attention.wo_col_sharded_dram_dtype_BFLOAT8_B_layout_TILE.tensorbin of shape Shape([1, 1, 8192, 1280])
2026-08-29 11:30:08.817 | DEBUG    | core:as_tensor:724 - Loaded cache for /localdev/ctr-apbernal/tt_cache/Qwen/Qwen3-32B/TG/tensor_cache_bfp8/kvcache_torch.Size([2048, 1, 64, 128])_dtype_BFLOAT8_B_layout_TILE.tensorbin of shape Shape([2048, 1, 64, 128])
2026-08-29 11:30:08.823 | DEBUG    | core:as_tensor:724 - Loaded cache for /localdev/ctr-apbernal/tt_cache/Qwen/Qwen3-32B/TG/tensor_cache_bfp8/kvcache_torch.Size([2048, 1, 64, 128])_dtype_BFLOAT8_B_layout_TILE.tensorbin of shape Shape([2048, 1, 64, 128])
2026-08-29 11:30:08.924 | DEBUG    | core:as_tensor:724 - Loaded cache for /localdev/ctr-apbernal/tt_cache/Qwen/Qwen3-32B/TG/tensor_cache_bfp8/layers.38.feed_forward.w1_shardedprefetcher_dtype_BFLOAT16_layout_TILE.tensorbin of shape Shape([1, 1, 1280, 3200])
2026-08-29 11:30:09.010 | DEBUG    | core:as_tensor:724 - Loaded cache for /localdev/ctr-apbernal/tt_cache/Qwen/Qwen3-32B/TG/tensor_cache_bfp8/layers.38.feed_forward.w2_shardedprefetcher_dtype_BFLOAT16_layout_TILE.tensorbin of shape Shape([1, 1, 3200, 1280])
2026-08-29 11:30:09.097 | DEBUG    | core:as_tensor:724 - Loaded cache for /localdev/ctr-apbernal/tt_cache/Qwen/Qwen3-32B/TG/tensor_cache_bfp8/layers.38.feed_forward.w3_shardedprefetcher_dtype_BFLOAT16_layout_TILE.tensorbin of shape Shape([1, 1, 1280, 3200])
2026-08-29 11:30:09.162 | DEBUG    | core:as_tensor:724 - Loaded cache for /localdev/ctr-apbernal/tt_cache/Qwen/Qwen3-32B/TG/tensor_cache_bfp8/layers.38.feed_forward.w1_interleavedprefetcher_dtype_BFLOAT8_B_layout_TILE.tensorbin of shape Shape([1, 1, 1280, 3200])
2026-08-29 11:30:09.227 | DEBUG    | core:as_tensor:724 - Loaded cache for /localdev/ctr-apbernal/tt_cache/Qwen/Qwen3-32B/TG/tensor_cache_bfp8/layers.38.feed_forward.w2_interleavedprefetcher_dtype_BFLOAT8_B_layout_TILE.tensorbin of shape Shape([1, 1, 3200, 1280])
2026-08-29 11:30:09.292 | DEBUG    | core:as_tensor:724 - Loaded cache for /localdev/ctr-apbernal/tt_cache/Qwen/Qwen3-32B/TG/tensor_cache_bfp8/layers.38.feed_forward.w3_interleavedprefetcher_dtype_BFLOAT8_B_layout_TILE.tensorbin of shape Shape([1, 1, 1280, 3200])
2026-08-29 11:30:09.293 | DEBUG    | core:as_tensor:724 - Loaded cache for /localdev/ctr-apbernal/tt_cache/Qwen/Qwen3-32B/TG/tensor_cache_bfp8/layers.38.attention_norm.weight_dtype_BFLOAT16_layout_ROW_MAJOR.tensorbin of shape Shape([1, 1, 160, 32])
2026-08-29 11:30:09.293 | DEBUG    | core:as_tensor:724 - Loaded cache for /localdev/ctr-apbernal/tt_cache/Qwen/Qwen3-32B/TG/tensor_cache_bfp8/layers.38.attention_norm.weight_distributed_dtype_BFLOAT16_layout_ROW_MAJOR.tensorbin of shape Shape([1, 1, 40, 32])
2026-08-29 11:30:09.294 | DEBUG    | core:as_tensor:724 - Loaded cache for /localdev/ctr-apbernal/tt_cache/Qwen/Qwen3-32B/TG/tensor_cache_bfp8/layers.38.ffn_norm.weight_dtype_BFLOAT16_layout_ROW_MAJOR.tensorbin of shape Shape([1, 1, 160, 32])
2026-08-29 11:30:09.294 | DEBUG    | core:as_tensor:724 - Loaded cache for /localdev/ctr-apbernal/tt_cache/Qwen/Qwen3-32B/TG/tensor_cache_bfp8/layers.38.ffn_norm.weight_distributed_dtype_BFLOAT16_layout_ROW_MAJOR.tensorbin of shape Shape([1, 1, 40, 32])
 61%|██████    | 39/64 [00:29<00:19,  1.31it/s]2026-08-29 11:30:09.361 | DEBUG    | core:as_tensor:724 - Loaded cache for /localdev/ctr-apbernal/tt_cache/Qwen/Qwen3-32B/TG/tensor_cache_bfp8/layers.39.attention.wqkv_sharded_2d_prefetcher_dtype_BFLOAT8_B_layout_TILE.tensorbin of shape Shape([1, 1, 1280, 1280])
2026-08-29 11:30:09.408 | DEBUG    | core:as_tensor:724 - Loaded cache for /localdev/ctr-apbernal/tt_cache/Qwen/Qwen3-32B/TG/tensor_cache_bfp8/layers.39.attention.wqkv_sharded_2d_dram_dtype_BFLOAT8_B_layout_TILE.tensorbin of shape Shape([1, 1, 1280, 1280])
2026-08-29 11:30:09.454 | DEBUG    | core:as_tensor:724 - Loaded cache for /localdev/ctr-apbernal/tt_cache/Qwen/Qwen3-32B/TG/tensor_cache_bfp8/layers.39.attention.wo_width_sharded_2d_prefetcher_dtype_BFLOAT8_B_layout_TILE.tensorbin of shape Shape([1, 1, 1024, 1280])
2026-08-29 11:30:09.500 | DEBUG    | core:as_tensor:724 - Loaded cache for /localdev/ctr-apbernal/tt_cache/Qwen/Qwen3-32B/TG/tensor_cache_bfp8/layers.39.attention.wo_width_sharded_2d_dram_dtype_BFLOAT8_B_layout_TILE.tensorbin of shape Shape([1, 1, 1024, 1280])
2026-08-29 11:30:09.564 | DEBUG    | core:as_tensor:724 - Loaded cache for /localdev/ctr-apbernal/tt_cache/Qwen/Qwen3-32B/TG/tensor_cache_bfp8/layers.39.attention.wo_col_sharded_dram_dtype_BFLOAT8_B_layout_TILE.tensorbin of shape Shape([1, 1, 8192, 1280])
2026-08-29 11:30:09.577 | DEBUG    | core:as_tensor:724 - Loaded cache for /localdev/ctr-apbernal/tt_cache/Qwen/Qwen3-32B/TG/tensor_cache_bfp8/kvcache_torch.Size([2048, 1, 64, 128])_dtype_BFLOAT8_B_layout_TILE.tensorbin of shape Shape([2048, 1, 64, 128])
2026-08-29 11:30:09.583 | DEBUG    | core:as_tensor:724 - Loaded cache for /localdev/ctr-apbernal/tt_cache/Qwen/Qwen3-32B/TG/tensor_cache_bfp8/kvcache_torch.Size([2048, 1, 64, 128])_dtype_BFLOAT8_B_layout_TILE.tensorbin of shape Shape([2048, 1, 64, 128])
2026-08-29 11:30:09.687 | DEBUG    | core:as_tensor:724 - Loaded cache for /localdev/ctr-apbernal/tt_cache/Qwen/Qwen3-32B/TG/tensor_cache_bfp8/layers.39.feed_forward.w1_shardedprefetcher_dtype_BFLOAT16_layout_TILE.tensorbin of shape Shape([1, 1, 1280, 3200])
2026-08-29 11:30:09.771 | DEBUG    | core:as_tensor:724 - Loaded cache for /localdev/ctr-apbernal/tt_cache/Qwen/Qwen3-32B/TG/tensor_cache_bfp8/layers.39.feed_forward.w2_shardedprefetcher_dtype_BFLOAT16_layout_TILE.tensorbin of shape Shape([1, 1, 3200, 1280])
2026-08-29 11:30:09.857 | DEBUG    | core:as_tensor:724 - Loaded cache for /localdev/ctr-apbernal/tt_cache/Qwen/Qwen3-32B/TG/tensor_cache_bfp8/layers.39.feed_forward.w3_shardedprefetcher_dtype_BFLOAT16_layout_TILE.tensorbin of shape Shape([1, 1, 1280, 3200])
2026-08-29 11:30:09.922 | DEBUG    | core:as_tensor:724 - Loaded cache for /localdev/ctr-apbernal/tt_cache/Qwen/Qwen3-32B/TG/tensor_cache_bfp8/layers.39.feed_forward.w1_interleavedprefetcher_dtype_BFLOAT8_B_layout_TILE.tensorbin of shape Shape([1, 1, 1280, 3200])
2026-08-29 11:30:09.987 | DEBUG    | core:as_tensor:724 - Loaded cache for /localdev/ctr-apbernal/tt_cache/Qwen/Qwen3-32B/TG/tensor_cache_bfp8/layers.39.feed_forward.w2_interleavedprefetcher_dtype_BFLOAT8_B_layout_TILE.tensorbin of shape Shape([1, 1, 3200, 1280])
2026-08-29 11:30:10.052 | DEBUG    | core:as_tensor:724 - Loaded cache for /localdev/ctr-apbernal/tt_cache/Qwen/Qwen3-32B/TG/tensor_cache_bfp8/layers.39.feed_forward.w3_interleavedprefetcher_dtype_BFLOAT8_B_layout_TILE.tensorbin of shape Shape([1, 1, 1280, 3200])
2026-08-29 11:30:10.053 | DEBUG    | core:as_tensor:724 - Loaded cache for /localdev/ctr-apbernal/tt_cache/Qwen/Qwen3-32B/TG/tensor_cache_bfp8/layers.39.attention_norm.weight_dtype_BFLOAT16_layout_ROW_MAJOR.tensorbin of shape Shape([1, 1, 160, 32])
2026-08-29 11:30:10.053 | DEBUG    | core:as_tensor:724 - Loaded cache for /localdev/ctr-apbernal/tt_cache/Qwen/Qwen3-32B/TG/tensor_cache_bfp8/layers.39.attention_norm.weight_distributed_dtype_BFLOAT16_layout_ROW_MAJOR.tensorbin of shape Shape([1, 1, 40, 32])
2026-08-29 11:30:10.054 | DEBUG    | core:as_tensor:724 - Loaded cache for /localdev/ctr-apbernal/tt_cache/Qwen/Qwen3-32B/TG/tensor_cache_bfp8/layers.39.ffn_norm.weight_dtype_BFLOAT16_layout_ROW_MAJOR.tensorbin of shape Shape([1, 1, 160, 32])
2026-08-29 11:30:10.055 | DEBUG    | core:as_tensor:724 - Loaded cache for /localdev/ctr-apbernal/tt_cache/Qwen/Qwen3-32B/TG/tensor_cache_bfp8/layers.39.ffn_norm.weight_distributed_dtype_BFLOAT16_layout_ROW_MAJOR.tensorbin of shape Shape([1, 1, 40, 32])
 62%|██████▎   | 40/64 [00:30<00:18,  1.31it/s]2026-08-29 11:30:10.120 | DEBUG    | core:as_tensor:724 - Loaded cache for /localdev/ctr-apbernal/tt_cache/Qwen/Qwen3-32B/TG/tensor_cache_bfp8/layers.40.attention.wqkv_sharded_2d_prefetcher_dtype_BFLOAT8_B_layout_TILE.tensorbin of shape Shape([1, 1, 1280, 1280])
2026-08-29 11:30:10.167 | DEBUG    | core:as_tensor:724 - Loaded cache for /localdev/ctr-apbernal/tt_cache/Qwen/Qwen3-32B/TG/tensor_cache_bfp8/layers.40.attention.wqkv_sharded_2d_dram_dtype_BFLOAT8_B_layout_TILE.tensorbin of shape Shape([1, 1, 1280, 1280])
2026-08-29 11:30:10.212 | DEBUG    | core:as_tensor:724 - Loaded cache for /localdev/ctr-apbernal/tt_cache/Qwen/Qwen3-32B/TG/tensor_cache_bfp8/layers.40.attention.wo_width_sharded_2d_prefetcher_dtype_BFLOAT8_B_layout_TILE.tensorbin of shape Shape([1, 1, 1024, 1280])
2026-08-29 11:30:10.257 | DEBUG    | core:as_tensor:724 - Loaded cache for /localdev/ctr-apbernal/tt_cache/Qwen/Qwen3-32B/TG/tensor_cache_bfp8/layers.40.attention.wo_width_sharded_2d_dram_dtype_BFLOAT8_B_layout_TILE.tensorbin of shape Shape([1, 1, 1024, 1280])
2026-08-29 11:30:10.321 | DEBUG    | core:as_tensor:724 - Loaded cache for /localdev/ctr-apbernal/tt_cache/Qwen/Qwen3-32B/TG/tensor_cache_bfp8/layers.40.attention.wo_col_sharded_dram_dtype_BFLOAT8_B_layout_TILE.tensorbin of shape Shape([1, 1, 8192, 1280])
2026-08-29 11:30:10.336 | DEBUG    | core:as_tensor:724 - Loaded cache for /localdev/ctr-apbernal/tt_cache/Qwen/Qwen3-32B/TG/tensor_cache_bfp8/kvcache_torch.Size([2048, 1, 64, 128])_dtype_BFLOAT8_B_layout_TILE.tensorbin of shape Shape([2048, 1, 64, 128])
2026-08-29 11:30:10.343 | DEBUG    | core:as_tensor:724 - Loaded cache for /localdev/ctr-apbernal/tt_cache/Qwen/Qwen3-32B/TG/tensor_cache_bfp8/kvcache_torch.Size([2048, 1, 64, 128])_dtype_BFLOAT8_B_layout_TILE.tensorbin of shape Shape([2048, 1, 64, 128])
2026-08-29 11:30:10.444 | DEBUG    | core:as_tensor:724 - Loaded cache for /localdev/ctr-apbernal/tt_cache/Qwen/Qwen3-32B/TG/tensor_cache_bfp8/layers.40.feed_forward.w1_shardedprefetcher_dtype_BFLOAT16_layout_TILE.tensorbin of shape Shape([1, 1, 1280, 3200])
2026-08-29 11:30:10.530 | DEBUG    | core:as_tensor:724 - Loaded cache for /localdev/ctr-apbernal/tt_cache/Qwen/Qwen3-32B/TG/tensor_cache_bfp8/layers.40.feed_forward.w2_shardedprefetcher_dtype_BFLOAT16_layout_TILE.tensorbin of shape Shape([1, 1, 3200, 1280])
2026-08-29 11:30:10.616 | DEBUG    | core:as_tensor:724 - Loaded cache for /localdev/ctr-apbernal/tt_cache/Qwen/Qwen3-32B/TG/tensor_cache_bfp8/layers.40.feed_forward.w3_shardedprefetcher_dtype_BFLOAT16_layout_TILE.tensorbin of shape Shape([1, 1, 1280, 3200])
2026-08-29 11:30:10.681 | DEBUG    | core:as_tensor:724 - Loaded cache for /localdev/ctr-apbernal/tt_cache/Qwen/Qwen3-32B/TG/tensor_cache_bfp8/layers.40.feed_forward.w1_interleavedprefetcher_dtype_BFLOAT8_B_layout_TILE.tensorbin of shape Shape([1, 1, 1280, 3200])
2026-08-29 11:30:10.745 | DEBUG    | core:as_tensor:724 - Loaded cache for /localdev/ctr-apbernal/tt_cache/Qwen/Qwen3-32B/TG/tensor_cache_bfp8/layers.40.feed_forward.w2_interleavedprefetcher_dtype_BFLOAT8_B_layout_TILE.tensorbin of shape Shape([1, 1, 3200, 1280])
2026-08-29 11:30:10.809 | DEBUG    | core:as_tensor:724 - Loaded cache for /localdev/ctr-apbernal/tt_cache/Qwen/Qwen3-32B/TG/tensor_cache_bfp8/layers.40.feed_forward.w3_interleavedprefetcher_dtype_BFLOAT8_B_layout_TILE.tensorbin of shape Shape([1, 1, 1280, 3200])
2026-08-29 11:30:10.810 | DEBUG    | core:as_tensor:724 - Loaded cache for /localdev/ctr-apbernal/tt_cache/Qwen/Qwen3-32B/TG/tensor_cache_bfp8/layers.40.attention_norm.weight_dtype_BFLOAT16_layout_ROW_MAJOR.tensorbin of shape Shape([1, 1, 160, 32])
2026-08-29 11:30:10.811 | DEBUG    | core:as_tensor:724 - Loaded cache for /localdev/ctr-apbernal/tt_cache/Qwen/Qwen3-32B/TG/tensor_cache_bfp8/layers.40.attention_norm.weight_distributed_dtype_BFLOAT16_layout_ROW_MAJOR.tensorbin of shape Shape([1, 1, 40, 32])
2026-08-29 11:30:10.811 | DEBUG    | core:as_tensor:724 - Loaded cache for /localdev/ctr-apbernal/tt_cache/Qwen/Qwen3-32B/TG/tensor_cache_bfp8/layers.40.ffn_norm.weight_dtype_BFLOAT16_layout_ROW_MAJOR.tensorbin of shape Shape([1, 1, 160, 32])
2026-08-29 11:30:10.812 | DEBUG    | core:as_tensor:724 - Loaded cache for /localdev/ctr-apbernal/tt_cache/Qwen/Qwen3-32B/TG/tensor_cache_bfp8/layers.40.ffn_norm.weight_distributed_dtype_BFLOAT16_layout_ROW_MAJOR.tensorbin of shape Shape([1, 1, 40, 32])
 64%|██████▍   | 41/64 [00:31<00:17,  1.32it/s]2026-08-29 11:30:10.887 | DEBUG    | core:as_tensor:724 - Loaded cache for /localdev/ctr-apbernal/tt_cache/Qwen/Qwen3-32B/TG/tensor_cache_bfp8/layers.41.attention.wqkv_sharded_2d_prefetcher_dtype_BFLOAT8_B_layout_TILE.tensorbin of shape Shape([1, 1, 1280, 1280])
2026-08-29 11:30:10.934 | DEBUG    | core:as_tensor:724 - Loaded cache for /localdev/ctr-apbernal/tt_cache/Qwen/Qwen3-32B/TG/tensor_cache_bfp8/layers.41.attention.wqkv_sharded_2d_dram_dtype_BFLOAT8_B_layout_TILE.tensorbin of shape Shape([1, 1, 1280, 1280])
2026-08-29 11:30:10.979 | DEBUG    | core:as_tensor:724 - Loaded cache for /localdev/ctr-apbernal/tt_cache/Qwen/Qwen3-32B/TG/tensor_cache_bfp8/layers.41.attention.wo_width_sharded_2d_prefetcher_dtype_BFLOAT8_B_layout_TILE.tensorbin of shape Shape([1, 1, 1024, 1280])
2026-08-29 11:30:11.024 | DEBUG    | core:as_tensor:724 - Loaded cache for /localdev/ctr-apbernal/tt_cache/Qwen/Qwen3-32B/TG/tensor_cache_bfp8/layers.41.attention.wo_width_sharded_2d_dram_dtype_BFLOAT8_B_layout_TILE.tensorbin of shape Shape([1, 1, 1024, 1280])
2026-08-29 11:30:11.087 | DEBUG    | core:as_tensor:724 - Loaded cache for /localdev/ctr-apbernal/tt_cache/Qwen/Qwen3-32B/TG/tensor_cache_bfp8/layers.41.attention.wo_col_sharded_dram_dtype_BFLOAT8_B_layout_TILE.tensorbin of shape Shape([1, 1, 8192, 1280])
2026-08-29 11:30:11.100 | DEBUG    | core:as_tensor:724 - Loaded cache for /localdev/ctr-apbernal/tt_cache/Qwen/Qwen3-32B/TG/tensor_cache_bfp8/kvcache_torch.Size([2048, 1, 64, 128])_dtype_BFLOAT8_B_layout_TILE.tensorbin of shape Shape([2048, 1, 64, 128])
2026-08-29 11:30:11.107 | DEBUG    | core:as_tensor:724 - Loaded cache for /localdev/ctr-apbernal/tt_cache/Qwen/Qwen3-32B/TG/tensor_cache_bfp8/kvcache_torch.Size([2048, 1, 64, 128])_dtype_BFLOAT8_B_layout_TILE.tensorbin of shape Shape([2048, 1, 64, 128])
2026-08-29 11:30:11.209 | DEBUG    | core:as_tensor:724 - Loaded cache for /localdev/ctr-apbernal/tt_cache/Qwen/Qwen3-32B/TG/tensor_cache_bfp8/layers.41.feed_forward.w1_shardedprefetcher_dtype_BFLOAT16_layout_TILE.tensorbin of shape Shape([1, 1, 1280, 3200])
2026-08-29 11:30:11.296 | DEBUG    | core:as_tensor:724 - Loaded cache for /localdev/ctr-apbernal/tt_cache/Qwen/Qwen3-32B/TG/tensor_cache_bfp8/layers.41.feed_forward.w2_shardedprefetcher_dtype_BFLOAT16_layout_TILE.tensorbin of shape Shape([1, 1, 3200, 1280])
2026-08-29 11:30:11.381 | DEBUG    | core:as_tensor:724 - Loaded cache for /localdev/ctr-apbernal/tt_cache/Qwen/Qwen3-32B/TG/tensor_cache_bfp8/layers.41.feed_forward.w3_shardedprefetcher_dtype_BFLOAT16_layout_TILE.tensorbin of shape Shape([1, 1, 1280, 3200])
2026-08-29 11:30:11.445 | DEBUG    | core:as_tensor:724 - Loaded cache for /localdev/ctr-apbernal/tt_cache/Qwen/Qwen3-32B/TG/tensor_cache_bfp8/layers.41.feed_forward.w1_interleavedprefetcher_dtype_BFLOAT8_B_layout_TILE.tensorbin of shape Shape([1, 1, 1280, 3200])
2026-08-29 11:30:11.509 | DEBUG    | core:as_tensor:724 - Loaded cache for /localdev/ctr-apbernal/tt_cache/Qwen/Qwen3-32B/TG/tensor_cache_bfp8/layers.41.feed_forward.w2_interleavedprefetcher_dtype_BFLOAT8_B_layout_TILE.tensorbin of shape Shape([1, 1, 3200, 1280])
2026-08-29 11:30:11.573 | DEBUG    | core:as_tensor:724 - Loaded cache for /localdev/ctr-apbernal/tt_cache/Qwen/Qwen3-32B/TG/tensor_cache_bfp8/layers.41.feed_forward.w3_interleavedprefetcher_dtype_BFLOAT8_B_layout_TILE.tensorbin of shape Shape([1, 1, 1280, 3200])
2026-08-29 11:30:11.574 | DEBUG    | core:as_tensor:724 - Loaded cache for /localdev/ctr-apbernal/tt_cache/Qwen/Qwen3-32B/TG/tensor_cache_bfp8/layers.41.attention_norm.weight_dtype_BFLOAT16_layout_ROW_MAJOR.tensorbin of shape Shape([1, 1, 160, 32])
2026-08-29 11:30:11.575 | DEBUG    | core:as_tensor:724 - Loaded cache for /localdev/ctr-apbernal/tt_cache/Qwen/Qwen3-32B/TG/tensor_cache_bfp8/layers.41.attention_norm.weight_distributed_dtype_BFLOAT16_layout_ROW_MAJOR.tensorbin of shape Shape([1, 1, 40, 32])
2026-08-29 11:30:11.575 | DEBUG    | core:as_tensor:724 - Loaded cache for /localdev/ctr-apbernal/tt_cache/Qwen/Qwen3-32B/TG/tensor_cache_bfp8/layers.41.ffn_norm.weight_dtype_BFLOAT16_layout_ROW_MAJOR.tensorbin of shape Shape([1, 1, 160, 32])
2026-08-29 11:30:11.576 | DEBUG    | core:as_tensor:724 - Loaded cache for /localdev/ctr-apbernal/tt_cache/Qwen/Qwen3-32B/TG/tensor_cache_bfp8/layers.41.ffn_norm.weight_distributed_dtype_BFLOAT16_layout_ROW_MAJOR.tensorbin of shape Shape([1, 1, 40, 32])
 66%|██████▌   | 42/64 [00:32<00:16,  1.31it/s]2026-08-29 11:30:11.643 | DEBUG    | core:as_tensor:724 - Loaded cache for /localdev/ctr-apbernal/tt_cache/Qwen/Qwen3-32B/TG/tensor_cache_bfp8/layers.42.attention.wqkv_sharded_2d_prefetcher_dtype_BFLOAT8_B_layout_TILE.tensorbin of shape Shape([1, 1, 1280, 1280])
2026-08-29 11:30:11.689 | DEBUG    | core:as_tensor:724 - Loaded cache for /localdev/ctr-apbernal/tt_cache/Qwen/Qwen3-32B/TG/tensor_cache_bfp8/layers.42.attention.wqkv_sharded_2d_dram_dtype_BFLOAT8_B_layout_TILE.tensorbin of shape Shape([1, 1, 1280, 1280])
2026-08-29 11:30:11.734 | DEBUG    | core:as_tensor:724 - Loaded cache for /localdev/ctr-apbernal/tt_cache/Qwen/Qwen3-32B/TG/tensor_cache_bfp8/layers.42.attention.wo_width_sharded_2d_prefetcher_dtype_BFLOAT8_B_layout_TILE.tensorbin of shape Shape([1, 1, 1024, 1280])
2026-08-29 11:30:11.779 | DEBUG    | core:as_tensor:724 - Loaded cache for /localdev/ctr-apbernal/tt_cache/Qwen/Qwen3-32B/TG/tensor_cache_bfp8/layers.42.attention.wo_width_sharded_2d_dram_dtype_BFLOAT8_B_layout_TILE.tensorbin of shape Shape([1, 1, 1024, 1280])
2026-08-29 11:30:11.844 | DEBUG    | core:as_tensor:724 - Loaded cache for /localdev/ctr-apbernal/tt_cache/Qwen/Qwen3-32B/TG/tensor_cache_bfp8/layers.42.attention.wo_col_sharded_dram_dtype_BFLOAT8_B_layout_TILE.tensorbin of shape Shape([1, 1, 8192, 1280])
2026-08-29 11:30:11.858 | DEBUG    | core:as_tensor:724 - Loaded cache for /localdev/ctr-apbernal/tt_cache/Qwen/Qwen3-32B/TG/tensor_cache_bfp8/kvcache_torch.Size([2048, 1, 64, 128])_dtype_BFLOAT8_B_layout_TILE.tensorbin of shape Shape([2048, 1, 64, 128])
2026-08-29 11:30:11.866 | DEBUG    | core:as_tensor:724 - Loaded cache for /localdev/ctr-apbernal/tt_cache/Qwen/Qwen3-32B/TG/tensor_cache_bfp8/kvcache_torch.Size([2048, 1, 64, 128])_dtype_BFLOAT8_B_layout_TILE.tensorbin of shape Shape([2048, 1, 64, 128])
2026-08-29 11:30:11.966 | DEBUG    | core:as_tensor:724 - Loaded cache for /localdev/ctr-apbernal/tt_cache/Qwen/Qwen3-32B/TG/tensor_cache_bfp8/layers.42.feed_forward.w1_shardedprefetcher_dtype_BFLOAT16_layout_TILE.tensorbin of shape Shape([1, 1, 1280, 3200])
2026-08-29 11:30:12.052 | DEBUG    | core:as_tensor:724 - Loaded cache for /localdev/ctr-apbernal/tt_cache/Qwen/Qwen3-32B/TG/tensor_cache_bfp8/layers.42.feed_forward.w2_shardedprefetcher_dtype_BFLOAT16_layout_TILE.tensorbin of shape Shape([1, 1, 3200, 1280])
2026-08-29 11:30:12.138 | DEBUG    | core:as_tensor:724 - Loaded cache for /localdev/ctr-apbernal/tt_cache/Qwen/Qwen3-32B/TG/tensor_cache_bfp8/layers.42.feed_forward.w3_shardedprefetcher_dtype_BFLOAT16_layout_TILE.tensorbin of shape Shape([1, 1, 1280, 3200])
2026-08-29 11:30:12.203 | DEBUG    | core:as_tensor:724 - Loaded cache for /localdev/ctr-apbernal/tt_cache/Qwen/Qwen3-32B/TG/tensor_cache_bfp8/layers.42.feed_forward.w1_interleavedprefetcher_dtype_BFLOAT8_B_layout_TILE.tensorbin of shape Shape([1, 1, 1280, 3200])
2026-08-29 11:30:12.267 | DEBUG    | core:as_tensor:724 - Loaded cache for /localdev/ctr-apbernal/tt_cache/Qwen/Qwen3-32B/TG/tensor_cache_bfp8/layers.42.feed_forward.w2_interleavedprefetcher_dtype_BFLOAT8_B_layout_TILE.tensorbin of shape Shape([1, 1, 3200, 1280])
2026-08-29 11:30:12.332 | DEBUG    | core:as_tensor:724 - Loaded cache for /localdev/ctr-apbernal/tt_cache/Qwen/Qwen3-32B/TG/tensor_cache_bfp8/layers.42.feed_forward.w3_interleavedprefetcher_dtype_BFLOAT8_B_layout_TILE.tensorbin of shape Shape([1, 1, 1280, 3200])
2026-08-29 11:30:12.333 | DEBUG    | core:as_tensor:724 - Loaded cache for /localdev/ctr-apbernal/tt_cache/Qwen/Qwen3-32B/TG/tensor_cache_bfp8/layers.42.attention_norm.weight_dtype_BFLOAT16_layout_ROW_MAJOR.tensorbin of shape Shape([1, 1, 160, 32])
2026-08-29 11:30:12.333 | DEBUG    | core:as_tensor:724 - Loaded cache for /localdev/ctr-apbernal/tt_cache/Qwen/Qwen3-32B/TG/tensor_cache_bfp8/layers.42.attention_norm.weight_distributed_dtype_BFLOAT16_layout_ROW_MAJOR.tensorbin of shape Shape([1, 1, 40, 32])
2026-08-29 11:30:12.334 | DEBUG    | core:as_tensor:724 - Loaded cache for /localdev/ctr-apbernal/tt_cache/Qwen/Qwen3-32B/TG/tensor_cache_bfp8/layers.42.ffn_norm.weight_dtype_BFLOAT16_layout_ROW_MAJOR.tensorbin of shape Shape([1, 1, 160, 32])
2026-08-29 11:30:12.334 | DEBUG    | core:as_tensor:724 - Loaded cache for /localdev/ctr-apbernal/tt_cache/Qwen/Qwen3-32B/TG/tensor_cache_bfp8/layers.42.ffn_norm.weight_distributed_dtype_BFLOAT16_layout_ROW_MAJOR.tensorbin of shape Shape([1, 1, 40, 32])
 67%|██████▋   | 43/64 [00:32<00:15,  1.32it/s]2026-08-29 11:30:12.398 | DEBUG    | core:as_tensor:724 - Loaded cache for /localdev/ctr-apbernal/tt_cache/Qwen/Qwen3-32B/TG/tensor_cache_bfp8/layers.43.attention.wqkv_sharded_2d_prefetcher_dtype_BFLOAT8_B_layout_TILE.tensorbin of shape Shape([1, 1, 1280, 1280])
2026-08-29 11:30:12.446 | DEBUG    | core:as_tensor:724 - Loaded cache for /localdev/ctr-apbernal/tt_cache/Qwen/Qwen3-32B/TG/tensor_cache_bfp8/layers.43.attention.wqkv_sharded_2d_dram_dtype_BFLOAT8_B_layout_TILE.tensorbin of shape Shape([1, 1, 1280, 1280])
2026-08-29 11:30:12.491 | DEBUG    | core:as_tensor:724 - Loaded cache for /localdev/ctr-apbernal/tt_cache/Qwen/Qwen3-32B/TG/tensor_cache_bfp8/layers.43.attention.wo_width_sharded_2d_prefetcher_dtype_BFLOAT8_B_layout_TILE.tensorbin of shape Shape([1, 1, 1024, 1280])
2026-08-29 11:30:12.536 | DEBUG    | core:as_tensor:724 - Loaded cache for /localdev/ctr-apbernal/tt_cache/Qwen/Qwen3-32B/TG/tensor_cache_bfp8/layers.43.attention.wo_width_sharded_2d_dram_dtype_BFLOAT8_B_layout_TILE.tensorbin of shape Shape([1, 1, 1024, 1280])
2026-08-29 11:30:12.598 | DEBUG    | core:as_tensor:724 - Loaded cache for /localdev/ctr-apbernal/tt_cache/Qwen/Qwen3-32B/TG/tensor_cache_bfp8/layers.43.attention.wo_col_sharded_dram_dtype_BFLOAT8_B_layout_TILE.tensorbin of shape Shape([1, 1, 8192, 1280])
2026-08-29 11:30:12.611 | DEBUG    | core:as_tensor:724 - Loaded cache for /localdev/ctr-apbernal/tt_cache/Qwen/Qwen3-32B/TG/tensor_cache_bfp8/kvcache_torch.Size([2048, 1, 64, 128])_dtype_BFLOAT8_B_layout_TILE.tensorbin of shape Shape([2048, 1, 64, 128])
2026-08-29 11:30:12.618 | DEBUG    | core:as_tensor:724 - Loaded cache for /localdev/ctr-apbernal/tt_cache/Qwen/Qwen3-32B/TG/tensor_cache_bfp8/kvcache_torch.Size([2048, 1, 64, 128])_dtype_BFLOAT8_B_layout_TILE.tensorbin of shape Shape([2048, 1, 64, 128])
2026-08-29 11:30:12.719 | DEBUG    | core:as_tensor:724 - Loaded cache for /localdev/ctr-apbernal/tt_cache/Qwen/Qwen3-32B/TG/tensor_cache_bfp8/layers.43.feed_forward.w1_shardedprefetcher_dtype_BFLOAT16_layout_TILE.tensorbin of shape Shape([1, 1, 1280, 3200])
2026-08-29 11:30:12.804 | DEBUG    | core:as_tensor:724 - Loaded cache for /localdev/ctr-apbernal/tt_cache/Qwen/Qwen3-32B/TG/tensor_cache_bfp8/layers.43.feed_forward.w2_shardedprefetcher_dtype_BFLOAT16_layout_TILE.tensorbin of shape Shape([1, 1, 3200, 1280])
2026-08-29 11:30:12.889 | DEBUG    | core:as_tensor:724 - Loaded cache for /localdev/ctr-apbernal/tt_cache/Qwen/Qwen3-32B/TG/tensor_cache_bfp8/layers.43.feed_forward.w3_shardedprefetcher_dtype_BFLOAT16_layout_TILE.tensorbin of shape Shape([1, 1, 1280, 3200])
2026-08-29 11:30:12.953 | DEBUG    | core:as_tensor:724 - Loaded cache for /localdev/ctr-apbernal/tt_cache/Qwen/Qwen3-32B/TG/tensor_cache_bfp8/layers.43.feed_forward.w1_interleavedprefetcher_dtype_BFLOAT8_B_layout_TILE.tensorbin of shape Shape([1, 1, 1280, 3200])
2026-08-29 11:30:13.017 | DEBUG    | core:as_tensor:724 - Loaded cache for /localdev/ctr-apbernal/tt_cache/Qwen/Qwen3-32B/TG/tensor_cache_bfp8/layers.43.feed_forward.w2_interleavedprefetcher_dtype_BFLOAT8_B_layout_TILE.tensorbin of shape Shape([1, 1, 3200, 1280])
2026-08-29 11:30:13.082 | DEBUG    | core:as_tensor:724 - Loaded cache for /localdev/ctr-apbernal/tt_cache/Qwen/Qwen3-32B/TG/tensor_cache_bfp8/layers.43.feed_forward.w3_interleavedprefetcher_dtype_BFLOAT8_B_layout_TILE.tensorbin of shape Shape([1, 1, 1280, 3200])
2026-08-29 11:30:13.083 | DEBUG    | core:as_tensor:724 - Loaded cache for /localdev/ctr-apbernal/tt_cache/Qwen/Qwen3-32B/TG/tensor_cache_bfp8/layers.43.attention_norm.weight_dtype_BFLOAT16_layout_ROW_MAJOR.tensorbin of shape Shape([1, 1, 160, 32])
2026-08-29 11:30:13.083 | DEBUG    | core:as_tensor:724 - Loaded cache for /localdev/ctr-apbernal/tt_cache/Qwen/Qwen3-32B/TG/tensor_cache_bfp8/layers.43.attention_norm.weight_distributed_dtype_BFLOAT16_layout_ROW_MAJOR.tensorbin of shape Shape([1, 1, 40, 32])
2026-08-29 11:30:13.084 | DEBUG    | core:as_tensor:724 - Loaded cache for /localdev/ctr-apbernal/tt_cache/Qwen/Qwen3-32B/TG/tensor_cache_bfp8/layers.43.ffn_norm.weight_dtype_BFLOAT16_layout_ROW_MAJOR.tensorbin of shape Shape([1, 1, 160, 32])
2026-08-29 11:30:13.084 | DEBUG    | core:as_tensor:724 - Loaded cache for /localdev/ctr-apbernal/tt_cache/Qwen/Qwen3-32B/TG/tensor_cache_bfp8/layers.43.ffn_norm.weight_distributed_dtype_BFLOAT16_layout_ROW_MAJOR.tensorbin of shape Shape([1, 1, 40, 32])
 69%|██████▉   | 44/64 [00:33<00:15,  1.32it/s]2026-08-29 11:30:13.148 | DEBUG    | core:as_tensor:724 - Loaded cache for /localdev/ctr-apbernal/tt_cache/Qwen/Qwen3-32B/TG/tensor_cache_bfp8/layers.44.attention.wqkv_sharded_2d_prefetcher_dtype_BFLOAT8_B_layout_TILE.tensorbin of shape Shape([1, 1, 1280, 1280])
2026-08-29 11:30:13.196 | DEBUG    | core:as_tensor:724 - Loaded cache for /localdev/ctr-apbernal/tt_cache/Qwen/Qwen3-32B/TG/tensor_cache_bfp8/layers.44.attention.wqkv_sharded_2d_dram_dtype_BFLOAT8_B_layout_TILE.tensorbin of shape Shape([1, 1, 1280, 1280])
2026-08-29 11:30:13.241 | DEBUG    | core:as_tensor:724 - Loaded cache for /localdev/ctr-apbernal/tt_cache/Qwen/Qwen3-32B/TG/tensor_cache_bfp8/layers.44.attention.wo_width_sharded_2d_prefetcher_dtype_BFLOAT8_B_layout_TILE.tensorbin of shape Shape([1, 1, 1024, 1280])
2026-08-29 11:30:13.287 | DEBUG    | core:as_tensor:724 - Loaded cache for /localdev/ctr-apbernal/tt_cache/Qwen/Qwen3-32B/TG/tensor_cache_bfp8/layers.44.attention.wo_width_sharded_2d_dram_dtype_BFLOAT8_B_layout_TILE.tensorbin of shape Shape([1, 1, 1024, 1280])
2026-08-29 11:30:13.348 | DEBUG    | core:as_tensor:724 - Loaded cache for /localdev/ctr-apbernal/tt_cache/Qwen/Qwen3-32B/TG/tensor_cache_bfp8/layers.44.attention.wo_col_sharded_dram_dtype_BFLOAT8_B_layout_TILE.tensorbin of shape Shape([1, 1, 8192, 1280])
2026-08-29 11:30:13.363 | DEBUG    | core:as_tensor:724 - Loaded cache for /localdev/ctr-apbernal/tt_cache/Qwen/Qwen3-32B/TG/tensor_cache_bfp8/kvcache_torch.Size([2048, 1, 64, 128])_dtype_BFLOAT8_B_layout_TILE.tensorbin of shape Shape([2048, 1, 64, 128])
2026-08-29 11:30:13.369 | DEBUG    | core:as_tensor:724 - Loaded cache for /localdev/ctr-apbernal/tt_cache/Qwen/Qwen3-32B/TG/tensor_cache_bfp8/kvcache_torch.Size([2048, 1, 64, 128])_dtype_BFLOAT8_B_layout_TILE.tensorbin of shape Shape([2048, 1, 64, 128])
2026-08-29 11:30:13.470 | DEBUG    | core:as_tensor:724 - Loaded cache for /localdev/ctr-apbernal/tt_cache/Qwen/Qwen3-32B/TG/tensor_cache_bfp8/layers.44.feed_forward.w1_shardedprefetcher_dtype_BFLOAT16_layout_TILE.tensorbin of shape Shape([1, 1, 1280, 3200])
2026-08-29 11:30:13.556 | DEBUG    | core:as_tensor:724 - Loaded cache for /localdev/ctr-apbernal/tt_cache/Qwen/Qwen3-32B/TG/tensor_cache_bfp8/layers.44.feed_forward.w2_shardedprefetcher_dtype_BFLOAT16_layout_TILE.tensorbin of shape Shape([1, 1, 3200, 1280])
2026-08-29 11:30:13.643 | DEBUG    | core:as_tensor:724 - Loaded cache for /localdev/ctr-apbernal/tt_cache/Qwen/Qwen3-32B/TG/tensor_cache_bfp8/layers.44.feed_forward.w3_shardedprefetcher_dtype_BFLOAT16_layout_TILE.tensorbin of shape Shape([1, 1, 1280, 3200])
2026-08-29 11:30:13.709 | DEBUG    | core:as_tensor:724 - Loaded cache for /localdev/ctr-apbernal/tt_cache/Qwen/Qwen3-32B/TG/tensor_cache_bfp8/layers.44.feed_forward.w1_interleavedprefetcher_dtype_BFLOAT8_B_layout_TILE.tensorbin of shape Shape([1, 1, 1280, 3200])
2026-08-29 11:30:13.773 | DEBUG    | core:as_tensor:724 - Loaded cache for /localdev/ctr-apbernal/tt_cache/Qwen/Qwen3-32B/TG/tensor_cache_bfp8/layers.44.feed_forward.w2_interleavedprefetcher_dtype_BFLOAT8_B_layout_TILE.tensorbin of shape Shape([1, 1, 3200, 1280])
2026-08-29 11:30:13.838 | DEBUG    | core:as_tensor:724 - Loaded cache for /localdev/ctr-apbernal/tt_cache/Qwen/Qwen3-32B/TG/tensor_cache_bfp8/layers.44.feed_forward.w3_interleavedprefetcher_dtype_BFLOAT8_B_layout_TILE.tensorbin of shape Shape([1, 1, 1280, 3200])
2026-08-29 11:30:13.839 | DEBUG    | core:as_tensor:724 - Loaded cache for /localdev/ctr-apbernal/tt_cache/Qwen/Qwen3-32B/TG/tensor_cache_bfp8/layers.44.attention_norm.weight_dtype_BFLOAT16_layout_ROW_MAJOR.tensorbin of shape Shape([1, 1, 160, 32])
2026-08-29 11:30:13.840 | DEBUG    | core:as_tensor:724 - Loaded cache for /localdev/ctr-apbernal/tt_cache/Qwen/Qwen3-32B/TG/tensor_cache_bfp8/layers.44.attention_norm.weight_distributed_dtype_BFLOAT16_layout_ROW_MAJOR.tensorbin of shape Shape([1, 1, 40, 32])
2026-08-29 11:30:13.840 | DEBUG    | core:as_tensor:724 - Loaded cache for /localdev/ctr-apbernal/tt_cache/Qwen/Qwen3-32B/TG/tensor_cache_bfp8/layers.44.ffn_norm.weight_dtype_BFLOAT16_layout_ROW_MAJOR.tensorbin of shape Shape([1, 1, 160, 32])
2026-08-29 11:30:13.841 | DEBUG    | core:as_tensor:724 - Loaded cache for /localdev/ctr-apbernal/tt_cache/Qwen/Qwen3-32B/TG/tensor_cache_bfp8/layers.44.ffn_norm.weight_distributed_dtype_BFLOAT16_layout_ROW_MAJOR.tensorbin of shape Shape([1, 1, 40, 32])
 70%|███████   | 45/64 [00:34<00:14,  1.32it/s]2026-08-29 11:30:13.906 | DEBUG    | core:as_tensor:724 - Loaded cache for /localdev/ctr-apbernal/tt_cache/Qwen/Qwen3-32B/TG/tensor_cache_bfp8/layers.45.attention.wqkv_sharded_2d_prefetcher_dtype_BFLOAT8_B_layout_TILE.tensorbin of shape Shape([1, 1, 1280, 1280])
2026-08-29 11:30:13.954 | DEBUG    | core:as_tensor:724 - Loaded cache for /localdev/ctr-apbernal/tt_cache/Qwen/Qwen3-32B/TG/tensor_cache_bfp8/layers.45.attention.wqkv_sharded_2d_dram_dtype_BFLOAT8_B_layout_TILE.tensorbin of shape Shape([1, 1, 1280, 1280])
2026-08-29 11:30:14.000 | DEBUG    | core:as_tensor:724 - Loaded cache for /localdev/ctr-apbernal/tt_cache/Qwen/Qwen3-32B/TG/tensor_cache_bfp8/layers.45.attention.wo_width_sharded_2d_prefetcher_dtype_BFLOAT8_B_layout_TILE.tensorbin of shape Shape([1, 1, 1024, 1280])
2026-08-29 11:30:14.045 | DEBUG    | core:as_tensor:724 - Loaded cache for /localdev/ctr-apbernal/tt_cache/Qwen/Qwen3-32B/TG/tensor_cache_bfp8/layers.45.attention.wo_width_sharded_2d_dram_dtype_BFLOAT8_B_layout_TILE.tensorbin of shape Shape([1, 1, 1024, 1280])
2026-08-29 11:30:14.106 | DEBUG    | core:as_tensor:724 - Loaded cache for /localdev/ctr-apbernal/tt_cache/Qwen/Qwen3-32B/TG/tensor_cache_bfp8/layers.45.attention.wo_col_sharded_dram_dtype_BFLOAT8_B_layout_TILE.tensorbin of shape Shape([1, 1, 8192, 1280])
2026-08-29 11:30:14.121 | DEBUG    | core:as_tensor:724 - Loaded cache for /localdev/ctr-apbernal/tt_cache/Qwen/Qwen3-32B/TG/tensor_cache_bfp8/kvcache_torch.Size([2048, 1, 64, 128])_dtype_BFLOAT8_B_layout_TILE.tensorbin of shape Shape([2048, 1, 64, 128])
2026-08-29 11:30:14.128 | DEBUG    | core:as_tensor:724 - Loaded cache for /localdev/ctr-apbernal/tt_cache/Qwen/Qwen3-32B/TG/tensor_cache_bfp8/kvcache_torch.Size([2048, 1, 64, 128])_dtype_BFLOAT8_B_layout_TILE.tensorbin of shape Shape([2048, 1, 64, 128])
2026-08-29 11:30:14.228 | DEBUG    | core:as_tensor:724 - Loaded cache for /localdev/ctr-apbernal/tt_cache/Qwen/Qwen3-32B/TG/tensor_cache_bfp8/layers.45.feed_forward.w1_shardedprefetcher_dtype_BFLOAT16_layout_TILE.tensorbin of shape Shape([1, 1, 1280, 3200])
2026-08-29 11:30:14.312 | DEBUG    | core:as_tensor:724 - Loaded cache for /localdev/ctr-apbernal/tt_cache/Qwen/Qwen3-32B/TG/tensor_cache_bfp8/layers.45.feed_forward.w2_shardedprefetcher_dtype_BFLOAT16_layout_TILE.tensorbin of shape Shape([1, 1, 3200, 1280])
2026-08-29 11:30:14.397 | DEBUG    | core:as_tensor:724 - Loaded cache for /localdev/ctr-apbernal/tt_cache/Qwen/Qwen3-32B/TG/tensor_cache_bfp8/layers.45.feed_forward.w3_shardedprefetcher_dtype_BFLOAT16_layout_TILE.tensorbin of shape Shape([1, 1, 1280, 3200])
2026-08-29 11:30:14.463 | DEBUG    | core:as_tensor:724 - Loaded cache for /localdev/ctr-apbernal/tt_cache/Qwen/Qwen3-32B/TG/tensor_cache_bfp8/layers.45.feed_forward.w1_interleavedprefetcher_dtype_BFLOAT8_B_layout_TILE.tensorbin of shape Shape([1, 1, 1280, 3200])
2026-08-29 11:30:14.528 | DEBUG    | core:as_tensor:724 - Loaded cache for /localdev/ctr-apbernal/tt_cache/Qwen/Qwen3-32B/TG/tensor_cache_bfp8/layers.45.feed_forward.w2_interleavedprefetcher_dtype_BFLOAT8_B_layout_TILE.tensorbin of shape Shape([1, 1, 3200, 1280])
2026-08-29 11:30:14.593 | DEBUG    | core:as_tensor:724 - Loaded cache for /localdev/ctr-apbernal/tt_cache/Qwen/Qwen3-32B/TG/tensor_cache_bfp8/layers.45.feed_forward.w3_interleavedprefetcher_dtype_BFLOAT8_B_layout_TILE.tensorbin of shape Shape([1, 1, 1280, 3200])
2026-08-29 11:30:14.594 | DEBUG    | core:as_tensor:724 - Loaded cache for /localdev/ctr-apbernal/tt_cache/Qwen/Qwen3-32B/TG/tensor_cache_bfp8/layers.45.attention_norm.weight_dtype_BFLOAT16_layout_ROW_MAJOR.tensorbin of shape Shape([1, 1, 160, 32])
2026-08-29 11:30:14.595 | DEBUG    | core:as_tensor:724 - Loaded cache for /localdev/ctr-apbernal/tt_cache/Qwen/Qwen3-32B/TG/tensor_cache_bfp8/layers.45.attention_norm.weight_distributed_dtype_BFLOAT16_layout_ROW_MAJOR.tensorbin of shape Shape([1, 1, 40, 32])
2026-08-29 11:30:14.595 | DEBUG    | core:as_tensor:724 - Loaded cache for /localdev/ctr-apbernal/tt_cache/Qwen/Qwen3-32B/TG/tensor_cache_bfp8/layers.45.ffn_norm.weight_dtype_BFLOAT16_layout_ROW_MAJOR.tensorbin of shape Shape([1, 1, 160, 32])
2026-08-29 11:30:14.596 | DEBUG    | core:as_tensor:724 - Loaded cache for /localdev/ctr-apbernal/tt_cache/Qwen/Qwen3-32B/TG/tensor_cache_bfp8/layers.45.ffn_norm.weight_distributed_dtype_BFLOAT16_layout_ROW_MAJOR.tensorbin of shape Shape([1, 1, 40, 32])
 72%|███████▏  | 46/64 [00:35<00:13,  1.32it/s]2026-08-29 11:30:14.662 | DEBUG    | core:as_tensor:724 - Loaded cache for /localdev/ctr-apbernal/tt_cache/Qwen/Qwen3-32B/TG/tensor_cache_bfp8/layers.46.attention.wqkv_sharded_2d_prefetcher_dtype_BFLOAT8_B_layout_TILE.tensorbin of shape Shape([1, 1, 1280, 1280])
2026-08-29 11:30:14.709 | DEBUG    | core:as_tensor:724 - Loaded cache for /localdev/ctr-apbernal/tt_cache/Qwen/Qwen3-32B/TG/tensor_cache_bfp8/layers.46.attention.wqkv_sharded_2d_dram_dtype_BFLOAT8_B_layout_TILE.tensorbin of shape Shape([1, 1, 1280, 1280])
2026-08-29 11:30:14.755 | DEBUG    | core:as_tensor:724 - Loaded cache for /localdev/ctr-apbernal/tt_cache/Qwen/Qwen3-32B/TG/tensor_cache_bfp8/layers.46.attention.wo_width_sharded_2d_prefetcher_dtype_BFLOAT8_B_layout_TILE.tensorbin of shape Shape([1, 1, 1024, 1280])
2026-08-29 11:30:14.800 | DEBUG    | core:as_tensor:724 - Loaded cache for /localdev/ctr-apbernal/tt_cache/Qwen/Qwen3-32B/TG/tensor_cache_bfp8/layers.46.attention.wo_width_sharded_2d_dram_dtype_BFLOAT8_B_layout_TILE.tensorbin of shape Shape([1, 1, 1024, 1280])
2026-08-29 11:30:14.866 | DEBUG    | core:as_tensor:724 - Loaded cache for /localdev/ctr-apbernal/tt_cache/Qwen/Qwen3-32B/TG/tensor_cache_bfp8/layers.46.attention.wo_col_sharded_dram_dtype_BFLOAT8_B_layout_TILE.tensorbin of shape Shape([1, 1, 8192, 1280])
2026-08-29 11:30:14.879 | DEBUG    | core:as_tensor:724 - Loaded cache for /localdev/ctr-apbernal/tt_cache/Qwen/Qwen3-32B/TG/tensor_cache_bfp8/kvcache_torch.Size([2048, 1, 64, 128])_dtype_BFLOAT8_B_layout_TILE.tensorbin of shape Shape([2048, 1, 64, 128])
2026-08-29 11:30:14.885 | DEBUG    | core:as_tensor:724 - Loaded cache for /localdev/ctr-apbernal/tt_cache/Qwen/Qwen3-32B/TG/tensor_cache_bfp8/kvcache_torch.Size([2048, 1, 64, 128])_dtype_BFLOAT8_B_layout_TILE.tensorbin of shape Shape([2048, 1, 64, 128])
2026-08-29 11:30:14.986 | DEBUG    | core:as_tensor:724 - Loaded cache for /localdev/ctr-apbernal/tt_cache/Qwen/Qwen3-32B/TG/tensor_cache_bfp8/layers.46.feed_forward.w1_shardedprefetcher_dtype_BFLOAT16_layout_TILE.tensorbin of shape Shape([1, 1, 1280, 3200])
2026-08-29 11:30:15.069 | DEBUG    | core:as_tensor:724 - Loaded cache for /localdev/ctr-apbernal/tt_cache/Qwen/Qwen3-32B/TG/tensor_cache_bfp8/layers.46.feed_forward.w2_shardedprefetcher_dtype_BFLOAT16_layout_TILE.tensorbin of shape Shape([1, 1, 3200, 1280])
2026-08-29 11:30:15.155 | DEBUG    | core:as_tensor:724 - Loaded cache for /localdev/ctr-apbernal/tt_cache/Qwen/Qwen3-32B/TG/tensor_cache_bfp8/layers.46.feed_forward.w3_shardedprefetcher_dtype_BFLOAT16_layout_TILE.tensorbin of shape Shape([1, 1, 1280, 3200])
2026-08-29 11:30:15.219 | DEBUG    | core:as_tensor:724 - Loaded cache for /localdev/ctr-apbernal/tt_cache/Qwen/Qwen3-32B/TG/tensor_cache_bfp8/layers.46.feed_forward.w1_interleavedprefetcher_dtype_BFLOAT8_B_layout_TILE.tensorbin of shape Shape([1, 1, 1280, 3200])
2026-08-29 11:30:15.284 | DEBUG    | core:as_tensor:724 - Loaded cache for /localdev/ctr-apbernal/tt_cache/Qwen/Qwen3-32B/TG/tensor_cache_bfp8/layers.46.feed_forward.w2_interleavedprefetcher_dtype_BFLOAT8_B_layout_TILE.tensorbin of shape Shape([1, 1, 3200, 1280])
2026-08-29 11:30:15.348 | DEBUG    | core:as_tensor:724 - Loaded cache for /localdev/ctr-apbernal/tt_cache/Qwen/Qwen3-32B/TG/tensor_cache_bfp8/layers.46.feed_forward.w3_interleavedprefetcher_dtype_BFLOAT8_B_layout_TILE.tensorbin of shape Shape([1, 1, 1280, 3200])
2026-08-29 11:30:15.349 | DEBUG    | core:as_tensor:724 - Loaded cache for /localdev/ctr-apbernal/tt_cache/Qwen/Qwen3-32B/TG/tensor_cache_bfp8/layers.46.attention_norm.weight_dtype_BFLOAT16_layout_ROW_MAJOR.tensorbin of shape Shape([1, 1, 160, 32])
2026-08-29 11:30:15.349 | DEBUG    | core:as_tensor:724 - Loaded cache for /localdev/ctr-apbernal/tt_cache/Qwen/Qwen3-32B/TG/tensor_cache_bfp8/layers.46.attention_norm.weight_distributed_dtype_BFLOAT16_layout_ROW_MAJOR.tensorbin of shape Shape([1, 1, 40, 32])
2026-08-29 11:30:15.350 | DEBUG    | core:as_tensor:724 - Loaded cache for /localdev/ctr-apbernal/tt_cache/Qwen/Qwen3-32B/TG/tensor_cache_bfp8/layers.46.ffn_norm.weight_dtype_BFLOAT16_layout_ROW_MAJOR.tensorbin of shape Shape([1, 1, 160, 32])
2026-08-29 11:30:15.350 | DEBUG    | core:as_tensor:724 - Loaded cache for /localdev/ctr-apbernal/tt_cache/Qwen/Qwen3-32B/TG/tensor_cache_bfp8/layers.46.ffn_norm.weight_distributed_dtype_BFLOAT16_layout_ROW_MAJOR.tensorbin of shape Shape([1, 1, 40, 32])
 73%|███████▎  | 47/64 [00:35<00:12,  1.32it/s]2026-08-29 11:30:15.415 | DEBUG    | core:as_tensor:724 - Loaded cache for /localdev/ctr-apbernal/tt_cache/Qwen/Qwen3-32B/TG/tensor_cache_bfp8/layers.47.attention.wqkv_sharded_2d_prefetcher_dtype_BFLOAT8_B_layout_TILE.tensorbin of shape Shape([1, 1, 1280, 1280])
2026-08-29 11:30:15.463 | DEBUG    | core:as_tensor:724 - Loaded cache for /localdev/ctr-apbernal/tt_cache/Qwen/Qwen3-32B/TG/tensor_cache_bfp8/layers.47.attention.wqkv_sharded_2d_dram_dtype_BFLOAT8_B_layout_TILE.tensorbin of shape Shape([1, 1, 1280, 1280])
2026-08-29 11:30:15.509 | DEBUG    | core:as_tensor:724 - Loaded cache for /localdev/ctr-apbernal/tt_cache/Qwen/Qwen3-32B/TG/tensor_cache_bfp8/layers.47.attention.wo_width_sharded_2d_prefetcher_dtype_BFLOAT8_B_layout_TILE.tensorbin of shape Shape([1, 1, 1024, 1280])
2026-08-29 11:30:15.554 | DEBUG    | core:as_tensor:724 - Loaded cache for /localdev/ctr-apbernal/tt_cache/Qwen/Qwen3-32B/TG/tensor_cache_bfp8/layers.47.attention.wo_width_sharded_2d_dram_dtype_BFLOAT8_B_layout_TILE.tensorbin of shape Shape([1, 1, 1024, 1280])
2026-08-29 11:30:15.615 | DEBUG    | core:as_tensor:724 - Loaded cache for /localdev/ctr-apbernal/tt_cache/Qwen/Qwen3-32B/TG/tensor_cache_bfp8/layers.47.attention.wo_col_sharded_dram_dtype_BFLOAT8_B_layout_TILE.tensorbin of shape Shape([1, 1, 8192, 1280])
2026-08-29 11:30:15.628 | DEBUG    | core:as_tensor:724 - Loaded cache for /localdev/ctr-apbernal/tt_cache/Qwen/Qwen3-32B/TG/tensor_cache_bfp8/kvcache_torch.Size([2048, 1, 64, 128])_dtype_BFLOAT8_B_layout_TILE.tensorbin of shape Shape([2048, 1, 64, 128])
2026-08-29 11:30:15.635 | DEBUG    | core:as_tensor:724 - Loaded cache for /localdev/ctr-apbernal/tt_cache/Qwen/Qwen3-32B/TG/tensor_cache_bfp8/kvcache_torch.Size([2048, 1, 64, 128])_dtype_BFLOAT8_B_layout_TILE.tensorbin of shape Shape([2048, 1, 64, 128])
2026-08-29 11:30:15.740 | DEBUG    | core:as_tensor:724 - Loaded cache for /localdev/ctr-apbernal/tt_cache/Qwen/Qwen3-32B/TG/tensor_cache_bfp8/layers.47.feed_forward.w1_shardedprefetcher_dtype_BFLOAT16_layout_TILE.tensorbin of shape Shape([1, 1, 1280, 3200])
2026-08-29 11:30:15.826 | DEBUG    | core:as_tensor:724 - Loaded cache for /localdev/ctr-apbernal/tt_cache/Qwen/Qwen3-32B/TG/tensor_cache_bfp8/layers.47.feed_forward.w2_shardedprefetcher_dtype_BFLOAT16_layout_TILE.tensorbin of shape Shape([1, 1, 3200, 1280])
2026-08-29 11:30:15.911 | DEBUG    | core:as_tensor:724 - Loaded cache for /localdev/ctr-apbernal/tt_cache/Qwen/Qwen3-32B/TG/tensor_cache_bfp8/layers.47.feed_forward.w3_shardedprefetcher_dtype_BFLOAT16_layout_TILE.tensorbin of shape Shape([1, 1, 1280, 3200])
2026-08-29 11:30:15.975 | DEBUG    | core:as_tensor:724 - Loaded cache for /localdev/ctr-apbernal/tt_cache/Qwen/Qwen3-32B/TG/tensor_cache_bfp8/layers.47.feed_forward.w1_interleavedprefetcher_dtype_BFLOAT8_B_layout_TILE.tensorbin of shape Shape([1, 1, 1280, 3200])
2026-08-29 11:30:16.039 | DEBUG    | core:as_tensor:724 - Loaded cache for /localdev/ctr-apbernal/tt_cache/Qwen/Qwen3-32B/TG/tensor_cache_bfp8/layers.47.feed_forward.w2_interleavedprefetcher_dtype_BFLOAT8_B_layout_TILE.tensorbin of shape Shape([1, 1, 3200, 1280])
2026-08-29 11:30:16.103 | DEBUG    | core:as_tensor:724 - Loaded cache for /localdev/ctr-apbernal/tt_cache/Qwen/Qwen3-32B/TG/tensor_cache_bfp8/layers.47.feed_forward.w3_interleavedprefetcher_dtype_BFLOAT8_B_layout_TILE.tensorbin of shape Shape([1, 1, 1280, 3200])
2026-08-29 11:30:16.104 | DEBUG    | core:as_tensor:724 - Loaded cache for /localdev/ctr-apbernal/tt_cache/Qwen/Qwen3-32B/TG/tensor_cache_bfp8/layers.47.attention_norm.weight_dtype_BFLOAT16_layout_ROW_MAJOR.tensorbin of shape Shape([1, 1, 160, 32])
2026-08-29 11:30:16.105 | DEBUG    | core:as_tensor:724 - Loaded cache for /localdev/ctr-apbernal/tt_cache/Qwen/Qwen3-32B/TG/tensor_cache_bfp8/layers.47.attention_norm.weight_distributed_dtype_BFLOAT16_layout_ROW_MAJOR.tensorbin of shape Shape([1, 1, 40, 32])
2026-08-29 11:30:16.107 | DEBUG    | core:as_tensor:724 - Loaded cache for /localdev/ctr-apbernal/tt_cache/Qwen/Qwen3-32B/TG/tensor_cache_bfp8/layers.47.ffn_norm.weight_dtype_BFLOAT16_layout_ROW_MAJOR.tensorbin of shape Shape([1, 1, 160, 32])
2026-08-29 11:30:16.109 | DEBUG    | core:as_tensor:724 - Loaded cache for /localdev/ctr-apbernal/tt_cache/Qwen/Qwen3-32B/TG/tensor_cache_bfp8/layers.47.ffn_norm.weight_distributed_dtype_BFLOAT16_layout_ROW_MAJOR.tensorbin of shape Shape([1, 1, 40, 32])
 75%|███████▌  | 48/64 [00:36<00:12,  1.32it/s]2026-08-29 11:30:16.173 | DEBUG    | core:as_tensor:724 - Loaded cache for /localdev/ctr-apbernal/tt_cache/Qwen/Qwen3-32B/TG/tensor_cache_bfp8/layers.48.attention.wqkv_sharded_2d_prefetcher_dtype_BFLOAT8_B_layout_TILE.tensorbin of shape Shape([1, 1, 1280, 1280])
2026-08-29 11:30:16.221 | DEBUG    | core:as_tensor:724 - Loaded cache for /localdev/ctr-apbernal/tt_cache/Qwen/Qwen3-32B/TG/tensor_cache_bfp8/layers.48.attention.wqkv_sharded_2d_dram_dtype_BFLOAT8_B_layout_TILE.tensorbin of shape Shape([1, 1, 1280, 1280])
2026-08-29 11:30:16.266 | DEBUG    | core:as_tensor:724 - Loaded cache for /localdev/ctr-apbernal/tt_cache/Qwen/Qwen3-32B/TG/tensor_cache_bfp8/layers.48.attention.wo_width_sharded_2d_prefetcher_dtype_BFLOAT8_B_layout_TILE.tensorbin of shape Shape([1, 1, 1024, 1280])
2026-08-29 11:30:16.311 | DEBUG    | core:as_tensor:724 - Loaded cache for /localdev/ctr-apbernal/tt_cache/Qwen/Qwen3-32B/TG/tensor_cache_bfp8/layers.48.attention.wo_width_sharded_2d_dram_dtype_BFLOAT8_B_layout_TILE.tensorbin of shape Shape([1, 1, 1024, 1280])
2026-08-29 11:30:16.376 | DEBUG    | core:as_tensor:724 - Loaded cache for /localdev/ctr-apbernal/tt_cache/Qwen/Qwen3-32B/TG/tensor_cache_bfp8/layers.48.attention.wo_col_sharded_dram_dtype_BFLOAT8_B_layout_TILE.tensorbin of shape Shape([1, 1, 8192, 1280])
2026-08-29 11:30:16.389 | DEBUG    | core:as_tensor:724 - Loaded cache for /localdev/ctr-apbernal/tt_cache/Qwen/Qwen3-32B/TG/tensor_cache_bfp8/kvcache_torch.Size([2048, 1, 64, 128])_dtype_BFLOAT8_B_layout_TILE.tensorbin of shape Shape([2048, 1, 64, 128])
2026-08-29 11:30:16.396 | DEBUG    | core:as_tensor:724 - Loaded cache for /localdev/ctr-apbernal/tt_cache/Qwen/Qwen3-32B/TG/tensor_cache_bfp8/kvcache_torch.Size([2048, 1, 64, 128])_dtype_BFLOAT8_B_layout_TILE.tensorbin of shape Shape([2048, 1, 64, 128])
2026-08-29 11:30:16.496 | DEBUG    | core:as_tensor:724 - Loaded cache for /localdev/ctr-apbernal/tt_cache/Qwen/Qwen3-32B/TG/tensor_cache_bfp8/layers.48.feed_forward.w1_shardedprefetcher_dtype_BFLOAT16_layout_TILE.tensorbin of shape Shape([1, 1, 1280, 3200])
2026-08-29 11:30:16.582 | DEBUG    | core:as_tensor:724 - Loaded cache for /localdev/ctr-apbernal/tt_cache/Qwen/Qwen3-32B/TG/tensor_cache_bfp8/layers.48.feed_forward.w2_shardedprefetcher_dtype_BFLOAT16_layout_TILE.tensorbin of shape Shape([1, 1, 3200, 1280])
2026-08-29 11:30:16.667 | DEBUG    | core:as_tensor:724 - Loaded cache for /localdev/ctr-apbernal/tt_cache/Qwen/Qwen3-32B/TG/tensor_cache_bfp8/layers.48.feed_forward.w3_shardedprefetcher_dtype_BFLOAT16_layout_TILE.tensorbin of shape Shape([1, 1, 1280, 3200])
2026-08-29 11:30:16.732 | DEBUG    | core:as_tensor:724 - Loaded cache for /localdev/ctr-apbernal/tt_cache/Qwen/Qwen3-32B/TG/tensor_cache_bfp8/layers.48.feed_forward.w1_interleavedprefetcher_dtype_BFLOAT8_B_layout_TILE.tensorbin of shape Shape([1, 1, 1280, 3200])
2026-08-29 11:30:16.797 | DEBUG    | core:as_tensor:724 - Loaded cache for /localdev/ctr-apbernal/tt_cache/Qwen/Qwen3-32B/TG/tensor_cache_bfp8/layers.48.feed_forward.w2_interleavedprefetcher_dtype_BFLOAT8_B_layout_TILE.tensorbin of shape Shape([1, 1, 3200, 1280])
2026-08-29 11:30:16.862 | DEBUG    | core:as_tensor:724 - Loaded cache for /localdev/ctr-apbernal/tt_cache/Qwen/Qwen3-32B/TG/tensor_cache_bfp8/layers.48.feed_forward.w3_interleavedprefetcher_dtype_BFLOAT8_B_layout_TILE.tensorbin of shape Shape([1, 1, 1280, 3200])
2026-08-29 11:30:16.863 | DEBUG    | core:as_tensor:724 - Loaded cache for /localdev/ctr-apbernal/tt_cache/Qwen/Qwen3-32B/TG/tensor_cache_bfp8/layers.48.attention_norm.weight_dtype_BFLOAT16_layout_ROW_MAJOR.tensorbin of shape Shape([1, 1, 160, 32])
2026-08-29 11:30:16.864 | DEBUG    | core:as_tensor:724 - Loaded cache for /localdev/ctr-apbernal/tt_cache/Qwen/Qwen3-32B/TG/tensor_cache_bfp8/layers.48.attention_norm.weight_distributed_dtype_BFLOAT16_layout_ROW_MAJOR.tensorbin of shape Shape([1, 1, 40, 32])
2026-08-29 11:30:16.864 | DEBUG    | core:as_tensor:724 - Loaded cache for /localdev/ctr-apbernal/tt_cache/Qwen/Qwen3-32B/TG/tensor_cache_bfp8/layers.48.ffn_norm.weight_dtype_BFLOAT16_layout_ROW_MAJOR.tensorbin of shape Shape([1, 1, 160, 32])
2026-08-29 11:30:16.865 | DEBUG    | core:as_tensor:724 - Loaded cache for /localdev/ctr-apbernal/tt_cache/Qwen/Qwen3-32B/TG/tensor_cache_bfp8/layers.48.ffn_norm.weight_distributed_dtype_BFLOAT16_layout_ROW_MAJOR.tensorbin of shape Shape([1, 1, 40, 32])
 77%|███████▋  | 49/64 [00:37<00:11,  1.32it/s]2026-08-29 11:30:16.928 | DEBUG    | core:as_tensor:724 - Loaded cache for /localdev/ctr-apbernal/tt_cache/Qwen/Qwen3-32B/TG/tensor_cache_bfp8/layers.49.attention.wqkv_sharded_2d_prefetcher_dtype_BFLOAT8_B_layout_TILE.tensorbin of shape Shape([1, 1, 1280, 1280])
2026-08-29 11:30:16.976 | DEBUG    | core:as_tensor:724 - Loaded cache for /localdev/ctr-apbernal/tt_cache/Qwen/Qwen3-32B/TG/tensor_cache_bfp8/layers.49.attention.wqkv_sharded_2d_dram_dtype_BFLOAT8_B_layout_TILE.tensorbin of shape Shape([1, 1, 1280, 1280])
2026-08-29 11:30:17.021 | DEBUG    | core:as_tensor:724 - Loaded cache for /localdev/ctr-apbernal/tt_cache/Qwen/Qwen3-32B/TG/tensor_cache_bfp8/layers.49.attention.wo_width_sharded_2d_prefetcher_dtype_BFLOAT8_B_layout_TILE.tensorbin of shape Shape([1, 1, 1024, 1280])
2026-08-29 11:30:17.065 | DEBUG    | core:as_tensor:724 - Loaded cache for /localdev/ctr-apbernal/tt_cache/Qwen/Qwen3-32B/TG/tensor_cache_bfp8/layers.49.attention.wo_width_sharded_2d_dram_dtype_BFLOAT8_B_layout_TILE.tensorbin of shape Shape([1, 1, 1024, 1280])
2026-08-29 11:30:17.131 | DEBUG    | core:as_tensor:724 - Loaded cache for /localdev/ctr-apbernal/tt_cache/Qwen/Qwen3-32B/TG/tensor_cache_bfp8/layers.49.attention.wo_col_sharded_dram_dtype_BFLOAT8_B_layout_TILE.tensorbin of shape Shape([1, 1, 8192, 1280])
2026-08-29 11:30:17.144 | DEBUG    | core:as_tensor:724 - Loaded cache for /localdev/ctr-apbernal/tt_cache/Qwen/Qwen3-32B/TG/tensor_cache_bfp8/kvcache_torch.Size([2048, 1, 64, 128])_dtype_BFLOAT8_B_layout_TILE.tensorbin of shape Shape([2048, 1, 64, 128])
2026-08-29 11:30:17.152 | DEBUG    | core:as_tensor:724 - Loaded cache for /localdev/ctr-apbernal/tt_cache/Qwen/Qwen3-32B/TG/tensor_cache_bfp8/kvcache_torch.Size([2048, 1, 64, 128])_dtype_BFLOAT8_B_layout_TILE.tensorbin of shape Shape([2048, 1, 64, 128])
2026-08-29 11:30:17.253 | DEBUG    | core:as_tensor:724 - Loaded cache for /localdev/ctr-apbernal/tt_cache/Qwen/Qwen3-32B/TG/tensor_cache_bfp8/layers.49.feed_forward.w1_shardedprefetcher_dtype_BFLOAT16_layout_TILE.tensorbin of shape Shape([1, 1, 1280, 3200])
2026-08-29 11:30:17.339 | DEBUG    | core:as_tensor:724 - Loaded cache for /localdev/ctr-apbernal/tt_cache/Qwen/Qwen3-32B/TG/tensor_cache_bfp8/layers.49.feed_forward.w2_shardedprefetcher_dtype_BFLOAT16_layout_TILE.tensorbin of shape Shape([1, 1, 3200, 1280])
2026-08-29 11:30:17.424 | DEBUG    | core:as_tensor:724 - Loaded cache for /localdev/ctr-apbernal/tt_cache/Qwen/Qwen3-32B/TG/tensor_cache_bfp8/layers.49.feed_forward.w3_shardedprefetcher_dtype_BFLOAT16_layout_TILE.tensorbin of shape Shape([1, 1, 1280, 3200])
2026-08-29 11:30:17.487 | DEBUG    | core:as_tensor:724 - Loaded cache for /localdev/ctr-apbernal/tt_cache/Qwen/Qwen3-32B/TG/tensor_cache_bfp8/layers.49.feed_forward.w1_interleavedprefetcher_dtype_BFLOAT8_B_layout_TILE.tensorbin of shape Shape([1, 1, 1280, 3200])
2026-08-29 11:30:17.551 | DEBUG    | core:as_tensor:724 - Loaded cache for /localdev/ctr-apbernal/tt_cache/Qwen/Qwen3-32B/TG/tensor_cache_bfp8/layers.49.feed_forward.w2_interleavedprefetcher_dtype_BFLOAT8_B_layout_TILE.tensorbin of shape Shape([1, 1, 3200, 1280])
2026-08-29 11:30:17.616 | DEBUG    | core:as_tensor:724 - Loaded cache for /localdev/ctr-apbernal/tt_cache/Qwen/Qwen3-32B/TG/tensor_cache_bfp8/layers.49.feed_forward.w3_interleavedprefetcher_dtype_BFLOAT8_B_layout_TILE.tensorbin of shape Shape([1, 1, 1280, 3200])
2026-08-29 11:30:17.617 | DEBUG    | core:as_tensor:724 - Loaded cache for /localdev/ctr-apbernal/tt_cache/Qwen/Qwen3-32B/TG/tensor_cache_bfp8/layers.49.attention_norm.weight_dtype_BFLOAT16_layout_ROW_MAJOR.tensorbin of shape Shape([1, 1, 160, 32])
2026-08-29 11:30:17.617 | DEBUG    | core:as_tensor:724 - Loaded cache for /localdev/ctr-apbernal/tt_cache/Qwen/Qwen3-32B/TG/tensor_cache_bfp8/layers.49.attention_norm.weight_distributed_dtype_BFLOAT16_layout_ROW_MAJOR.tensorbin of shape Shape([1, 1, 40, 32])
2026-08-29 11:30:17.618 | DEBUG    | core:as_tensor:724 - Loaded cache for /localdev/ctr-apbernal/tt_cache/Qwen/Qwen3-32B/TG/tensor_cache_bfp8/layers.49.ffn_norm.weight_dtype_BFLOAT16_layout_ROW_MAJOR.tensorbin of shape Shape([1, 1, 160, 32])
2026-08-29 11:30:17.618 | DEBUG    | core:as_tensor:724 - Loaded cache for /localdev/ctr-apbernal/tt_cache/Qwen/Qwen3-32B/TG/tensor_cache_bfp8/layers.49.ffn_norm.weight_distributed_dtype_BFLOAT16_layout_ROW_MAJOR.tensorbin of shape Shape([1, 1, 40, 32])
 78%|███████▊  | 50/64 [00:38<00:10,  1.32it/s]2026-08-29 11:30:17.686 | DEBUG    | core:as_tensor:724 - Loaded cache for /localdev/ctr-apbernal/tt_cache/Qwen/Qwen3-32B/TG/tensor_cache_bfp8/layers.50.attention.wqkv_sharded_2d_prefetcher_dtype_BFLOAT8_B_layout_TILE.tensorbin of shape Shape([1, 1, 1280, 1280])
2026-08-29 11:30:17.733 | DEBUG    | core:as_tensor:724 - Loaded cache for /localdev/ctr-apbernal/tt_cache/Qwen/Qwen3-32B/TG/tensor_cache_bfp8/layers.50.attention.wqkv_sharded_2d_dram_dtype_BFLOAT8_B_layout_TILE.tensorbin of shape Shape([1, 1, 1280, 1280])
2026-08-29 11:30:17.779 | DEBUG    | core:as_tensor:724 - Loaded cache for /localdev/ctr-apbernal/tt_cache/Qwen/Qwen3-32B/TG/tensor_cache_bfp8/layers.50.attention.wo_width_sharded_2d_prefetcher_dtype_BFLOAT8_B_layout_TILE.tensorbin of shape Shape([1, 1, 1024, 1280])
2026-08-29 11:30:17.825 | DEBUG    | core:as_tensor:724 - Loaded cache for /localdev/ctr-apbernal/tt_cache/Qwen/Qwen3-32B/TG/tensor_cache_bfp8/layers.50.attention.wo_width_sharded_2d_dram_dtype_BFLOAT8_B_layout_TILE.tensorbin of shape Shape([1, 1, 1024, 1280])
2026-08-29 11:30:17.888 | DEBUG    | core:as_tensor:724 - Loaded cache for /localdev/ctr-apbernal/tt_cache/Qwen/Qwen3-32B/TG/tensor_cache_bfp8/layers.50.attention.wo_col_sharded_dram_dtype_BFLOAT8_B_layout_TILE.tensorbin of shape Shape([1, 1, 8192, 1280])
2026-08-29 11:30:17.901 | DEBUG    | core:as_tensor:724 - Loaded cache for /localdev/ctr-apbernal/tt_cache/Qwen/Qwen3-32B/TG/tensor_cache_bfp8/kvcache_torch.Size([2048, 1, 64, 128])_dtype_BFLOAT8_B_layout_TILE.tensorbin of shape Shape([2048, 1, 64, 128])
2026-08-29 11:30:17.909 | DEBUG    | core:as_tensor:724 - Loaded cache for /localdev/ctr-apbernal/tt_cache/Qwen/Qwen3-32B/TG/tensor_cache_bfp8/kvcache_torch.Size([2048, 1, 64, 128])_dtype_BFLOAT8_B_layout_TILE.tensorbin of shape Shape([2048, 1, 64, 128])
2026-08-29 11:30:18.011 | DEBUG    | core:as_tensor:724 - Loaded cache for /localdev/ctr-apbernal/tt_cache/Qwen/Qwen3-32B/TG/tensor_cache_bfp8/layers.50.feed_forward.w1_shardedprefetcher_dtype_BFLOAT16_layout_TILE.tensorbin of shape Shape([1, 1, 1280, 3200])
2026-08-29 11:30:18.099 | DEBUG    | core:as_tensor:724 - Loaded cache for /localdev/ctr-apbernal/tt_cache/Qwen/Qwen3-32B/TG/tensor_cache_bfp8/layers.50.feed_forward.w2_shardedprefetcher_dtype_BFLOAT16_layout_TILE.tensorbin of shape Shape([1, 1, 3200, 1280])
2026-08-29 11:30:18.186 | DEBUG    | core:as_tensor:724 - Loaded cache for /localdev/ctr-apbernal/tt_cache/Qwen/Qwen3-32B/TG/tensor_cache_bfp8/layers.50.feed_forward.w3_shardedprefetcher_dtype_BFLOAT16_layout_TILE.tensorbin of shape Shape([1, 1, 1280, 3200])
2026-08-29 11:30:18.250 | DEBUG    | core:as_tensor:724 - Loaded cache for /localdev/ctr-apbernal/tt_cache/Qwen/Qwen3-32B/TG/tensor_cache_bfp8/layers.50.feed_forward.w1_interleavedprefetcher_dtype_BFLOAT8_B_layout_TILE.tensorbin of shape Shape([1, 1, 1280, 3200])
2026-08-29 11:30:18.315 | DEBUG    | core:as_tensor:724 - Loaded cache for /localdev/ctr-apbernal/tt_cache/Qwen/Qwen3-32B/TG/tensor_cache_bfp8/layers.50.feed_forward.w2_interleavedprefetcher_dtype_BFLOAT8_B_layout_TILE.tensorbin of shape Shape([1, 1, 3200, 1280])
2026-08-29 11:30:18.380 | DEBUG    | core:as_tensor:724 - Loaded cache for /localdev/ctr-apbernal/tt_cache/Qwen/Qwen3-32B/TG/tensor_cache_bfp8/layers.50.feed_forward.w3_interleavedprefetcher_dtype_BFLOAT8_B_layout_TILE.tensorbin of shape Shape([1, 1, 1280, 3200])
2026-08-29 11:30:18.381 | DEBUG    | core:as_tensor:724 - Loaded cache for /localdev/ctr-apbernal/tt_cache/Qwen/Qwen3-32B/TG/tensor_cache_bfp8/layers.50.attention_norm.weight_dtype_BFLOAT16_layout_ROW_MAJOR.tensorbin of shape Shape([1, 1, 160, 32])
2026-08-29 11:30:18.382 | DEBUG    | core:as_tensor:724 - Loaded cache for /localdev/ctr-apbernal/tt_cache/Qwen/Qwen3-32B/TG/tensor_cache_bfp8/layers.50.attention_norm.weight_distributed_dtype_BFLOAT16_layout_ROW_MAJOR.tensorbin of shape Shape([1, 1, 40, 32])
2026-08-29 11:30:18.382 | DEBUG    | core:as_tensor:724 - Loaded cache for /localdev/ctr-apbernal/tt_cache/Qwen/Qwen3-32B/TG/tensor_cache_bfp8/layers.50.ffn_norm.weight_dtype_BFLOAT16_layout_ROW_MAJOR.tensorbin of shape Shape([1, 1, 160, 32])
2026-08-29 11:30:18.383 | DEBUG    | core:as_tensor:724 - Loaded cache for /localdev/ctr-apbernal/tt_cache/Qwen/Qwen3-32B/TG/tensor_cache_bfp8/layers.50.ffn_norm.weight_distributed_dtype_BFLOAT16_layout_ROW_MAJOR.tensorbin of shape Shape([1, 1, 40, 32])
 80%|███████▉  | 51/64 [00:39<00:09,  1.32it/s]2026-08-29 11:30:18.454 | DEBUG    | core:as_tensor:724 - Loaded cache for /localdev/ctr-apbernal/tt_cache/Qwen/Qwen3-32B/TG/tensor_cache_bfp8/layers.51.attention.wqkv_sharded_2d_prefetcher_dtype_BFLOAT8_B_layout_TILE.tensorbin of shape Shape([1, 1, 1280, 1280])
2026-08-29 11:30:18.502 | DEBUG    | core:as_tensor:724 - Loaded cache for /localdev/ctr-apbernal/tt_cache/Qwen/Qwen3-32B/TG/tensor_cache_bfp8/layers.51.attention.wqkv_sharded_2d_dram_dtype_BFLOAT8_B_layout_TILE.tensorbin of shape Shape([1, 1, 1280, 1280])
2026-08-29 11:30:18.547 | DEBUG    | core:as_tensor:724 - Loaded cache for /localdev/ctr-apbernal/tt_cache/Qwen/Qwen3-32B/TG/tensor_cache_bfp8/layers.51.attention.wo_width_sharded_2d_prefetcher_dtype_BFLOAT8_B_layout_TILE.tensorbin of shape Shape([1, 1, 1024, 1280])
2026-08-29 11:30:18.593 | DEBUG    | core:as_tensor:724 - Loaded cache for /localdev/ctr-apbernal/tt_cache/Qwen/Qwen3-32B/TG/tensor_cache_bfp8/layers.51.attention.wo_width_sharded_2d_dram_dtype_BFLOAT8_B_layout_TILE.tensorbin of shape Shape([1, 1, 1024, 1280])
2026-08-29 11:30:18.654 | DEBUG    | core:as_tensor:724 - Loaded cache for /localdev/ctr-apbernal/tt_cache/Qwen/Qwen3-32B/TG/tensor_cache_bfp8/layers.51.attention.wo_col_sharded_dram_dtype_BFLOAT8_B_layout_TILE.tensorbin of shape Shape([1, 1, 8192, 1280])
2026-08-29 11:30:18.667 | DEBUG    | core:as_tensor:724 - Loaded cache for /localdev/ctr-apbernal/tt_cache/Qwen/Qwen3-32B/TG/tensor_cache_bfp8/kvcache_torch.Size([2048, 1, 64, 128])_dtype_BFLOAT8_B_layout_TILE.tensorbin of shape Shape([2048, 1, 64, 128])
2026-08-29 11:30:18.674 | DEBUG    | core:as_tensor:724 - Loaded cache for /localdev/ctr-apbernal/tt_cache/Qwen/Qwen3-32B/TG/tensor_cache_bfp8/kvcache_torch.Size([2048, 1, 64, 128])_dtype_BFLOAT8_B_layout_TILE.tensorbin of shape Shape([2048, 1, 64, 128])
2026-08-29 11:30:18.774 | DEBUG    | core:as_tensor:724 - Loaded cache for /localdev/ctr-apbernal/tt_cache/Qwen/Qwen3-32B/TG/tensor_cache_bfp8/layers.51.feed_forward.w1_shardedprefetcher_dtype_BFLOAT16_layout_TILE.tensorbin of shape Shape([1, 1, 1280, 3200])
2026-08-29 11:30:18.860 | DEBUG    | core:as_tensor:724 - Loaded cache for /localdev/ctr-apbernal/tt_cache/Qwen/Qwen3-32B/TG/tensor_cache_bfp8/layers.51.feed_forward.w2_shardedprefetcher_dtype_BFLOAT16_layout_TILE.tensorbin of shape Shape([1, 1, 3200, 1280])
2026-08-29 11:30:18.945 | DEBUG    | core:as_tensor:724 - Loaded cache for /localdev/ctr-apbernal/tt_cache/Qwen/Qwen3-32B/TG/tensor_cache_bfp8/layers.51.feed_forward.w3_shardedprefetcher_dtype_BFLOAT16_layout_TILE.tensorbin of shape Shape([1, 1, 1280, 3200])
2026-08-29 11:30:19.011 | DEBUG    | core:as_tensor:724 - Loaded cache for /localdev/ctr-apbernal/tt_cache/Qwen/Qwen3-32B/TG/tensor_cache_bfp8/layers.51.feed_forward.w1_interleavedprefetcher_dtype_BFLOAT8_B_layout_TILE.tensorbin of shape Shape([1, 1, 1280, 3200])
2026-08-29 11:30:19.077 | DEBUG    | core:as_tensor:724 - Loaded cache for /localdev/ctr-apbernal/tt_cache/Qwen/Qwen3-32B/TG/tensor_cache_bfp8/layers.51.feed_forward.w2_interleavedprefetcher_dtype_BFLOAT8_B_layout_TILE.tensorbin of shape Shape([1, 1, 3200, 1280])
2026-08-29 11:30:19.140 | DEBUG    | core:as_tensor:724 - Loaded cache for /localdev/ctr-apbernal/tt_cache/Qwen/Qwen3-32B/TG/tensor_cache_bfp8/layers.51.feed_forward.w3_interleavedprefetcher_dtype_BFLOAT8_B_layout_TILE.tensorbin of shape Shape([1, 1, 1280, 3200])
2026-08-29 11:30:19.141 | DEBUG    | core:as_tensor:724 - Loaded cache for /localdev/ctr-apbernal/tt_cache/Qwen/Qwen3-32B/TG/tensor_cache_bfp8/layers.51.attention_norm.weight_dtype_BFLOAT16_layout_ROW_MAJOR.tensorbin of shape Shape([1, 1, 160, 32])
2026-08-29 11:30:19.141 | DEBUG    | core:as_tensor:724 - Loaded cache for /localdev/ctr-apbernal/tt_cache/Qwen/Qwen3-32B/TG/tensor_cache_bfp8/layers.51.attention_norm.weight_distributed_dtype_BFLOAT16_layout_ROW_MAJOR.tensorbin of shape Shape([1, 1, 40, 32])
2026-08-29 11:30:19.142 | DEBUG    | core:as_tensor:724 - Loaded cache for /localdev/ctr-apbernal/tt_cache/Qwen/Qwen3-32B/TG/tensor_cache_bfp8/layers.51.ffn_norm.weight_dtype_BFLOAT16_layout_ROW_MAJOR.tensorbin of shape Shape([1, 1, 160, 32])
2026-08-29 11:30:19.142 | DEBUG    | core:as_tensor:724 - Loaded cache for /localdev/ctr-apbernal/tt_cache/Qwen/Qwen3-32B/TG/tensor_cache_bfp8/layers.51.ffn_norm.weight_distributed_dtype_BFLOAT16_layout_ROW_MAJOR.tensorbin of shape Shape([1, 1, 40, 32])
 81%|████████▏ | 52/64 [00:39<00:09,  1.32it/s]2026-08-29 11:30:19.206 | DEBUG    | core:as_tensor:724 - Loaded cache for /localdev/ctr-apbernal/tt_cache/Qwen/Qwen3-32B/TG/tensor_cache_bfp8/layers.52.attention.wqkv_sharded_2d_prefetcher_dtype_BFLOAT8_B_layout_TILE.tensorbin of shape Shape([1, 1, 1280, 1280])
2026-08-29 11:30:19.254 | DEBUG    | core:as_tensor:724 - Loaded cache for /localdev/ctr-apbernal/tt_cache/Qwen/Qwen3-32B/TG/tensor_cache_bfp8/layers.52.attention.wqkv_sharded_2d_dram_dtype_BFLOAT8_B_layout_TILE.tensorbin of shape Shape([1, 1, 1280, 1280])
2026-08-29 11:30:19.300 | DEBUG    | core:as_tensor:724 - Loaded cache for /localdev/ctr-apbernal/tt_cache/Qwen/Qwen3-32B/TG/tensor_cache_bfp8/layers.52.attention.wo_width_sharded_2d_prefetcher_dtype_BFLOAT8_B_layout_TILE.tensorbin of shape Shape([1, 1, 1024, 1280])
2026-08-29 11:30:19.346 | DEBUG    | core:as_tensor:724 - Loaded cache for /localdev/ctr-apbernal/tt_cache/Qwen/Qwen3-32B/TG/tensor_cache_bfp8/layers.52.attention.wo_width_sharded_2d_dram_dtype_BFLOAT8_B_layout_TILE.tensorbin of shape Shape([1, 1, 1024, 1280])
2026-08-29 11:30:19.407 | DEBUG    | core:as_tensor:724 - Loaded cache for /localdev/ctr-apbernal/tt_cache/Qwen/Qwen3-32B/TG/tensor_cache_bfp8/layers.52.attention.wo_col_sharded_dram_dtype_BFLOAT8_B_layout_TILE.tensorbin of shape Shape([1, 1, 8192, 1280])
2026-08-29 11:30:19.422 | DEBUG    | core:as_tensor:724 - Loaded cache for /localdev/ctr-apbernal/tt_cache/Qwen/Qwen3-32B/TG/tensor_cache_bfp8/kvcache_torch.Size([2048, 1, 64, 128])_dtype_BFLOAT8_B_layout_TILE.tensorbin of shape Shape([2048, 1, 64, 128])
2026-08-29 11:30:19.429 | DEBUG    | core:as_tensor:724 - Loaded cache for /localdev/ctr-apbernal/tt_cache/Qwen/Qwen3-32B/TG/tensor_cache_bfp8/kvcache_torch.Size([2048, 1, 64, 128])_dtype_BFLOAT8_B_layout_TILE.tensorbin of shape Shape([2048, 1, 64, 128])
2026-08-29 11:30:19.529 | DEBUG    | core:as_tensor:724 - Loaded cache for /localdev/ctr-apbernal/tt_cache/Qwen/Qwen3-32B/TG/tensor_cache_bfp8/layers.52.feed_forward.w1_shardedprefetcher_dtype_BFLOAT16_layout_TILE.tensorbin of shape Shape([1, 1, 1280, 3200])
2026-08-29 11:30:19.616 | DEBUG    | core:as_tensor:724 - Loaded cache for /localdev/ctr-apbernal/tt_cache/Qwen/Qwen3-32B/TG/tensor_cache_bfp8/layers.52.feed_forward.w2_shardedprefetcher_dtype_BFLOAT16_layout_TILE.tensorbin of shape Shape([1, 1, 3200, 1280])
2026-08-29 11:30:19.704 | DEBUG    | core:as_tensor:724 - Loaded cache for /localdev/ctr-apbernal/tt_cache/Qwen/Qwen3-32B/TG/tensor_cache_bfp8/layers.52.feed_forward.w3_shardedprefetcher_dtype_BFLOAT16_layout_TILE.tensorbin of shape Shape([1, 1, 1280, 3200])
2026-08-29 11:30:19.767 | DEBUG    | core:as_tensor:724 - Loaded cache for /localdev/ctr-apbernal/tt_cache/Qwen/Qwen3-32B/TG/tensor_cache_bfp8/layers.52.feed_forward.w1_interleavedprefetcher_dtype_BFLOAT8_B_layout_TILE.tensorbin of shape Shape([1, 1, 1280, 3200])
2026-08-29 11:30:19.833 | DEBUG    | core:as_tensor:724 - Loaded cache for /localdev/ctr-apbernal/tt_cache/Qwen/Qwen3-32B/TG/tensor_cache_bfp8/layers.52.feed_forward.w2_interleavedprefetcher_dtype_BFLOAT8_B_layout_TILE.tensorbin of shape Shape([1, 1, 3200, 1280])
2026-08-29 11:30:19.897 | DEBUG    | core:as_tensor:724 - Loaded cache for /localdev/ctr-apbernal/tt_cache/Qwen/Qwen3-32B/TG/tensor_cache_bfp8/layers.52.feed_forward.w3_interleavedprefetcher_dtype_BFLOAT8_B_layout_TILE.tensorbin of shape Shape([1, 1, 1280, 3200])
2026-08-29 11:30:19.898 | DEBUG    | core:as_tensor:724 - Loaded cache for /localdev/ctr-apbernal/tt_cache/Qwen/Qwen3-32B/TG/tensor_cache_bfp8/layers.52.attention_norm.weight_dtype_BFLOAT16_layout_ROW_MAJOR.tensorbin of shape Shape([1, 1, 160, 32])
2026-08-29 11:30:19.898 | DEBUG    | core:as_tensor:724 - Loaded cache for /localdev/ctr-apbernal/tt_cache/Qwen/Qwen3-32B/TG/tensor_cache_bfp8/layers.52.attention_norm.weight_distributed_dtype_BFLOAT16_layout_ROW_MAJOR.tensorbin of shape Shape([1, 1, 40, 32])
2026-08-29 11:30:19.899 | DEBUG    | core:as_tensor:724 - Loaded cache for /localdev/ctr-apbernal/tt_cache/Qwen/Qwen3-32B/TG/tensor_cache_bfp8/layers.52.ffn_norm.weight_dtype_BFLOAT16_layout_ROW_MAJOR.tensorbin of shape Shape([1, 1, 160, 32])
2026-08-29 11:30:19.899 | DEBUG    | core:as_tensor:724 - Loaded cache for /localdev/ctr-apbernal/tt_cache/Qwen/Qwen3-32B/TG/tensor_cache_bfp8/layers.52.ffn_norm.weight_distributed_dtype_BFLOAT16_layout_ROW_MAJOR.tensorbin of shape Shape([1, 1, 40, 32])
 83%|████████▎ | 53/64 [00:40<00:08,  1.32it/s]2026-08-29 11:30:19.974 | DEBUG    | core:as_tensor:724 - Loaded cache for /localdev/ctr-apbernal/tt_cache/Qwen/Qwen3-32B/TG/tensor_cache_bfp8/layers.53.attention.wqkv_sharded_2d_prefetcher_dtype_BFLOAT8_B_layout_TILE.tensorbin of shape Shape([1, 1, 1280, 1280])
2026-08-29 11:30:20.021 | DEBUG    | core:as_tensor:724 - Loaded cache for /localdev/ctr-apbernal/tt_cache/Qwen/Qwen3-32B/TG/tensor_cache_bfp8/layers.53.attention.wqkv_sharded_2d_dram_dtype_BFLOAT8_B_layout_TILE.tensorbin of shape Shape([1, 1, 1280, 1280])
2026-08-29 11:30:20.065 | DEBUG    | core:as_tensor:724 - Loaded cache for /localdev/ctr-apbernal/tt_cache/Qwen/Qwen3-32B/TG/tensor_cache_bfp8/layers.53.attention.wo_width_sharded_2d_prefetcher_dtype_BFLOAT8_B_layout_TILE.tensorbin of shape Shape([1, 1, 1024, 1280])
2026-08-29 11:30:20.110 | DEBUG    | core:as_tensor:724 - Loaded cache for /localdev/ctr-apbernal/tt_cache/Qwen/Qwen3-32B/TG/tensor_cache_bfp8/layers.53.attention.wo_width_sharded_2d_dram_dtype_BFLOAT8_B_layout_TILE.tensorbin of shape Shape([1, 1, 1024, 1280])
2026-08-29 11:30:20.179 | DEBUG    | core:as_tensor:724 - Loaded cache for /localdev/ctr-apbernal/tt_cache/Qwen/Qwen3-32B/TG/tensor_cache_bfp8/layers.53.attention.wo_col_sharded_dram_dtype_BFLOAT8_B_layout_TILE.tensorbin of shape Shape([1, 1, 8192, 1280])
2026-08-29 11:30:20.193 | DEBUG    | core:as_tensor:724 - Loaded cache for /localdev/ctr-apbernal/tt_cache/Qwen/Qwen3-32B/TG/tensor_cache_bfp8/kvcache_torch.Size([2048, 1, 64, 128])_dtype_BFLOAT8_B_layout_TILE.tensorbin of shape Shape([2048, 1, 64, 128])
2026-08-29 11:30:20.199 | DEBUG    | core:as_tensor:724 - Loaded cache for /localdev/ctr-apbernal/tt_cache/Qwen/Qwen3-32B/TG/tensor_cache_bfp8/kvcache_torch.Size([2048, 1, 64, 128])_dtype_BFLOAT8_B_layout_TILE.tensorbin of shape Shape([2048, 1, 64, 128])
2026-08-29 11:30:20.300 | DEBUG    | core:as_tensor:724 - Loaded cache for /localdev/ctr-apbernal/tt_cache/Qwen/Qwen3-32B/TG/tensor_cache_bfp8/layers.53.feed_forward.w1_shardedprefetcher_dtype_BFLOAT16_layout_TILE.tensorbin of shape Shape([1, 1, 1280, 3200])
2026-08-29 11:30:20.386 | DEBUG    | core:as_tensor:724 - Loaded cache for /localdev/ctr-apbernal/tt_cache/Qwen/Qwen3-32B/TG/tensor_cache_bfp8/layers.53.feed_forward.w2_shardedprefetcher_dtype_BFLOAT16_layout_TILE.tensorbin of shape Shape([1, 1, 3200, 1280])
2026-08-29 11:30:20.473 | DEBUG    | core:as_tensor:724 - Loaded cache for /localdev/ctr-apbernal/tt_cache/Qwen/Qwen3-32B/TG/tensor_cache_bfp8/layers.53.feed_forward.w3_shardedprefetcher_dtype_BFLOAT16_layout_TILE.tensorbin of shape Shape([1, 1, 1280, 3200])
2026-08-29 11:30:20.537 | DEBUG    | core:as_tensor:724 - Loaded cache for /localdev/ctr-apbernal/tt_cache/Qwen/Qwen3-32B/TG/tensor_cache_bfp8/layers.53.feed_forward.w1_interleavedprefetcher_dtype_BFLOAT8_B_layout_TILE.tensorbin of shape Shape([1, 1, 1280, 3200])
2026-08-29 11:30:20.601 | DEBUG    | core:as_tensor:724 - Loaded cache for /localdev/ctr-apbernal/tt_cache/Qwen/Qwen3-32B/TG/tensor_cache_bfp8/layers.53.feed_forward.w2_interleavedprefetcher_dtype_BFLOAT8_B_layout_TILE.tensorbin of shape Shape([1, 1, 3200, 1280])
2026-08-29 11:30:20.665 | DEBUG    | core:as_tensor:724 - Loaded cache for /localdev/ctr-apbernal/tt_cache/Qwen/Qwen3-32B/TG/tensor_cache_bfp8/layers.53.feed_forward.w3_interleavedprefetcher_dtype_BFLOAT8_B_layout_TILE.tensorbin of shape Shape([1, 1, 1280, 3200])
2026-08-29 11:30:20.666 | DEBUG    | core:as_tensor:724 - Loaded cache for /localdev/ctr-apbernal/tt_cache/Qwen/Qwen3-32B/TG/tensor_cache_bfp8/layers.53.attention_norm.weight_dtype_BFLOAT16_layout_ROW_MAJOR.tensorbin of shape Shape([1, 1, 160, 32])
2026-08-29 11:30:20.667 | DEBUG    | core:as_tensor:724 - Loaded cache for /localdev/ctr-apbernal/tt_cache/Qwen/Qwen3-32B/TG/tensor_cache_bfp8/layers.53.attention_norm.weight_distributed_dtype_BFLOAT16_layout_ROW_MAJOR.tensorbin of shape Shape([1, 1, 40, 32])
2026-08-29 11:30:20.668 | DEBUG    | core:as_tensor:724 - Loaded cache for /localdev/ctr-apbernal/tt_cache/Qwen/Qwen3-32B/TG/tensor_cache_bfp8/layers.53.ffn_norm.weight_dtype_BFLOAT16_layout_ROW_MAJOR.tensorbin of shape Shape([1, 1, 160, 32])
2026-08-29 11:30:20.668 | DEBUG    | core:as_tensor:724 - Loaded cache for /localdev/ctr-apbernal/tt_cache/Qwen/Qwen3-32B/TG/tensor_cache_bfp8/layers.53.ffn_norm.weight_distributed_dtype_BFLOAT16_layout_ROW_MAJOR.tensorbin of shape Shape([1, 1, 40, 32])
 84%|████████▍ | 54/64 [00:41<00:07,  1.31it/s]2026-08-29 11:30:20.744 | DEBUG    | core:as_tensor:724 - Loaded cache for /localdev/ctr-apbernal/tt_cache/Qwen/Qwen3-32B/TG/tensor_cache_bfp8/layers.54.attention.wqkv_sharded_2d_prefetcher_dtype_BFLOAT8_B_layout_TILE.tensorbin of shape Shape([1, 1, 1280, 1280])
2026-08-29 11:30:20.791 | DEBUG    | core:as_tensor:724 - Loaded cache for /localdev/ctr-apbernal/tt_cache/Qwen/Qwen3-32B/TG/tensor_cache_bfp8/layers.54.attention.wqkv_sharded_2d_dram_dtype_BFLOAT8_B_layout_TILE.tensorbin of shape Shape([1, 1, 1280, 1280])
2026-08-29 11:30:20.836 | DEBUG    | core:as_tensor:724 - Loaded cache for /localdev/ctr-apbernal/tt_cache/Qwen/Qwen3-32B/TG/tensor_cache_bfp8/layers.54.attention.wo_width_sharded_2d_prefetcher_dtype_BFLOAT8_B_layout_TILE.tensorbin of shape Shape([1, 1, 1024, 1280])
2026-08-29 11:30:20.882 | DEBUG    | core:as_tensor:724 - Loaded cache for /localdev/ctr-apbernal/tt_cache/Qwen/Qwen3-32B/TG/tensor_cache_bfp8/layers.54.attention.wo_width_sharded_2d_dram_dtype_BFLOAT8_B_layout_TILE.tensorbin of shape Shape([1, 1, 1024, 1280])
2026-08-29 11:30:20.943 | DEBUG    | core:as_tensor:724 - Loaded cache for /localdev/ctr-apbernal/tt_cache/Qwen/Qwen3-32B/TG/tensor_cache_bfp8/layers.54.attention.wo_col_sharded_dram_dtype_BFLOAT8_B_layout_TILE.tensorbin of shape Shape([1, 1, 8192, 1280])
2026-08-29 11:30:20.956 | DEBUG    | core:as_tensor:724 - Loaded cache for /localdev/ctr-apbernal/tt_cache/Qwen/Qwen3-32B/TG/tensor_cache_bfp8/kvcache_torch.Size([2048, 1, 64, 128])_dtype_BFLOAT8_B_layout_TILE.tensorbin of shape Shape([2048, 1, 64, 128])
2026-08-29 11:30:20.964 | DEBUG    | core:as_tensor:724 - Loaded cache for /localdev/ctr-apbernal/tt_cache/Qwen/Qwen3-32B/TG/tensor_cache_bfp8/kvcache_torch.Size([2048, 1, 64, 128])_dtype_BFLOAT8_B_layout_TILE.tensorbin of shape Shape([2048, 1, 64, 128])
2026-08-29 11:30:21.065 | DEBUG    | core:as_tensor:724 - Loaded cache for /localdev/ctr-apbernal/tt_cache/Qwen/Qwen3-32B/TG/tensor_cache_bfp8/layers.54.feed_forward.w1_shardedprefetcher_dtype_BFLOAT16_layout_TILE.tensorbin of shape Shape([1, 1, 1280, 3200])
2026-08-29 11:30:21.150 | DEBUG    | core:as_tensor:724 - Loaded cache for /localdev/ctr-apbernal/tt_cache/Qwen/Qwen3-32B/TG/tensor_cache_bfp8/layers.54.feed_forward.w2_shardedprefetcher_dtype_BFLOAT16_layout_TILE.tensorbin of shape Shape([1, 1, 3200, 1280])
2026-08-29 11:30:21.236 | DEBUG    | core:as_tensor:724 - Loaded cache for /localdev/ctr-apbernal/tt_cache/Qwen/Qwen3-32B/TG/tensor_cache_bfp8/layers.54.feed_forward.w3_shardedprefetcher_dtype_BFLOAT16_layout_TILE.tensorbin of shape Shape([1, 1, 1280, 3200])
2026-08-29 11:30:21.301 | DEBUG    | core:as_tensor:724 - Loaded cache for /localdev/ctr-apbernal/tt_cache/Qwen/Qwen3-32B/TG/tensor_cache_bfp8/layers.54.feed_forward.w1_interleavedprefetcher_dtype_BFLOAT8_B_layout_TILE.tensorbin of shape Shape([1, 1, 1280, 3200])
2026-08-29 11:30:21.366 | DEBUG    | core:as_tensor:724 - Loaded cache for /localdev/ctr-apbernal/tt_cache/Qwen/Qwen3-32B/TG/tensor_cache_bfp8/layers.54.feed_forward.w2_interleavedprefetcher_dtype_BFLOAT8_B_layout_TILE.tensorbin of shape Shape([1, 1, 3200, 1280])
2026-08-29 11:30:21.431 | DEBUG    | core:as_tensor:724 - Loaded cache for /localdev/ctr-apbernal/tt_cache/Qwen/Qwen3-32B/TG/tensor_cache_bfp8/layers.54.feed_forward.w3_interleavedprefetcher_dtype_BFLOAT8_B_layout_TILE.tensorbin of shape Shape([1, 1, 1280, 3200])
2026-08-29 11:30:21.432 | DEBUG    | core:as_tensor:724 - Loaded cache for /localdev/ctr-apbernal/tt_cache/Qwen/Qwen3-32B/TG/tensor_cache_bfp8/layers.54.attention_norm.weight_dtype_BFLOAT16_layout_ROW_MAJOR.tensorbin of shape Shape([1, 1, 160, 32])
2026-08-29 11:30:21.432 | DEBUG    | core:as_tensor:724 - Loaded cache for /localdev/ctr-apbernal/tt_cache/Qwen/Qwen3-32B/TG/tensor_cache_bfp8/layers.54.attention_norm.weight_distributed_dtype_BFLOAT16_layout_ROW_MAJOR.tensorbin of shape Shape([1, 1, 40, 32])
2026-08-29 11:30:21.433 | DEBUG    | core:as_tensor:724 - Loaded cache for /localdev/ctr-apbernal/tt_cache/Qwen/Qwen3-32B/TG/tensor_cache_bfp8/layers.54.ffn_norm.weight_dtype_BFLOAT16_layout_ROW_MAJOR.tensorbin of shape Shape([1, 1, 160, 32])
2026-08-29 11:30:21.433 | DEBUG    | core:as_tensor:724 - Loaded cache for /localdev/ctr-apbernal/tt_cache/Qwen/Qwen3-32B/TG/tensor_cache_bfp8/layers.54.ffn_norm.weight_distributed_dtype_BFLOAT16_layout_ROW_MAJOR.tensorbin of shape Shape([1, 1, 40, 32])
 86%|████████▌ | 55/64 [00:42<00:06,  1.31it/s]2026-08-29 11:30:21.497 | DEBUG    | core:as_tensor:724 - Loaded cache for /localdev/ctr-apbernal/tt_cache/Qwen/Qwen3-32B/TG/tensor_cache_bfp8/layers.55.attention.wqkv_sharded_2d_prefetcher_dtype_BFLOAT8_B_layout_TILE.tensorbin of shape Shape([1, 1, 1280, 1280])
2026-08-29 11:30:21.545 | DEBUG    | core:as_tensor:724 - Loaded cache for /localdev/ctr-apbernal/tt_cache/Qwen/Qwen3-32B/TG/tensor_cache_bfp8/layers.55.attention.wqkv_sharded_2d_dram_dtype_BFLOAT8_B_layout_TILE.tensorbin of shape Shape([1, 1, 1280, 1280])
2026-08-29 11:30:21.589 | DEBUG    | core:as_tensor:724 - Loaded cache for /localdev/ctr-apbernal/tt_cache/Qwen/Qwen3-32B/TG/tensor_cache_bfp8/layers.55.attention.wo_width_sharded_2d_prefetcher_dtype_BFLOAT8_B_layout_TILE.tensorbin of shape Shape([1, 1, 1024, 1280])
2026-08-29 11:30:21.635 | DEBUG    | core:as_tensor:724 - Loaded cache for /localdev/ctr-apbernal/tt_cache/Qwen/Qwen3-32B/TG/tensor_cache_bfp8/layers.55.attention.wo_width_sharded_2d_dram_dtype_BFLOAT8_B_layout_TILE.tensorbin of shape Shape([1, 1, 1024, 1280])
2026-08-29 11:30:21.696 | DEBUG    | core:as_tensor:724 - Loaded cache for /localdev/ctr-apbernal/tt_cache/Qwen/Qwen3-32B/TG/tensor_cache_bfp8/layers.55.attention.wo_col_sharded_dram_dtype_BFLOAT8_B_layout_TILE.tensorbin of shape Shape([1, 1, 8192, 1280])
2026-08-29 11:30:21.709 | DEBUG    | core:as_tensor:724 - Loaded cache for /localdev/ctr-apbernal/tt_cache/Qwen/Qwen3-32B/TG/tensor_cache_bfp8/kvcache_torch.Size([2048, 1, 64, 128])_dtype_BFLOAT8_B_layout_TILE.tensorbin of shape Shape([2048, 1, 64, 128])
2026-08-29 11:30:21.717 | DEBUG    | core:as_tensor:724 - Loaded cache for /localdev/ctr-apbernal/tt_cache/Qwen/Qwen3-32B/TG/tensor_cache_bfp8/kvcache_torch.Size([2048, 1, 64, 128])_dtype_BFLOAT8_B_layout_TILE.tensorbin of shape Shape([2048, 1, 64, 128])
2026-08-29 11:30:21.819 | DEBUG    | core:as_tensor:724 - Loaded cache for /localdev/ctr-apbernal/tt_cache/Qwen/Qwen3-32B/TG/tensor_cache_bfp8/layers.55.feed_forward.w1_shardedprefetcher_dtype_BFLOAT16_layout_TILE.tensorbin of shape Shape([1, 1, 1280, 3200])
2026-08-29 11:30:21.903 | DEBUG    | core:as_tensor:724 - Loaded cache for /localdev/ctr-apbernal/tt_cache/Qwen/Qwen3-32B/TG/tensor_cache_bfp8/layers.55.feed_forward.w2_shardedprefetcher_dtype_BFLOAT16_layout_TILE.tensorbin of shape Shape([1, 1, 3200, 1280])
2026-08-29 11:30:21.990 | DEBUG    | core:as_tensor:724 - Loaded cache for /localdev/ctr-apbernal/tt_cache/Qwen/Qwen3-32B/TG/tensor_cache_bfp8/layers.55.feed_forward.w3_shardedprefetcher_dtype_BFLOAT16_layout_TILE.tensorbin of shape Shape([1, 1, 1280, 3200])
2026-08-29 11:30:22.054 | DEBUG    | core:as_tensor:724 - Loaded cache for /localdev/ctr-apbernal/tt_cache/Qwen/Qwen3-32B/TG/tensor_cache_bfp8/layers.55.feed_forward.w1_interleavedprefetcher_dtype_BFLOAT8_B_layout_TILE.tensorbin of shape Shape([1, 1, 1280, 3200])
2026-08-29 11:30:22.119 | DEBUG    | core:as_tensor:724 - Loaded cache for /localdev/ctr-apbernal/tt_cache/Qwen/Qwen3-32B/TG/tensor_cache_bfp8/layers.55.feed_forward.w2_interleavedprefetcher_dtype_BFLOAT8_B_layout_TILE.tensorbin of shape Shape([1, 1, 3200, 1280])
2026-08-29 11:30:22.183 | DEBUG    | core:as_tensor:724 - Loaded cache for /localdev/ctr-apbernal/tt_cache/Qwen/Qwen3-32B/TG/tensor_cache_bfp8/layers.55.feed_forward.w3_interleavedprefetcher_dtype_BFLOAT8_B_layout_TILE.tensorbin of shape Shape([1, 1, 1280, 3200])
2026-08-29 11:30:22.184 | DEBUG    | core:as_tensor:724 - Loaded cache for /localdev/ctr-apbernal/tt_cache/Qwen/Qwen3-32B/TG/tensor_cache_bfp8/layers.55.attention_norm.weight_dtype_BFLOAT16_layout_ROW_MAJOR.tensorbin of shape Shape([1, 1, 160, 32])
2026-08-29 11:30:22.184 | DEBUG    | core:as_tensor:724 - Loaded cache for /localdev/ctr-apbernal/tt_cache/Qwen/Qwen3-32B/TG/tensor_cache_bfp8/layers.55.attention_norm.weight_distributed_dtype_BFLOAT16_layout_ROW_MAJOR.tensorbin of shape Shape([1, 1, 40, 32])
2026-08-29 11:30:22.185 | DEBUG    | core:as_tensor:724 - Loaded cache for /localdev/ctr-apbernal/tt_cache/Qwen/Qwen3-32B/TG/tensor_cache_bfp8/layers.55.ffn_norm.weight_dtype_BFLOAT16_layout_ROW_MAJOR.tensorbin of shape Shape([1, 1, 160, 32])
2026-08-29 11:30:22.186 | DEBUG    | core:as_tensor:724 - Loaded cache for /localdev/ctr-apbernal/tt_cache/Qwen/Qwen3-32B/TG/tensor_cache_bfp8/layers.55.ffn_norm.weight_distributed_dtype_BFLOAT16_layout_ROW_MAJOR.tensorbin of shape Shape([1, 1, 40, 32])
 88%|████████▊ | 56/64 [00:42<00:06,  1.32it/s]2026-08-29 11:30:22.250 | DEBUG    | core:as_tensor:724 - Loaded cache for /localdev/ctr-apbernal/tt_cache/Qwen/Qwen3-32B/TG/tensor_cache_bfp8/layers.56.attention.wqkv_sharded_2d_prefetcher_dtype_BFLOAT8_B_layout_TILE.tensorbin of shape Shape([1, 1, 1280, 1280])
2026-08-29 11:30:22.298 | DEBUG    | core:as_tensor:724 - Loaded cache for /localdev/ctr-apbernal/tt_cache/Qwen/Qwen3-32B/TG/tensor_cache_bfp8/layers.56.attention.wqkv_sharded_2d_dram_dtype_BFLOAT8_B_layout_TILE.tensorbin of shape Shape([1, 1, 1280, 1280])
2026-08-29 11:30:22.343 | DEBUG    | core:as_tensor:724 - Loaded cache for /localdev/ctr-apbernal/tt_cache/Qwen/Qwen3-32B/TG/tensor_cache_bfp8/layers.56.attention.wo_width_sharded_2d_prefetcher_dtype_BFLOAT8_B_layout_TILE.tensorbin of shape Shape([1, 1, 1024, 1280])
2026-08-29 11:30:22.389 | DEBUG    | core:as_tensor:724 - Loaded cache for /localdev/ctr-apbernal/tt_cache/Qwen/Qwen3-32B/TG/tensor_cache_bfp8/layers.56.attention.wo_width_sharded_2d_dram_dtype_BFLOAT8_B_layout_TILE.tensorbin of shape Shape([1, 1, 1024, 1280])
2026-08-29 11:30:22.451 | DEBUG    | core:as_tensor:724 - Loaded cache for /localdev/ctr-apbernal/tt_cache/Qwen/Qwen3-32B/TG/tensor_cache_bfp8/layers.56.attention.wo_col_sharded_dram_dtype_BFLOAT8_B_layout_TILE.tensorbin of shape Shape([1, 1, 8192, 1280])
2026-08-29 11:30:22.465 | DEBUG    | core:as_tensor:724 - Loaded cache for /localdev/ctr-apbernal/tt_cache/Qwen/Qwen3-32B/TG/tensor_cache_bfp8/kvcache_torch.Size([2048, 1, 64, 128])_dtype_BFLOAT8_B_layout_TILE.tensorbin of shape Shape([2048, 1, 64, 128])
2026-08-29 11:30:22.472 | DEBUG    | core:as_tensor:724 - Loaded cache for /localdev/ctr-apbernal/tt_cache/Qwen/Qwen3-32B/TG/tensor_cache_bfp8/kvcache_torch.Size([2048, 1, 64, 128])_dtype_BFLOAT8_B_layout_TILE.tensorbin of shape Shape([2048, 1, 64, 128])
2026-08-29 11:30:22.573 | DEBUG    | core:as_tensor:724 - Loaded cache for /localdev/ctr-apbernal/tt_cache/Qwen/Qwen3-32B/TG/tensor_cache_bfp8/layers.56.feed_forward.w1_shardedprefetcher_dtype_BFLOAT16_layout_TILE.tensorbin of shape Shape([1, 1, 1280, 3200])
2026-08-29 11:30:22.658 | DEBUG    | core:as_tensor:724 - Loaded cache for /localdev/ctr-apbernal/tt_cache/Qwen/Qwen3-32B/TG/tensor_cache_bfp8/layers.56.feed_forward.w2_shardedprefetcher_dtype_BFLOAT16_layout_TILE.tensorbin of shape Shape([1, 1, 3200, 1280])
2026-08-29 11:30:22.745 | DEBUG    | core:as_tensor:724 - Loaded cache for /localdev/ctr-apbernal/tt_cache/Qwen/Qwen3-32B/TG/tensor_cache_bfp8/layers.56.feed_forward.w3_shardedprefetcher_dtype_BFLOAT16_layout_TILE.tensorbin of shape Shape([1, 1, 1280, 3200])
2026-08-29 11:30:22.809 | DEBUG    | core:as_tensor:724 - Loaded cache for /localdev/ctr-apbernal/tt_cache/Qwen/Qwen3-32B/TG/tensor_cache_bfp8/layers.56.feed_forward.w1_interleavedprefetcher_dtype_BFLOAT8_B_layout_TILE.tensorbin of shape Shape([1, 1, 1280, 3200])
2026-08-29 11:30:22.874 | DEBUG    | core:as_tensor:724 - Loaded cache for /localdev/ctr-apbernal/tt_cache/Qwen/Qwen3-32B/TG/tensor_cache_bfp8/layers.56.feed_forward.w2_interleavedprefetcher_dtype_BFLOAT8_B_layout_TILE.tensorbin of shape Shape([1, 1, 3200, 1280])
2026-08-29 11:30:22.937 | DEBUG    | core:as_tensor:724 - Loaded cache for /localdev/ctr-apbernal/tt_cache/Qwen/Qwen3-32B/TG/tensor_cache_bfp8/layers.56.feed_forward.w3_interleavedprefetcher_dtype_BFLOAT8_B_layout_TILE.tensorbin of shape Shape([1, 1, 1280, 3200])
2026-08-29 11:30:22.938 | DEBUG    | core:as_tensor:724 - Loaded cache for /localdev/ctr-apbernal/tt_cache/Qwen/Qwen3-32B/TG/tensor_cache_bfp8/layers.56.attention_norm.weight_dtype_BFLOAT16_layout_ROW_MAJOR.tensorbin of shape Shape([1, 1, 160, 32])
2026-08-29 11:30:22.938 | DEBUG    | core:as_tensor:724 - Loaded cache for /localdev/ctr-apbernal/tt_cache/Qwen/Qwen3-32B/TG/tensor_cache_bfp8/layers.56.attention_norm.weight_distributed_dtype_BFLOAT16_layout_ROW_MAJOR.tensorbin of shape Shape([1, 1, 40, 32])
2026-08-29 11:30:22.939 | DEBUG    | core:as_tensor:724 - Loaded cache for /localdev/ctr-apbernal/tt_cache/Qwen/Qwen3-32B/TG/tensor_cache_bfp8/layers.56.ffn_norm.weight_dtype_BFLOAT16_layout_ROW_MAJOR.tensorbin of shape Shape([1, 1, 160, 32])
2026-08-29 11:30:22.939 | DEBUG    | core:as_tensor:724 - Loaded cache for /localdev/ctr-apbernal/tt_cache/Qwen/Qwen3-32B/TG/tensor_cache_bfp8/layers.56.ffn_norm.weight_distributed_dtype_BFLOAT16_layout_ROW_MAJOR.tensorbin of shape Shape([1, 1, 40, 32])
 89%|████████▉ | 57/64 [00:43<00:05,  1.32it/s]2026-08-29 11:30:23.004 | DEBUG    | core:as_tensor:724 - Loaded cache for /localdev/ctr-apbernal/tt_cache/Qwen/Qwen3-32B/TG/tensor_cache_bfp8/layers.57.attention.wqkv_sharded_2d_prefetcher_dtype_BFLOAT8_B_layout_TILE.tensorbin of shape Shape([1, 1, 1280, 1280])
2026-08-29 11:30:23.053 | DEBUG    | core:as_tensor:724 - Loaded cache for /localdev/ctr-apbernal/tt_cache/Qwen/Qwen3-32B/TG/tensor_cache_bfp8/layers.57.attention.wqkv_sharded_2d_dram_dtype_BFLOAT8_B_layout_TILE.tensorbin of shape Shape([1, 1, 1280, 1280])
2026-08-29 11:30:23.098 | DEBUG    | core:as_tensor:724 - Loaded cache for /localdev/ctr-apbernal/tt_cache/Qwen/Qwen3-32B/TG/tensor_cache_bfp8/layers.57.attention.wo_width_sharded_2d_prefetcher_dtype_BFLOAT8_B_layout_TILE.tensorbin of shape Shape([1, 1, 1024, 1280])
2026-08-29 11:30:23.143 | DEBUG    | core:as_tensor:724 - Loaded cache for /localdev/ctr-apbernal/tt_cache/Qwen/Qwen3-32B/TG/tensor_cache_bfp8/layers.57.attention.wo_width_sharded_2d_dram_dtype_BFLOAT8_B_layout_TILE.tensorbin of shape Shape([1, 1, 1024, 1280])
2026-08-29 11:30:23.210 | DEBUG    | core:as_tensor:724 - Loaded cache for /localdev/ctr-apbernal/tt_cache/Qwen/Qwen3-32B/TG/tensor_cache_bfp8/layers.57.attention.wo_col_sharded_dram_dtype_BFLOAT8_B_layout_TILE.tensorbin of shape Shape([1, 1, 8192, 1280])
2026-08-29 11:30:23.224 | DEBUG    | core:as_tensor:724 - Loaded cache for /localdev/ctr-apbernal/tt_cache/Qwen/Qwen3-32B/TG/tensor_cache_bfp8/kvcache_torch.Size([2048, 1, 64, 128])_dtype_BFLOAT8_B_layout_TILE.tensorbin of shape Shape([2048, 1, 64, 128])
2026-08-29 11:30:23.230 | DEBUG    | core:as_tensor:724 - Loaded cache for /localdev/ctr-apbernal/tt_cache/Qwen/Qwen3-32B/TG/tensor_cache_bfp8/kvcache_torch.Size([2048, 1, 64, 128])_dtype_BFLOAT8_B_layout_TILE.tensorbin of shape Shape([2048, 1, 64, 128])
2026-08-29 11:30:23.332 | DEBUG    | core:as_tensor:724 - Loaded cache for /localdev/ctr-apbernal/tt_cache/Qwen/Qwen3-32B/TG/tensor_cache_bfp8/layers.57.feed_forward.w1_shardedprefetcher_dtype_BFLOAT16_layout_TILE.tensorbin of shape Shape([1, 1, 1280, 3200])
2026-08-29 11:30:23.418 | DEBUG    | core:as_tensor:724 - Loaded cache for /localdev/ctr-apbernal/tt_cache/Qwen/Qwen3-32B/TG/tensor_cache_bfp8/layers.57.feed_forward.w2_shardedprefetcher_dtype_BFLOAT16_layout_TILE.tensorbin of shape Shape([1, 1, 3200, 1280])
2026-08-29 11:30:23.503 | DEBUG    | core:as_tensor:724 - Loaded cache for /localdev/ctr-apbernal/tt_cache/Qwen/Qwen3-32B/TG/tensor_cache_bfp8/layers.57.feed_forward.w3_shardedprefetcher_dtype_BFLOAT16_layout_TILE.tensorbin of shape Shape([1, 1, 1280, 3200])
2026-08-29 11:30:23.567 | DEBUG    | core:as_tensor:724 - Loaded cache for /localdev/ctr-apbernal/tt_cache/Qwen/Qwen3-32B/TG/tensor_cache_bfp8/layers.57.feed_forward.w1_interleavedprefetcher_dtype_BFLOAT8_B_layout_TILE.tensorbin of shape Shape([1, 1, 1280, 3200])
2026-08-29 11:30:23.631 | DEBUG    | core:as_tensor:724 - Loaded cache for /localdev/ctr-apbernal/tt_cache/Qwen/Qwen3-32B/TG/tensor_cache_bfp8/layers.57.feed_forward.w2_interleavedprefetcher_dtype_BFLOAT8_B_layout_TILE.tensorbin of shape Shape([1, 1, 3200, 1280])
2026-08-29 11:30:23.696 | DEBUG    | core:as_tensor:724 - Loaded cache for /localdev/ctr-apbernal/tt_cache/Qwen/Qwen3-32B/TG/tensor_cache_bfp8/layers.57.feed_forward.w3_interleavedprefetcher_dtype_BFLOAT8_B_layout_TILE.tensorbin of shape Shape([1, 1, 1280, 3200])
2026-08-29 11:30:23.697 | DEBUG    | core:as_tensor:724 - Loaded cache for /localdev/ctr-apbernal/tt_cache/Qwen/Qwen3-32B/TG/tensor_cache_bfp8/layers.57.attention_norm.weight_dtype_BFLOAT16_layout_ROW_MAJOR.tensorbin of shape Shape([1, 1, 160, 32])
2026-08-29 11:30:23.698 | DEBUG    | core:as_tensor:724 - Loaded cache for /localdev/ctr-apbernal/tt_cache/Qwen/Qwen3-32B/TG/tensor_cache_bfp8/layers.57.attention_norm.weight_distributed_dtype_BFLOAT16_layout_ROW_MAJOR.tensorbin of shape Shape([1, 1, 40, 32])
2026-08-29 11:30:23.698 | DEBUG    | core:as_tensor:724 - Loaded cache for /localdev/ctr-apbernal/tt_cache/Qwen/Qwen3-32B/TG/tensor_cache_bfp8/layers.57.ffn_norm.weight_dtype_BFLOAT16_layout_ROW_MAJOR.tensorbin of shape Shape([1, 1, 160, 32])
2026-08-29 11:30:23.699 | DEBUG    | core:as_tensor:724 - Loaded cache for /localdev/ctr-apbernal/tt_cache/Qwen/Qwen3-32B/TG/tensor_cache_bfp8/layers.57.ffn_norm.weight_distributed_dtype_BFLOAT16_layout_ROW_MAJOR.tensorbin of shape Shape([1, 1, 40, 32])
 91%|█████████ | 58/64 [00:44<00:04,  1.32it/s]2026-08-29 11:30:23.762 | DEBUG    | core:as_tensor:724 - Loaded cache for /localdev/ctr-apbernal/tt_cache/Qwen/Qwen3-32B/TG/tensor_cache_bfp8/layers.58.attention.wqkv_sharded_2d_prefetcher_dtype_BFLOAT8_B_layout_TILE.tensorbin of shape Shape([1, 1, 1280, 1280])
2026-08-29 11:30:23.809 | DEBUG    | core:as_tensor:724 - Loaded cache for /localdev/ctr-apbernal/tt_cache/Qwen/Qwen3-32B/TG/tensor_cache_bfp8/layers.58.attention.wqkv_sharded_2d_dram_dtype_BFLOAT8_B_layout_TILE.tensorbin of shape Shape([1, 1, 1280, 1280])
2026-08-29 11:30:23.855 | DEBUG    | core:as_tensor:724 - Loaded cache for /localdev/ctr-apbernal/tt_cache/Qwen/Qwen3-32B/TG/tensor_cache_bfp8/layers.58.attention.wo_width_sharded_2d_prefetcher_dtype_BFLOAT8_B_layout_TILE.tensorbin of shape Shape([1, 1, 1024, 1280])
2026-08-29 11:30:23.900 | DEBUG    | core:as_tensor:724 - Loaded cache for /localdev/ctr-apbernal/tt_cache/Qwen/Qwen3-32B/TG/tensor_cache_bfp8/layers.58.attention.wo_width_sharded_2d_dram_dtype_BFLOAT8_B_layout_TILE.tensorbin of shape Shape([1, 1, 1024, 1280])
2026-08-29 11:30:23.968 | DEBUG    | core:as_tensor:724 - Loaded cache for /localdev/ctr-apbernal/tt_cache/Qwen/Qwen3-32B/TG/tensor_cache_bfp8/layers.58.attention.wo_col_sharded_dram_dtype_BFLOAT8_B_layout_TILE.tensorbin of shape Shape([1, 1, 8192, 1280])
2026-08-29 11:30:23.983 | DEBUG    | core:as_tensor:724 - Loaded cache for /localdev/ctr-apbernal/tt_cache/Qwen/Qwen3-32B/TG/tensor_cache_bfp8/kvcache_torch.Size([2048, 1, 64, 128])_dtype_BFLOAT8_B_layout_TILE.tensorbin of shape Shape([2048, 1, 64, 128])
2026-08-29 11:30:23.990 | DEBUG    | core:as_tensor:724 - Loaded cache for /localdev/ctr-apbernal/tt_cache/Qwen/Qwen3-32B/TG/tensor_cache_bfp8/kvcache_torch.Size([2048, 1, 64, 128])_dtype_BFLOAT8_B_layout_TILE.tensorbin of shape Shape([2048, 1, 64, 128])
2026-08-29 11:30:24.090 | DEBUG    | core:as_tensor:724 - Loaded cache for /localdev/ctr-apbernal/tt_cache/Qwen/Qwen3-32B/TG/tensor_cache_bfp8/layers.58.feed_forward.w1_shardedprefetcher_dtype_BFLOAT16_layout_TILE.tensorbin of shape Shape([1, 1, 1280, 3200])
2026-08-29 11:30:24.173 | DEBUG    | core:as_tensor:724 - Loaded cache for /localdev/ctr-apbernal/tt_cache/Qwen/Qwen3-32B/TG/tensor_cache_bfp8/layers.58.feed_forward.w2_shardedprefetcher_dtype_BFLOAT16_layout_TILE.tensorbin of shape Shape([1, 1, 3200, 1280])
2026-08-29 11:30:24.258 | DEBUG    | core:as_tensor:724 - Loaded cache for /localdev/ctr-apbernal/tt_cache/Qwen/Qwen3-32B/TG/tensor_cache_bfp8/layers.58.feed_forward.w3_shardedprefetcher_dtype_BFLOAT16_layout_TILE.tensorbin of shape Shape([1, 1, 1280, 3200])
2026-08-29 11:30:24.322 | DEBUG    | core:as_tensor:724 - Loaded cache for /localdev/ctr-apbernal/tt_cache/Qwen/Qwen3-32B/TG/tensor_cache_bfp8/layers.58.feed_forward.w1_interleavedprefetcher_dtype_BFLOAT8_B_layout_TILE.tensorbin of shape Shape([1, 1, 1280, 3200])
2026-08-29 11:30:24.385 | DEBUG    | core:as_tensor:724 - Loaded cache for /localdev/ctr-apbernal/tt_cache/Qwen/Qwen3-32B/TG/tensor_cache_bfp8/layers.58.feed_forward.w2_interleavedprefetcher_dtype_BFLOAT8_B_layout_TILE.tensorbin of shape Shape([1, 1, 3200, 1280])
2026-08-29 11:30:24.449 | DEBUG    | core:as_tensor:724 - Loaded cache for /localdev/ctr-apbernal/tt_cache/Qwen/Qwen3-32B/TG/tensor_cache_bfp8/layers.58.feed_forward.w3_interleavedprefetcher_dtype_BFLOAT8_B_layout_TILE.tensorbin of shape Shape([1, 1, 1280, 3200])
2026-08-29 11:30:24.450 | DEBUG    | core:as_tensor:724 - Loaded cache for /localdev/ctr-apbernal/tt_cache/Qwen/Qwen3-32B/TG/tensor_cache_bfp8/layers.58.attention_norm.weight_dtype_BFLOAT16_layout_ROW_MAJOR.tensorbin of shape Shape([1, 1, 160, 32])
2026-08-29 11:30:24.451 | DEBUG    | core:as_tensor:724 - Loaded cache for /localdev/ctr-apbernal/tt_cache/Qwen/Qwen3-32B/TG/tensor_cache_bfp8/layers.58.attention_norm.weight_distributed_dtype_BFLOAT16_layout_ROW_MAJOR.tensorbin of shape Shape([1, 1, 40, 32])
2026-08-29 11:30:24.452 | DEBUG    | core:as_tensor:724 - Loaded cache for /localdev/ctr-apbernal/tt_cache/Qwen/Qwen3-32B/TG/tensor_cache_bfp8/layers.58.ffn_norm.weight_dtype_BFLOAT16_layout_ROW_MAJOR.tensorbin of shape Shape([1, 1, 160, 32])
2026-08-29 11:30:24.452 | DEBUG    | core:as_tensor:724 - Loaded cache for /localdev/ctr-apbernal/tt_cache/Qwen/Qwen3-32B/TG/tensor_cache_bfp8/layers.58.ffn_norm.weight_distributed_dtype_BFLOAT16_layout_ROW_MAJOR.tensorbin of shape Shape([1, 1, 40, 32])
 92%|█████████▏| 59/64 [00:45<00:03,  1.32it/s]2026-08-29 11:30:24.517 | DEBUG    | core:as_tensor:724 - Loaded cache for /localdev/ctr-apbernal/tt_cache/Qwen/Qwen3-32B/TG/tensor_cache_bfp8/layers.59.attention.wqkv_sharded_2d_prefetcher_dtype_BFLOAT8_B_layout_TILE.tensorbin of shape Shape([1, 1, 1280, 1280])
2026-08-29 11:30:24.563 | DEBUG    | core:as_tensor:724 - Loaded cache for /localdev/ctr-apbernal/tt_cache/Qwen/Qwen3-32B/TG/tensor_cache_bfp8/layers.59.attention.wqkv_sharded_2d_dram_dtype_BFLOAT8_B_layout_TILE.tensorbin of shape Shape([1, 1, 1280, 1280])
2026-08-29 11:30:24.609 | DEBUG    | core:as_tensor:724 - Loaded cache for /localdev/ctr-apbernal/tt_cache/Qwen/Qwen3-32B/TG/tensor_cache_bfp8/layers.59.attention.wo_width_sharded_2d_prefetcher_dtype_BFLOAT8_B_layout_TILE.tensorbin of shape Shape([1, 1, 1024, 1280])
2026-08-29 11:30:24.654 | DEBUG    | core:as_tensor:724 - Loaded cache for /localdev/ctr-apbernal/tt_cache/Qwen/Qwen3-32B/TG/tensor_cache_bfp8/layers.59.attention.wo_width_sharded_2d_dram_dtype_BFLOAT8_B_layout_TILE.tensorbin of shape Shape([1, 1, 1024, 1280])
2026-08-29 11:30:24.721 | DEBUG    | core:as_tensor:724 - Loaded cache for /localdev/ctr-apbernal/tt_cache/Qwen/Qwen3-32B/TG/tensor_cache_bfp8/layers.59.attention.wo_col_sharded_dram_dtype_BFLOAT8_B_layout_TILE.tensorbin of shape Shape([1, 1, 8192, 1280])
2026-08-29 11:30:24.736 | DEBUG    | core:as_tensor:724 - Loaded cache for /localdev/ctr-apbernal/tt_cache/Qwen/Qwen3-32B/TG/tensor_cache_bfp8/kvcache_torch.Size([2048, 1, 64, 128])_dtype_BFLOAT8_B_layout_TILE.tensorbin of shape Shape([2048, 1, 64, 128])
2026-08-29 11:30:24.743 | DEBUG    | core:as_tensor:724 - Loaded cache for /localdev/ctr-apbernal/tt_cache/Qwen/Qwen3-32B/TG/tensor_cache_bfp8/kvcache_torch.Size([2048, 1, 64, 128])_dtype_BFLOAT8_B_layout_TILE.tensorbin of shape Shape([2048, 1, 64, 128])
2026-08-29 11:30:24.845 | DEBUG    | core:as_tensor:724 - Loaded cache for /localdev/ctr-apbernal/tt_cache/Qwen/Qwen3-32B/TG/tensor_cache_bfp8/layers.59.feed_forward.w1_shardedprefetcher_dtype_BFLOAT16_layout_TILE.tensorbin of shape Shape([1, 1, 1280, 3200])
2026-08-29 11:30:24.930 | DEBUG    | core:as_tensor:724 - Loaded cache for /localdev/ctr-apbernal/tt_cache/Qwen/Qwen3-32B/TG/tensor_cache_bfp8/layers.59.feed_forward.w2_shardedprefetcher_dtype_BFLOAT16_layout_TILE.tensorbin of shape Shape([1, 1, 3200, 1280])
2026-08-29 11:30:25.017 | DEBUG    | core:as_tensor:724 - Loaded cache for /localdev/ctr-apbernal/tt_cache/Qwen/Qwen3-32B/TG/tensor_cache_bfp8/layers.59.feed_forward.w3_shardedprefetcher_dtype_BFLOAT16_layout_TILE.tensorbin of shape Shape([1, 1, 1280, 3200])
2026-08-29 11:30:25.082 | DEBUG    | core:as_tensor:724 - Loaded cache for /localdev/ctr-apbernal/tt_cache/Qwen/Qwen3-32B/TG/tensor_cache_bfp8/layers.59.feed_forward.w1_interleavedprefetcher_dtype_BFLOAT8_B_layout_TILE.tensorbin of shape Shape([1, 1, 1280, 3200])
2026-08-29 11:30:25.146 | DEBUG    | core:as_tensor:724 - Loaded cache for /localdev/ctr-apbernal/tt_cache/Qwen/Qwen3-32B/TG/tensor_cache_bfp8/layers.59.feed_forward.w2_interleavedprefetcher_dtype_BFLOAT8_B_layout_TILE.tensorbin of shape Shape([1, 1, 3200, 1280])
2026-08-29 11:30:25.210 | DEBUG    | core:as_tensor:724 - Loaded cache for /localdev/ctr-apbernal/tt_cache/Qwen/Qwen3-32B/TG/tensor_cache_bfp8/layers.59.feed_forward.w3_interleavedprefetcher_dtype_BFLOAT8_B_layout_TILE.tensorbin of shape Shape([1, 1, 1280, 3200])
2026-08-29 11:30:25.212 | DEBUG    | core:as_tensor:724 - Loaded cache for /localdev/ctr-apbernal/tt_cache/Qwen/Qwen3-32B/TG/tensor_cache_bfp8/layers.59.attention_norm.weight_dtype_BFLOAT16_layout_ROW_MAJOR.tensorbin of shape Shape([1, 1, 160, 32])
2026-08-29 11:30:25.213 | DEBUG    | core:as_tensor:724 - Loaded cache for /localdev/ctr-apbernal/tt_cache/Qwen/Qwen3-32B/TG/tensor_cache_bfp8/layers.59.attention_norm.weight_distributed_dtype_BFLOAT16_layout_ROW_MAJOR.tensorbin of shape Shape([1, 1, 40, 32])
2026-08-29 11:30:25.213 | DEBUG    | core:as_tensor:724 - Loaded cache for /localdev/ctr-apbernal/tt_cache/Qwen/Qwen3-32B/TG/tensor_cache_bfp8/layers.59.ffn_norm.weight_dtype_BFLOAT16_layout_ROW_MAJOR.tensorbin of shape Shape([1, 1, 160, 32])
2026-08-29 11:30:25.214 | DEBUG    | core:as_tensor:724 - Loaded cache for /localdev/ctr-apbernal/tt_cache/Qwen/Qwen3-32B/TG/tensor_cache_bfp8/layers.59.ffn_norm.weight_distributed_dtype_BFLOAT16_layout_ROW_MAJOR.tensorbin of shape Shape([1, 1, 40, 32])
 94%|█████████▍| 60/64 [00:45<00:03,  1.32it/s]2026-08-29 11:30:25.284 | DEBUG    | core:as_tensor:724 - Loaded cache for /localdev/ctr-apbernal/tt_cache/Qwen/Qwen3-32B/TG/tensor_cache_bfp8/layers.60.attention.wqkv_sharded_2d_prefetcher_dtype_BFLOAT8_B_layout_TILE.tensorbin of shape Shape([1, 1, 1280, 1280])
2026-08-29 11:30:25.330 | DEBUG    | core:as_tensor:724 - Loaded cache for /localdev/ctr-apbernal/tt_cache/Qwen/Qwen3-32B/TG/tensor_cache_bfp8/layers.60.attention.wqkv_sharded_2d_dram_dtype_BFLOAT8_B_layout_TILE.tensorbin of shape Shape([1, 1, 1280, 1280])
2026-08-29 11:30:25.376 | DEBUG    | core:as_tensor:724 - Loaded cache for /localdev/ctr-apbernal/tt_cache/Qwen/Qwen3-32B/TG/tensor_cache_bfp8/layers.60.attention.wo_width_sharded_2d_prefetcher_dtype_BFLOAT8_B_layout_TILE.tensorbin of shape Shape([1, 1, 1024, 1280])
2026-08-29 11:30:25.421 | DEBUG    | core:as_tensor:724 - Loaded cache for /localdev/ctr-apbernal/tt_cache/Qwen/Qwen3-32B/TG/tensor_cache_bfp8/layers.60.attention.wo_width_sharded_2d_dram_dtype_BFLOAT8_B_layout_TILE.tensorbin of shape Shape([1, 1, 1024, 1280])
2026-08-29 11:30:25.485 | DEBUG    | core:as_tensor:724 - Loaded cache for /localdev/ctr-apbernal/tt_cache/Qwen/Qwen3-32B/TG/tensor_cache_bfp8/layers.60.attention.wo_col_sharded_dram_dtype_BFLOAT8_B_layout_TILE.tensorbin of shape Shape([1, 1, 8192, 1280])
2026-08-29 11:30:25.500 | DEBUG    | core:as_tensor:724 - Loaded cache for /localdev/ctr-apbernal/tt_cache/Qwen/Qwen3-32B/TG/tensor_cache_bfp8/kvcache_torch.Size([2048, 1, 64, 128])_dtype_BFLOAT8_B_layout_TILE.tensorbin of shape Shape([2048, 1, 64, 128])
2026-08-29 11:30:25.508 | DEBUG    | core:as_tensor:724 - Loaded cache for /localdev/ctr-apbernal/tt_cache/Qwen/Qwen3-32B/TG/tensor_cache_bfp8/kvcache_torch.Size([2048, 1, 64, 128])_dtype_BFLOAT8_B_layout_TILE.tensorbin of shape Shape([2048, 1, 64, 128])
2026-08-29 11:30:25.611 | DEBUG    | core:as_tensor:724 - Loaded cache for /localdev/ctr-apbernal/tt_cache/Qwen/Qwen3-32B/TG/tensor_cache_bfp8/layers.60.feed_forward.w1_shardedprefetcher_dtype_BFLOAT16_layout_TILE.tensorbin of shape Shape([1, 1, 1280, 3200])
2026-08-29 11:30:25.695 | DEBUG    | core:as_tensor:724 - Loaded cache for /localdev/ctr-apbernal/tt_cache/Qwen/Qwen3-32B/TG/tensor_cache_bfp8/layers.60.feed_forward.w2_shardedprefetcher_dtype_BFLOAT16_layout_TILE.tensorbin of shape Shape([1, 1, 3200, 1280])
2026-08-29 11:30:25.780 | DEBUG    | core:as_tensor:724 - Loaded cache for /localdev/ctr-apbernal/tt_cache/Qwen/Qwen3-32B/TG/tensor_cache_bfp8/layers.60.feed_forward.w3_shardedprefetcher_dtype_BFLOAT16_layout_TILE.tensorbin of shape Shape([1, 1, 1280, 3200])
2026-08-29 11:30:25.844 | DEBUG    | core:as_tensor:724 - Loaded cache for /localdev/ctr-apbernal/tt_cache/Qwen/Qwen3-32B/TG/tensor_cache_bfp8/layers.60.feed_forward.w1_interleavedprefetcher_dtype_BFLOAT8_B_layout_TILE.tensorbin of shape Shape([1, 1, 1280, 3200])
2026-08-29 11:30:25.908 | DEBUG    | core:as_tensor:724 - Loaded cache for /localdev/ctr-apbernal/tt_cache/Qwen/Qwen3-32B/TG/tensor_cache_bfp8/layers.60.feed_forward.w2_interleavedprefetcher_dtype_BFLOAT8_B_layout_TILE.tensorbin of shape Shape([1, 1, 3200, 1280])
2026-08-29 11:30:25.974 | DEBUG    | core:as_tensor:724 - Loaded cache for /localdev/ctr-apbernal/tt_cache/Qwen/Qwen3-32B/TG/tensor_cache_bfp8/layers.60.feed_forward.w3_interleavedprefetcher_dtype_BFLOAT8_B_layout_TILE.tensorbin of shape Shape([1, 1, 1280, 3200])
2026-08-29 11:30:25.975 | DEBUG    | core:as_tensor:724 - Loaded cache for /localdev/ctr-apbernal/tt_cache/Qwen/Qwen3-32B/TG/tensor_cache_bfp8/layers.60.attention_norm.weight_dtype_BFLOAT16_layout_ROW_MAJOR.tensorbin of shape Shape([1, 1, 160, 32])
2026-08-29 11:30:25.975 | DEBUG    | core:as_tensor:724 - Loaded cache for /localdev/ctr-apbernal/tt_cache/Qwen/Qwen3-32B/TG/tensor_cache_bfp8/layers.60.attention_norm.weight_distributed_dtype_BFLOAT16_layout_ROW_MAJOR.tensorbin of shape Shape([1, 1, 40, 32])
2026-08-29 11:30:25.976 | DEBUG    | core:as_tensor:724 - Loaded cache for /localdev/ctr-apbernal/tt_cache/Qwen/Qwen3-32B/TG/tensor_cache_bfp8/layers.60.ffn_norm.weight_dtype_BFLOAT16_layout_ROW_MAJOR.tensorbin of shape Shape([1, 1, 160, 32])
2026-08-29 11:30:25.976 | DEBUG    | core:as_tensor:724 - Loaded cache for /localdev/ctr-apbernal/tt_cache/Qwen/Qwen3-32B/TG/tensor_cache_bfp8/layers.60.ffn_norm.weight_distributed_dtype_BFLOAT16_layout_ROW_MAJOR.tensorbin of shape Shape([1, 1, 40, 32])
 95%|█████████▌| 61/64 [00:46<00:02,  1.32it/s]2026-08-29 11:30:26.050 | DEBUG    | core:as_tensor:724 - Loaded cache for /localdev/ctr-apbernal/tt_cache/Qwen/Qwen3-32B/TG/tensor_cache_bfp8/layers.61.attention.wqkv_sharded_2d_prefetcher_dtype_BFLOAT8_B_layout_TILE.tensorbin of shape Shape([1, 1, 1280, 1280])
2026-08-29 11:30:26.097 | DEBUG    | core:as_tensor:724 - Loaded cache for /localdev/ctr-apbernal/tt_cache/Qwen/Qwen3-32B/TG/tensor_cache_bfp8/layers.61.attention.wqkv_sharded_2d_dram_dtype_BFLOAT8_B_layout_TILE.tensorbin of shape Shape([1, 1, 1280, 1280])
2026-08-29 11:30:26.143 | DEBUG    | core:as_tensor:724 - Loaded cache for /localdev/ctr-apbernal/tt_cache/Qwen/Qwen3-32B/TG/tensor_cache_bfp8/layers.61.attention.wo_width_sharded_2d_prefetcher_dtype_BFLOAT8_B_layout_TILE.tensorbin of shape Shape([1, 1, 1024, 1280])
2026-08-29 11:30:26.188 | DEBUG    | core:as_tensor:724 - Loaded cache for /localdev/ctr-apbernal/tt_cache/Qwen/Qwen3-32B/TG/tensor_cache_bfp8/layers.61.attention.wo_width_sharded_2d_dram_dtype_BFLOAT8_B_layout_TILE.tensorbin of shape Shape([1, 1, 1024, 1280])
2026-08-29 11:30:26.251 | DEBUG    | core:as_tensor:724 - Loaded cache for /localdev/ctr-apbernal/tt_cache/Qwen/Qwen3-32B/TG/tensor_cache_bfp8/layers.61.attention.wo_col_sharded_dram_dtype_BFLOAT8_B_layout_TILE.tensorbin of shape Shape([1, 1, 8192, 1280])
2026-08-29 11:30:26.264 | DEBUG    | core:as_tensor:724 - Loaded cache for /localdev/ctr-apbernal/tt_cache/Qwen/Qwen3-32B/TG/tensor_cache_bfp8/kvcache_torch.Size([2048, 1, 64, 128])_dtype_BFLOAT8_B_layout_TILE.tensorbin of shape Shape([2048, 1, 64, 128])
2026-08-29 11:30:26.271 | DEBUG    | core:as_tensor:724 - Loaded cache for /localdev/ctr-apbernal/tt_cache/Qwen/Qwen3-32B/TG/tensor_cache_bfp8/kvcache_torch.Size([2048, 1, 64, 128])_dtype_BFLOAT8_B_layout_TILE.tensorbin of shape Shape([2048, 1, 64, 128])
2026-08-29 11:30:26.374 | DEBUG    | core:as_tensor:724 - Loaded cache for /localdev/ctr-apbernal/tt_cache/Qwen/Qwen3-32B/TG/tensor_cache_bfp8/layers.61.feed_forward.w1_shardedprefetcher_dtype_BFLOAT16_layout_TILE.tensorbin of shape Shape([1, 1, 1280, 3200])
2026-08-29 11:30:26.459 | DEBUG    | core:as_tensor:724 - Loaded cache for /localdev/ctr-apbernal/tt_cache/Qwen/Qwen3-32B/TG/tensor_cache_bfp8/layers.61.feed_forward.w2_shardedprefetcher_dtype_BFLOAT16_layout_TILE.tensorbin of shape Shape([1, 1, 3200, 1280])
2026-08-29 11:30:26.546 | DEBUG    | core:as_tensor:724 - Loaded cache for /localdev/ctr-apbernal/tt_cache/Qwen/Qwen3-32B/TG/tensor_cache_bfp8/layers.61.feed_forward.w3_shardedprefetcher_dtype_BFLOAT16_layout_TILE.tensorbin of shape Shape([1, 1, 1280, 3200])
2026-08-29 11:30:26.610 | DEBUG    | core:as_tensor:724 - Loaded cache for /localdev/ctr-apbernal/tt_cache/Qwen/Qwen3-32B/TG/tensor_cache_bfp8/layers.61.feed_forward.w1_interleavedprefetcher_dtype_BFLOAT8_B_layout_TILE.tensorbin of shape Shape([1, 1, 1280, 3200])
2026-08-29 11:30:26.675 | DEBUG    | core:as_tensor:724 - Loaded cache for /localdev/ctr-apbernal/tt_cache/Qwen/Qwen3-32B/TG/tensor_cache_bfp8/layers.61.feed_forward.w2_interleavedprefetcher_dtype_BFLOAT8_B_layout_TILE.tensorbin of shape Shape([1, 1, 3200, 1280])
2026-08-29 11:30:26.738 | DEBUG    | core:as_tensor:724 - Loaded cache for /localdev/ctr-apbernal/tt_cache/Qwen/Qwen3-32B/TG/tensor_cache_bfp8/layers.61.feed_forward.w3_interleavedprefetcher_dtype_BFLOAT8_B_layout_TILE.tensorbin of shape Shape([1, 1, 1280, 3200])
2026-08-29 11:30:26.739 | DEBUG    | core:as_tensor:724 - Loaded cache for /localdev/ctr-apbernal/tt_cache/Qwen/Qwen3-32B/TG/tensor_cache_bfp8/layers.61.attention_norm.weight_dtype_BFLOAT16_layout_ROW_MAJOR.tensorbin of shape Shape([1, 1, 160, 32])
2026-08-29 11:30:26.740 | DEBUG    | core:as_tensor:724 - Loaded cache for /localdev/ctr-apbernal/tt_cache/Qwen/Qwen3-32B/TG/tensor_cache_bfp8/layers.61.attention_norm.weight_distributed_dtype_BFLOAT16_layout_ROW_MAJOR.tensorbin of shape Shape([1, 1, 40, 32])
2026-08-29 11:30:26.741 | DEBUG    | core:as_tensor:724 - Loaded cache for /localdev/ctr-apbernal/tt_cache/Qwen/Qwen3-32B/TG/tensor_cache_bfp8/layers.61.ffn_norm.weight_dtype_BFLOAT16_layout_ROW_MAJOR.tensorbin of shape Shape([1, 1, 160, 32])
2026-08-29 11:30:26.741 | DEBUG    | core:as_tensor:724 - Loaded cache for /localdev/ctr-apbernal/tt_cache/Qwen/Qwen3-32B/TG/tensor_cache_bfp8/layers.61.ffn_norm.weight_distributed_dtype_BFLOAT16_layout_ROW_MAJOR.tensorbin of shape Shape([1, 1, 40, 32])
 97%|█████████▋| 62/64 [00:47<00:01,  1.31it/s]2026-08-29 11:30:26.805 | DEBUG    | core:as_tensor:724 - Loaded cache for /localdev/ctr-apbernal/tt_cache/Qwen/Qwen3-32B/TG/tensor_cache_bfp8/layers.62.attention.wqkv_sharded_2d_prefetcher_dtype_BFLOAT8_B_layout_TILE.tensorbin of shape Shape([1, 1, 1280, 1280])
2026-08-29 11:30:26.852 | DEBUG    | core:as_tensor:724 - Loaded cache for /localdev/ctr-apbernal/tt_cache/Qwen/Qwen3-32B/TG/tensor_cache_bfp8/layers.62.attention.wqkv_sharded_2d_dram_dtype_BFLOAT8_B_layout_TILE.tensorbin of shape Shape([1, 1, 1280, 1280])
2026-08-29 11:30:26.898 | DEBUG    | core:as_tensor:724 - Loaded cache for /localdev/ctr-apbernal/tt_cache/Qwen/Qwen3-32B/TG/tensor_cache_bfp8/layers.62.attention.wo_width_sharded_2d_prefetcher_dtype_BFLOAT8_B_layout_TILE.tensorbin of shape Shape([1, 1, 1024, 1280])
2026-08-29 11:30:26.943 | DEBUG    | core:as_tensor:724 - Loaded cache for /localdev/ctr-apbernal/tt_cache/Qwen/Qwen3-32B/TG/tensor_cache_bfp8/layers.62.attention.wo_width_sharded_2d_dram_dtype_BFLOAT8_B_layout_TILE.tensorbin of shape Shape([1, 1, 1024, 1280])
2026-08-29 11:30:27.010 | DEBUG    | core:as_tensor:724 - Loaded cache for /localdev/ctr-apbernal/tt_cache/Qwen/Qwen3-32B/TG/tensor_cache_bfp8/layers.62.attention.wo_col_sharded_dram_dtype_BFLOAT8_B_layout_TILE.tensorbin of shape Shape([1, 1, 8192, 1280])
2026-08-29 11:30:27.026 | DEBUG    | core:as_tensor:724 - Loaded cache for /localdev/ctr-apbernal/tt_cache/Qwen/Qwen3-32B/TG/tensor_cache_bfp8/kvcache_torch.Size([2048, 1, 64, 128])_dtype_BFLOAT8_B_layout_TILE.tensorbin of shape Shape([2048, 1, 64, 128])
2026-08-29 11:30:27.033 | DEBUG    | core:as_tensor:724 - Loaded cache for /localdev/ctr-apbernal/tt_cache/Qwen/Qwen3-32B/TG/tensor_cache_bfp8/kvcache_torch.Size([2048, 1, 64, 128])_dtype_BFLOAT8_B_layout_TILE.tensorbin of shape Shape([2048, 1, 64, 128])
2026-08-29 11:30:27.135 | DEBUG    | core:as_tensor:724 - Loaded cache for /localdev/ctr-apbernal/tt_cache/Qwen/Qwen3-32B/TG/tensor_cache_bfp8/layers.62.feed_forward.w1_shardedprefetcher_dtype_BFLOAT16_layout_TILE.tensorbin of shape Shape([1, 1, 1280, 3200])
2026-08-29 11:30:27.221 | DEBUG    | core:as_tensor:724 - Loaded cache for /localdev/ctr-apbernal/tt_cache/Qwen/Qwen3-32B/TG/tensor_cache_bfp8/layers.62.feed_forward.w2_shardedprefetcher_dtype_BFLOAT16_layout_TILE.tensorbin of shape Shape([1, 1, 3200, 1280])
2026-08-29 11:30:27.308 | DEBUG    | core:as_tensor:724 - Loaded cache for /localdev/ctr-apbernal/tt_cache/Qwen/Qwen3-32B/TG/tensor_cache_bfp8/layers.62.feed_forward.w3_shardedprefetcher_dtype_BFLOAT16_layout_TILE.tensorbin of shape Shape([1, 1, 1280, 3200])
2026-08-29 11:30:27.373 | DEBUG    | core:as_tensor:724 - Loaded cache for /localdev/ctr-apbernal/tt_cache/Qwen/Qwen3-32B/TG/tensor_cache_bfp8/layers.62.feed_forward.w1_interleavedprefetcher_dtype_BFLOAT8_B_layout_TILE.tensorbin of shape Shape([1, 1, 1280, 3200])
2026-08-29 11:30:27.437 | DEBUG    | core:as_tensor:724 - Loaded cache for /localdev/ctr-apbernal/tt_cache/Qwen/Qwen3-32B/TG/tensor_cache_bfp8/layers.62.feed_forward.w2_interleavedprefetcher_dtype_BFLOAT8_B_layout_TILE.tensorbin of shape Shape([1, 1, 3200, 1280])
2026-08-29 11:30:27.501 | DEBUG    | core:as_tensor:724 - Loaded cache for /localdev/ctr-apbernal/tt_cache/Qwen/Qwen3-32B/TG/tensor_cache_bfp8/layers.62.feed_forward.w3_interleavedprefetcher_dtype_BFLOAT8_B_layout_TILE.tensorbin of shape Shape([1, 1, 1280, 3200])
2026-08-29 11:30:27.502 | DEBUG    | core:as_tensor:724 - Loaded cache for /localdev/ctr-apbernal/tt_cache/Qwen/Qwen3-32B/TG/tensor_cache_bfp8/layers.62.attention_norm.weight_dtype_BFLOAT16_layout_ROW_MAJOR.tensorbin of shape Shape([1, 1, 160, 32])
2026-08-29 11:30:27.503 | DEBUG    | core:as_tensor:724 - Loaded cache for /localdev/ctr-apbernal/tt_cache/Qwen/Qwen3-32B/TG/tensor_cache_bfp8/layers.62.attention_norm.weight_distributed_dtype_BFLOAT16_layout_ROW_MAJOR.tensorbin of shape Shape([1, 1, 40, 32])
2026-08-29 11:30:27.503 | DEBUG    | core:as_tensor:724 - Loaded cache for /localdev/ctr-apbernal/tt_cache/Qwen/Qwen3-32B/TG/tensor_cache_bfp8/layers.62.ffn_norm.weight_dtype_BFLOAT16_layout_ROW_MAJOR.tensorbin of shape Shape([1, 1, 160, 32])
2026-08-29 11:30:27.504 | DEBUG    | core:as_tensor:724 - Loaded cache for /localdev/ctr-apbernal/tt_cache/Qwen/Qwen3-32B/TG/tensor_cache_bfp8/layers.62.ffn_norm.weight_distributed_dtype_BFLOAT16_layout_ROW_MAJOR.tensorbin of shape Shape([1, 1, 40, 32])
 98%|█████████▊| 63/64 [00:48<00:00,  1.31it/s]2026-08-29 11:30:27.571 | DEBUG    | core:as_tensor:724 - Loaded cache for /localdev/ctr-apbernal/tt_cache/Qwen/Qwen3-32B/TG/tensor_cache_bfp8/layers.63.attention.wqkv_sharded_2d_prefetcher_dtype_BFLOAT8_B_layout_TILE.tensorbin of shape Shape([1, 1, 1280, 1280])
2026-08-29 11:30:27.618 | DEBUG    | core:as_tensor:724 - Loaded cache for /localdev/ctr-apbernal/tt_cache/Qwen/Qwen3-32B/TG/tensor_cache_bfp8/layers.63.attention.wqkv_sharded_2d_dram_dtype_BFLOAT8_B_layout_TILE.tensorbin of shape Shape([1, 1, 1280, 1280])
2026-08-29 11:30:27.664 | DEBUG    | core:as_tensor:724 - Loaded cache for /localdev/ctr-apbernal/tt_cache/Qwen/Qwen3-32B/TG/tensor_cache_bfp8/layers.63.attention.wo_width_sharded_2d_prefetcher_dtype_BFLOAT8_B_layout_TILE.tensorbin of shape Shape([1, 1, 1024, 1280])
2026-08-29 11:30:27.709 | DEBUG    | core:as_tensor:724 - Loaded cache for /localdev/ctr-apbernal/tt_cache/Qwen/Qwen3-32B/TG/tensor_cache_bfp8/layers.63.attention.wo_width_sharded_2d_dram_dtype_BFLOAT8_B_layout_TILE.tensorbin of shape Shape([1, 1, 1024, 1280])
2026-08-29 11:30:27.771 | DEBUG    | core:as_tensor:724 - Loaded cache for /localdev/ctr-apbernal/tt_cache/Qwen/Qwen3-32B/TG/tensor_cache_bfp8/layers.63.attention.wo_col_sharded_dram_dtype_BFLOAT8_B_layout_TILE.tensorbin of shape Shape([1, 1, 8192, 1280])
2026-08-29 11:30:27.784 | DEBUG    | core:as_tensor:724 - Loaded cache for /localdev/ctr-apbernal/tt_cache/Qwen/Qwen3-32B/TG/tensor_cache_bfp8/kvcache_torch.Size([2048, 1, 64, 128])_dtype_BFLOAT8_B_layout_TILE.tensorbin of shape Shape([2048, 1, 64, 128])
2026-08-29 11:30:27.792 | DEBUG    | core:as_tensor:724 - Loaded cache for /localdev/ctr-apbernal/tt_cache/Qwen/Qwen3-32B/TG/tensor_cache_bfp8/kvcache_torch.Size([2048, 1, 64, 128])_dtype_BFLOAT8_B_layout_TILE.tensorbin of shape Shape([2048, 1, 64, 128])
2026-08-29 11:30:27.897 | DEBUG    | core:as_tensor:724 - Loaded cache for /localdev/ctr-apbernal/tt_cache/Qwen/Qwen3-32B/TG/tensor_cache_bfp8/layers.63.feed_forward.w1_shardedprefetcher_dtype_BFLOAT16_layout_TILE.tensorbin of shape Shape([1, 1, 1280, 3200])
2026-08-29 11:30:27.982 | DEBUG    | core:as_tensor:724 - Loaded cache for /localdev/ctr-apbernal/tt_cache/Qwen/Qwen3-32B/TG/tensor_cache_bfp8/layers.63.feed_forward.w2_shardedprefetcher_dtype_BFLOAT16_layout_TILE.tensorbin of shape Shape([1, 1, 3200, 1280])
2026-08-29 11:30:28.069 | DEBUG    | core:as_tensor:724 - Loaded cache for /localdev/ctr-apbernal/tt_cache/Qwen/Qwen3-32B/TG/tensor_cache_bfp8/layers.63.feed_forward.w3_shardedprefetcher_dtype_BFLOAT16_layout_TILE.tensorbin of shape Shape([1, 1, 1280, 3200])
2026-08-29 11:30:28.134 | DEBUG    | core:as_tensor:724 - Loaded cache for /localdev/ctr-apbernal/tt_cache/Qwen/Qwen3-32B/TG/tensor_cache_bfp8/layers.63.feed_forward.w1_interleavedprefetcher_dtype_BFLOAT8_B_layout_TILE.tensorbin of shape Shape([1, 1, 1280, 3200])
2026-08-29 11:30:28.198 | DEBUG    | core:as_tensor:724 - Loaded cache for /localdev/ctr-apbernal/tt_cache/Qwen/Qwen3-32B/TG/tensor_cache_bfp8/layers.63.feed_forward.w2_interleavedprefetcher_dtype_BFLOAT8_B_layout_TILE.tensorbin of shape Shape([1, 1, 3200, 1280])
2026-08-29 11:30:28.263 | DEBUG    | core:as_tensor:724 - Loaded cache for /localdev/ctr-apbernal/tt_cache/Qwen/Qwen3-32B/TG/tensor_cache_bfp8/layers.63.feed_forward.w3_interleavedprefetcher_dtype_BFLOAT8_B_layout_TILE.tensorbin of shape Shape([1, 1, 1280, 3200])
2026-08-29 11:30:28.264 | DEBUG    | core:as_tensor:724 - Loaded cache for /localdev/ctr-apbernal/tt_cache/Qwen/Qwen3-32B/TG/tensor_cache_bfp8/layers.63.attention_norm.weight_dtype_BFLOAT16_layout_ROW_MAJOR.tensorbin of shape Shape([1, 1, 160, 32])
2026-08-29 11:30:28.264 | DEBUG    | core:as_tensor:724 - Loaded cache for /localdev/ctr-apbernal/tt_cache/Qwen/Qwen3-32B/TG/tensor_cache_bfp8/layers.63.attention_norm.weight_distributed_dtype_BFLOAT16_layout_ROW_MAJOR.tensorbin of shape Shape([1, 1, 40, 32])
2026-08-29 11:30:28.265 | DEBUG    | core:as_tensor:724 - Loaded cache for /localdev/ctr-apbernal/tt_cache/Qwen/Qwen3-32B/TG/tensor_cache_bfp8/layers.63.ffn_norm.weight_dtype_BFLOAT16_layout_ROW_MAJOR.tensorbin of shape Shape([1, 1, 160, 32])
2026-08-29 11:30:28.265 | DEBUG    | core:as_tensor:724 - Loaded cache for /localdev/ctr-apbernal/tt_cache/Qwen/Qwen3-32B/TG/tensor_cache_bfp8/layers.63.ffn_norm.weight_distributed_dtype_BFLOAT16_layout_ROW_MAJOR.tensorbin of shape Shape([1, 1, 40, 32])
100%|██████████| 64/64 [00:48<00:00,  1.31it/s]100%|██████████| 64/64 [00:48<00:00,  1.31it/s]
2026-08-29 11:30:28.266 | DEBUG    | core:as_tensor:724 - Loaded cache for /localdev/ctr-apbernal/tt_cache/Qwen/Qwen3-32B/TG/tensor_cache_bfp8/norm.weight_dtype_BFLOAT16_layout_ROW_MAJOR.tensorbin of shape Shape([1, 1, 160, 32])
2026-08-29 11:30:28.266 | DEBUG    | core:as_tensor:724 - Loaded cache for /localdev/ctr-apbernal/tt_cache/Qwen/Qwen3-32B/TG/tensor_cache_bfp8/norm.weight_distributed_dtype_BFLOAT16_layout_ROW_MAJOR.tensorbin of shape Shape([1, 1, 40, 32])
2026-08-29 11:30:29.577 | DEBUG    | core:as_tensor:724 - Loaded cache for /localdev/ctr-apbernal/tt_cache/Qwen/Qwen3-32B/TG/tensor_cache_bfp8/output_lm_head_1_split_shard_0_dram_width_sharded_decode_dtype_BFLOAT8_B_layout_TILE.tensorbin of shape Shape([1, 1, 1280, 19456])
2026-08-29 11:30:29.754 | DEBUG    | core:as_tensor:724 - Loaded cache for /localdev/ctr-apbernal/tt_cache/Qwen/Qwen3-32B/TG/tensor_cache_bfp8/output_lm_head_1_split_shard_0_dram_prefill_dtype_BFLOAT8_B_layout_TILE.tensorbin of shape Shape([1, 1, 1280, 19456])
2026-08-29 11:30:29.934 | INFO     | models.demos.llama3_70b_galaxy.tt.prefetcher_common:__init__:33 - Running TtLlamaPrefetcherSetup
2026-08-29 11:30:29.962 | DEBUG    | core:as_tensor:724 - Loaded cache for /localdev/ctr-apbernal/tt_cache/Qwen/Qwen3-32B/TG/tensor_cache_bfp8/pb_rs_01_QKV_0_4096_dtype_BFLOAT8_B_layout_TILE.tensorbin of shape Shape([1, 1, 4096, 1280])
2026-08-29 11:30:29.966 | DEBUG    | core:as_tensor:724 - Loaded cache for /localdev/ctr-apbernal/tt_cache/Qwen/Qwen3-32B/TG/tensor_cache_bfp8/pb_rs_00_QKV_0_4096_dtype_BFLOAT8_B_layout_TILE.tensorbin of shape Shape([1, 1, 4096, 320])
2026-08-29 11:30:29.978 | DEBUG    | core:as_tensor:724 - Loaded cache for /localdev/ctr-apbernal/tt_cache/Qwen/Qwen3-32B/TG/tensor_cache_bfp8/pb_rs_01_FF1_0_4096_dtype_BFLOAT8_B_layout_TILE.tensorbin of shape Shape([1, 1, 4096, 3200])
2026-08-29 11:30:29.987 | DEBUG    | core:as_tensor:724 - Loaded cache for /localdev/ctr-apbernal/tt_cache/Qwen/Qwen3-32B/TG/tensor_cache_bfp8/pb_rs_00_FF1_0_4096_dtype_BFLOAT8_B_layout_TILE.tensorbin of shape Shape([1, 1, 4096, 800])
2026-08-29 11:30:30.000 | DEBUG    | core:as_tensor:724 - Loaded cache for /localdev/ctr-apbernal/tt_cache/Qwen/Qwen3-32B/TG/tensor_cache_bfp8/pb_rs_01_FF3_0_4096_dtype_BFLOAT8_B_layout_TILE.tensorbin of shape Shape([1, 1, 4096, 3200])
2026-08-29 11:30:30.007 | DEBUG    | core:as_tensor:724 - Loaded cache for /localdev/ctr-apbernal/tt_cache/Qwen/Qwen3-32B/TG/tensor_cache_bfp8/pb_rs_00_FF3_0_4096_dtype_BFLOAT8_B_layout_TILE.tensorbin of shape Shape([1, 1, 4096, 800])
2026-08-29 11:30:30.015 | DEBUG    | core:as_tensor:724 - Loaded cache for /localdev/ctr-apbernal/tt_cache/Qwen/Qwen3-32B/TG/tensor_cache_bfp8/pb_rs_01_FF2_0_4096_dtype_BFLOAT8_B_layout_TILE.tensorbin of shape Shape([1, 1, 4096, 1280])
2026-08-29 11:30:30.019 | DEBUG    | core:as_tensor:724 - Loaded cache for /localdev/ctr-apbernal/tt_cache/Qwen/Qwen3-32B/TG/tensor_cache_bfp8/pb_rs_00_FF2_0_4096_dtype_BFLOAT8_B_layout_TILE.tensorbin of shape Shape([1, 1, 4096, 160])
2026-08-29 11:30:30.023 | DEBUG    | core:as_tensor:724 - Loaded cache for /localdev/ctr-apbernal/tt_cache/Qwen/Qwen3-32B/TG/tensor_cache_bfp8/pb_rs_01_ATTN_REPLICATE_0_4096_dtype_BFLOAT8_B_layout_TILE.tensorbin of shape Shape([1, 1, 4096, 128])
2026-08-29 11:30:30.026 | DEBUG    | core:as_tensor:724 - Loaded cache for /localdev/ctr-apbernal/tt_cache/Qwen/Qwen3-32B/TG/tensor_cache_bfp8/pb_rs_00_ATTN_REPLICATE_0_4096_dtype_BFLOAT8_B_layout_TILE.tensorbin of shape Shape([1, 1, 4096, 32])
2026-08-29 11:30:30.032 | DEBUG    | core:as_tensor:724 - Loaded cache for /localdev/ctr-apbernal/tt_cache/Qwen/Qwen3-32B/TG/tensor_cache_bfp8/pb_rs_01_QKV_batched_0_4096_dtype_BFLOAT8_B_layout_TILE.tensorbin of shape Shape([1, 32, 128, 1280])
2026-08-29 11:30:30.036 | DEBUG    | core:as_tensor:724 - Loaded cache for /localdev/ctr-apbernal/tt_cache/Qwen/Qwen3-32B/TG/tensor_cache_bfp8/pb_rs_00_QKV_batched_0_4096_dtype_BFLOAT8_B_layout_TILE.tensorbin of shape Shape([1, 32, 128, 320])
2026-08-29 11:30:30.048 | DEBUG    | core:as_tensor:724 - Loaded cache for /localdev/ctr-apbernal/tt_cache/Qwen/Qwen3-32B/TG/tensor_cache_bfp8/pb_rs_01_FF1_batched_0_4096_dtype_BFLOAT8_B_layout_TILE.tensorbin of shape Shape([1, 32, 128, 3200])
2026-08-29 11:30:30.055 | DEBUG    | core:as_tensor:724 - Loaded cache for /localdev/ctr-apbernal/tt_cache/Qwen/Qwen3-32B/TG/tensor_cache_bfp8/pb_rs_00_FF1_batched_0_4096_dtype_BFLOAT8_B_layout_TILE.tensorbin of shape Shape([1, 32, 128, 800])
2026-08-29 11:30:30.067 | DEBUG    | core:as_tensor:724 - Loaded cache for /localdev/ctr-apbernal/tt_cache/Qwen/Qwen3-32B/TG/tensor_cache_bfp8/pb_rs_01_FF3_batched_0_4096_dtype_BFLOAT8_B_layout_TILE.tensorbin of shape Shape([1, 32, 128, 3200])
2026-08-29 11:30:30.075 | DEBUG    | core:as_tensor:724 - Loaded cache for /localdev/ctr-apbernal/tt_cache/Qwen/Qwen3-32B/TG/tensor_cache_bfp8/pb_rs_00_FF3_batched_0_4096_dtype_BFLOAT8_B_layout_TILE.tensorbin of shape Shape([1, 32, 128, 800])
2026-08-29 11:30:30.081 | DEBUG    | core:as_tensor:724 - Loaded cache for /localdev/ctr-apbernal/tt_cache/Qwen/Qwen3-32B/TG/tensor_cache_bfp8/pb_rs_01_FF2_batched_0_4096_dtype_BFLOAT8_B_layout_TILE.tensorbin of shape Shape([1, 32, 128, 1280])
2026-08-29 11:30:30.085 | DEBUG    | core:as_tensor:724 - Loaded cache for /localdev/ctr-apbernal/tt_cache/Qwen/Qwen3-32B/TG/tensor_cache_bfp8/pb_rs_00_FF2_batched_0_4096_dtype_BFLOAT8_B_layout_TILE.tensorbin of shape Shape([1, 32, 128, 160])
2026-08-29 11:30:30.089 | DEBUG    | core:as_tensor:724 - Loaded cache for /localdev/ctr-apbernal/tt_cache/Qwen/Qwen3-32B/TG/tensor_cache_bfp8/pb_rs_01_QKV_0_2048_dtype_BFLOAT8_B_layout_TILE.tensorbin of shape Shape([1, 1, 2048, 1280])
2026-08-29 11:30:30.090 | DEBUG    | core:as_tensor:724 - Loaded cache for /localdev/ctr-apbernal/tt_cache/Qwen/Qwen3-32B/TG/tensor_cache_bfp8/pb_rs_00_QKV_0_2048_dtype_BFLOAT8_B_layout_TILE.tensorbin of shape Shape([1, 1, 2048, 320])
2026-08-29 11:30:30.098 | DEBUG    | core:as_tensor:724 - Loaded cache for /localdev/ctr-apbernal/tt_cache/Qwen/Qwen3-32B/TG/tensor_cache_bfp8/pb_rs_01_FF1_0_2048_dtype_BFLOAT8_B_layout_TILE.tensorbin of shape Shape([1, 1, 2048, 3200])
2026-08-29 11:30:30.104 | DEBUG    | core:as_tensor:724 - Loaded cache for /localdev/ctr-apbernal/tt_cache/Qwen/Qwen3-32B/TG/tensor_cache_bfp8/pb_rs_00_FF1_0_2048_dtype_BFLOAT8_B_layout_TILE.tensorbin of shape Shape([1, 1, 2048, 800])
2026-08-29 11:30:30.112 | DEBUG    | core:as_tensor:724 - Loaded cache for /localdev/ctr-apbernal/tt_cache/Qwen/Qwen3-32B/TG/tensor_cache_bfp8/pb_rs_01_FF3_0_2048_dtype_BFLOAT8_B_layout_TILE.tensorbin of shape Shape([1, 1, 2048, 3200])
2026-08-29 11:30:30.116 | DEBUG    | core:as_tensor:724 - Loaded cache for /localdev/ctr-apbernal/tt_cache/Qwen/Qwen3-32B/TG/tensor_cache_bfp8/pb_rs_00_FF3_0_2048_dtype_BFLOAT8_B_layout_TILE.tensorbin of shape Shape([1, 1, 2048, 800])
2026-08-29 11:30:30.121 | DEBUG    | core:as_tensor:724 - Loaded cache for /localdev/ctr-apbernal/tt_cache/Qwen/Qwen3-32B/TG/tensor_cache_bfp8/pb_rs_01_FF2_0_2048_dtype_BFLOAT8_B_layout_TILE.tensorbin of shape Shape([1, 1, 2048, 1280])
2026-08-29 11:30:30.125 | DEBUG    | core:as_tensor:724 - Loaded cache for /localdev/ctr-apbernal/tt_cache/Qwen/Qwen3-32B/TG/tensor_cache_bfp8/pb_rs_00_FF2_0_2048_dtype_BFLOAT8_B_layout_TILE.tensorbin of shape Shape([1, 1, 2048, 160])
2026-08-29 11:30:30.126 | DEBUG    | core:as_tensor:724 - Loaded cache for /localdev/ctr-apbernal/tt_cache/Qwen/Qwen3-32B/TG/tensor_cache_bfp8/pb_rs_01_ATTN_REPLICATE_0_2048_dtype_BFLOAT8_B_layout_TILE.tensorbin of shape Shape([1, 1, 2048, 128])
2026-08-29 11:30:30.126 | DEBUG    | core:as_tensor:724 - Loaded cache for /localdev/ctr-apbernal/tt_cache/Qwen/Qwen3-32B/TG/tensor_cache_bfp8/pb_rs_00_ATTN_REPLICATE_0_2048_dtype_BFLOAT8_B_layout_TILE.tensorbin of shape Shape([1, 1, 2048, 32])
2026-08-29 11:30:30.131 | DEBUG    | core:as_tensor:724 - Loaded cache for /localdev/ctr-apbernal/tt_cache/Qwen/Qwen3-32B/TG/tensor_cache_bfp8/pb_rs_01_QKV_batched_0_2048_dtype_BFLOAT8_B_layout_TILE.tensorbin of shape Shape([1, 32, 64, 1280])
2026-08-29 11:30:30.136 | DEBUG    | core:as_tensor:724 - Loaded cache for /localdev/ctr-apbernal/tt_cache/Qwen/Qwen3-32B/TG/tensor_cache_bfp8/pb_rs_00_QKV_batched_0_2048_dtype_BFLOAT8_B_layout_TILE.tensorbin of shape Shape([1, 32, 64, 320])
2026-08-29 11:30:30.144 | DEBUG    | core:as_tensor:724 - Loaded cache for /localdev/ctr-apbernal/tt_cache/Qwen/Qwen3-32B/TG/tensor_cache_bfp8/pb_rs_01_FF1_batched_0_2048_dtype_BFLOAT8_B_layout_TILE.tensorbin of shape Shape([1, 32, 64, 3200])
2026-08-29 11:30:30.149 | DEBUG    | core:as_tensor:724 - Loaded cache for /localdev/ctr-apbernal/tt_cache/Qwen/Qwen3-32B/TG/tensor_cache_bfp8/pb_rs_00_FF1_batched_0_2048_dtype_BFLOAT8_B_layout_TILE.tensorbin of shape Shape([1, 32, 64, 800])
2026-08-29 11:30:30.157 | DEBUG    | core:as_tensor:724 - Loaded cache for /localdev/ctr-apbernal/tt_cache/Qwen/Qwen3-32B/TG/tensor_cache_bfp8/pb_rs_01_FF3_batched_0_2048_dtype_BFLOAT8_B_layout_TILE.tensorbin of shape Shape([1, 32, 64, 3200])
2026-08-29 11:30:30.161 | DEBUG    | core:as_tensor:724 - Loaded cache for /localdev/ctr-apbernal/tt_cache/Qwen/Qwen3-32B/TG/tensor_cache_bfp8/pb_rs_00_FF3_batched_0_2048_dtype_BFLOAT8_B_layout_TILE.tensorbin of shape Shape([1, 32, 64, 800])
2026-08-29 11:30:30.165 | DEBUG    | core:as_tensor:724 - Loaded cache for /localdev/ctr-apbernal/tt_cache/Qwen/Qwen3-32B/TG/tensor_cache_bfp8/pb_rs_01_FF2_batched_0_2048_dtype_BFLOAT8_B_layout_TILE.tensorbin of shape Shape([1, 32, 64, 1280])
2026-08-29 11:30:30.168 | DEBUG    | core:as_tensor:724 - Loaded cache for /localdev/ctr-apbernal/tt_cache/Qwen/Qwen3-32B/TG/tensor_cache_bfp8/pb_rs_00_FF2_batched_0_2048_dtype_BFLOAT8_B_layout_TILE.tensorbin of shape Shape([1, 32, 64, 160])
2026-08-29 11:30:30.170 | DEBUG    | core:as_tensor:724 - Loaded cache for /localdev/ctr-apbernal/tt_cache/Qwen/Qwen3-32B/TG/tensor_cache_bfp8/pb_rs_01_QKV_0_1024_dtype_BFLOAT8_B_layout_TILE.tensorbin of shape Shape([1, 1, 1024, 1280])
2026-08-29 11:30:30.170 | DEBUG    | core:as_tensor:724 - Loaded cache for /localdev/ctr-apbernal/tt_cache/Qwen/Qwen3-32B/TG/tensor_cache_bfp8/pb_rs_00_QKV_0_1024_dtype_BFLOAT8_B_layout_TILE.tensorbin of shape Shape([1, 1, 1024, 320])
2026-08-29 11:30:30.176 | DEBUG    | core:as_tensor:724 - Loaded cache for /localdev/ctr-apbernal/tt_cache/Qwen/Qwen3-32B/TG/tensor_cache_bfp8/pb_rs_01_FF1_0_1024_dtype_BFLOAT8_B_layout_TILE.tensorbin of shape Shape([1, 1, 1024, 3200])
2026-08-29 11:30:30.180 | DEBUG    | core:as_tensor:724 - Loaded cache for /localdev/ctr-apbernal/tt_cache/Qwen/Qwen3-32B/TG/tensor_cache_bfp8/pb_rs_00_FF1_0_1024_dtype_BFLOAT8_B_layout_TILE.tensorbin of shape Shape([1, 1, 1024, 800])
2026-08-29 11:30:30.184 | DEBUG    | core:as_tensor:724 - Loaded cache for /localdev/ctr-apbernal/tt_cache/Qwen/Qwen3-32B/TG/tensor_cache_bfp8/pb_rs_01_FF3_0_1024_dtype_BFLOAT8_B_layout_TILE.tensorbin of shape Shape([1, 1, 1024, 3200])
2026-08-29 11:30:30.188 | DEBUG    | core:as_tensor:724 - Loaded cache for /localdev/ctr-apbernal/tt_cache/Qwen/Qwen3-32B/TG/tensor_cache_bfp8/pb_rs_00_FF3_0_1024_dtype_BFLOAT8_B_layout_TILE.tensorbin of shape Shape([1, 1, 1024, 800])
2026-08-29 11:30:30.192 | DEBUG    | core:as_tensor:724 - Loaded cache for /localdev/ctr-apbernal/tt_cache/Qwen/Qwen3-32B/TG/tensor_cache_bfp8/pb_rs_01_FF2_0_1024_dtype_BFLOAT8_B_layout_TILE.tensorbin of shape Shape([1, 1, 1024, 1280])
2026-08-29 11:30:30.194 | DEBUG    | core:as_tensor:724 - Loaded cache for /localdev/ctr-apbernal/tt_cache/Qwen/Qwen3-32B/TG/tensor_cache_bfp8/pb_rs_00_FF2_0_1024_dtype_BFLOAT8_B_layout_TILE.tensorbin of shape Shape([1, 1, 1024, 160])
2026-08-29 11:30:30.195 | DEBUG    | core:as_tensor:724 - Loaded cache for /localdev/ctr-apbernal/tt_cache/Qwen/Qwen3-32B/TG/tensor_cache_bfp8/pb_rs_01_ATTN_REPLICATE_0_1024_dtype_BFLOAT8_B_layout_TILE.tensorbin of shape Shape([1, 1, 1024, 128])
2026-08-29 11:30:30.198 | DEBUG    | core:as_tensor:724 - Loaded cache for /localdev/ctr-apbernal/tt_cache/Qwen/Qwen3-32B/TG/tensor_cache_bfp8/pb_rs_00_ATTN_REPLICATE_0_1024_dtype_BFLOAT8_B_layout_TILE.tensorbin of shape Shape([1, 1, 1024, 32])
2026-08-29 11:30:30.203 | DEBUG    | core:as_tensor:724 - Loaded cache for /localdev/ctr-apbernal/tt_cache/Qwen/Qwen3-32B/TG/tensor_cache_bfp8/pb_rs_01_QKV_batched_0_1024_dtype_BFLOAT8_B_layout_TILE.tensorbin of shape Shape([1, 32, 32, 1280])
2026-08-29 11:30:30.204 | DEBUG    | core:as_tensor:724 - Loaded cache for /localdev/ctr-apbernal/tt_cache/Qwen/Qwen3-32B/TG/tensor_cache_bfp8/pb_rs_00_QKV_batched_0_1024_dtype_BFLOAT8_B_layout_TILE.tensorbin of shape Shape([1, 32, 32, 320])
2026-08-29 11:30:30.209 | DEBUG    | core:as_tensor:724 - Loaded cache for /localdev/ctr-apbernal/tt_cache/Qwen/Qwen3-32B/TG/tensor_cache_bfp8/pb_rs_01_FF1_batched_0_1024_dtype_BFLOAT8_B_layout_TILE.tensorbin of shape Shape([1, 32, 32, 3200])
2026-08-29 11:30:30.212 | DEBUG    | core:as_tensor:724 - Loaded cache for /localdev/ctr-apbernal/tt_cache/Qwen/Qwen3-32B/TG/tensor_cache_bfp8/pb_rs_00_FF1_batched_0_1024_dtype_BFLOAT8_B_layout_TILE.tensorbin of shape Shape([1, 32, 32, 800])
2026-08-29 11:30:30.218 | DEBUG    | core:as_tensor:724 - Loaded cache for /localdev/ctr-apbernal/tt_cache/Qwen/Qwen3-32B/TG/tensor_cache_bfp8/pb_rs_01_FF3_batched_0_1024_dtype_BFLOAT8_B_layout_TILE.tensorbin of shape Shape([1, 32, 32, 3200])
2026-08-29 11:30:30.222 | DEBUG    | core:as_tensor:724 - Loaded cache for /localdev/ctr-apbernal/tt_cache/Qwen/Qwen3-32B/TG/tensor_cache_bfp8/pb_rs_00_FF3_batched_0_1024_dtype_BFLOAT8_B_layout_TILE.tensorbin of shape Shape([1, 32, 32, 800])
2026-08-29 11:30:30.224 | DEBUG    | core:as_tensor:724 - Loaded cache for /localdev/ctr-apbernal/tt_cache/Qwen/Qwen3-32B/TG/tensor_cache_bfp8/pb_rs_01_FF2_batched_0_1024_dtype_BFLOAT8_B_layout_TILE.tensorbin of shape Shape([1, 32, 32, 1280])
2026-08-29 11:30:30.224 | DEBUG    | core:as_tensor:724 - Loaded cache for /localdev/ctr-apbernal/tt_cache/Qwen/Qwen3-32B/TG/tensor_cache_bfp8/pb_rs_00_FF2_batched_0_1024_dtype_BFLOAT8_B_layout_TILE.tensorbin of shape Shape([1, 32, 32, 160])
2026-08-29 11:30:30.225 | DEBUG    | core:as_tensor:724 - Loaded cache for /localdev/ctr-apbernal/tt_cache/Qwen/Qwen3-32B/TG/tensor_cache_bfp8/pb_rs_01_QKV_0_128_dtype_BFLOAT8_B_layout_TILE.tensorbin of shape Shape([1, 1, 128, 1280])
2026-08-29 11:30:30.229 | DEBUG    | core:as_tensor:724 - Loaded cache for /localdev/ctr-apbernal/tt_cache/Qwen/Qwen3-32B/TG/tensor_cache_bfp8/pb_rs_00_QKV_0_128_dtype_BFLOAT8_B_layout_TILE.tensorbin of shape Shape([1, 1, 128, 320])
2026-08-29 11:30:30.233 | DEBUG    | core:as_tensor:724 - Loaded cache for /localdev/ctr-apbernal/tt_cache/Qwen/Qwen3-32B/TG/tensor_cache_bfp8/pb_rs_01_FF1_0_128_dtype_BFLOAT8_B_layout_TILE.tensorbin of shape Shape([1, 1, 128, 3200])
2026-08-29 11:30:30.235 | DEBUG    | core:as_tensor:724 - Loaded cache for /localdev/ctr-apbernal/tt_cache/Qwen/Qwen3-32B/TG/tensor_cache_bfp8/pb_rs_00_FF1_0_128_dtype_BFLOAT8_B_layout_TILE.tensorbin of shape Shape([1, 1, 128, 800])
2026-08-29 11:30:30.239 | DEBUG    | core:as_tensor:724 - Loaded cache for /localdev/ctr-apbernal/tt_cache/Qwen/Qwen3-32B/TG/tensor_cache_bfp8/pb_rs_01_FF3_0_128_dtype_BFLOAT8_B_layout_TILE.tensorbin of shape Shape([1, 1, 128, 3200])
2026-08-29 11:30:30.241 | DEBUG    | core:as_tensor:724 - Loaded cache for /localdev/ctr-apbernal/tt_cache/Qwen/Qwen3-32B/TG/tensor_cache_bfp8/pb_rs_00_FF3_0_128_dtype_BFLOAT8_B_layout_TILE.tensorbin of shape Shape([1, 1, 128, 800])
2026-08-29 11:30:30.244 | DEBUG    | core:as_tensor:724 - Loaded cache for /localdev/ctr-apbernal/tt_cache/Qwen/Qwen3-32B/TG/tensor_cache_bfp8/pb_rs_01_FF2_0_128_dtype_BFLOAT8_B_layout_TILE.tensorbin of shape Shape([1, 1, 128, 1280])
2026-08-29 11:30:30.246 | DEBUG    | core:as_tensor:724 - Loaded cache for /localdev/ctr-apbernal/tt_cache/Qwen/Qwen3-32B/TG/tensor_cache_bfp8/pb_rs_00_FF2_0_128_dtype_BFLOAT8_B_layout_TILE.tensorbin of shape Shape([1, 1, 128, 160])
2026-08-29 11:30:30.247 | DEBUG    | core:as_tensor:724 - Loaded cache for /localdev/ctr-apbernal/tt_cache/Qwen/Qwen3-32B/TG/tensor_cache_bfp8/pb_rs_01_ATTN_REPLICATE_0_128_dtype_BFLOAT8_B_layout_TILE.tensorbin of shape Shape([1, 1, 128, 128])
2026-08-29 11:30:30.247 | DEBUG    | core:as_tensor:724 - Loaded cache for /localdev/ctr-apbernal/tt_cache/Qwen/Qwen3-32B/TG/tensor_cache_bfp8/pb_rs_00_ATTN_REPLICATE_0_128_dtype_BFLOAT8_B_layout_TILE.tensorbin of shape Shape([1, 1, 128, 32])
2026-08-29 11:30:30.251 | DEBUG    | core:as_tensor:724 - Loaded cache for /localdev/ctr-apbernal/tt_cache/Qwen/Qwen3-32B/TG/tensor_cache_bfp8/pb_rs_01_QKV_batched_0_128_dtype_BFLOAT8_B_layout_TILE.tensorbin of shape Shape([1, 32, 4, 1280])
2026-08-29 11:30:30.255 | DEBUG    | core:as_tensor:724 - Loaded cache for /localdev/ctr-apbernal/tt_cache/Qwen/Qwen3-32B/TG/tensor_cache_bfp8/pb_rs_00_QKV_batched_0_128_dtype_BFLOAT8_B_layout_TILE.tensorbin of shape Shape([1, 32, 4, 320])
2026-08-29 11:30:30.261 | DEBUG    | core:as_tensor:724 - Loaded cache for /localdev/ctr-apbernal/tt_cache/Qwen/Qwen3-32B/TG/tensor_cache_bfp8/pb_rs_01_FF1_batched_0_128_dtype_BFLOAT8_B_layout_TILE.tensorbin of shape Shape([1, 32, 4, 3200])
2026-08-29 11:30:30.265 | DEBUG    | core:as_tensor:724 - Loaded cache for /localdev/ctr-apbernal/tt_cache/Qwen/Qwen3-32B/TG/tensor_cache_bfp8/pb_rs_00_FF1_batched_0_128_dtype_BFLOAT8_B_layout_TILE.tensorbin of shape Shape([1, 32, 4, 800])
2026-08-29 11:30:30.270 | DEBUG    | core:as_tensor:724 - Loaded cache for /localdev/ctr-apbernal/tt_cache/Qwen/Qwen3-32B/TG/tensor_cache_bfp8/pb_rs_01_FF3_batched_0_128_dtype_BFLOAT8_B_layout_TILE.tensorbin of shape Shape([1, 32, 4, 3200])
2026-08-29 11:30:30.275 | DEBUG    | core:as_tensor:724 - Loaded cache for /localdev/ctr-apbernal/tt_cache/Qwen/Qwen3-32B/TG/tensor_cache_bfp8/pb_rs_00_FF3_batched_0_128_dtype_BFLOAT8_B_layout_TILE.tensorbin of shape Shape([1, 32, 4, 800])
2026-08-29 11:30:30.278 | DEBUG    | core:as_tensor:724 - Loaded cache for /localdev/ctr-apbernal/tt_cache/Qwen/Qwen3-32B/TG/tensor_cache_bfp8/pb_rs_01_FF2_batched_0_128_dtype_BFLOAT8_B_layout_TILE.tensorbin of shape Shape([1, 32, 4, 1280])
2026-08-29 11:30:30.280 | DEBUG    | core:as_tensor:724 - Loaded cache for /localdev/ctr-apbernal/tt_cache/Qwen/Qwen3-32B/TG/tensor_cache_bfp8/pb_rs_00_FF2_batched_0_128_dtype_BFLOAT8_B_layout_TILE.tensorbin of shape Shape([1, 32, 4, 160])
2026-08-29 11:30:30.287 | DEBUG    | core:as_tensor:724 - Loaded cache for /localdev/ctr-apbernal/tt_cache/Qwen/Qwen3-32B/TG/tensor_cache_bfp8/pb_ag_QKV4096_dtype_BFLOAT8_B_layout_TILE.tensorbin of shape Shape([1, 1, 4096, 1280])
2026-08-29 11:30:30.291 | DEBUG    | core:as_tensor:724 - Loaded cache for /localdev/ctr-apbernal/tt_cache/Qwen/Qwen3-32B/TG/tensor_cache_bfp8/pb_ag_SDPA4096_dtype_BFLOAT8_B_layout_TILE.tensorbin of shape Shape([1, 1, 2048, 1024])
2026-08-29 11:30:30.294 | DEBUG    | core:as_tensor:724 - Loaded cache for /localdev/ctr-apbernal/tt_cache/Qwen/Qwen3-32B/TG/tensor_cache_bfp8/pb_ag_SDPA_REVERSE4096_dtype_BFLOAT8_B_layout_TILE.tensorbin of shape Shape([1, 1, 2048, 1024])
2026-08-29 11:30:30.330 | DEBUG    | core:as_tensor:724 - Loaded cache for /localdev/ctr-apbernal/tt_cache/Qwen/Qwen3-32B/TG/tensor_cache_bfp8/pb_ag_WO_AG4096_dtype_BFLOAT8_B_layout_TILE.tensorbin of shape Shape([8, 1, 4096, 1280])
2026-08-29 11:30:30.353 | DEBUG    | core:as_tensor:724 - Loaded cache for /localdev/ctr-apbernal/tt_cache/Qwen/Qwen3-32B/TG/tensor_cache_bfp8/pb_ag_FF14096_dtype_BFLOAT8_B_layout_TILE.tensorbin of shape Shape([1, 1, 4096, 3200])
2026-08-29 11:30:30.370 | DEBUG    | core:as_tensor:724 - Loaded cache for /localdev/ctr-apbernal/tt_cache/Qwen/Qwen3-32B/TG/tensor_cache_bfp8/pb_ag_FF34096_dtype_BFLOAT8_B_layout_TILE.tensorbin of shape Shape([1, 1, 4096, 3200])
2026-08-29 11:30:30.380 | DEBUG    | core:as_tensor:724 - Loaded cache for /localdev/ctr-apbernal/tt_cache/Qwen/Qwen3-32B/TG/tensor_cache_bfp8/pb_ag_FF24096_dtype_BFLOAT8_B_layout_TILE.tensorbin of shape Shape([1, 1, 4096, 1280])
2026-08-29 11:30:30.384 | DEBUG    | core:as_tensor:724 - Loaded cache for /localdev/ctr-apbernal/tt_cache/Qwen/Qwen3-32B/TG/tensor_cache_bfp8/pb_ag_LAYERNORM4096_dtype_BFLOAT16_layout_TILE.tensorbin of shape Shape([1, 1, 4096, 128])
2026-08-29 11:30:30.388 | DEBUG    | core:as_tensor:724 - Loaded cache for /localdev/ctr-apbernal/tt_cache/Qwen/Qwen3-32B/TG/tensor_cache_bfp8/pb_ag_ATTN_REPLICATE4096_dtype_BFLOAT8_B_layout_TILE.tensorbin of shape Shape([1, 1, 4096, 128])
2026-08-29 11:30:30.391 | DEBUG    | core:as_tensor:724 - Loaded cache for /localdev/ctr-apbernal/tt_cache/Qwen/Qwen3-32B/TG/tensor_cache_bfp8/pb_ag_QKV2048_dtype_BFLOAT8_B_layout_TILE.tensorbin of shape Shape([1, 1, 2048, 1280])
2026-08-29 11:30:30.395 | DEBUG    | core:as_tensor:724 - Loaded cache for /localdev/ctr-apbernal/tt_cache/Qwen/Qwen3-32B/TG/tensor_cache_bfp8/pb_ag_SDPA2048_dtype_BFLOAT8_B_layout_TILE.tensorbin of shape Shape([1, 1, 1024, 1024])
2026-08-29 11:30:30.398 | DEBUG    | core:as_tensor:724 - Loaded cache for /localdev/ctr-apbernal/tt_cache/Qwen/Qwen3-32B/TG/tensor_cache_bfp8/pb_ag_SDPA_REVERSE2048_dtype_BFLOAT8_B_layout_TILE.tensorbin of shape Shape([1, 1, 1024, 1024])
2026-08-29 11:30:30.417 | DEBUG    | core:as_tensor:724 - Loaded cache for /localdev/ctr-apbernal/tt_cache/Qwen/Qwen3-32B/TG/tensor_cache_bfp8/pb_ag_WO_AG2048_dtype_BFLOAT8_B_layout_TILE.tensorbin of shape Shape([8, 1, 2048, 1280])
2026-08-29 11:30:30.431 | DEBUG    | core:as_tensor:724 - Loaded cache for /localdev/ctr-apbernal/tt_cache/Qwen/Qwen3-32B/TG/tensor_cache_bfp8/pb_ag_FF12048_dtype_BFLOAT8_B_layout_TILE.tensorbin of shape Shape([1, 1, 2048, 3200])
2026-08-29 11:30:30.439 | DEBUG    | core:as_tensor:724 - Loaded cache for /localdev/ctr-apbernal/tt_cache/Qwen/Qwen3-32B/TG/tensor_cache_bfp8/pb_ag_FF32048_dtype_BFLOAT8_B_layout_TILE.tensorbin of shape Shape([1, 1, 2048, 3200])
2026-08-29 11:30:30.443 | DEBUG    | core:as_tensor:724 - Loaded cache for /localdev/ctr-apbernal/tt_cache/Qwen/Qwen3-32B/TG/tensor_cache_bfp8/pb_ag_FF22048_dtype_BFLOAT8_B_layout_TILE.tensorbin of shape Shape([1, 1, 2048, 1280])
2026-08-29 11:30:30.447 | DEBUG    | core:as_tensor:724 - Loaded cache for /localdev/ctr-apbernal/tt_cache/Qwen/Qwen3-32B/TG/tensor_cache_bfp8/pb_ag_LAYERNORM2048_dtype_BFLOAT16_layout_TILE.tensorbin of shape Shape([1, 1, 2048, 128])
2026-08-29 11:30:30.449 | DEBUG    | core:as_tensor:724 - Loaded cache for /localdev/ctr-apbernal/tt_cache/Qwen/Qwen3-32B/TG/tensor_cache_bfp8/pb_ag_ATTN_REPLICATE2048_dtype_BFLOAT8_B_layout_TILE.tensorbin of shape Shape([1, 1, 2048, 128])
2026-08-29 11:30:30.451 | DEBUG    | core:as_tensor:724 - Loaded cache for /localdev/ctr-apbernal/tt_cache/Qwen/Qwen3-32B/TG/tensor_cache_bfp8/pb_ag_QKV1024_dtype_BFLOAT8_B_layout_TILE.tensorbin of shape Shape([1, 1, 1024, 1280])
2026-08-29 11:30:30.455 | DEBUG    | core:as_tensor:724 - Loaded cache for /localdev/ctr-apbernal/tt_cache/Qwen/Qwen3-32B/TG/tensor_cache_bfp8/pb_ag_SDPA1024_dtype_BFLOAT8_B_layout_TILE.tensorbin of shape Shape([1, 1, 512, 1024])
2026-08-29 11:30:30.456 | DEBUG    | core:as_tensor:724 - Loaded cache for /localdev/ctr-apbernal/tt_cache/Qwen/Qwen3-32B/TG/tensor_cache_bfp8/pb_ag_SDPA_REVERSE1024_dtype_BFLOAT8_B_layout_TILE.tensorbin of shape Shape([1, 1, 512, 1024])
2026-08-29 11:30:30.467 | DEBUG    | core:as_tensor:724 - Loaded cache for /localdev/ctr-apbernal/tt_cache/Qwen/Qwen3-32B/TG/tensor_cache_bfp8/pb_ag_WO_AG1024_dtype_BFLOAT8_B_layout_TILE.tensorbin of shape Shape([8, 1, 1024, 1280])
2026-08-29 11:30:30.473 | DEBUG    | core:as_tensor:724 - Loaded cache for /localdev/ctr-apbernal/tt_cache/Qwen/Qwen3-32B/TG/tensor_cache_bfp8/pb_ag_FF11024_dtype_BFLOAT8_B_layout_TILE.tensorbin of shape Shape([1, 1, 1024, 3200])
2026-08-29 11:30:30.480 | DEBUG    | core:as_tensor:724 - Loaded cache for /localdev/ctr-apbernal/tt_cache/Qwen/Qwen3-32B/TG/tensor_cache_bfp8/pb_ag_FF31024_dtype_BFLOAT8_B_layout_TILE.tensorbin of shape Shape([1, 1, 1024, 3200])
2026-08-29 11:30:30.484 | DEBUG    | core:as_tensor:724 - Loaded cache for /localdev/ctr-apbernal/tt_cache/Qwen/Qwen3-32B/TG/tensor_cache_bfp8/pb_ag_FF21024_dtype_BFLOAT8_B_layout_TILE.tensorbin of shape Shape([1, 1, 1024, 1280])
2026-08-29 11:30:30.488 | DEBUG    | core:as_tensor:724 - Loaded cache for /localdev/ctr-apbernal/tt_cache/Qwen/Qwen3-32B/TG/tensor_cache_bfp8/pb_ag_LAYERNORM1024_dtype_BFLOAT16_layout_TILE.tensorbin of shape Shape([1, 1, 1024, 128])
2026-08-29 11:30:30.489 | DEBUG    | core:as_tensor:724 - Loaded cache for /localdev/ctr-apbernal/tt_cache/Qwen/Qwen3-32B/TG/tensor_cache_bfp8/pb_ag_ATTN_REPLICATE1024_dtype_BFLOAT8_B_layout_TILE.tensorbin of shape Shape([1, 1, 1024, 128])
2026-08-29 11:30:30.489 | DEBUG    | core:as_tensor:724 - Loaded cache for /localdev/ctr-apbernal/tt_cache/Qwen/Qwen3-32B/TG/tensor_cache_bfp8/pb_ag_QKV128_dtype_BFLOAT8_B_layout_TILE.tensorbin of shape Shape([1, 1, 128, 1280])
2026-08-29 11:30:30.490 | DEBUG    | core:as_tensor:724 - Loaded cache for /localdev/ctr-apbernal/tt_cache/Qwen/Qwen3-32B/TG/tensor_cache_bfp8/pb_ag_SDPA128_dtype_BFLOAT8_B_layout_TILE.tensorbin of shape Shape([1, 1, 64, 1024])
2026-08-29 11:30:30.494 | DEBUG    | core:as_tensor:724 - Loaded cache for /localdev/ctr-apbernal/tt_cache/Qwen/Qwen3-32B/TG/tensor_cache_bfp8/pb_ag_SDPA_REVERSE128_dtype_BFLOAT8_B_layout_TILE.tensorbin of shape Shape([1, 1, 64, 1024])
2026-08-29 11:30:30.497 | DEBUG    | core:as_tensor:724 - Loaded cache for /localdev/ctr-apbernal/tt_cache/Qwen/Qwen3-32B/TG/tensor_cache_bfp8/pb_ag_WO_AG128_dtype_BFLOAT8_B_layout_TILE.tensorbin of shape Shape([8, 1, 128, 1280])
2026-08-29 11:30:30.498 | DEBUG    | core:as_tensor:724 - Loaded cache for /localdev/ctr-apbernal/tt_cache/Qwen/Qwen3-32B/TG/tensor_cache_bfp8/pb_ag_FF1128_dtype_BFLOAT8_B_layout_TILE.tensorbin of shape Shape([1, 1, 128, 3200])
2026-08-29 11:30:30.499 | DEBUG    | core:as_tensor:724 - Loaded cache for /localdev/ctr-apbernal/tt_cache/Qwen/Qwen3-32B/TG/tensor_cache_bfp8/pb_ag_FF3128_dtype_BFLOAT8_B_layout_TILE.tensorbin of shape Shape([1, 1, 128, 3200])
2026-08-29 11:30:30.500 | DEBUG    | core:as_tensor:724 - Loaded cache for /localdev/ctr-apbernal/tt_cache/Qwen/Qwen3-32B/TG/tensor_cache_bfp8/pb_ag_FF2128_dtype_BFLOAT8_B_layout_TILE.tensorbin of shape Shape([1, 1, 128, 1280])
2026-08-29 11:30:30.500 | DEBUG    | core:as_tensor:724 - Loaded cache for /localdev/ctr-apbernal/tt_cache/Qwen/Qwen3-32B/TG/tensor_cache_bfp8/pb_ag_LAYERNORM128_dtype_BFLOAT16_layout_TILE.tensorbin of shape Shape([1, 1, 128, 128])
2026-08-29 11:30:30.504 | DEBUG    | core:as_tensor:724 - Loaded cache for /localdev/ctr-apbernal/tt_cache/Qwen/Qwen3-32B/TG/tensor_cache_bfp8/pb_ag_ATTN_REPLICATE128_dtype_BFLOAT8_B_layout_TILE.tensorbin of shape Shape([1, 1, 128, 128])
2026-08-29 11:30:30.509 | DEBUG    | core:as_tensor:724 - Loaded cache for /localdev/ctr-apbernal/tt_cache/Qwen/Qwen3-32B/TG/tensor_cache_bfp8/pb_ag_LM_HEAD_32_dtype_BFLOAT8_B_layout_TILE.tensorbin of shape Shape([4, 1, 32, 19456])
2026-08-29 11:30:30.516 | DEBUG    | core:as_tensor:724 - Loaded cache for /localdev/ctr-apbernal/tt_cache/Qwen/Qwen3-32B/TG/tensor_cache_bfp8/pb_ag_SAMPLING_32_dtype_BFLOAT8_B_layout_TILE.tensorbin of shape Shape([1, 1, 32, 155648])
2026-08-29 11:30:30.517 | INFO     | models.demos.llama3_70b_galaxy.demo.text_qwen_demo:test_qwen_demo_text:681 - Model loaded with 64 layers
Could not cache non-existence of file. Will ignore error and continue. Error: [Errno 13] Permission denied: '/localdev/ctr-apbernal/hf_data/hub/models--Qwen--Qwen3-32B/.no_exist'
Could not cache non-existence of file. Will ignore error and continue. Error: [Errno 13] Permission denied: '/localdev/ctr-apbernal/hf_data/hub/models--Qwen--Qwen3-32B/.no_exist'
Could not cache non-existence of file. Will ignore error and continue. Error: [Errno 13] Permission denied: '/localdev/ctr-apbernal/hf_data/hub/models--Qwen--Qwen3-32B/.no_exist'
2026-08-29 11:30:31.631 | INFO     | models.demos.llama3_70b_galaxy.demo.text_qwen_demo:test_qwen_demo_text:695 - Starting inference...
2026-08-29 11:30:31.632 | INFO     | models.demos.llama3_70b_galaxy.demo.text_qwen_demo:test_qwen_demo_text:697 - Processing batch 0
2026-08-29 11:30:31.656 | INFO     | models.tt_transformers.tt.common:preprocess_inputs_prefill:274 - Encoded prompt lengths:118, 118, 118, 118, 118, 118, 118, 118, 118, 118, 118, 118, 118, 118, 118, 118, 118, 118, 118, 118, 118, 118, 118, 118, 118, 118, 118, 118, 118, 118, 118, 118
2026-08-29 11:30:31.656 | INFO     | models.tt_transformers.tt.common:preprocess_inputs_prefill:341 - # of users: 32
2026-08-29 11:30:31.657 | INFO     | models.demos.llama3_70b_galaxy.demo.text_qwen_demo:test_qwen_demo_text:773 - Starting prefill warmup...
2026-08-29 11:30:31.657 | INFO     | models.demos.llama3_70b_galaxy.tt.generator:prefill_warmup:256 - Warming up prefill for all supported sequence lengths up to max sequence length
2026-08-29 11:30:31.657 | INFO     | models.demos.llama3_70b_galaxy.tt.generator:prefill_warmup:270 - Running warmup prefill for sequence length: 128, batch size: 1
2026-08-29 11:30:31.657 | INFO     | models.demos.llama3_70b_galaxy.tt.generator:prefill_warmup:296 - Warming up prefill sequence length: 128 for batch size: 1 with sampling params: SamplingParams(temperature=[1.0], top_k=[10], top_p=[0.9], presence_penalty=[1.2], frequency_penalty=[1.2], repetition_penalty=[1.5], seed=None, enable_log_probs=[True], num_logprobs=0)
2026-08-29 11:30:31.658 | INFO     | models.demos.llama3_70b_galaxy.tt.generator:prefill_forward_text:551 - Prefilling User 0, use_batched_prefill: False, prompt_lens: 128, prefill_seq_len: 128, num_cached_tokens: 0
2026-08-29 11:30:31.862 | info     |           Metal | Finalize dfb: dfb_offset == base_offset: 80, dfb size: 32, return value: 112 (dataflow_buffer.cpp:1656)
2026-08-29 11:30:31.862 | info     |           Metal | Finalize dfb: dfb_offset == base_offset: 0, dfb size: 0, return value: 0 (dataflow_buffer.cpp:1656)
2026-08-29 11:30:31.862 | info     |           Metal | Finalize dfb: dfb_offset == base_offset: 0, dfb size: 0, return value: 0 (dataflow_buffer.cpp:1656)
2026-08-29 11:30:33.325 | info     |           Metal | Finalize dfb: dfb_offset == base_offset: 80, dfb size: 32, return value: 112 (dataflow_buffer.cpp:1656)
2026-08-29 11:30:33.325 | info     |           Metal | Finalize dfb: dfb_offset == base_offset: 0, dfb size: 0, return value: 0 (dataflow_buffer.cpp:1656)
2026-08-29 11:30:33.325 | info     |           Metal | Finalize dfb: dfb_offset == base_offset: 0, dfb size: 0, return value: 0 (dataflow_buffer.cpp:1656)
2026-08-29 11:30:33.461 | warning  |              Op | rotary_embedding_llama sequence tile coverage mismatch: input_Ht=4, cos_Ht=4096, sin_Ht=4096, rotary_Ht=4. Tiles beyond rotary_Ht will be zero-filled in the output. (rotary_embedding_llama_multi_core_program_factory.cpp:62)
2026-08-29 11:30:33.538 | info     |           Metal | Finalize dfb: dfb_offset == base_offset: 144, dfb size: 144, return value: 288 (dataflow_buffer.cpp:1656)
2026-08-29 11:30:33.538 | info     |           Metal | Finalize dfb: dfb_offset == base_offset: 0, dfb size: 0, return value: 0 (dataflow_buffer.cpp:1656)
2026-08-29 11:30:33.538 | info     |           Metal | Finalize dfb: dfb_offset == base_offset: 0, dfb size: 0, return value: 0 (dataflow_buffer.cpp:1656)
2026-08-29 11:30:33.543 | info     |           Metal | Finalize dfb: dfb_offset == base_offset: 80, dfb size: 32, return value: 112 (dataflow_buffer.cpp:1656)
2026-08-29 11:30:33.543 | info     |           Metal | Finalize dfb: dfb_offset == base_offset: 0, dfb size: 0, return value: 0 (dataflow_buffer.cpp:1656)
2026-08-29 11:30:33.543 | info     |           Metal | Finalize dfb: dfb_offset == base_offset: 0, dfb size: 0, return value: 0 (dataflow_buffer.cpp:1656)
2026-08-29 11:30:33.547 | warning  |              Op | rotary_embedding_llama sequence tile coverage mismatch: input_Ht=4, cos_Ht=4096, sin_Ht=4096, rotary_Ht=4. Tiles beyond rotary_Ht will be zero-filled in the output. (rotary_embedding_llama_multi_core_program_factory.cpp:62)
2026-08-29 11:30:33.623 | info     |           Metal | Finalize dfb: dfb_offset == base_offset: 144, dfb size: 144, return value: 288 (dataflow_buffer.cpp:1656)
2026-08-29 11:30:33.623 | info     |           Metal | Finalize dfb: dfb_offset == base_offset: 0, dfb size: 0, return value: 0 (dataflow_buffer.cpp:1656)
2026-08-29 11:30:33.623 | info     |           Metal | Finalize dfb: dfb_offset == base_offset: 0, dfb size: 0, return value: 0 (dataflow_buffer.cpp:1656)
2026-08-29 11:30:33.693 | info     |           Metal | Finalize dfb: dfb_offset == base_offset: 80, dfb size: 32, return value: 112 (dataflow_buffer.cpp:1656)
2026-08-29 11:30:33.693 | info     |           Metal | Finalize dfb: dfb_offset == base_offset: 0, dfb size: 0, return value: 0 (dataflow_buffer.cpp:1656)
2026-08-29 11:30:33.693 | info     |           Metal | Finalize dfb: dfb_offset == base_offset: 0, dfb size: 0, return value: 0 (dataflow_buffer.cpp:1656)
2026-08-29 11:30:33.766 | info     |           Metal | Finalize dfb: dfb_offset == base_offset: 80, dfb size: 32, return value: 112 (dataflow_buffer.cpp:1656)
2026-08-29 11:30:33.766 | info     |           Metal | Finalize dfb: dfb_offset == base_offset: 0, dfb size: 0, return value: 0 (dataflow_buffer.cpp:1656)
2026-08-29 11:30:33.766 | info     |           Metal | Finalize dfb: dfb_offset == base_offset: 0, dfb size: 0, return value: 0 (dataflow_buffer.cpp:1656)
2026-08-29 11:30:33.876 | info     |           Metal | Finalize dfb: dfb_offset == base_offset: 80, dfb size: 32, return value: 112 (dataflow_buffer.cpp:1656)
2026-08-29 11:30:33.876 | info     |           Metal | Finalize dfb: dfb_offset == base_offset: 0, dfb size: 0, return value: 0 (dataflow_buffer.cpp:1656)
2026-08-29 11:30:33.876 | info     |           Metal | Finalize dfb: dfb_offset == base_offset: 0, dfb size: 0, return value: 0 (dataflow_buffer.cpp:1656)
2026-08-29 11:30:36.209 | INFO     | models.demos.llama3_70b_galaxy.tt.generator:_capture_trace_prefill:1135 - Done Compiling Model
2026-08-29 11:30:37.364 | INFO     | models.demos.llama3_70b_galaxy.tt.generator:_capture_trace_prefill:1175 - Done Capturing Prefill Trace
2026-08-29 11:30:37.365 | INFO     | models.demos.llama3_70b_galaxy.tt.generator:_easy_trace_prefill:1042 - Executing prefill trace
2026-08-29 11:30:37.366 | warning  |           Metal | Allocating device buffers is unsafe due to the existence of an active trace. These buffers may be corrupted once a trace is executed. (allocator.cpp:123)
2026-08-29 11:30:38.402 | INFO     | models.demos.llama3_70b_galaxy.tt.prefetcher_common:__init__:33 - Running TtLlamaPrefetcherSetup
2026-08-29 11:30:38.658 | info     |           Metal | Finalize dfb: dfb_offset == base_offset: 80, dfb size: 32, return value: 112 (dataflow_buffer.cpp:1656)
2026-08-29 11:30:38.658 | info     |           Metal | Finalize dfb: dfb_offset == base_offset: 0, dfb size: 0, return value: 0 (dataflow_buffer.cpp:1656)
2026-08-29 11:30:38.658 | info     |           Metal | Finalize dfb: dfb_offset == base_offset: 0, dfb size: 0, return value: 0 (dataflow_buffer.cpp:1656)
2026-08-29 11:30:38.846 | info     |           Metal | Finalize dfb: dfb_offset == base_offset: 80, dfb size: 32, return value: 112 (dataflow_buffer.cpp:1656)
2026-08-29 11:30:38.846 | info     |           Metal | Finalize dfb: dfb_offset == base_offset: 0, dfb size: 0, return value: 0 (dataflow_buffer.cpp:1656)
2026-08-29 11:30:38.846 | info     |           Metal | Finalize dfb: dfb_offset == base_offset: 0, dfb size: 0, return value: 0 (dataflow_buffer.cpp:1656)
2026-08-29 11:30:39.434 | info     |           Metal | Finalize dfb: dfb_offset == base_offset: 80, dfb size: 32, return value: 112 (dataflow_buffer.cpp:1656)
2026-08-29 11:30:39.434 | info     |           Metal | Finalize dfb: dfb_offset == base_offset: 0, dfb size: 0, return value: 0 (dataflow_buffer.cpp:1656)
2026-08-29 11:30:39.434 | info     |           Metal | Finalize dfb: dfb_offset == base_offset: 0, dfb size: 0, return value: 0 (dataflow_buffer.cpp:1656)
2026-08-29 11:30:40.498 | info     |           Metal | Finalize dfb: dfb_offset == base_offset: 80, dfb size: 32, return value: 112 (dataflow_buffer.cpp:1656)
2026-08-29 11:30:40.498 | info     |           Metal | Finalize dfb: dfb_offset == base_offset: 0, dfb size: 0, return value: 0 (dataflow_buffer.cpp:1656)
2026-08-29 11:30:40.498 | info     |           Metal | Finalize dfb: dfb_offset == base_offset: 0, dfb size: 0, return value: 0 (dataflow_buffer.cpp:1656)
2026-08-29 11:30:43.007 | info     |           Metal | Finalize dfb: dfb_offset == base_offset: 80, dfb size: 32, return value: 112 (dataflow_buffer.cpp:1656)
2026-08-29 11:30:43.007 | info     |           Metal | Finalize dfb: dfb_offset == base_offset: 0, dfb size: 0, return value: 0 (dataflow_buffer.cpp:1656)
2026-08-29 11:30:43.007 | info     |           Metal | Finalize dfb: dfb_offset == base_offset: 0, dfb size: 0, return value: 0 (dataflow_buffer.cpp:1656)
2026-08-29 11:30:43.409 | info     |           Metal | Finalize dfb: dfb_offset == base_offset: 80, dfb size: 32, return value: 112 (dataflow_buffer.cpp:1656)
2026-08-29 11:30:43.409 | info     |           Metal | Finalize dfb: dfb_offset == base_offset: 0, dfb size: 0, return value: 0 (dataflow_buffer.cpp:1656)
2026-08-29 11:30:43.409 | info     |           Metal | Finalize dfb: dfb_offset == base_offset: 0, dfb size: 0, return value: 0 (dataflow_buffer.cpp:1656)
2026-08-29 11:30:44.389 | info     |           Metal | Finalize dfb: dfb_offset == base_offset: 144, dfb size: 64, return value: 208 (dataflow_buffer.cpp:1656)
2026-08-29 11:30:44.389 | info     |           Metal | Finalize dfb: dfb_offset == base_offset: 0, dfb size: 0, return value: 0 (dataflow_buffer.cpp:1656)
2026-08-29 11:30:44.389 | info     |           Metal | Finalize dfb: dfb_offset == base_offset: 0, dfb size: 0, return value: 0 (dataflow_buffer.cpp:1656)
2026-08-29 11:30:44.683 | INFO     | models.demos.llama3_70b_galaxy.tt.generator:prefill_forward_text:851 - Finished prefill for all users up to 128 tokens.
2026-08-29 11:30:44.683 | INFO     | models.demos.llama3_70b_galaxy.tt.generator:prefill_warmup:296 - Warming up prefill sequence length: 128 for batch size: 1 with sampling params: SamplingParams(temperature=[1.0], top_k=[10], top_p=[0.9], presence_penalty=[1.2], frequency_penalty=[1.2], repetition_penalty=[1.5], seed=None, enable_log_probs=[False], num_logprobs=0)
2026-08-29 11:30:44.683 | INFO     | models.demos.llama3_70b_galaxy.tt.prefetcher_common:__init__:33 - Running TtLlamaPrefetcherSetup
2026-08-29 11:30:44.684 | INFO     | models.demos.llama3_70b_galaxy.tt.generator:prefill_forward_text:551 - Prefilling User 0, use_batched_prefill: False, prompt_lens: 128, prefill_seq_len: 128, num_cached_tokens: 0
2026-08-29 11:30:44.684 | INFO     | models.demos.llama3_70b_galaxy.tt.generator:_easy_trace_prefill:1042 - Executing prefill trace
2026-08-29 11:30:44.694 | INFO     | models.demos.llama3_70b_galaxy.tt.prefetcher_common:__init__:33 - Running TtLlamaPrefetcherSetup
2026-08-29 11:30:44.756 | INFO     | models.demos.llama3_70b_galaxy.tt.generator:prefill_forward_text:851 - Finished prefill for all users up to 128 tokens.
2026-08-29 11:30:44.756 | INFO     | models.demos.llama3_70b_galaxy.tt.generator:prefill_warmup:296 - Warming up prefill sequence length: 128 for batch size: 1 with sampling params: SamplingParams(temperature=[1.0], top_k=[10], top_p=[0.9], presence_penalty=None, frequency_penalty=None, repetition_penalty=None, seed=None, enable_log_probs=[True], num_logprobs=0)
2026-08-29 11:30:44.756 | INFO     | models.demos.llama3_70b_galaxy.tt.prefetcher_common:__init__:33 - Running TtLlamaPrefetcherSetup
2026-08-29 11:30:44.757 | INFO     | models.demos.llama3_70b_galaxy.tt.generator:prefill_forward_text:551 - Prefilling User 0, use_batched_prefill: False, prompt_lens: 128, prefill_seq_len: 128, num_cached_tokens: 0
2026-08-29 11:30:44.757 | INFO     | models.demos.llama3_70b_galaxy.tt.generator:_easy_trace_prefill:1042 - Executing prefill trace
2026-08-29 11:30:44.767 | INFO     | models.demos.llama3_70b_galaxy.tt.prefetcher_common:__init__:33 - Running TtLlamaPrefetcherSetup
2026-08-29 11:30:44.822 | INFO     | models.demos.llama3_70b_galaxy.tt.generator:prefill_forward_text:851 - Finished prefill for all users up to 128 tokens.
2026-08-29 11:30:44.823 | INFO     | models.demos.llama3_70b_galaxy.tt.generator:prefill_warmup:296 - Warming up prefill sequence length: 128 for batch size: 1 with sampling params: SamplingParams(temperature=[1.0], top_k=[10], top_p=[0.9], presence_penalty=None, frequency_penalty=None, repetition_penalty=None, seed=None, enable_log_probs=[False], num_logprobs=0)
2026-08-29 11:30:44.823 | INFO     | models.demos.llama3_70b_galaxy.tt.prefetcher_common:__init__:33 - Running TtLlamaPrefetcherSetup
2026-08-29 11:30:44.824 | INFO     | models.demos.llama3_70b_galaxy.tt.generator:prefill_forward_text:551 - Prefilling User 0, use_batched_prefill: False, prompt_lens: 128, prefill_seq_len: 128, num_cached_tokens: 0
2026-08-29 11:30:44.824 | INFO     | models.demos.llama3_70b_galaxy.tt.generator:_easy_trace_prefill:1042 - Executing prefill trace
2026-08-29 11:30:44.834 | INFO     | models.demos.llama3_70b_galaxy.tt.prefetcher_common:__init__:33 - Running TtLlamaPrefetcherSetup
2026-08-29 11:30:44.873 | INFO     | models.demos.llama3_70b_galaxy.tt.generator:prefill_forward_text:851 - Finished prefill for all users up to 128 tokens.
2026-08-29 11:30:44.874 | INFO     | models.demos.llama3_70b_galaxy.tt.generator:prefill_warmup:296 - Warming up prefill sequence length: 128 for batch size: 1 with sampling params: SamplingParams(temperature=[0.0], top_k=[1], top_p=[1.0], presence_penalty=0.0, frequency_penalty=0.0, repetition_penalty=1.0, seed=None, enable_log_probs=False, num_logprobs=0)
2026-08-29 11:30:44.874 | INFO     | models.demos.llama3_70b_galaxy.tt.prefetcher_common:__init__:33 - Running TtLlamaPrefetcherSetup
2026-08-29 11:30:44.874 | INFO     | models.demos.llama3_70b_galaxy.tt.generator:prefill_forward_text:551 - Prefilling User 0, use_batched_prefill: False, prompt_lens: 128, prefill_seq_len: 128, num_cached_tokens: 0
2026-08-29 11:30:44.875 | INFO     | models.demos.llama3_70b_galaxy.tt.generator:_easy_trace_prefill:1042 - Executing prefill trace
2026-08-29 11:30:44.884 | INFO     | models.demos.llama3_70b_galaxy.tt.prefetcher_common:__init__:33 - Running TtLlamaPrefetcherSetup
2026-08-29 11:30:44.925 | INFO     | models.demos.llama3_70b_galaxy.tt.generator:prefill_forward_text:851 - Finished prefill for all users up to 128 tokens.
2026-08-29 11:30:44.925 | INFO     | models.demos.llama3_70b_galaxy.tt.generator:prefill_warmup:296 - Warming up prefill sequence length: 128 for batch size: 1 with sampling params: None
2026-08-29 11:30:44.925 | INFO     | models.demos.llama3_70b_galaxy.tt.prefetcher_common:__init__:33 - Running TtLlamaPrefetcherSetup
2026-08-29 11:30:44.926 | INFO     | models.demos.llama3_70b_galaxy.tt.generator:prefill_forward_text:551 - Prefilling User 0, use_batched_prefill: False, prompt_lens: 128, prefill_seq_len: 128, num_cached_tokens: 0
2026-08-29 11:30:44.926 | INFO     | models.demos.llama3_70b_galaxy.tt.generator:_easy_trace_prefill:1042 - Executing prefill trace
2026-08-29 11:30:45.435 | INFO     | models.demos.llama3_70b_galaxy.tt.generator:prefill_warmup:270 - Running warmup prefill for sequence length: 128, batch size: 32
2026-08-29 11:30:45.436 | INFO     | models.demos.llama3_70b_galaxy.tt.generator:prefill_warmup:296 - Warming up prefill sequence length: 128 for batch size: 32 with sampling params: None
2026-08-29 11:30:45.436 | INFO     | models.demos.llama3_70b_galaxy.tt.generator:prefill_forward_text:551 - Prefilling User [0, 1, 2, 3, 4, 5, 6, 7, 8, 9, 10, 11, 12, 13, 14, 15, 16, 17, 18, 19, 20, 21, 22, 23, 24, 25, 26, 27, 28, 29, 30, 31], use_batched_prefill: True, prompt_lens: [128, 128, 128, 128, 128, 128, 128, 128, 128, 128, 128, 128, 128, 128, 128, 128, 128, 128, 128, 128, 128, 128, 128, 128, 128, 128, 128, 128, 128, 128, 128, 128], prefill_seq_len: 128, num_cached_tokens: 0
2026-08-29 11:30:45.651 | info     |           Metal | Finalize dfb: dfb_offset == base_offset: 80, dfb size: 32, return value: 112 (dataflow_buffer.cpp:1656)
2026-08-29 11:30:45.651 | info     |           Metal | Finalize dfb: dfb_offset == base_offset: 0, dfb size: 0, return value: 0 (dataflow_buffer.cpp:1656)
2026-08-29 11:30:45.651 | info     |           Metal | Finalize dfb: dfb_offset == base_offset: 0, dfb size: 0, return value: 0 (dataflow_buffer.cpp:1656)
2026-08-29 11:30:47.234 | info     |           Metal | Finalize dfb: dfb_offset == base_offset: 80, dfb size: 32, return value: 112 (dataflow_buffer.cpp:1656)
2026-08-29 11:30:47.234 | info     |           Metal | Finalize dfb: dfb_offset == base_offset: 0, dfb size: 0, return value: 0 (dataflow_buffer.cpp:1656)
2026-08-29 11:30:47.234 | info     |           Metal | Finalize dfb: dfb_offset == base_offset: 0, dfb size: 0, return value: 0 (dataflow_buffer.cpp:1656)
2026-08-29 11:30:47.283 | warning  |              Op | rotary_embedding_llama sequence tile coverage mismatch: input_Ht=4, cos_Ht=4096, sin_Ht=4096, rotary_Ht=4. Tiles beyond rotary_Ht will be zero-filled in the output. (rotary_embedding_llama_multi_core_program_factory.cpp:62)
2026-08-29 11:30:47.360 | info     |           Metal | Finalize dfb: dfb_offset == base_offset: 144, dfb size: 144, return value: 288 (dataflow_buffer.cpp:1656)
2026-08-29 11:30:47.360 | info     |           Metal | Finalize dfb: dfb_offset == base_offset: 0, dfb size: 0, return value: 0 (dataflow_buffer.cpp:1656)
2026-08-29 11:30:47.360 | info     |           Metal | Finalize dfb: dfb_offset == base_offset: 0, dfb size: 0, return value: 0 (dataflow_buffer.cpp:1656)
2026-08-29 11:30:47.432 | info     |           Metal | Finalize dfb: dfb_offset == base_offset: 80, dfb size: 32, return value: 112 (dataflow_buffer.cpp:1656)
2026-08-29 11:30:47.432 | info     |           Metal | Finalize dfb: dfb_offset == base_offset: 0, dfb size: 0, return value: 0 (dataflow_buffer.cpp:1656)
2026-08-29 11:30:47.432 | info     |           Metal | Finalize dfb: dfb_offset == base_offset: 0, dfb size: 0, return value: 0 (dataflow_buffer.cpp:1656)
2026-08-29 11:30:47.474 | warning  |              Op | rotary_embedding_llama sequence tile coverage mismatch: input_Ht=4, cos_Ht=4096, sin_Ht=4096, rotary_Ht=4. Tiles beyond rotary_Ht will be zero-filled in the output. (rotary_embedding_llama_multi_core_program_factory.cpp:62)
2026-08-29 11:30:47.481 | info     |           Metal | Finalize dfb: dfb_offset == base_offset: 144, dfb size: 144, return value: 288 (dataflow_buffer.cpp:1656)
2026-08-29 11:30:47.481 | info     |           Metal | Finalize dfb: dfb_offset == base_offset: 0, dfb size: 0, return value: 0 (dataflow_buffer.cpp:1656)
2026-08-29 11:30:47.481 | info     |           Metal | Finalize dfb: dfb_offset == base_offset: 0, dfb size: 0, return value: 0 (dataflow_buffer.cpp:1656)
2026-08-29 11:30:47.593 | info     |           Metal | Finalize dfb: dfb_offset == base_offset: 80, dfb size: 32, return value: 112 (dataflow_buffer.cpp:1656)
2026-08-29 11:30:47.593 | info     |           Metal | Finalize dfb: dfb_offset == base_offset: 0, dfb size: 0, return value: 0 (dataflow_buffer.cpp:1656)
2026-08-29 11:30:47.593 | info     |           Metal | Finalize dfb: dfb_offset == base_offset: 0, dfb size: 0, return value: 0 (dataflow_buffer.cpp:1656)
2026-08-29 11:30:47.687 | info     |           Metal | Finalize dfb: dfb_offset == base_offset: 80, dfb size: 32, return value: 112 (dataflow_buffer.cpp:1656)
2026-08-29 11:30:47.687 | info     |           Metal | Finalize dfb: dfb_offset == base_offset: 0, dfb size: 0, return value: 0 (dataflow_buffer.cpp:1656)
2026-08-29 11:30:47.687 | info     |           Metal | Finalize dfb: dfb_offset == base_offset: 0, dfb size: 0, return value: 0 (dataflow_buffer.cpp:1656)
2026-08-29 11:30:47.860 | info     |           Metal | Finalize dfb: dfb_offset == base_offset: 80, dfb size: 32, return value: 112 (dataflow_buffer.cpp:1656)
2026-08-29 11:30:47.860 | info     |           Metal | Finalize dfb: dfb_offset == base_offset: 0, dfb size: 0, return value: 0 (dataflow_buffer.cpp:1656)
2026-08-29 11:30:47.860 | info     |           Metal | Finalize dfb: dfb_offset == base_offset: 0, dfb size: 0, return value: 0 (dataflow_buffer.cpp:1656)
2026-08-29 11:30:51.329 | INFO     | models.demos.llama3_70b_galaxy.tt.generator:_capture_trace_prefill:1135 - Done Compiling Model
2026-08-29 11:30:53.793 | INFO     | models.demos.llama3_70b_galaxy.tt.generator:_capture_trace_prefill:1175 - Done Capturing Prefill Trace
2026-08-29 11:30:53.793 | INFO     | models.demos.llama3_70b_galaxy.tt.generator:_easy_trace_prefill:1042 - Executing prefill trace
2026-08-29 11:30:54.584 | INFO     | models.demos.llama3_70b_galaxy.tt.generator:prefill_warmup:270 - Running warmup prefill for sequence length: 1024, batch size: 1
2026-08-29 11:30:54.584 | INFO     | models.demos.llama3_70b_galaxy.tt.generator:prefill_warmup:296 - Warming up prefill sequence length: 1024 for batch size: 1 with sampling params: None
2026-08-29 11:30:54.584 | INFO     | models.demos.llama3_70b_galaxy.tt.generator:prefill_forward_text:551 - Prefilling User 0, use_batched_prefill: False, prompt_lens: 1024, prefill_seq_len: 1024, num_cached_tokens: 0
2026-08-29 11:30:54.800 | info     |           Metal | Finalize dfb: dfb_offset == base_offset: 80, dfb size: 32, return value: 112 (dataflow_buffer.cpp:1656)
2026-08-29 11:30:54.800 | info     |           Metal | Finalize dfb: dfb_offset == base_offset: 0, dfb size: 0, return value: 0 (dataflow_buffer.cpp:1656)
2026-08-29 11:30:54.800 | info     |           Metal | Finalize dfb: dfb_offset == base_offset: 0, dfb size: 0, return value: 0 (dataflow_buffer.cpp:1656)
2026-08-29 11:30:56.609 | info     |           Metal | Finalize dfb: dfb_offset == base_offset: 80, dfb size: 32, return value: 112 (dataflow_buffer.cpp:1656)
2026-08-29 11:30:56.609 | info     |           Metal | Finalize dfb: dfb_offset == base_offset: 0, dfb size: 0, return value: 0 (dataflow_buffer.cpp:1656)
2026-08-29 11:30:56.609 | info     |           Metal | Finalize dfb: dfb_offset == base_offset: 0, dfb size: 0, return value: 0 (dataflow_buffer.cpp:1656)
2026-08-29 11:30:56.684 | warning  |              Op | rotary_embedding_llama sequence tile coverage mismatch: input_Ht=32, cos_Ht=4096, sin_Ht=4096, rotary_Ht=32. Tiles beyond rotary_Ht will be zero-filled in the output. (rotary_embedding_llama_multi_core_program_factory.cpp:62)
2026-08-29 11:30:56.762 | info     |           Metal | Finalize dfb: dfb_offset == base_offset: 144, dfb size: 144, return value: 288 (dataflow_buffer.cpp:1656)
2026-08-29 11:30:56.762 | info     |           Metal | Finalize dfb: dfb_offset == base_offset: 0, dfb size: 0, return value: 0 (dataflow_buffer.cpp:1656)
2026-08-29 11:30:56.762 | info     |           Metal | Finalize dfb: dfb_offset == base_offset: 0, dfb size: 0, return value: 0 (dataflow_buffer.cpp:1656)
2026-08-29 11:30:56.770 | info     |           Metal | Finalize dfb: dfb_offset == base_offset: 80, dfb size: 32, return value: 112 (dataflow_buffer.cpp:1656)
2026-08-29 11:30:56.770 | info     |           Metal | Finalize dfb: dfb_offset == base_offset: 0, dfb size: 0, return value: 0 (dataflow_buffer.cpp:1656)
2026-08-29 11:30:56.770 | info     |           Metal | Finalize dfb: dfb_offset == base_offset: 0, dfb size: 0, return value: 0 (dataflow_buffer.cpp:1656)
2026-08-29 11:30:56.841 | warning  |              Op | rotary_embedding_llama sequence tile coverage mismatch: input_Ht=32, cos_Ht=4096, sin_Ht=4096, rotary_Ht=32. Tiles beyond rotary_Ht will be zero-filled in the output. (rotary_embedding_llama_multi_core_program_factory.cpp:62)
2026-08-29 11:30:56.914 | info     |           Metal | Finalize dfb: dfb_offset == base_offset: 144, dfb size: 144, return value: 288 (dataflow_buffer.cpp:1656)
2026-08-29 11:30:56.914 | info     |           Metal | Finalize dfb: dfb_offset == base_offset: 0, dfb size: 0, return value: 0 (dataflow_buffer.cpp:1656)
2026-08-29 11:30:56.914 | info     |           Metal | Finalize dfb: dfb_offset == base_offset: 0, dfb size: 0, return value: 0 (dataflow_buffer.cpp:1656)
2026-08-29 11:30:56.920 | info     |           Metal | Finalize dfb: dfb_offset == base_offset: 80, dfb size: 32, return value: 112 (dataflow_buffer.cpp:1656)
2026-08-29 11:30:56.920 | info     |           Metal | Finalize dfb: dfb_offset == base_offset: 0, dfb size: 0, return value: 0 (dataflow_buffer.cpp:1656)
2026-08-29 11:30:56.920 | info     |           Metal | Finalize dfb: dfb_offset == base_offset: 0, dfb size: 0, return value: 0 (dataflow_buffer.cpp:1656)
2026-08-29 11:30:56.986 | info     |           Metal | Finalize dfb: dfb_offset == base_offset: 80, dfb size: 32, return value: 112 (dataflow_buffer.cpp:1656)
2026-08-29 11:30:56.986 | info     |           Metal | Finalize dfb: dfb_offset == base_offset: 0, dfb size: 0, return value: 0 (dataflow_buffer.cpp:1656)
2026-08-29 11:30:56.986 | info     |           Metal | Finalize dfb: dfb_offset == base_offset: 0, dfb size: 0, return value: 0 (dataflow_buffer.cpp:1656)
2026-08-29 11:30:57.183 | info     |           Metal | Finalize dfb: dfb_offset == base_offset: 80, dfb size: 32, return value: 112 (dataflow_buffer.cpp:1656)
2026-08-29 11:30:57.183 | info     |           Metal | Finalize dfb: dfb_offset == base_offset: 0, dfb size: 0, return value: 0 (dataflow_buffer.cpp:1656)
2026-08-29 11:30:57.183 | info     |           Metal | Finalize dfb: dfb_offset == base_offset: 0, dfb size: 0, return value: 0 (dataflow_buffer.cpp:1656)
2026-08-29 11:31:00.970 | INFO     | models.demos.llama3_70b_galaxy.tt.generator:_capture_trace_prefill:1135 - Done Compiling Model
2026-08-29 11:31:02.925 | INFO     | models.demos.llama3_70b_galaxy.tt.generator:_capture_trace_prefill:1175 - Done Capturing Prefill Trace
2026-08-29 11:31:02.926 | INFO     | models.demos.llama3_70b_galaxy.tt.generator:_easy_trace_prefill:1042 - Executing prefill trace
2026-08-29 11:31:03.166 | INFO     | models.demos.llama3_70b_galaxy.tt.generator:prefill_warmup:270 - Running warmup prefill for sequence length: 1024, batch size: 32
2026-08-29 11:31:03.167 | INFO     | models.demos.llama3_70b_galaxy.tt.generator:prefill_warmup:296 - Warming up prefill sequence length: 1024 for batch size: 32 with sampling params: None
2026-08-29 11:31:03.167 | INFO     | models.demos.llama3_70b_galaxy.tt.generator:prefill_forward_text:551 - Prefilling User 0, use_batched_prefill: False, prompt_lens: 1024, prefill_seq_len: 1024, num_cached_tokens: 0
2026-08-29 11:31:03.167 | INFO     | models.demos.llama3_70b_galaxy.tt.generator:_easy_trace_prefill:1042 - Executing prefill trace
2026-08-29 11:31:03.308 | INFO     | models.demos.llama3_70b_galaxy.tt.generator:prefill_forward_text:551 - Prefilling User 1, use_batched_prefill: False, prompt_lens: 1024, prefill_seq_len: 1024, num_cached_tokens: 0
2026-08-29 11:31:03.309 | INFO     | models.demos.llama3_70b_galaxy.tt.generator:_easy_trace_prefill:1042 - Executing prefill trace
2026-08-29 11:31:03.452 | INFO     | models.demos.llama3_70b_galaxy.tt.generator:prefill_forward_text:551 - Prefilling User 2, use_batched_prefill: False, prompt_lens: 1024, prefill_seq_len: 1024, num_cached_tokens: 0
2026-08-29 11:31:03.453 | INFO     | models.demos.llama3_70b_galaxy.tt.generator:_easy_trace_prefill:1042 - Executing prefill trace
2026-08-29 11:31:03.597 | INFO     | models.demos.llama3_70b_galaxy.tt.generator:prefill_forward_text:551 - Prefilling User 3, use_batched_prefill: False, prompt_lens: 1024, prefill_seq_len: 1024, num_cached_tokens: 0
2026-08-29 11:31:03.597 | INFO     | models.demos.llama3_70b_galaxy.tt.generator:_easy_trace_prefill:1042 - Executing prefill trace
2026-08-29 11:31:03.741 | INFO     | models.demos.llama3_70b_galaxy.tt.generator:prefill_forward_text:551 - Prefilling User 4, use_batched_prefill: False, prompt_lens: 1024, prefill_seq_len: 1024, num_cached_tokens: 0
2026-08-29 11:31:03.741 | INFO     | models.demos.llama3_70b_galaxy.tt.generator:_easy_trace_prefill:1042 - Executing prefill trace
2026-08-29 11:31:03.882 | INFO     | models.demos.llama3_70b_galaxy.tt.generator:prefill_forward_text:551 - Prefilling User 5, use_batched_prefill: False, prompt_lens: 1024, prefill_seq_len: 1024, num_cached_tokens: 0
2026-08-29 11:31:03.883 | INFO     | models.demos.llama3_70b_galaxy.tt.generator:_easy_trace_prefill:1042 - Executing prefill trace
2026-08-29 11:31:04.024 | INFO     | models.demos.llama3_70b_galaxy.tt.generator:prefill_forward_text:551 - Prefilling User 6, use_batched_prefill: False, prompt_lens: 1024, prefill_seq_len: 1024, num_cached_tokens: 0
2026-08-29 11:31:04.025 | INFO     | models.demos.llama3_70b_galaxy.tt.generator:_easy_trace_prefill:1042 - Executing prefill trace
2026-08-29 11:31:04.168 | INFO     | models.demos.llama3_70b_galaxy.tt.generator:prefill_forward_text:551 - Prefilling User 7, use_batched_prefill: False, prompt_lens: 1024, prefill_seq_len: 1024, num_cached_tokens: 0
2026-08-29 11:31:04.168 | INFO     | models.demos.llama3_70b_galaxy.tt.generator:_easy_trace_prefill:1042 - Executing prefill trace
2026-08-29 11:31:04.312 | INFO     | models.demos.llama3_70b_galaxy.tt.generator:prefill_forward_text:551 - Prefilling User 8, use_batched_prefill: False, prompt_lens: 1024, prefill_seq_len: 1024, num_cached_tokens: 0
2026-08-29 11:31:04.312 | INFO     | models.demos.llama3_70b_galaxy.tt.generator:_easy_trace_prefill:1042 - Executing prefill trace
2026-08-29 11:31:04.456 | INFO     | models.demos.llama3_70b_galaxy.tt.generator:prefill_forward_text:551 - Prefilling User 9, use_batched_prefill: False, prompt_lens: 1024, prefill_seq_len: 1024, num_cached_tokens: 0
2026-08-29 11:31:04.456 | INFO     | models.demos.llama3_70b_galaxy.tt.generator:_easy_trace_prefill:1042 - Executing prefill trace
2026-08-29 11:31:04.600 | INFO     | models.demos.llama3_70b_galaxy.tt.generator:prefill_forward_text:551 - Prefilling User 10, use_batched_prefill: False, prompt_lens: 1024, prefill_seq_len: 1024, num_cached_tokens: 0
2026-08-29 11:31:04.600 | INFO     | models.demos.llama3_70b_galaxy.tt.generator:_easy_trace_prefill:1042 - Executing prefill trace
2026-08-29 11:31:04.744 | INFO     | models.demos.llama3_70b_galaxy.tt.generator:prefill_forward_text:551 - Prefilling User 11, use_batched_prefill: False, prompt_lens: 1024, prefill_seq_len: 1024, num_cached_tokens: 0
2026-08-29 11:31:04.744 | INFO     | models.demos.llama3_70b_galaxy.tt.generator:_easy_trace_prefill:1042 - Executing prefill trace
2026-08-29 11:31:04.888 | INFO     | models.demos.llama3_70b_galaxy.tt.generator:prefill_forward_text:551 - Prefilling User 12, use_batched_prefill: False, prompt_lens: 1024, prefill_seq_len: 1024, num_cached_tokens: 0
2026-08-29 11:31:04.888 | INFO     | models.demos.llama3_70b_galaxy.tt.generator:_easy_trace_prefill:1042 - Executing prefill trace
2026-08-29 11:31:05.035 | INFO     | models.demos.llama3_70b_galaxy.tt.generator:prefill_forward_text:551 - Prefilling User 13, use_batched_prefill: False, prompt_lens: 1024, prefill_seq_len: 1024, num_cached_tokens: 0
2026-08-29 11:31:05.035 | INFO     | models.demos.llama3_70b_galaxy.tt.generator:_easy_trace_prefill:1042 - Executing prefill trace
2026-08-29 11:31:05.179 | INFO     | models.demos.llama3_70b_galaxy.tt.generator:prefill_forward_text:551 - Prefilling User 14, use_batched_prefill: False, prompt_lens: 1024, prefill_seq_len: 1024, num_cached_tokens: 0
2026-08-29 11:31:05.180 | INFO     | models.demos.llama3_70b_galaxy.tt.generator:_easy_trace_prefill:1042 - Executing prefill trace
2026-08-29 11:31:05.325 | INFO     | models.demos.llama3_70b_galaxy.tt.generator:prefill_forward_text:551 - Prefilling User 15, use_batched_prefill: False, prompt_lens: 1024, prefill_seq_len: 1024, num_cached_tokens: 0
2026-08-29 11:31:05.326 | INFO     | models.demos.llama3_70b_galaxy.tt.generator:_easy_trace_prefill:1042 - Executing prefill trace
2026-08-29 11:31:05.469 | INFO     | models.demos.llama3_70b_galaxy.tt.generator:prefill_forward_text:551 - Prefilling User 16, use_batched_prefill: False, prompt_lens: 1024, prefill_seq_len: 1024, num_cached_tokens: 0
2026-08-29 11:31:05.470 | INFO     | models.demos.llama3_70b_galaxy.tt.generator:_easy_trace_prefill:1042 - Executing prefill trace
2026-08-29 11:31:05.613 | INFO     | models.demos.llama3_70b_galaxy.tt.generator:prefill_forward_text:551 - Prefilling User 17, use_batched_prefill: False, prompt_lens: 1024, prefill_seq_len: 1024, num_cached_tokens: 0
2026-08-29 11:31:05.614 | INFO     | models.demos.llama3_70b_galaxy.tt.generator:_easy_trace_prefill:1042 - Executing prefill trace
2026-08-29 11:31:05.757 | INFO     | models.demos.llama3_70b_galaxy.tt.generator:prefill_forward_text:551 - Prefilling User 18, use_batched_prefill: False, prompt_lens: 1024, prefill_seq_len: 1024, num_cached_tokens: 0
2026-08-29 11:31:05.758 | INFO     | models.demos.llama3_70b_galaxy.tt.generator:_easy_trace_prefill:1042 - Executing prefill trace
2026-08-29 11:31:05.902 | INFO     | models.demos.llama3_70b_galaxy.tt.generator:prefill_forward_text:551 - Prefilling User 19, use_batched_prefill: False, prompt_lens: 1024, prefill_seq_len: 1024, num_cached_tokens: 0
2026-08-29 11:31:05.902 | INFO     | models.demos.llama3_70b_galaxy.tt.generator:_easy_trace_prefill:1042 - Executing prefill trace
2026-08-29 11:31:06.043 | INFO     | models.demos.llama3_70b_galaxy.tt.generator:prefill_forward_text:551 - Prefilling User 20, use_batched_prefill: False, prompt_lens: 1024, prefill_seq_len: 1024, num_cached_tokens: 0
2026-08-29 11:31:06.044 | INFO     | models.demos.llama3_70b_galaxy.tt.generator:_easy_trace_prefill:1042 - Executing prefill trace
2026-08-29 11:31:06.187 | INFO     | models.demos.llama3_70b_galaxy.tt.generator:prefill_forward_text:551 - Prefilling User 21, use_batched_prefill: False, prompt_lens: 1024, prefill_seq_len: 1024, num_cached_tokens: 0
2026-08-29 11:31:06.188 | INFO     | models.demos.llama3_70b_galaxy.tt.generator:_easy_trace_prefill:1042 - Executing prefill trace
2026-08-29 11:31:06.332 | INFO     | models.demos.llama3_70b_galaxy.tt.generator:prefill_forward_text:551 - Prefilling User 22, use_batched_prefill: False, prompt_lens: 1024, prefill_seq_len: 1024, num_cached_tokens: 0
2026-08-29 11:31:06.333 | INFO     | models.demos.llama3_70b_galaxy.tt.generator:_easy_trace_prefill:1042 - Executing prefill trace
2026-08-29 11:31:06.476 | INFO     | models.demos.llama3_70b_galaxy.tt.generator:prefill_forward_text:551 - Prefilling User 23, use_batched_prefill: False, prompt_lens: 1024, prefill_seq_len: 1024, num_cached_tokens: 0
2026-08-29 11:31:06.477 | INFO     | models.demos.llama3_70b_galaxy.tt.generator:_easy_trace_prefill:1042 - Executing prefill trace
2026-08-29 11:31:06.620 | INFO     | models.demos.llama3_70b_galaxy.tt.generator:prefill_forward_text:551 - Prefilling User 24, use_batched_prefill: False, prompt_lens: 1024, prefill_seq_len: 1024, num_cached_tokens: 0
2026-08-29 11:31:06.621 | INFO     | models.demos.llama3_70b_galaxy.tt.generator:_easy_trace_prefill:1042 - Executing prefill trace
2026-08-29 11:31:06.764 | INFO     | models.demos.llama3_70b_galaxy.tt.generator:prefill_forward_text:551 - Prefilling User 25, use_batched_prefill: False, prompt_lens: 1024, prefill_seq_len: 1024, num_cached_tokens: 0
2026-08-29 11:31:06.765 | INFO     | models.demos.llama3_70b_galaxy.tt.generator:_easy_trace_prefill:1042 - Executing prefill trace
2026-08-29 11:31:06.908 | INFO     | models.demos.llama3_70b_galaxy.tt.generator:prefill_forward_text:551 - Prefilling User 26, use_batched_prefill: False, prompt_lens: 1024, prefill_seq_len: 1024, num_cached_tokens: 0
2026-08-29 11:31:06.909 | INFO     | models.demos.llama3_70b_galaxy.tt.generator:_easy_trace_prefill:1042 - Executing prefill trace
2026-08-29 11:31:07.053 | INFO     | models.demos.llama3_70b_galaxy.tt.generator:prefill_forward_text:551 - Prefilling User 27, use_batched_prefill: False, prompt_lens: 1024, prefill_seq_len: 1024, num_cached_tokens: 0
2026-08-29 11:31:07.053 | INFO     | models.demos.llama3_70b_galaxy.tt.generator:_easy_trace_prefill:1042 - Executing prefill trace
2026-08-29 11:31:07.194 | INFO     | models.demos.llama3_70b_galaxy.tt.generator:prefill_forward_text:551 - Prefilling User 28, use_batched_prefill: False, prompt_lens: 1024, prefill_seq_len: 1024, num_cached_tokens: 0
2026-08-29 11:31:07.195 | INFO     | models.demos.llama3_70b_galaxy.tt.generator:_easy_trace_prefill:1042 - Executing prefill trace
2026-08-29 11:31:07.338 | INFO     | models.demos.llama3_70b_galaxy.tt.generator:prefill_forward_text:551 - Prefilling User 29, use_batched_prefill: False, prompt_lens: 1024, prefill_seq_len: 1024, num_cached_tokens: 0
2026-08-29 11:31:07.339 | INFO     | models.demos.llama3_70b_galaxy.tt.generator:_easy_trace_prefill:1042 - Executing prefill trace
2026-08-29 11:31:07.483 | INFO     | models.demos.llama3_70b_galaxy.tt.generator:prefill_forward_text:551 - Prefilling User 30, use_batched_prefill: False, prompt_lens: 1024, prefill_seq_len: 1024, num_cached_tokens: 0
2026-08-29 11:31:07.483 | INFO     | models.demos.llama3_70b_galaxy.tt.generator:_easy_trace_prefill:1042 - Executing prefill trace
2026-08-29 11:31:07.627 | INFO     | models.demos.llama3_70b_galaxy.tt.generator:prefill_forward_text:551 - Prefilling User 31, use_batched_prefill: False, prompt_lens: 1024, prefill_seq_len: 1024, num_cached_tokens: 0
2026-08-29 11:31:07.627 | INFO     | models.demos.llama3_70b_galaxy.tt.generator:_easy_trace_prefill:1042 - Executing prefill trace
2026-08-29 11:31:07.771 | INFO     | models.demos.llama3_70b_galaxy.tt.generator:prefill_warmup:270 - Running warmup prefill for sequence length: 2048, batch size: 1
2026-08-29 11:31:07.771 | INFO     | models.demos.llama3_70b_galaxy.tt.generator:prefill_warmup:296 - Warming up prefill sequence length: 2048 for batch size: 1 with sampling params: None
2026-08-29 11:31:07.771 | INFO     | models.demos.llama3_70b_galaxy.tt.generator:prefill_forward_text:551 - Prefilling User 0, use_batched_prefill: False, prompt_lens: 2048, prefill_seq_len: 2048, num_cached_tokens: 0
2026-08-29 11:31:08.063 | info     |           Metal | Finalize dfb: dfb_offset == base_offset: 80, dfb size: 32, return value: 112 (dataflow_buffer.cpp:1656)
2026-08-29 11:31:08.063 | info     |           Metal | Finalize dfb: dfb_offset == base_offset: 0, dfb size: 0, return value: 0 (dataflow_buffer.cpp:1656)
2026-08-29 11:31:08.063 | info     |           Metal | Finalize dfb: dfb_offset == base_offset: 0, dfb size: 0, return value: 0 (dataflow_buffer.cpp:1656)
2026-08-29 11:31:10.142 | info     |           Metal | Finalize dfb: dfb_offset == base_offset: 80, dfb size: 32, return value: 112 (dataflow_buffer.cpp:1656)
2026-08-29 11:31:10.142 | info     |           Metal | Finalize dfb: dfb_offset == base_offset: 0, dfb size: 0, return value: 0 (dataflow_buffer.cpp:1656)
2026-08-29 11:31:10.142 | info     |           Metal | Finalize dfb: dfb_offset == base_offset: 0, dfb size: 0, return value: 0 (dataflow_buffer.cpp:1656)
2026-08-29 11:31:10.240 | warning  |              Op | rotary_embedding_llama sequence tile coverage mismatch: input_Ht=64, cos_Ht=4096, sin_Ht=4096, rotary_Ht=64. Tiles beyond rotary_Ht will be zero-filled in the output. (rotary_embedding_llama_multi_core_program_factory.cpp:62)
2026-08-29 11:31:10.314 | info     |           Metal | Finalize dfb: dfb_offset == base_offset: 144, dfb size: 144, return value: 288 (dataflow_buffer.cpp:1656)
2026-08-29 11:31:10.314 | info     |           Metal | Finalize dfb: dfb_offset == base_offset: 0, dfb size: 0, return value: 0 (dataflow_buffer.cpp:1656)
2026-08-29 11:31:10.314 | info     |           Metal | Finalize dfb: dfb_offset == base_offset: 0, dfb size: 0, return value: 0 (dataflow_buffer.cpp:1656)
2026-08-29 11:31:10.400 | info     |           Metal | Finalize dfb: dfb_offset == base_offset: 80, dfb size: 32, return value: 112 (dataflow_buffer.cpp:1656)
2026-08-29 11:31:10.400 | info     |           Metal | Finalize dfb: dfb_offset == base_offset: 0, dfb size: 0, return value: 0 (dataflow_buffer.cpp:1656)
2026-08-29 11:31:10.400 | info     |           Metal | Finalize dfb: dfb_offset == base_offset: 0, dfb size: 0, return value: 0 (dataflow_buffer.cpp:1656)
2026-08-29 11:31:10.498 | warning  |              Op | rotary_embedding_llama sequence tile coverage mismatch: input_Ht=64, cos_Ht=4096, sin_Ht=4096, rotary_Ht=64. Tiles beyond rotary_Ht will be zero-filled in the output. (rotary_embedding_llama_multi_core_program_factory.cpp:62)
2026-08-29 11:31:10.579 | info     |           Metal | Finalize dfb: dfb_offset == base_offset: 144, dfb size: 144, return value: 288 (dataflow_buffer.cpp:1656)
2026-08-29 11:31:10.579 | info     |           Metal | Finalize dfb: dfb_offset == base_offset: 0, dfb size: 0, return value: 0 (dataflow_buffer.cpp:1656)
2026-08-29 11:31:10.579 | info     |           Metal | Finalize dfb: dfb_offset == base_offset: 0, dfb size: 0, return value: 0 (dataflow_buffer.cpp:1656)
2026-08-29 11:31:10.650 | info     |           Metal | Finalize dfb: dfb_offset == base_offset: 80, dfb size: 32, return value: 112 (dataflow_buffer.cpp:1656)
2026-08-29 11:31:10.650 | info     |           Metal | Finalize dfb: dfb_offset == base_offset: 0, dfb size: 0, return value: 0 (dataflow_buffer.cpp:1656)
2026-08-29 11:31:10.650 | info     |           Metal | Finalize dfb: dfb_offset == base_offset: 0, dfb size: 0, return value: 0 (dataflow_buffer.cpp:1656)
2026-08-29 11:31:10.722 | info     |           Metal | Finalize dfb: dfb_offset == base_offset: 80, dfb size: 32, return value: 112 (dataflow_buffer.cpp:1656)
2026-08-29 11:31:10.722 | info     |           Metal | Finalize dfb: dfb_offset == base_offset: 0, dfb size: 0, return value: 0 (dataflow_buffer.cpp:1656)
2026-08-29 11:31:10.722 | info     |           Metal | Finalize dfb: dfb_offset == base_offset: 0, dfb size: 0, return value: 0 (dataflow_buffer.cpp:1656)
2026-08-29 11:31:10.939 | info     |           Metal | Finalize dfb: dfb_offset == base_offset: 80, dfb size: 32, return value: 112 (dataflow_buffer.cpp:1656)
2026-08-29 11:31:10.939 | info     |           Metal | Finalize dfb: dfb_offset == base_offset: 0, dfb size: 0, return value: 0 (dataflow_buffer.cpp:1656)
2026-08-29 11:31:10.939 | info     |           Metal | Finalize dfb: dfb_offset == base_offset: 0, dfb size: 0, return value: 0 (dataflow_buffer.cpp:1656)
2026-08-29 11:31:16.429 | INFO     | models.demos.llama3_70b_galaxy.tt.generator:_capture_trace_prefill:1135 - Done Compiling Model
2026-08-29 11:31:19.247 | INFO     | models.demos.llama3_70b_galaxy.tt.generator:_capture_trace_prefill:1175 - Done Capturing Prefill Trace
2026-08-29 11:31:19.248 | INFO     | models.demos.llama3_70b_galaxy.tt.generator:_easy_trace_prefill:1042 - Executing prefill trace
2026-08-29 11:31:19.620 | INFO     | models.demos.llama3_70b_galaxy.tt.generator:prefill_warmup:270 - Running warmup prefill for sequence length: 2048, batch size: 32
2026-08-29 11:31:19.620 | INFO     | models.demos.llama3_70b_galaxy.tt.generator:prefill_warmup:296 - Warming up prefill sequence length: 2048 for batch size: 32 with sampling params: None
2026-08-29 11:31:19.621 | INFO     | models.demos.llama3_70b_galaxy.tt.generator:prefill_forward_text:551 - Prefilling User 0, use_batched_prefill: False, prompt_lens: 2048, prefill_seq_len: 2048, num_cached_tokens: 0
2026-08-29 11:31:19.621 | INFO     | models.demos.llama3_70b_galaxy.tt.generator:_easy_trace_prefill:1042 - Executing prefill trace
2026-08-29 11:31:19.892 | INFO     | models.demos.llama3_70b_galaxy.tt.generator:prefill_forward_text:551 - Prefilling User 1, use_batched_prefill: False, prompt_lens: 2048, prefill_seq_len: 2048, num_cached_tokens: 0
2026-08-29 11:31:19.892 | INFO     | models.demos.llama3_70b_galaxy.tt.generator:_easy_trace_prefill:1042 - Executing prefill trace
2026-08-29 11:31:20.162 | INFO     | models.demos.llama3_70b_galaxy.tt.generator:prefill_forward_text:551 - Prefilling User 2, use_batched_prefill: False, prompt_lens: 2048, prefill_seq_len: 2048, num_cached_tokens: 0
2026-08-29 11:31:20.163 | INFO     | models.demos.llama3_70b_galaxy.tt.generator:_easy_trace_prefill:1042 - Executing prefill trace
2026-08-29 11:31:20.434 | INFO     | models.demos.llama3_70b_galaxy.tt.generator:prefill_forward_text:551 - Prefilling User 3, use_batched_prefill: False, prompt_lens: 2048, prefill_seq_len: 2048, num_cached_tokens: 0
2026-08-29 11:31:20.434 | INFO     | models.demos.llama3_70b_galaxy.tt.generator:_easy_trace_prefill:1042 - Executing prefill trace
2026-08-29 11:31:20.704 | INFO     | models.demos.llama3_70b_galaxy.tt.generator:prefill_forward_text:551 - Prefilling User 4, use_batched_prefill: False, prompt_lens: 2048, prefill_seq_len: 2048, num_cached_tokens: 0
2026-08-29 11:31:20.705 | INFO     | models.demos.llama3_70b_galaxy.tt.generator:_easy_trace_prefill:1042 - Executing prefill trace
2026-08-29 11:31:20.973 | INFO     | models.demos.llama3_70b_galaxy.tt.generator:prefill_forward_text:551 - Prefilling User 5, use_batched_prefill: False, prompt_lens: 2048, prefill_seq_len: 2048, num_cached_tokens: 0
2026-08-29 11:31:20.973 | INFO     | models.demos.llama3_70b_galaxy.tt.generator:_easy_trace_prefill:1042 - Executing prefill trace
2026-08-29 11:31:21.244 | INFO     | models.demos.llama3_70b_galaxy.tt.generator:prefill_forward_text:551 - Prefilling User 6, use_batched_prefill: False, prompt_lens: 2048, prefill_seq_len: 2048, num_cached_tokens: 0
2026-08-29 11:31:21.244 | INFO     | models.demos.llama3_70b_galaxy.tt.generator:_easy_trace_prefill:1042 - Executing prefill trace
2026-08-29 11:31:21.512 | INFO     | models.demos.llama3_70b_galaxy.tt.generator:prefill_forward_text:551 - Prefilling User 7, use_batched_prefill: False, prompt_lens: 2048, prefill_seq_len: 2048, num_cached_tokens: 0
2026-08-29 11:31:21.512 | INFO     | models.demos.llama3_70b_galaxy.tt.generator:_easy_trace_prefill:1042 - Executing prefill trace
2026-08-29 11:31:21.783 | INFO     | models.demos.llama3_70b_galaxy.tt.generator:prefill_forward_text:551 - Prefilling User 8, use_batched_prefill: False, prompt_lens: 2048, prefill_seq_len: 2048, num_cached_tokens: 0
2026-08-29 11:31:21.783 | INFO     | models.demos.llama3_70b_galaxy.tt.generator:_easy_trace_prefill:1042 - Executing prefill trace
2026-08-29 11:31:22.053 | INFO     | models.demos.llama3_70b_galaxy.tt.generator:prefill_forward_text:551 - Prefilling User 9, use_batched_prefill: False, prompt_lens: 2048, prefill_seq_len: 2048, num_cached_tokens: 0
2026-08-29 11:31:22.054 | INFO     | models.demos.llama3_70b_galaxy.tt.generator:_easy_trace_prefill:1042 - Executing prefill trace
2026-08-29 11:31:22.324 | INFO     | models.demos.llama3_70b_galaxy.tt.generator:prefill_forward_text:551 - Prefilling User 10, use_batched_prefill: False, prompt_lens: 2048, prefill_seq_len: 2048, num_cached_tokens: 0
2026-08-29 11:31:22.325 | INFO     | models.demos.llama3_70b_galaxy.tt.generator:_easy_trace_prefill:1042 - Executing prefill trace
2026-08-29 11:31:22.595 | INFO     | models.demos.llama3_70b_galaxy.tt.generator:prefill_forward_text:551 - Prefilling User 11, use_batched_prefill: False, prompt_lens: 2048, prefill_seq_len: 2048, num_cached_tokens: 0
2026-08-29 11:31:22.596 | INFO     | models.demos.llama3_70b_galaxy.tt.generator:_easy_trace_prefill:1042 - Executing prefill trace
2026-08-29 11:31:22.866 | INFO     | models.demos.llama3_70b_galaxy.tt.generator:prefill_forward_text:551 - Prefilling User 12, use_batched_prefill: False, prompt_lens: 2048, prefill_seq_len: 2048, num_cached_tokens: 0
2026-08-29 11:31:22.866 | INFO     | models.demos.llama3_70b_galaxy.tt.generator:_easy_trace_prefill:1042 - Executing prefill trace
2026-08-29 11:31:23.137 | INFO     | models.demos.llama3_70b_galaxy.tt.generator:prefill_forward_text:551 - Prefilling User 13, use_batched_prefill: False, prompt_lens: 2048, prefill_seq_len: 2048, num_cached_tokens: 0
2026-08-29 11:31:23.137 | INFO     | models.demos.llama3_70b_galaxy.tt.generator:_easy_trace_prefill:1042 - Executing prefill trace
2026-08-29 11:31:23.405 | INFO     | models.demos.llama3_70b_galaxy.tt.generator:prefill_forward_text:551 - Prefilling User 14, use_batched_prefill: False, prompt_lens: 2048, prefill_seq_len: 2048, num_cached_tokens: 0
2026-08-29 11:31:23.405 | INFO     | models.demos.llama3_70b_galaxy.tt.generator:_easy_trace_prefill:1042 - Executing prefill trace
2026-08-29 11:31:23.673 | INFO     | models.demos.llama3_70b_galaxy.tt.generator:prefill_forward_text:551 - Prefilling User 15, use_batched_prefill: False, prompt_lens: 2048, prefill_seq_len: 2048, num_cached_tokens: 0
2026-08-29 11:31:23.673 | INFO     | models.demos.llama3_70b_galaxy.tt.generator:_easy_trace_prefill:1042 - Executing prefill trace
2026-08-29 11:31:23.944 | INFO     | models.demos.llama3_70b_galaxy.tt.generator:prefill_forward_text:551 - Prefilling User 16, use_batched_prefill: False, prompt_lens: 2048, prefill_seq_len: 2048, num_cached_tokens: 0
2026-08-29 11:31:23.944 | INFO     | models.demos.llama3_70b_galaxy.tt.generator:_easy_trace_prefill:1042 - Executing prefill trace
2026-08-29 11:31:24.214 | INFO     | models.demos.llama3_70b_galaxy.tt.generator:prefill_forward_text:551 - Prefilling User 17, use_batched_prefill: False, prompt_lens: 2048, prefill_seq_len: 2048, num_cached_tokens: 0
2026-08-29 11:31:24.215 | INFO     | models.demos.llama3_70b_galaxy.tt.generator:_easy_trace_prefill:1042 - Executing prefill trace
2026-08-29 11:31:24.485 | INFO     | models.demos.llama3_70b_galaxy.tt.generator:prefill_forward_text:551 - Prefilling User 18, use_batched_prefill: False, prompt_lens: 2048, prefill_seq_len: 2048, num_cached_tokens: 0
2026-08-29 11:31:24.486 | INFO     | models.demos.llama3_70b_galaxy.tt.generator:_easy_trace_prefill:1042 - Executing prefill trace
2026-08-29 11:31:24.754 | INFO     | models.demos.llama3_70b_galaxy.tt.generator:prefill_forward_text:551 - Prefilling User 19, use_batched_prefill: False, prompt_lens: 2048, prefill_seq_len: 2048, num_cached_tokens: 0
2026-08-29 11:31:24.754 | INFO     | models.demos.llama3_70b_galaxy.tt.generator:_easy_trace_prefill:1042 - Executing prefill trace
2026-08-29 11:31:25.025 | INFO     | models.demos.llama3_70b_galaxy.tt.generator:prefill_forward_text:551 - Prefilling User 20, use_batched_prefill: False, prompt_lens: 2048, prefill_seq_len: 2048, num_cached_tokens: 0
2026-08-29 11:31:25.026 | INFO     | models.demos.llama3_70b_galaxy.tt.generator:_easy_trace_prefill:1042 - Executing prefill trace
2026-08-29 11:31:25.296 | INFO     | models.demos.llama3_70b_galaxy.tt.generator:prefill_forward_text:551 - Prefilling User 21, use_batched_prefill: False, prompt_lens: 2048, prefill_seq_len: 2048, num_cached_tokens: 0
2026-08-29 11:31:25.297 | INFO     | models.demos.llama3_70b_galaxy.tt.generator:_easy_trace_prefill:1042 - Executing prefill trace
2026-08-29 11:31:25.565 | INFO     | models.demos.llama3_70b_galaxy.tt.generator:prefill_forward_text:551 - Prefilling User 22, use_batched_prefill: False, prompt_lens: 2048, prefill_seq_len: 2048, num_cached_tokens: 0
2026-08-29 11:31:25.566 | INFO     | models.demos.llama3_70b_galaxy.tt.generator:_easy_trace_prefill:1042 - Executing prefill trace
2026-08-29 11:31:25.836 | INFO     | models.demos.llama3_70b_galaxy.tt.generator:prefill_forward_text:551 - Prefilling User 23, use_batched_prefill: False, prompt_lens: 2048, prefill_seq_len: 2048, num_cached_tokens: 0
2026-08-29 11:31:25.837 | INFO     | models.demos.llama3_70b_galaxy.tt.generator:_easy_trace_prefill:1042 - Executing prefill trace
2026-08-29 11:31:26.107 | INFO     | models.demos.llama3_70b_galaxy.tt.generator:prefill_forward_text:551 - Prefilling User 24, use_batched_prefill: False, prompt_lens: 2048, prefill_seq_len: 2048, num_cached_tokens: 0
2026-08-29 11:31:26.108 | INFO     | models.demos.llama3_70b_galaxy.tt.generator:_easy_trace_prefill:1042 - Executing prefill trace
2026-08-29 11:31:26.378 | INFO     | models.demos.llama3_70b_galaxy.tt.generator:prefill_forward_text:551 - Prefilling User 25, use_batched_prefill: False, prompt_lens: 2048, prefill_seq_len: 2048, num_cached_tokens: 0
2026-08-29 11:31:26.379 | INFO     | models.demos.llama3_70b_galaxy.tt.generator:_easy_trace_prefill:1042 - Executing prefill trace
2026-08-29 11:31:26.649 | INFO     | models.demos.llama3_70b_galaxy.tt.generator:prefill_forward_text:551 - Prefilling User 26, use_batched_prefill: False, prompt_lens: 2048, prefill_seq_len: 2048, num_cached_tokens: 0
2026-08-29 11:31:26.650 | INFO     | models.demos.llama3_70b_galaxy.tt.generator:_easy_trace_prefill:1042 - Executing prefill trace
2026-08-29 11:31:26.917 | INFO     | models.demos.llama3_70b_galaxy.tt.generator:prefill_forward_text:551 - Prefilling User 27, use_batched_prefill: False, prompt_lens: 2048, prefill_seq_len: 2048, num_cached_tokens: 0
2026-08-29 11:31:26.917 | INFO     | models.demos.llama3_70b_galaxy.tt.generator:_easy_trace_prefill:1042 - Executing prefill trace
2026-08-29 11:31:27.188 | INFO     | models.demos.llama3_70b_galaxy.tt.generator:prefill_forward_text:551 - Prefilling User 28, use_batched_prefill: False, prompt_lens: 2048, prefill_seq_len: 2048, num_cached_tokens: 0
2026-08-29 11:31:27.188 | INFO     | models.demos.llama3_70b_galaxy.tt.generator:_easy_trace_prefill:1042 - Executing prefill trace
2026-08-29 11:31:27.459 | INFO     | models.demos.llama3_70b_galaxy.tt.generator:prefill_forward_text:551 - Prefilling User 29, use_batched_prefill: False, prompt_lens: 2048, prefill_seq_len: 2048, num_cached_tokens: 0
2026-08-29 11:31:27.459 | INFO     | models.demos.llama3_70b_galaxy.tt.generator:_easy_trace_prefill:1042 - Executing prefill trace
2026-08-29 11:31:27.730 | INFO     | models.demos.llama3_70b_galaxy.tt.generator:prefill_forward_text:551 - Prefilling User 30, use_batched_prefill: False, prompt_lens: 2048, prefill_seq_len: 2048, num_cached_tokens: 0
2026-08-29 11:31:27.730 | INFO     | models.demos.llama3_70b_galaxy.tt.generator:_easy_trace_prefill:1042 - Executing prefill trace
2026-08-29 11:31:28.000 | INFO     | models.demos.llama3_70b_galaxy.tt.generator:prefill_forward_text:551 - Prefilling User 31, use_batched_prefill: False, prompt_lens: 2048, prefill_seq_len: 2048, num_cached_tokens: 0
2026-08-29 11:31:28.001 | INFO     | models.demos.llama3_70b_galaxy.tt.generator:_easy_trace_prefill:1042 - Executing prefill trace
2026-08-29 11:31:28.271 | INFO     | models.demos.llama3_70b_galaxy.tt.generator:prefill_warmup:270 - Running warmup prefill for sequence length: 4096, batch size: 1
2026-08-29 11:31:28.272 | INFO     | models.demos.llama3_70b_galaxy.tt.generator:prefill_warmup:296 - Warming up prefill sequence length: 4096 for batch size: 1 with sampling params: None
2026-08-29 11:31:28.272 | INFO     | models.demos.llama3_70b_galaxy.tt.generator:prefill_forward_text:551 - Prefilling User 0, use_batched_prefill: False, prompt_lens: 4096, prefill_seq_len: 4096, num_cached_tokens: 0
2026-08-29 11:31:29.175 | info     |           Metal | Finalize dfb: dfb_offset == base_offset: 80, dfb size: 32, return value: 112 (dataflow_buffer.cpp:1656)
2026-08-29 11:31:29.175 | info     |           Metal | Finalize dfb: dfb_offset == base_offset: 0, dfb size: 0, return value: 0 (dataflow_buffer.cpp:1656)
2026-08-29 11:31:29.175 | info     |           Metal | Finalize dfb: dfb_offset == base_offset: 0, dfb size: 0, return value: 0 (dataflow_buffer.cpp:1656)
2026-08-29 11:31:29.301 | warning  |              Op | rotary_embedding_llama sequence tile coverage mismatch: input_Ht=128, cos_Ht=4096, sin_Ht=4096, rotary_Ht=128. Tiles beyond rotary_Ht will be zero-filled in the output. (rotary_embedding_llama_multi_core_program_factory.cpp:62)
2026-08-29 11:31:29.395 | info     |           Metal | Finalize dfb: dfb_offset == base_offset: 144, dfb size: 144, return value: 288 (dataflow_buffer.cpp:1656)
2026-08-29 11:31:29.395 | info     |           Metal | Finalize dfb: dfb_offset == base_offset: 0, dfb size: 0, return value: 0 (dataflow_buffer.cpp:1656)
2026-08-29 11:31:29.395 | info     |           Metal | Finalize dfb: dfb_offset == base_offset: 0, dfb size: 0, return value: 0 (dataflow_buffer.cpp:1656)
2026-08-29 11:31:29.403 | info     |           Metal | Finalize dfb: dfb_offset == base_offset: 80, dfb size: 32, return value: 112 (dataflow_buffer.cpp:1656)
2026-08-29 11:31:29.403 | info     |           Metal | Finalize dfb: dfb_offset == base_offset: 0, dfb size: 0, return value: 0 (dataflow_buffer.cpp:1656)
2026-08-29 11:31:29.403 | info     |           Metal | Finalize dfb: dfb_offset == base_offset: 0, dfb size: 0, return value: 0 (dataflow_buffer.cpp:1656)
2026-08-29 11:31:29.525 | warning  |              Op | rotary_embedding_llama sequence tile coverage mismatch: input_Ht=128, cos_Ht=4096, sin_Ht=4096, rotary_Ht=128. Tiles beyond rotary_Ht will be zero-filled in the output. (rotary_embedding_llama_multi_core_program_factory.cpp:62)
2026-08-29 11:31:29.597 | info     |           Metal | Finalize dfb: dfb_offset == base_offset: 144, dfb size: 144, return value: 288 (dataflow_buffer.cpp:1656)
2026-08-29 11:31:29.597 | info     |           Metal | Finalize dfb: dfb_offset == base_offset: 0, dfb size: 0, return value: 0 (dataflow_buffer.cpp:1656)
2026-08-29 11:31:29.597 | info     |           Metal | Finalize dfb: dfb_offset == base_offset: 0, dfb size: 0, return value: 0 (dataflow_buffer.cpp:1656)
2026-08-29 11:31:29.604 | info     |           Metal | Finalize dfb: dfb_offset == base_offset: 80, dfb size: 32, return value: 112 (dataflow_buffer.cpp:1656)
2026-08-29 11:31:29.604 | info     |           Metal | Finalize dfb: dfb_offset == base_offset: 0, dfb size: 0, return value: 0 (dataflow_buffer.cpp:1656)
2026-08-29 11:31:29.604 | info     |           Metal | Finalize dfb: dfb_offset == base_offset: 0, dfb size: 0, return value: 0 (dataflow_buffer.cpp:1656)
2026-08-29 11:31:29.608 | info     |           Metal | Finalize dfb: dfb_offset == base_offset: 80, dfb size: 32, return value: 112 (dataflow_buffer.cpp:1656)
2026-08-29 11:31:29.608 | info     |           Metal | Finalize dfb: dfb_offset == base_offset: 0, dfb size: 0, return value: 0 (dataflow_buffer.cpp:1656)
2026-08-29 11:31:29.609 | info     |           Metal | Finalize dfb: dfb_offset == base_offset: 0, dfb size: 0, return value: 0 (dataflow_buffer.cpp:1656)
2026-08-29 11:31:29.782 | info     |           Metal | Finalize dfb: dfb_offset == base_offset: 80, dfb size: 32, return value: 112 (dataflow_buffer.cpp:1656)
2026-08-29 11:31:29.782 | info     |           Metal | Finalize dfb: dfb_offset == base_offset: 0, dfb size: 0, return value: 0 (dataflow_buffer.cpp:1656)
2026-08-29 11:31:29.782 | info     |           Metal | Finalize dfb: dfb_offset == base_offset: 0, dfb size: 0, return value: 0 (dataflow_buffer.cpp:1656)
2026-08-29 11:31:34.452 | INFO     | models.demos.llama3_70b_galaxy.tt.generator:_capture_trace_prefill:1135 - Done Compiling Model
2026-08-29 11:31:37.121 | INFO     | models.demos.llama3_70b_galaxy.tt.generator:_capture_trace_prefill:1175 - Done Capturing Prefill Trace
2026-08-29 11:31:37.121 | INFO     | models.demos.llama3_70b_galaxy.tt.generator:_easy_trace_prefill:1042 - Executing prefill trace
2026-08-29 11:31:37.579 | INFO     | models.demos.llama3_70b_galaxy.tt.generator:prefill_warmup:266 - Skipping warmup step for prefill sequence length 4096, batch size: 32
2026-08-29 11:31:37.579 | INFO     | models.demos.llama3_70b_galaxy.tt.generator:prefill_warmup:270 - Running warmup prefill for sequence length: 8192, batch size: 1
2026-08-29 11:31:37.579 | INFO     | models.demos.llama3_70b_galaxy.tt.generator:prefill_warmup:296 - Warming up prefill sequence length: 8192 for batch size: 1 with sampling params: None
2026-08-29 11:31:37.580 | INFO     | models.demos.llama3_70b_galaxy.tt.generator:prefill_forward_text:551 - Prefilling User 0, use_batched_prefill: False, prompt_lens: 8192, prefill_seq_len: 8192, num_cached_tokens: 0
2026-08-29 11:31:37.945 | info     |           Metal | Finalize dfb: dfb_offset == base_offset: 80, dfb size: 32, return value: 112 (dataflow_buffer.cpp:1656)
2026-08-29 11:31:37.945 | info     |           Metal | Finalize dfb: dfb_offset == base_offset: 0, dfb size: 0, return value: 0 (dataflow_buffer.cpp:1656)
2026-08-29 11:31:37.945 | info     |           Metal | Finalize dfb: dfb_offset == base_offset: 0, dfb size: 0, return value: 0 (dataflow_buffer.cpp:1656)
2026-08-29 11:31:40.290 | info     |           Metal | Finalize dfb: dfb_offset == base_offset: 80, dfb size: 32, return value: 112 (dataflow_buffer.cpp:1656)
2026-08-29 11:31:40.290 | info     |           Metal | Finalize dfb: dfb_offset == base_offset: 0, dfb size: 0, return value: 0 (dataflow_buffer.cpp:1656)
2026-08-29 11:31:40.290 | info     |           Metal | Finalize dfb: dfb_offset == base_offset: 0, dfb size: 0, return value: 0 (dataflow_buffer.cpp:1656)
2026-08-29 11:31:40.443 | warning  |              Op | rotary_embedding_llama sequence tile coverage mismatch: input_Ht=256, cos_Ht=4096, sin_Ht=4096, rotary_Ht=256. Tiles beyond rotary_Ht will be zero-filled in the output. (rotary_embedding_llama_multi_core_program_factory.cpp:62)
2026-08-29 11:31:40.523 | info     |           Metal | Finalize dfb: dfb_offset == base_offset: 144, dfb size: 144, return value: 288 (dataflow_buffer.cpp:1656)
2026-08-29 11:31:40.523 | info     |           Metal | Finalize dfb: dfb_offset == base_offset: 0, dfb size: 0, return value: 0 (dataflow_buffer.cpp:1656)
2026-08-29 11:31:40.523 | info     |           Metal | Finalize dfb: dfb_offset == base_offset: 0, dfb size: 0, return value: 0 (dataflow_buffer.cpp:1656)
2026-08-29 11:31:40.532 | info     |           Metal | Finalize dfb: dfb_offset == base_offset: 80, dfb size: 32, return value: 112 (dataflow_buffer.cpp:1656)
2026-08-29 11:31:40.532 | info     |           Metal | Finalize dfb: dfb_offset == base_offset: 0, dfb size: 0, return value: 0 (dataflow_buffer.cpp:1656)
2026-08-29 11:31:40.532 | info     |           Metal | Finalize dfb: dfb_offset == base_offset: 0, dfb size: 0, return value: 0 (dataflow_buffer.cpp:1656)
2026-08-29 11:31:40.682 | warning  |              Op | rotary_embedding_llama sequence tile coverage mismatch: input_Ht=256, cos_Ht=4096, sin_Ht=4096, rotary_Ht=256. Tiles beyond rotary_Ht will be zero-filled in the output. (rotary_embedding_llama_multi_core_program_factory.cpp:62)
2026-08-29 11:31:40.767 | info     |           Metal | Finalize dfb: dfb_offset == base_offset: 144, dfb size: 144, return value: 288 (dataflow_buffer.cpp:1656)
2026-08-29 11:31:40.767 | info     |           Metal | Finalize dfb: dfb_offset == base_offset: 0, dfb size: 0, return value: 0 (dataflow_buffer.cpp:1656)
2026-08-29 11:31:40.767 | info     |           Metal | Finalize dfb: dfb_offset == base_offset: 0, dfb size: 0, return value: 0 (dataflow_buffer.cpp:1656)
2026-08-29 11:31:40.774 | info     |           Metal | Finalize dfb: dfb_offset == base_offset: 80, dfb size: 32, return value: 112 (dataflow_buffer.cpp:1656)
2026-08-29 11:31:40.774 | info     |           Metal | Finalize dfb: dfb_offset == base_offset: 0, dfb size: 0, return value: 0 (dataflow_buffer.cpp:1656)
2026-08-29 11:31:40.774 | info     |           Metal | Finalize dfb: dfb_offset == base_offset: 0, dfb size: 0, return value: 0 (dataflow_buffer.cpp:1656)
2026-08-29 11:31:40.851 | info     |           Metal | Finalize dfb: dfb_offset == base_offset: 80, dfb size: 32, return value: 112 (dataflow_buffer.cpp:1656)
2026-08-29 11:31:40.851 | info     |           Metal | Finalize dfb: dfb_offset == base_offset: 0, dfb size: 0, return value: 0 (dataflow_buffer.cpp:1656)
2026-08-29 11:31:40.851 | info     |           Metal | Finalize dfb: dfb_offset == base_offset: 0, dfb size: 0, return value: 0 (dataflow_buffer.cpp:1656)
2026-08-29 11:31:41.119 | info     |           Metal | Finalize dfb: dfb_offset == base_offset: 80, dfb size: 32, return value: 112 (dataflow_buffer.cpp:1656)
2026-08-29 11:31:41.119 | info     |           Metal | Finalize dfb: dfb_offset == base_offset: 0, dfb size: 0, return value: 0 (dataflow_buffer.cpp:1656)
2026-08-29 11:31:41.119 | info     |           Metal | Finalize dfb: dfb_offset == base_offset: 0, dfb size: 0, return value: 0 (dataflow_buffer.cpp:1656)
2026-08-29 11:31:47.328 | INFO     | models.demos.llama3_70b_galaxy.tt.generator:prefill_warmup:266 - Skipping warmup step for prefill sequence length 8192, batch size: 32
2026-08-29 11:31:47.328 | INFO     | models.demos.llama3_70b_galaxy.tt.generator:prefill_warmup:270 - Running warmup prefill for sequence length: 16384, batch size: 1
2026-08-29 11:31:47.328 | INFO     | models.demos.llama3_70b_galaxy.tt.generator:prefill_warmup:296 - Warming up prefill sequence length: 16384 for batch size: 1 with sampling params: None
2026-08-29 11:31:47.328 | INFO     | models.demos.llama3_70b_galaxy.tt.generator:prefill_forward_text:551 - Prefilling User 0, use_batched_prefill: False, prompt_lens: 16384, prefill_seq_len: 16384, num_cached_tokens: 0
2026-08-29 11:31:47.711 | info     |           Metal | Finalize dfb: dfb_offset == base_offset: 80, dfb size: 32, return value: 112 (dataflow_buffer.cpp:1656)
2026-08-29 11:31:47.711 | info     |           Metal | Finalize dfb: dfb_offset == base_offset: 0, dfb size: 0, return value: 0 (dataflow_buffer.cpp:1656)
2026-08-29 11:31:47.711 | info     |           Metal | Finalize dfb: dfb_offset == base_offset: 0, dfb size: 0, return value: 0 (dataflow_buffer.cpp:1656)
2026-08-29 11:31:50.405 | info     |           Metal | Finalize dfb: dfb_offset == base_offset: 80, dfb size: 32, return value: 112 (dataflow_buffer.cpp:1656)
2026-08-29 11:31:50.405 | info     |           Metal | Finalize dfb: dfb_offset == base_offset: 0, dfb size: 0, return value: 0 (dataflow_buffer.cpp:1656)
2026-08-29 11:31:50.405 | info     |           Metal | Finalize dfb: dfb_offset == base_offset: 0, dfb size: 0, return value: 0 (dataflow_buffer.cpp:1656)
2026-08-29 11:31:50.595 | warning  |              Op | rotary_embedding_llama sequence tile coverage mismatch: input_Ht=512, cos_Ht=4096, sin_Ht=4096, rotary_Ht=512. Tiles beyond rotary_Ht will be zero-filled in the output. (rotary_embedding_llama_multi_core_program_factory.cpp:62)
2026-08-29 11:31:50.674 | info     |           Metal | Finalize dfb: dfb_offset == base_offset: 144, dfb size: 144, return value: 288 (dataflow_buffer.cpp:1656)
2026-08-29 11:31:50.674 | info     |           Metal | Finalize dfb: dfb_offset == base_offset: 0, dfb size: 0, return value: 0 (dataflow_buffer.cpp:1656)
2026-08-29 11:31:50.674 | info     |           Metal | Finalize dfb: dfb_offset == base_offset: 0, dfb size: 0, return value: 0 (dataflow_buffer.cpp:1656)
2026-08-29 11:31:50.682 | info     |           Metal | Finalize dfb: dfb_offset == base_offset: 80, dfb size: 32, return value: 112 (dataflow_buffer.cpp:1656)
2026-08-29 11:31:50.682 | info     |           Metal | Finalize dfb: dfb_offset == base_offset: 0, dfb size: 0, return value: 0 (dataflow_buffer.cpp:1656)
2026-08-29 11:31:50.682 | info     |           Metal | Finalize dfb: dfb_offset == base_offset: 0, dfb size: 0, return value: 0 (dataflow_buffer.cpp:1656)
2026-08-29 11:31:50.866 | warning  |              Op | rotary_embedding_llama sequence tile coverage mismatch: input_Ht=512, cos_Ht=4096, sin_Ht=4096, rotary_Ht=512. Tiles beyond rotary_Ht will be zero-filled in the output. (rotary_embedding_llama_multi_core_program_factory.cpp:62)
2026-08-29 11:31:50.965 | info     |           Metal | Finalize dfb: dfb_offset == base_offset: 144, dfb size: 144, return value: 288 (dataflow_buffer.cpp:1656)
2026-08-29 11:31:50.966 | info     |           Metal | Finalize dfb: dfb_offset == base_offset: 0, dfb size: 0, return value: 0 (dataflow_buffer.cpp:1656)
2026-08-29 11:31:50.966 | info     |           Metal | Finalize dfb: dfb_offset == base_offset: 0, dfb size: 0, return value: 0 (dataflow_buffer.cpp:1656)
2026-08-29 11:31:50.972 | info     |           Metal | Finalize dfb: dfb_offset == base_offset: 80, dfb size: 32, return value: 112 (dataflow_buffer.cpp:1656)
2026-08-29 11:31:50.972 | info     |           Metal | Finalize dfb: dfb_offset == base_offset: 0, dfb size: 0, return value: 0 (dataflow_buffer.cpp:1656)
2026-08-29 11:31:50.972 | info     |           Metal | Finalize dfb: dfb_offset == base_offset: 0, dfb size: 0, return value: 0 (dataflow_buffer.cpp:1656)
2026-08-29 11:31:51.043 | info     |           Metal | Finalize dfb: dfb_offset == base_offset: 80, dfb size: 32, return value: 112 (dataflow_buffer.cpp:1656)
2026-08-29 11:31:51.043 | info     |           Metal | Finalize dfb: dfb_offset == base_offset: 0, dfb size: 0, return value: 0 (dataflow_buffer.cpp:1656)
2026-08-29 11:31:51.043 | info     |           Metal | Finalize dfb: dfb_offset == base_offset: 0, dfb size: 0, return value: 0 (dataflow_buffer.cpp:1656)
2026-08-29 11:31:51.350 | info     |           Metal | Finalize dfb: dfb_offset == base_offset: 80, dfb size: 32, return value: 112 (dataflow_buffer.cpp:1656)
2026-08-29 11:31:51.350 | info     |           Metal | Finalize dfb: dfb_offset == base_offset: 0, dfb size: 0, return value: 0 (dataflow_buffer.cpp:1656)
2026-08-29 11:31:51.350 | info     |           Metal | Finalize dfb: dfb_offset == base_offset: 0, dfb size: 0, return value: 0 (dataflow_buffer.cpp:1656)
2026-08-29 11:31:58.273 | INFO     | models.demos.llama3_70b_galaxy.tt.generator:prefill_warmup:266 - Skipping warmup step for prefill sequence length 16384, batch size: 32
2026-08-29 11:31:58.273 | INFO     | models.demos.llama3_70b_galaxy.tt.generator:prefill_warmup:270 - Running warmup prefill for sequence length: 32768, batch size: 1
2026-08-29 11:31:58.274 | INFO     | models.demos.llama3_70b_galaxy.tt.generator:prefill_warmup:296 - Warming up prefill sequence length: 32768 for batch size: 1 with sampling params: None
2026-08-29 11:31:58.274 | INFO     | models.demos.llama3_70b_galaxy.tt.generator:prefill_forward_text:551 - Prefilling User 0, use_batched_prefill: False, prompt_lens: 32768, prefill_seq_len: 32768, num_cached_tokens: 0
2026-08-29 11:31:58.700 | info     |           Metal | Finalize dfb: dfb_offset == base_offset: 80, dfb size: 32, return value: 112 (dataflow_buffer.cpp:1656)
2026-08-29 11:31:58.700 | info     |           Metal | Finalize dfb: dfb_offset == base_offset: 0, dfb size: 0, return value: 0 (dataflow_buffer.cpp:1656)
2026-08-29 11:31:58.700 | info     |           Metal | Finalize dfb: dfb_offset == base_offset: 0, dfb size: 0, return value: 0 (dataflow_buffer.cpp:1656)
2026-08-29 11:32:01.699 | info     |           Metal | Finalize dfb: dfb_offset == base_offset: 80, dfb size: 32, return value: 112 (dataflow_buffer.cpp:1656)
2026-08-29 11:32:01.699 | info     |           Metal | Finalize dfb: dfb_offset == base_offset: 0, dfb size: 0, return value: 0 (dataflow_buffer.cpp:1656)
2026-08-29 11:32:01.699 | info     |           Metal | Finalize dfb: dfb_offset == base_offset: 0, dfb size: 0, return value: 0 (dataflow_buffer.cpp:1656)
2026-08-29 11:32:01.929 | warning  |              Op | rotary_embedding_llama sequence tile coverage mismatch: input_Ht=1024, cos_Ht=4096, sin_Ht=4096, rotary_Ht=1024. Tiles beyond rotary_Ht will be zero-filled in the output. (rotary_embedding_llama_multi_core_program_factory.cpp:62)
2026-08-29 11:32:02.023 | info     |           Metal | Finalize dfb: dfb_offset == base_offset: 144, dfb size: 144, return value: 288 (dataflow_buffer.cpp:1656)
2026-08-29 11:32:02.024 | info     |           Metal | Finalize dfb: dfb_offset == base_offset: 0, dfb size: 0, return value: 0 (dataflow_buffer.cpp:1656)
2026-08-29 11:32:02.024 | info     |           Metal | Finalize dfb: dfb_offset == base_offset: 0, dfb size: 0, return value: 0 (dataflow_buffer.cpp:1656)
2026-08-29 11:32:02.030 | info     |           Metal | Finalize dfb: dfb_offset == base_offset: 80, dfb size: 32, return value: 112 (dataflow_buffer.cpp:1656)
2026-08-29 11:32:02.030 | info     |           Metal | Finalize dfb: dfb_offset == base_offset: 0, dfb size: 0, return value: 0 (dataflow_buffer.cpp:1656)
2026-08-29 11:32:02.030 | info     |           Metal | Finalize dfb: dfb_offset == base_offset: 0, dfb size: 0, return value: 0 (dataflow_buffer.cpp:1656)
2026-08-29 11:32:02.253 | warning  |              Op | rotary_embedding_llama sequence tile coverage mismatch: input_Ht=1024, cos_Ht=4096, sin_Ht=4096, rotary_Ht=1024. Tiles beyond rotary_Ht will be zero-filled in the output. (rotary_embedding_llama_multi_core_program_factory.cpp:62)
2026-08-29 11:32:02.324 | info     |           Metal | Finalize dfb: dfb_offset == base_offset: 144, dfb size: 144, return value: 288 (dataflow_buffer.cpp:1656)
2026-08-29 11:32:02.324 | info     |           Metal | Finalize dfb: dfb_offset == base_offset: 0, dfb size: 0, return value: 0 (dataflow_buffer.cpp:1656)
2026-08-29 11:32:02.324 | info     |           Metal | Finalize dfb: dfb_offset == base_offset: 0, dfb size: 0, return value: 0 (dataflow_buffer.cpp:1656)
2026-08-29 11:32:02.330 | info     |           Metal | Finalize dfb: dfb_offset == base_offset: 80, dfb size: 32, return value: 112 (dataflow_buffer.cpp:1656)
2026-08-29 11:32:02.330 | info     |           Metal | Finalize dfb: dfb_offset == base_offset: 0, dfb size: 0, return value: 0 (dataflow_buffer.cpp:1656)
2026-08-29 11:32:02.330 | info     |           Metal | Finalize dfb: dfb_offset == base_offset: 0, dfb size: 0, return value: 0 (dataflow_buffer.cpp:1656)
2026-08-29 11:32:02.402 | info     |           Metal | Finalize dfb: dfb_offset == base_offset: 80, dfb size: 32, return value: 112 (dataflow_buffer.cpp:1656)
2026-08-29 11:32:02.402 | info     |           Metal | Finalize dfb: dfb_offset == base_offset: 0, dfb size: 0, return value: 0 (dataflow_buffer.cpp:1656)
2026-08-29 11:32:02.402 | info     |           Metal | Finalize dfb: dfb_offset == base_offset: 0, dfb size: 0, return value: 0 (dataflow_buffer.cpp:1656)
2026-08-29 11:32:02.772 | info     |           Metal | Finalize dfb: dfb_offset == base_offset: 80, dfb size: 32, return value: 112 (dataflow_buffer.cpp:1656)
2026-08-29 11:32:02.772 | info     |           Metal | Finalize dfb: dfb_offset == base_offset: 0, dfb size: 0, return value: 0 (dataflow_buffer.cpp:1656)
2026-08-29 11:32:02.772 | info     |           Metal | Finalize dfb: dfb_offset == base_offset: 0, dfb size: 0, return value: 0 (dataflow_buffer.cpp:1656)
2026-08-29 11:32:11.683 | INFO     | models.demos.llama3_70b_galaxy.tt.generator:prefill_warmup:266 - Skipping warmup step for prefill sequence length 32768, batch size: 32
2026-08-29 11:32:11.683 | INFO     | models.demos.llama3_70b_galaxy.tt.generator:prefill_warmup:270 - Running warmup prefill for sequence length: 65536, batch size: 1
2026-08-29 11:32:11.683 | INFO     | models.demos.llama3_70b_galaxy.tt.generator:prefill_warmup:296 - Warming up prefill sequence length: 65536 for batch size: 1 with sampling params: None
2026-08-29 11:32:11.683 | INFO     | models.demos.llama3_70b_galaxy.tt.generator:prefill_forward_text:551 - Prefilling User 0, use_batched_prefill: False, prompt_lens: 65536, prefill_seq_len: 65536, num_cached_tokens: 0
2026-08-29 11:32:12.154 | info     |           Metal | Finalize dfb: dfb_offset == base_offset: 80, dfb size: 32, return value: 112 (dataflow_buffer.cpp:1656)
2026-08-29 11:32:12.154 | info     |           Metal | Finalize dfb: dfb_offset == base_offset: 0, dfb size: 0, return value: 0 (dataflow_buffer.cpp:1656)
2026-08-29 11:32:12.154 | info     |           Metal | Finalize dfb: dfb_offset == base_offset: 0, dfb size: 0, return value: 0 (dataflow_buffer.cpp:1656)
2026-08-29 11:32:15.358 | info     |           Metal | Finalize dfb: dfb_offset == base_offset: 80, dfb size: 32, return value: 112 (dataflow_buffer.cpp:1656)
2026-08-29 11:32:15.358 | info     |           Metal | Finalize dfb: dfb_offset == base_offset: 0, dfb size: 0, return value: 0 (dataflow_buffer.cpp:1656)
2026-08-29 11:32:15.358 | info     |           Metal | Finalize dfb: dfb_offset == base_offset: 0, dfb size: 0, return value: 0 (dataflow_buffer.cpp:1656)
2026-08-29 11:32:15.619 | warning  |              Op | rotary_embedding_llama sequence tile coverage mismatch: input_Ht=2048, cos_Ht=4096, sin_Ht=4096, rotary_Ht=2048. Tiles beyond rotary_Ht will be zero-filled in the output. (rotary_embedding_llama_multi_core_program_factory.cpp:62)
2026-08-29 11:32:15.717 | info     |           Metal | Finalize dfb: dfb_offset == base_offset: 144, dfb size: 144, return value: 288 (dataflow_buffer.cpp:1656)
2026-08-29 11:32:15.717 | info     |           Metal | Finalize dfb: dfb_offset == base_offset: 0, dfb size: 0, return value: 0 (dataflow_buffer.cpp:1656)
2026-08-29 11:32:15.717 | info     |           Metal | Finalize dfb: dfb_offset == base_offset: 0, dfb size: 0, return value: 0 (dataflow_buffer.cpp:1656)
2026-08-29 11:32:15.724 | info     |           Metal | Finalize dfb: dfb_offset == base_offset: 80, dfb size: 32, return value: 112 (dataflow_buffer.cpp:1656)
2026-08-29 11:32:15.724 | info     |           Metal | Finalize dfb: dfb_offset == base_offset: 0, dfb size: 0, return value: 0 (dataflow_buffer.cpp:1656)
2026-08-29 11:32:15.724 | info     |           Metal | Finalize dfb: dfb_offset == base_offset: 0, dfb size: 0, return value: 0 (dataflow_buffer.cpp:1656)
2026-08-29 11:32:15.980 | warning  |              Op | rotary_embedding_llama sequence tile coverage mismatch: input_Ht=2048, cos_Ht=4096, sin_Ht=4096, rotary_Ht=2048. Tiles beyond rotary_Ht will be zero-filled in the output. (rotary_embedding_llama_multi_core_program_factory.cpp:62)
2026-08-29 11:32:16.057 | info     |           Metal | Finalize dfb: dfb_offset == base_offset: 144, dfb size: 144, return value: 288 (dataflow_buffer.cpp:1656)
2026-08-29 11:32:16.057 | info     |           Metal | Finalize dfb: dfb_offset == base_offset: 0, dfb size: 0, return value: 0 (dataflow_buffer.cpp:1656)
2026-08-29 11:32:16.057 | info     |           Metal | Finalize dfb: dfb_offset == base_offset: 0, dfb size: 0, return value: 0 (dataflow_buffer.cpp:1656)
2026-08-29 11:32:16.063 | info     |           Metal | Finalize dfb: dfb_offset == base_offset: 80, dfb size: 32, return value: 112 (dataflow_buffer.cpp:1656)
2026-08-29 11:32:16.063 | info     |           Metal | Finalize dfb: dfb_offset == base_offset: 0, dfb size: 0, return value: 0 (dataflow_buffer.cpp:1656)
2026-08-29 11:32:16.063 | info     |           Metal | Finalize dfb: dfb_offset == base_offset: 0, dfb size: 0, return value: 0 (dataflow_buffer.cpp:1656)
2026-08-29 11:32:16.144 | info     |           Metal | Finalize dfb: dfb_offset == base_offset: 80, dfb size: 32, return value: 112 (dataflow_buffer.cpp:1656)
2026-08-29 11:32:16.144 | info     |           Metal | Finalize dfb: dfb_offset == base_offset: 0, dfb size: 0, return value: 0 (dataflow_buffer.cpp:1656)
2026-08-29 11:32:16.144 | info     |           Metal | Finalize dfb: dfb_offset == base_offset: 0, dfb size: 0, return value: 0 (dataflow_buffer.cpp:1656)
2026-08-29 11:32:16.546 | info     |           Metal | Finalize dfb: dfb_offset == base_offset: 80, dfb size: 32, return value: 112 (dataflow_buffer.cpp:1656)
2026-08-29 11:32:16.546 | info     |           Metal | Finalize dfb: dfb_offset == base_offset: 0, dfb size: 0, return value: 0 (dataflow_buffer.cpp:1656)
2026-08-29 11:32:16.546 | info     |           Metal | Finalize dfb: dfb_offset == base_offset: 0, dfb size: 0, return value: 0 (dataflow_buffer.cpp:1656)
2026-08-29 11:32:30.466 | INFO     | models.demos.llama3_70b_galaxy.tt.generator:prefill_warmup:266 - Skipping warmup step for prefill sequence length 65536, batch size: 32
2026-08-29 11:32:30.467 | INFO     | models.demos.llama3_70b_galaxy.tt.generator:prefill_warmup:270 - Running warmup prefill for sequence length: 131072, batch size: 1
2026-08-29 11:32:30.467 | INFO     | models.demos.llama3_70b_galaxy.tt.generator:prefill_warmup:296 - Warming up prefill sequence length: 131072 for batch size: 1 with sampling params: None
2026-08-29 11:32:30.467 | INFO     | models.demos.llama3_70b_galaxy.tt.generator:prefill_forward_text:551 - Prefilling User 0, use_batched_prefill: False, prompt_lens: 131072, prefill_seq_len: 131072, num_cached_tokens: 0
2026-08-29 11:32:30.976 | info     |           Metal | Finalize dfb: dfb_offset == base_offset: 80, dfb size: 32, return value: 112 (dataflow_buffer.cpp:1656)
2026-08-29 11:32:30.976 | info     |           Metal | Finalize dfb: dfb_offset == base_offset: 0, dfb size: 0, return value: 0 (dataflow_buffer.cpp:1656)
2026-08-29 11:32:30.976 | info     |           Metal | Finalize dfb: dfb_offset == base_offset: 0, dfb size: 0, return value: 0 (dataflow_buffer.cpp:1656)
2026-08-29 11:32:34.387 | info     |           Metal | Finalize dfb: dfb_offset == base_offset: 80, dfb size: 32, return value: 112 (dataflow_buffer.cpp:1656)
2026-08-29 11:32:34.387 | info     |           Metal | Finalize dfb: dfb_offset == base_offset: 0, dfb size: 0, return value: 0 (dataflow_buffer.cpp:1656)
2026-08-29 11:32:34.387 | info     |           Metal | Finalize dfb: dfb_offset == base_offset: 0, dfb size: 0, return value: 0 (dataflow_buffer.cpp:1656)
2026-08-29 11:32:34.793 | info     |           Metal | Finalize dfb: dfb_offset == base_offset: 144, dfb size: 144, return value: 288 (dataflow_buffer.cpp:1656)
2026-08-29 11:32:34.793 | info     |           Metal | Finalize dfb: dfb_offset == base_offset: 0, dfb size: 0, return value: 0 (dataflow_buffer.cpp:1656)
2026-08-29 11:32:34.793 | info     |           Metal | Finalize dfb: dfb_offset == base_offset: 0, dfb size: 0, return value: 0 (dataflow_buffer.cpp:1656)
2026-08-29 11:32:34.800 | info     |           Metal | Finalize dfb: dfb_offset == base_offset: 80, dfb size: 32, return value: 112 (dataflow_buffer.cpp:1656)
2026-08-29 11:32:34.800 | info     |           Metal | Finalize dfb: dfb_offset == base_offset: 0, dfb size: 0, return value: 0 (dataflow_buffer.cpp:1656)
2026-08-29 11:32:34.800 | info     |           Metal | Finalize dfb: dfb_offset == base_offset: 0, dfb size: 0, return value: 0 (dataflow_buffer.cpp:1656)
2026-08-29 11:32:35.175 | info     |           Metal | Finalize dfb: dfb_offset == base_offset: 144, dfb size: 144, return value: 288 (dataflow_buffer.cpp:1656)
2026-08-29 11:32:35.175 | info     |           Metal | Finalize dfb: dfb_offset == base_offset: 0, dfb size: 0, return value: 0 (dataflow_buffer.cpp:1656)
2026-08-29 11:32:35.175 | info     |           Metal | Finalize dfb: dfb_offset == base_offset: 0, dfb size: 0, return value: 0 (dataflow_buffer.cpp:1656)
2026-08-29 11:32:35.187 | info     |           Metal | Finalize dfb: dfb_offset == base_offset: 80, dfb size: 32, return value: 112 (dataflow_buffer.cpp:1656)
2026-08-29 11:32:35.187 | info     |           Metal | Finalize dfb: dfb_offset == base_offset: 0, dfb size: 0, return value: 0 (dataflow_buffer.cpp:1656)
2026-08-29 11:32:35.187 | info     |           Metal | Finalize dfb: dfb_offset == base_offset: 0, dfb size: 0, return value: 0 (dataflow_buffer.cpp:1656)
2026-08-29 11:32:35.279 | info     |           Metal | Finalize dfb: dfb_offset == base_offset: 80, dfb size: 32, return value: 112 (dataflow_buffer.cpp:1656)
2026-08-29 11:32:35.279 | info     |           Metal | Finalize dfb: dfb_offset == base_offset: 0, dfb size: 0, return value: 0 (dataflow_buffer.cpp:1656)
2026-08-29 11:32:35.279 | info     |           Metal | Finalize dfb: dfb_offset == base_offset: 0, dfb size: 0, return value: 0 (dataflow_buffer.cpp:1656)
2026-08-29 11:32:35.722 | info     |           Metal | Finalize dfb: dfb_offset == base_offset: 80, dfb size: 32, return value: 112 (dataflow_buffer.cpp:1656)
2026-08-29 11:32:35.722 | info     |           Metal | Finalize dfb: dfb_offset == base_offset: 0, dfb size: 0, return value: 0 (dataflow_buffer.cpp:1656)
2026-08-29 11:32:35.722 | info     |           Metal | Finalize dfb: dfb_offset == base_offset: 0, dfb size: 0, return value: 0 (dataflow_buffer.cpp:1656)
2026-08-29 11:33:04.587 | INFO     | models.demos.llama3_70b_galaxy.tt.generator:prefill_warmup:266 - Skipping warmup step for prefill sequence length 131072, batch size: 32
2026-08-29 11:33:04.588 | INFO     | models.demos.llama3_70b_galaxy.tt.prefetcher_common:__init__:33 - Running TtLlamaPrefetcherSetup
2026-08-29 11:33:04.591 | INFO     | models.demos.llama3_70b_galaxy.tt.prefetcher_common:__init__:33 - Running TtLlamaPrefetcherSetup
2026-08-29 11:33:04.592 | INFO     | models.demos.llama3_70b_galaxy.tt.generator:prefill_warmup:335 - Running warmup prefill for prefix caching: prefill_seq_len=128, num_cached=128, total_seq_len=256
2026-08-29 11:33:04.592 | INFO     | models.demos.llama3_70b_galaxy.tt.generator:prefill_forward_text:551 - Prefilling User 0, use_batched_prefill: False, prompt_lens: 256, prefill_seq_len: 128, num_cached_tokens: 128
2026-08-29 11:33:06.977 | warning  |              Op | rotary_embedding_llama sequence tile coverage mismatch: input_Ht=4, cos_Ht=128, sin_Ht=128, rotary_Ht=4. Tiles beyond rotary_Ht will be zero-filled in the output. (rotary_embedding_llama_multi_core_program_factory.cpp:62)
2026-08-29 11:33:07.084 | info     |           Metal | Finalize dfb: dfb_offset == base_offset: 144, dfb size: 144, return value: 288 (dataflow_buffer.cpp:1656)
2026-08-29 11:33:07.084 | info     |           Metal | Finalize dfb: dfb_offset == base_offset: 0, dfb size: 0, return value: 0 (dataflow_buffer.cpp:1656)
2026-08-29 11:33:07.084 | info     |           Metal | Finalize dfb: dfb_offset == base_offset: 0, dfb size: 0, return value: 0 (dataflow_buffer.cpp:1656)
2026-08-29 11:33:07.087 | warning  |              Op | rotary_embedding_llama sequence tile coverage mismatch: input_Ht=4, cos_Ht=128, sin_Ht=128, rotary_Ht=4. Tiles beyond rotary_Ht will be zero-filled in the output. (rotary_embedding_llama_multi_core_program_factory.cpp:62)
2026-08-29 11:33:07.142 | info     |           Metal | Finalize dfb: dfb_offset == base_offset: 144, dfb size: 144, return value: 288 (dataflow_buffer.cpp:1656)
2026-08-29 11:33:07.142 | info     |           Metal | Finalize dfb: dfb_offset == base_offset: 0, dfb size: 0, return value: 0 (dataflow_buffer.cpp:1656)
2026-08-29 11:33:07.142 | info     |           Metal | Finalize dfb: dfb_offset == base_offset: 0, dfb size: 0, return value: 0 (dataflow_buffer.cpp:1656)
2026-08-29 11:33:10.851 | INFO     | models.demos.llama3_70b_galaxy.tt.generator:_capture_trace_prefill:1135 - Done Compiling Model
2026-08-29 11:33:12.207 | INFO     | models.demos.llama3_70b_galaxy.tt.generator:_capture_trace_prefill:1175 - Done Capturing Prefill Trace
2026-08-29 11:33:12.207 | INFO     | models.demos.llama3_70b_galaxy.tt.generator:_easy_trace_prefill:1042 - Executing prefill trace
2026-08-29 11:33:12.267 | INFO     | models.demos.llama3_70b_galaxy.tt.generator:prefill_warmup:335 - Running warmup prefill for prefix caching: prefill_seq_len=1024, num_cached=128, total_seq_len=1152
2026-08-29 11:33:12.267 | INFO     | models.demos.llama3_70b_galaxy.tt.generator:prefill_forward_text:551 - Prefilling User 0, use_batched_prefill: False, prompt_lens: 1152, prefill_seq_len: 1024, num_cached_tokens: 128
2026-08-29 11:33:12.279 | warning  |              Op | rotary_embedding_llama sequence tile coverage mismatch: input_Ht=32, cos_Ht=128, sin_Ht=128, rotary_Ht=32. Tiles beyond rotary_Ht will be zero-filled in the output. (rotary_embedding_llama_multi_core_program_factory.cpp:62)
2026-08-29 11:33:12.386 | info     |           Metal | Finalize dfb: dfb_offset == base_offset: 144, dfb size: 144, return value: 288 (dataflow_buffer.cpp:1656)
2026-08-29 11:33:12.386 | info     |           Metal | Finalize dfb: dfb_offset == base_offset: 0, dfb size: 0, return value: 0 (dataflow_buffer.cpp:1656)
2026-08-29 11:33:12.386 | info     |           Metal | Finalize dfb: dfb_offset == base_offset: 0, dfb size: 0, return value: 0 (dataflow_buffer.cpp:1656)
2026-08-29 11:33:12.390 | warning  |              Op | rotary_embedding_llama sequence tile coverage mismatch: input_Ht=32, cos_Ht=128, sin_Ht=128, rotary_Ht=32. Tiles beyond rotary_Ht will be zero-filled in the output. (rotary_embedding_llama_multi_core_program_factory.cpp:62)
2026-08-29 11:33:12.444 | info     |           Metal | Finalize dfb: dfb_offset == base_offset: 144, dfb size: 144, return value: 288 (dataflow_buffer.cpp:1656)
2026-08-29 11:33:12.444 | info     |           Metal | Finalize dfb: dfb_offset == base_offset: 0, dfb size: 0, return value: 0 (dataflow_buffer.cpp:1656)
2026-08-29 11:33:12.444 | info     |           Metal | Finalize dfb: dfb_offset == base_offset: 0, dfb size: 0, return value: 0 (dataflow_buffer.cpp:1656)
2026-08-29 11:33:15.476 | INFO     | models.demos.llama3_70b_galaxy.tt.generator:_capture_trace_prefill:1135 - Done Compiling Model
2026-08-29 11:33:17.853 | INFO     | models.demos.llama3_70b_galaxy.tt.generator:_capture_trace_prefill:1175 - Done Capturing Prefill Trace
2026-08-29 11:33:17.854 | INFO     | models.demos.llama3_70b_galaxy.tt.generator:_easy_trace_prefill:1042 - Executing prefill trace
2026-08-29 11:33:18.003 | INFO     | models.demos.llama3_70b_galaxy.tt.generator:prefill_warmup:335 - Running warmup prefill for prefix caching: prefill_seq_len=2048, num_cached=128, total_seq_len=2176
2026-08-29 11:33:18.004 | INFO     | models.demos.llama3_70b_galaxy.tt.generator:prefill_forward_text:551 - Prefilling User 0, use_batched_prefill: False, prompt_lens: 2176, prefill_seq_len: 2048, num_cached_tokens: 128
2026-08-29 11:33:18.013 | warning  |              Op | rotary_embedding_llama sequence tile coverage mismatch: input_Ht=64, cos_Ht=128, sin_Ht=128, rotary_Ht=64. Tiles beyond rotary_Ht will be zero-filled in the output. (rotary_embedding_llama_multi_core_program_factory.cpp:62)
2026-08-29 11:33:18.116 | info     |           Metal | Finalize dfb: dfb_offset == base_offset: 144, dfb size: 144, return value: 288 (dataflow_buffer.cpp:1656)
2026-08-29 11:33:18.116 | info     |           Metal | Finalize dfb: dfb_offset == base_offset: 0, dfb size: 0, return value: 0 (dataflow_buffer.cpp:1656)
2026-08-29 11:33:18.116 | info     |           Metal | Finalize dfb: dfb_offset == base_offset: 0, dfb size: 0, return value: 0 (dataflow_buffer.cpp:1656)
2026-08-29 11:33:18.119 | warning  |              Op | rotary_embedding_llama sequence tile coverage mismatch: input_Ht=64, cos_Ht=128, sin_Ht=128, rotary_Ht=64. Tiles beyond rotary_Ht will be zero-filled in the output. (rotary_embedding_llama_multi_core_program_factory.cpp:62)
2026-08-29 11:33:18.171 | info     |           Metal | Finalize dfb: dfb_offset == base_offset: 144, dfb size: 144, return value: 288 (dataflow_buffer.cpp:1656)
2026-08-29 11:33:18.171 | info     |           Metal | Finalize dfb: dfb_offset == base_offset: 0, dfb size: 0, return value: 0 (dataflow_buffer.cpp:1656)
2026-08-29 11:33:18.171 | info     |           Metal | Finalize dfb: dfb_offset == base_offset: 0, dfb size: 0, return value: 0 (dataflow_buffer.cpp:1656)
2026-08-29 11:33:21.257 | INFO     | models.demos.llama3_70b_galaxy.tt.generator:_capture_trace_prefill:1135 - Done Compiling Model
2026-08-29 11:33:23.728 | INFO     | models.demos.llama3_70b_galaxy.tt.generator:_capture_trace_prefill:1175 - Done Capturing Prefill Trace
2026-08-29 11:33:23.728 | INFO     | models.demos.llama3_70b_galaxy.tt.generator:_easy_trace_prefill:1042 - Executing prefill trace
2026-08-29 11:33:24.004 | INFO     | models.demos.llama3_70b_galaxy.tt.generator:prefill_warmup:335 - Running warmup prefill for prefix caching: prefill_seq_len=4096, num_cached=128, total_seq_len=4224
2026-08-29 11:33:24.004 | INFO     | models.demos.llama3_70b_galaxy.tt.generator:prefill_forward_text:551 - Prefilling User 0, use_batched_prefill: False, prompt_lens: 4224, prefill_seq_len: 4096, num_cached_tokens: 128
2026-08-29 11:33:24.123 | info     |           Metal | Finalize dfb: dfb_offset == base_offset: 144, dfb size: 144, return value: 288 (dataflow_buffer.cpp:1656)
2026-08-29 11:33:24.123 | info     |           Metal | Finalize dfb: dfb_offset == base_offset: 0, dfb size: 0, return value: 0 (dataflow_buffer.cpp:1656)
2026-08-29 11:33:24.123 | info     |           Metal | Finalize dfb: dfb_offset == base_offset: 0, dfb size: 0, return value: 0 (dataflow_buffer.cpp:1656)
2026-08-29 11:33:24.179 | info     |           Metal | Finalize dfb: dfb_offset == base_offset: 144, dfb size: 144, return value: 288 (dataflow_buffer.cpp:1656)
2026-08-29 11:33:24.179 | info     |           Metal | Finalize dfb: dfb_offset == base_offset: 0, dfb size: 0, return value: 0 (dataflow_buffer.cpp:1656)
2026-08-29 11:33:24.179 | info     |           Metal | Finalize dfb: dfb_offset == base_offset: 0, dfb size: 0, return value: 0 (dataflow_buffer.cpp:1656)
2026-08-29 11:33:26.903 | INFO     | models.demos.llama3_70b_galaxy.tt.generator:_capture_trace_prefill:1135 - Done Compiling Model
2026-08-29 11:33:29.523 | INFO     | models.demos.llama3_70b_galaxy.tt.generator:_capture_trace_prefill:1175 - Done Capturing Prefill Trace
2026-08-29 11:33:29.524 | INFO     | models.demos.llama3_70b_galaxy.tt.generator:_easy_trace_prefill:1042 - Executing prefill trace
2026-08-29 11:33:30.009 | INFO     | models.demos.llama3_70b_galaxy.tt.generator:prefill_warmup:335 - Running warmup prefill for prefix caching: prefill_seq_len=8192, num_cached=128, total_seq_len=8320
2026-08-29 11:33:30.010 | INFO     | models.demos.llama3_70b_galaxy.tt.generator:prefill_forward_text:551 - Prefilling User 0, use_batched_prefill: False, prompt_lens: 8320, prefill_seq_len: 8192, num_cached_tokens: 128
2026-08-29 11:33:30.022 | warning  |              Op | rotary_embedding_llama sequence tile coverage mismatch: input_Ht=256, cos_Ht=128, sin_Ht=128, rotary_Ht=128. Tiles beyond rotary_Ht will be zero-filled in the output. (rotary_embedding_llama_multi_core_program_factory.cpp:62)
2026-08-29 11:33:30.142 | info     |           Metal | Finalize dfb: dfb_offset == base_offset: 144, dfb size: 144, return value: 288 (dataflow_buffer.cpp:1656)
2026-08-29 11:33:30.142 | info     |           Metal | Finalize dfb: dfb_offset == base_offset: 0, dfb size: 0, return value: 0 (dataflow_buffer.cpp:1656)
2026-08-29 11:33:30.142 | info     |           Metal | Finalize dfb: dfb_offset == base_offset: 0, dfb size: 0, return value: 0 (dataflow_buffer.cpp:1656)
2026-08-29 11:33:30.146 | warning  |              Op | rotary_embedding_llama sequence tile coverage mismatch: input_Ht=256, cos_Ht=128, sin_Ht=128, rotary_Ht=128. Tiles beyond rotary_Ht will be zero-filled in the output. (rotary_embedding_llama_multi_core_program_factory.cpp:62)
2026-08-29 11:33:30.202 | info     |           Metal | Finalize dfb: dfb_offset == base_offset: 144, dfb size: 144, return value: 288 (dataflow_buffer.cpp:1656)
2026-08-29 11:33:30.202 | info     |           Metal | Finalize dfb: dfb_offset == base_offset: 0, dfb size: 0, return value: 0 (dataflow_buffer.cpp:1656)
2026-08-29 11:33:30.202 | info     |           Metal | Finalize dfb: dfb_offset == base_offset: 0, dfb size: 0, return value: 0 (dataflow_buffer.cpp:1656)
2026-08-29 11:33:33.324 | INFO     | models.demos.llama3_70b_galaxy.tt.generator:prefill_warmup:335 - Running warmup prefill for prefix caching: prefill_seq_len=16384, num_cached=128, total_seq_len=16512
2026-08-29 11:33:33.324 | INFO     | models.demos.llama3_70b_galaxy.tt.generator:prefill_forward_text:551 - Prefilling User 0, use_batched_prefill: False, prompt_lens: 16512, prefill_seq_len: 16384, num_cached_tokens: 128
2026-08-29 11:33:33.336 | warning  |              Op | rotary_embedding_llama sequence tile coverage mismatch: input_Ht=512, cos_Ht=128, sin_Ht=128, rotary_Ht=128. Tiles beyond rotary_Ht will be zero-filled in the output. (rotary_embedding_llama_multi_core_program_factory.cpp:62)
2026-08-29 11:33:33.455 | info     |           Metal | Finalize dfb: dfb_offset == base_offset: 144, dfb size: 144, return value: 288 (dataflow_buffer.cpp:1656)
2026-08-29 11:33:33.455 | info     |           Metal | Finalize dfb: dfb_offset == base_offset: 0, dfb size: 0, return value: 0 (dataflow_buffer.cpp:1656)
2026-08-29 11:33:33.455 | info     |           Metal | Finalize dfb: dfb_offset == base_offset: 0, dfb size: 0, return value: 0 (dataflow_buffer.cpp:1656)
2026-08-29 11:33:33.458 | warning  |              Op | rotary_embedding_llama sequence tile coverage mismatch: input_Ht=512, cos_Ht=128, sin_Ht=128, rotary_Ht=128. Tiles beyond rotary_Ht will be zero-filled in the output. (rotary_embedding_llama_multi_core_program_factory.cpp:62)
2026-08-29 11:33:33.517 | info     |           Metal | Finalize dfb: dfb_offset == base_offset: 144, dfb size: 144, return value: 288 (dataflow_buffer.cpp:1656)
2026-08-29 11:33:33.517 | info     |           Metal | Finalize dfb: dfb_offset == base_offset: 0, dfb size: 0, return value: 0 (dataflow_buffer.cpp:1656)
2026-08-29 11:33:33.517 | info     |           Metal | Finalize dfb: dfb_offset == base_offset: 0, dfb size: 0, return value: 0 (dataflow_buffer.cpp:1656)
2026-08-29 11:33:38.629 | INFO     | models.demos.llama3_70b_galaxy.tt.generator:prefill_warmup:335 - Running warmup prefill for prefix caching: prefill_seq_len=32768, num_cached=128, total_seq_len=32896
2026-08-29 11:33:38.629 | INFO     | models.demos.llama3_70b_galaxy.tt.generator:prefill_forward_text:551 - Prefilling User 0, use_batched_prefill: False, prompt_lens: 32896, prefill_seq_len: 32768, num_cached_tokens: 128
2026-08-29 11:33:38.645 | warning  |              Op | rotary_embedding_llama sequence tile coverage mismatch: input_Ht=1024, cos_Ht=128, sin_Ht=128, rotary_Ht=128. Tiles beyond rotary_Ht will be zero-filled in the output. (rotary_embedding_llama_multi_core_program_factory.cpp:62)
2026-08-29 11:33:38.763 | info     |           Metal | Finalize dfb: dfb_offset == base_offset: 144, dfb size: 144, return value: 288 (dataflow_buffer.cpp:1656)
2026-08-29 11:33:38.763 | info     |           Metal | Finalize dfb: dfb_offset == base_offset: 0, dfb size: 0, return value: 0 (dataflow_buffer.cpp:1656)
2026-08-29 11:33:38.763 | info     |           Metal | Finalize dfb: dfb_offset == base_offset: 0, dfb size: 0, return value: 0 (dataflow_buffer.cpp:1656)
2026-08-29 11:33:38.766 | warning  |              Op | rotary_embedding_llama sequence tile coverage mismatch: input_Ht=1024, cos_Ht=128, sin_Ht=128, rotary_Ht=128. Tiles beyond rotary_Ht will be zero-filled in the output. (rotary_embedding_llama_multi_core_program_factory.cpp:62)
2026-08-29 11:33:38.822 | info     |           Metal | Finalize dfb: dfb_offset == base_offset: 144, dfb size: 144, return value: 288 (dataflow_buffer.cpp:1656)
2026-08-29 11:33:38.822 | info     |           Metal | Finalize dfb: dfb_offset == base_offset: 0, dfb size: 0, return value: 0 (dataflow_buffer.cpp:1656)
2026-08-29 11:33:38.822 | info     |           Metal | Finalize dfb: dfb_offset == base_offset: 0, dfb size: 0, return value: 0 (dataflow_buffer.cpp:1656)
2026-08-29 11:33:51.089 | INFO     | models.demos.llama3_70b_galaxy.tt.generator:prefill_warmup:335 - Running warmup prefill for prefix caching: prefill_seq_len=65536, num_cached=128, total_seq_len=65664
2026-08-29 11:33:51.090 | INFO     | models.demos.llama3_70b_galaxy.tt.generator:prefill_forward_text:551 - Prefilling User 0, use_batched_prefill: False, prompt_lens: 65664, prefill_seq_len: 65536, num_cached_tokens: 128
2026-08-29 11:33:51.101 | warning  |              Op | rotary_embedding_llama sequence tile coverage mismatch: input_Ht=2048, cos_Ht=128, sin_Ht=128, rotary_Ht=128. Tiles beyond rotary_Ht will be zero-filled in the output. (rotary_embedding_llama_multi_core_program_factory.cpp:62)
2026-08-29 11:33:51.223 | info     |           Metal | Finalize dfb: dfb_offset == base_offset: 144, dfb size: 144, return value: 288 (dataflow_buffer.cpp:1656)
2026-08-29 11:33:51.223 | info     |           Metal | Finalize dfb: dfb_offset == base_offset: 0, dfb size: 0, return value: 0 (dataflow_buffer.cpp:1656)
2026-08-29 11:33:51.223 | info     |           Metal | Finalize dfb: dfb_offset == base_offset: 0, dfb size: 0, return value: 0 (dataflow_buffer.cpp:1656)
2026-08-29 11:33:51.226 | warning  |              Op | rotary_embedding_llama sequence tile coverage mismatch: input_Ht=2048, cos_Ht=128, sin_Ht=128, rotary_Ht=128. Tiles beyond rotary_Ht will be zero-filled in the output. (rotary_embedding_llama_multi_core_program_factory.cpp:62)
2026-08-29 11:33:51.284 | info     |           Metal | Finalize dfb: dfb_offset == base_offset: 144, dfb size: 144, return value: 288 (dataflow_buffer.cpp:1656)
2026-08-29 11:33:51.284 | info     |           Metal | Finalize dfb: dfb_offset == base_offset: 0, dfb size: 0, return value: 0 (dataflow_buffer.cpp:1656)
2026-08-29 11:33:51.284 | info     |           Metal | Finalize dfb: dfb_offset == base_offset: 0, dfb size: 0, return value: 0 (dataflow_buffer.cpp:1656)
2026-08-29 11:34:30.201 | INFO     | models.demos.llama3_70b_galaxy.tt.generator:prefill_warmup:335 - Running warmup prefill for prefix caching: prefill_seq_len=131072, num_cached=128, total_seq_len=131200
2026-08-29 11:34:30.201 | INFO     | models.demos.llama3_70b_galaxy.tt.generator:prefill_forward_text:551 - Prefilling User 0, use_batched_prefill: False, prompt_lens: 131200, prefill_seq_len: 131072, num_cached_tokens: 128
2026-08-29 11:34:30.214 | warning  |              Op | rotary_embedding_llama sequence tile coverage mismatch: input_Ht=4096, cos_Ht=128, sin_Ht=128, rotary_Ht=128. Tiles beyond rotary_Ht will be zero-filled in the output. (rotary_embedding_llama_multi_core_program_factory.cpp:62)
2026-08-29 11:34:30.330 | info     |           Metal | Finalize dfb: dfb_offset == base_offset: 144, dfb size: 144, return value: 288 (dataflow_buffer.cpp:1656)
2026-08-29 11:34:30.331 | info     |           Metal | Finalize dfb: dfb_offset == base_offset: 0, dfb size: 0, return value: 0 (dataflow_buffer.cpp:1656)
2026-08-29 11:34:30.331 | info     |           Metal | Finalize dfb: dfb_offset == base_offset: 0, dfb size: 0, return value: 0 (dataflow_buffer.cpp:1656)
2026-08-29 11:34:30.334 | warning  |              Op | rotary_embedding_llama sequence tile coverage mismatch: input_Ht=4096, cos_Ht=128, sin_Ht=128, rotary_Ht=128. Tiles beyond rotary_Ht will be zero-filled in the output. (rotary_embedding_llama_multi_core_program_factory.cpp:62)
2026-08-29 11:34:30.389 | info     |           Metal | Finalize dfb: dfb_offset == base_offset: 144, dfb size: 144, return value: 288 (dataflow_buffer.cpp:1656)
2026-08-29 11:34:30.389 | info     |           Metal | Finalize dfb: dfb_offset == base_offset: 0, dfb size: 0, return value: 0 (dataflow_buffer.cpp:1656)
2026-08-29 11:34:30.389 | info     |           Metal | Finalize dfb: dfb_offset == base_offset: 0, dfb size: 0, return value: 0 (dataflow_buffer.cpp:1656)
2026-08-29 11:36:50.857 | INFO     | models.demos.llama3_70b_galaxy.tt.generator:prefill_warmup:355 - Prefill warmup completed
2026-08-29 11:36:50.857 | INFO     | models.demos.llama3_70b_galaxy.tt.generator:prefill_forward_text:551 - Prefilling User 0, use_batched_prefill: False, prompt_lens: 118, prefill_seq_len: 128, num_cached_tokens: 0
2026-08-29 11:36:50.858 | INFO     | models.demos.llama3_70b_galaxy.tt.generator:_easy_trace_prefill:1042 - Executing prefill trace
2026-08-29 11:36:51.251 | INFO     | models.demos.llama3_70b_galaxy.tt.generator:prefill_forward_text:551 - Prefilling User 1, use_batched_prefill: False, prompt_lens: 118, prefill_seq_len: 128, num_cached_tokens: 0
2026-08-29 11:36:51.252 | INFO     | models.demos.llama3_70b_galaxy.tt.generator:_easy_trace_prefill:1042 - Executing prefill trace
2026-08-29 11:36:51.255 | INFO     | models.demos.llama3_70b_galaxy.tt.generator:prefill_forward_text:551 - Prefilling User 2, use_batched_prefill: False, prompt_lens: 118, prefill_seq_len: 128, num_cached_tokens: 0
2026-08-29 11:36:51.255 | INFO     | models.demos.llama3_70b_galaxy.tt.generator:_easy_trace_prefill:1042 - Executing prefill trace
2026-08-29 11:36:51.258 | INFO     | models.demos.llama3_70b_galaxy.tt.generator:prefill_forward_text:551 - Prefilling User 3, use_batched_prefill: False, prompt_lens: 118, prefill_seq_len: 128, num_cached_tokens: 0
2026-08-29 11:36:51.259 | INFO     | models.demos.llama3_70b_galaxy.tt.generator:_easy_trace_prefill:1042 - Executing prefill trace
2026-08-29 11:36:51.262 | INFO     | models.demos.llama3_70b_galaxy.tt.generator:prefill_forward_text:551 - Prefilling User 4, use_batched_prefill: False, prompt_lens: 118, prefill_seq_len: 128, num_cached_tokens: 0
2026-08-29 11:36:51.262 | INFO     | models.demos.llama3_70b_galaxy.tt.generator:_easy_trace_prefill:1042 - Executing prefill trace
2026-08-29 11:36:51.265 | INFO     | models.demos.llama3_70b_galaxy.tt.generator:prefill_forward_text:551 - Prefilling User 5, use_batched_prefill: False, prompt_lens: 118, prefill_seq_len: 128, num_cached_tokens: 0
2026-08-29 11:36:51.265 | INFO     | models.demos.llama3_70b_galaxy.tt.generator:_easy_trace_prefill:1042 - Executing prefill trace
2026-08-29 11:36:51.268 | INFO     | models.demos.llama3_70b_galaxy.tt.generator:prefill_forward_text:551 - Prefilling User 6, use_batched_prefill: False, prompt_lens: 118, prefill_seq_len: 128, num_cached_tokens: 0
2026-08-29 11:36:51.269 | INFO     | models.demos.llama3_70b_galaxy.tt.generator:_easy_trace_prefill:1042 - Executing prefill trace
2026-08-29 11:36:51.272 | INFO     | models.demos.llama3_70b_galaxy.tt.generator:prefill_forward_text:551 - Prefilling User 7, use_batched_prefill: False, prompt_lens: 118, prefill_seq_len: 128, num_cached_tokens: 0
2026-08-29 11:36:51.272 | INFO     | models.demos.llama3_70b_galaxy.tt.generator:_easy_trace_prefill:1042 - Executing prefill trace
2026-08-29 11:36:51.275 | INFO     | models.demos.llama3_70b_galaxy.tt.generator:prefill_forward_text:551 - Prefilling User 8, use_batched_prefill: False, prompt_lens: 118, prefill_seq_len: 128, num_cached_tokens: 0
2026-08-29 11:36:51.275 | INFO     | models.demos.llama3_70b_galaxy.tt.generator:_easy_trace_prefill:1042 - Executing prefill trace
2026-08-29 11:36:51.279 | INFO     | models.demos.llama3_70b_galaxy.tt.generator:prefill_forward_text:551 - Prefilling User 9, use_batched_prefill: False, prompt_lens: 118, prefill_seq_len: 128, num_cached_tokens: 0
2026-08-29 11:36:51.279 | INFO     | models.demos.llama3_70b_galaxy.tt.generator:_easy_trace_prefill:1042 - Executing prefill trace
2026-08-29 11:36:51.282 | INFO     | models.demos.llama3_70b_galaxy.tt.generator:prefill_forward_text:551 - Prefilling User 10, use_batched_prefill: False, prompt_lens: 118, prefill_seq_len: 128, num_cached_tokens: 0
2026-08-29 11:36:51.282 | INFO     | models.demos.llama3_70b_galaxy.tt.generator:_easy_trace_prefill:1042 - Executing prefill trace
2026-08-29 11:36:51.285 | INFO     | models.demos.llama3_70b_galaxy.tt.generator:prefill_forward_text:551 - Prefilling User 11, use_batched_prefill: False, prompt_lens: 118, prefill_seq_len: 128, num_cached_tokens: 0
2026-08-29 11:36:51.286 | INFO     | models.demos.llama3_70b_galaxy.tt.generator:_easy_trace_prefill:1042 - Executing prefill trace
2026-08-29 11:36:51.289 | INFO     | models.demos.llama3_70b_galaxy.tt.generator:prefill_forward_text:551 - Prefilling User 12, use_batched_prefill: False, prompt_lens: 118, prefill_seq_len: 128, num_cached_tokens: 0
2026-08-29 11:36:51.289 | INFO     | models.demos.llama3_70b_galaxy.tt.generator:_easy_trace_prefill:1042 - Executing prefill trace
2026-08-29 11:36:51.292 | INFO     | models.demos.llama3_70b_galaxy.tt.generator:prefill_forward_text:551 - Prefilling User 13, use_batched_prefill: False, prompt_lens: 118, prefill_seq_len: 128, num_cached_tokens: 0
2026-08-29 11:36:51.292 | INFO     | models.demos.llama3_70b_galaxy.tt.generator:_easy_trace_prefill:1042 - Executing prefill trace
2026-08-29 11:36:51.295 | INFO     | models.demos.llama3_70b_galaxy.tt.generator:prefill_forward_text:551 - Prefilling User 14, use_batched_prefill: False, prompt_lens: 118, prefill_seq_len: 128, num_cached_tokens: 0
2026-08-29 11:36:51.295 | INFO     | models.demos.llama3_70b_galaxy.tt.generator:_easy_trace_prefill:1042 - Executing prefill trace
2026-08-29 11:36:51.299 | INFO     | models.demos.llama3_70b_galaxy.tt.generator:prefill_forward_text:551 - Prefilling User 15, use_batched_prefill: False, prompt_lens: 118, prefill_seq_len: 128, num_cached_tokens: 0
2026-08-29 11:36:51.299 | INFO     | models.demos.llama3_70b_galaxy.tt.generator:_easy_trace_prefill:1042 - Executing prefill trace
2026-08-29 11:36:51.302 | INFO     | models.demos.llama3_70b_galaxy.tt.generator:prefill_forward_text:551 - Prefilling User 16, use_batched_prefill: False, prompt_lens: 118, prefill_seq_len: 128, num_cached_tokens: 0
2026-08-29 11:36:51.302 | INFO     | models.demos.llama3_70b_galaxy.tt.generator:_easy_trace_prefill:1042 - Executing prefill trace
2026-08-29 11:36:51.305 | INFO     | models.demos.llama3_70b_galaxy.tt.generator:prefill_forward_text:551 - Prefilling User 17, use_batched_prefill: False, prompt_lens: 118, prefill_seq_len: 128, num_cached_tokens: 0
2026-08-29 11:36:51.305 | INFO     | models.demos.llama3_70b_galaxy.tt.generator:_easy_trace_prefill:1042 - Executing prefill trace
2026-08-29 11:36:51.308 | INFO     | models.demos.llama3_70b_galaxy.tt.generator:prefill_forward_text:551 - Prefilling User 18, use_batched_prefill: False, prompt_lens: 118, prefill_seq_len: 128, num_cached_tokens: 0
2026-08-29 11:36:51.308 | INFO     | models.demos.llama3_70b_galaxy.tt.generator:_easy_trace_prefill:1042 - Executing prefill trace
2026-08-29 11:36:51.311 | INFO     | models.demos.llama3_70b_galaxy.tt.generator:prefill_forward_text:551 - Prefilling User 19, use_batched_prefill: False, prompt_lens: 118, prefill_seq_len: 128, num_cached_tokens: 0
2026-08-29 11:36:51.312 | INFO     | models.demos.llama3_70b_galaxy.tt.generator:_easy_trace_prefill:1042 - Executing prefill trace
2026-08-29 11:36:51.315 | INFO     | models.demos.llama3_70b_galaxy.tt.generator:prefill_forward_text:551 - Prefilling User 20, use_batched_prefill: False, prompt_lens: 118, prefill_seq_len: 128, num_cached_tokens: 0
2026-08-29 11:36:51.315 | INFO     | models.demos.llama3_70b_galaxy.tt.generator:_easy_trace_prefill:1042 - Executing prefill trace
2026-08-29 11:36:51.318 | INFO     | models.demos.llama3_70b_galaxy.tt.generator:prefill_forward_text:551 - Prefilling User 21, use_batched_prefill: False, prompt_lens: 118, prefill_seq_len: 128, num_cached_tokens: 0
2026-08-29 11:36:51.318 | INFO     | models.demos.llama3_70b_galaxy.tt.generator:_easy_trace_prefill:1042 - Executing prefill trace
2026-08-29 11:36:51.321 | INFO     | models.demos.llama3_70b_galaxy.tt.generator:prefill_forward_text:551 - Prefilling User 22, use_batched_prefill: False, prompt_lens: 118, prefill_seq_len: 128, num_cached_tokens: 0
2026-08-29 11:36:51.321 | INFO     | models.demos.llama3_70b_galaxy.tt.generator:_easy_trace_prefill:1042 - Executing prefill trace
2026-08-29 11:36:51.324 | INFO     | models.demos.llama3_70b_galaxy.tt.generator:prefill_forward_text:551 - Prefilling User 23, use_batched_prefill: False, prompt_lens: 118, prefill_seq_len: 128, num_cached_tokens: 0
2026-08-29 11:36:51.325 | INFO     | models.demos.llama3_70b_galaxy.tt.generator:_easy_trace_prefill:1042 - Executing prefill trace
2026-08-29 11:36:51.328 | INFO     | models.demos.llama3_70b_galaxy.tt.generator:prefill_forward_text:551 - Prefilling User 24, use_batched_prefill: False, prompt_lens: 118, prefill_seq_len: 128, num_cached_tokens: 0
2026-08-29 11:36:51.328 | INFO     | models.demos.llama3_70b_galaxy.tt.generator:_easy_trace_prefill:1042 - Executing prefill trace
2026-08-29 11:36:51.331 | INFO     | models.demos.llama3_70b_galaxy.tt.generator:prefill_forward_text:551 - Prefilling User 25, use_batched_prefill: False, prompt_lens: 118, prefill_seq_len: 128, num_cached_tokens: 0
2026-08-29 11:36:51.331 | INFO     | models.demos.llama3_70b_galaxy.tt.generator:_easy_trace_prefill:1042 - Executing prefill trace
2026-08-29 11:36:51.334 | INFO     | models.demos.llama3_70b_galaxy.tt.generator:prefill_forward_text:551 - Prefilling User 26, use_batched_prefill: False, prompt_lens: 118, prefill_seq_len: 128, num_cached_tokens: 0
2026-08-29 11:36:51.335 | INFO     | models.demos.llama3_70b_galaxy.tt.generator:_easy_trace_prefill:1042 - Executing prefill trace
2026-08-29 11:36:51.338 | INFO     | models.demos.llama3_70b_galaxy.tt.generator:prefill_forward_text:551 - Prefilling User 27, use_batched_prefill: False, prompt_lens: 118, prefill_seq_len: 128, num_cached_tokens: 0
2026-08-29 11:36:51.338 | INFO     | models.demos.llama3_70b_galaxy.tt.generator:_easy_trace_prefill:1042 - Executing prefill trace
2026-08-29 11:36:51.341 | INFO     | models.demos.llama3_70b_galaxy.tt.generator:prefill_forward_text:551 - Prefilling User 28, use_batched_prefill: False, prompt_lens: 118, prefill_seq_len: 128, num_cached_tokens: 0
2026-08-29 11:36:51.341 | INFO     | models.demos.llama3_70b_galaxy.tt.generator:_easy_trace_prefill:1042 - Executing prefill trace
2026-08-29 11:36:51.344 | INFO     | models.demos.llama3_70b_galaxy.tt.generator:prefill_forward_text:551 - Prefilling User 29, use_batched_prefill: False, prompt_lens: 118, prefill_seq_len: 128, num_cached_tokens: 0
2026-08-29 11:36:51.344 | INFO     | models.demos.llama3_70b_galaxy.tt.generator:_easy_trace_prefill:1042 - Executing prefill trace
2026-08-29 11:36:51.347 | INFO     | models.demos.llama3_70b_galaxy.tt.generator:prefill_forward_text:551 - Prefilling User 30, use_batched_prefill: False, prompt_lens: 118, prefill_seq_len: 128, num_cached_tokens: 0
2026-08-29 11:36:51.347 | INFO     | models.demos.llama3_70b_galaxy.tt.generator:_easy_trace_prefill:1042 - Executing prefill trace
2026-08-29 11:36:51.351 | INFO     | models.demos.llama3_70b_galaxy.tt.generator:prefill_forward_text:551 - Prefilling User 31, use_batched_prefill: False, prompt_lens: 118, prefill_seq_len: 128, num_cached_tokens: 0
2026-08-29 11:36:51.351 | INFO     | models.demos.llama3_70b_galaxy.tt.generator:_easy_trace_prefill:1042 - Executing prefill trace
2026-08-29 11:36:51.358 | INFO     | models.demos.llama3_70b_galaxy.tt.prefetcher_common:__init__:33 - Running TtLlamaPrefetcherSetup
2026-08-29 11:36:52.681 | INFO     | models.demos.llama3_70b_galaxy.tt.generator:prefill_forward_text:851 - Finished prefill for all users up to 118 tokens.
2026-08-29 11:36:52.681 | INFO     | models.demos.llama3_70b_galaxy.demo.text_qwen_demo:test_qwen_demo_text:792 - Finished prefill warmup
2026-08-29 11:36:52.681 | INFO     | models.demos.llama3_70b_galaxy.demo.text_qwen_demo:test_qwen_demo_text:794 - Starting prefill...
2026-08-29 11:36:52.681 | INFO     | models.demos.llama3_70b_galaxy.tt.prefetcher_common:__init__:33 - Running TtLlamaPrefetcherSetup
2026-08-29 11:36:52.682 | INFO     | models.demos.llama3_70b_galaxy.tt.generator:prefill_forward_text:551 - Prefilling User 0, use_batched_prefill: False, prompt_lens: 118, prefill_seq_len: 128, num_cached_tokens: 0
2026-08-29 11:36:52.682 | INFO     | models.demos.llama3_70b_galaxy.tt.generator:_easy_trace_prefill:1042 - Executing prefill trace
2026-08-29 11:36:52.687 | INFO     | models.demos.llama3_70b_galaxy.tt.generator:prefill_forward_text:551 - Prefilling User 1, use_batched_prefill: False, prompt_lens: 118, prefill_seq_len: 128, num_cached_tokens: 0
2026-08-29 11:36:52.688 | INFO     | models.demos.llama3_70b_galaxy.tt.generator:_easy_trace_prefill:1042 - Executing prefill trace
2026-08-29 11:36:52.692 | INFO     | models.demos.llama3_70b_galaxy.tt.generator:prefill_forward_text:551 - Prefilling User 2, use_batched_prefill: False, prompt_lens: 118, prefill_seq_len: 128, num_cached_tokens: 0
2026-08-29 11:36:52.692 | INFO     | models.demos.llama3_70b_galaxy.tt.generator:_easy_trace_prefill:1042 - Executing prefill trace
2026-08-29 11:36:52.695 | INFO     | models.demos.llama3_70b_galaxy.tt.generator:prefill_forward_text:551 - Prefilling User 3, use_batched_prefill: False, prompt_lens: 118, prefill_seq_len: 128, num_cached_tokens: 0
2026-08-29 11:36:52.695 | INFO     | models.demos.llama3_70b_galaxy.tt.generator:_easy_trace_prefill:1042 - Executing prefill trace
2026-08-29 11:36:52.698 | INFO     | models.demos.llama3_70b_galaxy.tt.generator:prefill_forward_text:551 - Prefilling User 4, use_batched_prefill: False, prompt_lens: 118, prefill_seq_len: 128, num_cached_tokens: 0
2026-08-29 11:36:52.698 | INFO     | models.demos.llama3_70b_galaxy.tt.generator:_easy_trace_prefill:1042 - Executing prefill trace
2026-08-29 11:36:52.702 | INFO     | models.demos.llama3_70b_galaxy.tt.generator:prefill_forward_text:551 - Prefilling User 5, use_batched_prefill: False, prompt_lens: 118, prefill_seq_len: 128, num_cached_tokens: 0
2026-08-29 11:36:52.702 | INFO     | models.demos.llama3_70b_galaxy.tt.generator:_easy_trace_prefill:1042 - Executing prefill trace
2026-08-29 11:36:52.705 | INFO     | models.demos.llama3_70b_galaxy.tt.generator:prefill_forward_text:551 - Prefilling User 6, use_batched_prefill: False, prompt_lens: 118, prefill_seq_len: 128, num_cached_tokens: 0
2026-08-29 11:36:52.705 | INFO     | models.demos.llama3_70b_galaxy.tt.generator:_easy_trace_prefill:1042 - Executing prefill trace
2026-08-29 11:36:52.708 | INFO     | models.demos.llama3_70b_galaxy.tt.generator:prefill_forward_text:551 - Prefilling User 7, use_batched_prefill: False, prompt_lens: 118, prefill_seq_len: 128, num_cached_tokens: 0
2026-08-29 11:36:52.708 | INFO     | models.demos.llama3_70b_galaxy.tt.generator:_easy_trace_prefill:1042 - Executing prefill trace
2026-08-29 11:36:52.712 | INFO     | models.demos.llama3_70b_galaxy.tt.generator:prefill_forward_text:551 - Prefilling User 8, use_batched_prefill: False, prompt_lens: 118, prefill_seq_len: 128, num_cached_tokens: 0
2026-08-29 11:36:52.712 | INFO     | models.demos.llama3_70b_galaxy.tt.generator:_easy_trace_prefill:1042 - Executing prefill trace
2026-08-29 11:36:52.715 | INFO     | models.demos.llama3_70b_galaxy.tt.generator:prefill_forward_text:551 - Prefilling User 9, use_batched_prefill: False, prompt_lens: 118, prefill_seq_len: 128, num_cached_tokens: 0
2026-08-29 11:36:52.715 | INFO     | models.demos.llama3_70b_galaxy.tt.generator:_easy_trace_prefill:1042 - Executing prefill trace
2026-08-29 11:36:52.718 | INFO     | models.demos.llama3_70b_galaxy.tt.generator:prefill_forward_text:551 - Prefilling User 10, use_batched_prefill: False, prompt_lens: 118, prefill_seq_len: 128, num_cached_tokens: 0
2026-08-29 11:36:52.718 | INFO     | models.demos.llama3_70b_galaxy.tt.generator:_easy_trace_prefill:1042 - Executing prefill trace
2026-08-29 11:36:52.721 | INFO     | models.demos.llama3_70b_galaxy.tt.generator:prefill_forward_text:551 - Prefilling User 11, use_batched_prefill: False, prompt_lens: 118, prefill_seq_len: 128, num_cached_tokens: 0
2026-08-29 11:36:52.722 | INFO     | models.demos.llama3_70b_galaxy.tt.generator:_easy_trace_prefill:1042 - Executing prefill trace
2026-08-29 11:36:52.725 | INFO     | models.demos.llama3_70b_galaxy.tt.generator:prefill_forward_text:551 - Prefilling User 12, use_batched_prefill: False, prompt_lens: 118, prefill_seq_len: 128, num_cached_tokens: 0
2026-08-29 11:36:52.725 | INFO     | models.demos.llama3_70b_galaxy.tt.generator:_easy_trace_prefill:1042 - Executing prefill trace
2026-08-29 11:36:52.728 | INFO     | models.demos.llama3_70b_galaxy.tt.generator:prefill_forward_text:551 - Prefilling User 13, use_batched_prefill: False, prompt_lens: 118, prefill_seq_len: 128, num_cached_tokens: 0
2026-08-29 11:36:52.728 | INFO     | models.demos.llama3_70b_galaxy.tt.generator:_easy_trace_prefill:1042 - Executing prefill trace
2026-08-29 11:36:52.732 | INFO     | models.demos.llama3_70b_galaxy.tt.generator:prefill_forward_text:551 - Prefilling User 14, use_batched_prefill: False, prompt_lens: 118, prefill_seq_len: 128, num_cached_tokens: 0
2026-08-29 11:36:52.732 | INFO     | models.demos.llama3_70b_galaxy.tt.generator:_easy_trace_prefill:1042 - Executing prefill trace
2026-08-29 11:36:52.735 | INFO     | models.demos.llama3_70b_galaxy.tt.generator:prefill_forward_text:551 - Prefilling User 15, use_batched_prefill: False, prompt_lens: 118, prefill_seq_len: 128, num_cached_tokens: 0
2026-08-29 11:36:52.735 | INFO     | models.demos.llama3_70b_galaxy.tt.generator:_easy_trace_prefill:1042 - Executing prefill trace
2026-08-29 11:36:52.738 | INFO     | models.demos.llama3_70b_galaxy.tt.generator:prefill_forward_text:551 - Prefilling User 16, use_batched_prefill: False, prompt_lens: 118, prefill_seq_len: 128, num_cached_tokens: 0
2026-08-29 11:36:52.738 | INFO     | models.demos.llama3_70b_galaxy.tt.generator:_easy_trace_prefill:1042 - Executing prefill trace
2026-08-29 11:36:52.741 | INFO     | models.demos.llama3_70b_galaxy.tt.generator:prefill_forward_text:551 - Prefilling User 17, use_batched_prefill: False, prompt_lens: 118, prefill_seq_len: 128, num_cached_tokens: 0
2026-08-29 11:36:52.742 | INFO     | models.demos.llama3_70b_galaxy.tt.generator:_easy_trace_prefill:1042 - Executing prefill trace
2026-08-29 11:36:52.745 | INFO     | models.demos.llama3_70b_galaxy.tt.generator:prefill_forward_text:551 - Prefilling User 18, use_batched_prefill: False, prompt_lens: 118, prefill_seq_len: 128, num_cached_tokens: 0
2026-08-29 11:36:52.745 | INFO     | models.demos.llama3_70b_galaxy.tt.generator:_easy_trace_prefill:1042 - Executing prefill trace
2026-08-29 11:36:52.748 | INFO     | models.demos.llama3_70b_galaxy.tt.generator:prefill_forward_text:551 - Prefilling User 19, use_batched_prefill: False, prompt_lens: 118, prefill_seq_len: 128, num_cached_tokens: 0
2026-08-29 11:36:52.748 | INFO     | models.demos.llama3_70b_galaxy.tt.generator:_easy_trace_prefill:1042 - Executing prefill trace
2026-08-29 11:36:52.751 | INFO     | models.demos.llama3_70b_galaxy.tt.generator:prefill_forward_text:551 - Prefilling User 20, use_batched_prefill: False, prompt_lens: 118, prefill_seq_len: 128, num_cached_tokens: 0
2026-08-29 11:36:52.751 | INFO     | models.demos.llama3_70b_galaxy.tt.generator:_easy_trace_prefill:1042 - Executing prefill trace
2026-08-29 11:36:52.754 | INFO     | models.demos.llama3_70b_galaxy.tt.generator:prefill_forward_text:551 - Prefilling User 21, use_batched_prefill: False, prompt_lens: 118, prefill_seq_len: 128, num_cached_tokens: 0
2026-08-29 11:36:52.755 | INFO     | models.demos.llama3_70b_galaxy.tt.generator:_easy_trace_prefill:1042 - Executing prefill trace
2026-08-29 11:36:52.758 | INFO     | models.demos.llama3_70b_galaxy.tt.generator:prefill_forward_text:551 - Prefilling User 22, use_batched_prefill: False, prompt_lens: 118, prefill_seq_len: 128, num_cached_tokens: 0
2026-08-29 11:36:52.758 | INFO     | models.demos.llama3_70b_galaxy.tt.generator:_easy_trace_prefill:1042 - Executing prefill trace
2026-08-29 11:36:52.761 | INFO     | models.demos.llama3_70b_galaxy.tt.generator:prefill_forward_text:551 - Prefilling User 23, use_batched_prefill: False, prompt_lens: 118, prefill_seq_len: 128, num_cached_tokens: 0
2026-08-29 11:36:52.761 | INFO     | models.demos.llama3_70b_galaxy.tt.generator:_easy_trace_prefill:1042 - Executing prefill trace
2026-08-29 11:36:52.764 | INFO     | models.demos.llama3_70b_galaxy.tt.generator:prefill_forward_text:551 - Prefilling User 24, use_batched_prefill: False, prompt_lens: 118, prefill_seq_len: 128, num_cached_tokens: 0
2026-08-29 11:36:52.764 | INFO     | models.demos.llama3_70b_galaxy.tt.generator:_easy_trace_prefill:1042 - Executing prefill trace
2026-08-29 11:36:52.767 | INFO     | models.demos.llama3_70b_galaxy.tt.generator:prefill_forward_text:551 - Prefilling User 25, use_batched_prefill: False, prompt_lens: 118, prefill_seq_len: 128, num_cached_tokens: 0
2026-08-29 11:36:52.767 | INFO     | models.demos.llama3_70b_galaxy.tt.generator:_easy_trace_prefill:1042 - Executing prefill trace
2026-08-29 11:36:52.770 | INFO     | models.demos.llama3_70b_galaxy.tt.generator:prefill_forward_text:551 - Prefilling User 26, use_batched_prefill: False, prompt_lens: 118, prefill_seq_len: 128, num_cached_tokens: 0
2026-08-29 11:36:52.771 | INFO     | models.demos.llama3_70b_galaxy.tt.generator:_easy_trace_prefill:1042 - Executing prefill trace
2026-08-29 11:36:52.774 | INFO     | models.demos.llama3_70b_galaxy.tt.generator:prefill_forward_text:551 - Prefilling User 27, use_batched_prefill: False, prompt_lens: 118, prefill_seq_len: 128, num_cached_tokens: 0
2026-08-29 11:36:52.774 | INFO     | models.demos.llama3_70b_galaxy.tt.generator:_easy_trace_prefill:1042 - Executing prefill trace
2026-08-29 11:36:52.777 | INFO     | models.demos.llama3_70b_galaxy.tt.generator:prefill_forward_text:551 - Prefilling User 28, use_batched_prefill: False, prompt_lens: 118, prefill_seq_len: 128, num_cached_tokens: 0
2026-08-29 11:36:52.777 | INFO     | models.demos.llama3_70b_galaxy.tt.generator:_easy_trace_prefill:1042 - Executing prefill trace
2026-08-29 11:36:52.780 | INFO     | models.demos.llama3_70b_galaxy.tt.generator:prefill_forward_text:551 - Prefilling User 29, use_batched_prefill: False, prompt_lens: 118, prefill_seq_len: 128, num_cached_tokens: 0
2026-08-29 11:36:52.780 | INFO     | models.demos.llama3_70b_galaxy.tt.generator:_easy_trace_prefill:1042 - Executing prefill trace
2026-08-29 11:36:52.783 | INFO     | models.demos.llama3_70b_galaxy.tt.generator:prefill_forward_text:551 - Prefilling User 30, use_batched_prefill: False, prompt_lens: 118, prefill_seq_len: 128, num_cached_tokens: 0
2026-08-29 11:36:52.784 | INFO     | models.demos.llama3_70b_galaxy.tt.generator:_easy_trace_prefill:1042 - Executing prefill trace
2026-08-29 11:36:52.787 | INFO     | models.demos.llama3_70b_galaxy.tt.generator:prefill_forward_text:551 - Prefilling User 31, use_batched_prefill: False, prompt_lens: 118, prefill_seq_len: 128, num_cached_tokens: 0
2026-08-29 11:36:52.787 | INFO     | models.demos.llama3_70b_galaxy.tt.generator:_easy_trace_prefill:1042 - Executing prefill trace
2026-08-29 11:36:52.794 | INFO     | models.demos.llama3_70b_galaxy.tt.prefetcher_common:__init__:33 - Running TtLlamaPrefetcherSetup
2026-08-29 11:36:54.158 | INFO     | models.demos.llama3_70b_galaxy.tt.generator:prefill_forward_text:851 - Finished prefill for all users up to 118 tokens.
2026-08-29 11:36:54.159 | INFO     | models.demos.llama3_70b_galaxy.demo.text_qwen_demo:test_qwen_demo_text:846 - Prefill finished
2026-08-29 11:36:54.159 | INFO     | models.demos.llama3_70b_galaxy.demo.text_qwen_demo:test_qwen_demo_text:886 - Starting decode loop from positions: [118, 118, 118, 118, 118, 118, 118, 118, 118, 118, 118, 118, 118, 118, 118, 118, 118, 118, 118, 118, 118, 118, 118, 118, 118, 118, 118, 118, 118, 118, 118, 118]
2026-08-29 11:36:58.535 | warning  |              Op | ttnn::tilize: Using input shard spec for output tensor because the legacy sharded optimized program factory is being used (tilize_device_operation.cpp:247)
2026-08-29 11:36:59.053 | warning  |              Op | ttnn::tilize: Using input shard spec for output tensor because the legacy sharded optimized program factory is being used (tilize_device_operation.cpp:247)
2026-08-29 11:37:08.571 | warning  |              Op | matmul_multi_core_reuse_mcast_1d_optimized_helper: program_config.allowed_worker_cores not populated; auto-populating from compute_with_storage_grid_size. Callers that bypass ttnn::prim::matmul() (e.g. CCL fused ops) should invoke ttnn::operations::matmul::normalize_program_config() on the program config first. This will become a hard error in a future release. (matmul_multicore_reuse_mcast_1d_program_factory.cpp:5619)
2026-08-29 11:37:08.579 | warning  |              Op | matmul_multi_core_reuse_mcast_1d_optimized_helper: program_config.allowed_worker_cores not populated; auto-populating from compute_with_storage_grid_size. Callers that bypass ttnn::prim::matmul() (e.g. CCL fused ops) should invoke ttnn::operations::matmul::normalize_program_config() on the program config first. This will become a hard error in a future release. (matmul_multicore_reuse_mcast_1d_program_factory.cpp:5619)
2026-08-29 11:37:08.583 | warning  |              Op | matmul_multi_core_reuse_mcast_1d_optimized_helper: program_config.allowed_worker_cores not populated; auto-populating from compute_with_storage_grid_size. Callers that bypass ttnn::prim::matmul() (e.g. CCL fused ops) should invoke ttnn::operations::matmul::normalize_program_config() on the program config first. This will become a hard error in a future release. (matmul_multicore_reuse_mcast_1d_program_factory.cpp:5619)
2026-08-29 11:37:08.587 | warning  |              Op | matmul_multi_core_reuse_mcast_1d_optimized_helper: program_config.allowed_worker_cores not populated; auto-populating from compute_with_storage_grid_size. Callers that bypass ttnn::prim::matmul() (e.g. CCL fused ops) should invoke ttnn::operations::matmul::normalize_program_config() on the program config first. This will become a hard error in a future release. (matmul_multicore_reuse_mcast_1d_program_factory.cpp:5619)
2026-08-29 11:37:08.590 | warning  |              Op | matmul_multi_core_reuse_mcast_1d_optimized_helper: program_config.allowed_worker_cores not populated; auto-populating from compute_with_storage_grid_size. Callers that bypass ttnn::prim::matmul() (e.g. CCL fused ops) should invoke ttnn::operations::matmul::normalize_program_config() on the program config first. This will become a hard error in a future release. (matmul_multicore_reuse_mcast_1d_program_factory.cpp:5619)
2026-08-29 11:37:08.594 | warning  |              Op | matmul_multi_core_reuse_mcast_1d_optimized_helper: program_config.allowed_worker_cores not populated; auto-populating from compute_with_storage_grid_size. Callers that bypass ttnn::prim::matmul() (e.g. CCL fused ops) should invoke ttnn::operations::matmul::normalize_program_config() on the program config first. This will become a hard error in a future release. (matmul_multicore_reuse_mcast_1d_program_factory.cpp:5619)
2026-08-29 11:37:08.600 | warning  |              Op | matmul_multi_core_reuse_mcast_1d_optimized_helper: program_config.allowed_worker_cores not populated; auto-populating from compute_with_storage_grid_size. Callers that bypass ttnn::prim::matmul() (e.g. CCL fused ops) should invoke ttnn::operations::matmul::normalize_program_config() on the program config first. This will become a hard error in a future release. (matmul_multicore_reuse_mcast_1d_program_factory.cpp:5619)
2026-08-29 11:37:08.604 | warning  |              Op | matmul_multi_core_reuse_mcast_1d_optimized_helper: program_config.allowed_worker_cores not populated; auto-populating from compute_with_storage_grid_size. Callers that bypass ttnn::prim::matmul() (e.g. CCL fused ops) should invoke ttnn::operations::matmul::normalize_program_config() on the program config first. This will become a hard error in a future release. (matmul_multicore_reuse_mcast_1d_program_factory.cpp:5619)
2026-08-29 11:37:08.608 | warning  |              Op | matmul_multi_core_reuse_mcast_1d_optimized_helper: program_config.allowed_worker_cores not populated; auto-populating from compute_with_storage_grid_size. Callers that bypass ttnn::prim::matmul() (e.g. CCL fused ops) should invoke ttnn::operations::matmul::normalize_program_config() on the program config first. This will become a hard error in a future release. (matmul_multicore_reuse_mcast_1d_program_factory.cpp:5619)
2026-08-29 11:37:08.613 | warning  |              Op | matmul_multi_core_reuse_mcast_1d_optimized_helper: program_config.allowed_worker_cores not populated; auto-populating from compute_with_storage_grid_size. Callers that bypass ttnn::prim::matmul() (e.g. CCL fused ops) should invoke ttnn::operations::matmul::normalize_program_config() on the program config first. This will become a hard error in a future release. (matmul_multicore_reuse_mcast_1d_program_factory.cpp:5619)
2026-08-29 11:37:08.621 | warning  |              Op | matmul_multi_core_reuse_mcast_1d_optimized_helper: program_config.allowed_worker_cores not populated; auto-populating from compute_with_storage_grid_size. Callers that bypass ttnn::prim::matmul() (e.g. CCL fused ops) should invoke ttnn::operations::matmul::normalize_program_config() on the program config first. This will become a hard error in a future release. (matmul_multicore_reuse_mcast_1d_program_factory.cpp:5619)
2026-08-29 11:37:08.626 | warning  |              Op | matmul_multi_core_reuse_mcast_1d_optimized_helper: program_config.allowed_worker_cores not populated; auto-populating from compute_with_storage_grid_size. Callers that bypass ttnn::prim::matmul() (e.g. CCL fused ops) should invoke ttnn::operations::matmul::normalize_program_config() on the program config first. This will become a hard error in a future release. (matmul_multicore_reuse_mcast_1d_program_factory.cpp:5619)
2026-08-29 11:37:08.630 | warning  |              Op | matmul_multi_core_reuse_mcast_1d_optimized_helper: program_config.allowed_worker_cores not populated; auto-populating from compute_with_storage_grid_size. Callers that bypass ttnn::prim::matmul() (e.g. CCL fused ops) should invoke ttnn::operations::matmul::normalize_program_config() on the program config first. This will become a hard error in a future release. (matmul_multicore_reuse_mcast_1d_program_factory.cpp:5619)
2026-08-29 11:37:08.636 | warning  |              Op | matmul_multi_core_reuse_mcast_1d_optimized_helper: program_config.allowed_worker_cores not populated; auto-populating from compute_with_storage_grid_size. Callers that bypass ttnn::prim::matmul() (e.g. CCL fused ops) should invoke ttnn::operations::matmul::normalize_program_config() on the program config first. This will become a hard error in a future release. (matmul_multicore_reuse_mcast_1d_program_factory.cpp:5619)
2026-08-29 11:37:08.639 | warning  |              Op | matmul_multi_core_reuse_mcast_1d_optimized_helper: program_config.allowed_worker_cores not populated; auto-populating from compute_with_storage_grid_size. Callers that bypass ttnn::prim::matmul() (e.g. CCL fused ops) should invoke ttnn::operations::matmul::normalize_program_config() on the program config first. This will become a hard error in a future release. (matmul_multicore_reuse_mcast_1d_program_factory.cpp:5619)
2026-08-29 11:37:08.643 | warning  |              Op | matmul_multi_core_reuse_mcast_1d_optimized_helper: program_config.allowed_worker_cores not populated; auto-populating from compute_with_storage_grid_size. Callers that bypass ttnn::prim::matmul() (e.g. CCL fused ops) should invoke ttnn::operations::matmul::normalize_program_config() on the program config first. This will become a hard error in a future release. (matmul_multicore_reuse_mcast_1d_program_factory.cpp:5619)
2026-08-29 11:37:08.648 | warning  |              Op | matmul_multi_core_reuse_mcast_1d_optimized_helper: program_config.allowed_worker_cores not populated; auto-populating from compute_with_storage_grid_size. Callers that bypass ttnn::prim::matmul() (e.g. CCL fused ops) should invoke ttnn::operations::matmul::normalize_program_config() on the program config first. This will become a hard error in a future release. (matmul_multicore_reuse_mcast_1d_program_factory.cpp:5619)
2026-08-29 11:37:08.652 | warning  |              Op | matmul_multi_core_reuse_mcast_1d_optimized_helper: program_config.allowed_worker_cores not populated; auto-populating from compute_with_storage_grid_size. Callers that bypass ttnn::prim::matmul() (e.g. CCL fused ops) should invoke ttnn::operations::matmul::normalize_program_config() on the program config first. This will become a hard error in a future release. (matmul_multicore_reuse_mcast_1d_program_factory.cpp:5619)
2026-08-29 11:37:08.660 | warning  |              Op | matmul_multi_core_reuse_mcast_1d_optimized_helper: program_config.allowed_worker_cores not populated; auto-populating from compute_with_storage_grid_size. Callers that bypass ttnn::prim::matmul() (e.g. CCL fused ops) should invoke ttnn::operations::matmul::normalize_program_config() on the program config first. This will become a hard error in a future release. (matmul_multicore_reuse_mcast_1d_program_factory.cpp:5619)
2026-08-29 11:37:08.665 | warning  |              Op | matmul_multi_core_reuse_mcast_1d_optimized_helper: program_config.allowed_worker_cores not populated; auto-populating from compute_with_storage_grid_size. Callers that bypass ttnn::prim::matmul() (e.g. CCL fused ops) should invoke ttnn::operations::matmul::normalize_program_config() on the program config first. This will become a hard error in a future release. (matmul_multicore_reuse_mcast_1d_program_factory.cpp:5619)
2026-08-29 11:37:08.670 | warning  |              Op | matmul_multi_core_reuse_mcast_1d_optimized_helper: program_config.allowed_worker_cores not populated; auto-populating from compute_with_storage_grid_size. Callers that bypass ttnn::prim::matmul() (e.g. CCL fused ops) should invoke ttnn::operations::matmul::normalize_program_config() on the program config first. This will become a hard error in a future release. (matmul_multicore_reuse_mcast_1d_program_factory.cpp:5619)
2026-08-29 11:37:08.674 | warning  |              Op | matmul_multi_core_reuse_mcast_1d_optimized_helper: program_config.allowed_worker_cores not populated; auto-populating from compute_with_storage_grid_size. Callers that bypass ttnn::prim::matmul() (e.g. CCL fused ops) should invoke ttnn::operations::matmul::normalize_program_config() on the program config first. This will become a hard error in a future release. (matmul_multicore_reuse_mcast_1d_program_factory.cpp:5619)
2026-08-29 11:37:08.678 | warning  |              Op | matmul_multi_core_reuse_mcast_1d_optimized_helper: program_config.allowed_worker_cores not populated; auto-populating from compute_with_storage_grid_size. Callers that bypass ttnn::prim::matmul() (e.g. CCL fused ops) should invoke ttnn::operations::matmul::normalize_program_config() on the program config first. This will become a hard error in a future release. (matmul_multicore_reuse_mcast_1d_program_factory.cpp:5619)
2026-08-29 11:37:08.682 | warning  |              Op | matmul_multi_core_reuse_mcast_1d_optimized_helper: program_config.allowed_worker_cores not populated; auto-populating from compute_with_storage_grid_size. Callers that bypass ttnn::prim::matmul() (e.g. CCL fused ops) should invoke ttnn::operations::matmul::normalize_program_config() on the program config first. This will become a hard error in a future release. (matmul_multicore_reuse_mcast_1d_program_factory.cpp:5619)
2026-08-29 11:37:08.685 | warning  |              Op | matmul_multi_core_reuse_mcast_1d_optimized_helper: program_config.allowed_worker_cores not populated; auto-populating from compute_with_storage_grid_size. Callers that bypass ttnn::prim::matmul() (e.g. CCL fused ops) should invoke ttnn::operations::matmul::normalize_program_config() on the program config first. This will become a hard error in a future release. (matmul_multicore_reuse_mcast_1d_program_factory.cpp:5619)
2026-08-29 11:37:08.690 | warning  |              Op | matmul_multi_core_reuse_mcast_1d_optimized_helper: program_config.allowed_worker_cores not populated; auto-populating from compute_with_storage_grid_size. Callers that bypass ttnn::prim::matmul() (e.g. CCL fused ops) should invoke ttnn::operations::matmul::normalize_program_config() on the program config first. This will become a hard error in a future release. (matmul_multicore_reuse_mcast_1d_program_factory.cpp:5619)
2026-08-29 11:37:08.694 | warning  |              Op | matmul_multi_core_reuse_mcast_1d_optimized_helper: program_config.allowed_worker_cores not populated; auto-populating from compute_with_storage_grid_size. Callers that bypass ttnn::prim::matmul() (e.g. CCL fused ops) should invoke ttnn::operations::matmul::normalize_program_config() on the program config first. This will become a hard error in a future release. (matmul_multicore_reuse_mcast_1d_program_factory.cpp:5619)
2026-08-29 11:37:08.697 | warning  |              Op | matmul_multi_core_reuse_mcast_1d_optimized_helper: program_config.allowed_worker_cores not populated; auto-populating from compute_with_storage_grid_size. Callers that bypass ttnn::prim::matmul() (e.g. CCL fused ops) should invoke ttnn::operations::matmul::normalize_program_config() on the program config first. This will become a hard error in a future release. (matmul_multicore_reuse_mcast_1d_program_factory.cpp:5619)
2026-08-29 11:37:08.703 | warning  |              Op | matmul_multi_core_reuse_mcast_1d_optimized_helper: program_config.allowed_worker_cores not populated; auto-populating from compute_with_storage_grid_size. Callers that bypass ttnn::prim::matmul() (e.g. CCL fused ops) should invoke ttnn::operations::matmul::normalize_program_config() on the program config first. This will become a hard error in a future release. (matmul_multicore_reuse_mcast_1d_program_factory.cpp:5619)
2026-08-29 11:37:08.707 | warning  |              Op | matmul_multi_core_reuse_mcast_1d_optimized_helper: program_config.allowed_worker_cores not populated; auto-populating from compute_with_storage_grid_size. Callers that bypass ttnn::prim::matmul() (e.g. CCL fused ops) should invoke ttnn::operations::matmul::normalize_program_config() on the program config first. This will become a hard error in a future release. (matmul_multicore_reuse_mcast_1d_program_factory.cpp:5619)
2026-08-29 11:37:08.711 | warning  |              Op | matmul_multi_core_reuse_mcast_1d_optimized_helper: program_config.allowed_worker_cores not populated; auto-populating from compute_with_storage_grid_size. Callers that bypass ttnn::prim::matmul() (e.g. CCL fused ops) should invoke ttnn::operations::matmul::normalize_program_config() on the program config first. This will become a hard error in a future release. (matmul_multicore_reuse_mcast_1d_program_factory.cpp:5619)
2026-08-29 11:37:08.715 | warning  |              Op | matmul_multi_core_reuse_mcast_1d_optimized_helper: program_config.allowed_worker_cores not populated; auto-populating from compute_with_storage_grid_size. Callers that bypass ttnn::prim::matmul() (e.g. CCL fused ops) should invoke ttnn::operations::matmul::normalize_program_config() on the program config first. This will become a hard error in a future release. (matmul_multicore_reuse_mcast_1d_program_factory.cpp:5619)
2026-08-29 11:37:13.153 | warning  |              Op | ttnn::tilize: Using input shard spec for output tensor because the legacy sharded optimized program factory is being used (tilize_device_operation.cpp:247)
2026-08-29 11:37:13.154 | warning  |              Op | ttnn::tilize: Using input shard spec for output tensor because the legacy sharded optimized program factory is being used (tilize_device_operation.cpp:247)
2026-08-29 11:37:13.164 | warning  |              Op | ttnn::tilize: Using input shard spec for output tensor because the legacy sharded optimized program factory is being used (tilize_device_operation.cpp:247)
2026-08-29 11:37:13.164 | warning  |              Op | ttnn::tilize: Using input shard spec for output tensor because the legacy sharded optimized program factory is being used (tilize_device_operation.cpp:247)
2026-08-29 11:37:13.173 | warning  |              Op | ttnn::tilize: Using input shard spec for output tensor because the legacy sharded optimized program factory is being used (tilize_device_operation.cpp:247)
2026-08-29 11:37:13.173 | warning  |              Op | ttnn::tilize: Using input shard spec for output tensor because the legacy sharded optimized program factory is being used (tilize_device_operation.cpp:247)
2026-08-29 11:37:13.182 | warning  |              Op | ttnn::tilize: Using input shard spec for output tensor because the legacy sharded optimized program factory is being used (tilize_device_operation.cpp:247)
2026-08-29 11:37:13.183 | warning  |              Op | ttnn::tilize: Using input shard spec for output tensor because the legacy sharded optimized program factory is being used (tilize_device_operation.cpp:247)
2026-08-29 11:37:13.191 | warning  |              Op | ttnn::tilize: Using input shard spec for output tensor because the legacy sharded optimized program factory is being used (tilize_device_operation.cpp:247)
2026-08-29 11:37:13.192 | warning  |              Op | ttnn::tilize: Using input shard spec for output tensor because the legacy sharded optimized program factory is being used (tilize_device_operation.cpp:247)
2026-08-29 11:37:13.200 | warning  |              Op | ttnn::tilize: Using input shard spec for output tensor because the legacy sharded optimized program factory is being used (tilize_device_operation.cpp:247)
2026-08-29 11:37:13.200 | warning  |              Op | ttnn::tilize: Using input shard spec for output tensor because the legacy sharded optimized program factory is being used (tilize_device_operation.cpp:247)
2026-08-29 11:37:13.209 | warning  |              Op | ttnn::tilize: Using input shard spec for output tensor because the legacy sharded optimized program factory is being used (tilize_device_operation.cpp:247)
2026-08-29 11:37:13.209 | warning  |              Op | ttnn::tilize: Using input shard spec for output tensor because the legacy sharded optimized program factory is being used (tilize_device_operation.cpp:247)
2026-08-29 11:37:13.218 | warning  |              Op | ttnn::tilize: Using input shard spec for output tensor because the legacy sharded optimized program factory is being used (tilize_device_operation.cpp:247)
2026-08-29 11:37:13.218 | warning  |              Op | ttnn::tilize: Using input shard spec for output tensor because the legacy sharded optimized program factory is being used (tilize_device_operation.cpp:247)
2026-08-29 11:37:13.226 | warning  |              Op | ttnn::tilize: Using input shard spec for output tensor because the legacy sharded optimized program factory is being used (tilize_device_operation.cpp:247)
2026-08-29 11:37:13.226 | warning  |              Op | ttnn::tilize: Using input shard spec for output tensor because the legacy sharded optimized program factory is being used (tilize_device_operation.cpp:247)
2026-08-29 11:37:13.235 | warning  |              Op | ttnn::tilize: Using input shard spec for output tensor because the legacy sharded optimized program factory is being used (tilize_device_operation.cpp:247)
2026-08-29 11:37:13.235 | warning  |              Op | ttnn::tilize: Using input shard spec for output tensor because the legacy sharded optimized program factory is being used (tilize_device_operation.cpp:247)
2026-08-29 11:37:13.244 | warning  |              Op | ttnn::tilize: Using input shard spec for output tensor because the legacy sharded optimized program factory is being used (tilize_device_operation.cpp:247)
2026-08-29 11:37:13.244 | warning  |              Op | ttnn::tilize: Using input shard spec for output tensor because the legacy sharded optimized program factory is being used (tilize_device_operation.cpp:247)
2026-08-29 11:37:13.253 | warning  |              Op | ttnn::tilize: Using input shard spec for output tensor because the legacy sharded optimized program factory is being used (tilize_device_operation.cpp:247)
2026-08-29 11:37:13.253 | warning  |              Op | ttnn::tilize: Using input shard spec for output tensor because the legacy sharded optimized program factory is being used (tilize_device_operation.cpp:247)
2026-08-29 11:37:13.262 | warning  |              Op | ttnn::tilize: Using input shard spec for output tensor because the legacy sharded optimized program factory is being used (tilize_device_operation.cpp:247)
2026-08-29 11:37:13.262 | warning  |              Op | ttnn::tilize: Using input shard spec for output tensor because the legacy sharded optimized program factory is being used (tilize_device_operation.cpp:247)
2026-08-29 11:37:13.270 | warning  |              Op | ttnn::tilize: Using input shard spec for output tensor because the legacy sharded optimized program factory is being used (tilize_device_operation.cpp:247)
2026-08-29 11:37:13.270 | warning  |              Op | ttnn::tilize: Using input shard spec for output tensor because the legacy sharded optimized program factory is being used (tilize_device_operation.cpp:247)
2026-08-29 11:37:13.279 | warning  |              Op | ttnn::tilize: Using input shard spec for output tensor because the legacy sharded optimized program factory is being used (tilize_device_operation.cpp:247)
2026-08-29 11:37:13.279 | warning  |              Op | ttnn::tilize: Using input shard spec for output tensor because the legacy sharded optimized program factory is being used (tilize_device_operation.cpp:247)
2026-08-29 11:37:13.288 | warning  |              Op | ttnn::tilize: Using input shard spec for output tensor because the legacy sharded optimized program factory is being used (tilize_device_operation.cpp:247)
2026-08-29 11:37:13.288 | warning  |              Op | ttnn::tilize: Using input shard spec for output tensor because the legacy sharded optimized program factory is being used (tilize_device_operation.cpp:247)
2026-08-29 11:37:13.297 | warning  |              Op | ttnn::tilize: Using input shard spec for output tensor because the legacy sharded optimized program factory is being used (tilize_device_operation.cpp:247)
2026-08-29 11:37:13.297 | warning  |              Op | ttnn::tilize: Using input shard spec for output tensor because the legacy sharded optimized program factory is being used (tilize_device_operation.cpp:247)
2026-08-29 11:37:13.305 | warning  |              Op | ttnn::tilize: Using input shard spec for output tensor because the legacy sharded optimized program factory is being used (tilize_device_operation.cpp:247)
2026-08-29 11:37:13.306 | warning  |              Op | ttnn::tilize: Using input shard spec for output tensor because the legacy sharded optimized program factory is being used (tilize_device_operation.cpp:247)
2026-08-29 11:37:13.314 | warning  |              Op | ttnn::tilize: Using input shard spec for output tensor because the legacy sharded optimized program factory is being used (tilize_device_operation.cpp:247)
2026-08-29 11:37:13.314 | warning  |              Op | ttnn::tilize: Using input shard spec for output tensor because the legacy sharded optimized program factory is being used (tilize_device_operation.cpp:247)
2026-08-29 11:37:13.323 | warning  |              Op | ttnn::tilize: Using input shard spec for output tensor because the legacy sharded optimized program factory is being used (tilize_device_operation.cpp:247)
2026-08-29 11:37:13.323 | warning  |              Op | ttnn::tilize: Using input shard spec for output tensor because the legacy sharded optimized program factory is being used (tilize_device_operation.cpp:247)
2026-08-29 11:37:13.331 | warning  |              Op | ttnn::tilize: Using input shard spec for output tensor because the legacy sharded optimized program factory is being used (tilize_device_operation.cpp:247)
2026-08-29 11:37:13.332 | warning  |              Op | ttnn::tilize: Using input shard spec for output tensor because the legacy sharded optimized program factory is being used (tilize_device_operation.cpp:247)
2026-08-29 11:37:13.340 | warning  |              Op | ttnn::tilize: Using input shard spec for output tensor because the legacy sharded optimized program factory is being used (tilize_device_operation.cpp:247)
2026-08-29 11:37:13.340 | warning  |              Op | ttnn::tilize: Using input shard spec for output tensor because the legacy sharded optimized program factory is being used (tilize_device_operation.cpp:247)
2026-08-29 11:37:13.357 | warning  |              Op | ttnn::tilize: Using input shard spec for output tensor because the legacy sharded optimized program factory is being used (tilize_device_operation.cpp:247)
2026-08-29 11:37:13.357 | warning  |              Op | ttnn::tilize: Using input shard spec for output tensor because the legacy sharded optimized program factory is being used (tilize_device_operation.cpp:247)
2026-08-29 11:37:13.366 | warning  |              Op | ttnn::tilize: Using input shard spec for output tensor because the legacy sharded optimized program factory is being used (tilize_device_operation.cpp:247)
2026-08-29 11:37:13.366 | warning  |              Op | ttnn::tilize: Using input shard spec for output tensor because the legacy sharded optimized program factory is being used (tilize_device_operation.cpp:247)
2026-08-29 11:37:13.374 | warning  |              Op | ttnn::tilize: Using input shard spec for output tensor because the legacy sharded optimized program factory is being used (tilize_device_operation.cpp:247)
2026-08-29 11:37:13.375 | warning  |              Op | ttnn::tilize: Using input shard spec for output tensor because the legacy sharded optimized program factory is being used (tilize_device_operation.cpp:247)
2026-08-29 11:37:13.383 | warning  |              Op | ttnn::tilize: Using input shard spec for output tensor because the legacy sharded optimized program factory is being used (tilize_device_operation.cpp:247)
2026-08-29 11:37:13.383 | warning  |              Op | ttnn::tilize: Using input shard spec for output tensor because the legacy sharded optimized program factory is being used (tilize_device_operation.cpp:247)
2026-08-29 11:37:13.392 | warning  |              Op | ttnn::tilize: Using input shard spec for output tensor because the legacy sharded optimized program factory is being used (tilize_device_operation.cpp:247)
2026-08-29 11:37:13.392 | warning  |              Op | ttnn::tilize: Using input shard spec for output tensor because the legacy sharded optimized program factory is being used (tilize_device_operation.cpp:247)
2026-08-29 11:37:13.400 | warning  |              Op | ttnn::tilize: Using input shard spec for output tensor because the legacy sharded optimized program factory is being used (tilize_device_operation.cpp:247)
2026-08-29 11:37:13.401 | warning  |              Op | ttnn::tilize: Using input shard spec for output tensor because the legacy sharded optimized program factory is being used (tilize_device_operation.cpp:247)
2026-08-29 11:37:13.409 | warning  |              Op | ttnn::tilize: Using input shard spec for output tensor because the legacy sharded optimized program factory is being used (tilize_device_operation.cpp:247)
2026-08-29 11:37:13.409 | warning  |              Op | ttnn::tilize: Using input shard spec for output tensor because the legacy sharded optimized program factory is being used (tilize_device_operation.cpp:247)
2026-08-29 11:37:13.418 | warning  |              Op | ttnn::tilize: Using input shard spec for output tensor because the legacy sharded optimized program factory is being used (tilize_device_operation.cpp:247)
2026-08-29 11:37:13.418 | warning  |              Op | ttnn::tilize: Using input shard spec for output tensor because the legacy sharded optimized program factory is being used (tilize_device_operation.cpp:247)
2026-08-29 11:37:13.426 | warning  |              Op | ttnn::tilize: Using input shard spec for output tensor because the legacy sharded optimized program factory is being used (tilize_device_operation.cpp:247)
2026-08-29 11:37:13.426 | warning  |              Op | ttnn::tilize: Using input shard spec for output tensor because the legacy sharded optimized program factory is being used (tilize_device_operation.cpp:247)
2026-08-29 11:37:13.435 | warning  |              Op | ttnn::tilize: Using input shard spec for output tensor because the legacy sharded optimized program factory is being used (tilize_device_operation.cpp:247)
2026-08-29 11:37:13.435 | warning  |              Op | ttnn::tilize: Using input shard spec for output tensor because the legacy sharded optimized program factory is being used (tilize_device_operation.cpp:247)
2026-08-29 11:37:13.444 | warning  |              Op | ttnn::tilize: Using input shard spec for output tensor because the legacy sharded optimized program factory is being used (tilize_device_operation.cpp:247)
2026-08-29 11:37:13.444 | warning  |              Op | ttnn::tilize: Using input shard spec for output tensor because the legacy sharded optimized program factory is being used (tilize_device_operation.cpp:247)
2026-08-29 11:37:13.453 | warning  |              Op | ttnn::tilize: Using input shard spec for output tensor because the legacy sharded optimized program factory is being used (tilize_device_operation.cpp:247)
2026-08-29 11:37:13.453 | warning  |              Op | ttnn::tilize: Using input shard spec for output tensor because the legacy sharded optimized program factory is being used (tilize_device_operation.cpp:247)
2026-08-29 11:37:13.462 | warning  |              Op | ttnn::tilize: Using input shard spec for output tensor because the legacy sharded optimized program factory is being used (tilize_device_operation.cpp:247)
2026-08-29 11:37:13.462 | warning  |              Op | ttnn::tilize: Using input shard spec for output tensor because the legacy sharded optimized program factory is being used (tilize_device_operation.cpp:247)
2026-08-29 11:37:13.471 | warning  |              Op | ttnn::tilize: Using input shard spec for output tensor because the legacy sharded optimized program factory is being used (tilize_device_operation.cpp:247)
2026-08-29 11:37:13.471 | warning  |              Op | ttnn::tilize: Using input shard spec for output tensor because the legacy sharded optimized program factory is being used (tilize_device_operation.cpp:247)
2026-08-29 11:37:13.481 | warning  |              Op | ttnn::tilize: Using input shard spec for output tensor because the legacy sharded optimized program factory is being used (tilize_device_operation.cpp:247)
2026-08-29 11:37:13.481 | warning  |              Op | ttnn::tilize: Using input shard spec for output tensor because the legacy sharded optimized program factory is being used (tilize_device_operation.cpp:247)
2026-08-29 11:37:13.489 | warning  |              Op | ttnn::tilize: Using input shard spec for output tensor because the legacy sharded optimized program factory is being used (tilize_device_operation.cpp:247)
2026-08-29 11:37:13.490 | warning  |              Op | ttnn::tilize: Using input shard spec for output tensor because the legacy sharded optimized program factory is being used (tilize_device_operation.cpp:247)
2026-08-29 11:37:13.498 | warning  |              Op | ttnn::tilize: Using input shard spec for output tensor because the legacy sharded optimized program factory is being used (tilize_device_operation.cpp:247)
2026-08-29 11:37:13.498 | warning  |              Op | ttnn::tilize: Using input shard spec for output tensor because the legacy sharded optimized program factory is being used (tilize_device_operation.cpp:247)
2026-08-29 11:37:13.507 | warning  |              Op | ttnn::tilize: Using input shard spec for output tensor because the legacy sharded optimized program factory is being used (tilize_device_operation.cpp:247)
2026-08-29 11:37:13.507 | warning  |              Op | ttnn::tilize: Using input shard spec for output tensor because the legacy sharded optimized program factory is being used (tilize_device_operation.cpp:247)
2026-08-29 11:37:13.516 | warning  |              Op | ttnn::tilize: Using input shard spec for output tensor because the legacy sharded optimized program factory is being used (tilize_device_operation.cpp:247)
2026-08-29 11:37:13.516 | warning  |              Op | ttnn::tilize: Using input shard spec for output tensor because the legacy sharded optimized program factory is being used (tilize_device_operation.cpp:247)
2026-08-29 11:37:13.524 | warning  |              Op | ttnn::tilize: Using input shard spec for output tensor because the legacy sharded optimized program factory is being used (tilize_device_operation.cpp:247)
2026-08-29 11:37:13.525 | warning  |              Op | ttnn::tilize: Using input shard spec for output tensor because the legacy sharded optimized program factory is being used (tilize_device_operation.cpp:247)
2026-08-29 11:37:13.533 | warning  |              Op | ttnn::tilize: Using input shard spec for output tensor because the legacy sharded optimized program factory is being used (tilize_device_operation.cpp:247)
2026-08-29 11:37:13.533 | warning  |              Op | ttnn::tilize: Using input shard spec for output tensor because the legacy sharded optimized program factory is being used (tilize_device_operation.cpp:247)
2026-08-29 11:37:13.542 | warning  |              Op | ttnn::tilize: Using input shard spec for output tensor because the legacy sharded optimized program factory is being used (tilize_device_operation.cpp:247)
2026-08-29 11:37:13.542 | warning  |              Op | ttnn::tilize: Using input shard spec for output tensor because the legacy sharded optimized program factory is being used (tilize_device_operation.cpp:247)
2026-08-29 11:37:13.551 | warning  |              Op | ttnn::tilize: Using input shard spec for output tensor because the legacy sharded optimized program factory is being used (tilize_device_operation.cpp:247)
2026-08-29 11:37:13.551 | warning  |              Op | ttnn::tilize: Using input shard spec for output tensor because the legacy sharded optimized program factory is being used (tilize_device_operation.cpp:247)
2026-08-29 11:37:13.559 | warning  |              Op | ttnn::tilize: Using input shard spec for output tensor because the legacy sharded optimized program factory is being used (tilize_device_operation.cpp:247)
2026-08-29 11:37:13.559 | warning  |              Op | ttnn::tilize: Using input shard spec for output tensor because the legacy sharded optimized program factory is being used (tilize_device_operation.cpp:247)
2026-08-29 11:37:13.568 | warning  |              Op | ttnn::tilize: Using input shard spec for output tensor because the legacy sharded optimized program factory is being used (tilize_device_operation.cpp:247)
2026-08-29 11:37:13.568 | warning  |              Op | ttnn::tilize: Using input shard spec for output tensor because the legacy sharded optimized program factory is being used (tilize_device_operation.cpp:247)
2026-08-29 11:37:13.576 | warning  |              Op | ttnn::tilize: Using input shard spec for output tensor because the legacy sharded optimized program factory is being used (tilize_device_operation.cpp:247)
2026-08-29 11:37:13.577 | warning  |              Op | ttnn::tilize: Using input shard spec for output tensor because the legacy sharded optimized program factory is being used (tilize_device_operation.cpp:247)
2026-08-29 11:37:13.585 | warning  |              Op | ttnn::tilize: Using input shard spec for output tensor because the legacy sharded optimized program factory is being used (tilize_device_operation.cpp:247)
2026-08-29 11:37:13.585 | warning  |              Op | ttnn::tilize: Using input shard spec for output tensor because the legacy sharded optimized program factory is being used (tilize_device_operation.cpp:247)
2026-08-29 11:37:13.594 | warning  |              Op | ttnn::tilize: Using input shard spec for output tensor because the legacy sharded optimized program factory is being used (tilize_device_operation.cpp:247)
2026-08-29 11:37:13.594 | warning  |              Op | ttnn::tilize: Using input shard spec for output tensor because the legacy sharded optimized program factory is being used (tilize_device_operation.cpp:247)
2026-08-29 11:37:13.603 | warning  |              Op | ttnn::tilize: Using input shard spec for output tensor because the legacy sharded optimized program factory is being used (tilize_device_operation.cpp:247)
2026-08-29 11:37:13.603 | warning  |              Op | ttnn::tilize: Using input shard spec for output tensor because the legacy sharded optimized program factory is being used (tilize_device_operation.cpp:247)
2026-08-29 11:37:13.611 | warning  |              Op | ttnn::tilize: Using input shard spec for output tensor because the legacy sharded optimized program factory is being used (tilize_device_operation.cpp:247)
2026-08-29 11:37:13.611 | warning  |              Op | ttnn::tilize: Using input shard spec for output tensor because the legacy sharded optimized program factory is being used (tilize_device_operation.cpp:247)
2026-08-29 11:37:13.620 | warning  |              Op | ttnn::tilize: Using input shard spec for output tensor because the legacy sharded optimized program factory is being used (tilize_device_operation.cpp:247)
2026-08-29 11:37:13.620 | warning  |              Op | ttnn::tilize: Using input shard spec for output tensor because the legacy sharded optimized program factory is being used (tilize_device_operation.cpp:247)
2026-08-29 11:37:13.629 | warning  |              Op | ttnn::tilize: Using input shard spec for output tensor because the legacy sharded optimized program factory is being used (tilize_device_operation.cpp:247)
2026-08-29 11:37:13.629 | warning  |              Op | ttnn::tilize: Using input shard spec for output tensor because the legacy sharded optimized program factory is being used (tilize_device_operation.cpp:247)
2026-08-29 11:37:13.637 | warning  |              Op | ttnn::tilize: Using input shard spec for output tensor because the legacy sharded optimized program factory is being used (tilize_device_operation.cpp:247)
2026-08-29 11:37:13.638 | warning  |              Op | ttnn::tilize: Using input shard spec for output tensor because the legacy sharded optimized program factory is being used (tilize_device_operation.cpp:247)
2026-08-29 11:37:13.646 | warning  |              Op | ttnn::tilize: Using input shard spec for output tensor because the legacy sharded optimized program factory is being used (tilize_device_operation.cpp:247)
2026-08-29 11:37:13.646 | warning  |              Op | ttnn::tilize: Using input shard spec for output tensor because the legacy sharded optimized program factory is being used (tilize_device_operation.cpp:247)
2026-08-29 11:37:13.655 | warning  |              Op | ttnn::tilize: Using input shard spec for output tensor because the legacy sharded optimized program factory is being used (tilize_device_operation.cpp:247)
2026-08-29 11:37:13.655 | warning  |              Op | ttnn::tilize: Using input shard spec for output tensor because the legacy sharded optimized program factory is being used (tilize_device_operation.cpp:247)
2026-08-29 11:37:13.663 | warning  |              Op | ttnn::tilize: Using input shard spec for output tensor because the legacy sharded optimized program factory is being used (tilize_device_operation.cpp:247)
2026-08-29 11:37:13.663 | warning  |              Op | ttnn::tilize: Using input shard spec for output tensor because the legacy sharded optimized program factory is being used (tilize_device_operation.cpp:247)
2026-08-29 11:37:13.672 | warning  |              Op | ttnn::tilize: Using input shard spec for output tensor because the legacy sharded optimized program factory is being used (tilize_device_operation.cpp:247)
2026-08-29 11:37:13.672 | warning  |              Op | ttnn::tilize: Using input shard spec for output tensor because the legacy sharded optimized program factory is being used (tilize_device_operation.cpp:247)
2026-08-29 11:37:13.682 | warning  |              Op | ttnn::tilize: Using input shard spec for output tensor because the legacy sharded optimized program factory is being used (tilize_device_operation.cpp:247)
2026-08-29 11:37:13.682 | warning  |              Op | ttnn::tilize: Using input shard spec for output tensor because the legacy sharded optimized program factory is being used (tilize_device_operation.cpp:247)
2026-08-29 11:37:13.690 | warning  |              Op | ttnn::tilize: Using input shard spec for output tensor because the legacy sharded optimized program factory is being used (tilize_device_operation.cpp:247)
2026-08-29 11:37:13.690 | warning  |              Op | ttnn::tilize: Using input shard spec for output tensor because the legacy sharded optimized program factory is being used (tilize_device_operation.cpp:247)
2026-08-29 11:37:13.699 | warning  |              Op | ttnn::tilize: Using input shard spec for output tensor because the legacy sharded optimized program factory is being used (tilize_device_operation.cpp:247)
2026-08-29 11:37:13.699 | warning  |              Op | ttnn::tilize: Using input shard spec for output tensor because the legacy sharded optimized program factory is being used (tilize_device_operation.cpp:247)
2026-08-29 11:37:13.708 | warning  |              Op | ttnn::tilize: Using input shard spec for output tensor because the legacy sharded optimized program factory is being used (tilize_device_operation.cpp:247)
2026-08-29 11:37:13.708 | warning  |              Op | ttnn::tilize: Using input shard spec for output tensor because the legacy sharded optimized program factory is being used (tilize_device_operation.cpp:247)
2026-08-29 11:37:19.103 | INFO     | models.demos.llama3_70b_galaxy.tt.generator:_capture_trace_text:1436 - Done Compiling Model
2026-08-29 11:37:19.137 | warning  |              Op | ttnn::tilize: Using input shard spec for output tensor because the legacy sharded optimized program factory is being used (tilize_device_operation.cpp:247)
2026-08-29 11:37:19.137 | warning  |              Op | ttnn::tilize: Using input shard spec for output tensor because the legacy sharded optimized program factory is being used (tilize_device_operation.cpp:247)
2026-08-29 11:37:19.263 | warning  |              Op | ttnn::tilize: Using input shard spec for output tensor because the legacy sharded optimized program factory is being used (tilize_device_operation.cpp:247)
2026-08-29 11:37:19.263 | warning  |              Op | ttnn::tilize: Using input shard spec for output tensor because the legacy sharded optimized program factory is being used (tilize_device_operation.cpp:247)
2026-08-29 11:37:19.271 | warning  |              Op | ttnn::tilize: Using input shard spec for output tensor because the legacy sharded optimized program factory is being used (tilize_device_operation.cpp:247)
2026-08-29 11:37:19.272 | warning  |              Op | ttnn::tilize: Using input shard spec for output tensor because the legacy sharded optimized program factory is being used (tilize_device_operation.cpp:247)
2026-08-29 11:37:19.279 | warning  |              Op | ttnn::tilize: Using input shard spec for output tensor because the legacy sharded optimized program factory is being used (tilize_device_operation.cpp:247)
2026-08-29 11:37:19.279 | warning  |              Op | ttnn::tilize: Using input shard spec for output tensor because the legacy sharded optimized program factory is being used (tilize_device_operation.cpp:247)
2026-08-29 11:37:19.286 | warning  |              Op | ttnn::tilize: Using input shard spec for output tensor because the legacy sharded optimized program factory is being used (tilize_device_operation.cpp:247)
2026-08-29 11:37:19.286 | warning  |              Op | ttnn::tilize: Using input shard spec for output tensor because the legacy sharded optimized program factory is being used (tilize_device_operation.cpp:247)
2026-08-29 11:37:19.294 | warning  |              Op | ttnn::tilize: Using input shard spec for output tensor because the legacy sharded optimized program factory is being used (tilize_device_operation.cpp:247)
2026-08-29 11:37:19.294 | warning  |              Op | ttnn::tilize: Using input shard spec for output tensor because the legacy sharded optimized program factory is being used (tilize_device_operation.cpp:247)
2026-08-29 11:37:19.301 | warning  |              Op | ttnn::tilize: Using input shard spec for output tensor because the legacy sharded optimized program factory is being used (tilize_device_operation.cpp:247)
2026-08-29 11:37:19.301 | warning  |              Op | ttnn::tilize: Using input shard spec for output tensor because the legacy sharded optimized program factory is being used (tilize_device_operation.cpp:247)
2026-08-29 11:37:19.308 | warning  |              Op | ttnn::tilize: Using input shard spec for output tensor because the legacy sharded optimized program factory is being used (tilize_device_operation.cpp:247)
2026-08-29 11:37:19.308 | warning  |              Op | ttnn::tilize: Using input shard spec for output tensor because the legacy sharded optimized program factory is being used (tilize_device_operation.cpp:247)
2026-08-29 11:37:19.316 | warning  |              Op | ttnn::tilize: Using input shard spec for output tensor because the legacy sharded optimized program factory is being used (tilize_device_operation.cpp:247)
2026-08-29 11:37:19.316 | warning  |              Op | ttnn::tilize: Using input shard spec for output tensor because the legacy sharded optimized program factory is being used (tilize_device_operation.cpp:247)
2026-08-29 11:37:19.323 | warning  |              Op | ttnn::tilize: Using input shard spec for output tensor because the legacy sharded optimized program factory is being used (tilize_device_operation.cpp:247)
2026-08-29 11:37:19.323 | warning  |              Op | ttnn::tilize: Using input shard spec for output tensor because the legacy sharded optimized program factory is being used (tilize_device_operation.cpp:247)
2026-08-29 11:37:19.330 | warning  |              Op | ttnn::tilize: Using input shard spec for output tensor because the legacy sharded optimized program factory is being used (tilize_device_operation.cpp:247)
2026-08-29 11:37:19.330 | warning  |              Op | ttnn::tilize: Using input shard spec for output tensor because the legacy sharded optimized program factory is being used (tilize_device_operation.cpp:247)
2026-08-29 11:37:19.338 | warning  |              Op | ttnn::tilize: Using input shard spec for output tensor because the legacy sharded optimized program factory is being used (tilize_device_operation.cpp:247)
2026-08-29 11:37:19.338 | warning  |              Op | ttnn::tilize: Using input shard spec for output tensor because the legacy sharded optimized program factory is being used (tilize_device_operation.cpp:247)
2026-08-29 11:37:19.345 | warning  |              Op | ttnn::tilize: Using input shard spec for output tensor because the legacy sharded optimized program factory is being used (tilize_device_operation.cpp:247)
2026-08-29 11:37:19.345 | warning  |              Op | ttnn::tilize: Using input shard spec for output tensor because the legacy sharded optimized program factory is being used (tilize_device_operation.cpp:247)
2026-08-29 11:37:19.352 | warning  |              Op | ttnn::tilize: Using input shard spec for output tensor because the legacy sharded optimized program factory is being used (tilize_device_operation.cpp:247)
2026-08-29 11:37:19.352 | warning  |              Op | ttnn::tilize: Using input shard spec for output tensor because the legacy sharded optimized program factory is being used (tilize_device_operation.cpp:247)
2026-08-29 11:37:19.360 | warning  |              Op | ttnn::tilize: Using input shard spec for output tensor because the legacy sharded optimized program factory is being used (tilize_device_operation.cpp:247)
2026-08-29 11:37:19.360 | warning  |              Op | ttnn::tilize: Using input shard spec for output tensor because the legacy sharded optimized program factory is being used (tilize_device_operation.cpp:247)
2026-08-29 11:37:19.367 | warning  |              Op | ttnn::tilize: Using input shard spec for output tensor because the legacy sharded optimized program factory is being used (tilize_device_operation.cpp:247)
2026-08-29 11:37:19.367 | warning  |              Op | ttnn::tilize: Using input shard spec for output tensor because the legacy sharded optimized program factory is being used (tilize_device_operation.cpp:247)
2026-08-29 11:37:19.374 | warning  |              Op | ttnn::tilize: Using input shard spec for output tensor because the legacy sharded optimized program factory is being used (tilize_device_operation.cpp:247)
2026-08-29 11:37:19.374 | warning  |              Op | ttnn::tilize: Using input shard spec for output tensor because the legacy sharded optimized program factory is being used (tilize_device_operation.cpp:247)
2026-08-29 11:37:19.382 | warning  |              Op | ttnn::tilize: Using input shard spec for output tensor because the legacy sharded optimized program factory is being used (tilize_device_operation.cpp:247)
2026-08-29 11:37:19.382 | warning  |              Op | ttnn::tilize: Using input shard spec for output tensor because the legacy sharded optimized program factory is being used (tilize_device_operation.cpp:247)
2026-08-29 11:37:19.389 | warning  |              Op | ttnn::tilize: Using input shard spec for output tensor because the legacy sharded optimized program factory is being used (tilize_device_operation.cpp:247)
2026-08-29 11:37:19.389 | warning  |              Op | ttnn::tilize: Using input shard spec for output tensor because the legacy sharded optimized program factory is being used (tilize_device_operation.cpp:247)
2026-08-29 11:37:19.400 | warning  |              Op | ttnn::tilize: Using input shard spec for output tensor because the legacy sharded optimized program factory is being used (tilize_device_operation.cpp:247)
2026-08-29 11:37:19.400 | warning  |              Op | ttnn::tilize: Using input shard spec for output tensor because the legacy sharded optimized program factory is being used (tilize_device_operation.cpp:247)
2026-08-29 11:37:19.407 | warning  |              Op | ttnn::tilize: Using input shard spec for output tensor because the legacy sharded optimized program factory is being used (tilize_device_operation.cpp:247)
2026-08-29 11:37:19.407 | warning  |              Op | ttnn::tilize: Using input shard spec for output tensor because the legacy sharded optimized program factory is being used (tilize_device_operation.cpp:247)
2026-08-29 11:37:19.414 | warning  |              Op | ttnn::tilize: Using input shard spec for output tensor because the legacy sharded optimized program factory is being used (tilize_device_operation.cpp:247)
2026-08-29 11:37:19.414 | warning  |              Op | ttnn::tilize: Using input shard spec for output tensor because the legacy sharded optimized program factory is being used (tilize_device_operation.cpp:247)
2026-08-29 11:37:19.422 | warning  |              Op | ttnn::tilize: Using input shard spec for output tensor because the legacy sharded optimized program factory is being used (tilize_device_operation.cpp:247)
2026-08-29 11:37:19.422 | warning  |              Op | ttnn::tilize: Using input shard spec for output tensor because the legacy sharded optimized program factory is being used (tilize_device_operation.cpp:247)
2026-08-29 11:37:19.429 | warning  |              Op | ttnn::tilize: Using input shard spec for output tensor because the legacy sharded optimized program factory is being used (tilize_device_operation.cpp:247)
2026-08-29 11:37:19.429 | warning  |              Op | ttnn::tilize: Using input shard spec for output tensor because the legacy sharded optimized program factory is being used (tilize_device_operation.cpp:247)
2026-08-29 11:37:19.436 | warning  |              Op | ttnn::tilize: Using input shard spec for output tensor because the legacy sharded optimized program factory is being used (tilize_device_operation.cpp:247)
2026-08-29 11:37:19.437 | warning  |              Op | ttnn::tilize: Using input shard spec for output tensor because the legacy sharded optimized program factory is being used (tilize_device_operation.cpp:247)
2026-08-29 11:37:19.444 | warning  |              Op | ttnn::tilize: Using input shard spec for output tensor because the legacy sharded optimized program factory is being used (tilize_device_operation.cpp:247)
2026-08-29 11:37:19.444 | warning  |              Op | ttnn::tilize: Using input shard spec for output tensor because the legacy sharded optimized program factory is being used (tilize_device_operation.cpp:247)
2026-08-29 11:37:19.451 | warning  |              Op | ttnn::tilize: Using input shard spec for output tensor because the legacy sharded optimized program factory is being used (tilize_device_operation.cpp:247)
2026-08-29 11:37:19.451 | warning  |              Op | ttnn::tilize: Using input shard spec for output tensor because the legacy sharded optimized program factory is being used (tilize_device_operation.cpp:247)
2026-08-29 11:37:19.459 | warning  |              Op | ttnn::tilize: Using input shard spec for output tensor because the legacy sharded optimized program factory is being used (tilize_device_operation.cpp:247)
2026-08-29 11:37:19.459 | warning  |              Op | ttnn::tilize: Using input shard spec for output tensor because the legacy sharded optimized program factory is being used (tilize_device_operation.cpp:247)
2026-08-29 11:37:19.466 | warning  |              Op | ttnn::tilize: Using input shard spec for output tensor because the legacy sharded optimized program factory is being used (tilize_device_operation.cpp:247)
2026-08-29 11:37:19.466 | warning  |              Op | ttnn::tilize: Using input shard spec for output tensor because the legacy sharded optimized program factory is being used (tilize_device_operation.cpp:247)
2026-08-29 11:37:19.474 | warning  |              Op | ttnn::tilize: Using input shard spec for output tensor because the legacy sharded optimized program factory is being used (tilize_device_operation.cpp:247)
2026-08-29 11:37:19.474 | warning  |              Op | ttnn::tilize: Using input shard spec for output tensor because the legacy sharded optimized program factory is being used (tilize_device_operation.cpp:247)
2026-08-29 11:37:19.482 | warning  |              Op | ttnn::tilize: Using input shard spec for output tensor because the legacy sharded optimized program factory is being used (tilize_device_operation.cpp:247)
2026-08-29 11:37:19.483 | warning  |              Op | ttnn::tilize: Using input shard spec for output tensor because the legacy sharded optimized program factory is being used (tilize_device_operation.cpp:247)
2026-08-29 11:37:19.490 | warning  |              Op | ttnn::tilize: Using input shard spec for output tensor because the legacy sharded optimized program factory is being used (tilize_device_operation.cpp:247)
2026-08-29 11:37:19.490 | warning  |              Op | ttnn::tilize: Using input shard spec for output tensor because the legacy sharded optimized program factory is being used (tilize_device_operation.cpp:247)
2026-08-29 11:37:19.499 | warning  |              Op | ttnn::tilize: Using input shard spec for output tensor because the legacy sharded optimized program factory is being used (tilize_device_operation.cpp:247)
2026-08-29 11:37:19.499 | warning  |              Op | ttnn::tilize: Using input shard spec for output tensor because the legacy sharded optimized program factory is being used (tilize_device_operation.cpp:247)
2026-08-29 11:37:19.506 | warning  |              Op | ttnn::tilize: Using input shard spec for output tensor because the legacy sharded optimized program factory is being used (tilize_device_operation.cpp:247)
2026-08-29 11:37:19.507 | warning  |              Op | ttnn::tilize: Using input shard spec for output tensor because the legacy sharded optimized program factory is being used (tilize_device_operation.cpp:247)
2026-08-29 11:37:19.514 | warning  |              Op | ttnn::tilize: Using input shard spec for output tensor because the legacy sharded optimized program factory is being used (tilize_device_operation.cpp:247)
2026-08-29 11:37:19.514 | warning  |              Op | ttnn::tilize: Using input shard spec for output tensor because the legacy sharded optimized program factory is being used (tilize_device_operation.cpp:247)
2026-08-29 11:37:19.521 | warning  |              Op | ttnn::tilize: Using input shard spec for output tensor because the legacy sharded optimized program factory is being used (tilize_device_operation.cpp:247)
2026-08-29 11:37:19.521 | warning  |              Op | ttnn::tilize: Using input shard spec for output tensor because the legacy sharded optimized program factory is being used (tilize_device_operation.cpp:247)
2026-08-29 11:37:19.529 | warning  |              Op | ttnn::tilize: Using input shard spec for output tensor because the legacy sharded optimized program factory is being used (tilize_device_operation.cpp:247)
2026-08-29 11:37:19.529 | warning  |              Op | ttnn::tilize: Using input shard spec for output tensor because the legacy sharded optimized program factory is being used (tilize_device_operation.cpp:247)
2026-08-29 11:37:19.536 | warning  |              Op | ttnn::tilize: Using input shard spec for output tensor because the legacy sharded optimized program factory is being used (tilize_device_operation.cpp:247)
2026-08-29 11:37:19.536 | warning  |              Op | ttnn::tilize: Using input shard spec for output tensor because the legacy sharded optimized program factory is being used (tilize_device_operation.cpp:247)
2026-08-29 11:37:19.544 | warning  |              Op | ttnn::tilize: Using input shard spec for output tensor because the legacy sharded optimized program factory is being used (tilize_device_operation.cpp:247)
2026-08-29 11:37:19.544 | warning  |              Op | ttnn::tilize: Using input shard spec for output tensor because the legacy sharded optimized program factory is being used (tilize_device_operation.cpp:247)
2026-08-29 11:37:19.555 | warning  |              Op | ttnn::tilize: Using input shard spec for output tensor because the legacy sharded optimized program factory is being used (tilize_device_operation.cpp:247)
2026-08-29 11:37:19.555 | warning  |              Op | ttnn::tilize: Using input shard spec for output tensor because the legacy sharded optimized program factory is being used (tilize_device_operation.cpp:247)
2026-08-29 11:37:19.566 | warning  |              Op | ttnn::tilize: Using input shard spec for output tensor because the legacy sharded optimized program factory is being used (tilize_device_operation.cpp:247)
2026-08-29 11:37:19.566 | warning  |              Op | ttnn::tilize: Using input shard spec for output tensor because the legacy sharded optimized program factory is being used (tilize_device_operation.cpp:247)
2026-08-29 11:37:19.574 | warning  |              Op | ttnn::tilize: Using input shard spec for output tensor because the legacy sharded optimized program factory is being used (tilize_device_operation.cpp:247)
2026-08-29 11:37:19.574 | warning  |              Op | ttnn::tilize: Using input shard spec for output tensor because the legacy sharded optimized program factory is being used (tilize_device_operation.cpp:247)
2026-08-29 11:37:19.584 | warning  |              Op | ttnn::tilize: Using input shard spec for output tensor because the legacy sharded optimized program factory is being used (tilize_device_operation.cpp:247)
2026-08-29 11:37:19.584 | warning  |              Op | ttnn::tilize: Using input shard spec for output tensor because the legacy sharded optimized program factory is being used (tilize_device_operation.cpp:247)
2026-08-29 11:37:19.592 | warning  |              Op | ttnn::tilize: Using input shard spec for output tensor because the legacy sharded optimized program factory is being used (tilize_device_operation.cpp:247)
2026-08-29 11:37:19.592 | warning  |              Op | ttnn::tilize: Using input shard spec for output tensor because the legacy sharded optimized program factory is being used (tilize_device_operation.cpp:247)
2026-08-29 11:37:19.602 | warning  |              Op | ttnn::tilize: Using input shard spec for output tensor because the legacy sharded optimized program factory is being used (tilize_device_operation.cpp:247)
2026-08-29 11:37:19.602 | warning  |              Op | ttnn::tilize: Using input shard spec for output tensor because the legacy sharded optimized program factory is being used (tilize_device_operation.cpp:247)
2026-08-29 11:37:19.609 | warning  |              Op | ttnn::tilize: Using input shard spec for output tensor because the legacy sharded optimized program factory is being used (tilize_device_operation.cpp:247)
2026-08-29 11:37:19.609 | warning  |              Op | ttnn::tilize: Using input shard spec for output tensor because the legacy sharded optimized program factory is being used (tilize_device_operation.cpp:247)
2026-08-29 11:37:19.616 | warning  |              Op | ttnn::tilize: Using input shard spec for output tensor because the legacy sharded optimized program factory is being used (tilize_device_operation.cpp:247)
2026-08-29 11:37:19.616 | warning  |              Op | ttnn::tilize: Using input shard spec for output tensor because the legacy sharded optimized program factory is being used (tilize_device_operation.cpp:247)
2026-08-29 11:37:19.625 | warning  |              Op | ttnn::tilize: Using input shard spec for output tensor because the legacy sharded optimized program factory is being used (tilize_device_operation.cpp:247)
2026-08-29 11:37:19.625 | warning  |              Op | ttnn::tilize: Using input shard spec for output tensor because the legacy sharded optimized program factory is being used (tilize_device_operation.cpp:247)
2026-08-29 11:37:19.633 | warning  |              Op | ttnn::tilize: Using input shard spec for output tensor because the legacy sharded optimized program factory is being used (tilize_device_operation.cpp:247)
2026-08-29 11:37:19.634 | warning  |              Op | ttnn::tilize: Using input shard spec for output tensor because the legacy sharded optimized program factory is being used (tilize_device_operation.cpp:247)
2026-08-29 11:37:19.641 | warning  |              Op | ttnn::tilize: Using input shard spec for output tensor because the legacy sharded optimized program factory is being used (tilize_device_operation.cpp:247)
2026-08-29 11:37:19.641 | warning  |              Op | ttnn::tilize: Using input shard spec for output tensor because the legacy sharded optimized program factory is being used (tilize_device_operation.cpp:247)
2026-08-29 11:37:19.648 | warning  |              Op | ttnn::tilize: Using input shard spec for output tensor because the legacy sharded optimized program factory is being used (tilize_device_operation.cpp:247)
2026-08-29 11:37:19.648 | warning  |              Op | ttnn::tilize: Using input shard spec for output tensor because the legacy sharded optimized program factory is being used (tilize_device_operation.cpp:247)
2026-08-29 11:37:19.655 | warning  |              Op | ttnn::tilize: Using input shard spec for output tensor because the legacy sharded optimized program factory is being used (tilize_device_operation.cpp:247)
2026-08-29 11:37:19.655 | warning  |              Op | ttnn::tilize: Using input shard spec for output tensor because the legacy sharded optimized program factory is being used (tilize_device_operation.cpp:247)
2026-08-29 11:37:19.662 | warning  |              Op | ttnn::tilize: Using input shard spec for output tensor because the legacy sharded optimized program factory is being used (tilize_device_operation.cpp:247)
2026-08-29 11:37:19.663 | warning  |              Op | ttnn::tilize: Using input shard spec for output tensor because the legacy sharded optimized program factory is being used (tilize_device_operation.cpp:247)
2026-08-29 11:37:19.670 | warning  |              Op | ttnn::tilize: Using input shard spec for output tensor because the legacy sharded optimized program factory is being used (tilize_device_operation.cpp:247)
2026-08-29 11:37:19.670 | warning  |              Op | ttnn::tilize: Using input shard spec for output tensor because the legacy sharded optimized program factory is being used (tilize_device_operation.cpp:247)
2026-08-29 11:37:19.678 | warning  |              Op | ttnn::tilize: Using input shard spec for output tensor because the legacy sharded optimized program factory is being used (tilize_device_operation.cpp:247)
2026-08-29 11:37:19.678 | warning  |              Op | ttnn::tilize: Using input shard spec for output tensor because the legacy sharded optimized program factory is being used (tilize_device_operation.cpp:247)
2026-08-29 11:37:19.685 | warning  |              Op | ttnn::tilize: Using input shard spec for output tensor because the legacy sharded optimized program factory is being used (tilize_device_operation.cpp:247)
2026-08-29 11:37:19.685 | warning  |              Op | ttnn::tilize: Using input shard spec for output tensor because the legacy sharded optimized program factory is being used (tilize_device_operation.cpp:247)
2026-08-29 11:37:19.693 | warning  |              Op | ttnn::tilize: Using input shard spec for output tensor because the legacy sharded optimized program factory is being used (tilize_device_operation.cpp:247)
2026-08-29 11:37:19.693 | warning  |              Op | ttnn::tilize: Using input shard spec for output tensor because the legacy sharded optimized program factory is being used (tilize_device_operation.cpp:247)
2026-08-29 11:37:19.700 | warning  |              Op | ttnn::tilize: Using input shard spec for output tensor because the legacy sharded optimized program factory is being used (tilize_device_operation.cpp:247)
2026-08-29 11:37:19.701 | warning  |              Op | ttnn::tilize: Using input shard spec for output tensor because the legacy sharded optimized program factory is being used (tilize_device_operation.cpp:247)
2026-08-29 11:37:19.708 | warning  |              Op | ttnn::tilize: Using input shard spec for output tensor because the legacy sharded optimized program factory is being used (tilize_device_operation.cpp:247)
2026-08-29 11:37:19.708 | warning  |              Op | ttnn::tilize: Using input shard spec for output tensor because the legacy sharded optimized program factory is being used (tilize_device_operation.cpp:247)
2026-08-29 11:37:19.715 | warning  |              Op | ttnn::tilize: Using input shard spec for output tensor because the legacy sharded optimized program factory is being used (tilize_device_operation.cpp:247)
2026-08-29 11:37:19.715 | warning  |              Op | ttnn::tilize: Using input shard spec for output tensor because the legacy sharded optimized program factory is being used (tilize_device_operation.cpp:247)
2026-08-29 11:37:19.722 | warning  |              Op | ttnn::tilize: Using input shard spec for output tensor because the legacy sharded optimized program factory is being used (tilize_device_operation.cpp:247)
2026-08-29 11:37:19.723 | warning  |              Op | ttnn::tilize: Using input shard spec for output tensor because the legacy sharded optimized program factory is being used (tilize_device_operation.cpp:247)
2026-08-29 11:37:19.730 | warning  |              Op | ttnn::tilize: Using input shard spec for output tensor because the legacy sharded optimized program factory is being used (tilize_device_operation.cpp:247)
2026-08-29 11:37:19.731 | warning  |              Op | ttnn::tilize: Using input shard spec for output tensor because the legacy sharded optimized program factory is being used (tilize_device_operation.cpp:247)
2026-08-29 11:37:19.738 | warning  |              Op | ttnn::tilize: Using input shard spec for output tensor because the legacy sharded optimized program factory is being used (tilize_device_operation.cpp:247)
2026-08-29 11:37:19.738 | warning  |              Op | ttnn::tilize: Using input shard spec for output tensor because the legacy sharded optimized program factory is being used (tilize_device_operation.cpp:247)
2026-08-29 11:37:19.745 | warning  |              Op | ttnn::tilize: Using input shard spec for output tensor because the legacy sharded optimized program factory is being used (tilize_device_operation.cpp:247)
2026-08-29 11:37:19.745 | warning  |              Op | ttnn::tilize: Using input shard spec for output tensor because the legacy sharded optimized program factory is being used (tilize_device_operation.cpp:247)
2026-08-29 11:37:20.527 | INFO     | models.demos.llama3_70b_galaxy.tt.generator:_capture_trace_text:1456 - Done Capturing Decode Trace
2026-08-29 11:37:20.536 | DEBUG    | models.common.sampling.generator:capture_trace:307 - Pre-compiling sampling path before trace capture (penalties=False,log_probs_on=False,force_argmax=False)
2026-08-29 11:37:20.673 | info     |           Metal | Finalize dfb: dfb_offset == base_offset: 80, dfb size: 32, return value: 112 (dataflow_buffer.cpp:1656)
2026-08-29 11:37:20.673 | info     |           Metal | Finalize dfb: dfb_offset == base_offset: 0, dfb size: 0, return value: 0 (dataflow_buffer.cpp:1656)
2026-08-29 11:37:20.673 | info     |           Metal | Finalize dfb: dfb_offset == base_offset: 0, dfb size: 0, return value: 0 (dataflow_buffer.cpp:1656)
2026-08-29 11:37:21.246 | INFO     | models.demos.llama3_70b_galaxy.demo.text_qwen_demo:test_qwen_demo_text:945 - Iteration 0 (compile): 27086.6580ms
2026-08-29 11:37:21.247 | INFO     | models.demos.llama3_70b_galaxy.demo.text_qwen_demo:test_qwen_demo_text:1041 - Decode Iteration 1: Time: 1.0850ms, tok/s/user: 921.66, Throughput: 29493.09 tok/s
2026-08-29 11:37:21.263 | INFO     | models.demos.llama3_70b_galaxy.demo.text_qwen_demo:test_qwen_demo_text:1041 - Decode Iteration 2: Time: 15.9050ms, tok/s/user: 62.87, Throughput: 2011.95 tok/s
2026-08-29 11:37:21.280 | INFO     | models.demos.llama3_70b_galaxy.demo.text_qwen_demo:test_qwen_demo_text:1041 - Decode Iteration 3: Time: 16.3550ms, tok/s/user: 61.14, Throughput: 1956.59 tok/s
2026-08-29 11:37:21.296 | INFO     | models.demos.llama3_70b_galaxy.demo.text_qwen_demo:test_qwen_demo_text:1041 - Decode Iteration 4: Time: 16.3600ms, tok/s/user: 61.12, Throughput: 1955.99 tok/s
2026-08-29 11:37:21.313 | INFO     | models.demos.llama3_70b_galaxy.demo.text_qwen_demo:test_qwen_demo_text:1041 - Decode Iteration 5: Time: 16.3870ms, tok/s/user: 61.02, Throughput: 1952.77 tok/s
2026-08-29 11:37:21.329 | INFO     | models.demos.llama3_70b_galaxy.demo.text_qwen_demo:test_qwen_demo_text:1041 - Decode Iteration 6: Time: 16.3450ms, tok/s/user: 61.18, Throughput: 1957.79 tok/s
2026-08-29 11:37:21.346 | INFO     | models.demos.llama3_70b_galaxy.demo.text_qwen_demo:test_qwen_demo_text:1041 - Decode Iteration 7: Time: 16.3450ms, tok/s/user: 61.18, Throughput: 1957.79 tok/s
2026-08-29 11:37:21.363 | INFO     | models.demos.llama3_70b_galaxy.demo.text_qwen_demo:test_qwen_demo_text:1041 - Decode Iteration 8: Time: 16.3810ms, tok/s/user: 61.05, Throughput: 1953.48 tok/s
2026-08-29 11:37:21.379 | INFO     | models.demos.llama3_70b_galaxy.demo.text_qwen_demo:test_qwen_demo_text:1041 - Decode Iteration 9: Time: 16.3780ms, tok/s/user: 61.06, Throughput: 1953.84 tok/s
2026-08-29 11:37:21.396 | INFO     | models.demos.llama3_70b_galaxy.demo.text_qwen_demo:test_qwen_demo_text:1041 - Decode Iteration 10: Time: 16.3160ms, tok/s/user: 61.29, Throughput: 1961.27 tok/s
2026-08-29 11:37:21.412 | INFO     | models.demos.llama3_70b_galaxy.demo.text_qwen_demo:test_qwen_demo_text:1041 - Decode Iteration 11: Time: 16.3750ms, tok/s/user: 61.07, Throughput: 1954.20 tok/s
2026-08-29 11:37:21.429 | INFO     | models.demos.llama3_70b_galaxy.demo.text_qwen_demo:test_qwen_demo_text:1041 - Decode Iteration 12: Time: 16.3620ms, tok/s/user: 61.12, Throughput: 1955.75 tok/s
2026-08-29 11:37:21.445 | INFO     | models.demos.llama3_70b_galaxy.demo.text_qwen_demo:test_qwen_demo_text:1041 - Decode Iteration 13: Time: 16.3960ms, tok/s/user: 60.99, Throughput: 1951.70 tok/s
2026-08-29 11:37:21.462 | INFO     | models.demos.llama3_70b_galaxy.demo.text_qwen_demo:test_qwen_demo_text:1041 - Decode Iteration 14: Time: 16.4210ms, tok/s/user: 60.90, Throughput: 1948.72 tok/s
2026-08-29 11:37:21.478 | INFO     | models.demos.llama3_70b_galaxy.demo.text_qwen_demo:test_qwen_demo_text:1041 - Decode Iteration 15: Time: 16.3250ms, tok/s/user: 61.26, Throughput: 1960.18 tok/s
2026-08-29 11:37:21.495 | INFO     | models.demos.llama3_70b_galaxy.demo.text_qwen_demo:test_qwen_demo_text:1041 - Decode Iteration 16: Time: 16.3960ms, tok/s/user: 60.99, Throughput: 1951.70 tok/s
2026-08-29 11:37:21.511 | INFO     | models.demos.llama3_70b_galaxy.demo.text_qwen_demo:test_qwen_demo_text:1041 - Decode Iteration 17: Time: 16.3630ms, tok/s/user: 61.11, Throughput: 1955.63 tok/s
2026-08-29 11:37:21.528 | INFO     | models.demos.llama3_70b_galaxy.demo.text_qwen_demo:test_qwen_demo_text:1041 - Decode Iteration 18: Time: 16.5420ms, tok/s/user: 60.45, Throughput: 1934.47 tok/s
2026-08-29 11:37:21.545 | INFO     | models.demos.llama3_70b_galaxy.demo.text_qwen_demo:test_qwen_demo_text:1041 - Decode Iteration 19: Time: 16.2910ms, tok/s/user: 61.38, Throughput: 1964.27 tok/s
2026-08-29 11:37:21.561 | INFO     | models.demos.llama3_70b_galaxy.demo.text_qwen_demo:test_qwen_demo_text:1041 - Decode Iteration 20: Time: 16.3650ms, tok/s/user: 61.11, Throughput: 1955.39 tok/s
2026-08-29 11:37:21.578 | INFO     | models.demos.llama3_70b_galaxy.demo.text_qwen_demo:test_qwen_demo_text:1041 - Decode Iteration 21: Time: 16.3380ms, tok/s/user: 61.21, Throughput: 1958.62 tok/s
2026-08-29 11:37:21.594 | INFO     | models.demos.llama3_70b_galaxy.demo.text_qwen_demo:test_qwen_demo_text:1041 - Decode Iteration 22: Time: 16.3790ms, tok/s/user: 61.05, Throughput: 1953.72 tok/s
2026-08-29 11:37:21.611 | INFO     | models.demos.llama3_70b_galaxy.demo.text_qwen_demo:test_qwen_demo_text:1041 - Decode Iteration 23: Time: 16.5900ms, tok/s/user: 60.28, Throughput: 1928.87 tok/s
2026-08-29 11:37:21.627 | INFO     | models.demos.llama3_70b_galaxy.demo.text_qwen_demo:test_qwen_demo_text:1041 - Decode Iteration 24: Time: 16.0480ms, tok/s/user: 62.31, Throughput: 1994.02 tok/s
2026-08-29 11:37:21.644 | INFO     | models.demos.llama3_70b_galaxy.demo.text_qwen_demo:test_qwen_demo_text:1041 - Decode Iteration 25: Time: 16.3460ms, tok/s/user: 61.18, Throughput: 1957.67 tok/s
2026-08-29 11:37:21.660 | INFO     | models.demos.llama3_70b_galaxy.demo.text_qwen_demo:test_qwen_demo_text:1041 - Decode Iteration 26: Time: 16.3650ms, tok/s/user: 61.11, Throughput: 1955.39 tok/s
2026-08-29 11:37:21.677 | INFO     | models.demos.llama3_70b_galaxy.demo.text_qwen_demo:test_qwen_demo_text:1041 - Decode Iteration 27: Time: 16.3730ms, tok/s/user: 61.08, Throughput: 1954.44 tok/s
2026-08-29 11:37:21.694 | INFO     | models.demos.llama3_70b_galaxy.demo.text_qwen_demo:test_qwen_demo_text:1041 - Decode Iteration 28: Time: 16.3800ms, tok/s/user: 61.05, Throughput: 1953.60 tok/s
2026-08-29 11:37:21.710 | INFO     | models.demos.llama3_70b_galaxy.demo.text_qwen_demo:test_qwen_demo_text:1041 - Decode Iteration 29: Time: 16.4550ms, tok/s/user: 60.77, Throughput: 1944.70 tok/s
2026-08-29 11:37:21.727 | INFO     | models.demos.llama3_70b_galaxy.demo.text_qwen_demo:test_qwen_demo_text:1041 - Decode Iteration 30: Time: 16.4730ms, tok/s/user: 60.71, Throughput: 1942.57 tok/s
2026-08-29 11:37:21.743 | INFO     | models.demos.llama3_70b_galaxy.demo.text_qwen_demo:test_qwen_demo_text:1041 - Decode Iteration 31: Time: 16.1710ms, tok/s/user: 61.84, Throughput: 1978.85 tok/s
2026-08-29 11:37:21.760 | INFO     | models.demos.llama3_70b_galaxy.demo.text_qwen_demo:test_qwen_demo_text:1041 - Decode Iteration 32: Time: 16.4810ms, tok/s/user: 60.68, Throughput: 1941.63 tok/s
2026-08-29 11:37:21.776 | INFO     | models.demos.llama3_70b_galaxy.demo.text_qwen_demo:test_qwen_demo_text:1041 - Decode Iteration 33: Time: 15.9890ms, tok/s/user: 62.54, Throughput: 2001.38 tok/s
2026-08-29 11:37:21.793 | INFO     | models.demos.llama3_70b_galaxy.demo.text_qwen_demo:test_qwen_demo_text:1041 - Decode Iteration 34: Time: 16.3850ms, tok/s/user: 61.03, Throughput: 1953.01 tok/s
2026-08-29 11:37:21.809 | INFO     | models.demos.llama3_70b_galaxy.demo.text_qwen_demo:test_qwen_demo_text:1041 - Decode Iteration 35: Time: 16.3480ms, tok/s/user: 61.17, Throughput: 1957.43 tok/s
2026-08-29 11:37:21.826 | INFO     | models.demos.llama3_70b_galaxy.demo.text_qwen_demo:test_qwen_demo_text:1041 - Decode Iteration 36: Time: 16.3510ms, tok/s/user: 61.16, Throughput: 1957.07 tok/s
2026-08-29 11:37:21.843 | INFO     | models.demos.llama3_70b_galaxy.demo.text_qwen_demo:test_qwen_demo_text:1041 - Decode Iteration 37: Time: 16.3740ms, tok/s/user: 61.07, Throughput: 1954.32 tok/s
2026-08-29 11:37:21.859 | INFO     | models.demos.llama3_70b_galaxy.demo.text_qwen_demo:test_qwen_demo_text:1041 - Decode Iteration 38: Time: 16.4030ms, tok/s/user: 60.96, Throughput: 1950.86 tok/s
2026-08-29 11:37:21.876 | INFO     | models.demos.llama3_70b_galaxy.demo.text_qwen_demo:test_qwen_demo_text:1041 - Decode Iteration 39: Time: 16.4010ms, tok/s/user: 60.97, Throughput: 1951.10 tok/s
2026-08-29 11:37:21.892 | INFO     | models.demos.llama3_70b_galaxy.demo.text_qwen_demo:test_qwen_demo_text:1041 - Decode Iteration 40: Time: 16.3690ms, tok/s/user: 61.09, Throughput: 1954.91 tok/s
2026-08-29 11:37:21.909 | INFO     | models.demos.llama3_70b_galaxy.demo.text_qwen_demo:test_qwen_demo_text:1041 - Decode Iteration 41: Time: 16.3700ms, tok/s/user: 61.09, Throughput: 1954.80 tok/s
2026-08-29 11:37:21.925 | INFO     | models.demos.llama3_70b_galaxy.demo.text_qwen_demo:test_qwen_demo_text:1041 - Decode Iteration 42: Time: 16.4180ms, tok/s/user: 60.91, Throughput: 1949.08 tok/s
2026-08-29 11:37:21.942 | INFO     | models.demos.llama3_70b_galaxy.demo.text_qwen_demo:test_qwen_demo_text:1041 - Decode Iteration 43: Time: 16.3500ms, tok/s/user: 61.16, Throughput: 1957.19 tok/s
2026-08-29 11:37:21.958 | INFO     | models.demos.llama3_70b_galaxy.demo.text_qwen_demo:test_qwen_demo_text:1041 - Decode Iteration 44: Time: 16.4230ms, tok/s/user: 60.89, Throughput: 1948.49 tok/s
2026-08-29 11:37:21.975 | INFO     | models.demos.llama3_70b_galaxy.demo.text_qwen_demo:test_qwen_demo_text:1041 - Decode Iteration 45: Time: 16.3920ms, tok/s/user: 61.01, Throughput: 1952.17 tok/s
2026-08-29 11:37:21.992 | INFO     | models.demos.llama3_70b_galaxy.demo.text_qwen_demo:test_qwen_demo_text:1041 - Decode Iteration 46: Time: 16.3490ms, tok/s/user: 61.17, Throughput: 1957.31 tok/s
2026-08-29 11:37:22.008 | INFO     | models.demos.llama3_70b_galaxy.demo.text_qwen_demo:test_qwen_demo_text:1041 - Decode Iteration 47: Time: 16.4030ms, tok/s/user: 60.96, Throughput: 1950.86 tok/s
2026-08-29 11:37:22.025 | INFO     | models.demos.llama3_70b_galaxy.demo.text_qwen_demo:test_qwen_demo_text:1041 - Decode Iteration 48: Time: 16.3550ms, tok/s/user: 61.14, Throughput: 1956.59 tok/s
2026-08-29 11:37:22.041 | INFO     | models.demos.llama3_70b_galaxy.demo.text_qwen_demo:test_qwen_demo_text:1041 - Decode Iteration 49: Time: 16.4020ms, tok/s/user: 60.97, Throughput: 1950.98 tok/s
2026-08-29 11:37:22.058 | INFO     | models.demos.llama3_70b_galaxy.demo.text_qwen_demo:test_qwen_demo_text:1041 - Decode Iteration 50: Time: 16.3830ms, tok/s/user: 61.04, Throughput: 1953.24 tok/s
2026-08-29 11:37:22.074 | INFO     | models.demos.llama3_70b_galaxy.demo.text_qwen_demo:test_qwen_demo_text:1041 - Decode Iteration 51: Time: 16.3380ms, tok/s/user: 61.21, Throughput: 1958.62 tok/s
2026-08-29 11:37:22.091 | INFO     | models.demos.llama3_70b_galaxy.demo.text_qwen_demo:test_qwen_demo_text:1041 - Decode Iteration 52: Time: 16.4270ms, tok/s/user: 60.88, Throughput: 1948.01 tok/s
2026-08-29 11:37:22.107 | INFO     | models.demos.llama3_70b_galaxy.demo.text_qwen_demo:test_qwen_demo_text:1041 - Decode Iteration 53: Time: 16.3480ms, tok/s/user: 61.17, Throughput: 1957.43 tok/s
2026-08-29 11:37:22.124 | INFO     | models.demos.llama3_70b_galaxy.demo.text_qwen_demo:test_qwen_demo_text:1041 - Decode Iteration 54: Time: 16.4490ms, tok/s/user: 60.79, Throughput: 1945.41 tok/s
2026-08-29 11:37:22.141 | INFO     | models.demos.llama3_70b_galaxy.demo.text_qwen_demo:test_qwen_demo_text:1041 - Decode Iteration 55: Time: 16.3680ms, tok/s/user: 61.09, Throughput: 1955.03 tok/s
2026-08-29 11:37:22.157 | INFO     | models.demos.llama3_70b_galaxy.demo.text_qwen_demo:test_qwen_demo_text:1041 - Decode Iteration 56: Time: 16.3310ms, tok/s/user: 61.23, Throughput: 1959.46 tok/s
2026-08-29 11:37:22.174 | INFO     | models.demos.llama3_70b_galaxy.demo.text_qwen_demo:test_qwen_demo_text:1041 - Decode Iteration 57: Time: 16.3960ms, tok/s/user: 60.99, Throughput: 1951.70 tok/s
2026-08-29 11:37:22.190 | INFO     | models.demos.llama3_70b_galaxy.demo.text_qwen_demo:test_qwen_demo_text:1041 - Decode Iteration 58: Time: 16.3800ms, tok/s/user: 61.05, Throughput: 1953.60 tok/s
2026-08-29 11:37:22.207 | INFO     | models.demos.llama3_70b_galaxy.demo.text_qwen_demo:test_qwen_demo_text:1041 - Decode Iteration 59: Time: 16.6320ms, tok/s/user: 60.13, Throughput: 1924.00 tok/s
2026-08-29 11:37:22.224 | INFO     | models.demos.llama3_70b_galaxy.demo.text_qwen_demo:test_qwen_demo_text:1041 - Decode Iteration 60: Time: 16.2220ms, tok/s/user: 61.64, Throughput: 1972.63 tok/s
2026-08-29 11:37:22.240 | INFO     | models.demos.llama3_70b_galaxy.demo.text_qwen_demo:test_qwen_demo_text:1041 - Decode Iteration 61: Time: 16.0150ms, tok/s/user: 62.44, Throughput: 1998.13 tok/s
2026-08-29 11:37:22.256 | INFO     | models.demos.llama3_70b_galaxy.demo.text_qwen_demo:test_qwen_demo_text:1041 - Decode Iteration 62: Time: 16.3680ms, tok/s/user: 61.09, Throughput: 1955.03 tok/s
2026-08-29 11:37:22.273 | INFO     | models.demos.llama3_70b_galaxy.demo.text_qwen_demo:test_qwen_demo_text:1041 - Decode Iteration 63: Time: 16.4120ms, tok/s/user: 60.93, Throughput: 1949.79 tok/s
2026-08-29 11:37:22.290 | INFO     | models.demos.llama3_70b_galaxy.demo.text_qwen_demo:test_qwen_demo_text:1041 - Decode Iteration 64: Time: 16.3640ms, tok/s/user: 61.11, Throughput: 1955.51 tok/s
2026-08-29 11:37:22.306 | INFO     | models.demos.llama3_70b_galaxy.demo.text_qwen_demo:test_qwen_demo_text:1041 - Decode Iteration 65: Time: 16.4140ms, tok/s/user: 60.92, Throughput: 1949.56 tok/s
2026-08-29 11:37:22.323 | INFO     | models.demos.llama3_70b_galaxy.demo.text_qwen_demo:test_qwen_demo_text:1041 - Decode Iteration 66: Time: 16.3800ms, tok/s/user: 61.05, Throughput: 1953.60 tok/s
2026-08-29 11:37:22.339 | INFO     | models.demos.llama3_70b_galaxy.demo.text_qwen_demo:test_qwen_demo_text:1041 - Decode Iteration 67: Time: 16.3390ms, tok/s/user: 61.20, Throughput: 1958.50 tok/s
2026-08-29 11:37:22.357 | INFO     | models.demos.llama3_70b_galaxy.demo.text_qwen_demo:test_qwen_demo_text:1041 - Decode Iteration 68: Time: 17.2340ms, tok/s/user: 58.02, Throughput: 1856.79 tok/s
2026-08-29 11:37:22.373 | INFO     | models.demos.llama3_70b_galaxy.demo.text_qwen_demo:test_qwen_demo_text:1041 - Decode Iteration 69: Time: 16.6330ms, tok/s/user: 60.12, Throughput: 1923.89 tok/s
2026-08-29 11:37:22.390 | INFO     | models.demos.llama3_70b_galaxy.demo.text_qwen_demo:test_qwen_demo_text:1041 - Decode Iteration 70: Time: 16.0530ms, tok/s/user: 62.29, Throughput: 1993.40 tok/s
2026-08-29 11:37:22.406 | INFO     | models.demos.llama3_70b_galaxy.demo.text_qwen_demo:test_qwen_demo_text:1041 - Decode Iteration 71: Time: 16.3350ms, tok/s/user: 61.22, Throughput: 1958.98 tok/s
2026-08-29 11:37:22.423 | INFO     | models.demos.llama3_70b_galaxy.demo.text_qwen_demo:test_qwen_demo_text:1041 - Decode Iteration 72: Time: 16.3920ms, tok/s/user: 61.01, Throughput: 1952.17 tok/s
2026-08-29 11:37:22.439 | INFO     | models.demos.llama3_70b_galaxy.demo.text_qwen_demo:test_qwen_demo_text:1041 - Decode Iteration 73: Time: 16.3830ms, tok/s/user: 61.04, Throughput: 1953.24 tok/s
2026-08-29 11:37:22.456 | INFO     | models.demos.llama3_70b_galaxy.demo.text_qwen_demo:test_qwen_demo_text:1041 - Decode Iteration 74: Time: 16.3870ms, tok/s/user: 61.02, Throughput: 1952.77 tok/s
2026-08-29 11:37:22.473 | INFO     | models.demos.llama3_70b_galaxy.demo.text_qwen_demo:test_qwen_demo_text:1041 - Decode Iteration 75: Time: 16.3390ms, tok/s/user: 61.20, Throughput: 1958.50 tok/s
2026-08-29 11:37:22.489 | INFO     | models.demos.llama3_70b_galaxy.demo.text_qwen_demo:test_qwen_demo_text:1041 - Decode Iteration 76: Time: 16.3530ms, tok/s/user: 61.15, Throughput: 1956.83 tok/s
2026-08-29 11:37:22.506 | INFO     | models.demos.llama3_70b_galaxy.demo.text_qwen_demo:test_qwen_demo_text:1041 - Decode Iteration 77: Time: 16.3500ms, tok/s/user: 61.16, Throughput: 1957.19 tok/s
2026-08-29 11:37:22.522 | INFO     | models.demos.llama3_70b_galaxy.demo.text_qwen_demo:test_qwen_demo_text:1041 - Decode Iteration 78: Time: 16.3630ms, tok/s/user: 61.11, Throughput: 1955.63 tok/s
2026-08-29 11:37:22.539 | INFO     | models.demos.llama3_70b_galaxy.demo.text_qwen_demo:test_qwen_demo_text:1041 - Decode Iteration 79: Time: 16.4430ms, tok/s/user: 60.82, Throughput: 1946.12 tok/s
2026-08-29 11:37:22.555 | INFO     | models.demos.llama3_70b_galaxy.demo.text_qwen_demo:test_qwen_demo_text:1041 - Decode Iteration 80: Time: 16.3410ms, tok/s/user: 61.20, Throughput: 1958.26 tok/s
2026-08-29 11:37:22.572 | INFO     | models.demos.llama3_70b_galaxy.demo.text_qwen_demo:test_qwen_demo_text:1041 - Decode Iteration 81: Time: 16.3570ms, tok/s/user: 61.14, Throughput: 1956.35 tok/s
2026-08-29 11:37:22.588 | INFO     | models.demos.llama3_70b_galaxy.demo.text_qwen_demo:test_qwen_demo_text:1041 - Decode Iteration 82: Time: 16.3620ms, tok/s/user: 61.12, Throughput: 1955.75 tok/s
2026-08-29 11:37:22.605 | INFO     | models.demos.llama3_70b_galaxy.demo.text_qwen_demo:test_qwen_demo_text:1041 - Decode Iteration 83: Time: 16.3790ms, tok/s/user: 61.05, Throughput: 1953.72 tok/s
2026-08-29 11:37:22.622 | INFO     | models.demos.llama3_70b_galaxy.demo.text_qwen_demo:test_qwen_demo_text:1041 - Decode Iteration 84: Time: 16.3980ms, tok/s/user: 60.98, Throughput: 1951.46 tok/s
2026-08-29 11:37:22.638 | INFO     | models.demos.llama3_70b_galaxy.demo.text_qwen_demo:test_qwen_demo_text:1041 - Decode Iteration 85: Time: 16.4050ms, tok/s/user: 60.96, Throughput: 1950.62 tok/s
2026-08-29 11:37:22.655 | INFO     | models.demos.llama3_70b_galaxy.demo.text_qwen_demo:test_qwen_demo_text:1041 - Decode Iteration 86: Time: 16.3270ms, tok/s/user: 61.25, Throughput: 1959.94 tok/s
2026-08-29 11:37:22.671 | INFO     | models.demos.llama3_70b_galaxy.demo.text_qwen_demo:test_qwen_demo_text:1041 - Decode Iteration 87: Time: 16.3600ms, tok/s/user: 61.12, Throughput: 1955.99 tok/s
2026-08-29 11:37:22.688 | INFO     | models.demos.llama3_70b_galaxy.demo.text_qwen_demo:test_qwen_demo_text:1041 - Decode Iteration 88: Time: 16.1530ms, tok/s/user: 61.91, Throughput: 1981.06 tok/s
2026-08-29 11:37:22.704 | INFO     | models.demos.llama3_70b_galaxy.demo.text_qwen_demo:test_qwen_demo_text:1041 - Decode Iteration 89: Time: 16.3940ms, tok/s/user: 61.00, Throughput: 1951.93 tok/s
2026-08-29 11:37:22.721 | INFO     | models.demos.llama3_70b_galaxy.demo.text_qwen_demo:test_qwen_demo_text:1041 - Decode Iteration 90: Time: 16.3660ms, tok/s/user: 61.10, Throughput: 1955.27 tok/s
2026-08-29 11:37:22.737 | INFO     | models.demos.llama3_70b_galaxy.demo.text_qwen_demo:test_qwen_demo_text:1041 - Decode Iteration 91: Time: 16.3500ms, tok/s/user: 61.16, Throughput: 1957.19 tok/s
2026-08-29 11:37:22.754 | INFO     | models.demos.llama3_70b_galaxy.demo.text_qwen_demo:test_qwen_demo_text:1041 - Decode Iteration 92: Time: 16.3740ms, tok/s/user: 61.07, Throughput: 1954.32 tok/s
2026-08-29 11:37:22.770 | INFO     | models.demos.llama3_70b_galaxy.demo.text_qwen_demo:test_qwen_demo_text:1041 - Decode Iteration 93: Time: 16.3730ms, tok/s/user: 61.08, Throughput: 1954.44 tok/s
2026-08-29 11:37:22.787 | INFO     | models.demos.llama3_70b_galaxy.demo.text_qwen_demo:test_qwen_demo_text:1041 - Decode Iteration 94: Time: 16.4490ms, tok/s/user: 60.79, Throughput: 1945.41 tok/s
2026-08-29 11:37:22.804 | INFO     | models.demos.llama3_70b_galaxy.demo.text_qwen_demo:test_qwen_demo_text:1041 - Decode Iteration 95: Time: 16.3810ms, tok/s/user: 61.05, Throughput: 1953.48 tok/s
2026-08-29 11:37:22.820 | INFO     | models.demos.llama3_70b_galaxy.demo.text_qwen_demo:test_qwen_demo_text:1041 - Decode Iteration 96: Time: 16.3140ms, tok/s/user: 61.30, Throughput: 1961.51 tok/s
2026-08-29 11:37:22.837 | INFO     | models.demos.llama3_70b_galaxy.demo.text_qwen_demo:test_qwen_demo_text:1041 - Decode Iteration 97: Time: 16.3830ms, tok/s/user: 61.04, Throughput: 1953.24 tok/s
2026-08-29 11:37:22.853 | INFO     | models.demos.llama3_70b_galaxy.demo.text_qwen_demo:test_qwen_demo_text:1041 - Decode Iteration 98: Time: 16.3570ms, tok/s/user: 61.14, Throughput: 1956.35 tok/s
2026-08-29 11:37:22.870 | INFO     | models.demos.llama3_70b_galaxy.demo.text_qwen_demo:test_qwen_demo_text:1041 - Decode Iteration 99: Time: 16.3980ms, tok/s/user: 60.98, Throughput: 1951.46 tok/s
2026-08-29 11:37:22.886 | INFO     | models.demos.llama3_70b_galaxy.demo.text_qwen_demo:test_qwen_demo_text:1041 - Decode Iteration 100: Time: 16.3890ms, tok/s/user: 61.02, Throughput: 1952.53 tok/s
2026-08-29 11:37:22.903 | INFO     | models.demos.llama3_70b_galaxy.demo.text_qwen_demo:test_qwen_demo_text:1041 - Decode Iteration 101: Time: 16.3580ms, tok/s/user: 61.13, Throughput: 1956.23 tok/s
2026-08-29 11:37:22.919 | INFO     | models.demos.llama3_70b_galaxy.demo.text_qwen_demo:test_qwen_demo_text:1041 - Decode Iteration 102: Time: 16.3730ms, tok/s/user: 61.08, Throughput: 1954.44 tok/s
2026-08-29 11:37:22.936 | INFO     | models.demos.llama3_70b_galaxy.demo.text_qwen_demo:test_qwen_demo_text:1041 - Decode Iteration 103: Time: 16.3760ms, tok/s/user: 61.06, Throughput: 1954.08 tok/s
2026-08-29 11:37:22.953 | INFO     | models.demos.llama3_70b_galaxy.demo.text_qwen_demo:test_qwen_demo_text:1041 - Decode Iteration 104: Time: 16.3550ms, tok/s/user: 61.14, Throughput: 1956.59 tok/s
2026-08-29 11:37:22.969 | INFO     | models.demos.llama3_70b_galaxy.demo.text_qwen_demo:test_qwen_demo_text:1041 - Decode Iteration 105: Time: 16.4260ms, tok/s/user: 60.88, Throughput: 1948.13 tok/s
2026-08-29 11:37:22.986 | INFO     | models.demos.llama3_70b_galaxy.demo.text_qwen_demo:test_qwen_demo_text:1041 - Decode Iteration 106: Time: 16.3420ms, tok/s/user: 61.19, Throughput: 1958.14 tok/s
2026-08-29 11:37:23.002 | INFO     | models.demos.llama3_70b_galaxy.demo.text_qwen_demo:test_qwen_demo_text:1041 - Decode Iteration 107: Time: 16.3580ms, tok/s/user: 61.13, Throughput: 1956.23 tok/s
2026-08-29 11:37:23.019 | INFO     | models.demos.llama3_70b_galaxy.demo.text_qwen_demo:test_qwen_demo_text:1041 - Decode Iteration 108: Time: 16.3810ms, tok/s/user: 61.05, Throughput: 1953.48 tok/s
2026-08-29 11:37:23.035 | INFO     | models.demos.llama3_70b_galaxy.demo.text_qwen_demo:test_qwen_demo_text:1041 - Decode Iteration 109: Time: 16.3730ms, tok/s/user: 61.08, Throughput: 1954.44 tok/s
2026-08-29 11:37:23.052 | INFO     | models.demos.llama3_70b_galaxy.demo.text_qwen_demo:test_qwen_demo_text:1041 - Decode Iteration 110: Time: 16.3930ms, tok/s/user: 61.00, Throughput: 1952.05 tok/s
2026-08-29 11:37:23.068 | INFO     | models.demos.llama3_70b_galaxy.demo.text_qwen_demo:test_qwen_demo_text:1041 - Decode Iteration 111: Time: 16.3750ms, tok/s/user: 61.07, Throughput: 1954.20 tok/s
2026-08-29 11:37:23.085 | INFO     | models.demos.llama3_70b_galaxy.demo.text_qwen_demo:test_qwen_demo_text:1041 - Decode Iteration 112: Time: 16.3520ms, tok/s/user: 61.15, Throughput: 1956.95 tok/s
2026-08-29 11:37:23.102 | INFO     | models.demos.llama3_70b_galaxy.demo.text_qwen_demo:test_qwen_demo_text:1041 - Decode Iteration 113: Time: 16.3820ms, tok/s/user: 61.04, Throughput: 1953.36 tok/s
2026-08-29 11:37:23.118 | INFO     | models.demos.llama3_70b_galaxy.demo.text_qwen_demo:test_qwen_demo_text:1041 - Decode Iteration 114: Time: 16.3930ms, tok/s/user: 61.00, Throughput: 1952.05 tok/s
2026-08-29 11:37:23.135 | INFO     | models.demos.llama3_70b_galaxy.demo.text_qwen_demo:test_qwen_demo_text:1041 - Decode Iteration 115: Time: 16.4220ms, tok/s/user: 60.89, Throughput: 1948.61 tok/s
2026-08-29 11:37:23.151 | INFO     | models.demos.llama3_70b_galaxy.demo.text_qwen_demo:test_qwen_demo_text:1041 - Decode Iteration 116: Time: 16.3770ms, tok/s/user: 61.06, Throughput: 1953.96 tok/s
2026-08-29 11:37:23.168 | INFO     | models.demos.llama3_70b_galaxy.demo.text_qwen_demo:test_qwen_demo_text:1041 - Decode Iteration 117: Time: 16.3770ms, tok/s/user: 61.06, Throughput: 1953.96 tok/s
2026-08-29 11:37:23.184 | INFO     | models.demos.llama3_70b_galaxy.demo.text_qwen_demo:test_qwen_demo_text:1041 - Decode Iteration 118: Time: 16.3530ms, tok/s/user: 61.15, Throughput: 1956.83 tok/s
2026-08-29 11:37:23.201 | INFO     | models.demos.llama3_70b_galaxy.demo.text_qwen_demo:test_qwen_demo_text:1041 - Decode Iteration 119: Time: 16.3990ms, tok/s/user: 60.98, Throughput: 1951.34 tok/s
2026-08-29 11:37:23.217 | INFO     | models.demos.llama3_70b_galaxy.demo.text_qwen_demo:test_qwen_demo_text:1041 - Decode Iteration 120: Time: 16.3730ms, tok/s/user: 61.08, Throughput: 1954.44 tok/s
2026-08-29 11:37:23.234 | INFO     | models.demos.llama3_70b_galaxy.demo.text_qwen_demo:test_qwen_demo_text:1041 - Decode Iteration 121: Time: 16.3800ms, tok/s/user: 61.05, Throughput: 1953.60 tok/s
2026-08-29 11:37:23.251 | INFO     | models.demos.llama3_70b_galaxy.demo.text_qwen_demo:test_qwen_demo_text:1041 - Decode Iteration 122: Time: 16.3520ms, tok/s/user: 61.15, Throughput: 1956.95 tok/s
2026-08-29 11:37:23.267 | INFO     | models.demos.llama3_70b_galaxy.demo.text_qwen_demo:test_qwen_demo_text:1041 - Decode Iteration 123: Time: 16.3980ms, tok/s/user: 60.98, Throughput: 1951.46 tok/s
2026-08-29 11:37:23.284 | INFO     | models.demos.llama3_70b_galaxy.demo.text_qwen_demo:test_qwen_demo_text:1041 - Decode Iteration 124: Time: 16.3530ms, tok/s/user: 61.15, Throughput: 1956.83 tok/s
2026-08-29 11:37:23.300 | INFO     | models.demos.llama3_70b_galaxy.demo.text_qwen_demo:test_qwen_demo_text:1041 - Decode Iteration 125: Time: 16.3960ms, tok/s/user: 60.99, Throughput: 1951.70 tok/s
2026-08-29 11:37:23.317 | INFO     | models.demos.llama3_70b_galaxy.demo.text_qwen_demo:test_qwen_demo_text:1041 - Decode Iteration 126: Time: 16.4360ms, tok/s/user: 60.84, Throughput: 1946.95 tok/s
2026-08-29 11:37:23.333 | INFO     | models.demos.llama3_70b_galaxy.demo.text_qwen_demo:test_qwen_demo_text:1041 - Decode Iteration 127: Time: 16.3170ms, tok/s/user: 61.29, Throughput: 1961.14 tok/s
2026-08-29 11:37:23.333 | INFO     | models.demos.llama3_70b_galaxy.demo.text_qwen_demo:test_qwen_demo_text:1071 - Finished decoding, printing the final outputs...

2026-08-29 11:37:23.335 | INFO     | models.demos.llama3_70b_galaxy.demo.text_qwen_demo:test_qwen_demo_text:1090 -
==REPEAT BATCH 0
==USER 0 - PROMPT
What is your favorite condiment? There are so many condiments to choose from, each bringing its uniq
<long prompt not printed in full>
 what your favorite condiment is and why you love it. Does it remind you of a specific dish or meal?
==USER 0 - OUTPUT
<think>
Okay, the user is asking about my favorite condiment. Let me think. Since I'm an AI, I don't have personal experiences or taste buds, but I can sure talk about popular ones and why people might like them. They mentioned several options like ketchup, mayo, mustard, sriracha, hoisin, salsa, aioli. Maybe I can pick one that's versatile and has a rich background. Sriracha comes to mind because it's popular and has a unique story. Also, it's used in many cuisines. Let me check if there's a good reason to highlight it. People love

2026-08-29 11:37:23.336 | INFO     | models.demos.llama3_70b_galaxy.demo.text_qwen_demo:test_qwen_demo_text:1090 -
==REPEAT BATCH 0
==USER 1 - PROMPT
What is your favorite condiment? There are so many condiments to choose from, each bringing its uniq
<long prompt not printed in full>
 what your favorite condiment is and why you love it. Does it remind you of a specific dish or meal?
==USER 1 - OUTPUT
<think>
Okay, the user is asking about my favorite condiment. Let me think. Since I'm an AI, I don't have personal experiences or taste buds, but I can sure talk about popular ones and why people might like them. They mentioned several options like ketchup, mayo, mustard, sriracha, hoisin, salsa, aioli. Maybe I can pick one that's versatile and has a rich background. Sriracha comes to mind because it's popular and has a unique story. Also, it's used in many cuisines. Let me check if there's a good reason to highlight it. People love

2026-08-29 11:37:23.336 | INFO     | models.demos.llama3_70b_galaxy.demo.text_qwen_demo:test_qwen_demo_text:1090 -
==REPEAT BATCH 0
==USER 2 - PROMPT
What is your favorite condiment? There are so many condiments to choose from, each bringing its uniq
<long prompt not printed in full>
 what your favorite condiment is and why you love it. Does it remind you of a specific dish or meal?
==USER 2 - OUTPUT
<think>
Okay, the user is asking about my favorite condiment. Let me think. Since I'm an AI, I don't have personal experiences or taste buds, but I can sure talk about popular ones and why people might like them. They mentioned several options like ketchup, mayo, mustard, sriracha, hoisin, salsa, aioli. Maybe I can pick one that's versatile and has a rich background. Sriracha comes to mind because it's popular and has a unique story. Also, it's used in many cuisines. Let me check if there's a good reason to highlight it. People love

2026-08-29 11:37:23.337 | INFO     | models.demos.llama3_70b_galaxy.demo.text_qwen_demo:test_qwen_demo_text:1090 -
==REPEAT BATCH 0
==USER 3 - PROMPT
What is your favorite condiment? There are so many condiments to choose from, each bringing its uniq
<long prompt not printed in full>
 what your favorite condiment is and why you love it. Does it remind you of a specific dish or meal?
==USER 3 - OUTPUT
<think>
Okay, the user is asking about my favorite condiment. Let me think. Since I'm an AI, I don't have personal experiences or taste buds, but I can sure talk about popular ones and why people might like them. They mentioned several options like ketchup, mayo, mustard, sriracha, hoisin, salsa, aioli. Maybe I can pick one that's versatile and has a rich background. Sriracha comes to mind because it's popular and has a unique story. Also, it's used in many cuisines. Let me check if there's a good reason to highlight it. People love

2026-08-29 11:37:23.338 | INFO     | models.demos.llama3_70b_galaxy.demo.text_qwen_demo:test_qwen_demo_text:1090 -
==REPEAT BATCH 0
==USER 4 - PROMPT
What is your favorite condiment? There are so many condiments to choose from, each bringing its uniq
<long prompt not printed in full>
 what your favorite condiment is and why you love it. Does it remind you of a specific dish or meal?
==USER 4 - OUTPUT
<think>
Okay, the user is asking about my favorite condiment. Let me think. Since I'm an AI, I don't have personal experiences or taste buds, but I can sure talk about popular ones and why people might like them. They mentioned several options like ketchup, mayo, mustard, sriracha, hoisin, salsa, aioli. Maybe I can pick one that's versatile and has a rich background. Sriracha comes to mind because it's popular and has a unique story. Also, it's used in many cuisines. Let me check if there's a good reason to highlight it. People love

2026-08-29 11:37:23.338 | INFO     | models.demos.llama3_70b_galaxy.demo.text_qwen_demo:test_qwen_demo_text:1090 -
==REPEAT BATCH 0
==USER 5 - PROMPT
What is your favorite condiment? There are so many condiments to choose from, each bringing its uniq
<long prompt not printed in full>
 what your favorite condiment is and why you love it. Does it remind you of a specific dish or meal?
==USER 5 - OUTPUT
<think>
Okay, the user is asking about my favorite condiment. Let me think. Since I'm an AI, I don't have personal experiences or taste buds, but I can sure talk about popular ones and why people might like them. They mentioned several options like ketchup, mayo, mustard, sriracha, hoisin, salsa, aioli. Maybe I can pick one that's versatile and has a rich background. Sriracha comes to mind because it's popular and has a unique story. Also, it's used in many cuisines. Let me check if there's a good reason to highlight it. People love

2026-08-29 11:37:23.339 | INFO     | models.demos.llama3_70b_galaxy.demo.text_qwen_demo:test_qwen_demo_text:1090 -
==REPEAT BATCH 0
==USER 6 - PROMPT
What is your favorite condiment? There are so many condiments to choose from, each bringing its uniq
<long prompt not printed in full>
 what your favorite condiment is and why you love it. Does it remind you of a specific dish or meal?
==USER 6 - OUTPUT
<think>
Okay, the user is asking about my favorite condiment. Let me think. Since I'm an AI, I don't have personal experiences or taste buds, but I can sure talk about popular ones and why people might like them. They mentioned several options like ketchup, mayo, mustard, sriracha, hoisin, salsa, aioli. Maybe I can pick one that's versatile and has a rich background. Sriracha comes to mind because it's popular and has a unique story. Also, it's used in many cuisines. Let me check if there's a good reason to highlight it. People love

2026-08-29 11:37:23.340 | INFO     | models.demos.llama3_70b_galaxy.demo.text_qwen_demo:test_qwen_demo_text:1090 -
==REPEAT BATCH 0
==USER 7 - PROMPT
What is your favorite condiment? There are so many condiments to choose from, each bringing its uniq
<long prompt not printed in full>
 what your favorite condiment is and why you love it. Does it remind you of a specific dish or meal?
==USER 7 - OUTPUT
<think>
Okay, the user is asking about my favorite condiment. Let me think. Since I'm an AI, I don't have personal experiences or taste buds, but I can sure talk about popular ones and why people might like them. They mentioned several options like ketchup, mayo, mustard, sriracha, hoisin, salsa, aioli. Maybe I can pick one that's versatile and has a rich background. Sriracha comes to mind because it's popular and has a unique story. Also, it's used in many cuisines. Let me check if there's a good reason to highlight it. People love

2026-08-29 11:37:23.340 | INFO     | models.demos.llama3_70b_galaxy.demo.text_qwen_demo:test_qwen_demo_text:1090 -
==REPEAT BATCH 0
==USER 8 - PROMPT
What is your favorite condiment? There are so many condiments to choose from, each bringing its uniq
<long prompt not printed in full>
 what your favorite condiment is and why you love it. Does it remind you of a specific dish or meal?
==USER 8 - OUTPUT
<think>
Okay, the user is asking about my favorite condiment. Let me think. Since I'm an AI, I don't have personal experiences or taste buds, but I can sure talk about popular ones and why people might like them. They mentioned several options like ketchup, mayo, mustard, sriracha, hoisin, salsa, aioli. Maybe I can pick one that's versatile and has a rich background. Sriracha comes to mind because it's popular and has a unique story. Also, it's used in many cuisines. Let me check if there's a good reason to highlight it. People love

2026-08-29 11:37:23.341 | INFO     | models.demos.llama3_70b_galaxy.demo.text_qwen_demo:test_qwen_demo_text:1090 -
==REPEAT BATCH 0
==USER 9 - PROMPT
What is your favorite condiment? There are so many condiments to choose from, each bringing its uniq
<long prompt not printed in full>
 what your favorite condiment is and why you love it. Does it remind you of a specific dish or meal?
==USER 9 - OUTPUT
<think>
Okay, the user is asking about my favorite condiment. Let me think. Since I'm an AI, I don't have personal experiences or taste buds, but I can sure talk about popular ones and why people might like them. They mentioned several options like ketchup, mayo, mustard, sriracha, hoisin, salsa, aioli. Maybe I can pick one that's versatile and has a rich background. Sriracha comes to mind because it's popular and has a unique story. Also, it's used in many cuisines. Let me check if there's a good reason to highlight it. People love

2026-08-29 11:37:23.342 | INFO     | models.demos.llama3_70b_galaxy.demo.text_qwen_demo:test_qwen_demo_text:1090 -
==REPEAT BATCH 0
==USER 10 - PROMPT
What is your favorite condiment? There are so many condiments to choose from, each bringing its uniq
<long prompt not printed in full>
 what your favorite condiment is and why you love it. Does it remind you of a specific dish or meal?
==USER 10 - OUTPUT
<think>
Okay, the user is asking about my favorite condiment. Let me think. Since I'm an AI, I don't have personal experiences or taste buds, but I can sure talk about popular ones and why people might like them. They mentioned several options like ketchup, mayo, mustard, sriracha, hoisin, salsa, aioli. Maybe I can pick one that's versatile and has a rich background. Sriracha comes to mind because it's popular and has a unique story. Also, it's used in many cuisines. Let me check if there's a good reason to highlight it. People love

2026-08-29 11:37:23.342 | INFO     | models.demos.llama3_70b_galaxy.demo.text_qwen_demo:test_qwen_demo_text:1090 -
==REPEAT BATCH 0
==USER 11 - PROMPT
What is your favorite condiment? There are so many condiments to choose from, each bringing its uniq
<long prompt not printed in full>
 what your favorite condiment is and why you love it. Does it remind you of a specific dish or meal?
==USER 11 - OUTPUT
<think>
Okay, the user is asking about my favorite condiment. Let me think. Since I'm an AI, I don't have personal experiences or taste buds, but I can sure talk about popular ones and why people might like them. They mentioned several options like ketchup, mayo, mustard, sriracha, hoisin, salsa, aioli. Maybe I can pick one that's versatile and has a rich background. Sriracha comes to mind because it's popular and has a unique story. Also, it's used in many cuisines. Let me check if there's a good reason to highlight it. People love

2026-08-29 11:37:23.343 | INFO     | models.demos.llama3_70b_galaxy.demo.text_qwen_demo:test_qwen_demo_text:1090 -
==REPEAT BATCH 0
==USER 12 - PROMPT
What is your favorite condiment? There are so many condiments to choose from, each bringing its uniq
<long prompt not printed in full>
 what your favorite condiment is and why you love it. Does it remind you of a specific dish or meal?
==USER 12 - OUTPUT
<think>
Okay, the user is asking about my favorite condiment. Let me think. Since I'm an AI, I don't have personal experiences or taste buds, but I can sure talk about popular ones and why people might like them. They mentioned several options like ketchup, mayo, mustard, sriracha, hoisin, salsa, aioli. Maybe I can pick one that's versatile and has a rich background. Sriracha comes to mind because it's popular and has a unique story. Also, it's used in many cuisines. Let me check if there's a good reason to highlight it. People love

2026-08-29 11:37:23.343 | INFO     | models.demos.llama3_70b_galaxy.demo.text_qwen_demo:test_qwen_demo_text:1090 -
==REPEAT BATCH 0
==USER 13 - PROMPT
What is your favorite condiment? There are so many condiments to choose from, each bringing its uniq
<long prompt not printed in full>
 what your favorite condiment is and why you love it. Does it remind you of a specific dish or meal?
==USER 13 - OUTPUT
<think>
Okay, the user is asking about my favorite condiment. Let me think. Since I'm an AI, I don't have personal experiences or taste buds, but I can sure talk about popular ones and why people might like them. They mentioned several options like ketchup, mayo, mustard, sriracha, hoisin, salsa, aioli. Maybe I can pick one that's versatile and has a rich background. Sriracha comes to mind because it's popular and has a unique story. Also, it's used in many cuisines. Let me check if there's a good reason to highlight it. People love

2026-08-29 11:37:23.344 | INFO     | models.demos.llama3_70b_galaxy.demo.text_qwen_demo:test_qwen_demo_text:1090 -
==REPEAT BATCH 0
==USER 14 - PROMPT
What is your favorite condiment? There are so many condiments to choose from, each bringing its uniq
<long prompt not printed in full>
 what your favorite condiment is and why you love it. Does it remind you of a specific dish or meal?
==USER 14 - OUTPUT
<think>
Okay, the user is asking about my favorite condiment. Let me think. Since I'm an AI, I don't have personal experiences or taste buds, but I can sure talk about popular ones and why people might like them. They mentioned several options like ketchup, mayo, mustard, sriracha, hoisin, salsa, aioli. Maybe I can pick one that's versatile and has a rich background. Sriracha comes to mind because it's popular and has a unique story. Also, it's used in many cuisines. Let me check if there's a good reason to highlight it. People love

2026-08-29 11:37:23.345 | INFO     | models.demos.llama3_70b_galaxy.demo.text_qwen_demo:test_qwen_demo_text:1090 -
==REPEAT BATCH 0
==USER 15 - PROMPT
What is your favorite condiment? There are so many condiments to choose from, each bringing its uniq
<long prompt not printed in full>
 what your favorite condiment is and why you love it. Does it remind you of a specific dish or meal?
==USER 15 - OUTPUT
<think>
Okay, the user is asking about my favorite condiment. Let me think. Since I'm an AI, I don't have personal experiences or taste buds, but I can sure talk about popular ones and why people might like them. They mentioned several options like ketchup, mayo, mustard, sriracha, hoisin, salsa, aioli. Maybe I can pick one that's versatile and has a rich background. Sriracha comes to mind because it's popular and has a unique story. Also, it's used in many cuisines. Let me check if there's a good reason to highlight it. People love

2026-08-29 11:37:23.345 | INFO     | models.demos.llama3_70b_galaxy.demo.text_qwen_demo:test_qwen_demo_text:1090 -
==REPEAT BATCH 0
==USER 16 - PROMPT
What is your favorite condiment? There are so many condiments to choose from, each bringing its uniq
<long prompt not printed in full>
 what your favorite condiment is and why you love it. Does it remind you of a specific dish or meal?
==USER 16 - OUTPUT
<think>
Okay, the user is asking about my favorite condiment. Let me think. Since I'm an AI, I don't have personal experiences or taste buds, but I can sure talk about popular ones and why people might like them. They mentioned several options like ketchup, mayo, mustard, sriracha, hoisin, salsa, aioli. Maybe I can pick one that's versatile and has a rich background. Sriracha comes to mind because it's popular and has a unique story. Also, it's used in many cuisines. Let me check if there's a good reason to highlight it. People love

2026-08-29 11:37:23.346 | INFO     | models.demos.llama3_70b_galaxy.demo.text_qwen_demo:test_qwen_demo_text:1090 -
==REPEAT BATCH 0
==USER 17 - PROMPT
What is your favorite condiment? There are so many condiments to choose from, each bringing its uniq
<long prompt not printed in full>
 what your favorite condiment is and why you love it. Does it remind you of a specific dish or meal?
==USER 17 - OUTPUT
<think>
Okay, the user is asking about my favorite condiment. Let me think. Since I'm an AI, I don't have personal experiences or taste buds, but I can sure talk about popular ones and why people might like them. They mentioned several options like ketchup, mayo, mustard, sriracha, hoisin, salsa, aioli. Maybe I can pick one that's versatile and has a rich background. Sriracha comes to mind because it's popular and has a unique story. Also, it's used in many cuisines. Let me check if there's a good reason to highlight it. People love

2026-08-29 11:37:23.347 | INFO     | models.demos.llama3_70b_galaxy.demo.text_qwen_demo:test_qwen_demo_text:1090 -
==REPEAT BATCH 0
==USER 18 - PROMPT
What is your favorite condiment? There are so many condiments to choose from, each bringing its uniq
<long prompt not printed in full>
 what your favorite condiment is and why you love it. Does it remind you of a specific dish or meal?
==USER 18 - OUTPUT
<think>
Okay, the user is asking about my favorite condiment. Let me think. Since I'm an AI, I don't have personal experiences or taste buds, but I can sure talk about popular ones and why people might like them. They mentioned several options like ketchup, mayo, mustard, sriracha, hoisin, salsa, aioli. Maybe I can pick one that's versatile and has a rich background. Sriracha comes to mind because it's popular and has a unique story. Also, it's used in many cuisines. Let me check if there's a good reason to highlight it. People love

2026-08-29 11:37:23.347 | INFO     | models.demos.llama3_70b_galaxy.demo.text_qwen_demo:test_qwen_demo_text:1090 -
==REPEAT BATCH 0
==USER 19 - PROMPT
What is your favorite condiment? There are so many condiments to choose from, each bringing its uniq
<long prompt not printed in full>
 what your favorite condiment is and why you love it. Does it remind you of a specific dish or meal?
==USER 19 - OUTPUT
<think>
Okay, the user is asking about my favorite condiment. Let me think. Since I'm an AI, I don't have personal experiences or taste buds, but I can sure talk about popular ones and why people might like them. They mentioned several options like ketchup, mayo, mustard, sriracha, hoisin, salsa, aioli. Maybe I can pick one that's versatile and has a rich background. Sriracha comes to mind because it's popular and has a unique story. Also, it's used in many cuisines. Let me check if there's a good reason to highlight it. People love

2026-08-29 11:37:23.348 | INFO     | models.demos.llama3_70b_galaxy.demo.text_qwen_demo:test_qwen_demo_text:1090 -
==REPEAT BATCH 0
==USER 20 - PROMPT
What is your favorite condiment? There are so many condiments to choose from, each bringing its uniq
<long prompt not printed in full>
 what your favorite condiment is and why you love it. Does it remind you of a specific dish or meal?
==USER 20 - OUTPUT
<think>
Okay, the user is asking about my favorite condiment. Let me think. Since I'm an AI, I don't have personal experiences or taste buds, but I can sure talk about popular ones and why people might like them. They mentioned several options like ketchup, mayo, mustard, sriracha, hoisin, salsa, aioli. Maybe I can pick one that's versatile and has a rich background. Sriracha comes to mind because it's popular and has a unique story. Also, it's used in many cuisines. Let me check if there's a good reason to highlight it. People love

2026-08-29 11:37:23.349 | INFO     | models.demos.llama3_70b_galaxy.demo.text_qwen_demo:test_qwen_demo_text:1090 -
==REPEAT BATCH 0
==USER 21 - PROMPT
What is your favorite condiment? There are so many condiments to choose from, each bringing its uniq
<long prompt not printed in full>
 what your favorite condiment is and why you love it. Does it remind you of a specific dish or meal?
==USER 21 - OUTPUT
<think>
Okay, the user is asking about my favorite condiment. Let me think. Since I'm an AI, I don't have personal experiences or taste buds, but I can sure talk about popular ones and why people might like them. They mentioned several options like ketchup, mayo, mustard, sriracha, hoisin, salsa, aioli. Maybe I can pick one that's versatile and has a rich background. Sriracha comes to mind because it's popular and has a unique story. Also, it's used in many cuisines. Let me check if there's a good reason to highlight it. People love

2026-08-29 11:37:23.349 | INFO     | models.demos.llama3_70b_galaxy.demo.text_qwen_demo:test_qwen_demo_text:1090 -
==REPEAT BATCH 0
==USER 22 - PROMPT
What is your favorite condiment? There are so many condiments to choose from, each bringing its uniq
<long prompt not printed in full>
 what your favorite condiment is and why you love it. Does it remind you of a specific dish or meal?
==USER 22 - OUTPUT
<think>
Okay, the user is asking about my favorite condiment. Let me think. Since I'm an AI, I don't have personal experiences or taste buds, but I can sure talk about popular ones and why people might like them. They mentioned several options like ketchup, mayo, mustard, sriracha, hoisin, salsa, aioli. Maybe I can pick one that's versatile and has a rich background. Sriracha comes to mind because it's popular and has a unique story. Also, it's used in many cuisines. Let me check if there's a good reason to highlight it. People love

2026-08-29 11:37:23.350 | INFO     | models.demos.llama3_70b_galaxy.demo.text_qwen_demo:test_qwen_demo_text:1090 -
==REPEAT BATCH 0
==USER 23 - PROMPT
What is your favorite condiment? There are so many condiments to choose from, each bringing its uniq
<long prompt not printed in full>
 what your favorite condiment is and why you love it. Does it remind you of a specific dish or meal?
==USER 23 - OUTPUT
<think>
Okay, the user is asking about my favorite condiment. Let me think. Since I'm an AI, I don't have personal experiences or taste buds, but I can sure talk about popular ones and why people might like them. They mentioned several options like ketchup, mayo, mustard, sriracha, hoisin, salsa, aioli. Maybe I can pick one that's versatile and has a rich background. Sriracha comes to mind because it's popular and has a unique story. Also, it's used in many cuisines. Let me check if there's a good reason to highlight it. People love

2026-08-29 11:37:23.350 | INFO     | models.demos.llama3_70b_galaxy.demo.text_qwen_demo:test_qwen_demo_text:1090 -
==REPEAT BATCH 0
==USER 24 - PROMPT
What is your favorite condiment? There are so many condiments to choose from, each bringing its uniq
<long prompt not printed in full>
 what your favorite condiment is and why you love it. Does it remind you of a specific dish or meal?
==USER 24 - OUTPUT
<think>
Okay, the user is asking about my favorite condiment. Let me think. Since I'm an AI, I don't have personal experiences or taste buds, but I can sure talk about popular ones and why people might like them. They mentioned several options like ketchup, mayo, mustard, sriracha, hoisin, salsa, aioli. Maybe I can pick one that's versatile and has a rich background. Sriracha comes to mind because it's popular and has a unique story. Also, it's used in many cuisines. Let me check if there's a good reason to highlight it. People love

2026-08-29 11:37:23.351 | INFO     | models.demos.llama3_70b_galaxy.demo.text_qwen_demo:test_qwen_demo_text:1090 -
==REPEAT BATCH 0
==USER 25 - PROMPT
What is your favorite condiment? There are so many condiments to choose from, each bringing its uniq
<long prompt not printed in full>
 what your favorite condiment is and why you love it. Does it remind you of a specific dish or meal?
==USER 25 - OUTPUT
<think>
Okay, the user is asking about my favorite condiment. Let me think. Since I'm an AI, I don't have personal experiences or taste buds, but I can sure talk about popular ones and why people might like them. They mentioned several options like ketchup, mayo, mustard, sriracha, hoisin, salsa, aioli. Maybe I can pick one that's versatile and has a rich background. Sriracha comes to mind because it's popular and has a unique story. Also, it's used in many cuisines. Let me check if there's a good reason to highlight it. People love

2026-08-29 11:37:23.351 | INFO     | models.demos.llama3_70b_galaxy.demo.text_qwen_demo:test_qwen_demo_text:1090 -
==REPEAT BATCH 0
==USER 26 - PROMPT
What is your favorite condiment? There are so many condiments to choose from, each bringing its uniq
<long prompt not printed in full>
 what your favorite condiment is and why you love it. Does it remind you of a specific dish or meal?
==USER 26 - OUTPUT
<think>
Okay, the user is asking about my favorite condiment. Let me think. Since I'm an AI, I don't have personal experiences or taste buds, but I can sure talk about popular ones and why people might like them. They mentioned several options like ketchup, mayo, mustard, sriracha, hoisin, salsa, aioli. Maybe I can pick one that's versatile and has a rich background. Sriracha comes to mind because it's popular and has a unique story. Also, it's used in many cuisines. Let me check if there's a good reason to highlight it. People love

2026-08-29 11:37:23.352 | INFO     | models.demos.llama3_70b_galaxy.demo.text_qwen_demo:test_qwen_demo_text:1090 -
==REPEAT BATCH 0
==USER 27 - PROMPT
What is your favorite condiment? There are so many condiments to choose from, each bringing its uniq
<long prompt not printed in full>
 what your favorite condiment is and why you love it. Does it remind you of a specific dish or meal?
==USER 27 - OUTPUT
<think>
Okay, the user is asking about my favorite condiment. Let me think. Since I'm an AI, I don't have personal experiences or taste buds, but I can sure talk about popular ones and why people might like them. They mentioned several options like ketchup, mayo, mustard, sriracha, hoisin, salsa, aioli. Maybe I can pick one that's versatile and has a rich background. Sriracha comes to mind because it's popular and has a unique story. Also, it's used in many cuisines. Let me check if there's a good reason to highlight it. People love

2026-08-29 11:37:23.352 | INFO     | models.demos.llama3_70b_galaxy.demo.text_qwen_demo:test_qwen_demo_text:1090 -
==REPEAT BATCH 0
==USER 28 - PROMPT
What is your favorite condiment? There are so many condiments to choose from, each bringing its uniq
<long prompt not printed in full>
 what your favorite condiment is and why you love it. Does it remind you of a specific dish or meal?
==USER 28 - OUTPUT
<think>
Okay, the user is asking about my favorite condiment. Let me think. Since I'm an AI, I don't have personal experiences or taste buds, but I can sure talk about popular ones and why people might like them. They mentioned several options like ketchup, mayo, mustard, sriracha, hoisin, salsa, aioli. Maybe I can pick one that's versatile and has a rich background. Sriracha comes to mind because it's popular and has a unique story. Also, it's used in many cuisines. Let me check if there's a good reason to highlight it. People love

2026-08-29 11:37:23.353 | INFO     | models.demos.llama3_70b_galaxy.demo.text_qwen_demo:test_qwen_demo_text:1090 -
==REPEAT BATCH 0
==USER 29 - PROMPT
What is your favorite condiment? There are so many condiments to choose from, each bringing its uniq
<long prompt not printed in full>
 what your favorite condiment is and why you love it. Does it remind you of a specific dish or meal?
==USER 29 - OUTPUT
<think>
Okay, the user is asking about my favorite condiment. Let me think. Since I'm an AI, I don't have personal experiences or taste buds, but I can sure talk about popular ones and why people might like them. They mentioned several options like ketchup, mayo, mustard, sriracha, hoisin, salsa, aioli. Maybe I can pick one that's versatile and has a rich background. Sriracha comes to mind because it's popular and has a unique story. Also, it's used in many cuisines. Let me check if there's a good reason to highlight it. People love

2026-08-29 11:37:23.353 | INFO     | models.demos.llama3_70b_galaxy.demo.text_qwen_demo:test_qwen_demo_text:1090 -
==REPEAT BATCH 0
==USER 30 - PROMPT
What is your favorite condiment? There are so many condiments to choose from, each bringing its uniq
<long prompt not printed in full>
 what your favorite condiment is and why you love it. Does it remind you of a specific dish or meal?
==USER 30 - OUTPUT
<think>
Okay, the user is asking about my favorite condiment. Let me think. Since I'm an AI, I don't have personal experiences or taste buds, but I can sure talk about popular ones and why people might like them. They mentioned several options like ketchup, mayo, mustard, sriracha, hoisin, salsa, aioli. Maybe I can pick one that's versatile and has a rich background. Sriracha comes to mind because it's popular and has a unique story. Also, it's used in many cuisines. Let me check if there's a good reason to highlight it. People love

2026-08-29 11:37:23.353 | INFO     | models.demos.llama3_70b_galaxy.demo.text_qwen_demo:test_qwen_demo_text:1090 -
==REPEAT BATCH 0
==USER 31 - PROMPT
What is your favorite condiment? There are so many condiments to choose from, each bringing its uniq
<long prompt not printed in full>
 what your favorite condiment is and why you love it. Does it remind you of a specific dish or meal?
==USER 31 - OUTPUT
<think>
Okay, the user is asking about my favorite condiment. Let me think. Since I'm an AI, I don't have personal experiences or taste buds, but I can sure talk about popular ones and why people might like them. They mentioned several options like ketchup, mayo, mustard, sriracha, hoisin, salsa, aioli. Maybe I can pick one that's versatile and has a rich background. Sriracha comes to mind because it's popular and has a unique story. Also, it's used in many cuisines. Let me check if there's a good reason to highlight it. People love

2026-08-29 11:37:23.354 | INFO     | models.demos.llama3_70b_galaxy.demo.text_qwen_demo:test_qwen_demo_text:1240 - Please note that 'stop_at_eos' is disabled. Output repetition is expected.
2026-08-29 11:37:23.354 | INFO     | models.demos.llama3_70b_galaxy.demo.text_qwen_demo:test_qwen_demo_text:1242 -
2026-08-29 11:37:23.354 | INFO     | models.demos.llama3_70b_galaxy.demo.text_qwen_demo:test_qwen_demo_text:1243 - === Performance metrics ===
2026-08-29 11:37:23.354 | INFO     | models.demos.llama3_70b_galaxy.demo.text_qwen_demo:test_qwen_demo_text:1244 - 1st token decode time: 1.08ms [921.66 t/s/u, 29493.09 t/s]
2026-08-29 11:37:23.354 | INFO     | models.demos.llama3_70b_galaxy.demo.text_qwen_demo:test_qwen_demo_text:1248 - 128th token decode time: 16.32ms [61.29 t/s/u, 1961.14 t/s]
2026-08-29 11:37:23.354 | INFO     | models.demos.llama3_70b_galaxy.demo.text_qwen_demo:test_qwen_demo_text:1261 - ==
2026-08-29 11:37:23.354 | INFO     | models.demos.llama3_70b_galaxy.demo.text_qwen_demo:test_qwen_demo_text:1262 - Prefill compile time: 381.02s
2026-08-29 11:37:23.354 | INFO     | models.demos.llama3_70b_galaxy.demo.text_qwen_demo:test_qwen_demo_text:1263 - Decode compile time: 27.09s
2026-08-29 11:37:23.354 | INFO     | models.demos.llama3_70b_galaxy.demo.text_qwen_demo:test_qwen_demo_text:1264 -
2026-08-29 11:37:23.354 | INFO     | models.demos.llama3_70b_galaxy.demo.text_qwen_demo:test_qwen_demo_text:1265 - Average Time to First Token (TTFT): 1477.59ms
2026-08-29 11:37:23.354 | INFO     | models.demos.llama3_70b_galaxy.demo.text_qwen_demo:test_qwen_demo_text:1266 - Average speed: 16.25ms @ 61.54 tok/s/user (1969.2 tok/s throughput)
2026-08-29 11:37:23.509 | WARNING  | models.demos.utils.llm_demo_utils:verify_perf:276 - prefill_time_to_token (1.477588) is higher than expected 0.7 (tolerance 0.15)
2026-08-29 11:37:23.509 | WARNING  | models.demos.utils.llm_demo_utils:verify_perf:292 - Perf Check Failed!
PASSED

=============================== warnings summary ===============================
models/common/llama_models.py:63
  /proj_sw/user_dev/ctr-apbernal/tt-metal/models/common/llama_models.py:63: PydanticDeprecatedSince20: Pydantic V1 style `@validator` validators are deprecated. You should migrate to Pydantic V2 style `@field_validator` validators, see the migration guide for more details. Deprecated in Pydantic V2.0 to be removed in V3.0. See Pydantic V2 Migration Guide at https://errors.pydantic.dev/2.9/migration/
    @validator("tool_name", pre=True)

python_env/lib/python3.10/site-packages/pydantic/_internal/_config.py:291
  /proj_sw/user_dev/ctr-apbernal/tt-metal/python_env/lib/python3.10/site-packages/pydantic/_internal/_config.py:291: PydanticDeprecatedSince20: Support for class-based `config` is deprecated, use ConfigDict instead. Deprecated in Pydantic V2.0 to be removed in V3.0. See Pydantic V2 Migration Guide at https://errors.pydantic.dev/2.9/migration/
    warnings.warn(DEPRECATION_MESSAGE, DeprecationWarning)

<frozen importlib._bootstrap>:241
  <frozen importlib._bootstrap>:241: DeprecationWarning: builtin type SwigPyPacked has no __module__ attribute

<frozen importlib._bootstrap>:241
  <frozen importlib._bootstrap>:241: DeprecationWarning: builtin type SwigPyObject has no __module__ attribute

models/demos/llama3_70b_galaxy/demo/text_qwen_demo.py::test_qwen_demo_text[wormhole_b0-mesh_device0-device_params0-10-performance-batch-32]
  /proj_sw/user_dev/ctr-apbernal/tt-metal/models/demos/llama3_70b_galaxy/demo/text_qwen_demo.py:1280: PerfRegressionWarning: Perf drift detected against expected metrics {'prefill_time_to_first_token': 0.7, 'decode_t/s/u': 60.0, 'decode_t/s': 1920.0, 'prefill_time_to_token': 0.7}. See warnings above for metric-level details.
    verify_perf(

-- Docs: https://docs.pytest.org/en/stable/how-to/capture-warnings.html
==================================== PASSES ====================================
_ test_qwen_demo_text[wormhole_b0-mesh_device0-device_params0-10-performance-batch-32] _
------------------------------ Captured log call -------------------------------
WARNING  huggingface_hub.utils._http:_http.py:904 Warning: You are sending unauthenticated requests to the HF Hub. Please set a HF_TOKEN to enable higher rate limits and faster downloads.
ERROR    huggingface_hub.file_download:file_download.py:1700 Could not cache non-existence of file. Will ignore error and continue. Error: [Errno 13] Permission denied: '/localdev/ctr-apbernal/hf_data/hub/models--Qwen--Qwen3-32B/.no_exist'
ERROR    huggingface_hub.file_download:file_download.py:1700 Could not cache non-existence of file. Will ignore error and continue. Error: [Errno 13] Permission denied: '/localdev/ctr-apbernal/hf_data/hub/models--Qwen--Qwen3-32B/.no_exist'
ERROR    huggingface_hub.file_download:file_download.py:1700 Could not cache non-existence of file. Will ignore error and continue. Error: [Errno 13] Permission denied: '/localdev/ctr-apbernal/hf_data/hub/models--Qwen--Qwen3-32B/.no_exist'
ERROR    huggingface_hub.file_download:file_download.py:1700 Could not cache non-existence of file. Will ignore error and continue. Error: [Errno 13] Permission denied: '/localdev/ctr-apbernal/hf_data/hub/models--Qwen--Qwen3-32B/.no_exist'
ERROR    huggingface_hub.file_download:file_download.py:1700 Could not cache non-existence of file. Will ignore error and continue. Error: [Errno 13] Permission denied: '/localdev/ctr-apbernal/hf_data/hub/models--Qwen--Qwen3-32B/.no_exist'
ERROR    huggingface_hub.file_download:file_download.py:1700 Could not cache non-existence of file. Will ignore error and continue. Error: [Errno 13] Permission denied: '/localdev/ctr-apbernal/hf_data/hub/models--Qwen--Qwen3-32B/.no_exist'
ERROR    huggingface_hub.file_download:file_download.py:1700 Could not cache non-existence of file. Will ignore error and continue. Error: [Errno 13] Permission denied: '/localdev/ctr-apbernal/hf_data/hub/models--Qwen--Qwen3-32B/.no_exist'
ERROR    huggingface_hub.file_download:file_download.py:1700 Could not cache non-existence of file. Will ignore error and continue. Error: [Errno 13] Permission denied: '/localdev/ctr-apbernal/hf_data/hub/models--Qwen--Qwen3-32B/.no_exist'
ERROR    huggingface_hub.file_download:file_download.py:1700 Could not cache non-existence of file. Will ignore error and continue. Error: [Errno 13] Permission denied: '/localdev/ctr-apbernal/hf_data/hub/models--Qwen--Qwen3-32B/.no_exist'
- generated xml file: /proj_sw/user_dev/ctr-apbernal/tt-metal/generated/test_reports/most_recent_tests.xml -
============================= slowest 25 durations =============================
472.74s call     models/demos/llama3_70b_galaxy/demo/text_qwen_demo.py::test_qwen_demo_text[wormhole_b0-mesh_device0-device_params0-10-performance-batch-32]
8.18s setup    models/demos/llama3_70b_galaxy/demo/text_qwen_demo.py::test_qwen_demo_text[wormhole_b0-mesh_device0-device_params0-10-performance-batch-32]
0.53s teardown models/demos/llama3_70b_galaxy/demo/text_qwen_demo.py::test_qwen_demo_text[wormhole_b0-mesh_device0-device_params0-10-performance-batch-32]
=========================== short test summary info ============================
PASSED models/demos/llama3_70b_galaxy/demo/text_qwen_demo.py::test_qwen_demo_text[wormhole_b0-mesh_device0-device_params0-10-performance-batch-32]
================== 1 passed, 5 warnings in 489.89s (0:08:09) ===================
sys:1: DeprecationWarning: builtin type swigvarlink has no __module__ attribute
2026-08-29 11:37:28.355 | info     |    BuildKernels | JIT cache stats: 2693/2693 hits (100.0%) [2693 cached, 31825 build-once dedup, 0 merged artifacts, 0 merged genfiles] (build_cache_telemetry.cpp:207)
2026-08-29 11:37:28.355 | info     |    BuildKernels | JIT telemetry: 3 registered TelemetryTokens (build_cache_telemetry.cpp:230)
2026-08-29 11:37:28.738 | info     |          Device | Closing user mode device drivers (tt_cluster.cpp:513)
2026-08-29 11:37:28.738 | info     |             UMD | Closing devices in cluster (cluster.cpp:1211)
2026-08-29 11:37:28.855 | info     |             UMD | Closing devices in cluster completed. (cluster.cpp:1220)
2026-08-29 11:37:28.856 | info     |             UMD | Cluster destructor started. (cluster.cpp:912)
2026-08-29 11:37:28.856 | info     |             UMD | Cluster destructor completed. (cluster.cpp:915)
exit=0
