2026-08-29 09:19:54.498 | DEBUG    | ttnn:<module>:78 - Initial ttnn.CONFIG:
Config{cache_path=/home/ctr-apbernal/.cache/ttnn,model_cache_path=/home/ctr-apbernal/.cache/ttnn/models,tmp_dir=/tmp/ttnn,enable_model_cache=false,enable_fast_runtime_mode=true,throw_exception_on_fallback=false,enable_logging=false,enable_graph_report=false,enable_graph_python_stack_traces=false,enable_detailed_buffer_report=false,enable_detailed_tensor_report=false,enable_comparison_mode=false,comparison_mode_should_raise_exception=false,comparison_mode_pcc=0.9999,root_report_path=generated/ttnn/reports,report_name=std::nullopt,std::nullopt}
============================= test session starts ==============================
platform linux -- Python 3.10.21, pytest-9.0.3, pluggy-1.6.0 -- /proj_sw/user_dev/ctr-apbernal/tt-metal/python_env/bin/python
benchmark: 5.2.3 (defaults: timer=time.perf_counter disable_gc=False min_rounds=5 min_time=0.000005 max_time=1.0 calibration_precision=10 warmup=False warmup_iterations=100000)
rootdir: /proj_sw/user_dev/ctr-apbernal/tt-metal
configfile: pytest.ini
plugins: cov-7.0.0, dash-2.15.0, benchmark-5.2.3, repeat-0.9.4, anyio-4.14.2, timeout-2.4.0, github-actions-annotate-failures-0.3.0, split-0.11.0
timeout: 5200.0s
timeout method: signal
timeout func_only: False
collecting ... 2026-08-29 09:20:08.486 | WARNING  | models.perf.benchmarking_utils:<module>:19 - Skipping import of pydantic_models for benchmarking since not running in CI environment
collected 1 item

models/demos/llama3_70b_galaxy/demo/text_demo.py::test_demo_text[wormhole_b0-mesh_device0-device_params0-10-performance-batch-32] 2026-08-29 09:20:08.661 | info     |          Device | Opening user mode device driver (tt_cluster.cpp:228)
2026-08-29 09:20:08.661 | info     |             UMD | Cluster constructor started. (cluster.cpp:389)
2026-08-29 09:20:08.681 | info     |             UMD | Creating TopologyDiscovery for architecture: wormhole_b0 (topology_discovery.cpp:96)
2026-08-29 09:20:08.681 | info     |             UMD | Starting topology discovery. (topology_discovery.cpp:115)
2026-08-29 09:20:11.800 | info     |             UMD | Established firmware bundle version: 19.12.0 (topology_discovery.cpp:575)
2026-08-29 09:20:11.830 | info     |             UMD | Completed topology discovery. (topology_discovery.cpp:119)
2026-08-29 09:20:13.241 | info     |             UMD | Opening local chip ids/PCIe ids: {0, 1, 2, 3, 4, 5, 6, 7, 8, 9, 10, 11, 12, 13, 14, 15, 16, 17, 18, 19, 20, 21, 22, 23, 24, 25, 26, 27, 28, 29, 30, 31}/[16, 17, 18, 19, 20, 21, 22, 23, 24, 25, 26, 27, 28, 29, 30, 31, 8, 9, 10, 11, 12, 13, 14, 15, 0, 1, 2, 3, 4, 5, 6, 7] and remote chip ids {} (cluster.cpp:173)
2026-08-29 09:20:13.241 | info     |             UMD | IOMMU: enabled (cluster.cpp:147)
2026-08-29 09:20:13.241 | info     |             UMD | KMD version: 2.9.0 (cluster.cpp:150)
2026-08-29 09:20:13.241 | info     |             UMD | Cluster constructor completed. (cluster.cpp:648)
2026-08-29 09:20:13.267 | info     |             UMD | Starting devices in cluster (cluster.cpp:1198)
2026-08-29 09:20:13.329 | info     |             UMD | Starting devices in cluster completed. (cluster.cpp:1206)
2026-08-29 09:20:13.450 | info     |     Distributed | Using auto discovery to generate mesh graph. (metal_env.cpp:437)
2026-08-29 09:20:13.450 | info     |     Distributed | Constructing control plane using auto-discovery (no mesh graph descriptor). (metal_env.cpp:499)
2026-08-29 09:20:13.458 | info     |          Fabric | Logical multi-mesh adjacency: intermesh degree histogram {0:1}; intra-mesh degree histograms mesh0 {4:32} (topology_mapper_utils.cpp:2410)
2026-08-29 09:20:13.458 | info     |          Fabric | Physical multi-mesh adjacency: intermesh degree histogram {0:1}; intra-mesh degree histograms mesh0 {4:32} (topology_mapper_utils.cpp:2418)
2026-08-29 09:20:13.656 | info     |    BuildKernels | Using pre-compiled firmware from: /proj_sw/user_dev/ctr-apbernal/tt-metal/tt_metal/pre-compiled/441969805167873259/ (build_env_manager.cpp:347)
2026-08-29 09:20:14.011 | info     |    BuildKernels | Using pre-compiled firmware from: /proj_sw/user_dev/ctr-apbernal/tt-metal/tt_metal/pre-compiled/441969805167873259/ (build_env_manager.cpp:347)
2026-08-29 09:20:14.011 | info     |    BuildKernels | Using pre-compiled firmware from: /proj_sw/user_dev/ctr-apbernal/tt-metal/tt_metal/pre-compiled/441969805167873259/ (build_env_manager.cpp:347)
2026-08-29 09:20:14.011 | info     |    BuildKernels | Using pre-compiled firmware from: /proj_sw/user_dev/ctr-apbernal/tt-metal/tt_metal/pre-compiled/441969805167873259/ (build_env_manager.cpp:347)
2026-08-29 09:20:14.011 | info     |    BuildKernels | Using pre-compiled firmware from: /proj_sw/user_dev/ctr-apbernal/tt-metal/tt_metal/pre-compiled/441969805167873259/ (build_env_manager.cpp:347)
2026-08-29 09:20:14.011 | info     |    BuildKernels | Using pre-compiled firmware from: /proj_sw/user_dev/ctr-apbernal/tt-metal/tt_metal/pre-compiled/441969805167873259/ (build_env_manager.cpp:347)
2026-08-29 09:20:14.011 | info     |    BuildKernels | Using pre-compiled firmware from: /proj_sw/user_dev/ctr-apbernal/tt-metal/tt_metal/pre-compiled/441969805167873259/ (build_env_manager.cpp:347)
2026-08-29 09:20:14.011 | info     |    BuildKernels | Using pre-compiled firmware from: /proj_sw/user_dev/ctr-apbernal/tt-metal/tt_metal/pre-compiled/441969805167873259/ (build_env_manager.cpp:347)
2026-08-29 09:20:14.011 | info     |    BuildKernels | Using pre-compiled firmware from: /proj_sw/user_dev/ctr-apbernal/tt-metal/tt_metal/pre-compiled/441969805167873259/ (build_env_manager.cpp:347)
2026-08-29 09:20:14.011 | info     |    BuildKernels | Using pre-compiled firmware from: /proj_sw/user_dev/ctr-apbernal/tt-metal/tt_metal/pre-compiled/441969805167873259/ (build_env_manager.cpp:347)
2026-08-29 09:20:14.012 | info     |    BuildKernels | Using pre-compiled firmware from: /proj_sw/user_dev/ctr-apbernal/tt-metal/tt_metal/pre-compiled/441969805167873259/ (build_env_manager.cpp:347)
2026-08-29 09:20:14.012 | info     |    BuildKernels | Using pre-compiled firmware from: /proj_sw/user_dev/ctr-apbernal/tt-metal/tt_metal/pre-compiled/441969805167873259/ (build_env_manager.cpp:347)
2026-08-29 09:20:14.012 | info     |    BuildKernels | Using pre-compiled firmware from: /proj_sw/user_dev/ctr-apbernal/tt-metal/tt_metal/pre-compiled/441969805167873259/ (build_env_manager.cpp:347)
2026-08-29 09:20:14.012 | info     |    BuildKernels | Using pre-compiled firmware from: /proj_sw/user_dev/ctr-apbernal/tt-metal/tt_metal/pre-compiled/441969805167873259/ (build_env_manager.cpp:347)
2026-08-29 09:20:14.012 | info     |    BuildKernels | Using pre-compiled firmware from: /proj_sw/user_dev/ctr-apbernal/tt-metal/tt_metal/pre-compiled/441969805167873259/ (build_env_manager.cpp:347)
2026-08-29 09:20:14.012 | info     |    BuildKernels | Using pre-compiled firmware from: /proj_sw/user_dev/ctr-apbernal/tt-metal/tt_metal/pre-compiled/441969805167873259/ (build_env_manager.cpp:347)
2026-08-29 09:20:14.012 | info     |    BuildKernels | Using pre-compiled firmware from: /proj_sw/user_dev/ctr-apbernal/tt-metal/tt_metal/pre-compiled/441969805167873259/ (build_env_manager.cpp:347)
2026-08-29 09:20:14.012 | info     |    BuildKernels | Using pre-compiled firmware from: /proj_sw/user_dev/ctr-apbernal/tt-metal/tt_metal/pre-compiled/441969805167873259/ (build_env_manager.cpp:347)
2026-08-29 09:20:14.012 | info     |    BuildKernels | Using pre-compiled firmware from: /proj_sw/user_dev/ctr-apbernal/tt-metal/tt_metal/pre-compiled/441969805167873259/ (build_env_manager.cpp:347)
2026-08-29 09:20:14.012 | info     |    BuildKernels | Using pre-compiled firmware from: /proj_sw/user_dev/ctr-apbernal/tt-metal/tt_metal/pre-compiled/441969805167873259/ (build_env_manager.cpp:347)
2026-08-29 09:20:14.012 | info     |    BuildKernels | Using pre-compiled firmware from: /proj_sw/user_dev/ctr-apbernal/tt-metal/tt_metal/pre-compiled/441969805167873259/ (build_env_manager.cpp:347)
2026-08-29 09:20:14.012 | info     |    BuildKernels | Using pre-compiled firmware from: /proj_sw/user_dev/ctr-apbernal/tt-metal/tt_metal/pre-compiled/441969805167873259/ (build_env_manager.cpp:347)
2026-08-29 09:20:14.012 | info     |    BuildKernels | Using pre-compiled firmware from: /proj_sw/user_dev/ctr-apbernal/tt-metal/tt_metal/pre-compiled/441969805167873259/ (build_env_manager.cpp:347)
2026-08-29 09:20:14.012 | info     |    BuildKernels | Using pre-compiled firmware from: /proj_sw/user_dev/ctr-apbernal/tt-metal/tt_metal/pre-compiled/441969805167873259/ (build_env_manager.cpp:347)
2026-08-29 09:20:14.012 | info     |    BuildKernels | Using pre-compiled firmware from: /proj_sw/user_dev/ctr-apbernal/tt-metal/tt_metal/pre-compiled/441969805167873259/ (build_env_manager.cpp:347)
2026-08-29 09:20:14.012 | info     |    BuildKernels | Using pre-compiled firmware from: /proj_sw/user_dev/ctr-apbernal/tt-metal/tt_metal/pre-compiled/441969805167873259/ (build_env_manager.cpp:347)
2026-08-29 09:20:14.012 | info     |    BuildKernels | Using pre-compiled firmware from: /proj_sw/user_dev/ctr-apbernal/tt-metal/tt_metal/pre-compiled/441969805167873259/ (build_env_manager.cpp:347)
2026-08-29 09:20:14.012 | info     |    BuildKernels | Using pre-compiled firmware from: /proj_sw/user_dev/ctr-apbernal/tt-metal/tt_metal/pre-compiled/441969805167873259/ (build_env_manager.cpp:347)
2026-08-29 09:20:14.012 | info     |    BuildKernels | Using pre-compiled firmware from: /proj_sw/user_dev/ctr-apbernal/tt-metal/tt_metal/pre-compiled/441969805167873259/ (build_env_manager.cpp:347)
2026-08-29 09:20:14.012 | info     |    BuildKernels | Using pre-compiled firmware from: /proj_sw/user_dev/ctr-apbernal/tt-metal/tt_metal/pre-compiled/441969805167873259/ (build_env_manager.cpp:347)
2026-08-29 09:20:14.012 | info     |    BuildKernels | Using pre-compiled firmware from: /proj_sw/user_dev/ctr-apbernal/tt-metal/tt_metal/pre-compiled/441969805167873259/ (build_env_manager.cpp:347)
2026-08-29 09:20:14.012 | info     |    BuildKernels | Using pre-compiled firmware from: /proj_sw/user_dev/ctr-apbernal/tt-metal/tt_metal/pre-compiled/441969805167873259/ (build_env_manager.cpp:347)
2026-08-29 09:20:14.261 | info     |           Metal | Initializing Fabric (fabric_firmware_initializer.cpp:296)
2026-08-29 09:20:14.573 | info     |           Metal | Fabric initialized on Device 0 (device.cpp:550)
2026-08-29 09:20:14.574 | info     |           Metal | Fabric initialized on Device 1 (device.cpp:550)
2026-08-29 09:20:14.575 | info     |           Metal | Fabric initialized on Device 2 (device.cpp:550)
2026-08-29 09:20:14.576 | info     |           Metal | Fabric initialized on Device 3 (device.cpp:550)
2026-08-29 09:20:14.662 | info     |           Metal | Fabric initialized on Device 4 (device.cpp:550)
2026-08-29 09:20:14.663 | info     |           Metal | Fabric initialized on Device 5 (device.cpp:550)
2026-08-29 09:20:14.664 | info     |           Metal | Fabric initialized on Device 6 (device.cpp:550)
2026-08-29 09:20:14.666 | info     |           Metal | Fabric initialized on Device 7 (device.cpp:550)
2026-08-29 09:20:14.667 | info     |           Metal | Fabric initialized on Device 8 (device.cpp:550)
2026-08-29 09:20:14.668 | info     |           Metal | Fabric initialized on Device 9 (device.cpp:550)
2026-08-29 09:20:14.669 | info     |           Metal | Fabric initialized on Device 10 (device.cpp:550)
2026-08-29 09:20:14.671 | info     |           Metal | Fabric initialized on Device 11 (device.cpp:550)
2026-08-29 09:20:14.749 | info     |           Metal | Fabric initialized on Device 12 (device.cpp:550)
2026-08-29 09:20:14.750 | info     |           Metal | Fabric initialized on Device 13 (device.cpp:550)
2026-08-29 09:20:14.752 | info     |           Metal | Fabric initialized on Device 14 (device.cpp:550)
2026-08-29 09:20:14.753 | info     |           Metal | Fabric initialized on Device 15 (device.cpp:550)
2026-08-29 09:20:14.823 | info     |           Metal | Fabric initialized on Device 16 (device.cpp:550)
2026-08-29 09:20:14.825 | info     |           Metal | Fabric initialized on Device 17 (device.cpp:550)
2026-08-29 09:20:14.826 | info     |           Metal | Fabric initialized on Device 18 (device.cpp:550)
2026-08-29 09:20:14.827 | info     |           Metal | Fabric initialized on Device 19 (device.cpp:550)
2026-08-29 09:20:14.828 | info     |           Metal | Fabric initialized on Device 20 (device.cpp:550)
2026-08-29 09:20:14.829 | info     |           Metal | Fabric initialized on Device 21 (device.cpp:550)
2026-08-29 09:20:14.830 | info     |           Metal | Fabric initialized on Device 22 (device.cpp:550)
2026-08-29 09:20:14.831 | info     |           Metal | Fabric initialized on Device 23 (device.cpp:550)
2026-08-29 09:20:14.832 | info     |           Metal | Fabric initialized on Device 24 (device.cpp:550)
2026-08-29 09:20:14.834 | info     |           Metal | Fabric initialized on Device 25 (device.cpp:550)
2026-08-29 09:20:14.835 | info     |           Metal | Fabric initialized on Device 26 (device.cpp:550)
2026-08-29 09:20:14.836 | info     |           Metal | Fabric initialized on Device 27 (device.cpp:550)
2026-08-29 09:20:14.837 | info     |           Metal | Fabric initialized on Device 28 (device.cpp:550)
2026-08-29 09:20:14.838 | info     |           Metal | Fabric initialized on Device 29 (device.cpp:550)
2026-08-29 09:20:14.839 | info     |           Metal | Fabric initialized on Device 30 (device.cpp:550)
2026-08-29 09:20:14.840 | info     |           Metal | Fabric initialized on Device 31 (device.cpp:550)
2026-08-29 09:20:14.840 | info     |           Metal | Fabric initialized on 32 devices (fabric_firmware_initializer.cpp:444)
2026-08-29 09:20:14.840 | info     |           Metal | Fabric Initialized with config FabricConfig::FABRIC_1D_RING (fabric_firmware_initializer.cpp:313)
2026-08-29 09:20:15.962 | info     |           Metal | [Real-time profiler] Device 28 sync complete: 100 samples, frequency=0.985499 GHz, device_time_at_sync=2278467664316 cycles (realtime_profiler_manager.cpp:1398)
2026-08-29 09:20:15.962 | info     |           Metal | [Real-time profiler] Device 24 sync complete: 100 samples, frequency=0.985500 GHz, device_time_at_sync=2281199749310 cycles (realtime_profiler_manager.cpp:1398)
2026-08-29 09:20:15.962 | info     |           Metal | [Real-time profiler] Device 16 sync complete: 100 samples, frequency=0.985505 GHz, device_time_at_sync=2286732257448 cycles (realtime_profiler_manager.cpp:1398)
2026-08-29 09:20:15.962 | info     |           Metal | [Real-time profiler] Device 17 sync complete: 100 samples, frequency=0.985503 GHz, device_time_at_sync=2286016302694 cycles (realtime_profiler_manager.cpp:1398)
2026-08-29 09:20:15.962 | info     |           Metal | [Real-time profiler] Device 29 sync complete: 100 samples, frequency=0.985499 GHz, device_time_at_sync=2275759294687 cycles (realtime_profiler_manager.cpp:1398)
2026-08-29 09:20:15.962 | info     |           Metal | [Real-time profiler] Device 20 sync complete: 100 samples, frequency=0.985505 GHz, device_time_at_sync=2283943311104 cycles (realtime_profiler_manager.cpp:1398)
2026-08-29 09:20:15.962 | info     |           Metal | [Real-time profiler] Device 21 sync complete: 100 samples, frequency=0.985503 GHz, device_time_at_sync=2281212775399 cycles (realtime_profiler_manager.cpp:1398)
2026-08-29 09:20:15.963 | info     |           Metal | [Real-time profiler] Device 25 sync complete: 100 samples, frequency=0.985500 GHz, device_time_at_sync=2280515262813 cycles (realtime_profiler_manager.cpp:1398)
2026-08-29 09:20:15.963 | info     |           Metal | [Real-time profiler] Device 15 sync complete: 100 samples, frequency=0.985499 GHz, device_time_at_sync=2285462617093 cycles (realtime_profiler_manager.cpp:1398)
2026-08-29 09:20:15.963 | info     |           Metal | [Real-time profiler] Device 27 sync complete: 100 samples, frequency=0.985502 GHz, device_time_at_sync=2279114450865 cycles (realtime_profiler_manager.cpp:1398)
2026-08-29 09:20:15.963 | info     |           Metal | [Real-time profiler] Device 26 sync complete: 100 samples, frequency=0.985500 GHz, device_time_at_sync=2279840239883 cycles (realtime_profiler_manager.cpp:1398)
2026-08-29 09:20:15.963 | info     |           Metal | [Real-time profiler] Device 22 sync complete: 100 samples, frequency=0.985507 GHz, device_time_at_sync=2280522790832 cycles (realtime_profiler_manager.cpp:1398)
2026-08-29 09:20:15.963 | info     |           Metal | [Real-time profiler] Device 2 sync complete: 100 samples, frequency=0.985506 GHz, device_time_at_sync=2296382256714 cycles (realtime_profiler_manager.cpp:1398)
2026-08-29 09:20:15.963 | info     |           Metal | [Real-time profiler] Device 7 sync complete: 100 samples, frequency=0.985506 GHz, device_time_at_sync=2290937608012 cycles (realtime_profiler_manager.cpp:1398)
2026-08-29 09:20:15.963 | info     |           Metal | [Real-time profiler] Device 3 sync complete: 100 samples, frequency=0.985505 GHz, device_time_at_sync=2295663817660 cycles (realtime_profiler_manager.cpp:1398)
2026-08-29 09:20:15.963 | info     |           Metal | [Real-time profiler] Device 30 sync complete: 100 samples, frequency=0.985501 GHz, device_time_at_sync=2275072922310 cycles (realtime_profiler_manager.cpp:1398)
2026-08-29 09:20:15.963 | info     |           Metal | [Real-time profiler] Device 23 sync complete: 100 samples, frequency=0.985504 GHz, device_time_at_sync=2279849571331 cycles (realtime_profiler_manager.cpp:1398)
2026-08-29 09:20:15.963 | info     |           Metal | [Real-time profiler] Device 18 sync complete: 100 samples, frequency=0.985505 GHz, device_time_at_sync=2285293059528 cycles (realtime_profiler_manager.cpp:1398)
2026-08-29 09:20:15.963 | info     |           Metal | [Real-time profiler] Device 11 sync complete: 100 samples, frequency=0.985499 GHz, device_time_at_sync=2290148479027 cycles (realtime_profiler_manager.cpp:1398)
2026-08-29 09:20:15.963 | info     |           Metal | [Real-time profiler] Device 14 sync complete: 100 samples, frequency=0.985498 GHz, device_time_at_sync=2286186132452 cycles (realtime_profiler_manager.cpp:1398)
2026-08-29 09:20:15.963 | info     |           Metal | [Real-time profiler] Device 6 sync complete: 100 samples, frequency=0.985505 GHz, device_time_at_sync=2291650836068 cycles (realtime_profiler_manager.cpp:1398)
2026-08-29 09:20:15.963 | info     |           Metal | [Real-time profiler] Device 10 sync complete: 100 samples, frequency=0.985500 GHz, device_time_at_sync=2290854424992 cycles (realtime_profiler_manager.cpp:1398)
2026-08-29 09:20:15.963 | info     |           Metal | [Real-time profiler] Device 19 sync complete: 100 samples, frequency=0.985506 GHz, device_time_at_sync=2284602553803 cycles (realtime_profiler_manager.cpp:1398)
2026-08-29 09:20:15.963 | info     |           Metal | [Real-time profiler] Device 31 sync complete: 100 samples, frequency=0.985500 GHz, device_time_at_sync=2274386350313 cycles (realtime_profiler_manager.cpp:1398)
2026-08-29 09:20:15.964 | info     |           Metal | [Real-time profiler] Device 4 sync complete: 100 samples, frequency=0.985505 GHz, device_time_at_sync=2294957380372 cycles (realtime_profiler_manager.cpp:1398)
2026-08-29 09:20:15.964 | info     |           Metal | [Real-time profiler] Device 5 sync complete: 100 samples, frequency=0.985505 GHz, device_time_at_sync=2292291877174 cycles (realtime_profiler_manager.cpp:1398)
2026-08-29 09:20:15.964 | info     |           Metal | [Real-time profiler] Device 0 sync complete: 100 samples, frequency=0.985504 GHz, device_time_at_sync=2297742086386 cycles (realtime_profiler_manager.cpp:1398)
2026-08-29 09:20:15.964 | info     |           Metal | [Real-time profiler] Device 1 sync complete: 100 samples, frequency=0.985504 GHz, device_time_at_sync=2297058969404 cycles (realtime_profiler_manager.cpp:1398)
2026-08-29 09:20:15.964 | info     |           Metal | [Real-time profiler] Device 13 sync complete: 100 samples, frequency=0.985500 GHz, device_time_at_sync=2286766751285 cycles (realtime_profiler_manager.cpp:1398)
2026-08-29 09:20:15.964 | info     |           Metal | [Real-time profiler] Device 8 sync complete: 100 samples, frequency=0.985498 GHz, device_time_at_sync=2292197195905 cycles (realtime_profiler_manager.cpp:1398)
2026-08-29 09:20:15.964 | info     |           Metal | [Real-time profiler] Device 12 sync complete: 100 samples, frequency=0.985500 GHz, device_time_at_sync=2289455244844 cycles (realtime_profiler_manager.cpp:1398)
2026-08-29 09:20:15.964 | info     |           Metal | [Real-time profiler] Device 9 sync complete: 100 samples, frequency=0.985499 GHz, device_time_at_sync=2291543845538 cycles (realtime_profiler_manager.cpp:1398)
2026-08-29 09:20:16.278 | DEBUG    | conftest:mesh_device:630 - multidevice with 32 devices is created
2026-08-29 09:20:16.320 | INFO     | models.demos.llama3_70b_galaxy.demo.text_demo:test_demo_text:946 - The decode generation will only stop at the max_generated_tokens limit == 128
2026-08-29 09:20:16.320 | INFO     | models.demos.llama3_70b_galaxy.demo.text_demo:test_demo_text:957 - Start profiler
2026-08-29 09:20:16.320 | INFO     | models.demos.llama3_70b_galaxy.demo.text_demo:test_demo_text:961 - Reading inputs...
2026-08-29 09:20:16.324 | INFO     | models.demos.llama3_70b_galaxy.demo.text_demo:test_demo_text:987 - Attempting to load expected outputs from: models/demos/llama3_70b_galaxy/demo/outputs_batch_1.json
2026-08-29 09:20:16.325 | INFO     | models.demos.llama3_70b_galaxy.demo.text_demo:test_demo_text:1000 - Successfully loaded 1 expected string outputs from models/demos/llama3_70b_galaxy/demo/outputs_batch_1.json
2026-08-29 09:20:16.352 | INFO     | models.demos.llama3_70b_galaxy.tt.model_config:__init__:543 - Checkpoint directory: /localdev/ctr-apbernal/tttv1_ckpt/Llama-3.3-70B-Instruct
2026-08-29 09:20:16.352 | INFO     | models.demos.llama3_70b_galaxy.tt.model_config:__init__:544 - Tokenizer file: /localdev/ctr-apbernal/tttv1_ckpt/Llama-3.3-70B-Instruct/tokenizer.model
2026-08-29 09:20:16.352 | INFO     | models.demos.llama3_70b_galaxy.tt.model_config:__init__:545 - Cache directory: /proj_sw/user_dev/ctr-apbernal/tt-metal/model_cache/meta-llama/Llama-3.3-70B-Instruct/TG
2026-08-29 09:20:17.321 | INFO     | models.demos.llama3_70b_galaxy.tt.load_checkpoints:load_sharded_checkpoints_optimized:159 - Loading 8 checkpoint files
  0%|          | 0/8 [00:00<?, ?it/s] 12%|█▎        | 1/8 [04:10<29:13, 250.56s/it] 62%|██████▎   | 5/8 [04:10<01:52, 37.35s/it] 100%|██████████| 8/8 [04:10<00:00, 31.34s/it]
2026-08-29 09:24:48.152 | INFO     | models.demos.llama3_70b_galaxy.tt.load_checkpoints:load_sharded_checkpoints_optimized:196 - Loaded and merged in 270.83s
2026-08-29 09:25:05.066 | DEBUG    | core:as_tensor:724 - Loaded cache for /proj_sw/user_dev/ctr-apbernal/tt-metal/model_cache/meta-llama/Llama-3.3-70B-Instruct/TG/tensor_cache_instruct_bfp8/tok_embeddings.weight_dtype_BFLOAT16_layout_ROW_MAJOR.tensorbin of shape Shape([1, 1, 128256, 2048])
2026-08-29 09:25:05.457 | info     |           Metal | Finalize dfb: dfb_offset == base_offset: 80, dfb size: 32, return value: 112 (dataflow_buffer.cpp:1656)
2026-08-29 09:25:05.457 | info     |           Metal | Finalize dfb: dfb_offset == base_offset: 0, dfb size: 0, return value: 0 (dataflow_buffer.cpp:1656)
2026-08-29 09:25:05.457 | info     |           Metal | Finalize dfb: dfb_offset == base_offset: 0, dfb size: 0, return value: 0 (dataflow_buffer.cpp:1656)
2026-08-29 09:25:05.695 | warning  |              Op | ttnn::tilize: Using input shard spec for output tensor because the legacy sharded optimized program factory is being used (tilize_device_operation.cpp:247)
2026-08-29 09:25:05.945 | info     |           Metal | Finalize dfb: dfb_offset == base_offset: 80, dfb size: 32, return value: 112 (dataflow_buffer.cpp:1656)
2026-08-29 09:25:05.945 | info     |           Metal | Finalize dfb: dfb_offset == base_offset: 0, dfb size: 0, return value: 0 (dataflow_buffer.cpp:1656)
2026-08-29 09:25:05.945 | info     |           Metal | Finalize dfb: dfb_offset == base_offset: 0, dfb size: 0, return value: 0 (dataflow_buffer.cpp:1656)
2026-08-29 09:25:05.957 | INFO     | models.demos.llama3_70b_galaxy.tt.prefetcher_common:__init__:33 - Running TtLlamaPrefetcherSetup
  0%|          | 0/80 [00:00<?, ?it/s]2026-08-29 09:25:07.670 | DEBUG    | core:as_tensor:724 - Loaded cache for /proj_sw/user_dev/ctr-apbernal/tt-metal/model_cache/meta-llama/Llama-3.3-70B-Instruct/TG/tensor_cache_instruct_bfp8/layers.0.attention.wqkv_sharded_2d_prefetcher_dtype_BFLOAT8_B_layout_TILE.tensorbin of shape Shape([1, 1, 2048, 1280])
2026-08-29 09:25:08.066 | DEBUG    | core:as_tensor:724 - Loaded cache for /proj_sw/user_dev/ctr-apbernal/tt-metal/model_cache/meta-llama/Llama-3.3-70B-Instruct/TG/tensor_cache_instruct_bfp8/layers.0.attention.wqkv_sharded_2d_dram_dtype_BFLOAT8_B_layout_TILE.tensorbin of shape Shape([1, 1, 2048, 1280])
2026-08-29 09:25:08.406 | DEBUG    | core:as_tensor:724 - Loaded cache for /proj_sw/user_dev/ctr-apbernal/tt-metal/model_cache/meta-llama/Llama-3.3-70B-Instruct/TG/tensor_cache_instruct_bfp8/layers.0.attention.wo_width_sharded_2d_prefetcher_dtype_BFLOAT8_B_layout_TILE.tensorbin of shape Shape([1, 1, 1024, 2048])
2026-08-29 09:25:08.711 | DEBUG    | core:as_tensor:724 - Loaded cache for /proj_sw/user_dev/ctr-apbernal/tt-metal/model_cache/meta-llama/Llama-3.3-70B-Instruct/TG/tensor_cache_instruct_bfp8/layers.0.attention.wo_width_sharded_2d_dram_dtype_BFLOAT8_B_layout_TILE.tensorbin of shape Shape([1, 1, 1024, 2048])
2026-08-29 09:25:09.094 | DEBUG    | core:as_tensor:724 - Loaded cache for /proj_sw/user_dev/ctr-apbernal/tt-metal/model_cache/meta-llama/Llama-3.3-70B-Instruct/TG/tensor_cache_instruct_bfp8/layers.0.attention.wo_col_sharded_dram_dtype_BFLOAT8_B_layout_TILE.tensorbin of shape Shape([1, 1, 8192, 2048])
2026-08-29 09:25:09.140 | DEBUG    | core:as_tensor:724 - Loaded cache for /proj_sw/user_dev/ctr-apbernal/tt-metal/model_cache/meta-llama/Llama-3.3-70B-Instruct/TG/tensor_cache_instruct_bfp8/kvcache_torch.Size([2048, 1, 64, 128])_dtype_BFLOAT8_B_layout_TILE.tensorbin of shape Shape([2048, 1, 64, 128])
2026-08-29 09:25:09.150 | DEBUG    | core:as_tensor:724 - Loaded cache for /proj_sw/user_dev/ctr-apbernal/tt-metal/model_cache/meta-llama/Llama-3.3-70B-Instruct/TG/tensor_cache_instruct_bfp8/kvcache_torch.Size([2048, 1, 64, 128])_dtype_BFLOAT8_B_layout_TILE.tensorbin of shape Shape([2048, 1, 64, 128])
2026-08-29 09:25:09.486 | DEBUG    | core:as_tensor:724 - Loaded cache for /proj_sw/user_dev/ctr-apbernal/tt-metal/model_cache/meta-llama/Llama-3.3-70B-Instruct/TG/tensor_cache_instruct_bfp8/layers.0.feed_forward.w1_shardedprefetcher_dtype_BFLOAT4_B_layout_TILE.tensorbin of shape Shape([1, 1, 2048, 3584])
2026-08-29 09:25:09.996 | DEBUG    | core:as_tensor:724 - Loaded cache for /proj_sw/user_dev/ctr-apbernal/tt-metal/model_cache/meta-llama/Llama-3.3-70B-Instruct/TG/tensor_cache_instruct_bfp8/layers.0.feed_forward.w2_shardedprefetcher_dtype_BFLOAT8_B_layout_TILE.tensorbin of shape Shape([1, 1, 3584, 2048])
2026-08-29 09:25:10.394 | DEBUG    | core:as_tensor:724 - Loaded cache for /proj_sw/user_dev/ctr-apbernal/tt-metal/model_cache/meta-llama/Llama-3.3-70B-Instruct/TG/tensor_cache_instruct_bfp8/layers.0.feed_forward.w3_shardedprefetcher_dtype_BFLOAT4_B_layout_TILE.tensorbin of shape Shape([1, 1, 2048, 3584])
2026-08-29 09:25:10.716 | DEBUG    | core:as_tensor:724 - Loaded cache for /proj_sw/user_dev/ctr-apbernal/tt-metal/model_cache/meta-llama/Llama-3.3-70B-Instruct/TG/tensor_cache_instruct_bfp8/layers.0.feed_forward.w1_interleavedprefetcher_dtype_BFLOAT4_B_layout_TILE.tensorbin of shape Shape([1, 1, 2048, 3584])
2026-08-29 09:25:11.228 | DEBUG    | core:as_tensor:724 - Loaded cache for /proj_sw/user_dev/ctr-apbernal/tt-metal/model_cache/meta-llama/Llama-3.3-70B-Instruct/TG/tensor_cache_instruct_bfp8/layers.0.feed_forward.w2_interleavedprefetcher_dtype_BFLOAT8_B_layout_TILE.tensorbin of shape Shape([1, 1, 3584, 2048])
2026-08-29 09:25:11.529 | DEBUG    | core:as_tensor:724 - Loaded cache for /proj_sw/user_dev/ctr-apbernal/tt-metal/model_cache/meta-llama/Llama-3.3-70B-Instruct/TG/tensor_cache_instruct_bfp8/layers.0.feed_forward.w3_interleavedprefetcher_dtype_BFLOAT4_B_layout_TILE.tensorbin of shape Shape([1, 1, 2048, 3584])
2026-08-29 09:25:11.532 | DEBUG    | core:as_tensor:724 - Loaded cache for /proj_sw/user_dev/ctr-apbernal/tt-metal/model_cache/meta-llama/Llama-3.3-70B-Instruct/TG/tensor_cache_instruct_bfp8/layers.0.attention_norm.weight_dtype_BFLOAT16_layout_ROW_MAJOR.tensorbin of shape Shape([1, 1, 256, 32])
2026-08-29 09:25:11.534 | DEBUG    | core:as_tensor:724 - Loaded cache for /proj_sw/user_dev/ctr-apbernal/tt-metal/model_cache/meta-llama/Llama-3.3-70B-Instruct/TG/tensor_cache_instruct_bfp8/layers.0.attention_norm.weight_distributed_dtype_BFLOAT16_layout_ROW_MAJOR.tensorbin of shape Shape([1, 1, 64, 32])
2026-08-29 09:25:11.536 | DEBUG    | core:as_tensor:724 - Loaded cache for /proj_sw/user_dev/ctr-apbernal/tt-metal/model_cache/meta-llama/Llama-3.3-70B-Instruct/TG/tensor_cache_instruct_bfp8/layers.0.ffn_norm.weight_dtype_BFLOAT16_layout_ROW_MAJOR.tensorbin of shape Shape([1, 1, 256, 32])
2026-08-29 09:25:11.538 | DEBUG    | core:as_tensor:724 - Loaded cache for /proj_sw/user_dev/ctr-apbernal/tt-metal/model_cache/meta-llama/Llama-3.3-70B-Instruct/TG/tensor_cache_instruct_bfp8/layers.0.ffn_norm.weight_distributed_dtype_BFLOAT16_layout_ROW_MAJOR.tensorbin of shape Shape([1, 1, 64, 32])
  1%|▏         | 1/80 [00:04<05:27,  4.14s/it]2026-08-29 09:25:11.817 | DEBUG    | core:as_tensor:724 - Loaded cache for /proj_sw/user_dev/ctr-apbernal/tt-metal/model_cache/meta-llama/Llama-3.3-70B-Instruct/TG/tensor_cache_instruct_bfp8/layers.1.attention.wqkv_sharded_2d_prefetcher_dtype_BFLOAT8_B_layout_TILE.tensorbin of shape Shape([1, 1, 2048, 1280])
2026-08-29 09:25:12.141 | DEBUG    | core:as_tensor:724 - Loaded cache for /proj_sw/user_dev/ctr-apbernal/tt-metal/model_cache/meta-llama/Llama-3.3-70B-Instruct/TG/tensor_cache_instruct_bfp8/layers.1.attention.wqkv_sharded_2d_dram_dtype_BFLOAT8_B_layout_TILE.tensorbin of shape Shape([1, 1, 2048, 1280])
2026-08-29 09:25:12.507 | DEBUG    | core:as_tensor:724 - Loaded cache for /proj_sw/user_dev/ctr-apbernal/tt-metal/model_cache/meta-llama/Llama-3.3-70B-Instruct/TG/tensor_cache_instruct_bfp8/layers.1.attention.wo_width_sharded_2d_prefetcher_dtype_BFLOAT8_B_layout_TILE.tensorbin of shape Shape([1, 1, 1024, 2048])
2026-08-29 09:25:12.801 | DEBUG    | core:as_tensor:724 - Loaded cache for /proj_sw/user_dev/ctr-apbernal/tt-metal/model_cache/meta-llama/Llama-3.3-70B-Instruct/TG/tensor_cache_instruct_bfp8/layers.1.attention.wo_width_sharded_2d_dram_dtype_BFLOAT8_B_layout_TILE.tensorbin of shape Shape([1, 1, 1024, 2048])
2026-08-29 09:25:13.054 | DEBUG    | core:as_tensor:724 - Loaded cache for /proj_sw/user_dev/ctr-apbernal/tt-metal/model_cache/meta-llama/Llama-3.3-70B-Instruct/TG/tensor_cache_instruct_bfp8/layers.1.attention.wo_col_sharded_dram_dtype_BFLOAT8_B_layout_TILE.tensorbin of shape Shape([1, 1, 8192, 2048])
2026-08-29 09:25:13.070 | DEBUG    | core:as_tensor:724 - Loaded cache for /proj_sw/user_dev/ctr-apbernal/tt-metal/model_cache/meta-llama/Llama-3.3-70B-Instruct/TG/tensor_cache_instruct_bfp8/kvcache_torch.Size([2048, 1, 64, 128])_dtype_BFLOAT8_B_layout_TILE.tensorbin of shape Shape([2048, 1, 64, 128])
2026-08-29 09:25:13.078 | DEBUG    | core:as_tensor:724 - Loaded cache for /proj_sw/user_dev/ctr-apbernal/tt-metal/model_cache/meta-llama/Llama-3.3-70B-Instruct/TG/tensor_cache_instruct_bfp8/kvcache_torch.Size([2048, 1, 64, 128])_dtype_BFLOAT8_B_layout_TILE.tensorbin of shape Shape([2048, 1, 64, 128])
2026-08-29 09:25:13.389 | DEBUG    | core:as_tensor:724 - Loaded cache for /proj_sw/user_dev/ctr-apbernal/tt-metal/model_cache/meta-llama/Llama-3.3-70B-Instruct/TG/tensor_cache_instruct_bfp8/layers.1.feed_forward.w1_shardedprefetcher_dtype_BFLOAT4_B_layout_TILE.tensorbin of shape Shape([1, 1, 2048, 3584])
2026-08-29 09:25:13.898 | DEBUG    | core:as_tensor:724 - Loaded cache for /proj_sw/user_dev/ctr-apbernal/tt-metal/model_cache/meta-llama/Llama-3.3-70B-Instruct/TG/tensor_cache_instruct_bfp8/layers.1.feed_forward.w2_shardedprefetcher_dtype_BFLOAT8_B_layout_TILE.tensorbin of shape Shape([1, 1, 3584, 2048])
2026-08-29 09:25:14.454 | DEBUG    | core:as_tensor:724 - Loaded cache for /proj_sw/user_dev/ctr-apbernal/tt-metal/model_cache/meta-llama/Llama-3.3-70B-Instruct/TG/tensor_cache_instruct_bfp8/layers.1.feed_forward.w3_shardedprefetcher_dtype_BFLOAT4_B_layout_TILE.tensorbin of shape Shape([1, 1, 2048, 3584])
2026-08-29 09:25:14.751 | DEBUG    | core:as_tensor:724 - Loaded cache for /proj_sw/user_dev/ctr-apbernal/tt-metal/model_cache/meta-llama/Llama-3.3-70B-Instruct/TG/tensor_cache_instruct_bfp8/layers.1.feed_forward.w1_interleavedprefetcher_dtype_BFLOAT4_B_layout_TILE.tensorbin of shape Shape([1, 1, 2048, 3584])
2026-08-29 09:25:15.262 | DEBUG    | core:as_tensor:724 - Loaded cache for /proj_sw/user_dev/ctr-apbernal/tt-metal/model_cache/meta-llama/Llama-3.3-70B-Instruct/TG/tensor_cache_instruct_bfp8/layers.1.feed_forward.w2_interleavedprefetcher_dtype_BFLOAT8_B_layout_TILE.tensorbin of shape Shape([1, 1, 3584, 2048])
2026-08-29 09:25:15.669 | DEBUG    | core:as_tensor:724 - Loaded cache for /proj_sw/user_dev/ctr-apbernal/tt-metal/model_cache/meta-llama/Llama-3.3-70B-Instruct/TG/tensor_cache_instruct_bfp8/layers.1.feed_forward.w3_interleavedprefetcher_dtype_BFLOAT4_B_layout_TILE.tensorbin of shape Shape([1, 1, 2048, 3584])
2026-08-29 09:25:15.673 | DEBUG    | core:as_tensor:724 - Loaded cache for /proj_sw/user_dev/ctr-apbernal/tt-metal/model_cache/meta-llama/Llama-3.3-70B-Instruct/TG/tensor_cache_instruct_bfp8/layers.1.attention_norm.weight_dtype_BFLOAT16_layout_ROW_MAJOR.tensorbin of shape Shape([1, 1, 256, 32])
2026-08-29 09:25:15.675 | DEBUG    | core:as_tensor:724 - Loaded cache for /proj_sw/user_dev/ctr-apbernal/tt-metal/model_cache/meta-llama/Llama-3.3-70B-Instruct/TG/tensor_cache_instruct_bfp8/layers.1.attention_norm.weight_distributed_dtype_BFLOAT16_layout_ROW_MAJOR.tensorbin of shape Shape([1, 1, 64, 32])
2026-08-29 09:25:15.678 | DEBUG    | core:as_tensor:724 - Loaded cache for /proj_sw/user_dev/ctr-apbernal/tt-metal/model_cache/meta-llama/Llama-3.3-70B-Instruct/TG/tensor_cache_instruct_bfp8/layers.1.ffn_norm.weight_dtype_BFLOAT16_layout_ROW_MAJOR.tensorbin of shape Shape([1, 1, 256, 32])
2026-08-29 09:25:15.680 | DEBUG    | core:as_tensor:724 - Loaded cache for /proj_sw/user_dev/ctr-apbernal/tt-metal/model_cache/meta-llama/Llama-3.3-70B-Instruct/TG/tensor_cache_instruct_bfp8/layers.1.ffn_norm.weight_distributed_dtype_BFLOAT16_layout_ROW_MAJOR.tensorbin of shape Shape([1, 1, 64, 32])
  2%|▎         | 2/80 [00:08<05:22,  4.14s/it]2026-08-29 09:25:15.933 | DEBUG    | core:as_tensor:724 - Loaded cache for /proj_sw/user_dev/ctr-apbernal/tt-metal/model_cache/meta-llama/Llama-3.3-70B-Instruct/TG/tensor_cache_instruct_bfp8/layers.2.attention.wqkv_sharded_2d_prefetcher_dtype_BFLOAT8_B_layout_TILE.tensorbin of shape Shape([1, 1, 2048, 1280])
2026-08-29 09:25:16.319 | DEBUG    | core:as_tensor:724 - Loaded cache for /proj_sw/user_dev/ctr-apbernal/tt-metal/model_cache/meta-llama/Llama-3.3-70B-Instruct/TG/tensor_cache_instruct_bfp8/layers.2.attention.wqkv_sharded_2d_dram_dtype_BFLOAT8_B_layout_TILE.tensorbin of shape Shape([1, 1, 2048, 1280])
2026-08-29 09:25:16.612 | DEBUG    | core:as_tensor:724 - Loaded cache for /proj_sw/user_dev/ctr-apbernal/tt-metal/model_cache/meta-llama/Llama-3.3-70B-Instruct/TG/tensor_cache_instruct_bfp8/layers.2.attention.wo_width_sharded_2d_prefetcher_dtype_BFLOAT8_B_layout_TILE.tensorbin of shape Shape([1, 1, 1024, 2048])
2026-08-29 09:25:16.865 | DEBUG    | core:as_tensor:724 - Loaded cache for /proj_sw/user_dev/ctr-apbernal/tt-metal/model_cache/meta-llama/Llama-3.3-70B-Instruct/TG/tensor_cache_instruct_bfp8/layers.2.attention.wo_width_sharded_2d_dram_dtype_BFLOAT8_B_layout_TILE.tensorbin of shape Shape([1, 1, 1024, 2048])
2026-08-29 09:25:17.252 | DEBUG    | core:as_tensor:724 - Loaded cache for /proj_sw/user_dev/ctr-apbernal/tt-metal/model_cache/meta-llama/Llama-3.3-70B-Instruct/TG/tensor_cache_instruct_bfp8/layers.2.attention.wo_col_sharded_dram_dtype_BFLOAT8_B_layout_TILE.tensorbin of shape Shape([1, 1, 8192, 2048])
2026-08-29 09:25:17.267 | DEBUG    | core:as_tensor:724 - Loaded cache for /proj_sw/user_dev/ctr-apbernal/tt-metal/model_cache/meta-llama/Llama-3.3-70B-Instruct/TG/tensor_cache_instruct_bfp8/kvcache_torch.Size([2048, 1, 64, 128])_dtype_BFLOAT8_B_layout_TILE.tensorbin of shape Shape([2048, 1, 64, 128])
2026-08-29 09:25:17.275 | DEBUG    | core:as_tensor:724 - Loaded cache for /proj_sw/user_dev/ctr-apbernal/tt-metal/model_cache/meta-llama/Llama-3.3-70B-Instruct/TG/tensor_cache_instruct_bfp8/kvcache_torch.Size([2048, 1, 64, 128])_dtype_BFLOAT8_B_layout_TILE.tensorbin of shape Shape([2048, 1, 64, 128])
2026-08-29 09:25:17.629 | DEBUG    | core:as_tensor:724 - Loaded cache for /proj_sw/user_dev/ctr-apbernal/tt-metal/model_cache/meta-llama/Llama-3.3-70B-Instruct/TG/tensor_cache_instruct_bfp8/layers.2.feed_forward.w1_shardedprefetcher_dtype_BFLOAT4_B_layout_TILE.tensorbin of shape Shape([1, 1, 2048, 3584])
2026-08-29 09:25:18.145 | DEBUG    | core:as_tensor:724 - Loaded cache for /proj_sw/user_dev/ctr-apbernal/tt-metal/model_cache/meta-llama/Llama-3.3-70B-Instruct/TG/tensor_cache_instruct_bfp8/layers.2.feed_forward.w2_shardedprefetcher_dtype_BFLOAT8_B_layout_TILE.tensorbin of shape Shape([1, 1, 3584, 2048])
2026-08-29 09:25:18.441 | DEBUG    | core:as_tensor:724 - Loaded cache for /proj_sw/user_dev/ctr-apbernal/tt-metal/model_cache/meta-llama/Llama-3.3-70B-Instruct/TG/tensor_cache_instruct_bfp8/layers.2.feed_forward.w3_shardedprefetcher_dtype_BFLOAT4_B_layout_TILE.tensorbin of shape Shape([1, 1, 2048, 3584])
2026-08-29 09:25:18.724 | DEBUG    | core:as_tensor:724 - Loaded cache for /proj_sw/user_dev/ctr-apbernal/tt-metal/model_cache/meta-llama/Llama-3.3-70B-Instruct/TG/tensor_cache_instruct_bfp8/layers.2.feed_forward.w1_interleavedprefetcher_dtype_BFLOAT4_B_layout_TILE.tensorbin of shape Shape([1, 1, 2048, 3584])
2026-08-29 09:25:19.238 | DEBUG    | core:as_tensor:724 - Loaded cache for /proj_sw/user_dev/ctr-apbernal/tt-metal/model_cache/meta-llama/Llama-3.3-70B-Instruct/TG/tensor_cache_instruct_bfp8/layers.2.feed_forward.w2_interleavedprefetcher_dtype_BFLOAT8_B_layout_TILE.tensorbin of shape Shape([1, 1, 3584, 2048])
2026-08-29 09:25:19.538 | DEBUG    | core:as_tensor:724 - Loaded cache for /proj_sw/user_dev/ctr-apbernal/tt-metal/model_cache/meta-llama/Llama-3.3-70B-Instruct/TG/tensor_cache_instruct_bfp8/layers.2.feed_forward.w3_interleavedprefetcher_dtype_BFLOAT4_B_layout_TILE.tensorbin of shape Shape([1, 1, 2048, 3584])
2026-08-29 09:25:19.542 | DEBUG    | core:as_tensor:724 - Loaded cache for /proj_sw/user_dev/ctr-apbernal/tt-metal/model_cache/meta-llama/Llama-3.3-70B-Instruct/TG/tensor_cache_instruct_bfp8/layers.2.attention_norm.weight_dtype_BFLOAT16_layout_ROW_MAJOR.tensorbin of shape Shape([1, 1, 256, 32])
2026-08-29 09:25:19.544 | DEBUG    | core:as_tensor:724 - Loaded cache for /proj_sw/user_dev/ctr-apbernal/tt-metal/model_cache/meta-llama/Llama-3.3-70B-Instruct/TG/tensor_cache_instruct_bfp8/layers.2.attention_norm.weight_distributed_dtype_BFLOAT16_layout_ROW_MAJOR.tensorbin of shape Shape([1, 1, 64, 32])
2026-08-29 09:25:19.546 | DEBUG    | core:as_tensor:724 - Loaded cache for /proj_sw/user_dev/ctr-apbernal/tt-metal/model_cache/meta-llama/Llama-3.3-70B-Instruct/TG/tensor_cache_instruct_bfp8/layers.2.ffn_norm.weight_dtype_BFLOAT16_layout_ROW_MAJOR.tensorbin of shape Shape([1, 1, 256, 32])
2026-08-29 09:25:19.549 | DEBUG    | core:as_tensor:724 - Loaded cache for /proj_sw/user_dev/ctr-apbernal/tt-metal/model_cache/meta-llama/Llama-3.3-70B-Instruct/TG/tensor_cache_instruct_bfp8/layers.2.ffn_norm.weight_distributed_dtype_BFLOAT16_layout_ROW_MAJOR.tensorbin of shape Shape([1, 1, 64, 32])
  4%|▍         | 3/80 [00:12<05:09,  4.02s/it]2026-08-29 09:25:19.936 | DEBUG    | core:as_tensor:724 - Loaded cache for /proj_sw/user_dev/ctr-apbernal/tt-metal/model_cache/meta-llama/Llama-3.3-70B-Instruct/TG/tensor_cache_instruct_bfp8/layers.3.attention.wqkv_sharded_2d_prefetcher_dtype_BFLOAT8_B_layout_TILE.tensorbin of shape Shape([1, 1, 2048, 1280])
2026-08-29 09:25:20.199 | DEBUG    | core:as_tensor:724 - Loaded cache for /proj_sw/user_dev/ctr-apbernal/tt-metal/model_cache/meta-llama/Llama-3.3-70B-Instruct/TG/tensor_cache_instruct_bfp8/layers.3.attention.wqkv_sharded_2d_dram_dtype_BFLOAT8_B_layout_TILE.tensorbin of shape Shape([1, 1, 2048, 1280])
2026-08-29 09:25:20.532 | DEBUG    | core:as_tensor:724 - Loaded cache for /proj_sw/user_dev/ctr-apbernal/tt-metal/model_cache/meta-llama/Llama-3.3-70B-Instruct/TG/tensor_cache_instruct_bfp8/layers.3.attention.wo_width_sharded_2d_prefetcher_dtype_BFLOAT8_B_layout_TILE.tensorbin of shape Shape([1, 1, 1024, 2048])
2026-08-29 09:25:20.869 | DEBUG    | core:as_tensor:724 - Loaded cache for /proj_sw/user_dev/ctr-apbernal/tt-metal/model_cache/meta-llama/Llama-3.3-70B-Instruct/TG/tensor_cache_instruct_bfp8/layers.3.attention.wo_width_sharded_2d_dram_dtype_BFLOAT8_B_layout_TILE.tensorbin of shape Shape([1, 1, 1024, 2048])
2026-08-29 09:25:21.264 | DEBUG    | core:as_tensor:724 - Loaded cache for /proj_sw/user_dev/ctr-apbernal/tt-metal/model_cache/meta-llama/Llama-3.3-70B-Instruct/TG/tensor_cache_instruct_bfp8/layers.3.attention.wo_col_sharded_dram_dtype_BFLOAT8_B_layout_TILE.tensorbin of shape Shape([1, 1, 8192, 2048])
2026-08-29 09:25:21.281 | DEBUG    | core:as_tensor:724 - Loaded cache for /proj_sw/user_dev/ctr-apbernal/tt-metal/model_cache/meta-llama/Llama-3.3-70B-Instruct/TG/tensor_cache_instruct_bfp8/kvcache_torch.Size([2048, 1, 64, 128])_dtype_BFLOAT8_B_layout_TILE.tensorbin of shape Shape([2048, 1, 64, 128])
2026-08-29 09:25:21.289 | DEBUG    | core:as_tensor:724 - Loaded cache for /proj_sw/user_dev/ctr-apbernal/tt-metal/model_cache/meta-llama/Llama-3.3-70B-Instruct/TG/tensor_cache_instruct_bfp8/kvcache_torch.Size([2048, 1, 64, 128])_dtype_BFLOAT8_B_layout_TILE.tensorbin of shape Shape([2048, 1, 64, 128])
2026-08-29 09:25:21.595 | DEBUG    | core:as_tensor:724 - Loaded cache for /proj_sw/user_dev/ctr-apbernal/tt-metal/model_cache/meta-llama/Llama-3.3-70B-Instruct/TG/tensor_cache_instruct_bfp8/layers.3.feed_forward.w1_shardedprefetcher_dtype_BFLOAT4_B_layout_TILE.tensorbin of shape Shape([1, 1, 2048, 3584])
2026-08-29 09:25:22.105 | DEBUG    | core:as_tensor:724 - Loaded cache for /proj_sw/user_dev/ctr-apbernal/tt-metal/model_cache/meta-llama/Llama-3.3-70B-Instruct/TG/tensor_cache_instruct_bfp8/layers.3.feed_forward.w2_shardedprefetcher_dtype_BFLOAT8_B_layout_TILE.tensorbin of shape Shape([1, 1, 3584, 2048])
2026-08-29 09:25:22.412 | DEBUG    | core:as_tensor:724 - Loaded cache for /proj_sw/user_dev/ctr-apbernal/tt-metal/model_cache/meta-llama/Llama-3.3-70B-Instruct/TG/tensor_cache_instruct_bfp8/layers.3.feed_forward.w3_shardedprefetcher_dtype_BFLOAT4_B_layout_TILE.tensorbin of shape Shape([1, 1, 2048, 3584])
2026-08-29 09:25:22.707 | DEBUG    | core:as_tensor:724 - Loaded cache for /proj_sw/user_dev/ctr-apbernal/tt-metal/model_cache/meta-llama/Llama-3.3-70B-Instruct/TG/tensor_cache_instruct_bfp8/layers.3.feed_forward.w1_interleavedprefetcher_dtype_BFLOAT4_B_layout_TILE.tensorbin of shape Shape([1, 1, 2048, 3584])
2026-08-29 09:25:23.208 | DEBUG    | core:as_tensor:724 - Loaded cache for /proj_sw/user_dev/ctr-apbernal/tt-metal/model_cache/meta-llama/Llama-3.3-70B-Instruct/TG/tensor_cache_instruct_bfp8/layers.3.feed_forward.w2_interleavedprefetcher_dtype_BFLOAT8_B_layout_TILE.tensorbin of shape Shape([1, 1, 3584, 2048])
2026-08-29 09:25:23.720 | DEBUG    | core:as_tensor:724 - Loaded cache for /proj_sw/user_dev/ctr-apbernal/tt-metal/model_cache/meta-llama/Llama-3.3-70B-Instruct/TG/tensor_cache_instruct_bfp8/layers.3.feed_forward.w3_interleavedprefetcher_dtype_BFLOAT4_B_layout_TILE.tensorbin of shape Shape([1, 1, 2048, 3584])
2026-08-29 09:25:23.726 | DEBUG    | core:as_tensor:724 - Loaded cache for /proj_sw/user_dev/ctr-apbernal/tt-metal/model_cache/meta-llama/Llama-3.3-70B-Instruct/TG/tensor_cache_instruct_bfp8/layers.3.attention_norm.weight_dtype_BFLOAT16_layout_ROW_MAJOR.tensorbin of shape Shape([1, 1, 256, 32])
2026-08-29 09:25:23.730 | DEBUG    | core:as_tensor:724 - Loaded cache for /proj_sw/user_dev/ctr-apbernal/tt-metal/model_cache/meta-llama/Llama-3.3-70B-Instruct/TG/tensor_cache_instruct_bfp8/layers.3.attention_norm.weight_distributed_dtype_BFLOAT16_layout_ROW_MAJOR.tensorbin of shape Shape([1, 1, 64, 32])
2026-08-29 09:25:23.732 | DEBUG    | core:as_tensor:724 - Loaded cache for /proj_sw/user_dev/ctr-apbernal/tt-metal/model_cache/meta-llama/Llama-3.3-70B-Instruct/TG/tensor_cache_instruct_bfp8/layers.3.ffn_norm.weight_dtype_BFLOAT16_layout_ROW_MAJOR.tensorbin of shape Shape([1, 1, 256, 32])
2026-08-29 09:25:23.734 | DEBUG    | core:as_tensor:724 - Loaded cache for /proj_sw/user_dev/ctr-apbernal/tt-metal/model_cache/meta-llama/Llama-3.3-70B-Instruct/TG/tensor_cache_instruct_bfp8/layers.3.ffn_norm.weight_distributed_dtype_BFLOAT16_layout_ROW_MAJOR.tensorbin of shape Shape([1, 1, 64, 32])
  5%|▌         | 4/80 [00:16<05:10,  4.08s/it]2026-08-29 09:25:24.129 | DEBUG    | core:as_tensor:724 - Loaded cache for /proj_sw/user_dev/ctr-apbernal/tt-metal/model_cache/meta-llama/Llama-3.3-70B-Instruct/TG/tensor_cache_instruct_bfp8/layers.4.attention.wqkv_sharded_2d_prefetcher_dtype_BFLOAT8_B_layout_TILE.tensorbin of shape Shape([1, 1, 2048, 1280])
2026-08-29 09:25:24.497 | DEBUG    | core:as_tensor:724 - Loaded cache for /proj_sw/user_dev/ctr-apbernal/tt-metal/model_cache/meta-llama/Llama-3.3-70B-Instruct/TG/tensor_cache_instruct_bfp8/layers.4.attention.wqkv_sharded_2d_dram_dtype_BFLOAT8_B_layout_TILE.tensorbin of shape Shape([1, 1, 2048, 1280])
2026-08-29 09:25:24.839 | DEBUG    | core:as_tensor:724 - Loaded cache for /proj_sw/user_dev/ctr-apbernal/tt-metal/model_cache/meta-llama/Llama-3.3-70B-Instruct/TG/tensor_cache_instruct_bfp8/layers.4.attention.wo_width_sharded_2d_prefetcher_dtype_BFLOAT8_B_layout_TILE.tensorbin of shape Shape([1, 1, 1024, 2048])
2026-08-29 09:25:25.198 | DEBUG    | core:as_tensor:724 - Loaded cache for /proj_sw/user_dev/ctr-apbernal/tt-metal/model_cache/meta-llama/Llama-3.3-70B-Instruct/TG/tensor_cache_instruct_bfp8/layers.4.attention.wo_width_sharded_2d_dram_dtype_BFLOAT8_B_layout_TILE.tensorbin of shape Shape([1, 1, 1024, 2048])
2026-08-29 09:25:25.492 | DEBUG    | core:as_tensor:724 - Loaded cache for /proj_sw/user_dev/ctr-apbernal/tt-metal/model_cache/meta-llama/Llama-3.3-70B-Instruct/TG/tensor_cache_instruct_bfp8/layers.4.attention.wo_col_sharded_dram_dtype_BFLOAT8_B_layout_TILE.tensorbin of shape Shape([1, 1, 8192, 2048])
2026-08-29 09:25:25.506 | DEBUG    | core:as_tensor:724 - Loaded cache for /proj_sw/user_dev/ctr-apbernal/tt-metal/model_cache/meta-llama/Llama-3.3-70B-Instruct/TG/tensor_cache_instruct_bfp8/kvcache_torch.Size([2048, 1, 64, 128])_dtype_BFLOAT8_B_layout_TILE.tensorbin of shape Shape([2048, 1, 64, 128])
2026-08-29 09:25:25.515 | DEBUG    | core:as_tensor:724 - Loaded cache for /proj_sw/user_dev/ctr-apbernal/tt-metal/model_cache/meta-llama/Llama-3.3-70B-Instruct/TG/tensor_cache_instruct_bfp8/kvcache_torch.Size([2048, 1, 64, 128])_dtype_BFLOAT8_B_layout_TILE.tensorbin of shape Shape([2048, 1, 64, 128])
2026-08-29 09:25:25.816 | DEBUG    | core:as_tensor:724 - Loaded cache for /proj_sw/user_dev/ctr-apbernal/tt-metal/model_cache/meta-llama/Llama-3.3-70B-Instruct/TG/tensor_cache_instruct_bfp8/layers.4.feed_forward.w1_shardedprefetcher_dtype_BFLOAT4_B_layout_TILE.tensorbin of shape Shape([1, 1, 2048, 3584])
2026-08-29 09:25:26.333 | DEBUG    | core:as_tensor:724 - Loaded cache for /proj_sw/user_dev/ctr-apbernal/tt-metal/model_cache/meta-llama/Llama-3.3-70B-Instruct/TG/tensor_cache_instruct_bfp8/layers.4.feed_forward.w2_shardedprefetcher_dtype_BFLOAT8_B_layout_TILE.tensorbin of shape Shape([1, 1, 3584, 2048])
2026-08-29 09:25:26.852 | DEBUG    | core:as_tensor:724 - Loaded cache for /proj_sw/user_dev/ctr-apbernal/tt-metal/model_cache/meta-llama/Llama-3.3-70B-Instruct/TG/tensor_cache_instruct_bfp8/layers.4.feed_forward.w3_shardedprefetcher_dtype_BFLOAT4_B_layout_TILE.tensorbin of shape Shape([1, 1, 2048, 3584])
2026-08-29 09:25:27.141 | DEBUG    | core:as_tensor:724 - Loaded cache for /proj_sw/user_dev/ctr-apbernal/tt-metal/model_cache/meta-llama/Llama-3.3-70B-Instruct/TG/tensor_cache_instruct_bfp8/layers.4.feed_forward.w1_interleavedprefetcher_dtype_BFLOAT4_B_layout_TILE.tensorbin of shape Shape([1, 1, 2048, 3584])
2026-08-29 09:25:27.648 | DEBUG    | core:as_tensor:724 - Loaded cache for /proj_sw/user_dev/ctr-apbernal/tt-metal/model_cache/meta-llama/Llama-3.3-70B-Instruct/TG/tensor_cache_instruct_bfp8/layers.4.feed_forward.w2_interleavedprefetcher_dtype_BFLOAT8_B_layout_TILE.tensorbin of shape Shape([1, 1, 3584, 2048])
2026-08-29 09:25:28.166 | DEBUG    | core:as_tensor:724 - Loaded cache for /proj_sw/user_dev/ctr-apbernal/tt-metal/model_cache/meta-llama/Llama-3.3-70B-Instruct/TG/tensor_cache_instruct_bfp8/layers.4.feed_forward.w3_interleavedprefetcher_dtype_BFLOAT4_B_layout_TILE.tensorbin of shape Shape([1, 1, 2048, 3584])
2026-08-29 09:25:28.169 | DEBUG    | core:as_tensor:724 - Loaded cache for /proj_sw/user_dev/ctr-apbernal/tt-metal/model_cache/meta-llama/Llama-3.3-70B-Instruct/TG/tensor_cache_instruct_bfp8/layers.4.attention_norm.weight_dtype_BFLOAT16_layout_ROW_MAJOR.tensorbin of shape Shape([1, 1, 256, 32])
2026-08-29 09:25:28.172 | DEBUG    | core:as_tensor:724 - Loaded cache for /proj_sw/user_dev/ctr-apbernal/tt-metal/model_cache/meta-llama/Llama-3.3-70B-Instruct/TG/tensor_cache_instruct_bfp8/layers.4.attention_norm.weight_distributed_dtype_BFLOAT16_layout_ROW_MAJOR.tensorbin of shape Shape([1, 1, 64, 32])
2026-08-29 09:25:28.173 | DEBUG    | core:as_tensor:724 - Loaded cache for /proj_sw/user_dev/ctr-apbernal/tt-metal/model_cache/meta-llama/Llama-3.3-70B-Instruct/TG/tensor_cache_instruct_bfp8/layers.4.ffn_norm.weight_dtype_BFLOAT16_layout_ROW_MAJOR.tensorbin of shape Shape([1, 1, 256, 32])
2026-08-29 09:25:28.176 | DEBUG    | core:as_tensor:724 - Loaded cache for /proj_sw/user_dev/ctr-apbernal/tt-metal/model_cache/meta-llama/Llama-3.3-70B-Instruct/TG/tensor_cache_instruct_bfp8/layers.4.ffn_norm.weight_distributed_dtype_BFLOAT16_layout_ROW_MAJOR.tensorbin of shape Shape([1, 1, 64, 32])
  6%|▋         | 5/80 [00:20<05:15,  4.21s/it]2026-08-29 09:25:28.430 | DEBUG    | core:as_tensor:724 - Loaded cache for /proj_sw/user_dev/ctr-apbernal/tt-metal/model_cache/meta-llama/Llama-3.3-70B-Instruct/TG/tensor_cache_instruct_bfp8/layers.5.attention.wqkv_sharded_2d_prefetcher_dtype_BFLOAT8_B_layout_TILE.tensorbin of shape Shape([1, 1, 2048, 1280])
2026-08-29 09:25:28.791 | DEBUG    | core:as_tensor:724 - Loaded cache for /proj_sw/user_dev/ctr-apbernal/tt-metal/model_cache/meta-llama/Llama-3.3-70B-Instruct/TG/tensor_cache_instruct_bfp8/layers.5.attention.wqkv_sharded_2d_dram_dtype_BFLOAT8_B_layout_TILE.tensorbin of shape Shape([1, 1, 2048, 1280])
2026-08-29 09:25:29.117 | DEBUG    | core:as_tensor:724 - Loaded cache for /proj_sw/user_dev/ctr-apbernal/tt-metal/model_cache/meta-llama/Llama-3.3-70B-Instruct/TG/tensor_cache_instruct_bfp8/layers.5.attention.wo_width_sharded_2d_prefetcher_dtype_BFLOAT8_B_layout_TILE.tensorbin of shape Shape([1, 1, 1024, 2048])
2026-08-29 09:25:29.466 | DEBUG    | core:as_tensor:724 - Loaded cache for /proj_sw/user_dev/ctr-apbernal/tt-metal/model_cache/meta-llama/Llama-3.3-70B-Instruct/TG/tensor_cache_instruct_bfp8/layers.5.attention.wo_width_sharded_2d_dram_dtype_BFLOAT8_B_layout_TILE.tensorbin of shape Shape([1, 1, 1024, 2048])
2026-08-29 09:25:29.926 | DEBUG    | core:as_tensor:724 - Loaded cache for /proj_sw/user_dev/ctr-apbernal/tt-metal/model_cache/meta-llama/Llama-3.3-70B-Instruct/TG/tensor_cache_instruct_bfp8/layers.5.attention.wo_col_sharded_dram_dtype_BFLOAT8_B_layout_TILE.tensorbin of shape Shape([1, 1, 8192, 2048])
2026-08-29 09:25:29.944 | DEBUG    | core:as_tensor:724 - Loaded cache for /proj_sw/user_dev/ctr-apbernal/tt-metal/model_cache/meta-llama/Llama-3.3-70B-Instruct/TG/tensor_cache_instruct_bfp8/kvcache_torch.Size([2048, 1, 64, 128])_dtype_BFLOAT8_B_layout_TILE.tensorbin of shape Shape([2048, 1, 64, 128])
2026-08-29 09:25:29.952 | DEBUG    | core:as_tensor:724 - Loaded cache for /proj_sw/user_dev/ctr-apbernal/tt-metal/model_cache/meta-llama/Llama-3.3-70B-Instruct/TG/tensor_cache_instruct_bfp8/kvcache_torch.Size([2048, 1, 64, 128])_dtype_BFLOAT8_B_layout_TILE.tensorbin of shape Shape([2048, 1, 64, 128])
2026-08-29 09:25:30.272 | DEBUG    | core:as_tensor:724 - Loaded cache for /proj_sw/user_dev/ctr-apbernal/tt-metal/model_cache/meta-llama/Llama-3.3-70B-Instruct/TG/tensor_cache_instruct_bfp8/layers.5.feed_forward.w1_shardedprefetcher_dtype_BFLOAT4_B_layout_TILE.tensorbin of shape Shape([1, 1, 2048, 3584])
2026-08-29 09:25:30.769 | DEBUG    | core:as_tensor:724 - Loaded cache for /proj_sw/user_dev/ctr-apbernal/tt-metal/model_cache/meta-llama/Llama-3.3-70B-Instruct/TG/tensor_cache_instruct_bfp8/layers.5.feed_forward.w2_shardedprefetcher_dtype_BFLOAT8_B_layout_TILE.tensorbin of shape Shape([1, 1, 3584, 2048])
2026-08-29 09:25:31.078 | DEBUG    | core:as_tensor:724 - Loaded cache for /proj_sw/user_dev/ctr-apbernal/tt-metal/model_cache/meta-llama/Llama-3.3-70B-Instruct/TG/tensor_cache_instruct_bfp8/layers.5.feed_forward.w3_shardedprefetcher_dtype_BFLOAT4_B_layout_TILE.tensorbin of shape Shape([1, 1, 2048, 3584])
2026-08-29 09:25:31.596 | DEBUG    | core:as_tensor:724 - Loaded cache for /proj_sw/user_dev/ctr-apbernal/tt-metal/model_cache/meta-llama/Llama-3.3-70B-Instruct/TG/tensor_cache_instruct_bfp8/layers.5.feed_forward.w1_interleavedprefetcher_dtype_BFLOAT4_B_layout_TILE.tensorbin of shape Shape([1, 1, 2048, 3584])
2026-08-29 09:25:32.094 | DEBUG    | core:as_tensor:724 - Loaded cache for /proj_sw/user_dev/ctr-apbernal/tt-metal/model_cache/meta-llama/Llama-3.3-70B-Instruct/TG/tensor_cache_instruct_bfp8/layers.5.feed_forward.w2_interleavedprefetcher_dtype_BFLOAT8_B_layout_TILE.tensorbin of shape Shape([1, 1, 3584, 2048])
2026-08-29 09:25:32.387 | DEBUG    | core:as_tensor:724 - Loaded cache for /proj_sw/user_dev/ctr-apbernal/tt-metal/model_cache/meta-llama/Llama-3.3-70B-Instruct/TG/tensor_cache_instruct_bfp8/layers.5.feed_forward.w3_interleavedprefetcher_dtype_BFLOAT4_B_layout_TILE.tensorbin of shape Shape([1, 1, 2048, 3584])
2026-08-29 09:25:32.391 | DEBUG    | core:as_tensor:724 - Loaded cache for /proj_sw/user_dev/ctr-apbernal/tt-metal/model_cache/meta-llama/Llama-3.3-70B-Instruct/TG/tensor_cache_instruct_bfp8/layers.5.attention_norm.weight_dtype_BFLOAT16_layout_ROW_MAJOR.tensorbin of shape Shape([1, 1, 256, 32])
2026-08-29 09:25:32.393 | DEBUG    | core:as_tensor:724 - Loaded cache for /proj_sw/user_dev/ctr-apbernal/tt-metal/model_cache/meta-llama/Llama-3.3-70B-Instruct/TG/tensor_cache_instruct_bfp8/layers.5.attention_norm.weight_distributed_dtype_BFLOAT16_layout_ROW_MAJOR.tensorbin of shape Shape([1, 1, 64, 32])
2026-08-29 09:25:32.394 | DEBUG    | core:as_tensor:724 - Loaded cache for /proj_sw/user_dev/ctr-apbernal/tt-metal/model_cache/meta-llama/Llama-3.3-70B-Instruct/TG/tensor_cache_instruct_bfp8/layers.5.ffn_norm.weight_dtype_BFLOAT16_layout_ROW_MAJOR.tensorbin of shape Shape([1, 1, 256, 32])
2026-08-29 09:25:32.396 | DEBUG    | core:as_tensor:724 - Loaded cache for /proj_sw/user_dev/ctr-apbernal/tt-metal/model_cache/meta-llama/Llama-3.3-70B-Instruct/TG/tensor_cache_instruct_bfp8/layers.5.ffn_norm.weight_distributed_dtype_BFLOAT16_layout_ROW_MAJOR.tensorbin of shape Shape([1, 1, 64, 32])
  8%|▊         | 6/80 [00:24<05:11,  4.22s/it]2026-08-29 09:25:32.652 | DEBUG    | core:as_tensor:724 - Loaded cache for /proj_sw/user_dev/ctr-apbernal/tt-metal/model_cache/meta-llama/Llama-3.3-70B-Instruct/TG/tensor_cache_instruct_bfp8/layers.6.attention.wqkv_sharded_2d_prefetcher_dtype_BFLOAT8_B_layout_TILE.tensorbin of shape Shape([1, 1, 2048, 1280])
2026-08-29 09:25:32.893 | DEBUG    | core:as_tensor:724 - Loaded cache for /proj_sw/user_dev/ctr-apbernal/tt-metal/model_cache/meta-llama/Llama-3.3-70B-Instruct/TG/tensor_cache_instruct_bfp8/layers.6.attention.wqkv_sharded_2d_dram_dtype_BFLOAT8_B_layout_TILE.tensorbin of shape Shape([1, 1, 2048, 1280])
2026-08-29 09:25:33.167 | DEBUG    | core:as_tensor:724 - Loaded cache for /proj_sw/user_dev/ctr-apbernal/tt-metal/model_cache/meta-llama/Llama-3.3-70B-Instruct/TG/tensor_cache_instruct_bfp8/layers.6.attention.wo_width_sharded_2d_prefetcher_dtype_BFLOAT8_B_layout_TILE.tensorbin of shape Shape([1, 1, 1024, 2048])
2026-08-29 09:25:33.519 | DEBUG    | core:as_tensor:724 - Loaded cache for /proj_sw/user_dev/ctr-apbernal/tt-metal/model_cache/meta-llama/Llama-3.3-70B-Instruct/TG/tensor_cache_instruct_bfp8/layers.6.attention.wo_width_sharded_2d_dram_dtype_BFLOAT8_B_layout_TILE.tensorbin of shape Shape([1, 1, 1024, 2048])
2026-08-29 09:25:33.913 | DEBUG    | core:as_tensor:724 - Loaded cache for /proj_sw/user_dev/ctr-apbernal/tt-metal/model_cache/meta-llama/Llama-3.3-70B-Instruct/TG/tensor_cache_instruct_bfp8/layers.6.attention.wo_col_sharded_dram_dtype_BFLOAT8_B_layout_TILE.tensorbin of shape Shape([1, 1, 8192, 2048])
2026-08-29 09:25:33.929 | DEBUG    | core:as_tensor:724 - Loaded cache for /proj_sw/user_dev/ctr-apbernal/tt-metal/model_cache/meta-llama/Llama-3.3-70B-Instruct/TG/tensor_cache_instruct_bfp8/kvcache_torch.Size([2048, 1, 64, 128])_dtype_BFLOAT8_B_layout_TILE.tensorbin of shape Shape([2048, 1, 64, 128])
2026-08-29 09:25:33.937 | DEBUG    | core:as_tensor:724 - Loaded cache for /proj_sw/user_dev/ctr-apbernal/tt-metal/model_cache/meta-llama/Llama-3.3-70B-Instruct/TG/tensor_cache_instruct_bfp8/kvcache_torch.Size([2048, 1, 64, 128])_dtype_BFLOAT8_B_layout_TILE.tensorbin of shape Shape([2048, 1, 64, 128])
2026-08-29 09:25:34.244 | DEBUG    | core:as_tensor:724 - Loaded cache for /proj_sw/user_dev/ctr-apbernal/tt-metal/model_cache/meta-llama/Llama-3.3-70B-Instruct/TG/tensor_cache_instruct_bfp8/layers.6.feed_forward.w1_shardedprefetcher_dtype_BFLOAT4_B_layout_TILE.tensorbin of shape Shape([1, 1, 2048, 3584])
2026-08-29 09:25:34.750 | DEBUG    | core:as_tensor:724 - Loaded cache for /proj_sw/user_dev/ctr-apbernal/tt-metal/model_cache/meta-llama/Llama-3.3-70B-Instruct/TG/tensor_cache_instruct_bfp8/layers.6.feed_forward.w2_shardedprefetcher_dtype_BFLOAT8_B_layout_TILE.tensorbin of shape Shape([1, 1, 3584, 2048])
2026-08-29 09:25:35.028 | DEBUG    | core:as_tensor:724 - Loaded cache for /proj_sw/user_dev/ctr-apbernal/tt-metal/model_cache/meta-llama/Llama-3.3-70B-Instruct/TG/tensor_cache_instruct_bfp8/layers.6.feed_forward.w3_shardedprefetcher_dtype_BFLOAT4_B_layout_TILE.tensorbin of shape Shape([1, 1, 2048, 3584])
2026-08-29 09:25:35.707 | DEBUG    | core:as_tensor:724 - Loaded cache for /proj_sw/user_dev/ctr-apbernal/tt-metal/model_cache/meta-llama/Llama-3.3-70B-Instruct/TG/tensor_cache_instruct_bfp8/layers.6.feed_forward.w1_interleavedprefetcher_dtype_BFLOAT4_B_layout_TILE.tensorbin of shape Shape([1, 1, 2048, 3584])
2026-08-29 09:25:36.206 | DEBUG    | core:as_tensor:724 - Loaded cache for /proj_sw/user_dev/ctr-apbernal/tt-metal/model_cache/meta-llama/Llama-3.3-70B-Instruct/TG/tensor_cache_instruct_bfp8/layers.6.feed_forward.w2_interleavedprefetcher_dtype_BFLOAT8_B_layout_TILE.tensorbin of shape Shape([1, 1, 3584, 2048])
2026-08-29 09:25:36.507 | DEBUG    | core:as_tensor:724 - Loaded cache for /proj_sw/user_dev/ctr-apbernal/tt-metal/model_cache/meta-llama/Llama-3.3-70B-Instruct/TG/tensor_cache_instruct_bfp8/layers.6.feed_forward.w3_interleavedprefetcher_dtype_BFLOAT4_B_layout_TILE.tensorbin of shape Shape([1, 1, 2048, 3584])
2026-08-29 09:25:36.510 | DEBUG    | core:as_tensor:724 - Loaded cache for /proj_sw/user_dev/ctr-apbernal/tt-metal/model_cache/meta-llama/Llama-3.3-70B-Instruct/TG/tensor_cache_instruct_bfp8/layers.6.attention_norm.weight_dtype_BFLOAT16_layout_ROW_MAJOR.tensorbin of shape Shape([1, 1, 256, 32])
2026-08-29 09:25:36.512 | DEBUG    | core:as_tensor:724 - Loaded cache for /proj_sw/user_dev/ctr-apbernal/tt-metal/model_cache/meta-llama/Llama-3.3-70B-Instruct/TG/tensor_cache_instruct_bfp8/layers.6.attention_norm.weight_distributed_dtype_BFLOAT16_layout_ROW_MAJOR.tensorbin of shape Shape([1, 1, 64, 32])
2026-08-29 09:25:36.514 | DEBUG    | core:as_tensor:724 - Loaded cache for /proj_sw/user_dev/ctr-apbernal/tt-metal/model_cache/meta-llama/Llama-3.3-70B-Instruct/TG/tensor_cache_instruct_bfp8/layers.6.ffn_norm.weight_dtype_BFLOAT16_layout_ROW_MAJOR.tensorbin of shape Shape([1, 1, 256, 32])
2026-08-29 09:25:36.515 | DEBUG    | core:as_tensor:724 - Loaded cache for /proj_sw/user_dev/ctr-apbernal/tt-metal/model_cache/meta-llama/Llama-3.3-70B-Instruct/TG/tensor_cache_instruct_bfp8/layers.6.ffn_norm.weight_distributed_dtype_BFLOAT16_layout_ROW_MAJOR.tensorbin of shape Shape([1, 1, 64, 32])
  9%|▉         | 7/80 [00:29<05:05,  4.18s/it]2026-08-29 09:25:36.821 | DEBUG    | core:as_tensor:724 - Loaded cache for /proj_sw/user_dev/ctr-apbernal/tt-metal/model_cache/meta-llama/Llama-3.3-70B-Instruct/TG/tensor_cache_instruct_bfp8/layers.7.attention.wqkv_sharded_2d_prefetcher_dtype_BFLOAT8_B_layout_TILE.tensorbin of shape Shape([1, 1, 2048, 1280])
2026-08-29 09:25:37.198 | DEBUG    | core:as_tensor:724 - Loaded cache for /proj_sw/user_dev/ctr-apbernal/tt-metal/model_cache/meta-llama/Llama-3.3-70B-Instruct/TG/tensor_cache_instruct_bfp8/layers.7.attention.wqkv_sharded_2d_dram_dtype_BFLOAT8_B_layout_TILE.tensorbin of shape Shape([1, 1, 2048, 1280])
2026-08-29 09:25:37.551 | DEBUG    | core:as_tensor:724 - Loaded cache for /proj_sw/user_dev/ctr-apbernal/tt-metal/model_cache/meta-llama/Llama-3.3-70B-Instruct/TG/tensor_cache_instruct_bfp8/layers.7.attention.wo_width_sharded_2d_prefetcher_dtype_BFLOAT8_B_layout_TILE.tensorbin of shape Shape([1, 1, 1024, 2048])
2026-08-29 09:25:37.800 | DEBUG    | core:as_tensor:724 - Loaded cache for /proj_sw/user_dev/ctr-apbernal/tt-metal/model_cache/meta-llama/Llama-3.3-70B-Instruct/TG/tensor_cache_instruct_bfp8/layers.7.attention.wo_width_sharded_2d_dram_dtype_BFLOAT8_B_layout_TILE.tensorbin of shape Shape([1, 1, 1024, 2048])
2026-08-29 09:25:38.257 | DEBUG    | core:as_tensor:724 - Loaded cache for /proj_sw/user_dev/ctr-apbernal/tt-metal/model_cache/meta-llama/Llama-3.3-70B-Instruct/TG/tensor_cache_instruct_bfp8/layers.7.attention.wo_col_sharded_dram_dtype_BFLOAT8_B_layout_TILE.tensorbin of shape Shape([1, 1, 8192, 2048])
2026-08-29 09:25:38.274 | DEBUG    | core:as_tensor:724 - Loaded cache for /proj_sw/user_dev/ctr-apbernal/tt-metal/model_cache/meta-llama/Llama-3.3-70B-Instruct/TG/tensor_cache_instruct_bfp8/kvcache_torch.Size([2048, 1, 64, 128])_dtype_BFLOAT8_B_layout_TILE.tensorbin of shape Shape([2048, 1, 64, 128])
2026-08-29 09:25:38.282 | DEBUG    | core:as_tensor:724 - Loaded cache for /proj_sw/user_dev/ctr-apbernal/tt-metal/model_cache/meta-llama/Llama-3.3-70B-Instruct/TG/tensor_cache_instruct_bfp8/kvcache_torch.Size([2048, 1, 64, 128])_dtype_BFLOAT8_B_layout_TILE.tensorbin of shape Shape([2048, 1, 64, 128])
2026-08-29 09:25:38.601 | DEBUG    | core:as_tensor:724 - Loaded cache for /proj_sw/user_dev/ctr-apbernal/tt-metal/model_cache/meta-llama/Llama-3.3-70B-Instruct/TG/tensor_cache_instruct_bfp8/layers.7.feed_forward.w1_shardedprefetcher_dtype_BFLOAT4_B_layout_TILE.tensorbin of shape Shape([1, 1, 2048, 3584])
2026-08-29 09:25:39.104 | DEBUG    | core:as_tensor:724 - Loaded cache for /proj_sw/user_dev/ctr-apbernal/tt-metal/model_cache/meta-llama/Llama-3.3-70B-Instruct/TG/tensor_cache_instruct_bfp8/layers.7.feed_forward.w2_shardedprefetcher_dtype_BFLOAT8_B_layout_TILE.tensorbin of shape Shape([1, 1, 3584, 2048])
2026-08-29 09:25:39.481 | DEBUG    | core:as_tensor:724 - Loaded cache for /proj_sw/user_dev/ctr-apbernal/tt-metal/model_cache/meta-llama/Llama-3.3-70B-Instruct/TG/tensor_cache_instruct_bfp8/layers.7.feed_forward.w3_shardedprefetcher_dtype_BFLOAT4_B_layout_TILE.tensorbin of shape Shape([1, 1, 2048, 3584])
2026-08-29 09:25:39.768 | DEBUG    | core:as_tensor:724 - Loaded cache for /proj_sw/user_dev/ctr-apbernal/tt-metal/model_cache/meta-llama/Llama-3.3-70B-Instruct/TG/tensor_cache_instruct_bfp8/layers.7.feed_forward.w1_interleavedprefetcher_dtype_BFLOAT4_B_layout_TILE.tensorbin of shape Shape([1, 1, 2048, 3584])
2026-08-29 09:25:40.265 | DEBUG    | core:as_tensor:724 - Loaded cache for /proj_sw/user_dev/ctr-apbernal/tt-metal/model_cache/meta-llama/Llama-3.3-70B-Instruct/TG/tensor_cache_instruct_bfp8/layers.7.feed_forward.w2_interleavedprefetcher_dtype_BFLOAT8_B_layout_TILE.tensorbin of shape Shape([1, 1, 3584, 2048])
2026-08-29 09:25:40.561 | DEBUG    | core:as_tensor:724 - Loaded cache for /proj_sw/user_dev/ctr-apbernal/tt-metal/model_cache/meta-llama/Llama-3.3-70B-Instruct/TG/tensor_cache_instruct_bfp8/layers.7.feed_forward.w3_interleavedprefetcher_dtype_BFLOAT4_B_layout_TILE.tensorbin of shape Shape([1, 1, 2048, 3584])
2026-08-29 09:25:40.567 | DEBUG    | core:as_tensor:724 - Loaded cache for /proj_sw/user_dev/ctr-apbernal/tt-metal/model_cache/meta-llama/Llama-3.3-70B-Instruct/TG/tensor_cache_instruct_bfp8/layers.7.attention_norm.weight_dtype_BFLOAT16_layout_ROW_MAJOR.tensorbin of shape Shape([1, 1, 256, 32])
2026-08-29 09:25:40.569 | DEBUG    | core:as_tensor:724 - Loaded cache for /proj_sw/user_dev/ctr-apbernal/tt-metal/model_cache/meta-llama/Llama-3.3-70B-Instruct/TG/tensor_cache_instruct_bfp8/layers.7.attention_norm.weight_distributed_dtype_BFLOAT16_layout_ROW_MAJOR.tensorbin of shape Shape([1, 1, 64, 32])
2026-08-29 09:25:40.571 | DEBUG    | core:as_tensor:724 - Loaded cache for /proj_sw/user_dev/ctr-apbernal/tt-metal/model_cache/meta-llama/Llama-3.3-70B-Instruct/TG/tensor_cache_instruct_bfp8/layers.7.ffn_norm.weight_dtype_BFLOAT16_layout_ROW_MAJOR.tensorbin of shape Shape([1, 1, 256, 32])
2026-08-29 09:25:40.573 | DEBUG    | core:as_tensor:724 - Loaded cache for /proj_sw/user_dev/ctr-apbernal/tt-metal/model_cache/meta-llama/Llama-3.3-70B-Instruct/TG/tensor_cache_instruct_bfp8/layers.7.ffn_norm.weight_distributed_dtype_BFLOAT16_layout_ROW_MAJOR.tensorbin of shape Shape([1, 1, 64, 32])
 10%|█         | 8/80 [00:33<04:58,  4.14s/it]2026-08-29 09:25:41.004 | DEBUG    | core:as_tensor:724 - Loaded cache for /proj_sw/user_dev/ctr-apbernal/tt-metal/model_cache/meta-llama/Llama-3.3-70B-Instruct/TG/tensor_cache_instruct_bfp8/layers.8.attention.wqkv_sharded_2d_prefetcher_dtype_BFLOAT8_B_layout_TILE.tensorbin of shape Shape([1, 1, 2048, 1280])
2026-08-29 09:25:41.241 | DEBUG    | core:as_tensor:724 - Loaded cache for /proj_sw/user_dev/ctr-apbernal/tt-metal/model_cache/meta-llama/Llama-3.3-70B-Instruct/TG/tensor_cache_instruct_bfp8/layers.8.attention.wqkv_sharded_2d_dram_dtype_BFLOAT8_B_layout_TILE.tensorbin of shape Shape([1, 1, 2048, 1280])
2026-08-29 09:25:41.522 | DEBUG    | core:as_tensor:724 - Loaded cache for /proj_sw/user_dev/ctr-apbernal/tt-metal/model_cache/meta-llama/Llama-3.3-70B-Instruct/TG/tensor_cache_instruct_bfp8/layers.8.attention.wo_width_sharded_2d_prefetcher_dtype_BFLOAT8_B_layout_TILE.tensorbin of shape Shape([1, 1, 1024, 2048])
2026-08-29 09:25:41.850 | DEBUG    | core:as_tensor:724 - Loaded cache for /proj_sw/user_dev/ctr-apbernal/tt-metal/model_cache/meta-llama/Llama-3.3-70B-Instruct/TG/tensor_cache_instruct_bfp8/layers.8.attention.wo_width_sharded_2d_dram_dtype_BFLOAT8_B_layout_TILE.tensorbin of shape Shape([1, 1, 1024, 2048])
2026-08-29 09:25:42.271 | DEBUG    | core:as_tensor:724 - Loaded cache for /proj_sw/user_dev/ctr-apbernal/tt-metal/model_cache/meta-llama/Llama-3.3-70B-Instruct/TG/tensor_cache_instruct_bfp8/layers.8.attention.wo_col_sharded_dram_dtype_BFLOAT8_B_layout_TILE.tensorbin of shape Shape([1, 1, 8192, 2048])
2026-08-29 09:25:42.285 | DEBUG    | core:as_tensor:724 - Loaded cache for /proj_sw/user_dev/ctr-apbernal/tt-metal/model_cache/meta-llama/Llama-3.3-70B-Instruct/TG/tensor_cache_instruct_bfp8/kvcache_torch.Size([2048, 1, 64, 128])_dtype_BFLOAT8_B_layout_TILE.tensorbin of shape Shape([2048, 1, 64, 128])
2026-08-29 09:25:42.293 | DEBUG    | core:as_tensor:724 - Loaded cache for /proj_sw/user_dev/ctr-apbernal/tt-metal/model_cache/meta-llama/Llama-3.3-70B-Instruct/TG/tensor_cache_instruct_bfp8/kvcache_torch.Size([2048, 1, 64, 128])_dtype_BFLOAT8_B_layout_TILE.tensorbin of shape Shape([2048, 1, 64, 128])
2026-08-29 09:25:42.615 | DEBUG    | core:as_tensor:724 - Loaded cache for /proj_sw/user_dev/ctr-apbernal/tt-metal/model_cache/meta-llama/Llama-3.3-70B-Instruct/TG/tensor_cache_instruct_bfp8/layers.8.feed_forward.w1_shardedprefetcher_dtype_BFLOAT4_B_layout_TILE.tensorbin of shape Shape([1, 1, 2048, 3584])
2026-08-29 09:25:43.114 | DEBUG    | core:as_tensor:724 - Loaded cache for /proj_sw/user_dev/ctr-apbernal/tt-metal/model_cache/meta-llama/Llama-3.3-70B-Instruct/TG/tensor_cache_instruct_bfp8/layers.8.feed_forward.w2_shardedprefetcher_dtype_BFLOAT8_B_layout_TILE.tensorbin of shape Shape([1, 1, 3584, 2048])
2026-08-29 09:25:43.420 | DEBUG    | core:as_tensor:724 - Loaded cache for /proj_sw/user_dev/ctr-apbernal/tt-metal/model_cache/meta-llama/Llama-3.3-70B-Instruct/TG/tensor_cache_instruct_bfp8/layers.8.feed_forward.w3_shardedprefetcher_dtype_BFLOAT4_B_layout_TILE.tensorbin of shape Shape([1, 1, 2048, 3584])
2026-08-29 09:25:43.937 | DEBUG    | core:as_tensor:724 - Loaded cache for /proj_sw/user_dev/ctr-apbernal/tt-metal/model_cache/meta-llama/Llama-3.3-70B-Instruct/TG/tensor_cache_instruct_bfp8/layers.8.feed_forward.w1_interleavedprefetcher_dtype_BFLOAT4_B_layout_TILE.tensorbin of shape Shape([1, 1, 2048, 3584])
2026-08-29 09:25:44.432 | DEBUG    | core:as_tensor:724 - Loaded cache for /proj_sw/user_dev/ctr-apbernal/tt-metal/model_cache/meta-llama/Llama-3.3-70B-Instruct/TG/tensor_cache_instruct_bfp8/layers.8.feed_forward.w2_interleavedprefetcher_dtype_BFLOAT8_B_layout_TILE.tensorbin of shape Shape([1, 1, 3584, 2048])
2026-08-29 09:25:44.760 | DEBUG    | core:as_tensor:724 - Loaded cache for /proj_sw/user_dev/ctr-apbernal/tt-metal/model_cache/meta-llama/Llama-3.3-70B-Instruct/TG/tensor_cache_instruct_bfp8/layers.8.feed_forward.w3_interleavedprefetcher_dtype_BFLOAT4_B_layout_TILE.tensorbin of shape Shape([1, 1, 2048, 3584])
2026-08-29 09:25:44.763 | DEBUG    | core:as_tensor:724 - Loaded cache for /proj_sw/user_dev/ctr-apbernal/tt-metal/model_cache/meta-llama/Llama-3.3-70B-Instruct/TG/tensor_cache_instruct_bfp8/layers.8.attention_norm.weight_dtype_BFLOAT16_layout_ROW_MAJOR.tensorbin of shape Shape([1, 1, 256, 32])
2026-08-29 09:25:44.765 | DEBUG    | core:as_tensor:724 - Loaded cache for /proj_sw/user_dev/ctr-apbernal/tt-metal/model_cache/meta-llama/Llama-3.3-70B-Instruct/TG/tensor_cache_instruct_bfp8/layers.8.attention_norm.weight_distributed_dtype_BFLOAT16_layout_ROW_MAJOR.tensorbin of shape Shape([1, 1, 64, 32])
2026-08-29 09:25:44.768 | DEBUG    | core:as_tensor:724 - Loaded cache for /proj_sw/user_dev/ctr-apbernal/tt-metal/model_cache/meta-llama/Llama-3.3-70B-Instruct/TG/tensor_cache_instruct_bfp8/layers.8.ffn_norm.weight_dtype_BFLOAT16_layout_ROW_MAJOR.tensorbin of shape Shape([1, 1, 256, 32])
2026-08-29 09:25:44.770 | DEBUG    | core:as_tensor:724 - Loaded cache for /proj_sw/user_dev/ctr-apbernal/tt-metal/model_cache/meta-llama/Llama-3.3-70B-Instruct/TG/tensor_cache_instruct_bfp8/layers.8.ffn_norm.weight_distributed_dtype_BFLOAT16_layout_ROW_MAJOR.tensorbin of shape Shape([1, 1, 64, 32])
 11%|█▏        | 9/80 [00:37<04:55,  4.16s/it]2026-08-29 09:25:45.014 | DEBUG    | core:as_tensor:724 - Loaded cache for /proj_sw/user_dev/ctr-apbernal/tt-metal/model_cache/meta-llama/Llama-3.3-70B-Instruct/TG/tensor_cache_instruct_bfp8/layers.9.attention.wqkv_sharded_2d_prefetcher_dtype_BFLOAT8_B_layout_TILE.tensorbin of shape Shape([1, 1, 2048, 1280])
2026-08-29 09:25:45.270 | DEBUG    | core:as_tensor:724 - Loaded cache for /proj_sw/user_dev/ctr-apbernal/tt-metal/model_cache/meta-llama/Llama-3.3-70B-Instruct/TG/tensor_cache_instruct_bfp8/layers.9.attention.wqkv_sharded_2d_dram_dtype_BFLOAT8_B_layout_TILE.tensorbin of shape Shape([1, 1, 2048, 1280])
2026-08-29 09:25:45.623 | DEBUG    | core:as_tensor:724 - Loaded cache for /proj_sw/user_dev/ctr-apbernal/tt-metal/model_cache/meta-llama/Llama-3.3-70B-Instruct/TG/tensor_cache_instruct_bfp8/layers.9.attention.wo_width_sharded_2d_prefetcher_dtype_BFLOAT8_B_layout_TILE.tensorbin of shape Shape([1, 1, 1024, 2048])
2026-08-29 09:25:45.894 | DEBUG    | core:as_tensor:724 - Loaded cache for /proj_sw/user_dev/ctr-apbernal/tt-metal/model_cache/meta-llama/Llama-3.3-70B-Instruct/TG/tensor_cache_instruct_bfp8/layers.9.attention.wo_width_sharded_2d_dram_dtype_BFLOAT8_B_layout_TILE.tensorbin of shape Shape([1, 1, 1024, 2048])
2026-08-29 09:25:46.247 | DEBUG    | core:as_tensor:724 - Loaded cache for /proj_sw/user_dev/ctr-apbernal/tt-metal/model_cache/meta-llama/Llama-3.3-70B-Instruct/TG/tensor_cache_instruct_bfp8/layers.9.attention.wo_col_sharded_dram_dtype_BFLOAT8_B_layout_TILE.tensorbin of shape Shape([1, 1, 8192, 2048])
2026-08-29 09:25:46.262 | DEBUG    | core:as_tensor:724 - Loaded cache for /proj_sw/user_dev/ctr-apbernal/tt-metal/model_cache/meta-llama/Llama-3.3-70B-Instruct/TG/tensor_cache_instruct_bfp8/kvcache_torch.Size([2048, 1, 64, 128])_dtype_BFLOAT8_B_layout_TILE.tensorbin of shape Shape([2048, 1, 64, 128])
2026-08-29 09:25:46.270 | DEBUG    | core:as_tensor:724 - Loaded cache for /proj_sw/user_dev/ctr-apbernal/tt-metal/model_cache/meta-llama/Llama-3.3-70B-Instruct/TG/tensor_cache_instruct_bfp8/kvcache_torch.Size([2048, 1, 64, 128])_dtype_BFLOAT8_B_layout_TILE.tensorbin of shape Shape([2048, 1, 64, 128])
2026-08-29 09:25:46.588 | DEBUG    | core:as_tensor:724 - Loaded cache for /proj_sw/user_dev/ctr-apbernal/tt-metal/model_cache/meta-llama/Llama-3.3-70B-Instruct/TG/tensor_cache_instruct_bfp8/layers.9.feed_forward.w1_shardedprefetcher_dtype_BFLOAT4_B_layout_TILE.tensorbin of shape Shape([1, 1, 2048, 3584])
2026-08-29 09:25:47.084 | DEBUG    | core:as_tensor:724 - Loaded cache for /proj_sw/user_dev/ctr-apbernal/tt-metal/model_cache/meta-llama/Llama-3.3-70B-Instruct/TG/tensor_cache_instruct_bfp8/layers.9.feed_forward.w2_shardedprefetcher_dtype_BFLOAT8_B_layout_TILE.tensorbin of shape Shape([1, 1, 3584, 2048])
2026-08-29 09:25:47.638 | DEBUG    | core:as_tensor:724 - Loaded cache for /proj_sw/user_dev/ctr-apbernal/tt-metal/model_cache/meta-llama/Llama-3.3-70B-Instruct/TG/tensor_cache_instruct_bfp8/layers.9.feed_forward.w3_shardedprefetcher_dtype_BFLOAT4_B_layout_TILE.tensorbin of shape Shape([1, 1, 2048, 3584])
2026-08-29 09:25:47.992 | DEBUG    | core:as_tensor:724 - Loaded cache for /proj_sw/user_dev/ctr-apbernal/tt-metal/model_cache/meta-llama/Llama-3.3-70B-Instruct/TG/tensor_cache_instruct_bfp8/layers.9.feed_forward.w1_interleavedprefetcher_dtype_BFLOAT4_B_layout_TILE.tensorbin of shape Shape([1, 1, 2048, 3584])
2026-08-29 09:25:48.500 | DEBUG    | core:as_tensor:724 - Loaded cache for /proj_sw/user_dev/ctr-apbernal/tt-metal/model_cache/meta-llama/Llama-3.3-70B-Instruct/TG/tensor_cache_instruct_bfp8/layers.9.feed_forward.w2_interleavedprefetcher_dtype_BFLOAT8_B_layout_TILE.tensorbin of shape Shape([1, 1, 3584, 2048])
2026-08-29 09:25:48.801 | DEBUG    | core:as_tensor:724 - Loaded cache for /proj_sw/user_dev/ctr-apbernal/tt-metal/model_cache/meta-llama/Llama-3.3-70B-Instruct/TG/tensor_cache_instruct_bfp8/layers.9.feed_forward.w3_interleavedprefetcher_dtype_BFLOAT4_B_layout_TILE.tensorbin of shape Shape([1, 1, 2048, 3584])
2026-08-29 09:25:48.804 | DEBUG    | core:as_tensor:724 - Loaded cache for /proj_sw/user_dev/ctr-apbernal/tt-metal/model_cache/meta-llama/Llama-3.3-70B-Instruct/TG/tensor_cache_instruct_bfp8/layers.9.attention_norm.weight_dtype_BFLOAT16_layout_ROW_MAJOR.tensorbin of shape Shape([1, 1, 256, 32])
2026-08-29 09:25:48.807 | DEBUG    | core:as_tensor:724 - Loaded cache for /proj_sw/user_dev/ctr-apbernal/tt-metal/model_cache/meta-llama/Llama-3.3-70B-Instruct/TG/tensor_cache_instruct_bfp8/layers.9.attention_norm.weight_distributed_dtype_BFLOAT16_layout_ROW_MAJOR.tensorbin of shape Shape([1, 1, 64, 32])
2026-08-29 09:25:48.809 | DEBUG    | core:as_tensor:724 - Loaded cache for /proj_sw/user_dev/ctr-apbernal/tt-metal/model_cache/meta-llama/Llama-3.3-70B-Instruct/TG/tensor_cache_instruct_bfp8/layers.9.ffn_norm.weight_dtype_BFLOAT16_layout_ROW_MAJOR.tensorbin of shape Shape([1, 1, 256, 32])
2026-08-29 09:25:48.811 | DEBUG    | core:as_tensor:724 - Loaded cache for /proj_sw/user_dev/ctr-apbernal/tt-metal/model_cache/meta-llama/Llama-3.3-70B-Instruct/TG/tensor_cache_instruct_bfp8/layers.9.ffn_norm.weight_distributed_dtype_BFLOAT16_layout_ROW_MAJOR.tensorbin of shape Shape([1, 1, 64, 32])
 12%|█▎        | 10/80 [00:41<04:48,  4.12s/it]2026-08-29 09:25:49.188 | DEBUG    | core:as_tensor:724 - Loaded cache for /proj_sw/user_dev/ctr-apbernal/tt-metal/model_cache/meta-llama/Llama-3.3-70B-Instruct/TG/tensor_cache_instruct_bfp8/layers.10.attention.wqkv_sharded_2d_prefetcher_dtype_BFLOAT8_B_layout_TILE.tensorbin of shape Shape([1, 1, 2048, 1280])
2026-08-29 09:25:49.572 | DEBUG    | core:as_tensor:724 - Loaded cache for /proj_sw/user_dev/ctr-apbernal/tt-metal/model_cache/meta-llama/Llama-3.3-70B-Instruct/TG/tensor_cache_instruct_bfp8/layers.10.attention.wqkv_sharded_2d_dram_dtype_BFLOAT8_B_layout_TILE.tensorbin of shape Shape([1, 1, 2048, 1280])
2026-08-29 09:25:49.814 | DEBUG    | core:as_tensor:724 - Loaded cache for /proj_sw/user_dev/ctr-apbernal/tt-metal/model_cache/meta-llama/Llama-3.3-70B-Instruct/TG/tensor_cache_instruct_bfp8/layers.10.attention.wo_width_sharded_2d_prefetcher_dtype_BFLOAT8_B_layout_TILE.tensorbin of shape Shape([1, 1, 1024, 2048])
2026-08-29 09:25:50.051 | DEBUG    | core:as_tensor:724 - Loaded cache for /proj_sw/user_dev/ctr-apbernal/tt-metal/model_cache/meta-llama/Llama-3.3-70B-Instruct/TG/tensor_cache_instruct_bfp8/layers.10.attention.wo_width_sharded_2d_dram_dtype_BFLOAT8_B_layout_TILE.tensorbin of shape Shape([1, 1, 1024, 2048])
2026-08-29 09:25:50.472 | DEBUG    | core:as_tensor:724 - Loaded cache for /proj_sw/user_dev/ctr-apbernal/tt-metal/model_cache/meta-llama/Llama-3.3-70B-Instruct/TG/tensor_cache_instruct_bfp8/layers.10.attention.wo_col_sharded_dram_dtype_BFLOAT8_B_layout_TILE.tensorbin of shape Shape([1, 1, 8192, 2048])
2026-08-29 09:25:50.487 | DEBUG    | core:as_tensor:724 - Loaded cache for /proj_sw/user_dev/ctr-apbernal/tt-metal/model_cache/meta-llama/Llama-3.3-70B-Instruct/TG/tensor_cache_instruct_bfp8/kvcache_torch.Size([2048, 1, 64, 128])_dtype_BFLOAT8_B_layout_TILE.tensorbin of shape Shape([2048, 1, 64, 128])
2026-08-29 09:25:50.495 | DEBUG    | core:as_tensor:724 - Loaded cache for /proj_sw/user_dev/ctr-apbernal/tt-metal/model_cache/meta-llama/Llama-3.3-70B-Instruct/TG/tensor_cache_instruct_bfp8/kvcache_torch.Size([2048, 1, 64, 128])_dtype_BFLOAT8_B_layout_TILE.tensorbin of shape Shape([2048, 1, 64, 128])
2026-08-29 09:25:50.816 | DEBUG    | core:as_tensor:724 - Loaded cache for /proj_sw/user_dev/ctr-apbernal/tt-metal/model_cache/meta-llama/Llama-3.3-70B-Instruct/TG/tensor_cache_instruct_bfp8/layers.10.feed_forward.w1_shardedprefetcher_dtype_BFLOAT4_B_layout_TILE.tensorbin of shape Shape([1, 1, 2048, 3584])
2026-08-29 09:25:51.325 | DEBUG    | core:as_tensor:724 - Loaded cache for /proj_sw/user_dev/ctr-apbernal/tt-metal/model_cache/meta-llama/Llama-3.3-70B-Instruct/TG/tensor_cache_instruct_bfp8/layers.10.feed_forward.w2_shardedprefetcher_dtype_BFLOAT8_B_layout_TILE.tensorbin of shape Shape([1, 1, 3584, 2048])
2026-08-29 09:25:51.626 | DEBUG    | core:as_tensor:724 - Loaded cache for /proj_sw/user_dev/ctr-apbernal/tt-metal/model_cache/meta-llama/Llama-3.3-70B-Instruct/TG/tensor_cache_instruct_bfp8/layers.10.feed_forward.w3_shardedprefetcher_dtype_BFLOAT4_B_layout_TILE.tensorbin of shape Shape([1, 1, 2048, 3584])
2026-08-29 09:25:52.067 | DEBUG    | core:as_tensor:724 - Loaded cache for /proj_sw/user_dev/ctr-apbernal/tt-metal/model_cache/meta-llama/Llama-3.3-70B-Instruct/TG/tensor_cache_instruct_bfp8/layers.10.feed_forward.w1_interleavedprefetcher_dtype_BFLOAT4_B_layout_TILE.tensorbin of shape Shape([1, 1, 2048, 3584])
2026-08-29 09:25:52.575 | DEBUG    | core:as_tensor:724 - Loaded cache for /proj_sw/user_dev/ctr-apbernal/tt-metal/model_cache/meta-llama/Llama-3.3-70B-Instruct/TG/tensor_cache_instruct_bfp8/layers.10.feed_forward.w2_interleavedprefetcher_dtype_BFLOAT8_B_layout_TILE.tensorbin of shape Shape([1, 1, 3584, 2048])
2026-08-29 09:25:52.860 | DEBUG    | core:as_tensor:724 - Loaded cache for /proj_sw/user_dev/ctr-apbernal/tt-metal/model_cache/meta-llama/Llama-3.3-70B-Instruct/TG/tensor_cache_instruct_bfp8/layers.10.feed_forward.w3_interleavedprefetcher_dtype_BFLOAT4_B_layout_TILE.tensorbin of shape Shape([1, 1, 2048, 3584])
2026-08-29 09:25:52.863 | DEBUG    | core:as_tensor:724 - Loaded cache for /proj_sw/user_dev/ctr-apbernal/tt-metal/model_cache/meta-llama/Llama-3.3-70B-Instruct/TG/tensor_cache_instruct_bfp8/layers.10.attention_norm.weight_dtype_BFLOAT16_layout_ROW_MAJOR.tensorbin of shape Shape([1, 1, 256, 32])
2026-08-29 09:25:52.865 | DEBUG    | core:as_tensor:724 - Loaded cache for /proj_sw/user_dev/ctr-apbernal/tt-metal/model_cache/meta-llama/Llama-3.3-70B-Instruct/TG/tensor_cache_instruct_bfp8/layers.10.attention_norm.weight_distributed_dtype_BFLOAT16_layout_ROW_MAJOR.tensorbin of shape Shape([1, 1, 64, 32])
2026-08-29 09:25:52.868 | DEBUG    | core:as_tensor:724 - Loaded cache for /proj_sw/user_dev/ctr-apbernal/tt-metal/model_cache/meta-llama/Llama-3.3-70B-Instruct/TG/tensor_cache_instruct_bfp8/layers.10.ffn_norm.weight_dtype_BFLOAT16_layout_ROW_MAJOR.tensorbin of shape Shape([1, 1, 256, 32])
2026-08-29 09:25:52.870 | DEBUG    | core:as_tensor:724 - Loaded cache for /proj_sw/user_dev/ctr-apbernal/tt-metal/model_cache/meta-llama/Llama-3.3-70B-Instruct/TG/tensor_cache_instruct_bfp8/layers.10.ffn_norm.weight_distributed_dtype_BFLOAT16_layout_ROW_MAJOR.tensorbin of shape Shape([1, 1, 64, 32])
 14%|█▍        | 11/80 [00:45<04:43,  4.10s/it]2026-08-29 09:25:53.252 | DEBUG    | core:as_tensor:724 - Loaded cache for /proj_sw/user_dev/ctr-apbernal/tt-metal/model_cache/meta-llama/Llama-3.3-70B-Instruct/TG/tensor_cache_instruct_bfp8/layers.11.attention.wqkv_sharded_2d_prefetcher_dtype_BFLOAT8_B_layout_TILE.tensorbin of shape Shape([1, 1, 2048, 1280])
2026-08-29 09:25:53.608 | DEBUG    | core:as_tensor:724 - Loaded cache for /proj_sw/user_dev/ctr-apbernal/tt-metal/model_cache/meta-llama/Llama-3.3-70B-Instruct/TG/tensor_cache_instruct_bfp8/layers.11.attention.wqkv_sharded_2d_dram_dtype_BFLOAT8_B_layout_TILE.tensorbin of shape Shape([1, 1, 2048, 1280])
2026-08-29 09:25:53.856 | DEBUG    | core:as_tensor:724 - Loaded cache for /proj_sw/user_dev/ctr-apbernal/tt-metal/model_cache/meta-llama/Llama-3.3-70B-Instruct/TG/tensor_cache_instruct_bfp8/layers.11.attention.wo_width_sharded_2d_prefetcher_dtype_BFLOAT8_B_layout_TILE.tensorbin of shape Shape([1, 1, 1024, 2048])
2026-08-29 09:25:54.097 | DEBUG    | core:as_tensor:724 - Loaded cache for /proj_sw/user_dev/ctr-apbernal/tt-metal/model_cache/meta-llama/Llama-3.3-70B-Instruct/TG/tensor_cache_instruct_bfp8/layers.11.attention.wo_width_sharded_2d_dram_dtype_BFLOAT8_B_layout_TILE.tensorbin of shape Shape([1, 1, 1024, 2048])
2026-08-29 09:25:54.353 | DEBUG    | core:as_tensor:724 - Loaded cache for /proj_sw/user_dev/ctr-apbernal/tt-metal/model_cache/meta-llama/Llama-3.3-70B-Instruct/TG/tensor_cache_instruct_bfp8/layers.11.attention.wo_col_sharded_dram_dtype_BFLOAT8_B_layout_TILE.tensorbin of shape Shape([1, 1, 8192, 2048])
2026-08-29 09:25:54.372 | DEBUG    | core:as_tensor:724 - Loaded cache for /proj_sw/user_dev/ctr-apbernal/tt-metal/model_cache/meta-llama/Llama-3.3-70B-Instruct/TG/tensor_cache_instruct_bfp8/kvcache_torch.Size([2048, 1, 64, 128])_dtype_BFLOAT8_B_layout_TILE.tensorbin of shape Shape([2048, 1, 64, 128])
2026-08-29 09:25:54.380 | DEBUG    | core:as_tensor:724 - Loaded cache for /proj_sw/user_dev/ctr-apbernal/tt-metal/model_cache/meta-llama/Llama-3.3-70B-Instruct/TG/tensor_cache_instruct_bfp8/kvcache_torch.Size([2048, 1, 64, 128])_dtype_BFLOAT8_B_layout_TILE.tensorbin of shape Shape([2048, 1, 64, 128])
2026-08-29 09:25:54.910 | DEBUG    | core:as_tensor:724 - Loaded cache for /proj_sw/user_dev/ctr-apbernal/tt-metal/model_cache/meta-llama/Llama-3.3-70B-Instruct/TG/tensor_cache_instruct_bfp8/layers.11.feed_forward.w1_shardedprefetcher_dtype_BFLOAT4_B_layout_TILE.tensorbin of shape Shape([1, 1, 2048, 3584])
2026-08-29 09:25:55.423 | DEBUG    | core:as_tensor:724 - Loaded cache for /proj_sw/user_dev/ctr-apbernal/tt-metal/model_cache/meta-llama/Llama-3.3-70B-Instruct/TG/tensor_cache_instruct_bfp8/layers.11.feed_forward.w2_shardedprefetcher_dtype_BFLOAT8_B_layout_TILE.tensorbin of shape Shape([1, 1, 3584, 2048])
2026-08-29 09:25:55.736 | DEBUG    | core:as_tensor:724 - Loaded cache for /proj_sw/user_dev/ctr-apbernal/tt-metal/model_cache/meta-llama/Llama-3.3-70B-Instruct/TG/tensor_cache_instruct_bfp8/layers.11.feed_forward.w3_shardedprefetcher_dtype_BFLOAT4_B_layout_TILE.tensorbin of shape Shape([1, 1, 2048, 3584])
2026-08-29 09:25:56.099 | DEBUG    | core:as_tensor:724 - Loaded cache for /proj_sw/user_dev/ctr-apbernal/tt-metal/model_cache/meta-llama/Llama-3.3-70B-Instruct/TG/tensor_cache_instruct_bfp8/layers.11.feed_forward.w1_interleavedprefetcher_dtype_BFLOAT4_B_layout_TILE.tensorbin of shape Shape([1, 1, 2048, 3584])
2026-08-29 09:25:56.597 | DEBUG    | core:as_tensor:724 - Loaded cache for /proj_sw/user_dev/ctr-apbernal/tt-metal/model_cache/meta-llama/Llama-3.3-70B-Instruct/TG/tensor_cache_instruct_bfp8/layers.11.feed_forward.w2_interleavedprefetcher_dtype_BFLOAT8_B_layout_TILE.tensorbin of shape Shape([1, 1, 3584, 2048])
2026-08-29 09:25:56.882 | DEBUG    | core:as_tensor:724 - Loaded cache for /proj_sw/user_dev/ctr-apbernal/tt-metal/model_cache/meta-llama/Llama-3.3-70B-Instruct/TG/tensor_cache_instruct_bfp8/layers.11.feed_forward.w3_interleavedprefetcher_dtype_BFLOAT4_B_layout_TILE.tensorbin of shape Shape([1, 1, 2048, 3584])
2026-08-29 09:25:56.884 | DEBUG    | core:as_tensor:724 - Loaded cache for /proj_sw/user_dev/ctr-apbernal/tt-metal/model_cache/meta-llama/Llama-3.3-70B-Instruct/TG/tensor_cache_instruct_bfp8/layers.11.attention_norm.weight_dtype_BFLOAT16_layout_ROW_MAJOR.tensorbin of shape Shape([1, 1, 256, 32])
2026-08-29 09:25:56.886 | DEBUG    | core:as_tensor:724 - Loaded cache for /proj_sw/user_dev/ctr-apbernal/tt-metal/model_cache/meta-llama/Llama-3.3-70B-Instruct/TG/tensor_cache_instruct_bfp8/layers.11.attention_norm.weight_distributed_dtype_BFLOAT16_layout_ROW_MAJOR.tensorbin of shape Shape([1, 1, 64, 32])
2026-08-29 09:25:56.888 | DEBUG    | core:as_tensor:724 - Loaded cache for /proj_sw/user_dev/ctr-apbernal/tt-metal/model_cache/meta-llama/Llama-3.3-70B-Instruct/TG/tensor_cache_instruct_bfp8/layers.11.ffn_norm.weight_dtype_BFLOAT16_layout_ROW_MAJOR.tensorbin of shape Shape([1, 1, 256, 32])
2026-08-29 09:25:56.890 | DEBUG    | core:as_tensor:724 - Loaded cache for /proj_sw/user_dev/ctr-apbernal/tt-metal/model_cache/meta-llama/Llama-3.3-70B-Instruct/TG/tensor_cache_instruct_bfp8/layers.11.ffn_norm.weight_distributed_dtype_BFLOAT16_layout_ROW_MAJOR.tensorbin of shape Shape([1, 1, 64, 32])
 15%|█▌        | 12/80 [00:49<04:37,  4.08s/it]2026-08-29 09:25:57.300 | DEBUG    | core:as_tensor:724 - Loaded cache for /proj_sw/user_dev/ctr-apbernal/tt-metal/model_cache/meta-llama/Llama-3.3-70B-Instruct/TG/tensor_cache_instruct_bfp8/layers.12.attention.wqkv_sharded_2d_prefetcher_dtype_BFLOAT8_B_layout_TILE.tensorbin of shape Shape([1, 1, 2048, 1280])
2026-08-29 09:25:57.575 | DEBUG    | core:as_tensor:724 - Loaded cache for /proj_sw/user_dev/ctr-apbernal/tt-metal/model_cache/meta-llama/Llama-3.3-70B-Instruct/TG/tensor_cache_instruct_bfp8/layers.12.attention.wqkv_sharded_2d_dram_dtype_BFLOAT8_B_layout_TILE.tensorbin of shape Shape([1, 1, 2048, 1280])
2026-08-29 09:25:57.901 | DEBUG    | core:as_tensor:724 - Loaded cache for /proj_sw/user_dev/ctr-apbernal/tt-metal/model_cache/meta-llama/Llama-3.3-70B-Instruct/TG/tensor_cache_instruct_bfp8/layers.12.attention.wo_width_sharded_2d_prefetcher_dtype_BFLOAT8_B_layout_TILE.tensorbin of shape Shape([1, 1, 1024, 2048])
2026-08-29 09:25:58.230 | DEBUG    | core:as_tensor:724 - Loaded cache for /proj_sw/user_dev/ctr-apbernal/tt-metal/model_cache/meta-llama/Llama-3.3-70B-Instruct/TG/tensor_cache_instruct_bfp8/layers.12.attention.wo_width_sharded_2d_dram_dtype_BFLOAT8_B_layout_TILE.tensorbin of shape Shape([1, 1, 1024, 2048])
2026-08-29 09:25:58.398 | DEBUG    | core:as_tensor:724 - Loaded cache for /proj_sw/user_dev/ctr-apbernal/tt-metal/model_cache/meta-llama/Llama-3.3-70B-Instruct/TG/tensor_cache_instruct_bfp8/layers.12.attention.wo_col_sharded_dram_dtype_BFLOAT8_B_layout_TILE.tensorbin of shape Shape([1, 1, 8192, 2048])
2026-08-29 09:25:58.413 | DEBUG    | core:as_tensor:724 - Loaded cache for /proj_sw/user_dev/ctr-apbernal/tt-metal/model_cache/meta-llama/Llama-3.3-70B-Instruct/TG/tensor_cache_instruct_bfp8/kvcache_torch.Size([2048, 1, 64, 128])_dtype_BFLOAT8_B_layout_TILE.tensorbin of shape Shape([2048, 1, 64, 128])
2026-08-29 09:25:58.421 | DEBUG    | core:as_tensor:724 - Loaded cache for /proj_sw/user_dev/ctr-apbernal/tt-metal/model_cache/meta-llama/Llama-3.3-70B-Instruct/TG/tensor_cache_instruct_bfp8/kvcache_torch.Size([2048, 1, 64, 128])_dtype_BFLOAT8_B_layout_TILE.tensorbin of shape Shape([2048, 1, 64, 128])
2026-08-29 09:25:58.732 | DEBUG    | core:as_tensor:724 - Loaded cache for /proj_sw/user_dev/ctr-apbernal/tt-metal/model_cache/meta-llama/Llama-3.3-70B-Instruct/TG/tensor_cache_instruct_bfp8/layers.12.feed_forward.w1_shardedprefetcher_dtype_BFLOAT4_B_layout_TILE.tensorbin of shape Shape([1, 1, 2048, 3584])
2026-08-29 09:25:59.233 | DEBUG    | core:as_tensor:724 - Loaded cache for /proj_sw/user_dev/ctr-apbernal/tt-metal/model_cache/meta-llama/Llama-3.3-70B-Instruct/TG/tensor_cache_instruct_bfp8/layers.12.feed_forward.w2_shardedprefetcher_dtype_BFLOAT8_B_layout_TILE.tensorbin of shape Shape([1, 1, 3584, 2048])
2026-08-29 09:25:59.609 | DEBUG    | core:as_tensor:724 - Loaded cache for /proj_sw/user_dev/ctr-apbernal/tt-metal/model_cache/meta-llama/Llama-3.3-70B-Instruct/TG/tensor_cache_instruct_bfp8/layers.12.feed_forward.w3_shardedprefetcher_dtype_BFLOAT4_B_layout_TILE.tensorbin of shape Shape([1, 1, 2048, 3584])
2026-08-29 09:25:59.921 | DEBUG    | core:as_tensor:724 - Loaded cache for /proj_sw/user_dev/ctr-apbernal/tt-metal/model_cache/meta-llama/Llama-3.3-70B-Instruct/TG/tensor_cache_instruct_bfp8/layers.12.feed_forward.w1_interleavedprefetcher_dtype_BFLOAT4_B_layout_TILE.tensorbin of shape Shape([1, 1, 2048, 3584])
2026-08-29 09:26:00.430 | DEBUG    | core:as_tensor:724 - Loaded cache for /proj_sw/user_dev/ctr-apbernal/tt-metal/model_cache/meta-llama/Llama-3.3-70B-Instruct/TG/tensor_cache_instruct_bfp8/layers.12.feed_forward.w2_interleavedprefetcher_dtype_BFLOAT8_B_layout_TILE.tensorbin of shape Shape([1, 1, 3584, 2048])
2026-08-29 09:26:00.926 | DEBUG    | core:as_tensor:724 - Loaded cache for /proj_sw/user_dev/ctr-apbernal/tt-metal/model_cache/meta-llama/Llama-3.3-70B-Instruct/TG/tensor_cache_instruct_bfp8/layers.12.feed_forward.w3_interleavedprefetcher_dtype_BFLOAT4_B_layout_TILE.tensorbin of shape Shape([1, 1, 2048, 3584])
2026-08-29 09:26:00.930 | DEBUG    | core:as_tensor:724 - Loaded cache for /proj_sw/user_dev/ctr-apbernal/tt-metal/model_cache/meta-llama/Llama-3.3-70B-Instruct/TG/tensor_cache_instruct_bfp8/layers.12.attention_norm.weight_dtype_BFLOAT16_layout_ROW_MAJOR.tensorbin of shape Shape([1, 1, 256, 32])
2026-08-29 09:26:00.932 | DEBUG    | core:as_tensor:724 - Loaded cache for /proj_sw/user_dev/ctr-apbernal/tt-metal/model_cache/meta-llama/Llama-3.3-70B-Instruct/TG/tensor_cache_instruct_bfp8/layers.12.attention_norm.weight_distributed_dtype_BFLOAT16_layout_ROW_MAJOR.tensorbin of shape Shape([1, 1, 64, 32])
2026-08-29 09:26:00.934 | DEBUG    | core:as_tensor:724 - Loaded cache for /proj_sw/user_dev/ctr-apbernal/tt-metal/model_cache/meta-llama/Llama-3.3-70B-Instruct/TG/tensor_cache_instruct_bfp8/layers.12.ffn_norm.weight_dtype_BFLOAT16_layout_ROW_MAJOR.tensorbin of shape Shape([1, 1, 256, 32])
2026-08-29 09:26:00.936 | DEBUG    | core:as_tensor:724 - Loaded cache for /proj_sw/user_dev/ctr-apbernal/tt-metal/model_cache/meta-llama/Llama-3.3-70B-Instruct/TG/tensor_cache_instruct_bfp8/layers.12.ffn_norm.weight_distributed_dtype_BFLOAT16_layout_ROW_MAJOR.tensorbin of shape Shape([1, 1, 64, 32])
 16%|█▋        | 13/80 [00:53<04:32,  4.07s/it]2026-08-29 09:26:01.206 | DEBUG    | core:as_tensor:724 - Loaded cache for /proj_sw/user_dev/ctr-apbernal/tt-metal/model_cache/meta-llama/Llama-3.3-70B-Instruct/TG/tensor_cache_instruct_bfp8/layers.13.attention.wqkv_sharded_2d_prefetcher_dtype_BFLOAT8_B_layout_TILE.tensorbin of shape Shape([1, 1, 2048, 1280])
2026-08-29 09:26:01.489 | DEBUG    | core:as_tensor:724 - Loaded cache for /proj_sw/user_dev/ctr-apbernal/tt-metal/model_cache/meta-llama/Llama-3.3-70B-Instruct/TG/tensor_cache_instruct_bfp8/layers.13.attention.wqkv_sharded_2d_dram_dtype_BFLOAT8_B_layout_TILE.tensorbin of shape Shape([1, 1, 2048, 1280])
2026-08-29 09:26:01.775 | DEBUG    | core:as_tensor:724 - Loaded cache for /proj_sw/user_dev/ctr-apbernal/tt-metal/model_cache/meta-llama/Llama-3.3-70B-Instruct/TG/tensor_cache_instruct_bfp8/layers.13.attention.wo_width_sharded_2d_prefetcher_dtype_BFLOAT8_B_layout_TILE.tensorbin of shape Shape([1, 1, 1024, 2048])
2026-08-29 09:26:02.063 | DEBUG    | core:as_tensor:724 - Loaded cache for /proj_sw/user_dev/ctr-apbernal/tt-metal/model_cache/meta-llama/Llama-3.3-70B-Instruct/TG/tensor_cache_instruct_bfp8/layers.13.attention.wo_width_sharded_2d_dram_dtype_BFLOAT8_B_layout_TILE.tensorbin of shape Shape([1, 1, 1024, 2048])
2026-08-29 09:26:02.460 | DEBUG    | core:as_tensor:724 - Loaded cache for /proj_sw/user_dev/ctr-apbernal/tt-metal/model_cache/meta-llama/Llama-3.3-70B-Instruct/TG/tensor_cache_instruct_bfp8/layers.13.attention.wo_col_sharded_dram_dtype_BFLOAT8_B_layout_TILE.tensorbin of shape Shape([1, 1, 8192, 2048])
2026-08-29 09:26:02.475 | DEBUG    | core:as_tensor:724 - Loaded cache for /proj_sw/user_dev/ctr-apbernal/tt-metal/model_cache/meta-llama/Llama-3.3-70B-Instruct/TG/tensor_cache_instruct_bfp8/kvcache_torch.Size([2048, 1, 64, 128])_dtype_BFLOAT8_B_layout_TILE.tensorbin of shape Shape([2048, 1, 64, 128])
2026-08-29 09:26:02.482 | DEBUG    | core:as_tensor:724 - Loaded cache for /proj_sw/user_dev/ctr-apbernal/tt-metal/model_cache/meta-llama/Llama-3.3-70B-Instruct/TG/tensor_cache_instruct_bfp8/kvcache_torch.Size([2048, 1, 64, 128])_dtype_BFLOAT8_B_layout_TILE.tensorbin of shape Shape([2048, 1, 64, 128])
2026-08-29 09:26:02.807 | DEBUG    | core:as_tensor:724 - Loaded cache for /proj_sw/user_dev/ctr-apbernal/tt-metal/model_cache/meta-llama/Llama-3.3-70B-Instruct/TG/tensor_cache_instruct_bfp8/layers.13.feed_forward.w1_shardedprefetcher_dtype_BFLOAT4_B_layout_TILE.tensorbin of shape Shape([1, 1, 2048, 3584])
2026-08-29 09:26:03.311 | DEBUG    | core:as_tensor:724 - Loaded cache for /proj_sw/user_dev/ctr-apbernal/tt-metal/model_cache/meta-llama/Llama-3.3-70B-Instruct/TG/tensor_cache_instruct_bfp8/layers.13.feed_forward.w2_shardedprefetcher_dtype_BFLOAT8_B_layout_TILE.tensorbin of shape Shape([1, 1, 3584, 2048])
2026-08-29 09:26:03.646 | DEBUG    | core:as_tensor:724 - Loaded cache for /proj_sw/user_dev/ctr-apbernal/tt-metal/model_cache/meta-llama/Llama-3.3-70B-Instruct/TG/tensor_cache_instruct_bfp8/layers.13.feed_forward.w3_shardedprefetcher_dtype_BFLOAT4_B_layout_TILE.tensorbin of shape Shape([1, 1, 2048, 3584])
2026-08-29 09:26:03.935 | DEBUG    | core:as_tensor:724 - Loaded cache for /proj_sw/user_dev/ctr-apbernal/tt-metal/model_cache/meta-llama/Llama-3.3-70B-Instruct/TG/tensor_cache_instruct_bfp8/layers.13.feed_forward.w1_interleavedprefetcher_dtype_BFLOAT4_B_layout_TILE.tensorbin of shape Shape([1, 1, 2048, 3584])
2026-08-29 09:26:04.437 | DEBUG    | core:as_tensor:724 - Loaded cache for /proj_sw/user_dev/ctr-apbernal/tt-metal/model_cache/meta-llama/Llama-3.3-70B-Instruct/TG/tensor_cache_instruct_bfp8/layers.13.feed_forward.w2_interleavedprefetcher_dtype_BFLOAT8_B_layout_TILE.tensorbin of shape Shape([1, 1, 3584, 2048])
2026-08-29 09:26:04.949 | DEBUG    | core:as_tensor:724 - Loaded cache for /proj_sw/user_dev/ctr-apbernal/tt-metal/model_cache/meta-llama/Llama-3.3-70B-Instruct/TG/tensor_cache_instruct_bfp8/layers.13.feed_forward.w3_interleavedprefetcher_dtype_BFLOAT4_B_layout_TILE.tensorbin of shape Shape([1, 1, 2048, 3584])
2026-08-29 09:26:04.957 | DEBUG    | core:as_tensor:724 - Loaded cache for /proj_sw/user_dev/ctr-apbernal/tt-metal/model_cache/meta-llama/Llama-3.3-70B-Instruct/TG/tensor_cache_instruct_bfp8/layers.13.attention_norm.weight_dtype_BFLOAT16_layout_ROW_MAJOR.tensorbin of shape Shape([1, 1, 256, 32])
2026-08-29 09:26:04.960 | DEBUG    | core:as_tensor:724 - Loaded cache for /proj_sw/user_dev/ctr-apbernal/tt-metal/model_cache/meta-llama/Llama-3.3-70B-Instruct/TG/tensor_cache_instruct_bfp8/layers.13.attention_norm.weight_distributed_dtype_BFLOAT16_layout_ROW_MAJOR.tensorbin of shape Shape([1, 1, 64, 32])
2026-08-29 09:26:04.962 | DEBUG    | core:as_tensor:724 - Loaded cache for /proj_sw/user_dev/ctr-apbernal/tt-metal/model_cache/meta-llama/Llama-3.3-70B-Instruct/TG/tensor_cache_instruct_bfp8/layers.13.ffn_norm.weight_dtype_BFLOAT16_layout_ROW_MAJOR.tensorbin of shape Shape([1, 1, 256, 32])
2026-08-29 09:26:04.964 | DEBUG    | core:as_tensor:724 - Loaded cache for /proj_sw/user_dev/ctr-apbernal/tt-metal/model_cache/meta-llama/Llama-3.3-70B-Instruct/TG/tensor_cache_instruct_bfp8/layers.13.ffn_norm.weight_distributed_dtype_BFLOAT16_layout_ROW_MAJOR.tensorbin of shape Shape([1, 1, 64, 32])
 18%|█▊        | 14/80 [00:57<04:27,  4.06s/it]2026-08-29 09:26:05.340 | DEBUG    | core:as_tensor:724 - Loaded cache for /proj_sw/user_dev/ctr-apbernal/tt-metal/model_cache/meta-llama/Llama-3.3-70B-Instruct/TG/tensor_cache_instruct_bfp8/layers.14.attention.wqkv_sharded_2d_prefetcher_dtype_BFLOAT8_B_layout_TILE.tensorbin of shape Shape([1, 1, 2048, 1280])
2026-08-29 09:26:05.621 | DEBUG    | core:as_tensor:724 - Loaded cache for /proj_sw/user_dev/ctr-apbernal/tt-metal/model_cache/meta-llama/Llama-3.3-70B-Instruct/TG/tensor_cache_instruct_bfp8/layers.14.attention.wqkv_sharded_2d_dram_dtype_BFLOAT8_B_layout_TILE.tensorbin of shape Shape([1, 1, 2048, 1280])
2026-08-29 09:26:05.950 | DEBUG    | core:as_tensor:724 - Loaded cache for /proj_sw/user_dev/ctr-apbernal/tt-metal/model_cache/meta-llama/Llama-3.3-70B-Instruct/TG/tensor_cache_instruct_bfp8/layers.14.attention.wo_width_sharded_2d_prefetcher_dtype_BFLOAT8_B_layout_TILE.tensorbin of shape Shape([1, 1, 1024, 2048])
2026-08-29 09:26:06.297 | DEBUG    | core:as_tensor:724 - Loaded cache for /proj_sw/user_dev/ctr-apbernal/tt-metal/model_cache/meta-llama/Llama-3.3-70B-Instruct/TG/tensor_cache_instruct_bfp8/layers.14.attention.wo_width_sharded_2d_dram_dtype_BFLOAT8_B_layout_TILE.tensorbin of shape Shape([1, 1, 1024, 2048])
2026-08-29 09:26:06.576 | DEBUG    | core:as_tensor:724 - Loaded cache for /proj_sw/user_dev/ctr-apbernal/tt-metal/model_cache/meta-llama/Llama-3.3-70B-Instruct/TG/tensor_cache_instruct_bfp8/layers.14.attention.wo_col_sharded_dram_dtype_BFLOAT8_B_layout_TILE.tensorbin of shape Shape([1, 1, 8192, 2048])
2026-08-29 09:26:06.591 | DEBUG    | core:as_tensor:724 - Loaded cache for /proj_sw/user_dev/ctr-apbernal/tt-metal/model_cache/meta-llama/Llama-3.3-70B-Instruct/TG/tensor_cache_instruct_bfp8/kvcache_torch.Size([2048, 1, 64, 128])_dtype_BFLOAT8_B_layout_TILE.tensorbin of shape Shape([2048, 1, 64, 128])
2026-08-29 09:26:06.599 | DEBUG    | core:as_tensor:724 - Loaded cache for /proj_sw/user_dev/ctr-apbernal/tt-metal/model_cache/meta-llama/Llama-3.3-70B-Instruct/TG/tensor_cache_instruct_bfp8/kvcache_torch.Size([2048, 1, 64, 128])_dtype_BFLOAT8_B_layout_TILE.tensorbin of shape Shape([2048, 1, 64, 128])
2026-08-29 09:26:06.919 | DEBUG    | core:as_tensor:724 - Loaded cache for /proj_sw/user_dev/ctr-apbernal/tt-metal/model_cache/meta-llama/Llama-3.3-70B-Instruct/TG/tensor_cache_instruct_bfp8/layers.14.feed_forward.w1_shardedprefetcher_dtype_BFLOAT4_B_layout_TILE.tensorbin of shape Shape([1, 1, 2048, 3584])
2026-08-29 09:26:07.423 | DEBUG    | core:as_tensor:724 - Loaded cache for /proj_sw/user_dev/ctr-apbernal/tt-metal/model_cache/meta-llama/Llama-3.3-70B-Instruct/TG/tensor_cache_instruct_bfp8/layers.14.feed_forward.w2_shardedprefetcher_dtype_BFLOAT8_B_layout_TILE.tensorbin of shape Shape([1, 1, 3584, 2048])
2026-08-29 09:26:07.708 | DEBUG    | core:as_tensor:724 - Loaded cache for /proj_sw/user_dev/ctr-apbernal/tt-metal/model_cache/meta-llama/Llama-3.3-70B-Instruct/TG/tensor_cache_instruct_bfp8/layers.14.feed_forward.w3_shardedprefetcher_dtype_BFLOAT4_B_layout_TILE.tensorbin of shape Shape([1, 1, 2048, 3584])
2026-08-29 09:26:08.237 | DEBUG    | core:as_tensor:724 - Loaded cache for /proj_sw/user_dev/ctr-apbernal/tt-metal/model_cache/meta-llama/Llama-3.3-70B-Instruct/TG/tensor_cache_instruct_bfp8/layers.14.feed_forward.w1_interleavedprefetcher_dtype_BFLOAT4_B_layout_TILE.tensorbin of shape Shape([1, 1, 2048, 3584])
2026-08-29 09:26:08.754 | DEBUG    | core:as_tensor:724 - Loaded cache for /proj_sw/user_dev/ctr-apbernal/tt-metal/model_cache/meta-llama/Llama-3.3-70B-Instruct/TG/tensor_cache_instruct_bfp8/layers.14.feed_forward.w2_interleavedprefetcher_dtype_BFLOAT8_B_layout_TILE.tensorbin of shape Shape([1, 1, 3584, 2048])
2026-08-29 09:26:09.055 | DEBUG    | core:as_tensor:724 - Loaded cache for /proj_sw/user_dev/ctr-apbernal/tt-metal/model_cache/meta-llama/Llama-3.3-70B-Instruct/TG/tensor_cache_instruct_bfp8/layers.14.feed_forward.w3_interleavedprefetcher_dtype_BFLOAT4_B_layout_TILE.tensorbin of shape Shape([1, 1, 2048, 3584])
2026-08-29 09:26:09.058 | DEBUG    | core:as_tensor:724 - Loaded cache for /proj_sw/user_dev/ctr-apbernal/tt-metal/model_cache/meta-llama/Llama-3.3-70B-Instruct/TG/tensor_cache_instruct_bfp8/layers.14.attention_norm.weight_dtype_BFLOAT16_layout_ROW_MAJOR.tensorbin of shape Shape([1, 1, 256, 32])
2026-08-29 09:26:09.060 | DEBUG    | core:as_tensor:724 - Loaded cache for /proj_sw/user_dev/ctr-apbernal/tt-metal/model_cache/meta-llama/Llama-3.3-70B-Instruct/TG/tensor_cache_instruct_bfp8/layers.14.attention_norm.weight_distributed_dtype_BFLOAT16_layout_ROW_MAJOR.tensorbin of shape Shape([1, 1, 64, 32])
2026-08-29 09:26:09.062 | DEBUG    | core:as_tensor:724 - Loaded cache for /proj_sw/user_dev/ctr-apbernal/tt-metal/model_cache/meta-llama/Llama-3.3-70B-Instruct/TG/tensor_cache_instruct_bfp8/layers.14.ffn_norm.weight_dtype_BFLOAT16_layout_ROW_MAJOR.tensorbin of shape Shape([1, 1, 256, 32])
2026-08-29 09:26:09.064 | DEBUG    | core:as_tensor:724 - Loaded cache for /proj_sw/user_dev/ctr-apbernal/tt-metal/model_cache/meta-llama/Llama-3.3-70B-Instruct/TG/tensor_cache_instruct_bfp8/layers.14.ffn_norm.weight_distributed_dtype_BFLOAT16_layout_ROW_MAJOR.tensorbin of shape Shape([1, 1, 64, 32])
 19%|█▉        | 15/80 [01:01<04:24,  4.07s/it]2026-08-29 09:26:09.468 | DEBUG    | core:as_tensor:724 - Loaded cache for /proj_sw/user_dev/ctr-apbernal/tt-metal/model_cache/meta-llama/Llama-3.3-70B-Instruct/TG/tensor_cache_instruct_bfp8/layers.15.attention.wqkv_sharded_2d_prefetcher_dtype_BFLOAT8_B_layout_TILE.tensorbin of shape Shape([1, 1, 2048, 1280])
2026-08-29 09:26:09.763 | DEBUG    | core:as_tensor:724 - Loaded cache for /proj_sw/user_dev/ctr-apbernal/tt-metal/model_cache/meta-llama/Llama-3.3-70B-Instruct/TG/tensor_cache_instruct_bfp8/layers.15.attention.wqkv_sharded_2d_dram_dtype_BFLOAT8_B_layout_TILE.tensorbin of shape Shape([1, 1, 2048, 1280])
2026-08-29 09:26:10.097 | DEBUG    | core:as_tensor:724 - Loaded cache for /proj_sw/user_dev/ctr-apbernal/tt-metal/model_cache/meta-llama/Llama-3.3-70B-Instruct/TG/tensor_cache_instruct_bfp8/layers.15.attention.wo_width_sharded_2d_prefetcher_dtype_BFLOAT8_B_layout_TILE.tensorbin of shape Shape([1, 1, 1024, 2048])
2026-08-29 09:26:10.360 | DEBUG    | core:as_tensor:724 - Loaded cache for /proj_sw/user_dev/ctr-apbernal/tt-metal/model_cache/meta-llama/Llama-3.3-70B-Instruct/TG/tensor_cache_instruct_bfp8/layers.15.attention.wo_width_sharded_2d_dram_dtype_BFLOAT8_B_layout_TILE.tensorbin of shape Shape([1, 1, 1024, 2048])
2026-08-29 09:26:10.630 | DEBUG    | core:as_tensor:724 - Loaded cache for /proj_sw/user_dev/ctr-apbernal/tt-metal/model_cache/meta-llama/Llama-3.3-70B-Instruct/TG/tensor_cache_instruct_bfp8/layers.15.attention.wo_col_sharded_dram_dtype_BFLOAT8_B_layout_TILE.tensorbin of shape Shape([1, 1, 8192, 2048])
2026-08-29 09:26:10.646 | DEBUG    | core:as_tensor:724 - Loaded cache for /proj_sw/user_dev/ctr-apbernal/tt-metal/model_cache/meta-llama/Llama-3.3-70B-Instruct/TG/tensor_cache_instruct_bfp8/kvcache_torch.Size([2048, 1, 64, 128])_dtype_BFLOAT8_B_layout_TILE.tensorbin of shape Shape([2048, 1, 64, 128])
2026-08-29 09:26:10.654 | DEBUG    | core:as_tensor:724 - Loaded cache for /proj_sw/user_dev/ctr-apbernal/tt-metal/model_cache/meta-llama/Llama-3.3-70B-Instruct/TG/tensor_cache_instruct_bfp8/kvcache_torch.Size([2048, 1, 64, 128])_dtype_BFLOAT8_B_layout_TILE.tensorbin of shape Shape([2048, 1, 64, 128])
2026-08-29 09:26:10.987 | DEBUG    | core:as_tensor:724 - Loaded cache for /proj_sw/user_dev/ctr-apbernal/tt-metal/model_cache/meta-llama/Llama-3.3-70B-Instruct/TG/tensor_cache_instruct_bfp8/layers.15.feed_forward.w1_shardedprefetcher_dtype_BFLOAT4_B_layout_TILE.tensorbin of shape Shape([1, 1, 2048, 3584])
2026-08-29 09:26:11.500 | DEBUG    | core:as_tensor:724 - Loaded cache for /proj_sw/user_dev/ctr-apbernal/tt-metal/model_cache/meta-llama/Llama-3.3-70B-Instruct/TG/tensor_cache_instruct_bfp8/layers.15.feed_forward.w2_shardedprefetcher_dtype_BFLOAT8_B_layout_TILE.tensorbin of shape Shape([1, 1, 3584, 2048])
2026-08-29 09:26:11.794 | DEBUG    | core:as_tensor:724 - Loaded cache for /proj_sw/user_dev/ctr-apbernal/tt-metal/model_cache/meta-llama/Llama-3.3-70B-Instruct/TG/tensor_cache_instruct_bfp8/layers.15.feed_forward.w3_shardedprefetcher_dtype_BFLOAT4_B_layout_TILE.tensorbin of shape Shape([1, 1, 2048, 3584])
2026-08-29 09:26:12.155 | DEBUG    | core:as_tensor:724 - Loaded cache for /proj_sw/user_dev/ctr-apbernal/tt-metal/model_cache/meta-llama/Llama-3.3-70B-Instruct/TG/tensor_cache_instruct_bfp8/layers.15.feed_forward.w1_interleavedprefetcher_dtype_BFLOAT4_B_layout_TILE.tensorbin of shape Shape([1, 1, 2048, 3584])
2026-08-29 09:26:12.655 | DEBUG    | core:as_tensor:724 - Loaded cache for /proj_sw/user_dev/ctr-apbernal/tt-metal/model_cache/meta-llama/Llama-3.3-70B-Instruct/TG/tensor_cache_instruct_bfp8/layers.15.feed_forward.w2_interleavedprefetcher_dtype_BFLOAT8_B_layout_TILE.tensorbin of shape Shape([1, 1, 3584, 2048])
2026-08-29 09:26:12.957 | DEBUG    | core:as_tensor:724 - Loaded cache for /proj_sw/user_dev/ctr-apbernal/tt-metal/model_cache/meta-llama/Llama-3.3-70B-Instruct/TG/tensor_cache_instruct_bfp8/layers.15.feed_forward.w3_interleavedprefetcher_dtype_BFLOAT4_B_layout_TILE.tensorbin of shape Shape([1, 1, 2048, 3584])
2026-08-29 09:26:12.960 | DEBUG    | core:as_tensor:724 - Loaded cache for /proj_sw/user_dev/ctr-apbernal/tt-metal/model_cache/meta-llama/Llama-3.3-70B-Instruct/TG/tensor_cache_instruct_bfp8/layers.15.attention_norm.weight_dtype_BFLOAT16_layout_ROW_MAJOR.tensorbin of shape Shape([1, 1, 256, 32])
2026-08-29 09:26:12.962 | DEBUG    | core:as_tensor:724 - Loaded cache for /proj_sw/user_dev/ctr-apbernal/tt-metal/model_cache/meta-llama/Llama-3.3-70B-Instruct/TG/tensor_cache_instruct_bfp8/layers.15.attention_norm.weight_distributed_dtype_BFLOAT16_layout_ROW_MAJOR.tensorbin of shape Shape([1, 1, 64, 32])
2026-08-29 09:26:12.964 | DEBUG    | core:as_tensor:724 - Loaded cache for /proj_sw/user_dev/ctr-apbernal/tt-metal/model_cache/meta-llama/Llama-3.3-70B-Instruct/TG/tensor_cache_instruct_bfp8/layers.15.ffn_norm.weight_dtype_BFLOAT16_layout_ROW_MAJOR.tensorbin of shape Shape([1, 1, 256, 32])
2026-08-29 09:26:12.966 | DEBUG    | core:as_tensor:724 - Loaded cache for /proj_sw/user_dev/ctr-apbernal/tt-metal/model_cache/meta-llama/Llama-3.3-70B-Instruct/TG/tensor_cache_instruct_bfp8/layers.15.ffn_norm.weight_distributed_dtype_BFLOAT16_layout_ROW_MAJOR.tensorbin of shape Shape([1, 1, 64, 32])
 20%|██        | 16/80 [01:05<04:17,  4.02s/it]2026-08-29 09:26:13.355 | DEBUG    | core:as_tensor:724 - Loaded cache for /proj_sw/user_dev/ctr-apbernal/tt-metal/model_cache/meta-llama/Llama-3.3-70B-Instruct/TG/tensor_cache_instruct_bfp8/layers.16.attention.wqkv_sharded_2d_prefetcher_dtype_BFLOAT8_B_layout_TILE.tensorbin of shape Shape([1, 1, 2048, 1280])
2026-08-29 09:26:13.751 | DEBUG    | core:as_tensor:724 - Loaded cache for /proj_sw/user_dev/ctr-apbernal/tt-metal/model_cache/meta-llama/Llama-3.3-70B-Instruct/TG/tensor_cache_instruct_bfp8/layers.16.attention.wqkv_sharded_2d_dram_dtype_BFLOAT8_B_layout_TILE.tensorbin of shape Shape([1, 1, 2048, 1280])
2026-08-29 09:26:14.039 | DEBUG    | core:as_tensor:724 - Loaded cache for /proj_sw/user_dev/ctr-apbernal/tt-metal/model_cache/meta-llama/Llama-3.3-70B-Instruct/TG/tensor_cache_instruct_bfp8/layers.16.attention.wo_width_sharded_2d_prefetcher_dtype_BFLOAT8_B_layout_TILE.tensorbin of shape Shape([1, 1, 1024, 2048])
2026-08-29 09:26:14.399 | DEBUG    | core:as_tensor:724 - Loaded cache for /proj_sw/user_dev/ctr-apbernal/tt-metal/model_cache/meta-llama/Llama-3.3-70B-Instruct/TG/tensor_cache_instruct_bfp8/layers.16.attention.wo_width_sharded_2d_dram_dtype_BFLOAT8_B_layout_TILE.tensorbin of shape Shape([1, 1, 1024, 2048])
2026-08-29 09:26:14.796 | DEBUG    | core:as_tensor:724 - Loaded cache for /proj_sw/user_dev/ctr-apbernal/tt-metal/model_cache/meta-llama/Llama-3.3-70B-Instruct/TG/tensor_cache_instruct_bfp8/layers.16.attention.wo_col_sharded_dram_dtype_BFLOAT8_B_layout_TILE.tensorbin of shape Shape([1, 1, 8192, 2048])
2026-08-29 09:26:14.810 | DEBUG    | core:as_tensor:724 - Loaded cache for /proj_sw/user_dev/ctr-apbernal/tt-metal/model_cache/meta-llama/Llama-3.3-70B-Instruct/TG/tensor_cache_instruct_bfp8/kvcache_torch.Size([2048, 1, 64, 128])_dtype_BFLOAT8_B_layout_TILE.tensorbin of shape Shape([2048, 1, 64, 128])
2026-08-29 09:26:14.818 | DEBUG    | core:as_tensor:724 - Loaded cache for /proj_sw/user_dev/ctr-apbernal/tt-metal/model_cache/meta-llama/Llama-3.3-70B-Instruct/TG/tensor_cache_instruct_bfp8/kvcache_torch.Size([2048, 1, 64, 128])_dtype_BFLOAT8_B_layout_TILE.tensorbin of shape Shape([2048, 1, 64, 128])
2026-08-29 09:26:15.132 | DEBUG    | core:as_tensor:724 - Loaded cache for /proj_sw/user_dev/ctr-apbernal/tt-metal/model_cache/meta-llama/Llama-3.3-70B-Instruct/TG/tensor_cache_instruct_bfp8/layers.16.feed_forward.w1_shardedprefetcher_dtype_BFLOAT4_B_layout_TILE.tensorbin of shape Shape([1, 1, 2048, 3584])
2026-08-29 09:26:15.642 | DEBUG    | core:as_tensor:724 - Loaded cache for /proj_sw/user_dev/ctr-apbernal/tt-metal/model_cache/meta-llama/Llama-3.3-70B-Instruct/TG/tensor_cache_instruct_bfp8/layers.16.feed_forward.w2_shardedprefetcher_dtype_BFLOAT8_B_layout_TILE.tensorbin of shape Shape([1, 1, 3584, 2048])
2026-08-29 09:26:16.136 | DEBUG    | core:as_tensor:724 - Loaded cache for /proj_sw/user_dev/ctr-apbernal/tt-metal/model_cache/meta-llama/Llama-3.3-70B-Instruct/TG/tensor_cache_instruct_bfp8/layers.16.feed_forward.w3_shardedprefetcher_dtype_BFLOAT4_B_layout_TILE.tensorbin of shape Shape([1, 1, 2048, 3584])
2026-08-29 09:26:16.434 | DEBUG    | core:as_tensor:724 - Loaded cache for /proj_sw/user_dev/ctr-apbernal/tt-metal/model_cache/meta-llama/Llama-3.3-70B-Instruct/TG/tensor_cache_instruct_bfp8/layers.16.feed_forward.w1_interleavedprefetcher_dtype_BFLOAT4_B_layout_TILE.tensorbin of shape Shape([1, 1, 2048, 3584])
2026-08-29 09:26:16.929 | DEBUG    | core:as_tensor:724 - Loaded cache for /proj_sw/user_dev/ctr-apbernal/tt-metal/model_cache/meta-llama/Llama-3.3-70B-Instruct/TG/tensor_cache_instruct_bfp8/layers.16.feed_forward.w2_interleavedprefetcher_dtype_BFLOAT8_B_layout_TILE.tensorbin of shape Shape([1, 1, 3584, 2048])
2026-08-29 09:26:17.443 | DEBUG    | core:as_tensor:724 - Loaded cache for /proj_sw/user_dev/ctr-apbernal/tt-metal/model_cache/meta-llama/Llama-3.3-70B-Instruct/TG/tensor_cache_instruct_bfp8/layers.16.feed_forward.w3_interleavedprefetcher_dtype_BFLOAT4_B_layout_TILE.tensorbin of shape Shape([1, 1, 2048, 3584])
2026-08-29 09:26:17.446 | DEBUG    | core:as_tensor:724 - Loaded cache for /proj_sw/user_dev/ctr-apbernal/tt-metal/model_cache/meta-llama/Llama-3.3-70B-Instruct/TG/tensor_cache_instruct_bfp8/layers.16.attention_norm.weight_dtype_BFLOAT16_layout_ROW_MAJOR.tensorbin of shape Shape([1, 1, 256, 32])
2026-08-29 09:26:17.448 | DEBUG    | core:as_tensor:724 - Loaded cache for /proj_sw/user_dev/ctr-apbernal/tt-metal/model_cache/meta-llama/Llama-3.3-70B-Instruct/TG/tensor_cache_instruct_bfp8/layers.16.attention_norm.weight_distributed_dtype_BFLOAT16_layout_ROW_MAJOR.tensorbin of shape Shape([1, 1, 64, 32])
2026-08-29 09:26:17.450 | DEBUG    | core:as_tensor:724 - Loaded cache for /proj_sw/user_dev/ctr-apbernal/tt-metal/model_cache/meta-llama/Llama-3.3-70B-Instruct/TG/tensor_cache_instruct_bfp8/layers.16.ffn_norm.weight_dtype_BFLOAT16_layout_ROW_MAJOR.tensorbin of shape Shape([1, 1, 256, 32])
2026-08-29 09:26:17.452 | DEBUG    | core:as_tensor:724 - Loaded cache for /proj_sw/user_dev/ctr-apbernal/tt-metal/model_cache/meta-llama/Llama-3.3-70B-Instruct/TG/tensor_cache_instruct_bfp8/layers.16.ffn_norm.weight_distributed_dtype_BFLOAT16_layout_ROW_MAJOR.tensorbin of shape Shape([1, 1, 64, 32])
 21%|██▏       | 17/80 [01:10<04:22,  4.16s/it]2026-08-29 09:26:17.700 | DEBUG    | core:as_tensor:724 - Loaded cache for /proj_sw/user_dev/ctr-apbernal/tt-metal/model_cache/meta-llama/Llama-3.3-70B-Instruct/TG/tensor_cache_instruct_bfp8/layers.17.attention.wqkv_sharded_2d_prefetcher_dtype_BFLOAT8_B_layout_TILE.tensorbin of shape Shape([1, 1, 2048, 1280])
2026-08-29 09:26:18.066 | DEBUG    | core:as_tensor:724 - Loaded cache for /proj_sw/user_dev/ctr-apbernal/tt-metal/model_cache/meta-llama/Llama-3.3-70B-Instruct/TG/tensor_cache_instruct_bfp8/layers.17.attention.wqkv_sharded_2d_dram_dtype_BFLOAT8_B_layout_TILE.tensorbin of shape Shape([1, 1, 2048, 1280])
2026-08-29 09:26:18.367 | DEBUG    | core:as_tensor:724 - Loaded cache for /proj_sw/user_dev/ctr-apbernal/tt-metal/model_cache/meta-llama/Llama-3.3-70B-Instruct/TG/tensor_cache_instruct_bfp8/layers.17.attention.wo_width_sharded_2d_prefetcher_dtype_BFLOAT8_B_layout_TILE.tensorbin of shape Shape([1, 1, 1024, 2048])
2026-08-29 09:26:18.621 | DEBUG    | core:as_tensor:724 - Loaded cache for /proj_sw/user_dev/ctr-apbernal/tt-metal/model_cache/meta-llama/Llama-3.3-70B-Instruct/TG/tensor_cache_instruct_bfp8/layers.17.attention.wo_width_sharded_2d_dram_dtype_BFLOAT8_B_layout_TILE.tensorbin of shape Shape([1, 1, 1024, 2048])
2026-08-29 09:26:19.035 | DEBUG    | core:as_tensor:724 - Loaded cache for /proj_sw/user_dev/ctr-apbernal/tt-metal/model_cache/meta-llama/Llama-3.3-70B-Instruct/TG/tensor_cache_instruct_bfp8/layers.17.attention.wo_col_sharded_dram_dtype_BFLOAT8_B_layout_TILE.tensorbin of shape Shape([1, 1, 8192, 2048])
2026-08-29 09:26:19.053 | DEBUG    | core:as_tensor:724 - Loaded cache for /proj_sw/user_dev/ctr-apbernal/tt-metal/model_cache/meta-llama/Llama-3.3-70B-Instruct/TG/tensor_cache_instruct_bfp8/kvcache_torch.Size([2048, 1, 64, 128])_dtype_BFLOAT8_B_layout_TILE.tensorbin of shape Shape([2048, 1, 64, 128])
2026-08-29 09:26:19.061 | DEBUG    | core:as_tensor:724 - Loaded cache for /proj_sw/user_dev/ctr-apbernal/tt-metal/model_cache/meta-llama/Llama-3.3-70B-Instruct/TG/tensor_cache_instruct_bfp8/kvcache_torch.Size([2048, 1, 64, 128])_dtype_BFLOAT8_B_layout_TILE.tensorbin of shape Shape([2048, 1, 64, 128])
2026-08-29 09:26:19.395 | DEBUG    | core:as_tensor:724 - Loaded cache for /proj_sw/user_dev/ctr-apbernal/tt-metal/model_cache/meta-llama/Llama-3.3-70B-Instruct/TG/tensor_cache_instruct_bfp8/layers.17.feed_forward.w1_shardedprefetcher_dtype_BFLOAT4_B_layout_TILE.tensorbin of shape Shape([1, 1, 2048, 3584])
2026-08-29 09:26:19.889 | DEBUG    | core:as_tensor:724 - Loaded cache for /proj_sw/user_dev/ctr-apbernal/tt-metal/model_cache/meta-llama/Llama-3.3-70B-Instruct/TG/tensor_cache_instruct_bfp8/layers.17.feed_forward.w2_shardedprefetcher_dtype_BFLOAT8_B_layout_TILE.tensorbin of shape Shape([1, 1, 3584, 2048])
2026-08-29 09:26:20.296 | DEBUG    | core:as_tensor:724 - Loaded cache for /proj_sw/user_dev/ctr-apbernal/tt-metal/model_cache/meta-llama/Llama-3.3-70B-Instruct/TG/tensor_cache_instruct_bfp8/layers.17.feed_forward.w3_shardedprefetcher_dtype_BFLOAT4_B_layout_TILE.tensorbin of shape Shape([1, 1, 2048, 3584])
2026-08-29 09:26:20.637 | DEBUG    | core:as_tensor:724 - Loaded cache for /proj_sw/user_dev/ctr-apbernal/tt-metal/model_cache/meta-llama/Llama-3.3-70B-Instruct/TG/tensor_cache_instruct_bfp8/layers.17.feed_forward.w1_interleavedprefetcher_dtype_BFLOAT4_B_layout_TILE.tensorbin of shape Shape([1, 1, 2048, 3584])
2026-08-29 09:26:21.126 | DEBUG    | core:as_tensor:724 - Loaded cache for /proj_sw/user_dev/ctr-apbernal/tt-metal/model_cache/meta-llama/Llama-3.3-70B-Instruct/TG/tensor_cache_instruct_bfp8/layers.17.feed_forward.w2_interleavedprefetcher_dtype_BFLOAT8_B_layout_TILE.tensorbin of shape Shape([1, 1, 3584, 2048])
2026-08-29 09:26:21.498 | DEBUG    | core:as_tensor:724 - Loaded cache for /proj_sw/user_dev/ctr-apbernal/tt-metal/model_cache/meta-llama/Llama-3.3-70B-Instruct/TG/tensor_cache_instruct_bfp8/layers.17.feed_forward.w3_interleavedprefetcher_dtype_BFLOAT4_B_layout_TILE.tensorbin of shape Shape([1, 1, 2048, 3584])
2026-08-29 09:26:21.504 | DEBUG    | core:as_tensor:724 - Loaded cache for /proj_sw/user_dev/ctr-apbernal/tt-metal/model_cache/meta-llama/Llama-3.3-70B-Instruct/TG/tensor_cache_instruct_bfp8/layers.17.attention_norm.weight_dtype_BFLOAT16_layout_ROW_MAJOR.tensorbin of shape Shape([1, 1, 256, 32])
2026-08-29 09:26:21.506 | DEBUG    | core:as_tensor:724 - Loaded cache for /proj_sw/user_dev/ctr-apbernal/tt-metal/model_cache/meta-llama/Llama-3.3-70B-Instruct/TG/tensor_cache_instruct_bfp8/layers.17.attention_norm.weight_distributed_dtype_BFLOAT16_layout_ROW_MAJOR.tensorbin of shape Shape([1, 1, 64, 32])
2026-08-29 09:26:21.508 | DEBUG    | core:as_tensor:724 - Loaded cache for /proj_sw/user_dev/ctr-apbernal/tt-metal/model_cache/meta-llama/Llama-3.3-70B-Instruct/TG/tensor_cache_instruct_bfp8/layers.17.ffn_norm.weight_dtype_BFLOAT16_layout_ROW_MAJOR.tensorbin of shape Shape([1, 1, 256, 32])
2026-08-29 09:26:21.510 | DEBUG    | core:as_tensor:724 - Loaded cache for /proj_sw/user_dev/ctr-apbernal/tt-metal/model_cache/meta-llama/Llama-3.3-70B-Instruct/TG/tensor_cache_instruct_bfp8/layers.17.ffn_norm.weight_distributed_dtype_BFLOAT16_layout_ROW_MAJOR.tensorbin of shape Shape([1, 1, 64, 32])
 22%|██▎       | 18/80 [01:14<04:16,  4.13s/it]2026-08-29 09:26:21.913 | DEBUG    | core:as_tensor:724 - Loaded cache for /proj_sw/user_dev/ctr-apbernal/tt-metal/model_cache/meta-llama/Llama-3.3-70B-Instruct/TG/tensor_cache_instruct_bfp8/layers.18.attention.wqkv_sharded_2d_prefetcher_dtype_BFLOAT8_B_layout_TILE.tensorbin of shape Shape([1, 1, 2048, 1280])
2026-08-29 09:26:22.169 | DEBUG    | core:as_tensor:724 - Loaded cache for /proj_sw/user_dev/ctr-apbernal/tt-metal/model_cache/meta-llama/Llama-3.3-70B-Instruct/TG/tensor_cache_instruct_bfp8/layers.18.attention.wqkv_sharded_2d_dram_dtype_BFLOAT8_B_layout_TILE.tensorbin of shape Shape([1, 1, 2048, 1280])
2026-08-29 09:26:22.450 | DEBUG    | core:as_tensor:724 - Loaded cache for /proj_sw/user_dev/ctr-apbernal/tt-metal/model_cache/meta-llama/Llama-3.3-70B-Instruct/TG/tensor_cache_instruct_bfp8/layers.18.attention.wo_width_sharded_2d_prefetcher_dtype_BFLOAT8_B_layout_TILE.tensorbin of shape Shape([1, 1, 1024, 2048])
2026-08-29 09:26:22.772 | DEBUG    | core:as_tensor:724 - Loaded cache for /proj_sw/user_dev/ctr-apbernal/tt-metal/model_cache/meta-llama/Llama-3.3-70B-Instruct/TG/tensor_cache_instruct_bfp8/layers.18.attention.wo_width_sharded_2d_dram_dtype_BFLOAT8_B_layout_TILE.tensorbin of shape Shape([1, 1, 1024, 2048])
2026-08-29 09:26:23.146 | DEBUG    | core:as_tensor:724 - Loaded cache for /proj_sw/user_dev/ctr-apbernal/tt-metal/model_cache/meta-llama/Llama-3.3-70B-Instruct/TG/tensor_cache_instruct_bfp8/layers.18.attention.wo_col_sharded_dram_dtype_BFLOAT8_B_layout_TILE.tensorbin of shape Shape([1, 1, 8192, 2048])
2026-08-29 09:26:23.161 | DEBUG    | core:as_tensor:724 - Loaded cache for /proj_sw/user_dev/ctr-apbernal/tt-metal/model_cache/meta-llama/Llama-3.3-70B-Instruct/TG/tensor_cache_instruct_bfp8/kvcache_torch.Size([2048, 1, 64, 128])_dtype_BFLOAT8_B_layout_TILE.tensorbin of shape Shape([2048, 1, 64, 128])
2026-08-29 09:26:23.170 | DEBUG    | core:as_tensor:724 - Loaded cache for /proj_sw/user_dev/ctr-apbernal/tt-metal/model_cache/meta-llama/Llama-3.3-70B-Instruct/TG/tensor_cache_instruct_bfp8/kvcache_torch.Size([2048, 1, 64, 128])_dtype_BFLOAT8_B_layout_TILE.tensorbin of shape Shape([2048, 1, 64, 128])
2026-08-29 09:26:23.483 | DEBUG    | core:as_tensor:724 - Loaded cache for /proj_sw/user_dev/ctr-apbernal/tt-metal/model_cache/meta-llama/Llama-3.3-70B-Instruct/TG/tensor_cache_instruct_bfp8/layers.18.feed_forward.w1_shardedprefetcher_dtype_BFLOAT4_B_layout_TILE.tensorbin of shape Shape([1, 1, 2048, 3584])
2026-08-29 09:26:23.988 | DEBUG    | core:as_tensor:724 - Loaded cache for /proj_sw/user_dev/ctr-apbernal/tt-metal/model_cache/meta-llama/Llama-3.3-70B-Instruct/TG/tensor_cache_instruct_bfp8/layers.18.feed_forward.w2_shardedprefetcher_dtype_BFLOAT8_B_layout_TILE.tensorbin of shape Shape([1, 1, 3584, 2048])
2026-08-29 09:26:24.388 | DEBUG    | core:as_tensor:724 - Loaded cache for /proj_sw/user_dev/ctr-apbernal/tt-metal/model_cache/meta-llama/Llama-3.3-70B-Instruct/TG/tensor_cache_instruct_bfp8/layers.18.feed_forward.w3_shardedprefetcher_dtype_BFLOAT4_B_layout_TILE.tensorbin of shape Shape([1, 1, 2048, 3584])
2026-08-29 09:26:24.932 | DEBUG    | core:as_tensor:724 - Loaded cache for /proj_sw/user_dev/ctr-apbernal/tt-metal/model_cache/meta-llama/Llama-3.3-70B-Instruct/TG/tensor_cache_instruct_bfp8/layers.18.feed_forward.w1_interleavedprefetcher_dtype_BFLOAT4_B_layout_TILE.tensorbin of shape Shape([1, 1, 2048, 3584])
2026-08-29 09:26:25.439 | DEBUG    | core:as_tensor:724 - Loaded cache for /proj_sw/user_dev/ctr-apbernal/tt-metal/model_cache/meta-llama/Llama-3.3-70B-Instruct/TG/tensor_cache_instruct_bfp8/layers.18.feed_forward.w2_interleavedprefetcher_dtype_BFLOAT8_B_layout_TILE.tensorbin of shape Shape([1, 1, 3584, 2048])
2026-08-29 09:26:25.720 | DEBUG    | core:as_tensor:724 - Loaded cache for /proj_sw/user_dev/ctr-apbernal/tt-metal/model_cache/meta-llama/Llama-3.3-70B-Instruct/TG/tensor_cache_instruct_bfp8/layers.18.feed_forward.w3_interleavedprefetcher_dtype_BFLOAT4_B_layout_TILE.tensorbin of shape Shape([1, 1, 2048, 3584])
2026-08-29 09:26:25.724 | DEBUG    | core:as_tensor:724 - Loaded cache for /proj_sw/user_dev/ctr-apbernal/tt-metal/model_cache/meta-llama/Llama-3.3-70B-Instruct/TG/tensor_cache_instruct_bfp8/layers.18.attention_norm.weight_dtype_BFLOAT16_layout_ROW_MAJOR.tensorbin of shape Shape([1, 1, 256, 32])
2026-08-29 09:26:25.726 | DEBUG    | core:as_tensor:724 - Loaded cache for /proj_sw/user_dev/ctr-apbernal/tt-metal/model_cache/meta-llama/Llama-3.3-70B-Instruct/TG/tensor_cache_instruct_bfp8/layers.18.attention_norm.weight_distributed_dtype_BFLOAT16_layout_ROW_MAJOR.tensorbin of shape Shape([1, 1, 64, 32])
2026-08-29 09:26:25.728 | DEBUG    | core:as_tensor:724 - Loaded cache for /proj_sw/user_dev/ctr-apbernal/tt-metal/model_cache/meta-llama/Llama-3.3-70B-Instruct/TG/tensor_cache_instruct_bfp8/layers.18.ffn_norm.weight_dtype_BFLOAT16_layout_ROW_MAJOR.tensorbin of shape Shape([1, 1, 256, 32])
2026-08-29 09:26:25.731 | DEBUG    | core:as_tensor:724 - Loaded cache for /proj_sw/user_dev/ctr-apbernal/tt-metal/model_cache/meta-llama/Llama-3.3-70B-Instruct/TG/tensor_cache_instruct_bfp8/layers.18.ffn_norm.weight_distributed_dtype_BFLOAT16_layout_ROW_MAJOR.tensorbin of shape Shape([1, 1, 64, 32])
 24%|██▍       | 19/80 [01:18<04:13,  4.16s/it]2026-08-29 09:26:26.124 | DEBUG    | core:as_tensor:724 - Loaded cache for /proj_sw/user_dev/ctr-apbernal/tt-metal/model_cache/meta-llama/Llama-3.3-70B-Instruct/TG/tensor_cache_instruct_bfp8/layers.19.attention.wqkv_sharded_2d_prefetcher_dtype_BFLOAT8_B_layout_TILE.tensorbin of shape Shape([1, 1, 2048, 1280])
2026-08-29 09:26:26.375 | DEBUG    | core:as_tensor:724 - Loaded cache for /proj_sw/user_dev/ctr-apbernal/tt-metal/model_cache/meta-llama/Llama-3.3-70B-Instruct/TG/tensor_cache_instruct_bfp8/layers.19.attention.wqkv_sharded_2d_dram_dtype_BFLOAT8_B_layout_TILE.tensorbin of shape Shape([1, 1, 2048, 1280])
2026-08-29 09:26:26.706 | DEBUG    | core:as_tensor:724 - Loaded cache for /proj_sw/user_dev/ctr-apbernal/tt-metal/model_cache/meta-llama/Llama-3.3-70B-Instruct/TG/tensor_cache_instruct_bfp8/layers.19.attention.wo_width_sharded_2d_prefetcher_dtype_BFLOAT8_B_layout_TILE.tensorbin of shape Shape([1, 1, 1024, 2048])
2026-08-29 09:26:27.029 | DEBUG    | core:as_tensor:724 - Loaded cache for /proj_sw/user_dev/ctr-apbernal/tt-metal/model_cache/meta-llama/Llama-3.3-70B-Instruct/TG/tensor_cache_instruct_bfp8/layers.19.attention.wo_width_sharded_2d_dram_dtype_BFLOAT8_B_layout_TILE.tensorbin of shape Shape([1, 1, 1024, 2048])
2026-08-29 09:26:27.413 | DEBUG    | core:as_tensor:724 - Loaded cache for /proj_sw/user_dev/ctr-apbernal/tt-metal/model_cache/meta-llama/Llama-3.3-70B-Instruct/TG/tensor_cache_instruct_bfp8/layers.19.attention.wo_col_sharded_dram_dtype_BFLOAT8_B_layout_TILE.tensorbin of shape Shape([1, 1, 8192, 2048])
2026-08-29 09:26:27.427 | DEBUG    | core:as_tensor:724 - Loaded cache for /proj_sw/user_dev/ctr-apbernal/tt-metal/model_cache/meta-llama/Llama-3.3-70B-Instruct/TG/tensor_cache_instruct_bfp8/kvcache_torch.Size([2048, 1, 64, 128])_dtype_BFLOAT8_B_layout_TILE.tensorbin of shape Shape([2048, 1, 64, 128])
2026-08-29 09:26:27.436 | DEBUG    | core:as_tensor:724 - Loaded cache for /proj_sw/user_dev/ctr-apbernal/tt-metal/model_cache/meta-llama/Llama-3.3-70B-Instruct/TG/tensor_cache_instruct_bfp8/kvcache_torch.Size([2048, 1, 64, 128])_dtype_BFLOAT8_B_layout_TILE.tensorbin of shape Shape([2048, 1, 64, 128])
2026-08-29 09:26:27.765 | DEBUG    | core:as_tensor:724 - Loaded cache for /proj_sw/user_dev/ctr-apbernal/tt-metal/model_cache/meta-llama/Llama-3.3-70B-Instruct/TG/tensor_cache_instruct_bfp8/layers.19.feed_forward.w1_shardedprefetcher_dtype_BFLOAT4_B_layout_TILE.tensorbin of shape Shape([1, 1, 2048, 3584])
2026-08-29 09:26:28.267 | DEBUG    | core:as_tensor:724 - Loaded cache for /proj_sw/user_dev/ctr-apbernal/tt-metal/model_cache/meta-llama/Llama-3.3-70B-Instruct/TG/tensor_cache_instruct_bfp8/layers.19.feed_forward.w2_shardedprefetcher_dtype_BFLOAT8_B_layout_TILE.tensorbin of shape Shape([1, 1, 3584, 2048])
2026-08-29 09:26:28.641 | DEBUG    | core:as_tensor:724 - Loaded cache for /proj_sw/user_dev/ctr-apbernal/tt-metal/model_cache/meta-llama/Llama-3.3-70B-Instruct/TG/tensor_cache_instruct_bfp8/layers.19.feed_forward.w3_shardedprefetcher_dtype_BFLOAT4_B_layout_TILE.tensorbin of shape Shape([1, 1, 2048, 3584])
2026-08-29 09:26:29.118 | DEBUG    | core:as_tensor:724 - Loaded cache for /proj_sw/user_dev/ctr-apbernal/tt-metal/model_cache/meta-llama/Llama-3.3-70B-Instruct/TG/tensor_cache_instruct_bfp8/layers.19.feed_forward.w1_interleavedprefetcher_dtype_BFLOAT4_B_layout_TILE.tensorbin of shape Shape([1, 1, 2048, 3584])
2026-08-29 09:26:29.617 | DEBUG    | core:as_tensor:724 - Loaded cache for /proj_sw/user_dev/ctr-apbernal/tt-metal/model_cache/meta-llama/Llama-3.3-70B-Instruct/TG/tensor_cache_instruct_bfp8/layers.19.feed_forward.w2_interleavedprefetcher_dtype_BFLOAT8_B_layout_TILE.tensorbin of shape Shape([1, 1, 3584, 2048])
2026-08-29 09:26:29.910 | DEBUG    | core:as_tensor:724 - Loaded cache for /proj_sw/user_dev/ctr-apbernal/tt-metal/model_cache/meta-llama/Llama-3.3-70B-Instruct/TG/tensor_cache_instruct_bfp8/layers.19.feed_forward.w3_interleavedprefetcher_dtype_BFLOAT4_B_layout_TILE.tensorbin of shape Shape([1, 1, 2048, 3584])
2026-08-29 09:26:29.913 | DEBUG    | core:as_tensor:724 - Loaded cache for /proj_sw/user_dev/ctr-apbernal/tt-metal/model_cache/meta-llama/Llama-3.3-70B-Instruct/TG/tensor_cache_instruct_bfp8/layers.19.attention_norm.weight_dtype_BFLOAT16_layout_ROW_MAJOR.tensorbin of shape Shape([1, 1, 256, 32])
2026-08-29 09:26:29.915 | DEBUG    | core:as_tensor:724 - Loaded cache for /proj_sw/user_dev/ctr-apbernal/tt-metal/model_cache/meta-llama/Llama-3.3-70B-Instruct/TG/tensor_cache_instruct_bfp8/layers.19.attention_norm.weight_distributed_dtype_BFLOAT16_layout_ROW_MAJOR.tensorbin of shape Shape([1, 1, 64, 32])
2026-08-29 09:26:29.918 | DEBUG    | core:as_tensor:724 - Loaded cache for /proj_sw/user_dev/ctr-apbernal/tt-metal/model_cache/meta-llama/Llama-3.3-70B-Instruct/TG/tensor_cache_instruct_bfp8/layers.19.ffn_norm.weight_dtype_BFLOAT16_layout_ROW_MAJOR.tensorbin of shape Shape([1, 1, 256, 32])
2026-08-29 09:26:29.920 | DEBUG    | core:as_tensor:724 - Loaded cache for /proj_sw/user_dev/ctr-apbernal/tt-metal/model_cache/meta-llama/Llama-3.3-70B-Instruct/TG/tensor_cache_instruct_bfp8/layers.19.ffn_norm.weight_distributed_dtype_BFLOAT16_layout_ROW_MAJOR.tensorbin of shape Shape([1, 1, 64, 32])
 25%|██▌       | 20/80 [01:22<04:09,  4.17s/it]2026-08-29 09:26:30.221 | DEBUG    | core:as_tensor:724 - Loaded cache for /proj_sw/user_dev/ctr-apbernal/tt-metal/model_cache/meta-llama/Llama-3.3-70B-Instruct/TG/tensor_cache_instruct_bfp8/layers.20.attention.wqkv_sharded_2d_prefetcher_dtype_BFLOAT8_B_layout_TILE.tensorbin of shape Shape([1, 1, 2048, 1280])
2026-08-29 09:26:30.598 | DEBUG    | core:as_tensor:724 - Loaded cache for /proj_sw/user_dev/ctr-apbernal/tt-metal/model_cache/meta-llama/Llama-3.3-70B-Instruct/TG/tensor_cache_instruct_bfp8/layers.20.attention.wqkv_sharded_2d_dram_dtype_BFLOAT8_B_layout_TILE.tensorbin of shape Shape([1, 1, 2048, 1280])
2026-08-29 09:26:30.958 | DEBUG    | core:as_tensor:724 - Loaded cache for /proj_sw/user_dev/ctr-apbernal/tt-metal/model_cache/meta-llama/Llama-3.3-70B-Instruct/TG/tensor_cache_instruct_bfp8/layers.20.attention.wo_width_sharded_2d_prefetcher_dtype_BFLOAT8_B_layout_TILE.tensorbin of shape Shape([1, 1, 1024, 2048])
2026-08-29 09:26:31.231 | DEBUG    | core:as_tensor:724 - Loaded cache for /proj_sw/user_dev/ctr-apbernal/tt-metal/model_cache/meta-llama/Llama-3.3-70B-Instruct/TG/tensor_cache_instruct_bfp8/layers.20.attention.wo_width_sharded_2d_dram_dtype_BFLOAT8_B_layout_TILE.tensorbin of shape Shape([1, 1, 1024, 2048])
2026-08-29 09:26:31.702 | DEBUG    | core:as_tensor:724 - Loaded cache for /proj_sw/user_dev/ctr-apbernal/tt-metal/model_cache/meta-llama/Llama-3.3-70B-Instruct/TG/tensor_cache_instruct_bfp8/layers.20.attention.wo_col_sharded_dram_dtype_BFLOAT8_B_layout_TILE.tensorbin of shape Shape([1, 1, 8192, 2048])
2026-08-29 09:26:31.716 | DEBUG    | core:as_tensor:724 - Loaded cache for /proj_sw/user_dev/ctr-apbernal/tt-metal/model_cache/meta-llama/Llama-3.3-70B-Instruct/TG/tensor_cache_instruct_bfp8/kvcache_torch.Size([2048, 1, 64, 128])_dtype_BFLOAT8_B_layout_TILE.tensorbin of shape Shape([2048, 1, 64, 128])
2026-08-29 09:26:31.723 | DEBUG    | core:as_tensor:724 - Loaded cache for /proj_sw/user_dev/ctr-apbernal/tt-metal/model_cache/meta-llama/Llama-3.3-70B-Instruct/TG/tensor_cache_instruct_bfp8/kvcache_torch.Size([2048, 1, 64, 128])_dtype_BFLOAT8_B_layout_TILE.tensorbin of shape Shape([2048, 1, 64, 128])
2026-08-29 09:26:32.042 | DEBUG    | core:as_tensor:724 - Loaded cache for /proj_sw/user_dev/ctr-apbernal/tt-metal/model_cache/meta-llama/Llama-3.3-70B-Instruct/TG/tensor_cache_instruct_bfp8/layers.20.feed_forward.w1_shardedprefetcher_dtype_BFLOAT4_B_layout_TILE.tensorbin of shape Shape([1, 1, 2048, 3584])
2026-08-29 09:26:32.542 | DEBUG    | core:as_tensor:724 - Loaded cache for /proj_sw/user_dev/ctr-apbernal/tt-metal/model_cache/meta-llama/Llama-3.3-70B-Instruct/TG/tensor_cache_instruct_bfp8/layers.20.feed_forward.w2_shardedprefetcher_dtype_BFLOAT8_B_layout_TILE.tensorbin of shape Shape([1, 1, 3584, 2048])
2026-08-29 09:26:32.832 | DEBUG    | core:as_tensor:724 - Loaded cache for /proj_sw/user_dev/ctr-apbernal/tt-metal/model_cache/meta-llama/Llama-3.3-70B-Instruct/TG/tensor_cache_instruct_bfp8/layers.20.feed_forward.w3_shardedprefetcher_dtype_BFLOAT4_B_layout_TILE.tensorbin of shape Shape([1, 1, 2048, 3584])
2026-08-29 09:26:33.112 | DEBUG    | core:as_tensor:724 - Loaded cache for /proj_sw/user_dev/ctr-apbernal/tt-metal/model_cache/meta-llama/Llama-3.3-70B-Instruct/TG/tensor_cache_instruct_bfp8/layers.20.feed_forward.w1_interleavedprefetcher_dtype_BFLOAT4_B_layout_TILE.tensorbin of shape Shape([1, 1, 2048, 3584])
2026-08-29 09:26:33.611 | DEBUG    | core:as_tensor:724 - Loaded cache for /proj_sw/user_dev/ctr-apbernal/tt-metal/model_cache/meta-llama/Llama-3.3-70B-Instruct/TG/tensor_cache_instruct_bfp8/layers.20.feed_forward.w2_interleavedprefetcher_dtype_BFLOAT8_B_layout_TILE.tensorbin of shape Shape([1, 1, 3584, 2048])
2026-08-29 09:26:34.149 | DEBUG    | core:as_tensor:724 - Loaded cache for /proj_sw/user_dev/ctr-apbernal/tt-metal/model_cache/meta-llama/Llama-3.3-70B-Instruct/TG/tensor_cache_instruct_bfp8/layers.20.feed_forward.w3_interleavedprefetcher_dtype_BFLOAT4_B_layout_TILE.tensorbin of shape Shape([1, 1, 2048, 3584])
2026-08-29 09:26:34.153 | DEBUG    | core:as_tensor:724 - Loaded cache for /proj_sw/user_dev/ctr-apbernal/tt-metal/model_cache/meta-llama/Llama-3.3-70B-Instruct/TG/tensor_cache_instruct_bfp8/layers.20.attention_norm.weight_dtype_BFLOAT16_layout_ROW_MAJOR.tensorbin of shape Shape([1, 1, 256, 32])
2026-08-29 09:26:34.155 | DEBUG    | core:as_tensor:724 - Loaded cache for /proj_sw/user_dev/ctr-apbernal/tt-metal/model_cache/meta-llama/Llama-3.3-70B-Instruct/TG/tensor_cache_instruct_bfp8/layers.20.attention_norm.weight_distributed_dtype_BFLOAT16_layout_ROW_MAJOR.tensorbin of shape Shape([1, 1, 64, 32])
2026-08-29 09:26:34.157 | DEBUG    | core:as_tensor:724 - Loaded cache for /proj_sw/user_dev/ctr-apbernal/tt-metal/model_cache/meta-llama/Llama-3.3-70B-Instruct/TG/tensor_cache_instruct_bfp8/layers.20.ffn_norm.weight_dtype_BFLOAT16_layout_ROW_MAJOR.tensorbin of shape Shape([1, 1, 256, 32])
2026-08-29 09:26:34.159 | DEBUG    | core:as_tensor:724 - Loaded cache for /proj_sw/user_dev/ctr-apbernal/tt-metal/model_cache/meta-llama/Llama-3.3-70B-Instruct/TG/tensor_cache_instruct_bfp8/layers.20.ffn_norm.weight_distributed_dtype_BFLOAT16_layout_ROW_MAJOR.tensorbin of shape Shape([1, 1, 64, 32])
 26%|██▋       | 21/80 [01:26<04:07,  4.19s/it]2026-08-29 09:26:34.445 | DEBUG    | core:as_tensor:724 - Loaded cache for /proj_sw/user_dev/ctr-apbernal/tt-metal/model_cache/meta-llama/Llama-3.3-70B-Instruct/TG/tensor_cache_instruct_bfp8/layers.21.attention.wqkv_sharded_2d_prefetcher_dtype_BFLOAT8_B_layout_TILE.tensorbin of shape Shape([1, 1, 2048, 1280])
2026-08-29 09:26:34.672 | DEBUG    | core:as_tensor:724 - Loaded cache for /proj_sw/user_dev/ctr-apbernal/tt-metal/model_cache/meta-llama/Llama-3.3-70B-Instruct/TG/tensor_cache_instruct_bfp8/layers.21.attention.wqkv_sharded_2d_dram_dtype_BFLOAT8_B_layout_TILE.tensorbin of shape Shape([1, 1, 2048, 1280])
2026-08-29 09:26:34.999 | DEBUG    | core:as_tensor:724 - Loaded cache for /proj_sw/user_dev/ctr-apbernal/tt-metal/model_cache/meta-llama/Llama-3.3-70B-Instruct/TG/tensor_cache_instruct_bfp8/layers.21.attention.wo_width_sharded_2d_prefetcher_dtype_BFLOAT8_B_layout_TILE.tensorbin of shape Shape([1, 1, 1024, 2048])
2026-08-29 09:26:35.324 | DEBUG    | core:as_tensor:724 - Loaded cache for /proj_sw/user_dev/ctr-apbernal/tt-metal/model_cache/meta-llama/Llama-3.3-70B-Instruct/TG/tensor_cache_instruct_bfp8/layers.21.attention.wo_width_sharded_2d_dram_dtype_BFLOAT8_B_layout_TILE.tensorbin of shape Shape([1, 1, 1024, 2048])
2026-08-29 09:26:35.695 | DEBUG    | core:as_tensor:724 - Loaded cache for /proj_sw/user_dev/ctr-apbernal/tt-metal/model_cache/meta-llama/Llama-3.3-70B-Instruct/TG/tensor_cache_instruct_bfp8/layers.21.attention.wo_col_sharded_dram_dtype_BFLOAT8_B_layout_TILE.tensorbin of shape Shape([1, 1, 8192, 2048])
2026-08-29 09:26:35.711 | DEBUG    | core:as_tensor:724 - Loaded cache for /proj_sw/user_dev/ctr-apbernal/tt-metal/model_cache/meta-llama/Llama-3.3-70B-Instruct/TG/tensor_cache_instruct_bfp8/kvcache_torch.Size([2048, 1, 64, 128])_dtype_BFLOAT8_B_layout_TILE.tensorbin of shape Shape([2048, 1, 64, 128])
2026-08-29 09:26:35.720 | DEBUG    | core:as_tensor:724 - Loaded cache for /proj_sw/user_dev/ctr-apbernal/tt-metal/model_cache/meta-llama/Llama-3.3-70B-Instruct/TG/tensor_cache_instruct_bfp8/kvcache_torch.Size([2048, 1, 64, 128])_dtype_BFLOAT8_B_layout_TILE.tensorbin of shape Shape([2048, 1, 64, 128])
2026-08-29 09:26:36.025 | DEBUG    | core:as_tensor:724 - Loaded cache for /proj_sw/user_dev/ctr-apbernal/tt-metal/model_cache/meta-llama/Llama-3.3-70B-Instruct/TG/tensor_cache_instruct_bfp8/layers.21.feed_forward.w1_shardedprefetcher_dtype_BFLOAT4_B_layout_TILE.tensorbin of shape Shape([1, 1, 2048, 3584])
2026-08-29 09:26:36.532 | DEBUG    | core:as_tensor:724 - Loaded cache for /proj_sw/user_dev/ctr-apbernal/tt-metal/model_cache/meta-llama/Llama-3.3-70B-Instruct/TG/tensor_cache_instruct_bfp8/layers.21.feed_forward.w2_shardedprefetcher_dtype_BFLOAT8_B_layout_TILE.tensorbin of shape Shape([1, 1, 3584, 2048])
2026-08-29 09:26:37.061 | DEBUG    | core:as_tensor:724 - Loaded cache for /proj_sw/user_dev/ctr-apbernal/tt-metal/model_cache/meta-llama/Llama-3.3-70B-Instruct/TG/tensor_cache_instruct_bfp8/layers.21.feed_forward.w3_shardedprefetcher_dtype_BFLOAT4_B_layout_TILE.tensorbin of shape Shape([1, 1, 2048, 3584])
2026-08-29 09:26:37.493 | DEBUG    | core:as_tensor:724 - Loaded cache for /proj_sw/user_dev/ctr-apbernal/tt-metal/model_cache/meta-llama/Llama-3.3-70B-Instruct/TG/tensor_cache_instruct_bfp8/layers.21.feed_forward.w1_interleavedprefetcher_dtype_BFLOAT4_B_layout_TILE.tensorbin of shape Shape([1, 1, 2048, 3584])
2026-08-29 09:26:37.986 | DEBUG    | core:as_tensor:724 - Loaded cache for /proj_sw/user_dev/ctr-apbernal/tt-metal/model_cache/meta-llama/Llama-3.3-70B-Instruct/TG/tensor_cache_instruct_bfp8/layers.21.feed_forward.w2_interleavedprefetcher_dtype_BFLOAT8_B_layout_TILE.tensorbin of shape Shape([1, 1, 3584, 2048])
2026-08-29 09:26:38.453 | DEBUG    | core:as_tensor:724 - Loaded cache for /proj_sw/user_dev/ctr-apbernal/tt-metal/model_cache/meta-llama/Llama-3.3-70B-Instruct/TG/tensor_cache_instruct_bfp8/layers.21.feed_forward.w3_interleavedprefetcher_dtype_BFLOAT4_B_layout_TILE.tensorbin of shape Shape([1, 1, 2048, 3584])
2026-08-29 09:26:38.458 | DEBUG    | core:as_tensor:724 - Loaded cache for /proj_sw/user_dev/ctr-apbernal/tt-metal/model_cache/meta-llama/Llama-3.3-70B-Instruct/TG/tensor_cache_instruct_bfp8/layers.21.attention_norm.weight_dtype_BFLOAT16_layout_ROW_MAJOR.tensorbin of shape Shape([1, 1, 256, 32])
2026-08-29 09:26:38.460 | DEBUG    | core:as_tensor:724 - Loaded cache for /proj_sw/user_dev/ctr-apbernal/tt-metal/model_cache/meta-llama/Llama-3.3-70B-Instruct/TG/tensor_cache_instruct_bfp8/layers.21.attention_norm.weight_distributed_dtype_BFLOAT16_layout_ROW_MAJOR.tensorbin of shape Shape([1, 1, 64, 32])
2026-08-29 09:26:38.462 | DEBUG    | core:as_tensor:724 - Loaded cache for /proj_sw/user_dev/ctr-apbernal/tt-metal/model_cache/meta-llama/Llama-3.3-70B-Instruct/TG/tensor_cache_instruct_bfp8/layers.21.ffn_norm.weight_dtype_BFLOAT16_layout_ROW_MAJOR.tensorbin of shape Shape([1, 1, 256, 32])
2026-08-29 09:26:38.464 | DEBUG    | core:as_tensor:724 - Loaded cache for /proj_sw/user_dev/ctr-apbernal/tt-metal/model_cache/meta-llama/Llama-3.3-70B-Instruct/TG/tensor_cache_instruct_bfp8/layers.21.ffn_norm.weight_distributed_dtype_BFLOAT16_layout_ROW_MAJOR.tensorbin of shape Shape([1, 1, 64, 32])
 28%|██▊       | 22/80 [01:31<04:04,  4.22s/it]2026-08-29 09:26:38.850 | DEBUG    | core:as_tensor:724 - Loaded cache for /proj_sw/user_dev/ctr-apbernal/tt-metal/model_cache/meta-llama/Llama-3.3-70B-Instruct/TG/tensor_cache_instruct_bfp8/layers.22.attention.wqkv_sharded_2d_prefetcher_dtype_BFLOAT8_B_layout_TILE.tensorbin of shape Shape([1, 1, 2048, 1280])
2026-08-29 09:26:39.216 | DEBUG    | core:as_tensor:724 - Loaded cache for /proj_sw/user_dev/ctr-apbernal/tt-metal/model_cache/meta-llama/Llama-3.3-70B-Instruct/TG/tensor_cache_instruct_bfp8/layers.22.attention.wqkv_sharded_2d_dram_dtype_BFLOAT8_B_layout_TILE.tensorbin of shape Shape([1, 1, 2048, 1280])
2026-08-29 09:26:39.559 | DEBUG    | core:as_tensor:724 - Loaded cache for /proj_sw/user_dev/ctr-apbernal/tt-metal/model_cache/meta-llama/Llama-3.3-70B-Instruct/TG/tensor_cache_instruct_bfp8/layers.22.attention.wo_width_sharded_2d_prefetcher_dtype_BFLOAT8_B_layout_TILE.tensorbin of shape Shape([1, 1, 1024, 2048])
2026-08-29 09:26:39.835 | DEBUG    | core:as_tensor:724 - Loaded cache for /proj_sw/user_dev/ctr-apbernal/tt-metal/model_cache/meta-llama/Llama-3.3-70B-Instruct/TG/tensor_cache_instruct_bfp8/layers.22.attention.wo_width_sharded_2d_dram_dtype_BFLOAT8_B_layout_TILE.tensorbin of shape Shape([1, 1, 1024, 2048])
2026-08-29 09:26:40.250 | DEBUG    | core:as_tensor:724 - Loaded cache for /proj_sw/user_dev/ctr-apbernal/tt-metal/model_cache/meta-llama/Llama-3.3-70B-Instruct/TG/tensor_cache_instruct_bfp8/layers.22.attention.wo_col_sharded_dram_dtype_BFLOAT8_B_layout_TILE.tensorbin of shape Shape([1, 1, 8192, 2048])
2026-08-29 09:26:40.264 | DEBUG    | core:as_tensor:724 - Loaded cache for /proj_sw/user_dev/ctr-apbernal/tt-metal/model_cache/meta-llama/Llama-3.3-70B-Instruct/TG/tensor_cache_instruct_bfp8/kvcache_torch.Size([2048, 1, 64, 128])_dtype_BFLOAT8_B_layout_TILE.tensorbin of shape Shape([2048, 1, 64, 128])
2026-08-29 09:26:40.273 | DEBUG    | core:as_tensor:724 - Loaded cache for /proj_sw/user_dev/ctr-apbernal/tt-metal/model_cache/meta-llama/Llama-3.3-70B-Instruct/TG/tensor_cache_instruct_bfp8/kvcache_torch.Size([2048, 1, 64, 128])_dtype_BFLOAT8_B_layout_TILE.tensorbin of shape Shape([2048, 1, 64, 128])
2026-08-29 09:26:40.597 | DEBUG    | core:as_tensor:724 - Loaded cache for /proj_sw/user_dev/ctr-apbernal/tt-metal/model_cache/meta-llama/Llama-3.3-70B-Instruct/TG/tensor_cache_instruct_bfp8/layers.22.feed_forward.w1_shardedprefetcher_dtype_BFLOAT4_B_layout_TILE.tensorbin of shape Shape([1, 1, 2048, 3584])
2026-08-29 09:26:41.108 | DEBUG    | core:as_tensor:724 - Loaded cache for /proj_sw/user_dev/ctr-apbernal/tt-metal/model_cache/meta-llama/Llama-3.3-70B-Instruct/TG/tensor_cache_instruct_bfp8/layers.22.feed_forward.w2_shardedprefetcher_dtype_BFLOAT8_B_layout_TILE.tensorbin of shape Shape([1, 1, 3584, 2048])
2026-08-29 09:26:41.403 | DEBUG    | core:as_tensor:724 - Loaded cache for /proj_sw/user_dev/ctr-apbernal/tt-metal/model_cache/meta-llama/Llama-3.3-70B-Instruct/TG/tensor_cache_instruct_bfp8/layers.22.feed_forward.w3_shardedprefetcher_dtype_BFLOAT4_B_layout_TILE.tensorbin of shape Shape([1, 1, 2048, 3584])
2026-08-29 09:26:41.737 | DEBUG    | core:as_tensor:724 - Loaded cache for /proj_sw/user_dev/ctr-apbernal/tt-metal/model_cache/meta-llama/Llama-3.3-70B-Instruct/TG/tensor_cache_instruct_bfp8/layers.22.feed_forward.w1_interleavedprefetcher_dtype_BFLOAT4_B_layout_TILE.tensorbin of shape Shape([1, 1, 2048, 3584])
2026-08-29 09:26:42.240 | DEBUG    | core:as_tensor:724 - Loaded cache for /proj_sw/user_dev/ctr-apbernal/tt-metal/model_cache/meta-llama/Llama-3.3-70B-Instruct/TG/tensor_cache_instruct_bfp8/layers.22.feed_forward.w2_interleavedprefetcher_dtype_BFLOAT8_B_layout_TILE.tensorbin of shape Shape([1, 1, 3584, 2048])
2026-08-29 09:26:42.528 | DEBUG    | core:as_tensor:724 - Loaded cache for /proj_sw/user_dev/ctr-apbernal/tt-metal/model_cache/meta-llama/Llama-3.3-70B-Instruct/TG/tensor_cache_instruct_bfp8/layers.22.feed_forward.w3_interleavedprefetcher_dtype_BFLOAT4_B_layout_TILE.tensorbin of shape Shape([1, 1, 2048, 3584])
2026-08-29 09:26:42.531 | DEBUG    | core:as_tensor:724 - Loaded cache for /proj_sw/user_dev/ctr-apbernal/tt-metal/model_cache/meta-llama/Llama-3.3-70B-Instruct/TG/tensor_cache_instruct_bfp8/layers.22.attention_norm.weight_dtype_BFLOAT16_layout_ROW_MAJOR.tensorbin of shape Shape([1, 1, 256, 32])
2026-08-29 09:26:42.533 | DEBUG    | core:as_tensor:724 - Loaded cache for /proj_sw/user_dev/ctr-apbernal/tt-metal/model_cache/meta-llama/Llama-3.3-70B-Instruct/TG/tensor_cache_instruct_bfp8/layers.22.attention_norm.weight_distributed_dtype_BFLOAT16_layout_ROW_MAJOR.tensorbin of shape Shape([1, 1, 64, 32])
2026-08-29 09:26:42.535 | DEBUG    | core:as_tensor:724 - Loaded cache for /proj_sw/user_dev/ctr-apbernal/tt-metal/model_cache/meta-llama/Llama-3.3-70B-Instruct/TG/tensor_cache_instruct_bfp8/layers.22.ffn_norm.weight_dtype_BFLOAT16_layout_ROW_MAJOR.tensorbin of shape Shape([1, 1, 256, 32])
2026-08-29 09:26:42.537 | DEBUG    | core:as_tensor:724 - Loaded cache for /proj_sw/user_dev/ctr-apbernal/tt-metal/model_cache/meta-llama/Llama-3.3-70B-Instruct/TG/tensor_cache_instruct_bfp8/layers.22.ffn_norm.weight_distributed_dtype_BFLOAT16_layout_ROW_MAJOR.tensorbin of shape Shape([1, 1, 64, 32])
 29%|██▉       | 23/80 [01:35<03:58,  4.18s/it]2026-08-29 09:26:42.971 | DEBUG    | core:as_tensor:724 - Loaded cache for /proj_sw/user_dev/ctr-apbernal/tt-metal/model_cache/meta-llama/Llama-3.3-70B-Instruct/TG/tensor_cache_instruct_bfp8/layers.23.attention.wqkv_sharded_2d_prefetcher_dtype_BFLOAT8_B_layout_TILE.tensorbin of shape Shape([1, 1, 2048, 1280])
2026-08-29 09:26:43.271 | DEBUG    | core:as_tensor:724 - Loaded cache for /proj_sw/user_dev/ctr-apbernal/tt-metal/model_cache/meta-llama/Llama-3.3-70B-Instruct/TG/tensor_cache_instruct_bfp8/layers.23.attention.wqkv_sharded_2d_dram_dtype_BFLOAT8_B_layout_TILE.tensorbin of shape Shape([1, 1, 2048, 1280])
2026-08-29 09:26:43.541 | DEBUG    | core:as_tensor:724 - Loaded cache for /proj_sw/user_dev/ctr-apbernal/tt-metal/model_cache/meta-llama/Llama-3.3-70B-Instruct/TG/tensor_cache_instruct_bfp8/layers.23.attention.wo_width_sharded_2d_prefetcher_dtype_BFLOAT8_B_layout_TILE.tensorbin of shape Shape([1, 1, 1024, 2048])
2026-08-29 09:26:43.891 | DEBUG    | core:as_tensor:724 - Loaded cache for /proj_sw/user_dev/ctr-apbernal/tt-metal/model_cache/meta-llama/Llama-3.3-70B-Instruct/TG/tensor_cache_instruct_bfp8/layers.23.attention.wo_width_sharded_2d_dram_dtype_BFLOAT8_B_layout_TILE.tensorbin of shape Shape([1, 1, 1024, 2048])
2026-08-29 09:26:44.314 | DEBUG    | core:as_tensor:724 - Loaded cache for /proj_sw/user_dev/ctr-apbernal/tt-metal/model_cache/meta-llama/Llama-3.3-70B-Instruct/TG/tensor_cache_instruct_bfp8/layers.23.attention.wo_col_sharded_dram_dtype_BFLOAT8_B_layout_TILE.tensorbin of shape Shape([1, 1, 8192, 2048])
2026-08-29 09:26:44.330 | DEBUG    | core:as_tensor:724 - Loaded cache for /proj_sw/user_dev/ctr-apbernal/tt-metal/model_cache/meta-llama/Llama-3.3-70B-Instruct/TG/tensor_cache_instruct_bfp8/kvcache_torch.Size([2048, 1, 64, 128])_dtype_BFLOAT8_B_layout_TILE.tensorbin of shape Shape([2048, 1, 64, 128])
2026-08-29 09:26:44.338 | DEBUG    | core:as_tensor:724 - Loaded cache for /proj_sw/user_dev/ctr-apbernal/tt-metal/model_cache/meta-llama/Llama-3.3-70B-Instruct/TG/tensor_cache_instruct_bfp8/kvcache_torch.Size([2048, 1, 64, 128])_dtype_BFLOAT8_B_layout_TILE.tensorbin of shape Shape([2048, 1, 64, 128])
2026-08-29 09:26:44.642 | DEBUG    | core:as_tensor:724 - Loaded cache for /proj_sw/user_dev/ctr-apbernal/tt-metal/model_cache/meta-llama/Llama-3.3-70B-Instruct/TG/tensor_cache_instruct_bfp8/layers.23.feed_forward.w1_shardedprefetcher_dtype_BFLOAT4_B_layout_TILE.tensorbin of shape Shape([1, 1, 2048, 3584])
2026-08-29 09:26:45.145 | DEBUG    | core:as_tensor:724 - Loaded cache for /proj_sw/user_dev/ctr-apbernal/tt-metal/model_cache/meta-llama/Llama-3.3-70B-Instruct/TG/tensor_cache_instruct_bfp8/layers.23.feed_forward.w2_shardedprefetcher_dtype_BFLOAT8_B_layout_TILE.tensorbin of shape Shape([1, 1, 3584, 2048])
2026-08-29 09:26:45.631 | DEBUG    | core:as_tensor:724 - Loaded cache for /proj_sw/user_dev/ctr-apbernal/tt-metal/model_cache/meta-llama/Llama-3.3-70B-Instruct/TG/tensor_cache_instruct_bfp8/layers.23.feed_forward.w3_shardedprefetcher_dtype_BFLOAT4_B_layout_TILE.tensorbin of shape Shape([1, 1, 2048, 3584])
2026-08-29 09:26:45.913 | DEBUG    | core:as_tensor:724 - Loaded cache for /proj_sw/user_dev/ctr-apbernal/tt-metal/model_cache/meta-llama/Llama-3.3-70B-Instruct/TG/tensor_cache_instruct_bfp8/layers.23.feed_forward.w1_interleavedprefetcher_dtype_BFLOAT4_B_layout_TILE.tensorbin of shape Shape([1, 1, 2048, 3584])
2026-08-29 09:26:46.400 | DEBUG    | core:as_tensor:724 - Loaded cache for /proj_sw/user_dev/ctr-apbernal/tt-metal/model_cache/meta-llama/Llama-3.3-70B-Instruct/TG/tensor_cache_instruct_bfp8/layers.23.feed_forward.w2_interleavedprefetcher_dtype_BFLOAT8_B_layout_TILE.tensorbin of shape Shape([1, 1, 3584, 2048])
2026-08-29 09:26:46.758 | DEBUG    | core:as_tensor:724 - Loaded cache for /proj_sw/user_dev/ctr-apbernal/tt-metal/model_cache/meta-llama/Llama-3.3-70B-Instruct/TG/tensor_cache_instruct_bfp8/layers.23.feed_forward.w3_interleavedprefetcher_dtype_BFLOAT4_B_layout_TILE.tensorbin of shape Shape([1, 1, 2048, 3584])
2026-08-29 09:26:46.764 | DEBUG    | core:as_tensor:724 - Loaded cache for /proj_sw/user_dev/ctr-apbernal/tt-metal/model_cache/meta-llama/Llama-3.3-70B-Instruct/TG/tensor_cache_instruct_bfp8/layers.23.attention_norm.weight_dtype_BFLOAT16_layout_ROW_MAJOR.tensorbin of shape Shape([1, 1, 256, 32])
2026-08-29 09:26:46.766 | DEBUG    | core:as_tensor:724 - Loaded cache for /proj_sw/user_dev/ctr-apbernal/tt-metal/model_cache/meta-llama/Llama-3.3-70B-Instruct/TG/tensor_cache_instruct_bfp8/layers.23.attention_norm.weight_distributed_dtype_BFLOAT16_layout_ROW_MAJOR.tensorbin of shape Shape([1, 1, 64, 32])
2026-08-29 09:26:46.768 | DEBUG    | core:as_tensor:724 - Loaded cache for /proj_sw/user_dev/ctr-apbernal/tt-metal/model_cache/meta-llama/Llama-3.3-70B-Instruct/TG/tensor_cache_instruct_bfp8/layers.23.ffn_norm.weight_dtype_BFLOAT16_layout_ROW_MAJOR.tensorbin of shape Shape([1, 1, 256, 32])
2026-08-29 09:26:46.771 | DEBUG    | core:as_tensor:724 - Loaded cache for /proj_sw/user_dev/ctr-apbernal/tt-metal/model_cache/meta-llama/Llama-3.3-70B-Instruct/TG/tensor_cache_instruct_bfp8/layers.23.ffn_norm.weight_distributed_dtype_BFLOAT16_layout_ROW_MAJOR.tensorbin of shape Shape([1, 1, 64, 32])
 30%|███       | 24/80 [01:39<03:54,  4.19s/it]2026-08-29 09:26:47.042 | DEBUG    | core:as_tensor:724 - Loaded cache for /proj_sw/user_dev/ctr-apbernal/tt-metal/model_cache/meta-llama/Llama-3.3-70B-Instruct/TG/tensor_cache_instruct_bfp8/layers.24.attention.wqkv_sharded_2d_prefetcher_dtype_BFLOAT8_B_layout_TILE.tensorbin of shape Shape([1, 1, 2048, 1280])
2026-08-29 09:26:47.413 | DEBUG    | core:as_tensor:724 - Loaded cache for /proj_sw/user_dev/ctr-apbernal/tt-metal/model_cache/meta-llama/Llama-3.3-70B-Instruct/TG/tensor_cache_instruct_bfp8/layers.24.attention.wqkv_sharded_2d_dram_dtype_BFLOAT8_B_layout_TILE.tensorbin of shape Shape([1, 1, 2048, 1280])
2026-08-29 09:26:47.736 | DEBUG    | core:as_tensor:724 - Loaded cache for /proj_sw/user_dev/ctr-apbernal/tt-metal/model_cache/meta-llama/Llama-3.3-70B-Instruct/TG/tensor_cache_instruct_bfp8/layers.24.attention.wo_width_sharded_2d_prefetcher_dtype_BFLOAT8_B_layout_TILE.tensorbin of shape Shape([1, 1, 1024, 2048])
2026-08-29 09:26:48.076 | DEBUG    | core:as_tensor:724 - Loaded cache for /proj_sw/user_dev/ctr-apbernal/tt-metal/model_cache/meta-llama/Llama-3.3-70B-Instruct/TG/tensor_cache_instruct_bfp8/layers.24.attention.wo_width_sharded_2d_dram_dtype_BFLOAT8_B_layout_TILE.tensorbin of shape Shape([1, 1, 1024, 2048])
2026-08-29 09:26:48.486 | DEBUG    | core:as_tensor:724 - Loaded cache for /proj_sw/user_dev/ctr-apbernal/tt-metal/model_cache/meta-llama/Llama-3.3-70B-Instruct/TG/tensor_cache_instruct_bfp8/layers.24.attention.wo_col_sharded_dram_dtype_BFLOAT8_B_layout_TILE.tensorbin of shape Shape([1, 1, 8192, 2048])
2026-08-29 09:26:48.500 | DEBUG    | core:as_tensor:724 - Loaded cache for /proj_sw/user_dev/ctr-apbernal/tt-metal/model_cache/meta-llama/Llama-3.3-70B-Instruct/TG/tensor_cache_instruct_bfp8/kvcache_torch.Size([2048, 1, 64, 128])_dtype_BFLOAT8_B_layout_TILE.tensorbin of shape Shape([2048, 1, 64, 128])
2026-08-29 09:26:48.508 | DEBUG    | core:as_tensor:724 - Loaded cache for /proj_sw/user_dev/ctr-apbernal/tt-metal/model_cache/meta-llama/Llama-3.3-70B-Instruct/TG/tensor_cache_instruct_bfp8/kvcache_torch.Size([2048, 1, 64, 128])_dtype_BFLOAT8_B_layout_TILE.tensorbin of shape Shape([2048, 1, 64, 128])
2026-08-29 09:26:48.837 | DEBUG    | core:as_tensor:724 - Loaded cache for /proj_sw/user_dev/ctr-apbernal/tt-metal/model_cache/meta-llama/Llama-3.3-70B-Instruct/TG/tensor_cache_instruct_bfp8/layers.24.feed_forward.w1_shardedprefetcher_dtype_BFLOAT4_B_layout_TILE.tensorbin of shape Shape([1, 1, 2048, 3584])
2026-08-29 09:26:49.339 | DEBUG    | core:as_tensor:724 - Loaded cache for /proj_sw/user_dev/ctr-apbernal/tt-metal/model_cache/meta-llama/Llama-3.3-70B-Instruct/TG/tensor_cache_instruct_bfp8/layers.24.feed_forward.w2_shardedprefetcher_dtype_BFLOAT8_B_layout_TILE.tensorbin of shape Shape([1, 1, 3584, 2048])
2026-08-29 09:26:49.647 | DEBUG    | core:as_tensor:724 - Loaded cache for /proj_sw/user_dev/ctr-apbernal/tt-metal/model_cache/meta-llama/Llama-3.3-70B-Instruct/TG/tensor_cache_instruct_bfp8/layers.24.feed_forward.w3_shardedprefetcher_dtype_BFLOAT4_B_layout_TILE.tensorbin of shape Shape([1, 1, 2048, 3584])
2026-08-29 09:26:50.008 | DEBUG    | core:as_tensor:724 - Loaded cache for /proj_sw/user_dev/ctr-apbernal/tt-metal/model_cache/meta-llama/Llama-3.3-70B-Instruct/TG/tensor_cache_instruct_bfp8/layers.24.feed_forward.w1_interleavedprefetcher_dtype_BFLOAT4_B_layout_TILE.tensorbin of shape Shape([1, 1, 2048, 3584])
2026-08-29 09:26:50.506 | DEBUG    | core:as_tensor:724 - Loaded cache for /proj_sw/user_dev/ctr-apbernal/tt-metal/model_cache/meta-llama/Llama-3.3-70B-Instruct/TG/tensor_cache_instruct_bfp8/layers.24.feed_forward.w2_interleavedprefetcher_dtype_BFLOAT8_B_layout_TILE.tensorbin of shape Shape([1, 1, 3584, 2048])
2026-08-29 09:26:50.800 | DEBUG    | core:as_tensor:724 - Loaded cache for /proj_sw/user_dev/ctr-apbernal/tt-metal/model_cache/meta-llama/Llama-3.3-70B-Instruct/TG/tensor_cache_instruct_bfp8/layers.24.feed_forward.w3_interleavedprefetcher_dtype_BFLOAT4_B_layout_TILE.tensorbin of shape Shape([1, 1, 2048, 3584])
2026-08-29 09:26:50.803 | DEBUG    | core:as_tensor:724 - Loaded cache for /proj_sw/user_dev/ctr-apbernal/tt-metal/model_cache/meta-llama/Llama-3.3-70B-Instruct/TG/tensor_cache_instruct_bfp8/layers.24.attention_norm.weight_dtype_BFLOAT16_layout_ROW_MAJOR.tensorbin of shape Shape([1, 1, 256, 32])
2026-08-29 09:26:50.806 | DEBUG    | core:as_tensor:724 - Loaded cache for /proj_sw/user_dev/ctr-apbernal/tt-metal/model_cache/meta-llama/Llama-3.3-70B-Instruct/TG/tensor_cache_instruct_bfp8/layers.24.attention_norm.weight_distributed_dtype_BFLOAT16_layout_ROW_MAJOR.tensorbin of shape Shape([1, 1, 64, 32])
2026-08-29 09:26:50.808 | DEBUG    | core:as_tensor:724 - Loaded cache for /proj_sw/user_dev/ctr-apbernal/tt-metal/model_cache/meta-llama/Llama-3.3-70B-Instruct/TG/tensor_cache_instruct_bfp8/layers.24.ffn_norm.weight_dtype_BFLOAT16_layout_ROW_MAJOR.tensorbin of shape Shape([1, 1, 256, 32])
2026-08-29 09:26:50.810 | DEBUG    | core:as_tensor:724 - Loaded cache for /proj_sw/user_dev/ctr-apbernal/tt-metal/model_cache/meta-llama/Llama-3.3-70B-Instruct/TG/tensor_cache_instruct_bfp8/layers.24.ffn_norm.weight_distributed_dtype_BFLOAT16_layout_ROW_MAJOR.tensorbin of shape Shape([1, 1, 64, 32])
 31%|███▏      | 25/80 [01:43<03:48,  4.15s/it]2026-08-29 09:26:51.076 | DEBUG    | core:as_tensor:724 - Loaded cache for /proj_sw/user_dev/ctr-apbernal/tt-metal/model_cache/meta-llama/Llama-3.3-70B-Instruct/TG/tensor_cache_instruct_bfp8/layers.25.attention.wqkv_sharded_2d_prefetcher_dtype_BFLOAT8_B_layout_TILE.tensorbin of shape Shape([1, 1, 2048, 1280])
2026-08-29 09:26:51.455 | DEBUG    | core:as_tensor:724 - Loaded cache for /proj_sw/user_dev/ctr-apbernal/tt-metal/model_cache/meta-llama/Llama-3.3-70B-Instruct/TG/tensor_cache_instruct_bfp8/layers.25.attention.wqkv_sharded_2d_dram_dtype_BFLOAT8_B_layout_TILE.tensorbin of shape Shape([1, 1, 2048, 1280])
2026-08-29 09:26:51.702 | DEBUG    | core:as_tensor:724 - Loaded cache for /proj_sw/user_dev/ctr-apbernal/tt-metal/model_cache/meta-llama/Llama-3.3-70B-Instruct/TG/tensor_cache_instruct_bfp8/layers.25.attention.wo_width_sharded_2d_prefetcher_dtype_BFLOAT8_B_layout_TILE.tensorbin of shape Shape([1, 1, 1024, 2048])
2026-08-29 09:26:51.911 | DEBUG    | core:as_tensor:724 - Loaded cache for /proj_sw/user_dev/ctr-apbernal/tt-metal/model_cache/meta-llama/Llama-3.3-70B-Instruct/TG/tensor_cache_instruct_bfp8/layers.25.attention.wo_width_sharded_2d_dram_dtype_BFLOAT8_B_layout_TILE.tensorbin of shape Shape([1, 1, 1024, 2048])
2026-08-29 09:26:52.376 | DEBUG    | core:as_tensor:724 - Loaded cache for /proj_sw/user_dev/ctr-apbernal/tt-metal/model_cache/meta-llama/Llama-3.3-70B-Instruct/TG/tensor_cache_instruct_bfp8/layers.25.attention.wo_col_sharded_dram_dtype_BFLOAT8_B_layout_TILE.tensorbin of shape Shape([1, 1, 8192, 2048])
2026-08-29 09:26:52.391 | DEBUG    | core:as_tensor:724 - Loaded cache for /proj_sw/user_dev/ctr-apbernal/tt-metal/model_cache/meta-llama/Llama-3.3-70B-Instruct/TG/tensor_cache_instruct_bfp8/kvcache_torch.Size([2048, 1, 64, 128])_dtype_BFLOAT8_B_layout_TILE.tensorbin of shape Shape([2048, 1, 64, 128])
2026-08-29 09:26:52.399 | DEBUG    | core:as_tensor:724 - Loaded cache for /proj_sw/user_dev/ctr-apbernal/tt-metal/model_cache/meta-llama/Llama-3.3-70B-Instruct/TG/tensor_cache_instruct_bfp8/kvcache_torch.Size([2048, 1, 64, 128])_dtype_BFLOAT8_B_layout_TILE.tensorbin of shape Shape([2048, 1, 64, 128])
2026-08-29 09:26:52.726 | DEBUG    | core:as_tensor:724 - Loaded cache for /proj_sw/user_dev/ctr-apbernal/tt-metal/model_cache/meta-llama/Llama-3.3-70B-Instruct/TG/tensor_cache_instruct_bfp8/layers.25.feed_forward.w1_shardedprefetcher_dtype_BFLOAT4_B_layout_TILE.tensorbin of shape Shape([1, 1, 2048, 3584])
2026-08-29 09:26:53.230 | DEBUG    | core:as_tensor:724 - Loaded cache for /proj_sw/user_dev/ctr-apbernal/tt-metal/model_cache/meta-llama/Llama-3.3-70B-Instruct/TG/tensor_cache_instruct_bfp8/layers.25.feed_forward.w2_shardedprefetcher_dtype_BFLOAT8_B_layout_TILE.tensorbin of shape Shape([1, 1, 3584, 2048])
2026-08-29 09:26:53.576 | DEBUG    | core:as_tensor:724 - Loaded cache for /proj_sw/user_dev/ctr-apbernal/tt-metal/model_cache/meta-llama/Llama-3.3-70B-Instruct/TG/tensor_cache_instruct_bfp8/layers.25.feed_forward.w3_shardedprefetcher_dtype_BFLOAT4_B_layout_TILE.tensorbin of shape Shape([1, 1, 2048, 3584])
2026-08-29 09:26:54.046 | DEBUG    | core:as_tensor:724 - Loaded cache for /proj_sw/user_dev/ctr-apbernal/tt-metal/model_cache/meta-llama/Llama-3.3-70B-Instruct/TG/tensor_cache_instruct_bfp8/layers.25.feed_forward.w1_interleavedprefetcher_dtype_BFLOAT4_B_layout_TILE.tensorbin of shape Shape([1, 1, 2048, 3584])
2026-08-29 09:26:54.550 | DEBUG    | core:as_tensor:724 - Loaded cache for /proj_sw/user_dev/ctr-apbernal/tt-metal/model_cache/meta-llama/Llama-3.3-70B-Instruct/TG/tensor_cache_instruct_bfp8/layers.25.feed_forward.w2_interleavedprefetcher_dtype_BFLOAT8_B_layout_TILE.tensorbin of shape Shape([1, 1, 3584, 2048])
2026-08-29 09:26:54.835 | DEBUG    | core:as_tensor:724 - Loaded cache for /proj_sw/user_dev/ctr-apbernal/tt-metal/model_cache/meta-llama/Llama-3.3-70B-Instruct/TG/tensor_cache_instruct_bfp8/layers.25.feed_forward.w3_interleavedprefetcher_dtype_BFLOAT4_B_layout_TILE.tensorbin of shape Shape([1, 1, 2048, 3584])
2026-08-29 09:26:54.838 | DEBUG    | core:as_tensor:724 - Loaded cache for /proj_sw/user_dev/ctr-apbernal/tt-metal/model_cache/meta-llama/Llama-3.3-70B-Instruct/TG/tensor_cache_instruct_bfp8/layers.25.attention_norm.weight_dtype_BFLOAT16_layout_ROW_MAJOR.tensorbin of shape Shape([1, 1, 256, 32])
2026-08-29 09:26:54.840 | DEBUG    | core:as_tensor:724 - Loaded cache for /proj_sw/user_dev/ctr-apbernal/tt-metal/model_cache/meta-llama/Llama-3.3-70B-Instruct/TG/tensor_cache_instruct_bfp8/layers.25.attention_norm.weight_distributed_dtype_BFLOAT16_layout_ROW_MAJOR.tensorbin of shape Shape([1, 1, 64, 32])
2026-08-29 09:26:54.842 | DEBUG    | core:as_tensor:724 - Loaded cache for /proj_sw/user_dev/ctr-apbernal/tt-metal/model_cache/meta-llama/Llama-3.3-70B-Instruct/TG/tensor_cache_instruct_bfp8/layers.25.ffn_norm.weight_dtype_BFLOAT16_layout_ROW_MAJOR.tensorbin of shape Shape([1, 1, 256, 32])
2026-08-29 09:26:54.845 | DEBUG    | core:as_tensor:724 - Loaded cache for /proj_sw/user_dev/ctr-apbernal/tt-metal/model_cache/meta-llama/Llama-3.3-70B-Instruct/TG/tensor_cache_instruct_bfp8/layers.25.ffn_norm.weight_distributed_dtype_BFLOAT16_layout_ROW_MAJOR.tensorbin of shape Shape([1, 1, 64, 32])
 32%|███▎      | 26/80 [01:47<03:42,  4.11s/it]2026-08-29 09:26:55.246 | DEBUG    | core:as_tensor:724 - Loaded cache for /proj_sw/user_dev/ctr-apbernal/tt-metal/model_cache/meta-llama/Llama-3.3-70B-Instruct/TG/tensor_cache_instruct_bfp8/layers.26.attention.wqkv_sharded_2d_prefetcher_dtype_BFLOAT8_B_layout_TILE.tensorbin of shape Shape([1, 1, 2048, 1280])
2026-08-29 09:26:55.639 | DEBUG    | core:as_tensor:724 - Loaded cache for /proj_sw/user_dev/ctr-apbernal/tt-metal/model_cache/meta-llama/Llama-3.3-70B-Instruct/TG/tensor_cache_instruct_bfp8/layers.26.attention.wqkv_sharded_2d_dram_dtype_BFLOAT8_B_layout_TILE.tensorbin of shape Shape([1, 1, 2048, 1280])
2026-08-29 09:26:55.966 | DEBUG    | core:as_tensor:724 - Loaded cache for /proj_sw/user_dev/ctr-apbernal/tt-metal/model_cache/meta-llama/Llama-3.3-70B-Instruct/TG/tensor_cache_instruct_bfp8/layers.26.attention.wo_width_sharded_2d_prefetcher_dtype_BFLOAT8_B_layout_TILE.tensorbin of shape Shape([1, 1, 1024, 2048])
2026-08-29 09:26:56.307 | DEBUG    | core:as_tensor:724 - Loaded cache for /proj_sw/user_dev/ctr-apbernal/tt-metal/model_cache/meta-llama/Llama-3.3-70B-Instruct/TG/tensor_cache_instruct_bfp8/layers.26.attention.wo_width_sharded_2d_dram_dtype_BFLOAT8_B_layout_TILE.tensorbin of shape Shape([1, 1, 1024, 2048])
2026-08-29 09:26:56.473 | DEBUG    | core:as_tensor:724 - Loaded cache for /proj_sw/user_dev/ctr-apbernal/tt-metal/model_cache/meta-llama/Llama-3.3-70B-Instruct/TG/tensor_cache_instruct_bfp8/layers.26.attention.wo_col_sharded_dram_dtype_BFLOAT8_B_layout_TILE.tensorbin of shape Shape([1, 1, 8192, 2048])
2026-08-29 09:26:56.487 | DEBUG    | core:as_tensor:724 - Loaded cache for /proj_sw/user_dev/ctr-apbernal/tt-metal/model_cache/meta-llama/Llama-3.3-70B-Instruct/TG/tensor_cache_instruct_bfp8/kvcache_torch.Size([2048, 1, 64, 128])_dtype_BFLOAT8_B_layout_TILE.tensorbin of shape Shape([2048, 1, 64, 128])
2026-08-29 09:26:56.496 | DEBUG    | core:as_tensor:724 - Loaded cache for /proj_sw/user_dev/ctr-apbernal/tt-metal/model_cache/meta-llama/Llama-3.3-70B-Instruct/TG/tensor_cache_instruct_bfp8/kvcache_torch.Size([2048, 1, 64, 128])_dtype_BFLOAT8_B_layout_TILE.tensorbin of shape Shape([2048, 1, 64, 128])
2026-08-29 09:26:56.818 | DEBUG    | core:as_tensor:724 - Loaded cache for /proj_sw/user_dev/ctr-apbernal/tt-metal/model_cache/meta-llama/Llama-3.3-70B-Instruct/TG/tensor_cache_instruct_bfp8/layers.26.feed_forward.w1_shardedprefetcher_dtype_BFLOAT4_B_layout_TILE.tensorbin of shape Shape([1, 1, 2048, 3584])
2026-08-29 09:26:57.313 | DEBUG    | core:as_tensor:724 - Loaded cache for /proj_sw/user_dev/ctr-apbernal/tt-metal/model_cache/meta-llama/Llama-3.3-70B-Instruct/TG/tensor_cache_instruct_bfp8/layers.26.feed_forward.w2_shardedprefetcher_dtype_BFLOAT8_B_layout_TILE.tensorbin of shape Shape([1, 1, 3584, 2048])
2026-08-29 09:26:57.751 | DEBUG    | core:as_tensor:724 - Loaded cache for /proj_sw/user_dev/ctr-apbernal/tt-metal/model_cache/meta-llama/Llama-3.3-70B-Instruct/TG/tensor_cache_instruct_bfp8/layers.26.feed_forward.w3_shardedprefetcher_dtype_BFLOAT4_B_layout_TILE.tensorbin of shape Shape([1, 1, 2048, 3584])
2026-08-29 09:26:58.125 | DEBUG    | core:as_tensor:724 - Loaded cache for /proj_sw/user_dev/ctr-apbernal/tt-metal/model_cache/meta-llama/Llama-3.3-70B-Instruct/TG/tensor_cache_instruct_bfp8/layers.26.feed_forward.w1_interleavedprefetcher_dtype_BFLOAT4_B_layout_TILE.tensorbin of shape Shape([1, 1, 2048, 3584])
2026-08-29 09:26:58.621 | DEBUG    | core:as_tensor:724 - Loaded cache for /proj_sw/user_dev/ctr-apbernal/tt-metal/model_cache/meta-llama/Llama-3.3-70B-Instruct/TG/tensor_cache_instruct_bfp8/layers.26.feed_forward.w2_interleavedprefetcher_dtype_BFLOAT8_B_layout_TILE.tensorbin of shape Shape([1, 1, 3584, 2048])
2026-08-29 09:26:58.923 | DEBUG    | core:as_tensor:724 - Loaded cache for /proj_sw/user_dev/ctr-apbernal/tt-metal/model_cache/meta-llama/Llama-3.3-70B-Instruct/TG/tensor_cache_instruct_bfp8/layers.26.feed_forward.w3_interleavedprefetcher_dtype_BFLOAT4_B_layout_TILE.tensorbin of shape Shape([1, 1, 2048, 3584])
2026-08-29 09:26:58.926 | DEBUG    | core:as_tensor:724 - Loaded cache for /proj_sw/user_dev/ctr-apbernal/tt-metal/model_cache/meta-llama/Llama-3.3-70B-Instruct/TG/tensor_cache_instruct_bfp8/layers.26.attention_norm.weight_dtype_BFLOAT16_layout_ROW_MAJOR.tensorbin of shape Shape([1, 1, 256, 32])
2026-08-29 09:26:58.928 | DEBUG    | core:as_tensor:724 - Loaded cache for /proj_sw/user_dev/ctr-apbernal/tt-metal/model_cache/meta-llama/Llama-3.3-70B-Instruct/TG/tensor_cache_instruct_bfp8/layers.26.attention_norm.weight_distributed_dtype_BFLOAT16_layout_ROW_MAJOR.tensorbin of shape Shape([1, 1, 64, 32])
2026-08-29 09:26:58.930 | DEBUG    | core:as_tensor:724 - Loaded cache for /proj_sw/user_dev/ctr-apbernal/tt-metal/model_cache/meta-llama/Llama-3.3-70B-Instruct/TG/tensor_cache_instruct_bfp8/layers.26.ffn_norm.weight_dtype_BFLOAT16_layout_ROW_MAJOR.tensorbin of shape Shape([1, 1, 256, 32])
2026-08-29 09:26:58.932 | DEBUG    | core:as_tensor:724 - Loaded cache for /proj_sw/user_dev/ctr-apbernal/tt-metal/model_cache/meta-llama/Llama-3.3-70B-Instruct/TG/tensor_cache_instruct_bfp8/layers.26.ffn_norm.weight_distributed_dtype_BFLOAT16_layout_ROW_MAJOR.tensorbin of shape Shape([1, 1, 64, 32])
 34%|███▍      | 27/80 [01:51<03:37,  4.11s/it]2026-08-29 09:26:59.285 | DEBUG    | core:as_tensor:724 - Loaded cache for /proj_sw/user_dev/ctr-apbernal/tt-metal/model_cache/meta-llama/Llama-3.3-70B-Instruct/TG/tensor_cache_instruct_bfp8/layers.27.attention.wqkv_sharded_2d_prefetcher_dtype_BFLOAT8_B_layout_TILE.tensorbin of shape Shape([1, 1, 2048, 1280])
2026-08-29 09:26:59.645 | DEBUG    | core:as_tensor:724 - Loaded cache for /proj_sw/user_dev/ctr-apbernal/tt-metal/model_cache/meta-llama/Llama-3.3-70B-Instruct/TG/tensor_cache_instruct_bfp8/layers.27.attention.wqkv_sharded_2d_dram_dtype_BFLOAT8_B_layout_TILE.tensorbin of shape Shape([1, 1, 2048, 1280])
2026-08-29 09:26:59.937 | DEBUG    | core:as_tensor:724 - Loaded cache for /proj_sw/user_dev/ctr-apbernal/tt-metal/model_cache/meta-llama/Llama-3.3-70B-Instruct/TG/tensor_cache_instruct_bfp8/layers.27.attention.wo_width_sharded_2d_prefetcher_dtype_BFLOAT8_B_layout_TILE.tensorbin of shape Shape([1, 1, 1024, 2048])
2026-08-29 09:27:00.138 | DEBUG    | core:as_tensor:724 - Loaded cache for /proj_sw/user_dev/ctr-apbernal/tt-metal/model_cache/meta-llama/Llama-3.3-70B-Instruct/TG/tensor_cache_instruct_bfp8/layers.27.attention.wo_width_sharded_2d_dram_dtype_BFLOAT8_B_layout_TILE.tensorbin of shape Shape([1, 1, 1024, 2048])
2026-08-29 09:27:00.533 | DEBUG    | core:as_tensor:724 - Loaded cache for /proj_sw/user_dev/ctr-apbernal/tt-metal/model_cache/meta-llama/Llama-3.3-70B-Instruct/TG/tensor_cache_instruct_bfp8/layers.27.attention.wo_col_sharded_dram_dtype_BFLOAT8_B_layout_TILE.tensorbin of shape Shape([1, 1, 8192, 2048])
2026-08-29 09:27:00.547 | DEBUG    | core:as_tensor:724 - Loaded cache for /proj_sw/user_dev/ctr-apbernal/tt-metal/model_cache/meta-llama/Llama-3.3-70B-Instruct/TG/tensor_cache_instruct_bfp8/kvcache_torch.Size([2048, 1, 64, 128])_dtype_BFLOAT8_B_layout_TILE.tensorbin of shape Shape([2048, 1, 64, 128])
2026-08-29 09:27:00.555 | DEBUG    | core:as_tensor:724 - Loaded cache for /proj_sw/user_dev/ctr-apbernal/tt-metal/model_cache/meta-llama/Llama-3.3-70B-Instruct/TG/tensor_cache_instruct_bfp8/kvcache_torch.Size([2048, 1, 64, 128])_dtype_BFLOAT8_B_layout_TILE.tensorbin of shape Shape([2048, 1, 64, 128])
2026-08-29 09:27:00.874 | DEBUG    | core:as_tensor:724 - Loaded cache for /proj_sw/user_dev/ctr-apbernal/tt-metal/model_cache/meta-llama/Llama-3.3-70B-Instruct/TG/tensor_cache_instruct_bfp8/layers.27.feed_forward.w1_shardedprefetcher_dtype_BFLOAT4_B_layout_TILE.tensorbin of shape Shape([1, 1, 2048, 3584])
2026-08-29 09:27:01.380 | DEBUG    | core:as_tensor:724 - Loaded cache for /proj_sw/user_dev/ctr-apbernal/tt-metal/model_cache/meta-llama/Llama-3.3-70B-Instruct/TG/tensor_cache_instruct_bfp8/layers.27.feed_forward.w2_shardedprefetcher_dtype_BFLOAT8_B_layout_TILE.tensorbin of shape Shape([1, 1, 3584, 2048])
2026-08-29 09:27:01.695 | DEBUG    | core:as_tensor:724 - Loaded cache for /proj_sw/user_dev/ctr-apbernal/tt-metal/model_cache/meta-llama/Llama-3.3-70B-Instruct/TG/tensor_cache_instruct_bfp8/layers.27.feed_forward.w3_shardedprefetcher_dtype_BFLOAT4_B_layout_TILE.tensorbin of shape Shape([1, 1, 2048, 3584])
2026-08-29 09:27:01.976 | DEBUG    | core:as_tensor:724 - Loaded cache for /proj_sw/user_dev/ctr-apbernal/tt-metal/model_cache/meta-llama/Llama-3.3-70B-Instruct/TG/tensor_cache_instruct_bfp8/layers.27.feed_forward.w1_interleavedprefetcher_dtype_BFLOAT4_B_layout_TILE.tensorbin of shape Shape([1, 1, 2048, 3584])
2026-08-29 09:27:02.483 | DEBUG    | core:as_tensor:724 - Loaded cache for /proj_sw/user_dev/ctr-apbernal/tt-metal/model_cache/meta-llama/Llama-3.3-70B-Instruct/TG/tensor_cache_instruct_bfp8/layers.27.feed_forward.w2_interleavedprefetcher_dtype_BFLOAT8_B_layout_TILE.tensorbin of shape Shape([1, 1, 3584, 2048])
2026-08-29 09:27:02.879 | DEBUG    | core:as_tensor:724 - Loaded cache for /proj_sw/user_dev/ctr-apbernal/tt-metal/model_cache/meta-llama/Llama-3.3-70B-Instruct/TG/tensor_cache_instruct_bfp8/layers.27.feed_forward.w3_interleavedprefetcher_dtype_BFLOAT4_B_layout_TILE.tensorbin of shape Shape([1, 1, 2048, 3584])
2026-08-29 09:27:02.883 | DEBUG    | core:as_tensor:724 - Loaded cache for /proj_sw/user_dev/ctr-apbernal/tt-metal/model_cache/meta-llama/Llama-3.3-70B-Instruct/TG/tensor_cache_instruct_bfp8/layers.27.attention_norm.weight_dtype_BFLOAT16_layout_ROW_MAJOR.tensorbin of shape Shape([1, 1, 256, 32])
2026-08-29 09:27:02.886 | DEBUG    | core:as_tensor:724 - Loaded cache for /proj_sw/user_dev/ctr-apbernal/tt-metal/model_cache/meta-llama/Llama-3.3-70B-Instruct/TG/tensor_cache_instruct_bfp8/layers.27.attention_norm.weight_distributed_dtype_BFLOAT16_layout_ROW_MAJOR.tensorbin of shape Shape([1, 1, 64, 32])
2026-08-29 09:27:02.888 | DEBUG    | core:as_tensor:724 - Loaded cache for /proj_sw/user_dev/ctr-apbernal/tt-metal/model_cache/meta-llama/Llama-3.3-70B-Instruct/TG/tensor_cache_instruct_bfp8/layers.27.ffn_norm.weight_dtype_BFLOAT16_layout_ROW_MAJOR.tensorbin of shape Shape([1, 1, 256, 32])
2026-08-29 09:27:02.891 | DEBUG    | core:as_tensor:724 - Loaded cache for /proj_sw/user_dev/ctr-apbernal/tt-metal/model_cache/meta-llama/Llama-3.3-70B-Instruct/TG/tensor_cache_instruct_bfp8/layers.27.ffn_norm.weight_distributed_dtype_BFLOAT16_layout_ROW_MAJOR.tensorbin of shape Shape([1, 1, 64, 32])
 35%|███▌      | 28/80 [01:55<03:31,  4.06s/it]2026-08-29 09:27:03.286 | DEBUG    | core:as_tensor:724 - Loaded cache for /proj_sw/user_dev/ctr-apbernal/tt-metal/model_cache/meta-llama/Llama-3.3-70B-Instruct/TG/tensor_cache_instruct_bfp8/layers.28.attention.wqkv_sharded_2d_prefetcher_dtype_BFLOAT8_B_layout_TILE.tensorbin of shape Shape([1, 1, 2048, 1280])
2026-08-29 09:27:03.663 | DEBUG    | core:as_tensor:724 - Loaded cache for /proj_sw/user_dev/ctr-apbernal/tt-metal/model_cache/meta-llama/Llama-3.3-70B-Instruct/TG/tensor_cache_instruct_bfp8/layers.28.attention.wqkv_sharded_2d_dram_dtype_BFLOAT8_B_layout_TILE.tensorbin of shape Shape([1, 1, 2048, 1280])
2026-08-29 09:27:03.891 | DEBUG    | core:as_tensor:724 - Loaded cache for /proj_sw/user_dev/ctr-apbernal/tt-metal/model_cache/meta-llama/Llama-3.3-70B-Instruct/TG/tensor_cache_instruct_bfp8/layers.28.attention.wo_width_sharded_2d_prefetcher_dtype_BFLOAT8_B_layout_TILE.tensorbin of shape Shape([1, 1, 1024, 2048])
2026-08-29 09:27:04.221 | DEBUG    | core:as_tensor:724 - Loaded cache for /proj_sw/user_dev/ctr-apbernal/tt-metal/model_cache/meta-llama/Llama-3.3-70B-Instruct/TG/tensor_cache_instruct_bfp8/layers.28.attention.wo_width_sharded_2d_dram_dtype_BFLOAT8_B_layout_TILE.tensorbin of shape Shape([1, 1, 1024, 2048])
2026-08-29 09:27:04.638 | DEBUG    | core:as_tensor:724 - Loaded cache for /proj_sw/user_dev/ctr-apbernal/tt-metal/model_cache/meta-llama/Llama-3.3-70B-Instruct/TG/tensor_cache_instruct_bfp8/layers.28.attention.wo_col_sharded_dram_dtype_BFLOAT8_B_layout_TILE.tensorbin of shape Shape([1, 1, 8192, 2048])
2026-08-29 09:27:04.655 | DEBUG    | core:as_tensor:724 - Loaded cache for /proj_sw/user_dev/ctr-apbernal/tt-metal/model_cache/meta-llama/Llama-3.3-70B-Instruct/TG/tensor_cache_instruct_bfp8/kvcache_torch.Size([2048, 1, 64, 128])_dtype_BFLOAT8_B_layout_TILE.tensorbin of shape Shape([2048, 1, 64, 128])
2026-08-29 09:27:04.663 | DEBUG    | core:as_tensor:724 - Loaded cache for /proj_sw/user_dev/ctr-apbernal/tt-metal/model_cache/meta-llama/Llama-3.3-70B-Instruct/TG/tensor_cache_instruct_bfp8/kvcache_torch.Size([2048, 1, 64, 128])_dtype_BFLOAT8_B_layout_TILE.tensorbin of shape Shape([2048, 1, 64, 128])
2026-08-29 09:27:04.990 | DEBUG    | core:as_tensor:724 - Loaded cache for /proj_sw/user_dev/ctr-apbernal/tt-metal/model_cache/meta-llama/Llama-3.3-70B-Instruct/TG/tensor_cache_instruct_bfp8/layers.28.feed_forward.w1_shardedprefetcher_dtype_BFLOAT4_B_layout_TILE.tensorbin of shape Shape([1, 1, 2048, 3584])
2026-08-29 09:27:05.484 | DEBUG    | core:as_tensor:724 - Loaded cache for /proj_sw/user_dev/ctr-apbernal/tt-metal/model_cache/meta-llama/Llama-3.3-70B-Instruct/TG/tensor_cache_instruct_bfp8/layers.28.feed_forward.w2_shardedprefetcher_dtype_BFLOAT8_B_layout_TILE.tensorbin of shape Shape([1, 1, 3584, 2048])
2026-08-29 09:27:05.793 | DEBUG    | core:as_tensor:724 - Loaded cache for /proj_sw/user_dev/ctr-apbernal/tt-metal/model_cache/meta-llama/Llama-3.3-70B-Instruct/TG/tensor_cache_instruct_bfp8/layers.28.feed_forward.w3_shardedprefetcher_dtype_BFLOAT4_B_layout_TILE.tensorbin of shape Shape([1, 1, 2048, 3584])
2026-08-29 09:27:06.176 | DEBUG    | core:as_tensor:724 - Loaded cache for /proj_sw/user_dev/ctr-apbernal/tt-metal/model_cache/meta-llama/Llama-3.3-70B-Instruct/TG/tensor_cache_instruct_bfp8/layers.28.feed_forward.w1_interleavedprefetcher_dtype_BFLOAT4_B_layout_TILE.tensorbin of shape Shape([1, 1, 2048, 3584])
2026-08-29 09:27:06.689 | DEBUG    | core:as_tensor:724 - Loaded cache for /proj_sw/user_dev/ctr-apbernal/tt-metal/model_cache/meta-llama/Llama-3.3-70B-Instruct/TG/tensor_cache_instruct_bfp8/layers.28.feed_forward.w2_interleavedprefetcher_dtype_BFLOAT8_B_layout_TILE.tensorbin of shape Shape([1, 1, 3584, 2048])
2026-08-29 09:27:07.001 | DEBUG    | core:as_tensor:724 - Loaded cache for /proj_sw/user_dev/ctr-apbernal/tt-metal/model_cache/meta-llama/Llama-3.3-70B-Instruct/TG/tensor_cache_instruct_bfp8/layers.28.feed_forward.w3_interleavedprefetcher_dtype_BFLOAT4_B_layout_TILE.tensorbin of shape Shape([1, 1, 2048, 3584])
2026-08-29 09:27:07.007 | DEBUG    | core:as_tensor:724 - Loaded cache for /proj_sw/user_dev/ctr-apbernal/tt-metal/model_cache/meta-llama/Llama-3.3-70B-Instruct/TG/tensor_cache_instruct_bfp8/layers.28.attention_norm.weight_dtype_BFLOAT16_layout_ROW_MAJOR.tensorbin of shape Shape([1, 1, 256, 32])
2026-08-29 09:27:07.009 | DEBUG    | core:as_tensor:724 - Loaded cache for /proj_sw/user_dev/ctr-apbernal/tt-metal/model_cache/meta-llama/Llama-3.3-70B-Instruct/TG/tensor_cache_instruct_bfp8/layers.28.attention_norm.weight_distributed_dtype_BFLOAT16_layout_ROW_MAJOR.tensorbin of shape Shape([1, 1, 64, 32])
2026-08-29 09:27:07.012 | DEBUG    | core:as_tensor:724 - Loaded cache for /proj_sw/user_dev/ctr-apbernal/tt-metal/model_cache/meta-llama/Llama-3.3-70B-Instruct/TG/tensor_cache_instruct_bfp8/layers.28.ffn_norm.weight_dtype_BFLOAT16_layout_ROW_MAJOR.tensorbin of shape Shape([1, 1, 256, 32])
2026-08-29 09:27:07.013 | DEBUG    | core:as_tensor:724 - Loaded cache for /proj_sw/user_dev/ctr-apbernal/tt-metal/model_cache/meta-llama/Llama-3.3-70B-Instruct/TG/tensor_cache_instruct_bfp8/layers.28.ffn_norm.weight_distributed_dtype_BFLOAT16_layout_ROW_MAJOR.tensorbin of shape Shape([1, 1, 64, 32])
 36%|███▋      | 29/80 [01:59<03:28,  4.08s/it]2026-08-29 09:27:07.291 | DEBUG    | core:as_tensor:724 - Loaded cache for /proj_sw/user_dev/ctr-apbernal/tt-metal/model_cache/meta-llama/Llama-3.3-70B-Instruct/TG/tensor_cache_instruct_bfp8/layers.29.attention.wqkv_sharded_2d_prefetcher_dtype_BFLOAT8_B_layout_TILE.tensorbin of shape Shape([1, 1, 2048, 1280])
2026-08-29 09:27:07.685 | DEBUG    | core:as_tensor:724 - Loaded cache for /proj_sw/user_dev/ctr-apbernal/tt-metal/model_cache/meta-llama/Llama-3.3-70B-Instruct/TG/tensor_cache_instruct_bfp8/layers.29.attention.wqkv_sharded_2d_dram_dtype_BFLOAT8_B_layout_TILE.tensorbin of shape Shape([1, 1, 2048, 1280])
2026-08-29 09:27:08.035 | DEBUG    | core:as_tensor:724 - Loaded cache for /proj_sw/user_dev/ctr-apbernal/tt-metal/model_cache/meta-llama/Llama-3.3-70B-Instruct/TG/tensor_cache_instruct_bfp8/layers.29.attention.wo_width_sharded_2d_prefetcher_dtype_BFLOAT8_B_layout_TILE.tensorbin of shape Shape([1, 1, 1024, 2048])
2026-08-29 09:27:08.389 | DEBUG    | core:as_tensor:724 - Loaded cache for /proj_sw/user_dev/ctr-apbernal/tt-metal/model_cache/meta-llama/Llama-3.3-70B-Instruct/TG/tensor_cache_instruct_bfp8/layers.29.attention.wo_width_sharded_2d_dram_dtype_BFLOAT8_B_layout_TILE.tensorbin of shape Shape([1, 1, 1024, 2048])
2026-08-29 09:27:08.757 | DEBUG    | core:as_tensor:724 - Loaded cache for /proj_sw/user_dev/ctr-apbernal/tt-metal/model_cache/meta-llama/Llama-3.3-70B-Instruct/TG/tensor_cache_instruct_bfp8/layers.29.attention.wo_col_sharded_dram_dtype_BFLOAT8_B_layout_TILE.tensorbin of shape Shape([1, 1, 8192, 2048])
2026-08-29 09:27:08.771 | DEBUG    | core:as_tensor:724 - Loaded cache for /proj_sw/user_dev/ctr-apbernal/tt-metal/model_cache/meta-llama/Llama-3.3-70B-Instruct/TG/tensor_cache_instruct_bfp8/kvcache_torch.Size([2048, 1, 64, 128])_dtype_BFLOAT8_B_layout_TILE.tensorbin of shape Shape([2048, 1, 64, 128])
2026-08-29 09:27:08.778 | DEBUG    | core:as_tensor:724 - Loaded cache for /proj_sw/user_dev/ctr-apbernal/tt-metal/model_cache/meta-llama/Llama-3.3-70B-Instruct/TG/tensor_cache_instruct_bfp8/kvcache_torch.Size([2048, 1, 64, 128])_dtype_BFLOAT8_B_layout_TILE.tensorbin of shape Shape([2048, 1, 64, 128])
2026-08-29 09:27:09.071 | DEBUG    | core:as_tensor:724 - Loaded cache for /proj_sw/user_dev/ctr-apbernal/tt-metal/model_cache/meta-llama/Llama-3.3-70B-Instruct/TG/tensor_cache_instruct_bfp8/layers.29.feed_forward.w1_shardedprefetcher_dtype_BFLOAT4_B_layout_TILE.tensorbin of shape Shape([1, 1, 2048, 3584])
2026-08-29 09:27:09.577 | DEBUG    | core:as_tensor:724 - Loaded cache for /proj_sw/user_dev/ctr-apbernal/tt-metal/model_cache/meta-llama/Llama-3.3-70B-Instruct/TG/tensor_cache_instruct_bfp8/layers.29.feed_forward.w2_shardedprefetcher_dtype_BFLOAT8_B_layout_TILE.tensorbin of shape Shape([1, 1, 3584, 2048])
2026-08-29 09:27:10.055 | DEBUG    | core:as_tensor:724 - Loaded cache for /proj_sw/user_dev/ctr-apbernal/tt-metal/model_cache/meta-llama/Llama-3.3-70B-Instruct/TG/tensor_cache_instruct_bfp8/layers.29.feed_forward.w3_shardedprefetcher_dtype_BFLOAT4_B_layout_TILE.tensorbin of shape Shape([1, 1, 2048, 3584])
2026-08-29 09:27:10.357 | DEBUG    | core:as_tensor:724 - Loaded cache for /proj_sw/user_dev/ctr-apbernal/tt-metal/model_cache/meta-llama/Llama-3.3-70B-Instruct/TG/tensor_cache_instruct_bfp8/layers.29.feed_forward.w1_interleavedprefetcher_dtype_BFLOAT4_B_layout_TILE.tensorbin of shape Shape([1, 1, 2048, 3584])
2026-08-29 09:27:10.861 | DEBUG    | core:as_tensor:724 - Loaded cache for /proj_sw/user_dev/ctr-apbernal/tt-metal/model_cache/meta-llama/Llama-3.3-70B-Instruct/TG/tensor_cache_instruct_bfp8/layers.29.feed_forward.w2_interleavedprefetcher_dtype_BFLOAT8_B_layout_TILE.tensorbin of shape Shape([1, 1, 3584, 2048])
2026-08-29 09:27:11.381 | DEBUG    | core:as_tensor:724 - Loaded cache for /proj_sw/user_dev/ctr-apbernal/tt-metal/model_cache/meta-llama/Llama-3.3-70B-Instruct/TG/tensor_cache_instruct_bfp8/layers.29.feed_forward.w3_interleavedprefetcher_dtype_BFLOAT4_B_layout_TILE.tensorbin of shape Shape([1, 1, 2048, 3584])
2026-08-29 09:27:11.388 | DEBUG    | core:as_tensor:724 - Loaded cache for /proj_sw/user_dev/ctr-apbernal/tt-metal/model_cache/meta-llama/Llama-3.3-70B-Instruct/TG/tensor_cache_instruct_bfp8/layers.29.attention_norm.weight_dtype_BFLOAT16_layout_ROW_MAJOR.tensorbin of shape Shape([1, 1, 256, 32])
2026-08-29 09:27:11.390 | DEBUG    | core:as_tensor:724 - Loaded cache for /proj_sw/user_dev/ctr-apbernal/tt-metal/model_cache/meta-llama/Llama-3.3-70B-Instruct/TG/tensor_cache_instruct_bfp8/layers.29.attention_norm.weight_distributed_dtype_BFLOAT16_layout_ROW_MAJOR.tensorbin of shape Shape([1, 1, 64, 32])
2026-08-29 09:27:11.392 | DEBUG    | core:as_tensor:724 - Loaded cache for /proj_sw/user_dev/ctr-apbernal/tt-metal/model_cache/meta-llama/Llama-3.3-70B-Instruct/TG/tensor_cache_instruct_bfp8/layers.29.ffn_norm.weight_dtype_BFLOAT16_layout_ROW_MAJOR.tensorbin of shape Shape([1, 1, 256, 32])
2026-08-29 09:27:11.393 | DEBUG    | core:as_tensor:724 - Loaded cache for /proj_sw/user_dev/ctr-apbernal/tt-metal/model_cache/meta-llama/Llama-3.3-70B-Instruct/TG/tensor_cache_instruct_bfp8/layers.29.ffn_norm.weight_distributed_dtype_BFLOAT16_layout_ROW_MAJOR.tensorbin of shape Shape([1, 1, 64, 32])
 38%|███▊      | 30/80 [02:03<03:28,  4.17s/it]2026-08-29 09:27:11.781 | DEBUG    | core:as_tensor:724 - Loaded cache for /proj_sw/user_dev/ctr-apbernal/tt-metal/model_cache/meta-llama/Llama-3.3-70B-Instruct/TG/tensor_cache_instruct_bfp8/layers.30.attention.wqkv_sharded_2d_prefetcher_dtype_BFLOAT8_B_layout_TILE.tensorbin of shape Shape([1, 1, 2048, 1280])
2026-08-29 09:27:12.145 | DEBUG    | core:as_tensor:724 - Loaded cache for /proj_sw/user_dev/ctr-apbernal/tt-metal/model_cache/meta-llama/Llama-3.3-70B-Instruct/TG/tensor_cache_instruct_bfp8/layers.30.attention.wqkv_sharded_2d_dram_dtype_BFLOAT8_B_layout_TILE.tensorbin of shape Shape([1, 1, 2048, 1280])
2026-08-29 09:27:12.474 | DEBUG    | core:as_tensor:724 - Loaded cache for /proj_sw/user_dev/ctr-apbernal/tt-metal/model_cache/meta-llama/Llama-3.3-70B-Instruct/TG/tensor_cache_instruct_bfp8/layers.30.attention.wo_width_sharded_2d_prefetcher_dtype_BFLOAT8_B_layout_TILE.tensorbin of shape Shape([1, 1, 1024, 2048])
2026-08-29 09:27:12.805 | DEBUG    | core:as_tensor:724 - Loaded cache for /proj_sw/user_dev/ctr-apbernal/tt-metal/model_cache/meta-llama/Llama-3.3-70B-Instruct/TG/tensor_cache_instruct_bfp8/layers.30.attention.wo_width_sharded_2d_dram_dtype_BFLOAT8_B_layout_TILE.tensorbin of shape Shape([1, 1, 1024, 2048])
2026-08-29 09:27:13.146 | DEBUG    | core:as_tensor:724 - Loaded cache for /proj_sw/user_dev/ctr-apbernal/tt-metal/model_cache/meta-llama/Llama-3.3-70B-Instruct/TG/tensor_cache_instruct_bfp8/layers.30.attention.wo_col_sharded_dram_dtype_BFLOAT8_B_layout_TILE.tensorbin of shape Shape([1, 1, 8192, 2048])
2026-08-29 09:27:13.161 | DEBUG    | core:as_tensor:724 - Loaded cache for /proj_sw/user_dev/ctr-apbernal/tt-metal/model_cache/meta-llama/Llama-3.3-70B-Instruct/TG/tensor_cache_instruct_bfp8/kvcache_torch.Size([2048, 1, 64, 128])_dtype_BFLOAT8_B_layout_TILE.tensorbin of shape Shape([2048, 1, 64, 128])
2026-08-29 09:27:13.170 | DEBUG    | core:as_tensor:724 - Loaded cache for /proj_sw/user_dev/ctr-apbernal/tt-metal/model_cache/meta-llama/Llama-3.3-70B-Instruct/TG/tensor_cache_instruct_bfp8/kvcache_torch.Size([2048, 1, 64, 128])_dtype_BFLOAT8_B_layout_TILE.tensorbin of shape Shape([2048, 1, 64, 128])
2026-08-29 09:27:13.509 | DEBUG    | core:as_tensor:724 - Loaded cache for /proj_sw/user_dev/ctr-apbernal/tt-metal/model_cache/meta-llama/Llama-3.3-70B-Instruct/TG/tensor_cache_instruct_bfp8/layers.30.feed_forward.w1_shardedprefetcher_dtype_BFLOAT4_B_layout_TILE.tensorbin of shape Shape([1, 1, 2048, 3584])
2026-08-29 09:27:14.021 | DEBUG    | core:as_tensor:724 - Loaded cache for /proj_sw/user_dev/ctr-apbernal/tt-metal/model_cache/meta-llama/Llama-3.3-70B-Instruct/TG/tensor_cache_instruct_bfp8/layers.30.feed_forward.w2_shardedprefetcher_dtype_BFLOAT8_B_layout_TILE.tensorbin of shape Shape([1, 1, 3584, 2048])
2026-08-29 09:27:14.352 | DEBUG    | core:as_tensor:724 - Loaded cache for /proj_sw/user_dev/ctr-apbernal/tt-metal/model_cache/meta-llama/Llama-3.3-70B-Instruct/TG/tensor_cache_instruct_bfp8/layers.30.feed_forward.w3_shardedprefetcher_dtype_BFLOAT4_B_layout_TILE.tensorbin of shape Shape([1, 1, 2048, 3584])
2026-08-29 09:27:14.640 | DEBUG    | core:as_tensor:724 - Loaded cache for /proj_sw/user_dev/ctr-apbernal/tt-metal/model_cache/meta-llama/Llama-3.3-70B-Instruct/TG/tensor_cache_instruct_bfp8/layers.30.feed_forward.w1_interleavedprefetcher_dtype_BFLOAT4_B_layout_TILE.tensorbin of shape Shape([1, 1, 2048, 3584])
2026-08-29 09:27:15.161 | DEBUG    | core:as_tensor:724 - Loaded cache for /proj_sw/user_dev/ctr-apbernal/tt-metal/model_cache/meta-llama/Llama-3.3-70B-Instruct/TG/tensor_cache_instruct_bfp8/layers.30.feed_forward.w2_interleavedprefetcher_dtype_BFLOAT8_B_layout_TILE.tensorbin of shape Shape([1, 1, 3584, 2048])
2026-08-29 09:27:15.589 | DEBUG    | core:as_tensor:724 - Loaded cache for /proj_sw/user_dev/ctr-apbernal/tt-metal/model_cache/meta-llama/Llama-3.3-70B-Instruct/TG/tensor_cache_instruct_bfp8/layers.30.feed_forward.w3_interleavedprefetcher_dtype_BFLOAT4_B_layout_TILE.tensorbin of shape Shape([1, 1, 2048, 3584])
2026-08-29 09:27:15.592 | DEBUG    | core:as_tensor:724 - Loaded cache for /proj_sw/user_dev/ctr-apbernal/tt-metal/model_cache/meta-llama/Llama-3.3-70B-Instruct/TG/tensor_cache_instruct_bfp8/layers.30.attention_norm.weight_dtype_BFLOAT16_layout_ROW_MAJOR.tensorbin of shape Shape([1, 1, 256, 32])
2026-08-29 09:27:15.594 | DEBUG    | core:as_tensor:724 - Loaded cache for /proj_sw/user_dev/ctr-apbernal/tt-metal/model_cache/meta-llama/Llama-3.3-70B-Instruct/TG/tensor_cache_instruct_bfp8/layers.30.attention_norm.weight_distributed_dtype_BFLOAT16_layout_ROW_MAJOR.tensorbin of shape Shape([1, 1, 64, 32])
2026-08-29 09:27:15.596 | DEBUG    | core:as_tensor:724 - Loaded cache for /proj_sw/user_dev/ctr-apbernal/tt-metal/model_cache/meta-llama/Llama-3.3-70B-Instruct/TG/tensor_cache_instruct_bfp8/layers.30.ffn_norm.weight_dtype_BFLOAT16_layout_ROW_MAJOR.tensorbin of shape Shape([1, 1, 256, 32])
2026-08-29 09:27:15.597 | DEBUG    | core:as_tensor:724 - Loaded cache for /proj_sw/user_dev/ctr-apbernal/tt-metal/model_cache/meta-llama/Llama-3.3-70B-Instruct/TG/tensor_cache_instruct_bfp8/layers.30.ffn_norm.weight_distributed_dtype_BFLOAT16_layout_ROW_MAJOR.tensorbin of shape Shape([1, 1, 64, 32])
 39%|███▉      | 31/80 [02:08<03:24,  4.18s/it]2026-08-29 09:27:15.902 | DEBUG    | core:as_tensor:724 - Loaded cache for /proj_sw/user_dev/ctr-apbernal/tt-metal/model_cache/meta-llama/Llama-3.3-70B-Instruct/TG/tensor_cache_instruct_bfp8/layers.31.attention.wqkv_sharded_2d_prefetcher_dtype_BFLOAT8_B_layout_TILE.tensorbin of shape Shape([1, 1, 2048, 1280])
2026-08-29 09:27:16.119 | DEBUG    | core:as_tensor:724 - Loaded cache for /proj_sw/user_dev/ctr-apbernal/tt-metal/model_cache/meta-llama/Llama-3.3-70B-Instruct/TG/tensor_cache_instruct_bfp8/layers.31.attention.wqkv_sharded_2d_dram_dtype_BFLOAT8_B_layout_TILE.tensorbin of shape Shape([1, 1, 2048, 1280])
2026-08-29 09:27:16.448 | DEBUG    | core:as_tensor:724 - Loaded cache for /proj_sw/user_dev/ctr-apbernal/tt-metal/model_cache/meta-llama/Llama-3.3-70B-Instruct/TG/tensor_cache_instruct_bfp8/layers.31.attention.wo_width_sharded_2d_prefetcher_dtype_BFLOAT8_B_layout_TILE.tensorbin of shape Shape([1, 1, 1024, 2048])
2026-08-29 09:27:16.722 | DEBUG    | core:as_tensor:724 - Loaded cache for /proj_sw/user_dev/ctr-apbernal/tt-metal/model_cache/meta-llama/Llama-3.3-70B-Instruct/TG/tensor_cache_instruct_bfp8/layers.31.attention.wo_width_sharded_2d_dram_dtype_BFLOAT8_B_layout_TILE.tensorbin of shape Shape([1, 1, 1024, 2048])
2026-08-29 09:27:16.932 | DEBUG    | core:as_tensor:724 - Loaded cache for /proj_sw/user_dev/ctr-apbernal/tt-metal/model_cache/meta-llama/Llama-3.3-70B-Instruct/TG/tensor_cache_instruct_bfp8/layers.31.attention.wo_col_sharded_dram_dtype_BFLOAT8_B_layout_TILE.tensorbin of shape Shape([1, 1, 8192, 2048])
2026-08-29 09:27:16.952 | DEBUG    | core:as_tensor:724 - Loaded cache for /proj_sw/user_dev/ctr-apbernal/tt-metal/model_cache/meta-llama/Llama-3.3-70B-Instruct/TG/tensor_cache_instruct_bfp8/kvcache_torch.Size([2048, 1, 64, 128])_dtype_BFLOAT8_B_layout_TILE.tensorbin of shape Shape([2048, 1, 64, 128])
2026-08-29 09:27:16.960 | DEBUG    | core:as_tensor:724 - Loaded cache for /proj_sw/user_dev/ctr-apbernal/tt-metal/model_cache/meta-llama/Llama-3.3-70B-Instruct/TG/tensor_cache_instruct_bfp8/kvcache_torch.Size([2048, 1, 64, 128])_dtype_BFLOAT8_B_layout_TILE.tensorbin of shape Shape([2048, 1, 64, 128])
2026-08-29 09:27:17.277 | DEBUG    | core:as_tensor:724 - Loaded cache for /proj_sw/user_dev/ctr-apbernal/tt-metal/model_cache/meta-llama/Llama-3.3-70B-Instruct/TG/tensor_cache_instruct_bfp8/layers.31.feed_forward.w1_shardedprefetcher_dtype_BFLOAT4_B_layout_TILE.tensorbin of shape Shape([1, 1, 2048, 3584])
2026-08-29 09:27:17.781 | DEBUG    | core:as_tensor:724 - Loaded cache for /proj_sw/user_dev/ctr-apbernal/tt-metal/model_cache/meta-llama/Llama-3.3-70B-Instruct/TG/tensor_cache_instruct_bfp8/layers.31.feed_forward.w2_shardedprefetcher_dtype_BFLOAT8_B_layout_TILE.tensorbin of shape Shape([1, 1, 3584, 2048])
2026-08-29 09:27:18.087 | DEBUG    | core:as_tensor:724 - Loaded cache for /proj_sw/user_dev/ctr-apbernal/tt-metal/model_cache/meta-llama/Llama-3.3-70B-Instruct/TG/tensor_cache_instruct_bfp8/layers.31.feed_forward.w3_shardedprefetcher_dtype_BFLOAT4_B_layout_TILE.tensorbin of shape Shape([1, 1, 2048, 3584])
2026-08-29 09:27:18.495 | DEBUG    | core:as_tensor:724 - Loaded cache for /proj_sw/user_dev/ctr-apbernal/tt-metal/model_cache/meta-llama/Llama-3.3-70B-Instruct/TG/tensor_cache_instruct_bfp8/layers.31.feed_forward.w1_interleavedprefetcher_dtype_BFLOAT4_B_layout_TILE.tensorbin of shape Shape([1, 1, 2048, 3584])
2026-08-29 09:27:18.999 | DEBUG    | core:as_tensor:724 - Loaded cache for /proj_sw/user_dev/ctr-apbernal/tt-metal/model_cache/meta-llama/Llama-3.3-70B-Instruct/TG/tensor_cache_instruct_bfp8/layers.31.feed_forward.w2_interleavedprefetcher_dtype_BFLOAT8_B_layout_TILE.tensorbin of shape Shape([1, 1, 3584, 2048])
2026-08-29 09:27:19.303 | DEBUG    | core:as_tensor:724 - Loaded cache for /proj_sw/user_dev/ctr-apbernal/tt-metal/model_cache/meta-llama/Llama-3.3-70B-Instruct/TG/tensor_cache_instruct_bfp8/layers.31.feed_forward.w3_interleavedprefetcher_dtype_BFLOAT4_B_layout_TILE.tensorbin of shape Shape([1, 1, 2048, 3584])
2026-08-29 09:27:19.311 | DEBUG    | core:as_tensor:724 - Loaded cache for /proj_sw/user_dev/ctr-apbernal/tt-metal/model_cache/meta-llama/Llama-3.3-70B-Instruct/TG/tensor_cache_instruct_bfp8/layers.31.attention_norm.weight_dtype_BFLOAT16_layout_ROW_MAJOR.tensorbin of shape Shape([1, 1, 256, 32])
2026-08-29 09:27:19.313 | DEBUG    | core:as_tensor:724 - Loaded cache for /proj_sw/user_dev/ctr-apbernal/tt-metal/model_cache/meta-llama/Llama-3.3-70B-Instruct/TG/tensor_cache_instruct_bfp8/layers.31.attention_norm.weight_distributed_dtype_BFLOAT16_layout_ROW_MAJOR.tensorbin of shape Shape([1, 1, 64, 32])
2026-08-29 09:27:19.315 | DEBUG    | core:as_tensor:724 - Loaded cache for /proj_sw/user_dev/ctr-apbernal/tt-metal/model_cache/meta-llama/Llama-3.3-70B-Instruct/TG/tensor_cache_instruct_bfp8/layers.31.ffn_norm.weight_dtype_BFLOAT16_layout_ROW_MAJOR.tensorbin of shape Shape([1, 1, 256, 32])
2026-08-29 09:27:19.317 | DEBUG    | core:as_tensor:724 - Loaded cache for /proj_sw/user_dev/ctr-apbernal/tt-metal/model_cache/meta-llama/Llama-3.3-70B-Instruct/TG/tensor_cache_instruct_bfp8/layers.31.ffn_norm.weight_distributed_dtype_BFLOAT16_layout_ROW_MAJOR.tensorbin of shape Shape([1, 1, 64, 32])
 40%|████      | 32/80 [02:11<03:14,  4.04s/it]2026-08-29 09:27:19.708 | DEBUG    | core:as_tensor:724 - Loaded cache for /proj_sw/user_dev/ctr-apbernal/tt-metal/model_cache/meta-llama/Llama-3.3-70B-Instruct/TG/tensor_cache_instruct_bfp8/layers.32.attention.wqkv_sharded_2d_prefetcher_dtype_BFLOAT8_B_layout_TILE.tensorbin of shape Shape([1, 1, 2048, 1280])
2026-08-29 09:27:20.073 | DEBUG    | core:as_tensor:724 - Loaded cache for /proj_sw/user_dev/ctr-apbernal/tt-metal/model_cache/meta-llama/Llama-3.3-70B-Instruct/TG/tensor_cache_instruct_bfp8/layers.32.attention.wqkv_sharded_2d_dram_dtype_BFLOAT8_B_layout_TILE.tensorbin of shape Shape([1, 1, 2048, 1280])
2026-08-29 09:27:20.324 | DEBUG    | core:as_tensor:724 - Loaded cache for /proj_sw/user_dev/ctr-apbernal/tt-metal/model_cache/meta-llama/Llama-3.3-70B-Instruct/TG/tensor_cache_instruct_bfp8/layers.32.attention.wo_width_sharded_2d_prefetcher_dtype_BFLOAT8_B_layout_TILE.tensorbin of shape Shape([1, 1, 1024, 2048])
2026-08-29 09:27:20.653 | DEBUG    | core:as_tensor:724 - Loaded cache for /proj_sw/user_dev/ctr-apbernal/tt-metal/model_cache/meta-llama/Llama-3.3-70B-Instruct/TG/tensor_cache_instruct_bfp8/layers.32.attention.wo_width_sharded_2d_dram_dtype_BFLOAT8_B_layout_TILE.tensorbin of shape Shape([1, 1, 1024, 2048])
2026-08-29 09:27:21.095 | DEBUG    | core:as_tensor:724 - Loaded cache for /proj_sw/user_dev/ctr-apbernal/tt-metal/model_cache/meta-llama/Llama-3.3-70B-Instruct/TG/tensor_cache_instruct_bfp8/layers.32.attention.wo_col_sharded_dram_dtype_BFLOAT8_B_layout_TILE.tensorbin of shape Shape([1, 1, 8192, 2048])
2026-08-29 09:27:21.110 | DEBUG    | core:as_tensor:724 - Loaded cache for /proj_sw/user_dev/ctr-apbernal/tt-metal/model_cache/meta-llama/Llama-3.3-70B-Instruct/TG/tensor_cache_instruct_bfp8/kvcache_torch.Size([2048, 1, 64, 128])_dtype_BFLOAT8_B_layout_TILE.tensorbin of shape Shape([2048, 1, 64, 128])
2026-08-29 09:27:21.118 | DEBUG    | core:as_tensor:724 - Loaded cache for /proj_sw/user_dev/ctr-apbernal/tt-metal/model_cache/meta-llama/Llama-3.3-70B-Instruct/TG/tensor_cache_instruct_bfp8/kvcache_torch.Size([2048, 1, 64, 128])_dtype_BFLOAT8_B_layout_TILE.tensorbin of shape Shape([2048, 1, 64, 128])
2026-08-29 09:27:21.427 | DEBUG    | core:as_tensor:724 - Loaded cache for /proj_sw/user_dev/ctr-apbernal/tt-metal/model_cache/meta-llama/Llama-3.3-70B-Instruct/TG/tensor_cache_instruct_bfp8/layers.32.feed_forward.w1_shardedprefetcher_dtype_BFLOAT4_B_layout_TILE.tensorbin of shape Shape([1, 1, 2048, 3584])
2026-08-29 09:27:21.938 | DEBUG    | core:as_tensor:724 - Loaded cache for /proj_sw/user_dev/ctr-apbernal/tt-metal/model_cache/meta-llama/Llama-3.3-70B-Instruct/TG/tensor_cache_instruct_bfp8/layers.32.feed_forward.w2_shardedprefetcher_dtype_BFLOAT8_B_layout_TILE.tensorbin of shape Shape([1, 1, 3584, 2048])
2026-08-29 09:27:22.229 | DEBUG    | core:as_tensor:724 - Loaded cache for /proj_sw/user_dev/ctr-apbernal/tt-metal/model_cache/meta-llama/Llama-3.3-70B-Instruct/TG/tensor_cache_instruct_bfp8/layers.32.feed_forward.w3_shardedprefetcher_dtype_BFLOAT4_B_layout_TILE.tensorbin of shape Shape([1, 1, 2048, 3584])
2026-08-29 09:27:22.521 | DEBUG    | core:as_tensor:724 - Loaded cache for /proj_sw/user_dev/ctr-apbernal/tt-metal/model_cache/meta-llama/Llama-3.3-70B-Instruct/TG/tensor_cache_instruct_bfp8/layers.32.feed_forward.w1_interleavedprefetcher_dtype_BFLOAT4_B_layout_TILE.tensorbin of shape Shape([1, 1, 2048, 3584])
2026-08-29 09:27:23.017 | DEBUG    | core:as_tensor:724 - Loaded cache for /proj_sw/user_dev/ctr-apbernal/tt-metal/model_cache/meta-llama/Llama-3.3-70B-Instruct/TG/tensor_cache_instruct_bfp8/layers.32.feed_forward.w2_interleavedprefetcher_dtype_BFLOAT8_B_layout_TILE.tensorbin of shape Shape([1, 1, 3584, 2048])
2026-08-29 09:27:23.452 | DEBUG    | core:as_tensor:724 - Loaded cache for /proj_sw/user_dev/ctr-apbernal/tt-metal/model_cache/meta-llama/Llama-3.3-70B-Instruct/TG/tensor_cache_instruct_bfp8/layers.32.feed_forward.w3_interleavedprefetcher_dtype_BFLOAT4_B_layout_TILE.tensorbin of shape Shape([1, 1, 2048, 3584])
2026-08-29 09:27:23.458 | DEBUG    | core:as_tensor:724 - Loaded cache for /proj_sw/user_dev/ctr-apbernal/tt-metal/model_cache/meta-llama/Llama-3.3-70B-Instruct/TG/tensor_cache_instruct_bfp8/layers.32.attention_norm.weight_dtype_BFLOAT16_layout_ROW_MAJOR.tensorbin of shape Shape([1, 1, 256, 32])
2026-08-29 09:27:23.460 | DEBUG    | core:as_tensor:724 - Loaded cache for /proj_sw/user_dev/ctr-apbernal/tt-metal/model_cache/meta-llama/Llama-3.3-70B-Instruct/TG/tensor_cache_instruct_bfp8/layers.32.attention_norm.weight_distributed_dtype_BFLOAT16_layout_ROW_MAJOR.tensorbin of shape Shape([1, 1, 64, 32])
2026-08-29 09:27:23.462 | DEBUG    | core:as_tensor:724 - Loaded cache for /proj_sw/user_dev/ctr-apbernal/tt-metal/model_cache/meta-llama/Llama-3.3-70B-Instruct/TG/tensor_cache_instruct_bfp8/layers.32.ffn_norm.weight_dtype_BFLOAT16_layout_ROW_MAJOR.tensorbin of shape Shape([1, 1, 256, 32])
2026-08-29 09:27:23.464 | DEBUG    | core:as_tensor:724 - Loaded cache for /proj_sw/user_dev/ctr-apbernal/tt-metal/model_cache/meta-llama/Llama-3.3-70B-Instruct/TG/tensor_cache_instruct_bfp8/layers.32.ffn_norm.weight_distributed_dtype_BFLOAT16_layout_ROW_MAJOR.tensorbin of shape Shape([1, 1, 64, 32])
 41%|████▏     | 33/80 [02:16<03:11,  4.07s/it]2026-08-29 09:27:23.857 | DEBUG    | core:as_tensor:724 - Loaded cache for /proj_sw/user_dev/ctr-apbernal/tt-metal/model_cache/meta-llama/Llama-3.3-70B-Instruct/TG/tensor_cache_instruct_bfp8/layers.33.attention.wqkv_sharded_2d_prefetcher_dtype_BFLOAT8_B_layout_TILE.tensorbin of shape Shape([1, 1, 2048, 1280])
2026-08-29 09:27:24.107 | DEBUG    | core:as_tensor:724 - Loaded cache for /proj_sw/user_dev/ctr-apbernal/tt-metal/model_cache/meta-llama/Llama-3.3-70B-Instruct/TG/tensor_cache_instruct_bfp8/layers.33.attention.wqkv_sharded_2d_dram_dtype_BFLOAT8_B_layout_TILE.tensorbin of shape Shape([1, 1, 2048, 1280])
2026-08-29 09:27:24.377 | DEBUG    | core:as_tensor:724 - Loaded cache for /proj_sw/user_dev/ctr-apbernal/tt-metal/model_cache/meta-llama/Llama-3.3-70B-Instruct/TG/tensor_cache_instruct_bfp8/layers.33.attention.wo_width_sharded_2d_prefetcher_dtype_BFLOAT8_B_layout_TILE.tensorbin of shape Shape([1, 1, 1024, 2048])
2026-08-29 09:27:24.644 | DEBUG    | core:as_tensor:724 - Loaded cache for /proj_sw/user_dev/ctr-apbernal/tt-metal/model_cache/meta-llama/Llama-3.3-70B-Instruct/TG/tensor_cache_instruct_bfp8/layers.33.attention.wo_width_sharded_2d_dram_dtype_BFLOAT8_B_layout_TILE.tensorbin of shape Shape([1, 1, 1024, 2048])
2026-08-29 09:27:24.960 | DEBUG    | core:as_tensor:724 - Loaded cache for /proj_sw/user_dev/ctr-apbernal/tt-metal/model_cache/meta-llama/Llama-3.3-70B-Instruct/TG/tensor_cache_instruct_bfp8/layers.33.attention.wo_col_sharded_dram_dtype_BFLOAT8_B_layout_TILE.tensorbin of shape Shape([1, 1, 8192, 2048])
2026-08-29 09:27:24.977 | DEBUG    | core:as_tensor:724 - Loaded cache for /proj_sw/user_dev/ctr-apbernal/tt-metal/model_cache/meta-llama/Llama-3.3-70B-Instruct/TG/tensor_cache_instruct_bfp8/kvcache_torch.Size([2048, 1, 64, 128])_dtype_BFLOAT8_B_layout_TILE.tensorbin of shape Shape([2048, 1, 64, 128])
2026-08-29 09:27:24.985 | DEBUG    | core:as_tensor:724 - Loaded cache for /proj_sw/user_dev/ctr-apbernal/tt-metal/model_cache/meta-llama/Llama-3.3-70B-Instruct/TG/tensor_cache_instruct_bfp8/kvcache_torch.Size([2048, 1, 64, 128])_dtype_BFLOAT8_B_layout_TILE.tensorbin of shape Shape([2048, 1, 64, 128])
2026-08-29 09:27:25.527 | DEBUG    | core:as_tensor:724 - Loaded cache for /proj_sw/user_dev/ctr-apbernal/tt-metal/model_cache/meta-llama/Llama-3.3-70B-Instruct/TG/tensor_cache_instruct_bfp8/layers.33.feed_forward.w1_shardedprefetcher_dtype_BFLOAT4_B_layout_TILE.tensorbin of shape Shape([1, 1, 2048, 3584])
2026-08-29 09:27:26.024 | DEBUG    | core:as_tensor:724 - Loaded cache for /proj_sw/user_dev/ctr-apbernal/tt-metal/model_cache/meta-llama/Llama-3.3-70B-Instruct/TG/tensor_cache_instruct_bfp8/layers.33.feed_forward.w2_shardedprefetcher_dtype_BFLOAT8_B_layout_TILE.tensorbin of shape Shape([1, 1, 3584, 2048])
2026-08-29 09:27:26.328 | DEBUG    | core:as_tensor:724 - Loaded cache for /proj_sw/user_dev/ctr-apbernal/tt-metal/model_cache/meta-llama/Llama-3.3-70B-Instruct/TG/tensor_cache_instruct_bfp8/layers.33.feed_forward.w3_shardedprefetcher_dtype_BFLOAT4_B_layout_TILE.tensorbin of shape Shape([1, 1, 2048, 3584])
2026-08-29 09:27:26.626 | DEBUG    | core:as_tensor:724 - Loaded cache for /proj_sw/user_dev/ctr-apbernal/tt-metal/model_cache/meta-llama/Llama-3.3-70B-Instruct/TG/tensor_cache_instruct_bfp8/layers.33.feed_forward.w1_interleavedprefetcher_dtype_BFLOAT4_B_layout_TILE.tensorbin of shape Shape([1, 1, 2048, 3584])
2026-08-29 09:27:27.122 | DEBUG    | core:as_tensor:724 - Loaded cache for /proj_sw/user_dev/ctr-apbernal/tt-metal/model_cache/meta-llama/Llama-3.3-70B-Instruct/TG/tensor_cache_instruct_bfp8/layers.33.feed_forward.w2_interleavedprefetcher_dtype_BFLOAT8_B_layout_TILE.tensorbin of shape Shape([1, 1, 3584, 2048])
2026-08-29 09:27:27.406 | DEBUG    | core:as_tensor:724 - Loaded cache for /proj_sw/user_dev/ctr-apbernal/tt-metal/model_cache/meta-llama/Llama-3.3-70B-Instruct/TG/tensor_cache_instruct_bfp8/layers.33.feed_forward.w3_interleavedprefetcher_dtype_BFLOAT4_B_layout_TILE.tensorbin of shape Shape([1, 1, 2048, 3584])
2026-08-29 09:27:27.409 | DEBUG    | core:as_tensor:724 - Loaded cache for /proj_sw/user_dev/ctr-apbernal/tt-metal/model_cache/meta-llama/Llama-3.3-70B-Instruct/TG/tensor_cache_instruct_bfp8/layers.33.attention_norm.weight_dtype_BFLOAT16_layout_ROW_MAJOR.tensorbin of shape Shape([1, 1, 256, 32])
2026-08-29 09:27:27.411 | DEBUG    | core:as_tensor:724 - Loaded cache for /proj_sw/user_dev/ctr-apbernal/tt-metal/model_cache/meta-llama/Llama-3.3-70B-Instruct/TG/tensor_cache_instruct_bfp8/layers.33.attention_norm.weight_distributed_dtype_BFLOAT16_layout_ROW_MAJOR.tensorbin of shape Shape([1, 1, 64, 32])
2026-08-29 09:27:27.413 | DEBUG    | core:as_tensor:724 - Loaded cache for /proj_sw/user_dev/ctr-apbernal/tt-metal/model_cache/meta-llama/Llama-3.3-70B-Instruct/TG/tensor_cache_instruct_bfp8/layers.33.ffn_norm.weight_dtype_BFLOAT16_layout_ROW_MAJOR.tensorbin of shape Shape([1, 1, 256, 32])
2026-08-29 09:27:27.414 | DEBUG    | core:as_tensor:724 - Loaded cache for /proj_sw/user_dev/ctr-apbernal/tt-metal/model_cache/meta-llama/Llama-3.3-70B-Instruct/TG/tensor_cache_instruct_bfp8/layers.33.ffn_norm.weight_distributed_dtype_BFLOAT16_layout_ROW_MAJOR.tensorbin of shape Shape([1, 1, 64, 32])
 42%|████▎     | 34/80 [02:20<03:05,  4.04s/it]2026-08-29 09:27:27.722 | DEBUG    | core:as_tensor:724 - Loaded cache for /proj_sw/user_dev/ctr-apbernal/tt-metal/model_cache/meta-llama/Llama-3.3-70B-Instruct/TG/tensor_cache_instruct_bfp8/layers.34.attention.wqkv_sharded_2d_prefetcher_dtype_BFLOAT8_B_layout_TILE.tensorbin of shape Shape([1, 1, 2048, 1280])
2026-08-29 09:27:28.108 | DEBUG    | core:as_tensor:724 - Loaded cache for /proj_sw/user_dev/ctr-apbernal/tt-metal/model_cache/meta-llama/Llama-3.3-70B-Instruct/TG/tensor_cache_instruct_bfp8/layers.34.attention.wqkv_sharded_2d_dram_dtype_BFLOAT8_B_layout_TILE.tensorbin of shape Shape([1, 1, 2048, 1280])
2026-08-29 09:27:28.428 | DEBUG    | core:as_tensor:724 - Loaded cache for /proj_sw/user_dev/ctr-apbernal/tt-metal/model_cache/meta-llama/Llama-3.3-70B-Instruct/TG/tensor_cache_instruct_bfp8/layers.34.attention.wo_width_sharded_2d_prefetcher_dtype_BFLOAT8_B_layout_TILE.tensorbin of shape Shape([1, 1, 1024, 2048])
2026-08-29 09:27:28.758 | DEBUG    | core:as_tensor:724 - Loaded cache for /proj_sw/user_dev/ctr-apbernal/tt-metal/model_cache/meta-llama/Llama-3.3-70B-Instruct/TG/tensor_cache_instruct_bfp8/layers.34.attention.wo_width_sharded_2d_dram_dtype_BFLOAT8_B_layout_TILE.tensorbin of shape Shape([1, 1, 1024, 2048])
2026-08-29 09:27:29.167 | DEBUG    | core:as_tensor:724 - Loaded cache for /proj_sw/user_dev/ctr-apbernal/tt-metal/model_cache/meta-llama/Llama-3.3-70B-Instruct/TG/tensor_cache_instruct_bfp8/layers.34.attention.wo_col_sharded_dram_dtype_BFLOAT8_B_layout_TILE.tensorbin of shape Shape([1, 1, 8192, 2048])
2026-08-29 09:27:29.181 | DEBUG    | core:as_tensor:724 - Loaded cache for /proj_sw/user_dev/ctr-apbernal/tt-metal/model_cache/meta-llama/Llama-3.3-70B-Instruct/TG/tensor_cache_instruct_bfp8/kvcache_torch.Size([2048, 1, 64, 128])_dtype_BFLOAT8_B_layout_TILE.tensorbin of shape Shape([2048, 1, 64, 128])
2026-08-29 09:27:29.189 | DEBUG    | core:as_tensor:724 - Loaded cache for /proj_sw/user_dev/ctr-apbernal/tt-metal/model_cache/meta-llama/Llama-3.3-70B-Instruct/TG/tensor_cache_instruct_bfp8/kvcache_torch.Size([2048, 1, 64, 128])_dtype_BFLOAT8_B_layout_TILE.tensorbin of shape Shape([2048, 1, 64, 128])
2026-08-29 09:27:29.721 | DEBUG    | core:as_tensor:724 - Loaded cache for /proj_sw/user_dev/ctr-apbernal/tt-metal/model_cache/meta-llama/Llama-3.3-70B-Instruct/TG/tensor_cache_instruct_bfp8/layers.34.feed_forward.w1_shardedprefetcher_dtype_BFLOAT4_B_layout_TILE.tensorbin of shape Shape([1, 1, 2048, 3584])
2026-08-29 09:27:30.218 | DEBUG    | core:as_tensor:724 - Loaded cache for /proj_sw/user_dev/ctr-apbernal/tt-metal/model_cache/meta-llama/Llama-3.3-70B-Instruct/TG/tensor_cache_instruct_bfp8/layers.34.feed_forward.w2_shardedprefetcher_dtype_BFLOAT8_B_layout_TILE.tensorbin of shape Shape([1, 1, 3584, 2048])
2026-08-29 09:27:30.487 | DEBUG    | core:as_tensor:724 - Loaded cache for /proj_sw/user_dev/ctr-apbernal/tt-metal/model_cache/meta-llama/Llama-3.3-70B-Instruct/TG/tensor_cache_instruct_bfp8/layers.34.feed_forward.w3_shardedprefetcher_dtype_BFLOAT4_B_layout_TILE.tensorbin of shape Shape([1, 1, 2048, 3584])
2026-08-29 09:27:30.950 | DEBUG    | core:as_tensor:724 - Loaded cache for /proj_sw/user_dev/ctr-apbernal/tt-metal/model_cache/meta-llama/Llama-3.3-70B-Instruct/TG/tensor_cache_instruct_bfp8/layers.34.feed_forward.w1_interleavedprefetcher_dtype_BFLOAT4_B_layout_TILE.tensorbin of shape Shape([1, 1, 2048, 3584])
2026-08-29 09:27:31.452 | DEBUG    | core:as_tensor:724 - Loaded cache for /proj_sw/user_dev/ctr-apbernal/tt-metal/model_cache/meta-llama/Llama-3.3-70B-Instruct/TG/tensor_cache_instruct_bfp8/layers.34.feed_forward.w2_interleavedprefetcher_dtype_BFLOAT8_B_layout_TILE.tensorbin of shape Shape([1, 1, 3584, 2048])
2026-08-29 09:27:31.957 | DEBUG    | core:as_tensor:724 - Loaded cache for /proj_sw/user_dev/ctr-apbernal/tt-metal/model_cache/meta-llama/Llama-3.3-70B-Instruct/TG/tensor_cache_instruct_bfp8/layers.34.feed_forward.w3_interleavedprefetcher_dtype_BFLOAT4_B_layout_TILE.tensorbin of shape Shape([1, 1, 2048, 3584])
2026-08-29 09:27:31.962 | DEBUG    | core:as_tensor:724 - Loaded cache for /proj_sw/user_dev/ctr-apbernal/tt-metal/model_cache/meta-llama/Llama-3.3-70B-Instruct/TG/tensor_cache_instruct_bfp8/layers.34.attention_norm.weight_dtype_BFLOAT16_layout_ROW_MAJOR.tensorbin of shape Shape([1, 1, 256, 32])
2026-08-29 09:27:31.965 | DEBUG    | core:as_tensor:724 - Loaded cache for /proj_sw/user_dev/ctr-apbernal/tt-metal/model_cache/meta-llama/Llama-3.3-70B-Instruct/TG/tensor_cache_instruct_bfp8/layers.34.attention_norm.weight_distributed_dtype_BFLOAT16_layout_ROW_MAJOR.tensorbin of shape Shape([1, 1, 64, 32])
2026-08-29 09:27:31.967 | DEBUG    | core:as_tensor:724 - Loaded cache for /proj_sw/user_dev/ctr-apbernal/tt-metal/model_cache/meta-llama/Llama-3.3-70B-Instruct/TG/tensor_cache_instruct_bfp8/layers.34.ffn_norm.weight_dtype_BFLOAT16_layout_ROW_MAJOR.tensorbin of shape Shape([1, 1, 256, 32])
2026-08-29 09:27:31.969 | DEBUG    | core:as_tensor:724 - Loaded cache for /proj_sw/user_dev/ctr-apbernal/tt-metal/model_cache/meta-llama/Llama-3.3-70B-Instruct/TG/tensor_cache_instruct_bfp8/layers.34.ffn_norm.weight_distributed_dtype_BFLOAT16_layout_ROW_MAJOR.tensorbin of shape Shape([1, 1, 64, 32])
 44%|████▍     | 35/80 [02:24<03:08,  4.19s/it]2026-08-29 09:27:32.225 | DEBUG    | core:as_tensor:724 - Loaded cache for /proj_sw/user_dev/ctr-apbernal/tt-metal/model_cache/meta-llama/Llama-3.3-70B-Instruct/TG/tensor_cache_instruct_bfp8/layers.35.attention.wqkv_sharded_2d_prefetcher_dtype_BFLOAT8_B_layout_TILE.tensorbin of shape Shape([1, 1, 2048, 1280])
2026-08-29 09:27:32.451 | DEBUG    | core:as_tensor:724 - Loaded cache for /proj_sw/user_dev/ctr-apbernal/tt-metal/model_cache/meta-llama/Llama-3.3-70B-Instruct/TG/tensor_cache_instruct_bfp8/layers.35.attention.wqkv_sharded_2d_dram_dtype_BFLOAT8_B_layout_TILE.tensorbin of shape Shape([1, 1, 2048, 1280])
2026-08-29 09:27:32.750 | DEBUG    | core:as_tensor:724 - Loaded cache for /proj_sw/user_dev/ctr-apbernal/tt-metal/model_cache/meta-llama/Llama-3.3-70B-Instruct/TG/tensor_cache_instruct_bfp8/layers.35.attention.wo_width_sharded_2d_prefetcher_dtype_BFLOAT8_B_layout_TILE.tensorbin of shape Shape([1, 1, 1024, 2048])
2026-08-29 09:27:33.077 | DEBUG    | core:as_tensor:724 - Loaded cache for /proj_sw/user_dev/ctr-apbernal/tt-metal/model_cache/meta-llama/Llama-3.3-70B-Instruct/TG/tensor_cache_instruct_bfp8/layers.35.attention.wo_width_sharded_2d_dram_dtype_BFLOAT8_B_layout_TILE.tensorbin of shape Shape([1, 1, 1024, 2048])
2026-08-29 09:27:33.489 | DEBUG    | core:as_tensor:724 - Loaded cache for /proj_sw/user_dev/ctr-apbernal/tt-metal/model_cache/meta-llama/Llama-3.3-70B-Instruct/TG/tensor_cache_instruct_bfp8/layers.35.attention.wo_col_sharded_dram_dtype_BFLOAT8_B_layout_TILE.tensorbin of shape Shape([1, 1, 8192, 2048])
2026-08-29 09:27:33.503 | DEBUG    | core:as_tensor:724 - Loaded cache for /proj_sw/user_dev/ctr-apbernal/tt-metal/model_cache/meta-llama/Llama-3.3-70B-Instruct/TG/tensor_cache_instruct_bfp8/kvcache_torch.Size([2048, 1, 64, 128])_dtype_BFLOAT8_B_layout_TILE.tensorbin of shape Shape([2048, 1, 64, 128])
2026-08-29 09:27:33.512 | DEBUG    | core:as_tensor:724 - Loaded cache for /proj_sw/user_dev/ctr-apbernal/tt-metal/model_cache/meta-llama/Llama-3.3-70B-Instruct/TG/tensor_cache_instruct_bfp8/kvcache_torch.Size([2048, 1, 64, 128])_dtype_BFLOAT8_B_layout_TILE.tensorbin of shape Shape([2048, 1, 64, 128])
2026-08-29 09:27:33.815 | DEBUG    | core:as_tensor:724 - Loaded cache for /proj_sw/user_dev/ctr-apbernal/tt-metal/model_cache/meta-llama/Llama-3.3-70B-Instruct/TG/tensor_cache_instruct_bfp8/layers.35.feed_forward.w1_shardedprefetcher_dtype_BFLOAT4_B_layout_TILE.tensorbin of shape Shape([1, 1, 2048, 3584])
2026-08-29 09:27:34.319 | DEBUG    | core:as_tensor:724 - Loaded cache for /proj_sw/user_dev/ctr-apbernal/tt-metal/model_cache/meta-llama/Llama-3.3-70B-Instruct/TG/tensor_cache_instruct_bfp8/layers.35.feed_forward.w2_shardedprefetcher_dtype_BFLOAT8_B_layout_TILE.tensorbin of shape Shape([1, 1, 3584, 2048])
2026-08-29 09:27:34.732 | DEBUG    | core:as_tensor:724 - Loaded cache for /proj_sw/user_dev/ctr-apbernal/tt-metal/model_cache/meta-llama/Llama-3.3-70B-Instruct/TG/tensor_cache_instruct_bfp8/layers.35.feed_forward.w3_shardedprefetcher_dtype_BFLOAT4_B_layout_TILE.tensorbin of shape Shape([1, 1, 2048, 3584])
2026-08-29 09:27:35.133 | DEBUG    | core:as_tensor:724 - Loaded cache for /proj_sw/user_dev/ctr-apbernal/tt-metal/model_cache/meta-llama/Llama-3.3-70B-Instruct/TG/tensor_cache_instruct_bfp8/layers.35.feed_forward.w1_interleavedprefetcher_dtype_BFLOAT4_B_layout_TILE.tensorbin of shape Shape([1, 1, 2048, 3584])
2026-08-29 09:27:35.627 | DEBUG    | core:as_tensor:724 - Loaded cache for /proj_sw/user_dev/ctr-apbernal/tt-metal/model_cache/meta-llama/Llama-3.3-70B-Instruct/TG/tensor_cache_instruct_bfp8/layers.35.feed_forward.w2_interleavedprefetcher_dtype_BFLOAT8_B_layout_TILE.tensorbin of shape Shape([1, 1, 3584, 2048])
2026-08-29 09:27:35.916 | DEBUG    | core:as_tensor:724 - Loaded cache for /proj_sw/user_dev/ctr-apbernal/tt-metal/model_cache/meta-llama/Llama-3.3-70B-Instruct/TG/tensor_cache_instruct_bfp8/layers.35.feed_forward.w3_interleavedprefetcher_dtype_BFLOAT4_B_layout_TILE.tensorbin of shape Shape([1, 1, 2048, 3584])
2026-08-29 09:27:35.920 | DEBUG    | core:as_tensor:724 - Loaded cache for /proj_sw/user_dev/ctr-apbernal/tt-metal/model_cache/meta-llama/Llama-3.3-70B-Instruct/TG/tensor_cache_instruct_bfp8/layers.35.attention_norm.weight_dtype_BFLOAT16_layout_ROW_MAJOR.tensorbin of shape Shape([1, 1, 256, 32])
2026-08-29 09:27:35.922 | DEBUG    | core:as_tensor:724 - Loaded cache for /proj_sw/user_dev/ctr-apbernal/tt-metal/model_cache/meta-llama/Llama-3.3-70B-Instruct/TG/tensor_cache_instruct_bfp8/layers.35.attention_norm.weight_distributed_dtype_BFLOAT16_layout_ROW_MAJOR.tensorbin of shape Shape([1, 1, 64, 32])
2026-08-29 09:27:35.924 | DEBUG    | core:as_tensor:724 - Loaded cache for /proj_sw/user_dev/ctr-apbernal/tt-metal/model_cache/meta-llama/Llama-3.3-70B-Instruct/TG/tensor_cache_instruct_bfp8/layers.35.ffn_norm.weight_dtype_BFLOAT16_layout_ROW_MAJOR.tensorbin of shape Shape([1, 1, 256, 32])
2026-08-29 09:27:35.926 | DEBUG    | core:as_tensor:724 - Loaded cache for /proj_sw/user_dev/ctr-apbernal/tt-metal/model_cache/meta-llama/Llama-3.3-70B-Instruct/TG/tensor_cache_instruct_bfp8/layers.35.ffn_norm.weight_distributed_dtype_BFLOAT16_layout_ROW_MAJOR.tensorbin of shape Shape([1, 1, 64, 32])
 45%|████▌     | 36/80 [02:28<03:01,  4.12s/it]2026-08-29 09:27:36.314 | DEBUG    | core:as_tensor:724 - Loaded cache for /proj_sw/user_dev/ctr-apbernal/tt-metal/model_cache/meta-llama/Llama-3.3-70B-Instruct/TG/tensor_cache_instruct_bfp8/layers.36.attention.wqkv_sharded_2d_prefetcher_dtype_BFLOAT8_B_layout_TILE.tensorbin of shape Shape([1, 1, 2048, 1280])
2026-08-29 09:27:36.533 | DEBUG    | core:as_tensor:724 - Loaded cache for /proj_sw/user_dev/ctr-apbernal/tt-metal/model_cache/meta-llama/Llama-3.3-70B-Instruct/TG/tensor_cache_instruct_bfp8/layers.36.attention.wqkv_sharded_2d_dram_dtype_BFLOAT8_B_layout_TILE.tensorbin of shape Shape([1, 1, 2048, 1280])
2026-08-29 09:27:36.746 | DEBUG    | core:as_tensor:724 - Loaded cache for /proj_sw/user_dev/ctr-apbernal/tt-metal/model_cache/meta-llama/Llama-3.3-70B-Instruct/TG/tensor_cache_instruct_bfp8/layers.36.attention.wo_width_sharded_2d_prefetcher_dtype_BFLOAT8_B_layout_TILE.tensorbin of shape Shape([1, 1, 1024, 2048])
2026-08-29 09:27:37.073 | DEBUG    | core:as_tensor:724 - Loaded cache for /proj_sw/user_dev/ctr-apbernal/tt-metal/model_cache/meta-llama/Llama-3.3-70B-Instruct/TG/tensor_cache_instruct_bfp8/layers.36.attention.wo_width_sharded_2d_dram_dtype_BFLOAT8_B_layout_TILE.tensorbin of shape Shape([1, 1, 1024, 2048])
2026-08-29 09:27:37.479 | DEBUG    | core:as_tensor:724 - Loaded cache for /proj_sw/user_dev/ctr-apbernal/tt-metal/model_cache/meta-llama/Llama-3.3-70B-Instruct/TG/tensor_cache_instruct_bfp8/layers.36.attention.wo_col_sharded_dram_dtype_BFLOAT8_B_layout_TILE.tensorbin of shape Shape([1, 1, 8192, 2048])
2026-08-29 09:27:37.493 | DEBUG    | core:as_tensor:724 - Loaded cache for /proj_sw/user_dev/ctr-apbernal/tt-metal/model_cache/meta-llama/Llama-3.3-70B-Instruct/TG/tensor_cache_instruct_bfp8/kvcache_torch.Size([2048, 1, 64, 128])_dtype_BFLOAT8_B_layout_TILE.tensorbin of shape Shape([2048, 1, 64, 128])
2026-08-29 09:27:37.501 | DEBUG    | core:as_tensor:724 - Loaded cache for /proj_sw/user_dev/ctr-apbernal/tt-metal/model_cache/meta-llama/Llama-3.3-70B-Instruct/TG/tensor_cache_instruct_bfp8/kvcache_torch.Size([2048, 1, 64, 128])_dtype_BFLOAT8_B_layout_TILE.tensorbin of shape Shape([2048, 1, 64, 128])
2026-08-29 09:27:37.819 | DEBUG    | core:as_tensor:724 - Loaded cache for /proj_sw/user_dev/ctr-apbernal/tt-metal/model_cache/meta-llama/Llama-3.3-70B-Instruct/TG/tensor_cache_instruct_bfp8/layers.36.feed_forward.w1_shardedprefetcher_dtype_BFLOAT4_B_layout_TILE.tensorbin of shape Shape([1, 1, 2048, 3584])
2026-08-29 09:27:38.333 | DEBUG    | core:as_tensor:724 - Loaded cache for /proj_sw/user_dev/ctr-apbernal/tt-metal/model_cache/meta-llama/Llama-3.3-70B-Instruct/TG/tensor_cache_instruct_bfp8/layers.36.feed_forward.w2_shardedprefetcher_dtype_BFLOAT8_B_layout_TILE.tensorbin of shape Shape([1, 1, 3584, 2048])
2026-08-29 09:27:38.882 | DEBUG    | core:as_tensor:724 - Loaded cache for /proj_sw/user_dev/ctr-apbernal/tt-metal/model_cache/meta-llama/Llama-3.3-70B-Instruct/TG/tensor_cache_instruct_bfp8/layers.36.feed_forward.w3_shardedprefetcher_dtype_BFLOAT4_B_layout_TILE.tensorbin of shape Shape([1, 1, 2048, 3584])
2026-08-29 09:27:39.183 | DEBUG    | core:as_tensor:724 - Loaded cache for /proj_sw/user_dev/ctr-apbernal/tt-metal/model_cache/meta-llama/Llama-3.3-70B-Instruct/TG/tensor_cache_instruct_bfp8/layers.36.feed_forward.w1_interleavedprefetcher_dtype_BFLOAT4_B_layout_TILE.tensorbin of shape Shape([1, 1, 2048, 3584])
2026-08-29 09:27:39.675 | DEBUG    | core:as_tensor:724 - Loaded cache for /proj_sw/user_dev/ctr-apbernal/tt-metal/model_cache/meta-llama/Llama-3.3-70B-Instruct/TG/tensor_cache_instruct_bfp8/layers.36.feed_forward.w2_interleavedprefetcher_dtype_BFLOAT8_B_layout_TILE.tensorbin of shape Shape([1, 1, 3584, 2048])
2026-08-29 09:27:39.978 | DEBUG    | core:as_tensor:724 - Loaded cache for /proj_sw/user_dev/ctr-apbernal/tt-metal/model_cache/meta-llama/Llama-3.3-70B-Instruct/TG/tensor_cache_instruct_bfp8/layers.36.feed_forward.w3_interleavedprefetcher_dtype_BFLOAT4_B_layout_TILE.tensorbin of shape Shape([1, 1, 2048, 3584])
2026-08-29 09:27:39.983 | DEBUG    | core:as_tensor:724 - Loaded cache for /proj_sw/user_dev/ctr-apbernal/tt-metal/model_cache/meta-llama/Llama-3.3-70B-Instruct/TG/tensor_cache_instruct_bfp8/layers.36.attention_norm.weight_dtype_BFLOAT16_layout_ROW_MAJOR.tensorbin of shape Shape([1, 1, 256, 32])
2026-08-29 09:27:39.986 | DEBUG    | core:as_tensor:724 - Loaded cache for /proj_sw/user_dev/ctr-apbernal/tt-metal/model_cache/meta-llama/Llama-3.3-70B-Instruct/TG/tensor_cache_instruct_bfp8/layers.36.attention_norm.weight_distributed_dtype_BFLOAT16_layout_ROW_MAJOR.tensorbin of shape Shape([1, 1, 64, 32])
2026-08-29 09:27:39.988 | DEBUG    | core:as_tensor:724 - Loaded cache for /proj_sw/user_dev/ctr-apbernal/tt-metal/model_cache/meta-llama/Llama-3.3-70B-Instruct/TG/tensor_cache_instruct_bfp8/layers.36.ffn_norm.weight_dtype_BFLOAT16_layout_ROW_MAJOR.tensorbin of shape Shape([1, 1, 256, 32])
2026-08-29 09:27:39.990 | DEBUG    | core:as_tensor:724 - Loaded cache for /proj_sw/user_dev/ctr-apbernal/tt-metal/model_cache/meta-llama/Llama-3.3-70B-Instruct/TG/tensor_cache_instruct_bfp8/layers.36.ffn_norm.weight_distributed_dtype_BFLOAT16_layout_ROW_MAJOR.tensorbin of shape Shape([1, 1, 64, 32])
 46%|████▋     | 37/80 [02:32<02:56,  4.10s/it]2026-08-29 09:27:40.354 | DEBUG    | core:as_tensor:724 - Loaded cache for /proj_sw/user_dev/ctr-apbernal/tt-metal/model_cache/meta-llama/Llama-3.3-70B-Instruct/TG/tensor_cache_instruct_bfp8/layers.37.attention.wqkv_sharded_2d_prefetcher_dtype_BFLOAT8_B_layout_TILE.tensorbin of shape Shape([1, 1, 2048, 1280])
2026-08-29 09:27:40.724 | DEBUG    | core:as_tensor:724 - Loaded cache for /proj_sw/user_dev/ctr-apbernal/tt-metal/model_cache/meta-llama/Llama-3.3-70B-Instruct/TG/tensor_cache_instruct_bfp8/layers.37.attention.wqkv_sharded_2d_dram_dtype_BFLOAT8_B_layout_TILE.tensorbin of shape Shape([1, 1, 2048, 1280])
2026-08-29 09:27:41.046 | DEBUG    | core:as_tensor:724 - Loaded cache for /proj_sw/user_dev/ctr-apbernal/tt-metal/model_cache/meta-llama/Llama-3.3-70B-Instruct/TG/tensor_cache_instruct_bfp8/layers.37.attention.wo_width_sharded_2d_prefetcher_dtype_BFLOAT8_B_layout_TILE.tensorbin of shape Shape([1, 1, 1024, 2048])
2026-08-29 09:27:41.311 | DEBUG    | core:as_tensor:724 - Loaded cache for /proj_sw/user_dev/ctr-apbernal/tt-metal/model_cache/meta-llama/Llama-3.3-70B-Instruct/TG/tensor_cache_instruct_bfp8/layers.37.attention.wo_width_sharded_2d_dram_dtype_BFLOAT8_B_layout_TILE.tensorbin of shape Shape([1, 1, 1024, 2048])
2026-08-29 09:27:41.734 | DEBUG    | core:as_tensor:724 - Loaded cache for /proj_sw/user_dev/ctr-apbernal/tt-metal/model_cache/meta-llama/Llama-3.3-70B-Instruct/TG/tensor_cache_instruct_bfp8/layers.37.attention.wo_col_sharded_dram_dtype_BFLOAT8_B_layout_TILE.tensorbin of shape Shape([1, 1, 8192, 2048])
2026-08-29 09:27:41.749 | DEBUG    | core:as_tensor:724 - Loaded cache for /proj_sw/user_dev/ctr-apbernal/tt-metal/model_cache/meta-llama/Llama-3.3-70B-Instruct/TG/tensor_cache_instruct_bfp8/kvcache_torch.Size([2048, 1, 64, 128])_dtype_BFLOAT8_B_layout_TILE.tensorbin of shape Shape([2048, 1, 64, 128])
2026-08-29 09:27:41.756 | DEBUG    | core:as_tensor:724 - Loaded cache for /proj_sw/user_dev/ctr-apbernal/tt-metal/model_cache/meta-llama/Llama-3.3-70B-Instruct/TG/tensor_cache_instruct_bfp8/kvcache_torch.Size([2048, 1, 64, 128])_dtype_BFLOAT8_B_layout_TILE.tensorbin of shape Shape([2048, 1, 64, 128])
2026-08-29 09:27:42.245 | DEBUG    | core:as_tensor:724 - Loaded cache for /proj_sw/user_dev/ctr-apbernal/tt-metal/model_cache/meta-llama/Llama-3.3-70B-Instruct/TG/tensor_cache_instruct_bfp8/layers.37.feed_forward.w1_shardedprefetcher_dtype_BFLOAT4_B_layout_TILE.tensorbin of shape Shape([1, 1, 2048, 3584])
2026-08-29 09:27:42.744 | DEBUG    | core:as_tensor:724 - Loaded cache for /proj_sw/user_dev/ctr-apbernal/tt-metal/model_cache/meta-llama/Llama-3.3-70B-Instruct/TG/tensor_cache_instruct_bfp8/layers.37.feed_forward.w2_shardedprefetcher_dtype_BFLOAT8_B_layout_TILE.tensorbin of shape Shape([1, 1, 3584, 2048])
2026-08-29 09:27:43.060 | DEBUG    | core:as_tensor:724 - Loaded cache for /proj_sw/user_dev/ctr-apbernal/tt-metal/model_cache/meta-llama/Llama-3.3-70B-Instruct/TG/tensor_cache_instruct_bfp8/layers.37.feed_forward.w3_shardedprefetcher_dtype_BFLOAT4_B_layout_TILE.tensorbin of shape Shape([1, 1, 2048, 3584])
2026-08-29 09:27:43.363 | DEBUG    | core:as_tensor:724 - Loaded cache for /proj_sw/user_dev/ctr-apbernal/tt-metal/model_cache/meta-llama/Llama-3.3-70B-Instruct/TG/tensor_cache_instruct_bfp8/layers.37.feed_forward.w1_interleavedprefetcher_dtype_BFLOAT4_B_layout_TILE.tensorbin of shape Shape([1, 1, 2048, 3584])
2026-08-29 09:27:43.867 | DEBUG    | core:as_tensor:724 - Loaded cache for /proj_sw/user_dev/ctr-apbernal/tt-metal/model_cache/meta-llama/Llama-3.3-70B-Instruct/TG/tensor_cache_instruct_bfp8/layers.37.feed_forward.w2_interleavedprefetcher_dtype_BFLOAT8_B_layout_TILE.tensorbin of shape Shape([1, 1, 3584, 2048])
2026-08-29 09:27:44.230 | DEBUG    | core:as_tensor:724 - Loaded cache for /proj_sw/user_dev/ctr-apbernal/tt-metal/model_cache/meta-llama/Llama-3.3-70B-Instruct/TG/tensor_cache_instruct_bfp8/layers.37.feed_forward.w3_interleavedprefetcher_dtype_BFLOAT4_B_layout_TILE.tensorbin of shape Shape([1, 1, 2048, 3584])
2026-08-29 09:27:44.233 | DEBUG    | core:as_tensor:724 - Loaded cache for /proj_sw/user_dev/ctr-apbernal/tt-metal/model_cache/meta-llama/Llama-3.3-70B-Instruct/TG/tensor_cache_instruct_bfp8/layers.37.attention_norm.weight_dtype_BFLOAT16_layout_ROW_MAJOR.tensorbin of shape Shape([1, 1, 256, 32])
2026-08-29 09:27:44.235 | DEBUG    | core:as_tensor:724 - Loaded cache for /proj_sw/user_dev/ctr-apbernal/tt-metal/model_cache/meta-llama/Llama-3.3-70B-Instruct/TG/tensor_cache_instruct_bfp8/layers.37.attention_norm.weight_distributed_dtype_BFLOAT16_layout_ROW_MAJOR.tensorbin of shape Shape([1, 1, 64, 32])
2026-08-29 09:27:44.237 | DEBUG    | core:as_tensor:724 - Loaded cache for /proj_sw/user_dev/ctr-apbernal/tt-metal/model_cache/meta-llama/Llama-3.3-70B-Instruct/TG/tensor_cache_instruct_bfp8/layers.37.ffn_norm.weight_dtype_BFLOAT16_layout_ROW_MAJOR.tensorbin of shape Shape([1, 1, 256, 32])
2026-08-29 09:27:44.239 | DEBUG    | core:as_tensor:724 - Loaded cache for /proj_sw/user_dev/ctr-apbernal/tt-metal/model_cache/meta-llama/Llama-3.3-70B-Instruct/TG/tensor_cache_instruct_bfp8/layers.37.ffn_norm.weight_distributed_dtype_BFLOAT16_layout_ROW_MAJOR.tensorbin of shape Shape([1, 1, 64, 32])
 48%|████▊     | 38/80 [02:36<02:54,  4.15s/it]2026-08-29 09:27:44.514 | DEBUG    | core:as_tensor:724 - Loaded cache for /proj_sw/user_dev/ctr-apbernal/tt-metal/model_cache/meta-llama/Llama-3.3-70B-Instruct/TG/tensor_cache_instruct_bfp8/layers.38.attention.wqkv_sharded_2d_prefetcher_dtype_BFLOAT8_B_layout_TILE.tensorbin of shape Shape([1, 1, 2048, 1280])
2026-08-29 09:27:44.878 | DEBUG    | core:as_tensor:724 - Loaded cache for /proj_sw/user_dev/ctr-apbernal/tt-metal/model_cache/meta-llama/Llama-3.3-70B-Instruct/TG/tensor_cache_instruct_bfp8/layers.38.attention.wqkv_sharded_2d_dram_dtype_BFLOAT8_B_layout_TILE.tensorbin of shape Shape([1, 1, 2048, 1280])
2026-08-29 09:27:45.206 | DEBUG    | core:as_tensor:724 - Loaded cache for /proj_sw/user_dev/ctr-apbernal/tt-metal/model_cache/meta-llama/Llama-3.3-70B-Instruct/TG/tensor_cache_instruct_bfp8/layers.38.attention.wo_width_sharded_2d_prefetcher_dtype_BFLOAT8_B_layout_TILE.tensorbin of shape Shape([1, 1, 1024, 2048])
2026-08-29 09:27:45.483 | DEBUG    | core:as_tensor:724 - Loaded cache for /proj_sw/user_dev/ctr-apbernal/tt-metal/model_cache/meta-llama/Llama-3.3-70B-Instruct/TG/tensor_cache_instruct_bfp8/layers.38.attention.wo_width_sharded_2d_dram_dtype_BFLOAT8_B_layout_TILE.tensorbin of shape Shape([1, 1, 1024, 2048])
2026-08-29 09:27:45.859 | DEBUG    | core:as_tensor:724 - Loaded cache for /proj_sw/user_dev/ctr-apbernal/tt-metal/model_cache/meta-llama/Llama-3.3-70B-Instruct/TG/tensor_cache_instruct_bfp8/layers.38.attention.wo_col_sharded_dram_dtype_BFLOAT8_B_layout_TILE.tensorbin of shape Shape([1, 1, 8192, 2048])
2026-08-29 09:27:45.878 | DEBUG    | core:as_tensor:724 - Loaded cache for /proj_sw/user_dev/ctr-apbernal/tt-metal/model_cache/meta-llama/Llama-3.3-70B-Instruct/TG/tensor_cache_instruct_bfp8/kvcache_torch.Size([2048, 1, 64, 128])_dtype_BFLOAT8_B_layout_TILE.tensorbin of shape Shape([2048, 1, 64, 128])
2026-08-29 09:27:45.887 | DEBUG    | core:as_tensor:724 - Loaded cache for /proj_sw/user_dev/ctr-apbernal/tt-metal/model_cache/meta-llama/Llama-3.3-70B-Instruct/TG/tensor_cache_instruct_bfp8/kvcache_torch.Size([2048, 1, 64, 128])_dtype_BFLOAT8_B_layout_TILE.tensorbin of shape Shape([2048, 1, 64, 128])
2026-08-29 09:27:46.198 | DEBUG    | core:as_tensor:724 - Loaded cache for /proj_sw/user_dev/ctr-apbernal/tt-metal/model_cache/meta-llama/Llama-3.3-70B-Instruct/TG/tensor_cache_instruct_bfp8/layers.38.feed_forward.w1_shardedprefetcher_dtype_BFLOAT4_B_layout_TILE.tensorbin of shape Shape([1, 1, 2048, 3584])
2026-08-29 09:27:46.705 | DEBUG    | core:as_tensor:724 - Loaded cache for /proj_sw/user_dev/ctr-apbernal/tt-metal/model_cache/meta-llama/Llama-3.3-70B-Instruct/TG/tensor_cache_instruct_bfp8/layers.38.feed_forward.w2_shardedprefetcher_dtype_BFLOAT8_B_layout_TILE.tensorbin of shape Shape([1, 1, 3584, 2048])
2026-08-29 09:27:46.995 | DEBUG    | core:as_tensor:724 - Loaded cache for /proj_sw/user_dev/ctr-apbernal/tt-metal/model_cache/meta-llama/Llama-3.3-70B-Instruct/TG/tensor_cache_instruct_bfp8/layers.38.feed_forward.w3_shardedprefetcher_dtype_BFLOAT4_B_layout_TILE.tensorbin of shape Shape([1, 1, 2048, 3584])
2026-08-29 09:27:47.323 | DEBUG    | core:as_tensor:724 - Loaded cache for /proj_sw/user_dev/ctr-apbernal/tt-metal/model_cache/meta-llama/Llama-3.3-70B-Instruct/TG/tensor_cache_instruct_bfp8/layers.38.feed_forward.w1_interleavedprefetcher_dtype_BFLOAT4_B_layout_TILE.tensorbin of shape Shape([1, 1, 2048, 3584])
2026-08-29 09:27:47.818 | DEBUG    | core:as_tensor:724 - Loaded cache for /proj_sw/user_dev/ctr-apbernal/tt-metal/model_cache/meta-llama/Llama-3.3-70B-Instruct/TG/tensor_cache_instruct_bfp8/layers.38.feed_forward.w2_interleavedprefetcher_dtype_BFLOAT8_B_layout_TILE.tensorbin of shape Shape([1, 1, 3584, 2048])
2026-08-29 09:27:48.204 | DEBUG    | core:as_tensor:724 - Loaded cache for /proj_sw/user_dev/ctr-apbernal/tt-metal/model_cache/meta-llama/Llama-3.3-70B-Instruct/TG/tensor_cache_instruct_bfp8/layers.38.feed_forward.w3_interleavedprefetcher_dtype_BFLOAT4_B_layout_TILE.tensorbin of shape Shape([1, 1, 2048, 3584])
2026-08-29 09:27:48.210 | DEBUG    | core:as_tensor:724 - Loaded cache for /proj_sw/user_dev/ctr-apbernal/tt-metal/model_cache/meta-llama/Llama-3.3-70B-Instruct/TG/tensor_cache_instruct_bfp8/layers.38.attention_norm.weight_dtype_BFLOAT16_layout_ROW_MAJOR.tensorbin of shape Shape([1, 1, 256, 32])
2026-08-29 09:27:48.212 | DEBUG    | core:as_tensor:724 - Loaded cache for /proj_sw/user_dev/ctr-apbernal/tt-metal/model_cache/meta-llama/Llama-3.3-70B-Instruct/TG/tensor_cache_instruct_bfp8/layers.38.attention_norm.weight_distributed_dtype_BFLOAT16_layout_ROW_MAJOR.tensorbin of shape Shape([1, 1, 64, 32])
2026-08-29 09:27:48.214 | DEBUG    | core:as_tensor:724 - Loaded cache for /proj_sw/user_dev/ctr-apbernal/tt-metal/model_cache/meta-llama/Llama-3.3-70B-Instruct/TG/tensor_cache_instruct_bfp8/layers.38.ffn_norm.weight_dtype_BFLOAT16_layout_ROW_MAJOR.tensorbin of shape Shape([1, 1, 256, 32])
2026-08-29 09:27:48.215 | DEBUG    | core:as_tensor:724 - Loaded cache for /proj_sw/user_dev/ctr-apbernal/tt-metal/model_cache/meta-llama/Llama-3.3-70B-Instruct/TG/tensor_cache_instruct_bfp8/layers.38.ffn_norm.weight_distributed_dtype_BFLOAT16_layout_ROW_MAJOR.tensorbin of shape Shape([1, 1, 64, 32])
 49%|████▉     | 39/80 [02:40<02:47,  4.10s/it]2026-08-29 09:27:48.450 | DEBUG    | core:as_tensor:724 - Loaded cache for /proj_sw/user_dev/ctr-apbernal/tt-metal/model_cache/meta-llama/Llama-3.3-70B-Instruct/TG/tensor_cache_instruct_bfp8/layers.39.attention.wqkv_sharded_2d_prefetcher_dtype_BFLOAT8_B_layout_TILE.tensorbin of shape Shape([1, 1, 2048, 1280])
2026-08-29 09:27:48.672 | DEBUG    | core:as_tensor:724 - Loaded cache for /proj_sw/user_dev/ctr-apbernal/tt-metal/model_cache/meta-llama/Llama-3.3-70B-Instruct/TG/tensor_cache_instruct_bfp8/layers.39.attention.wqkv_sharded_2d_dram_dtype_BFLOAT8_B_layout_TILE.tensorbin of shape Shape([1, 1, 2048, 1280])
2026-08-29 09:27:48.974 | DEBUG    | core:as_tensor:724 - Loaded cache for /proj_sw/user_dev/ctr-apbernal/tt-metal/model_cache/meta-llama/Llama-3.3-70B-Instruct/TG/tensor_cache_instruct_bfp8/layers.39.attention.wo_width_sharded_2d_prefetcher_dtype_BFLOAT8_B_layout_TILE.tensorbin of shape Shape([1, 1, 1024, 2048])
2026-08-29 09:27:49.258 | DEBUG    | core:as_tensor:724 - Loaded cache for /proj_sw/user_dev/ctr-apbernal/tt-metal/model_cache/meta-llama/Llama-3.3-70B-Instruct/TG/tensor_cache_instruct_bfp8/layers.39.attention.wo_width_sharded_2d_dram_dtype_BFLOAT8_B_layout_TILE.tensorbin of shape Shape([1, 1, 1024, 2048])
2026-08-29 09:27:49.779 | DEBUG    | core:as_tensor:724 - Loaded cache for /proj_sw/user_dev/ctr-apbernal/tt-metal/model_cache/meta-llama/Llama-3.3-70B-Instruct/TG/tensor_cache_instruct_bfp8/layers.39.attention.wo_col_sharded_dram_dtype_BFLOAT8_B_layout_TILE.tensorbin of shape Shape([1, 1, 8192, 2048])
2026-08-29 09:27:49.798 | DEBUG    | core:as_tensor:724 - Loaded cache for /proj_sw/user_dev/ctr-apbernal/tt-metal/model_cache/meta-llama/Llama-3.3-70B-Instruct/TG/tensor_cache_instruct_bfp8/kvcache_torch.Size([2048, 1, 64, 128])_dtype_BFLOAT8_B_layout_TILE.tensorbin of shape Shape([2048, 1, 64, 128])
2026-08-29 09:27:49.810 | DEBUG    | core:as_tensor:724 - Loaded cache for /proj_sw/user_dev/ctr-apbernal/tt-metal/model_cache/meta-llama/Llama-3.3-70B-Instruct/TG/tensor_cache_instruct_bfp8/kvcache_torch.Size([2048, 1, 64, 128])_dtype_BFLOAT8_B_layout_TILE.tensorbin of shape Shape([2048, 1, 64, 128])
2026-08-29 09:27:50.343 | DEBUG    | core:as_tensor:724 - Loaded cache for /proj_sw/user_dev/ctr-apbernal/tt-metal/model_cache/meta-llama/Llama-3.3-70B-Instruct/TG/tensor_cache_instruct_bfp8/layers.39.feed_forward.w1_shardedprefetcher_dtype_BFLOAT4_B_layout_TILE.tensorbin of shape Shape([1, 1, 2048, 3584])
2026-08-29 09:27:50.853 | DEBUG    | core:as_tensor:724 - Loaded cache for /proj_sw/user_dev/ctr-apbernal/tt-metal/model_cache/meta-llama/Llama-3.3-70B-Instruct/TG/tensor_cache_instruct_bfp8/layers.39.feed_forward.w2_shardedprefetcher_dtype_BFLOAT8_B_layout_TILE.tensorbin of shape Shape([1, 1, 3584, 2048])
2026-08-29 09:27:51.195 | DEBUG    | core:as_tensor:724 - Loaded cache for /proj_sw/user_dev/ctr-apbernal/tt-metal/model_cache/meta-llama/Llama-3.3-70B-Instruct/TG/tensor_cache_instruct_bfp8/layers.39.feed_forward.w3_shardedprefetcher_dtype_BFLOAT4_B_layout_TILE.tensorbin of shape Shape([1, 1, 2048, 3584])
2026-08-29 09:27:51.608 | DEBUG    | core:as_tensor:724 - Loaded cache for /proj_sw/user_dev/ctr-apbernal/tt-metal/model_cache/meta-llama/Llama-3.3-70B-Instruct/TG/tensor_cache_instruct_bfp8/layers.39.feed_forward.w1_interleavedprefetcher_dtype_BFLOAT4_B_layout_TILE.tensorbin of shape Shape([1, 1, 2048, 3584])
2026-08-29 09:27:52.109 | DEBUG    | core:as_tensor:724 - Loaded cache for /proj_sw/user_dev/ctr-apbernal/tt-metal/model_cache/meta-llama/Llama-3.3-70B-Instruct/TG/tensor_cache_instruct_bfp8/layers.39.feed_forward.w2_interleavedprefetcher_dtype_BFLOAT8_B_layout_TILE.tensorbin of shape Shape([1, 1, 3584, 2048])
2026-08-29 09:27:52.602 | DEBUG    | core:as_tensor:724 - Loaded cache for /proj_sw/user_dev/ctr-apbernal/tt-metal/model_cache/meta-llama/Llama-3.3-70B-Instruct/TG/tensor_cache_instruct_bfp8/layers.39.feed_forward.w3_interleavedprefetcher_dtype_BFLOAT4_B_layout_TILE.tensorbin of shape Shape([1, 1, 2048, 3584])
2026-08-29 09:27:52.605 | DEBUG    | core:as_tensor:724 - Loaded cache for /proj_sw/user_dev/ctr-apbernal/tt-metal/model_cache/meta-llama/Llama-3.3-70B-Instruct/TG/tensor_cache_instruct_bfp8/layers.39.attention_norm.weight_dtype_BFLOAT16_layout_ROW_MAJOR.tensorbin of shape Shape([1, 1, 256, 32])
2026-08-29 09:27:52.607 | DEBUG    | core:as_tensor:724 - Loaded cache for /proj_sw/user_dev/ctr-apbernal/tt-metal/model_cache/meta-llama/Llama-3.3-70B-Instruct/TG/tensor_cache_instruct_bfp8/layers.39.attention_norm.weight_distributed_dtype_BFLOAT16_layout_ROW_MAJOR.tensorbin of shape Shape([1, 1, 64, 32])
2026-08-29 09:27:52.609 | DEBUG    | core:as_tensor:724 - Loaded cache for /proj_sw/user_dev/ctr-apbernal/tt-metal/model_cache/meta-llama/Llama-3.3-70B-Instruct/TG/tensor_cache_instruct_bfp8/layers.39.ffn_norm.weight_dtype_BFLOAT16_layout_ROW_MAJOR.tensorbin of shape Shape([1, 1, 256, 32])
2026-08-29 09:27:52.613 | DEBUG    | core:as_tensor:724 - Loaded cache for /proj_sw/user_dev/ctr-apbernal/tt-metal/model_cache/meta-llama/Llama-3.3-70B-Instruct/TG/tensor_cache_instruct_bfp8/layers.39.ffn_norm.weight_distributed_dtype_BFLOAT16_layout_ROW_MAJOR.tensorbin of shape Shape([1, 1, 64, 32])
 50%|█████     | 40/80 [02:45<02:47,  4.19s/it]2026-08-29 09:27:53.000 | DEBUG    | core:as_tensor:724 - Loaded cache for /proj_sw/user_dev/ctr-apbernal/tt-metal/model_cache/meta-llama/Llama-3.3-70B-Instruct/TG/tensor_cache_instruct_bfp8/layers.40.attention.wqkv_sharded_2d_prefetcher_dtype_BFLOAT8_B_layout_TILE.tensorbin of shape Shape([1, 1, 2048, 1280])
2026-08-29 09:27:53.239 | DEBUG    | core:as_tensor:724 - Loaded cache for /proj_sw/user_dev/ctr-apbernal/tt-metal/model_cache/meta-llama/Llama-3.3-70B-Instruct/TG/tensor_cache_instruct_bfp8/layers.40.attention.wqkv_sharded_2d_dram_dtype_BFLOAT8_B_layout_TILE.tensorbin of shape Shape([1, 1, 2048, 1280])
2026-08-29 09:27:53.531 | DEBUG    | core:as_tensor:724 - Loaded cache for /proj_sw/user_dev/ctr-apbernal/tt-metal/model_cache/meta-llama/Llama-3.3-70B-Instruct/TG/tensor_cache_instruct_bfp8/layers.40.attention.wo_width_sharded_2d_prefetcher_dtype_BFLOAT8_B_layout_TILE.tensorbin of shape Shape([1, 1, 1024, 2048])
2026-08-29 09:27:53.859 | DEBUG    | core:as_tensor:724 - Loaded cache for /proj_sw/user_dev/ctr-apbernal/tt-metal/model_cache/meta-llama/Llama-3.3-70B-Instruct/TG/tensor_cache_instruct_bfp8/layers.40.attention.wo_width_sharded_2d_dram_dtype_BFLOAT8_B_layout_TILE.tensorbin of shape Shape([1, 1, 1024, 2048])
2026-08-29 09:27:54.131 | DEBUG    | core:as_tensor:724 - Loaded cache for /proj_sw/user_dev/ctr-apbernal/tt-metal/model_cache/meta-llama/Llama-3.3-70B-Instruct/TG/tensor_cache_instruct_bfp8/layers.40.attention.wo_col_sharded_dram_dtype_BFLOAT8_B_layout_TILE.tensorbin of shape Shape([1, 1, 8192, 2048])
2026-08-29 09:27:54.146 | DEBUG    | core:as_tensor:724 - Loaded cache for /proj_sw/user_dev/ctr-apbernal/tt-metal/model_cache/meta-llama/Llama-3.3-70B-Instruct/TG/tensor_cache_instruct_bfp8/kvcache_torch.Size([2048, 1, 64, 128])_dtype_BFLOAT8_B_layout_TILE.tensorbin of shape Shape([2048, 1, 64, 128])
2026-08-29 09:27:54.153 | DEBUG    | core:as_tensor:724 - Loaded cache for /proj_sw/user_dev/ctr-apbernal/tt-metal/model_cache/meta-llama/Llama-3.3-70B-Instruct/TG/tensor_cache_instruct_bfp8/kvcache_torch.Size([2048, 1, 64, 128])_dtype_BFLOAT8_B_layout_TILE.tensorbin of shape Shape([2048, 1, 64, 128])
2026-08-29 09:27:54.473 | DEBUG    | core:as_tensor:724 - Loaded cache for /proj_sw/user_dev/ctr-apbernal/tt-metal/model_cache/meta-llama/Llama-3.3-70B-Instruct/TG/tensor_cache_instruct_bfp8/layers.40.feed_forward.w1_shardedprefetcher_dtype_BFLOAT4_B_layout_TILE.tensorbin of shape Shape([1, 1, 2048, 3584])
2026-08-29 09:27:54.963 | DEBUG    | core:as_tensor:724 - Loaded cache for /proj_sw/user_dev/ctr-apbernal/tt-metal/model_cache/meta-llama/Llama-3.3-70B-Instruct/TG/tensor_cache_instruct_bfp8/layers.40.feed_forward.w2_shardedprefetcher_dtype_BFLOAT8_B_layout_TILE.tensorbin of shape Shape([1, 1, 3584, 2048])
2026-08-29 09:27:55.257 | DEBUG    | core:as_tensor:724 - Loaded cache for /proj_sw/user_dev/ctr-apbernal/tt-metal/model_cache/meta-llama/Llama-3.3-70B-Instruct/TG/tensor_cache_instruct_bfp8/layers.40.feed_forward.w3_shardedprefetcher_dtype_BFLOAT4_B_layout_TILE.tensorbin of shape Shape([1, 1, 2048, 3584])
2026-08-29 09:27:55.570 | DEBUG    | core:as_tensor:724 - Loaded cache for /proj_sw/user_dev/ctr-apbernal/tt-metal/model_cache/meta-llama/Llama-3.3-70B-Instruct/TG/tensor_cache_instruct_bfp8/layers.40.feed_forward.w1_interleavedprefetcher_dtype_BFLOAT4_B_layout_TILE.tensorbin of shape Shape([1, 1, 2048, 3584])
2026-08-29 09:27:56.058 | DEBUG    | core:as_tensor:724 - Loaded cache for /proj_sw/user_dev/ctr-apbernal/tt-metal/model_cache/meta-llama/Llama-3.3-70B-Instruct/TG/tensor_cache_instruct_bfp8/layers.40.feed_forward.w2_interleavedprefetcher_dtype_BFLOAT8_B_layout_TILE.tensorbin of shape Shape([1, 1, 3584, 2048])
2026-08-29 09:27:56.532 | DEBUG    | core:as_tensor:724 - Loaded cache for /proj_sw/user_dev/ctr-apbernal/tt-metal/model_cache/meta-llama/Llama-3.3-70B-Instruct/TG/tensor_cache_instruct_bfp8/layers.40.feed_forward.w3_interleavedprefetcher_dtype_BFLOAT4_B_layout_TILE.tensorbin of shape Shape([1, 1, 2048, 3584])
2026-08-29 09:27:56.535 | DEBUG    | core:as_tensor:724 - Loaded cache for /proj_sw/user_dev/ctr-apbernal/tt-metal/model_cache/meta-llama/Llama-3.3-70B-Instruct/TG/tensor_cache_instruct_bfp8/layers.40.attention_norm.weight_dtype_BFLOAT16_layout_ROW_MAJOR.tensorbin of shape Shape([1, 1, 256, 32])
2026-08-29 09:27:56.537 | DEBUG    | core:as_tensor:724 - Loaded cache for /proj_sw/user_dev/ctr-apbernal/tt-metal/model_cache/meta-llama/Llama-3.3-70B-Instruct/TG/tensor_cache_instruct_bfp8/layers.40.attention_norm.weight_distributed_dtype_BFLOAT16_layout_ROW_MAJOR.tensorbin of shape Shape([1, 1, 64, 32])
2026-08-29 09:27:56.539 | DEBUG    | core:as_tensor:724 - Loaded cache for /proj_sw/user_dev/ctr-apbernal/tt-metal/model_cache/meta-llama/Llama-3.3-70B-Instruct/TG/tensor_cache_instruct_bfp8/layers.40.ffn_norm.weight_dtype_BFLOAT16_layout_ROW_MAJOR.tensorbin of shape Shape([1, 1, 256, 32])
2026-08-29 09:27:56.541 | DEBUG    | core:as_tensor:724 - Loaded cache for /proj_sw/user_dev/ctr-apbernal/tt-metal/model_cache/meta-llama/Llama-3.3-70B-Instruct/TG/tensor_cache_instruct_bfp8/layers.40.ffn_norm.weight_distributed_dtype_BFLOAT16_layout_ROW_MAJOR.tensorbin of shape Shape([1, 1, 64, 32])
 51%|█████▏    | 41/80 [02:49<02:40,  4.11s/it]2026-08-29 09:27:56.869 | DEBUG    | core:as_tensor:724 - Loaded cache for /proj_sw/user_dev/ctr-apbernal/tt-metal/model_cache/meta-llama/Llama-3.3-70B-Instruct/TG/tensor_cache_instruct_bfp8/layers.41.attention.wqkv_sharded_2d_prefetcher_dtype_BFLOAT8_B_layout_TILE.tensorbin of shape Shape([1, 1, 2048, 1280])
2026-08-29 09:27:57.095 | DEBUG    | core:as_tensor:724 - Loaded cache for /proj_sw/user_dev/ctr-apbernal/tt-metal/model_cache/meta-llama/Llama-3.3-70B-Instruct/TG/tensor_cache_instruct_bfp8/layers.41.attention.wqkv_sharded_2d_dram_dtype_BFLOAT8_B_layout_TILE.tensorbin of shape Shape([1, 1, 2048, 1280])
2026-08-29 09:27:57.422 | DEBUG    | core:as_tensor:724 - Loaded cache for /proj_sw/user_dev/ctr-apbernal/tt-metal/model_cache/meta-llama/Llama-3.3-70B-Instruct/TG/tensor_cache_instruct_bfp8/layers.41.attention.wo_width_sharded_2d_prefetcher_dtype_BFLOAT8_B_layout_TILE.tensorbin of shape Shape([1, 1, 1024, 2048])
2026-08-29 09:27:57.751 | DEBUG    | core:as_tensor:724 - Loaded cache for /proj_sw/user_dev/ctr-apbernal/tt-metal/model_cache/meta-llama/Llama-3.3-70B-Instruct/TG/tensor_cache_instruct_bfp8/layers.41.attention.wo_width_sharded_2d_dram_dtype_BFLOAT8_B_layout_TILE.tensorbin of shape Shape([1, 1, 1024, 2048])
2026-08-29 09:27:57.918 | DEBUG    | core:as_tensor:724 - Loaded cache for /proj_sw/user_dev/ctr-apbernal/tt-metal/model_cache/meta-llama/Llama-3.3-70B-Instruct/TG/tensor_cache_instruct_bfp8/layers.41.attention.wo_col_sharded_dram_dtype_BFLOAT8_B_layout_TILE.tensorbin of shape Shape([1, 1, 8192, 2048])
2026-08-29 09:27:57.932 | DEBUG    | core:as_tensor:724 - Loaded cache for /proj_sw/user_dev/ctr-apbernal/tt-metal/model_cache/meta-llama/Llama-3.3-70B-Instruct/TG/tensor_cache_instruct_bfp8/kvcache_torch.Size([2048, 1, 64, 128])_dtype_BFLOAT8_B_layout_TILE.tensorbin of shape Shape([2048, 1, 64, 128])
2026-08-29 09:27:57.940 | DEBUG    | core:as_tensor:724 - Loaded cache for /proj_sw/user_dev/ctr-apbernal/tt-metal/model_cache/meta-llama/Llama-3.3-70B-Instruct/TG/tensor_cache_instruct_bfp8/kvcache_torch.Size([2048, 1, 64, 128])_dtype_BFLOAT8_B_layout_TILE.tensorbin of shape Shape([2048, 1, 64, 128])
2026-08-29 09:27:58.270 | DEBUG    | core:as_tensor:724 - Loaded cache for /proj_sw/user_dev/ctr-apbernal/tt-metal/model_cache/meta-llama/Llama-3.3-70B-Instruct/TG/tensor_cache_instruct_bfp8/layers.41.feed_forward.w1_shardedprefetcher_dtype_BFLOAT4_B_layout_TILE.tensorbin of shape Shape([1, 1, 2048, 3584])
2026-08-29 09:27:58.779 | DEBUG    | core:as_tensor:724 - Loaded cache for /proj_sw/user_dev/ctr-apbernal/tt-metal/model_cache/meta-llama/Llama-3.3-70B-Instruct/TG/tensor_cache_instruct_bfp8/layers.41.feed_forward.w2_shardedprefetcher_dtype_BFLOAT8_B_layout_TILE.tensorbin of shape Shape([1, 1, 3584, 2048])
2026-08-29 09:27:59.074 | DEBUG    | core:as_tensor:724 - Loaded cache for /proj_sw/user_dev/ctr-apbernal/tt-metal/model_cache/meta-llama/Llama-3.3-70B-Instruct/TG/tensor_cache_instruct_bfp8/layers.41.feed_forward.w3_shardedprefetcher_dtype_BFLOAT4_B_layout_TILE.tensorbin of shape Shape([1, 1, 2048, 3584])
2026-08-29 09:27:59.392 | DEBUG    | core:as_tensor:724 - Loaded cache for /proj_sw/user_dev/ctr-apbernal/tt-metal/model_cache/meta-llama/Llama-3.3-70B-Instruct/TG/tensor_cache_instruct_bfp8/layers.41.feed_forward.w1_interleavedprefetcher_dtype_BFLOAT4_B_layout_TILE.tensorbin of shape Shape([1, 1, 2048, 3584])
2026-08-29 09:27:59.890 | DEBUG    | core:as_tensor:724 - Loaded cache for /proj_sw/user_dev/ctr-apbernal/tt-metal/model_cache/meta-llama/Llama-3.3-70B-Instruct/TG/tensor_cache_instruct_bfp8/layers.41.feed_forward.w2_interleavedprefetcher_dtype_BFLOAT8_B_layout_TILE.tensorbin of shape Shape([1, 1, 3584, 2048])
2026-08-29 09:28:00.201 | DEBUG    | core:as_tensor:724 - Loaded cache for /proj_sw/user_dev/ctr-apbernal/tt-metal/model_cache/meta-llama/Llama-3.3-70B-Instruct/TG/tensor_cache_instruct_bfp8/layers.41.feed_forward.w3_interleavedprefetcher_dtype_BFLOAT4_B_layout_TILE.tensorbin of shape Shape([1, 1, 2048, 3584])
2026-08-29 09:28:00.204 | DEBUG    | core:as_tensor:724 - Loaded cache for /proj_sw/user_dev/ctr-apbernal/tt-metal/model_cache/meta-llama/Llama-3.3-70B-Instruct/TG/tensor_cache_instruct_bfp8/layers.41.attention_norm.weight_dtype_BFLOAT16_layout_ROW_MAJOR.tensorbin of shape Shape([1, 1, 256, 32])
2026-08-29 09:28:00.206 | DEBUG    | core:as_tensor:724 - Loaded cache for /proj_sw/user_dev/ctr-apbernal/tt-metal/model_cache/meta-llama/Llama-3.3-70B-Instruct/TG/tensor_cache_instruct_bfp8/layers.41.attention_norm.weight_distributed_dtype_BFLOAT16_layout_ROW_MAJOR.tensorbin of shape Shape([1, 1, 64, 32])
2026-08-29 09:28:00.208 | DEBUG    | core:as_tensor:724 - Loaded cache for /proj_sw/user_dev/ctr-apbernal/tt-metal/model_cache/meta-llama/Llama-3.3-70B-Instruct/TG/tensor_cache_instruct_bfp8/layers.41.ffn_norm.weight_dtype_BFLOAT16_layout_ROW_MAJOR.tensorbin of shape Shape([1, 1, 256, 32])
2026-08-29 09:28:00.210 | DEBUG    | core:as_tensor:724 - Loaded cache for /proj_sw/user_dev/ctr-apbernal/tt-metal/model_cache/meta-llama/Llama-3.3-70B-Instruct/TG/tensor_cache_instruct_bfp8/layers.41.ffn_norm.weight_distributed_dtype_BFLOAT16_layout_ROW_MAJOR.tensorbin of shape Shape([1, 1, 64, 32])
 52%|█████▎    | 42/80 [02:52<02:31,  3.98s/it]2026-08-29 09:28:00.605 | DEBUG    | core:as_tensor:724 - Loaded cache for /proj_sw/user_dev/ctr-apbernal/tt-metal/model_cache/meta-llama/Llama-3.3-70B-Instruct/TG/tensor_cache_instruct_bfp8/layers.42.attention.wqkv_sharded_2d_prefetcher_dtype_BFLOAT8_B_layout_TILE.tensorbin of shape Shape([1, 1, 2048, 1280])
2026-08-29 09:28:00.989 | DEBUG    | core:as_tensor:724 - Loaded cache for /proj_sw/user_dev/ctr-apbernal/tt-metal/model_cache/meta-llama/Llama-3.3-70B-Instruct/TG/tensor_cache_instruct_bfp8/layers.42.attention.wqkv_sharded_2d_dram_dtype_BFLOAT8_B_layout_TILE.tensorbin of shape Shape([1, 1, 2048, 1280])
2026-08-29 09:28:01.190 | DEBUG    | core:as_tensor:724 - Loaded cache for /proj_sw/user_dev/ctr-apbernal/tt-metal/model_cache/meta-llama/Llama-3.3-70B-Instruct/TG/tensor_cache_instruct_bfp8/layers.42.attention.wo_width_sharded_2d_prefetcher_dtype_BFLOAT8_B_layout_TILE.tensorbin of shape Shape([1, 1, 1024, 2048])
2026-08-29 09:28:01.518 | DEBUG    | core:as_tensor:724 - Loaded cache for /proj_sw/user_dev/ctr-apbernal/tt-metal/model_cache/meta-llama/Llama-3.3-70B-Instruct/TG/tensor_cache_instruct_bfp8/layers.42.attention.wo_width_sharded_2d_dram_dtype_BFLOAT8_B_layout_TILE.tensorbin of shape Shape([1, 1, 1024, 2048])
2026-08-29 09:28:01.878 | DEBUG    | core:as_tensor:724 - Loaded cache for /proj_sw/user_dev/ctr-apbernal/tt-metal/model_cache/meta-llama/Llama-3.3-70B-Instruct/TG/tensor_cache_instruct_bfp8/layers.42.attention.wo_col_sharded_dram_dtype_BFLOAT8_B_layout_TILE.tensorbin of shape Shape([1, 1, 8192, 2048])
2026-08-29 09:28:01.895 | DEBUG    | core:as_tensor:724 - Loaded cache for /proj_sw/user_dev/ctr-apbernal/tt-metal/model_cache/meta-llama/Llama-3.3-70B-Instruct/TG/tensor_cache_instruct_bfp8/kvcache_torch.Size([2048, 1, 64, 128])_dtype_BFLOAT8_B_layout_TILE.tensorbin of shape Shape([2048, 1, 64, 128])
2026-08-29 09:28:01.903 | DEBUG    | core:as_tensor:724 - Loaded cache for /proj_sw/user_dev/ctr-apbernal/tt-metal/model_cache/meta-llama/Llama-3.3-70B-Instruct/TG/tensor_cache_instruct_bfp8/kvcache_torch.Size([2048, 1, 64, 128])_dtype_BFLOAT8_B_layout_TILE.tensorbin of shape Shape([2048, 1, 64, 128])
2026-08-29 09:28:02.464 | DEBUG    | core:as_tensor:724 - Loaded cache for /proj_sw/user_dev/ctr-apbernal/tt-metal/model_cache/meta-llama/Llama-3.3-70B-Instruct/TG/tensor_cache_instruct_bfp8/layers.42.feed_forward.w1_shardedprefetcher_dtype_BFLOAT4_B_layout_TILE.tensorbin of shape Shape([1, 1, 2048, 3584])
2026-08-29 09:28:02.975 | DEBUG    | core:as_tensor:724 - Loaded cache for /proj_sw/user_dev/ctr-apbernal/tt-metal/model_cache/meta-llama/Llama-3.3-70B-Instruct/TG/tensor_cache_instruct_bfp8/layers.42.feed_forward.w2_shardedprefetcher_dtype_BFLOAT8_B_layout_TILE.tensorbin of shape Shape([1, 1, 3584, 2048])
2026-08-29 09:28:03.292 | DEBUG    | core:as_tensor:724 - Loaded cache for /proj_sw/user_dev/ctr-apbernal/tt-metal/model_cache/meta-llama/Llama-3.3-70B-Instruct/TG/tensor_cache_instruct_bfp8/layers.42.feed_forward.w3_shardedprefetcher_dtype_BFLOAT4_B_layout_TILE.tensorbin of shape Shape([1, 1, 2048, 3584])
2026-08-29 09:28:03.747 | DEBUG    | core:as_tensor:724 - Loaded cache for /proj_sw/user_dev/ctr-apbernal/tt-metal/model_cache/meta-llama/Llama-3.3-70B-Instruct/TG/tensor_cache_instruct_bfp8/layers.42.feed_forward.w1_interleavedprefetcher_dtype_BFLOAT4_B_layout_TILE.tensorbin of shape Shape([1, 1, 2048, 3584])
2026-08-29 09:28:04.254 | DEBUG    | core:as_tensor:724 - Loaded cache for /proj_sw/user_dev/ctr-apbernal/tt-metal/model_cache/meta-llama/Llama-3.3-70B-Instruct/TG/tensor_cache_instruct_bfp8/layers.42.feed_forward.w2_interleavedprefetcher_dtype_BFLOAT8_B_layout_TILE.tensorbin of shape Shape([1, 1, 3584, 2048])
2026-08-29 09:28:04.572 | DEBUG    | core:as_tensor:724 - Loaded cache for /proj_sw/user_dev/ctr-apbernal/tt-metal/model_cache/meta-llama/Llama-3.3-70B-Instruct/TG/tensor_cache_instruct_bfp8/layers.42.feed_forward.w3_interleavedprefetcher_dtype_BFLOAT4_B_layout_TILE.tensorbin of shape Shape([1, 1, 2048, 3584])
2026-08-29 09:28:04.575 | DEBUG    | core:as_tensor:724 - Loaded cache for /proj_sw/user_dev/ctr-apbernal/tt-metal/model_cache/meta-llama/Llama-3.3-70B-Instruct/TG/tensor_cache_instruct_bfp8/layers.42.attention_norm.weight_dtype_BFLOAT16_layout_ROW_MAJOR.tensorbin of shape Shape([1, 1, 256, 32])
2026-08-29 09:28:04.577 | DEBUG    | core:as_tensor:724 - Loaded cache for /proj_sw/user_dev/ctr-apbernal/tt-metal/model_cache/meta-llama/Llama-3.3-70B-Instruct/TG/tensor_cache_instruct_bfp8/layers.42.attention_norm.weight_distributed_dtype_BFLOAT16_layout_ROW_MAJOR.tensorbin of shape Shape([1, 1, 64, 32])
2026-08-29 09:28:04.579 | DEBUG    | core:as_tensor:724 - Loaded cache for /proj_sw/user_dev/ctr-apbernal/tt-metal/model_cache/meta-llama/Llama-3.3-70B-Instruct/TG/tensor_cache_instruct_bfp8/layers.42.ffn_norm.weight_dtype_BFLOAT16_layout_ROW_MAJOR.tensorbin of shape Shape([1, 1, 256, 32])
2026-08-29 09:28:04.581 | DEBUG    | core:as_tensor:724 - Loaded cache for /proj_sw/user_dev/ctr-apbernal/tt-metal/model_cache/meta-llama/Llama-3.3-70B-Instruct/TG/tensor_cache_instruct_bfp8/layers.42.ffn_norm.weight_distributed_dtype_BFLOAT16_layout_ROW_MAJOR.tensorbin of shape Shape([1, 1, 64, 32])
 54%|█████▍    | 43/80 [02:57<02:31,  4.10s/it]2026-08-29 09:28:04.922 | DEBUG    | core:as_tensor:724 - Loaded cache for /proj_sw/user_dev/ctr-apbernal/tt-metal/model_cache/meta-llama/Llama-3.3-70B-Instruct/TG/tensor_cache_instruct_bfp8/layers.43.attention.wqkv_sharded_2d_prefetcher_dtype_BFLOAT8_B_layout_TILE.tensorbin of shape Shape([1, 1, 2048, 1280])
2026-08-29 09:28:05.287 | DEBUG    | core:as_tensor:724 - Loaded cache for /proj_sw/user_dev/ctr-apbernal/tt-metal/model_cache/meta-llama/Llama-3.3-70B-Instruct/TG/tensor_cache_instruct_bfp8/layers.43.attention.wqkv_sharded_2d_dram_dtype_BFLOAT8_B_layout_TILE.tensorbin of shape Shape([1, 1, 2048, 1280])
2026-08-29 09:28:05.613 | DEBUG    | core:as_tensor:724 - Loaded cache for /proj_sw/user_dev/ctr-apbernal/tt-metal/model_cache/meta-llama/Llama-3.3-70B-Instruct/TG/tensor_cache_instruct_bfp8/layers.43.attention.wo_width_sharded_2d_prefetcher_dtype_BFLOAT8_B_layout_TILE.tensorbin of shape Shape([1, 1, 1024, 2048])
2026-08-29 09:28:05.945 | DEBUG    | core:as_tensor:724 - Loaded cache for /proj_sw/user_dev/ctr-apbernal/tt-metal/model_cache/meta-llama/Llama-3.3-70B-Instruct/TG/tensor_cache_instruct_bfp8/layers.43.attention.wo_width_sharded_2d_dram_dtype_BFLOAT8_B_layout_TILE.tensorbin of shape Shape([1, 1, 1024, 2048])
2026-08-29 09:28:06.433 | DEBUG    | core:as_tensor:724 - Loaded cache for /proj_sw/user_dev/ctr-apbernal/tt-metal/model_cache/meta-llama/Llama-3.3-70B-Instruct/TG/tensor_cache_instruct_bfp8/layers.43.attention.wo_col_sharded_dram_dtype_BFLOAT8_B_layout_TILE.tensorbin of shape Shape([1, 1, 8192, 2048])
2026-08-29 09:28:06.451 | DEBUG    | core:as_tensor:724 - Loaded cache for /proj_sw/user_dev/ctr-apbernal/tt-metal/model_cache/meta-llama/Llama-3.3-70B-Instruct/TG/tensor_cache_instruct_bfp8/kvcache_torch.Size([2048, 1, 64, 128])_dtype_BFLOAT8_B_layout_TILE.tensorbin of shape Shape([2048, 1, 64, 128])
2026-08-29 09:28:06.459 | DEBUG    | core:as_tensor:724 - Loaded cache for /proj_sw/user_dev/ctr-apbernal/tt-metal/model_cache/meta-llama/Llama-3.3-70B-Instruct/TG/tensor_cache_instruct_bfp8/kvcache_torch.Size([2048, 1, 64, 128])_dtype_BFLOAT8_B_layout_TILE.tensorbin of shape Shape([2048, 1, 64, 128])
2026-08-29 09:28:06.775 | DEBUG    | core:as_tensor:724 - Loaded cache for /proj_sw/user_dev/ctr-apbernal/tt-metal/model_cache/meta-llama/Llama-3.3-70B-Instruct/TG/tensor_cache_instruct_bfp8/layers.43.feed_forward.w1_shardedprefetcher_dtype_BFLOAT4_B_layout_TILE.tensorbin of shape Shape([1, 1, 2048, 3584])
2026-08-29 09:28:07.284 | DEBUG    | core:as_tensor:724 - Loaded cache for /proj_sw/user_dev/ctr-apbernal/tt-metal/model_cache/meta-llama/Llama-3.3-70B-Instruct/TG/tensor_cache_instruct_bfp8/layers.43.feed_forward.w2_shardedprefetcher_dtype_BFLOAT8_B_layout_TILE.tensorbin of shape Shape([1, 1, 3584, 2048])
2026-08-29 09:28:07.568 | DEBUG    | core:as_tensor:724 - Loaded cache for /proj_sw/user_dev/ctr-apbernal/tt-metal/model_cache/meta-llama/Llama-3.3-70B-Instruct/TG/tensor_cache_instruct_bfp8/layers.43.feed_forward.w3_shardedprefetcher_dtype_BFLOAT4_B_layout_TILE.tensorbin of shape Shape([1, 1, 2048, 3584])
2026-08-29 09:28:07.885 | DEBUG    | core:as_tensor:724 - Loaded cache for /proj_sw/user_dev/ctr-apbernal/tt-metal/model_cache/meta-llama/Llama-3.3-70B-Instruct/TG/tensor_cache_instruct_bfp8/layers.43.feed_forward.w1_interleavedprefetcher_dtype_BFLOAT4_B_layout_TILE.tensorbin of shape Shape([1, 1, 2048, 3584])
2026-08-29 09:28:08.385 | DEBUG    | core:as_tensor:724 - Loaded cache for /proj_sw/user_dev/ctr-apbernal/tt-metal/model_cache/meta-llama/Llama-3.3-70B-Instruct/TG/tensor_cache_instruct_bfp8/layers.43.feed_forward.w2_interleavedprefetcher_dtype_BFLOAT8_B_layout_TILE.tensorbin of shape Shape([1, 1, 3584, 2048])
2026-08-29 09:28:08.663 | DEBUG    | core:as_tensor:724 - Loaded cache for /proj_sw/user_dev/ctr-apbernal/tt-metal/model_cache/meta-llama/Llama-3.3-70B-Instruct/TG/tensor_cache_instruct_bfp8/layers.43.feed_forward.w3_interleavedprefetcher_dtype_BFLOAT4_B_layout_TILE.tensorbin of shape Shape([1, 1, 2048, 3584])
2026-08-29 09:28:08.669 | DEBUG    | core:as_tensor:724 - Loaded cache for /proj_sw/user_dev/ctr-apbernal/tt-metal/model_cache/meta-llama/Llama-3.3-70B-Instruct/TG/tensor_cache_instruct_bfp8/layers.43.attention_norm.weight_dtype_BFLOAT16_layout_ROW_MAJOR.tensorbin of shape Shape([1, 1, 256, 32])
2026-08-29 09:28:08.671 | DEBUG    | core:as_tensor:724 - Loaded cache for /proj_sw/user_dev/ctr-apbernal/tt-metal/model_cache/meta-llama/Llama-3.3-70B-Instruct/TG/tensor_cache_instruct_bfp8/layers.43.attention_norm.weight_distributed_dtype_BFLOAT16_layout_ROW_MAJOR.tensorbin of shape Shape([1, 1, 64, 32])
2026-08-29 09:28:08.673 | DEBUG    | core:as_tensor:724 - Loaded cache for /proj_sw/user_dev/ctr-apbernal/tt-metal/model_cache/meta-llama/Llama-3.3-70B-Instruct/TG/tensor_cache_instruct_bfp8/layers.43.ffn_norm.weight_dtype_BFLOAT16_layout_ROW_MAJOR.tensorbin of shape Shape([1, 1, 256, 32])
2026-08-29 09:28:08.675 | DEBUG    | core:as_tensor:724 - Loaded cache for /proj_sw/user_dev/ctr-apbernal/tt-metal/model_cache/meta-llama/Llama-3.3-70B-Instruct/TG/tensor_cache_instruct_bfp8/layers.43.ffn_norm.weight_distributed_dtype_BFLOAT16_layout_ROW_MAJOR.tensorbin of shape Shape([1, 1, 64, 32])
 55%|█████▌    | 44/80 [03:01<02:27,  4.09s/it]2026-08-29 09:28:09.079 | DEBUG    | core:as_tensor:724 - Loaded cache for /proj_sw/user_dev/ctr-apbernal/tt-metal/model_cache/meta-llama/Llama-3.3-70B-Instruct/TG/tensor_cache_instruct_bfp8/layers.44.attention.wqkv_sharded_2d_prefetcher_dtype_BFLOAT8_B_layout_TILE.tensorbin of shape Shape([1, 1, 2048, 1280])
2026-08-29 09:28:09.349 | DEBUG    | core:as_tensor:724 - Loaded cache for /proj_sw/user_dev/ctr-apbernal/tt-metal/model_cache/meta-llama/Llama-3.3-70B-Instruct/TG/tensor_cache_instruct_bfp8/layers.44.attention.wqkv_sharded_2d_dram_dtype_BFLOAT8_B_layout_TILE.tensorbin of shape Shape([1, 1, 2048, 1280])
2026-08-29 09:28:09.674 | DEBUG    | core:as_tensor:724 - Loaded cache for /proj_sw/user_dev/ctr-apbernal/tt-metal/model_cache/meta-llama/Llama-3.3-70B-Instruct/TG/tensor_cache_instruct_bfp8/layers.44.attention.wo_width_sharded_2d_prefetcher_dtype_BFLOAT8_B_layout_TILE.tensorbin of shape Shape([1, 1, 1024, 2048])
2026-08-29 09:28:10.006 | DEBUG    | core:as_tensor:724 - Loaded cache for /proj_sw/user_dev/ctr-apbernal/tt-metal/model_cache/meta-llama/Llama-3.3-70B-Instruct/TG/tensor_cache_instruct_bfp8/layers.44.attention.wo_width_sharded_2d_dram_dtype_BFLOAT8_B_layout_TILE.tensorbin of shape Shape([1, 1, 1024, 2048])
2026-08-29 09:28:10.163 | DEBUG    | core:as_tensor:724 - Loaded cache for /proj_sw/user_dev/ctr-apbernal/tt-metal/model_cache/meta-llama/Llama-3.3-70B-Instruct/TG/tensor_cache_instruct_bfp8/layers.44.attention.wo_col_sharded_dram_dtype_BFLOAT8_B_layout_TILE.tensorbin of shape Shape([1, 1, 8192, 2048])
2026-08-29 09:28:10.178 | DEBUG    | core:as_tensor:724 - Loaded cache for /proj_sw/user_dev/ctr-apbernal/tt-metal/model_cache/meta-llama/Llama-3.3-70B-Instruct/TG/tensor_cache_instruct_bfp8/kvcache_torch.Size([2048, 1, 64, 128])_dtype_BFLOAT8_B_layout_TILE.tensorbin of shape Shape([2048, 1, 64, 128])
2026-08-29 09:28:10.186 | DEBUG    | core:as_tensor:724 - Loaded cache for /proj_sw/user_dev/ctr-apbernal/tt-metal/model_cache/meta-llama/Llama-3.3-70B-Instruct/TG/tensor_cache_instruct_bfp8/kvcache_torch.Size([2048, 1, 64, 128])_dtype_BFLOAT8_B_layout_TILE.tensorbin of shape Shape([2048, 1, 64, 128])
2026-08-29 09:28:10.497 | DEBUG    | core:as_tensor:724 - Loaded cache for /proj_sw/user_dev/ctr-apbernal/tt-metal/model_cache/meta-llama/Llama-3.3-70B-Instruct/TG/tensor_cache_instruct_bfp8/layers.44.feed_forward.w1_shardedprefetcher_dtype_BFLOAT4_B_layout_TILE.tensorbin of shape Shape([1, 1, 2048, 3584])
2026-08-29 09:28:10.999 | DEBUG    | core:as_tensor:724 - Loaded cache for /proj_sw/user_dev/ctr-apbernal/tt-metal/model_cache/meta-llama/Llama-3.3-70B-Instruct/TG/tensor_cache_instruct_bfp8/layers.44.feed_forward.w2_shardedprefetcher_dtype_BFLOAT8_B_layout_TILE.tensorbin of shape Shape([1, 1, 3584, 2048])
2026-08-29 09:28:11.514 | DEBUG    | core:as_tensor:724 - Loaded cache for /proj_sw/user_dev/ctr-apbernal/tt-metal/model_cache/meta-llama/Llama-3.3-70B-Instruct/TG/tensor_cache_instruct_bfp8/layers.44.feed_forward.w3_shardedprefetcher_dtype_BFLOAT4_B_layout_TILE.tensorbin of shape Shape([1, 1, 2048, 3584])
2026-08-29 09:28:11.895 | DEBUG    | core:as_tensor:724 - Loaded cache for /proj_sw/user_dev/ctr-apbernal/tt-metal/model_cache/meta-llama/Llama-3.3-70B-Instruct/TG/tensor_cache_instruct_bfp8/layers.44.feed_forward.w1_interleavedprefetcher_dtype_BFLOAT4_B_layout_TILE.tensorbin of shape Shape([1, 1, 2048, 3584])
2026-08-29 09:28:12.390 | DEBUG    | core:as_tensor:724 - Loaded cache for /proj_sw/user_dev/ctr-apbernal/tt-metal/model_cache/meta-llama/Llama-3.3-70B-Instruct/TG/tensor_cache_instruct_bfp8/layers.44.feed_forward.w2_interleavedprefetcher_dtype_BFLOAT8_B_layout_TILE.tensorbin of shape Shape([1, 1, 3584, 2048])
2026-08-29 09:28:12.678 | DEBUG    | core:as_tensor:724 - Loaded cache for /proj_sw/user_dev/ctr-apbernal/tt-metal/model_cache/meta-llama/Llama-3.3-70B-Instruct/TG/tensor_cache_instruct_bfp8/layers.44.feed_forward.w3_interleavedprefetcher_dtype_BFLOAT4_B_layout_TILE.tensorbin of shape Shape([1, 1, 2048, 3584])
2026-08-29 09:28:12.681 | DEBUG    | core:as_tensor:724 - Loaded cache for /proj_sw/user_dev/ctr-apbernal/tt-metal/model_cache/meta-llama/Llama-3.3-70B-Instruct/TG/tensor_cache_instruct_bfp8/layers.44.attention_norm.weight_dtype_BFLOAT16_layout_ROW_MAJOR.tensorbin of shape Shape([1, 1, 256, 32])
2026-08-29 09:28:12.683 | DEBUG    | core:as_tensor:724 - Loaded cache for /proj_sw/user_dev/ctr-apbernal/tt-metal/model_cache/meta-llama/Llama-3.3-70B-Instruct/TG/tensor_cache_instruct_bfp8/layers.44.attention_norm.weight_distributed_dtype_BFLOAT16_layout_ROW_MAJOR.tensorbin of shape Shape([1, 1, 64, 32])
2026-08-29 09:28:12.685 | DEBUG    | core:as_tensor:724 - Loaded cache for /proj_sw/user_dev/ctr-apbernal/tt-metal/model_cache/meta-llama/Llama-3.3-70B-Instruct/TG/tensor_cache_instruct_bfp8/layers.44.ffn_norm.weight_dtype_BFLOAT16_layout_ROW_MAJOR.tensorbin of shape Shape([1, 1, 256, 32])
2026-08-29 09:28:12.687 | DEBUG    | core:as_tensor:724 - Loaded cache for /proj_sw/user_dev/ctr-apbernal/tt-metal/model_cache/meta-llama/Llama-3.3-70B-Instruct/TG/tensor_cache_instruct_bfp8/layers.44.ffn_norm.weight_distributed_dtype_BFLOAT16_layout_ROW_MAJOR.tensorbin of shape Shape([1, 1, 64, 32])
 56%|█████▋    | 45/80 [03:05<02:22,  4.07s/it]2026-08-29 09:28:12.947 | DEBUG    | core:as_tensor:724 - Loaded cache for /proj_sw/user_dev/ctr-apbernal/tt-metal/model_cache/meta-llama/Llama-3.3-70B-Instruct/TG/tensor_cache_instruct_bfp8/layers.45.attention.wqkv_sharded_2d_prefetcher_dtype_BFLOAT8_B_layout_TILE.tensorbin of shape Shape([1, 1, 2048, 1280])
2026-08-29 09:28:13.179 | DEBUG    | core:as_tensor:724 - Loaded cache for /proj_sw/user_dev/ctr-apbernal/tt-metal/model_cache/meta-llama/Llama-3.3-70B-Instruct/TG/tensor_cache_instruct_bfp8/layers.45.attention.wqkv_sharded_2d_dram_dtype_BFLOAT8_B_layout_TILE.tensorbin of shape Shape([1, 1, 2048, 1280])
2026-08-29 09:28:13.530 | DEBUG    | core:as_tensor:724 - Loaded cache for /proj_sw/user_dev/ctr-apbernal/tt-metal/model_cache/meta-llama/Llama-3.3-70B-Instruct/TG/tensor_cache_instruct_bfp8/layers.45.attention.wo_width_sharded_2d_prefetcher_dtype_BFLOAT8_B_layout_TILE.tensorbin of shape Shape([1, 1, 1024, 2048])
2026-08-29 09:28:13.804 | DEBUG    | core:as_tensor:724 - Loaded cache for /proj_sw/user_dev/ctr-apbernal/tt-metal/model_cache/meta-llama/Llama-3.3-70B-Instruct/TG/tensor_cache_instruct_bfp8/layers.45.attention.wo_width_sharded_2d_dram_dtype_BFLOAT8_B_layout_TILE.tensorbin of shape Shape([1, 1, 1024, 2048])
2026-08-29 09:28:14.183 | DEBUG    | core:as_tensor:724 - Loaded cache for /proj_sw/user_dev/ctr-apbernal/tt-metal/model_cache/meta-llama/Llama-3.3-70B-Instruct/TG/tensor_cache_instruct_bfp8/layers.45.attention.wo_col_sharded_dram_dtype_BFLOAT8_B_layout_TILE.tensorbin of shape Shape([1, 1, 8192, 2048])
2026-08-29 09:28:14.198 | DEBUG    | core:as_tensor:724 - Loaded cache for /proj_sw/user_dev/ctr-apbernal/tt-metal/model_cache/meta-llama/Llama-3.3-70B-Instruct/TG/tensor_cache_instruct_bfp8/kvcache_torch.Size([2048, 1, 64, 128])_dtype_BFLOAT8_B_layout_TILE.tensorbin of shape Shape([2048, 1, 64, 128])
2026-08-29 09:28:14.207 | DEBUG    | core:as_tensor:724 - Loaded cache for /proj_sw/user_dev/ctr-apbernal/tt-metal/model_cache/meta-llama/Llama-3.3-70B-Instruct/TG/tensor_cache_instruct_bfp8/kvcache_torch.Size([2048, 1, 64, 128])_dtype_BFLOAT8_B_layout_TILE.tensorbin of shape Shape([2048, 1, 64, 128])
2026-08-29 09:28:14.521 | DEBUG    | core:as_tensor:724 - Loaded cache for /proj_sw/user_dev/ctr-apbernal/tt-metal/model_cache/meta-llama/Llama-3.3-70B-Instruct/TG/tensor_cache_instruct_bfp8/layers.45.feed_forward.w1_shardedprefetcher_dtype_BFLOAT4_B_layout_TILE.tensorbin of shape Shape([1, 1, 2048, 3584])
2026-08-29 09:28:15.034 | DEBUG    | core:as_tensor:724 - Loaded cache for /proj_sw/user_dev/ctr-apbernal/tt-metal/model_cache/meta-llama/Llama-3.3-70B-Instruct/TG/tensor_cache_instruct_bfp8/layers.45.feed_forward.w2_shardedprefetcher_dtype_BFLOAT8_B_layout_TILE.tensorbin of shape Shape([1, 1, 3584, 2048])
2026-08-29 09:28:15.327 | DEBUG    | core:as_tensor:724 - Loaded cache for /proj_sw/user_dev/ctr-apbernal/tt-metal/model_cache/meta-llama/Llama-3.3-70B-Instruct/TG/tensor_cache_instruct_bfp8/layers.45.feed_forward.w3_shardedprefetcher_dtype_BFLOAT4_B_layout_TILE.tensorbin of shape Shape([1, 1, 2048, 3584])
2026-08-29 09:28:15.643 | DEBUG    | core:as_tensor:724 - Loaded cache for /proj_sw/user_dev/ctr-apbernal/tt-metal/model_cache/meta-llama/Llama-3.3-70B-Instruct/TG/tensor_cache_instruct_bfp8/layers.45.feed_forward.w1_interleavedprefetcher_dtype_BFLOAT4_B_layout_TILE.tensorbin of shape Shape([1, 1, 2048, 3584])
2026-08-29 09:28:16.151 | DEBUG    | core:as_tensor:724 - Loaded cache for /proj_sw/user_dev/ctr-apbernal/tt-metal/model_cache/meta-llama/Llama-3.3-70B-Instruct/TG/tensor_cache_instruct_bfp8/layers.45.feed_forward.w2_interleavedprefetcher_dtype_BFLOAT8_B_layout_TILE.tensorbin of shape Shape([1, 1, 3584, 2048])
2026-08-29 09:28:16.692 | DEBUG    | core:as_tensor:724 - Loaded cache for /proj_sw/user_dev/ctr-apbernal/tt-metal/model_cache/meta-llama/Llama-3.3-70B-Instruct/TG/tensor_cache_instruct_bfp8/layers.45.feed_forward.w3_interleavedprefetcher_dtype_BFLOAT4_B_layout_TILE.tensorbin of shape Shape([1, 1, 2048, 3584])
2026-08-29 09:28:16.703 | DEBUG    | core:as_tensor:724 - Loaded cache for /proj_sw/user_dev/ctr-apbernal/tt-metal/model_cache/meta-llama/Llama-3.3-70B-Instruct/TG/tensor_cache_instruct_bfp8/layers.45.attention_norm.weight_dtype_BFLOAT16_layout_ROW_MAJOR.tensorbin of shape Shape([1, 1, 256, 32])
2026-08-29 09:28:16.708 | DEBUG    | core:as_tensor:724 - Loaded cache for /proj_sw/user_dev/ctr-apbernal/tt-metal/model_cache/meta-llama/Llama-3.3-70B-Instruct/TG/tensor_cache_instruct_bfp8/layers.45.attention_norm.weight_distributed_dtype_BFLOAT16_layout_ROW_MAJOR.tensorbin of shape Shape([1, 1, 64, 32])
2026-08-29 09:28:16.710 | DEBUG    | core:as_tensor:724 - Loaded cache for /proj_sw/user_dev/ctr-apbernal/tt-metal/model_cache/meta-llama/Llama-3.3-70B-Instruct/TG/tensor_cache_instruct_bfp8/layers.45.ffn_norm.weight_dtype_BFLOAT16_layout_ROW_MAJOR.tensorbin of shape Shape([1, 1, 256, 32])
2026-08-29 09:28:16.712 | DEBUG    | core:as_tensor:724 - Loaded cache for /proj_sw/user_dev/ctr-apbernal/tt-metal/model_cache/meta-llama/Llama-3.3-70B-Instruct/TG/tensor_cache_instruct_bfp8/layers.45.ffn_norm.weight_distributed_dtype_BFLOAT16_layout_ROW_MAJOR.tensorbin of shape Shape([1, 1, 64, 32])
 57%|█████▊    | 46/80 [03:09<02:17,  4.06s/it]2026-08-29 09:28:17.109 | DEBUG    | core:as_tensor:724 - Loaded cache for /proj_sw/user_dev/ctr-apbernal/tt-metal/model_cache/meta-llama/Llama-3.3-70B-Instruct/TG/tensor_cache_instruct_bfp8/layers.46.attention.wqkv_sharded_2d_prefetcher_dtype_BFLOAT8_B_layout_TILE.tensorbin of shape Shape([1, 1, 2048, 1280])
2026-08-29 09:28:17.474 | DEBUG    | core:as_tensor:724 - Loaded cache for /proj_sw/user_dev/ctr-apbernal/tt-metal/model_cache/meta-llama/Llama-3.3-70B-Instruct/TG/tensor_cache_instruct_bfp8/layers.46.attention.wqkv_sharded_2d_dram_dtype_BFLOAT8_B_layout_TILE.tensorbin of shape Shape([1, 1, 2048, 1280])
2026-08-29 09:28:17.800 | DEBUG    | core:as_tensor:724 - Loaded cache for /proj_sw/user_dev/ctr-apbernal/tt-metal/model_cache/meta-llama/Llama-3.3-70B-Instruct/TG/tensor_cache_instruct_bfp8/layers.46.attention.wo_width_sharded_2d_prefetcher_dtype_BFLOAT8_B_layout_TILE.tensorbin of shape Shape([1, 1, 1024, 2048])
2026-08-29 09:28:18.132 | DEBUG    | core:as_tensor:724 - Loaded cache for /proj_sw/user_dev/ctr-apbernal/tt-metal/model_cache/meta-llama/Llama-3.3-70B-Instruct/TG/tensor_cache_instruct_bfp8/layers.46.attention.wo_width_sharded_2d_dram_dtype_BFLOAT8_B_layout_TILE.tensorbin of shape Shape([1, 1, 1024, 2048])
2026-08-29 09:28:18.515 | DEBUG    | core:as_tensor:724 - Loaded cache for /proj_sw/user_dev/ctr-apbernal/tt-metal/model_cache/meta-llama/Llama-3.3-70B-Instruct/TG/tensor_cache_instruct_bfp8/layers.46.attention.wo_col_sharded_dram_dtype_BFLOAT8_B_layout_TILE.tensorbin of shape Shape([1, 1, 8192, 2048])
2026-08-29 09:28:18.532 | DEBUG    | core:as_tensor:724 - Loaded cache for /proj_sw/user_dev/ctr-apbernal/tt-metal/model_cache/meta-llama/Llama-3.3-70B-Instruct/TG/tensor_cache_instruct_bfp8/kvcache_torch.Size([2048, 1, 64, 128])_dtype_BFLOAT8_B_layout_TILE.tensorbin of shape Shape([2048, 1, 64, 128])
2026-08-29 09:28:18.540 | DEBUG    | core:as_tensor:724 - Loaded cache for /proj_sw/user_dev/ctr-apbernal/tt-metal/model_cache/meta-llama/Llama-3.3-70B-Instruct/TG/tensor_cache_instruct_bfp8/kvcache_torch.Size([2048, 1, 64, 128])_dtype_BFLOAT8_B_layout_TILE.tensorbin of shape Shape([2048, 1, 64, 128])
2026-08-29 09:28:18.857 | DEBUG    | core:as_tensor:724 - Loaded cache for /proj_sw/user_dev/ctr-apbernal/tt-metal/model_cache/meta-llama/Llama-3.3-70B-Instruct/TG/tensor_cache_instruct_bfp8/layers.46.feed_forward.w1_shardedprefetcher_dtype_BFLOAT4_B_layout_TILE.tensorbin of shape Shape([1, 1, 2048, 3584])
2026-08-29 09:28:19.361 | DEBUG    | core:as_tensor:724 - Loaded cache for /proj_sw/user_dev/ctr-apbernal/tt-metal/model_cache/meta-llama/Llama-3.3-70B-Instruct/TG/tensor_cache_instruct_bfp8/layers.46.feed_forward.w2_shardedprefetcher_dtype_BFLOAT8_B_layout_TILE.tensorbin of shape Shape([1, 1, 3584, 2048])
2026-08-29 09:28:19.647 | DEBUG    | core:as_tensor:724 - Loaded cache for /proj_sw/user_dev/ctr-apbernal/tt-metal/model_cache/meta-llama/Llama-3.3-70B-Instruct/TG/tensor_cache_instruct_bfp8/layers.46.feed_forward.w3_shardedprefetcher_dtype_BFLOAT4_B_layout_TILE.tensorbin of shape Shape([1, 1, 2048, 3584])
2026-08-29 09:28:20.172 | DEBUG    | core:as_tensor:724 - Loaded cache for /proj_sw/user_dev/ctr-apbernal/tt-metal/model_cache/meta-llama/Llama-3.3-70B-Instruct/TG/tensor_cache_instruct_bfp8/layers.46.feed_forward.w1_interleavedprefetcher_dtype_BFLOAT4_B_layout_TILE.tensorbin of shape Shape([1, 1, 2048, 3584])
2026-08-29 09:28:20.682 | DEBUG    | core:as_tensor:724 - Loaded cache for /proj_sw/user_dev/ctr-apbernal/tt-metal/model_cache/meta-llama/Llama-3.3-70B-Instruct/TG/tensor_cache_instruct_bfp8/layers.46.feed_forward.w2_interleavedprefetcher_dtype_BFLOAT8_B_layout_TILE.tensorbin of shape Shape([1, 1, 3584, 2048])
2026-08-29 09:28:20.981 | DEBUG    | core:as_tensor:724 - Loaded cache for /proj_sw/user_dev/ctr-apbernal/tt-metal/model_cache/meta-llama/Llama-3.3-70B-Instruct/TG/tensor_cache_instruct_bfp8/layers.46.feed_forward.w3_interleavedprefetcher_dtype_BFLOAT4_B_layout_TILE.tensorbin of shape Shape([1, 1, 2048, 3584])
2026-08-29 09:28:20.984 | DEBUG    | core:as_tensor:724 - Loaded cache for /proj_sw/user_dev/ctr-apbernal/tt-metal/model_cache/meta-llama/Llama-3.3-70B-Instruct/TG/tensor_cache_instruct_bfp8/layers.46.attention_norm.weight_dtype_BFLOAT16_layout_ROW_MAJOR.tensorbin of shape Shape([1, 1, 256, 32])
2026-08-29 09:28:20.986 | DEBUG    | core:as_tensor:724 - Loaded cache for /proj_sw/user_dev/ctr-apbernal/tt-metal/model_cache/meta-llama/Llama-3.3-70B-Instruct/TG/tensor_cache_instruct_bfp8/layers.46.attention_norm.weight_distributed_dtype_BFLOAT16_layout_ROW_MAJOR.tensorbin of shape Shape([1, 1, 64, 32])
2026-08-29 09:28:20.988 | DEBUG    | core:as_tensor:724 - Loaded cache for /proj_sw/user_dev/ctr-apbernal/tt-metal/model_cache/meta-llama/Llama-3.3-70B-Instruct/TG/tensor_cache_instruct_bfp8/layers.46.ffn_norm.weight_dtype_BFLOAT16_layout_ROW_MAJOR.tensorbin of shape Shape([1, 1, 256, 32])
2026-08-29 09:28:20.990 | DEBUG    | core:as_tensor:724 - Loaded cache for /proj_sw/user_dev/ctr-apbernal/tt-metal/model_cache/meta-llama/Llama-3.3-70B-Instruct/TG/tensor_cache_instruct_bfp8/layers.46.ffn_norm.weight_distributed_dtype_BFLOAT16_layout_ROW_MAJOR.tensorbin of shape Shape([1, 1, 64, 32])
 59%|█████▉    | 47/80 [03:13<02:16,  4.12s/it]2026-08-29 09:28:21.374 | DEBUG    | core:as_tensor:724 - Loaded cache for /proj_sw/user_dev/ctr-apbernal/tt-metal/model_cache/meta-llama/Llama-3.3-70B-Instruct/TG/tensor_cache_instruct_bfp8/layers.47.attention.wqkv_sharded_2d_prefetcher_dtype_BFLOAT8_B_layout_TILE.tensorbin of shape Shape([1, 1, 2048, 1280])
2026-08-29 09:28:21.735 | DEBUG    | core:as_tensor:724 - Loaded cache for /proj_sw/user_dev/ctr-apbernal/tt-metal/model_cache/meta-llama/Llama-3.3-70B-Instruct/TG/tensor_cache_instruct_bfp8/layers.47.attention.wqkv_sharded_2d_dram_dtype_BFLOAT8_B_layout_TILE.tensorbin of shape Shape([1, 1, 2048, 1280])
2026-08-29 09:28:21.981 | DEBUG    | core:as_tensor:724 - Loaded cache for /proj_sw/user_dev/ctr-apbernal/tt-metal/model_cache/meta-llama/Llama-3.3-70B-Instruct/TG/tensor_cache_instruct_bfp8/layers.47.attention.wo_width_sharded_2d_prefetcher_dtype_BFLOAT8_B_layout_TILE.tensorbin of shape Shape([1, 1, 1024, 2048])
2026-08-29 09:28:22.258 | DEBUG    | core:as_tensor:724 - Loaded cache for /proj_sw/user_dev/ctr-apbernal/tt-metal/model_cache/meta-llama/Llama-3.3-70B-Instruct/TG/tensor_cache_instruct_bfp8/layers.47.attention.wo_width_sharded_2d_dram_dtype_BFLOAT8_B_layout_TILE.tensorbin of shape Shape([1, 1, 1024, 2048])
2026-08-29 09:28:22.502 | DEBUG    | core:as_tensor:724 - Loaded cache for /proj_sw/user_dev/ctr-apbernal/tt-metal/model_cache/meta-llama/Llama-3.3-70B-Instruct/TG/tensor_cache_instruct_bfp8/layers.47.attention.wo_col_sharded_dram_dtype_BFLOAT8_B_layout_TILE.tensorbin of shape Shape([1, 1, 8192, 2048])
2026-08-29 09:28:22.517 | DEBUG    | core:as_tensor:724 - Loaded cache for /proj_sw/user_dev/ctr-apbernal/tt-metal/model_cache/meta-llama/Llama-3.3-70B-Instruct/TG/tensor_cache_instruct_bfp8/kvcache_torch.Size([2048, 1, 64, 128])_dtype_BFLOAT8_B_layout_TILE.tensorbin of shape Shape([2048, 1, 64, 128])
2026-08-29 09:28:22.526 | DEBUG    | core:as_tensor:724 - Loaded cache for /proj_sw/user_dev/ctr-apbernal/tt-metal/model_cache/meta-llama/Llama-3.3-70B-Instruct/TG/tensor_cache_instruct_bfp8/kvcache_torch.Size([2048, 1, 64, 128])_dtype_BFLOAT8_B_layout_TILE.tensorbin of shape Shape([2048, 1, 64, 128])
2026-08-29 09:28:23.058 | DEBUG    | core:as_tensor:724 - Loaded cache for /proj_sw/user_dev/ctr-apbernal/tt-metal/model_cache/meta-llama/Llama-3.3-70B-Instruct/TG/tensor_cache_instruct_bfp8/layers.47.feed_forward.w1_shardedprefetcher_dtype_BFLOAT4_B_layout_TILE.tensorbin of shape Shape([1, 1, 2048, 3584])
2026-08-29 09:28:23.555 | DEBUG    | core:as_tensor:724 - Loaded cache for /proj_sw/user_dev/ctr-apbernal/tt-metal/model_cache/meta-llama/Llama-3.3-70B-Instruct/TG/tensor_cache_instruct_bfp8/layers.47.feed_forward.w2_shardedprefetcher_dtype_BFLOAT8_B_layout_TILE.tensorbin of shape Shape([1, 1, 3584, 2048])
2026-08-29 09:28:23.843 | DEBUG    | core:as_tensor:724 - Loaded cache for /proj_sw/user_dev/ctr-apbernal/tt-metal/model_cache/meta-llama/Llama-3.3-70B-Instruct/TG/tensor_cache_instruct_bfp8/layers.47.feed_forward.w3_shardedprefetcher_dtype_BFLOAT4_B_layout_TILE.tensorbin of shape Shape([1, 1, 2048, 3584])
2026-08-29 09:28:24.134 | DEBUG    | core:as_tensor:724 - Loaded cache for /proj_sw/user_dev/ctr-apbernal/tt-metal/model_cache/meta-llama/Llama-3.3-70B-Instruct/TG/tensor_cache_instruct_bfp8/layers.47.feed_forward.w1_interleavedprefetcher_dtype_BFLOAT4_B_layout_TILE.tensorbin of shape Shape([1, 1, 2048, 3584])
2026-08-29 09:28:24.640 | DEBUG    | core:as_tensor:724 - Loaded cache for /proj_sw/user_dev/ctr-apbernal/tt-metal/model_cache/meta-llama/Llama-3.3-70B-Instruct/TG/tensor_cache_instruct_bfp8/layers.47.feed_forward.w2_interleavedprefetcher_dtype_BFLOAT8_B_layout_TILE.tensorbin of shape Shape([1, 1, 3584, 2048])
2026-08-29 09:28:25.158 | DEBUG    | core:as_tensor:724 - Loaded cache for /proj_sw/user_dev/ctr-apbernal/tt-metal/model_cache/meta-llama/Llama-3.3-70B-Instruct/TG/tensor_cache_instruct_bfp8/layers.47.feed_forward.w3_interleavedprefetcher_dtype_BFLOAT4_B_layout_TILE.tensorbin of shape Shape([1, 1, 2048, 3584])
2026-08-29 09:28:25.164 | DEBUG    | core:as_tensor:724 - Loaded cache for /proj_sw/user_dev/ctr-apbernal/tt-metal/model_cache/meta-llama/Llama-3.3-70B-Instruct/TG/tensor_cache_instruct_bfp8/layers.47.attention_norm.weight_dtype_BFLOAT16_layout_ROW_MAJOR.tensorbin of shape Shape([1, 1, 256, 32])
2026-08-29 09:28:25.166 | DEBUG    | core:as_tensor:724 - Loaded cache for /proj_sw/user_dev/ctr-apbernal/tt-metal/model_cache/meta-llama/Llama-3.3-70B-Instruct/TG/tensor_cache_instruct_bfp8/layers.47.attention_norm.weight_distributed_dtype_BFLOAT16_layout_ROW_MAJOR.tensorbin of shape Shape([1, 1, 64, 32])
2026-08-29 09:28:25.168 | DEBUG    | core:as_tensor:724 - Loaded cache for /proj_sw/user_dev/ctr-apbernal/tt-metal/model_cache/meta-llama/Llama-3.3-70B-Instruct/TG/tensor_cache_instruct_bfp8/layers.47.ffn_norm.weight_dtype_BFLOAT16_layout_ROW_MAJOR.tensorbin of shape Shape([1, 1, 256, 32])
2026-08-29 09:28:25.170 | DEBUG    | core:as_tensor:724 - Loaded cache for /proj_sw/user_dev/ctr-apbernal/tt-metal/model_cache/meta-llama/Llama-3.3-70B-Instruct/TG/tensor_cache_instruct_bfp8/layers.47.ffn_norm.weight_distributed_dtype_BFLOAT16_layout_ROW_MAJOR.tensorbin of shape Shape([1, 1, 64, 32])
 60%|██████    | 48/80 [03:17<02:12,  4.14s/it]2026-08-29 09:28:25.555 | DEBUG    | core:as_tensor:724 - Loaded cache for /proj_sw/user_dev/ctr-apbernal/tt-metal/model_cache/meta-llama/Llama-3.3-70B-Instruct/TG/tensor_cache_instruct_bfp8/layers.48.attention.wqkv_sharded_2d_prefetcher_dtype_BFLOAT8_B_layout_TILE.tensorbin of shape Shape([1, 1, 2048, 1280])
2026-08-29 09:28:25.915 | DEBUG    | core:as_tensor:724 - Loaded cache for /proj_sw/user_dev/ctr-apbernal/tt-metal/model_cache/meta-llama/Llama-3.3-70B-Instruct/TG/tensor_cache_instruct_bfp8/layers.48.attention.wqkv_sharded_2d_dram_dtype_BFLOAT8_B_layout_TILE.tensorbin of shape Shape([1, 1, 2048, 1280])
2026-08-29 09:28:26.186 | DEBUG    | core:as_tensor:724 - Loaded cache for /proj_sw/user_dev/ctr-apbernal/tt-metal/model_cache/meta-llama/Llama-3.3-70B-Instruct/TG/tensor_cache_instruct_bfp8/layers.48.attention.wo_width_sharded_2d_prefetcher_dtype_BFLOAT8_B_layout_TILE.tensorbin of shape Shape([1, 1, 1024, 2048])
2026-08-29 09:28:26.519 | DEBUG    | core:as_tensor:724 - Loaded cache for /proj_sw/user_dev/ctr-apbernal/tt-metal/model_cache/meta-llama/Llama-3.3-70B-Instruct/TG/tensor_cache_instruct_bfp8/layers.48.attention.wo_width_sharded_2d_dram_dtype_BFLOAT8_B_layout_TILE.tensorbin of shape Shape([1, 1, 1024, 2048])
2026-08-29 09:28:26.920 | DEBUG    | core:as_tensor:724 - Loaded cache for /proj_sw/user_dev/ctr-apbernal/tt-metal/model_cache/meta-llama/Llama-3.3-70B-Instruct/TG/tensor_cache_instruct_bfp8/layers.48.attention.wo_col_sharded_dram_dtype_BFLOAT8_B_layout_TILE.tensorbin of shape Shape([1, 1, 8192, 2048])
2026-08-29 09:28:26.934 | DEBUG    | core:as_tensor:724 - Loaded cache for /proj_sw/user_dev/ctr-apbernal/tt-metal/model_cache/meta-llama/Llama-3.3-70B-Instruct/TG/tensor_cache_instruct_bfp8/kvcache_torch.Size([2048, 1, 64, 128])_dtype_BFLOAT8_B_layout_TILE.tensorbin of shape Shape([2048, 1, 64, 128])
2026-08-29 09:28:26.943 | DEBUG    | core:as_tensor:724 - Loaded cache for /proj_sw/user_dev/ctr-apbernal/tt-metal/model_cache/meta-llama/Llama-3.3-70B-Instruct/TG/tensor_cache_instruct_bfp8/kvcache_torch.Size([2048, 1, 64, 128])_dtype_BFLOAT8_B_layout_TILE.tensorbin of shape Shape([2048, 1, 64, 128])
2026-08-29 09:28:27.258 | DEBUG    | core:as_tensor:724 - Loaded cache for /proj_sw/user_dev/ctr-apbernal/tt-metal/model_cache/meta-llama/Llama-3.3-70B-Instruct/TG/tensor_cache_instruct_bfp8/layers.48.feed_forward.w1_shardedprefetcher_dtype_BFLOAT4_B_layout_TILE.tensorbin of shape Shape([1, 1, 2048, 3584])
2026-08-29 09:28:27.775 | DEBUG    | core:as_tensor:724 - Loaded cache for /proj_sw/user_dev/ctr-apbernal/tt-metal/model_cache/meta-llama/Llama-3.3-70B-Instruct/TG/tensor_cache_instruct_bfp8/layers.48.feed_forward.w2_shardedprefetcher_dtype_BFLOAT8_B_layout_TILE.tensorbin of shape Shape([1, 1, 3584, 2048])
2026-08-29 09:28:28.069 | DEBUG    | core:as_tensor:724 - Loaded cache for /proj_sw/user_dev/ctr-apbernal/tt-metal/model_cache/meta-llama/Llama-3.3-70B-Instruct/TG/tensor_cache_instruct_bfp8/layers.48.feed_forward.w3_shardedprefetcher_dtype_BFLOAT4_B_layout_TILE.tensorbin of shape Shape([1, 1, 2048, 3584])
2026-08-29 09:28:28.347 | DEBUG    | core:as_tensor:724 - Loaded cache for /proj_sw/user_dev/ctr-apbernal/tt-metal/model_cache/meta-llama/Llama-3.3-70B-Instruct/TG/tensor_cache_instruct_bfp8/layers.48.feed_forward.w1_interleavedprefetcher_dtype_BFLOAT4_B_layout_TILE.tensorbin of shape Shape([1, 1, 2048, 3584])
2026-08-29 09:28:28.847 | DEBUG    | core:as_tensor:724 - Loaded cache for /proj_sw/user_dev/ctr-apbernal/tt-metal/model_cache/meta-llama/Llama-3.3-70B-Instruct/TG/tensor_cache_instruct_bfp8/layers.48.feed_forward.w2_interleavedprefetcher_dtype_BFLOAT8_B_layout_TILE.tensorbin of shape Shape([1, 1, 3584, 2048])
2026-08-29 09:28:29.214 | DEBUG    | core:as_tensor:724 - Loaded cache for /proj_sw/user_dev/ctr-apbernal/tt-metal/model_cache/meta-llama/Llama-3.3-70B-Instruct/TG/tensor_cache_instruct_bfp8/layers.48.feed_forward.w3_interleavedprefetcher_dtype_BFLOAT4_B_layout_TILE.tensorbin of shape Shape([1, 1, 2048, 3584])
2026-08-29 09:28:29.218 | DEBUG    | core:as_tensor:724 - Loaded cache for /proj_sw/user_dev/ctr-apbernal/tt-metal/model_cache/meta-llama/Llama-3.3-70B-Instruct/TG/tensor_cache_instruct_bfp8/layers.48.attention_norm.weight_dtype_BFLOAT16_layout_ROW_MAJOR.tensorbin of shape Shape([1, 1, 256, 32])
2026-08-29 09:28:29.219 | DEBUG    | core:as_tensor:724 - Loaded cache for /proj_sw/user_dev/ctr-apbernal/tt-metal/model_cache/meta-llama/Llama-3.3-70B-Instruct/TG/tensor_cache_instruct_bfp8/layers.48.attention_norm.weight_distributed_dtype_BFLOAT16_layout_ROW_MAJOR.tensorbin of shape Shape([1, 1, 64, 32])
2026-08-29 09:28:29.221 | DEBUG    | core:as_tensor:724 - Loaded cache for /proj_sw/user_dev/ctr-apbernal/tt-metal/model_cache/meta-llama/Llama-3.3-70B-Instruct/TG/tensor_cache_instruct_bfp8/layers.48.ffn_norm.weight_dtype_BFLOAT16_layout_ROW_MAJOR.tensorbin of shape Shape([1, 1, 256, 32])
2026-08-29 09:28:29.223 | DEBUG    | core:as_tensor:724 - Loaded cache for /proj_sw/user_dev/ctr-apbernal/tt-metal/model_cache/meta-llama/Llama-3.3-70B-Instruct/TG/tensor_cache_instruct_bfp8/layers.48.ffn_norm.weight_distributed_dtype_BFLOAT16_layout_ROW_MAJOR.tensorbin of shape Shape([1, 1, 64, 32])
 61%|██████▏   | 49/80 [03:21<02:07,  4.11s/it]2026-08-29 09:28:29.484 | DEBUG    | core:as_tensor:724 - Loaded cache for /proj_sw/user_dev/ctr-apbernal/tt-metal/model_cache/meta-llama/Llama-3.3-70B-Instruct/TG/tensor_cache_instruct_bfp8/layers.49.attention.wqkv_sharded_2d_prefetcher_dtype_BFLOAT8_B_layout_TILE.tensorbin of shape Shape([1, 1, 2048, 1280])
2026-08-29 09:28:29.771 | DEBUG    | core:as_tensor:724 - Loaded cache for /proj_sw/user_dev/ctr-apbernal/tt-metal/model_cache/meta-llama/Llama-3.3-70B-Instruct/TG/tensor_cache_instruct_bfp8/layers.49.attention.wqkv_sharded_2d_dram_dtype_BFLOAT8_B_layout_TILE.tensorbin of shape Shape([1, 1, 2048, 1280])
2026-08-29 09:28:30.037 | DEBUG    | core:as_tensor:724 - Loaded cache for /proj_sw/user_dev/ctr-apbernal/tt-metal/model_cache/meta-llama/Llama-3.3-70B-Instruct/TG/tensor_cache_instruct_bfp8/layers.49.attention.wo_width_sharded_2d_prefetcher_dtype_BFLOAT8_B_layout_TILE.tensorbin of shape Shape([1, 1, 1024, 2048])
2026-08-29 09:28:30.359 | DEBUG    | core:as_tensor:724 - Loaded cache for /proj_sw/user_dev/ctr-apbernal/tt-metal/model_cache/meta-llama/Llama-3.3-70B-Instruct/TG/tensor_cache_instruct_bfp8/layers.49.attention.wo_width_sharded_2d_dram_dtype_BFLOAT8_B_layout_TILE.tensorbin of shape Shape([1, 1, 1024, 2048])
2026-08-29 09:28:30.829 | DEBUG    | core:as_tensor:724 - Loaded cache for /proj_sw/user_dev/ctr-apbernal/tt-metal/model_cache/meta-llama/Llama-3.3-70B-Instruct/TG/tensor_cache_instruct_bfp8/layers.49.attention.wo_col_sharded_dram_dtype_BFLOAT8_B_layout_TILE.tensorbin of shape Shape([1, 1, 8192, 2048])
2026-08-29 09:28:30.848 | DEBUG    | core:as_tensor:724 - Loaded cache for /proj_sw/user_dev/ctr-apbernal/tt-metal/model_cache/meta-llama/Llama-3.3-70B-Instruct/TG/tensor_cache_instruct_bfp8/kvcache_torch.Size([2048, 1, 64, 128])_dtype_BFLOAT8_B_layout_TILE.tensorbin of shape Shape([2048, 1, 64, 128])
2026-08-29 09:28:30.856 | DEBUG    | core:as_tensor:724 - Loaded cache for /proj_sw/user_dev/ctr-apbernal/tt-metal/model_cache/meta-llama/Llama-3.3-70B-Instruct/TG/tensor_cache_instruct_bfp8/kvcache_torch.Size([2048, 1, 64, 128])_dtype_BFLOAT8_B_layout_TILE.tensorbin of shape Shape([2048, 1, 64, 128])
2026-08-29 09:28:31.154 | DEBUG    | core:as_tensor:724 - Loaded cache for /proj_sw/user_dev/ctr-apbernal/tt-metal/model_cache/meta-llama/Llama-3.3-70B-Instruct/TG/tensor_cache_instruct_bfp8/layers.49.feed_forward.w1_shardedprefetcher_dtype_BFLOAT4_B_layout_TILE.tensorbin of shape Shape([1, 1, 2048, 3584])
2026-08-29 09:28:31.658 | DEBUG    | core:as_tensor:724 - Loaded cache for /proj_sw/user_dev/ctr-apbernal/tt-metal/model_cache/meta-llama/Llama-3.3-70B-Instruct/TG/tensor_cache_instruct_bfp8/layers.49.feed_forward.w2_shardedprefetcher_dtype_BFLOAT8_B_layout_TILE.tensorbin of shape Shape([1, 1, 3584, 2048])
2026-08-29 09:28:31.949 | DEBUG    | core:as_tensor:724 - Loaded cache for /proj_sw/user_dev/ctr-apbernal/tt-metal/model_cache/meta-llama/Llama-3.3-70B-Instruct/TG/tensor_cache_instruct_bfp8/layers.49.feed_forward.w3_shardedprefetcher_dtype_BFLOAT4_B_layout_TILE.tensorbin of shape Shape([1, 1, 2048, 3584])
2026-08-29 09:28:32.241 | DEBUG    | core:as_tensor:724 - Loaded cache for /proj_sw/user_dev/ctr-apbernal/tt-metal/model_cache/meta-llama/Llama-3.3-70B-Instruct/TG/tensor_cache_instruct_bfp8/layers.49.feed_forward.w1_interleavedprefetcher_dtype_BFLOAT4_B_layout_TILE.tensorbin of shape Shape([1, 1, 2048, 3584])
2026-08-29 09:28:32.734 | DEBUG    | core:as_tensor:724 - Loaded cache for /proj_sw/user_dev/ctr-apbernal/tt-metal/model_cache/meta-llama/Llama-3.3-70B-Instruct/TG/tensor_cache_instruct_bfp8/layers.49.feed_forward.w2_interleavedprefetcher_dtype_BFLOAT8_B_layout_TILE.tensorbin of shape Shape([1, 1, 3584, 2048])
2026-08-29 09:28:33.027 | DEBUG    | core:as_tensor:724 - Loaded cache for /proj_sw/user_dev/ctr-apbernal/tt-metal/model_cache/meta-llama/Llama-3.3-70B-Instruct/TG/tensor_cache_instruct_bfp8/layers.49.feed_forward.w3_interleavedprefetcher_dtype_BFLOAT4_B_layout_TILE.tensorbin of shape Shape([1, 1, 2048, 3584])
2026-08-29 09:28:33.033 | DEBUG    | core:as_tensor:724 - Loaded cache for /proj_sw/user_dev/ctr-apbernal/tt-metal/model_cache/meta-llama/Llama-3.3-70B-Instruct/TG/tensor_cache_instruct_bfp8/layers.49.attention_norm.weight_dtype_BFLOAT16_layout_ROW_MAJOR.tensorbin of shape Shape([1, 1, 256, 32])
2026-08-29 09:28:33.035 | DEBUG    | core:as_tensor:724 - Loaded cache for /proj_sw/user_dev/ctr-apbernal/tt-metal/model_cache/meta-llama/Llama-3.3-70B-Instruct/TG/tensor_cache_instruct_bfp8/layers.49.attention_norm.weight_distributed_dtype_BFLOAT16_layout_ROW_MAJOR.tensorbin of shape Shape([1, 1, 64, 32])
2026-08-29 09:28:33.037 | DEBUG    | core:as_tensor:724 - Loaded cache for /proj_sw/user_dev/ctr-apbernal/tt-metal/model_cache/meta-llama/Llama-3.3-70B-Instruct/TG/tensor_cache_instruct_bfp8/layers.49.ffn_norm.weight_dtype_BFLOAT16_layout_ROW_MAJOR.tensorbin of shape Shape([1, 1, 256, 32])
2026-08-29 09:28:33.039 | DEBUG    | core:as_tensor:724 - Loaded cache for /proj_sw/user_dev/ctr-apbernal/tt-metal/model_cache/meta-llama/Llama-3.3-70B-Instruct/TG/tensor_cache_instruct_bfp8/layers.49.ffn_norm.weight_distributed_dtype_BFLOAT16_layout_ROW_MAJOR.tensorbin of shape Shape([1, 1, 64, 32])
 62%|██████▎   | 50/80 [03:25<02:00,  4.02s/it]2026-08-29 09:28:33.431 | DEBUG    | core:as_tensor:724 - Loaded cache for /proj_sw/user_dev/ctr-apbernal/tt-metal/model_cache/meta-llama/Llama-3.3-70B-Instruct/TG/tensor_cache_instruct_bfp8/layers.50.attention.wqkv_sharded_2d_prefetcher_dtype_BFLOAT8_B_layout_TILE.tensorbin of shape Shape([1, 1, 2048, 1280])
2026-08-29 09:28:33.792 | DEBUG    | core:as_tensor:724 - Loaded cache for /proj_sw/user_dev/ctr-apbernal/tt-metal/model_cache/meta-llama/Llama-3.3-70B-Instruct/TG/tensor_cache_instruct_bfp8/layers.50.attention.wqkv_sharded_2d_dram_dtype_BFLOAT8_B_layout_TILE.tensorbin of shape Shape([1, 1, 2048, 1280])
2026-08-29 09:28:34.116 | DEBUG    | core:as_tensor:724 - Loaded cache for /proj_sw/user_dev/ctr-apbernal/tt-metal/model_cache/meta-llama/Llama-3.3-70B-Instruct/TG/tensor_cache_instruct_bfp8/layers.50.attention.wo_width_sharded_2d_prefetcher_dtype_BFLOAT8_B_layout_TILE.tensorbin of shape Shape([1, 1, 1024, 2048])
2026-08-29 09:28:34.361 | DEBUG    | core:as_tensor:724 - Loaded cache for /proj_sw/user_dev/ctr-apbernal/tt-metal/model_cache/meta-llama/Llama-3.3-70B-Instruct/TG/tensor_cache_instruct_bfp8/layers.50.attention.wo_width_sharded_2d_dram_dtype_BFLOAT8_B_layout_TILE.tensorbin of shape Shape([1, 1, 1024, 2048])
2026-08-29 09:28:34.733 | DEBUG    | core:as_tensor:724 - Loaded cache for /proj_sw/user_dev/ctr-apbernal/tt-metal/model_cache/meta-llama/Llama-3.3-70B-Instruct/TG/tensor_cache_instruct_bfp8/layers.50.attention.wo_col_sharded_dram_dtype_BFLOAT8_B_layout_TILE.tensorbin of shape Shape([1, 1, 8192, 2048])
2026-08-29 09:28:34.747 | DEBUG    | core:as_tensor:724 - Loaded cache for /proj_sw/user_dev/ctr-apbernal/tt-metal/model_cache/meta-llama/Llama-3.3-70B-Instruct/TG/tensor_cache_instruct_bfp8/kvcache_torch.Size([2048, 1, 64, 128])_dtype_BFLOAT8_B_layout_TILE.tensorbin of shape Shape([2048, 1, 64, 128])
2026-08-29 09:28:34.755 | DEBUG    | core:as_tensor:724 - Loaded cache for /proj_sw/user_dev/ctr-apbernal/tt-metal/model_cache/meta-llama/Llama-3.3-70B-Instruct/TG/tensor_cache_instruct_bfp8/kvcache_torch.Size([2048, 1, 64, 128])_dtype_BFLOAT8_B_layout_TILE.tensorbin of shape Shape([2048, 1, 64, 128])
2026-08-29 09:28:35.138 | DEBUG    | core:as_tensor:724 - Loaded cache for /proj_sw/user_dev/ctr-apbernal/tt-metal/model_cache/meta-llama/Llama-3.3-70B-Instruct/TG/tensor_cache_instruct_bfp8/layers.50.feed_forward.w1_shardedprefetcher_dtype_BFLOAT4_B_layout_TILE.tensorbin of shape Shape([1, 1, 2048, 3584])
2026-08-29 09:28:35.646 | DEBUG    | core:as_tensor:724 - Loaded cache for /proj_sw/user_dev/ctr-apbernal/tt-metal/model_cache/meta-llama/Llama-3.3-70B-Instruct/TG/tensor_cache_instruct_bfp8/layers.50.feed_forward.w2_shardedprefetcher_dtype_BFLOAT8_B_layout_TILE.tensorbin of shape Shape([1, 1, 3584, 2048])
2026-08-29 09:28:36.101 | DEBUG    | core:as_tensor:724 - Loaded cache for /proj_sw/user_dev/ctr-apbernal/tt-metal/model_cache/meta-llama/Llama-3.3-70B-Instruct/TG/tensor_cache_instruct_bfp8/layers.50.feed_forward.w3_shardedprefetcher_dtype_BFLOAT4_B_layout_TILE.tensorbin of shape Shape([1, 1, 2048, 3584])
2026-08-29 09:28:36.604 | DEBUG    | core:as_tensor:724 - Loaded cache for /proj_sw/user_dev/ctr-apbernal/tt-metal/model_cache/meta-llama/Llama-3.3-70B-Instruct/TG/tensor_cache_instruct_bfp8/layers.50.feed_forward.w1_interleavedprefetcher_dtype_BFLOAT4_B_layout_TILE.tensorbin of shape Shape([1, 1, 2048, 3584])
2026-08-29 09:28:37.096 | DEBUG    | core:as_tensor:724 - Loaded cache for /proj_sw/user_dev/ctr-apbernal/tt-metal/model_cache/meta-llama/Llama-3.3-70B-Instruct/TG/tensor_cache_instruct_bfp8/layers.50.feed_forward.w2_interleavedprefetcher_dtype_BFLOAT8_B_layout_TILE.tensorbin of shape Shape([1, 1, 3584, 2048])
2026-08-29 09:28:37.376 | DEBUG    | core:as_tensor:724 - Loaded cache for /proj_sw/user_dev/ctr-apbernal/tt-metal/model_cache/meta-llama/Llama-3.3-70B-Instruct/TG/tensor_cache_instruct_bfp8/layers.50.feed_forward.w3_interleavedprefetcher_dtype_BFLOAT4_B_layout_TILE.tensorbin of shape Shape([1, 1, 2048, 3584])
2026-08-29 09:28:37.379 | DEBUG    | core:as_tensor:724 - Loaded cache for /proj_sw/user_dev/ctr-apbernal/tt-metal/model_cache/meta-llama/Llama-3.3-70B-Instruct/TG/tensor_cache_instruct_bfp8/layers.50.attention_norm.weight_dtype_BFLOAT16_layout_ROW_MAJOR.tensorbin of shape Shape([1, 1, 256, 32])
2026-08-29 09:28:37.381 | DEBUG    | core:as_tensor:724 - Loaded cache for /proj_sw/user_dev/ctr-apbernal/tt-metal/model_cache/meta-llama/Llama-3.3-70B-Instruct/TG/tensor_cache_instruct_bfp8/layers.50.attention_norm.weight_distributed_dtype_BFLOAT16_layout_ROW_MAJOR.tensorbin of shape Shape([1, 1, 64, 32])
2026-08-29 09:28:37.383 | DEBUG    | core:as_tensor:724 - Loaded cache for /proj_sw/user_dev/ctr-apbernal/tt-metal/model_cache/meta-llama/Llama-3.3-70B-Instruct/TG/tensor_cache_instruct_bfp8/layers.50.ffn_norm.weight_dtype_BFLOAT16_layout_ROW_MAJOR.tensorbin of shape Shape([1, 1, 256, 32])
2026-08-29 09:28:37.385 | DEBUG    | core:as_tensor:724 - Loaded cache for /proj_sw/user_dev/ctr-apbernal/tt-metal/model_cache/meta-llama/Llama-3.3-70B-Instruct/TG/tensor_cache_instruct_bfp8/layers.50.ffn_norm.weight_distributed_dtype_BFLOAT16_layout_ROW_MAJOR.tensorbin of shape Shape([1, 1, 64, 32])
 64%|██████▍   | 51/80 [03:29<01:59,  4.12s/it]2026-08-29 09:28:37.759 | DEBUG    | core:as_tensor:724 - Loaded cache for /proj_sw/user_dev/ctr-apbernal/tt-metal/model_cache/meta-llama/Llama-3.3-70B-Instruct/TG/tensor_cache_instruct_bfp8/layers.51.attention.wqkv_sharded_2d_prefetcher_dtype_BFLOAT8_B_layout_TILE.tensorbin of shape Shape([1, 1, 2048, 1280])
2026-08-29 09:28:37.999 | DEBUG    | core:as_tensor:724 - Loaded cache for /proj_sw/user_dev/ctr-apbernal/tt-metal/model_cache/meta-llama/Llama-3.3-70B-Instruct/TG/tensor_cache_instruct_bfp8/layers.51.attention.wqkv_sharded_2d_dram_dtype_BFLOAT8_B_layout_TILE.tensorbin of shape Shape([1, 1, 2048, 1280])
2026-08-29 09:28:38.243 | DEBUG    | core:as_tensor:724 - Loaded cache for /proj_sw/user_dev/ctr-apbernal/tt-metal/model_cache/meta-llama/Llama-3.3-70B-Instruct/TG/tensor_cache_instruct_bfp8/layers.51.attention.wo_width_sharded_2d_prefetcher_dtype_BFLOAT8_B_layout_TILE.tensorbin of shape Shape([1, 1, 1024, 2048])
2026-08-29 09:28:38.539 | DEBUG    | core:as_tensor:724 - Loaded cache for /proj_sw/user_dev/ctr-apbernal/tt-metal/model_cache/meta-llama/Llama-3.3-70B-Instruct/TG/tensor_cache_instruct_bfp8/layers.51.attention.wo_width_sharded_2d_dram_dtype_BFLOAT8_B_layout_TILE.tensorbin of shape Shape([1, 1, 1024, 2048])
2026-08-29 09:28:38.824 | DEBUG    | core:as_tensor:724 - Loaded cache for /proj_sw/user_dev/ctr-apbernal/tt-metal/model_cache/meta-llama/Llama-3.3-70B-Instruct/TG/tensor_cache_instruct_bfp8/layers.51.attention.wo_col_sharded_dram_dtype_BFLOAT8_B_layout_TILE.tensorbin of shape Shape([1, 1, 8192, 2048])
2026-08-29 09:28:38.840 | DEBUG    | core:as_tensor:724 - Loaded cache for /proj_sw/user_dev/ctr-apbernal/tt-metal/model_cache/meta-llama/Llama-3.3-70B-Instruct/TG/tensor_cache_instruct_bfp8/kvcache_torch.Size([2048, 1, 64, 128])_dtype_BFLOAT8_B_layout_TILE.tensorbin of shape Shape([2048, 1, 64, 128])
2026-08-29 09:28:38.848 | DEBUG    | core:as_tensor:724 - Loaded cache for /proj_sw/user_dev/ctr-apbernal/tt-metal/model_cache/meta-llama/Llama-3.3-70B-Instruct/TG/tensor_cache_instruct_bfp8/kvcache_torch.Size([2048, 1, 64, 128])_dtype_BFLOAT8_B_layout_TILE.tensorbin of shape Shape([2048, 1, 64, 128])
2026-08-29 09:28:39.383 | DEBUG    | core:as_tensor:724 - Loaded cache for /proj_sw/user_dev/ctr-apbernal/tt-metal/model_cache/meta-llama/Llama-3.3-70B-Instruct/TG/tensor_cache_instruct_bfp8/layers.51.feed_forward.w1_shardedprefetcher_dtype_BFLOAT4_B_layout_TILE.tensorbin of shape Shape([1, 1, 2048, 3584])
2026-08-29 09:28:39.874 | DEBUG    | core:as_tensor:724 - Loaded cache for /proj_sw/user_dev/ctr-apbernal/tt-metal/model_cache/meta-llama/Llama-3.3-70B-Instruct/TG/tensor_cache_instruct_bfp8/layers.51.feed_forward.w2_shardedprefetcher_dtype_BFLOAT8_B_layout_TILE.tensorbin of shape Shape([1, 1, 3584, 2048])
2026-08-29 09:28:40.185 | DEBUG    | core:as_tensor:724 - Loaded cache for /proj_sw/user_dev/ctr-apbernal/tt-metal/model_cache/meta-llama/Llama-3.3-70B-Instruct/TG/tensor_cache_instruct_bfp8/layers.51.feed_forward.w3_shardedprefetcher_dtype_BFLOAT4_B_layout_TILE.tensorbin of shape Shape([1, 1, 2048, 3584])
2026-08-29 09:28:40.475 | DEBUG    | core:as_tensor:724 - Loaded cache for /proj_sw/user_dev/ctr-apbernal/tt-metal/model_cache/meta-llama/Llama-3.3-70B-Instruct/TG/tensor_cache_instruct_bfp8/layers.51.feed_forward.w1_interleavedprefetcher_dtype_BFLOAT4_B_layout_TILE.tensorbin of shape Shape([1, 1, 2048, 3584])
2026-08-29 09:28:40.958 | DEBUG    | core:as_tensor:724 - Loaded cache for /proj_sw/user_dev/ctr-apbernal/tt-metal/model_cache/meta-llama/Llama-3.3-70B-Instruct/TG/tensor_cache_instruct_bfp8/layers.51.feed_forward.w2_interleavedprefetcher_dtype_BFLOAT8_B_layout_TILE.tensorbin of shape Shape([1, 1, 3584, 2048])
2026-08-29 09:28:41.244 | DEBUG    | core:as_tensor:724 - Loaded cache for /proj_sw/user_dev/ctr-apbernal/tt-metal/model_cache/meta-llama/Llama-3.3-70B-Instruct/TG/tensor_cache_instruct_bfp8/layers.51.feed_forward.w3_interleavedprefetcher_dtype_BFLOAT4_B_layout_TILE.tensorbin of shape Shape([1, 1, 2048, 3584])
2026-08-29 09:28:41.247 | DEBUG    | core:as_tensor:724 - Loaded cache for /proj_sw/user_dev/ctr-apbernal/tt-metal/model_cache/meta-llama/Llama-3.3-70B-Instruct/TG/tensor_cache_instruct_bfp8/layers.51.attention_norm.weight_dtype_BFLOAT16_layout_ROW_MAJOR.tensorbin of shape Shape([1, 1, 256, 32])
2026-08-29 09:28:41.249 | DEBUG    | core:as_tensor:724 - Loaded cache for /proj_sw/user_dev/ctr-apbernal/tt-metal/model_cache/meta-llama/Llama-3.3-70B-Instruct/TG/tensor_cache_instruct_bfp8/layers.51.attention_norm.weight_distributed_dtype_BFLOAT16_layout_ROW_MAJOR.tensorbin of shape Shape([1, 1, 64, 32])
2026-08-29 09:28:41.251 | DEBUG    | core:as_tensor:724 - Loaded cache for /proj_sw/user_dev/ctr-apbernal/tt-metal/model_cache/meta-llama/Llama-3.3-70B-Instruct/TG/tensor_cache_instruct_bfp8/layers.51.ffn_norm.weight_dtype_BFLOAT16_layout_ROW_MAJOR.tensorbin of shape Shape([1, 1, 256, 32])
2026-08-29 09:28:41.253 | DEBUG    | core:as_tensor:724 - Loaded cache for /proj_sw/user_dev/ctr-apbernal/tt-metal/model_cache/meta-llama/Llama-3.3-70B-Instruct/TG/tensor_cache_instruct_bfp8/layers.51.ffn_norm.weight_distributed_dtype_BFLOAT16_layout_ROW_MAJOR.tensorbin of shape Shape([1, 1, 64, 32])
 65%|██████▌   | 52/80 [03:33<01:53,  4.05s/it]2026-08-29 09:28:41.640 | DEBUG    | core:as_tensor:724 - Loaded cache for /proj_sw/user_dev/ctr-apbernal/tt-metal/model_cache/meta-llama/Llama-3.3-70B-Instruct/TG/tensor_cache_instruct_bfp8/layers.52.attention.wqkv_sharded_2d_prefetcher_dtype_BFLOAT8_B_layout_TILE.tensorbin of shape Shape([1, 1, 2048, 1280])
2026-08-29 09:28:41.915 | DEBUG    | core:as_tensor:724 - Loaded cache for /proj_sw/user_dev/ctr-apbernal/tt-metal/model_cache/meta-llama/Llama-3.3-70B-Instruct/TG/tensor_cache_instruct_bfp8/layers.52.attention.wqkv_sharded_2d_dram_dtype_BFLOAT8_B_layout_TILE.tensorbin of shape Shape([1, 1, 2048, 1280])
2026-08-29 09:28:42.158 | DEBUG    | core:as_tensor:724 - Loaded cache for /proj_sw/user_dev/ctr-apbernal/tt-metal/model_cache/meta-llama/Llama-3.3-70B-Instruct/TG/tensor_cache_instruct_bfp8/layers.52.attention.wo_width_sharded_2d_prefetcher_dtype_BFLOAT8_B_layout_TILE.tensorbin of shape Shape([1, 1, 1024, 2048])
2026-08-29 09:28:42.389 | DEBUG    | core:as_tensor:724 - Loaded cache for /proj_sw/user_dev/ctr-apbernal/tt-metal/model_cache/meta-llama/Llama-3.3-70B-Instruct/TG/tensor_cache_instruct_bfp8/layers.52.attention.wo_width_sharded_2d_dram_dtype_BFLOAT8_B_layout_TILE.tensorbin of shape Shape([1, 1, 1024, 2048])
2026-08-29 09:28:42.770 | DEBUG    | core:as_tensor:724 - Loaded cache for /proj_sw/user_dev/ctr-apbernal/tt-metal/model_cache/meta-llama/Llama-3.3-70B-Instruct/TG/tensor_cache_instruct_bfp8/layers.52.attention.wo_col_sharded_dram_dtype_BFLOAT8_B_layout_TILE.tensorbin of shape Shape([1, 1, 8192, 2048])
2026-08-29 09:28:42.786 | DEBUG    | core:as_tensor:724 - Loaded cache for /proj_sw/user_dev/ctr-apbernal/tt-metal/model_cache/meta-llama/Llama-3.3-70B-Instruct/TG/tensor_cache_instruct_bfp8/kvcache_torch.Size([2048, 1, 64, 128])_dtype_BFLOAT8_B_layout_TILE.tensorbin of shape Shape([2048, 1, 64, 128])
2026-08-29 09:28:42.794 | DEBUG    | core:as_tensor:724 - Loaded cache for /proj_sw/user_dev/ctr-apbernal/tt-metal/model_cache/meta-llama/Llama-3.3-70B-Instruct/TG/tensor_cache_instruct_bfp8/kvcache_torch.Size([2048, 1, 64, 128])_dtype_BFLOAT8_B_layout_TILE.tensorbin of shape Shape([2048, 1, 64, 128])
2026-08-29 09:28:43.132 | DEBUG    | core:as_tensor:724 - Loaded cache for /proj_sw/user_dev/ctr-apbernal/tt-metal/model_cache/meta-llama/Llama-3.3-70B-Instruct/TG/tensor_cache_instruct_bfp8/layers.52.feed_forward.w1_shardedprefetcher_dtype_BFLOAT4_B_layout_TILE.tensorbin of shape Shape([1, 1, 2048, 3584])
2026-08-29 09:28:43.636 | DEBUG    | core:as_tensor:724 - Loaded cache for /proj_sw/user_dev/ctr-apbernal/tt-metal/model_cache/meta-llama/Llama-3.3-70B-Instruct/TG/tensor_cache_instruct_bfp8/layers.52.feed_forward.w2_shardedprefetcher_dtype_BFLOAT8_B_layout_TILE.tensorbin of shape Shape([1, 1, 3584, 2048])
2026-08-29 09:28:43.941 | DEBUG    | core:as_tensor:724 - Loaded cache for /proj_sw/user_dev/ctr-apbernal/tt-metal/model_cache/meta-llama/Llama-3.3-70B-Instruct/TG/tensor_cache_instruct_bfp8/layers.52.feed_forward.w3_shardedprefetcher_dtype_BFLOAT4_B_layout_TILE.tensorbin of shape Shape([1, 1, 2048, 3584])
2026-08-29 09:28:44.337 | DEBUG    | core:as_tensor:724 - Loaded cache for /proj_sw/user_dev/ctr-apbernal/tt-metal/model_cache/meta-llama/Llama-3.3-70B-Instruct/TG/tensor_cache_instruct_bfp8/layers.52.feed_forward.w1_interleavedprefetcher_dtype_BFLOAT4_B_layout_TILE.tensorbin of shape Shape([1, 1, 2048, 3584])
2026-08-29 09:28:44.836 | DEBUG    | core:as_tensor:724 - Loaded cache for /proj_sw/user_dev/ctr-apbernal/tt-metal/model_cache/meta-llama/Llama-3.3-70B-Instruct/TG/tensor_cache_instruct_bfp8/layers.52.feed_forward.w2_interleavedprefetcher_dtype_BFLOAT8_B_layout_TILE.tensorbin of shape Shape([1, 1, 3584, 2048])
2026-08-29 09:28:45.351 | DEBUG    | core:as_tensor:724 - Loaded cache for /proj_sw/user_dev/ctr-apbernal/tt-metal/model_cache/meta-llama/Llama-3.3-70B-Instruct/TG/tensor_cache_instruct_bfp8/layers.52.feed_forward.w3_interleavedprefetcher_dtype_BFLOAT4_B_layout_TILE.tensorbin of shape Shape([1, 1, 2048, 3584])
2026-08-29 09:28:45.356 | DEBUG    | core:as_tensor:724 - Loaded cache for /proj_sw/user_dev/ctr-apbernal/tt-metal/model_cache/meta-llama/Llama-3.3-70B-Instruct/TG/tensor_cache_instruct_bfp8/layers.52.attention_norm.weight_dtype_BFLOAT16_layout_ROW_MAJOR.tensorbin of shape Shape([1, 1, 256, 32])
2026-08-29 09:28:45.358 | DEBUG    | core:as_tensor:724 - Loaded cache for /proj_sw/user_dev/ctr-apbernal/tt-metal/model_cache/meta-llama/Llama-3.3-70B-Instruct/TG/tensor_cache_instruct_bfp8/layers.52.attention_norm.weight_distributed_dtype_BFLOAT16_layout_ROW_MAJOR.tensorbin of shape Shape([1, 1, 64, 32])
2026-08-29 09:28:45.360 | DEBUG    | core:as_tensor:724 - Loaded cache for /proj_sw/user_dev/ctr-apbernal/tt-metal/model_cache/meta-llama/Llama-3.3-70B-Instruct/TG/tensor_cache_instruct_bfp8/layers.52.ffn_norm.weight_dtype_BFLOAT16_layout_ROW_MAJOR.tensorbin of shape Shape([1, 1, 256, 32])
2026-08-29 09:28:45.362 | DEBUG    | core:as_tensor:724 - Loaded cache for /proj_sw/user_dev/ctr-apbernal/tt-metal/model_cache/meta-llama/Llama-3.3-70B-Instruct/TG/tensor_cache_instruct_bfp8/layers.52.ffn_norm.weight_distributed_dtype_BFLOAT16_layout_ROW_MAJOR.tensorbin of shape Shape([1, 1, 64, 32])
 66%|██████▋   | 53/80 [03:37<01:49,  4.06s/it]2026-08-29 09:28:45.642 | DEBUG    | core:as_tensor:724 - Loaded cache for /proj_sw/user_dev/ctr-apbernal/tt-metal/model_cache/meta-llama/Llama-3.3-70B-Instruct/TG/tensor_cache_instruct_bfp8/layers.53.attention.wqkv_sharded_2d_prefetcher_dtype_BFLOAT8_B_layout_TILE.tensorbin of shape Shape([1, 1, 2048, 1280])
2026-08-29 09:28:45.989 | DEBUG    | core:as_tensor:724 - Loaded cache for /proj_sw/user_dev/ctr-apbernal/tt-metal/model_cache/meta-llama/Llama-3.3-70B-Instruct/TG/tensor_cache_instruct_bfp8/layers.53.attention.wqkv_sharded_2d_dram_dtype_BFLOAT8_B_layout_TILE.tensorbin of shape Shape([1, 1, 2048, 1280])
2026-08-29 09:28:46.316 | DEBUG    | core:as_tensor:724 - Loaded cache for /proj_sw/user_dev/ctr-apbernal/tt-metal/model_cache/meta-llama/Llama-3.3-70B-Instruct/TG/tensor_cache_instruct_bfp8/layers.53.attention.wo_width_sharded_2d_prefetcher_dtype_BFLOAT8_B_layout_TILE.tensorbin of shape Shape([1, 1, 1024, 2048])
2026-08-29 09:28:46.582 | DEBUG    | core:as_tensor:724 - Loaded cache for /proj_sw/user_dev/ctr-apbernal/tt-metal/model_cache/meta-llama/Llama-3.3-70B-Instruct/TG/tensor_cache_instruct_bfp8/layers.53.attention.wo_width_sharded_2d_dram_dtype_BFLOAT8_B_layout_TILE.tensorbin of shape Shape([1, 1, 1024, 2048])
2026-08-29 09:28:46.834 | DEBUG    | core:as_tensor:724 - Loaded cache for /proj_sw/user_dev/ctr-apbernal/tt-metal/model_cache/meta-llama/Llama-3.3-70B-Instruct/TG/tensor_cache_instruct_bfp8/layers.53.attention.wo_col_sharded_dram_dtype_BFLOAT8_B_layout_TILE.tensorbin of shape Shape([1, 1, 8192, 2048])
2026-08-29 09:28:46.847 | DEBUG    | core:as_tensor:724 - Loaded cache for /proj_sw/user_dev/ctr-apbernal/tt-metal/model_cache/meta-llama/Llama-3.3-70B-Instruct/TG/tensor_cache_instruct_bfp8/kvcache_torch.Size([2048, 1, 64, 128])_dtype_BFLOAT8_B_layout_TILE.tensorbin of shape Shape([2048, 1, 64, 128])
2026-08-29 09:28:46.855 | DEBUG    | core:as_tensor:724 - Loaded cache for /proj_sw/user_dev/ctr-apbernal/tt-metal/model_cache/meta-llama/Llama-3.3-70B-Instruct/TG/tensor_cache_instruct_bfp8/kvcache_torch.Size([2048, 1, 64, 128])_dtype_BFLOAT8_B_layout_TILE.tensorbin of shape Shape([2048, 1, 64, 128])
2026-08-29 09:28:47.287 | DEBUG    | core:as_tensor:724 - Loaded cache for /proj_sw/user_dev/ctr-apbernal/tt-metal/model_cache/meta-llama/Llama-3.3-70B-Instruct/TG/tensor_cache_instruct_bfp8/layers.53.feed_forward.w1_shardedprefetcher_dtype_BFLOAT4_B_layout_TILE.tensorbin of shape Shape([1, 1, 2048, 3584])
2026-08-29 09:28:47.787 | DEBUG    | core:as_tensor:724 - Loaded cache for /proj_sw/user_dev/ctr-apbernal/tt-metal/model_cache/meta-llama/Llama-3.3-70B-Instruct/TG/tensor_cache_instruct_bfp8/layers.53.feed_forward.w2_shardedprefetcher_dtype_BFLOAT8_B_layout_TILE.tensorbin of shape Shape([1, 1, 3584, 2048])
2026-08-29 09:28:48.204 | DEBUG    | core:as_tensor:724 - Loaded cache for /proj_sw/user_dev/ctr-apbernal/tt-metal/model_cache/meta-llama/Llama-3.3-70B-Instruct/TG/tensor_cache_instruct_bfp8/layers.53.feed_forward.w3_shardedprefetcher_dtype_BFLOAT4_B_layout_TILE.tensorbin of shape Shape([1, 1, 2048, 3584])
2026-08-29 09:28:48.596 | DEBUG    | core:as_tensor:724 - Loaded cache for /proj_sw/user_dev/ctr-apbernal/tt-metal/model_cache/meta-llama/Llama-3.3-70B-Instruct/TG/tensor_cache_instruct_bfp8/layers.53.feed_forward.w1_interleavedprefetcher_dtype_BFLOAT4_B_layout_TILE.tensorbin of shape Shape([1, 1, 2048, 3584])
2026-08-29 09:28:49.107 | DEBUG    | core:as_tensor:724 - Loaded cache for /proj_sw/user_dev/ctr-apbernal/tt-metal/model_cache/meta-llama/Llama-3.3-70B-Instruct/TG/tensor_cache_instruct_bfp8/layers.53.feed_forward.w2_interleavedprefetcher_dtype_BFLOAT8_B_layout_TILE.tensorbin of shape Shape([1, 1, 3584, 2048])
2026-08-29 09:28:49.601 | DEBUG    | core:as_tensor:724 - Loaded cache for /proj_sw/user_dev/ctr-apbernal/tt-metal/model_cache/meta-llama/Llama-3.3-70B-Instruct/TG/tensor_cache_instruct_bfp8/layers.53.feed_forward.w3_interleavedprefetcher_dtype_BFLOAT4_B_layout_TILE.tensorbin of shape Shape([1, 1, 2048, 3584])
2026-08-29 09:28:49.607 | DEBUG    | core:as_tensor:724 - Loaded cache for /proj_sw/user_dev/ctr-apbernal/tt-metal/model_cache/meta-llama/Llama-3.3-70B-Instruct/TG/tensor_cache_instruct_bfp8/layers.53.attention_norm.weight_dtype_BFLOAT16_layout_ROW_MAJOR.tensorbin of shape Shape([1, 1, 256, 32])
2026-08-29 09:28:49.609 | DEBUG    | core:as_tensor:724 - Loaded cache for /proj_sw/user_dev/ctr-apbernal/tt-metal/model_cache/meta-llama/Llama-3.3-70B-Instruct/TG/tensor_cache_instruct_bfp8/layers.53.attention_norm.weight_distributed_dtype_BFLOAT16_layout_ROW_MAJOR.tensorbin of shape Shape([1, 1, 64, 32])
2026-08-29 09:28:49.611 | DEBUG    | core:as_tensor:724 - Loaded cache for /proj_sw/user_dev/ctr-apbernal/tt-metal/model_cache/meta-llama/Llama-3.3-70B-Instruct/TG/tensor_cache_instruct_bfp8/layers.53.ffn_norm.weight_dtype_BFLOAT16_layout_ROW_MAJOR.tensorbin of shape Shape([1, 1, 256, 32])
2026-08-29 09:28:49.613 | DEBUG    | core:as_tensor:724 - Loaded cache for /proj_sw/user_dev/ctr-apbernal/tt-metal/model_cache/meta-llama/Llama-3.3-70B-Instruct/TG/tensor_cache_instruct_bfp8/layers.53.ffn_norm.weight_distributed_dtype_BFLOAT16_layout_ROW_MAJOR.tensorbin of shape Shape([1, 1, 64, 32])
 68%|██████▊   | 54/80 [03:42<01:47,  4.12s/it]2026-08-29 09:28:50.006 | DEBUG    | core:as_tensor:724 - Loaded cache for /proj_sw/user_dev/ctr-apbernal/tt-metal/model_cache/meta-llama/Llama-3.3-70B-Instruct/TG/tensor_cache_instruct_bfp8/layers.54.attention.wqkv_sharded_2d_prefetcher_dtype_BFLOAT8_B_layout_TILE.tensorbin of shape Shape([1, 1, 2048, 1280])
2026-08-29 09:28:50.370 | DEBUG    | core:as_tensor:724 - Loaded cache for /proj_sw/user_dev/ctr-apbernal/tt-metal/model_cache/meta-llama/Llama-3.3-70B-Instruct/TG/tensor_cache_instruct_bfp8/layers.54.attention.wqkv_sharded_2d_dram_dtype_BFLOAT8_B_layout_TILE.tensorbin of shape Shape([1, 1, 2048, 1280])
2026-08-29 09:28:50.701 | DEBUG    | core:as_tensor:724 - Loaded cache for /proj_sw/user_dev/ctr-apbernal/tt-metal/model_cache/meta-llama/Llama-3.3-70B-Instruct/TG/tensor_cache_instruct_bfp8/layers.54.attention.wo_width_sharded_2d_prefetcher_dtype_BFLOAT8_B_layout_TILE.tensorbin of shape Shape([1, 1, 1024, 2048])
2026-08-29 09:28:51.029 | DEBUG    | core:as_tensor:724 - Loaded cache for /proj_sw/user_dev/ctr-apbernal/tt-metal/model_cache/meta-llama/Llama-3.3-70B-Instruct/TG/tensor_cache_instruct_bfp8/layers.54.attention.wo_width_sharded_2d_dram_dtype_BFLOAT8_B_layout_TILE.tensorbin of shape Shape([1, 1, 1024, 2048])
2026-08-29 09:28:51.446 | DEBUG    | core:as_tensor:724 - Loaded cache for /proj_sw/user_dev/ctr-apbernal/tt-metal/model_cache/meta-llama/Llama-3.3-70B-Instruct/TG/tensor_cache_instruct_bfp8/layers.54.attention.wo_col_sharded_dram_dtype_BFLOAT8_B_layout_TILE.tensorbin of shape Shape([1, 1, 8192, 2048])
2026-08-29 09:28:51.463 | DEBUG    | core:as_tensor:724 - Loaded cache for /proj_sw/user_dev/ctr-apbernal/tt-metal/model_cache/meta-llama/Llama-3.3-70B-Instruct/TG/tensor_cache_instruct_bfp8/kvcache_torch.Size([2048, 1, 64, 128])_dtype_BFLOAT8_B_layout_TILE.tensorbin of shape Shape([2048, 1, 64, 128])
2026-08-29 09:28:51.471 | DEBUG    | core:as_tensor:724 - Loaded cache for /proj_sw/user_dev/ctr-apbernal/tt-metal/model_cache/meta-llama/Llama-3.3-70B-Instruct/TG/tensor_cache_instruct_bfp8/kvcache_torch.Size([2048, 1, 64, 128])_dtype_BFLOAT8_B_layout_TILE.tensorbin of shape Shape([2048, 1, 64, 128])
2026-08-29 09:28:51.787 | DEBUG    | core:as_tensor:724 - Loaded cache for /proj_sw/user_dev/ctr-apbernal/tt-metal/model_cache/meta-llama/Llama-3.3-70B-Instruct/TG/tensor_cache_instruct_bfp8/layers.54.feed_forward.w1_shardedprefetcher_dtype_BFLOAT4_B_layout_TILE.tensorbin of shape Shape([1, 1, 2048, 3584])
2026-08-29 09:28:52.291 | DEBUG    | core:as_tensor:724 - Loaded cache for /proj_sw/user_dev/ctr-apbernal/tt-metal/model_cache/meta-llama/Llama-3.3-70B-Instruct/TG/tensor_cache_instruct_bfp8/layers.54.feed_forward.w2_shardedprefetcher_dtype_BFLOAT8_B_layout_TILE.tensorbin of shape Shape([1, 1, 3584, 2048])
2026-08-29 09:28:52.583 | DEBUG    | core:as_tensor:724 - Loaded cache for /proj_sw/user_dev/ctr-apbernal/tt-metal/model_cache/meta-llama/Llama-3.3-70B-Instruct/TG/tensor_cache_instruct_bfp8/layers.54.feed_forward.w3_shardedprefetcher_dtype_BFLOAT4_B_layout_TILE.tensorbin of shape Shape([1, 1, 2048, 3584])
2026-08-29 09:28:52.887 | DEBUG    | core:as_tensor:724 - Loaded cache for /proj_sw/user_dev/ctr-apbernal/tt-metal/model_cache/meta-llama/Llama-3.3-70B-Instruct/TG/tensor_cache_instruct_bfp8/layers.54.feed_forward.w1_interleavedprefetcher_dtype_BFLOAT4_B_layout_TILE.tensorbin of shape Shape([1, 1, 2048, 3584])
2026-08-29 09:28:53.381 | DEBUG    | core:as_tensor:724 - Loaded cache for /proj_sw/user_dev/ctr-apbernal/tt-metal/model_cache/meta-llama/Llama-3.3-70B-Instruct/TG/tensor_cache_instruct_bfp8/layers.54.feed_forward.w2_interleavedprefetcher_dtype_BFLOAT8_B_layout_TILE.tensorbin of shape Shape([1, 1, 3584, 2048])
2026-08-29 09:28:53.654 | DEBUG    | core:as_tensor:724 - Loaded cache for /proj_sw/user_dev/ctr-apbernal/tt-metal/model_cache/meta-llama/Llama-3.3-70B-Instruct/TG/tensor_cache_instruct_bfp8/layers.54.feed_forward.w3_interleavedprefetcher_dtype_BFLOAT4_B_layout_TILE.tensorbin of shape Shape([1, 1, 2048, 3584])
2026-08-29 09:28:53.657 | DEBUG    | core:as_tensor:724 - Loaded cache for /proj_sw/user_dev/ctr-apbernal/tt-metal/model_cache/meta-llama/Llama-3.3-70B-Instruct/TG/tensor_cache_instruct_bfp8/layers.54.attention_norm.weight_dtype_BFLOAT16_layout_ROW_MAJOR.tensorbin of shape Shape([1, 1, 256, 32])
2026-08-29 09:28:53.659 | DEBUG    | core:as_tensor:724 - Loaded cache for /proj_sw/user_dev/ctr-apbernal/tt-metal/model_cache/meta-llama/Llama-3.3-70B-Instruct/TG/tensor_cache_instruct_bfp8/layers.54.attention_norm.weight_distributed_dtype_BFLOAT16_layout_ROW_MAJOR.tensorbin of shape Shape([1, 1, 64, 32])
2026-08-29 09:28:53.661 | DEBUG    | core:as_tensor:724 - Loaded cache for /proj_sw/user_dev/ctr-apbernal/tt-metal/model_cache/meta-llama/Llama-3.3-70B-Instruct/TG/tensor_cache_instruct_bfp8/layers.54.ffn_norm.weight_dtype_BFLOAT16_layout_ROW_MAJOR.tensorbin of shape Shape([1, 1, 256, 32])
2026-08-29 09:28:53.663 | DEBUG    | core:as_tensor:724 - Loaded cache for /proj_sw/user_dev/ctr-apbernal/tt-metal/model_cache/meta-llama/Llama-3.3-70B-Instruct/TG/tensor_cache_instruct_bfp8/layers.54.ffn_norm.weight_distributed_dtype_BFLOAT16_layout_ROW_MAJOR.tensorbin of shape Shape([1, 1, 64, 32])
 69%|██████▉   | 55/80 [03:46<01:42,  4.10s/it]2026-08-29 09:28:54.045 | DEBUG    | core:as_tensor:724 - Loaded cache for /proj_sw/user_dev/ctr-apbernal/tt-metal/model_cache/meta-llama/Llama-3.3-70B-Instruct/TG/tensor_cache_instruct_bfp8/layers.55.attention.wqkv_sharded_2d_prefetcher_dtype_BFLOAT8_B_layout_TILE.tensorbin of shape Shape([1, 1, 2048, 1280])
2026-08-29 09:28:54.265 | DEBUG    | core:as_tensor:724 - Loaded cache for /proj_sw/user_dev/ctr-apbernal/tt-metal/model_cache/meta-llama/Llama-3.3-70B-Instruct/TG/tensor_cache_instruct_bfp8/layers.55.attention.wqkv_sharded_2d_dram_dtype_BFLOAT8_B_layout_TILE.tensorbin of shape Shape([1, 1, 2048, 1280])
2026-08-29 09:28:54.605 | DEBUG    | core:as_tensor:724 - Loaded cache for /proj_sw/user_dev/ctr-apbernal/tt-metal/model_cache/meta-llama/Llama-3.3-70B-Instruct/TG/tensor_cache_instruct_bfp8/layers.55.attention.wo_width_sharded_2d_prefetcher_dtype_BFLOAT8_B_layout_TILE.tensorbin of shape Shape([1, 1, 1024, 2048])
2026-08-29 09:28:54.923 | DEBUG    | core:as_tensor:724 - Loaded cache for /proj_sw/user_dev/ctr-apbernal/tt-metal/model_cache/meta-llama/Llama-3.3-70B-Instruct/TG/tensor_cache_instruct_bfp8/layers.55.attention.wo_width_sharded_2d_dram_dtype_BFLOAT8_B_layout_TILE.tensorbin of shape Shape([1, 1, 1024, 2048])
2026-08-29 09:28:55.187 | DEBUG    | core:as_tensor:724 - Loaded cache for /proj_sw/user_dev/ctr-apbernal/tt-metal/model_cache/meta-llama/Llama-3.3-70B-Instruct/TG/tensor_cache_instruct_bfp8/layers.55.attention.wo_col_sharded_dram_dtype_BFLOAT8_B_layout_TILE.tensorbin of shape Shape([1, 1, 8192, 2048])
2026-08-29 09:28:55.207 | DEBUG    | core:as_tensor:724 - Loaded cache for /proj_sw/user_dev/ctr-apbernal/tt-metal/model_cache/meta-llama/Llama-3.3-70B-Instruct/TG/tensor_cache_instruct_bfp8/kvcache_torch.Size([2048, 1, 64, 128])_dtype_BFLOAT8_B_layout_TILE.tensorbin of shape Shape([2048, 1, 64, 128])
2026-08-29 09:28:55.216 | DEBUG    | core:as_tensor:724 - Loaded cache for /proj_sw/user_dev/ctr-apbernal/tt-metal/model_cache/meta-llama/Llama-3.3-70B-Instruct/TG/tensor_cache_instruct_bfp8/kvcache_torch.Size([2048, 1, 64, 128])_dtype_BFLOAT8_B_layout_TILE.tensorbin of shape Shape([2048, 1, 64, 128])
2026-08-29 09:28:55.718 | DEBUG    | core:as_tensor:724 - Loaded cache for /proj_sw/user_dev/ctr-apbernal/tt-metal/model_cache/meta-llama/Llama-3.3-70B-Instruct/TG/tensor_cache_instruct_bfp8/layers.55.feed_forward.w1_shardedprefetcher_dtype_BFLOAT4_B_layout_TILE.tensorbin of shape Shape([1, 1, 2048, 3584])
2026-08-29 09:28:56.217 | DEBUG    | core:as_tensor:724 - Loaded cache for /proj_sw/user_dev/ctr-apbernal/tt-metal/model_cache/meta-llama/Llama-3.3-70B-Instruct/TG/tensor_cache_instruct_bfp8/layers.55.feed_forward.w2_shardedprefetcher_dtype_BFLOAT8_B_layout_TILE.tensorbin of shape Shape([1, 1, 3584, 2048])
2026-08-29 09:28:56.524 | DEBUG    | core:as_tensor:724 - Loaded cache for /proj_sw/user_dev/ctr-apbernal/tt-metal/model_cache/meta-llama/Llama-3.3-70B-Instruct/TG/tensor_cache_instruct_bfp8/layers.55.feed_forward.w3_shardedprefetcher_dtype_BFLOAT4_B_layout_TILE.tensorbin of shape Shape([1, 1, 2048, 3584])
2026-08-29 09:28:56.956 | DEBUG    | core:as_tensor:724 - Loaded cache for /proj_sw/user_dev/ctr-apbernal/tt-metal/model_cache/meta-llama/Llama-3.3-70B-Instruct/TG/tensor_cache_instruct_bfp8/layers.55.feed_forward.w1_interleavedprefetcher_dtype_BFLOAT4_B_layout_TILE.tensorbin of shape Shape([1, 1, 2048, 3584])
2026-08-29 09:28:57.451 | DEBUG    | core:as_tensor:724 - Loaded cache for /proj_sw/user_dev/ctr-apbernal/tt-metal/model_cache/meta-llama/Llama-3.3-70B-Instruct/TG/tensor_cache_instruct_bfp8/layers.55.feed_forward.w2_interleavedprefetcher_dtype_BFLOAT8_B_layout_TILE.tensorbin of shape Shape([1, 1, 3584, 2048])
2026-08-29 09:28:57.749 | DEBUG    | core:as_tensor:724 - Loaded cache for /proj_sw/user_dev/ctr-apbernal/tt-metal/model_cache/meta-llama/Llama-3.3-70B-Instruct/TG/tensor_cache_instruct_bfp8/layers.55.feed_forward.w3_interleavedprefetcher_dtype_BFLOAT4_B_layout_TILE.tensorbin of shape Shape([1, 1, 2048, 3584])
2026-08-29 09:28:57.752 | DEBUG    | core:as_tensor:724 - Loaded cache for /proj_sw/user_dev/ctr-apbernal/tt-metal/model_cache/meta-llama/Llama-3.3-70B-Instruct/TG/tensor_cache_instruct_bfp8/layers.55.attention_norm.weight_dtype_BFLOAT16_layout_ROW_MAJOR.tensorbin of shape Shape([1, 1, 256, 32])
2026-08-29 09:28:57.754 | DEBUG    | core:as_tensor:724 - Loaded cache for /proj_sw/user_dev/ctr-apbernal/tt-metal/model_cache/meta-llama/Llama-3.3-70B-Instruct/TG/tensor_cache_instruct_bfp8/layers.55.attention_norm.weight_distributed_dtype_BFLOAT16_layout_ROW_MAJOR.tensorbin of shape Shape([1, 1, 64, 32])
2026-08-29 09:28:57.756 | DEBUG    | core:as_tensor:724 - Loaded cache for /proj_sw/user_dev/ctr-apbernal/tt-metal/model_cache/meta-llama/Llama-3.3-70B-Instruct/TG/tensor_cache_instruct_bfp8/layers.55.ffn_norm.weight_dtype_BFLOAT16_layout_ROW_MAJOR.tensorbin of shape Shape([1, 1, 256, 32])
2026-08-29 09:28:57.759 | DEBUG    | core:as_tensor:724 - Loaded cache for /proj_sw/user_dev/ctr-apbernal/tt-metal/model_cache/meta-llama/Llama-3.3-70B-Instruct/TG/tensor_cache_instruct_bfp8/layers.55.ffn_norm.weight_distributed_dtype_BFLOAT16_layout_ROW_MAJOR.tensorbin of shape Shape([1, 1, 64, 32])
 70%|███████   | 56/80 [03:50<01:38,  4.10s/it]2026-08-29 09:28:58.151 | DEBUG    | core:as_tensor:724 - Loaded cache for /proj_sw/user_dev/ctr-apbernal/tt-metal/model_cache/meta-llama/Llama-3.3-70B-Instruct/TG/tensor_cache_instruct_bfp8/layers.56.attention.wqkv_sharded_2d_prefetcher_dtype_BFLOAT8_B_layout_TILE.tensorbin of shape Shape([1, 1, 2048, 1280])
2026-08-29 09:28:58.379 | DEBUG    | core:as_tensor:724 - Loaded cache for /proj_sw/user_dev/ctr-apbernal/tt-metal/model_cache/meta-llama/Llama-3.3-70B-Instruct/TG/tensor_cache_instruct_bfp8/layers.56.attention.wqkv_sharded_2d_dram_dtype_BFLOAT8_B_layout_TILE.tensorbin of shape Shape([1, 1, 2048, 1280])
2026-08-29 09:28:58.701 | DEBUG    | core:as_tensor:724 - Loaded cache for /proj_sw/user_dev/ctr-apbernal/tt-metal/model_cache/meta-llama/Llama-3.3-70B-Instruct/TG/tensor_cache_instruct_bfp8/layers.56.attention.wo_width_sharded_2d_prefetcher_dtype_BFLOAT8_B_layout_TILE.tensorbin of shape Shape([1, 1, 1024, 2048])
2026-08-29 09:28:58.993 | DEBUG    | core:as_tensor:724 - Loaded cache for /proj_sw/user_dev/ctr-apbernal/tt-metal/model_cache/meta-llama/Llama-3.3-70B-Instruct/TG/tensor_cache_instruct_bfp8/layers.56.attention.wo_width_sharded_2d_dram_dtype_BFLOAT8_B_layout_TILE.tensorbin of shape Shape([1, 1, 1024, 2048])
2026-08-29 09:28:59.416 | DEBUG    | core:as_tensor:724 - Loaded cache for /proj_sw/user_dev/ctr-apbernal/tt-metal/model_cache/meta-llama/Llama-3.3-70B-Instruct/TG/tensor_cache_instruct_bfp8/layers.56.attention.wo_col_sharded_dram_dtype_BFLOAT8_B_layout_TILE.tensorbin of shape Shape([1, 1, 8192, 2048])
2026-08-29 09:28:59.430 | DEBUG    | core:as_tensor:724 - Loaded cache for /proj_sw/user_dev/ctr-apbernal/tt-metal/model_cache/meta-llama/Llama-3.3-70B-Instruct/TG/tensor_cache_instruct_bfp8/kvcache_torch.Size([2048, 1, 64, 128])_dtype_BFLOAT8_B_layout_TILE.tensorbin of shape Shape([2048, 1, 64, 128])
2026-08-29 09:28:59.439 | DEBUG    | core:as_tensor:724 - Loaded cache for /proj_sw/user_dev/ctr-apbernal/tt-metal/model_cache/meta-llama/Llama-3.3-70B-Instruct/TG/tensor_cache_instruct_bfp8/kvcache_torch.Size([2048, 1, 64, 128])_dtype_BFLOAT8_B_layout_TILE.tensorbin of shape Shape([2048, 1, 64, 128])
2026-08-29 09:28:59.740 | DEBUG    | core:as_tensor:724 - Loaded cache for /proj_sw/user_dev/ctr-apbernal/tt-metal/model_cache/meta-llama/Llama-3.3-70B-Instruct/TG/tensor_cache_instruct_bfp8/layers.56.feed_forward.w1_shardedprefetcher_dtype_BFLOAT4_B_layout_TILE.tensorbin of shape Shape([1, 1, 2048, 3584])
2026-08-29 09:29:00.247 | DEBUG    | core:as_tensor:724 - Loaded cache for /proj_sw/user_dev/ctr-apbernal/tt-metal/model_cache/meta-llama/Llama-3.3-70B-Instruct/TG/tensor_cache_instruct_bfp8/layers.56.feed_forward.w2_shardedprefetcher_dtype_BFLOAT8_B_layout_TILE.tensorbin of shape Shape([1, 1, 3584, 2048])
2026-08-29 09:29:00.710 | DEBUG    | core:as_tensor:724 - Loaded cache for /proj_sw/user_dev/ctr-apbernal/tt-metal/model_cache/meta-llama/Llama-3.3-70B-Instruct/TG/tensor_cache_instruct_bfp8/layers.56.feed_forward.w3_shardedprefetcher_dtype_BFLOAT4_B_layout_TILE.tensorbin of shape Shape([1, 1, 2048, 3584])
2026-08-29 09:29:01.081 | DEBUG    | core:as_tensor:724 - Loaded cache for /proj_sw/user_dev/ctr-apbernal/tt-metal/model_cache/meta-llama/Llama-3.3-70B-Instruct/TG/tensor_cache_instruct_bfp8/layers.56.feed_forward.w1_interleavedprefetcher_dtype_BFLOAT4_B_layout_TILE.tensorbin of shape Shape([1, 1, 2048, 3584])
2026-08-29 09:29:01.588 | DEBUG    | core:as_tensor:724 - Loaded cache for /proj_sw/user_dev/ctr-apbernal/tt-metal/model_cache/meta-llama/Llama-3.3-70B-Instruct/TG/tensor_cache_instruct_bfp8/layers.56.feed_forward.w2_interleavedprefetcher_dtype_BFLOAT8_B_layout_TILE.tensorbin of shape Shape([1, 1, 3584, 2048])
2026-08-29 09:29:02.000 | DEBUG    | core:as_tensor:724 - Loaded cache for /proj_sw/user_dev/ctr-apbernal/tt-metal/model_cache/meta-llama/Llama-3.3-70B-Instruct/TG/tensor_cache_instruct_bfp8/layers.56.feed_forward.w3_interleavedprefetcher_dtype_BFLOAT4_B_layout_TILE.tensorbin of shape Shape([1, 1, 2048, 3584])
2026-08-29 09:29:02.003 | DEBUG    | core:as_tensor:724 - Loaded cache for /proj_sw/user_dev/ctr-apbernal/tt-metal/model_cache/meta-llama/Llama-3.3-70B-Instruct/TG/tensor_cache_instruct_bfp8/layers.56.attention_norm.weight_dtype_BFLOAT16_layout_ROW_MAJOR.tensorbin of shape Shape([1, 1, 256, 32])
2026-08-29 09:29:02.005 | DEBUG    | core:as_tensor:724 - Loaded cache for /proj_sw/user_dev/ctr-apbernal/tt-metal/model_cache/meta-llama/Llama-3.3-70B-Instruct/TG/tensor_cache_instruct_bfp8/layers.56.attention_norm.weight_distributed_dtype_BFLOAT16_layout_ROW_MAJOR.tensorbin of shape Shape([1, 1, 64, 32])
2026-08-29 09:29:02.007 | DEBUG    | core:as_tensor:724 - Loaded cache for /proj_sw/user_dev/ctr-apbernal/tt-metal/model_cache/meta-llama/Llama-3.3-70B-Instruct/TG/tensor_cache_instruct_bfp8/layers.56.ffn_norm.weight_dtype_BFLOAT16_layout_ROW_MAJOR.tensorbin of shape Shape([1, 1, 256, 32])
2026-08-29 09:29:02.009 | DEBUG    | core:as_tensor:724 - Loaded cache for /proj_sw/user_dev/ctr-apbernal/tt-metal/model_cache/meta-llama/Llama-3.3-70B-Instruct/TG/tensor_cache_instruct_bfp8/layers.56.ffn_norm.weight_distributed_dtype_BFLOAT16_layout_ROW_MAJOR.tensorbin of shape Shape([1, 1, 64, 32])
 71%|███████▏  | 57/80 [03:54<01:35,  4.14s/it]2026-08-29 09:29:02.412 | DEBUG    | core:as_tensor:724 - Loaded cache for /proj_sw/user_dev/ctr-apbernal/tt-metal/model_cache/meta-llama/Llama-3.3-70B-Instruct/TG/tensor_cache_instruct_bfp8/layers.57.attention.wqkv_sharded_2d_prefetcher_dtype_BFLOAT8_B_layout_TILE.tensorbin of shape Shape([1, 1, 2048, 1280])
2026-08-29 09:29:02.681 | DEBUG    | core:as_tensor:724 - Loaded cache for /proj_sw/user_dev/ctr-apbernal/tt-metal/model_cache/meta-llama/Llama-3.3-70B-Instruct/TG/tensor_cache_instruct_bfp8/layers.57.attention.wqkv_sharded_2d_dram_dtype_BFLOAT8_B_layout_TILE.tensorbin of shape Shape([1, 1, 2048, 1280])
2026-08-29 09:29:02.975 | DEBUG    | core:as_tensor:724 - Loaded cache for /proj_sw/user_dev/ctr-apbernal/tt-metal/model_cache/meta-llama/Llama-3.3-70B-Instruct/TG/tensor_cache_instruct_bfp8/layers.57.attention.wo_width_sharded_2d_prefetcher_dtype_BFLOAT8_B_layout_TILE.tensorbin of shape Shape([1, 1, 1024, 2048])
2026-08-29 09:29:03.253 | DEBUG    | core:as_tensor:724 - Loaded cache for /proj_sw/user_dev/ctr-apbernal/tt-metal/model_cache/meta-llama/Llama-3.3-70B-Instruct/TG/tensor_cache_instruct_bfp8/layers.57.attention.wo_width_sharded_2d_dram_dtype_BFLOAT8_B_layout_TILE.tensorbin of shape Shape([1, 1, 1024, 2048])
2026-08-29 09:29:03.570 | DEBUG    | core:as_tensor:724 - Loaded cache for /proj_sw/user_dev/ctr-apbernal/tt-metal/model_cache/meta-llama/Llama-3.3-70B-Instruct/TG/tensor_cache_instruct_bfp8/layers.57.attention.wo_col_sharded_dram_dtype_BFLOAT8_B_layout_TILE.tensorbin of shape Shape([1, 1, 8192, 2048])
2026-08-29 09:29:03.586 | DEBUG    | core:as_tensor:724 - Loaded cache for /proj_sw/user_dev/ctr-apbernal/tt-metal/model_cache/meta-llama/Llama-3.3-70B-Instruct/TG/tensor_cache_instruct_bfp8/kvcache_torch.Size([2048, 1, 64, 128])_dtype_BFLOAT8_B_layout_TILE.tensorbin of shape Shape([2048, 1, 64, 128])
2026-08-29 09:29:03.595 | DEBUG    | core:as_tensor:724 - Loaded cache for /proj_sw/user_dev/ctr-apbernal/tt-metal/model_cache/meta-llama/Llama-3.3-70B-Instruct/TG/tensor_cache_instruct_bfp8/kvcache_torch.Size([2048, 1, 64, 128])_dtype_BFLOAT8_B_layout_TILE.tensorbin of shape Shape([2048, 1, 64, 128])
2026-08-29 09:29:03.911 | DEBUG    | core:as_tensor:724 - Loaded cache for /proj_sw/user_dev/ctr-apbernal/tt-metal/model_cache/meta-llama/Llama-3.3-70B-Instruct/TG/tensor_cache_instruct_bfp8/layers.57.feed_forward.w1_shardedprefetcher_dtype_BFLOAT4_B_layout_TILE.tensorbin of shape Shape([1, 1, 2048, 3584])
2026-08-29 09:29:04.431 | DEBUG    | core:as_tensor:724 - Loaded cache for /proj_sw/user_dev/ctr-apbernal/tt-metal/model_cache/meta-llama/Llama-3.3-70B-Instruct/TG/tensor_cache_instruct_bfp8/layers.57.feed_forward.w2_shardedprefetcher_dtype_BFLOAT8_B_layout_TILE.tensorbin of shape Shape([1, 1, 3584, 2048])
2026-08-29 09:29:04.946 | DEBUG    | core:as_tensor:724 - Loaded cache for /proj_sw/user_dev/ctr-apbernal/tt-metal/model_cache/meta-llama/Llama-3.3-70B-Instruct/TG/tensor_cache_instruct_bfp8/layers.57.feed_forward.w3_shardedprefetcher_dtype_BFLOAT4_B_layout_TILE.tensorbin of shape Shape([1, 1, 2048, 3584])
2026-08-29 09:29:05.255 | DEBUG    | core:as_tensor:724 - Loaded cache for /proj_sw/user_dev/ctr-apbernal/tt-metal/model_cache/meta-llama/Llama-3.3-70B-Instruct/TG/tensor_cache_instruct_bfp8/layers.57.feed_forward.w1_interleavedprefetcher_dtype_BFLOAT4_B_layout_TILE.tensorbin of shape Shape([1, 1, 2048, 3584])
2026-08-29 09:29:05.758 | DEBUG    | core:as_tensor:724 - Loaded cache for /proj_sw/user_dev/ctr-apbernal/tt-metal/model_cache/meta-llama/Llama-3.3-70B-Instruct/TG/tensor_cache_instruct_bfp8/layers.57.feed_forward.w2_interleavedprefetcher_dtype_BFLOAT8_B_layout_TILE.tensorbin of shape Shape([1, 1, 3584, 2048])
2026-08-29 09:29:06.045 | DEBUG    | core:as_tensor:724 - Loaded cache for /proj_sw/user_dev/ctr-apbernal/tt-metal/model_cache/meta-llama/Llama-3.3-70B-Instruct/TG/tensor_cache_instruct_bfp8/layers.57.feed_forward.w3_interleavedprefetcher_dtype_BFLOAT4_B_layout_TILE.tensorbin of shape Shape([1, 1, 2048, 3584])
2026-08-29 09:29:06.050 | DEBUG    | core:as_tensor:724 - Loaded cache for /proj_sw/user_dev/ctr-apbernal/tt-metal/model_cache/meta-llama/Llama-3.3-70B-Instruct/TG/tensor_cache_instruct_bfp8/layers.57.attention_norm.weight_dtype_BFLOAT16_layout_ROW_MAJOR.tensorbin of shape Shape([1, 1, 256, 32])
2026-08-29 09:29:06.052 | DEBUG    | core:as_tensor:724 - Loaded cache for /proj_sw/user_dev/ctr-apbernal/tt-metal/model_cache/meta-llama/Llama-3.3-70B-Instruct/TG/tensor_cache_instruct_bfp8/layers.57.attention_norm.weight_distributed_dtype_BFLOAT16_layout_ROW_MAJOR.tensorbin of shape Shape([1, 1, 64, 32])
2026-08-29 09:29:06.054 | DEBUG    | core:as_tensor:724 - Loaded cache for /proj_sw/user_dev/ctr-apbernal/tt-metal/model_cache/meta-llama/Llama-3.3-70B-Instruct/TG/tensor_cache_instruct_bfp8/layers.57.ffn_norm.weight_dtype_BFLOAT16_layout_ROW_MAJOR.tensorbin of shape Shape([1, 1, 256, 32])
2026-08-29 09:29:06.056 | DEBUG    | core:as_tensor:724 - Loaded cache for /proj_sw/user_dev/ctr-apbernal/tt-metal/model_cache/meta-llama/Llama-3.3-70B-Instruct/TG/tensor_cache_instruct_bfp8/layers.57.ffn_norm.weight_distributed_dtype_BFLOAT16_layout_ROW_MAJOR.tensorbin of shape Shape([1, 1, 64, 32])
 72%|███████▎  | 58/80 [03:58<01:30,  4.11s/it]2026-08-29 09:29:06.315 | DEBUG    | core:as_tensor:724 - Loaded cache for /proj_sw/user_dev/ctr-apbernal/tt-metal/model_cache/meta-llama/Llama-3.3-70B-Instruct/TG/tensor_cache_instruct_bfp8/layers.58.attention.wqkv_sharded_2d_prefetcher_dtype_BFLOAT8_B_layout_TILE.tensorbin of shape Shape([1, 1, 2048, 1280])
2026-08-29 09:29:06.532 | DEBUG    | core:as_tensor:724 - Loaded cache for /proj_sw/user_dev/ctr-apbernal/tt-metal/model_cache/meta-llama/Llama-3.3-70B-Instruct/TG/tensor_cache_instruct_bfp8/layers.58.attention.wqkv_sharded_2d_dram_dtype_BFLOAT8_B_layout_TILE.tensorbin of shape Shape([1, 1, 2048, 1280])
2026-08-29 09:29:06.880 | DEBUG    | core:as_tensor:724 - Loaded cache for /proj_sw/user_dev/ctr-apbernal/tt-metal/model_cache/meta-llama/Llama-3.3-70B-Instruct/TG/tensor_cache_instruct_bfp8/layers.58.attention.wo_width_sharded_2d_prefetcher_dtype_BFLOAT8_B_layout_TILE.tensorbin of shape Shape([1, 1, 1024, 2048])
2026-08-29 09:29:07.207 | DEBUG    | core:as_tensor:724 - Loaded cache for /proj_sw/user_dev/ctr-apbernal/tt-metal/model_cache/meta-llama/Llama-3.3-70B-Instruct/TG/tensor_cache_instruct_bfp8/layers.58.attention.wo_width_sharded_2d_dram_dtype_BFLOAT8_B_layout_TILE.tensorbin of shape Shape([1, 1, 1024, 2048])
2026-08-29 09:29:07.654 | DEBUG    | core:as_tensor:724 - Loaded cache for /proj_sw/user_dev/ctr-apbernal/tt-metal/model_cache/meta-llama/Llama-3.3-70B-Instruct/TG/tensor_cache_instruct_bfp8/layers.58.attention.wo_col_sharded_dram_dtype_BFLOAT8_B_layout_TILE.tensorbin of shape Shape([1, 1, 8192, 2048])
2026-08-29 09:29:07.671 | DEBUG    | core:as_tensor:724 - Loaded cache for /proj_sw/user_dev/ctr-apbernal/tt-metal/model_cache/meta-llama/Llama-3.3-70B-Instruct/TG/tensor_cache_instruct_bfp8/kvcache_torch.Size([2048, 1, 64, 128])_dtype_BFLOAT8_B_layout_TILE.tensorbin of shape Shape([2048, 1, 64, 128])
2026-08-29 09:29:07.680 | DEBUG    | core:as_tensor:724 - Loaded cache for /proj_sw/user_dev/ctr-apbernal/tt-metal/model_cache/meta-llama/Llama-3.3-70B-Instruct/TG/tensor_cache_instruct_bfp8/kvcache_torch.Size([2048, 1, 64, 128])_dtype_BFLOAT8_B_layout_TILE.tensorbin of shape Shape([2048, 1, 64, 128])
2026-08-29 09:29:08.012 | DEBUG    | core:as_tensor:724 - Loaded cache for /proj_sw/user_dev/ctr-apbernal/tt-metal/model_cache/meta-llama/Llama-3.3-70B-Instruct/TG/tensor_cache_instruct_bfp8/layers.58.feed_forward.w1_shardedprefetcher_dtype_BFLOAT4_B_layout_TILE.tensorbin of shape Shape([1, 1, 2048, 3584])
2026-08-29 09:29:08.517 | DEBUG    | core:as_tensor:724 - Loaded cache for /proj_sw/user_dev/ctr-apbernal/tt-metal/model_cache/meta-llama/Llama-3.3-70B-Instruct/TG/tensor_cache_instruct_bfp8/layers.58.feed_forward.w2_shardedprefetcher_dtype_BFLOAT8_B_layout_TILE.tensorbin of shape Shape([1, 1, 3584, 2048])
2026-08-29 09:29:08.821 | DEBUG    | core:as_tensor:724 - Loaded cache for /proj_sw/user_dev/ctr-apbernal/tt-metal/model_cache/meta-llama/Llama-3.3-70B-Instruct/TG/tensor_cache_instruct_bfp8/layers.58.feed_forward.w3_shardedprefetcher_dtype_BFLOAT4_B_layout_TILE.tensorbin of shape Shape([1, 1, 2048, 3584])
2026-08-29 09:29:09.160 | DEBUG    | core:as_tensor:724 - Loaded cache for /proj_sw/user_dev/ctr-apbernal/tt-metal/model_cache/meta-llama/Llama-3.3-70B-Instruct/TG/tensor_cache_instruct_bfp8/layers.58.feed_forward.w1_interleavedprefetcher_dtype_BFLOAT4_B_layout_TILE.tensorbin of shape Shape([1, 1, 2048, 3584])
2026-08-29 09:29:09.659 | DEBUG    | core:as_tensor:724 - Loaded cache for /proj_sw/user_dev/ctr-apbernal/tt-metal/model_cache/meta-llama/Llama-3.3-70B-Instruct/TG/tensor_cache_instruct_bfp8/layers.58.feed_forward.w2_interleavedprefetcher_dtype_BFLOAT8_B_layout_TILE.tensorbin of shape Shape([1, 1, 3584, 2048])
2026-08-29 09:29:09.959 | DEBUG    | core:as_tensor:724 - Loaded cache for /proj_sw/user_dev/ctr-apbernal/tt-metal/model_cache/meta-llama/Llama-3.3-70B-Instruct/TG/tensor_cache_instruct_bfp8/layers.58.feed_forward.w3_interleavedprefetcher_dtype_BFLOAT4_B_layout_TILE.tensorbin of shape Shape([1, 1, 2048, 3584])
2026-08-29 09:29:09.962 | DEBUG    | core:as_tensor:724 - Loaded cache for /proj_sw/user_dev/ctr-apbernal/tt-metal/model_cache/meta-llama/Llama-3.3-70B-Instruct/TG/tensor_cache_instruct_bfp8/layers.58.attention_norm.weight_dtype_BFLOAT16_layout_ROW_MAJOR.tensorbin of shape Shape([1, 1, 256, 32])
2026-08-29 09:29:09.964 | DEBUG    | core:as_tensor:724 - Loaded cache for /proj_sw/user_dev/ctr-apbernal/tt-metal/model_cache/meta-llama/Llama-3.3-70B-Instruct/TG/tensor_cache_instruct_bfp8/layers.58.attention_norm.weight_distributed_dtype_BFLOAT16_layout_ROW_MAJOR.tensorbin of shape Shape([1, 1, 64, 32])
2026-08-29 09:29:09.966 | DEBUG    | core:as_tensor:724 - Loaded cache for /proj_sw/user_dev/ctr-apbernal/tt-metal/model_cache/meta-llama/Llama-3.3-70B-Instruct/TG/tensor_cache_instruct_bfp8/layers.58.ffn_norm.weight_dtype_BFLOAT16_layout_ROW_MAJOR.tensorbin of shape Shape([1, 1, 256, 32])
2026-08-29 09:29:09.968 | DEBUG    | core:as_tensor:724 - Loaded cache for /proj_sw/user_dev/ctr-apbernal/tt-metal/model_cache/meta-llama/Llama-3.3-70B-Instruct/TG/tensor_cache_instruct_bfp8/layers.58.ffn_norm.weight_distributed_dtype_BFLOAT16_layout_ROW_MAJOR.tensorbin of shape Shape([1, 1, 64, 32])
 74%|███████▍  | 59/80 [04:02<01:25,  4.05s/it]2026-08-29 09:29:10.358 | DEBUG    | core:as_tensor:724 - Loaded cache for /proj_sw/user_dev/ctr-apbernal/tt-metal/model_cache/meta-llama/Llama-3.3-70B-Instruct/TG/tensor_cache_instruct_bfp8/layers.59.attention.wqkv_sharded_2d_prefetcher_dtype_BFLOAT8_B_layout_TILE.tensorbin of shape Shape([1, 1, 2048, 1280])
2026-08-29 09:29:10.718 | DEBUG    | core:as_tensor:724 - Loaded cache for /proj_sw/user_dev/ctr-apbernal/tt-metal/model_cache/meta-llama/Llama-3.3-70B-Instruct/TG/tensor_cache_instruct_bfp8/layers.59.attention.wqkv_sharded_2d_dram_dtype_BFLOAT8_B_layout_TILE.tensorbin of shape Shape([1, 1, 2048, 1280])
2026-08-29 09:29:11.023 | DEBUG    | core:as_tensor:724 - Loaded cache for /proj_sw/user_dev/ctr-apbernal/tt-metal/model_cache/meta-llama/Llama-3.3-70B-Instruct/TG/tensor_cache_instruct_bfp8/layers.59.attention.wo_width_sharded_2d_prefetcher_dtype_BFLOAT8_B_layout_TILE.tensorbin of shape Shape([1, 1, 1024, 2048])
2026-08-29 09:29:11.302 | DEBUG    | core:as_tensor:724 - Loaded cache for /proj_sw/user_dev/ctr-apbernal/tt-metal/model_cache/meta-llama/Llama-3.3-70B-Instruct/TG/tensor_cache_instruct_bfp8/layers.59.attention.wo_width_sharded_2d_dram_dtype_BFLOAT8_B_layout_TILE.tensorbin of shape Shape([1, 1, 1024, 2048])
2026-08-29 09:29:11.675 | DEBUG    | core:as_tensor:724 - Loaded cache for /proj_sw/user_dev/ctr-apbernal/tt-metal/model_cache/meta-llama/Llama-3.3-70B-Instruct/TG/tensor_cache_instruct_bfp8/layers.59.attention.wo_col_sharded_dram_dtype_BFLOAT8_B_layout_TILE.tensorbin of shape Shape([1, 1, 8192, 2048])
2026-08-29 09:29:11.689 | DEBUG    | core:as_tensor:724 - Loaded cache for /proj_sw/user_dev/ctr-apbernal/tt-metal/model_cache/meta-llama/Llama-3.3-70B-Instruct/TG/tensor_cache_instruct_bfp8/kvcache_torch.Size([2048, 1, 64, 128])_dtype_BFLOAT8_B_layout_TILE.tensorbin of shape Shape([2048, 1, 64, 128])
2026-08-29 09:29:11.696 | DEBUG    | core:as_tensor:724 - Loaded cache for /proj_sw/user_dev/ctr-apbernal/tt-metal/model_cache/meta-llama/Llama-3.3-70B-Instruct/TG/tensor_cache_instruct_bfp8/kvcache_torch.Size([2048, 1, 64, 128])_dtype_BFLOAT8_B_layout_TILE.tensorbin of shape Shape([2048, 1, 64, 128])
2026-08-29 09:29:12.143 | DEBUG    | core:as_tensor:724 - Loaded cache for /proj_sw/user_dev/ctr-apbernal/tt-metal/model_cache/meta-llama/Llama-3.3-70B-Instruct/TG/tensor_cache_instruct_bfp8/layers.59.feed_forward.w1_shardedprefetcher_dtype_BFLOAT4_B_layout_TILE.tensorbin of shape Shape([1, 1, 2048, 3584])
2026-08-29 09:29:12.638 | DEBUG    | core:as_tensor:724 - Loaded cache for /proj_sw/user_dev/ctr-apbernal/tt-metal/model_cache/meta-llama/Llama-3.3-70B-Instruct/TG/tensor_cache_instruct_bfp8/layers.59.feed_forward.w2_shardedprefetcher_dtype_BFLOAT8_B_layout_TILE.tensorbin of shape Shape([1, 1, 3584, 2048])
2026-08-29 09:29:12.922 | DEBUG    | core:as_tensor:724 - Loaded cache for /proj_sw/user_dev/ctr-apbernal/tt-metal/model_cache/meta-llama/Llama-3.3-70B-Instruct/TG/tensor_cache_instruct_bfp8/layers.59.feed_forward.w3_shardedprefetcher_dtype_BFLOAT4_B_layout_TILE.tensorbin of shape Shape([1, 1, 2048, 3584])
2026-08-29 09:29:13.218 | DEBUG    | core:as_tensor:724 - Loaded cache for /proj_sw/user_dev/ctr-apbernal/tt-metal/model_cache/meta-llama/Llama-3.3-70B-Instruct/TG/tensor_cache_instruct_bfp8/layers.59.feed_forward.w1_interleavedprefetcher_dtype_BFLOAT4_B_layout_TILE.tensorbin of shape Shape([1, 1, 2048, 3584])
2026-08-29 09:29:13.716 | DEBUG    | core:as_tensor:724 - Loaded cache for /proj_sw/user_dev/ctr-apbernal/tt-metal/model_cache/meta-llama/Llama-3.3-70B-Instruct/TG/tensor_cache_instruct_bfp8/layers.59.feed_forward.w2_interleavedprefetcher_dtype_BFLOAT8_B_layout_TILE.tensorbin of shape Shape([1, 1, 3584, 2048])
2026-08-29 09:29:14.193 | DEBUG    | core:as_tensor:724 - Loaded cache for /proj_sw/user_dev/ctr-apbernal/tt-metal/model_cache/meta-llama/Llama-3.3-70B-Instruct/TG/tensor_cache_instruct_bfp8/layers.59.feed_forward.w3_interleavedprefetcher_dtype_BFLOAT4_B_layout_TILE.tensorbin of shape Shape([1, 1, 2048, 3584])
2026-08-29 09:29:14.196 | DEBUG    | core:as_tensor:724 - Loaded cache for /proj_sw/user_dev/ctr-apbernal/tt-metal/model_cache/meta-llama/Llama-3.3-70B-Instruct/TG/tensor_cache_instruct_bfp8/layers.59.attention_norm.weight_dtype_BFLOAT16_layout_ROW_MAJOR.tensorbin of shape Shape([1, 1, 256, 32])
2026-08-29 09:29:14.198 | DEBUG    | core:as_tensor:724 - Loaded cache for /proj_sw/user_dev/ctr-apbernal/tt-metal/model_cache/meta-llama/Llama-3.3-70B-Instruct/TG/tensor_cache_instruct_bfp8/layers.59.attention_norm.weight_distributed_dtype_BFLOAT16_layout_ROW_MAJOR.tensorbin of shape Shape([1, 1, 64, 32])
2026-08-29 09:29:14.201 | DEBUG    | core:as_tensor:724 - Loaded cache for /proj_sw/user_dev/ctr-apbernal/tt-metal/model_cache/meta-llama/Llama-3.3-70B-Instruct/TG/tensor_cache_instruct_bfp8/layers.59.ffn_norm.weight_dtype_BFLOAT16_layout_ROW_MAJOR.tensorbin of shape Shape([1, 1, 256, 32])
2026-08-29 09:29:14.203 | DEBUG    | core:as_tensor:724 - Loaded cache for /proj_sw/user_dev/ctr-apbernal/tt-metal/model_cache/meta-llama/Llama-3.3-70B-Instruct/TG/tensor_cache_instruct_bfp8/layers.59.ffn_norm.weight_distributed_dtype_BFLOAT16_layout_ROW_MAJOR.tensorbin of shape Shape([1, 1, 64, 32])
 75%|███████▌  | 60/80 [04:06<01:22,  4.11s/it]2026-08-29 09:29:14.603 | DEBUG    | core:as_tensor:724 - Loaded cache for /proj_sw/user_dev/ctr-apbernal/tt-metal/model_cache/meta-llama/Llama-3.3-70B-Instruct/TG/tensor_cache_instruct_bfp8/layers.60.attention.wqkv_sharded_2d_prefetcher_dtype_BFLOAT8_B_layout_TILE.tensorbin of shape Shape([1, 1, 2048, 1280])
2026-08-29 09:29:14.850 | DEBUG    | core:as_tensor:724 - Loaded cache for /proj_sw/user_dev/ctr-apbernal/tt-metal/model_cache/meta-llama/Llama-3.3-70B-Instruct/TG/tensor_cache_instruct_bfp8/layers.60.attention.wqkv_sharded_2d_dram_dtype_BFLOAT8_B_layout_TILE.tensorbin of shape Shape([1, 1, 2048, 1280])
2026-08-29 09:29:15.184 | DEBUG    | core:as_tensor:724 - Loaded cache for /proj_sw/user_dev/ctr-apbernal/tt-metal/model_cache/meta-llama/Llama-3.3-70B-Instruct/TG/tensor_cache_instruct_bfp8/layers.60.attention.wo_width_sharded_2d_prefetcher_dtype_BFLOAT8_B_layout_TILE.tensorbin of shape Shape([1, 1, 1024, 2048])
2026-08-29 09:29:15.528 | DEBUG    | core:as_tensor:724 - Loaded cache for /proj_sw/user_dev/ctr-apbernal/tt-metal/model_cache/meta-llama/Llama-3.3-70B-Instruct/TG/tensor_cache_instruct_bfp8/layers.60.attention.wo_width_sharded_2d_dram_dtype_BFLOAT8_B_layout_TILE.tensorbin of shape Shape([1, 1, 1024, 2048])
2026-08-29 09:29:15.899 | DEBUG    | core:as_tensor:724 - Loaded cache for /proj_sw/user_dev/ctr-apbernal/tt-metal/model_cache/meta-llama/Llama-3.3-70B-Instruct/TG/tensor_cache_instruct_bfp8/layers.60.attention.wo_col_sharded_dram_dtype_BFLOAT8_B_layout_TILE.tensorbin of shape Shape([1, 1, 8192, 2048])
2026-08-29 09:29:15.913 | DEBUG    | core:as_tensor:724 - Loaded cache for /proj_sw/user_dev/ctr-apbernal/tt-metal/model_cache/meta-llama/Llama-3.3-70B-Instruct/TG/tensor_cache_instruct_bfp8/kvcache_torch.Size([2048, 1, 64, 128])_dtype_BFLOAT8_B_layout_TILE.tensorbin of shape Shape([2048, 1, 64, 128])
2026-08-29 09:29:15.921 | DEBUG    | core:as_tensor:724 - Loaded cache for /proj_sw/user_dev/ctr-apbernal/tt-metal/model_cache/meta-llama/Llama-3.3-70B-Instruct/TG/tensor_cache_instruct_bfp8/kvcache_torch.Size([2048, 1, 64, 128])_dtype_BFLOAT8_B_layout_TILE.tensorbin of shape Shape([2048, 1, 64, 128])
2026-08-29 09:29:16.233 | DEBUG    | core:as_tensor:724 - Loaded cache for /proj_sw/user_dev/ctr-apbernal/tt-metal/model_cache/meta-llama/Llama-3.3-70B-Instruct/TG/tensor_cache_instruct_bfp8/layers.60.feed_forward.w1_shardedprefetcher_dtype_BFLOAT4_B_layout_TILE.tensorbin of shape Shape([1, 1, 2048, 3584])
2026-08-29 09:29:16.740 | DEBUG    | core:as_tensor:724 - Loaded cache for /proj_sw/user_dev/ctr-apbernal/tt-metal/model_cache/meta-llama/Llama-3.3-70B-Instruct/TG/tensor_cache_instruct_bfp8/layers.60.feed_forward.w2_shardedprefetcher_dtype_BFLOAT8_B_layout_TILE.tensorbin of shape Shape([1, 1, 3584, 2048])
2026-08-29 09:29:17.043 | DEBUG    | core:as_tensor:724 - Loaded cache for /proj_sw/user_dev/ctr-apbernal/tt-metal/model_cache/meta-llama/Llama-3.3-70B-Instruct/TG/tensor_cache_instruct_bfp8/layers.60.feed_forward.w3_shardedprefetcher_dtype_BFLOAT4_B_layout_TILE.tensorbin of shape Shape([1, 1, 2048, 3584])
2026-08-29 09:29:17.517 | DEBUG    | core:as_tensor:724 - Loaded cache for /proj_sw/user_dev/ctr-apbernal/tt-metal/model_cache/meta-llama/Llama-3.3-70B-Instruct/TG/tensor_cache_instruct_bfp8/layers.60.feed_forward.w1_interleavedprefetcher_dtype_BFLOAT4_B_layout_TILE.tensorbin of shape Shape([1, 1, 2048, 3584])
2026-08-29 09:29:18.013 | DEBUG    | core:as_tensor:724 - Loaded cache for /proj_sw/user_dev/ctr-apbernal/tt-metal/model_cache/meta-llama/Llama-3.3-70B-Instruct/TG/tensor_cache_instruct_bfp8/layers.60.feed_forward.w2_interleavedprefetcher_dtype_BFLOAT8_B_layout_TILE.tensorbin of shape Shape([1, 1, 3584, 2048])
2026-08-29 09:29:18.394 | DEBUG    | core:as_tensor:724 - Loaded cache for /proj_sw/user_dev/ctr-apbernal/tt-metal/model_cache/meta-llama/Llama-3.3-70B-Instruct/TG/tensor_cache_instruct_bfp8/layers.60.feed_forward.w3_interleavedprefetcher_dtype_BFLOAT4_B_layout_TILE.tensorbin of shape Shape([1, 1, 2048, 3584])
2026-08-29 09:29:18.397 | DEBUG    | core:as_tensor:724 - Loaded cache for /proj_sw/user_dev/ctr-apbernal/tt-metal/model_cache/meta-llama/Llama-3.3-70B-Instruct/TG/tensor_cache_instruct_bfp8/layers.60.attention_norm.weight_dtype_BFLOAT16_layout_ROW_MAJOR.tensorbin of shape Shape([1, 1, 256, 32])
2026-08-29 09:29:18.399 | DEBUG    | core:as_tensor:724 - Loaded cache for /proj_sw/user_dev/ctr-apbernal/tt-metal/model_cache/meta-llama/Llama-3.3-70B-Instruct/TG/tensor_cache_instruct_bfp8/layers.60.attention_norm.weight_distributed_dtype_BFLOAT16_layout_ROW_MAJOR.tensorbin of shape Shape([1, 1, 64, 32])
2026-08-29 09:29:18.401 | DEBUG    | core:as_tensor:724 - Loaded cache for /proj_sw/user_dev/ctr-apbernal/tt-metal/model_cache/meta-llama/Llama-3.3-70B-Instruct/TG/tensor_cache_instruct_bfp8/layers.60.ffn_norm.weight_dtype_BFLOAT16_layout_ROW_MAJOR.tensorbin of shape Shape([1, 1, 256, 32])
2026-08-29 09:29:18.403 | DEBUG    | core:as_tensor:724 - Loaded cache for /proj_sw/user_dev/ctr-apbernal/tt-metal/model_cache/meta-llama/Llama-3.3-70B-Instruct/TG/tensor_cache_instruct_bfp8/layers.60.ffn_norm.weight_distributed_dtype_BFLOAT16_layout_ROW_MAJOR.tensorbin of shape Shape([1, 1, 64, 32])
 76%|███████▋  | 61/80 [04:11<01:18,  4.14s/it]2026-08-29 09:29:18.786 | DEBUG    | core:as_tensor:724 - Loaded cache for /proj_sw/user_dev/ctr-apbernal/tt-metal/model_cache/meta-llama/Llama-3.3-70B-Instruct/TG/tensor_cache_instruct_bfp8/layers.61.attention.wqkv_sharded_2d_prefetcher_dtype_BFLOAT8_B_layout_TILE.tensorbin of shape Shape([1, 1, 2048, 1280])
2026-08-29 09:29:19.153 | DEBUG    | core:as_tensor:724 - Loaded cache for /proj_sw/user_dev/ctr-apbernal/tt-metal/model_cache/meta-llama/Llama-3.3-70B-Instruct/TG/tensor_cache_instruct_bfp8/layers.61.attention.wqkv_sharded_2d_dram_dtype_BFLOAT8_B_layout_TILE.tensorbin of shape Shape([1, 1, 2048, 1280])
2026-08-29 09:29:19.481 | DEBUG    | core:as_tensor:724 - Loaded cache for /proj_sw/user_dev/ctr-apbernal/tt-metal/model_cache/meta-llama/Llama-3.3-70B-Instruct/TG/tensor_cache_instruct_bfp8/layers.61.attention.wo_width_sharded_2d_prefetcher_dtype_BFLOAT8_B_layout_TILE.tensorbin of shape Shape([1, 1, 1024, 2048])
2026-08-29 09:29:19.803 | DEBUG    | core:as_tensor:724 - Loaded cache for /proj_sw/user_dev/ctr-apbernal/tt-metal/model_cache/meta-llama/Llama-3.3-70B-Instruct/TG/tensor_cache_instruct_bfp8/layers.61.attention.wo_width_sharded_2d_dram_dtype_BFLOAT8_B_layout_TILE.tensorbin of shape Shape([1, 1, 1024, 2048])
2026-08-29 09:29:20.125 | DEBUG    | core:as_tensor:724 - Loaded cache for /proj_sw/user_dev/ctr-apbernal/tt-metal/model_cache/meta-llama/Llama-3.3-70B-Instruct/TG/tensor_cache_instruct_bfp8/layers.61.attention.wo_col_sharded_dram_dtype_BFLOAT8_B_layout_TILE.tensorbin of shape Shape([1, 1, 8192, 2048])
2026-08-29 09:29:20.140 | DEBUG    | core:as_tensor:724 - Loaded cache for /proj_sw/user_dev/ctr-apbernal/tt-metal/model_cache/meta-llama/Llama-3.3-70B-Instruct/TG/tensor_cache_instruct_bfp8/kvcache_torch.Size([2048, 1, 64, 128])_dtype_BFLOAT8_B_layout_TILE.tensorbin of shape Shape([2048, 1, 64, 128])
2026-08-29 09:29:20.148 | DEBUG    | core:as_tensor:724 - Loaded cache for /proj_sw/user_dev/ctr-apbernal/tt-metal/model_cache/meta-llama/Llama-3.3-70B-Instruct/TG/tensor_cache_instruct_bfp8/kvcache_torch.Size([2048, 1, 64, 128])_dtype_BFLOAT8_B_layout_TILE.tensorbin of shape Shape([2048, 1, 64, 128])
2026-08-29 09:29:20.463 | DEBUG    | core:as_tensor:724 - Loaded cache for /proj_sw/user_dev/ctr-apbernal/tt-metal/model_cache/meta-llama/Llama-3.3-70B-Instruct/TG/tensor_cache_instruct_bfp8/layers.61.feed_forward.w1_shardedprefetcher_dtype_BFLOAT4_B_layout_TILE.tensorbin of shape Shape([1, 1, 2048, 3584])
2026-08-29 09:29:20.967 | DEBUG    | core:as_tensor:724 - Loaded cache for /proj_sw/user_dev/ctr-apbernal/tt-metal/model_cache/meta-llama/Llama-3.3-70B-Instruct/TG/tensor_cache_instruct_bfp8/layers.61.feed_forward.w2_shardedprefetcher_dtype_BFLOAT8_B_layout_TILE.tensorbin of shape Shape([1, 1, 3584, 2048])
2026-08-29 09:29:21.260 | DEBUG    | core:as_tensor:724 - Loaded cache for /proj_sw/user_dev/ctr-apbernal/tt-metal/model_cache/meta-llama/Llama-3.3-70B-Instruct/TG/tensor_cache_instruct_bfp8/layers.61.feed_forward.w3_shardedprefetcher_dtype_BFLOAT4_B_layout_TILE.tensorbin of shape Shape([1, 1, 2048, 3584])
2026-08-29 09:29:21.542 | DEBUG    | core:as_tensor:724 - Loaded cache for /proj_sw/user_dev/ctr-apbernal/tt-metal/model_cache/meta-llama/Llama-3.3-70B-Instruct/TG/tensor_cache_instruct_bfp8/layers.61.feed_forward.w1_interleavedprefetcher_dtype_BFLOAT4_B_layout_TILE.tensorbin of shape Shape([1, 1, 2048, 3584])
2026-08-29 09:29:22.052 | DEBUG    | core:as_tensor:724 - Loaded cache for /proj_sw/user_dev/ctr-apbernal/tt-metal/model_cache/meta-llama/Llama-3.3-70B-Instruct/TG/tensor_cache_instruct_bfp8/layers.61.feed_forward.w2_interleavedprefetcher_dtype_BFLOAT8_B_layout_TILE.tensorbin of shape Shape([1, 1, 3584, 2048])
2026-08-29 09:29:22.353 | DEBUG    | core:as_tensor:724 - Loaded cache for /proj_sw/user_dev/ctr-apbernal/tt-metal/model_cache/meta-llama/Llama-3.3-70B-Instruct/TG/tensor_cache_instruct_bfp8/layers.61.feed_forward.w3_interleavedprefetcher_dtype_BFLOAT4_B_layout_TILE.tensorbin of shape Shape([1, 1, 2048, 3584])
2026-08-29 09:29:22.359 | DEBUG    | core:as_tensor:724 - Loaded cache for /proj_sw/user_dev/ctr-apbernal/tt-metal/model_cache/meta-llama/Llama-3.3-70B-Instruct/TG/tensor_cache_instruct_bfp8/layers.61.attention_norm.weight_dtype_BFLOAT16_layout_ROW_MAJOR.tensorbin of shape Shape([1, 1, 256, 32])
2026-08-29 09:29:22.361 | DEBUG    | core:as_tensor:724 - Loaded cache for /proj_sw/user_dev/ctr-apbernal/tt-metal/model_cache/meta-llama/Llama-3.3-70B-Instruct/TG/tensor_cache_instruct_bfp8/layers.61.attention_norm.weight_distributed_dtype_BFLOAT16_layout_ROW_MAJOR.tensorbin of shape Shape([1, 1, 64, 32])
2026-08-29 09:29:22.363 | DEBUG    | core:as_tensor:724 - Loaded cache for /proj_sw/user_dev/ctr-apbernal/tt-metal/model_cache/meta-llama/Llama-3.3-70B-Instruct/TG/tensor_cache_instruct_bfp8/layers.61.ffn_norm.weight_dtype_BFLOAT16_layout_ROW_MAJOR.tensorbin of shape Shape([1, 1, 256, 32])
2026-08-29 09:29:22.365 | DEBUG    | core:as_tensor:724 - Loaded cache for /proj_sw/user_dev/ctr-apbernal/tt-metal/model_cache/meta-llama/Llama-3.3-70B-Instruct/TG/tensor_cache_instruct_bfp8/layers.61.ffn_norm.weight_distributed_dtype_BFLOAT16_layout_ROW_MAJOR.tensorbin of shape Shape([1, 1, 64, 32])
 78%|███████▊  | 62/80 [04:14<01:13,  4.08s/it]2026-08-29 09:29:22.735 | DEBUG    | core:as_tensor:724 - Loaded cache for /proj_sw/user_dev/ctr-apbernal/tt-metal/model_cache/meta-llama/Llama-3.3-70B-Instruct/TG/tensor_cache_instruct_bfp8/layers.62.attention.wqkv_sharded_2d_prefetcher_dtype_BFLOAT8_B_layout_TILE.tensorbin of shape Shape([1, 1, 2048, 1280])
2026-08-29 09:29:23.017 | DEBUG    | core:as_tensor:724 - Loaded cache for /proj_sw/user_dev/ctr-apbernal/tt-metal/model_cache/meta-llama/Llama-3.3-70B-Instruct/TG/tensor_cache_instruct_bfp8/layers.62.attention.wqkv_sharded_2d_dram_dtype_BFLOAT8_B_layout_TILE.tensorbin of shape Shape([1, 1, 2048, 1280])
2026-08-29 09:29:23.341 | DEBUG    | core:as_tensor:724 - Loaded cache for /proj_sw/user_dev/ctr-apbernal/tt-metal/model_cache/meta-llama/Llama-3.3-70B-Instruct/TG/tensor_cache_instruct_bfp8/layers.62.attention.wo_width_sharded_2d_prefetcher_dtype_BFLOAT8_B_layout_TILE.tensorbin of shape Shape([1, 1, 1024, 2048])
2026-08-29 09:29:23.657 | DEBUG    | core:as_tensor:724 - Loaded cache for /proj_sw/user_dev/ctr-apbernal/tt-metal/model_cache/meta-llama/Llama-3.3-70B-Instruct/TG/tensor_cache_instruct_bfp8/layers.62.attention.wo_width_sharded_2d_dram_dtype_BFLOAT8_B_layout_TILE.tensorbin of shape Shape([1, 1, 1024, 2048])
2026-08-29 09:29:23.949 | DEBUG    | core:as_tensor:724 - Loaded cache for /proj_sw/user_dev/ctr-apbernal/tt-metal/model_cache/meta-llama/Llama-3.3-70B-Instruct/TG/tensor_cache_instruct_bfp8/layers.62.attention.wo_col_sharded_dram_dtype_BFLOAT8_B_layout_TILE.tensorbin of shape Shape([1, 1, 8192, 2048])
2026-08-29 09:29:23.963 | DEBUG    | core:as_tensor:724 - Loaded cache for /proj_sw/user_dev/ctr-apbernal/tt-metal/model_cache/meta-llama/Llama-3.3-70B-Instruct/TG/tensor_cache_instruct_bfp8/kvcache_torch.Size([2048, 1, 64, 128])_dtype_BFLOAT8_B_layout_TILE.tensorbin of shape Shape([2048, 1, 64, 128])
2026-08-29 09:29:23.971 | DEBUG    | core:as_tensor:724 - Loaded cache for /proj_sw/user_dev/ctr-apbernal/tt-metal/model_cache/meta-llama/Llama-3.3-70B-Instruct/TG/tensor_cache_instruct_bfp8/kvcache_torch.Size([2048, 1, 64, 128])_dtype_BFLOAT8_B_layout_TILE.tensorbin of shape Shape([2048, 1, 64, 128])
2026-08-29 09:29:24.293 | DEBUG    | core:as_tensor:724 - Loaded cache for /proj_sw/user_dev/ctr-apbernal/tt-metal/model_cache/meta-llama/Llama-3.3-70B-Instruct/TG/tensor_cache_instruct_bfp8/layers.62.feed_forward.w1_shardedprefetcher_dtype_BFLOAT4_B_layout_TILE.tensorbin of shape Shape([1, 1, 2048, 3584])
2026-08-29 09:29:24.786 | DEBUG    | core:as_tensor:724 - Loaded cache for /proj_sw/user_dev/ctr-apbernal/tt-metal/model_cache/meta-llama/Llama-3.3-70B-Instruct/TG/tensor_cache_instruct_bfp8/layers.62.feed_forward.w2_shardedprefetcher_dtype_BFLOAT8_B_layout_TILE.tensorbin of shape Shape([1, 1, 3584, 2048])
2026-08-29 09:29:25.093 | DEBUG    | core:as_tensor:724 - Loaded cache for /proj_sw/user_dev/ctr-apbernal/tt-metal/model_cache/meta-llama/Llama-3.3-70B-Instruct/TG/tensor_cache_instruct_bfp8/layers.62.feed_forward.w3_shardedprefetcher_dtype_BFLOAT4_B_layout_TILE.tensorbin of shape Shape([1, 1, 2048, 3584])
2026-08-29 09:29:25.633 | DEBUG    | core:as_tensor:724 - Loaded cache for /proj_sw/user_dev/ctr-apbernal/tt-metal/model_cache/meta-llama/Llama-3.3-70B-Instruct/TG/tensor_cache_instruct_bfp8/layers.62.feed_forward.w1_interleavedprefetcher_dtype_BFLOAT4_B_layout_TILE.tensorbin of shape Shape([1, 1, 2048, 3584])
2026-08-29 09:29:26.130 | DEBUG    | core:as_tensor:724 - Loaded cache for /proj_sw/user_dev/ctr-apbernal/tt-metal/model_cache/meta-llama/Llama-3.3-70B-Instruct/TG/tensor_cache_instruct_bfp8/layers.62.feed_forward.w2_interleavedprefetcher_dtype_BFLOAT8_B_layout_TILE.tensorbin of shape Shape([1, 1, 3584, 2048])
2026-08-29 09:29:26.548 | DEBUG    | core:as_tensor:724 - Loaded cache for /proj_sw/user_dev/ctr-apbernal/tt-metal/model_cache/meta-llama/Llama-3.3-70B-Instruct/TG/tensor_cache_instruct_bfp8/layers.62.feed_forward.w3_interleavedprefetcher_dtype_BFLOAT4_B_layout_TILE.tensorbin of shape Shape([1, 1, 2048, 3584])
2026-08-29 09:29:26.551 | DEBUG    | core:as_tensor:724 - Loaded cache for /proj_sw/user_dev/ctr-apbernal/tt-metal/model_cache/meta-llama/Llama-3.3-70B-Instruct/TG/tensor_cache_instruct_bfp8/layers.62.attention_norm.weight_dtype_BFLOAT16_layout_ROW_MAJOR.tensorbin of shape Shape([1, 1, 256, 32])
2026-08-29 09:29:26.553 | DEBUG    | core:as_tensor:724 - Loaded cache for /proj_sw/user_dev/ctr-apbernal/tt-metal/model_cache/meta-llama/Llama-3.3-70B-Instruct/TG/tensor_cache_instruct_bfp8/layers.62.attention_norm.weight_distributed_dtype_BFLOAT16_layout_ROW_MAJOR.tensorbin of shape Shape([1, 1, 64, 32])
2026-08-29 09:29:26.555 | DEBUG    | core:as_tensor:724 - Loaded cache for /proj_sw/user_dev/ctr-apbernal/tt-metal/model_cache/meta-llama/Llama-3.3-70B-Instruct/TG/tensor_cache_instruct_bfp8/layers.62.ffn_norm.weight_dtype_BFLOAT16_layout_ROW_MAJOR.tensorbin of shape Shape([1, 1, 256, 32])
2026-08-29 09:29:26.557 | DEBUG    | core:as_tensor:724 - Loaded cache for /proj_sw/user_dev/ctr-apbernal/tt-metal/model_cache/meta-llama/Llama-3.3-70B-Instruct/TG/tensor_cache_instruct_bfp8/layers.62.ffn_norm.weight_distributed_dtype_BFLOAT16_layout_ROW_MAJOR.tensorbin of shape Shape([1, 1, 64, 32])
 79%|███████▉  | 63/80 [04:19<01:09,  4.12s/it]2026-08-29 09:29:26.817 | DEBUG    | core:as_tensor:724 - Loaded cache for /proj_sw/user_dev/ctr-apbernal/tt-metal/model_cache/meta-llama/Llama-3.3-70B-Instruct/TG/tensor_cache_instruct_bfp8/layers.63.attention.wqkv_sharded_2d_prefetcher_dtype_BFLOAT8_B_layout_TILE.tensorbin of shape Shape([1, 1, 2048, 1280])
2026-08-29 09:29:27.168 | DEBUG    | core:as_tensor:724 - Loaded cache for /proj_sw/user_dev/ctr-apbernal/tt-metal/model_cache/meta-llama/Llama-3.3-70B-Instruct/TG/tensor_cache_instruct_bfp8/layers.63.attention.wqkv_sharded_2d_dram_dtype_BFLOAT8_B_layout_TILE.tensorbin of shape Shape([1, 1, 2048, 1280])
2026-08-29 09:29:27.493 | DEBUG    | core:as_tensor:724 - Loaded cache for /proj_sw/user_dev/ctr-apbernal/tt-metal/model_cache/meta-llama/Llama-3.3-70B-Instruct/TG/tensor_cache_instruct_bfp8/layers.63.attention.wo_width_sharded_2d_prefetcher_dtype_BFLOAT8_B_layout_TILE.tensorbin of shape Shape([1, 1, 1024, 2048])
2026-08-29 09:29:27.828 | DEBUG    | core:as_tensor:724 - Loaded cache for /proj_sw/user_dev/ctr-apbernal/tt-metal/model_cache/meta-llama/Llama-3.3-70B-Instruct/TG/tensor_cache_instruct_bfp8/layers.63.attention.wo_width_sharded_2d_dram_dtype_BFLOAT8_B_layout_TILE.tensorbin of shape Shape([1, 1, 1024, 2048])
2026-08-29 09:29:27.991 | DEBUG    | core:as_tensor:724 - Loaded cache for /proj_sw/user_dev/ctr-apbernal/tt-metal/model_cache/meta-llama/Llama-3.3-70B-Instruct/TG/tensor_cache_instruct_bfp8/layers.63.attention.wo_col_sharded_dram_dtype_BFLOAT8_B_layout_TILE.tensorbin of shape Shape([1, 1, 8192, 2048])
2026-08-29 09:29:28.005 | DEBUG    | core:as_tensor:724 - Loaded cache for /proj_sw/user_dev/ctr-apbernal/tt-metal/model_cache/meta-llama/Llama-3.3-70B-Instruct/TG/tensor_cache_instruct_bfp8/kvcache_torch.Size([2048, 1, 64, 128])_dtype_BFLOAT8_B_layout_TILE.tensorbin of shape Shape([2048, 1, 64, 128])
2026-08-29 09:29:28.014 | DEBUG    | core:as_tensor:724 - Loaded cache for /proj_sw/user_dev/ctr-apbernal/tt-metal/model_cache/meta-llama/Llama-3.3-70B-Instruct/TG/tensor_cache_instruct_bfp8/kvcache_torch.Size([2048, 1, 64, 128])_dtype_BFLOAT8_B_layout_TILE.tensorbin of shape Shape([2048, 1, 64, 128])
2026-08-29 09:29:28.464 | DEBUG    | core:as_tensor:724 - Loaded cache for /proj_sw/user_dev/ctr-apbernal/tt-metal/model_cache/meta-llama/Llama-3.3-70B-Instruct/TG/tensor_cache_instruct_bfp8/layers.63.feed_forward.w1_shardedprefetcher_dtype_BFLOAT4_B_layout_TILE.tensorbin of shape Shape([1, 1, 2048, 3584])
2026-08-29 09:29:28.974 | DEBUG    | core:as_tensor:724 - Loaded cache for /proj_sw/user_dev/ctr-apbernal/tt-metal/model_cache/meta-llama/Llama-3.3-70B-Instruct/TG/tensor_cache_instruct_bfp8/layers.63.feed_forward.w2_shardedprefetcher_dtype_BFLOAT8_B_layout_TILE.tensorbin of shape Shape([1, 1, 3584, 2048])
2026-08-29 09:29:29.473 | DEBUG    | core:as_tensor:724 - Loaded cache for /proj_sw/user_dev/ctr-apbernal/tt-metal/model_cache/meta-llama/Llama-3.3-70B-Instruct/TG/tensor_cache_instruct_bfp8/layers.63.feed_forward.w3_shardedprefetcher_dtype_BFLOAT4_B_layout_TILE.tensorbin of shape Shape([1, 1, 2048, 3584])
2026-08-29 09:29:29.824 | DEBUG    | core:as_tensor:724 - Loaded cache for /proj_sw/user_dev/ctr-apbernal/tt-metal/model_cache/meta-llama/Llama-3.3-70B-Instruct/TG/tensor_cache_instruct_bfp8/layers.63.feed_forward.w1_interleavedprefetcher_dtype_BFLOAT4_B_layout_TILE.tensorbin of shape Shape([1, 1, 2048, 3584])
2026-08-29 09:29:30.324 | DEBUG    | core:as_tensor:724 - Loaded cache for /proj_sw/user_dev/ctr-apbernal/tt-metal/model_cache/meta-llama/Llama-3.3-70B-Instruct/TG/tensor_cache_instruct_bfp8/layers.63.feed_forward.w2_interleavedprefetcher_dtype_BFLOAT8_B_layout_TILE.tensorbin of shape Shape([1, 1, 3584, 2048])
2026-08-29 09:29:30.614 | DEBUG    | core:as_tensor:724 - Loaded cache for /proj_sw/user_dev/ctr-apbernal/tt-metal/model_cache/meta-llama/Llama-3.3-70B-Instruct/TG/tensor_cache_instruct_bfp8/layers.63.feed_forward.w3_interleavedprefetcher_dtype_BFLOAT4_B_layout_TILE.tensorbin of shape Shape([1, 1, 2048, 3584])
2026-08-29 09:29:30.628 | DEBUG    | core:as_tensor:724 - Loaded cache for /proj_sw/user_dev/ctr-apbernal/tt-metal/model_cache/meta-llama/Llama-3.3-70B-Instruct/TG/tensor_cache_instruct_bfp8/layers.63.attention_norm.weight_dtype_BFLOAT16_layout_ROW_MAJOR.tensorbin of shape Shape([1, 1, 256, 32])
2026-08-29 09:29:30.630 | DEBUG    | core:as_tensor:724 - Loaded cache for /proj_sw/user_dev/ctr-apbernal/tt-metal/model_cache/meta-llama/Llama-3.3-70B-Instruct/TG/tensor_cache_instruct_bfp8/layers.63.attention_norm.weight_distributed_dtype_BFLOAT16_layout_ROW_MAJOR.tensorbin of shape Shape([1, 1, 64, 32])
2026-08-29 09:29:30.632 | DEBUG    | core:as_tensor:724 - Loaded cache for /proj_sw/user_dev/ctr-apbernal/tt-metal/model_cache/meta-llama/Llama-3.3-70B-Instruct/TG/tensor_cache_instruct_bfp8/layers.63.ffn_norm.weight_dtype_BFLOAT16_layout_ROW_MAJOR.tensorbin of shape Shape([1, 1, 256, 32])
2026-08-29 09:29:30.633 | DEBUG    | core:as_tensor:724 - Loaded cache for /proj_sw/user_dev/ctr-apbernal/tt-metal/model_cache/meta-llama/Llama-3.3-70B-Instruct/TG/tensor_cache_instruct_bfp8/layers.63.ffn_norm.weight_distributed_dtype_BFLOAT16_layout_ROW_MAJOR.tensorbin of shape Shape([1, 1, 64, 32])
 80%|████████  | 64/80 [04:23<01:05,  4.10s/it]2026-08-29 09:29:31.001 | DEBUG    | core:as_tensor:724 - Loaded cache for /proj_sw/user_dev/ctr-apbernal/tt-metal/model_cache/meta-llama/Llama-3.3-70B-Instruct/TG/tensor_cache_instruct_bfp8/layers.64.attention.wqkv_sharded_2d_prefetcher_dtype_BFLOAT8_B_layout_TILE.tensorbin of shape Shape([1, 1, 2048, 1280])
2026-08-29 09:29:31.359 | DEBUG    | core:as_tensor:724 - Loaded cache for /proj_sw/user_dev/ctr-apbernal/tt-metal/model_cache/meta-llama/Llama-3.3-70B-Instruct/TG/tensor_cache_instruct_bfp8/layers.64.attention.wqkv_sharded_2d_dram_dtype_BFLOAT8_B_layout_TILE.tensorbin of shape Shape([1, 1, 2048, 1280])
2026-08-29 09:29:31.623 | DEBUG    | core:as_tensor:724 - Loaded cache for /proj_sw/user_dev/ctr-apbernal/tt-metal/model_cache/meta-llama/Llama-3.3-70B-Instruct/TG/tensor_cache_instruct_bfp8/layers.64.attention.wo_width_sharded_2d_prefetcher_dtype_BFLOAT8_B_layout_TILE.tensorbin of shape Shape([1, 1, 1024, 2048])
2026-08-29 09:29:31.872 | DEBUG    | core:as_tensor:724 - Loaded cache for /proj_sw/user_dev/ctr-apbernal/tt-metal/model_cache/meta-llama/Llama-3.3-70B-Instruct/TG/tensor_cache_instruct_bfp8/layers.64.attention.wo_width_sharded_2d_dram_dtype_BFLOAT8_B_layout_TILE.tensorbin of shape Shape([1, 1, 1024, 2048])
2026-08-29 09:29:32.136 | DEBUG    | core:as_tensor:724 - Loaded cache for /proj_sw/user_dev/ctr-apbernal/tt-metal/model_cache/meta-llama/Llama-3.3-70B-Instruct/TG/tensor_cache_instruct_bfp8/layers.64.attention.wo_col_sharded_dram_dtype_BFLOAT8_B_layout_TILE.tensorbin of shape Shape([1, 1, 8192, 2048])
2026-08-29 09:29:32.150 | DEBUG    | core:as_tensor:724 - Loaded cache for /proj_sw/user_dev/ctr-apbernal/tt-metal/model_cache/meta-llama/Llama-3.3-70B-Instruct/TG/tensor_cache_instruct_bfp8/kvcache_torch.Size([2048, 1, 64, 128])_dtype_BFLOAT8_B_layout_TILE.tensorbin of shape Shape([2048, 1, 64, 128])
2026-08-29 09:29:32.159 | DEBUG    | core:as_tensor:724 - Loaded cache for /proj_sw/user_dev/ctr-apbernal/tt-metal/model_cache/meta-llama/Llama-3.3-70B-Instruct/TG/tensor_cache_instruct_bfp8/kvcache_torch.Size([2048, 1, 64, 128])_dtype_BFLOAT8_B_layout_TILE.tensorbin of shape Shape([2048, 1, 64, 128])
2026-08-29 09:29:32.693 | DEBUG    | core:as_tensor:724 - Loaded cache for /proj_sw/user_dev/ctr-apbernal/tt-metal/model_cache/meta-llama/Llama-3.3-70B-Instruct/TG/tensor_cache_instruct_bfp8/layers.64.feed_forward.w1_shardedprefetcher_dtype_BFLOAT4_B_layout_TILE.tensorbin of shape Shape([1, 1, 2048, 3584])
2026-08-29 09:29:33.200 | DEBUG    | core:as_tensor:724 - Loaded cache for /proj_sw/user_dev/ctr-apbernal/tt-metal/model_cache/meta-llama/Llama-3.3-70B-Instruct/TG/tensor_cache_instruct_bfp8/layers.64.feed_forward.w2_shardedprefetcher_dtype_BFLOAT8_B_layout_TILE.tensorbin of shape Shape([1, 1, 3584, 2048])
2026-08-29 09:29:33.478 | DEBUG    | core:as_tensor:724 - Loaded cache for /proj_sw/user_dev/ctr-apbernal/tt-metal/model_cache/meta-llama/Llama-3.3-70B-Instruct/TG/tensor_cache_instruct_bfp8/layers.64.feed_forward.w3_shardedprefetcher_dtype_BFLOAT4_B_layout_TILE.tensorbin of shape Shape([1, 1, 2048, 3584])
2026-08-29 09:29:33.897 | DEBUG    | core:as_tensor:724 - Loaded cache for /proj_sw/user_dev/ctr-apbernal/tt-metal/model_cache/meta-llama/Llama-3.3-70B-Instruct/TG/tensor_cache_instruct_bfp8/layers.64.feed_forward.w1_interleavedprefetcher_dtype_BFLOAT4_B_layout_TILE.tensorbin of shape Shape([1, 1, 2048, 3584])
2026-08-29 09:29:34.398 | DEBUG    | core:as_tensor:724 - Loaded cache for /proj_sw/user_dev/ctr-apbernal/tt-metal/model_cache/meta-llama/Llama-3.3-70B-Instruct/TG/tensor_cache_instruct_bfp8/layers.64.feed_forward.w2_interleavedprefetcher_dtype_BFLOAT8_B_layout_TILE.tensorbin of shape Shape([1, 1, 3584, 2048])
2026-08-29 09:29:34.899 | DEBUG    | core:as_tensor:724 - Loaded cache for /proj_sw/user_dev/ctr-apbernal/tt-metal/model_cache/meta-llama/Llama-3.3-70B-Instruct/TG/tensor_cache_instruct_bfp8/layers.64.feed_forward.w3_interleavedprefetcher_dtype_BFLOAT4_B_layout_TILE.tensorbin of shape Shape([1, 1, 2048, 3584])
2026-08-29 09:29:34.905 | DEBUG    | core:as_tensor:724 - Loaded cache for /proj_sw/user_dev/ctr-apbernal/tt-metal/model_cache/meta-llama/Llama-3.3-70B-Instruct/TG/tensor_cache_instruct_bfp8/layers.64.attention_norm.weight_dtype_BFLOAT16_layout_ROW_MAJOR.tensorbin of shape Shape([1, 1, 256, 32])
2026-08-29 09:29:34.907 | DEBUG    | core:as_tensor:724 - Loaded cache for /proj_sw/user_dev/ctr-apbernal/tt-metal/model_cache/meta-llama/Llama-3.3-70B-Instruct/TG/tensor_cache_instruct_bfp8/layers.64.attention_norm.weight_distributed_dtype_BFLOAT16_layout_ROW_MAJOR.tensorbin of shape Shape([1, 1, 64, 32])
2026-08-29 09:29:34.909 | DEBUG    | core:as_tensor:724 - Loaded cache for /proj_sw/user_dev/ctr-apbernal/tt-metal/model_cache/meta-llama/Llama-3.3-70B-Instruct/TG/tensor_cache_instruct_bfp8/layers.64.ffn_norm.weight_dtype_BFLOAT16_layout_ROW_MAJOR.tensorbin of shape Shape([1, 1, 256, 32])
2026-08-29 09:29:34.911 | DEBUG    | core:as_tensor:724 - Loaded cache for /proj_sw/user_dev/ctr-apbernal/tt-metal/model_cache/meta-llama/Llama-3.3-70B-Instruct/TG/tensor_cache_instruct_bfp8/layers.64.ffn_norm.weight_distributed_dtype_BFLOAT16_layout_ROW_MAJOR.tensorbin of shape Shape([1, 1, 64, 32])
 81%|████████▏ | 65/80 [04:27<01:02,  4.16s/it]2026-08-29 09:29:35.304 | DEBUG    | core:as_tensor:724 - Loaded cache for /proj_sw/user_dev/ctr-apbernal/tt-metal/model_cache/meta-llama/Llama-3.3-70B-Instruct/TG/tensor_cache_instruct_bfp8/layers.65.attention.wqkv_sharded_2d_prefetcher_dtype_BFLOAT8_B_layout_TILE.tensorbin of shape Shape([1, 1, 2048, 1280])
2026-08-29 09:29:35.565 | DEBUG    | core:as_tensor:724 - Loaded cache for /proj_sw/user_dev/ctr-apbernal/tt-metal/model_cache/meta-llama/Llama-3.3-70B-Instruct/TG/tensor_cache_instruct_bfp8/layers.65.attention.wqkv_sharded_2d_dram_dtype_BFLOAT8_B_layout_TILE.tensorbin of shape Shape([1, 1, 2048, 1280])
2026-08-29 09:29:35.900 | DEBUG    | core:as_tensor:724 - Loaded cache for /proj_sw/user_dev/ctr-apbernal/tt-metal/model_cache/meta-llama/Llama-3.3-70B-Instruct/TG/tensor_cache_instruct_bfp8/layers.65.attention.wo_width_sharded_2d_prefetcher_dtype_BFLOAT8_B_layout_TILE.tensorbin of shape Shape([1, 1, 1024, 2048])
2026-08-29 09:29:36.147 | DEBUG    | core:as_tensor:724 - Loaded cache for /proj_sw/user_dev/ctr-apbernal/tt-metal/model_cache/meta-llama/Llama-3.3-70B-Instruct/TG/tensor_cache_instruct_bfp8/layers.65.attention.wo_width_sharded_2d_dram_dtype_BFLOAT8_B_layout_TILE.tensorbin of shape Shape([1, 1, 1024, 2048])
2026-08-29 09:29:36.518 | DEBUG    | core:as_tensor:724 - Loaded cache for /proj_sw/user_dev/ctr-apbernal/tt-metal/model_cache/meta-llama/Llama-3.3-70B-Instruct/TG/tensor_cache_instruct_bfp8/layers.65.attention.wo_col_sharded_dram_dtype_BFLOAT8_B_layout_TILE.tensorbin of shape Shape([1, 1, 8192, 2048])
2026-08-29 09:29:36.535 | DEBUG    | core:as_tensor:724 - Loaded cache for /proj_sw/user_dev/ctr-apbernal/tt-metal/model_cache/meta-llama/Llama-3.3-70B-Instruct/TG/tensor_cache_instruct_bfp8/kvcache_torch.Size([2048, 1, 64, 128])_dtype_BFLOAT8_B_layout_TILE.tensorbin of shape Shape([2048, 1, 64, 128])
2026-08-29 09:29:36.543 | DEBUG    | core:as_tensor:724 - Loaded cache for /proj_sw/user_dev/ctr-apbernal/tt-metal/model_cache/meta-llama/Llama-3.3-70B-Instruct/TG/tensor_cache_instruct_bfp8/kvcache_torch.Size([2048, 1, 64, 128])_dtype_BFLOAT8_B_layout_TILE.tensorbin of shape Shape([2048, 1, 64, 128])
2026-08-29 09:29:36.865 | DEBUG    | core:as_tensor:724 - Loaded cache for /proj_sw/user_dev/ctr-apbernal/tt-metal/model_cache/meta-llama/Llama-3.3-70B-Instruct/TG/tensor_cache_instruct_bfp8/layers.65.feed_forward.w1_shardedprefetcher_dtype_BFLOAT4_B_layout_TILE.tensorbin of shape Shape([1, 1, 2048, 3584])
2026-08-29 09:29:37.369 | DEBUG    | core:as_tensor:724 - Loaded cache for /proj_sw/user_dev/ctr-apbernal/tt-metal/model_cache/meta-llama/Llama-3.3-70B-Instruct/TG/tensor_cache_instruct_bfp8/layers.65.feed_forward.w2_shardedprefetcher_dtype_BFLOAT8_B_layout_TILE.tensorbin of shape Shape([1, 1, 3584, 2048])
2026-08-29 09:29:37.690 | DEBUG    | core:as_tensor:724 - Loaded cache for /proj_sw/user_dev/ctr-apbernal/tt-metal/model_cache/meta-llama/Llama-3.3-70B-Instruct/TG/tensor_cache_instruct_bfp8/layers.65.feed_forward.w3_shardedprefetcher_dtype_BFLOAT4_B_layout_TILE.tensorbin of shape Shape([1, 1, 2048, 3584])
2026-08-29 09:29:37.975 | DEBUG    | core:as_tensor:724 - Loaded cache for /proj_sw/user_dev/ctr-apbernal/tt-metal/model_cache/meta-llama/Llama-3.3-70B-Instruct/TG/tensor_cache_instruct_bfp8/layers.65.feed_forward.w1_interleavedprefetcher_dtype_BFLOAT4_B_layout_TILE.tensorbin of shape Shape([1, 1, 2048, 3584])
2026-08-29 09:29:38.482 | DEBUG    | core:as_tensor:724 - Loaded cache for /proj_sw/user_dev/ctr-apbernal/tt-metal/model_cache/meta-llama/Llama-3.3-70B-Instruct/TG/tensor_cache_instruct_bfp8/layers.65.feed_forward.w2_interleavedprefetcher_dtype_BFLOAT8_B_layout_TILE.tensorbin of shape Shape([1, 1, 3584, 2048])
2026-08-29 09:29:38.781 | DEBUG    | core:as_tensor:724 - Loaded cache for /proj_sw/user_dev/ctr-apbernal/tt-metal/model_cache/meta-llama/Llama-3.3-70B-Instruct/TG/tensor_cache_instruct_bfp8/layers.65.feed_forward.w3_interleavedprefetcher_dtype_BFLOAT4_B_layout_TILE.tensorbin of shape Shape([1, 1, 2048, 3584])
2026-08-29 09:29:38.785 | DEBUG    | core:as_tensor:724 - Loaded cache for /proj_sw/user_dev/ctr-apbernal/tt-metal/model_cache/meta-llama/Llama-3.3-70B-Instruct/TG/tensor_cache_instruct_bfp8/layers.65.attention_norm.weight_dtype_BFLOAT16_layout_ROW_MAJOR.tensorbin of shape Shape([1, 1, 256, 32])
2026-08-29 09:29:38.788 | DEBUG    | core:as_tensor:724 - Loaded cache for /proj_sw/user_dev/ctr-apbernal/tt-metal/model_cache/meta-llama/Llama-3.3-70B-Instruct/TG/tensor_cache_instruct_bfp8/layers.65.attention_norm.weight_distributed_dtype_BFLOAT16_layout_ROW_MAJOR.tensorbin of shape Shape([1, 1, 64, 32])
2026-08-29 09:29:38.792 | DEBUG    | core:as_tensor:724 - Loaded cache for /proj_sw/user_dev/ctr-apbernal/tt-metal/model_cache/meta-llama/Llama-3.3-70B-Instruct/TG/tensor_cache_instruct_bfp8/layers.65.ffn_norm.weight_dtype_BFLOAT16_layout_ROW_MAJOR.tensorbin of shape Shape([1, 1, 256, 32])
2026-08-29 09:29:38.795 | DEBUG    | core:as_tensor:724 - Loaded cache for /proj_sw/user_dev/ctr-apbernal/tt-metal/model_cache/meta-llama/Llama-3.3-70B-Instruct/TG/tensor_cache_instruct_bfp8/layers.65.ffn_norm.weight_distributed_dtype_BFLOAT16_layout_ROW_MAJOR.tensorbin of shape Shape([1, 1, 64, 32])
 82%|████████▎ | 66/80 [04:31<00:57,  4.07s/it]2026-08-29 09:29:39.192 | DEBUG    | core:as_tensor:724 - Loaded cache for /proj_sw/user_dev/ctr-apbernal/tt-metal/model_cache/meta-llama/Llama-3.3-70B-Instruct/TG/tensor_cache_instruct_bfp8/layers.66.attention.wqkv_sharded_2d_prefetcher_dtype_BFLOAT8_B_layout_TILE.tensorbin of shape Shape([1, 1, 2048, 1280])
2026-08-29 09:29:39.559 | DEBUG    | core:as_tensor:724 - Loaded cache for /proj_sw/user_dev/ctr-apbernal/tt-metal/model_cache/meta-llama/Llama-3.3-70B-Instruct/TG/tensor_cache_instruct_bfp8/layers.66.attention.wqkv_sharded_2d_dram_dtype_BFLOAT8_B_layout_TILE.tensorbin of shape Shape([1, 1, 2048, 1280])
2026-08-29 09:29:39.881 | DEBUG    | core:as_tensor:724 - Loaded cache for /proj_sw/user_dev/ctr-apbernal/tt-metal/model_cache/meta-llama/Llama-3.3-70B-Instruct/TG/tensor_cache_instruct_bfp8/layers.66.attention.wo_width_sharded_2d_prefetcher_dtype_BFLOAT8_B_layout_TILE.tensorbin of shape Shape([1, 1, 1024, 2048])
2026-08-29 09:29:40.141 | DEBUG    | core:as_tensor:724 - Loaded cache for /proj_sw/user_dev/ctr-apbernal/tt-metal/model_cache/meta-llama/Llama-3.3-70B-Instruct/TG/tensor_cache_instruct_bfp8/layers.66.attention.wo_width_sharded_2d_dram_dtype_BFLOAT8_B_layout_TILE.tensorbin of shape Shape([1, 1, 1024, 2048])
2026-08-29 09:29:40.337 | DEBUG    | core:as_tensor:724 - Loaded cache for /proj_sw/user_dev/ctr-apbernal/tt-metal/model_cache/meta-llama/Llama-3.3-70B-Instruct/TG/tensor_cache_instruct_bfp8/layers.66.attention.wo_col_sharded_dram_dtype_BFLOAT8_B_layout_TILE.tensorbin of shape Shape([1, 1, 8192, 2048])
2026-08-29 09:29:40.351 | DEBUG    | core:as_tensor:724 - Loaded cache for /proj_sw/user_dev/ctr-apbernal/tt-metal/model_cache/meta-llama/Llama-3.3-70B-Instruct/TG/tensor_cache_instruct_bfp8/kvcache_torch.Size([2048, 1, 64, 128])_dtype_BFLOAT8_B_layout_TILE.tensorbin of shape Shape([2048, 1, 64, 128])
2026-08-29 09:29:40.359 | DEBUG    | core:as_tensor:724 - Loaded cache for /proj_sw/user_dev/ctr-apbernal/tt-metal/model_cache/meta-llama/Llama-3.3-70B-Instruct/TG/tensor_cache_instruct_bfp8/kvcache_torch.Size([2048, 1, 64, 128])_dtype_BFLOAT8_B_layout_TILE.tensorbin of shape Shape([2048, 1, 64, 128])
2026-08-29 09:29:40.873 | DEBUG    | core:as_tensor:724 - Loaded cache for /proj_sw/user_dev/ctr-apbernal/tt-metal/model_cache/meta-llama/Llama-3.3-70B-Instruct/TG/tensor_cache_instruct_bfp8/layers.66.feed_forward.w1_shardedprefetcher_dtype_BFLOAT4_B_layout_TILE.tensorbin of shape Shape([1, 1, 2048, 3584])
2026-08-29 09:29:41.379 | DEBUG    | core:as_tensor:724 - Loaded cache for /proj_sw/user_dev/ctr-apbernal/tt-metal/model_cache/meta-llama/Llama-3.3-70B-Instruct/TG/tensor_cache_instruct_bfp8/layers.66.feed_forward.w2_shardedprefetcher_dtype_BFLOAT8_B_layout_TILE.tensorbin of shape Shape([1, 1, 3584, 2048])
2026-08-29 09:29:41.804 | DEBUG    | core:as_tensor:724 - Loaded cache for /proj_sw/user_dev/ctr-apbernal/tt-metal/model_cache/meta-llama/Llama-3.3-70B-Instruct/TG/tensor_cache_instruct_bfp8/layers.66.feed_forward.w3_shardedprefetcher_dtype_BFLOAT4_B_layout_TILE.tensorbin of shape Shape([1, 1, 2048, 3584])
2026-08-29 09:29:42.145 | DEBUG    | core:as_tensor:724 - Loaded cache for /proj_sw/user_dev/ctr-apbernal/tt-metal/model_cache/meta-llama/Llama-3.3-70B-Instruct/TG/tensor_cache_instruct_bfp8/layers.66.feed_forward.w1_interleavedprefetcher_dtype_BFLOAT4_B_layout_TILE.tensorbin of shape Shape([1, 1, 2048, 3584])
2026-08-29 09:29:42.650 | DEBUG    | core:as_tensor:724 - Loaded cache for /proj_sw/user_dev/ctr-apbernal/tt-metal/model_cache/meta-llama/Llama-3.3-70B-Instruct/TG/tensor_cache_instruct_bfp8/layers.66.feed_forward.w2_interleavedprefetcher_dtype_BFLOAT8_B_layout_TILE.tensorbin of shape Shape([1, 1, 3584, 2048])
2026-08-29 09:29:42.935 | DEBUG    | core:as_tensor:724 - Loaded cache for /proj_sw/user_dev/ctr-apbernal/tt-metal/model_cache/meta-llama/Llama-3.3-70B-Instruct/TG/tensor_cache_instruct_bfp8/layers.66.feed_forward.w3_interleavedprefetcher_dtype_BFLOAT4_B_layout_TILE.tensorbin of shape Shape([1, 1, 2048, 3584])
2026-08-29 09:29:42.938 | DEBUG    | core:as_tensor:724 - Loaded cache for /proj_sw/user_dev/ctr-apbernal/tt-metal/model_cache/meta-llama/Llama-3.3-70B-Instruct/TG/tensor_cache_instruct_bfp8/layers.66.attention_norm.weight_dtype_BFLOAT16_layout_ROW_MAJOR.tensorbin of shape Shape([1, 1, 256, 32])
2026-08-29 09:29:42.940 | DEBUG    | core:as_tensor:724 - Loaded cache for /proj_sw/user_dev/ctr-apbernal/tt-metal/model_cache/meta-llama/Llama-3.3-70B-Instruct/TG/tensor_cache_instruct_bfp8/layers.66.attention_norm.weight_distributed_dtype_BFLOAT16_layout_ROW_MAJOR.tensorbin of shape Shape([1, 1, 64, 32])
2026-08-29 09:29:42.942 | DEBUG    | core:as_tensor:724 - Loaded cache for /proj_sw/user_dev/ctr-apbernal/tt-metal/model_cache/meta-llama/Llama-3.3-70B-Instruct/TG/tensor_cache_instruct_bfp8/layers.66.ffn_norm.weight_dtype_BFLOAT16_layout_ROW_MAJOR.tensorbin of shape Shape([1, 1, 256, 32])
2026-08-29 09:29:42.944 | DEBUG    | core:as_tensor:724 - Loaded cache for /proj_sw/user_dev/ctr-apbernal/tt-metal/model_cache/meta-llama/Llama-3.3-70B-Instruct/TG/tensor_cache_instruct_bfp8/layers.66.ffn_norm.weight_distributed_dtype_BFLOAT16_layout_ROW_MAJOR.tensorbin of shape Shape([1, 1, 64, 32])
 84%|████████▍ | 67/80 [04:35<00:53,  4.10s/it]2026-08-29 09:29:43.332 | DEBUG    | core:as_tensor:724 - Loaded cache for /proj_sw/user_dev/ctr-apbernal/tt-metal/model_cache/meta-llama/Llama-3.3-70B-Instruct/TG/tensor_cache_instruct_bfp8/layers.67.attention.wqkv_sharded_2d_prefetcher_dtype_BFLOAT8_B_layout_TILE.tensorbin of shape Shape([1, 1, 2048, 1280])
2026-08-29 09:29:43.746 | DEBUG    | core:as_tensor:724 - Loaded cache for /proj_sw/user_dev/ctr-apbernal/tt-metal/model_cache/meta-llama/Llama-3.3-70B-Instruct/TG/tensor_cache_instruct_bfp8/layers.67.attention.wqkv_sharded_2d_dram_dtype_BFLOAT8_B_layout_TILE.tensorbin of shape Shape([1, 1, 2048, 1280])
2026-08-29 09:29:44.097 | DEBUG    | core:as_tensor:724 - Loaded cache for /proj_sw/user_dev/ctr-apbernal/tt-metal/model_cache/meta-llama/Llama-3.3-70B-Instruct/TG/tensor_cache_instruct_bfp8/layers.67.attention.wo_width_sharded_2d_prefetcher_dtype_BFLOAT8_B_layout_TILE.tensorbin of shape Shape([1, 1, 1024, 2048])
2026-08-29 09:29:44.459 | DEBUG    | core:as_tensor:724 - Loaded cache for /proj_sw/user_dev/ctr-apbernal/tt-metal/model_cache/meta-llama/Llama-3.3-70B-Instruct/TG/tensor_cache_instruct_bfp8/layers.67.attention.wo_width_sharded_2d_dram_dtype_BFLOAT8_B_layout_TILE.tensorbin of shape Shape([1, 1, 1024, 2048])
2026-08-29 09:29:44.938 | DEBUG    | core:as_tensor:724 - Loaded cache for /proj_sw/user_dev/ctr-apbernal/tt-metal/model_cache/meta-llama/Llama-3.3-70B-Instruct/TG/tensor_cache_instruct_bfp8/layers.67.attention.wo_col_sharded_dram_dtype_BFLOAT8_B_layout_TILE.tensorbin of shape Shape([1, 1, 8192, 2048])
2026-08-29 09:29:44.953 | DEBUG    | core:as_tensor:724 - Loaded cache for /proj_sw/user_dev/ctr-apbernal/tt-metal/model_cache/meta-llama/Llama-3.3-70B-Instruct/TG/tensor_cache_instruct_bfp8/kvcache_torch.Size([2048, 1, 64, 128])_dtype_BFLOAT8_B_layout_TILE.tensorbin of shape Shape([2048, 1, 64, 128])
2026-08-29 09:29:44.961 | DEBUG    | core:as_tensor:724 - Loaded cache for /proj_sw/user_dev/ctr-apbernal/tt-metal/model_cache/meta-llama/Llama-3.3-70B-Instruct/TG/tensor_cache_instruct_bfp8/kvcache_torch.Size([2048, 1, 64, 128])_dtype_BFLOAT8_B_layout_TILE.tensorbin of shape Shape([2048, 1, 64, 128])
2026-08-29 09:29:45.445 | DEBUG    | core:as_tensor:724 - Loaded cache for /proj_sw/user_dev/ctr-apbernal/tt-metal/model_cache/meta-llama/Llama-3.3-70B-Instruct/TG/tensor_cache_instruct_bfp8/layers.67.feed_forward.w1_shardedprefetcher_dtype_BFLOAT4_B_layout_TILE.tensorbin of shape Shape([1, 1, 2048, 3584])
2026-08-29 09:29:45.938 | DEBUG    | core:as_tensor:724 - Loaded cache for /proj_sw/user_dev/ctr-apbernal/tt-metal/model_cache/meta-llama/Llama-3.3-70B-Instruct/TG/tensor_cache_instruct_bfp8/layers.67.feed_forward.w2_shardedprefetcher_dtype_BFLOAT8_B_layout_TILE.tensorbin of shape Shape([1, 1, 3584, 2048])
2026-08-29 09:29:46.266 | DEBUG    | core:as_tensor:724 - Loaded cache for /proj_sw/user_dev/ctr-apbernal/tt-metal/model_cache/meta-llama/Llama-3.3-70B-Instruct/TG/tensor_cache_instruct_bfp8/layers.67.feed_forward.w3_shardedprefetcher_dtype_BFLOAT4_B_layout_TILE.tensorbin of shape Shape([1, 1, 2048, 3584])
2026-08-29 09:29:46.700 | DEBUG    | core:as_tensor:724 - Loaded cache for /proj_sw/user_dev/ctr-apbernal/tt-metal/model_cache/meta-llama/Llama-3.3-70B-Instruct/TG/tensor_cache_instruct_bfp8/layers.67.feed_forward.w1_interleavedprefetcher_dtype_BFLOAT4_B_layout_TILE.tensorbin of shape Shape([1, 1, 2048, 3584])
2026-08-29 09:29:47.203 | DEBUG    | core:as_tensor:724 - Loaded cache for /proj_sw/user_dev/ctr-apbernal/tt-metal/model_cache/meta-llama/Llama-3.3-70B-Instruct/TG/tensor_cache_instruct_bfp8/layers.67.feed_forward.w2_interleavedprefetcher_dtype_BFLOAT8_B_layout_TILE.tensorbin of shape Shape([1, 1, 3584, 2048])
2026-08-29 09:29:47.719 | DEBUG    | core:as_tensor:724 - Loaded cache for /proj_sw/user_dev/ctr-apbernal/tt-metal/model_cache/meta-llama/Llama-3.3-70B-Instruct/TG/tensor_cache_instruct_bfp8/layers.67.feed_forward.w3_interleavedprefetcher_dtype_BFLOAT4_B_layout_TILE.tensorbin of shape Shape([1, 1, 2048, 3584])
2026-08-29 09:29:47.723 | DEBUG    | core:as_tensor:724 - Loaded cache for /proj_sw/user_dev/ctr-apbernal/tt-metal/model_cache/meta-llama/Llama-3.3-70B-Instruct/TG/tensor_cache_instruct_bfp8/layers.67.attention_norm.weight_dtype_BFLOAT16_layout_ROW_MAJOR.tensorbin of shape Shape([1, 1, 256, 32])
2026-08-29 09:29:47.726 | DEBUG    | core:as_tensor:724 - Loaded cache for /proj_sw/user_dev/ctr-apbernal/tt-metal/model_cache/meta-llama/Llama-3.3-70B-Instruct/TG/tensor_cache_instruct_bfp8/layers.67.attention_norm.weight_distributed_dtype_BFLOAT16_layout_ROW_MAJOR.tensorbin of shape Shape([1, 1, 64, 32])
2026-08-29 09:29:47.728 | DEBUG    | core:as_tensor:724 - Loaded cache for /proj_sw/user_dev/ctr-apbernal/tt-metal/model_cache/meta-llama/Llama-3.3-70B-Instruct/TG/tensor_cache_instruct_bfp8/layers.67.ffn_norm.weight_dtype_BFLOAT16_layout_ROW_MAJOR.tensorbin of shape Shape([1, 1, 256, 32])
2026-08-29 09:29:47.729 | DEBUG    | core:as_tensor:724 - Loaded cache for /proj_sw/user_dev/ctr-apbernal/tt-metal/model_cache/meta-llama/Llama-3.3-70B-Instruct/TG/tensor_cache_instruct_bfp8/layers.67.ffn_norm.weight_distributed_dtype_BFLOAT16_layout_ROW_MAJOR.tensorbin of shape Shape([1, 1, 64, 32])
 85%|████████▌ | 68/80 [04:40<00:51,  4.30s/it]2026-08-29 09:29:48.000 | DEBUG    | core:as_tensor:724 - Loaded cache for /proj_sw/user_dev/ctr-apbernal/tt-metal/model_cache/meta-llama/Llama-3.3-70B-Instruct/TG/tensor_cache_instruct_bfp8/layers.68.attention.wqkv_sharded_2d_prefetcher_dtype_BFLOAT8_B_layout_TILE.tensorbin of shape Shape([1, 1, 2048, 1280])
2026-08-29 09:29:48.264 | DEBUG    | core:as_tensor:724 - Loaded cache for /proj_sw/user_dev/ctr-apbernal/tt-metal/model_cache/meta-llama/Llama-3.3-70B-Instruct/TG/tensor_cache_instruct_bfp8/layers.68.attention.wqkv_sharded_2d_dram_dtype_BFLOAT8_B_layout_TILE.tensorbin of shape Shape([1, 1, 2048, 1280])
2026-08-29 09:29:48.539 | DEBUG    | core:as_tensor:724 - Loaded cache for /proj_sw/user_dev/ctr-apbernal/tt-metal/model_cache/meta-llama/Llama-3.3-70B-Instruct/TG/tensor_cache_instruct_bfp8/layers.68.attention.wo_width_sharded_2d_prefetcher_dtype_BFLOAT8_B_layout_TILE.tensorbin of shape Shape([1, 1, 1024, 2048])
2026-08-29 09:29:48.846 | DEBUG    | core:as_tensor:724 - Loaded cache for /proj_sw/user_dev/ctr-apbernal/tt-metal/model_cache/meta-llama/Llama-3.3-70B-Instruct/TG/tensor_cache_instruct_bfp8/layers.68.attention.wo_width_sharded_2d_dram_dtype_BFLOAT8_B_layout_TILE.tensorbin of shape Shape([1, 1, 1024, 2048])
2026-08-29 09:29:49.111 | DEBUG    | core:as_tensor:724 - Loaded cache for /proj_sw/user_dev/ctr-apbernal/tt-metal/model_cache/meta-llama/Llama-3.3-70B-Instruct/TG/tensor_cache_instruct_bfp8/layers.68.attention.wo_col_sharded_dram_dtype_BFLOAT8_B_layout_TILE.tensorbin of shape Shape([1, 1, 8192, 2048])
2026-08-29 09:29:49.126 | DEBUG    | core:as_tensor:724 - Loaded cache for /proj_sw/user_dev/ctr-apbernal/tt-metal/model_cache/meta-llama/Llama-3.3-70B-Instruct/TG/tensor_cache_instruct_bfp8/kvcache_torch.Size([2048, 1, 64, 128])_dtype_BFLOAT8_B_layout_TILE.tensorbin of shape Shape([2048, 1, 64, 128])
2026-08-29 09:29:49.134 | DEBUG    | core:as_tensor:724 - Loaded cache for /proj_sw/user_dev/ctr-apbernal/tt-metal/model_cache/meta-llama/Llama-3.3-70B-Instruct/TG/tensor_cache_instruct_bfp8/kvcache_torch.Size([2048, 1, 64, 128])_dtype_BFLOAT8_B_layout_TILE.tensorbin of shape Shape([2048, 1, 64, 128])
2026-08-29 09:29:49.451 | DEBUG    | core:as_tensor:724 - Loaded cache for /proj_sw/user_dev/ctr-apbernal/tt-metal/model_cache/meta-llama/Llama-3.3-70B-Instruct/TG/tensor_cache_instruct_bfp8/layers.68.feed_forward.w1_shardedprefetcher_dtype_BFLOAT4_B_layout_TILE.tensorbin of shape Shape([1, 1, 2048, 3584])
2026-08-29 09:29:49.950 | DEBUG    | core:as_tensor:724 - Loaded cache for /proj_sw/user_dev/ctr-apbernal/tt-metal/model_cache/meta-llama/Llama-3.3-70B-Instruct/TG/tensor_cache_instruct_bfp8/layers.68.feed_forward.w2_shardedprefetcher_dtype_BFLOAT8_B_layout_TILE.tensorbin of shape Shape([1, 1, 3584, 2048])
2026-08-29 09:29:50.243 | DEBUG    | core:as_tensor:724 - Loaded cache for /proj_sw/user_dev/ctr-apbernal/tt-metal/model_cache/meta-llama/Llama-3.3-70B-Instruct/TG/tensor_cache_instruct_bfp8/layers.68.feed_forward.w3_shardedprefetcher_dtype_BFLOAT4_B_layout_TILE.tensorbin of shape Shape([1, 1, 2048, 3584])
2026-08-29 09:29:50.532 | DEBUG    | core:as_tensor:724 - Loaded cache for /proj_sw/user_dev/ctr-apbernal/tt-metal/model_cache/meta-llama/Llama-3.3-70B-Instruct/TG/tensor_cache_instruct_bfp8/layers.68.feed_forward.w1_interleavedprefetcher_dtype_BFLOAT4_B_layout_TILE.tensorbin of shape Shape([1, 1, 2048, 3584])
2026-08-29 09:29:51.024 | DEBUG    | core:as_tensor:724 - Loaded cache for /proj_sw/user_dev/ctr-apbernal/tt-metal/model_cache/meta-llama/Llama-3.3-70B-Instruct/TG/tensor_cache_instruct_bfp8/layers.68.feed_forward.w2_interleavedprefetcher_dtype_BFLOAT8_B_layout_TILE.tensorbin of shape Shape([1, 1, 3584, 2048])
2026-08-29 09:29:51.324 | DEBUG    | core:as_tensor:724 - Loaded cache for /proj_sw/user_dev/ctr-apbernal/tt-metal/model_cache/meta-llama/Llama-3.3-70B-Instruct/TG/tensor_cache_instruct_bfp8/layers.68.feed_forward.w3_interleavedprefetcher_dtype_BFLOAT4_B_layout_TILE.tensorbin of shape Shape([1, 1, 2048, 3584])
2026-08-29 09:29:51.327 | DEBUG    | core:as_tensor:724 - Loaded cache for /proj_sw/user_dev/ctr-apbernal/tt-metal/model_cache/meta-llama/Llama-3.3-70B-Instruct/TG/tensor_cache_instruct_bfp8/layers.68.attention_norm.weight_dtype_BFLOAT16_layout_ROW_MAJOR.tensorbin of shape Shape([1, 1, 256, 32])
2026-08-29 09:29:51.330 | DEBUG    | core:as_tensor:724 - Loaded cache for /proj_sw/user_dev/ctr-apbernal/tt-metal/model_cache/meta-llama/Llama-3.3-70B-Instruct/TG/tensor_cache_instruct_bfp8/layers.68.attention_norm.weight_distributed_dtype_BFLOAT16_layout_ROW_MAJOR.tensorbin of shape Shape([1, 1, 64, 32])
2026-08-29 09:29:51.332 | DEBUG    | core:as_tensor:724 - Loaded cache for /proj_sw/user_dev/ctr-apbernal/tt-metal/model_cache/meta-llama/Llama-3.3-70B-Instruct/TG/tensor_cache_instruct_bfp8/layers.68.ffn_norm.weight_dtype_BFLOAT16_layout_ROW_MAJOR.tensorbin of shape Shape([1, 1, 256, 32])
2026-08-29 09:29:51.334 | DEBUG    | core:as_tensor:724 - Loaded cache for /proj_sw/user_dev/ctr-apbernal/tt-metal/model_cache/meta-llama/Llama-3.3-70B-Instruct/TG/tensor_cache_instruct_bfp8/layers.68.ffn_norm.weight_distributed_dtype_BFLOAT16_layout_ROW_MAJOR.tensorbin of shape Shape([1, 1, 64, 32])
 86%|████████▋ | 69/80 [04:43<00:45,  4.09s/it]2026-08-29 09:29:51.622 | DEBUG    | core:as_tensor:724 - Loaded cache for /proj_sw/user_dev/ctr-apbernal/tt-metal/model_cache/meta-llama/Llama-3.3-70B-Instruct/TG/tensor_cache_instruct_bfp8/layers.69.attention.wqkv_sharded_2d_prefetcher_dtype_BFLOAT8_B_layout_TILE.tensorbin of shape Shape([1, 1, 2048, 1280])
2026-08-29 09:29:51.983 | DEBUG    | core:as_tensor:724 - Loaded cache for /proj_sw/user_dev/ctr-apbernal/tt-metal/model_cache/meta-llama/Llama-3.3-70B-Instruct/TG/tensor_cache_instruct_bfp8/layers.69.attention.wqkv_sharded_2d_dram_dtype_BFLOAT8_B_layout_TILE.tensorbin of shape Shape([1, 1, 2048, 1280])
2026-08-29 09:29:52.253 | DEBUG    | core:as_tensor:724 - Loaded cache for /proj_sw/user_dev/ctr-apbernal/tt-metal/model_cache/meta-llama/Llama-3.3-70B-Instruct/TG/tensor_cache_instruct_bfp8/layers.69.attention.wo_width_sharded_2d_prefetcher_dtype_BFLOAT8_B_layout_TILE.tensorbin of shape Shape([1, 1, 1024, 2048])
2026-08-29 09:29:52.577 | DEBUG    | core:as_tensor:724 - Loaded cache for /proj_sw/user_dev/ctr-apbernal/tt-metal/model_cache/meta-llama/Llama-3.3-70B-Instruct/TG/tensor_cache_instruct_bfp8/layers.69.attention.wo_width_sharded_2d_dram_dtype_BFLOAT8_B_layout_TILE.tensorbin of shape Shape([1, 1, 1024, 2048])
2026-08-29 09:29:53.121 | DEBUG    | core:as_tensor:724 - Loaded cache for /proj_sw/user_dev/ctr-apbernal/tt-metal/model_cache/meta-llama/Llama-3.3-70B-Instruct/TG/tensor_cache_instruct_bfp8/layers.69.attention.wo_col_sharded_dram_dtype_BFLOAT8_B_layout_TILE.tensorbin of shape Shape([1, 1, 8192, 2048])
2026-08-29 09:29:53.138 | DEBUG    | core:as_tensor:724 - Loaded cache for /proj_sw/user_dev/ctr-apbernal/tt-metal/model_cache/meta-llama/Llama-3.3-70B-Instruct/TG/tensor_cache_instruct_bfp8/kvcache_torch.Size([2048, 1, 64, 128])_dtype_BFLOAT8_B_layout_TILE.tensorbin of shape Shape([2048, 1, 64, 128])
2026-08-29 09:29:53.146 | DEBUG    | core:as_tensor:724 - Loaded cache for /proj_sw/user_dev/ctr-apbernal/tt-metal/model_cache/meta-llama/Llama-3.3-70B-Instruct/TG/tensor_cache_instruct_bfp8/kvcache_torch.Size([2048, 1, 64, 128])_dtype_BFLOAT8_B_layout_TILE.tensorbin of shape Shape([2048, 1, 64, 128])
2026-08-29 09:29:53.682 | DEBUG    | core:as_tensor:724 - Loaded cache for /proj_sw/user_dev/ctr-apbernal/tt-metal/model_cache/meta-llama/Llama-3.3-70B-Instruct/TG/tensor_cache_instruct_bfp8/layers.69.feed_forward.w1_shardedprefetcher_dtype_BFLOAT4_B_layout_TILE.tensorbin of shape Shape([1, 1, 2048, 3584])
2026-08-29 09:29:54.183 | DEBUG    | core:as_tensor:724 - Loaded cache for /proj_sw/user_dev/ctr-apbernal/tt-metal/model_cache/meta-llama/Llama-3.3-70B-Instruct/TG/tensor_cache_instruct_bfp8/layers.69.feed_forward.w2_shardedprefetcher_dtype_BFLOAT8_B_layout_TILE.tensorbin of shape Shape([1, 1, 3584, 2048])
2026-08-29 09:29:54.662 | DEBUG    | core:as_tensor:724 - Loaded cache for /proj_sw/user_dev/ctr-apbernal/tt-metal/model_cache/meta-llama/Llama-3.3-70B-Instruct/TG/tensor_cache_instruct_bfp8/layers.69.feed_forward.w3_shardedprefetcher_dtype_BFLOAT4_B_layout_TILE.tensorbin of shape Shape([1, 1, 2048, 3584])
2026-08-29 09:29:55.038 | DEBUG    | core:as_tensor:724 - Loaded cache for /proj_sw/user_dev/ctr-apbernal/tt-metal/model_cache/meta-llama/Llama-3.3-70B-Instruct/TG/tensor_cache_instruct_bfp8/layers.69.feed_forward.w1_interleavedprefetcher_dtype_BFLOAT4_B_layout_TILE.tensorbin of shape Shape([1, 1, 2048, 3584])
2026-08-29 09:29:55.548 | DEBUG    | core:as_tensor:724 - Loaded cache for /proj_sw/user_dev/ctr-apbernal/tt-metal/model_cache/meta-llama/Llama-3.3-70B-Instruct/TG/tensor_cache_instruct_bfp8/layers.69.feed_forward.w2_interleavedprefetcher_dtype_BFLOAT8_B_layout_TILE.tensorbin of shape Shape([1, 1, 3584, 2048])
2026-08-29 09:29:55.829 | DEBUG    | core:as_tensor:724 - Loaded cache for /proj_sw/user_dev/ctr-apbernal/tt-metal/model_cache/meta-llama/Llama-3.3-70B-Instruct/TG/tensor_cache_instruct_bfp8/layers.69.feed_forward.w3_interleavedprefetcher_dtype_BFLOAT4_B_layout_TILE.tensorbin of shape Shape([1, 1, 2048, 3584])
2026-08-29 09:29:55.833 | DEBUG    | core:as_tensor:724 - Loaded cache for /proj_sw/user_dev/ctr-apbernal/tt-metal/model_cache/meta-llama/Llama-3.3-70B-Instruct/TG/tensor_cache_instruct_bfp8/layers.69.attention_norm.weight_dtype_BFLOAT16_layout_ROW_MAJOR.tensorbin of shape Shape([1, 1, 256, 32])
2026-08-29 09:29:55.835 | DEBUG    | core:as_tensor:724 - Loaded cache for /proj_sw/user_dev/ctr-apbernal/tt-metal/model_cache/meta-llama/Llama-3.3-70B-Instruct/TG/tensor_cache_instruct_bfp8/layers.69.attention_norm.weight_distributed_dtype_BFLOAT16_layout_ROW_MAJOR.tensorbin of shape Shape([1, 1, 64, 32])
2026-08-29 09:29:55.837 | DEBUG    | core:as_tensor:724 - Loaded cache for /proj_sw/user_dev/ctr-apbernal/tt-metal/model_cache/meta-llama/Llama-3.3-70B-Instruct/TG/tensor_cache_instruct_bfp8/layers.69.ffn_norm.weight_dtype_BFLOAT16_layout_ROW_MAJOR.tensorbin of shape Shape([1, 1, 256, 32])
2026-08-29 09:29:55.839 | DEBUG    | core:as_tensor:724 - Loaded cache for /proj_sw/user_dev/ctr-apbernal/tt-metal/model_cache/meta-llama/Llama-3.3-70B-Instruct/TG/tensor_cache_instruct_bfp8/layers.69.ffn_norm.weight_distributed_dtype_BFLOAT16_layout_ROW_MAJOR.tensorbin of shape Shape([1, 1, 64, 32])
 88%|████████▊ | 70/80 [04:48<00:42,  4.22s/it]2026-08-29 09:29:56.253 | DEBUG    | core:as_tensor:724 - Loaded cache for /proj_sw/user_dev/ctr-apbernal/tt-metal/model_cache/meta-llama/Llama-3.3-70B-Instruct/TG/tensor_cache_instruct_bfp8/layers.70.attention.wqkv_sharded_2d_prefetcher_dtype_BFLOAT8_B_layout_TILE.tensorbin of shape Shape([1, 1, 2048, 1280])
2026-08-29 09:29:56.504 | DEBUG    | core:as_tensor:724 - Loaded cache for /proj_sw/user_dev/ctr-apbernal/tt-metal/model_cache/meta-llama/Llama-3.3-70B-Instruct/TG/tensor_cache_instruct_bfp8/layers.70.attention.wqkv_sharded_2d_dram_dtype_BFLOAT8_B_layout_TILE.tensorbin of shape Shape([1, 1, 2048, 1280])
2026-08-29 09:29:56.854 | DEBUG    | core:as_tensor:724 - Loaded cache for /proj_sw/user_dev/ctr-apbernal/tt-metal/model_cache/meta-llama/Llama-3.3-70B-Instruct/TG/tensor_cache_instruct_bfp8/layers.70.attention.wo_width_sharded_2d_prefetcher_dtype_BFLOAT8_B_layout_TILE.tensorbin of shape Shape([1, 1, 1024, 2048])
2026-08-29 09:29:57.192 | DEBUG    | core:as_tensor:724 - Loaded cache for /proj_sw/user_dev/ctr-apbernal/tt-metal/model_cache/meta-llama/Llama-3.3-70B-Instruct/TG/tensor_cache_instruct_bfp8/layers.70.attention.wo_width_sharded_2d_dram_dtype_BFLOAT8_B_layout_TILE.tensorbin of shape Shape([1, 1, 1024, 2048])
2026-08-29 09:29:57.639 | DEBUG    | core:as_tensor:724 - Loaded cache for /proj_sw/user_dev/ctr-apbernal/tt-metal/model_cache/meta-llama/Llama-3.3-70B-Instruct/TG/tensor_cache_instruct_bfp8/layers.70.attention.wo_col_sharded_dram_dtype_BFLOAT8_B_layout_TILE.tensorbin of shape Shape([1, 1, 8192, 2048])
2026-08-29 09:29:57.653 | DEBUG    | core:as_tensor:724 - Loaded cache for /proj_sw/user_dev/ctr-apbernal/tt-metal/model_cache/meta-llama/Llama-3.3-70B-Instruct/TG/tensor_cache_instruct_bfp8/kvcache_torch.Size([2048, 1, 64, 128])_dtype_BFLOAT8_B_layout_TILE.tensorbin of shape Shape([2048, 1, 64, 128])
2026-08-29 09:29:57.661 | DEBUG    | core:as_tensor:724 - Loaded cache for /proj_sw/user_dev/ctr-apbernal/tt-metal/model_cache/meta-llama/Llama-3.3-70B-Instruct/TG/tensor_cache_instruct_bfp8/kvcache_torch.Size([2048, 1, 64, 128])_dtype_BFLOAT8_B_layout_TILE.tensorbin of shape Shape([2048, 1, 64, 128])
2026-08-29 09:29:57.988 | DEBUG    | core:as_tensor:724 - Loaded cache for /proj_sw/user_dev/ctr-apbernal/tt-metal/model_cache/meta-llama/Llama-3.3-70B-Instruct/TG/tensor_cache_instruct_bfp8/layers.70.feed_forward.w1_shardedprefetcher_dtype_BFLOAT4_B_layout_TILE.tensorbin of shape Shape([1, 1, 2048, 3584])
2026-08-29 09:29:58.487 | DEBUG    | core:as_tensor:724 - Loaded cache for /proj_sw/user_dev/ctr-apbernal/tt-metal/model_cache/meta-llama/Llama-3.3-70B-Instruct/TG/tensor_cache_instruct_bfp8/layers.70.feed_forward.w2_shardedprefetcher_dtype_BFLOAT8_B_layout_TILE.tensorbin of shape Shape([1, 1, 3584, 2048])
2026-08-29 09:29:59.009 | DEBUG    | core:as_tensor:724 - Loaded cache for /proj_sw/user_dev/ctr-apbernal/tt-metal/model_cache/meta-llama/Llama-3.3-70B-Instruct/TG/tensor_cache_instruct_bfp8/layers.70.feed_forward.w3_shardedprefetcher_dtype_BFLOAT4_B_layout_TILE.tensorbin of shape Shape([1, 1, 2048, 3584])
2026-08-29 09:29:59.301 | DEBUG    | core:as_tensor:724 - Loaded cache for /proj_sw/user_dev/ctr-apbernal/tt-metal/model_cache/meta-llama/Llama-3.3-70B-Instruct/TG/tensor_cache_instruct_bfp8/layers.70.feed_forward.w1_interleavedprefetcher_dtype_BFLOAT4_B_layout_TILE.tensorbin of shape Shape([1, 1, 2048, 3584])
2026-08-29 09:29:59.802 | DEBUG    | core:as_tensor:724 - Loaded cache for /proj_sw/user_dev/ctr-apbernal/tt-metal/model_cache/meta-llama/Llama-3.3-70B-Instruct/TG/tensor_cache_instruct_bfp8/layers.70.feed_forward.w2_interleavedprefetcher_dtype_BFLOAT8_B_layout_TILE.tensorbin of shape Shape([1, 1, 3584, 2048])
2026-08-29 09:30:00.288 | DEBUG    | core:as_tensor:724 - Loaded cache for /proj_sw/user_dev/ctr-apbernal/tt-metal/model_cache/meta-llama/Llama-3.3-70B-Instruct/TG/tensor_cache_instruct_bfp8/layers.70.feed_forward.w3_interleavedprefetcher_dtype_BFLOAT4_B_layout_TILE.tensorbin of shape Shape([1, 1, 2048, 3584])
2026-08-29 09:30:00.294 | DEBUG    | core:as_tensor:724 - Loaded cache for /proj_sw/user_dev/ctr-apbernal/tt-metal/model_cache/meta-llama/Llama-3.3-70B-Instruct/TG/tensor_cache_instruct_bfp8/layers.70.attention_norm.weight_dtype_BFLOAT16_layout_ROW_MAJOR.tensorbin of shape Shape([1, 1, 256, 32])
2026-08-29 09:30:00.296 | DEBUG    | core:as_tensor:724 - Loaded cache for /proj_sw/user_dev/ctr-apbernal/tt-metal/model_cache/meta-llama/Llama-3.3-70B-Instruct/TG/tensor_cache_instruct_bfp8/layers.70.attention_norm.weight_distributed_dtype_BFLOAT16_layout_ROW_MAJOR.tensorbin of shape Shape([1, 1, 64, 32])
2026-08-29 09:30:00.298 | DEBUG    | core:as_tensor:724 - Loaded cache for /proj_sw/user_dev/ctr-apbernal/tt-metal/model_cache/meta-llama/Llama-3.3-70B-Instruct/TG/tensor_cache_instruct_bfp8/layers.70.ffn_norm.weight_dtype_BFLOAT16_layout_ROW_MAJOR.tensorbin of shape Shape([1, 1, 256, 32])
2026-08-29 09:30:00.300 | DEBUG    | core:as_tensor:724 - Loaded cache for /proj_sw/user_dev/ctr-apbernal/tt-metal/model_cache/meta-llama/Llama-3.3-70B-Instruct/TG/tensor_cache_instruct_bfp8/layers.70.ffn_norm.weight_distributed_dtype_BFLOAT16_layout_ROW_MAJOR.tensorbin of shape Shape([1, 1, 64, 32])
 89%|████████▉ | 71/80 [04:52<00:38,  4.29s/it]2026-08-29 09:30:00.692 | DEBUG    | core:as_tensor:724 - Loaded cache for /proj_sw/user_dev/ctr-apbernal/tt-metal/model_cache/meta-llama/Llama-3.3-70B-Instruct/TG/tensor_cache_instruct_bfp8/layers.71.attention.wqkv_sharded_2d_prefetcher_dtype_BFLOAT8_B_layout_TILE.tensorbin of shape Shape([1, 1, 2048, 1280])
2026-08-29 09:30:01.067 | DEBUG    | core:as_tensor:724 - Loaded cache for /proj_sw/user_dev/ctr-apbernal/tt-metal/model_cache/meta-llama/Llama-3.3-70B-Instruct/TG/tensor_cache_instruct_bfp8/layers.71.attention.wqkv_sharded_2d_dram_dtype_BFLOAT8_B_layout_TILE.tensorbin of shape Shape([1, 1, 2048, 1280])
2026-08-29 09:30:01.423 | DEBUG    | core:as_tensor:724 - Loaded cache for /proj_sw/user_dev/ctr-apbernal/tt-metal/model_cache/meta-llama/Llama-3.3-70B-Instruct/TG/tensor_cache_instruct_bfp8/layers.71.attention.wo_width_sharded_2d_prefetcher_dtype_BFLOAT8_B_layout_TILE.tensorbin of shape Shape([1, 1, 1024, 2048])
2026-08-29 09:30:01.757 | DEBUG    | core:as_tensor:724 - Loaded cache for /proj_sw/user_dev/ctr-apbernal/tt-metal/model_cache/meta-llama/Llama-3.3-70B-Instruct/TG/tensor_cache_instruct_bfp8/layers.71.attention.wo_width_sharded_2d_dram_dtype_BFLOAT8_B_layout_TILE.tensorbin of shape Shape([1, 1, 1024, 2048])
2026-08-29 09:30:02.138 | DEBUG    | core:as_tensor:724 - Loaded cache for /proj_sw/user_dev/ctr-apbernal/tt-metal/model_cache/meta-llama/Llama-3.3-70B-Instruct/TG/tensor_cache_instruct_bfp8/layers.71.attention.wo_col_sharded_dram_dtype_BFLOAT8_B_layout_TILE.tensorbin of shape Shape([1, 1, 8192, 2048])
2026-08-29 09:30:02.152 | DEBUG    | core:as_tensor:724 - Loaded cache for /proj_sw/user_dev/ctr-apbernal/tt-metal/model_cache/meta-llama/Llama-3.3-70B-Instruct/TG/tensor_cache_instruct_bfp8/kvcache_torch.Size([2048, 1, 64, 128])_dtype_BFLOAT8_B_layout_TILE.tensorbin of shape Shape([2048, 1, 64, 128])
2026-08-29 09:30:02.161 | DEBUG    | core:as_tensor:724 - Loaded cache for /proj_sw/user_dev/ctr-apbernal/tt-metal/model_cache/meta-llama/Llama-3.3-70B-Instruct/TG/tensor_cache_instruct_bfp8/kvcache_torch.Size([2048, 1, 64, 128])_dtype_BFLOAT8_B_layout_TILE.tensorbin of shape Shape([2048, 1, 64, 128])
2026-08-29 09:30:03.628 | DEBUG    | core:as_tensor:724 - Loaded cache for /proj_sw/user_dev/ctr-apbernal/tt-metal/model_cache/meta-llama/Llama-3.3-70B-Instruct/TG/tensor_cache_instruct_bfp8/layers.71.feed_forward.w1_shardedprefetcher_dtype_BFLOAT4_B_layout_TILE.tensorbin of shape Shape([1, 1, 2048, 3584])
2026-08-29 09:30:04.272 | DEBUG    | core:as_tensor:724 - Loaded cache for /proj_sw/user_dev/ctr-apbernal/tt-metal/model_cache/meta-llama/Llama-3.3-70B-Instruct/TG/tensor_cache_instruct_bfp8/layers.71.feed_forward.w2_shardedprefetcher_dtype_BFLOAT8_B_layout_TILE.tensorbin of shape Shape([1, 1, 3584, 2048])
2026-08-29 09:30:04.558 | DEBUG    | core:as_tensor:724 - Loaded cache for /proj_sw/user_dev/ctr-apbernal/tt-metal/model_cache/meta-llama/Llama-3.3-70B-Instruct/TG/tensor_cache_instruct_bfp8/layers.71.feed_forward.w3_shardedprefetcher_dtype_BFLOAT4_B_layout_TILE.tensorbin of shape Shape([1, 1, 2048, 3584])
2026-08-29 09:30:04.871 | DEBUG    | core:as_tensor:724 - Loaded cache for /proj_sw/user_dev/ctr-apbernal/tt-metal/model_cache/meta-llama/Llama-3.3-70B-Instruct/TG/tensor_cache_instruct_bfp8/layers.71.feed_forward.w1_interleavedprefetcher_dtype_BFLOAT4_B_layout_TILE.tensorbin of shape Shape([1, 1, 2048, 3584])
2026-08-29 09:30:05.357 | DEBUG    | core:as_tensor:724 - Loaded cache for /proj_sw/user_dev/ctr-apbernal/tt-metal/model_cache/meta-llama/Llama-3.3-70B-Instruct/TG/tensor_cache_instruct_bfp8/layers.71.feed_forward.w2_interleavedprefetcher_dtype_BFLOAT8_B_layout_TILE.tensorbin of shape Shape([1, 1, 3584, 2048])
2026-08-29 09:30:05.640 | DEBUG    | core:as_tensor:724 - Loaded cache for /proj_sw/user_dev/ctr-apbernal/tt-metal/model_cache/meta-llama/Llama-3.3-70B-Instruct/TG/tensor_cache_instruct_bfp8/layers.71.feed_forward.w3_interleavedprefetcher_dtype_BFLOAT4_B_layout_TILE.tensorbin of shape Shape([1, 1, 2048, 3584])
2026-08-29 09:30:05.643 | DEBUG    | core:as_tensor:724 - Loaded cache for /proj_sw/user_dev/ctr-apbernal/tt-metal/model_cache/meta-llama/Llama-3.3-70B-Instruct/TG/tensor_cache_instruct_bfp8/layers.71.attention_norm.weight_dtype_BFLOAT16_layout_ROW_MAJOR.tensorbin of shape Shape([1, 1, 256, 32])
2026-08-29 09:30:05.646 | DEBUG    | core:as_tensor:724 - Loaded cache for /proj_sw/user_dev/ctr-apbernal/tt-metal/model_cache/meta-llama/Llama-3.3-70B-Instruct/TG/tensor_cache_instruct_bfp8/layers.71.attention_norm.weight_distributed_dtype_BFLOAT16_layout_ROW_MAJOR.tensorbin of shape Shape([1, 1, 64, 32])
2026-08-29 09:30:05.648 | DEBUG    | core:as_tensor:724 - Loaded cache for /proj_sw/user_dev/ctr-apbernal/tt-metal/model_cache/meta-llama/Llama-3.3-70B-Instruct/TG/tensor_cache_instruct_bfp8/layers.71.ffn_norm.weight_dtype_BFLOAT16_layout_ROW_MAJOR.tensorbin of shape Shape([1, 1, 256, 32])
2026-08-29 09:30:05.650 | DEBUG    | core:as_tensor:724 - Loaded cache for /proj_sw/user_dev/ctr-apbernal/tt-metal/model_cache/meta-llama/Llama-3.3-70B-Instruct/TG/tensor_cache_instruct_bfp8/layers.71.ffn_norm.weight_distributed_dtype_BFLOAT16_layout_ROW_MAJOR.tensorbin of shape Shape([1, 1, 64, 32])
 90%|█████████ | 72/80 [04:58<00:36,  4.61s/it]2026-08-29 09:30:06.072 | DEBUG    | core:as_tensor:724 - Loaded cache for /proj_sw/user_dev/ctr-apbernal/tt-metal/model_cache/meta-llama/Llama-3.3-70B-Instruct/TG/tensor_cache_instruct_bfp8/layers.72.attention.wqkv_sharded_2d_prefetcher_dtype_BFLOAT8_B_layout_TILE.tensorbin of shape Shape([1, 1, 2048, 1280])
2026-08-29 09:30:06.454 | DEBUG    | core:as_tensor:724 - Loaded cache for /proj_sw/user_dev/ctr-apbernal/tt-metal/model_cache/meta-llama/Llama-3.3-70B-Instruct/TG/tensor_cache_instruct_bfp8/layers.72.attention.wqkv_sharded_2d_dram_dtype_BFLOAT8_B_layout_TILE.tensorbin of shape Shape([1, 1, 2048, 1280])
2026-08-29 09:30:06.757 | DEBUG    | core:as_tensor:724 - Loaded cache for /proj_sw/user_dev/ctr-apbernal/tt-metal/model_cache/meta-llama/Llama-3.3-70B-Instruct/TG/tensor_cache_instruct_bfp8/layers.72.attention.wo_width_sharded_2d_prefetcher_dtype_BFLOAT8_B_layout_TILE.tensorbin of shape Shape([1, 1, 1024, 2048])
2026-08-29 09:30:07.028 | DEBUG    | core:as_tensor:724 - Loaded cache for /proj_sw/user_dev/ctr-apbernal/tt-metal/model_cache/meta-llama/Llama-3.3-70B-Instruct/TG/tensor_cache_instruct_bfp8/layers.72.attention.wo_width_sharded_2d_dram_dtype_BFLOAT8_B_layout_TILE.tensorbin of shape Shape([1, 1, 1024, 2048])
2026-08-29 09:30:07.626 | DEBUG    | core:as_tensor:724 - Loaded cache for /proj_sw/user_dev/ctr-apbernal/tt-metal/model_cache/meta-llama/Llama-3.3-70B-Instruct/TG/tensor_cache_instruct_bfp8/layers.72.attention.wo_col_sharded_dram_dtype_BFLOAT8_B_layout_TILE.tensorbin of shape Shape([1, 1, 8192, 2048])
2026-08-29 09:30:07.643 | DEBUG    | core:as_tensor:724 - Loaded cache for /proj_sw/user_dev/ctr-apbernal/tt-metal/model_cache/meta-llama/Llama-3.3-70B-Instruct/TG/tensor_cache_instruct_bfp8/kvcache_torch.Size([2048, 1, 64, 128])_dtype_BFLOAT8_B_layout_TILE.tensorbin of shape Shape([2048, 1, 64, 128])
2026-08-29 09:30:07.652 | DEBUG    | core:as_tensor:724 - Loaded cache for /proj_sw/user_dev/ctr-apbernal/tt-metal/model_cache/meta-llama/Llama-3.3-70B-Instruct/TG/tensor_cache_instruct_bfp8/kvcache_torch.Size([2048, 1, 64, 128])_dtype_BFLOAT8_B_layout_TILE.tensorbin of shape Shape([2048, 1, 64, 128])
2026-08-29 09:30:07.964 | DEBUG    | core:as_tensor:724 - Loaded cache for /proj_sw/user_dev/ctr-apbernal/tt-metal/model_cache/meta-llama/Llama-3.3-70B-Instruct/TG/tensor_cache_instruct_bfp8/layers.72.feed_forward.w1_shardedprefetcher_dtype_BFLOAT4_B_layout_TILE.tensorbin of shape Shape([1, 1, 2048, 3584])
2026-08-29 09:30:08.468 | DEBUG    | core:as_tensor:724 - Loaded cache for /proj_sw/user_dev/ctr-apbernal/tt-metal/model_cache/meta-llama/Llama-3.3-70B-Instruct/TG/tensor_cache_instruct_bfp8/layers.72.feed_forward.w2_shardedprefetcher_dtype_BFLOAT8_B_layout_TILE.tensorbin of shape Shape([1, 1, 3584, 2048])
2026-08-29 09:30:08.765 | DEBUG    | core:as_tensor:724 - Loaded cache for /proj_sw/user_dev/ctr-apbernal/tt-metal/model_cache/meta-llama/Llama-3.3-70B-Instruct/TG/tensor_cache_instruct_bfp8/layers.72.feed_forward.w3_shardedprefetcher_dtype_BFLOAT4_B_layout_TILE.tensorbin of shape Shape([1, 1, 2048, 3584])
2026-08-29 09:30:09.077 | DEBUG    | core:as_tensor:724 - Loaded cache for /proj_sw/user_dev/ctr-apbernal/tt-metal/model_cache/meta-llama/Llama-3.3-70B-Instruct/TG/tensor_cache_instruct_bfp8/layers.72.feed_forward.w1_interleavedprefetcher_dtype_BFLOAT4_B_layout_TILE.tensorbin of shape Shape([1, 1, 2048, 3584])
2026-08-29 09:30:09.581 | DEBUG    | core:as_tensor:724 - Loaded cache for /proj_sw/user_dev/ctr-apbernal/tt-metal/model_cache/meta-llama/Llama-3.3-70B-Instruct/TG/tensor_cache_instruct_bfp8/layers.72.feed_forward.w2_interleavedprefetcher_dtype_BFLOAT8_B_layout_TILE.tensorbin of shape Shape([1, 1, 3584, 2048])
2026-08-29 09:30:09.857 | DEBUG    | core:as_tensor:724 - Loaded cache for /proj_sw/user_dev/ctr-apbernal/tt-metal/model_cache/meta-llama/Llama-3.3-70B-Instruct/TG/tensor_cache_instruct_bfp8/layers.72.feed_forward.w3_interleavedprefetcher_dtype_BFLOAT4_B_layout_TILE.tensorbin of shape Shape([1, 1, 2048, 3584])
2026-08-29 09:30:09.864 | DEBUG    | core:as_tensor:724 - Loaded cache for /proj_sw/user_dev/ctr-apbernal/tt-metal/model_cache/meta-llama/Llama-3.3-70B-Instruct/TG/tensor_cache_instruct_bfp8/layers.72.attention_norm.weight_dtype_BFLOAT16_layout_ROW_MAJOR.tensorbin of shape Shape([1, 1, 256, 32])
2026-08-29 09:30:09.867 | DEBUG    | core:as_tensor:724 - Loaded cache for /proj_sw/user_dev/ctr-apbernal/tt-metal/model_cache/meta-llama/Llama-3.3-70B-Instruct/TG/tensor_cache_instruct_bfp8/layers.72.attention_norm.weight_distributed_dtype_BFLOAT16_layout_ROW_MAJOR.tensorbin of shape Shape([1, 1, 64, 32])
2026-08-29 09:30:09.869 | DEBUG    | core:as_tensor:724 - Loaded cache for /proj_sw/user_dev/ctr-apbernal/tt-metal/model_cache/meta-llama/Llama-3.3-70B-Instruct/TG/tensor_cache_instruct_bfp8/layers.72.ffn_norm.weight_dtype_BFLOAT16_layout_ROW_MAJOR.tensorbin of shape Shape([1, 1, 256, 32])
2026-08-29 09:30:09.872 | DEBUG    | core:as_tensor:724 - Loaded cache for /proj_sw/user_dev/ctr-apbernal/tt-metal/model_cache/meta-llama/Llama-3.3-70B-Instruct/TG/tensor_cache_instruct_bfp8/layers.72.ffn_norm.weight_distributed_dtype_BFLOAT16_layout_ROW_MAJOR.tensorbin of shape Shape([1, 1, 64, 32])
 91%|█████████▏| 73/80 [05:02<00:31,  4.49s/it]2026-08-29 09:30:10.275 | DEBUG    | core:as_tensor:724 - Loaded cache for /proj_sw/user_dev/ctr-apbernal/tt-metal/model_cache/meta-llama/Llama-3.3-70B-Instruct/TG/tensor_cache_instruct_bfp8/layers.73.attention.wqkv_sharded_2d_prefetcher_dtype_BFLOAT8_B_layout_TILE.tensorbin of shape Shape([1, 1, 2048, 1280])
2026-08-29 09:30:10.566 | DEBUG    | core:as_tensor:724 - Loaded cache for /proj_sw/user_dev/ctr-apbernal/tt-metal/model_cache/meta-llama/Llama-3.3-70B-Instruct/TG/tensor_cache_instruct_bfp8/layers.73.attention.wqkv_sharded_2d_dram_dtype_BFLOAT8_B_layout_TILE.tensorbin of shape Shape([1, 1, 2048, 1280])
2026-08-29 09:30:10.873 | DEBUG    | core:as_tensor:724 - Loaded cache for /proj_sw/user_dev/ctr-apbernal/tt-metal/model_cache/meta-llama/Llama-3.3-70B-Instruct/TG/tensor_cache_instruct_bfp8/layers.73.attention.wo_width_sharded_2d_prefetcher_dtype_BFLOAT8_B_layout_TILE.tensorbin of shape Shape([1, 1, 1024, 2048])
2026-08-29 09:30:11.169 | DEBUG    | core:as_tensor:724 - Loaded cache for /proj_sw/user_dev/ctr-apbernal/tt-metal/model_cache/meta-llama/Llama-3.3-70B-Instruct/TG/tensor_cache_instruct_bfp8/layers.73.attention.wo_width_sharded_2d_dram_dtype_BFLOAT8_B_layout_TILE.tensorbin of shape Shape([1, 1, 1024, 2048])
2026-08-29 09:30:11.703 | DEBUG    | core:as_tensor:724 - Loaded cache for /proj_sw/user_dev/ctr-apbernal/tt-metal/model_cache/meta-llama/Llama-3.3-70B-Instruct/TG/tensor_cache_instruct_bfp8/layers.73.attention.wo_col_sharded_dram_dtype_BFLOAT8_B_layout_TILE.tensorbin of shape Shape([1, 1, 8192, 2048])
2026-08-29 09:30:11.717 | DEBUG    | core:as_tensor:724 - Loaded cache for /proj_sw/user_dev/ctr-apbernal/tt-metal/model_cache/meta-llama/Llama-3.3-70B-Instruct/TG/tensor_cache_instruct_bfp8/kvcache_torch.Size([2048, 1, 64, 128])_dtype_BFLOAT8_B_layout_TILE.tensorbin of shape Shape([2048, 1, 64, 128])
2026-08-29 09:30:11.727 | DEBUG    | core:as_tensor:724 - Loaded cache for /proj_sw/user_dev/ctr-apbernal/tt-metal/model_cache/meta-llama/Llama-3.3-70B-Instruct/TG/tensor_cache_instruct_bfp8/kvcache_torch.Size([2048, 1, 64, 128])_dtype_BFLOAT8_B_layout_TILE.tensorbin of shape Shape([2048, 1, 64, 128])
2026-08-29 09:30:12.047 | DEBUG    | core:as_tensor:724 - Loaded cache for /proj_sw/user_dev/ctr-apbernal/tt-metal/model_cache/meta-llama/Llama-3.3-70B-Instruct/TG/tensor_cache_instruct_bfp8/layers.73.feed_forward.w1_shardedprefetcher_dtype_BFLOAT4_B_layout_TILE.tensorbin of shape Shape([1, 1, 2048, 3584])
2026-08-29 09:30:12.560 | DEBUG    | core:as_tensor:724 - Loaded cache for /proj_sw/user_dev/ctr-apbernal/tt-metal/model_cache/meta-llama/Llama-3.3-70B-Instruct/TG/tensor_cache_instruct_bfp8/layers.73.feed_forward.w2_shardedprefetcher_dtype_BFLOAT8_B_layout_TILE.tensorbin of shape Shape([1, 1, 3584, 2048])
2026-08-29 09:30:12.984 | DEBUG    | core:as_tensor:724 - Loaded cache for /proj_sw/user_dev/ctr-apbernal/tt-metal/model_cache/meta-llama/Llama-3.3-70B-Instruct/TG/tensor_cache_instruct_bfp8/layers.73.feed_forward.w3_shardedprefetcher_dtype_BFLOAT4_B_layout_TILE.tensorbin of shape Shape([1, 1, 2048, 3584])
2026-08-29 09:30:13.271 | DEBUG    | core:as_tensor:724 - Loaded cache for /proj_sw/user_dev/ctr-apbernal/tt-metal/model_cache/meta-llama/Llama-3.3-70B-Instruct/TG/tensor_cache_instruct_bfp8/layers.73.feed_forward.w1_interleavedprefetcher_dtype_BFLOAT4_B_layout_TILE.tensorbin of shape Shape([1, 1, 2048, 3584])
2026-08-29 09:30:13.767 | DEBUG    | core:as_tensor:724 - Loaded cache for /proj_sw/user_dev/ctr-apbernal/tt-metal/model_cache/meta-llama/Llama-3.3-70B-Instruct/TG/tensor_cache_instruct_bfp8/layers.73.feed_forward.w2_interleavedprefetcher_dtype_BFLOAT8_B_layout_TILE.tensorbin of shape Shape([1, 1, 3584, 2048])
2026-08-29 09:30:14.203 | DEBUG    | core:as_tensor:724 - Loaded cache for /proj_sw/user_dev/ctr-apbernal/tt-metal/model_cache/meta-llama/Llama-3.3-70B-Instruct/TG/tensor_cache_instruct_bfp8/layers.73.feed_forward.w3_interleavedprefetcher_dtype_BFLOAT4_B_layout_TILE.tensorbin of shape Shape([1, 1, 2048, 3584])
2026-08-29 09:30:14.206 | DEBUG    | core:as_tensor:724 - Loaded cache for /proj_sw/user_dev/ctr-apbernal/tt-metal/model_cache/meta-llama/Llama-3.3-70B-Instruct/TG/tensor_cache_instruct_bfp8/layers.73.attention_norm.weight_dtype_BFLOAT16_layout_ROW_MAJOR.tensorbin of shape Shape([1, 1, 256, 32])
2026-08-29 09:30:14.208 | DEBUG    | core:as_tensor:724 - Loaded cache for /proj_sw/user_dev/ctr-apbernal/tt-metal/model_cache/meta-llama/Llama-3.3-70B-Instruct/TG/tensor_cache_instruct_bfp8/layers.73.attention_norm.weight_distributed_dtype_BFLOAT16_layout_ROW_MAJOR.tensorbin of shape Shape([1, 1, 64, 32])
2026-08-29 09:30:14.210 | DEBUG    | core:as_tensor:724 - Loaded cache for /proj_sw/user_dev/ctr-apbernal/tt-metal/model_cache/meta-llama/Llama-3.3-70B-Instruct/TG/tensor_cache_instruct_bfp8/layers.73.ffn_norm.weight_dtype_BFLOAT16_layout_ROW_MAJOR.tensorbin of shape Shape([1, 1, 256, 32])
2026-08-29 09:30:14.212 | DEBUG    | core:as_tensor:724 - Loaded cache for /proj_sw/user_dev/ctr-apbernal/tt-metal/model_cache/meta-llama/Llama-3.3-70B-Instruct/TG/tensor_cache_instruct_bfp8/layers.73.ffn_norm.weight_distributed_dtype_BFLOAT16_layout_ROW_MAJOR.tensorbin of shape Shape([1, 1, 64, 32])
 92%|█████████▎| 74/80 [05:06<00:26,  4.45s/it]2026-08-29 09:30:14.657 | DEBUG    | core:as_tensor:724 - Loaded cache for /proj_sw/user_dev/ctr-apbernal/tt-metal/model_cache/meta-llama/Llama-3.3-70B-Instruct/TG/tensor_cache_instruct_bfp8/layers.74.attention.wqkv_sharded_2d_prefetcher_dtype_BFLOAT8_B_layout_TILE.tensorbin of shape Shape([1, 1, 2048, 1280])
2026-08-29 09:30:14.908 | DEBUG    | core:as_tensor:724 - Loaded cache for /proj_sw/user_dev/ctr-apbernal/tt-metal/model_cache/meta-llama/Llama-3.3-70B-Instruct/TG/tensor_cache_instruct_bfp8/layers.74.attention.wqkv_sharded_2d_dram_dtype_BFLOAT8_B_layout_TILE.tensorbin of shape Shape([1, 1, 2048, 1280])
2026-08-29 09:30:15.210 | DEBUG    | core:as_tensor:724 - Loaded cache for /proj_sw/user_dev/ctr-apbernal/tt-metal/model_cache/meta-llama/Llama-3.3-70B-Instruct/TG/tensor_cache_instruct_bfp8/layers.74.attention.wo_width_sharded_2d_prefetcher_dtype_BFLOAT8_B_layout_TILE.tensorbin of shape Shape([1, 1, 1024, 2048])
2026-08-29 09:30:15.637 | DEBUG    | core:as_tensor:724 - Loaded cache for /proj_sw/user_dev/ctr-apbernal/tt-metal/model_cache/meta-llama/Llama-3.3-70B-Instruct/TG/tensor_cache_instruct_bfp8/layers.74.attention.wo_width_sharded_2d_dram_dtype_BFLOAT8_B_layout_TILE.tensorbin of shape Shape([1, 1, 1024, 2048])
2026-08-29 09:30:16.461 | DEBUG    | core:as_tensor:724 - Loaded cache for /proj_sw/user_dev/ctr-apbernal/tt-metal/model_cache/meta-llama/Llama-3.3-70B-Instruct/TG/tensor_cache_instruct_bfp8/layers.74.attention.wo_col_sharded_dram_dtype_BFLOAT8_B_layout_TILE.tensorbin of shape Shape([1, 1, 8192, 2048])
2026-08-29 09:30:16.479 | DEBUG    | core:as_tensor:724 - Loaded cache for /proj_sw/user_dev/ctr-apbernal/tt-metal/model_cache/meta-llama/Llama-3.3-70B-Instruct/TG/tensor_cache_instruct_bfp8/kvcache_torch.Size([2048, 1, 64, 128])_dtype_BFLOAT8_B_layout_TILE.tensorbin of shape Shape([2048, 1, 64, 128])
2026-08-29 09:30:16.488 | DEBUG    | core:as_tensor:724 - Loaded cache for /proj_sw/user_dev/ctr-apbernal/tt-metal/model_cache/meta-llama/Llama-3.3-70B-Instruct/TG/tensor_cache_instruct_bfp8/kvcache_torch.Size([2048, 1, 64, 128])_dtype_BFLOAT8_B_layout_TILE.tensorbin of shape Shape([2048, 1, 64, 128])
2026-08-29 09:30:16.783 | DEBUG    | core:as_tensor:724 - Loaded cache for /proj_sw/user_dev/ctr-apbernal/tt-metal/model_cache/meta-llama/Llama-3.3-70B-Instruct/TG/tensor_cache_instruct_bfp8/layers.74.feed_forward.w1_shardedprefetcher_dtype_BFLOAT4_B_layout_TILE.tensorbin of shape Shape([1, 1, 2048, 3584])
2026-08-29 09:30:17.273 | DEBUG    | core:as_tensor:724 - Loaded cache for /proj_sw/user_dev/ctr-apbernal/tt-metal/model_cache/meta-llama/Llama-3.3-70B-Instruct/TG/tensor_cache_instruct_bfp8/layers.74.feed_forward.w2_shardedprefetcher_dtype_BFLOAT8_B_layout_TILE.tensorbin of shape Shape([1, 1, 3584, 2048])
2026-08-29 09:30:17.586 | DEBUG    | core:as_tensor:724 - Loaded cache for /proj_sw/user_dev/ctr-apbernal/tt-metal/model_cache/meta-llama/Llama-3.3-70B-Instruct/TG/tensor_cache_instruct_bfp8/layers.74.feed_forward.w3_shardedprefetcher_dtype_BFLOAT4_B_layout_TILE.tensorbin of shape Shape([1, 1, 2048, 3584])
2026-08-29 09:30:18.028 | DEBUG    | core:as_tensor:724 - Loaded cache for /proj_sw/user_dev/ctr-apbernal/tt-metal/model_cache/meta-llama/Llama-3.3-70B-Instruct/TG/tensor_cache_instruct_bfp8/layers.74.feed_forward.w1_interleavedprefetcher_dtype_BFLOAT4_B_layout_TILE.tensorbin of shape Shape([1, 1, 2048, 3584])
2026-08-29 09:30:18.519 | DEBUG    | core:as_tensor:724 - Loaded cache for /proj_sw/user_dev/ctr-apbernal/tt-metal/model_cache/meta-llama/Llama-3.3-70B-Instruct/TG/tensor_cache_instruct_bfp8/layers.74.feed_forward.w2_interleavedprefetcher_dtype_BFLOAT8_B_layout_TILE.tensorbin of shape Shape([1, 1, 3584, 2048])
2026-08-29 09:30:18.813 | DEBUG    | core:as_tensor:724 - Loaded cache for /proj_sw/user_dev/ctr-apbernal/tt-metal/model_cache/meta-llama/Llama-3.3-70B-Instruct/TG/tensor_cache_instruct_bfp8/layers.74.feed_forward.w3_interleavedprefetcher_dtype_BFLOAT4_B_layout_TILE.tensorbin of shape Shape([1, 1, 2048, 3584])
2026-08-29 09:30:18.820 | DEBUG    | core:as_tensor:724 - Loaded cache for /proj_sw/user_dev/ctr-apbernal/tt-metal/model_cache/meta-llama/Llama-3.3-70B-Instruct/TG/tensor_cache_instruct_bfp8/layers.74.attention_norm.weight_dtype_BFLOAT16_layout_ROW_MAJOR.tensorbin of shape Shape([1, 1, 256, 32])
2026-08-29 09:30:18.822 | DEBUG    | core:as_tensor:724 - Loaded cache for /proj_sw/user_dev/ctr-apbernal/tt-metal/model_cache/meta-llama/Llama-3.3-70B-Instruct/TG/tensor_cache_instruct_bfp8/layers.74.attention_norm.weight_distributed_dtype_BFLOAT16_layout_ROW_MAJOR.tensorbin of shape Shape([1, 1, 64, 32])
2026-08-29 09:30:18.824 | DEBUG    | core:as_tensor:724 - Loaded cache for /proj_sw/user_dev/ctr-apbernal/tt-metal/model_cache/meta-llama/Llama-3.3-70B-Instruct/TG/tensor_cache_instruct_bfp8/layers.74.ffn_norm.weight_dtype_BFLOAT16_layout_ROW_MAJOR.tensorbin of shape Shape([1, 1, 256, 32])
2026-08-29 09:30:18.828 | DEBUG    | core:as_tensor:724 - Loaded cache for /proj_sw/user_dev/ctr-apbernal/tt-metal/model_cache/meta-llama/Llama-3.3-70B-Instruct/TG/tensor_cache_instruct_bfp8/layers.74.ffn_norm.weight_distributed_dtype_BFLOAT16_layout_ROW_MAJOR.tensorbin of shape Shape([1, 1, 64, 32])
 94%|█████████▍| 75/80 [05:11<00:22,  4.50s/it]2026-08-29 09:30:19.300 | DEBUG    | core:as_tensor:724 - Loaded cache for /proj_sw/user_dev/ctr-apbernal/tt-metal/model_cache/meta-llama/Llama-3.3-70B-Instruct/TG/tensor_cache_instruct_bfp8/layers.75.attention.wqkv_sharded_2d_prefetcher_dtype_BFLOAT8_B_layout_TILE.tensorbin of shape Shape([1, 1, 2048, 1280])
2026-08-29 09:30:19.536 | DEBUG    | core:as_tensor:724 - Loaded cache for /proj_sw/user_dev/ctr-apbernal/tt-metal/model_cache/meta-llama/Llama-3.3-70B-Instruct/TG/tensor_cache_instruct_bfp8/layers.75.attention.wqkv_sharded_2d_dram_dtype_BFLOAT8_B_layout_TILE.tensorbin of shape Shape([1, 1, 2048, 1280])
2026-08-29 09:30:19.886 | DEBUG    | core:as_tensor:724 - Loaded cache for /proj_sw/user_dev/ctr-apbernal/tt-metal/model_cache/meta-llama/Llama-3.3-70B-Instruct/TG/tensor_cache_instruct_bfp8/layers.75.attention.wo_width_sharded_2d_prefetcher_dtype_BFLOAT8_B_layout_TILE.tensorbin of shape Shape([1, 1, 1024, 2048])
2026-08-29 09:30:20.144 | DEBUG    | core:as_tensor:724 - Loaded cache for /proj_sw/user_dev/ctr-apbernal/tt-metal/model_cache/meta-llama/Llama-3.3-70B-Instruct/TG/tensor_cache_instruct_bfp8/layers.75.attention.wo_width_sharded_2d_dram_dtype_BFLOAT8_B_layout_TILE.tensorbin of shape Shape([1, 1, 1024, 2048])
2026-08-29 09:30:20.767 | DEBUG    | core:as_tensor:724 - Loaded cache for /proj_sw/user_dev/ctr-apbernal/tt-metal/model_cache/meta-llama/Llama-3.3-70B-Instruct/TG/tensor_cache_instruct_bfp8/layers.75.attention.wo_col_sharded_dram_dtype_BFLOAT8_B_layout_TILE.tensorbin of shape Shape([1, 1, 8192, 2048])
2026-08-29 09:30:20.781 | DEBUG    | core:as_tensor:724 - Loaded cache for /proj_sw/user_dev/ctr-apbernal/tt-metal/model_cache/meta-llama/Llama-3.3-70B-Instruct/TG/tensor_cache_instruct_bfp8/kvcache_torch.Size([2048, 1, 64, 128])_dtype_BFLOAT8_B_layout_TILE.tensorbin of shape Shape([2048, 1, 64, 128])
2026-08-29 09:30:20.789 | DEBUG    | core:as_tensor:724 - Loaded cache for /proj_sw/user_dev/ctr-apbernal/tt-metal/model_cache/meta-llama/Llama-3.3-70B-Instruct/TG/tensor_cache_instruct_bfp8/kvcache_torch.Size([2048, 1, 64, 128])_dtype_BFLOAT8_B_layout_TILE.tensorbin of shape Shape([2048, 1, 64, 128])
2026-08-29 09:30:21.106 | DEBUG    | core:as_tensor:724 - Loaded cache for /proj_sw/user_dev/ctr-apbernal/tt-metal/model_cache/meta-llama/Llama-3.3-70B-Instruct/TG/tensor_cache_instruct_bfp8/layers.75.feed_forward.w1_shardedprefetcher_dtype_BFLOAT4_B_layout_TILE.tensorbin of shape Shape([1, 1, 2048, 3584])
2026-08-29 09:30:21.609 | DEBUG    | core:as_tensor:724 - Loaded cache for /proj_sw/user_dev/ctr-apbernal/tt-metal/model_cache/meta-llama/Llama-3.3-70B-Instruct/TG/tensor_cache_instruct_bfp8/layers.75.feed_forward.w2_shardedprefetcher_dtype_BFLOAT8_B_layout_TILE.tensorbin of shape Shape([1, 1, 3584, 2048])
2026-08-29 09:30:21.926 | DEBUG    | core:as_tensor:724 - Loaded cache for /proj_sw/user_dev/ctr-apbernal/tt-metal/model_cache/meta-llama/Llama-3.3-70B-Instruct/TG/tensor_cache_instruct_bfp8/layers.75.feed_forward.w3_shardedprefetcher_dtype_BFLOAT4_B_layout_TILE.tensorbin of shape Shape([1, 1, 2048, 3584])
2026-08-29 09:30:22.266 | DEBUG    | core:as_tensor:724 - Loaded cache for /proj_sw/user_dev/ctr-apbernal/tt-metal/model_cache/meta-llama/Llama-3.3-70B-Instruct/TG/tensor_cache_instruct_bfp8/layers.75.feed_forward.w1_interleavedprefetcher_dtype_BFLOAT4_B_layout_TILE.tensorbin of shape Shape([1, 1, 2048, 3584])
2026-08-29 09:30:22.786 | DEBUG    | core:as_tensor:724 - Loaded cache for /proj_sw/user_dev/ctr-apbernal/tt-metal/model_cache/meta-llama/Llama-3.3-70B-Instruct/TG/tensor_cache_instruct_bfp8/layers.75.feed_forward.w2_interleavedprefetcher_dtype_BFLOAT8_B_layout_TILE.tensorbin of shape Shape([1, 1, 3584, 2048])
2026-08-29 09:30:23.083 | DEBUG    | core:as_tensor:724 - Loaded cache for /proj_sw/user_dev/ctr-apbernal/tt-metal/model_cache/meta-llama/Llama-3.3-70B-Instruct/TG/tensor_cache_instruct_bfp8/layers.75.feed_forward.w3_interleavedprefetcher_dtype_BFLOAT4_B_layout_TILE.tensorbin of shape Shape([1, 1, 2048, 3584])
2026-08-29 09:30:23.086 | DEBUG    | core:as_tensor:724 - Loaded cache for /proj_sw/user_dev/ctr-apbernal/tt-metal/model_cache/meta-llama/Llama-3.3-70B-Instruct/TG/tensor_cache_instruct_bfp8/layers.75.attention_norm.weight_dtype_BFLOAT16_layout_ROW_MAJOR.tensorbin of shape Shape([1, 1, 256, 32])
2026-08-29 09:30:23.088 | DEBUG    | core:as_tensor:724 - Loaded cache for /proj_sw/user_dev/ctr-apbernal/tt-metal/model_cache/meta-llama/Llama-3.3-70B-Instruct/TG/tensor_cache_instruct_bfp8/layers.75.attention_norm.weight_distributed_dtype_BFLOAT16_layout_ROW_MAJOR.tensorbin of shape Shape([1, 1, 64, 32])
2026-08-29 09:30:23.090 | DEBUG    | core:as_tensor:724 - Loaded cache for /proj_sw/user_dev/ctr-apbernal/tt-metal/model_cache/meta-llama/Llama-3.3-70B-Instruct/TG/tensor_cache_instruct_bfp8/layers.75.ffn_norm.weight_dtype_BFLOAT16_layout_ROW_MAJOR.tensorbin of shape Shape([1, 1, 256, 32])
2026-08-29 09:30:23.092 | DEBUG    | core:as_tensor:724 - Loaded cache for /proj_sw/user_dev/ctr-apbernal/tt-metal/model_cache/meta-llama/Llama-3.3-70B-Instruct/TG/tensor_cache_instruct_bfp8/layers.75.ffn_norm.weight_distributed_dtype_BFLOAT16_layout_ROW_MAJOR.tensorbin of shape Shape([1, 1, 64, 32])
 95%|█████████▌| 76/80 [05:15<00:17,  4.43s/it]2026-08-29 09:30:23.493 | DEBUG    | core:as_tensor:724 - Loaded cache for /proj_sw/user_dev/ctr-apbernal/tt-metal/model_cache/meta-llama/Llama-3.3-70B-Instruct/TG/tensor_cache_instruct_bfp8/layers.76.attention.wqkv_sharded_2d_prefetcher_dtype_BFLOAT8_B_layout_TILE.tensorbin of shape Shape([1, 1, 2048, 1280])
2026-08-29 09:30:23.879 | DEBUG    | core:as_tensor:724 - Loaded cache for /proj_sw/user_dev/ctr-apbernal/tt-metal/model_cache/meta-llama/Llama-3.3-70B-Instruct/TG/tensor_cache_instruct_bfp8/layers.76.attention.wqkv_sharded_2d_dram_dtype_BFLOAT8_B_layout_TILE.tensorbin of shape Shape([1, 1, 2048, 1280])
2026-08-29 09:30:24.195 | DEBUG    | core:as_tensor:724 - Loaded cache for /proj_sw/user_dev/ctr-apbernal/tt-metal/model_cache/meta-llama/Llama-3.3-70B-Instruct/TG/tensor_cache_instruct_bfp8/layers.76.attention.wo_width_sharded_2d_prefetcher_dtype_BFLOAT8_B_layout_TILE.tensorbin of shape Shape([1, 1, 1024, 2048])
2026-08-29 09:30:24.520 | DEBUG    | core:as_tensor:724 - Loaded cache for /proj_sw/user_dev/ctr-apbernal/tt-metal/model_cache/meta-llama/Llama-3.3-70B-Instruct/TG/tensor_cache_instruct_bfp8/layers.76.attention.wo_width_sharded_2d_dram_dtype_BFLOAT8_B_layout_TILE.tensorbin of shape Shape([1, 1, 1024, 2048])
2026-08-29 09:30:24.990 | DEBUG    | core:as_tensor:724 - Loaded cache for /proj_sw/user_dev/ctr-apbernal/tt-metal/model_cache/meta-llama/Llama-3.3-70B-Instruct/TG/tensor_cache_instruct_bfp8/layers.76.attention.wo_col_sharded_dram_dtype_BFLOAT8_B_layout_TILE.tensorbin of shape Shape([1, 1, 8192, 2048])
2026-08-29 09:30:25.004 | DEBUG    | core:as_tensor:724 - Loaded cache for /proj_sw/user_dev/ctr-apbernal/tt-metal/model_cache/meta-llama/Llama-3.3-70B-Instruct/TG/tensor_cache_instruct_bfp8/kvcache_torch.Size([2048, 1, 64, 128])_dtype_BFLOAT8_B_layout_TILE.tensorbin of shape Shape([2048, 1, 64, 128])
2026-08-29 09:30:25.012 | DEBUG    | core:as_tensor:724 - Loaded cache for /proj_sw/user_dev/ctr-apbernal/tt-metal/model_cache/meta-llama/Llama-3.3-70B-Instruct/TG/tensor_cache_instruct_bfp8/kvcache_torch.Size([2048, 1, 64, 128])_dtype_BFLOAT8_B_layout_TILE.tensorbin of shape Shape([2048, 1, 64, 128])
2026-08-29 09:30:25.549 | DEBUG    | core:as_tensor:724 - Loaded cache for /proj_sw/user_dev/ctr-apbernal/tt-metal/model_cache/meta-llama/Llama-3.3-70B-Instruct/TG/tensor_cache_instruct_bfp8/layers.76.feed_forward.w1_shardedprefetcher_dtype_BFLOAT4_B_layout_TILE.tensorbin of shape Shape([1, 1, 2048, 3584])
2026-08-29 09:30:26.058 | DEBUG    | core:as_tensor:724 - Loaded cache for /proj_sw/user_dev/ctr-apbernal/tt-metal/model_cache/meta-llama/Llama-3.3-70B-Instruct/TG/tensor_cache_instruct_bfp8/layers.76.feed_forward.w2_shardedprefetcher_dtype_BFLOAT8_B_layout_TILE.tensorbin of shape Shape([1, 1, 3584, 2048])
2026-08-29 09:30:26.364 | DEBUG    | core:as_tensor:724 - Loaded cache for /proj_sw/user_dev/ctr-apbernal/tt-metal/model_cache/meta-llama/Llama-3.3-70B-Instruct/TG/tensor_cache_instruct_bfp8/layers.76.feed_forward.w3_shardedprefetcher_dtype_BFLOAT4_B_layout_TILE.tensorbin of shape Shape([1, 1, 2048, 3584])
2026-08-29 09:30:26.661 | DEBUG    | core:as_tensor:724 - Loaded cache for /proj_sw/user_dev/ctr-apbernal/tt-metal/model_cache/meta-llama/Llama-3.3-70B-Instruct/TG/tensor_cache_instruct_bfp8/layers.76.feed_forward.w1_interleavedprefetcher_dtype_BFLOAT4_B_layout_TILE.tensorbin of shape Shape([1, 1, 2048, 3584])
2026-08-29 09:30:27.166 | DEBUG    | core:as_tensor:724 - Loaded cache for /proj_sw/user_dev/ctr-apbernal/tt-metal/model_cache/meta-llama/Llama-3.3-70B-Instruct/TG/tensor_cache_instruct_bfp8/layers.76.feed_forward.w2_interleavedprefetcher_dtype_BFLOAT8_B_layout_TILE.tensorbin of shape Shape([1, 1, 3584, 2048])
2026-08-29 09:30:27.557 | DEBUG    | core:as_tensor:724 - Loaded cache for /proj_sw/user_dev/ctr-apbernal/tt-metal/model_cache/meta-llama/Llama-3.3-70B-Instruct/TG/tensor_cache_instruct_bfp8/layers.76.feed_forward.w3_interleavedprefetcher_dtype_BFLOAT4_B_layout_TILE.tensorbin of shape Shape([1, 1, 2048, 3584])
2026-08-29 09:30:27.560 | DEBUG    | core:as_tensor:724 - Loaded cache for /proj_sw/user_dev/ctr-apbernal/tt-metal/model_cache/meta-llama/Llama-3.3-70B-Instruct/TG/tensor_cache_instruct_bfp8/layers.76.attention_norm.weight_dtype_BFLOAT16_layout_ROW_MAJOR.tensorbin of shape Shape([1, 1, 256, 32])
2026-08-29 09:30:27.562 | DEBUG    | core:as_tensor:724 - Loaded cache for /proj_sw/user_dev/ctr-apbernal/tt-metal/model_cache/meta-llama/Llama-3.3-70B-Instruct/TG/tensor_cache_instruct_bfp8/layers.76.attention_norm.weight_distributed_dtype_BFLOAT16_layout_ROW_MAJOR.tensorbin of shape Shape([1, 1, 64, 32])
2026-08-29 09:30:27.564 | DEBUG    | core:as_tensor:724 - Loaded cache for /proj_sw/user_dev/ctr-apbernal/tt-metal/model_cache/meta-llama/Llama-3.3-70B-Instruct/TG/tensor_cache_instruct_bfp8/layers.76.ffn_norm.weight_dtype_BFLOAT16_layout_ROW_MAJOR.tensorbin of shape Shape([1, 1, 256, 32])
2026-08-29 09:30:27.567 | DEBUG    | core:as_tensor:724 - Loaded cache for /proj_sw/user_dev/ctr-apbernal/tt-metal/model_cache/meta-llama/Llama-3.3-70B-Instruct/TG/tensor_cache_instruct_bfp8/layers.76.ffn_norm.weight_distributed_dtype_BFLOAT16_layout_ROW_MAJOR.tensorbin of shape Shape([1, 1, 64, 32])
 96%|█████████▋| 77/80 [05:20<00:13,  4.44s/it]2026-08-29 09:30:27.809 | DEBUG    | core:as_tensor:724 - Loaded cache for /proj_sw/user_dev/ctr-apbernal/tt-metal/model_cache/meta-llama/Llama-3.3-70B-Instruct/TG/tensor_cache_instruct_bfp8/layers.77.attention.wqkv_sharded_2d_prefetcher_dtype_BFLOAT8_B_layout_TILE.tensorbin of shape Shape([1, 1, 2048, 1280])
2026-08-29 09:30:28.187 | DEBUG    | core:as_tensor:724 - Loaded cache for /proj_sw/user_dev/ctr-apbernal/tt-metal/model_cache/meta-llama/Llama-3.3-70B-Instruct/TG/tensor_cache_instruct_bfp8/layers.77.attention.wqkv_sharded_2d_dram_dtype_BFLOAT8_B_layout_TILE.tensorbin of shape Shape([1, 1, 2048, 1280])
2026-08-29 09:30:28.461 | DEBUG    | core:as_tensor:724 - Loaded cache for /proj_sw/user_dev/ctr-apbernal/tt-metal/model_cache/meta-llama/Llama-3.3-70B-Instruct/TG/tensor_cache_instruct_bfp8/layers.77.attention.wo_width_sharded_2d_prefetcher_dtype_BFLOAT8_B_layout_TILE.tensorbin of shape Shape([1, 1, 1024, 2048])
2026-08-29 09:30:28.740 | DEBUG    | core:as_tensor:724 - Loaded cache for /proj_sw/user_dev/ctr-apbernal/tt-metal/model_cache/meta-llama/Llama-3.3-70B-Instruct/TG/tensor_cache_instruct_bfp8/layers.77.attention.wo_width_sharded_2d_dram_dtype_BFLOAT8_B_layout_TILE.tensorbin of shape Shape([1, 1, 1024, 2048])
2026-08-29 09:30:29.118 | DEBUG    | core:as_tensor:724 - Loaded cache for /proj_sw/user_dev/ctr-apbernal/tt-metal/model_cache/meta-llama/Llama-3.3-70B-Instruct/TG/tensor_cache_instruct_bfp8/layers.77.attention.wo_col_sharded_dram_dtype_BFLOAT8_B_layout_TILE.tensorbin of shape Shape([1, 1, 8192, 2048])
2026-08-29 09:30:29.139 | DEBUG    | core:as_tensor:724 - Loaded cache for /proj_sw/user_dev/ctr-apbernal/tt-metal/model_cache/meta-llama/Llama-3.3-70B-Instruct/TG/tensor_cache_instruct_bfp8/kvcache_torch.Size([2048, 1, 64, 128])_dtype_BFLOAT8_B_layout_TILE.tensorbin of shape Shape([2048, 1, 64, 128])
2026-08-29 09:30:29.148 | DEBUG    | core:as_tensor:724 - Loaded cache for /proj_sw/user_dev/ctr-apbernal/tt-metal/model_cache/meta-llama/Llama-3.3-70B-Instruct/TG/tensor_cache_instruct_bfp8/kvcache_torch.Size([2048, 1, 64, 128])_dtype_BFLOAT8_B_layout_TILE.tensorbin of shape Shape([2048, 1, 64, 128])
2026-08-29 09:30:29.468 | DEBUG    | core:as_tensor:724 - Loaded cache for /proj_sw/user_dev/ctr-apbernal/tt-metal/model_cache/meta-llama/Llama-3.3-70B-Instruct/TG/tensor_cache_instruct_bfp8/layers.77.feed_forward.w1_shardedprefetcher_dtype_BFLOAT4_B_layout_TILE.tensorbin of shape Shape([1, 1, 2048, 3584])
2026-08-29 09:30:29.959 | DEBUG    | core:as_tensor:724 - Loaded cache for /proj_sw/user_dev/ctr-apbernal/tt-metal/model_cache/meta-llama/Llama-3.3-70B-Instruct/TG/tensor_cache_instruct_bfp8/layers.77.feed_forward.w2_shardedprefetcher_dtype_BFLOAT8_B_layout_TILE.tensorbin of shape Shape([1, 1, 3584, 2048])
2026-08-29 09:30:30.257 | DEBUG    | core:as_tensor:724 - Loaded cache for /proj_sw/user_dev/ctr-apbernal/tt-metal/model_cache/meta-llama/Llama-3.3-70B-Instruct/TG/tensor_cache_instruct_bfp8/layers.77.feed_forward.w3_shardedprefetcher_dtype_BFLOAT4_B_layout_TILE.tensorbin of shape Shape([1, 1, 2048, 3584])
2026-08-29 09:30:30.581 | DEBUG    | core:as_tensor:724 - Loaded cache for /proj_sw/user_dev/ctr-apbernal/tt-metal/model_cache/meta-llama/Llama-3.3-70B-Instruct/TG/tensor_cache_instruct_bfp8/layers.77.feed_forward.w1_interleavedprefetcher_dtype_BFLOAT4_B_layout_TILE.tensorbin of shape Shape([1, 1, 2048, 3584])
2026-08-29 09:30:31.078 | DEBUG    | core:as_tensor:724 - Loaded cache for /proj_sw/user_dev/ctr-apbernal/tt-metal/model_cache/meta-llama/Llama-3.3-70B-Instruct/TG/tensor_cache_instruct_bfp8/layers.77.feed_forward.w2_interleavedprefetcher_dtype_BFLOAT8_B_layout_TILE.tensorbin of shape Shape([1, 1, 3584, 2048])
2026-08-29 09:30:31.364 | DEBUG    | core:as_tensor:724 - Loaded cache for /proj_sw/user_dev/ctr-apbernal/tt-metal/model_cache/meta-llama/Llama-3.3-70B-Instruct/TG/tensor_cache_instruct_bfp8/layers.77.feed_forward.w3_interleavedprefetcher_dtype_BFLOAT4_B_layout_TILE.tensorbin of shape Shape([1, 1, 2048, 3584])
2026-08-29 09:30:31.369 | DEBUG    | core:as_tensor:724 - Loaded cache for /proj_sw/user_dev/ctr-apbernal/tt-metal/model_cache/meta-llama/Llama-3.3-70B-Instruct/TG/tensor_cache_instruct_bfp8/layers.77.attention_norm.weight_dtype_BFLOAT16_layout_ROW_MAJOR.tensorbin of shape Shape([1, 1, 256, 32])
2026-08-29 09:30:31.371 | DEBUG    | core:as_tensor:724 - Loaded cache for /proj_sw/user_dev/ctr-apbernal/tt-metal/model_cache/meta-llama/Llama-3.3-70B-Instruct/TG/tensor_cache_instruct_bfp8/layers.77.attention_norm.weight_distributed_dtype_BFLOAT16_layout_ROW_MAJOR.tensorbin of shape Shape([1, 1, 64, 32])
2026-08-29 09:30:31.373 | DEBUG    | core:as_tensor:724 - Loaded cache for /proj_sw/user_dev/ctr-apbernal/tt-metal/model_cache/meta-llama/Llama-3.3-70B-Instruct/TG/tensor_cache_instruct_bfp8/layers.77.ffn_norm.weight_dtype_BFLOAT16_layout_ROW_MAJOR.tensorbin of shape Shape([1, 1, 256, 32])
2026-08-29 09:30:31.375 | DEBUG    | core:as_tensor:724 - Loaded cache for /proj_sw/user_dev/ctr-apbernal/tt-metal/model_cache/meta-llama/Llama-3.3-70B-Instruct/TG/tensor_cache_instruct_bfp8/layers.77.ffn_norm.weight_distributed_dtype_BFLOAT16_layout_ROW_MAJOR.tensorbin of shape Shape([1, 1, 64, 32])
 98%|█████████▊| 78/80 [05:23<00:08,  4.25s/it]2026-08-29 09:30:31.657 | DEBUG    | core:as_tensor:724 - Loaded cache for /proj_sw/user_dev/ctr-apbernal/tt-metal/model_cache/meta-llama/Llama-3.3-70B-Instruct/TG/tensor_cache_instruct_bfp8/layers.78.attention.wqkv_sharded_2d_prefetcher_dtype_BFLOAT8_B_layout_TILE.tensorbin of shape Shape([1, 1, 2048, 1280])
2026-08-29 09:30:31.873 | DEBUG    | core:as_tensor:724 - Loaded cache for /proj_sw/user_dev/ctr-apbernal/tt-metal/model_cache/meta-llama/Llama-3.3-70B-Instruct/TG/tensor_cache_instruct_bfp8/layers.78.attention.wqkv_sharded_2d_dram_dtype_BFLOAT8_B_layout_TILE.tensorbin of shape Shape([1, 1, 2048, 1280])
2026-08-29 09:30:32.198 | DEBUG    | core:as_tensor:724 - Loaded cache for /proj_sw/user_dev/ctr-apbernal/tt-metal/model_cache/meta-llama/Llama-3.3-70B-Instruct/TG/tensor_cache_instruct_bfp8/layers.78.attention.wo_width_sharded_2d_prefetcher_dtype_BFLOAT8_B_layout_TILE.tensorbin of shape Shape([1, 1, 1024, 2048])
2026-08-29 09:30:32.525 | DEBUG    | core:as_tensor:724 - Loaded cache for /proj_sw/user_dev/ctr-apbernal/tt-metal/model_cache/meta-llama/Llama-3.3-70B-Instruct/TG/tensor_cache_instruct_bfp8/layers.78.attention.wo_width_sharded_2d_dram_dtype_BFLOAT8_B_layout_TILE.tensorbin of shape Shape([1, 1, 1024, 2048])
2026-08-29 09:30:32.976 | DEBUG    | core:as_tensor:724 - Loaded cache for /proj_sw/user_dev/ctr-apbernal/tt-metal/model_cache/meta-llama/Llama-3.3-70B-Instruct/TG/tensor_cache_instruct_bfp8/layers.78.attention.wo_col_sharded_dram_dtype_BFLOAT8_B_layout_TILE.tensorbin of shape Shape([1, 1, 8192, 2048])
2026-08-29 09:30:32.991 | DEBUG    | core:as_tensor:724 - Loaded cache for /proj_sw/user_dev/ctr-apbernal/tt-metal/model_cache/meta-llama/Llama-3.3-70B-Instruct/TG/tensor_cache_instruct_bfp8/kvcache_torch.Size([2048, 1, 64, 128])_dtype_BFLOAT8_B_layout_TILE.tensorbin of shape Shape([2048, 1, 64, 128])
2026-08-29 09:30:32.998 | DEBUG    | core:as_tensor:724 - Loaded cache for /proj_sw/user_dev/ctr-apbernal/tt-metal/model_cache/meta-llama/Llama-3.3-70B-Instruct/TG/tensor_cache_instruct_bfp8/kvcache_torch.Size([2048, 1, 64, 128])_dtype_BFLOAT8_B_layout_TILE.tensorbin of shape Shape([2048, 1, 64, 128])
2026-08-29 09:30:33.301 | DEBUG    | core:as_tensor:724 - Loaded cache for /proj_sw/user_dev/ctr-apbernal/tt-metal/model_cache/meta-llama/Llama-3.3-70B-Instruct/TG/tensor_cache_instruct_bfp8/layers.78.feed_forward.w1_shardedprefetcher_dtype_BFLOAT4_B_layout_TILE.tensorbin of shape Shape([1, 1, 2048, 3584])
2026-08-29 09:30:33.800 | DEBUG    | core:as_tensor:724 - Loaded cache for /proj_sw/user_dev/ctr-apbernal/tt-metal/model_cache/meta-llama/Llama-3.3-70B-Instruct/TG/tensor_cache_instruct_bfp8/layers.78.feed_forward.w2_shardedprefetcher_dtype_BFLOAT8_B_layout_TILE.tensorbin of shape Shape([1, 1, 3584, 2048])
2026-08-29 09:30:34.271 | DEBUG    | core:as_tensor:724 - Loaded cache for /proj_sw/user_dev/ctr-apbernal/tt-metal/model_cache/meta-llama/Llama-3.3-70B-Instruct/TG/tensor_cache_instruct_bfp8/layers.78.feed_forward.w3_shardedprefetcher_dtype_BFLOAT4_B_layout_TILE.tensorbin of shape Shape([1, 1, 2048, 3584])
2026-08-29 09:30:34.703 | DEBUG    | core:as_tensor:724 - Loaded cache for /proj_sw/user_dev/ctr-apbernal/tt-metal/model_cache/meta-llama/Llama-3.3-70B-Instruct/TG/tensor_cache_instruct_bfp8/layers.78.feed_forward.w1_interleavedprefetcher_dtype_BFLOAT4_B_layout_TILE.tensorbin of shape Shape([1, 1, 2048, 3584])
2026-08-29 09:30:35.210 | DEBUG    | core:as_tensor:724 - Loaded cache for /proj_sw/user_dev/ctr-apbernal/tt-metal/model_cache/meta-llama/Llama-3.3-70B-Instruct/TG/tensor_cache_instruct_bfp8/layers.78.feed_forward.w2_interleavedprefetcher_dtype_BFLOAT8_B_layout_TILE.tensorbin of shape Shape([1, 1, 3584, 2048])
2026-08-29 09:30:35.501 | DEBUG    | core:as_tensor:724 - Loaded cache for /proj_sw/user_dev/ctr-apbernal/tt-metal/model_cache/meta-llama/Llama-3.3-70B-Instruct/TG/tensor_cache_instruct_bfp8/layers.78.feed_forward.w3_interleavedprefetcher_dtype_BFLOAT4_B_layout_TILE.tensorbin of shape Shape([1, 1, 2048, 3584])
2026-08-29 09:30:35.506 | DEBUG    | core:as_tensor:724 - Loaded cache for /proj_sw/user_dev/ctr-apbernal/tt-metal/model_cache/meta-llama/Llama-3.3-70B-Instruct/TG/tensor_cache_instruct_bfp8/layers.78.attention_norm.weight_dtype_BFLOAT16_layout_ROW_MAJOR.tensorbin of shape Shape([1, 1, 256, 32])
2026-08-29 09:30:35.508 | DEBUG    | core:as_tensor:724 - Loaded cache for /proj_sw/user_dev/ctr-apbernal/tt-metal/model_cache/meta-llama/Llama-3.3-70B-Instruct/TG/tensor_cache_instruct_bfp8/layers.78.attention_norm.weight_distributed_dtype_BFLOAT16_layout_ROW_MAJOR.tensorbin of shape Shape([1, 1, 64, 32])
2026-08-29 09:30:35.510 | DEBUG    | core:as_tensor:724 - Loaded cache for /proj_sw/user_dev/ctr-apbernal/tt-metal/model_cache/meta-llama/Llama-3.3-70B-Instruct/TG/tensor_cache_instruct_bfp8/layers.78.ffn_norm.weight_dtype_BFLOAT16_layout_ROW_MAJOR.tensorbin of shape Shape([1, 1, 256, 32])
2026-08-29 09:30:35.513 | DEBUG    | core:as_tensor:724 - Loaded cache for /proj_sw/user_dev/ctr-apbernal/tt-metal/model_cache/meta-llama/Llama-3.3-70B-Instruct/TG/tensor_cache_instruct_bfp8/layers.78.ffn_norm.weight_distributed_dtype_BFLOAT16_layout_ROW_MAJOR.tensorbin of shape Shape([1, 1, 64, 32])
 99%|█████████▉| 79/80 [05:28<00:04,  4.22s/it]2026-08-29 09:30:35.837 | DEBUG    | core:as_tensor:724 - Loaded cache for /proj_sw/user_dev/ctr-apbernal/tt-metal/model_cache/meta-llama/Llama-3.3-70B-Instruct/TG/tensor_cache_instruct_bfp8/layers.79.attention.wqkv_sharded_2d_prefetcher_dtype_BFLOAT8_B_layout_TILE.tensorbin of shape Shape([1, 1, 2048, 1280])
2026-08-29 09:30:36.074 | DEBUG    | core:as_tensor:724 - Loaded cache for /proj_sw/user_dev/ctr-apbernal/tt-metal/model_cache/meta-llama/Llama-3.3-70B-Instruct/TG/tensor_cache_instruct_bfp8/layers.79.attention.wqkv_sharded_2d_dram_dtype_BFLOAT8_B_layout_TILE.tensorbin of shape Shape([1, 1, 2048, 1280])
2026-08-29 09:30:36.402 | DEBUG    | core:as_tensor:724 - Loaded cache for /proj_sw/user_dev/ctr-apbernal/tt-metal/model_cache/meta-llama/Llama-3.3-70B-Instruct/TG/tensor_cache_instruct_bfp8/layers.79.attention.wo_width_sharded_2d_prefetcher_dtype_BFLOAT8_B_layout_TILE.tensorbin of shape Shape([1, 1, 1024, 2048])
2026-08-29 09:30:36.736 | DEBUG    | core:as_tensor:724 - Loaded cache for /proj_sw/user_dev/ctr-apbernal/tt-metal/model_cache/meta-llama/Llama-3.3-70B-Instruct/TG/tensor_cache_instruct_bfp8/layers.79.attention.wo_width_sharded_2d_dram_dtype_BFLOAT8_B_layout_TILE.tensorbin of shape Shape([1, 1, 1024, 2048])
2026-08-29 09:30:37.187 | DEBUG    | core:as_tensor:724 - Loaded cache for /proj_sw/user_dev/ctr-apbernal/tt-metal/model_cache/meta-llama/Llama-3.3-70B-Instruct/TG/tensor_cache_instruct_bfp8/layers.79.attention.wo_col_sharded_dram_dtype_BFLOAT8_B_layout_TILE.tensorbin of shape Shape([1, 1, 8192, 2048])
2026-08-29 09:30:37.202 | DEBUG    | core:as_tensor:724 - Loaded cache for /proj_sw/user_dev/ctr-apbernal/tt-metal/model_cache/meta-llama/Llama-3.3-70B-Instruct/TG/tensor_cache_instruct_bfp8/kvcache_torch.Size([2048, 1, 64, 128])_dtype_BFLOAT8_B_layout_TILE.tensorbin of shape Shape([2048, 1, 64, 128])
2026-08-29 09:30:37.209 | DEBUG    | core:as_tensor:724 - Loaded cache for /proj_sw/user_dev/ctr-apbernal/tt-metal/model_cache/meta-llama/Llama-3.3-70B-Instruct/TG/tensor_cache_instruct_bfp8/kvcache_torch.Size([2048, 1, 64, 128])_dtype_BFLOAT8_B_layout_TILE.tensorbin of shape Shape([2048, 1, 64, 128])
2026-08-29 09:30:37.737 | DEBUG    | core:as_tensor:724 - Loaded cache for /proj_sw/user_dev/ctr-apbernal/tt-metal/model_cache/meta-llama/Llama-3.3-70B-Instruct/TG/tensor_cache_instruct_bfp8/layers.79.feed_forward.w1_shardedprefetcher_dtype_BFLOAT4_B_layout_TILE.tensorbin of shape Shape([1, 1, 2048, 3584])
2026-08-29 09:30:38.237 | DEBUG    | core:as_tensor:724 - Loaded cache for /proj_sw/user_dev/ctr-apbernal/tt-metal/model_cache/meta-llama/Llama-3.3-70B-Instruct/TG/tensor_cache_instruct_bfp8/layers.79.feed_forward.w2_shardedprefetcher_dtype_BFLOAT8_B_layout_TILE.tensorbin of shape Shape([1, 1, 3584, 2048])
2026-08-29 09:30:38.564 | DEBUG    | core:as_tensor:724 - Loaded cache for /proj_sw/user_dev/ctr-apbernal/tt-metal/model_cache/meta-llama/Llama-3.3-70B-Instruct/TG/tensor_cache_instruct_bfp8/layers.79.feed_forward.w3_shardedprefetcher_dtype_BFLOAT4_B_layout_TILE.tensorbin of shape Shape([1, 1, 2048, 3584])
2026-08-29 09:30:39.050 | DEBUG    | core:as_tensor:724 - Loaded cache for /proj_sw/user_dev/ctr-apbernal/tt-metal/model_cache/meta-llama/Llama-3.3-70B-Instruct/TG/tensor_cache_instruct_bfp8/layers.79.feed_forward.w1_interleavedprefetcher_dtype_BFLOAT4_B_layout_TILE.tensorbin of shape Shape([1, 1, 2048, 3584])
2026-08-29 09:30:39.562 | DEBUG    | core:as_tensor:724 - Loaded cache for /proj_sw/user_dev/ctr-apbernal/tt-metal/model_cache/meta-llama/Llama-3.3-70B-Instruct/TG/tensor_cache_instruct_bfp8/layers.79.feed_forward.w2_interleavedprefetcher_dtype_BFLOAT8_B_layout_TILE.tensorbin of shape Shape([1, 1, 3584, 2048])
2026-08-29 09:30:40.055 | DEBUG    | core:as_tensor:724 - Loaded cache for /proj_sw/user_dev/ctr-apbernal/tt-metal/model_cache/meta-llama/Llama-3.3-70B-Instruct/TG/tensor_cache_instruct_bfp8/layers.79.feed_forward.w3_interleavedprefetcher_dtype_BFLOAT4_B_layout_TILE.tensorbin of shape Shape([1, 1, 2048, 3584])
2026-08-29 09:30:40.061 | DEBUG    | core:as_tensor:724 - Loaded cache for /proj_sw/user_dev/ctr-apbernal/tt-metal/model_cache/meta-llama/Llama-3.3-70B-Instruct/TG/tensor_cache_instruct_bfp8/layers.79.attention_norm.weight_dtype_BFLOAT16_layout_ROW_MAJOR.tensorbin of shape Shape([1, 1, 256, 32])
2026-08-29 09:30:40.063 | DEBUG    | core:as_tensor:724 - Loaded cache for /proj_sw/user_dev/ctr-apbernal/tt-metal/model_cache/meta-llama/Llama-3.3-70B-Instruct/TG/tensor_cache_instruct_bfp8/layers.79.attention_norm.weight_distributed_dtype_BFLOAT16_layout_ROW_MAJOR.tensorbin of shape Shape([1, 1, 64, 32])
2026-08-29 09:30:40.065 | DEBUG    | core:as_tensor:724 - Loaded cache for /proj_sw/user_dev/ctr-apbernal/tt-metal/model_cache/meta-llama/Llama-3.3-70B-Instruct/TG/tensor_cache_instruct_bfp8/layers.79.ffn_norm.weight_dtype_BFLOAT16_layout_ROW_MAJOR.tensorbin of shape Shape([1, 1, 256, 32])
2026-08-29 09:30:40.067 | DEBUG    | core:as_tensor:724 - Loaded cache for /proj_sw/user_dev/ctr-apbernal/tt-metal/model_cache/meta-llama/Llama-3.3-70B-Instruct/TG/tensor_cache_instruct_bfp8/layers.79.ffn_norm.weight_distributed_dtype_BFLOAT16_layout_ROW_MAJOR.tensorbin of shape Shape([1, 1, 64, 32])
100%|██████████| 80/80 [05:32<00:00,  4.32s/it]100%|██████████| 80/80 [05:32<00:00,  4.16s/it]
2026-08-29 09:30:40.069 | DEBUG    | core:as_tensor:724 - Loaded cache for /proj_sw/user_dev/ctr-apbernal/tt-metal/model_cache/meta-llama/Llama-3.3-70B-Instruct/TG/tensor_cache_instruct_bfp8/norm.weight_dtype_BFLOAT16_layout_ROW_MAJOR.tensorbin of shape Shape([1, 1, 256, 32])
2026-08-29 09:30:40.071 | DEBUG    | core:as_tensor:724 - Loaded cache for /proj_sw/user_dev/ctr-apbernal/tt-metal/model_cache/meta-llama/Llama-3.3-70B-Instruct/TG/tensor_cache_instruct_bfp8/norm.weight_distributed_dtype_BFLOAT16_layout_ROW_MAJOR.tensorbin of shape Shape([1, 1, 64, 32])
2026-08-29 09:30:43.276 | DEBUG    | core:as_tensor:724 - Loaded cache for /proj_sw/user_dev/ctr-apbernal/tt-metal/model_cache/meta-llama/Llama-3.3-70B-Instruct/TG/tensor_cache_instruct_bfp8/output_lm_head_1_split_shard_0_dram_width_sharded_decode_dtype_BFLOAT8_B_layout_TILE.tensorbin of shape Shape([1, 1, 2048, 16384])
2026-08-29 09:30:45.630 | DEBUG    | core:as_tensor:724 - Loaded cache for /proj_sw/user_dev/ctr-apbernal/tt-metal/model_cache/meta-llama/Llama-3.3-70B-Instruct/TG/tensor_cache_instruct_bfp8/output_lm_head_1_split_shard_0_dram_prefill_dtype_BFLOAT8_B_layout_TILE.tensorbin of shape Shape([1, 1, 2048, 16384])
2026-08-29 09:30:45.872 | INFO     | models.demos.llama3_70b_galaxy.tt.prefetcher_common:__init__:33 - Running TtLlamaPrefetcherSetup
2026-08-29 09:30:45.910 | DEBUG    | core:as_tensor:724 - Loaded cache for /proj_sw/user_dev/ctr-apbernal/tt-metal/model_cache/meta-llama/Llama-3.3-70B-Instruct/TG/tensor_cache_instruct_bfp8/pb_rs_01_QKV_0_4096_dtype_BFLOAT8_B_layout_TILE.tensorbin of shape Shape([1, 1, 4096, 1280])
2026-08-29 09:30:45.916 | DEBUG    | core:as_tensor:724 - Loaded cache for /proj_sw/user_dev/ctr-apbernal/tt-metal/model_cache/meta-llama/Llama-3.3-70B-Instruct/TG/tensor_cache_instruct_bfp8/pb_rs_00_QKV_0_4096_dtype_BFLOAT8_B_layout_TILE.tensorbin of shape Shape([1, 1, 4096, 320])
2026-08-29 09:30:45.955 | DEBUG    | core:as_tensor:724 - Loaded cache for /proj_sw/user_dev/ctr-apbernal/tt-metal/model_cache/meta-llama/Llama-3.3-70B-Instruct/TG/tensor_cache_instruct_bfp8/pb_rs_01_FF1_0_4096_dtype_BFLOAT8_B_layout_TILE.tensorbin of shape Shape([1, 1, 4096, 3584])
2026-08-29 09:30:45.967 | DEBUG    | core:as_tensor:724 - Loaded cache for /proj_sw/user_dev/ctr-apbernal/tt-metal/model_cache/meta-llama/Llama-3.3-70B-Instruct/TG/tensor_cache_instruct_bfp8/pb_rs_00_FF1_0_4096_dtype_BFLOAT8_B_layout_TILE.tensorbin of shape Shape([1, 1, 4096, 896])
2026-08-29 09:30:46.008 | DEBUG    | core:as_tensor:724 - Loaded cache for /proj_sw/user_dev/ctr-apbernal/tt-metal/model_cache/meta-llama/Llama-3.3-70B-Instruct/TG/tensor_cache_instruct_bfp8/pb_rs_01_FF3_0_4096_dtype_BFLOAT8_B_layout_TILE.tensorbin of shape Shape([1, 1, 4096, 3584])
2026-08-29 09:30:46.024 | DEBUG    | core:as_tensor:724 - Loaded cache for /proj_sw/user_dev/ctr-apbernal/tt-metal/model_cache/meta-llama/Llama-3.3-70B-Instruct/TG/tensor_cache_instruct_bfp8/pb_rs_00_FF3_0_4096_dtype_BFLOAT8_B_layout_TILE.tensorbin of shape Shape([1, 1, 4096, 896])
2026-08-29 09:30:46.046 | DEBUG    | core:as_tensor:724 - Loaded cache for /proj_sw/user_dev/ctr-apbernal/tt-metal/model_cache/meta-llama/Llama-3.3-70B-Instruct/TG/tensor_cache_instruct_bfp8/pb_rs_01_FF2_0_4096_dtype_BFLOAT8_B_layout_TILE.tensorbin of shape Shape([1, 1, 4096, 2048])
2026-08-29 09:30:46.051 | DEBUG    | core:as_tensor:724 - Loaded cache for /proj_sw/user_dev/ctr-apbernal/tt-metal/model_cache/meta-llama/Llama-3.3-70B-Instruct/TG/tensor_cache_instruct_bfp8/pb_rs_00_FF2_0_4096_dtype_BFLOAT8_B_layout_TILE.tensorbin of shape Shape([1, 1, 4096, 256])
2026-08-29 09:30:46.057 | DEBUG    | core:as_tensor:724 - Loaded cache for /proj_sw/user_dev/ctr-apbernal/tt-metal/model_cache/meta-llama/Llama-3.3-70B-Instruct/TG/tensor_cache_instruct_bfp8/pb_rs_01_ATTN_REPLICATE_0_4096_dtype_BFLOAT8_B_layout_TILE.tensorbin of shape Shape([1, 1, 4096, 128])
2026-08-29 09:30:46.059 | DEBUG    | core:as_tensor:724 - Loaded cache for /proj_sw/user_dev/ctr-apbernal/tt-metal/model_cache/meta-llama/Llama-3.3-70B-Instruct/TG/tensor_cache_instruct_bfp8/pb_rs_00_ATTN_REPLICATE_0_4096_dtype_BFLOAT8_B_layout_TILE.tensorbin of shape Shape([1, 1, 4096, 32])
2026-08-29 09:30:46.074 | DEBUG    | core:as_tensor:724 - Loaded cache for /proj_sw/user_dev/ctr-apbernal/tt-metal/model_cache/meta-llama/Llama-3.3-70B-Instruct/TG/tensor_cache_instruct_bfp8/pb_rs_01_QKV_batched_0_4096_dtype_BFLOAT8_B_layout_TILE.tensorbin of shape Shape([1, 32, 128, 1280])
2026-08-29 09:30:46.080 | DEBUG    | core:as_tensor:724 - Loaded cache for /proj_sw/user_dev/ctr-apbernal/tt-metal/model_cache/meta-llama/Llama-3.3-70B-Instruct/TG/tensor_cache_instruct_bfp8/pb_rs_00_QKV_batched_0_4096_dtype_BFLOAT8_B_layout_TILE.tensorbin of shape Shape([1, 32, 128, 320])
2026-08-29 09:30:46.121 | DEBUG    | core:as_tensor:724 - Loaded cache for /proj_sw/user_dev/ctr-apbernal/tt-metal/model_cache/meta-llama/Llama-3.3-70B-Instruct/TG/tensor_cache_instruct_bfp8/pb_rs_01_FF1_batched_0_4096_dtype_BFLOAT8_B_layout_TILE.tensorbin of shape Shape([1, 32, 128, 3584])
2026-08-29 09:30:46.135 | DEBUG    | core:as_tensor:724 - Loaded cache for /proj_sw/user_dev/ctr-apbernal/tt-metal/model_cache/meta-llama/Llama-3.3-70B-Instruct/TG/tensor_cache_instruct_bfp8/pb_rs_00_FF1_batched_0_4096_dtype_BFLOAT8_B_layout_TILE.tensorbin of shape Shape([1, 32, 128, 896])
2026-08-29 09:30:46.177 | DEBUG    | core:as_tensor:724 - Loaded cache for /proj_sw/user_dev/ctr-apbernal/tt-metal/model_cache/meta-llama/Llama-3.3-70B-Instruct/TG/tensor_cache_instruct_bfp8/pb_rs_01_FF3_batched_0_4096_dtype_BFLOAT8_B_layout_TILE.tensorbin of shape Shape([1, 32, 128, 3584])
2026-08-29 09:30:46.191 | DEBUG    | core:as_tensor:724 - Loaded cache for /proj_sw/user_dev/ctr-apbernal/tt-metal/model_cache/meta-llama/Llama-3.3-70B-Instruct/TG/tensor_cache_instruct_bfp8/pb_rs_00_FF3_batched_0_4096_dtype_BFLOAT8_B_layout_TILE.tensorbin of shape Shape([1, 32, 128, 896])
2026-08-29 09:30:46.214 | DEBUG    | core:as_tensor:724 - Loaded cache for /proj_sw/user_dev/ctr-apbernal/tt-metal/model_cache/meta-llama/Llama-3.3-70B-Instruct/TG/tensor_cache_instruct_bfp8/pb_rs_01_FF2_batched_0_4096_dtype_BFLOAT8_B_layout_TILE.tensorbin of shape Shape([1, 32, 128, 2048])
2026-08-29 09:30:46.219 | DEBUG    | core:as_tensor:724 - Loaded cache for /proj_sw/user_dev/ctr-apbernal/tt-metal/model_cache/meta-llama/Llama-3.3-70B-Instruct/TG/tensor_cache_instruct_bfp8/pb_rs_00_FF2_batched_0_4096_dtype_BFLOAT8_B_layout_TILE.tensorbin of shape Shape([1, 32, 128, 256])
2026-08-29 09:30:46.228 | DEBUG    | core:as_tensor:724 - Loaded cache for /proj_sw/user_dev/ctr-apbernal/tt-metal/model_cache/meta-llama/Llama-3.3-70B-Instruct/TG/tensor_cache_instruct_bfp8/pb_rs_01_QKV_0_2048_dtype_BFLOAT8_B_layout_TILE.tensorbin of shape Shape([1, 1, 2048, 1280])
2026-08-29 09:30:46.232 | DEBUG    | core:as_tensor:724 - Loaded cache for /proj_sw/user_dev/ctr-apbernal/tt-metal/model_cache/meta-llama/Llama-3.3-70B-Instruct/TG/tensor_cache_instruct_bfp8/pb_rs_00_QKV_0_2048_dtype_BFLOAT8_B_layout_TILE.tensorbin of shape Shape([1, 1, 2048, 320])
2026-08-29 09:30:46.251 | DEBUG    | core:as_tensor:724 - Loaded cache for /proj_sw/user_dev/ctr-apbernal/tt-metal/model_cache/meta-llama/Llama-3.3-70B-Instruct/TG/tensor_cache_instruct_bfp8/pb_rs_01_FF1_0_2048_dtype_BFLOAT8_B_layout_TILE.tensorbin of shape Shape([1, 1, 2048, 3584])
2026-08-29 09:30:46.258 | DEBUG    | core:as_tensor:724 - Loaded cache for /proj_sw/user_dev/ctr-apbernal/tt-metal/model_cache/meta-llama/Llama-3.3-70B-Instruct/TG/tensor_cache_instruct_bfp8/pb_rs_00_FF1_0_2048_dtype_BFLOAT8_B_layout_TILE.tensorbin of shape Shape([1, 1, 2048, 896])
2026-08-29 09:30:46.279 | DEBUG    | core:as_tensor:724 - Loaded cache for /proj_sw/user_dev/ctr-apbernal/tt-metal/model_cache/meta-llama/Llama-3.3-70B-Instruct/TG/tensor_cache_instruct_bfp8/pb_rs_01_FF3_0_2048_dtype_BFLOAT8_B_layout_TILE.tensorbin of shape Shape([1, 1, 2048, 3584])
2026-08-29 09:30:46.289 | DEBUG    | core:as_tensor:724 - Loaded cache for /proj_sw/user_dev/ctr-apbernal/tt-metal/model_cache/meta-llama/Llama-3.3-70B-Instruct/TG/tensor_cache_instruct_bfp8/pb_rs_00_FF3_0_2048_dtype_BFLOAT8_B_layout_TILE.tensorbin of shape Shape([1, 1, 2048, 896])
2026-08-29 09:30:46.302 | DEBUG    | core:as_tensor:724 - Loaded cache for /proj_sw/user_dev/ctr-apbernal/tt-metal/model_cache/meta-llama/Llama-3.3-70B-Instruct/TG/tensor_cache_instruct_bfp8/pb_rs_01_FF2_0_2048_dtype_BFLOAT8_B_layout_TILE.tensorbin of shape Shape([1, 1, 2048, 2048])
2026-08-29 09:30:46.306 | DEBUG    | core:as_tensor:724 - Loaded cache for /proj_sw/user_dev/ctr-apbernal/tt-metal/model_cache/meta-llama/Llama-3.3-70B-Instruct/TG/tensor_cache_instruct_bfp8/pb_rs_00_FF2_0_2048_dtype_BFLOAT8_B_layout_TILE.tensorbin of shape Shape([1, 1, 2048, 256])
2026-08-29 09:30:46.310 | DEBUG    | core:as_tensor:724 - Loaded cache for /proj_sw/user_dev/ctr-apbernal/tt-metal/model_cache/meta-llama/Llama-3.3-70B-Instruct/TG/tensor_cache_instruct_bfp8/pb_rs_01_ATTN_REPLICATE_0_2048_dtype_BFLOAT8_B_layout_TILE.tensorbin of shape Shape([1, 1, 2048, 128])
2026-08-29 09:30:46.314 | DEBUG    | core:as_tensor:724 - Loaded cache for /proj_sw/user_dev/ctr-apbernal/tt-metal/model_cache/meta-llama/Llama-3.3-70B-Instruct/TG/tensor_cache_instruct_bfp8/pb_rs_00_ATTN_REPLICATE_0_2048_dtype_BFLOAT8_B_layout_TILE.tensorbin of shape Shape([1, 1, 2048, 32])
2026-08-29 09:30:46.322 | DEBUG    | core:as_tensor:724 - Loaded cache for /proj_sw/user_dev/ctr-apbernal/tt-metal/model_cache/meta-llama/Llama-3.3-70B-Instruct/TG/tensor_cache_instruct_bfp8/pb_rs_01_QKV_batched_0_2048_dtype_BFLOAT8_B_layout_TILE.tensorbin of shape Shape([1, 32, 64, 1280])
2026-08-29 09:30:46.328 | DEBUG    | core:as_tensor:724 - Loaded cache for /proj_sw/user_dev/ctr-apbernal/tt-metal/model_cache/meta-llama/Llama-3.3-70B-Instruct/TG/tensor_cache_instruct_bfp8/pb_rs_00_QKV_batched_0_2048_dtype_BFLOAT8_B_layout_TILE.tensorbin of shape Shape([1, 32, 64, 320])
2026-08-29 09:30:46.349 | DEBUG    | core:as_tensor:724 - Loaded cache for /proj_sw/user_dev/ctr-apbernal/tt-metal/model_cache/meta-llama/Llama-3.3-70B-Instruct/TG/tensor_cache_instruct_bfp8/pb_rs_01_FF1_batched_0_2048_dtype_BFLOAT8_B_layout_TILE.tensorbin of shape Shape([1, 32, 64, 3584])
2026-08-29 09:30:46.357 | DEBUG    | core:as_tensor:724 - Loaded cache for /proj_sw/user_dev/ctr-apbernal/tt-metal/model_cache/meta-llama/Llama-3.3-70B-Instruct/TG/tensor_cache_instruct_bfp8/pb_rs_00_FF1_batched_0_2048_dtype_BFLOAT8_B_layout_TILE.tensorbin of shape Shape([1, 32, 64, 896])
2026-08-29 09:30:46.377 | DEBUG    | core:as_tensor:724 - Loaded cache for /proj_sw/user_dev/ctr-apbernal/tt-metal/model_cache/meta-llama/Llama-3.3-70B-Instruct/TG/tensor_cache_instruct_bfp8/pb_rs_01_FF3_batched_0_2048_dtype_BFLOAT8_B_layout_TILE.tensorbin of shape Shape([1, 32, 64, 3584])
2026-08-29 09:30:46.384 | DEBUG    | core:as_tensor:724 - Loaded cache for /proj_sw/user_dev/ctr-apbernal/tt-metal/model_cache/meta-llama/Llama-3.3-70B-Instruct/TG/tensor_cache_instruct_bfp8/pb_rs_00_FF3_batched_0_2048_dtype_BFLOAT8_B_layout_TILE.tensorbin of shape Shape([1, 32, 64, 896])
2026-08-29 09:30:46.396 | DEBUG    | core:as_tensor:724 - Loaded cache for /proj_sw/user_dev/ctr-apbernal/tt-metal/model_cache/meta-llama/Llama-3.3-70B-Instruct/TG/tensor_cache_instruct_bfp8/pb_rs_01_FF2_batched_0_2048_dtype_BFLOAT8_B_layout_TILE.tensorbin of shape Shape([1, 32, 64, 2048])
2026-08-29 09:30:46.402 | DEBUG    | core:as_tensor:724 - Loaded cache for /proj_sw/user_dev/ctr-apbernal/tt-metal/model_cache/meta-llama/Llama-3.3-70B-Instruct/TG/tensor_cache_instruct_bfp8/pb_rs_00_FF2_batched_0_2048_dtype_BFLOAT8_B_layout_TILE.tensorbin of shape Shape([1, 32, 64, 256])
2026-08-29 09:30:46.408 | DEBUG    | core:as_tensor:724 - Loaded cache for /proj_sw/user_dev/ctr-apbernal/tt-metal/model_cache/meta-llama/Llama-3.3-70B-Instruct/TG/tensor_cache_instruct_bfp8/pb_rs_01_QKV_0_1024_dtype_BFLOAT8_B_layout_TILE.tensorbin of shape Shape([1, 1, 1024, 1280])
2026-08-29 09:30:46.415 | DEBUG    | core:as_tensor:724 - Loaded cache for /proj_sw/user_dev/ctr-apbernal/tt-metal/model_cache/meta-llama/Llama-3.3-70B-Instruct/TG/tensor_cache_instruct_bfp8/pb_rs_00_QKV_0_1024_dtype_BFLOAT8_B_layout_TILE.tensorbin of shape Shape([1, 1, 1024, 320])
2026-08-29 09:30:46.427 | DEBUG    | core:as_tensor:724 - Loaded cache for /proj_sw/user_dev/ctr-apbernal/tt-metal/model_cache/meta-llama/Llama-3.3-70B-Instruct/TG/tensor_cache_instruct_bfp8/pb_rs_01_FF1_0_1024_dtype_BFLOAT8_B_layout_TILE.tensorbin of shape Shape([1, 1, 1024, 3584])
2026-08-29 09:30:46.433 | DEBUG    | core:as_tensor:724 - Loaded cache for /proj_sw/user_dev/ctr-apbernal/tt-metal/model_cache/meta-llama/Llama-3.3-70B-Instruct/TG/tensor_cache_instruct_bfp8/pb_rs_00_FF1_0_1024_dtype_BFLOAT8_B_layout_TILE.tensorbin of shape Shape([1, 1, 1024, 896])
2026-08-29 09:30:46.445 | DEBUG    | core:as_tensor:724 - Loaded cache for /proj_sw/user_dev/ctr-apbernal/tt-metal/model_cache/meta-llama/Llama-3.3-70B-Instruct/TG/tensor_cache_instruct_bfp8/pb_rs_01_FF3_0_1024_dtype_BFLOAT8_B_layout_TILE.tensorbin of shape Shape([1, 1, 1024, 3584])
2026-08-29 09:30:46.451 | DEBUG    | core:as_tensor:724 - Loaded cache for /proj_sw/user_dev/ctr-apbernal/tt-metal/model_cache/meta-llama/Llama-3.3-70B-Instruct/TG/tensor_cache_instruct_bfp8/pb_rs_00_FF3_0_1024_dtype_BFLOAT8_B_layout_TILE.tensorbin of shape Shape([1, 1, 1024, 896])
2026-08-29 09:30:46.459 | DEBUG    | core:as_tensor:724 - Loaded cache for /proj_sw/user_dev/ctr-apbernal/tt-metal/model_cache/meta-llama/Llama-3.3-70B-Instruct/TG/tensor_cache_instruct_bfp8/pb_rs_01_FF2_0_1024_dtype_BFLOAT8_B_layout_TILE.tensorbin of shape Shape([1, 1, 1024, 2048])
2026-08-29 09:30:46.463 | DEBUG    | core:as_tensor:724 - Loaded cache for /proj_sw/user_dev/ctr-apbernal/tt-metal/model_cache/meta-llama/Llama-3.3-70B-Instruct/TG/tensor_cache_instruct_bfp8/pb_rs_00_FF2_0_1024_dtype_BFLOAT8_B_layout_TILE.tensorbin of shape Shape([1, 1, 1024, 256])
2026-08-29 09:30:46.468 | DEBUG    | core:as_tensor:724 - Loaded cache for /proj_sw/user_dev/ctr-apbernal/tt-metal/model_cache/meta-llama/Llama-3.3-70B-Instruct/TG/tensor_cache_instruct_bfp8/pb_rs_01_ATTN_REPLICATE_0_1024_dtype_BFLOAT8_B_layout_TILE.tensorbin of shape Shape([1, 1, 1024, 128])
2026-08-29 09:30:46.471 | DEBUG    | core:as_tensor:724 - Loaded cache for /proj_sw/user_dev/ctr-apbernal/tt-metal/model_cache/meta-llama/Llama-3.3-70B-Instruct/TG/tensor_cache_instruct_bfp8/pb_rs_00_ATTN_REPLICATE_0_1024_dtype_BFLOAT8_B_layout_TILE.tensorbin of shape Shape([1, 1, 1024, 32])
2026-08-29 09:30:46.477 | DEBUG    | core:as_tensor:724 - Loaded cache for /proj_sw/user_dev/ctr-apbernal/tt-metal/model_cache/meta-llama/Llama-3.3-70B-Instruct/TG/tensor_cache_instruct_bfp8/pb_rs_01_QKV_batched_0_1024_dtype_BFLOAT8_B_layout_TILE.tensorbin of shape Shape([1, 32, 32, 1280])
2026-08-29 09:30:46.483 | DEBUG    | core:as_tensor:724 - Loaded cache for /proj_sw/user_dev/ctr-apbernal/tt-metal/model_cache/meta-llama/Llama-3.3-70B-Instruct/TG/tensor_cache_instruct_bfp8/pb_rs_00_QKV_batched_0_1024_dtype_BFLOAT8_B_layout_TILE.tensorbin of shape Shape([1, 32, 32, 320])
2026-08-29 09:30:46.494 | DEBUG    | core:as_tensor:724 - Loaded cache for /proj_sw/user_dev/ctr-apbernal/tt-metal/model_cache/meta-llama/Llama-3.3-70B-Instruct/TG/tensor_cache_instruct_bfp8/pb_rs_01_FF1_batched_0_1024_dtype_BFLOAT8_B_layout_TILE.tensorbin of shape Shape([1, 32, 32, 3584])
2026-08-29 09:30:46.500 | DEBUG    | core:as_tensor:724 - Loaded cache for /proj_sw/user_dev/ctr-apbernal/tt-metal/model_cache/meta-llama/Llama-3.3-70B-Instruct/TG/tensor_cache_instruct_bfp8/pb_rs_00_FF1_batched_0_1024_dtype_BFLOAT8_B_layout_TILE.tensorbin of shape Shape([1, 32, 32, 896])
2026-08-29 09:30:46.514 | DEBUG    | core:as_tensor:724 - Loaded cache for /proj_sw/user_dev/ctr-apbernal/tt-metal/model_cache/meta-llama/Llama-3.3-70B-Instruct/TG/tensor_cache_instruct_bfp8/pb_rs_01_FF3_batched_0_1024_dtype_BFLOAT8_B_layout_TILE.tensorbin of shape Shape([1, 32, 32, 3584])
2026-08-29 09:30:46.520 | DEBUG    | core:as_tensor:724 - Loaded cache for /proj_sw/user_dev/ctr-apbernal/tt-metal/model_cache/meta-llama/Llama-3.3-70B-Instruct/TG/tensor_cache_instruct_bfp8/pb_rs_00_FF3_batched_0_1024_dtype_BFLOAT8_B_layout_TILE.tensorbin of shape Shape([1, 32, 32, 896])
2026-08-29 09:30:46.528 | DEBUG    | core:as_tensor:724 - Loaded cache for /proj_sw/user_dev/ctr-apbernal/tt-metal/model_cache/meta-llama/Llama-3.3-70B-Instruct/TG/tensor_cache_instruct_bfp8/pb_rs_01_FF2_batched_0_1024_dtype_BFLOAT8_B_layout_TILE.tensorbin of shape Shape([1, 32, 32, 2048])
2026-08-29 09:30:46.533 | DEBUG    | core:as_tensor:724 - Loaded cache for /proj_sw/user_dev/ctr-apbernal/tt-metal/model_cache/meta-llama/Llama-3.3-70B-Instruct/TG/tensor_cache_instruct_bfp8/pb_rs_00_FF2_batched_0_1024_dtype_BFLOAT8_B_layout_TILE.tensorbin of shape Shape([1, 32, 32, 256])
2026-08-29 09:30:46.537 | DEBUG    | core:as_tensor:724 - Loaded cache for /proj_sw/user_dev/ctr-apbernal/tt-metal/model_cache/meta-llama/Llama-3.3-70B-Instruct/TG/tensor_cache_instruct_bfp8/pb_rs_01_QKV_0_128_dtype_BFLOAT8_B_layout_TILE.tensorbin of shape Shape([1, 1, 128, 1280])
2026-08-29 09:30:46.541 | DEBUG    | core:as_tensor:724 - Loaded cache for /proj_sw/user_dev/ctr-apbernal/tt-metal/model_cache/meta-llama/Llama-3.3-70B-Instruct/TG/tensor_cache_instruct_bfp8/pb_rs_00_QKV_0_128_dtype_BFLOAT8_B_layout_TILE.tensorbin of shape Shape([1, 1, 128, 320])
2026-08-29 09:30:46.545 | DEBUG    | core:as_tensor:724 - Loaded cache for /proj_sw/user_dev/ctr-apbernal/tt-metal/model_cache/meta-llama/Llama-3.3-70B-Instruct/TG/tensor_cache_instruct_bfp8/pb_rs_01_FF1_0_128_dtype_BFLOAT8_B_layout_TILE.tensorbin of shape Shape([1, 1, 128, 3584])
2026-08-29 09:30:46.548 | DEBUG    | core:as_tensor:724 - Loaded cache for /proj_sw/user_dev/ctr-apbernal/tt-metal/model_cache/meta-llama/Llama-3.3-70B-Instruct/TG/tensor_cache_instruct_bfp8/pb_rs_00_FF1_0_128_dtype_BFLOAT8_B_layout_TILE.tensorbin of shape Shape([1, 1, 128, 896])
2026-08-29 09:30:46.552 | DEBUG    | core:as_tensor:724 - Loaded cache for /proj_sw/user_dev/ctr-apbernal/tt-metal/model_cache/meta-llama/Llama-3.3-70B-Instruct/TG/tensor_cache_instruct_bfp8/pb_rs_01_FF3_0_128_dtype_BFLOAT8_B_layout_TILE.tensorbin of shape Shape([1, 1, 128, 3584])
2026-08-29 09:30:46.554 | DEBUG    | core:as_tensor:724 - Loaded cache for /proj_sw/user_dev/ctr-apbernal/tt-metal/model_cache/meta-llama/Llama-3.3-70B-Instruct/TG/tensor_cache_instruct_bfp8/pb_rs_00_FF3_0_128_dtype_BFLOAT8_B_layout_TILE.tensorbin of shape Shape([1, 1, 128, 896])
2026-08-29 09:30:46.560 | DEBUG    | core:as_tensor:724 - Loaded cache for /proj_sw/user_dev/ctr-apbernal/tt-metal/model_cache/meta-llama/Llama-3.3-70B-Instruct/TG/tensor_cache_instruct_bfp8/pb_rs_01_FF2_0_128_dtype_BFLOAT8_B_layout_TILE.tensorbin of shape Shape([1, 1, 128, 2048])
2026-08-29 09:30:46.562 | DEBUG    | core:as_tensor:724 - Loaded cache for /proj_sw/user_dev/ctr-apbernal/tt-metal/model_cache/meta-llama/Llama-3.3-70B-Instruct/TG/tensor_cache_instruct_bfp8/pb_rs_00_FF2_0_128_dtype_BFLOAT8_B_layout_TILE.tensorbin of shape Shape([1, 1, 128, 256])
2026-08-29 09:30:46.564 | DEBUG    | core:as_tensor:724 - Loaded cache for /proj_sw/user_dev/ctr-apbernal/tt-metal/model_cache/meta-llama/Llama-3.3-70B-Instruct/TG/tensor_cache_instruct_bfp8/pb_rs_01_ATTN_REPLICATE_0_128_dtype_BFLOAT8_B_layout_TILE.tensorbin of shape Shape([1, 1, 128, 128])
2026-08-29 09:30:46.566 | DEBUG    | core:as_tensor:724 - Loaded cache for /proj_sw/user_dev/ctr-apbernal/tt-metal/model_cache/meta-llama/Llama-3.3-70B-Instruct/TG/tensor_cache_instruct_bfp8/pb_rs_00_ATTN_REPLICATE_0_128_dtype_BFLOAT8_B_layout_TILE.tensorbin of shape Shape([1, 1, 128, 32])
2026-08-29 09:30:46.573 | DEBUG    | core:as_tensor:724 - Loaded cache for /proj_sw/user_dev/ctr-apbernal/tt-metal/model_cache/meta-llama/Llama-3.3-70B-Instruct/TG/tensor_cache_instruct_bfp8/pb_rs_01_QKV_batched_0_128_dtype_BFLOAT8_B_layout_TILE.tensorbin of shape Shape([1, 32, 4, 1280])
2026-08-29 09:30:46.580 | DEBUG    | core:as_tensor:724 - Loaded cache for /proj_sw/user_dev/ctr-apbernal/tt-metal/model_cache/meta-llama/Llama-3.3-70B-Instruct/TG/tensor_cache_instruct_bfp8/pb_rs_00_QKV_batched_0_128_dtype_BFLOAT8_B_layout_TILE.tensorbin of shape Shape([1, 32, 4, 320])
2026-08-29 09:30:46.591 | DEBUG    | core:as_tensor:724 - Loaded cache for /proj_sw/user_dev/ctr-apbernal/tt-metal/model_cache/meta-llama/Llama-3.3-70B-Instruct/TG/tensor_cache_instruct_bfp8/pb_rs_01_FF1_batched_0_128_dtype_BFLOAT8_B_layout_TILE.tensorbin of shape Shape([1, 32, 4, 3584])
2026-08-29 09:30:46.597 | DEBUG    | core:as_tensor:724 - Loaded cache for /proj_sw/user_dev/ctr-apbernal/tt-metal/model_cache/meta-llama/Llama-3.3-70B-Instruct/TG/tensor_cache_instruct_bfp8/pb_rs_00_FF1_batched_0_128_dtype_BFLOAT8_B_layout_TILE.tensorbin of shape Shape([1, 32, 4, 896])
2026-08-29 09:30:46.609 | DEBUG    | core:as_tensor:724 - Loaded cache for /proj_sw/user_dev/ctr-apbernal/tt-metal/model_cache/meta-llama/Llama-3.3-70B-Instruct/TG/tensor_cache_instruct_bfp8/pb_rs_01_FF3_batched_0_128_dtype_BFLOAT8_B_layout_TILE.tensorbin of shape Shape([1, 32, 4, 3584])
2026-08-29 09:30:46.615 | DEBUG    | core:as_tensor:724 - Loaded cache for /proj_sw/user_dev/ctr-apbernal/tt-metal/model_cache/meta-llama/Llama-3.3-70B-Instruct/TG/tensor_cache_instruct_bfp8/pb_rs_00_FF3_batched_0_128_dtype_BFLOAT8_B_layout_TILE.tensorbin of shape Shape([1, 32, 4, 896])
2026-08-29 09:30:46.623 | DEBUG    | core:as_tensor:724 - Loaded cache for /proj_sw/user_dev/ctr-apbernal/tt-metal/model_cache/meta-llama/Llama-3.3-70B-Instruct/TG/tensor_cache_instruct_bfp8/pb_rs_01_FF2_batched_0_128_dtype_BFLOAT8_B_layout_TILE.tensorbin of shape Shape([1, 32, 4, 2048])
2026-08-29 09:30:46.625 | DEBUG    | core:as_tensor:724 - Loaded cache for /proj_sw/user_dev/ctr-apbernal/tt-metal/model_cache/meta-llama/Llama-3.3-70B-Instruct/TG/tensor_cache_instruct_bfp8/pb_rs_00_FF2_batched_0_128_dtype_BFLOAT8_B_layout_TILE.tensorbin of shape Shape([1, 32, 4, 256])
2026-08-29 09:30:46.640 | DEBUG    | core:as_tensor:724 - Loaded cache for /proj_sw/user_dev/ctr-apbernal/tt-metal/model_cache/meta-llama/Llama-3.3-70B-Instruct/TG/tensor_cache_instruct_bfp8/pb_ag_QKV4096_dtype_BFLOAT8_B_layout_TILE.tensorbin of shape Shape([1, 1, 4096, 1280])
2026-08-29 09:30:46.648 | DEBUG    | core:as_tensor:724 - Loaded cache for /proj_sw/user_dev/ctr-apbernal/tt-metal/model_cache/meta-llama/Llama-3.3-70B-Instruct/TG/tensor_cache_instruct_bfp8/pb_ag_SDPA4096_dtype_BFLOAT8_B_layout_TILE.tensorbin of shape Shape([1, 1, 2048, 1024])
2026-08-29 09:30:46.656 | DEBUG    | core:as_tensor:724 - Loaded cache for /proj_sw/user_dev/ctr-apbernal/tt-metal/model_cache/meta-llama/Llama-3.3-70B-Instruct/TG/tensor_cache_instruct_bfp8/pb_ag_SDPA_REVERSE4096_dtype_BFLOAT8_B_layout_TILE.tensorbin of shape Shape([1, 1, 2048, 1024])
2026-08-29 09:30:46.827 | DEBUG    | core:as_tensor:724 - Loaded cache for /proj_sw/user_dev/ctr-apbernal/tt-metal/model_cache/meta-llama/Llama-3.3-70B-Instruct/TG/tensor_cache_instruct_bfp8/pb_ag_WO_AG4096_dtype_BFLOAT8_B_layout_TILE.tensorbin of shape Shape([8, 1, 4096, 2048])
2026-08-29 09:30:46.882 | DEBUG    | core:as_tensor:724 - Loaded cache for /proj_sw/user_dev/ctr-apbernal/tt-metal/model_cache/meta-llama/Llama-3.3-70B-Instruct/TG/tensor_cache_instruct_bfp8/pb_ag_FF14096_dtype_BFLOAT8_B_layout_TILE.tensorbin of shape Shape([1, 1, 4096, 3584])
2026-08-29 09:30:46.927 | DEBUG    | core:as_tensor:724 - Loaded cache for /proj_sw/user_dev/ctr-apbernal/tt-metal/model_cache/meta-llama/Llama-3.3-70B-Instruct/TG/tensor_cache_instruct_bfp8/pb_ag_FF34096_dtype_BFLOAT8_B_layout_TILE.tensorbin of shape Shape([1, 1, 4096, 3584])
2026-08-29 09:30:46.957 | DEBUG    | core:as_tensor:724 - Loaded cache for /proj_sw/user_dev/ctr-apbernal/tt-metal/model_cache/meta-llama/Llama-3.3-70B-Instruct/TG/tensor_cache_instruct_bfp8/pb_ag_FF24096_dtype_BFLOAT8_B_layout_TILE.tensorbin of shape Shape([1, 1, 4096, 2048])
2026-08-29 09:30:46.964 | DEBUG    | core:as_tensor:724 - Loaded cache for /proj_sw/user_dev/ctr-apbernal/tt-metal/model_cache/meta-llama/Llama-3.3-70B-Instruct/TG/tensor_cache_instruct_bfp8/pb_ag_LAYERNORM4096_dtype_BFLOAT16_layout_TILE.tensorbin of shape Shape([1, 1, 4096, 128])
2026-08-29 09:30:46.969 | DEBUG    | core:as_tensor:724 - Loaded cache for /proj_sw/user_dev/ctr-apbernal/tt-metal/model_cache/meta-llama/Llama-3.3-70B-Instruct/TG/tensor_cache_instruct_bfp8/pb_ag_ATTN_REPLICATE4096_dtype_BFLOAT8_B_layout_TILE.tensorbin of shape Shape([1, 1, 4096, 128])
2026-08-29 09:30:46.978 | DEBUG    | core:as_tensor:724 - Loaded cache for /proj_sw/user_dev/ctr-apbernal/tt-metal/model_cache/meta-llama/Llama-3.3-70B-Instruct/TG/tensor_cache_instruct_bfp8/pb_ag_QKV2048_dtype_BFLOAT8_B_layout_TILE.tensorbin of shape Shape([1, 1, 2048, 1280])
2026-08-29 09:30:46.983 | DEBUG    | core:as_tensor:724 - Loaded cache for /proj_sw/user_dev/ctr-apbernal/tt-metal/model_cache/meta-llama/Llama-3.3-70B-Instruct/TG/tensor_cache_instruct_bfp8/pb_ag_SDPA2048_dtype_BFLOAT8_B_layout_TILE.tensorbin of shape Shape([1, 1, 1024, 1024])
2026-08-29 09:30:46.989 | DEBUG    | core:as_tensor:724 - Loaded cache for /proj_sw/user_dev/ctr-apbernal/tt-metal/model_cache/meta-llama/Llama-3.3-70B-Instruct/TG/tensor_cache_instruct_bfp8/pb_ag_SDPA_REVERSE2048_dtype_BFLOAT8_B_layout_TILE.tensorbin of shape Shape([1, 1, 1024, 1024])
2026-08-29 09:30:47.076 | DEBUG    | core:as_tensor:724 - Loaded cache for /proj_sw/user_dev/ctr-apbernal/tt-metal/model_cache/meta-llama/Llama-3.3-70B-Instruct/TG/tensor_cache_instruct_bfp8/pb_ag_WO_AG2048_dtype_BFLOAT8_B_layout_TILE.tensorbin of shape Shape([8, 1, 2048, 2048])
2026-08-29 09:30:47.106 | DEBUG    | core:as_tensor:724 - Loaded cache for /proj_sw/user_dev/ctr-apbernal/tt-metal/model_cache/meta-llama/Llama-3.3-70B-Instruct/TG/tensor_cache_instruct_bfp8/pb_ag_FF12048_dtype_BFLOAT8_B_layout_TILE.tensorbin of shape Shape([1, 1, 2048, 3584])
2026-08-29 09:30:47.127 | DEBUG    | core:as_tensor:724 - Loaded cache for /proj_sw/user_dev/ctr-apbernal/tt-metal/model_cache/meta-llama/Llama-3.3-70B-Instruct/TG/tensor_cache_instruct_bfp8/pb_ag_FF32048_dtype_BFLOAT8_B_layout_TILE.tensorbin of shape Shape([1, 1, 2048, 3584])
2026-08-29 09:30:47.141 | DEBUG    | core:as_tensor:724 - Loaded cache for /proj_sw/user_dev/ctr-apbernal/tt-metal/model_cache/meta-llama/Llama-3.3-70B-Instruct/TG/tensor_cache_instruct_bfp8/pb_ag_FF22048_dtype_BFLOAT8_B_layout_TILE.tensorbin of shape Shape([1, 1, 2048, 2048])
2026-08-29 09:30:47.146 | DEBUG    | core:as_tensor:724 - Loaded cache for /proj_sw/user_dev/ctr-apbernal/tt-metal/model_cache/meta-llama/Llama-3.3-70B-Instruct/TG/tensor_cache_instruct_bfp8/pb_ag_LAYERNORM2048_dtype_BFLOAT16_layout_TILE.tensorbin of shape Shape([1, 1, 2048, 128])
2026-08-29 09:30:47.148 | DEBUG    | core:as_tensor:724 - Loaded cache for /proj_sw/user_dev/ctr-apbernal/tt-metal/model_cache/meta-llama/Llama-3.3-70B-Instruct/TG/tensor_cache_instruct_bfp8/pb_ag_ATTN_REPLICATE2048_dtype_BFLOAT8_B_layout_TILE.tensorbin of shape Shape([1, 1, 2048, 128])
2026-08-29 09:30:47.154 | DEBUG    | core:as_tensor:724 - Loaded cache for /proj_sw/user_dev/ctr-apbernal/tt-metal/model_cache/meta-llama/Llama-3.3-70B-Instruct/TG/tensor_cache_instruct_bfp8/pb_ag_QKV1024_dtype_BFLOAT8_B_layout_TILE.tensorbin of shape Shape([1, 1, 1024, 1280])
2026-08-29 09:30:47.160 | DEBUG    | core:as_tensor:724 - Loaded cache for /proj_sw/user_dev/ctr-apbernal/tt-metal/model_cache/meta-llama/Llama-3.3-70B-Instruct/TG/tensor_cache_instruct_bfp8/pb_ag_SDPA1024_dtype_BFLOAT8_B_layout_TILE.tensorbin of shape Shape([1, 1, 512, 1024])
2026-08-29 09:30:47.164 | DEBUG    | core:as_tensor:724 - Loaded cache for /proj_sw/user_dev/ctr-apbernal/tt-metal/model_cache/meta-llama/Llama-3.3-70B-Instruct/TG/tensor_cache_instruct_bfp8/pb_ag_SDPA_REVERSE1024_dtype_BFLOAT8_B_layout_TILE.tensorbin of shape Shape([1, 1, 512, 1024])
2026-08-29 09:30:47.212 | DEBUG    | core:as_tensor:724 - Loaded cache for /proj_sw/user_dev/ctr-apbernal/tt-metal/model_cache/meta-llama/Llama-3.3-70B-Instruct/TG/tensor_cache_instruct_bfp8/pb_ag_WO_AG1024_dtype_BFLOAT8_B_layout_TILE.tensorbin of shape Shape([8, 1, 1024, 2048])
2026-08-29 09:30:47.228 | DEBUG    | core:as_tensor:724 - Loaded cache for /proj_sw/user_dev/ctr-apbernal/tt-metal/model_cache/meta-llama/Llama-3.3-70B-Instruct/TG/tensor_cache_instruct_bfp8/pb_ag_FF11024_dtype_BFLOAT8_B_layout_TILE.tensorbin of shape Shape([1, 1, 1024, 3584])
2026-08-29 09:30:47.239 | DEBUG    | core:as_tensor:724 - Loaded cache for /proj_sw/user_dev/ctr-apbernal/tt-metal/model_cache/meta-llama/Llama-3.3-70B-Instruct/TG/tensor_cache_instruct_bfp8/pb_ag_FF31024_dtype_BFLOAT8_B_layout_TILE.tensorbin of shape Shape([1, 1, 1024, 3584])
2026-08-29 09:30:47.247 | DEBUG    | core:as_tensor:724 - Loaded cache for /proj_sw/user_dev/ctr-apbernal/tt-metal/model_cache/meta-llama/Llama-3.3-70B-Instruct/TG/tensor_cache_instruct_bfp8/pb_ag_FF21024_dtype_BFLOAT8_B_layout_TILE.tensorbin of shape Shape([1, 1, 1024, 2048])
2026-08-29 09:30:47.251 | DEBUG    | core:as_tensor:724 - Loaded cache for /proj_sw/user_dev/ctr-apbernal/tt-metal/model_cache/meta-llama/Llama-3.3-70B-Instruct/TG/tensor_cache_instruct_bfp8/pb_ag_LAYERNORM1024_dtype_BFLOAT16_layout_TILE.tensorbin of shape Shape([1, 1, 1024, 128])
2026-08-29 09:30:47.257 | DEBUG    | core:as_tensor:724 - Loaded cache for /proj_sw/user_dev/ctr-apbernal/tt-metal/model_cache/meta-llama/Llama-3.3-70B-Instruct/TG/tensor_cache_instruct_bfp8/pb_ag_ATTN_REPLICATE1024_dtype_BFLOAT8_B_layout_TILE.tensorbin of shape Shape([1, 1, 1024, 128])
2026-08-29 09:30:47.260 | DEBUG    | core:as_tensor:724 - Loaded cache for /proj_sw/user_dev/ctr-apbernal/tt-metal/model_cache/meta-llama/Llama-3.3-70B-Instruct/TG/tensor_cache_instruct_bfp8/pb_ag_QKV128_dtype_BFLOAT8_B_layout_TILE.tensorbin of shape Shape([1, 1, 128, 1280])
2026-08-29 09:30:47.264 | DEBUG    | core:as_tensor:724 - Loaded cache for /proj_sw/user_dev/ctr-apbernal/tt-metal/model_cache/meta-llama/Llama-3.3-70B-Instruct/TG/tensor_cache_instruct_bfp8/pb_ag_SDPA128_dtype_BFLOAT8_B_layout_TILE.tensorbin of shape Shape([1, 1, 64, 1024])
2026-08-29 09:30:47.269 | DEBUG    | core:as_tensor:724 - Loaded cache for /proj_sw/user_dev/ctr-apbernal/tt-metal/model_cache/meta-llama/Llama-3.3-70B-Instruct/TG/tensor_cache_instruct_bfp8/pb_ag_SDPA_REVERSE128_dtype_BFLOAT8_B_layout_TILE.tensorbin of shape Shape([1, 1, 64, 1024])
2026-08-29 09:30:47.277 | DEBUG    | core:as_tensor:724 - Loaded cache for /proj_sw/user_dev/ctr-apbernal/tt-metal/model_cache/meta-llama/Llama-3.3-70B-Instruct/TG/tensor_cache_instruct_bfp8/pb_ag_WO_AG128_dtype_BFLOAT8_B_layout_TILE.tensorbin of shape Shape([8, 1, 128, 2048])
2026-08-29 09:30:47.281 | DEBUG    | core:as_tensor:724 - Loaded cache for /proj_sw/user_dev/ctr-apbernal/tt-metal/model_cache/meta-llama/Llama-3.3-70B-Instruct/TG/tensor_cache_instruct_bfp8/pb_ag_FF1128_dtype_BFLOAT8_B_layout_TILE.tensorbin of shape Shape([1, 1, 128, 3584])
2026-08-29 09:30:47.285 | DEBUG    | core:as_tensor:724 - Loaded cache for /proj_sw/user_dev/ctr-apbernal/tt-metal/model_cache/meta-llama/Llama-3.3-70B-Instruct/TG/tensor_cache_instruct_bfp8/pb_ag_FF3128_dtype_BFLOAT8_B_layout_TILE.tensorbin of shape Shape([1, 1, 128, 3584])
2026-08-29 09:30:47.289 | DEBUG    | core:as_tensor:724 - Loaded cache for /proj_sw/user_dev/ctr-apbernal/tt-metal/model_cache/meta-llama/Llama-3.3-70B-Instruct/TG/tensor_cache_instruct_bfp8/pb_ag_FF2128_dtype_BFLOAT8_B_layout_TILE.tensorbin of shape Shape([1, 1, 128, 2048])
2026-08-29 09:30:47.291 | DEBUG    | core:as_tensor:724 - Loaded cache for /proj_sw/user_dev/ctr-apbernal/tt-metal/model_cache/meta-llama/Llama-3.3-70B-Instruct/TG/tensor_cache_instruct_bfp8/pb_ag_LAYERNORM128_dtype_BFLOAT16_layout_TILE.tensorbin of shape Shape([1, 1, 128, 128])
2026-08-29 09:30:47.293 | DEBUG    | core:as_tensor:724 - Loaded cache for /proj_sw/user_dev/ctr-apbernal/tt-metal/model_cache/meta-llama/Llama-3.3-70B-Instruct/TG/tensor_cache_instruct_bfp8/pb_ag_ATTN_REPLICATE128_dtype_BFLOAT8_B_layout_TILE.tensorbin of shape Shape([1, 1, 128, 128])
2026-08-29 09:30:47.301 | DEBUG    | core:as_tensor:724 - Loaded cache for /proj_sw/user_dev/ctr-apbernal/tt-metal/model_cache/meta-llama/Llama-3.3-70B-Instruct/TG/tensor_cache_instruct_bfp8/pb_ag_LM_HEAD_32_dtype_BFLOAT8_B_layout_TILE.tensorbin of shape Shape([4, 1, 32, 16384])
2026-08-29 09:30:47.313 | DEBUG    | core:as_tensor:724 - Loaded cache for /proj_sw/user_dev/ctr-apbernal/tt-metal/model_cache/meta-llama/Llama-3.3-70B-Instruct/TG/tensor_cache_instruct_bfp8/pb_ag_SAMPLING_32_dtype_BFLOAT8_B_layout_TILE.tensorbin of shape Shape([1, 1, 32, 131072])
2026-08-29 09:30:47.313 | INFO     | models.demos.llama3_70b_galaxy.tt.prefetcher_common:__init__:33 - Running TtLlamaPrefetcherSetup
2026-08-29 09:30:47.339 | DEBUG    | core:as_tensor:724 - Loaded cache for /proj_sw/user_dev/ctr-apbernal/tt-metal/model_cache/meta-llama/Llama-3.3-70B-Instruct/TG/tensor_cache_instruct_bfp8/pb_rs_01_QKV_0_4096_dtype_BFLOAT8_B_layout_TILE.tensorbin of shape Shape([1, 1, 4096, 1280])
2026-08-29 09:30:47.343 | DEBUG    | core:as_tensor:724 - Loaded cache for /proj_sw/user_dev/ctr-apbernal/tt-metal/model_cache/meta-llama/Llama-3.3-70B-Instruct/TG/tensor_cache_instruct_bfp8/pb_rs_00_QKV_0_4096_dtype_BFLOAT8_B_layout_TILE.tensorbin of shape Shape([1, 1, 4096, 320])
2026-08-29 09:30:47.354 | DEBUG    | core:as_tensor:724 - Loaded cache for /proj_sw/user_dev/ctr-apbernal/tt-metal/model_cache/meta-llama/Llama-3.3-70B-Instruct/TG/tensor_cache_instruct_bfp8/pb_rs_01_FF1_0_4096_dtype_BFLOAT8_B_layout_TILE.tensorbin of shape Shape([1, 1, 4096, 3584])
2026-08-29 09:30:47.364 | DEBUG    | core:as_tensor:724 - Loaded cache for /proj_sw/user_dev/ctr-apbernal/tt-metal/model_cache/meta-llama/Llama-3.3-70B-Instruct/TG/tensor_cache_instruct_bfp8/pb_rs_00_FF1_0_4096_dtype_BFLOAT8_B_layout_TILE.tensorbin of shape Shape([1, 1, 4096, 896])
2026-08-29 09:30:47.375 | DEBUG    | core:as_tensor:724 - Loaded cache for /proj_sw/user_dev/ctr-apbernal/tt-metal/model_cache/meta-llama/Llama-3.3-70B-Instruct/TG/tensor_cache_instruct_bfp8/pb_rs_01_FF3_0_4096_dtype_BFLOAT8_B_layout_TILE.tensorbin of shape Shape([1, 1, 4096, 3584])
2026-08-29 09:30:47.382 | DEBUG    | core:as_tensor:724 - Loaded cache for /proj_sw/user_dev/ctr-apbernal/tt-metal/model_cache/meta-llama/Llama-3.3-70B-Instruct/TG/tensor_cache_instruct_bfp8/pb_rs_00_FF3_0_4096_dtype_BFLOAT8_B_layout_TILE.tensorbin of shape Shape([1, 1, 4096, 896])
2026-08-29 09:30:47.390 | DEBUG    | core:as_tensor:724 - Loaded cache for /proj_sw/user_dev/ctr-apbernal/tt-metal/model_cache/meta-llama/Llama-3.3-70B-Instruct/TG/tensor_cache_instruct_bfp8/pb_rs_01_FF2_0_4096_dtype_BFLOAT8_B_layout_TILE.tensorbin of shape Shape([1, 1, 4096, 2048])
2026-08-29 09:30:47.396 | DEBUG    | core:as_tensor:724 - Loaded cache for /proj_sw/user_dev/ctr-apbernal/tt-metal/model_cache/meta-llama/Llama-3.3-70B-Instruct/TG/tensor_cache_instruct_bfp8/pb_rs_00_FF2_0_4096_dtype_BFLOAT8_B_layout_TILE.tensorbin of shape Shape([1, 1, 4096, 256])
2026-08-29 09:30:47.398 | DEBUG    | core:as_tensor:724 - Loaded cache for /proj_sw/user_dev/ctr-apbernal/tt-metal/model_cache/meta-llama/Llama-3.3-70B-Instruct/TG/tensor_cache_instruct_bfp8/pb_rs_01_ATTN_REPLICATE_0_4096_dtype_BFLOAT8_B_layout_TILE.tensorbin of shape Shape([1, 1, 4096, 128])
2026-08-29 09:30:47.399 | DEBUG    | core:as_tensor:724 - Loaded cache for /proj_sw/user_dev/ctr-apbernal/tt-metal/model_cache/meta-llama/Llama-3.3-70B-Instruct/TG/tensor_cache_instruct_bfp8/pb_rs_00_ATTN_REPLICATE_0_4096_dtype_BFLOAT8_B_layout_TILE.tensorbin of shape Shape([1, 1, 4096, 32])
2026-08-29 09:30:47.406 | DEBUG    | core:as_tensor:724 - Loaded cache for /proj_sw/user_dev/ctr-apbernal/tt-metal/model_cache/meta-llama/Llama-3.3-70B-Instruct/TG/tensor_cache_instruct_bfp8/pb_rs_01_QKV_batched_0_4096_dtype_BFLOAT8_B_layout_TILE.tensorbin of shape Shape([1, 32, 128, 1280])
2026-08-29 09:30:47.410 | DEBUG    | core:as_tensor:724 - Loaded cache for /proj_sw/user_dev/ctr-apbernal/tt-metal/model_cache/meta-llama/Llama-3.3-70B-Instruct/TG/tensor_cache_instruct_bfp8/pb_rs_00_QKV_batched_0_4096_dtype_BFLOAT8_B_layout_TILE.tensorbin of shape Shape([1, 32, 128, 320])
2026-08-29 09:30:47.421 | DEBUG    | core:as_tensor:724 - Loaded cache for /proj_sw/user_dev/ctr-apbernal/tt-metal/model_cache/meta-llama/Llama-3.3-70B-Instruct/TG/tensor_cache_instruct_bfp8/pb_rs_01_FF1_batched_0_4096_dtype_BFLOAT8_B_layout_TILE.tensorbin of shape Shape([1, 32, 128, 3584])
2026-08-29 09:30:47.428 | DEBUG    | core:as_tensor:724 - Loaded cache for /proj_sw/user_dev/ctr-apbernal/tt-metal/model_cache/meta-llama/Llama-3.3-70B-Instruct/TG/tensor_cache_instruct_bfp8/pb_rs_00_FF1_batched_0_4096_dtype_BFLOAT8_B_layout_TILE.tensorbin of shape Shape([1, 32, 128, 896])
2026-08-29 09:30:47.439 | DEBUG    | core:as_tensor:724 - Loaded cache for /proj_sw/user_dev/ctr-apbernal/tt-metal/model_cache/meta-llama/Llama-3.3-70B-Instruct/TG/tensor_cache_instruct_bfp8/pb_rs_01_FF3_batched_0_4096_dtype_BFLOAT8_B_layout_TILE.tensorbin of shape Shape([1, 32, 128, 3584])
2026-08-29 09:30:47.446 | DEBUG    | core:as_tensor:724 - Loaded cache for /proj_sw/user_dev/ctr-apbernal/tt-metal/model_cache/meta-llama/Llama-3.3-70B-Instruct/TG/tensor_cache_instruct_bfp8/pb_rs_00_FF3_batched_0_4096_dtype_BFLOAT8_B_layout_TILE.tensorbin of shape Shape([1, 32, 128, 896])
2026-08-29 09:30:47.454 | DEBUG    | core:as_tensor:724 - Loaded cache for /proj_sw/user_dev/ctr-apbernal/tt-metal/model_cache/meta-llama/Llama-3.3-70B-Instruct/TG/tensor_cache_instruct_bfp8/pb_rs_01_FF2_batched_0_4096_dtype_BFLOAT8_B_layout_TILE.tensorbin of shape Shape([1, 32, 128, 2048])
2026-08-29 09:30:47.460 | DEBUG    | core:as_tensor:724 - Loaded cache for /proj_sw/user_dev/ctr-apbernal/tt-metal/model_cache/meta-llama/Llama-3.3-70B-Instruct/TG/tensor_cache_instruct_bfp8/pb_rs_00_FF2_batched_0_4096_dtype_BFLOAT8_B_layout_TILE.tensorbin of shape Shape([1, 32, 128, 256])
2026-08-29 09:30:47.462 | DEBUG    | core:as_tensor:724 - Loaded cache for /proj_sw/user_dev/ctr-apbernal/tt-metal/model_cache/meta-llama/Llama-3.3-70B-Instruct/TG/tensor_cache_instruct_bfp8/pb_rs_01_QKV_0_2048_dtype_BFLOAT8_B_layout_TILE.tensorbin of shape Shape([1, 1, 2048, 1280])
2026-08-29 09:30:47.464 | DEBUG    | core:as_tensor:724 - Loaded cache for /proj_sw/user_dev/ctr-apbernal/tt-metal/model_cache/meta-llama/Llama-3.3-70B-Instruct/TG/tensor_cache_instruct_bfp8/pb_rs_00_QKV_0_2048_dtype_BFLOAT8_B_layout_TILE.tensorbin of shape Shape([1, 1, 2048, 320])
2026-08-29 09:30:47.472 | DEBUG    | core:as_tensor:724 - Loaded cache for /proj_sw/user_dev/ctr-apbernal/tt-metal/model_cache/meta-llama/Llama-3.3-70B-Instruct/TG/tensor_cache_instruct_bfp8/pb_rs_01_FF1_0_2048_dtype_BFLOAT8_B_layout_TILE.tensorbin of shape Shape([1, 1, 2048, 3584])
2026-08-29 09:30:47.476 | DEBUG    | core:as_tensor:724 - Loaded cache for /proj_sw/user_dev/ctr-apbernal/tt-metal/model_cache/meta-llama/Llama-3.3-70B-Instruct/TG/tensor_cache_instruct_bfp8/pb_rs_00_FF1_0_2048_dtype_BFLOAT8_B_layout_TILE.tensorbin of shape Shape([1, 1, 2048, 896])
2026-08-29 09:30:47.485 | DEBUG    | core:as_tensor:724 - Loaded cache for /proj_sw/user_dev/ctr-apbernal/tt-metal/model_cache/meta-llama/Llama-3.3-70B-Instruct/TG/tensor_cache_instruct_bfp8/pb_rs_01_FF3_0_2048_dtype_BFLOAT8_B_layout_TILE.tensorbin of shape Shape([1, 1, 2048, 3584])
2026-08-29 09:30:47.489 | DEBUG    | core:as_tensor:724 - Loaded cache for /proj_sw/user_dev/ctr-apbernal/tt-metal/model_cache/meta-llama/Llama-3.3-70B-Instruct/TG/tensor_cache_instruct_bfp8/pb_rs_00_FF3_0_2048_dtype_BFLOAT8_B_layout_TILE.tensorbin of shape Shape([1, 1, 2048, 896])
2026-08-29 09:30:47.496 | DEBUG    | core:as_tensor:724 - Loaded cache for /proj_sw/user_dev/ctr-apbernal/tt-metal/model_cache/meta-llama/Llama-3.3-70B-Instruct/TG/tensor_cache_instruct_bfp8/pb_rs_01_FF2_0_2048_dtype_BFLOAT8_B_layout_TILE.tensorbin of shape Shape([1, 1, 2048, 2048])
2026-08-29 09:30:47.500 | DEBUG    | core:as_tensor:724 - Loaded cache for /proj_sw/user_dev/ctr-apbernal/tt-metal/model_cache/meta-llama/Llama-3.3-70B-Instruct/TG/tensor_cache_instruct_bfp8/pb_rs_00_FF2_0_2048_dtype_BFLOAT8_B_layout_TILE.tensorbin of shape Shape([1, 1, 2048, 256])
2026-08-29 09:30:47.504 | DEBUG    | core:as_tensor:724 - Loaded cache for /proj_sw/user_dev/ctr-apbernal/tt-metal/model_cache/meta-llama/Llama-3.3-70B-Instruct/TG/tensor_cache_instruct_bfp8/pb_rs_01_ATTN_REPLICATE_0_2048_dtype_BFLOAT8_B_layout_TILE.tensorbin of shape Shape([1, 1, 2048, 128])
2026-08-29 09:30:47.506 | DEBUG    | core:as_tensor:724 - Loaded cache for /proj_sw/user_dev/ctr-apbernal/tt-metal/model_cache/meta-llama/Llama-3.3-70B-Instruct/TG/tensor_cache_instruct_bfp8/pb_rs_00_ATTN_REPLICATE_0_2048_dtype_BFLOAT8_B_layout_TILE.tensorbin of shape Shape([1, 1, 2048, 32])
2026-08-29 09:30:47.511 | DEBUG    | core:as_tensor:724 - Loaded cache for /proj_sw/user_dev/ctr-apbernal/tt-metal/model_cache/meta-llama/Llama-3.3-70B-Instruct/TG/tensor_cache_instruct_bfp8/pb_rs_01_QKV_batched_0_2048_dtype_BFLOAT8_B_layout_TILE.tensorbin of shape Shape([1, 32, 64, 1280])
2026-08-29 09:30:47.514 | DEBUG    | core:as_tensor:724 - Loaded cache for /proj_sw/user_dev/ctr-apbernal/tt-metal/model_cache/meta-llama/Llama-3.3-70B-Instruct/TG/tensor_cache_instruct_bfp8/pb_rs_00_QKV_batched_0_2048_dtype_BFLOAT8_B_layout_TILE.tensorbin of shape Shape([1, 32, 64, 320])
2026-08-29 09:30:47.520 | DEBUG    | core:as_tensor:724 - Loaded cache for /proj_sw/user_dev/ctr-apbernal/tt-metal/model_cache/meta-llama/Llama-3.3-70B-Instruct/TG/tensor_cache_instruct_bfp8/pb_rs_01_FF1_batched_0_2048_dtype_BFLOAT8_B_layout_TILE.tensorbin of shape Shape([1, 32, 64, 3584])
2026-08-29 09:30:47.525 | DEBUG    | core:as_tensor:724 - Loaded cache for /proj_sw/user_dev/ctr-apbernal/tt-metal/model_cache/meta-llama/Llama-3.3-70B-Instruct/TG/tensor_cache_instruct_bfp8/pb_rs_00_FF1_batched_0_2048_dtype_BFLOAT8_B_layout_TILE.tensorbin of shape Shape([1, 32, 64, 896])
2026-08-29 09:30:47.533 | DEBUG    | core:as_tensor:724 - Loaded cache for /proj_sw/user_dev/ctr-apbernal/tt-metal/model_cache/meta-llama/Llama-3.3-70B-Instruct/TG/tensor_cache_instruct_bfp8/pb_rs_01_FF3_batched_0_2048_dtype_BFLOAT8_B_layout_TILE.tensorbin of shape Shape([1, 32, 64, 3584])
2026-08-29 09:30:47.537 | DEBUG    | core:as_tensor:724 - Loaded cache for /proj_sw/user_dev/ctr-apbernal/tt-metal/model_cache/meta-llama/Llama-3.3-70B-Instruct/TG/tensor_cache_instruct_bfp8/pb_rs_00_FF3_batched_0_2048_dtype_BFLOAT8_B_layout_TILE.tensorbin of shape Shape([1, 32, 64, 896])
2026-08-29 09:30:47.544 | DEBUG    | core:as_tensor:724 - Loaded cache for /proj_sw/user_dev/ctr-apbernal/tt-metal/model_cache/meta-llama/Llama-3.3-70B-Instruct/TG/tensor_cache_instruct_bfp8/pb_rs_01_FF2_batched_0_2048_dtype_BFLOAT8_B_layout_TILE.tensorbin of shape Shape([1, 32, 64, 2048])
2026-08-29 09:30:47.548 | DEBUG    | core:as_tensor:724 - Loaded cache for /proj_sw/user_dev/ctr-apbernal/tt-metal/model_cache/meta-llama/Llama-3.3-70B-Instruct/TG/tensor_cache_instruct_bfp8/pb_rs_00_FF2_batched_0_2048_dtype_BFLOAT8_B_layout_TILE.tensorbin of shape Shape([1, 32, 64, 256])
2026-08-29 09:30:47.552 | DEBUG    | core:as_tensor:724 - Loaded cache for /proj_sw/user_dev/ctr-apbernal/tt-metal/model_cache/meta-llama/Llama-3.3-70B-Instruct/TG/tensor_cache_instruct_bfp8/pb_rs_01_QKV_0_1024_dtype_BFLOAT8_B_layout_TILE.tensorbin of shape Shape([1, 1, 1024, 1280])
2026-08-29 09:30:47.554 | DEBUG    | core:as_tensor:724 - Loaded cache for /proj_sw/user_dev/ctr-apbernal/tt-metal/model_cache/meta-llama/Llama-3.3-70B-Instruct/TG/tensor_cache_instruct_bfp8/pb_rs_00_QKV_0_1024_dtype_BFLOAT8_B_layout_TILE.tensorbin of shape Shape([1, 1, 1024, 320])
2026-08-29 09:30:47.560 | DEBUG    | core:as_tensor:724 - Loaded cache for /proj_sw/user_dev/ctr-apbernal/tt-metal/model_cache/meta-llama/Llama-3.3-70B-Instruct/TG/tensor_cache_instruct_bfp8/pb_rs_01_FF1_0_1024_dtype_BFLOAT8_B_layout_TILE.tensorbin of shape Shape([1, 1, 1024, 3584])
2026-08-29 09:30:47.564 | DEBUG    | core:as_tensor:724 - Loaded cache for /proj_sw/user_dev/ctr-apbernal/tt-metal/model_cache/meta-llama/Llama-3.3-70B-Instruct/TG/tensor_cache_instruct_bfp8/pb_rs_00_FF1_0_1024_dtype_BFLOAT8_B_layout_TILE.tensorbin of shape Shape([1, 1, 1024, 896])
2026-08-29 09:30:47.570 | DEBUG    | core:as_tensor:724 - Loaded cache for /proj_sw/user_dev/ctr-apbernal/tt-metal/model_cache/meta-llama/Llama-3.3-70B-Instruct/TG/tensor_cache_instruct_bfp8/pb_rs_01_FF3_0_1024_dtype_BFLOAT8_B_layout_TILE.tensorbin of shape Shape([1, 1, 1024, 3584])
2026-08-29 09:30:47.574 | DEBUG    | core:as_tensor:724 - Loaded cache for /proj_sw/user_dev/ctr-apbernal/tt-metal/model_cache/meta-llama/Llama-3.3-70B-Instruct/TG/tensor_cache_instruct_bfp8/pb_rs_00_FF3_0_1024_dtype_BFLOAT8_B_layout_TILE.tensorbin of shape Shape([1, 1, 1024, 896])
2026-08-29 09:30:47.580 | DEBUG    | core:as_tensor:724 - Loaded cache for /proj_sw/user_dev/ctr-apbernal/tt-metal/model_cache/meta-llama/Llama-3.3-70B-Instruct/TG/tensor_cache_instruct_bfp8/pb_rs_01_FF2_0_1024_dtype_BFLOAT8_B_layout_TILE.tensorbin of shape Shape([1, 1, 1024, 2048])
2026-08-29 09:30:47.585 | DEBUG    | core:as_tensor:724 - Loaded cache for /proj_sw/user_dev/ctr-apbernal/tt-metal/model_cache/meta-llama/Llama-3.3-70B-Instruct/TG/tensor_cache_instruct_bfp8/pb_rs_00_FF2_0_1024_dtype_BFLOAT8_B_layout_TILE.tensorbin of shape Shape([1, 1, 1024, 256])
2026-08-29 09:30:47.589 | DEBUG    | core:as_tensor:724 - Loaded cache for /proj_sw/user_dev/ctr-apbernal/tt-metal/model_cache/meta-llama/Llama-3.3-70B-Instruct/TG/tensor_cache_instruct_bfp8/pb_rs_01_ATTN_REPLICATE_0_1024_dtype_BFLOAT8_B_layout_TILE.tensorbin of shape Shape([1, 1, 1024, 128])
2026-08-29 09:30:47.591 | DEBUG    | core:as_tensor:724 - Loaded cache for /proj_sw/user_dev/ctr-apbernal/tt-metal/model_cache/meta-llama/Llama-3.3-70B-Instruct/TG/tensor_cache_instruct_bfp8/pb_rs_00_ATTN_REPLICATE_0_1024_dtype_BFLOAT8_B_layout_TILE.tensorbin of shape Shape([1, 1, 1024, 32])
2026-08-29 09:30:47.595 | DEBUG    | core:as_tensor:724 - Loaded cache for /proj_sw/user_dev/ctr-apbernal/tt-metal/model_cache/meta-llama/Llama-3.3-70B-Instruct/TG/tensor_cache_instruct_bfp8/pb_rs_01_QKV_batched_0_1024_dtype_BFLOAT8_B_layout_TILE.tensorbin of shape Shape([1, 32, 32, 1280])
2026-08-29 09:30:47.600 | DEBUG    | core:as_tensor:724 - Loaded cache for /proj_sw/user_dev/ctr-apbernal/tt-metal/model_cache/meta-llama/Llama-3.3-70B-Instruct/TG/tensor_cache_instruct_bfp8/pb_rs_00_QKV_batched_0_1024_dtype_BFLOAT8_B_layout_TILE.tensorbin of shape Shape([1, 32, 32, 320])
2026-08-29 09:30:47.606 | DEBUG    | core:as_tensor:724 - Loaded cache for /proj_sw/user_dev/ctr-apbernal/tt-metal/model_cache/meta-llama/Llama-3.3-70B-Instruct/TG/tensor_cache_instruct_bfp8/pb_rs_01_FF1_batched_0_1024_dtype_BFLOAT8_B_layout_TILE.tensorbin of shape Shape([1, 32, 32, 3584])
2026-08-29 09:30:47.610 | DEBUG    | core:as_tensor:724 - Loaded cache for /proj_sw/user_dev/ctr-apbernal/tt-metal/model_cache/meta-llama/Llama-3.3-70B-Instruct/TG/tensor_cache_instruct_bfp8/pb_rs_00_FF1_batched_0_1024_dtype_BFLOAT8_B_layout_TILE.tensorbin of shape Shape([1, 32, 32, 896])
2026-08-29 09:30:47.617 | DEBUG    | core:as_tensor:724 - Loaded cache for /proj_sw/user_dev/ctr-apbernal/tt-metal/model_cache/meta-llama/Llama-3.3-70B-Instruct/TG/tensor_cache_instruct_bfp8/pb_rs_01_FF3_batched_0_1024_dtype_BFLOAT8_B_layout_TILE.tensorbin of shape Shape([1, 32, 32, 3584])
2026-08-29 09:30:47.621 | DEBUG    | core:as_tensor:724 - Loaded cache for /proj_sw/user_dev/ctr-apbernal/tt-metal/model_cache/meta-llama/Llama-3.3-70B-Instruct/TG/tensor_cache_instruct_bfp8/pb_rs_00_FF3_batched_0_1024_dtype_BFLOAT8_B_layout_TILE.tensorbin of shape Shape([1, 32, 32, 896])
2026-08-29 09:30:47.627 | DEBUG    | core:as_tensor:724 - Loaded cache for /proj_sw/user_dev/ctr-apbernal/tt-metal/model_cache/meta-llama/Llama-3.3-70B-Instruct/TG/tensor_cache_instruct_bfp8/pb_rs_01_FF2_batched_0_1024_dtype_BFLOAT8_B_layout_TILE.tensorbin of shape Shape([1, 32, 32, 2048])
2026-08-29 09:30:47.632 | DEBUG    | core:as_tensor:724 - Loaded cache for /proj_sw/user_dev/ctr-apbernal/tt-metal/model_cache/meta-llama/Llama-3.3-70B-Instruct/TG/tensor_cache_instruct_bfp8/pb_rs_00_FF2_batched_0_1024_dtype_BFLOAT8_B_layout_TILE.tensorbin of shape Shape([1, 32, 32, 256])
2026-08-29 09:30:47.636 | DEBUG    | core:as_tensor:724 - Loaded cache for /proj_sw/user_dev/ctr-apbernal/tt-metal/model_cache/meta-llama/Llama-3.3-70B-Instruct/TG/tensor_cache_instruct_bfp8/pb_rs_01_QKV_0_128_dtype_BFLOAT8_B_layout_TILE.tensorbin of shape Shape([1, 1, 128, 1280])
2026-08-29 09:30:47.638 | DEBUG    | core:as_tensor:724 - Loaded cache for /proj_sw/user_dev/ctr-apbernal/tt-metal/model_cache/meta-llama/Llama-3.3-70B-Instruct/TG/tensor_cache_instruct_bfp8/pb_rs_00_QKV_0_128_dtype_BFLOAT8_B_layout_TILE.tensorbin of shape Shape([1, 1, 128, 320])
2026-08-29 09:30:47.639 | DEBUG    | core:as_tensor:724 - Loaded cache for /proj_sw/user_dev/ctr-apbernal/tt-metal/model_cache/meta-llama/Llama-3.3-70B-Instruct/TG/tensor_cache_instruct_bfp8/pb_rs_01_FF1_0_128_dtype_BFLOAT8_B_layout_TILE.tensorbin of shape Shape([1, 1, 128, 3584])
2026-08-29 09:30:47.641 | DEBUG    | core:as_tensor:724 - Loaded cache for /proj_sw/user_dev/ctr-apbernal/tt-metal/model_cache/meta-llama/Llama-3.3-70B-Instruct/TG/tensor_cache_instruct_bfp8/pb_rs_00_FF1_0_128_dtype_BFLOAT8_B_layout_TILE.tensorbin of shape Shape([1, 1, 128, 896])
2026-08-29 09:30:47.643 | DEBUG    | core:as_tensor:724 - Loaded cache for /proj_sw/user_dev/ctr-apbernal/tt-metal/model_cache/meta-llama/Llama-3.3-70B-Instruct/TG/tensor_cache_instruct_bfp8/pb_rs_01_FF3_0_128_dtype_BFLOAT8_B_layout_TILE.tensorbin of shape Shape([1, 1, 128, 3584])
2026-08-29 09:30:47.645 | DEBUG    | core:as_tensor:724 - Loaded cache for /proj_sw/user_dev/ctr-apbernal/tt-metal/model_cache/meta-llama/Llama-3.3-70B-Instruct/TG/tensor_cache_instruct_bfp8/pb_rs_00_FF3_0_128_dtype_BFLOAT8_B_layout_TILE.tensorbin of shape Shape([1, 1, 128, 896])
2026-08-29 09:30:47.647 | DEBUG    | core:as_tensor:724 - Loaded cache for /proj_sw/user_dev/ctr-apbernal/tt-metal/model_cache/meta-llama/Llama-3.3-70B-Instruct/TG/tensor_cache_instruct_bfp8/pb_rs_01_FF2_0_128_dtype_BFLOAT8_B_layout_TILE.tensorbin of shape Shape([1, 1, 128, 2048])
2026-08-29 09:30:47.649 | DEBUG    | core:as_tensor:724 - Loaded cache for /proj_sw/user_dev/ctr-apbernal/tt-metal/model_cache/meta-llama/Llama-3.3-70B-Instruct/TG/tensor_cache_instruct_bfp8/pb_rs_00_FF2_0_128_dtype_BFLOAT8_B_layout_TILE.tensorbin of shape Shape([1, 1, 128, 256])
2026-08-29 09:30:47.651 | DEBUG    | core:as_tensor:724 - Loaded cache for /proj_sw/user_dev/ctr-apbernal/tt-metal/model_cache/meta-llama/Llama-3.3-70B-Instruct/TG/tensor_cache_instruct_bfp8/pb_rs_01_ATTN_REPLICATE_0_128_dtype_BFLOAT8_B_layout_TILE.tensorbin of shape Shape([1, 1, 128, 128])
2026-08-29 09:30:47.652 | DEBUG    | core:as_tensor:724 - Loaded cache for /proj_sw/user_dev/ctr-apbernal/tt-metal/model_cache/meta-llama/Llama-3.3-70B-Instruct/TG/tensor_cache_instruct_bfp8/pb_rs_00_ATTN_REPLICATE_0_128_dtype_BFLOAT8_B_layout_TILE.tensorbin of shape Shape([1, 1, 128, 32])
2026-08-29 09:30:47.656 | DEBUG    | core:as_tensor:724 - Loaded cache for /proj_sw/user_dev/ctr-apbernal/tt-metal/model_cache/meta-llama/Llama-3.3-70B-Instruct/TG/tensor_cache_instruct_bfp8/pb_rs_01_QKV_batched_0_128_dtype_BFLOAT8_B_layout_TILE.tensorbin of shape Shape([1, 32, 4, 1280])
2026-08-29 09:30:47.659 | DEBUG    | core:as_tensor:724 - Loaded cache for /proj_sw/user_dev/ctr-apbernal/tt-metal/model_cache/meta-llama/Llama-3.3-70B-Instruct/TG/tensor_cache_instruct_bfp8/pb_rs_00_QKV_batched_0_128_dtype_BFLOAT8_B_layout_TILE.tensorbin of shape Shape([1, 32, 4, 320])
2026-08-29 09:30:47.664 | DEBUG    | core:as_tensor:724 - Loaded cache for /proj_sw/user_dev/ctr-apbernal/tt-metal/model_cache/meta-llama/Llama-3.3-70B-Instruct/TG/tensor_cache_instruct_bfp8/pb_rs_01_FF1_batched_0_128_dtype_BFLOAT8_B_layout_TILE.tensorbin of shape Shape([1, 32, 4, 3584])
2026-08-29 09:30:47.666 | DEBUG    | core:as_tensor:724 - Loaded cache for /proj_sw/user_dev/ctr-apbernal/tt-metal/model_cache/meta-llama/Llama-3.3-70B-Instruct/TG/tensor_cache_instruct_bfp8/pb_rs_00_FF1_batched_0_128_dtype_BFLOAT8_B_layout_TILE.tensorbin of shape Shape([1, 32, 4, 896])
2026-08-29 09:30:47.674 | DEBUG    | core:as_tensor:724 - Loaded cache for /proj_sw/user_dev/ctr-apbernal/tt-metal/model_cache/meta-llama/Llama-3.3-70B-Instruct/TG/tensor_cache_instruct_bfp8/pb_rs_01_FF3_batched_0_128_dtype_BFLOAT8_B_layout_TILE.tensorbin of shape Shape([1, 32, 4, 3584])
2026-08-29 09:30:47.679 | DEBUG    | core:as_tensor:724 - Loaded cache for /proj_sw/user_dev/ctr-apbernal/tt-metal/model_cache/meta-llama/Llama-3.3-70B-Instruct/TG/tensor_cache_instruct_bfp8/pb_rs_00_FF3_batched_0_128_dtype_BFLOAT8_B_layout_TILE.tensorbin of shape Shape([1, 32, 4, 896])
2026-08-29 09:30:47.683 | DEBUG    | core:as_tensor:724 - Loaded cache for /proj_sw/user_dev/ctr-apbernal/tt-metal/model_cache/meta-llama/Llama-3.3-70B-Instruct/TG/tensor_cache_instruct_bfp8/pb_rs_01_FF2_batched_0_128_dtype_BFLOAT8_B_layout_TILE.tensorbin of shape Shape([1, 32, 4, 2048])
2026-08-29 09:30:47.685 | DEBUG    | core:as_tensor:724 - Loaded cache for /proj_sw/user_dev/ctr-apbernal/tt-metal/model_cache/meta-llama/Llama-3.3-70B-Instruct/TG/tensor_cache_instruct_bfp8/pb_rs_00_FF2_batched_0_128_dtype_BFLOAT8_B_layout_TILE.tensorbin of shape Shape([1, 32, 4, 256])
2026-08-29 09:30:47.691 | DEBUG    | core:as_tensor:724 - Loaded cache for /proj_sw/user_dev/ctr-apbernal/tt-metal/model_cache/meta-llama/Llama-3.3-70B-Instruct/TG/tensor_cache_instruct_bfp8/pb_ag_QKV4096_dtype_BFLOAT8_B_layout_TILE.tensorbin of shape Shape([1, 1, 4096, 1280])
2026-08-29 09:30:47.696 | DEBUG    | core:as_tensor:724 - Loaded cache for /proj_sw/user_dev/ctr-apbernal/tt-metal/model_cache/meta-llama/Llama-3.3-70B-Instruct/TG/tensor_cache_instruct_bfp8/pb_ag_SDPA4096_dtype_BFLOAT8_B_layout_TILE.tensorbin of shape Shape([1, 1, 2048, 1024])
2026-08-29 09:30:47.699 | DEBUG    | core:as_tensor:724 - Loaded cache for /proj_sw/user_dev/ctr-apbernal/tt-metal/model_cache/meta-llama/Llama-3.3-70B-Instruct/TG/tensor_cache_instruct_bfp8/pb_ag_SDPA_REVERSE4096_dtype_BFLOAT8_B_layout_TILE.tensorbin of shape Shape([1, 1, 2048, 1024])
2026-08-29 09:30:47.742 | DEBUG    | core:as_tensor:724 - Loaded cache for /proj_sw/user_dev/ctr-apbernal/tt-metal/model_cache/meta-llama/Llama-3.3-70B-Instruct/TG/tensor_cache_instruct_bfp8/pb_ag_WO_AG4096_dtype_BFLOAT8_B_layout_TILE.tensorbin of shape Shape([8, 1, 4096, 2048])
2026-08-29 09:30:47.768 | DEBUG    | core:as_tensor:724 - Loaded cache for /proj_sw/user_dev/ctr-apbernal/tt-metal/model_cache/meta-llama/Llama-3.3-70B-Instruct/TG/tensor_cache_instruct_bfp8/pb_ag_FF14096_dtype_BFLOAT8_B_layout_TILE.tensorbin of shape Shape([1, 1, 4096, 3584])
2026-08-29 09:30:47.782 | DEBUG    | core:as_tensor:724 - Loaded cache for /proj_sw/user_dev/ctr-apbernal/tt-metal/model_cache/meta-llama/Llama-3.3-70B-Instruct/TG/tensor_cache_instruct_bfp8/pb_ag_FF34096_dtype_BFLOAT8_B_layout_TILE.tensorbin of shape Shape([1, 1, 4096, 3584])
2026-08-29 09:30:47.793 | DEBUG    | core:as_tensor:724 - Loaded cache for /proj_sw/user_dev/ctr-apbernal/tt-metal/model_cache/meta-llama/Llama-3.3-70B-Instruct/TG/tensor_cache_instruct_bfp8/pb_ag_FF24096_dtype_BFLOAT8_B_layout_TILE.tensorbin of shape Shape([1, 1, 4096, 2048])
2026-08-29 09:30:47.801 | DEBUG    | core:as_tensor:724 - Loaded cache for /proj_sw/user_dev/ctr-apbernal/tt-metal/model_cache/meta-llama/Llama-3.3-70B-Instruct/TG/tensor_cache_instruct_bfp8/pb_ag_LAYERNORM4096_dtype_BFLOAT16_layout_TILE.tensorbin of shape Shape([1, 1, 4096, 128])
2026-08-29 09:30:47.806 | DEBUG    | core:as_tensor:724 - Loaded cache for /proj_sw/user_dev/ctr-apbernal/tt-metal/model_cache/meta-llama/Llama-3.3-70B-Instruct/TG/tensor_cache_instruct_bfp8/pb_ag_ATTN_REPLICATE4096_dtype_BFLOAT8_B_layout_TILE.tensorbin of shape Shape([1, 1, 4096, 128])
2026-08-29 09:30:47.810 | DEBUG    | core:as_tensor:724 - Loaded cache for /proj_sw/user_dev/ctr-apbernal/tt-metal/model_cache/meta-llama/Llama-3.3-70B-Instruct/TG/tensor_cache_instruct_bfp8/pb_ag_QKV2048_dtype_BFLOAT8_B_layout_TILE.tensorbin of shape Shape([1, 1, 2048, 1280])
2026-08-29 09:30:47.814 | DEBUG    | core:as_tensor:724 - Loaded cache for /proj_sw/user_dev/ctr-apbernal/tt-metal/model_cache/meta-llama/Llama-3.3-70B-Instruct/TG/tensor_cache_instruct_bfp8/pb_ag_SDPA2048_dtype_BFLOAT8_B_layout_TILE.tensorbin of shape Shape([1, 1, 1024, 1024])
2026-08-29 09:30:47.816 | DEBUG    | core:as_tensor:724 - Loaded cache for /proj_sw/user_dev/ctr-apbernal/tt-metal/model_cache/meta-llama/Llama-3.3-70B-Instruct/TG/tensor_cache_instruct_bfp8/pb_ag_SDPA_REVERSE2048_dtype_BFLOAT8_B_layout_TILE.tensorbin of shape Shape([1, 1, 1024, 1024])
2026-08-29 09:30:47.838 | DEBUG    | core:as_tensor:724 - Loaded cache for /proj_sw/user_dev/ctr-apbernal/tt-metal/model_cache/meta-llama/Llama-3.3-70B-Instruct/TG/tensor_cache_instruct_bfp8/pb_ag_WO_AG2048_dtype_BFLOAT8_B_layout_TILE.tensorbin of shape Shape([8, 1, 2048, 2048])
2026-08-29 09:30:47.855 | DEBUG    | core:as_tensor:724 - Loaded cache for /proj_sw/user_dev/ctr-apbernal/tt-metal/model_cache/meta-llama/Llama-3.3-70B-Instruct/TG/tensor_cache_instruct_bfp8/pb_ag_FF12048_dtype_BFLOAT8_B_layout_TILE.tensorbin of shape Shape([1, 1, 2048, 3584])
2026-08-29 09:30:47.862 | DEBUG    | core:as_tensor:724 - Loaded cache for /proj_sw/user_dev/ctr-apbernal/tt-metal/model_cache/meta-llama/Llama-3.3-70B-Instruct/TG/tensor_cache_instruct_bfp8/pb_ag_FF32048_dtype_BFLOAT8_B_layout_TILE.tensorbin of shape Shape([1, 1, 2048, 3584])
2026-08-29 09:30:47.866 | DEBUG    | core:as_tensor:724 - Loaded cache for /proj_sw/user_dev/ctr-apbernal/tt-metal/model_cache/meta-llama/Llama-3.3-70B-Instruct/TG/tensor_cache_instruct_bfp8/pb_ag_FF22048_dtype_BFLOAT8_B_layout_TILE.tensorbin of shape Shape([1, 1, 2048, 2048])
2026-08-29 09:30:47.870 | DEBUG    | core:as_tensor:724 - Loaded cache for /proj_sw/user_dev/ctr-apbernal/tt-metal/model_cache/meta-llama/Llama-3.3-70B-Instruct/TG/tensor_cache_instruct_bfp8/pb_ag_LAYERNORM2048_dtype_BFLOAT16_layout_TILE.tensorbin of shape Shape([1, 1, 2048, 128])
2026-08-29 09:30:47.871 | DEBUG    | core:as_tensor:724 - Loaded cache for /proj_sw/user_dev/ctr-apbernal/tt-metal/model_cache/meta-llama/Llama-3.3-70B-Instruct/TG/tensor_cache_instruct_bfp8/pb_ag_ATTN_REPLICATE2048_dtype_BFLOAT8_B_layout_TILE.tensorbin of shape Shape([1, 1, 2048, 128])
2026-08-29 09:30:47.873 | DEBUG    | core:as_tensor:724 - Loaded cache for /proj_sw/user_dev/ctr-apbernal/tt-metal/model_cache/meta-llama/Llama-3.3-70B-Instruct/TG/tensor_cache_instruct_bfp8/pb_ag_QKV1024_dtype_BFLOAT8_B_layout_TILE.tensorbin of shape Shape([1, 1, 1024, 1280])
2026-08-29 09:30:47.878 | DEBUG    | core:as_tensor:724 - Loaded cache for /proj_sw/user_dev/ctr-apbernal/tt-metal/model_cache/meta-llama/Llama-3.3-70B-Instruct/TG/tensor_cache_instruct_bfp8/pb_ag_SDPA1024_dtype_BFLOAT8_B_layout_TILE.tensorbin of shape Shape([1, 1, 512, 1024])
2026-08-29 09:30:47.882 | DEBUG    | core:as_tensor:724 - Loaded cache for /proj_sw/user_dev/ctr-apbernal/tt-metal/model_cache/meta-llama/Llama-3.3-70B-Instruct/TG/tensor_cache_instruct_bfp8/pb_ag_SDPA_REVERSE1024_dtype_BFLOAT8_B_layout_TILE.tensorbin of shape Shape([1, 1, 512, 1024])
2026-08-29 09:30:47.894 | DEBUG    | core:as_tensor:724 - Loaded cache for /proj_sw/user_dev/ctr-apbernal/tt-metal/model_cache/meta-llama/Llama-3.3-70B-Instruct/TG/tensor_cache_instruct_bfp8/pb_ag_WO_AG1024_dtype_BFLOAT8_B_layout_TILE.tensorbin of shape Shape([8, 1, 1024, 2048])
2026-08-29 09:30:47.902 | DEBUG    | core:as_tensor:724 - Loaded cache for /proj_sw/user_dev/ctr-apbernal/tt-metal/model_cache/meta-llama/Llama-3.3-70B-Instruct/TG/tensor_cache_instruct_bfp8/pb_ag_FF11024_dtype_BFLOAT8_B_layout_TILE.tensorbin of shape Shape([1, 1, 1024, 3584])
2026-08-29 09:30:47.906 | DEBUG    | core:as_tensor:724 - Loaded cache for /proj_sw/user_dev/ctr-apbernal/tt-metal/model_cache/meta-llama/Llama-3.3-70B-Instruct/TG/tensor_cache_instruct_bfp8/pb_ag_FF31024_dtype_BFLOAT8_B_layout_TILE.tensorbin of shape Shape([1, 1, 1024, 3584])
2026-08-29 09:30:47.910 | DEBUG    | core:as_tensor:724 - Loaded cache for /proj_sw/user_dev/ctr-apbernal/tt-metal/model_cache/meta-llama/Llama-3.3-70B-Instruct/TG/tensor_cache_instruct_bfp8/pb_ag_FF21024_dtype_BFLOAT8_B_layout_TILE.tensorbin of shape Shape([1, 1, 1024, 2048])
2026-08-29 09:30:47.911 | DEBUG    | core:as_tensor:724 - Loaded cache for /proj_sw/user_dev/ctr-apbernal/tt-metal/model_cache/meta-llama/Llama-3.3-70B-Instruct/TG/tensor_cache_instruct_bfp8/pb_ag_LAYERNORM1024_dtype_BFLOAT16_layout_TILE.tensorbin of shape Shape([1, 1, 1024, 128])
2026-08-29 09:30:47.916 | DEBUG    | core:as_tensor:724 - Loaded cache for /proj_sw/user_dev/ctr-apbernal/tt-metal/model_cache/meta-llama/Llama-3.3-70B-Instruct/TG/tensor_cache_instruct_bfp8/pb_ag_ATTN_REPLICATE1024_dtype_BFLOAT8_B_layout_TILE.tensorbin of shape Shape([1, 1, 1024, 128])
2026-08-29 09:30:47.919 | DEBUG    | core:as_tensor:724 - Loaded cache for /proj_sw/user_dev/ctr-apbernal/tt-metal/model_cache/meta-llama/Llama-3.3-70B-Instruct/TG/tensor_cache_instruct_bfp8/pb_ag_QKV128_dtype_BFLOAT8_B_layout_TILE.tensorbin of shape Shape([1, 1, 128, 1280])
2026-08-29 09:30:47.921 | DEBUG    | core:as_tensor:724 - Loaded cache for /proj_sw/user_dev/ctr-apbernal/tt-metal/model_cache/meta-llama/Llama-3.3-70B-Instruct/TG/tensor_cache_instruct_bfp8/pb_ag_SDPA128_dtype_BFLOAT8_B_layout_TILE.tensorbin of shape Shape([1, 1, 64, 1024])
2026-08-29 09:30:47.926 | DEBUG    | core:as_tensor:724 - Loaded cache for /proj_sw/user_dev/ctr-apbernal/tt-metal/model_cache/meta-llama/Llama-3.3-70B-Instruct/TG/tensor_cache_instruct_bfp8/pb_ag_SDPA_REVERSE128_dtype_BFLOAT8_B_layout_TILE.tensorbin of shape Shape([1, 1, 64, 1024])
2026-08-29 09:30:47.931 | DEBUG    | core:as_tensor:724 - Loaded cache for /proj_sw/user_dev/ctr-apbernal/tt-metal/model_cache/meta-llama/Llama-3.3-70B-Instruct/TG/tensor_cache_instruct_bfp8/pb_ag_WO_AG128_dtype_BFLOAT8_B_layout_TILE.tensorbin of shape Shape([8, 1, 128, 2048])
2026-08-29 09:30:47.936 | DEBUG    | core:as_tensor:724 - Loaded cache for /proj_sw/user_dev/ctr-apbernal/tt-metal/model_cache/meta-llama/Llama-3.3-70B-Instruct/TG/tensor_cache_instruct_bfp8/pb_ag_FF1128_dtype_BFLOAT8_B_layout_TILE.tensorbin of shape Shape([1, 1, 128, 3584])
2026-08-29 09:30:47.941 | DEBUG    | core:as_tensor:724 - Loaded cache for /proj_sw/user_dev/ctr-apbernal/tt-metal/model_cache/meta-llama/Llama-3.3-70B-Instruct/TG/tensor_cache_instruct_bfp8/pb_ag_FF3128_dtype_BFLOAT8_B_layout_TILE.tensorbin of shape Shape([1, 1, 128, 3584])
2026-08-29 09:30:47.945 | DEBUG    | core:as_tensor:724 - Loaded cache for /proj_sw/user_dev/ctr-apbernal/tt-metal/model_cache/meta-llama/Llama-3.3-70B-Instruct/TG/tensor_cache_instruct_bfp8/pb_ag_FF2128_dtype_BFLOAT8_B_layout_TILE.tensorbin of shape Shape([1, 1, 128, 2048])
2026-08-29 09:30:47.947 | DEBUG    | core:as_tensor:724 - Loaded cache for /proj_sw/user_dev/ctr-apbernal/tt-metal/model_cache/meta-llama/Llama-3.3-70B-Instruct/TG/tensor_cache_instruct_bfp8/pb_ag_LAYERNORM128_dtype_BFLOAT16_layout_TILE.tensorbin of shape Shape([1, 1, 128, 128])
2026-08-29 09:30:47.949 | DEBUG    | core:as_tensor:724 - Loaded cache for /proj_sw/user_dev/ctr-apbernal/tt-metal/model_cache/meta-llama/Llama-3.3-70B-Instruct/TG/tensor_cache_instruct_bfp8/pb_ag_ATTN_REPLICATE128_dtype_BFLOAT8_B_layout_TILE.tensorbin of shape Shape([1, 1, 128, 128])
2026-08-29 09:30:47.953 | DEBUG    | core:as_tensor:724 - Loaded cache for /proj_sw/user_dev/ctr-apbernal/tt-metal/model_cache/meta-llama/Llama-3.3-70B-Instruct/TG/tensor_cache_instruct_bfp8/pb_ag_LM_HEAD_32_dtype_BFLOAT8_B_layout_TILE.tensorbin of shape Shape([4, 1, 32, 16384])
2026-08-29 09:30:47.959 | DEBUG    | core:as_tensor:724 - Loaded cache for /proj_sw/user_dev/ctr-apbernal/tt-metal/model_cache/meta-llama/Llama-3.3-70B-Instruct/TG/tensor_cache_instruct_bfp8/pb_ag_SAMPLING_32_dtype_BFLOAT8_B_layout_TILE.tensorbin of shape Shape([1, 1, 32, 131072])
2026-08-29 09:30:48.428 | INFO     | models.demos.llama3_70b_galaxy.demo.text_demo:test_demo_text:1072 - Starting inference...
2026-08-29 09:30:48.429 | INFO     | models.demos.llama3_70b_galaxy.demo.text_demo:test_demo_text:1074 - Processing batch 0
2026-08-29 09:30:48.433 | INFO     | models.tt_transformers.tt.common:preprocess_inputs_prefill:274 - Encoded prompt lengths:118, 118, 118, 118, 118, 118, 118, 118, 118, 118, 118, 118, 118, 118, 118, 118, 118, 118, 118, 118, 118, 118, 118, 118, 118, 118, 118, 118, 118, 118, 118, 118
2026-08-29 09:30:48.433 | INFO     | models.tt_transformers.tt.common:preprocess_inputs_prefill:341 - # of users: 32
2026-08-29 09:30:48.434 | INFO     | models.demos.llama3_70b_galaxy.demo.text_demo:test_demo_text:1173 - Starting prefill warmup...
2026-08-29 09:30:48.434 | INFO     | models.demos.llama3_70b_galaxy.tt.generator:prefill_warmup:256 - Warming up prefill for all supported sequence lengths up to max sequence length
2026-08-29 09:30:48.434 | INFO     | models.demos.llama3_70b_galaxy.tt.generator:prefill_warmup:270 - Running warmup prefill for sequence length: 128, batch size: 1
2026-08-29 09:30:48.434 | INFO     | models.demos.llama3_70b_galaxy.tt.generator:prefill_warmup:296 - Warming up prefill sequence length: 128 for batch size: 1 with sampling params: SamplingParams(temperature=[1.0], top_k=[10], top_p=[0.9], presence_penalty=[1.2], frequency_penalty=[1.2], repetition_penalty=[1.5], seed=None, enable_log_probs=[True], num_logprobs=0)
2026-08-29 09:30:48.434 | INFO     | models.demos.llama3_70b_galaxy.tt.generator:prefill_forward_text:551 - Prefilling User 0, use_batched_prefill: False, prompt_lens: 128, prefill_seq_len: 128, num_cached_tokens: 0
2026-08-29 09:30:50.949 | info     |           Metal | Finalize dfb: dfb_offset == base_offset: 80, dfb size: 32, return value: 112 (dataflow_buffer.cpp:1656)
2026-08-29 09:30:50.949 | info     |           Metal | Finalize dfb: dfb_offset == base_offset: 0, dfb size: 0, return value: 0 (dataflow_buffer.cpp:1656)
2026-08-29 09:30:50.949 | info     |           Metal | Finalize dfb: dfb_offset == base_offset: 0, dfb size: 0, return value: 0 (dataflow_buffer.cpp:1656)
2026-08-29 09:31:20.693 | info     |           Metal | Finalize dfb: dfb_offset == base_offset: 80, dfb size: 32, return value: 112 (dataflow_buffer.cpp:1656)
2026-08-29 09:31:20.693 | info     |           Metal | Finalize dfb: dfb_offset == base_offset: 0, dfb size: 0, return value: 0 (dataflow_buffer.cpp:1656)
2026-08-29 09:31:20.693 | info     |           Metal | Finalize dfb: dfb_offset == base_offset: 0, dfb size: 0, return value: 0 (dataflow_buffer.cpp:1656)
2026-08-29 09:31:20.696 | warning  |              Op | rotary_embedding_llama sequence tile coverage mismatch: input_Ht=4, cos_Ht=4096, sin_Ht=4096, rotary_Ht=4. Tiles beyond rotary_Ht will be zero-filled in the output. (rotary_embedding_llama_multi_core_program_factory.cpp:62)
2026-08-29 09:31:23.499 | info     |           Metal | Finalize dfb: dfb_offset == base_offset: 144, dfb size: 144, return value: 288 (dataflow_buffer.cpp:1656)
2026-08-29 09:31:23.499 | info     |           Metal | Finalize dfb: dfb_offset == base_offset: 0, dfb size: 0, return value: 0 (dataflow_buffer.cpp:1656)
2026-08-29 09:31:23.499 | info     |           Metal | Finalize dfb: dfb_offset == base_offset: 0, dfb size: 0, return value: 0 (dataflow_buffer.cpp:1656)
2026-08-29 09:31:23.507 | info     |           Metal | Finalize dfb: dfb_offset == base_offset: 80, dfb size: 32, return value: 112 (dataflow_buffer.cpp:1656)
2026-08-29 09:31:23.507 | info     |           Metal | Finalize dfb: dfb_offset == base_offset: 0, dfb size: 0, return value: 0 (dataflow_buffer.cpp:1656)
2026-08-29 09:31:23.507 | info     |           Metal | Finalize dfb: dfb_offset == base_offset: 0, dfb size: 0, return value: 0 (dataflow_buffer.cpp:1656)
2026-08-29 09:31:23.508 | warning  |              Op | rotary_embedding_llama sequence tile coverage mismatch: input_Ht=4, cos_Ht=4096, sin_Ht=4096, rotary_Ht=4. Tiles beyond rotary_Ht will be zero-filled in the output. (rotary_embedding_llama_multi_core_program_factory.cpp:62)
2026-08-29 09:31:26.209 | info     |           Metal | Finalize dfb: dfb_offset == base_offset: 144, dfb size: 144, return value: 288 (dataflow_buffer.cpp:1656)
2026-08-29 09:31:26.209 | info     |           Metal | Finalize dfb: dfb_offset == base_offset: 0, dfb size: 0, return value: 0 (dataflow_buffer.cpp:1656)
2026-08-29 09:31:26.209 | info     |           Metal | Finalize dfb: dfb_offset == base_offset: 0, dfb size: 0, return value: 0 (dataflow_buffer.cpp:1656)
2026-08-29 09:31:26.303 | info     |           Metal | Finalize dfb: dfb_offset == base_offset: 80, dfb size: 32, return value: 112 (dataflow_buffer.cpp:1656)
2026-08-29 09:31:26.303 | info     |           Metal | Finalize dfb: dfb_offset == base_offset: 0, dfb size: 0, return value: 0 (dataflow_buffer.cpp:1656)
2026-08-29 09:31:26.303 | info     |           Metal | Finalize dfb: dfb_offset == base_offset: 0, dfb size: 0, return value: 0 (dataflow_buffer.cpp:1656)
2026-08-29 09:31:28.807 | info     |           Metal | Finalize dfb: dfb_offset == base_offset: 80, dfb size: 32, return value: 112 (dataflow_buffer.cpp:1656)
2026-08-29 09:31:28.807 | info     |           Metal | Finalize dfb: dfb_offset == base_offset: 0, dfb size: 0, return value: 0 (dataflow_buffer.cpp:1656)
2026-08-29 09:31:28.807 | info     |           Metal | Finalize dfb: dfb_offset == base_offset: 0, dfb size: 0, return value: 0 (dataflow_buffer.cpp:1656)
2026-08-29 09:31:33.724 | info     |           Metal | Finalize dfb: dfb_offset == base_offset: 80, dfb size: 32, return value: 112 (dataflow_buffer.cpp:1656)
2026-08-29 09:31:33.724 | info     |           Metal | Finalize dfb: dfb_offset == base_offset: 0, dfb size: 0, return value: 0 (dataflow_buffer.cpp:1656)
2026-08-29 09:31:33.724 | info     |           Metal | Finalize dfb: dfb_offset == base_offset: 0, dfb size: 0, return value: 0 (dataflow_buffer.cpp:1656)
2026-08-29 09:32:15.129 | INFO     | models.demos.llama3_70b_galaxy.tt.generator:_capture_trace_prefill:1135 - Done Compiling Model
2026-08-29 09:32:16.676 | INFO     | models.demos.llama3_70b_galaxy.tt.generator:_capture_trace_prefill:1175 - Done Capturing Prefill Trace
2026-08-29 09:32:16.677 | INFO     | models.demos.llama3_70b_galaxy.tt.generator:_easy_trace_prefill:1042 - Executing prefill trace
2026-08-29 09:32:16.678 | warning  |           Metal | Allocating device buffers is unsafe due to the existence of an active trace. These buffers may be corrupted once a trace is executed. (allocator.cpp:123)
2026-08-29 09:32:45.006 | INFO     | models.demos.llama3_70b_galaxy.tt.prefetcher_common:__init__:33 - Running TtLlamaPrefetcherSetup
2026-08-29 09:32:50.440 | info     |           Metal | Finalize dfb: dfb_offset == base_offset: 80, dfb size: 32, return value: 112 (dataflow_buffer.cpp:1656)
2026-08-29 09:32:50.440 | info     |           Metal | Finalize dfb: dfb_offset == base_offset: 0, dfb size: 0, return value: 0 (dataflow_buffer.cpp:1656)
2026-08-29 09:32:50.440 | info     |           Metal | Finalize dfb: dfb_offset == base_offset: 0, dfb size: 0, return value: 0 (dataflow_buffer.cpp:1656)
2026-08-29 09:32:55.950 | info     |           Metal | Finalize dfb: dfb_offset == base_offset: 80, dfb size: 32, return value: 112 (dataflow_buffer.cpp:1656)
2026-08-29 09:32:55.950 | info     |           Metal | Finalize dfb: dfb_offset == base_offset: 0, dfb size: 0, return value: 0 (dataflow_buffer.cpp:1656)
2026-08-29 09:32:55.950 | info     |           Metal | Finalize dfb: dfb_offset == base_offset: 0, dfb size: 0, return value: 0 (dataflow_buffer.cpp:1656)
2026-08-29 09:33:11.292 | info     |           Metal | Finalize dfb: dfb_offset == base_offset: 80, dfb size: 32, return value: 112 (dataflow_buffer.cpp:1656)
2026-08-29 09:33:11.292 | info     |           Metal | Finalize dfb: dfb_offset == base_offset: 0, dfb size: 0, return value: 0 (dataflow_buffer.cpp:1656)
2026-08-29 09:33:11.292 | info     |           Metal | Finalize dfb: dfb_offset == base_offset: 0, dfb size: 0, return value: 0 (dataflow_buffer.cpp:1656)
2026-08-29 09:33:30.150 | info     |           Metal | Finalize dfb: dfb_offset == base_offset: 80, dfb size: 32, return value: 112 (dataflow_buffer.cpp:1656)
2026-08-29 09:33:30.150 | info     |           Metal | Finalize dfb: dfb_offset == base_offset: 0, dfb size: 0, return value: 0 (dataflow_buffer.cpp:1656)
2026-08-29 09:33:30.150 | info     |           Metal | Finalize dfb: dfb_offset == base_offset: 0, dfb size: 0, return value: 0 (dataflow_buffer.cpp:1656)
2026-08-29 09:34:39.409 | info     |           Metal | Finalize dfb: dfb_offset == base_offset: 80, dfb size: 32, return value: 112 (dataflow_buffer.cpp:1656)
2026-08-29 09:34:39.409 | info     |           Metal | Finalize dfb: dfb_offset == base_offset: 0, dfb size: 0, return value: 0 (dataflow_buffer.cpp:1656)
2026-08-29 09:34:39.409 | info     |           Metal | Finalize dfb: dfb_offset == base_offset: 0, dfb size: 0, return value: 0 (dataflow_buffer.cpp:1656)
2026-08-29 09:34:50.557 | info     |           Metal | Finalize dfb: dfb_offset == base_offset: 80, dfb size: 32, return value: 112 (dataflow_buffer.cpp:1656)
2026-08-29 09:34:50.557 | info     |           Metal | Finalize dfb: dfb_offset == base_offset: 0, dfb size: 0, return value: 0 (dataflow_buffer.cpp:1656)
2026-08-29 09:34:50.557 | info     |           Metal | Finalize dfb: dfb_offset == base_offset: 0, dfb size: 0, return value: 0 (dataflow_buffer.cpp:1656)
2026-08-29 09:35:14.559 | info     |           Metal | Finalize dfb: dfb_offset == base_offset: 144, dfb size: 64, return value: 208 (dataflow_buffer.cpp:1656)
2026-08-29 09:35:14.559 | info     |           Metal | Finalize dfb: dfb_offset == base_offset: 0, dfb size: 0, return value: 0 (dataflow_buffer.cpp:1656)
2026-08-29 09:35:14.559 | info     |           Metal | Finalize dfb: dfb_offset == base_offset: 0, dfb size: 0, return value: 0 (dataflow_buffer.cpp:1656)
2026-08-29 09:35:22.328 | INFO     | models.demos.llama3_70b_galaxy.tt.generator:prefill_forward_text:851 - Finished prefill for all users up to 128 tokens.
2026-08-29 09:35:22.329 | INFO     | models.demos.llama3_70b_galaxy.tt.generator:prefill_warmup:296 - Warming up prefill sequence length: 128 for batch size: 1 with sampling params: SamplingParams(temperature=[1.0], top_k=[10], top_p=[0.9], presence_penalty=[1.2], frequency_penalty=[1.2], repetition_penalty=[1.5], seed=None, enable_log_probs=[False], num_logprobs=0)
2026-08-29 09:35:22.329 | INFO     | models.demos.llama3_70b_galaxy.tt.prefetcher_common:__init__:33 - Running TtLlamaPrefetcherSetup
2026-08-29 09:35:22.330 | INFO     | models.demos.llama3_70b_galaxy.tt.generator:prefill_forward_text:551 - Prefilling User 0, use_batched_prefill: False, prompt_lens: 128, prefill_seq_len: 128, num_cached_tokens: 0
2026-08-29 09:35:22.330 | INFO     | models.demos.llama3_70b_galaxy.tt.generator:_easy_trace_prefill:1042 - Executing prefill trace
2026-08-29 09:35:22.340 | INFO     | models.demos.llama3_70b_galaxy.tt.prefetcher_common:__init__:33 - Running TtLlamaPrefetcherSetup
2026-08-29 09:35:22.421 | INFO     | models.demos.llama3_70b_galaxy.tt.generator:prefill_forward_text:851 - Finished prefill for all users up to 128 tokens.
2026-08-29 09:35:22.422 | INFO     | models.demos.llama3_70b_galaxy.tt.generator:prefill_warmup:296 - Warming up prefill sequence length: 128 for batch size: 1 with sampling params: SamplingParams(temperature=[1.0], top_k=[10], top_p=[0.9], presence_penalty=None, frequency_penalty=None, repetition_penalty=None, seed=None, enable_log_probs=[True], num_logprobs=0)
2026-08-29 09:35:22.422 | INFO     | models.demos.llama3_70b_galaxy.tt.prefetcher_common:__init__:33 - Running TtLlamaPrefetcherSetup
2026-08-29 09:35:22.423 | INFO     | models.demos.llama3_70b_galaxy.tt.generator:prefill_forward_text:551 - Prefilling User 0, use_batched_prefill: False, prompt_lens: 128, prefill_seq_len: 128, num_cached_tokens: 0
2026-08-29 09:35:22.423 | INFO     | models.demos.llama3_70b_galaxy.tt.generator:_easy_trace_prefill:1042 - Executing prefill trace
2026-08-29 09:35:22.433 | INFO     | models.demos.llama3_70b_galaxy.tt.prefetcher_common:__init__:33 - Running TtLlamaPrefetcherSetup
2026-08-29 09:35:22.508 | INFO     | models.demos.llama3_70b_galaxy.tt.generator:prefill_forward_text:851 - Finished prefill for all users up to 128 tokens.
2026-08-29 09:35:22.508 | INFO     | models.demos.llama3_70b_galaxy.tt.generator:prefill_warmup:296 - Warming up prefill sequence length: 128 for batch size: 1 with sampling params: SamplingParams(temperature=[1.0], top_k=[10], top_p=[0.9], presence_penalty=None, frequency_penalty=None, repetition_penalty=None, seed=None, enable_log_probs=[False], num_logprobs=0)
2026-08-29 09:35:22.508 | INFO     | models.demos.llama3_70b_galaxy.tt.prefetcher_common:__init__:33 - Running TtLlamaPrefetcherSetup
2026-08-29 09:35:22.509 | INFO     | models.demos.llama3_70b_galaxy.tt.generator:prefill_forward_text:551 - Prefilling User 0, use_batched_prefill: False, prompt_lens: 128, prefill_seq_len: 128, num_cached_tokens: 0
2026-08-29 09:35:22.509 | INFO     | models.demos.llama3_70b_galaxy.tt.generator:_easy_trace_prefill:1042 - Executing prefill trace
2026-08-29 09:35:22.520 | INFO     | models.demos.llama3_70b_galaxy.tt.prefetcher_common:__init__:33 - Running TtLlamaPrefetcherSetup
2026-08-29 09:35:22.581 | INFO     | models.demos.llama3_70b_galaxy.tt.generator:prefill_forward_text:851 - Finished prefill for all users up to 128 tokens.
2026-08-29 09:35:22.581 | INFO     | models.demos.llama3_70b_galaxy.tt.generator:prefill_warmup:296 - Warming up prefill sequence length: 128 for batch size: 1 with sampling params: SamplingParams(temperature=[0.0], top_k=[1], top_p=[1.0], presence_penalty=0.0, frequency_penalty=0.0, repetition_penalty=1.0, seed=None, enable_log_probs=False, num_logprobs=0)
2026-08-29 09:35:22.581 | INFO     | models.demos.llama3_70b_galaxy.tt.prefetcher_common:__init__:33 - Running TtLlamaPrefetcherSetup
2026-08-29 09:35:22.582 | INFO     | models.demos.llama3_70b_galaxy.tt.generator:prefill_forward_text:551 - Prefilling User 0, use_batched_prefill: False, prompt_lens: 128, prefill_seq_len: 128, num_cached_tokens: 0
2026-08-29 09:35:22.583 | INFO     | models.demos.llama3_70b_galaxy.tt.generator:_easy_trace_prefill:1042 - Executing prefill trace
2026-08-29 09:35:22.593 | INFO     | models.demos.llama3_70b_galaxy.tt.prefetcher_common:__init__:33 - Running TtLlamaPrefetcherSetup
2026-08-29 09:35:22.654 | INFO     | models.demos.llama3_70b_galaxy.tt.generator:prefill_forward_text:851 - Finished prefill for all users up to 128 tokens.
2026-08-29 09:35:22.654 | INFO     | models.demos.llama3_70b_galaxy.tt.generator:prefill_warmup:296 - Warming up prefill sequence length: 128 for batch size: 1 with sampling params: None
2026-08-29 09:35:22.654 | INFO     | models.demos.llama3_70b_galaxy.tt.prefetcher_common:__init__:33 - Running TtLlamaPrefetcherSetup
2026-08-29 09:35:22.655 | INFO     | models.demos.llama3_70b_galaxy.tt.generator:prefill_forward_text:551 - Prefilling User 0, use_batched_prefill: False, prompt_lens: 128, prefill_seq_len: 128, num_cached_tokens: 0
2026-08-29 09:35:22.656 | INFO     | models.demos.llama3_70b_galaxy.tt.generator:_easy_trace_prefill:1042 - Executing prefill trace
2026-08-29 09:35:33.848 | INFO     | models.demos.llama3_70b_galaxy.tt.generator:prefill_warmup:270 - Running warmup prefill for sequence length: 128, batch size: 32
2026-08-29 09:35:33.848 | INFO     | models.demos.llama3_70b_galaxy.tt.generator:prefill_warmup:296 - Warming up prefill sequence length: 128 for batch size: 32 with sampling params: None
2026-08-29 09:35:33.848 | INFO     | models.demos.llama3_70b_galaxy.tt.generator:prefill_forward_text:551 - Prefilling User [0, 1, 2, 3, 4, 5, 6, 7, 8, 9, 10, 11, 12, 13, 14, 15, 16, 17, 18, 19, 20, 21, 22, 23, 24, 25, 26, 27, 28, 29, 30, 31], use_batched_prefill: True, prompt_lens: [128, 128, 128, 128, 128, 128, 128, 128, 128, 128, 128, 128, 128, 128, 128, 128, 128, 128, 128, 128, 128, 128, 128, 128, 128, 128, 128, 128, 128, 128, 128, 128], prefill_seq_len: 128, num_cached_tokens: 0
2026-08-29 09:35:39.147 | info     |           Metal | Finalize dfb: dfb_offset == base_offset: 80, dfb size: 32, return value: 112 (dataflow_buffer.cpp:1656)
2026-08-29 09:35:39.147 | info     |           Metal | Finalize dfb: dfb_offset == base_offset: 0, dfb size: 0, return value: 0 (dataflow_buffer.cpp:1656)
2026-08-29 09:35:39.147 | info     |           Metal | Finalize dfb: dfb_offset == base_offset: 0, dfb size: 0, return value: 0 (dataflow_buffer.cpp:1656)
2026-08-29 09:36:05.761 | info     |           Metal | Finalize dfb: dfb_offset == base_offset: 80, dfb size: 32, return value: 112 (dataflow_buffer.cpp:1656)
2026-08-29 09:36:05.761 | info     |           Metal | Finalize dfb: dfb_offset == base_offset: 0, dfb size: 0, return value: 0 (dataflow_buffer.cpp:1656)
2026-08-29 09:36:05.761 | info     |           Metal | Finalize dfb: dfb_offset == base_offset: 0, dfb size: 0, return value: 0 (dataflow_buffer.cpp:1656)
2026-08-29 09:36:05.764 | warning  |              Op | rotary_embedding_llama sequence tile coverage mismatch: input_Ht=4, cos_Ht=4096, sin_Ht=4096, rotary_Ht=4. Tiles beyond rotary_Ht will be zero-filled in the output. (rotary_embedding_llama_multi_core_program_factory.cpp:62)
2026-08-29 09:36:08.595 | info     |           Metal | Finalize dfb: dfb_offset == base_offset: 144, dfb size: 144, return value: 288 (dataflow_buffer.cpp:1656)
2026-08-29 09:36:08.596 | info     |           Metal | Finalize dfb: dfb_offset == base_offset: 0, dfb size: 0, return value: 0 (dataflow_buffer.cpp:1656)
2026-08-29 09:36:08.596 | info     |           Metal | Finalize dfb: dfb_offset == base_offset: 0, dfb size: 0, return value: 0 (dataflow_buffer.cpp:1656)
2026-08-29 09:36:11.407 | info     |           Metal | Finalize dfb: dfb_offset == base_offset: 80, dfb size: 32, return value: 112 (dataflow_buffer.cpp:1656)
2026-08-29 09:36:11.407 | info     |           Metal | Finalize dfb: dfb_offset == base_offset: 0, dfb size: 0, return value: 0 (dataflow_buffer.cpp:1656)
2026-08-29 09:36:11.408 | info     |           Metal | Finalize dfb: dfb_offset == base_offset: 0, dfb size: 0, return value: 0 (dataflow_buffer.cpp:1656)
2026-08-29 09:36:11.410 | warning  |              Op | rotary_embedding_llama sequence tile coverage mismatch: input_Ht=4, cos_Ht=4096, sin_Ht=4096, rotary_Ht=4. Tiles beyond rotary_Ht will be zero-filled in the output. (rotary_embedding_llama_multi_core_program_factory.cpp:62)
2026-08-29 09:36:11.416 | info     |           Metal | Finalize dfb: dfb_offset == base_offset: 144, dfb size: 144, return value: 288 (dataflow_buffer.cpp:1656)
2026-08-29 09:36:11.416 | info     |           Metal | Finalize dfb: dfb_offset == base_offset: 0, dfb size: 0, return value: 0 (dataflow_buffer.cpp:1656)
2026-08-29 09:36:11.416 | info     |           Metal | Finalize dfb: dfb_offset == base_offset: 0, dfb size: 0, return value: 0 (dataflow_buffer.cpp:1656)
2026-08-29 09:36:14.127 | info     |           Metal | Finalize dfb: dfb_offset == base_offset: 80, dfb size: 32, return value: 112 (dataflow_buffer.cpp:1656)
2026-08-29 09:36:14.127 | info     |           Metal | Finalize dfb: dfb_offset == base_offset: 0, dfb size: 0, return value: 0 (dataflow_buffer.cpp:1656)
2026-08-29 09:36:14.127 | info     |           Metal | Finalize dfb: dfb_offset == base_offset: 0, dfb size: 0, return value: 0 (dataflow_buffer.cpp:1656)
2026-08-29 09:36:16.899 | info     |           Metal | Finalize dfb: dfb_offset == base_offset: 80, dfb size: 32, return value: 112 (dataflow_buffer.cpp:1656)
2026-08-29 09:36:16.899 | info     |           Metal | Finalize dfb: dfb_offset == base_offset: 0, dfb size: 0, return value: 0 (dataflow_buffer.cpp:1656)
2026-08-29 09:36:16.899 | info     |           Metal | Finalize dfb: dfb_offset == base_offset: 0, dfb size: 0, return value: 0 (dataflow_buffer.cpp:1656)
2026-08-29 09:36:22.278 | info     |           Metal | Finalize dfb: dfb_offset == base_offset: 80, dfb size: 32, return value: 112 (dataflow_buffer.cpp:1656)
2026-08-29 09:36:22.278 | info     |           Metal | Finalize dfb: dfb_offset == base_offset: 0, dfb size: 0, return value: 0 (dataflow_buffer.cpp:1656)
2026-08-29 09:36:22.278 | info     |           Metal | Finalize dfb: dfb_offset == base_offset: 0, dfb size: 0, return value: 0 (dataflow_buffer.cpp:1656)
2026-08-29 09:37:13.629 | INFO     | models.demos.llama3_70b_galaxy.tt.generator:_capture_trace_prefill:1135 - Done Compiling Model
2026-08-29 09:37:16.521 | INFO     | models.demos.llama3_70b_galaxy.tt.generator:_capture_trace_prefill:1175 - Done Capturing Prefill Trace
2026-08-29 09:37:16.521 | INFO     | models.demos.llama3_70b_galaxy.tt.generator:_easy_trace_prefill:1042 - Executing prefill trace
2026-08-29 09:37:19.747 | INFO     | models.demos.llama3_70b_galaxy.tt.generator:prefill_warmup:270 - Running warmup prefill for sequence length: 1024, batch size: 1
2026-08-29 09:37:19.747 | INFO     | models.demos.llama3_70b_galaxy.tt.generator:prefill_warmup:296 - Warming up prefill sequence length: 1024 for batch size: 1 with sampling params: None
2026-08-29 09:37:19.747 | INFO     | models.demos.llama3_70b_galaxy.tt.generator:prefill_forward_text:551 - Prefilling User 0, use_batched_prefill: False, prompt_lens: 1024, prefill_seq_len: 1024, num_cached_tokens: 0
2026-08-29 09:37:24.971 | info     |           Metal | Finalize dfb: dfb_offset == base_offset: 80, dfb size: 32, return value: 112 (dataflow_buffer.cpp:1656)
2026-08-29 09:37:24.971 | info     |           Metal | Finalize dfb: dfb_offset == base_offset: 0, dfb size: 0, return value: 0 (dataflow_buffer.cpp:1656)
2026-08-29 09:37:24.971 | info     |           Metal | Finalize dfb: dfb_offset == base_offset: 0, dfb size: 0, return value: 0 (dataflow_buffer.cpp:1656)
2026-08-29 09:37:50.358 | info     |           Metal | Finalize dfb: dfb_offset == base_offset: 80, dfb size: 32, return value: 112 (dataflow_buffer.cpp:1656)
2026-08-29 09:37:50.358 | info     |           Metal | Finalize dfb: dfb_offset == base_offset: 0, dfb size: 0, return value: 0 (dataflow_buffer.cpp:1656)
2026-08-29 09:37:50.358 | info     |           Metal | Finalize dfb: dfb_offset == base_offset: 0, dfb size: 0, return value: 0 (dataflow_buffer.cpp:1656)
2026-08-29 09:37:50.361 | warning  |              Op | rotary_embedding_llama sequence tile coverage mismatch: input_Ht=32, cos_Ht=4096, sin_Ht=4096, rotary_Ht=32. Tiles beyond rotary_Ht will be zero-filled in the output. (rotary_embedding_llama_multi_core_program_factory.cpp:62)
2026-08-29 09:37:53.225 | info     |           Metal | Finalize dfb: dfb_offset == base_offset: 144, dfb size: 144, return value: 288 (dataflow_buffer.cpp:1656)
2026-08-29 09:37:53.225 | info     |           Metal | Finalize dfb: dfb_offset == base_offset: 0, dfb size: 0, return value: 0 (dataflow_buffer.cpp:1656)
2026-08-29 09:37:53.225 | info     |           Metal | Finalize dfb: dfb_offset == base_offset: 0, dfb size: 0, return value: 0 (dataflow_buffer.cpp:1656)
2026-08-29 09:37:53.236 | info     |           Metal | Finalize dfb: dfb_offset == base_offset: 80, dfb size: 32, return value: 112 (dataflow_buffer.cpp:1656)
2026-08-29 09:37:53.236 | info     |           Metal | Finalize dfb: dfb_offset == base_offset: 0, dfb size: 0, return value: 0 (dataflow_buffer.cpp:1656)
2026-08-29 09:37:53.236 | info     |           Metal | Finalize dfb: dfb_offset == base_offset: 0, dfb size: 0, return value: 0 (dataflow_buffer.cpp:1656)
2026-08-29 09:37:53.237 | warning  |              Op | rotary_embedding_llama sequence tile coverage mismatch: input_Ht=32, cos_Ht=4096, sin_Ht=4096, rotary_Ht=32. Tiles beyond rotary_Ht will be zero-filled in the output. (rotary_embedding_llama_multi_core_program_factory.cpp:62)
2026-08-29 09:37:56.104 | info     |           Metal | Finalize dfb: dfb_offset == base_offset: 144, dfb size: 144, return value: 288 (dataflow_buffer.cpp:1656)
2026-08-29 09:37:56.104 | info     |           Metal | Finalize dfb: dfb_offset == base_offset: 0, dfb size: 0, return value: 0 (dataflow_buffer.cpp:1656)
2026-08-29 09:37:56.104 | info     |           Metal | Finalize dfb: dfb_offset == base_offset: 0, dfb size: 0, return value: 0 (dataflow_buffer.cpp:1656)
2026-08-29 09:37:56.113 | info     |           Metal | Finalize dfb: dfb_offset == base_offset: 80, dfb size: 32, return value: 112 (dataflow_buffer.cpp:1656)
2026-08-29 09:37:56.113 | info     |           Metal | Finalize dfb: dfb_offset == base_offset: 0, dfb size: 0, return value: 0 (dataflow_buffer.cpp:1656)
2026-08-29 09:37:56.113 | info     |           Metal | Finalize dfb: dfb_offset == base_offset: 0, dfb size: 0, return value: 0 (dataflow_buffer.cpp:1656)
2026-08-29 09:37:58.878 | info     |           Metal | Finalize dfb: dfb_offset == base_offset: 80, dfb size: 32, return value: 112 (dataflow_buffer.cpp:1656)
2026-08-29 09:37:58.878 | info     |           Metal | Finalize dfb: dfb_offset == base_offset: 0, dfb size: 0, return value: 0 (dataflow_buffer.cpp:1656)
2026-08-29 09:37:58.878 | info     |           Metal | Finalize dfb: dfb_offset == base_offset: 0, dfb size: 0, return value: 0 (dataflow_buffer.cpp:1656)
2026-08-29 09:38:04.420 | info     |           Metal | Finalize dfb: dfb_offset == base_offset: 80, dfb size: 32, return value: 112 (dataflow_buffer.cpp:1656)
2026-08-29 09:38:04.420 | info     |           Metal | Finalize dfb: dfb_offset == base_offset: 0, dfb size: 0, return value: 0 (dataflow_buffer.cpp:1656)
2026-08-29 09:38:04.420 | info     |           Metal | Finalize dfb: dfb_offset == base_offset: 0, dfb size: 0, return value: 0 (dataflow_buffer.cpp:1656)
2026-08-29 09:38:52.310 | INFO     | models.demos.llama3_70b_galaxy.tt.generator:_capture_trace_prefill:1135 - Done Compiling Model
2026-08-29 09:38:55.000 | INFO     | models.demos.llama3_70b_galaxy.tt.generator:_capture_trace_prefill:1175 - Done Capturing Prefill Trace
2026-08-29 09:38:55.000 | INFO     | models.demos.llama3_70b_galaxy.tt.generator:_easy_trace_prefill:1042 - Executing prefill trace
2026-08-29 09:38:57.836 | INFO     | models.demos.llama3_70b_galaxy.tt.generator:prefill_warmup:270 - Running warmup prefill for sequence length: 1024, batch size: 32
2026-08-29 09:38:57.837 | INFO     | models.demos.llama3_70b_galaxy.tt.generator:prefill_warmup:296 - Warming up prefill sequence length: 1024 for batch size: 32 with sampling params: None
2026-08-29 09:38:57.837 | INFO     | models.demos.llama3_70b_galaxy.tt.generator:prefill_forward_text:551 - Prefilling User 0, use_batched_prefill: False, prompt_lens: 1024, prefill_seq_len: 1024, num_cached_tokens: 0
2026-08-29 09:38:57.837 | INFO     | models.demos.llama3_70b_galaxy.tt.generator:_easy_trace_prefill:1042 - Executing prefill trace
2026-08-29 09:38:58.018 | INFO     | models.demos.llama3_70b_galaxy.tt.generator:prefill_forward_text:551 - Prefilling User 1, use_batched_prefill: False, prompt_lens: 1024, prefill_seq_len: 1024, num_cached_tokens: 0
2026-08-29 09:38:58.019 | INFO     | models.demos.llama3_70b_galaxy.tt.generator:_easy_trace_prefill:1042 - Executing prefill trace
2026-08-29 09:38:58.200 | INFO     | models.demos.llama3_70b_galaxy.tt.generator:prefill_forward_text:551 - Prefilling User 2, use_batched_prefill: False, prompt_lens: 1024, prefill_seq_len: 1024, num_cached_tokens: 0
2026-08-29 09:38:58.200 | INFO     | models.demos.llama3_70b_galaxy.tt.generator:_easy_trace_prefill:1042 - Executing prefill trace
2026-08-29 09:38:58.382 | INFO     | models.demos.llama3_70b_galaxy.tt.generator:prefill_forward_text:551 - Prefilling User 3, use_batched_prefill: False, prompt_lens: 1024, prefill_seq_len: 1024, num_cached_tokens: 0
2026-08-29 09:38:58.382 | INFO     | models.demos.llama3_70b_galaxy.tt.generator:_easy_trace_prefill:1042 - Executing prefill trace
2026-08-29 09:38:58.563 | INFO     | models.demos.llama3_70b_galaxy.tt.generator:prefill_forward_text:551 - Prefilling User 4, use_batched_prefill: False, prompt_lens: 1024, prefill_seq_len: 1024, num_cached_tokens: 0
2026-08-29 09:38:58.564 | INFO     | models.demos.llama3_70b_galaxy.tt.generator:_easy_trace_prefill:1042 - Executing prefill trace
2026-08-29 09:38:58.743 | INFO     | models.demos.llama3_70b_galaxy.tt.generator:prefill_forward_text:551 - Prefilling User 5, use_batched_prefill: False, prompt_lens: 1024, prefill_seq_len: 1024, num_cached_tokens: 0
2026-08-29 09:38:58.743 | INFO     | models.demos.llama3_70b_galaxy.tt.generator:_easy_trace_prefill:1042 - Executing prefill trace
2026-08-29 09:38:58.924 | INFO     | models.demos.llama3_70b_galaxy.tt.generator:prefill_forward_text:551 - Prefilling User 6, use_batched_prefill: False, prompt_lens: 1024, prefill_seq_len: 1024, num_cached_tokens: 0
2026-08-29 09:38:58.925 | INFO     | models.demos.llama3_70b_galaxy.tt.generator:_easy_trace_prefill:1042 - Executing prefill trace
2026-08-29 09:38:59.106 | INFO     | models.demos.llama3_70b_galaxy.tt.generator:prefill_forward_text:551 - Prefilling User 7, use_batched_prefill: False, prompt_lens: 1024, prefill_seq_len: 1024, num_cached_tokens: 0
2026-08-29 09:38:59.106 | INFO     | models.demos.llama3_70b_galaxy.tt.generator:_easy_trace_prefill:1042 - Executing prefill trace
2026-08-29 09:38:59.285 | INFO     | models.demos.llama3_70b_galaxy.tt.generator:prefill_forward_text:551 - Prefilling User 8, use_batched_prefill: False, prompt_lens: 1024, prefill_seq_len: 1024, num_cached_tokens: 0
2026-08-29 09:38:59.285 | INFO     | models.demos.llama3_70b_galaxy.tt.generator:_easy_trace_prefill:1042 - Executing prefill trace
2026-08-29 09:38:59.467 | INFO     | models.demos.llama3_70b_galaxy.tt.generator:prefill_forward_text:551 - Prefilling User 9, use_batched_prefill: False, prompt_lens: 1024, prefill_seq_len: 1024, num_cached_tokens: 0
2026-08-29 09:38:59.467 | INFO     | models.demos.llama3_70b_galaxy.tt.generator:_easy_trace_prefill:1042 - Executing prefill trace
2026-08-29 09:38:59.648 | INFO     | models.demos.llama3_70b_galaxy.tt.generator:prefill_forward_text:551 - Prefilling User 10, use_batched_prefill: False, prompt_lens: 1024, prefill_seq_len: 1024, num_cached_tokens: 0
2026-08-29 09:38:59.649 | INFO     | models.demos.llama3_70b_galaxy.tt.generator:_easy_trace_prefill:1042 - Executing prefill trace
2026-08-29 09:38:59.830 | INFO     | models.demos.llama3_70b_galaxy.tt.generator:prefill_forward_text:551 - Prefilling User 11, use_batched_prefill: False, prompt_lens: 1024, prefill_seq_len: 1024, num_cached_tokens: 0
2026-08-29 09:38:59.830 | INFO     | models.demos.llama3_70b_galaxy.tt.generator:_easy_trace_prefill:1042 - Executing prefill trace
2026-08-29 09:39:00.012 | INFO     | models.demos.llama3_70b_galaxy.tt.generator:prefill_forward_text:551 - Prefilling User 12, use_batched_prefill: False, prompt_lens: 1024, prefill_seq_len: 1024, num_cached_tokens: 0
2026-08-29 09:39:00.012 | INFO     | models.demos.llama3_70b_galaxy.tt.generator:_easy_trace_prefill:1042 - Executing prefill trace
2026-08-29 09:39:00.195 | INFO     | models.demos.llama3_70b_galaxy.tt.generator:prefill_forward_text:551 - Prefilling User 13, use_batched_prefill: False, prompt_lens: 1024, prefill_seq_len: 1024, num_cached_tokens: 0
2026-08-29 09:39:00.195 | INFO     | models.demos.llama3_70b_galaxy.tt.generator:_easy_trace_prefill:1042 - Executing prefill trace
2026-08-29 09:39:00.376 | INFO     | models.demos.llama3_70b_galaxy.tt.generator:prefill_forward_text:551 - Prefilling User 14, use_batched_prefill: False, prompt_lens: 1024, prefill_seq_len: 1024, num_cached_tokens: 0
2026-08-29 09:39:00.377 | INFO     | models.demos.llama3_70b_galaxy.tt.generator:_easy_trace_prefill:1042 - Executing prefill trace
2026-08-29 09:39:00.558 | INFO     | models.demos.llama3_70b_galaxy.tt.generator:prefill_forward_text:551 - Prefilling User 15, use_batched_prefill: False, prompt_lens: 1024, prefill_seq_len: 1024, num_cached_tokens: 0
2026-08-29 09:39:00.558 | INFO     | models.demos.llama3_70b_galaxy.tt.generator:_easy_trace_prefill:1042 - Executing prefill trace
2026-08-29 09:39:00.739 | INFO     | models.demos.llama3_70b_galaxy.tt.generator:prefill_forward_text:551 - Prefilling User 16, use_batched_prefill: False, prompt_lens: 1024, prefill_seq_len: 1024, num_cached_tokens: 0
2026-08-29 09:39:00.740 | INFO     | models.demos.llama3_70b_galaxy.tt.generator:_easy_trace_prefill:1042 - Executing prefill trace
2026-08-29 09:39:00.921 | INFO     | models.demos.llama3_70b_galaxy.tt.generator:prefill_forward_text:551 - Prefilling User 17, use_batched_prefill: False, prompt_lens: 1024, prefill_seq_len: 1024, num_cached_tokens: 0
2026-08-29 09:39:00.921 | INFO     | models.demos.llama3_70b_galaxy.tt.generator:_easy_trace_prefill:1042 - Executing prefill trace
2026-08-29 09:39:01.103 | INFO     | models.demos.llama3_70b_galaxy.tt.generator:prefill_forward_text:551 - Prefilling User 18, use_batched_prefill: False, prompt_lens: 1024, prefill_seq_len: 1024, num_cached_tokens: 0
2026-08-29 09:39:01.103 | INFO     | models.demos.llama3_70b_galaxy.tt.generator:_easy_trace_prefill:1042 - Executing prefill trace
2026-08-29 09:39:01.284 | INFO     | models.demos.llama3_70b_galaxy.tt.generator:prefill_forward_text:551 - Prefilling User 19, use_batched_prefill: False, prompt_lens: 1024, prefill_seq_len: 1024, num_cached_tokens: 0
2026-08-29 09:39:01.285 | INFO     | models.demos.llama3_70b_galaxy.tt.generator:_easy_trace_prefill:1042 - Executing prefill trace
2026-08-29 09:39:01.466 | INFO     | models.demos.llama3_70b_galaxy.tt.generator:prefill_forward_text:551 - Prefilling User 20, use_batched_prefill: False, prompt_lens: 1024, prefill_seq_len: 1024, num_cached_tokens: 0
2026-08-29 09:39:01.466 | INFO     | models.demos.llama3_70b_galaxy.tt.generator:_easy_trace_prefill:1042 - Executing prefill trace
2026-08-29 09:39:01.647 | INFO     | models.demos.llama3_70b_galaxy.tt.generator:prefill_forward_text:551 - Prefilling User 21, use_batched_prefill: False, prompt_lens: 1024, prefill_seq_len: 1024, num_cached_tokens: 0
2026-08-29 09:39:01.648 | INFO     | models.demos.llama3_70b_galaxy.tt.generator:_easy_trace_prefill:1042 - Executing prefill trace
2026-08-29 09:39:01.829 | INFO     | models.demos.llama3_70b_galaxy.tt.generator:prefill_forward_text:551 - Prefilling User 22, use_batched_prefill: False, prompt_lens: 1024, prefill_seq_len: 1024, num_cached_tokens: 0
2026-08-29 09:39:01.830 | INFO     | models.demos.llama3_70b_galaxy.tt.generator:_easy_trace_prefill:1042 - Executing prefill trace
2026-08-29 09:39:02.011 | INFO     | models.demos.llama3_70b_galaxy.tt.generator:prefill_forward_text:551 - Prefilling User 23, use_batched_prefill: False, prompt_lens: 1024, prefill_seq_len: 1024, num_cached_tokens: 0
2026-08-29 09:39:02.011 | INFO     | models.demos.llama3_70b_galaxy.tt.generator:_easy_trace_prefill:1042 - Executing prefill trace
2026-08-29 09:39:02.190 | INFO     | models.demos.llama3_70b_galaxy.tt.generator:prefill_forward_text:551 - Prefilling User 24, use_batched_prefill: False, prompt_lens: 1024, prefill_seq_len: 1024, num_cached_tokens: 0
2026-08-29 09:39:02.191 | INFO     | models.demos.llama3_70b_galaxy.tt.generator:_easy_trace_prefill:1042 - Executing prefill trace
2026-08-29 09:39:02.371 | INFO     | models.demos.llama3_70b_galaxy.tt.generator:prefill_forward_text:551 - Prefilling User 25, use_batched_prefill: False, prompt_lens: 1024, prefill_seq_len: 1024, num_cached_tokens: 0
2026-08-29 09:39:02.372 | INFO     | models.demos.llama3_70b_galaxy.tt.generator:_easy_trace_prefill:1042 - Executing prefill trace
2026-08-29 09:39:02.553 | INFO     | models.demos.llama3_70b_galaxy.tt.generator:prefill_forward_text:551 - Prefilling User 26, use_batched_prefill: False, prompt_lens: 1024, prefill_seq_len: 1024, num_cached_tokens: 0
2026-08-29 09:39:02.554 | INFO     | models.demos.llama3_70b_galaxy.tt.generator:_easy_trace_prefill:1042 - Executing prefill trace
2026-08-29 09:39:02.735 | INFO     | models.demos.llama3_70b_galaxy.tt.generator:prefill_forward_text:551 - Prefilling User 27, use_batched_prefill: False, prompt_lens: 1024, prefill_seq_len: 1024, num_cached_tokens: 0
2026-08-29 09:39:02.735 | INFO     | models.demos.llama3_70b_galaxy.tt.generator:_easy_trace_prefill:1042 - Executing prefill trace
2026-08-29 09:39:02.916 | INFO     | models.demos.llama3_70b_galaxy.tt.generator:prefill_forward_text:551 - Prefilling User 28, use_batched_prefill: False, prompt_lens: 1024, prefill_seq_len: 1024, num_cached_tokens: 0
2026-08-29 09:39:02.917 | INFO     | models.demos.llama3_70b_galaxy.tt.generator:_easy_trace_prefill:1042 - Executing prefill trace
2026-08-29 09:39:03.096 | INFO     | models.demos.llama3_70b_galaxy.tt.generator:prefill_forward_text:551 - Prefilling User 29, use_batched_prefill: False, prompt_lens: 1024, prefill_seq_len: 1024, num_cached_tokens: 0
2026-08-29 09:39:03.096 | INFO     | models.demos.llama3_70b_galaxy.tt.generator:_easy_trace_prefill:1042 - Executing prefill trace
2026-08-29 09:39:03.275 | INFO     | models.demos.llama3_70b_galaxy.tt.generator:prefill_forward_text:551 - Prefilling User 30, use_batched_prefill: False, prompt_lens: 1024, prefill_seq_len: 1024, num_cached_tokens: 0
2026-08-29 09:39:03.275 | INFO     | models.demos.llama3_70b_galaxy.tt.generator:_easy_trace_prefill:1042 - Executing prefill trace
2026-08-29 09:39:03.456 | INFO     | models.demos.llama3_70b_galaxy.tt.generator:prefill_forward_text:551 - Prefilling User 31, use_batched_prefill: False, prompt_lens: 1024, prefill_seq_len: 1024, num_cached_tokens: 0
2026-08-29 09:39:03.457 | INFO     | models.demos.llama3_70b_galaxy.tt.generator:_easy_trace_prefill:1042 - Executing prefill trace
2026-08-29 09:39:03.638 | INFO     | models.demos.llama3_70b_galaxy.tt.generator:prefill_warmup:270 - Running warmup prefill for sequence length: 2048, batch size: 1
2026-08-29 09:39:03.638 | INFO     | models.demos.llama3_70b_galaxy.tt.generator:prefill_warmup:296 - Warming up prefill sequence length: 2048 for batch size: 1 with sampling params: None
2026-08-29 09:39:03.638 | INFO     | models.demos.llama3_70b_galaxy.tt.generator:prefill_forward_text:551 - Prefilling User 0, use_batched_prefill: False, prompt_lens: 2048, prefill_seq_len: 2048, num_cached_tokens: 0
2026-08-29 09:39:06.092 | info     |           Metal | Finalize dfb: dfb_offset == base_offset: 80, dfb size: 32, return value: 112 (dataflow_buffer.cpp:1656)
2026-08-29 09:39:06.092 | info     |           Metal | Finalize dfb: dfb_offset == base_offset: 0, dfb size: 0, return value: 0 (dataflow_buffer.cpp:1656)
2026-08-29 09:39:06.092 | info     |           Metal | Finalize dfb: dfb_offset == base_offset: 0, dfb size: 0, return value: 0 (dataflow_buffer.cpp:1656)
2026-08-29 09:39:31.131 | info     |           Metal | Finalize dfb: dfb_offset == base_offset: 80, dfb size: 32, return value: 112 (dataflow_buffer.cpp:1656)
2026-08-29 09:39:31.131 | info     |           Metal | Finalize dfb: dfb_offset == base_offset: 0, dfb size: 0, return value: 0 (dataflow_buffer.cpp:1656)
2026-08-29 09:39:31.131 | info     |           Metal | Finalize dfb: dfb_offset == base_offset: 0, dfb size: 0, return value: 0 (dataflow_buffer.cpp:1656)
2026-08-29 09:39:31.134 | warning  |              Op | rotary_embedding_llama sequence tile coverage mismatch: input_Ht=64, cos_Ht=4096, sin_Ht=4096, rotary_Ht=64. Tiles beyond rotary_Ht will be zero-filled in the output. (rotary_embedding_llama_multi_core_program_factory.cpp:62)
2026-08-29 09:39:33.994 | info     |           Metal | Finalize dfb: dfb_offset == base_offset: 144, dfb size: 144, return value: 288 (dataflow_buffer.cpp:1656)
2026-08-29 09:39:33.994 | info     |           Metal | Finalize dfb: dfb_offset == base_offset: 0, dfb size: 0, return value: 0 (dataflow_buffer.cpp:1656)
2026-08-29 09:39:33.994 | info     |           Metal | Finalize dfb: dfb_offset == base_offset: 0, dfb size: 0, return value: 0 (dataflow_buffer.cpp:1656)
2026-08-29 09:39:36.730 | info     |           Metal | Finalize dfb: dfb_offset == base_offset: 80, dfb size: 32, return value: 112 (dataflow_buffer.cpp:1656)
2026-08-29 09:39:36.730 | info     |           Metal | Finalize dfb: dfb_offset == base_offset: 0, dfb size: 0, return value: 0 (dataflow_buffer.cpp:1656)
2026-08-29 09:39:36.730 | info     |           Metal | Finalize dfb: dfb_offset == base_offset: 0, dfb size: 0, return value: 0 (dataflow_buffer.cpp:1656)
2026-08-29 09:39:36.732 | warning  |              Op | rotary_embedding_llama sequence tile coverage mismatch: input_Ht=64, cos_Ht=4096, sin_Ht=4096, rotary_Ht=64. Tiles beyond rotary_Ht will be zero-filled in the output. (rotary_embedding_llama_multi_core_program_factory.cpp:62)
2026-08-29 09:39:39.560 | info     |           Metal | Finalize dfb: dfb_offset == base_offset: 144, dfb size: 144, return value: 288 (dataflow_buffer.cpp:1656)
2026-08-29 09:39:39.560 | info     |           Metal | Finalize dfb: dfb_offset == base_offset: 0, dfb size: 0, return value: 0 (dataflow_buffer.cpp:1656)
2026-08-29 09:39:39.560 | info     |           Metal | Finalize dfb: dfb_offset == base_offset: 0, dfb size: 0, return value: 0 (dataflow_buffer.cpp:1656)
2026-08-29 09:39:39.568 | info     |           Metal | Finalize dfb: dfb_offset == base_offset: 80, dfb size: 32, return value: 112 (dataflow_buffer.cpp:1656)
2026-08-29 09:39:39.568 | info     |           Metal | Finalize dfb: dfb_offset == base_offset: 0, dfb size: 0, return value: 0 (dataflow_buffer.cpp:1656)
2026-08-29 09:39:39.568 | info     |           Metal | Finalize dfb: dfb_offset == base_offset: 0, dfb size: 0, return value: 0 (dataflow_buffer.cpp:1656)
2026-08-29 09:39:42.332 | info     |           Metal | Finalize dfb: dfb_offset == base_offset: 80, dfb size: 32, return value: 112 (dataflow_buffer.cpp:1656)
2026-08-29 09:39:42.332 | info     |           Metal | Finalize dfb: dfb_offset == base_offset: 0, dfb size: 0, return value: 0 (dataflow_buffer.cpp:1656)
2026-08-29 09:39:42.332 | info     |           Metal | Finalize dfb: dfb_offset == base_offset: 0, dfb size: 0, return value: 0 (dataflow_buffer.cpp:1656)
2026-08-29 09:39:44.967 | info     |           Metal | Finalize dfb: dfb_offset == base_offset: 80, dfb size: 32, return value: 112 (dataflow_buffer.cpp:1656)
2026-08-29 09:39:44.967 | info     |           Metal | Finalize dfb: dfb_offset == base_offset: 0, dfb size: 0, return value: 0 (dataflow_buffer.cpp:1656)
2026-08-29 09:39:44.967 | info     |           Metal | Finalize dfb: dfb_offset == base_offset: 0, dfb size: 0, return value: 0 (dataflow_buffer.cpp:1656)
2026-08-29 09:40:44.600 | INFO     | models.demos.llama3_70b_galaxy.tt.generator:_capture_trace_prefill:1135 - Done Compiling Model
2026-08-29 09:40:47.992 | INFO     | models.demos.llama3_70b_galaxy.tt.generator:_capture_trace_prefill:1175 - Done Capturing Prefill Trace
2026-08-29 09:40:47.992 | INFO     | models.demos.llama3_70b_galaxy.tt.generator:_easy_trace_prefill:1042 - Executing prefill trace
2026-08-29 09:40:50.844 | INFO     | models.demos.llama3_70b_galaxy.tt.generator:prefill_warmup:270 - Running warmup prefill for sequence length: 2048, batch size: 32
2026-08-29 09:40:50.845 | INFO     | models.demos.llama3_70b_galaxy.tt.generator:prefill_warmup:296 - Warming up prefill sequence length: 2048 for batch size: 32 with sampling params: None
2026-08-29 09:40:50.845 | INFO     | models.demos.llama3_70b_galaxy.tt.generator:prefill_forward_text:551 - Prefilling User 0, use_batched_prefill: False, prompt_lens: 2048, prefill_seq_len: 2048, num_cached_tokens: 0
2026-08-29 09:40:50.845 | INFO     | models.demos.llama3_70b_galaxy.tt.generator:_easy_trace_prefill:1042 - Executing prefill trace
2026-08-29 09:40:51.186 | INFO     | models.demos.llama3_70b_galaxy.tt.generator:prefill_forward_text:551 - Prefilling User 1, use_batched_prefill: False, prompt_lens: 2048, prefill_seq_len: 2048, num_cached_tokens: 0
2026-08-29 09:40:51.187 | INFO     | models.demos.llama3_70b_galaxy.tt.generator:_easy_trace_prefill:1042 - Executing prefill trace
2026-08-29 09:40:51.531 | INFO     | models.demos.llama3_70b_galaxy.tt.generator:prefill_forward_text:551 - Prefilling User 2, use_batched_prefill: False, prompt_lens: 2048, prefill_seq_len: 2048, num_cached_tokens: 0
2026-08-29 09:40:51.531 | INFO     | models.demos.llama3_70b_galaxy.tt.generator:_easy_trace_prefill:1042 - Executing prefill trace
2026-08-29 09:40:51.875 | INFO     | models.demos.llama3_70b_galaxy.tt.generator:prefill_forward_text:551 - Prefilling User 3, use_batched_prefill: False, prompt_lens: 2048, prefill_seq_len: 2048, num_cached_tokens: 0
2026-08-29 09:40:51.875 | INFO     | models.demos.llama3_70b_galaxy.tt.generator:_easy_trace_prefill:1042 - Executing prefill trace
2026-08-29 09:40:52.219 | INFO     | models.demos.llama3_70b_galaxy.tt.generator:prefill_forward_text:551 - Prefilling User 4, use_batched_prefill: False, prompt_lens: 2048, prefill_seq_len: 2048, num_cached_tokens: 0
2026-08-29 09:40:52.219 | INFO     | models.demos.llama3_70b_galaxy.tt.generator:_easy_trace_prefill:1042 - Executing prefill trace
2026-08-29 09:40:52.564 | INFO     | models.demos.llama3_70b_galaxy.tt.generator:prefill_forward_text:551 - Prefilling User 5, use_batched_prefill: False, prompt_lens: 2048, prefill_seq_len: 2048, num_cached_tokens: 0
2026-08-29 09:40:52.564 | INFO     | models.demos.llama3_70b_galaxy.tt.generator:_easy_trace_prefill:1042 - Executing prefill trace
2026-08-29 09:40:52.908 | INFO     | models.demos.llama3_70b_galaxy.tt.generator:prefill_forward_text:551 - Prefilling User 6, use_batched_prefill: False, prompt_lens: 2048, prefill_seq_len: 2048, num_cached_tokens: 0
2026-08-29 09:40:52.909 | INFO     | models.demos.llama3_70b_galaxy.tt.generator:_easy_trace_prefill:1042 - Executing prefill trace
2026-08-29 09:40:53.252 | INFO     | models.demos.llama3_70b_galaxy.tt.generator:prefill_forward_text:551 - Prefilling User 7, use_batched_prefill: False, prompt_lens: 2048, prefill_seq_len: 2048, num_cached_tokens: 0
2026-08-29 09:40:53.253 | INFO     | models.demos.llama3_70b_galaxy.tt.generator:_easy_trace_prefill:1042 - Executing prefill trace
2026-08-29 09:40:53.597 | INFO     | models.demos.llama3_70b_galaxy.tt.generator:prefill_forward_text:551 - Prefilling User 8, use_batched_prefill: False, prompt_lens: 2048, prefill_seq_len: 2048, num_cached_tokens: 0
2026-08-29 09:40:53.597 | INFO     | models.demos.llama3_70b_galaxy.tt.generator:_easy_trace_prefill:1042 - Executing prefill trace
2026-08-29 09:40:53.941 | INFO     | models.demos.llama3_70b_galaxy.tt.generator:prefill_forward_text:551 - Prefilling User 9, use_batched_prefill: False, prompt_lens: 2048, prefill_seq_len: 2048, num_cached_tokens: 0
2026-08-29 09:40:53.941 | INFO     | models.demos.llama3_70b_galaxy.tt.generator:_easy_trace_prefill:1042 - Executing prefill trace
2026-08-29 09:40:54.285 | INFO     | models.demos.llama3_70b_galaxy.tt.generator:prefill_forward_text:551 - Prefilling User 10, use_batched_prefill: False, prompt_lens: 2048, prefill_seq_len: 2048, num_cached_tokens: 0
2026-08-29 09:40:54.285 | INFO     | models.demos.llama3_70b_galaxy.tt.generator:_easy_trace_prefill:1042 - Executing prefill trace
2026-08-29 09:40:54.629 | INFO     | models.demos.llama3_70b_galaxy.tt.generator:prefill_forward_text:551 - Prefilling User 11, use_batched_prefill: False, prompt_lens: 2048, prefill_seq_len: 2048, num_cached_tokens: 0
2026-08-29 09:40:54.629 | INFO     | models.demos.llama3_70b_galaxy.tt.generator:_easy_trace_prefill:1042 - Executing prefill trace
2026-08-29 09:40:54.973 | INFO     | models.demos.llama3_70b_galaxy.tt.generator:prefill_forward_text:551 - Prefilling User 12, use_batched_prefill: False, prompt_lens: 2048, prefill_seq_len: 2048, num_cached_tokens: 0
2026-08-29 09:40:54.974 | INFO     | models.demos.llama3_70b_galaxy.tt.generator:_easy_trace_prefill:1042 - Executing prefill trace
2026-08-29 09:40:55.317 | INFO     | models.demos.llama3_70b_galaxy.tt.generator:prefill_forward_text:551 - Prefilling User 13, use_batched_prefill: False, prompt_lens: 2048, prefill_seq_len: 2048, num_cached_tokens: 0
2026-08-29 09:40:55.318 | INFO     | models.demos.llama3_70b_galaxy.tt.generator:_easy_trace_prefill:1042 - Executing prefill trace
2026-08-29 09:40:55.659 | INFO     | models.demos.llama3_70b_galaxy.tt.generator:prefill_forward_text:551 - Prefilling User 14, use_batched_prefill: False, prompt_lens: 2048, prefill_seq_len: 2048, num_cached_tokens: 0
2026-08-29 09:40:55.660 | INFO     | models.demos.llama3_70b_galaxy.tt.generator:_easy_trace_prefill:1042 - Executing prefill trace
2026-08-29 09:40:56.006 | INFO     | models.demos.llama3_70b_galaxy.tt.generator:prefill_forward_text:551 - Prefilling User 15, use_batched_prefill: False, prompt_lens: 2048, prefill_seq_len: 2048, num_cached_tokens: 0
2026-08-29 09:40:56.007 | INFO     | models.demos.llama3_70b_galaxy.tt.generator:_easy_trace_prefill:1042 - Executing prefill trace
2026-08-29 09:40:56.351 | INFO     | models.demos.llama3_70b_galaxy.tt.generator:prefill_forward_text:551 - Prefilling User 16, use_batched_prefill: False, prompt_lens: 2048, prefill_seq_len: 2048, num_cached_tokens: 0
2026-08-29 09:40:56.351 | INFO     | models.demos.llama3_70b_galaxy.tt.generator:_easy_trace_prefill:1042 - Executing prefill trace
2026-08-29 09:40:56.695 | INFO     | models.demos.llama3_70b_galaxy.tt.generator:prefill_forward_text:551 - Prefilling User 17, use_batched_prefill: False, prompt_lens: 2048, prefill_seq_len: 2048, num_cached_tokens: 0
2026-08-29 09:40:56.695 | INFO     | models.demos.llama3_70b_galaxy.tt.generator:_easy_trace_prefill:1042 - Executing prefill trace
2026-08-29 09:40:57.039 | INFO     | models.demos.llama3_70b_galaxy.tt.generator:prefill_forward_text:551 - Prefilling User 18, use_batched_prefill: False, prompt_lens: 2048, prefill_seq_len: 2048, num_cached_tokens: 0
2026-08-29 09:40:57.040 | INFO     | models.demos.llama3_70b_galaxy.tt.generator:_easy_trace_prefill:1042 - Executing prefill trace
2026-08-29 09:40:57.383 | INFO     | models.demos.llama3_70b_galaxy.tt.generator:prefill_forward_text:551 - Prefilling User 19, use_batched_prefill: False, prompt_lens: 2048, prefill_seq_len: 2048, num_cached_tokens: 0
2026-08-29 09:40:57.384 | INFO     | models.demos.llama3_70b_galaxy.tt.generator:_easy_trace_prefill:1042 - Executing prefill trace
2026-08-29 09:40:57.728 | INFO     | models.demos.llama3_70b_galaxy.tt.generator:prefill_forward_text:551 - Prefilling User 20, use_batched_prefill: False, prompt_lens: 2048, prefill_seq_len: 2048, num_cached_tokens: 0
2026-08-29 09:40:57.728 | INFO     | models.demos.llama3_70b_galaxy.tt.generator:_easy_trace_prefill:1042 - Executing prefill trace
2026-08-29 09:40:58.072 | INFO     | models.demos.llama3_70b_galaxy.tt.generator:prefill_forward_text:551 - Prefilling User 21, use_batched_prefill: False, prompt_lens: 2048, prefill_seq_len: 2048, num_cached_tokens: 0
2026-08-29 09:40:58.072 | INFO     | models.demos.llama3_70b_galaxy.tt.generator:_easy_trace_prefill:1042 - Executing prefill trace
2026-08-29 09:40:58.416 | INFO     | models.demos.llama3_70b_galaxy.tt.generator:prefill_forward_text:551 - Prefilling User 22, use_batched_prefill: False, prompt_lens: 2048, prefill_seq_len: 2048, num_cached_tokens: 0
2026-08-29 09:40:58.417 | INFO     | models.demos.llama3_70b_galaxy.tt.generator:_easy_trace_prefill:1042 - Executing prefill trace
2026-08-29 09:40:58.760 | INFO     | models.demos.llama3_70b_galaxy.tt.generator:prefill_forward_text:551 - Prefilling User 23, use_batched_prefill: False, prompt_lens: 2048, prefill_seq_len: 2048, num_cached_tokens: 0
2026-08-29 09:40:58.761 | INFO     | models.demos.llama3_70b_galaxy.tt.generator:_easy_trace_prefill:1042 - Executing prefill trace
2026-08-29 09:40:59.104 | INFO     | models.demos.llama3_70b_galaxy.tt.generator:prefill_forward_text:551 - Prefilling User 24, use_batched_prefill: False, prompt_lens: 2048, prefill_seq_len: 2048, num_cached_tokens: 0
2026-08-29 09:40:59.105 | INFO     | models.demos.llama3_70b_galaxy.tt.generator:_easy_trace_prefill:1042 - Executing prefill trace
2026-08-29 09:40:59.448 | INFO     | models.demos.llama3_70b_galaxy.tt.generator:prefill_forward_text:551 - Prefilling User 25, use_batched_prefill: False, prompt_lens: 2048, prefill_seq_len: 2048, num_cached_tokens: 0
2026-08-29 09:40:59.449 | INFO     | models.demos.llama3_70b_galaxy.tt.generator:_easy_trace_prefill:1042 - Executing prefill trace
2026-08-29 09:40:59.790 | INFO     | models.demos.llama3_70b_galaxy.tt.generator:prefill_forward_text:551 - Prefilling User 26, use_batched_prefill: False, prompt_lens: 2048, prefill_seq_len: 2048, num_cached_tokens: 0
2026-08-29 09:40:59.791 | INFO     | models.demos.llama3_70b_galaxy.tt.generator:_easy_trace_prefill:1042 - Executing prefill trace
2026-08-29 09:41:00.135 | INFO     | models.demos.llama3_70b_galaxy.tt.generator:prefill_forward_text:551 - Prefilling User 27, use_batched_prefill: False, prompt_lens: 2048, prefill_seq_len: 2048, num_cached_tokens: 0
2026-08-29 09:41:00.135 | INFO     | models.demos.llama3_70b_galaxy.tt.generator:_easy_trace_prefill:1042 - Executing prefill trace
2026-08-29 09:41:00.479 | INFO     | models.demos.llama3_70b_galaxy.tt.generator:prefill_forward_text:551 - Prefilling User 28, use_batched_prefill: False, prompt_lens: 2048, prefill_seq_len: 2048, num_cached_tokens: 0
2026-08-29 09:41:00.479 | INFO     | models.demos.llama3_70b_galaxy.tt.generator:_easy_trace_prefill:1042 - Executing prefill trace
2026-08-29 09:41:00.826 | INFO     | models.demos.llama3_70b_galaxy.tt.generator:prefill_forward_text:551 - Prefilling User 29, use_batched_prefill: False, prompt_lens: 2048, prefill_seq_len: 2048, num_cached_tokens: 0
2026-08-29 09:41:00.827 | INFO     | models.demos.llama3_70b_galaxy.tt.generator:_easy_trace_prefill:1042 - Executing prefill trace
2026-08-29 09:41:01.173 | INFO     | models.demos.llama3_70b_galaxy.tt.generator:prefill_forward_text:551 - Prefilling User 30, use_batched_prefill: False, prompt_lens: 2048, prefill_seq_len: 2048, num_cached_tokens: 0
2026-08-29 09:41:01.174 | INFO     | models.demos.llama3_70b_galaxy.tt.generator:_easy_trace_prefill:1042 - Executing prefill trace
2026-08-29 09:41:01.519 | INFO     | models.demos.llama3_70b_galaxy.tt.generator:prefill_forward_text:551 - Prefilling User 31, use_batched_prefill: False, prompt_lens: 2048, prefill_seq_len: 2048, num_cached_tokens: 0
2026-08-29 09:41:01.519 | INFO     | models.demos.llama3_70b_galaxy.tt.generator:_easy_trace_prefill:1042 - Executing prefill trace
2026-08-29 09:41:01.865 | INFO     | models.demos.llama3_70b_galaxy.tt.generator:prefill_warmup:270 - Running warmup prefill for sequence length: 4096, batch size: 1
2026-08-29 09:41:01.866 | INFO     | models.demos.llama3_70b_galaxy.tt.generator:prefill_warmup:296 - Warming up prefill sequence length: 4096 for batch size: 1 with sampling params: None
2026-08-29 09:41:01.866 | INFO     | models.demos.llama3_70b_galaxy.tt.generator:prefill_forward_text:551 - Prefilling User 0, use_batched_prefill: False, prompt_lens: 4096, prefill_seq_len: 4096, num_cached_tokens: 0
2026-08-29 09:41:10.486 | info     |           Metal | Finalize dfb: dfb_offset == base_offset: 80, dfb size: 32, return value: 112 (dataflow_buffer.cpp:1656)
2026-08-29 09:41:10.486 | info     |           Metal | Finalize dfb: dfb_offset == base_offset: 0, dfb size: 0, return value: 0 (dataflow_buffer.cpp:1656)
2026-08-29 09:41:10.486 | info     |           Metal | Finalize dfb: dfb_offset == base_offset: 0, dfb size: 0, return value: 0 (dataflow_buffer.cpp:1656)
2026-08-29 09:41:10.488 | warning  |              Op | rotary_embedding_llama sequence tile coverage mismatch: input_Ht=128, cos_Ht=4096, sin_Ht=4096, rotary_Ht=128. Tiles beyond rotary_Ht will be zero-filled in the output. (rotary_embedding_llama_multi_core_program_factory.cpp:62)
2026-08-29 09:41:13.396 | info     |           Metal | Finalize dfb: dfb_offset == base_offset: 144, dfb size: 144, return value: 288 (dataflow_buffer.cpp:1656)
2026-08-29 09:41:13.396 | info     |           Metal | Finalize dfb: dfb_offset == base_offset: 0, dfb size: 0, return value: 0 (dataflow_buffer.cpp:1656)
2026-08-29 09:41:13.396 | info     |           Metal | Finalize dfb: dfb_offset == base_offset: 0, dfb size: 0, return value: 0 (dataflow_buffer.cpp:1656)
2026-08-29 09:41:13.405 | info     |           Metal | Finalize dfb: dfb_offset == base_offset: 80, dfb size: 32, return value: 112 (dataflow_buffer.cpp:1656)
2026-08-29 09:41:13.405 | info     |           Metal | Finalize dfb: dfb_offset == base_offset: 0, dfb size: 0, return value: 0 (dataflow_buffer.cpp:1656)
2026-08-29 09:41:13.405 | info     |           Metal | Finalize dfb: dfb_offset == base_offset: 0, dfb size: 0, return value: 0 (dataflow_buffer.cpp:1656)
2026-08-29 09:41:13.406 | warning  |              Op | rotary_embedding_llama sequence tile coverage mismatch: input_Ht=128, cos_Ht=4096, sin_Ht=4096, rotary_Ht=128. Tiles beyond rotary_Ht will be zero-filled in the output. (rotary_embedding_llama_multi_core_program_factory.cpp:62)
2026-08-29 09:41:16.309 | info     |           Metal | Finalize dfb: dfb_offset == base_offset: 144, dfb size: 144, return value: 288 (dataflow_buffer.cpp:1656)
2026-08-29 09:41:16.309 | info     |           Metal | Finalize dfb: dfb_offset == base_offset: 0, dfb size: 0, return value: 0 (dataflow_buffer.cpp:1656)
2026-08-29 09:41:16.309 | info     |           Metal | Finalize dfb: dfb_offset == base_offset: 0, dfb size: 0, return value: 0 (dataflow_buffer.cpp:1656)
2026-08-29 09:41:16.318 | info     |           Metal | Finalize dfb: dfb_offset == base_offset: 80, dfb size: 32, return value: 112 (dataflow_buffer.cpp:1656)
2026-08-29 09:41:16.318 | info     |           Metal | Finalize dfb: dfb_offset == base_offset: 0, dfb size: 0, return value: 0 (dataflow_buffer.cpp:1656)
2026-08-29 09:41:16.318 | info     |           Metal | Finalize dfb: dfb_offset == base_offset: 0, dfb size: 0, return value: 0 (dataflow_buffer.cpp:1656)
2026-08-29 09:41:16.321 | info     |           Metal | Finalize dfb: dfb_offset == base_offset: 80, dfb size: 32, return value: 112 (dataflow_buffer.cpp:1656)
2026-08-29 09:41:16.321 | info     |           Metal | Finalize dfb: dfb_offset == base_offset: 0, dfb size: 0, return value: 0 (dataflow_buffer.cpp:1656)
2026-08-29 09:41:16.321 | info     |           Metal | Finalize dfb: dfb_offset == base_offset: 0, dfb size: 0, return value: 0 (dataflow_buffer.cpp:1656)
2026-08-29 09:41:19.046 | info     |           Metal | Finalize dfb: dfb_offset == base_offset: 80, dfb size: 32, return value: 112 (dataflow_buffer.cpp:1656)
2026-08-29 09:41:19.046 | info     |           Metal | Finalize dfb: dfb_offset == base_offset: 0, dfb size: 0, return value: 0 (dataflow_buffer.cpp:1656)
2026-08-29 09:41:19.046 | info     |           Metal | Finalize dfb: dfb_offset == base_offset: 0, dfb size: 0, return value: 0 (dataflow_buffer.cpp:1656)
2026-08-29 09:42:07.916 | INFO     | models.demos.llama3_70b_galaxy.tt.generator:_capture_trace_prefill:1135 - Done Compiling Model
2026-08-29 09:42:11.161 | INFO     | models.demos.llama3_70b_galaxy.tt.generator:_capture_trace_prefill:1175 - Done Capturing Prefill Trace
2026-08-29 09:42:11.162 | INFO     | models.demos.llama3_70b_galaxy.tt.generator:_easy_trace_prefill:1042 - Executing prefill trace
2026-08-29 09:42:14.148 | INFO     | models.demos.llama3_70b_galaxy.tt.generator:prefill_warmup:266 - Skipping warmup step for prefill sequence length 4096, batch size: 32
2026-08-29 09:42:14.149 | INFO     | models.demos.llama3_70b_galaxy.tt.generator:prefill_warmup:270 - Running warmup prefill for sequence length: 8192, batch size: 1
2026-08-29 09:42:14.149 | INFO     | models.demos.llama3_70b_galaxy.tt.generator:prefill_warmup:296 - Warming up prefill sequence length: 8192 for batch size: 1 with sampling params: None
2026-08-29 09:42:14.149 | INFO     | models.demos.llama3_70b_galaxy.tt.generator:prefill_forward_text:551 - Prefilling User 0, use_batched_prefill: False, prompt_lens: 8192, prefill_seq_len: 8192, num_cached_tokens: 0
2026-08-29 09:42:19.561 | info     |           Metal | Finalize dfb: dfb_offset == base_offset: 80, dfb size: 32, return value: 112 (dataflow_buffer.cpp:1656)
2026-08-29 09:42:19.561 | info     |           Metal | Finalize dfb: dfb_offset == base_offset: 0, dfb size: 0, return value: 0 (dataflow_buffer.cpp:1656)
2026-08-29 09:42:19.561 | info     |           Metal | Finalize dfb: dfb_offset == base_offset: 0, dfb size: 0, return value: 0 (dataflow_buffer.cpp:1656)
2026-08-29 09:42:45.184 | info     |           Metal | Finalize dfb: dfb_offset == base_offset: 80, dfb size: 32, return value: 112 (dataflow_buffer.cpp:1656)
2026-08-29 09:42:45.184 | info     |           Metal | Finalize dfb: dfb_offset == base_offset: 0, dfb size: 0, return value: 0 (dataflow_buffer.cpp:1656)
2026-08-29 09:42:45.184 | info     |           Metal | Finalize dfb: dfb_offset == base_offset: 0, dfb size: 0, return value: 0 (dataflow_buffer.cpp:1656)
2026-08-29 09:42:45.187 | warning  |              Op | rotary_embedding_llama sequence tile coverage mismatch: input_Ht=256, cos_Ht=4096, sin_Ht=4096, rotary_Ht=256. Tiles beyond rotary_Ht will be zero-filled in the output. (rotary_embedding_llama_multi_core_program_factory.cpp:62)
2026-08-29 09:42:48.051 | info     |           Metal | Finalize dfb: dfb_offset == base_offset: 144, dfb size: 144, return value: 288 (dataflow_buffer.cpp:1656)
2026-08-29 09:42:48.051 | info     |           Metal | Finalize dfb: dfb_offset == base_offset: 0, dfb size: 0, return value: 0 (dataflow_buffer.cpp:1656)
2026-08-29 09:42:48.051 | info     |           Metal | Finalize dfb: dfb_offset == base_offset: 0, dfb size: 0, return value: 0 (dataflow_buffer.cpp:1656)
2026-08-29 09:42:48.061 | info     |           Metal | Finalize dfb: dfb_offset == base_offset: 80, dfb size: 32, return value: 112 (dataflow_buffer.cpp:1656)
2026-08-29 09:42:48.061 | info     |           Metal | Finalize dfb: dfb_offset == base_offset: 0, dfb size: 0, return value: 0 (dataflow_buffer.cpp:1656)
2026-08-29 09:42:48.061 | info     |           Metal | Finalize dfb: dfb_offset == base_offset: 0, dfb size: 0, return value: 0 (dataflow_buffer.cpp:1656)
2026-08-29 09:42:48.062 | warning  |              Op | rotary_embedding_llama sequence tile coverage mismatch: input_Ht=256, cos_Ht=4096, sin_Ht=4096, rotary_Ht=256. Tiles beyond rotary_Ht will be zero-filled in the output. (rotary_embedding_llama_multi_core_program_factory.cpp:62)
2026-08-29 09:42:50.907 | info     |           Metal | Finalize dfb: dfb_offset == base_offset: 144, dfb size: 144, return value: 288 (dataflow_buffer.cpp:1656)
2026-08-29 09:42:50.907 | info     |           Metal | Finalize dfb: dfb_offset == base_offset: 0, dfb size: 0, return value: 0 (dataflow_buffer.cpp:1656)
2026-08-29 09:42:50.907 | info     |           Metal | Finalize dfb: dfb_offset == base_offset: 0, dfb size: 0, return value: 0 (dataflow_buffer.cpp:1656)
2026-08-29 09:42:50.915 | info     |           Metal | Finalize dfb: dfb_offset == base_offset: 80, dfb size: 32, return value: 112 (dataflow_buffer.cpp:1656)
2026-08-29 09:42:50.915 | info     |           Metal | Finalize dfb: dfb_offset == base_offset: 0, dfb size: 0, return value: 0 (dataflow_buffer.cpp:1656)
2026-08-29 09:42:50.915 | info     |           Metal | Finalize dfb: dfb_offset == base_offset: 0, dfb size: 0, return value: 0 (dataflow_buffer.cpp:1656)
2026-08-29 09:42:53.672 | info     |           Metal | Finalize dfb: dfb_offset == base_offset: 80, dfb size: 32, return value: 112 (dataflow_buffer.cpp:1656)
2026-08-29 09:42:53.672 | info     |           Metal | Finalize dfb: dfb_offset == base_offset: 0, dfb size: 0, return value: 0 (dataflow_buffer.cpp:1656)
2026-08-29 09:42:53.672 | info     |           Metal | Finalize dfb: dfb_offset == base_offset: 0, dfb size: 0, return value: 0 (dataflow_buffer.cpp:1656)
2026-08-29 09:42:56.385 | info     |           Metal | Finalize dfb: dfb_offset == base_offset: 80, dfb size: 32, return value: 112 (dataflow_buffer.cpp:1656)
2026-08-29 09:42:56.385 | info     |           Metal | Finalize dfb: dfb_offset == base_offset: 0, dfb size: 0, return value: 0 (dataflow_buffer.cpp:1656)
2026-08-29 09:42:56.385 | info     |           Metal | Finalize dfb: dfb_offset == base_offset: 0, dfb size: 0, return value: 0 (dataflow_buffer.cpp:1656)
2026-08-29 09:43:55.052 | INFO     | models.demos.llama3_70b_galaxy.tt.generator:prefill_warmup:266 - Skipping warmup step for prefill sequence length 8192, batch size: 32
2026-08-29 09:43:55.052 | INFO     | models.demos.llama3_70b_galaxy.tt.generator:prefill_warmup:270 - Running warmup prefill for sequence length: 16384, batch size: 1
2026-08-29 09:43:55.052 | INFO     | models.demos.llama3_70b_galaxy.tt.generator:prefill_warmup:296 - Warming up prefill sequence length: 16384 for batch size: 1 with sampling params: None
2026-08-29 09:43:55.052 | INFO     | models.demos.llama3_70b_galaxy.tt.generator:prefill_forward_text:551 - Prefilling User 0, use_batched_prefill: False, prompt_lens: 16384, prefill_seq_len: 16384, num_cached_tokens: 0
2026-08-29 09:44:00.502 | info     |           Metal | Finalize dfb: dfb_offset == base_offset: 80, dfb size: 32, return value: 112 (dataflow_buffer.cpp:1656)
2026-08-29 09:44:00.502 | info     |           Metal | Finalize dfb: dfb_offset == base_offset: 0, dfb size: 0, return value: 0 (dataflow_buffer.cpp:1656)
2026-08-29 09:44:00.502 | info     |           Metal | Finalize dfb: dfb_offset == base_offset: 0, dfb size: 0, return value: 0 (dataflow_buffer.cpp:1656)
2026-08-29 09:44:26.838 | info     |           Metal | Finalize dfb: dfb_offset == base_offset: 80, dfb size: 32, return value: 112 (dataflow_buffer.cpp:1656)
2026-08-29 09:44:26.838 | info     |           Metal | Finalize dfb: dfb_offset == base_offset: 0, dfb size: 0, return value: 0 (dataflow_buffer.cpp:1656)
2026-08-29 09:44:26.838 | info     |           Metal | Finalize dfb: dfb_offset == base_offset: 0, dfb size: 0, return value: 0 (dataflow_buffer.cpp:1656)
2026-08-29 09:44:26.841 | warning  |              Op | rotary_embedding_llama sequence tile coverage mismatch: input_Ht=512, cos_Ht=4096, sin_Ht=4096, rotary_Ht=512. Tiles beyond rotary_Ht will be zero-filled in the output. (rotary_embedding_llama_multi_core_program_factory.cpp:62)
2026-08-29 09:44:29.755 | info     |           Metal | Finalize dfb: dfb_offset == base_offset: 144, dfb size: 144, return value: 288 (dataflow_buffer.cpp:1656)
2026-08-29 09:44:29.755 | info     |           Metal | Finalize dfb: dfb_offset == base_offset: 0, dfb size: 0, return value: 0 (dataflow_buffer.cpp:1656)
2026-08-29 09:44:29.755 | info     |           Metal | Finalize dfb: dfb_offset == base_offset: 0, dfb size: 0, return value: 0 (dataflow_buffer.cpp:1656)
2026-08-29 09:44:29.766 | info     |           Metal | Finalize dfb: dfb_offset == base_offset: 80, dfb size: 32, return value: 112 (dataflow_buffer.cpp:1656)
2026-08-29 09:44:29.766 | info     |           Metal | Finalize dfb: dfb_offset == base_offset: 0, dfb size: 0, return value: 0 (dataflow_buffer.cpp:1656)
2026-08-29 09:44:29.766 | info     |           Metal | Finalize dfb: dfb_offset == base_offset: 0, dfb size: 0, return value: 0 (dataflow_buffer.cpp:1656)
2026-08-29 09:44:29.768 | warning  |              Op | rotary_embedding_llama sequence tile coverage mismatch: input_Ht=512, cos_Ht=4096, sin_Ht=4096, rotary_Ht=512. Tiles beyond rotary_Ht will be zero-filled in the output. (rotary_embedding_llama_multi_core_program_factory.cpp:62)
2026-08-29 09:44:32.654 | info     |           Metal | Finalize dfb: dfb_offset == base_offset: 144, dfb size: 144, return value: 288 (dataflow_buffer.cpp:1656)
2026-08-29 09:44:32.654 | info     |           Metal | Finalize dfb: dfb_offset == base_offset: 0, dfb size: 0, return value: 0 (dataflow_buffer.cpp:1656)
2026-08-29 09:44:32.654 | info     |           Metal | Finalize dfb: dfb_offset == base_offset: 0, dfb size: 0, return value: 0 (dataflow_buffer.cpp:1656)
2026-08-29 09:44:32.663 | info     |           Metal | Finalize dfb: dfb_offset == base_offset: 80, dfb size: 32, return value: 112 (dataflow_buffer.cpp:1656)
2026-08-29 09:44:32.663 | info     |           Metal | Finalize dfb: dfb_offset == base_offset: 0, dfb size: 0, return value: 0 (dataflow_buffer.cpp:1656)
2026-08-29 09:44:32.663 | info     |           Metal | Finalize dfb: dfb_offset == base_offset: 0, dfb size: 0, return value: 0 (dataflow_buffer.cpp:1656)
2026-08-29 09:44:35.464 | info     |           Metal | Finalize dfb: dfb_offset == base_offset: 80, dfb size: 32, return value: 112 (dataflow_buffer.cpp:1656)
2026-08-29 09:44:35.464 | info     |           Metal | Finalize dfb: dfb_offset == base_offset: 0, dfb size: 0, return value: 0 (dataflow_buffer.cpp:1656)
2026-08-29 09:44:35.464 | info     |           Metal | Finalize dfb: dfb_offset == base_offset: 0, dfb size: 0, return value: 0 (dataflow_buffer.cpp:1656)
2026-08-29 09:44:38.257 | info     |           Metal | Finalize dfb: dfb_offset == base_offset: 80, dfb size: 32, return value: 112 (dataflow_buffer.cpp:1656)
2026-08-29 09:44:38.257 | info     |           Metal | Finalize dfb: dfb_offset == base_offset: 0, dfb size: 0, return value: 0 (dataflow_buffer.cpp:1656)
2026-08-29 09:44:38.257 | info     |           Metal | Finalize dfb: dfb_offset == base_offset: 0, dfb size: 0, return value: 0 (dataflow_buffer.cpp:1656)
2026-08-29 09:45:42.209 | INFO     | models.demos.llama3_70b_galaxy.tt.generator:prefill_warmup:266 - Skipping warmup step for prefill sequence length 16384, batch size: 32
2026-08-29 09:45:42.209 | INFO     | models.demos.llama3_70b_galaxy.tt.generator:prefill_warmup:270 - Running warmup prefill for sequence length: 32768, batch size: 1
2026-08-29 09:45:42.209 | INFO     | models.demos.llama3_70b_galaxy.tt.generator:prefill_warmup:296 - Warming up prefill sequence length: 32768 for batch size: 1 with sampling params: None
2026-08-29 09:45:42.210 | INFO     | models.demos.llama3_70b_galaxy.tt.generator:prefill_forward_text:551 - Prefilling User 0, use_batched_prefill: False, prompt_lens: 32768, prefill_seq_len: 32768, num_cached_tokens: 0
2026-08-29 09:45:47.619 | info     |           Metal | Finalize dfb: dfb_offset == base_offset: 80, dfb size: 32, return value: 112 (dataflow_buffer.cpp:1656)
2026-08-29 09:45:47.619 | info     |           Metal | Finalize dfb: dfb_offset == base_offset: 0, dfb size: 0, return value: 0 (dataflow_buffer.cpp:1656)
2026-08-29 09:45:47.619 | info     |           Metal | Finalize dfb: dfb_offset == base_offset: 0, dfb size: 0, return value: 0 (dataflow_buffer.cpp:1656)
2026-08-29 09:46:13.932 | info     |           Metal | Finalize dfb: dfb_offset == base_offset: 80, dfb size: 32, return value: 112 (dataflow_buffer.cpp:1656)
2026-08-29 09:46:13.932 | info     |           Metal | Finalize dfb: dfb_offset == base_offset: 0, dfb size: 0, return value: 0 (dataflow_buffer.cpp:1656)
2026-08-29 09:46:13.932 | info     |           Metal | Finalize dfb: dfb_offset == base_offset: 0, dfb size: 0, return value: 0 (dataflow_buffer.cpp:1656)
2026-08-29 09:46:13.935 | warning  |              Op | rotary_embedding_llama sequence tile coverage mismatch: input_Ht=1024, cos_Ht=4096, sin_Ht=4096, rotary_Ht=1024. Tiles beyond rotary_Ht will be zero-filled in the output. (rotary_embedding_llama_multi_core_program_factory.cpp:62)
2026-08-29 09:46:16.762 | info     |           Metal | Finalize dfb: dfb_offset == base_offset: 144, dfb size: 144, return value: 288 (dataflow_buffer.cpp:1656)
2026-08-29 09:46:16.762 | info     |           Metal | Finalize dfb: dfb_offset == base_offset: 0, dfb size: 0, return value: 0 (dataflow_buffer.cpp:1656)
2026-08-29 09:46:16.762 | info     |           Metal | Finalize dfb: dfb_offset == base_offset: 0, dfb size: 0, return value: 0 (dataflow_buffer.cpp:1656)
2026-08-29 09:46:16.774 | info     |           Metal | Finalize dfb: dfb_offset == base_offset: 80, dfb size: 32, return value: 112 (dataflow_buffer.cpp:1656)
2026-08-29 09:46:16.774 | info     |           Metal | Finalize dfb: dfb_offset == base_offset: 0, dfb size: 0, return value: 0 (dataflow_buffer.cpp:1656)
2026-08-29 09:46:16.774 | info     |           Metal | Finalize dfb: dfb_offset == base_offset: 0, dfb size: 0, return value: 0 (dataflow_buffer.cpp:1656)
2026-08-29 09:46:16.775 | warning  |              Op | rotary_embedding_llama sequence tile coverage mismatch: input_Ht=1024, cos_Ht=4096, sin_Ht=4096, rotary_Ht=1024. Tiles beyond rotary_Ht will be zero-filled in the output. (rotary_embedding_llama_multi_core_program_factory.cpp:62)
2026-08-29 09:46:19.625 | info     |           Metal | Finalize dfb: dfb_offset == base_offset: 144, dfb size: 144, return value: 288 (dataflow_buffer.cpp:1656)
2026-08-29 09:46:19.625 | info     |           Metal | Finalize dfb: dfb_offset == base_offset: 0, dfb size: 0, return value: 0 (dataflow_buffer.cpp:1656)
2026-08-29 09:46:19.625 | info     |           Metal | Finalize dfb: dfb_offset == base_offset: 0, dfb size: 0, return value: 0 (dataflow_buffer.cpp:1656)
2026-08-29 09:46:19.634 | info     |           Metal | Finalize dfb: dfb_offset == base_offset: 80, dfb size: 32, return value: 112 (dataflow_buffer.cpp:1656)
2026-08-29 09:46:19.634 | info     |           Metal | Finalize dfb: dfb_offset == base_offset: 0, dfb size: 0, return value: 0 (dataflow_buffer.cpp:1656)
2026-08-29 09:46:19.634 | info     |           Metal | Finalize dfb: dfb_offset == base_offset: 0, dfb size: 0, return value: 0 (dataflow_buffer.cpp:1656)
2026-08-29 09:46:22.384 | info     |           Metal | Finalize dfb: dfb_offset == base_offset: 80, dfb size: 32, return value: 112 (dataflow_buffer.cpp:1656)
2026-08-29 09:46:22.384 | info     |           Metal | Finalize dfb: dfb_offset == base_offset: 0, dfb size: 0, return value: 0 (dataflow_buffer.cpp:1656)
2026-08-29 09:46:22.384 | info     |           Metal | Finalize dfb: dfb_offset == base_offset: 0, dfb size: 0, return value: 0 (dataflow_buffer.cpp:1656)
2026-08-29 09:46:25.207 | info     |           Metal | Finalize dfb: dfb_offset == base_offset: 80, dfb size: 32, return value: 112 (dataflow_buffer.cpp:1656)
2026-08-29 09:46:25.207 | info     |           Metal | Finalize dfb: dfb_offset == base_offset: 0, dfb size: 0, return value: 0 (dataflow_buffer.cpp:1656)
2026-08-29 09:46:25.207 | info     |           Metal | Finalize dfb: dfb_offset == base_offset: 0, dfb size: 0, return value: 0 (dataflow_buffer.cpp:1656)
2026-08-29 09:47:27.315 | INFO     | models.demos.llama3_70b_galaxy.tt.generator:prefill_warmup:266 - Skipping warmup step for prefill sequence length 32768, batch size: 32
2026-08-29 09:47:27.315 | INFO     | models.demos.llama3_70b_galaxy.tt.generator:prefill_warmup:270 - Running warmup prefill for sequence length: 65536, batch size: 1
2026-08-29 09:47:27.315 | INFO     | models.demos.llama3_70b_galaxy.tt.generator:prefill_warmup:296 - Warming up prefill sequence length: 65536 for batch size: 1 with sampling params: None
2026-08-29 09:47:27.315 | INFO     | models.demos.llama3_70b_galaxy.tt.generator:prefill_forward_text:551 - Prefilling User 0, use_batched_prefill: False, prompt_lens: 65536, prefill_seq_len: 65536, num_cached_tokens: 0
2026-08-29 09:47:32.926 | info     |           Metal | Finalize dfb: dfb_offset == base_offset: 80, dfb size: 32, return value: 112 (dataflow_buffer.cpp:1656)
2026-08-29 09:47:32.926 | info     |           Metal | Finalize dfb: dfb_offset == base_offset: 0, dfb size: 0, return value: 0 (dataflow_buffer.cpp:1656)
2026-08-29 09:47:32.926 | info     |           Metal | Finalize dfb: dfb_offset == base_offset: 0, dfb size: 0, return value: 0 (dataflow_buffer.cpp:1656)
2026-08-29 09:47:59.374 | info     |           Metal | Finalize dfb: dfb_offset == base_offset: 80, dfb size: 32, return value: 112 (dataflow_buffer.cpp:1656)
2026-08-29 09:47:59.374 | info     |           Metal | Finalize dfb: dfb_offset == base_offset: 0, dfb size: 0, return value: 0 (dataflow_buffer.cpp:1656)
2026-08-29 09:47:59.374 | info     |           Metal | Finalize dfb: dfb_offset == base_offset: 0, dfb size: 0, return value: 0 (dataflow_buffer.cpp:1656)
2026-08-29 09:47:59.377 | warning  |              Op | rotary_embedding_llama sequence tile coverage mismatch: input_Ht=2048, cos_Ht=4096, sin_Ht=4096, rotary_Ht=2048. Tiles beyond rotary_Ht will be zero-filled in the output. (rotary_embedding_llama_multi_core_program_factory.cpp:62)
2026-08-29 09:48:02.190 | info     |           Metal | Finalize dfb: dfb_offset == base_offset: 144, dfb size: 144, return value: 288 (dataflow_buffer.cpp:1656)
2026-08-29 09:48:02.190 | info     |           Metal | Finalize dfb: dfb_offset == base_offset: 0, dfb size: 0, return value: 0 (dataflow_buffer.cpp:1656)
2026-08-29 09:48:02.190 | info     |           Metal | Finalize dfb: dfb_offset == base_offset: 0, dfb size: 0, return value: 0 (dataflow_buffer.cpp:1656)
2026-08-29 09:48:02.201 | info     |           Metal | Finalize dfb: dfb_offset == base_offset: 80, dfb size: 32, return value: 112 (dataflow_buffer.cpp:1656)
2026-08-29 09:48:02.201 | info     |           Metal | Finalize dfb: dfb_offset == base_offset: 0, dfb size: 0, return value: 0 (dataflow_buffer.cpp:1656)
2026-08-29 09:48:02.201 | info     |           Metal | Finalize dfb: dfb_offset == base_offset: 0, dfb size: 0, return value: 0 (dataflow_buffer.cpp:1656)
2026-08-29 09:48:02.202 | warning  |              Op | rotary_embedding_llama sequence tile coverage mismatch: input_Ht=2048, cos_Ht=4096, sin_Ht=4096, rotary_Ht=2048. Tiles beyond rotary_Ht will be zero-filled in the output. (rotary_embedding_llama_multi_core_program_factory.cpp:62)
2026-08-29 09:48:05.091 | info     |           Metal | Finalize dfb: dfb_offset == base_offset: 144, dfb size: 144, return value: 288 (dataflow_buffer.cpp:1656)
2026-08-29 09:48:05.091 | info     |           Metal | Finalize dfb: dfb_offset == base_offset: 0, dfb size: 0, return value: 0 (dataflow_buffer.cpp:1656)
2026-08-29 09:48:05.091 | info     |           Metal | Finalize dfb: dfb_offset == base_offset: 0, dfb size: 0, return value: 0 (dataflow_buffer.cpp:1656)
2026-08-29 09:48:05.099 | info     |           Metal | Finalize dfb: dfb_offset == base_offset: 80, dfb size: 32, return value: 112 (dataflow_buffer.cpp:1656)
2026-08-29 09:48:05.099 | info     |           Metal | Finalize dfb: dfb_offset == base_offset: 0, dfb size: 0, return value: 0 (dataflow_buffer.cpp:1656)
2026-08-29 09:48:05.099 | info     |           Metal | Finalize dfb: dfb_offset == base_offset: 0, dfb size: 0, return value: 0 (dataflow_buffer.cpp:1656)
2026-08-29 09:48:07.831 | info     |           Metal | Finalize dfb: dfb_offset == base_offset: 80, dfb size: 32, return value: 112 (dataflow_buffer.cpp:1656)
2026-08-29 09:48:07.831 | info     |           Metal | Finalize dfb: dfb_offset == base_offset: 0, dfb size: 0, return value: 0 (dataflow_buffer.cpp:1656)
2026-08-29 09:48:07.831 | info     |           Metal | Finalize dfb: dfb_offset == base_offset: 0, dfb size: 0, return value: 0 (dataflow_buffer.cpp:1656)
2026-08-29 09:48:10.675 | info     |           Metal | Finalize dfb: dfb_offset == base_offset: 80, dfb size: 32, return value: 112 (dataflow_buffer.cpp:1656)
2026-08-29 09:48:10.675 | info     |           Metal | Finalize dfb: dfb_offset == base_offset: 0, dfb size: 0, return value: 0 (dataflow_buffer.cpp:1656)
2026-08-29 09:48:10.675 | info     |           Metal | Finalize dfb: dfb_offset == base_offset: 0, dfb size: 0, return value: 0 (dataflow_buffer.cpp:1656)
2026-08-29 09:49:20.336 | INFO     | models.demos.llama3_70b_galaxy.tt.generator:prefill_warmup:266 - Skipping warmup step for prefill sequence length 65536, batch size: 32
2026-08-29 09:49:20.336 | INFO     | models.demos.llama3_70b_galaxy.tt.generator:prefill_warmup:270 - Running warmup prefill for sequence length: 131072, batch size: 1
2026-08-29 09:49:20.336 | INFO     | models.demos.llama3_70b_galaxy.tt.generator:prefill_warmup:296 - Warming up prefill sequence length: 131072 for batch size: 1 with sampling params: None
2026-08-29 09:49:20.336 | INFO     | models.demos.llama3_70b_galaxy.tt.generator:prefill_forward_text:551 - Prefilling User 0, use_batched_prefill: False, prompt_lens: 131072, prefill_seq_len: 131072, num_cached_tokens: 0
2026-08-29 09:49:25.949 | info     |           Metal | Finalize dfb: dfb_offset == base_offset: 80, dfb size: 32, return value: 112 (dataflow_buffer.cpp:1656)
2026-08-29 09:49:25.949 | info     |           Metal | Finalize dfb: dfb_offset == base_offset: 0, dfb size: 0, return value: 0 (dataflow_buffer.cpp:1656)
2026-08-29 09:49:25.949 | info     |           Metal | Finalize dfb: dfb_offset == base_offset: 0, dfb size: 0, return value: 0 (dataflow_buffer.cpp:1656)
2026-08-29 09:49:52.753 | info     |           Metal | Finalize dfb: dfb_offset == base_offset: 80, dfb size: 32, return value: 112 (dataflow_buffer.cpp:1656)
2026-08-29 09:49:52.753 | info     |           Metal | Finalize dfb: dfb_offset == base_offset: 0, dfb size: 0, return value: 0 (dataflow_buffer.cpp:1656)
2026-08-29 09:49:52.753 | info     |           Metal | Finalize dfb: dfb_offset == base_offset: 0, dfb size: 0, return value: 0 (dataflow_buffer.cpp:1656)
2026-08-29 09:49:55.633 | info     |           Metal | Finalize dfb: dfb_offset == base_offset: 144, dfb size: 144, return value: 288 (dataflow_buffer.cpp:1656)
2026-08-29 09:49:55.633 | info     |           Metal | Finalize dfb: dfb_offset == base_offset: 0, dfb size: 0, return value: 0 (dataflow_buffer.cpp:1656)
2026-08-29 09:49:55.633 | info     |           Metal | Finalize dfb: dfb_offset == base_offset: 0, dfb size: 0, return value: 0 (dataflow_buffer.cpp:1656)
2026-08-29 09:49:55.642 | info     |           Metal | Finalize dfb: dfb_offset == base_offset: 80, dfb size: 32, return value: 112 (dataflow_buffer.cpp:1656)
2026-08-29 09:49:55.642 | info     |           Metal | Finalize dfb: dfb_offset == base_offset: 0, dfb size: 0, return value: 0 (dataflow_buffer.cpp:1656)
2026-08-29 09:49:55.642 | info     |           Metal | Finalize dfb: dfb_offset == base_offset: 0, dfb size: 0, return value: 0 (dataflow_buffer.cpp:1656)
2026-08-29 09:49:58.493 | info     |           Metal | Finalize dfb: dfb_offset == base_offset: 144, dfb size: 144, return value: 288 (dataflow_buffer.cpp:1656)
2026-08-29 09:49:58.493 | info     |           Metal | Finalize dfb: dfb_offset == base_offset: 0, dfb size: 0, return value: 0 (dataflow_buffer.cpp:1656)
2026-08-29 09:49:58.493 | info     |           Metal | Finalize dfb: dfb_offset == base_offset: 0, dfb size: 0, return value: 0 (dataflow_buffer.cpp:1656)
2026-08-29 09:49:58.501 | info     |           Metal | Finalize dfb: dfb_offset == base_offset: 80, dfb size: 32, return value: 112 (dataflow_buffer.cpp:1656)
2026-08-29 09:49:58.501 | info     |           Metal | Finalize dfb: dfb_offset == base_offset: 0, dfb size: 0, return value: 0 (dataflow_buffer.cpp:1656)
2026-08-29 09:49:58.501 | info     |           Metal | Finalize dfb: dfb_offset == base_offset: 0, dfb size: 0, return value: 0 (dataflow_buffer.cpp:1656)
2026-08-29 09:50:01.294 | info     |           Metal | Finalize dfb: dfb_offset == base_offset: 80, dfb size: 32, return value: 112 (dataflow_buffer.cpp:1656)
2026-08-29 09:50:01.294 | info     |           Metal | Finalize dfb: dfb_offset == base_offset: 0, dfb size: 0, return value: 0 (dataflow_buffer.cpp:1656)
2026-08-29 09:50:01.294 | info     |           Metal | Finalize dfb: dfb_offset == base_offset: 0, dfb size: 0, return value: 0 (dataflow_buffer.cpp:1656)
2026-08-29 09:50:04.372 | info     |           Metal | Finalize dfb: dfb_offset == base_offset: 80, dfb size: 32, return value: 112 (dataflow_buffer.cpp:1656)
2026-08-29 09:50:04.372 | info     |           Metal | Finalize dfb: dfb_offset == base_offset: 0, dfb size: 0, return value: 0 (dataflow_buffer.cpp:1656)
2026-08-29 09:50:04.372 | info     |           Metal | Finalize dfb: dfb_offset == base_offset: 0, dfb size: 0, return value: 0 (dataflow_buffer.cpp:1656)
2026-08-29 09:51:37.287 | INFO     | models.demos.llama3_70b_galaxy.tt.generator:prefill_warmup:266 - Skipping warmup step for prefill sequence length 131072, batch size: 32
2026-08-29 09:51:37.287 | INFO     | models.demos.llama3_70b_galaxy.tt.prefetcher_common:__init__:33 - Running TtLlamaPrefetcherSetup
2026-08-29 09:51:37.292 | INFO     | models.demos.llama3_70b_galaxy.tt.prefetcher_common:__init__:33 - Running TtLlamaPrefetcherSetup
2026-08-29 09:51:37.293 | INFO     | models.demos.llama3_70b_galaxy.tt.generator:prefill_warmup:335 - Running warmup prefill for prefix caching: prefill_seq_len=128, num_cached=128, total_seq_len=256
2026-08-29 09:51:37.293 | INFO     | models.demos.llama3_70b_galaxy.tt.generator:prefill_forward_text:551 - Prefilling User 0, use_batched_prefill: False, prompt_lens: 256, prefill_seq_len: 128, num_cached_tokens: 128
2026-08-29 09:51:53.541 | warning  |              Op | rotary_embedding_llama sequence tile coverage mismatch: input_Ht=4, cos_Ht=128, sin_Ht=128, rotary_Ht=4. Tiles beyond rotary_Ht will be zero-filled in the output. (rotary_embedding_llama_multi_core_program_factory.cpp:62)
2026-08-29 09:51:56.331 | info     |           Metal | Finalize dfb: dfb_offset == base_offset: 144, dfb size: 144, return value: 288 (dataflow_buffer.cpp:1656)
2026-08-29 09:51:56.331 | info     |           Metal | Finalize dfb: dfb_offset == base_offset: 0, dfb size: 0, return value: 0 (dataflow_buffer.cpp:1656)
2026-08-29 09:51:56.331 | info     |           Metal | Finalize dfb: dfb_offset == base_offset: 0, dfb size: 0, return value: 0 (dataflow_buffer.cpp:1656)
2026-08-29 09:51:56.334 | warning  |              Op | rotary_embedding_llama sequence tile coverage mismatch: input_Ht=4, cos_Ht=128, sin_Ht=128, rotary_Ht=4. Tiles beyond rotary_Ht will be zero-filled in the output. (rotary_embedding_llama_multi_core_program_factory.cpp:62)
2026-08-29 09:51:59.067 | info     |           Metal | Finalize dfb: dfb_offset == base_offset: 144, dfb size: 144, return value: 288 (dataflow_buffer.cpp:1656)
2026-08-29 09:51:59.067 | info     |           Metal | Finalize dfb: dfb_offset == base_offset: 0, dfb size: 0, return value: 0 (dataflow_buffer.cpp:1656)
2026-08-29 09:51:59.067 | info     |           Metal | Finalize dfb: dfb_offset == base_offset: 0, dfb size: 0, return value: 0 (dataflow_buffer.cpp:1656)
2026-08-29 09:52:25.927 | INFO     | models.demos.llama3_70b_galaxy.tt.generator:_capture_trace_prefill:1135 - Done Compiling Model
2026-08-29 09:52:27.435 | INFO     | models.demos.llama3_70b_galaxy.tt.generator:_capture_trace_prefill:1175 - Done Capturing Prefill Trace
2026-08-29 09:52:27.436 | INFO     | models.demos.llama3_70b_galaxy.tt.generator:_easy_trace_prefill:1042 - Executing prefill trace
2026-08-29 09:52:27.517 | INFO     | models.demos.llama3_70b_galaxy.tt.generator:prefill_warmup:335 - Running warmup prefill for prefix caching: prefill_seq_len=1024, num_cached=128, total_seq_len=1152
2026-08-29 09:52:27.517 | INFO     | models.demos.llama3_70b_galaxy.tt.generator:prefill_forward_text:551 - Prefilling User 0, use_batched_prefill: False, prompt_lens: 1152, prefill_seq_len: 1024, num_cached_tokens: 128
2026-08-29 09:52:27.528 | warning  |              Op | rotary_embedding_llama sequence tile coverage mismatch: input_Ht=32, cos_Ht=128, sin_Ht=128, rotary_Ht=32. Tiles beyond rotary_Ht will be zero-filled in the output. (rotary_embedding_llama_multi_core_program_factory.cpp:62)
2026-08-29 09:52:30.311 | info     |           Metal | Finalize dfb: dfb_offset == base_offset: 144, dfb size: 144, return value: 288 (dataflow_buffer.cpp:1656)
2026-08-29 09:52:30.311 | info     |           Metal | Finalize dfb: dfb_offset == base_offset: 0, dfb size: 0, return value: 0 (dataflow_buffer.cpp:1656)
2026-08-29 09:52:30.311 | info     |           Metal | Finalize dfb: dfb_offset == base_offset: 0, dfb size: 0, return value: 0 (dataflow_buffer.cpp:1656)
2026-08-29 09:52:30.314 | warning  |              Op | rotary_embedding_llama sequence tile coverage mismatch: input_Ht=32, cos_Ht=128, sin_Ht=128, rotary_Ht=32. Tiles beyond rotary_Ht will be zero-filled in the output. (rotary_embedding_llama_multi_core_program_factory.cpp:62)
2026-08-29 09:52:32.990 | info     |           Metal | Finalize dfb: dfb_offset == base_offset: 144, dfb size: 144, return value: 288 (dataflow_buffer.cpp:1656)
2026-08-29 09:52:32.990 | info     |           Metal | Finalize dfb: dfb_offset == base_offset: 0, dfb size: 0, return value: 0 (dataflow_buffer.cpp:1656)
2026-08-29 09:52:32.990 | info     |           Metal | Finalize dfb: dfb_offset == base_offset: 0, dfb size: 0, return value: 0 (dataflow_buffer.cpp:1656)
2026-08-29 09:52:53.503 | INFO     | models.demos.llama3_70b_galaxy.tt.generator:_capture_trace_prefill:1135 - Done Compiling Model
2026-08-29 09:52:56.408 | INFO     | models.demos.llama3_70b_galaxy.tt.generator:_capture_trace_prefill:1175 - Done Capturing Prefill Trace
2026-08-29 09:52:56.408 | INFO     | models.demos.llama3_70b_galaxy.tt.generator:_easy_trace_prefill:1042 - Executing prefill trace
2026-08-29 09:52:56.601 | INFO     | models.demos.llama3_70b_galaxy.tt.generator:prefill_warmup:335 - Running warmup prefill for prefix caching: prefill_seq_len=2048, num_cached=128, total_seq_len=2176
2026-08-29 09:52:56.602 | INFO     | models.demos.llama3_70b_galaxy.tt.generator:prefill_forward_text:551 - Prefilling User 0, use_batched_prefill: False, prompt_lens: 2176, prefill_seq_len: 2048, num_cached_tokens: 128
2026-08-29 09:52:56.613 | warning  |              Op | rotary_embedding_llama sequence tile coverage mismatch: input_Ht=64, cos_Ht=128, sin_Ht=128, rotary_Ht=64. Tiles beyond rotary_Ht will be zero-filled in the output. (rotary_embedding_llama_multi_core_program_factory.cpp:62)
2026-08-29 09:52:59.429 | info     |           Metal | Finalize dfb: dfb_offset == base_offset: 144, dfb size: 144, return value: 288 (dataflow_buffer.cpp:1656)
2026-08-29 09:52:59.429 | info     |           Metal | Finalize dfb: dfb_offset == base_offset: 0, dfb size: 0, return value: 0 (dataflow_buffer.cpp:1656)
2026-08-29 09:52:59.429 | info     |           Metal | Finalize dfb: dfb_offset == base_offset: 0, dfb size: 0, return value: 0 (dataflow_buffer.cpp:1656)
2026-08-29 09:52:59.432 | warning  |              Op | rotary_embedding_llama sequence tile coverage mismatch: input_Ht=64, cos_Ht=128, sin_Ht=128, rotary_Ht=64. Tiles beyond rotary_Ht will be zero-filled in the output. (rotary_embedding_llama_multi_core_program_factory.cpp:62)
2026-08-29 09:53:02.181 | info     |           Metal | Finalize dfb: dfb_offset == base_offset: 144, dfb size: 144, return value: 288 (dataflow_buffer.cpp:1656)
2026-08-29 09:53:02.181 | info     |           Metal | Finalize dfb: dfb_offset == base_offset: 0, dfb size: 0, return value: 0 (dataflow_buffer.cpp:1656)
2026-08-29 09:53:02.181 | info     |           Metal | Finalize dfb: dfb_offset == base_offset: 0, dfb size: 0, return value: 0 (dataflow_buffer.cpp:1656)
2026-08-29 09:53:22.829 | INFO     | models.demos.llama3_70b_galaxy.tt.generator:_capture_trace_prefill:1135 - Done Compiling Model
2026-08-29 09:53:25.896 | INFO     | models.demos.llama3_70b_galaxy.tt.generator:_capture_trace_prefill:1175 - Done Capturing Prefill Trace
2026-08-29 09:53:25.897 | INFO     | models.demos.llama3_70b_galaxy.tt.generator:_easy_trace_prefill:1042 - Executing prefill trace
2026-08-29 09:53:26.230 | INFO     | models.demos.llama3_70b_galaxy.tt.generator:prefill_warmup:335 - Running warmup prefill for prefix caching: prefill_seq_len=4096, num_cached=128, total_seq_len=4224
2026-08-29 09:53:26.230 | INFO     | models.demos.llama3_70b_galaxy.tt.generator:prefill_forward_text:551 - Prefilling User 0, use_batched_prefill: False, prompt_lens: 4224, prefill_seq_len: 4096, num_cached_tokens: 128
2026-08-29 09:53:28.989 | info     |           Metal | Finalize dfb: dfb_offset == base_offset: 144, dfb size: 144, return value: 288 (dataflow_buffer.cpp:1656)
2026-08-29 09:53:28.989 | info     |           Metal | Finalize dfb: dfb_offset == base_offset: 0, dfb size: 0, return value: 0 (dataflow_buffer.cpp:1656)
2026-08-29 09:53:28.989 | info     |           Metal | Finalize dfb: dfb_offset == base_offset: 0, dfb size: 0, return value: 0 (dataflow_buffer.cpp:1656)
2026-08-29 09:53:31.827 | info     |           Metal | Finalize dfb: dfb_offset == base_offset: 144, dfb size: 144, return value: 288 (dataflow_buffer.cpp:1656)
2026-08-29 09:53:31.827 | info     |           Metal | Finalize dfb: dfb_offset == base_offset: 0, dfb size: 0, return value: 0 (dataflow_buffer.cpp:1656)
2026-08-29 09:53:31.827 | info     |           Metal | Finalize dfb: dfb_offset == base_offset: 0, dfb size: 0, return value: 0 (dataflow_buffer.cpp:1656)
2026-08-29 09:53:49.433 | INFO     | models.demos.llama3_70b_galaxy.tt.generator:_capture_trace_prefill:1135 - Done Compiling Model
2026-08-29 09:53:52.583 | INFO     | models.demos.llama3_70b_galaxy.tt.generator:_capture_trace_prefill:1175 - Done Capturing Prefill Trace
2026-08-29 09:53:52.584 | INFO     | models.demos.llama3_70b_galaxy.tt.generator:_easy_trace_prefill:1042 - Executing prefill trace
2026-08-29 09:53:53.231 | INFO     | models.demos.llama3_70b_galaxy.tt.generator:prefill_warmup:335 - Running warmup prefill for prefix caching: prefill_seq_len=8192, num_cached=128, total_seq_len=8320
2026-08-29 09:53:53.231 | INFO     | models.demos.llama3_70b_galaxy.tt.generator:prefill_forward_text:551 - Prefilling User 0, use_batched_prefill: False, prompt_lens: 8320, prefill_seq_len: 8192, num_cached_tokens: 128
2026-08-29 09:53:53.243 | warning  |              Op | rotary_embedding_llama sequence tile coverage mismatch: input_Ht=256, cos_Ht=128, sin_Ht=128, rotary_Ht=128. Tiles beyond rotary_Ht will be zero-filled in the output. (rotary_embedding_llama_multi_core_program_factory.cpp:62)
2026-08-29 09:53:56.047 | info     |           Metal | Finalize dfb: dfb_offset == base_offset: 144, dfb size: 144, return value: 288 (dataflow_buffer.cpp:1656)
2026-08-29 09:53:56.047 | info     |           Metal | Finalize dfb: dfb_offset == base_offset: 0, dfb size: 0, return value: 0 (dataflow_buffer.cpp:1656)
2026-08-29 09:53:56.047 | info     |           Metal | Finalize dfb: dfb_offset == base_offset: 0, dfb size: 0, return value: 0 (dataflow_buffer.cpp:1656)
2026-08-29 09:53:56.051 | warning  |              Op | rotary_embedding_llama sequence tile coverage mismatch: input_Ht=256, cos_Ht=128, sin_Ht=128, rotary_Ht=128. Tiles beyond rotary_Ht will be zero-filled in the output. (rotary_embedding_llama_multi_core_program_factory.cpp:62)
2026-08-29 09:53:58.837 | info     |           Metal | Finalize dfb: dfb_offset == base_offset: 144, dfb size: 144, return value: 288 (dataflow_buffer.cpp:1656)
2026-08-29 09:53:58.837 | info     |           Metal | Finalize dfb: dfb_offset == base_offset: 0, dfb size: 0, return value: 0 (dataflow_buffer.cpp:1656)
2026-08-29 09:53:58.837 | info     |           Metal | Finalize dfb: dfb_offset == base_offset: 0, dfb size: 0, return value: 0 (dataflow_buffer.cpp:1656)
2026-08-29 09:54:16.706 | INFO     | models.demos.llama3_70b_galaxy.tt.generator:prefill_warmup:335 - Running warmup prefill for prefix caching: prefill_seq_len=16384, num_cached=128, total_seq_len=16512
2026-08-29 09:54:16.707 | INFO     | models.demos.llama3_70b_galaxy.tt.generator:prefill_forward_text:551 - Prefilling User 0, use_batched_prefill: False, prompt_lens: 16512, prefill_seq_len: 16384, num_cached_tokens: 128
2026-08-29 09:54:16.718 | warning  |              Op | rotary_embedding_llama sequence tile coverage mismatch: input_Ht=512, cos_Ht=128, sin_Ht=128, rotary_Ht=128. Tiles beyond rotary_Ht will be zero-filled in the output. (rotary_embedding_llama_multi_core_program_factory.cpp:62)
2026-08-29 09:54:19.483 | info     |           Metal | Finalize dfb: dfb_offset == base_offset: 144, dfb size: 144, return value: 288 (dataflow_buffer.cpp:1656)
2026-08-29 09:54:19.483 | info     |           Metal | Finalize dfb: dfb_offset == base_offset: 0, dfb size: 0, return value: 0 (dataflow_buffer.cpp:1656)
2026-08-29 09:54:19.483 | info     |           Metal | Finalize dfb: dfb_offset == base_offset: 0, dfb size: 0, return value: 0 (dataflow_buffer.cpp:1656)
2026-08-29 09:54:19.486 | warning  |              Op | rotary_embedding_llama sequence tile coverage mismatch: input_Ht=512, cos_Ht=128, sin_Ht=128, rotary_Ht=128. Tiles beyond rotary_Ht will be zero-filled in the output. (rotary_embedding_llama_multi_core_program_factory.cpp:62)
2026-08-29 09:54:22.216 | info     |           Metal | Finalize dfb: dfb_offset == base_offset: 144, dfb size: 144, return value: 288 (dataflow_buffer.cpp:1656)
2026-08-29 09:54:22.216 | info     |           Metal | Finalize dfb: dfb_offset == base_offset: 0, dfb size: 0, return value: 0 (dataflow_buffer.cpp:1656)
2026-08-29 09:54:22.216 | info     |           Metal | Finalize dfb: dfb_offset == base_offset: 0, dfb size: 0, return value: 0 (dataflow_buffer.cpp:1656)
2026-08-29 09:54:41.827 | INFO     | models.demos.llama3_70b_galaxy.tt.generator:prefill_warmup:335 - Running warmup prefill for prefix caching: prefill_seq_len=32768, num_cached=128, total_seq_len=32896
2026-08-29 09:54:41.827 | INFO     | models.demos.llama3_70b_galaxy.tt.generator:prefill_forward_text:551 - Prefilling User 0, use_batched_prefill: False, prompt_lens: 32896, prefill_seq_len: 32768, num_cached_tokens: 128
2026-08-29 09:54:41.838 | warning  |              Op | rotary_embedding_llama sequence tile coverage mismatch: input_Ht=1024, cos_Ht=128, sin_Ht=128, rotary_Ht=128. Tiles beyond rotary_Ht will be zero-filled in the output. (rotary_embedding_llama_multi_core_program_factory.cpp:62)
2026-08-29 09:54:44.621 | info     |           Metal | Finalize dfb: dfb_offset == base_offset: 144, dfb size: 144, return value: 288 (dataflow_buffer.cpp:1656)
2026-08-29 09:54:44.621 | info     |           Metal | Finalize dfb: dfb_offset == base_offset: 0, dfb size: 0, return value: 0 (dataflow_buffer.cpp:1656)
2026-08-29 09:54:44.621 | info     |           Metal | Finalize dfb: dfb_offset == base_offset: 0, dfb size: 0, return value: 0 (dataflow_buffer.cpp:1656)
2026-08-29 09:54:44.624 | warning  |              Op | rotary_embedding_llama sequence tile coverage mismatch: input_Ht=1024, cos_Ht=128, sin_Ht=128, rotary_Ht=128. Tiles beyond rotary_Ht will be zero-filled in the output. (rotary_embedding_llama_multi_core_program_factory.cpp:62)
2026-08-29 09:54:47.339 | info     |           Metal | Finalize dfb: dfb_offset == base_offset: 144, dfb size: 144, return value: 288 (dataflow_buffer.cpp:1656)
2026-08-29 09:54:47.339 | info     |           Metal | Finalize dfb: dfb_offset == base_offset: 0, dfb size: 0, return value: 0 (dataflow_buffer.cpp:1656)
2026-08-29 09:54:47.339 | info     |           Metal | Finalize dfb: dfb_offset == base_offset: 0, dfb size: 0, return value: 0 (dataflow_buffer.cpp:1656)
2026-08-29 09:55:13.278 | INFO     | models.demos.llama3_70b_galaxy.tt.generator:prefill_warmup:335 - Running warmup prefill for prefix caching: prefill_seq_len=65536, num_cached=128, total_seq_len=65664
2026-08-29 09:55:13.278 | INFO     | models.demos.llama3_70b_galaxy.tt.generator:prefill_forward_text:551 - Prefilling User 0, use_batched_prefill: False, prompt_lens: 65664, prefill_seq_len: 65536, num_cached_tokens: 128
2026-08-29 09:55:13.290 | warning  |              Op | rotary_embedding_llama sequence tile coverage mismatch: input_Ht=2048, cos_Ht=128, sin_Ht=128, rotary_Ht=128. Tiles beyond rotary_Ht will be zero-filled in the output. (rotary_embedding_llama_multi_core_program_factory.cpp:62)
2026-08-29 09:55:16.009 | info     |           Metal | Finalize dfb: dfb_offset == base_offset: 144, dfb size: 144, return value: 288 (dataflow_buffer.cpp:1656)
2026-08-29 09:55:16.009 | info     |           Metal | Finalize dfb: dfb_offset == base_offset: 0, dfb size: 0, return value: 0 (dataflow_buffer.cpp:1656)
2026-08-29 09:55:16.009 | info     |           Metal | Finalize dfb: dfb_offset == base_offset: 0, dfb size: 0, return value: 0 (dataflow_buffer.cpp:1656)
2026-08-29 09:55:16.012 | warning  |              Op | rotary_embedding_llama sequence tile coverage mismatch: input_Ht=2048, cos_Ht=128, sin_Ht=128, rotary_Ht=128. Tiles beyond rotary_Ht will be zero-filled in the output. (rotary_embedding_llama_multi_core_program_factory.cpp:62)
2026-08-29 09:55:18.708 | info     |           Metal | Finalize dfb: dfb_offset == base_offset: 144, dfb size: 144, return value: 288 (dataflow_buffer.cpp:1656)
2026-08-29 09:55:18.708 | info     |           Metal | Finalize dfb: dfb_offset == base_offset: 0, dfb size: 0, return value: 0 (dataflow_buffer.cpp:1656)
2026-08-29 09:55:18.708 | info     |           Metal | Finalize dfb: dfb_offset == base_offset: 0, dfb size: 0, return value: 0 (dataflow_buffer.cpp:1656)
2026-08-29 09:56:10.187 | INFO     | models.demos.llama3_70b_galaxy.tt.generator:prefill_warmup:335 - Running warmup prefill for prefix caching: prefill_seq_len=131072, num_cached=128, total_seq_len=131200
2026-08-29 09:56:10.187 | INFO     | models.demos.llama3_70b_galaxy.tt.generator:prefill_forward_text:551 - Prefilling User 0, use_batched_prefill: False, prompt_lens: 131200, prefill_seq_len: 131072, num_cached_tokens: 128
2026-08-29 09:56:10.199 | warning  |              Op | rotary_embedding_llama sequence tile coverage mismatch: input_Ht=4096, cos_Ht=128, sin_Ht=128, rotary_Ht=128. Tiles beyond rotary_Ht will be zero-filled in the output. (rotary_embedding_llama_multi_core_program_factory.cpp:62)
2026-08-29 09:56:12.893 | info     |           Metal | Finalize dfb: dfb_offset == base_offset: 144, dfb size: 144, return value: 288 (dataflow_buffer.cpp:1656)
2026-08-29 09:56:12.893 | info     |           Metal | Finalize dfb: dfb_offset == base_offset: 0, dfb size: 0, return value: 0 (dataflow_buffer.cpp:1656)
2026-08-29 09:56:12.893 | info     |           Metal | Finalize dfb: dfb_offset == base_offset: 0, dfb size: 0, return value: 0 (dataflow_buffer.cpp:1656)
2026-08-29 09:56:12.896 | warning  |              Op | rotary_embedding_llama sequence tile coverage mismatch: input_Ht=4096, cos_Ht=128, sin_Ht=128, rotary_Ht=128. Tiles beyond rotary_Ht will be zero-filled in the output. (rotary_embedding_llama_multi_core_program_factory.cpp:62)
2026-08-29 09:56:15.610 | info     |           Metal | Finalize dfb: dfb_offset == base_offset: 144, dfb size: 144, return value: 288 (dataflow_buffer.cpp:1656)
2026-08-29 09:56:15.610 | info     |           Metal | Finalize dfb: dfb_offset == base_offset: 0, dfb size: 0, return value: 0 (dataflow_buffer.cpp:1656)
2026-08-29 09:56:15.610 | info     |           Metal | Finalize dfb: dfb_offset == base_offset: 0, dfb size: 0, return value: 0 (dataflow_buffer.cpp:1656)
2026-08-29 09:58:31.033 | INFO     | models.demos.llama3_70b_galaxy.tt.generator:prefill_warmup:355 - Prefill warmup completed
2026-08-29 09:58:31.033 | INFO     | models.demos.llama3_70b_galaxy.tt.generator:prefill_forward_text:551 - Prefilling User 0, use_batched_prefill: False, prompt_lens: 118, prefill_seq_len: 128, num_cached_tokens: 0
2026-08-29 09:58:31.993 | INFO     | models.demos.llama3_70b_galaxy.tt.generator:prefill_forward_text:551 - Prefilling User 1, use_batched_prefill: False, prompt_lens: 118, prefill_seq_len: 128, num_cached_tokens: 0
2026-08-29 09:58:32.563 | INFO     | models.demos.llama3_70b_galaxy.tt.generator:prefill_forward_text:551 - Prefilling User 2, use_batched_prefill: False, prompt_lens: 118, prefill_seq_len: 128, num_cached_tokens: 0
2026-08-29 09:58:33.133 | INFO     | models.demos.llama3_70b_galaxy.tt.generator:prefill_forward_text:551 - Prefilling User 3, use_batched_prefill: False, prompt_lens: 118, prefill_seq_len: 128, num_cached_tokens: 0
2026-08-29 09:58:33.721 | INFO     | models.demos.llama3_70b_galaxy.tt.generator:prefill_forward_text:551 - Prefilling User 4, use_batched_prefill: False, prompt_lens: 118, prefill_seq_len: 128, num_cached_tokens: 0
2026-08-29 09:58:34.281 | INFO     | models.demos.llama3_70b_galaxy.tt.generator:prefill_forward_text:551 - Prefilling User 5, use_batched_prefill: False, prompt_lens: 118, prefill_seq_len: 128, num_cached_tokens: 0
2026-08-29 09:58:34.863 | INFO     | models.demos.llama3_70b_galaxy.tt.generator:prefill_forward_text:551 - Prefilling User 6, use_batched_prefill: False, prompt_lens: 118, prefill_seq_len: 128, num_cached_tokens: 0
2026-08-29 09:58:35.427 | INFO     | models.demos.llama3_70b_galaxy.tt.generator:prefill_forward_text:551 - Prefilling User 7, use_batched_prefill: False, prompt_lens: 118, prefill_seq_len: 128, num_cached_tokens: 0
2026-08-29 09:58:35.995 | INFO     | models.demos.llama3_70b_galaxy.tt.generator:prefill_forward_text:551 - Prefilling User 8, use_batched_prefill: False, prompt_lens: 118, prefill_seq_len: 128, num_cached_tokens: 0
2026-08-29 09:58:36.552 | INFO     | models.demos.llama3_70b_galaxy.tt.generator:prefill_forward_text:551 - Prefilling User 9, use_batched_prefill: False, prompt_lens: 118, prefill_seq_len: 128, num_cached_tokens: 0
2026-08-29 09:58:37.121 | INFO     | models.demos.llama3_70b_galaxy.tt.generator:prefill_forward_text:551 - Prefilling User 10, use_batched_prefill: False, prompt_lens: 118, prefill_seq_len: 128, num_cached_tokens: 0
2026-08-29 09:58:37.696 | INFO     | models.demos.llama3_70b_galaxy.tt.generator:prefill_forward_text:551 - Prefilling User 11, use_batched_prefill: False, prompt_lens: 118, prefill_seq_len: 128, num_cached_tokens: 0
2026-08-29 09:58:38.271 | INFO     | models.demos.llama3_70b_galaxy.tt.generator:prefill_forward_text:551 - Prefilling User 12, use_batched_prefill: False, prompt_lens: 118, prefill_seq_len: 128, num_cached_tokens: 0
2026-08-29 09:58:39.030 | INFO     | models.demos.llama3_70b_galaxy.tt.generator:prefill_forward_text:551 - Prefilling User 13, use_batched_prefill: False, prompt_lens: 118, prefill_seq_len: 128, num_cached_tokens: 0
2026-08-29 09:58:39.619 | INFO     | models.demos.llama3_70b_galaxy.tt.generator:prefill_forward_text:551 - Prefilling User 14, use_batched_prefill: False, prompt_lens: 118, prefill_seq_len: 128, num_cached_tokens: 0
2026-08-29 09:58:40.208 | INFO     | models.demos.llama3_70b_galaxy.tt.generator:prefill_forward_text:551 - Prefilling User 15, use_batched_prefill: False, prompt_lens: 118, prefill_seq_len: 128, num_cached_tokens: 0
2026-08-29 09:58:40.778 | INFO     | models.demos.llama3_70b_galaxy.tt.generator:prefill_forward_text:551 - Prefilling User 16, use_batched_prefill: False, prompt_lens: 118, prefill_seq_len: 128, num_cached_tokens: 0
2026-08-29 09:58:41.401 | INFO     | models.demos.llama3_70b_galaxy.tt.generator:prefill_forward_text:551 - Prefilling User 17, use_batched_prefill: False, prompt_lens: 118, prefill_seq_len: 128, num_cached_tokens: 0
2026-08-29 09:58:42.003 | INFO     | models.demos.llama3_70b_galaxy.tt.generator:prefill_forward_text:551 - Prefilling User 18, use_batched_prefill: False, prompt_lens: 118, prefill_seq_len: 128, num_cached_tokens: 0
2026-08-29 09:58:42.577 | INFO     | models.demos.llama3_70b_galaxy.tt.generator:prefill_forward_text:551 - Prefilling User 19, use_batched_prefill: False, prompt_lens: 118, prefill_seq_len: 128, num_cached_tokens: 0
2026-08-29 09:58:43.139 | INFO     | models.demos.llama3_70b_galaxy.tt.generator:prefill_forward_text:551 - Prefilling User 20, use_batched_prefill: False, prompt_lens: 118, prefill_seq_len: 128, num_cached_tokens: 0
2026-08-29 09:58:43.728 | INFO     | models.demos.llama3_70b_galaxy.tt.generator:prefill_forward_text:551 - Prefilling User 21, use_batched_prefill: False, prompt_lens: 118, prefill_seq_len: 128, num_cached_tokens: 0
2026-08-29 09:58:44.323 | INFO     | models.demos.llama3_70b_galaxy.tt.generator:prefill_forward_text:551 - Prefilling User 22, use_batched_prefill: False, prompt_lens: 118, prefill_seq_len: 128, num_cached_tokens: 0
2026-08-29 09:58:44.884 | INFO     | models.demos.llama3_70b_galaxy.tt.generator:prefill_forward_text:551 - Prefilling User 23, use_batched_prefill: False, prompt_lens: 118, prefill_seq_len: 128, num_cached_tokens: 0
2026-08-29 09:58:45.461 | INFO     | models.demos.llama3_70b_galaxy.tt.generator:prefill_forward_text:551 - Prefilling User 24, use_batched_prefill: False, prompt_lens: 118, prefill_seq_len: 128, num_cached_tokens: 0
2026-08-29 09:58:46.022 | INFO     | models.demos.llama3_70b_galaxy.tt.generator:prefill_forward_text:551 - Prefilling User 25, use_batched_prefill: False, prompt_lens: 118, prefill_seq_len: 128, num_cached_tokens: 0
2026-08-29 09:58:46.595 | INFO     | models.demos.llama3_70b_galaxy.tt.generator:prefill_forward_text:551 - Prefilling User 26, use_batched_prefill: False, prompt_lens: 118, prefill_seq_len: 128, num_cached_tokens: 0
2026-08-29 09:58:47.155 | INFO     | models.demos.llama3_70b_galaxy.tt.generator:prefill_forward_text:551 - Prefilling User 27, use_batched_prefill: False, prompt_lens: 118, prefill_seq_len: 128, num_cached_tokens: 0
2026-08-29 09:58:47.720 | INFO     | models.demos.llama3_70b_galaxy.tt.generator:prefill_forward_text:551 - Prefilling User 28, use_batched_prefill: False, prompt_lens: 118, prefill_seq_len: 128, num_cached_tokens: 0
2026-08-29 09:58:48.291 | INFO     | models.demos.llama3_70b_galaxy.tt.generator:prefill_forward_text:551 - Prefilling User 29, use_batched_prefill: False, prompt_lens: 118, prefill_seq_len: 128, num_cached_tokens: 0
2026-08-29 09:58:48.857 | INFO     | models.demos.llama3_70b_galaxy.tt.generator:prefill_forward_text:551 - Prefilling User 30, use_batched_prefill: False, prompt_lens: 118, prefill_seq_len: 128, num_cached_tokens: 0
2026-08-29 09:58:49.443 | INFO     | models.demos.llama3_70b_galaxy.tt.generator:prefill_forward_text:551 - Prefilling User 31, use_batched_prefill: False, prompt_lens: 118, prefill_seq_len: 128, num_cached_tokens: 0
2026-08-29 09:58:50.016 | INFO     | models.demos.llama3_70b_galaxy.tt.prefetcher_common:__init__:33 - Running TtLlamaPrefetcherSetup
2026-08-29 09:58:50.020 | warning  |              Op | ttnn.concat: Tile padding along concatenated dim (2) is not directly supported. ttnn.concat will proceed by converting to row-major then retilizing. This may have adverse performance impacts. (concat_device_operation.cpp:124)
2026-08-29 09:58:56.091 | info     |           Metal | Finalize dfb: dfb_offset == base_offset: 80, dfb size: 32, return value: 112 (dataflow_buffer.cpp:1656)
2026-08-29 09:58:56.091 | info     |           Metal | Finalize dfb: dfb_offset == base_offset: 0, dfb size: 0, return value: 0 (dataflow_buffer.cpp:1656)
2026-08-29 09:58:56.091 | info     |           Metal | Finalize dfb: dfb_offset == base_offset: 0, dfb size: 0, return value: 0 (dataflow_buffer.cpp:1656)
2026-08-29 09:58:56.099 | warning  |              Op | ttnn.concat: Tile padding along concatenated dim (2) is not directly supported. ttnn.concat will proceed by converting to row-major then retilizing. This may have adverse performance impacts. (concat_device_operation.cpp:124)
2026-08-29 09:58:56.104 | warning  |              Op | ttnn.concat: Tile padding along concatenated dim (2) is not directly supported. ttnn.concat will proceed by converting to row-major then retilizing. This may have adverse performance impacts. (concat_device_operation.cpp:124)
2026-08-29 09:58:56.108 | warning  |              Op | ttnn.concat: Tile padding along concatenated dim (2) is not directly supported. ttnn.concat will proceed by converting to row-major then retilizing. This may have adverse performance impacts. (concat_device_operation.cpp:124)
2026-08-29 09:58:56.113 | warning  |              Op | ttnn.concat: Tile padding along concatenated dim (2) is not directly supported. ttnn.concat will proceed by converting to row-major then retilizing. This may have adverse performance impacts. (concat_device_operation.cpp:124)
2026-08-29 09:58:56.117 | warning  |              Op | ttnn.concat: Tile padding along concatenated dim (2) is not directly supported. ttnn.concat will proceed by converting to row-major then retilizing. This may have adverse performance impacts. (concat_device_operation.cpp:124)
2026-08-29 09:58:56.121 | warning  |              Op | ttnn.concat: Tile padding along concatenated dim (2) is not directly supported. ttnn.concat will proceed by converting to row-major then retilizing. This may have adverse performance impacts. (concat_device_operation.cpp:124)
2026-08-29 09:58:56.126 | warning  |              Op | ttnn.concat: Tile padding along concatenated dim (2) is not directly supported. ttnn.concat will proceed by converting to row-major then retilizing. This may have adverse performance impacts. (concat_device_operation.cpp:124)
2026-08-29 09:58:56.130 | warning  |              Op | ttnn.concat: Tile padding along concatenated dim (2) is not directly supported. ttnn.concat will proceed by converting to row-major then retilizing. This may have adverse performance impacts. (concat_device_operation.cpp:124)
2026-08-29 09:58:56.135 | warning  |              Op | ttnn.concat: Tile padding along concatenated dim (2) is not directly supported. ttnn.concat will proceed by converting to row-major then retilizing. This may have adverse performance impacts. (concat_device_operation.cpp:124)
2026-08-29 09:58:56.139 | warning  |              Op | ttnn.concat: Tile padding along concatenated dim (2) is not directly supported. ttnn.concat will proceed by converting to row-major then retilizing. This may have adverse performance impacts. (concat_device_operation.cpp:124)
2026-08-29 09:58:56.144 | warning  |              Op | ttnn.concat: Tile padding along concatenated dim (2) is not directly supported. ttnn.concat will proceed by converting to row-major then retilizing. This may have adverse performance impacts. (concat_device_operation.cpp:124)
2026-08-29 09:58:56.149 | warning  |              Op | ttnn.concat: Tile padding along concatenated dim (2) is not directly supported. ttnn.concat will proceed by converting to row-major then retilizing. This may have adverse performance impacts. (concat_device_operation.cpp:124)
2026-08-29 09:58:56.155 | warning  |              Op | ttnn.concat: Tile padding along concatenated dim (2) is not directly supported. ttnn.concat will proceed by converting to row-major then retilizing. This may have adverse performance impacts. (concat_device_operation.cpp:124)
2026-08-29 09:58:56.160 | warning  |              Op | ttnn.concat: Tile padding along concatenated dim (2) is not directly supported. ttnn.concat will proceed by converting to row-major then retilizing. This may have adverse performance impacts. (concat_device_operation.cpp:124)
2026-08-29 09:58:56.164 | warning  |              Op | ttnn.concat: Tile padding along concatenated dim (2) is not directly supported. ttnn.concat will proceed by converting to row-major then retilizing. This may have adverse performance impacts. (concat_device_operation.cpp:124)
2026-08-29 09:58:56.168 | warning  |              Op | ttnn.concat: Tile padding along concatenated dim (2) is not directly supported. ttnn.concat will proceed by converting to row-major then retilizing. This may have adverse performance impacts. (concat_device_operation.cpp:124)
2026-08-29 09:58:56.173 | warning  |              Op | ttnn.concat: Tile padding along concatenated dim (2) is not directly supported. ttnn.concat will proceed by converting to row-major then retilizing. This may have adverse performance impacts. (concat_device_operation.cpp:124)
2026-08-29 09:58:56.177 | warning  |              Op | ttnn.concat: Tile padding along concatenated dim (2) is not directly supported. ttnn.concat will proceed by converting to row-major then retilizing. This may have adverse performance impacts. (concat_device_operation.cpp:124)
2026-08-29 09:58:56.182 | warning  |              Op | ttnn.concat: Tile padding along concatenated dim (2) is not directly supported. ttnn.concat will proceed by converting to row-major then retilizing. This may have adverse performance impacts. (concat_device_operation.cpp:124)
2026-08-29 09:58:56.186 | warning  |              Op | ttnn.concat: Tile padding along concatenated dim (2) is not directly supported. ttnn.concat will proceed by converting to row-major then retilizing. This may have adverse performance impacts. (concat_device_operation.cpp:124)
2026-08-29 09:58:56.191 | warning  |              Op | ttnn.concat: Tile padding along concatenated dim (2) is not directly supported. ttnn.concat will proceed by converting to row-major then retilizing. This may have adverse performance impacts. (concat_device_operation.cpp:124)
2026-08-29 09:58:56.195 | warning  |              Op | ttnn.concat: Tile padding along concatenated dim (2) is not directly supported. ttnn.concat will proceed by converting to row-major then retilizing. This may have adverse performance impacts. (concat_device_operation.cpp:124)
2026-08-29 09:58:56.200 | warning  |              Op | ttnn.concat: Tile padding along concatenated dim (2) is not directly supported. ttnn.concat will proceed by converting to row-major then retilizing. This may have adverse performance impacts. (concat_device_operation.cpp:124)
2026-08-29 09:58:56.204 | warning  |              Op | ttnn.concat: Tile padding along concatenated dim (2) is not directly supported. ttnn.concat will proceed by converting to row-major then retilizing. This may have adverse performance impacts. (concat_device_operation.cpp:124)
2026-08-29 09:58:56.209 | warning  |              Op | ttnn.concat: Tile padding along concatenated dim (2) is not directly supported. ttnn.concat will proceed by converting to row-major then retilizing. This may have adverse performance impacts. (concat_device_operation.cpp:124)
2026-08-29 09:58:56.213 | warning  |              Op | ttnn.concat: Tile padding along concatenated dim (2) is not directly supported. ttnn.concat will proceed by converting to row-major then retilizing. This may have adverse performance impacts. (concat_device_operation.cpp:124)
2026-08-29 09:58:56.218 | warning  |              Op | ttnn.concat: Tile padding along concatenated dim (2) is not directly supported. ttnn.concat will proceed by converting to row-major then retilizing. This may have adverse performance impacts. (concat_device_operation.cpp:124)
2026-08-29 09:58:56.222 | warning  |              Op | ttnn.concat: Tile padding along concatenated dim (2) is not directly supported. ttnn.concat will proceed by converting to row-major then retilizing. This may have adverse performance impacts. (concat_device_operation.cpp:124)
2026-08-29 09:58:56.226 | warning  |              Op | ttnn.concat: Tile padding along concatenated dim (2) is not directly supported. ttnn.concat will proceed by converting to row-major then retilizing. This may have adverse performance impacts. (concat_device_operation.cpp:124)
2026-08-29 09:58:56.231 | warning  |              Op | ttnn.concat: Tile padding along concatenated dim (2) is not directly supported. ttnn.concat will proceed by converting to row-major then retilizing. This may have adverse performance impacts. (concat_device_operation.cpp:124)
2026-08-29 09:58:56.236 | warning  |              Op | ttnn.concat: Tile padding along concatenated dim (2) is not directly supported. ttnn.concat will proceed by converting to row-major then retilizing. This may have adverse performance impacts. (concat_device_operation.cpp:124)
2026-08-29 09:58:56.240 | INFO     | models.demos.llama3_70b_galaxy.tt.generator:prefill_forward_text:851 - Finished prefill for all users up to 118 tokens.
2026-08-29 09:58:56.240 | INFO     | models.demos.llama3_70b_galaxy.demo.text_demo:test_demo_text:1192 - Finished prefill warmup
2026-08-29 09:58:56.240 | INFO     | models.demos.llama3_70b_galaxy.demo.text_demo:test_demo_text:1193 - Starting prefill...
2026-08-29 09:58:56.240 | INFO     | models.demos.llama3_70b_galaxy.tt.prefetcher_common:__init__:33 - Running TtLlamaPrefetcherSetup
2026-08-29 09:58:56.241 | INFO     | models.demos.llama3_70b_galaxy.tt.generator:prefill_forward_text:551 - Prefilling User 0, use_batched_prefill: False, prompt_lens: 118, prefill_seq_len: 128, num_cached_tokens: 0
2026-08-29 09:58:56.808 | INFO     | models.demos.llama3_70b_galaxy.tt.generator:prefill_forward_text:551 - Prefilling User 1, use_batched_prefill: False, prompt_lens: 118, prefill_seq_len: 128, num_cached_tokens: 0
2026-08-29 09:58:57.374 | INFO     | models.demos.llama3_70b_galaxy.tt.generator:prefill_forward_text:551 - Prefilling User 2, use_batched_prefill: False, prompt_lens: 118, prefill_seq_len: 128, num_cached_tokens: 0
2026-08-29 09:58:57.954 | INFO     | models.demos.llama3_70b_galaxy.tt.generator:prefill_forward_text:551 - Prefilling User 3, use_batched_prefill: False, prompt_lens: 118, prefill_seq_len: 128, num_cached_tokens: 0
2026-08-29 09:58:58.541 | INFO     | models.demos.llama3_70b_galaxy.tt.generator:prefill_forward_text:551 - Prefilling User 4, use_batched_prefill: False, prompt_lens: 118, prefill_seq_len: 128, num_cached_tokens: 0
2026-08-29 09:58:59.101 | INFO     | models.demos.llama3_70b_galaxy.tt.generator:prefill_forward_text:551 - Prefilling User 5, use_batched_prefill: False, prompt_lens: 118, prefill_seq_len: 128, num_cached_tokens: 0
2026-08-29 09:58:59.681 | INFO     | models.demos.llama3_70b_galaxy.tt.generator:prefill_forward_text:551 - Prefilling User 6, use_batched_prefill: False, prompt_lens: 118, prefill_seq_len: 128, num_cached_tokens: 0
2026-08-29 09:59:00.250 | INFO     | models.demos.llama3_70b_galaxy.tt.generator:prefill_forward_text:551 - Prefilling User 7, use_batched_prefill: False, prompt_lens: 118, prefill_seq_len: 128, num_cached_tokens: 0
2026-08-29 09:59:00.860 | INFO     | models.demos.llama3_70b_galaxy.tt.generator:prefill_forward_text:551 - Prefilling User 8, use_batched_prefill: False, prompt_lens: 118, prefill_seq_len: 128, num_cached_tokens: 0
2026-08-29 09:59:01.491 | INFO     | models.demos.llama3_70b_galaxy.tt.generator:prefill_forward_text:551 - Prefilling User 9, use_batched_prefill: False, prompt_lens: 118, prefill_seq_len: 128, num_cached_tokens: 0
2026-08-29 09:59:02.063 | INFO     | models.demos.llama3_70b_galaxy.tt.generator:prefill_forward_text:551 - Prefilling User 10, use_batched_prefill: False, prompt_lens: 118, prefill_seq_len: 128, num_cached_tokens: 0
2026-08-29 09:59:02.646 | INFO     | models.demos.llama3_70b_galaxy.tt.generator:prefill_forward_text:551 - Prefilling User 11, use_batched_prefill: False, prompt_lens: 118, prefill_seq_len: 128, num_cached_tokens: 0
2026-08-29 09:59:03.199 | INFO     | models.demos.llama3_70b_galaxy.tt.generator:prefill_forward_text:551 - Prefilling User 12, use_batched_prefill: False, prompt_lens: 118, prefill_seq_len: 128, num_cached_tokens: 0
2026-08-29 09:59:03.829 | INFO     | models.demos.llama3_70b_galaxy.tt.generator:prefill_forward_text:551 - Prefilling User 13, use_batched_prefill: False, prompt_lens: 118, prefill_seq_len: 128, num_cached_tokens: 0
2026-08-29 09:59:04.396 | INFO     | models.demos.llama3_70b_galaxy.tt.generator:prefill_forward_text:551 - Prefilling User 14, use_batched_prefill: False, prompt_lens: 118, prefill_seq_len: 128, num_cached_tokens: 0
2026-08-29 09:59:04.970 | INFO     | models.demos.llama3_70b_galaxy.tt.generator:prefill_forward_text:551 - Prefilling User 15, use_batched_prefill: False, prompt_lens: 118, prefill_seq_len: 128, num_cached_tokens: 0
2026-08-29 09:59:05.537 | INFO     | models.demos.llama3_70b_galaxy.tt.generator:prefill_forward_text:551 - Prefilling User 16, use_batched_prefill: False, prompt_lens: 118, prefill_seq_len: 128, num_cached_tokens: 0
2026-08-29 09:59:06.099 | INFO     | models.demos.llama3_70b_galaxy.tt.generator:prefill_forward_text:551 - Prefilling User 17, use_batched_prefill: False, prompt_lens: 118, prefill_seq_len: 128, num_cached_tokens: 0
2026-08-29 09:59:06.676 | INFO     | models.demos.llama3_70b_galaxy.tt.generator:prefill_forward_text:551 - Prefilling User 18, use_batched_prefill: False, prompt_lens: 118, prefill_seq_len: 128, num_cached_tokens: 0
2026-08-29 09:59:07.237 | INFO     | models.demos.llama3_70b_galaxy.tt.generator:prefill_forward_text:551 - Prefilling User 19, use_batched_prefill: False, prompt_lens: 118, prefill_seq_len: 128, num_cached_tokens: 0
2026-08-29 09:59:07.810 | INFO     | models.demos.llama3_70b_galaxy.tt.generator:prefill_forward_text:551 - Prefilling User 20, use_batched_prefill: False, prompt_lens: 118, prefill_seq_len: 128, num_cached_tokens: 0
2026-08-29 09:59:08.371 | INFO     | models.demos.llama3_70b_galaxy.tt.generator:prefill_forward_text:551 - Prefilling User 21, use_batched_prefill: False, prompt_lens: 118, prefill_seq_len: 128, num_cached_tokens: 0
2026-08-29 09:59:09.061 | INFO     | models.demos.llama3_70b_galaxy.tt.generator:prefill_forward_text:551 - Prefilling User 22, use_batched_prefill: False, prompt_lens: 118, prefill_seq_len: 128, num_cached_tokens: 0
2026-08-29 09:59:09.630 | INFO     | models.demos.llama3_70b_galaxy.tt.generator:prefill_forward_text:551 - Prefilling User 23, use_batched_prefill: False, prompt_lens: 118, prefill_seq_len: 128, num_cached_tokens: 0
2026-08-29 09:59:10.189 | INFO     | models.demos.llama3_70b_galaxy.tt.generator:prefill_forward_text:551 - Prefilling User 24, use_batched_prefill: False, prompt_lens: 118, prefill_seq_len: 128, num_cached_tokens: 0
2026-08-29 09:59:10.760 | INFO     | models.demos.llama3_70b_galaxy.tt.generator:prefill_forward_text:551 - Prefilling User 25, use_batched_prefill: False, prompt_lens: 118, prefill_seq_len: 128, num_cached_tokens: 0
2026-08-29 09:59:11.361 | INFO     | models.demos.llama3_70b_galaxy.tt.generator:prefill_forward_text:551 - Prefilling User 26, use_batched_prefill: False, prompt_lens: 118, prefill_seq_len: 128, num_cached_tokens: 0
2026-08-29 09:59:11.934 | INFO     | models.demos.llama3_70b_galaxy.tt.generator:prefill_forward_text:551 - Prefilling User 27, use_batched_prefill: False, prompt_lens: 118, prefill_seq_len: 128, num_cached_tokens: 0
2026-08-29 09:59:12.511 | INFO     | models.demos.llama3_70b_galaxy.tt.generator:prefill_forward_text:551 - Prefilling User 28, use_batched_prefill: False, prompt_lens: 118, prefill_seq_len: 128, num_cached_tokens: 0
2026-08-29 09:59:13.082 | INFO     | models.demos.llama3_70b_galaxy.tt.generator:prefill_forward_text:551 - Prefilling User 29, use_batched_prefill: False, prompt_lens: 118, prefill_seq_len: 128, num_cached_tokens: 0
2026-08-29 09:59:13.656 | INFO     | models.demos.llama3_70b_galaxy.tt.generator:prefill_forward_text:551 - Prefilling User 30, use_batched_prefill: False, prompt_lens: 118, prefill_seq_len: 128, num_cached_tokens: 0
2026-08-29 09:59:14.228 | INFO     | models.demos.llama3_70b_galaxy.tt.generator:prefill_forward_text:551 - Prefilling User 31, use_batched_prefill: False, prompt_lens: 118, prefill_seq_len: 128, num_cached_tokens: 0
2026-08-29 09:59:14.792 | INFO     | models.demos.llama3_70b_galaxy.tt.prefetcher_common:__init__:33 - Running TtLlamaPrefetcherSetup
2026-08-29 09:59:14.796 | warning  |              Op | ttnn.concat: Tile padding along concatenated dim (2) is not directly supported. ttnn.concat will proceed by converting to row-major then retilizing. This may have adverse performance impacts. (concat_device_operation.cpp:124)
2026-08-29 09:59:14.801 | warning  |              Op | ttnn.concat: Tile padding along concatenated dim (2) is not directly supported. ttnn.concat will proceed by converting to row-major then retilizing. This may have adverse performance impacts. (concat_device_operation.cpp:124)
2026-08-29 09:59:14.806 | warning  |              Op | ttnn.concat: Tile padding along concatenated dim (2) is not directly supported. ttnn.concat will proceed by converting to row-major then retilizing. This may have adverse performance impacts. (concat_device_operation.cpp:124)
2026-08-29 09:59:14.810 | warning  |              Op | ttnn.concat: Tile padding along concatenated dim (2) is not directly supported. ttnn.concat will proceed by converting to row-major then retilizing. This may have adverse performance impacts. (concat_device_operation.cpp:124)
2026-08-29 09:59:14.814 | warning  |              Op | ttnn.concat: Tile padding along concatenated dim (2) is not directly supported. ttnn.concat will proceed by converting to row-major then retilizing. This may have adverse performance impacts. (concat_device_operation.cpp:124)
2026-08-29 09:59:14.819 | warning  |              Op | ttnn.concat: Tile padding along concatenated dim (2) is not directly supported. ttnn.concat will proceed by converting to row-major then retilizing. This may have adverse performance impacts. (concat_device_operation.cpp:124)
2026-08-29 09:59:14.823 | warning  |              Op | ttnn.concat: Tile padding along concatenated dim (2) is not directly supported. ttnn.concat will proceed by converting to row-major then retilizing. This may have adverse performance impacts. (concat_device_operation.cpp:124)
2026-08-29 09:59:14.828 | warning  |              Op | ttnn.concat: Tile padding along concatenated dim (2) is not directly supported. ttnn.concat will proceed by converting to row-major then retilizing. This may have adverse performance impacts. (concat_device_operation.cpp:124)
2026-08-29 09:59:14.832 | warning  |              Op | ttnn.concat: Tile padding along concatenated dim (2) is not directly supported. ttnn.concat will proceed by converting to row-major then retilizing. This may have adverse performance impacts. (concat_device_operation.cpp:124)
2026-08-29 09:59:14.836 | warning  |              Op | ttnn.concat: Tile padding along concatenated dim (2) is not directly supported. ttnn.concat will proceed by converting to row-major then retilizing. This may have adverse performance impacts. (concat_device_operation.cpp:124)
2026-08-29 09:59:14.841 | warning  |              Op | ttnn.concat: Tile padding along concatenated dim (2) is not directly supported. ttnn.concat will proceed by converting to row-major then retilizing. This may have adverse performance impacts. (concat_device_operation.cpp:124)
2026-08-29 09:59:14.845 | warning  |              Op | ttnn.concat: Tile padding along concatenated dim (2) is not directly supported. ttnn.concat will proceed by converting to row-major then retilizing. This may have adverse performance impacts. (concat_device_operation.cpp:124)
2026-08-29 09:59:14.849 | warning  |              Op | ttnn.concat: Tile padding along concatenated dim (2) is not directly supported. ttnn.concat will proceed by converting to row-major then retilizing. This may have adverse performance impacts. (concat_device_operation.cpp:124)
2026-08-29 09:59:14.854 | warning  |              Op | ttnn.concat: Tile padding along concatenated dim (2) is not directly supported. ttnn.concat will proceed by converting to row-major then retilizing. This may have adverse performance impacts. (concat_device_operation.cpp:124)
2026-08-29 09:59:14.858 | warning  |              Op | ttnn.concat: Tile padding along concatenated dim (2) is not directly supported. ttnn.concat will proceed by converting to row-major then retilizing. This may have adverse performance impacts. (concat_device_operation.cpp:124)
2026-08-29 09:59:14.862 | warning  |              Op | ttnn.concat: Tile padding along concatenated dim (2) is not directly supported. ttnn.concat will proceed by converting to row-major then retilizing. This may have adverse performance impacts. (concat_device_operation.cpp:124)
2026-08-29 09:59:14.867 | warning  |              Op | ttnn.concat: Tile padding along concatenated dim (2) is not directly supported. ttnn.concat will proceed by converting to row-major then retilizing. This may have adverse performance impacts. (concat_device_operation.cpp:124)
2026-08-29 09:59:14.871 | warning  |              Op | ttnn.concat: Tile padding along concatenated dim (2) is not directly supported. ttnn.concat will proceed by converting to row-major then retilizing. This may have adverse performance impacts. (concat_device_operation.cpp:124)
2026-08-29 09:59:14.875 | warning  |              Op | ttnn.concat: Tile padding along concatenated dim (2) is not directly supported. ttnn.concat will proceed by converting to row-major then retilizing. This may have adverse performance impacts. (concat_device_operation.cpp:124)
2026-08-29 09:59:14.880 | warning  |              Op | ttnn.concat: Tile padding along concatenated dim (2) is not directly supported. ttnn.concat will proceed by converting to row-major then retilizing. This may have adverse performance impacts. (concat_device_operation.cpp:124)
2026-08-29 09:59:14.884 | warning  |              Op | ttnn.concat: Tile padding along concatenated dim (2) is not directly supported. ttnn.concat will proceed by converting to row-major then retilizing. This may have adverse performance impacts. (concat_device_operation.cpp:124)
2026-08-29 09:59:14.889 | warning  |              Op | ttnn.concat: Tile padding along concatenated dim (2) is not directly supported. ttnn.concat will proceed by converting to row-major then retilizing. This may have adverse performance impacts. (concat_device_operation.cpp:124)
2026-08-29 09:59:14.893 | warning  |              Op | ttnn.concat: Tile padding along concatenated dim (2) is not directly supported. ttnn.concat will proceed by converting to row-major then retilizing. This may have adverse performance impacts. (concat_device_operation.cpp:124)
2026-08-29 09:59:14.897 | warning  |              Op | ttnn.concat: Tile padding along concatenated dim (2) is not directly supported. ttnn.concat will proceed by converting to row-major then retilizing. This may have adverse performance impacts. (concat_device_operation.cpp:124)
2026-08-29 09:59:14.902 | warning  |              Op | ttnn.concat: Tile padding along concatenated dim (2) is not directly supported. ttnn.concat will proceed by converting to row-major then retilizing. This may have adverse performance impacts. (concat_device_operation.cpp:124)
2026-08-29 09:59:14.907 | warning  |              Op | ttnn.concat: Tile padding along concatenated dim (2) is not directly supported. ttnn.concat will proceed by converting to row-major then retilizing. This may have adverse performance impacts. (concat_device_operation.cpp:124)
2026-08-29 09:59:14.911 | warning  |              Op | ttnn.concat: Tile padding along concatenated dim (2) is not directly supported. ttnn.concat will proceed by converting to row-major then retilizing. This may have adverse performance impacts. (concat_device_operation.cpp:124)
2026-08-29 09:59:14.915 | warning  |              Op | ttnn.concat: Tile padding along concatenated dim (2) is not directly supported. ttnn.concat will proceed by converting to row-major then retilizing. This may have adverse performance impacts. (concat_device_operation.cpp:124)
2026-08-29 09:59:14.920 | warning  |              Op | ttnn.concat: Tile padding along concatenated dim (2) is not directly supported. ttnn.concat will proceed by converting to row-major then retilizing. This may have adverse performance impacts. (concat_device_operation.cpp:124)
2026-08-29 09:59:14.925 | warning  |              Op | ttnn.concat: Tile padding along concatenated dim (2) is not directly supported. ttnn.concat will proceed by converting to row-major then retilizing. This may have adverse performance impacts. (concat_device_operation.cpp:124)
2026-08-29 09:59:14.929 | warning  |              Op | ttnn.concat: Tile padding along concatenated dim (2) is not directly supported. ttnn.concat will proceed by converting to row-major then retilizing. This may have adverse performance impacts. (concat_device_operation.cpp:124)
2026-08-29 09:59:14.934 | warning  |              Op | ttnn.concat: Tile padding along concatenated dim (2) is not directly supported. ttnn.concat will proceed by converting to row-major then retilizing. This may have adverse performance impacts. (concat_device_operation.cpp:124)
2026-08-29 09:59:14.938 | INFO     | models.demos.llama3_70b_galaxy.tt.generator:prefill_forward_text:851 - Finished prefill for all users up to 118 tokens.
2026-08-29 09:59:14.938 | INFO     | models.demos.llama3_70b_galaxy.demo.text_demo:test_demo_text:1279 - Prefill finished
2026-08-29 09:59:14.938 | INFO     | models.demos.llama3_70b_galaxy.demo.text_demo:test_demo_text:1319 - Starting decode loop from positions: [118, 118, 118, 118, 118, 118, 118, 118, 118, 118, 118, 118, 118, 118, 118, 118, 118, 118, 118, 118, 118, 118, 118, 118, 118, 118, 118, 118, 118, 118, 118, 118]
2026-08-29 10:00:16.518 | warning  |              Op | matmul_multi_core_reuse_mcast_1d_optimized_helper: program_config.allowed_worker_cores not populated; auto-populating from compute_with_storage_grid_size. Callers that bypass ttnn::prim::matmul() (e.g. CCL fused ops) should invoke ttnn::operations::matmul::normalize_program_config() on the program config first. This will become a hard error in a future release. (matmul_multicore_reuse_mcast_1d_program_factory.cpp:5619)
2026-08-29 10:00:16.527 | warning  |              Op | matmul_multi_core_reuse_mcast_1d_optimized_helper: program_config.allowed_worker_cores not populated; auto-populating from compute_with_storage_grid_size. Callers that bypass ttnn::prim::matmul() (e.g. CCL fused ops) should invoke ttnn::operations::matmul::normalize_program_config() on the program config first. This will become a hard error in a future release. (matmul_multicore_reuse_mcast_1d_program_factory.cpp:5619)
2026-08-29 10:00:16.529 | warning  |              Op | matmul_multi_core_reuse_mcast_1d_optimized_helper: program_config.allowed_worker_cores not populated; auto-populating from compute_with_storage_grid_size. Callers that bypass ttnn::prim::matmul() (e.g. CCL fused ops) should invoke ttnn::operations::matmul::normalize_program_config() on the program config first. This will become a hard error in a future release. (matmul_multicore_reuse_mcast_1d_program_factory.cpp:5619)
2026-08-29 10:00:16.531 | warning  |              Op | matmul_multi_core_reuse_mcast_1d_optimized_helper: program_config.allowed_worker_cores not populated; auto-populating from compute_with_storage_grid_size. Callers that bypass ttnn::prim::matmul() (e.g. CCL fused ops) should invoke ttnn::operations::matmul::normalize_program_config() on the program config first. This will become a hard error in a future release. (matmul_multicore_reuse_mcast_1d_program_factory.cpp:5619)
2026-08-29 10:00:16.535 | warning  |              Op | matmul_multi_core_reuse_mcast_1d_optimized_helper: program_config.allowed_worker_cores not populated; auto-populating from compute_with_storage_grid_size. Callers that bypass ttnn::prim::matmul() (e.g. CCL fused ops) should invoke ttnn::operations::matmul::normalize_program_config() on the program config first. This will become a hard error in a future release. (matmul_multicore_reuse_mcast_1d_program_factory.cpp:5619)
2026-08-29 10:00:16.537 | warning  |              Op | matmul_multi_core_reuse_mcast_1d_optimized_helper: program_config.allowed_worker_cores not populated; auto-populating from compute_with_storage_grid_size. Callers that bypass ttnn::prim::matmul() (e.g. CCL fused ops) should invoke ttnn::operations::matmul::normalize_program_config() on the program config first. This will become a hard error in a future release. (matmul_multicore_reuse_mcast_1d_program_factory.cpp:5619)
2026-08-29 10:00:16.539 | warning  |              Op | matmul_multi_core_reuse_mcast_1d_optimized_helper: program_config.allowed_worker_cores not populated; auto-populating from compute_with_storage_grid_size. Callers that bypass ttnn::prim::matmul() (e.g. CCL fused ops) should invoke ttnn::operations::matmul::normalize_program_config() on the program config first. This will become a hard error in a future release. (matmul_multicore_reuse_mcast_1d_program_factory.cpp:5619)
2026-08-29 10:00:16.541 | warning  |              Op | matmul_multi_core_reuse_mcast_1d_optimized_helper: program_config.allowed_worker_cores not populated; auto-populating from compute_with_storage_grid_size. Callers that bypass ttnn::prim::matmul() (e.g. CCL fused ops) should invoke ttnn::operations::matmul::normalize_program_config() on the program config first. This will become a hard error in a future release. (matmul_multicore_reuse_mcast_1d_program_factory.cpp:5619)
2026-08-29 10:00:16.545 | warning  |              Op | matmul_multi_core_reuse_mcast_1d_optimized_helper: program_config.allowed_worker_cores not populated; auto-populating from compute_with_storage_grid_size. Callers that bypass ttnn::prim::matmul() (e.g. CCL fused ops) should invoke ttnn::operations::matmul::normalize_program_config() on the program config first. This will become a hard error in a future release. (matmul_multicore_reuse_mcast_1d_program_factory.cpp:5619)
2026-08-29 10:00:16.547 | warning  |              Op | matmul_multi_core_reuse_mcast_1d_optimized_helper: program_config.allowed_worker_cores not populated; auto-populating from compute_with_storage_grid_size. Callers that bypass ttnn::prim::matmul() (e.g. CCL fused ops) should invoke ttnn::operations::matmul::normalize_program_config() on the program config first. This will become a hard error in a future release. (matmul_multicore_reuse_mcast_1d_program_factory.cpp:5619)
2026-08-29 10:00:16.550 | warning  |              Op | matmul_multi_core_reuse_mcast_1d_optimized_helper: program_config.allowed_worker_cores not populated; auto-populating from compute_with_storage_grid_size. Callers that bypass ttnn::prim::matmul() (e.g. CCL fused ops) should invoke ttnn::operations::matmul::normalize_program_config() on the program config first. This will become a hard error in a future release. (matmul_multicore_reuse_mcast_1d_program_factory.cpp:5619)
2026-08-29 10:00:16.552 | warning  |              Op | matmul_multi_core_reuse_mcast_1d_optimized_helper: program_config.allowed_worker_cores not populated; auto-populating from compute_with_storage_grid_size. Callers that bypass ttnn::prim::matmul() (e.g. CCL fused ops) should invoke ttnn::operations::matmul::normalize_program_config() on the program config first. This will become a hard error in a future release. (matmul_multicore_reuse_mcast_1d_program_factory.cpp:5619)
2026-08-29 10:00:16.554 | warning  |              Op | matmul_multi_core_reuse_mcast_1d_optimized_helper: program_config.allowed_worker_cores not populated; auto-populating from compute_with_storage_grid_size. Callers that bypass ttnn::prim::matmul() (e.g. CCL fused ops) should invoke ttnn::operations::matmul::normalize_program_config() on the program config first. This will become a hard error in a future release. (matmul_multicore_reuse_mcast_1d_program_factory.cpp:5619)
2026-08-29 10:00:16.558 | warning  |              Op | matmul_multi_core_reuse_mcast_1d_optimized_helper: program_config.allowed_worker_cores not populated; auto-populating from compute_with_storage_grid_size. Callers that bypass ttnn::prim::matmul() (e.g. CCL fused ops) should invoke ttnn::operations::matmul::normalize_program_config() on the program config first. This will become a hard error in a future release. (matmul_multicore_reuse_mcast_1d_program_factory.cpp:5619)
2026-08-29 10:00:16.560 | warning  |              Op | matmul_multi_core_reuse_mcast_1d_optimized_helper: program_config.allowed_worker_cores not populated; auto-populating from compute_with_storage_grid_size. Callers that bypass ttnn::prim::matmul() (e.g. CCL fused ops) should invoke ttnn::operations::matmul::normalize_program_config() on the program config first. This will become a hard error in a future release. (matmul_multicore_reuse_mcast_1d_program_factory.cpp:5619)
2026-08-29 10:00:16.562 | warning  |              Op | matmul_multi_core_reuse_mcast_1d_optimized_helper: program_config.allowed_worker_cores not populated; auto-populating from compute_with_storage_grid_size. Callers that bypass ttnn::prim::matmul() (e.g. CCL fused ops) should invoke ttnn::operations::matmul::normalize_program_config() on the program config first. This will become a hard error in a future release. (matmul_multicore_reuse_mcast_1d_program_factory.cpp:5619)
2026-08-29 10:00:16.565 | warning  |              Op | matmul_multi_core_reuse_mcast_1d_optimized_helper: program_config.allowed_worker_cores not populated; auto-populating from compute_with_storage_grid_size. Callers that bypass ttnn::prim::matmul() (e.g. CCL fused ops) should invoke ttnn::operations::matmul::normalize_program_config() on the program config first. This will become a hard error in a future release. (matmul_multicore_reuse_mcast_1d_program_factory.cpp:5619)
2026-08-29 10:00:16.568 | warning  |              Op | matmul_multi_core_reuse_mcast_1d_optimized_helper: program_config.allowed_worker_cores not populated; auto-populating from compute_with_storage_grid_size. Callers that bypass ttnn::prim::matmul() (e.g. CCL fused ops) should invoke ttnn::operations::matmul::normalize_program_config() on the program config first. This will become a hard error in a future release. (matmul_multicore_reuse_mcast_1d_program_factory.cpp:5619)
2026-08-29 10:00:16.571 | warning  |              Op | matmul_multi_core_reuse_mcast_1d_optimized_helper: program_config.allowed_worker_cores not populated; auto-populating from compute_with_storage_grid_size. Callers that bypass ttnn::prim::matmul() (e.g. CCL fused ops) should invoke ttnn::operations::matmul::normalize_program_config() on the program config first. This will become a hard error in a future release. (matmul_multicore_reuse_mcast_1d_program_factory.cpp:5619)
2026-08-29 10:00:16.573 | warning  |              Op | matmul_multi_core_reuse_mcast_1d_optimized_helper: program_config.allowed_worker_cores not populated; auto-populating from compute_with_storage_grid_size. Callers that bypass ttnn::prim::matmul() (e.g. CCL fused ops) should invoke ttnn::operations::matmul::normalize_program_config() on the program config first. This will become a hard error in a future release. (matmul_multicore_reuse_mcast_1d_program_factory.cpp:5619)
2026-08-29 10:00:16.575 | warning  |              Op | matmul_multi_core_reuse_mcast_1d_optimized_helper: program_config.allowed_worker_cores not populated; auto-populating from compute_with_storage_grid_size. Callers that bypass ttnn::prim::matmul() (e.g. CCL fused ops) should invoke ttnn::operations::matmul::normalize_program_config() on the program config first. This will become a hard error in a future release. (matmul_multicore_reuse_mcast_1d_program_factory.cpp:5619)
2026-08-29 10:00:16.579 | warning  |              Op | matmul_multi_core_reuse_mcast_1d_optimized_helper: program_config.allowed_worker_cores not populated; auto-populating from compute_with_storage_grid_size. Callers that bypass ttnn::prim::matmul() (e.g. CCL fused ops) should invoke ttnn::operations::matmul::normalize_program_config() on the program config first. This will become a hard error in a future release. (matmul_multicore_reuse_mcast_1d_program_factory.cpp:5619)
2026-08-29 10:00:16.581 | warning  |              Op | matmul_multi_core_reuse_mcast_1d_optimized_helper: program_config.allowed_worker_cores not populated; auto-populating from compute_with_storage_grid_size. Callers that bypass ttnn::prim::matmul() (e.g. CCL fused ops) should invoke ttnn::operations::matmul::normalize_program_config() on the program config first. This will become a hard error in a future release. (matmul_multicore_reuse_mcast_1d_program_factory.cpp:5619)
2026-08-29 10:00:16.583 | warning  |              Op | matmul_multi_core_reuse_mcast_1d_optimized_helper: program_config.allowed_worker_cores not populated; auto-populating from compute_with_storage_grid_size. Callers that bypass ttnn::prim::matmul() (e.g. CCL fused ops) should invoke ttnn::operations::matmul::normalize_program_config() on the program config first. This will become a hard error in a future release. (matmul_multicore_reuse_mcast_1d_program_factory.cpp:5619)
2026-08-29 10:00:16.587 | warning  |              Op | matmul_multi_core_reuse_mcast_1d_optimized_helper: program_config.allowed_worker_cores not populated; auto-populating from compute_with_storage_grid_size. Callers that bypass ttnn::prim::matmul() (e.g. CCL fused ops) should invoke ttnn::operations::matmul::normalize_program_config() on the program config first. This will become a hard error in a future release. (matmul_multicore_reuse_mcast_1d_program_factory.cpp:5619)
2026-08-29 10:00:16.591 | warning  |              Op | matmul_multi_core_reuse_mcast_1d_optimized_helper: program_config.allowed_worker_cores not populated; auto-populating from compute_with_storage_grid_size. Callers that bypass ttnn::prim::matmul() (e.g. CCL fused ops) should invoke ttnn::operations::matmul::normalize_program_config() on the program config first. This will become a hard error in a future release. (matmul_multicore_reuse_mcast_1d_program_factory.cpp:5619)
2026-08-29 10:00:16.593 | warning  |              Op | matmul_multi_core_reuse_mcast_1d_optimized_helper: program_config.allowed_worker_cores not populated; auto-populating from compute_with_storage_grid_size. Callers that bypass ttnn::prim::matmul() (e.g. CCL fused ops) should invoke ttnn::operations::matmul::normalize_program_config() on the program config first. This will become a hard error in a future release. (matmul_multicore_reuse_mcast_1d_program_factory.cpp:5619)
2026-08-29 10:00:16.595 | warning  |              Op | matmul_multi_core_reuse_mcast_1d_optimized_helper: program_config.allowed_worker_cores not populated; auto-populating from compute_with_storage_grid_size. Callers that bypass ttnn::prim::matmul() (e.g. CCL fused ops) should invoke ttnn::operations::matmul::normalize_program_config() on the program config first. This will become a hard error in a future release. (matmul_multicore_reuse_mcast_1d_program_factory.cpp:5619)
2026-08-29 10:00:16.599 | warning  |              Op | matmul_multi_core_reuse_mcast_1d_optimized_helper: program_config.allowed_worker_cores not populated; auto-populating from compute_with_storage_grid_size. Callers that bypass ttnn::prim::matmul() (e.g. CCL fused ops) should invoke ttnn::operations::matmul::normalize_program_config() on the program config first. This will become a hard error in a future release. (matmul_multicore_reuse_mcast_1d_program_factory.cpp:5619)
2026-08-29 10:00:16.601 | warning  |              Op | matmul_multi_core_reuse_mcast_1d_optimized_helper: program_config.allowed_worker_cores not populated; auto-populating from compute_with_storage_grid_size. Callers that bypass ttnn::prim::matmul() (e.g. CCL fused ops) should invoke ttnn::operations::matmul::normalize_program_config() on the program config first. This will become a hard error in a future release. (matmul_multicore_reuse_mcast_1d_program_factory.cpp:5619)
2026-08-29 10:00:16.603 | warning  |              Op | matmul_multi_core_reuse_mcast_1d_optimized_helper: program_config.allowed_worker_cores not populated; auto-populating from compute_with_storage_grid_size. Callers that bypass ttnn::prim::matmul() (e.g. CCL fused ops) should invoke ttnn::operations::matmul::normalize_program_config() on the program config first. This will become a hard error in a future release. (matmul_multicore_reuse_mcast_1d_program_factory.cpp:5619)
2026-08-29 10:00:16.606 | warning  |              Op | matmul_multi_core_reuse_mcast_1d_optimized_helper: program_config.allowed_worker_cores not populated; auto-populating from compute_with_storage_grid_size. Callers that bypass ttnn::prim::matmul() (e.g. CCL fused ops) should invoke ttnn::operations::matmul::normalize_program_config() on the program config first. This will become a hard error in a future release. (matmul_multicore_reuse_mcast_1d_program_factory.cpp:5619)
2026-08-29 10:01:12.004 | INFO     | models.demos.llama3_70b_galaxy.tt.generator:_capture_trace_text:1436 - Done Compiling Model
2026-08-29 10:01:13.497 | INFO     | models.demos.llama3_70b_galaxy.tt.generator:_capture_trace_text:1456 - Done Capturing Decode Trace
2026-08-29 10:01:14.013 | INFO     | models.demos.llama3_70b_galaxy.demo.text_demo:test_demo_text:1381 - Iteration 0 (compile): 119074.6470ms
2026-08-29 10:01:14.024 | INFO     | models.demos.llama3_70b_galaxy.demo.text_demo:test_demo_text:1479 - Decode Iteration 1: Time: 10.3420ms, tok/s/user: 96.69, Throughput: 3094.18 tok/s
2026-08-29 10:01:14.031 | INFO     | models.demos.llama3_70b_galaxy.demo.text_demo:test_demo_text:1479 - Decode Iteration 2: Time: 7.2380ms, tok/s/user: 138.16, Throughput: 4421.11 tok/s
2026-08-29 10:01:14.044 | INFO     | models.demos.llama3_70b_galaxy.demo.text_demo:test_demo_text:1479 - Decode Iteration 3: Time: 12.5180ms, tok/s/user: 79.88, Throughput: 2556.32 tok/s
2026-08-29 10:01:14.058 | INFO     | models.demos.llama3_70b_galaxy.demo.text_demo:test_demo_text:1479 - Decode Iteration 4: Time: 14.1900ms, tok/s/user: 70.47, Throughput: 2255.11 tok/s
2026-08-29 10:01:14.073 | INFO     | models.demos.llama3_70b_galaxy.demo.text_demo:test_demo_text:1479 - Decode Iteration 5: Time: 14.5540ms, tok/s/user: 68.71, Throughput: 2198.71 tok/s
2026-08-29 10:01:14.088 | INFO     | models.demos.llama3_70b_galaxy.demo.text_demo:test_demo_text:1479 - Decode Iteration 6: Time: 14.7200ms, tok/s/user: 67.93, Throughput: 2173.91 tok/s
2026-08-29 10:01:14.103 | INFO     | models.demos.llama3_70b_galaxy.demo.text_demo:test_demo_text:1479 - Decode Iteration 7: Time: 14.2770ms, tok/s/user: 70.04, Throughput: 2241.37 tok/s
2026-08-29 10:01:14.118 | INFO     | models.demos.llama3_70b_galaxy.demo.text_demo:test_demo_text:1479 - Decode Iteration 8: Time: 14.8050ms, tok/s/user: 67.54, Throughput: 2161.43 tok/s
2026-08-29 10:01:14.132 | INFO     | models.demos.llama3_70b_galaxy.demo.text_demo:test_demo_text:1479 - Decode Iteration 9: Time: 14.2810ms, tok/s/user: 70.02, Throughput: 2240.74 tok/s
2026-08-29 10:01:14.147 | INFO     | models.demos.llama3_70b_galaxy.demo.text_demo:test_demo_text:1479 - Decode Iteration 10: Time: 14.8260ms, tok/s/user: 67.45, Throughput: 2158.37 tok/s
2026-08-29 10:01:14.162 | INFO     | models.demos.llama3_70b_galaxy.demo.text_demo:test_demo_text:1479 - Decode Iteration 11: Time: 14.6800ms, tok/s/user: 68.12, Throughput: 2179.84 tok/s
2026-08-29 10:01:14.177 | INFO     | models.demos.llama3_70b_galaxy.demo.text_demo:test_demo_text:1479 - Decode Iteration 12: Time: 14.9680ms, tok/s/user: 66.81, Throughput: 2137.89 tok/s
2026-08-29 10:01:14.192 | INFO     | models.demos.llama3_70b_galaxy.demo.text_demo:test_demo_text:1479 - Decode Iteration 13: Time: 14.9810ms, tok/s/user: 66.75, Throughput: 2136.04 tok/s
2026-08-29 10:01:14.208 | INFO     | models.demos.llama3_70b_galaxy.demo.text_demo:test_demo_text:1479 - Decode Iteration 14: Time: 15.0520ms, tok/s/user: 66.44, Throughput: 2125.96 tok/s
2026-08-29 10:01:14.223 | INFO     | models.demos.llama3_70b_galaxy.demo.text_demo:test_demo_text:1479 - Decode Iteration 15: Time: 15.0650ms, tok/s/user: 66.38, Throughput: 2124.13 tok/s
2026-08-29 10:01:14.238 | INFO     | models.demos.llama3_70b_galaxy.demo.text_demo:test_demo_text:1479 - Decode Iteration 16: Time: 15.2230ms, tok/s/user: 65.69, Throughput: 2102.08 tok/s
2026-08-29 10:01:14.253 | INFO     | models.demos.llama3_70b_galaxy.demo.text_demo:test_demo_text:1479 - Decode Iteration 17: Time: 14.7060ms, tok/s/user: 68.00, Throughput: 2175.98 tok/s
2026-08-29 10:01:14.269 | INFO     | models.demos.llama3_70b_galaxy.demo.text_demo:test_demo_text:1479 - Decode Iteration 18: Time: 14.9830ms, tok/s/user: 66.74, Throughput: 2135.75 tok/s
2026-08-29 10:01:14.284 | INFO     | models.demos.llama3_70b_galaxy.demo.text_demo:test_demo_text:1479 - Decode Iteration 19: Time: 15.1930ms, tok/s/user: 65.82, Throughput: 2106.23 tok/s
2026-08-29 10:01:14.299 | INFO     | models.demos.llama3_70b_galaxy.demo.text_demo:test_demo_text:1479 - Decode Iteration 20: Time: 14.7740ms, tok/s/user: 67.69, Throughput: 2165.97 tok/s
2026-08-29 10:01:14.314 | INFO     | models.demos.llama3_70b_galaxy.demo.text_demo:test_demo_text:1479 - Decode Iteration 21: Time: 15.0980ms, tok/s/user: 66.23, Throughput: 2119.49 tok/s
2026-08-29 10:01:14.329 | INFO     | models.demos.llama3_70b_galaxy.demo.text_demo:test_demo_text:1479 - Decode Iteration 22: Time: 14.8730ms, tok/s/user: 67.24, Throughput: 2151.55 tok/s
2026-08-29 10:01:14.345 | INFO     | models.demos.llama3_70b_galaxy.demo.text_demo:test_demo_text:1479 - Decode Iteration 23: Time: 15.0350ms, tok/s/user: 66.51, Throughput: 2128.37 tok/s
2026-08-29 10:01:14.360 | INFO     | models.demos.llama3_70b_galaxy.demo.text_demo:test_demo_text:1479 - Decode Iteration 24: Time: 14.9540ms, tok/s/user: 66.87, Throughput: 2139.90 tok/s
2026-08-29 10:01:14.375 | INFO     | models.demos.llama3_70b_galaxy.demo.text_demo:test_demo_text:1479 - Decode Iteration 25: Time: 15.0140ms, tok/s/user: 66.60, Throughput: 2131.34 tok/s
2026-08-29 10:01:14.390 | INFO     | models.demos.llama3_70b_galaxy.demo.text_demo:test_demo_text:1479 - Decode Iteration 26: Time: 15.0240ms, tok/s/user: 66.56, Throughput: 2129.93 tok/s
2026-08-29 10:01:14.405 | INFO     | models.demos.llama3_70b_galaxy.demo.text_demo:test_demo_text:1479 - Decode Iteration 27: Time: 15.0610ms, tok/s/user: 66.40, Throughput: 2124.69 tok/s
2026-08-29 10:01:14.420 | INFO     | models.demos.llama3_70b_galaxy.demo.text_demo:test_demo_text:1479 - Decode Iteration 28: Time: 14.9960ms, tok/s/user: 66.68, Throughput: 2133.90 tok/s
2026-08-29 10:01:14.436 | INFO     | models.demos.llama3_70b_galaxy.demo.text_demo:test_demo_text:1479 - Decode Iteration 29: Time: 14.9880ms, tok/s/user: 66.72, Throughput: 2135.04 tok/s
2026-08-29 10:01:14.451 | INFO     | models.demos.llama3_70b_galaxy.demo.text_demo:test_demo_text:1479 - Decode Iteration 30: Time: 15.0490ms, tok/s/user: 66.45, Throughput: 2126.39 tok/s
2026-08-29 10:01:14.466 | INFO     | models.demos.llama3_70b_galaxy.demo.text_demo:test_demo_text:1479 - Decode Iteration 31: Time: 15.0340ms, tok/s/user: 66.52, Throughput: 2128.51 tok/s
2026-08-29 10:01:14.481 | INFO     | models.demos.llama3_70b_galaxy.demo.text_demo:test_demo_text:1479 - Decode Iteration 32: Time: 15.0320ms, tok/s/user: 66.52, Throughput: 2128.79 tok/s
2026-08-29 10:01:14.497 | INFO     | models.demos.llama3_70b_galaxy.demo.text_demo:test_demo_text:1479 - Decode Iteration 33: Time: 15.2880ms, tok/s/user: 65.41, Throughput: 2093.14 tok/s
2026-08-29 10:01:14.512 | INFO     | models.demos.llama3_70b_galaxy.demo.text_demo:test_demo_text:1479 - Decode Iteration 34: Time: 14.6580ms, tok/s/user: 68.22, Throughput: 2183.11 tok/s
2026-08-29 10:01:14.527 | INFO     | models.demos.llama3_70b_galaxy.demo.text_demo:test_demo_text:1479 - Decode Iteration 35: Time: 14.9920ms, tok/s/user: 66.70, Throughput: 2134.47 tok/s
2026-08-29 10:01:14.542 | INFO     | models.demos.llama3_70b_galaxy.demo.text_demo:test_demo_text:1479 - Decode Iteration 36: Time: 15.0100ms, tok/s/user: 66.62, Throughput: 2131.91 tok/s
2026-08-29 10:01:14.557 | INFO     | models.demos.llama3_70b_galaxy.demo.text_demo:test_demo_text:1479 - Decode Iteration 37: Time: 14.9980ms, tok/s/user: 66.68, Throughput: 2133.62 tok/s
2026-08-29 10:01:14.573 | INFO     | models.demos.llama3_70b_galaxy.demo.text_demo:test_demo_text:1479 - Decode Iteration 38: Time: 15.2500ms, tok/s/user: 65.57, Throughput: 2098.36 tok/s
2026-08-29 10:01:14.588 | INFO     | models.demos.llama3_70b_galaxy.demo.text_demo:test_demo_text:1479 - Decode Iteration 39: Time: 14.7310ms, tok/s/user: 67.88, Throughput: 2172.29 tok/s
2026-08-29 10:01:14.603 | INFO     | models.demos.llama3_70b_galaxy.demo.text_demo:test_demo_text:1479 - Decode Iteration 40: Time: 14.9390ms, tok/s/user: 66.94, Throughput: 2142.04 tok/s
2026-08-29 10:01:14.618 | INFO     | models.demos.llama3_70b_galaxy.demo.text_demo:test_demo_text:1479 - Decode Iteration 41: Time: 15.0090ms, tok/s/user: 66.63, Throughput: 2132.05 tok/s
2026-08-29 10:01:14.633 | INFO     | models.demos.llama3_70b_galaxy.demo.text_demo:test_demo_text:1479 - Decode Iteration 42: Time: 15.0760ms, tok/s/user: 66.33, Throughput: 2122.58 tok/s
2026-08-29 10:01:14.648 | INFO     | models.demos.llama3_70b_galaxy.demo.text_demo:test_demo_text:1479 - Decode Iteration 43: Time: 15.0020ms, tok/s/user: 66.66, Throughput: 2133.05 tok/s
2026-08-29 10:01:14.664 | INFO     | models.demos.llama3_70b_galaxy.demo.text_demo:test_demo_text:1479 - Decode Iteration 44: Time: 15.0370ms, tok/s/user: 66.50, Throughput: 2128.08 tok/s
2026-08-29 10:01:14.679 | INFO     | models.demos.llama3_70b_galaxy.demo.text_demo:test_demo_text:1479 - Decode Iteration 45: Time: 15.2430ms, tok/s/user: 65.60, Throughput: 2099.32 tok/s
2026-08-29 10:01:14.694 | INFO     | models.demos.llama3_70b_galaxy.demo.text_demo:test_demo_text:1479 - Decode Iteration 46: Time: 14.6610ms, tok/s/user: 68.21, Throughput: 2182.66 tok/s
2026-08-29 10:01:14.709 | INFO     | models.demos.llama3_70b_galaxy.demo.text_demo:test_demo_text:1479 - Decode Iteration 47: Time: 15.0320ms, tok/s/user: 66.52, Throughput: 2128.79 tok/s
2026-08-29 10:01:14.724 | INFO     | models.demos.llama3_70b_galaxy.demo.text_demo:test_demo_text:1479 - Decode Iteration 48: Time: 15.0930ms, tok/s/user: 66.26, Throughput: 2120.19 tok/s
2026-08-29 10:01:14.740 | INFO     | models.demos.llama3_70b_galaxy.demo.text_demo:test_demo_text:1479 - Decode Iteration 49: Time: 14.8490ms, tok/s/user: 67.34, Throughput: 2155.03 tok/s
2026-08-29 10:01:14.755 | INFO     | models.demos.llama3_70b_galaxy.demo.text_demo:test_demo_text:1479 - Decode Iteration 50: Time: 15.1010ms, tok/s/user: 66.22, Throughput: 2119.06 tok/s
2026-08-29 10:01:14.770 | INFO     | models.demos.llama3_70b_galaxy.demo.text_demo:test_demo_text:1479 - Decode Iteration 51: Time: 14.9850ms, tok/s/user: 66.73, Throughput: 2135.47 tok/s
2026-08-29 10:01:14.785 | INFO     | models.demos.llama3_70b_galaxy.demo.text_demo:test_demo_text:1479 - Decode Iteration 52: Time: 14.9960ms, tok/s/user: 66.68, Throughput: 2133.90 tok/s
2026-08-29 10:01:14.800 | INFO     | models.demos.llama3_70b_galaxy.demo.text_demo:test_demo_text:1479 - Decode Iteration 53: Time: 15.0310ms, tok/s/user: 66.53, Throughput: 2128.93 tok/s
2026-08-29 10:01:14.816 | INFO     | models.demos.llama3_70b_galaxy.demo.text_demo:test_demo_text:1479 - Decode Iteration 54: Time: 15.0560ms, tok/s/user: 66.42, Throughput: 2125.40 tok/s
2026-08-29 10:01:14.831 | INFO     | models.demos.llama3_70b_galaxy.demo.text_demo:test_demo_text:1479 - Decode Iteration 55: Time: 15.0090ms, tok/s/user: 66.63, Throughput: 2132.05 tok/s
2026-08-29 10:01:14.846 | INFO     | models.demos.llama3_70b_galaxy.demo.text_demo:test_demo_text:1479 - Decode Iteration 56: Time: 15.0240ms, tok/s/user: 66.56, Throughput: 2129.93 tok/s
2026-08-29 10:01:14.861 | INFO     | models.demos.llama3_70b_galaxy.demo.text_demo:test_demo_text:1479 - Decode Iteration 57: Time: 15.0150ms, tok/s/user: 66.60, Throughput: 2131.20 tok/s
2026-08-29 10:01:14.876 | INFO     | models.demos.llama3_70b_galaxy.demo.text_demo:test_demo_text:1479 - Decode Iteration 58: Time: 15.0180ms, tok/s/user: 66.59, Throughput: 2130.78 tok/s
2026-08-29 10:01:14.891 | INFO     | models.demos.llama3_70b_galaxy.demo.text_demo:test_demo_text:1479 - Decode Iteration 59: Time: 14.9890ms, tok/s/user: 66.72, Throughput: 2134.90 tok/s
2026-08-29 10:01:14.907 | INFO     | models.demos.llama3_70b_galaxy.demo.text_demo:test_demo_text:1479 - Decode Iteration 60: Time: 15.0490ms, tok/s/user: 66.45, Throughput: 2126.39 tok/s
2026-08-29 10:01:14.922 | INFO     | models.demos.llama3_70b_galaxy.demo.text_demo:test_demo_text:1479 - Decode Iteration 61: Time: 15.2530ms, tok/s/user: 65.56, Throughput: 2097.95 tok/s
2026-08-29 10:01:14.937 | INFO     | models.demos.llama3_70b_galaxy.demo.text_demo:test_demo_text:1479 - Decode Iteration 62: Time: 14.6950ms, tok/s/user: 68.05, Throughput: 2177.61 tok/s
2026-08-29 10:01:14.952 | INFO     | models.demos.llama3_70b_galaxy.demo.text_demo:test_demo_text:1479 - Decode Iteration 63: Time: 14.9180ms, tok/s/user: 67.03, Throughput: 2145.06 tok/s
2026-08-29 10:01:14.968 | INFO     | models.demos.llama3_70b_galaxy.demo.text_demo:test_demo_text:1479 - Decode Iteration 64: Time: 15.1150ms, tok/s/user: 66.16, Throughput: 2117.10 tok/s
2026-08-29 10:01:14.983 | INFO     | models.demos.llama3_70b_galaxy.demo.text_demo:test_demo_text:1479 - Decode Iteration 65: Time: 15.0430ms, tok/s/user: 66.48, Throughput: 2127.24 tok/s
2026-08-29 10:01:14.998 | INFO     | models.demos.llama3_70b_galaxy.demo.text_demo:test_demo_text:1479 - Decode Iteration 66: Time: 15.1490ms, tok/s/user: 66.01, Throughput: 2112.35 tok/s
2026-08-29 10:01:15.013 | INFO     | models.demos.llama3_70b_galaxy.demo.text_demo:test_demo_text:1479 - Decode Iteration 67: Time: 14.6190ms, tok/s/user: 68.40, Throughput: 2188.93 tok/s
2026-08-29 10:01:15.028 | INFO     | models.demos.llama3_70b_galaxy.demo.text_demo:test_demo_text:1479 - Decode Iteration 68: Time: 14.9370ms, tok/s/user: 66.95, Throughput: 2142.33 tok/s
2026-08-29 10:01:15.043 | INFO     | models.demos.llama3_70b_galaxy.demo.text_demo:test_demo_text:1479 - Decode Iteration 69: Time: 15.0390ms, tok/s/user: 66.49, Throughput: 2127.80 tok/s
2026-08-29 10:01:15.059 | INFO     | models.demos.llama3_70b_galaxy.demo.text_demo:test_demo_text:1479 - Decode Iteration 70: Time: 15.0460ms, tok/s/user: 66.46, Throughput: 2126.81 tok/s
2026-08-29 10:01:15.074 | INFO     | models.demos.llama3_70b_galaxy.demo.text_demo:test_demo_text:1479 - Decode Iteration 71: Time: 15.2630ms, tok/s/user: 65.52, Throughput: 2096.57 tok/s
2026-08-29 10:01:15.089 | INFO     | models.demos.llama3_70b_galaxy.demo.text_demo:test_demo_text:1479 - Decode Iteration 72: Time: 14.6840ms, tok/s/user: 68.10, Throughput: 2179.24 tok/s
2026-08-29 10:01:15.104 | INFO     | models.demos.llama3_70b_galaxy.demo.text_demo:test_demo_text:1479 - Decode Iteration 73: Time: 14.9910ms, tok/s/user: 66.71, Throughput: 2134.61 tok/s
2026-08-29 10:01:15.119 | INFO     | models.demos.llama3_70b_galaxy.demo.text_demo:test_demo_text:1479 - Decode Iteration 74: Time: 14.9740ms, tok/s/user: 66.78, Throughput: 2137.04 tok/s
2026-08-29 10:01:15.135 | INFO     | models.demos.llama3_70b_galaxy.demo.text_demo:test_demo_text:1479 - Decode Iteration 75: Time: 15.1870ms, tok/s/user: 65.85, Throughput: 2107.07 tok/s
2026-08-29 10:01:15.150 | INFO     | models.demos.llama3_70b_galaxy.demo.text_demo:test_demo_text:1479 - Decode Iteration 76: Time: 14.7100ms, tok/s/user: 67.98, Throughput: 2175.39 tok/s
2026-08-29 10:01:15.165 | INFO     | models.demos.llama3_70b_galaxy.demo.text_demo:test_demo_text:1479 - Decode Iteration 77: Time: 15.3190ms, tok/s/user: 65.28, Throughput: 2088.91 tok/s
2026-08-29 10:01:15.180 | INFO     | models.demos.llama3_70b_galaxy.demo.text_demo:test_demo_text:1479 - Decode Iteration 78: Time: 14.6990ms, tok/s/user: 68.03, Throughput: 2177.02 tok/s
2026-08-29 10:01:15.195 | INFO     | models.demos.llama3_70b_galaxy.demo.text_demo:test_demo_text:1479 - Decode Iteration 79: Time: 14.8560ms, tok/s/user: 67.31, Throughput: 2154.01 tok/s
2026-08-29 10:01:15.211 | INFO     | models.demos.llama3_70b_galaxy.demo.text_demo:test_demo_text:1479 - Decode Iteration 80: Time: 15.2710ms, tok/s/user: 65.48, Throughput: 2095.48 tok/s
2026-08-29 10:01:15.226 | INFO     | models.demos.llama3_70b_galaxy.demo.text_demo:test_demo_text:1479 - Decode Iteration 81: Time: 14.6900ms, tok/s/user: 68.07, Throughput: 2178.35 tok/s
2026-08-29 10:01:15.241 | INFO     | models.demos.llama3_70b_galaxy.demo.text_demo:test_demo_text:1479 - Decode Iteration 82: Time: 15.2350ms, tok/s/user: 65.64, Throughput: 2100.43 tok/s
2026-08-29 10:01:15.256 | INFO     | models.demos.llama3_70b_galaxy.demo.text_demo:test_demo_text:1479 - Decode Iteration 83: Time: 14.8030ms, tok/s/user: 67.55, Throughput: 2161.72 tok/s
2026-08-29 10:01:15.271 | INFO     | models.demos.llama3_70b_galaxy.demo.text_demo:test_demo_text:1479 - Decode Iteration 84: Time: 14.7320ms, tok/s/user: 67.88, Throughput: 2172.14 tok/s
2026-08-29 10:01:15.287 | INFO     | models.demos.llama3_70b_galaxy.demo.text_demo:test_demo_text:1479 - Decode Iteration 85: Time: 15.2500ms, tok/s/user: 65.57, Throughput: 2098.36 tok/s
2026-08-29 10:01:15.302 | INFO     | models.demos.llama3_70b_galaxy.demo.text_demo:test_demo_text:1479 - Decode Iteration 86: Time: 14.6790ms, tok/s/user: 68.12, Throughput: 2179.99 tok/s
2026-08-29 10:01:15.317 | INFO     | models.demos.llama3_70b_galaxy.demo.text_demo:test_demo_text:1479 - Decode Iteration 87: Time: 15.0250ms, tok/s/user: 66.56, Throughput: 2129.78 tok/s
2026-08-29 10:01:15.332 | INFO     | models.demos.llama3_70b_galaxy.demo.text_demo:test_demo_text:1479 - Decode Iteration 88: Time: 15.0460ms, tok/s/user: 66.46, Throughput: 2126.81 tok/s
2026-08-29 10:01:15.347 | INFO     | models.demos.llama3_70b_galaxy.demo.text_demo:test_demo_text:1479 - Decode Iteration 89: Time: 14.9140ms, tok/s/user: 67.05, Throughput: 2145.63 tok/s
2026-08-29 10:01:15.363 | INFO     | models.demos.llama3_70b_galaxy.demo.text_demo:test_demo_text:1479 - Decode Iteration 90: Time: 15.0970ms, tok/s/user: 66.24, Throughput: 2119.63 tok/s
2026-08-29 10:01:15.378 | INFO     | models.demos.llama3_70b_galaxy.demo.text_demo:test_demo_text:1479 - Decode Iteration 91: Time: 14.9880ms, tok/s/user: 66.72, Throughput: 2135.04 tok/s
2026-08-29 10:01:15.393 | INFO     | models.demos.llama3_70b_galaxy.demo.text_demo:test_demo_text:1479 - Decode Iteration 92: Time: 15.0290ms, tok/s/user: 66.54, Throughput: 2129.22 tok/s
2026-08-29 10:01:15.408 | INFO     | models.demos.llama3_70b_galaxy.demo.text_demo:test_demo_text:1479 - Decode Iteration 93: Time: 15.0150ms, tok/s/user: 66.60, Throughput: 2131.20 tok/s
2026-08-29 10:01:15.423 | INFO     | models.demos.llama3_70b_galaxy.demo.text_demo:test_demo_text:1479 - Decode Iteration 94: Time: 15.0800ms, tok/s/user: 66.31, Throughput: 2122.02 tok/s
2026-08-29 10:01:15.439 | INFO     | models.demos.llama3_70b_galaxy.demo.text_demo:test_demo_text:1479 - Decode Iteration 95: Time: 14.9670ms, tok/s/user: 66.81, Throughput: 2138.04 tok/s
2026-08-29 10:01:15.454 | INFO     | models.demos.llama3_70b_galaxy.demo.text_demo:test_demo_text:1479 - Decode Iteration 96: Time: 15.0250ms, tok/s/user: 66.56, Throughput: 2129.78 tok/s
2026-08-29 10:01:15.469 | INFO     | models.demos.llama3_70b_galaxy.demo.text_demo:test_demo_text:1479 - Decode Iteration 97: Time: 14.9570ms, tok/s/user: 66.86, Throughput: 2139.47 tok/s
2026-08-29 10:01:15.484 | INFO     | models.demos.llama3_70b_galaxy.demo.text_demo:test_demo_text:1479 - Decode Iteration 98: Time: 15.2890ms, tok/s/user: 65.41, Throughput: 2093.01 tok/s
2026-08-29 10:01:15.499 | INFO     | models.demos.llama3_70b_galaxy.demo.text_demo:test_demo_text:1479 - Decode Iteration 99: Time: 14.7660ms, tok/s/user: 67.72, Throughput: 2167.14 tok/s
2026-08-29 10:01:15.515 | INFO     | models.demos.llama3_70b_galaxy.demo.text_demo:test_demo_text:1479 - Decode Iteration 100: Time: 14.9990ms, tok/s/user: 66.67, Throughput: 2133.48 tok/s
2026-08-29 10:01:15.530 | INFO     | models.demos.llama3_70b_galaxy.demo.text_demo:test_demo_text:1479 - Decode Iteration 101: Time: 14.9720ms, tok/s/user: 66.79, Throughput: 2137.32 tok/s
2026-08-29 10:01:15.545 | INFO     | models.demos.llama3_70b_galaxy.demo.text_demo:test_demo_text:1479 - Decode Iteration 102: Time: 15.3280ms, tok/s/user: 65.24, Throughput: 2087.68 tok/s
2026-08-29 10:01:15.560 | INFO     | models.demos.llama3_70b_galaxy.demo.text_demo:test_demo_text:1479 - Decode Iteration 103: Time: 14.5920ms, tok/s/user: 68.53, Throughput: 2192.98 tok/s
2026-08-29 10:01:15.575 | INFO     | models.demos.llama3_70b_galaxy.demo.text_demo:test_demo_text:1479 - Decode Iteration 104: Time: 15.1030ms, tok/s/user: 66.21, Throughput: 2118.78 tok/s
2026-08-29 10:01:15.591 | INFO     | models.demos.llama3_70b_galaxy.demo.text_demo:test_demo_text:1479 - Decode Iteration 105: Time: 15.0520ms, tok/s/user: 66.44, Throughput: 2125.96 tok/s
2026-08-29 10:01:15.606 | INFO     | models.demos.llama3_70b_galaxy.demo.text_demo:test_demo_text:1479 - Decode Iteration 106: Time: 14.9730ms, tok/s/user: 66.79, Throughput: 2137.18 tok/s
2026-08-29 10:01:15.621 | INFO     | models.demos.llama3_70b_galaxy.demo.text_demo:test_demo_text:1479 - Decode Iteration 107: Time: 14.9830ms, tok/s/user: 66.74, Throughput: 2135.75 tok/s
2026-08-29 10:01:15.636 | INFO     | models.demos.llama3_70b_galaxy.demo.text_demo:test_demo_text:1479 - Decode Iteration 108: Time: 15.0760ms, tok/s/user: 66.33, Throughput: 2122.58 tok/s
2026-08-29 10:01:15.651 | INFO     | models.demos.llama3_70b_galaxy.demo.text_demo:test_demo_text:1479 - Decode Iteration 109: Time: 15.0160ms, tok/s/user: 66.60, Throughput: 2131.06 tok/s
2026-08-29 10:01:15.667 | INFO     | models.demos.llama3_70b_galaxy.demo.text_demo:test_demo_text:1479 - Decode Iteration 110: Time: 14.9830ms, tok/s/user: 66.74, Throughput: 2135.75 tok/s
2026-08-29 10:01:15.682 | INFO     | models.demos.llama3_70b_galaxy.demo.text_demo:test_demo_text:1479 - Decode Iteration 111: Time: 15.3580ms, tok/s/user: 65.11, Throughput: 2083.60 tok/s
2026-08-29 10:01:15.697 | INFO     | models.demos.llama3_70b_galaxy.demo.text_demo:test_demo_text:1479 - Decode Iteration 112: Time: 14.5600ms, tok/s/user: 68.68, Throughput: 2197.80 tok/s
2026-08-29 10:01:15.713 | INFO     | models.demos.llama3_70b_galaxy.demo.text_demo:test_demo_text:1479 - Decode Iteration 113: Time: 15.3520ms, tok/s/user: 65.14, Throughput: 2084.42 tok/s
2026-08-29 10:01:15.727 | INFO     | models.demos.llama3_70b_galaxy.demo.text_demo:test_demo_text:1479 - Decode Iteration 114: Time: 14.5500ms, tok/s/user: 68.73, Throughput: 2199.31 tok/s
2026-08-29 10:01:15.743 | INFO     | models.demos.llama3_70b_galaxy.demo.text_demo:test_demo_text:1479 - Decode Iteration 115: Time: 15.1060ms, tok/s/user: 66.20, Throughput: 2118.36 tok/s
2026-08-29 10:01:15.758 | INFO     | models.demos.llama3_70b_galaxy.demo.text_demo:test_demo_text:1479 - Decode Iteration 116: Time: 14.8430ms, tok/s/user: 67.37, Throughput: 2155.90 tok/s
2026-08-29 10:01:15.773 | INFO     | models.demos.llama3_70b_galaxy.demo.text_demo:test_demo_text:1479 - Decode Iteration 117: Time: 14.9780ms, tok/s/user: 66.76, Throughput: 2136.47 tok/s
2026-08-29 10:01:15.788 | INFO     | models.demos.llama3_70b_galaxy.demo.text_demo:test_demo_text:1479 - Decode Iteration 118: Time: 15.2450ms, tok/s/user: 65.60, Throughput: 2099.05 tok/s
2026-08-29 10:01:15.804 | INFO     | models.demos.llama3_70b_galaxy.demo.text_demo:test_demo_text:1479 - Decode Iteration 119: Time: 14.8580ms, tok/s/user: 67.30, Throughput: 2153.72 tok/s
2026-08-29 10:01:15.819 | INFO     | models.demos.llama3_70b_galaxy.demo.text_demo:test_demo_text:1479 - Decode Iteration 120: Time: 14.6550ms, tok/s/user: 68.24, Throughput: 2183.56 tok/s
2026-08-29 10:01:15.834 | INFO     | models.demos.llama3_70b_galaxy.demo.text_demo:test_demo_text:1479 - Decode Iteration 121: Time: 15.0340ms, tok/s/user: 66.52, Throughput: 2128.51 tok/s
2026-08-29 10:01:15.849 | INFO     | models.demos.llama3_70b_galaxy.demo.text_demo:test_demo_text:1479 - Decode Iteration 122: Time: 15.0110ms, tok/s/user: 66.62, Throughput: 2131.77 tok/s
2026-08-29 10:01:15.864 | INFO     | models.demos.llama3_70b_galaxy.demo.text_demo:test_demo_text:1479 - Decode Iteration 123: Time: 14.9750ms, tok/s/user: 66.78, Throughput: 2136.89 tok/s
2026-08-29 10:01:15.879 | INFO     | models.demos.llama3_70b_galaxy.demo.text_demo:test_demo_text:1479 - Decode Iteration 124: Time: 15.0400ms, tok/s/user: 66.49, Throughput: 2127.66 tok/s
2026-08-29 10:01:15.895 | INFO     | models.demos.llama3_70b_galaxy.demo.text_demo:test_demo_text:1479 - Decode Iteration 125: Time: 14.9950ms, tok/s/user: 66.69, Throughput: 2134.04 tok/s
2026-08-29 10:01:15.910 | INFO     | models.demos.llama3_70b_galaxy.demo.text_demo:test_demo_text:1479 - Decode Iteration 126: Time: 15.1070ms, tok/s/user: 66.19, Throughput: 2118.22 tok/s
2026-08-29 10:01:15.925 | INFO     | models.demos.llama3_70b_galaxy.demo.text_demo:test_demo_text:1479 - Decode Iteration 127: Time: 15.0040ms, tok/s/user: 66.65, Throughput: 2132.76 tok/s
2026-08-29 10:01:15.925 | INFO     | models.demos.llama3_70b_galaxy.demo.text_demo:test_demo_text:1508 - Finished decoding, printing the final outputs...

2026-08-29 10:01:15.926 | INFO     | models.demos.llama3_70b_galaxy.demo.text_demo:test_demo_text:1527 -
==REPEAT BATCH 0
==USER 0 - PROMPT
What is your favorite condiment? There are so many condiments to choose from, each bringing its uniq
<long prompt not printed in full>
 what your favorite condiment is and why you love it. Does it remind you of a specific dish or meal?
==USER 0 - OUTPUT
As a digital AI assistant, I don't have personal preferences, taste buds, or experiences. I exist solely to provide information and assist with inquiries. However, I can certainly discuss the various condiments you've mentioned and their uses in different cuisines!

Each condiment you've listed has its unique characteristics and uses. Ketchup is a classic pairing for fries, burgers, and scrambled eggs. Mayonnaise is a versatile condiment used in sandwiches, salads, and as a dip. Mustard adds a pungent flavor to hot dogs, burgers, and sandwiches. Sriracha and hoisin sauce are popular in Asian cuisine

2026-08-29 10:01:15.926 | INFO     | models.demos.llama3_70b_galaxy.demo.text_demo:test_demo_text:1527 -
==REPEAT BATCH 0
==USER 1 - PROMPT
What is your favorite condiment? There are so many condiments to choose from, each bringing its uniq
<long prompt not printed in full>
 what your favorite condiment is and why you love it. Does it remind you of a specific dish or meal?
==USER 1 - OUTPUT
As a digital AI assistant, I don't have personal preferences, taste buds, or experiences. I exist solely to provide information and assist with inquiries. However, I can certainly discuss the various condiments you've mentioned and their uses in different cuisines!

Each condiment you've listed has its unique characteristics and uses. Ketchup is a classic pairing for fries, burgers, and scrambled eggs. Mayonnaise is a versatile condiment used in sandwiches, salads, and as a dip. Mustard adds a pungent flavor to hot dogs, burgers, and sandwiches. Sriracha and hoisin sauce are popular in Asian cuisine

2026-08-29 10:01:15.926 | INFO     | models.demos.llama3_70b_galaxy.demo.text_demo:test_demo_text:1527 -
==REPEAT BATCH 0
==USER 2 - PROMPT
What is your favorite condiment? There are so many condiments to choose from, each bringing its uniq
<long prompt not printed in full>
 what your favorite condiment is and why you love it. Does it remind you of a specific dish or meal?
==USER 2 - OUTPUT
As a digital AI assistant, I don't have personal preferences, taste buds, or experiences. I exist solely to provide information and assist with inquiries. However, I can certainly discuss the various condiments you've mentioned and their uses in different cuisines!

Each condiment you've listed has its unique characteristics and uses. Ketchup is a classic pairing for fries, burgers, and scrambled eggs. Mayonnaise is a versatile condiment used in sandwiches, salads, and as a dip. Mustard adds a pungent flavor to hot dogs, burgers, and sandwiches. Sriracha and hoisin sauce are popular in Asian cuisine

2026-08-29 10:01:15.927 | INFO     | models.demos.llama3_70b_galaxy.demo.text_demo:test_demo_text:1527 -
==REPEAT BATCH 0
==USER 3 - PROMPT
What is your favorite condiment? There are so many condiments to choose from, each bringing its uniq
<long prompt not printed in full>
 what your favorite condiment is and why you love it. Does it remind you of a specific dish or meal?
==USER 3 - OUTPUT
As a digital AI assistant, I don't have personal preferences, taste buds, or experiences. I exist solely to provide information and assist with inquiries. However, I can certainly discuss the various condiments you've mentioned and their uses in different cuisines!

Each condiment you've listed has its unique characteristics and uses. Ketchup is a classic pairing for fries, burgers, and scrambled eggs. Mayonnaise is a versatile condiment used in sandwiches, salads, and as a dip. Mustard adds a pungent flavor to hot dogs, burgers, and sandwiches. Sriracha and hoisin sauce are popular in Asian cuisine

2026-08-29 10:01:15.927 | INFO     | models.demos.llama3_70b_galaxy.demo.text_demo:test_demo_text:1527 -
==REPEAT BATCH 0
==USER 4 - PROMPT
What is your favorite condiment? There are so many condiments to choose from, each bringing its uniq
<long prompt not printed in full>
 what your favorite condiment is and why you love it. Does it remind you of a specific dish or meal?
==USER 4 - OUTPUT
As a digital AI assistant, I don't have personal preferences, taste buds, or experiences. I exist solely to provide information and assist with inquiries. However, I can certainly discuss the various condiments you've mentioned and their uses in different cuisines!

Each condiment you've listed has its unique characteristics and uses. Ketchup is a classic pairing for fries, burgers, and scrambled eggs. Mayonnaise is a versatile condiment used in sandwiches, salads, and as a dip. Mustard adds a pungent flavor to hot dogs, burgers, and sandwiches. Sriracha and hoisin sauce are popular in Asian cuisine

2026-08-29 10:01:15.927 | INFO     | models.demos.llama3_70b_galaxy.demo.text_demo:test_demo_text:1527 -
==REPEAT BATCH 0
==USER 5 - PROMPT
What is your favorite condiment? There are so many condiments to choose from, each bringing its uniq
<long prompt not printed in full>
 what your favorite condiment is and why you love it. Does it remind you of a specific dish or meal?
==USER 5 - OUTPUT
As a digital AI assistant, I don't have personal preferences, taste buds, or experiences. I exist solely to provide information and assist with inquiries. However, I can certainly discuss the various condiments you've mentioned and their uses in different cuisines!

Each condiment you've listed has its unique characteristics and uses. Ketchup is a classic pairing for fries, burgers, and scrambled eggs. Mayonnaise is a versatile condiment used in sandwiches, salads, and as a dip. Mustard adds a pungent flavor to hot dogs, burgers, and sandwiches. Sriracha and hoisin sauce are popular in Asian cuisine

2026-08-29 10:01:15.928 | INFO     | models.demos.llama3_70b_galaxy.demo.text_demo:test_demo_text:1527 -
==REPEAT BATCH 0
==USER 6 - PROMPT
What is your favorite condiment? There are so many condiments to choose from, each bringing its uniq
<long prompt not printed in full>
 what your favorite condiment is and why you love it. Does it remind you of a specific dish or meal?
==USER 6 - OUTPUT
As a digital AI assistant, I don't have personal preferences, taste buds, or experiences. I exist solely to provide information and assist with inquiries. However, I can certainly discuss the various condiments you've mentioned and their uses in different cuisines!

Each condiment you've listed has its unique characteristics and uses. Ketchup is a classic pairing for fries, burgers, and scrambled eggs. Mayonnaise is a versatile condiment used in sandwiches, salads, and as a dip. Mustard adds a pungent flavor to hot dogs, burgers, and sandwiches. Sriracha and hoisin sauce are popular in Asian cuisine

2026-08-29 10:01:15.928 | INFO     | models.demos.llama3_70b_galaxy.demo.text_demo:test_demo_text:1527 -
==REPEAT BATCH 0
==USER 7 - PROMPT
What is your favorite condiment? There are so many condiments to choose from, each bringing its uniq
<long prompt not printed in full>
 what your favorite condiment is and why you love it. Does it remind you of a specific dish or meal?
==USER 7 - OUTPUT
As a digital AI assistant, I don't have personal preferences, taste buds, or experiences. I exist solely to provide information and assist with inquiries. However, I can certainly discuss the various condiments you've mentioned and their uses in different cuisines!

Each condiment you've listed has its unique characteristics and uses. Ketchup is a classic pairing for fries, burgers, and scrambled eggs. Mayonnaise is a versatile condiment used in sandwiches, salads, and as a dip. Mustard adds a pungent flavor to hot dogs, burgers, and sandwiches. Sriracha and hoisin sauce are popular in Asian cuisine

2026-08-29 10:01:15.928 | INFO     | models.demos.llama3_70b_galaxy.demo.text_demo:test_demo_text:1527 -
==REPEAT BATCH 0
==USER 8 - PROMPT
What is your favorite condiment? There are so many condiments to choose from, each bringing its uniq
<long prompt not printed in full>
 what your favorite condiment is and why you love it. Does it remind you of a specific dish or meal?
==USER 8 - OUTPUT
As a digital AI assistant, I don't have personal preferences, taste buds, or experiences. I exist solely to provide information and assist with inquiries. However, I can certainly discuss the various condiments you've mentioned and their uses in different cuisines!

Each condiment you've listed has its unique characteristics and uses. Ketchup is a classic pairing for fries, burgers, and scrambled eggs. Mayonnaise is a versatile condiment used in sandwiches, salads, and as a dip. Mustard adds a pungent flavor to hot dogs, burgers, and sandwiches. Sriracha and hoisin sauce are popular in Asian cuisine

2026-08-29 10:01:15.929 | INFO     | models.demos.llama3_70b_galaxy.demo.text_demo:test_demo_text:1527 -
==REPEAT BATCH 0
==USER 9 - PROMPT
What is your favorite condiment? There are so many condiments to choose from, each bringing its uniq
<long prompt not printed in full>
 what your favorite condiment is and why you love it. Does it remind you of a specific dish or meal?
==USER 9 - OUTPUT
As a digital AI assistant, I don't have personal preferences, taste buds, or experiences. I exist solely to provide information and assist with inquiries. However, I can certainly discuss the various condiments you've mentioned and their uses in different cuisines!

Each condiment you've listed has its unique characteristics and uses. Ketchup is a classic pairing for fries, burgers, and scrambled eggs. Mayonnaise is a versatile condiment used in sandwiches, salads, and as a dip. Mustard adds a pungent flavor to hot dogs, burgers, and sandwiches. Sriracha and hoisin sauce are popular in Asian cuisine

2026-08-29 10:01:15.929 | INFO     | models.demos.llama3_70b_galaxy.demo.text_demo:test_demo_text:1527 -
==REPEAT BATCH 0
==USER 10 - PROMPT
What is your favorite condiment? There are so many condiments to choose from, each bringing its uniq
<long prompt not printed in full>
 what your favorite condiment is and why you love it. Does it remind you of a specific dish or meal?
==USER 10 - OUTPUT
As a digital AI assistant, I don't have personal preferences, taste buds, or experiences. I exist solely to provide information and assist with inquiries. However, I can certainly discuss the various condiments you've mentioned and their uses in different cuisines!

Each condiment you've listed has its unique characteristics and uses. Ketchup is a classic pairing for fries, burgers, and scrambled eggs. Mayonnaise is a versatile condiment used in sandwiches, salads, and as a dip. Mustard adds a pungent flavor to hot dogs, burgers, and sandwiches. Sriracha and hoisin sauce are popular in Asian cuisine

2026-08-29 10:01:15.929 | INFO     | models.demos.llama3_70b_galaxy.demo.text_demo:test_demo_text:1527 -
==REPEAT BATCH 0
==USER 11 - PROMPT
What is your favorite condiment? There are so many condiments to choose from, each bringing its uniq
<long prompt not printed in full>
 what your favorite condiment is and why you love it. Does it remind you of a specific dish or meal?
==USER 11 - OUTPUT
As a digital AI assistant, I don't have personal preferences, taste buds, or experiences. I exist solely to provide information and assist with inquiries. However, I can certainly discuss the various condiments you've mentioned and their uses in different cuisines!

Each condiment you've listed has its unique characteristics and uses. Ketchup is a classic pairing for fries, burgers, and scrambled eggs. Mayonnaise is a versatile condiment used in sandwiches, salads, and as a dip. Mustard adds a pungent flavor to hot dogs, burgers, and sandwiches. Sriracha and hoisin sauce are popular in Asian cuisine

2026-08-29 10:01:15.929 | INFO     | models.demos.llama3_70b_galaxy.demo.text_demo:test_demo_text:1527 -
==REPEAT BATCH 0
==USER 12 - PROMPT
What is your favorite condiment? There are so many condiments to choose from, each bringing its uniq
<long prompt not printed in full>
 what your favorite condiment is and why you love it. Does it remind you of a specific dish or meal?
==USER 12 - OUTPUT
As a digital AI assistant, I don't have personal preferences, taste buds, or experiences. I exist solely to provide information and assist with inquiries. However, I can certainly discuss the various condiments you've mentioned and their uses in different cuisines!

Each condiment you've listed has its unique characteristics and uses. Ketchup is a classic pairing for fries, burgers, and scrambled eggs. Mayonnaise is a versatile condiment used in sandwiches, salads, and as a dip. Mustard adds a pungent flavor to hot dogs, burgers, and sandwiches. Sriracha and hoisin sauce are popular in Asian cuisine

2026-08-29 10:01:15.930 | INFO     | models.demos.llama3_70b_galaxy.demo.text_demo:test_demo_text:1527 -
==REPEAT BATCH 0
==USER 13 - PROMPT
What is your favorite condiment? There are so many condiments to choose from, each bringing its uniq
<long prompt not printed in full>
 what your favorite condiment is and why you love it. Does it remind you of a specific dish or meal?
==USER 13 - OUTPUT
As a digital AI assistant, I don't have personal preferences, taste buds, or experiences. I exist solely to provide information and assist with inquiries. However, I can certainly discuss the various condiments you've mentioned and their uses in different cuisines!

Each condiment you've listed has its unique characteristics and uses. Ketchup is a classic pairing for fries, burgers, and scrambled eggs. Mayonnaise is a versatile condiment used in sandwiches, salads, and as a dip. Mustard adds a pungent flavor to hot dogs, burgers, and sandwiches. Sriracha and hoisin sauce are popular in Asian cuisine

2026-08-29 10:01:15.930 | INFO     | models.demos.llama3_70b_galaxy.demo.text_demo:test_demo_text:1527 -
==REPEAT BATCH 0
==USER 14 - PROMPT
What is your favorite condiment? There are so many condiments to choose from, each bringing its uniq
<long prompt not printed in full>
 what your favorite condiment is and why you love it. Does it remind you of a specific dish or meal?
==USER 14 - OUTPUT
As a digital AI assistant, I don't have personal preferences, taste buds, or experiences. I exist solely to provide information and assist with inquiries. However, I can certainly discuss the various condiments you've mentioned and their uses in different cuisines!

Each condiment you've listed has its unique characteristics and uses. Ketchup is a classic pairing for fries, burgers, and scrambled eggs. Mayonnaise is a versatile condiment used in sandwiches, salads, and as a dip. Mustard adds a pungent flavor to hot dogs, burgers, and sandwiches. Sriracha and hoisin sauce are popular in Asian cuisine

2026-08-29 10:01:15.930 | INFO     | models.demos.llama3_70b_galaxy.demo.text_demo:test_demo_text:1527 -
==REPEAT BATCH 0
==USER 15 - PROMPT
What is your favorite condiment? There are so many condiments to choose from, each bringing its uniq
<long prompt not printed in full>
 what your favorite condiment is and why you love it. Does it remind you of a specific dish or meal?
==USER 15 - OUTPUT
As a digital AI assistant, I don't have personal preferences, taste buds, or experiences. I exist solely to provide information and assist with inquiries. However, I can certainly discuss the various condiments you've mentioned and their uses in different cuisines!

Each condiment you've listed has its unique characteristics and uses. Ketchup is a classic pairing for fries, burgers, and scrambled eggs. Mayonnaise is a versatile condiment used in sandwiches, salads, and as a dip. Mustard adds a pungent flavor to hot dogs, burgers, and sandwiches. Sriracha and hoisin sauce are popular in Asian cuisine

2026-08-29 10:01:15.931 | INFO     | models.demos.llama3_70b_galaxy.demo.text_demo:test_demo_text:1527 -
==REPEAT BATCH 0
==USER 16 - PROMPT
What is your favorite condiment? There are so many condiments to choose from, each bringing its uniq
<long prompt not printed in full>
 what your favorite condiment is and why you love it. Does it remind you of a specific dish or meal?
==USER 16 - OUTPUT
As a digital AI assistant, I don't have personal preferences, taste buds, or experiences. I exist solely to provide information and assist with inquiries. However, I can certainly discuss the various condiments you've mentioned and their uses in different cuisines!

Each condiment you've listed has its unique characteristics and uses. Ketchup is a classic pairing for fries, burgers, and scrambled eggs. Mayonnaise is a versatile condiment used in sandwiches, salads, and as a dip. Mustard adds a pungent flavor to hot dogs, burgers, and sandwiches. Sriracha and hoisin sauce are popular in Asian cuisine

2026-08-29 10:01:15.931 | INFO     | models.demos.llama3_70b_galaxy.demo.text_demo:test_demo_text:1527 -
==REPEAT BATCH 0
==USER 17 - PROMPT
What is your favorite condiment? There are so many condiments to choose from, each bringing its uniq
<long prompt not printed in full>
 what your favorite condiment is and why you love it. Does it remind you of a specific dish or meal?
==USER 17 - OUTPUT
As a digital AI assistant, I don't have personal preferences, taste buds, or experiences. I exist solely to provide information and assist with inquiries. However, I can certainly discuss the various condiments you've mentioned and their uses in different cuisines!

Each condiment you've listed has its unique characteristics and uses. Ketchup is a classic pairing for fries, burgers, and scrambled eggs. Mayonnaise is a versatile condiment used in sandwiches, salads, and as a dip. Mustard adds a pungent flavor to hot dogs, burgers, and sandwiches. Sriracha and hoisin sauce are popular in Asian cuisine

2026-08-29 10:01:15.931 | INFO     | models.demos.llama3_70b_galaxy.demo.text_demo:test_demo_text:1527 -
==REPEAT BATCH 0
==USER 18 - PROMPT
What is your favorite condiment? There are so many condiments to choose from, each bringing its uniq
<long prompt not printed in full>
 what your favorite condiment is and why you love it. Does it remind you of a specific dish or meal?
==USER 18 - OUTPUT
As a digital AI assistant, I don't have personal preferences, taste buds, or experiences. I exist solely to provide information and assist with inquiries. However, I can certainly discuss the various condiments you've mentioned and their uses in different cuisines!

Each condiment you've listed has its unique characteristics and uses. Ketchup is a classic pairing for fries, burgers, and scrambled eggs. Mayonnaise is a versatile condiment used in sandwiches, salads, and as a dip. Mustard adds a pungent flavor to hot dogs, burgers, and sandwiches. Sriracha and hoisin sauce are popular in Asian cuisine

2026-08-29 10:01:15.931 | INFO     | models.demos.llama3_70b_galaxy.demo.text_demo:test_demo_text:1527 -
==REPEAT BATCH 0
==USER 19 - PROMPT
What is your favorite condiment? There are so many condiments to choose from, each bringing its uniq
<long prompt not printed in full>
 what your favorite condiment is and why you love it. Does it remind you of a specific dish or meal?
==USER 19 - OUTPUT
As a digital AI assistant, I don't have personal preferences, taste buds, or experiences. I exist solely to provide information and assist with inquiries. However, I can certainly discuss the various condiments you've mentioned and their uses in different cuisines!

Each condiment you've listed has its unique characteristics and uses. Ketchup is a classic pairing for fries, burgers, and scrambled eggs. Mayonnaise is a versatile condiment used in sandwiches, salads, and as a dip. Mustard adds a pungent flavor to hot dogs, burgers, and sandwiches. Sriracha and hoisin sauce are popular in Asian cuisine

2026-08-29 10:01:15.932 | INFO     | models.demos.llama3_70b_galaxy.demo.text_demo:test_demo_text:1527 -
==REPEAT BATCH 0
==USER 20 - PROMPT
What is your favorite condiment? There are so many condiments to choose from, each bringing its uniq
<long prompt not printed in full>
 what your favorite condiment is and why you love it. Does it remind you of a specific dish or meal?
==USER 20 - OUTPUT
As a digital AI assistant, I don't have personal preferences, taste buds, or experiences. I exist solely to provide information and assist with inquiries. However, I can certainly discuss the various condiments you've mentioned and their uses in different cuisines!

Each condiment you've listed has its unique characteristics and uses. Ketchup is a classic pairing for fries, burgers, and scrambled eggs. Mayonnaise is a versatile condiment used in sandwiches, salads, and as a dip. Mustard adds a pungent flavor to hot dogs, burgers, and sandwiches. Sriracha and hoisin sauce are popular in Asian cuisine

2026-08-29 10:01:15.932 | INFO     | models.demos.llama3_70b_galaxy.demo.text_demo:test_demo_text:1527 -
==REPEAT BATCH 0
==USER 21 - PROMPT
What is your favorite condiment? There are so many condiments to choose from, each bringing its uniq
<long prompt not printed in full>
 what your favorite condiment is and why you love it. Does it remind you of a specific dish or meal?
==USER 21 - OUTPUT
As a digital AI assistant, I don't have personal preferences, taste buds, or experiences. I exist solely to provide information and assist with inquiries. However, I can certainly discuss the various condiments you've mentioned and their uses in different cuisines!

Each condiment you've listed has its unique characteristics and uses. Ketchup is a classic pairing for fries, burgers, and scrambled eggs. Mayonnaise is a versatile condiment used in sandwiches, salads, and as a dip. Mustard adds a pungent flavor to hot dogs, burgers, and sandwiches. Sriracha and hoisin sauce are popular in Asian cuisine

2026-08-29 10:01:15.932 | INFO     | models.demos.llama3_70b_galaxy.demo.text_demo:test_demo_text:1527 -
==REPEAT BATCH 0
==USER 22 - PROMPT
What is your favorite condiment? There are so many condiments to choose from, each bringing its uniq
<long prompt not printed in full>
 what your favorite condiment is and why you love it. Does it remind you of a specific dish or meal?
==USER 22 - OUTPUT
As a digital AI assistant, I don't have personal preferences, taste buds, or experiences. I exist solely to provide information and assist with inquiries. However, I can certainly discuss the various condiments you've mentioned and their uses in different cuisines!

Each condiment you've listed has its unique characteristics and uses. Ketchup is a classic pairing for fries, burgers, and scrambled eggs. Mayonnaise is a versatile condiment used in sandwiches, salads, and as a dip. Mustard adds a pungent flavor to hot dogs, burgers, and sandwiches. Sriracha and hoisin sauce are popular in Asian cuisine

2026-08-29 10:01:15.933 | INFO     | models.demos.llama3_70b_galaxy.demo.text_demo:test_demo_text:1527 -
==REPEAT BATCH 0
==USER 23 - PROMPT
What is your favorite condiment? There are so many condiments to choose from, each bringing its uniq
<long prompt not printed in full>
 what your favorite condiment is and why you love it. Does it remind you of a specific dish or meal?
==USER 23 - OUTPUT
As a digital AI assistant, I don't have personal preferences, taste buds, or experiences. I exist solely to provide information and assist with inquiries. However, I can certainly discuss the various condiments you've mentioned and their uses in different cuisines!

Each condiment you've listed has its unique characteristics and uses. Ketchup is a classic pairing for fries, burgers, and scrambled eggs. Mayonnaise is a versatile condiment used in sandwiches, salads, and as a dip. Mustard adds a pungent flavor to hot dogs, burgers, and sandwiches. Sriracha and hoisin sauce are popular in Asian cuisine

2026-08-29 10:01:15.933 | INFO     | models.demos.llama3_70b_galaxy.demo.text_demo:test_demo_text:1527 -
==REPEAT BATCH 0
==USER 24 - PROMPT
What is your favorite condiment? There are so many condiments to choose from, each bringing its uniq
<long prompt not printed in full>
 what your favorite condiment is and why you love it. Does it remind you of a specific dish or meal?
==USER 24 - OUTPUT
As a digital AI assistant, I don't have personal preferences, taste buds, or experiences. I exist solely to provide information and assist with inquiries. However, I can certainly discuss the various condiments you've mentioned and their uses in different cuisines!

Each condiment you've listed has its unique characteristics and uses. Ketchup is a classic pairing for fries, burgers, and scrambled eggs. Mayonnaise is a versatile condiment used in sandwiches, salads, and as a dip. Mustard adds a pungent flavor to hot dogs, burgers, and sandwiches. Sriracha and hoisin sauce are popular in Asian cuisine

2026-08-29 10:01:15.933 | INFO     | models.demos.llama3_70b_galaxy.demo.text_demo:test_demo_text:1527 -
==REPEAT BATCH 0
==USER 25 - PROMPT
What is your favorite condiment? There are so many condiments to choose from, each bringing its uniq
<long prompt not printed in full>
 what your favorite condiment is and why you love it. Does it remind you of a specific dish or meal?
==USER 25 - OUTPUT
As a digital AI assistant, I don't have personal preferences, taste buds, or experiences. I exist solely to provide information and assist with inquiries. However, I can certainly discuss the various condiments you've mentioned and their uses in different cuisines!

Each condiment you've listed has its unique characteristics and uses. Ketchup is a classic pairing for fries, burgers, and scrambled eggs. Mayonnaise is a versatile condiment used in sandwiches, salads, and as a dip. Mustard adds a pungent flavor to hot dogs, burgers, and sandwiches. Sriracha and hoisin sauce are popular in Asian cuisine

2026-08-29 10:01:15.933 | INFO     | models.demos.llama3_70b_galaxy.demo.text_demo:test_demo_text:1527 -
==REPEAT BATCH 0
==USER 26 - PROMPT
What is your favorite condiment? There are so many condiments to choose from, each bringing its uniq
<long prompt not printed in full>
 what your favorite condiment is and why you love it. Does it remind you of a specific dish or meal?
==USER 26 - OUTPUT
As a digital AI assistant, I don't have personal preferences, taste buds, or experiences. I exist solely to provide information and assist with inquiries. However, I can certainly discuss the various condiments you've mentioned and their uses in different cuisines!

Each condiment you've listed has its unique characteristics and uses. Ketchup is a classic pairing for fries, burgers, and scrambled eggs. Mayonnaise is a versatile condiment used in sandwiches, salads, and as a dip. Mustard adds a pungent flavor to hot dogs, burgers, and sandwiches. Sriracha and hoisin sauce are popular in Asian cuisine

2026-08-29 10:01:15.934 | INFO     | models.demos.llama3_70b_galaxy.demo.text_demo:test_demo_text:1527 -
==REPEAT BATCH 0
==USER 27 - PROMPT
What is your favorite condiment? There are so many condiments to choose from, each bringing its uniq
<long prompt not printed in full>
 what your favorite condiment is and why you love it. Does it remind you of a specific dish or meal?
==USER 27 - OUTPUT
As a digital AI assistant, I don't have personal preferences, taste buds, or experiences. I exist solely to provide information and assist with inquiries. However, I can certainly discuss the various condiments you've mentioned and their uses in different cuisines!

Each condiment you've listed has its unique characteristics and uses. Ketchup is a classic pairing for fries, burgers, and scrambled eggs. Mayonnaise is a versatile condiment used in sandwiches, salads, and as a dip. Mustard adds a pungent flavor to hot dogs, burgers, and sandwiches. Sriracha and hoisin sauce are popular in Asian cuisine

2026-08-29 10:01:15.934 | INFO     | models.demos.llama3_70b_galaxy.demo.text_demo:test_demo_text:1527 -
==REPEAT BATCH 0
==USER 28 - PROMPT
What is your favorite condiment? There are so many condiments to choose from, each bringing its uniq
<long prompt not printed in full>
 what your favorite condiment is and why you love it. Does it remind you of a specific dish or meal?
==USER 28 - OUTPUT
As a digital AI assistant, I don't have personal preferences, taste buds, or experiences. I exist solely to provide information and assist with inquiries. However, I can certainly discuss the various condiments you've mentioned and their uses in different cuisines!

Each condiment you've listed has its unique characteristics and uses. Ketchup is a classic pairing for fries, burgers, and scrambled eggs. Mayonnaise is a versatile condiment used in sandwiches, salads, and as a dip. Mustard adds a pungent flavor to hot dogs, burgers, and sandwiches. Sriracha and hoisin sauce are popular in Asian cuisine

2026-08-29 10:01:15.934 | INFO     | models.demos.llama3_70b_galaxy.demo.text_demo:test_demo_text:1527 -
==REPEAT BATCH 0
==USER 29 - PROMPT
What is your favorite condiment? There are so many condiments to choose from, each bringing its uniq
<long prompt not printed in full>
 what your favorite condiment is and why you love it. Does it remind you of a specific dish or meal?
==USER 29 - OUTPUT
As a digital AI assistant, I don't have personal preferences, taste buds, or experiences. I exist solely to provide information and assist with inquiries. However, I can certainly discuss the various condiments you've mentioned and their uses in different cuisines!

Each condiment you've listed has its unique characteristics and uses. Ketchup is a classic pairing for fries, burgers, and scrambled eggs. Mayonnaise is a versatile condiment used in sandwiches, salads, and as a dip. Mustard adds a pungent flavor to hot dogs, burgers, and sandwiches. Sriracha and hoisin sauce are popular in Asian cuisine

2026-08-29 10:01:15.934 | INFO     | models.demos.llama3_70b_galaxy.demo.text_demo:test_demo_text:1527 -
==REPEAT BATCH 0
==USER 30 - PROMPT
What is your favorite condiment? There are so many condiments to choose from, each bringing its uniq
<long prompt not printed in full>
 what your favorite condiment is and why you love it. Does it remind you of a specific dish or meal?
==USER 30 - OUTPUT
As a digital AI assistant, I don't have personal preferences, taste buds, or experiences. I exist solely to provide information and assist with inquiries. However, I can certainly discuss the various condiments you've mentioned and their uses in different cuisines!

Each condiment you've listed has its unique characteristics and uses. Ketchup is a classic pairing for fries, burgers, and scrambled eggs. Mayonnaise is a versatile condiment used in sandwiches, salads, and as a dip. Mustard adds a pungent flavor to hot dogs, burgers, and sandwiches. Sriracha and hoisin sauce are popular in Asian cuisine

2026-08-29 10:01:15.935 | INFO     | models.demos.llama3_70b_galaxy.demo.text_demo:test_demo_text:1527 -
==REPEAT BATCH 0
==USER 31 - PROMPT
What is your favorite condiment? There are so many condiments to choose from, each bringing its uniq
<long prompt not printed in full>
 what your favorite condiment is and why you love it. Does it remind you of a specific dish or meal?
==USER 31 - OUTPUT
As a digital AI assistant, I don't have personal preferences, taste buds, or experiences. I exist solely to provide information and assist with inquiries. However, I can certainly discuss the various condiments you've mentioned and their uses in different cuisines!

Each condiment you've listed has its unique characteristics and uses. Ketchup is a classic pairing for fries, burgers, and scrambled eggs. Mayonnaise is a versatile condiment used in sandwiches, salads, and as a dip. Mustard adds a pungent flavor to hot dogs, burgers, and sandwiches. Sriracha and hoisin sauce are popular in Asian cuisine

2026-08-29 10:01:15.935 | INFO     | models.demos.llama3_70b_galaxy.demo.text_demo:test_demo_text:1660 - Please note that 'stop_at_eos' is disabled. Output repetition is expected.
2026-08-29 10:01:15.935 | INFO     | models.demos.llama3_70b_galaxy.demo.text_demo:test_demo_text:1662 -
2026-08-29 10:01:15.935 | INFO     | models.demos.llama3_70b_galaxy.demo.text_demo:test_demo_text:1663 - === Performance metrics ===
2026-08-29 10:01:15.935 | INFO     | models.demos.llama3_70b_galaxy.demo.text_demo:test_demo_text:1664 - 1st token decode time: 10.34ms [96.69 t/s/u, 3094.18 t/s]
2026-08-29 10:01:15.935 | INFO     | models.demos.llama3_70b_galaxy.demo.text_demo:test_demo_text:1668 - 128th token decode time: 15.00ms [66.65 t/s/u, 2132.76 t/s]
2026-08-29 10:01:15.935 | INFO     | models.demos.llama3_70b_galaxy.demo.text_demo:test_demo_text:1681 - ==
2026-08-29 10:01:15.935 | INFO     | models.demos.llama3_70b_galaxy.demo.text_demo:test_demo_text:1682 - Prefill compile time: 1687.81s
2026-08-29 10:01:15.935 | INFO     | models.demos.llama3_70b_galaxy.demo.text_demo:test_demo_text:1683 - Decode compile time: 119.07s
2026-08-29 10:01:15.935 | INFO     | models.demos.llama3_70b_galaxy.demo.text_demo:test_demo_text:1684 -
2026-08-29 10:01:15.935 | INFO     | models.demos.llama3_70b_galaxy.demo.text_demo:test_demo_text:1685 - Average Time to First Token (TTFT): 18697.89ms
2026-08-29 10:01:15.935 | INFO     | models.demos.llama3_70b_galaxy.demo.text_demo:test_demo_text:1686 - Average speed: 14.85ms @ 67.35 tok/s/user (2155.08 tok/s throughput)
2026-08-29 10:01:15.936 | INFO     | models.demos.llama3_70b_galaxy.demo.text_demo:test_demo_text:1717 - Test 'wormhole_b0-mesh_device0-device_params0-10-performance-batch-32' currently doesn't have performance targets set! Skipping performance checks...
PASSED

=============================== warnings summary ===============================
models/common/llama_models.py:63
  /proj_sw/user_dev/ctr-apbernal/tt-metal/models/common/llama_models.py:63: PydanticDeprecatedSince20: Pydantic V1 style `@validator` validators are deprecated. You should migrate to Pydantic V2 style `@field_validator` validators, see the migration guide for more details. Deprecated in Pydantic V2.0 to be removed in V3.0. See Pydantic V2 Migration Guide at https://errors.pydantic.dev/2.9/migration/
    @validator("tool_name", pre=True)

python_env/lib/python3.10/site-packages/pydantic/_internal/_config.py:291
  /proj_sw/user_dev/ctr-apbernal/tt-metal/python_env/lib/python3.10/site-packages/pydantic/_internal/_config.py:291: PydanticDeprecatedSince20: Support for class-based `config` is deprecated, use ConfigDict instead. Deprecated in Pydantic V2.0 to be removed in V3.0. See Pydantic V2 Migration Guide at https://errors.pydantic.dev/2.9/migration/
    warnings.warn(DEPRECATION_MESSAGE, DeprecationWarning)

-- Docs: https://docs.pytest.org/en/stable/how-to/capture-warnings.html
==================================== PASSES ====================================
- generated xml file: /proj_sw/user_dev/ctr-apbernal/tt-metal/generated/test_reports/most_recent_tests.xml -
============================= slowest 25 durations =============================
2468.22s call     models/demos/llama3_70b_galaxy/demo/text_demo.py::test_demo_text[wormhole_b0-mesh_device0-device_params0-10-performance-batch-32]
7.81s setup    models/demos/llama3_70b_galaxy/demo/text_demo.py::test_demo_text[wormhole_b0-mesh_device0-device_params0-10-performance-batch-32]
0.54s teardown models/demos/llama3_70b_galaxy/demo/text_demo.py::test_demo_text[wormhole_b0-mesh_device0-device_params0-10-performance-batch-32]
=========================== short test summary info ============================
PASSED models/demos/llama3_70b_galaxy/demo/text_demo.py::test_demo_text[wormhole_b0-mesh_device0-device_params0-10-performance-batch-32]
================== 1 passed, 2 warnings in 2477.40s (0:41:17) ==================
2026-08-29 10:01:28.154 | info     |    BuildKernels | JIT cache stats: 255/2646 hits (9.6%) [255 cached, 31719 build-once dedup, 0 merged artifacts, 0 merged genfiles] (build_cache_telemetry.cpp:207)
2026-08-29 10:01:28.154 | info     |    BuildKernels | JIT telemetry: 3 registered TelemetryTokens (build_cache_telemetry.cpp:230)
2026-08-29 10:01:28.542 | info     |          Device | Closing user mode device drivers (tt_cluster.cpp:513)
2026-08-29 10:01:28.542 | info     |             UMD | Closing devices in cluster (cluster.cpp:1211)
2026-08-29 10:01:28.657 | info     |             UMD | Closing devices in cluster completed. (cluster.cpp:1220)
2026-08-29 10:01:28.657 | info     |             UMD | Cluster destructor started. (cluster.cpp:912)
2026-08-29 10:01:28.657 | info     |             UMD | Cluster destructor completed. (cluster.cpp:915)
exit=0
