2026-08-29 09:15:33.931 | DEBUG    | ttnn:<module>:78 - Initial ttnn.CONFIG:
Config{cache_path=/home/ctr-apbernal/.cache/ttnn,model_cache_path=/home/ctr-apbernal/.cache/ttnn/models,tmp_dir=/tmp/ttnn,enable_model_cache=false,enable_fast_runtime_mode=true,throw_exception_on_fallback=false,enable_logging=false,enable_graph_report=false,enable_graph_python_stack_traces=false,enable_detailed_buffer_report=false,enable_detailed_tensor_report=false,enable_comparison_mode=false,comparison_mode_should_raise_exception=false,comparison_mode_pcc=0.9999,root_report_path=generated/ttnn/reports,report_name=std::nullopt,std::nullopt}
============================= test session starts ==============================
platform linux -- Python 3.10.21, pytest-9.0.3, pluggy-1.6.0 -- /proj_sw/user_dev/ctr-apbernal/tt-metal/python_env/bin/python
benchmark: 5.2.3 (defaults: timer=time.perf_counter disable_gc=False min_rounds=5 min_time=0.000005 max_time=1.0 calibration_precision=10 warmup=False warmup_iterations=100000)
rootdir: /proj_sw/user_dev/ctr-apbernal/tt-metal
configfile: pytest.ini
plugins: cov-7.0.0, dash-2.15.0, benchmark-5.2.3, repeat-0.9.4, anyio-4.14.2, timeout-2.4.0, github-actions-annotate-failures-0.3.0, split-0.11.0
timeout: 5200.0s
timeout method: signal
timeout func_only: False
collecting ... 2026-08-29 09:15:48.097 | WARNING  | models.perf.benchmarking_utils:<module>:19 - Skipping import of pydantic_models for benchmarking since not running in CI environment
collected 1 item

models/demos/llama3_70b_galaxy/demo/text_demo.py::test_demo_text[wormhole_b0-mesh_device0-device_params0-10-performance-batch-32] 2026-08-29 09:15:48.271 | info     |          Device | Opening user mode device driver (tt_cluster.cpp:228)
2026-08-29 09:15:48.271 | info     |             UMD | Cluster constructor started. (cluster.cpp:389)
2026-08-29 09:15:48.291 | info     |             UMD | Creating TopologyDiscovery for architecture: wormhole_b0 (topology_discovery.cpp:96)
2026-08-29 09:15:48.291 | info     |             UMD | Starting topology discovery. (topology_discovery.cpp:115)
2026-08-29 09:15:51.476 | info     |             UMD | Established firmware bundle version: 19.12.0 (topology_discovery.cpp:575)
2026-08-29 09:15:51.505 | info     |             UMD | Completed topology discovery. (topology_discovery.cpp:119)
2026-08-29 09:15:52.915 | info     |             UMD | Opening local chip ids/PCIe ids: {0, 1, 2, 3, 4, 5, 6, 7, 8, 9, 10, 11, 12, 13, 14, 15, 16, 17, 18, 19, 20, 21, 22, 23, 24, 25, 26, 27, 28, 29, 30, 31}/[16, 17, 18, 19, 20, 21, 22, 23, 24, 25, 26, 27, 28, 29, 30, 31, 8, 9, 10, 11, 12, 13, 14, 15, 0, 1, 2, 3, 4, 5, 6, 7] and remote chip ids {} (cluster.cpp:173)
2026-08-29 09:15:52.915 | info     |             UMD | IOMMU: enabled (cluster.cpp:147)
2026-08-29 09:15:52.915 | info     |             UMD | KMD version: 2.9.0 (cluster.cpp:150)
2026-08-29 09:15:52.915 | info     |             UMD | Cluster constructor completed. (cluster.cpp:648)
2026-08-29 09:15:52.947 | info     |             UMD | Starting devices in cluster (cluster.cpp:1198)
2026-08-29 09:15:53.008 | info     |             UMD | Starting devices in cluster completed. (cluster.cpp:1206)
2026-08-29 09:15:53.129 | info     |     Distributed | Using auto discovery to generate mesh graph. (metal_env.cpp:437)
2026-08-29 09:15:53.129 | info     |     Distributed | Constructing control plane using auto-discovery (no mesh graph descriptor). (metal_env.cpp:499)
2026-08-29 09:15:53.137 | info     |          Fabric | Logical multi-mesh adjacency: intermesh degree histogram {0:1}; intra-mesh degree histograms mesh0 {4:32} (topology_mapper_utils.cpp:2410)
2026-08-29 09:15:53.137 | info     |          Fabric | Physical multi-mesh adjacency: intermesh degree histogram {0:1}; intra-mesh degree histograms mesh0 {4:32} (topology_mapper_utils.cpp:2418)
2026-08-29 09:15:53.684 | info     |    BuildKernels | Using pre-compiled firmware from: /proj_sw/user_dev/ctr-apbernal/tt-metal/tt_metal/pre-compiled/441969805167873259/ (build_env_manager.cpp:347)
2026-08-29 09:15:53.684 | info     |    BuildKernels | Using pre-compiled firmware from: /proj_sw/user_dev/ctr-apbernal/tt-metal/tt_metal/pre-compiled/441969805167873259/ (build_env_manager.cpp:347)
2026-08-29 09:15:53.684 | info     |    BuildKernels | Using pre-compiled firmware from: /proj_sw/user_dev/ctr-apbernal/tt-metal/tt_metal/pre-compiled/441969805167873259/ (build_env_manager.cpp:347)
2026-08-29 09:15:53.684 | info     |    BuildKernels | Using pre-compiled firmware from: /proj_sw/user_dev/ctr-apbernal/tt-metal/tt_metal/pre-compiled/441969805167873259/ (build_env_manager.cpp:347)
2026-08-29 09:15:53.684 | info     |    BuildKernels | Using pre-compiled firmware from: /proj_sw/user_dev/ctr-apbernal/tt-metal/tt_metal/pre-compiled/441969805167873259/ (build_env_manager.cpp:347)
2026-08-29 09:15:53.684 | info     |    BuildKernels | Using pre-compiled firmware from: /proj_sw/user_dev/ctr-apbernal/tt-metal/tt_metal/pre-compiled/441969805167873259/ (build_env_manager.cpp:347)
2026-08-29 09:15:53.684 | info     |    BuildKernels | Using pre-compiled firmware from: /proj_sw/user_dev/ctr-apbernal/tt-metal/tt_metal/pre-compiled/441969805167873259/ (build_env_manager.cpp:347)
2026-08-29 09:15:53.684 | info     |    BuildKernels | Using pre-compiled firmware from: /proj_sw/user_dev/ctr-apbernal/tt-metal/tt_metal/pre-compiled/441969805167873259/ (build_env_manager.cpp:347)
2026-08-29 09:15:53.684 | info     |    BuildKernels | Using pre-compiled firmware from: /proj_sw/user_dev/ctr-apbernal/tt-metal/tt_metal/pre-compiled/441969805167873259/ (build_env_manager.cpp:347)
2026-08-29 09:15:53.684 | info     |    BuildKernels | Using pre-compiled firmware from: /proj_sw/user_dev/ctr-apbernal/tt-metal/tt_metal/pre-compiled/441969805167873259/ (build_env_manager.cpp:347)
2026-08-29 09:15:53.684 | info     |    BuildKernels | Using pre-compiled firmware from: /proj_sw/user_dev/ctr-apbernal/tt-metal/tt_metal/pre-compiled/441969805167873259/ (build_env_manager.cpp:347)
2026-08-29 09:15:53.684 | info     |    BuildKernels | Using pre-compiled firmware from: /proj_sw/user_dev/ctr-apbernal/tt-metal/tt_metal/pre-compiled/441969805167873259/ (build_env_manager.cpp:347)
2026-08-29 09:15:53.684 | info     |    BuildKernels | Using pre-compiled firmware from: /proj_sw/user_dev/ctr-apbernal/tt-metal/tt_metal/pre-compiled/441969805167873259/ (build_env_manager.cpp:347)
2026-08-29 09:15:53.684 | info     |    BuildKernels | Using pre-compiled firmware from: /proj_sw/user_dev/ctr-apbernal/tt-metal/tt_metal/pre-compiled/441969805167873259/ (build_env_manager.cpp:347)
2026-08-29 09:15:53.684 | info     |    BuildKernels | Using pre-compiled firmware from: /proj_sw/user_dev/ctr-apbernal/tt-metal/tt_metal/pre-compiled/441969805167873259/ (build_env_manager.cpp:347)
2026-08-29 09:15:53.684 | info     |    BuildKernels | Using pre-compiled firmware from: /proj_sw/user_dev/ctr-apbernal/tt-metal/tt_metal/pre-compiled/441969805167873259/ (build_env_manager.cpp:347)
2026-08-29 09:15:53.684 | info     |    BuildKernels | Using pre-compiled firmware from: /proj_sw/user_dev/ctr-apbernal/tt-metal/tt_metal/pre-compiled/441969805167873259/ (build_env_manager.cpp:347)
2026-08-29 09:15:53.684 | info     |    BuildKernels | Using pre-compiled firmware from: /proj_sw/user_dev/ctr-apbernal/tt-metal/tt_metal/pre-compiled/441969805167873259/ (build_env_manager.cpp:347)
2026-08-29 09:15:53.684 | info     |    BuildKernels | Using pre-compiled firmware from: /proj_sw/user_dev/ctr-apbernal/tt-metal/tt_metal/pre-compiled/441969805167873259/ (build_env_manager.cpp:347)
2026-08-29 09:15:53.684 | info     |    BuildKernels | Using pre-compiled firmware from: /proj_sw/user_dev/ctr-apbernal/tt-metal/tt_metal/pre-compiled/441969805167873259/ (build_env_manager.cpp:347)
2026-08-29 09:15:53.684 | info     |    BuildKernels | Using pre-compiled firmware from: /proj_sw/user_dev/ctr-apbernal/tt-metal/tt_metal/pre-compiled/441969805167873259/ (build_env_manager.cpp:347)
2026-08-29 09:15:53.684 | info     |    BuildKernels | Using pre-compiled firmware from: /proj_sw/user_dev/ctr-apbernal/tt-metal/tt_metal/pre-compiled/441969805167873259/ (build_env_manager.cpp:347)
2026-08-29 09:15:53.684 | info     |    BuildKernels | Using pre-compiled firmware from: /proj_sw/user_dev/ctr-apbernal/tt-metal/tt_metal/pre-compiled/441969805167873259/ (build_env_manager.cpp:347)
2026-08-29 09:15:53.684 | info     |    BuildKernels | Using pre-compiled firmware from: /proj_sw/user_dev/ctr-apbernal/tt-metal/tt_metal/pre-compiled/441969805167873259/ (build_env_manager.cpp:347)
2026-08-29 09:15:53.685 | info     |    BuildKernels | Using pre-compiled firmware from: /proj_sw/user_dev/ctr-apbernal/tt-metal/tt_metal/pre-compiled/441969805167873259/ (build_env_manager.cpp:347)
2026-08-29 09:15:53.685 | info     |    BuildKernels | Using pre-compiled firmware from: /proj_sw/user_dev/ctr-apbernal/tt-metal/tt_metal/pre-compiled/441969805167873259/ (build_env_manager.cpp:347)
2026-08-29 09:15:53.685 | info     |    BuildKernels | Using pre-compiled firmware from: /proj_sw/user_dev/ctr-apbernal/tt-metal/tt_metal/pre-compiled/441969805167873259/ (build_env_manager.cpp:347)
2026-08-29 09:15:53.685 | info     |    BuildKernels | Using pre-compiled firmware from: /proj_sw/user_dev/ctr-apbernal/tt-metal/tt_metal/pre-compiled/441969805167873259/ (build_env_manager.cpp:347)
2026-08-29 09:15:53.685 | info     |    BuildKernels | Using pre-compiled firmware from: /proj_sw/user_dev/ctr-apbernal/tt-metal/tt_metal/pre-compiled/441969805167873259/ (build_env_manager.cpp:347)
2026-08-29 09:15:53.685 | info     |    BuildKernels | Using pre-compiled firmware from: /proj_sw/user_dev/ctr-apbernal/tt-metal/tt_metal/pre-compiled/441969805167873259/ (build_env_manager.cpp:347)
2026-08-29 09:15:53.685 | info     |    BuildKernels | Using pre-compiled firmware from: /proj_sw/user_dev/ctr-apbernal/tt-metal/tt_metal/pre-compiled/441969805167873259/ (build_env_manager.cpp:347)
2026-08-29 09:15:53.685 | info     |    BuildKernels | Using pre-compiled firmware from: /proj_sw/user_dev/ctr-apbernal/tt-metal/tt_metal/pre-compiled/441969805167873259/ (build_env_manager.cpp:347)
2026-08-29 09:15:53.937 | info     |           Metal | Initializing Fabric (fabric_firmware_initializer.cpp:296)
2026-08-29 09:15:54.361 | info     |           Metal | Fabric initialized on Device 0 (device.cpp:550)
2026-08-29 09:15:54.362 | info     |           Metal | Fabric initialized on Device 1 (device.cpp:550)
2026-08-29 09:15:54.363 | info     |           Metal | Fabric initialized on Device 2 (device.cpp:550)
2026-08-29 09:15:54.364 | info     |           Metal | Fabric initialized on Device 3 (device.cpp:550)
2026-08-29 09:15:54.432 | info     |           Metal | Fabric initialized on Device 4 (device.cpp:550)
2026-08-29 09:15:54.433 | info     |           Metal | Fabric initialized on Device 5 (device.cpp:550)
2026-08-29 09:15:54.434 | info     |           Metal | Fabric initialized on Device 6 (device.cpp:550)
2026-08-29 09:15:54.435 | info     |           Metal | Fabric initialized on Device 7 (device.cpp:550)
2026-08-29 09:15:54.437 | info     |           Metal | Fabric initialized on Device 8 (device.cpp:550)
2026-08-29 09:15:54.438 | info     |           Metal | Fabric initialized on Device 9 (device.cpp:550)
2026-08-29 09:15:54.439 | info     |           Metal | Fabric initialized on Device 10 (device.cpp:550)
2026-08-29 09:15:54.440 | info     |           Metal | Fabric initialized on Device 11 (device.cpp:550)
2026-08-29 09:15:54.441 | info     |           Metal | Fabric initialized on Device 12 (device.cpp:550)
2026-08-29 09:15:54.442 | info     |           Metal | Fabric initialized on Device 13 (device.cpp:550)
2026-08-29 09:15:54.443 | info     |           Metal | Fabric initialized on Device 14 (device.cpp:550)
2026-08-29 09:15:54.444 | info     |           Metal | Fabric initialized on Device 15 (device.cpp:550)
2026-08-29 09:15:54.445 | info     |           Metal | Fabric initialized on Device 16 (device.cpp:550)
2026-08-29 09:15:54.447 | info     |           Metal | Fabric initialized on Device 17 (device.cpp:550)
2026-08-29 09:15:54.448 | info     |           Metal | Fabric initialized on Device 18 (device.cpp:550)
2026-08-29 09:15:54.449 | info     |           Metal | Fabric initialized on Device 19 (device.cpp:550)
2026-08-29 09:15:54.450 | info     |           Metal | Fabric initialized on Device 20 (device.cpp:550)
2026-08-29 09:15:54.451 | info     |           Metal | Fabric initialized on Device 21 (device.cpp:550)
2026-08-29 09:15:54.452 | info     |           Metal | Fabric initialized on Device 22 (device.cpp:550)
2026-08-29 09:15:54.453 | info     |           Metal | Fabric initialized on Device 23 (device.cpp:550)
2026-08-29 09:15:54.454 | info     |           Metal | Fabric initialized on Device 24 (device.cpp:550)
2026-08-29 09:15:54.455 | info     |           Metal | Fabric initialized on Device 25 (device.cpp:550)
2026-08-29 09:15:54.457 | info     |           Metal | Fabric initialized on Device 26 (device.cpp:550)
2026-08-29 09:15:54.458 | info     |           Metal | Fabric initialized on Device 27 (device.cpp:550)
2026-08-29 09:15:54.459 | info     |           Metal | Fabric initialized on Device 28 (device.cpp:550)
2026-08-29 09:15:54.460 | info     |           Metal | Fabric initialized on Device 29 (device.cpp:550)
2026-08-29 09:15:54.461 | info     |           Metal | Fabric initialized on Device 30 (device.cpp:550)
2026-08-29 09:15:54.462 | info     |           Metal | Fabric initialized on Device 31 (device.cpp:550)
2026-08-29 09:15:54.462 | info     |           Metal | Fabric initialized on 32 devices (fabric_firmware_initializer.cpp:444)
2026-08-29 09:15:54.462 | info     |           Metal | Fabric Initialized with config FabricConfig::FABRIC_1D_RING (fabric_firmware_initializer.cpp:313)
2026-08-29 09:15:55.569 | info     |           Metal | [Real-time profiler] Device 28 sync complete: 100 samples, frequency=0.985499 GHz, device_time_at_sync=2201625277195 cycles (realtime_profiler_manager.cpp:1398)
2026-08-29 09:15:55.569 | info     |           Metal | [Real-time profiler] Device 24 sync complete: 100 samples, frequency=0.985500 GHz, device_time_at_sync=2203975102566 cycles (realtime_profiler_manager.cpp:1398)
2026-08-29 09:15:55.569 | info     |           Metal | [Real-time profiler] Device 20 sync complete: 100 samples, frequency=0.985505 GHz, device_time_at_sync=2206352536519 cycles (realtime_profiler_manager.cpp:1398)
2026-08-29 09:15:55.569 | info     |           Metal | [Real-time profiler] Device 25 sync complete: 100 samples, frequency=0.985500 GHz, device_time_at_sync=2203376491914 cycles (realtime_profiler_manager.cpp:1398)
2026-08-29 09:15:55.570 | info     |           Metal | [Real-time profiler] Device 16 sync complete: 100 samples, frequency=0.985506 GHz, device_time_at_sync=2208762659008 cycles (realtime_profiler_manager.cpp:1398)
2026-08-29 09:15:55.570 | info     |           Metal | [Real-time profiler] Device 15 sync complete: 100 samples, frequency=0.985500 GHz, device_time_at_sync=2207365534242 cycles (realtime_profiler_manager.cpp:1398)
2026-08-29 09:15:55.570 | info     |           Metal | [Real-time profiler] Device 19 sync complete: 100 samples, frequency=0.985505 GHz, device_time_at_sync=2206920419872 cycles (realtime_profiler_manager.cpp:1398)
2026-08-29 09:15:55.570 | info     |           Metal | [Real-time profiler] Device 22 sync complete: 100 samples, frequency=0.985507 GHz, device_time_at_sync=2203111812666 cycles (realtime_profiler_manager.cpp:1398)
2026-08-29 09:15:55.570 | info     |           Metal | [Real-time profiler] Device 2 sync complete: 100 samples, frequency=0.985505 GHz, device_time_at_sync=2217120496086 cycles (realtime_profiler_manager.cpp:1398)
2026-08-29 09:15:55.570 | info     |           Metal | [Real-time profiler] Device 26 sync complete: 100 samples, frequency=0.985501 GHz, device_time_at_sync=2202790636530 cycles (realtime_profiler_manager.cpp:1398)
2026-08-29 09:15:55.570 | info     |           Metal | [Real-time profiler] Device 17 sync complete: 100 samples, frequency=0.985505 GHz, device_time_at_sync=2208133639737 cycles (realtime_profiler_manager.cpp:1398)
2026-08-29 09:15:55.570 | info     |           Metal | [Real-time profiler] Device 30 sync complete: 100 samples, frequency=0.985500 GHz, device_time_at_sync=2198405637586 cycles (realtime_profiler_manager.cpp:1398)
2026-08-29 09:15:55.570 | info     |           Metal | [Real-time profiler] Device 11 sync complete: 100 samples, frequency=0.985500 GHz, device_time_at_sync=2211698661439 cycles (realtime_profiler_manager.cpp:1398)
2026-08-29 09:15:55.570 | info     |           Metal | [Real-time profiler] Device 27 sync complete: 100 samples, frequency=0.985501 GHz, device_time_at_sync=2202177054468 cycles (realtime_profiler_manager.cpp:1398)
2026-08-29 09:15:55.570 | info     |           Metal | [Real-time profiler] Device 29 sync complete: 100 samples, frequency=0.985500 GHz, device_time_at_sync=2198999984556 cycles (realtime_profiler_manager.cpp:1398)
2026-08-29 09:15:55.570 | info     |           Metal | [Real-time profiler] Device 21 sync complete: 100 samples, frequency=0.985504 GHz, device_time_at_sync=2203712903678 cycles (realtime_profiler_manager.cpp:1398)
2026-08-29 09:15:55.570 | info     |           Metal | [Real-time profiler] Device 3 sync complete: 100 samples, frequency=0.985506 GHz, device_time_at_sync=2216495671808 cycles (realtime_profiler_manager.cpp:1398)
2026-08-29 09:15:55.570 | info     |           Metal | [Real-time profiler] Device 7 sync complete: 100 samples, frequency=0.985506 GHz, device_time_at_sync=2212126295543 cycles (realtime_profiler_manager.cpp:1398)
2026-08-29 09:15:55.570 | info     |           Metal | [Real-time profiler] Device 31 sync complete: 100 samples, frequency=0.985500 GHz, device_time_at_sync=2197809926297 cycles (realtime_profiler_manager.cpp:1398)
2026-08-29 09:15:55.570 | info     |           Metal | [Real-time profiler] Device 23 sync complete: 100 samples, frequency=0.985503 GHz, device_time_at_sync=2202533126776 cycles (realtime_profiler_manager.cpp:1398)
2026-08-29 09:15:55.570 | info     |           Metal | [Real-time profiler] Device 18 sync complete: 100 samples, frequency=0.985505 GHz, device_time_at_sync=2207517685311 cycles (realtime_profiler_manager.cpp:1398)
2026-08-29 09:15:55.570 | info     |           Metal | [Real-time profiler] Device 4 sync complete: 100 samples, frequency=0.985505 GHz, device_time_at_sync=2215880294348 cycles (realtime_profiler_manager.cpp:1398)
2026-08-29 09:15:55.570 | info     |           Metal | [Real-time profiler] Device 9 sync complete: 100 samples, frequency=0.985500 GHz, device_time_at_sync=2212910194303 cycles (realtime_profiler_manager.cpp:1398)
2026-08-29 09:15:55.571 | info     |           Metal | [Real-time profiler] Device 13 sync complete: 100 samples, frequency=0.985500 GHz, device_time_at_sync=2208500301243 cycles (realtime_profiler_manager.cpp:1398)
2026-08-29 09:15:55.571 | info     |           Metal | [Real-time profiler] Device 6 sync complete: 100 samples, frequency=0.985505 GHz, device_time_at_sync=2212744665158 cycles (realtime_profiler_manager.cpp:1398)
2026-08-29 09:15:55.571 | info     |           Metal | [Real-time profiler] Device 5 sync complete: 100 samples, frequency=0.985506 GHz, device_time_at_sync=2213305093069 cycles (realtime_profiler_manager.cpp:1398)
2026-08-29 09:15:55.571 | info     |           Metal | [Real-time profiler] Device 8 sync complete: 100 samples, frequency=0.985499 GHz, device_time_at_sync=2213478024805 cycles (realtime_profiler_manager.cpp:1398)
2026-08-29 09:15:55.571 | info     |           Metal | [Real-time profiler] Device 10 sync complete: 100 samples, frequency=0.985499 GHz, device_time_at_sync=2212313088213 cycles (realtime_profiler_manager.cpp:1398)
2026-08-29 09:15:55.571 | info     |           Metal | [Real-time profiler] Device 1 sync complete: 100 samples, frequency=0.985505 GHz, device_time_at_sync=2217706705215 cycles (realtime_profiler_manager.cpp:1398)
2026-08-29 09:15:55.571 | info     |           Metal | [Real-time profiler] Device 14 sync complete: 100 samples, frequency=0.985498 GHz, device_time_at_sync=2208010621818 cycles (realtime_profiler_manager.cpp:1398)
2026-08-29 09:15:55.571 | info     |           Metal | [Real-time profiler] Device 12 sync complete: 100 samples, frequency=0.985499 GHz, device_time_at_sync=2211097481037 cycles (realtime_profiler_manager.cpp:1398)
2026-08-29 09:15:55.571 | info     |           Metal | [Real-time profiler] Device 0 sync complete: 100 samples, frequency=0.985505 GHz, device_time_at_sync=2218297469920 cycles (realtime_profiler_manager.cpp:1398)
2026-08-29 09:15:55.881 | DEBUG    | conftest:mesh_device:630 - multidevice with 32 devices is created
2026-08-29 09:15:55.926 | INFO     | models.demos.llama3_70b_galaxy.demo.text_demo:test_demo_text:946 - The decode generation will only stop at the max_generated_tokens limit == 128
2026-08-29 09:15:55.926 | INFO     | models.demos.llama3_70b_galaxy.demo.text_demo:test_demo_text:957 - Start profiler
2026-08-29 09:15:55.926 | INFO     | models.demos.llama3_70b_galaxy.demo.text_demo:test_demo_text:961 - Reading inputs...
2026-08-29 09:15:55.930 | INFO     | models.demos.llama3_70b_galaxy.demo.text_demo:test_demo_text:987 - Attempting to load expected outputs from: models/demos/llama3_70b_galaxy/demo/outputs_batch_1.json
2026-08-29 09:15:55.930 | INFO     | models.demos.llama3_70b_galaxy.demo.text_demo:test_demo_text:1000 - Successfully loaded 1 expected string outputs from models/demos/llama3_70b_galaxy/demo/outputs_batch_1.json
2026-08-29 09:15:55.963 | INFO     | models.demos.llama3_70b_galaxy.tt.model_config:__init__:543 - Checkpoint directory: /localdev/ctr-apbernal/hf_data/hub/models--meta-llama--Llama-3.3-70B-Instruct/snapshots/6f6073b423013f6a7d4d9f39144961bfbfbc386b
2026-08-29 09:15:55.963 | INFO     | models.demos.llama3_70b_galaxy.tt.model_config:__init__:544 - Tokenizer file: /localdev/ctr-apbernal/hf_data/hub/models--meta-llama--Llama-3.3-70B-Instruct/snapshots/6f6073b423013f6a7d4d9f39144961bfbfbc386b/tokenizer.model
2026-08-29 09:15:55.963 | INFO     | models.demos.llama3_70b_galaxy.tt.model_config:__init__:545 - Cache directory: /proj_sw/user_dev/ctr-apbernal/tt-metal/model_cache/meta-llama/Llama-3.3-70B-Instruct/TG
2026-08-29 09:16:05.343 | DEBUG    | core:as_tensor:724 - Loaded cache for /proj_sw/user_dev/ctr-apbernal/tt-metal/model_cache/meta-llama/Llama-3.3-70B-Instruct/TG/tensor_cache_instruct_bfp8/tok_embeddings.weight_dtype_BFLOAT16_layout_ROW_MAJOR.tensorbin of shape Shape([1, 1, 128256, 2048])
2026-08-29 09:16:05.692 | info     |           Metal | Finalize dfb: dfb_offset == base_offset: 80, dfb size: 32, return value: 112 (dataflow_buffer.cpp:1656)
2026-08-29 09:16:05.692 | info     |           Metal | Finalize dfb: dfb_offset == base_offset: 0, dfb size: 0, return value: 0 (dataflow_buffer.cpp:1656)
2026-08-29 09:16:05.692 | info     |           Metal | Finalize dfb: dfb_offset == base_offset: 0, dfb size: 0, return value: 0 (dataflow_buffer.cpp:1656)
2026-08-29 09:16:05.902 | warning  |              Op | ttnn::tilize: Using input shard spec for output tensor because the legacy sharded optimized program factory is being used (tilize_device_operation.cpp:247)
2026-08-29 09:16:06.156 | info     |           Metal | Finalize dfb: dfb_offset == base_offset: 80, dfb size: 32, return value: 112 (dataflow_buffer.cpp:1656)
2026-08-29 09:16:06.156 | info     |           Metal | Finalize dfb: dfb_offset == base_offset: 0, dfb size: 0, return value: 0 (dataflow_buffer.cpp:1656)
2026-08-29 09:16:06.156 | info     |           Metal | Finalize dfb: dfb_offset == base_offset: 0, dfb size: 0, return value: 0 (dataflow_buffer.cpp:1656)
2026-08-29 09:16:06.164 | INFO     | models.demos.llama3_70b_galaxy.tt.prefetcher_common:__init__:33 - Running TtLlamaPrefetcherSetup
  0%|          | 0/80 [00:00<?, ?it/s]2026-08-29 09:16:07.573 | DEBUG    | core:as_tensor:724 - Loaded cache for /proj_sw/user_dev/ctr-apbernal/tt-metal/model_cache/meta-llama/Llama-3.3-70B-Instruct/TG/tensor_cache_instruct_bfp8/layers.0.attention.wqkv_sharded_2d_prefetcher_dtype_BFLOAT8_B_layout_TILE.tensorbin of shape Shape([1, 1, 2048, 1280])
2026-08-29 09:16:07.613 | DEBUG    | core:as_tensor:724 - Loaded cache for /proj_sw/user_dev/ctr-apbernal/tt-metal/model_cache/meta-llama/Llama-3.3-70B-Instruct/TG/tensor_cache_instruct_bfp8/layers.0.attention.wqkv_sharded_2d_dram_dtype_BFLOAT8_B_layout_TILE.tensorbin of shape Shape([1, 1, 2048, 1280])
2026-08-29 09:16:07.653 | DEBUG    | core:as_tensor:724 - Loaded cache for /proj_sw/user_dev/ctr-apbernal/tt-metal/model_cache/meta-llama/Llama-3.3-70B-Instruct/TG/tensor_cache_instruct_bfp8/layers.0.attention.wo_width_sharded_2d_prefetcher_dtype_BFLOAT8_B_layout_TILE.tensorbin of shape Shape([1, 1, 1024, 2048])
2026-08-29 09:16:07.691 | DEBUG    | core:as_tensor:724 - Loaded cache for /proj_sw/user_dev/ctr-apbernal/tt-metal/model_cache/meta-llama/Llama-3.3-70B-Instruct/TG/tensor_cache_instruct_bfp8/layers.0.attention.wo_width_sharded_2d_dram_dtype_BFLOAT8_B_layout_TILE.tensorbin of shape Shape([1, 1, 1024, 2048])
2026-08-29 09:16:07.737 | DEBUG    | core:as_tensor:724 - Loaded cache for /proj_sw/user_dev/ctr-apbernal/tt-metal/model_cache/meta-llama/Llama-3.3-70B-Instruct/TG/tensor_cache_instruct_bfp8/layers.0.attention.wo_col_sharded_dram_dtype_BFLOAT8_B_layout_TILE.tensorbin of shape Shape([1, 1, 8192, 2048])
2026-08-29 09:16:07.752 | DEBUG    | core:as_tensor:724 - Loaded cache for /proj_sw/user_dev/ctr-apbernal/tt-metal/model_cache/meta-llama/Llama-3.3-70B-Instruct/TG/tensor_cache_instruct_bfp8/kvcache_torch.Size([2048, 1, 64, 128])_dtype_BFLOAT8_B_layout_TILE.tensorbin of shape Shape([2048, 1, 64, 128])
2026-08-29 09:16:07.761 | DEBUG    | core:as_tensor:724 - Loaded cache for /proj_sw/user_dev/ctr-apbernal/tt-metal/model_cache/meta-llama/Llama-3.3-70B-Instruct/TG/tensor_cache_instruct_bfp8/kvcache_torch.Size([2048, 1, 64, 128])_dtype_BFLOAT8_B_layout_TILE.tensorbin of shape Shape([2048, 1, 64, 128])
2026-08-29 09:16:07.830 | DEBUG    | core:as_tensor:724 - Loaded cache for /proj_sw/user_dev/ctr-apbernal/tt-metal/model_cache/meta-llama/Llama-3.3-70B-Instruct/TG/tensor_cache_instruct_bfp8/layers.0.feed_forward.w1_shardedprefetcher_dtype_BFLOAT4_B_layout_TILE.tensorbin of shape Shape([1, 1, 2048, 3584])
2026-08-29 09:16:07.879 | DEBUG    | core:as_tensor:724 - Loaded cache for /proj_sw/user_dev/ctr-apbernal/tt-metal/model_cache/meta-llama/Llama-3.3-70B-Instruct/TG/tensor_cache_instruct_bfp8/layers.0.feed_forward.w2_shardedprefetcher_dtype_BFLOAT8_B_layout_TILE.tensorbin of shape Shape([1, 1, 3584, 2048])
2026-08-29 09:16:07.921 | DEBUG    | core:as_tensor:724 - Loaded cache for /proj_sw/user_dev/ctr-apbernal/tt-metal/model_cache/meta-llama/Llama-3.3-70B-Instruct/TG/tensor_cache_instruct_bfp8/layers.0.feed_forward.w3_shardedprefetcher_dtype_BFLOAT4_B_layout_TILE.tensorbin of shape Shape([1, 1, 2048, 3584])
2026-08-29 09:16:07.964 | DEBUG    | core:as_tensor:724 - Loaded cache for /proj_sw/user_dev/ctr-apbernal/tt-metal/model_cache/meta-llama/Llama-3.3-70B-Instruct/TG/tensor_cache_instruct_bfp8/layers.0.feed_forward.w1_interleavedprefetcher_dtype_BFLOAT4_B_layout_TILE.tensorbin of shape Shape([1, 1, 2048, 3584])
2026-08-29 09:16:08.012 | DEBUG    | core:as_tensor:724 - Loaded cache for /proj_sw/user_dev/ctr-apbernal/tt-metal/model_cache/meta-llama/Llama-3.3-70B-Instruct/TG/tensor_cache_instruct_bfp8/layers.0.feed_forward.w2_interleavedprefetcher_dtype_BFLOAT8_B_layout_TILE.tensorbin of shape Shape([1, 1, 3584, 2048])
2026-08-29 09:16:08.054 | DEBUG    | core:as_tensor:724 - Loaded cache for /proj_sw/user_dev/ctr-apbernal/tt-metal/model_cache/meta-llama/Llama-3.3-70B-Instruct/TG/tensor_cache_instruct_bfp8/layers.0.feed_forward.w3_interleavedprefetcher_dtype_BFLOAT4_B_layout_TILE.tensorbin of shape Shape([1, 1, 2048, 3584])
2026-08-29 09:16:08.056 | DEBUG    | core:as_tensor:724 - Loaded cache for /proj_sw/user_dev/ctr-apbernal/tt-metal/model_cache/meta-llama/Llama-3.3-70B-Instruct/TG/tensor_cache_instruct_bfp8/layers.0.attention_norm.weight_dtype_BFLOAT16_layout_ROW_MAJOR.tensorbin of shape Shape([1, 1, 256, 32])
2026-08-29 09:16:08.057 | DEBUG    | core:as_tensor:724 - Loaded cache for /proj_sw/user_dev/ctr-apbernal/tt-metal/model_cache/meta-llama/Llama-3.3-70B-Instruct/TG/tensor_cache_instruct_bfp8/layers.0.attention_norm.weight_distributed_dtype_BFLOAT16_layout_ROW_MAJOR.tensorbin of shape Shape([1, 1, 64, 32])
2026-08-29 09:16:08.059 | DEBUG    | core:as_tensor:724 - Loaded cache for /proj_sw/user_dev/ctr-apbernal/tt-metal/model_cache/meta-llama/Llama-3.3-70B-Instruct/TG/tensor_cache_instruct_bfp8/layers.0.ffn_norm.weight_dtype_BFLOAT16_layout_ROW_MAJOR.tensorbin of shape Shape([1, 1, 256, 32])
2026-08-29 09:16:08.060 | DEBUG    | core:as_tensor:724 - Loaded cache for /proj_sw/user_dev/ctr-apbernal/tt-metal/model_cache/meta-llama/Llama-3.3-70B-Instruct/TG/tensor_cache_instruct_bfp8/layers.0.ffn_norm.weight_distributed_dtype_BFLOAT16_layout_ROW_MAJOR.tensorbin of shape Shape([1, 1, 64, 32])
  1%|▏         | 1/80 [00:00<00:45,  1.75it/s]2026-08-29 09:16:08.139 | DEBUG    | core:as_tensor:724 - Loaded cache for /proj_sw/user_dev/ctr-apbernal/tt-metal/model_cache/meta-llama/Llama-3.3-70B-Instruct/TG/tensor_cache_instruct_bfp8/layers.1.attention.wqkv_sharded_2d_prefetcher_dtype_BFLOAT8_B_layout_TILE.tensorbin of shape Shape([1, 1, 2048, 1280])
2026-08-29 09:16:08.179 | DEBUG    | core:as_tensor:724 - Loaded cache for /proj_sw/user_dev/ctr-apbernal/tt-metal/model_cache/meta-llama/Llama-3.3-70B-Instruct/TG/tensor_cache_instruct_bfp8/layers.1.attention.wqkv_sharded_2d_dram_dtype_BFLOAT8_B_layout_TILE.tensorbin of shape Shape([1, 1, 2048, 1280])
2026-08-29 09:16:08.218 | DEBUG    | core:as_tensor:724 - Loaded cache for /proj_sw/user_dev/ctr-apbernal/tt-metal/model_cache/meta-llama/Llama-3.3-70B-Instruct/TG/tensor_cache_instruct_bfp8/layers.1.attention.wo_width_sharded_2d_prefetcher_dtype_BFLOAT8_B_layout_TILE.tensorbin of shape Shape([1, 1, 1024, 2048])
2026-08-29 09:16:08.257 | DEBUG    | core:as_tensor:724 - Loaded cache for /proj_sw/user_dev/ctr-apbernal/tt-metal/model_cache/meta-llama/Llama-3.3-70B-Instruct/TG/tensor_cache_instruct_bfp8/layers.1.attention.wo_width_sharded_2d_dram_dtype_BFLOAT8_B_layout_TILE.tensorbin of shape Shape([1, 1, 1024, 2048])
2026-08-29 09:16:08.304 | DEBUG    | core:as_tensor:724 - Loaded cache for /proj_sw/user_dev/ctr-apbernal/tt-metal/model_cache/meta-llama/Llama-3.3-70B-Instruct/TG/tensor_cache_instruct_bfp8/layers.1.attention.wo_col_sharded_dram_dtype_BFLOAT8_B_layout_TILE.tensorbin of shape Shape([1, 1, 8192, 2048])
2026-08-29 09:16:08.319 | DEBUG    | core:as_tensor:724 - Loaded cache for /proj_sw/user_dev/ctr-apbernal/tt-metal/model_cache/meta-llama/Llama-3.3-70B-Instruct/TG/tensor_cache_instruct_bfp8/kvcache_torch.Size([2048, 1, 64, 128])_dtype_BFLOAT8_B_layout_TILE.tensorbin of shape Shape([2048, 1, 64, 128])
2026-08-29 09:16:08.327 | DEBUG    | core:as_tensor:724 - Loaded cache for /proj_sw/user_dev/ctr-apbernal/tt-metal/model_cache/meta-llama/Llama-3.3-70B-Instruct/TG/tensor_cache_instruct_bfp8/kvcache_torch.Size([2048, 1, 64, 128])_dtype_BFLOAT8_B_layout_TILE.tensorbin of shape Shape([2048, 1, 64, 128])
2026-08-29 09:16:08.389 | DEBUG    | core:as_tensor:724 - Loaded cache for /proj_sw/user_dev/ctr-apbernal/tt-metal/model_cache/meta-llama/Llama-3.3-70B-Instruct/TG/tensor_cache_instruct_bfp8/layers.1.feed_forward.w1_shardedprefetcher_dtype_BFLOAT4_B_layout_TILE.tensorbin of shape Shape([1, 1, 2048, 3584])
2026-08-29 09:16:08.440 | DEBUG    | core:as_tensor:724 - Loaded cache for /proj_sw/user_dev/ctr-apbernal/tt-metal/model_cache/meta-llama/Llama-3.3-70B-Instruct/TG/tensor_cache_instruct_bfp8/layers.1.feed_forward.w2_shardedprefetcher_dtype_BFLOAT8_B_layout_TILE.tensorbin of shape Shape([1, 1, 3584, 2048])
2026-08-29 09:16:08.482 | DEBUG    | core:as_tensor:724 - Loaded cache for /proj_sw/user_dev/ctr-apbernal/tt-metal/model_cache/meta-llama/Llama-3.3-70B-Instruct/TG/tensor_cache_instruct_bfp8/layers.1.feed_forward.w3_shardedprefetcher_dtype_BFLOAT4_B_layout_TILE.tensorbin of shape Shape([1, 1, 2048, 3584])
2026-08-29 09:16:08.524 | DEBUG    | core:as_tensor:724 - Loaded cache for /proj_sw/user_dev/ctr-apbernal/tt-metal/model_cache/meta-llama/Llama-3.3-70B-Instruct/TG/tensor_cache_instruct_bfp8/layers.1.feed_forward.w1_interleavedprefetcher_dtype_BFLOAT4_B_layout_TILE.tensorbin of shape Shape([1, 1, 2048, 3584])
2026-08-29 09:16:08.572 | DEBUG    | core:as_tensor:724 - Loaded cache for /proj_sw/user_dev/ctr-apbernal/tt-metal/model_cache/meta-llama/Llama-3.3-70B-Instruct/TG/tensor_cache_instruct_bfp8/layers.1.feed_forward.w2_interleavedprefetcher_dtype_BFLOAT8_B_layout_TILE.tensorbin of shape Shape([1, 1, 3584, 2048])
2026-08-29 09:16:08.618 | DEBUG    | core:as_tensor:724 - Loaded cache for /proj_sw/user_dev/ctr-apbernal/tt-metal/model_cache/meta-llama/Llama-3.3-70B-Instruct/TG/tensor_cache_instruct_bfp8/layers.1.feed_forward.w3_interleavedprefetcher_dtype_BFLOAT4_B_layout_TILE.tensorbin of shape Shape([1, 1, 2048, 3584])
2026-08-29 09:16:08.620 | DEBUG    | core:as_tensor:724 - Loaded cache for /proj_sw/user_dev/ctr-apbernal/tt-metal/model_cache/meta-llama/Llama-3.3-70B-Instruct/TG/tensor_cache_instruct_bfp8/layers.1.attention_norm.weight_dtype_BFLOAT16_layout_ROW_MAJOR.tensorbin of shape Shape([1, 1, 256, 32])
2026-08-29 09:16:08.624 | DEBUG    | core:as_tensor:724 - Loaded cache for /proj_sw/user_dev/ctr-apbernal/tt-metal/model_cache/meta-llama/Llama-3.3-70B-Instruct/TG/tensor_cache_instruct_bfp8/layers.1.attention_norm.weight_distributed_dtype_BFLOAT16_layout_ROW_MAJOR.tensorbin of shape Shape([1, 1, 64, 32])
2026-08-29 09:16:08.626 | DEBUG    | core:as_tensor:724 - Loaded cache for /proj_sw/user_dev/ctr-apbernal/tt-metal/model_cache/meta-llama/Llama-3.3-70B-Instruct/TG/tensor_cache_instruct_bfp8/layers.1.ffn_norm.weight_dtype_BFLOAT16_layout_ROW_MAJOR.tensorbin of shape Shape([1, 1, 256, 32])
2026-08-29 09:16:08.627 | DEBUG    | core:as_tensor:724 - Loaded cache for /proj_sw/user_dev/ctr-apbernal/tt-metal/model_cache/meta-llama/Llama-3.3-70B-Instruct/TG/tensor_cache_instruct_bfp8/layers.1.ffn_norm.weight_distributed_dtype_BFLOAT16_layout_ROW_MAJOR.tensorbin of shape Shape([1, 1, 64, 32])
  2%|▎         | 2/80 [00:01<00:44,  1.76it/s]2026-08-29 09:16:08.712 | DEBUG    | core:as_tensor:724 - Loaded cache for /proj_sw/user_dev/ctr-apbernal/tt-metal/model_cache/meta-llama/Llama-3.3-70B-Instruct/TG/tensor_cache_instruct_bfp8/layers.2.attention.wqkv_sharded_2d_prefetcher_dtype_BFLOAT8_B_layout_TILE.tensorbin of shape Shape([1, 1, 2048, 1280])
2026-08-29 09:16:08.753 | DEBUG    | core:as_tensor:724 - Loaded cache for /proj_sw/user_dev/ctr-apbernal/tt-metal/model_cache/meta-llama/Llama-3.3-70B-Instruct/TG/tensor_cache_instruct_bfp8/layers.2.attention.wqkv_sharded_2d_dram_dtype_BFLOAT8_B_layout_TILE.tensorbin of shape Shape([1, 1, 2048, 1280])
2026-08-29 09:16:08.792 | DEBUG    | core:as_tensor:724 - Loaded cache for /proj_sw/user_dev/ctr-apbernal/tt-metal/model_cache/meta-llama/Llama-3.3-70B-Instruct/TG/tensor_cache_instruct_bfp8/layers.2.attention.wo_width_sharded_2d_prefetcher_dtype_BFLOAT8_B_layout_TILE.tensorbin of shape Shape([1, 1, 1024, 2048])
2026-08-29 09:16:08.831 | DEBUG    | core:as_tensor:724 - Loaded cache for /proj_sw/user_dev/ctr-apbernal/tt-metal/model_cache/meta-llama/Llama-3.3-70B-Instruct/TG/tensor_cache_instruct_bfp8/layers.2.attention.wo_width_sharded_2d_dram_dtype_BFLOAT8_B_layout_TILE.tensorbin of shape Shape([1, 1, 1024, 2048])
2026-08-29 09:16:08.879 | DEBUG    | core:as_tensor:724 - Loaded cache for /proj_sw/user_dev/ctr-apbernal/tt-metal/model_cache/meta-llama/Llama-3.3-70B-Instruct/TG/tensor_cache_instruct_bfp8/layers.2.attention.wo_col_sharded_dram_dtype_BFLOAT8_B_layout_TILE.tensorbin of shape Shape([1, 1, 8192, 2048])
2026-08-29 09:16:08.894 | DEBUG    | core:as_tensor:724 - Loaded cache for /proj_sw/user_dev/ctr-apbernal/tt-metal/model_cache/meta-llama/Llama-3.3-70B-Instruct/TG/tensor_cache_instruct_bfp8/kvcache_torch.Size([2048, 1, 64, 128])_dtype_BFLOAT8_B_layout_TILE.tensorbin of shape Shape([2048, 1, 64, 128])
2026-08-29 09:16:08.903 | DEBUG    | core:as_tensor:724 - Loaded cache for /proj_sw/user_dev/ctr-apbernal/tt-metal/model_cache/meta-llama/Llama-3.3-70B-Instruct/TG/tensor_cache_instruct_bfp8/kvcache_torch.Size([2048, 1, 64, 128])_dtype_BFLOAT8_B_layout_TILE.tensorbin of shape Shape([2048, 1, 64, 128])
2026-08-29 09:16:08.966 | DEBUG    | core:as_tensor:724 - Loaded cache for /proj_sw/user_dev/ctr-apbernal/tt-metal/model_cache/meta-llama/Llama-3.3-70B-Instruct/TG/tensor_cache_instruct_bfp8/layers.2.feed_forward.w1_shardedprefetcher_dtype_BFLOAT4_B_layout_TILE.tensorbin of shape Shape([1, 1, 2048, 3584])
2026-08-29 09:16:09.015 | DEBUG    | core:as_tensor:724 - Loaded cache for /proj_sw/user_dev/ctr-apbernal/tt-metal/model_cache/meta-llama/Llama-3.3-70B-Instruct/TG/tensor_cache_instruct_bfp8/layers.2.feed_forward.w2_shardedprefetcher_dtype_BFLOAT8_B_layout_TILE.tensorbin of shape Shape([1, 1, 3584, 2048])
2026-08-29 09:16:09.057 | DEBUG    | core:as_tensor:724 - Loaded cache for /proj_sw/user_dev/ctr-apbernal/tt-metal/model_cache/meta-llama/Llama-3.3-70B-Instruct/TG/tensor_cache_instruct_bfp8/layers.2.feed_forward.w3_shardedprefetcher_dtype_BFLOAT4_B_layout_TILE.tensorbin of shape Shape([1, 1, 2048, 3584])
2026-08-29 09:16:09.101 | DEBUG    | core:as_tensor:724 - Loaded cache for /proj_sw/user_dev/ctr-apbernal/tt-metal/model_cache/meta-llama/Llama-3.3-70B-Instruct/TG/tensor_cache_instruct_bfp8/layers.2.feed_forward.w1_interleavedprefetcher_dtype_BFLOAT4_B_layout_TILE.tensorbin of shape Shape([1, 1, 2048, 3584])
2026-08-29 09:16:09.148 | DEBUG    | core:as_tensor:724 - Loaded cache for /proj_sw/user_dev/ctr-apbernal/tt-metal/model_cache/meta-llama/Llama-3.3-70B-Instruct/TG/tensor_cache_instruct_bfp8/layers.2.feed_forward.w2_interleavedprefetcher_dtype_BFLOAT8_B_layout_TILE.tensorbin of shape Shape([1, 1, 3584, 2048])
2026-08-29 09:16:09.190 | DEBUG    | core:as_tensor:724 - Loaded cache for /proj_sw/user_dev/ctr-apbernal/tt-metal/model_cache/meta-llama/Llama-3.3-70B-Instruct/TG/tensor_cache_instruct_bfp8/layers.2.feed_forward.w3_interleavedprefetcher_dtype_BFLOAT4_B_layout_TILE.tensorbin of shape Shape([1, 1, 2048, 3584])
2026-08-29 09:16:09.192 | DEBUG    | core:as_tensor:724 - Loaded cache for /proj_sw/user_dev/ctr-apbernal/tt-metal/model_cache/meta-llama/Llama-3.3-70B-Instruct/TG/tensor_cache_instruct_bfp8/layers.2.attention_norm.weight_dtype_BFLOAT16_layout_ROW_MAJOR.tensorbin of shape Shape([1, 1, 256, 32])
2026-08-29 09:16:09.193 | DEBUG    | core:as_tensor:724 - Loaded cache for /proj_sw/user_dev/ctr-apbernal/tt-metal/model_cache/meta-llama/Llama-3.3-70B-Instruct/TG/tensor_cache_instruct_bfp8/layers.2.attention_norm.weight_distributed_dtype_BFLOAT16_layout_ROW_MAJOR.tensorbin of shape Shape([1, 1, 64, 32])
2026-08-29 09:16:09.195 | DEBUG    | core:as_tensor:724 - Loaded cache for /proj_sw/user_dev/ctr-apbernal/tt-metal/model_cache/meta-llama/Llama-3.3-70B-Instruct/TG/tensor_cache_instruct_bfp8/layers.2.ffn_norm.weight_dtype_BFLOAT16_layout_ROW_MAJOR.tensorbin of shape Shape([1, 1, 256, 32])
2026-08-29 09:16:09.196 | DEBUG    | core:as_tensor:724 - Loaded cache for /proj_sw/user_dev/ctr-apbernal/tt-metal/model_cache/meta-llama/Llama-3.3-70B-Instruct/TG/tensor_cache_instruct_bfp8/layers.2.ffn_norm.weight_distributed_dtype_BFLOAT16_layout_ROW_MAJOR.tensorbin of shape Shape([1, 1, 64, 32])
  4%|▍         | 3/80 [00:01<00:43,  1.76it/s]2026-08-29 09:16:09.276 | DEBUG    | core:as_tensor:724 - Loaded cache for /proj_sw/user_dev/ctr-apbernal/tt-metal/model_cache/meta-llama/Llama-3.3-70B-Instruct/TG/tensor_cache_instruct_bfp8/layers.3.attention.wqkv_sharded_2d_prefetcher_dtype_BFLOAT8_B_layout_TILE.tensorbin of shape Shape([1, 1, 2048, 1280])
2026-08-29 09:16:09.317 | DEBUG    | core:as_tensor:724 - Loaded cache for /proj_sw/user_dev/ctr-apbernal/tt-metal/model_cache/meta-llama/Llama-3.3-70B-Instruct/TG/tensor_cache_instruct_bfp8/layers.3.attention.wqkv_sharded_2d_dram_dtype_BFLOAT8_B_layout_TILE.tensorbin of shape Shape([1, 1, 2048, 1280])
2026-08-29 09:16:09.357 | DEBUG    | core:as_tensor:724 - Loaded cache for /proj_sw/user_dev/ctr-apbernal/tt-metal/model_cache/meta-llama/Llama-3.3-70B-Instruct/TG/tensor_cache_instruct_bfp8/layers.3.attention.wo_width_sharded_2d_prefetcher_dtype_BFLOAT8_B_layout_TILE.tensorbin of shape Shape([1, 1, 1024, 2048])
2026-08-29 09:16:09.396 | DEBUG    | core:as_tensor:724 - Loaded cache for /proj_sw/user_dev/ctr-apbernal/tt-metal/model_cache/meta-llama/Llama-3.3-70B-Instruct/TG/tensor_cache_instruct_bfp8/layers.3.attention.wo_width_sharded_2d_dram_dtype_BFLOAT8_B_layout_TILE.tensorbin of shape Shape([1, 1, 1024, 2048])
2026-08-29 09:16:09.442 | DEBUG    | core:as_tensor:724 - Loaded cache for /proj_sw/user_dev/ctr-apbernal/tt-metal/model_cache/meta-llama/Llama-3.3-70B-Instruct/TG/tensor_cache_instruct_bfp8/layers.3.attention.wo_col_sharded_dram_dtype_BFLOAT8_B_layout_TILE.tensorbin of shape Shape([1, 1, 8192, 2048])
2026-08-29 09:16:09.458 | DEBUG    | core:as_tensor:724 - Loaded cache for /proj_sw/user_dev/ctr-apbernal/tt-metal/model_cache/meta-llama/Llama-3.3-70B-Instruct/TG/tensor_cache_instruct_bfp8/kvcache_torch.Size([2048, 1, 64, 128])_dtype_BFLOAT8_B_layout_TILE.tensorbin of shape Shape([2048, 1, 64, 128])
2026-08-29 09:16:09.466 | DEBUG    | core:as_tensor:724 - Loaded cache for /proj_sw/user_dev/ctr-apbernal/tt-metal/model_cache/meta-llama/Llama-3.3-70B-Instruct/TG/tensor_cache_instruct_bfp8/kvcache_torch.Size([2048, 1, 64, 128])_dtype_BFLOAT8_B_layout_TILE.tensorbin of shape Shape([2048, 1, 64, 128])
2026-08-29 09:16:09.530 | DEBUG    | core:as_tensor:724 - Loaded cache for /proj_sw/user_dev/ctr-apbernal/tt-metal/model_cache/meta-llama/Llama-3.3-70B-Instruct/TG/tensor_cache_instruct_bfp8/layers.3.feed_forward.w1_shardedprefetcher_dtype_BFLOAT4_B_layout_TILE.tensorbin of shape Shape([1, 1, 2048, 3584])
2026-08-29 09:16:09.579 | DEBUG    | core:as_tensor:724 - Loaded cache for /proj_sw/user_dev/ctr-apbernal/tt-metal/model_cache/meta-llama/Llama-3.3-70B-Instruct/TG/tensor_cache_instruct_bfp8/layers.3.feed_forward.w2_shardedprefetcher_dtype_BFLOAT8_B_layout_TILE.tensorbin of shape Shape([1, 1, 3584, 2048])
2026-08-29 09:16:09.624 | DEBUG    | core:as_tensor:724 - Loaded cache for /proj_sw/user_dev/ctr-apbernal/tt-metal/model_cache/meta-llama/Llama-3.3-70B-Instruct/TG/tensor_cache_instruct_bfp8/layers.3.feed_forward.w3_shardedprefetcher_dtype_BFLOAT4_B_layout_TILE.tensorbin of shape Shape([1, 1, 2048, 3584])
2026-08-29 09:16:09.666 | DEBUG    | core:as_tensor:724 - Loaded cache for /proj_sw/user_dev/ctr-apbernal/tt-metal/model_cache/meta-llama/Llama-3.3-70B-Instruct/TG/tensor_cache_instruct_bfp8/layers.3.feed_forward.w1_interleavedprefetcher_dtype_BFLOAT4_B_layout_TILE.tensorbin of shape Shape([1, 1, 2048, 3584])
2026-08-29 09:16:09.714 | DEBUG    | core:as_tensor:724 - Loaded cache for /proj_sw/user_dev/ctr-apbernal/tt-metal/model_cache/meta-llama/Llama-3.3-70B-Instruct/TG/tensor_cache_instruct_bfp8/layers.3.feed_forward.w2_interleavedprefetcher_dtype_BFLOAT8_B_layout_TILE.tensorbin of shape Shape([1, 1, 3584, 2048])
2026-08-29 09:16:09.756 | DEBUG    | core:as_tensor:724 - Loaded cache for /proj_sw/user_dev/ctr-apbernal/tt-metal/model_cache/meta-llama/Llama-3.3-70B-Instruct/TG/tensor_cache_instruct_bfp8/layers.3.feed_forward.w3_interleavedprefetcher_dtype_BFLOAT4_B_layout_TILE.tensorbin of shape Shape([1, 1, 2048, 3584])
2026-08-29 09:16:09.758 | DEBUG    | core:as_tensor:724 - Loaded cache for /proj_sw/user_dev/ctr-apbernal/tt-metal/model_cache/meta-llama/Llama-3.3-70B-Instruct/TG/tensor_cache_instruct_bfp8/layers.3.attention_norm.weight_dtype_BFLOAT16_layout_ROW_MAJOR.tensorbin of shape Shape([1, 1, 256, 32])
2026-08-29 09:16:09.760 | DEBUG    | core:as_tensor:724 - Loaded cache for /proj_sw/user_dev/ctr-apbernal/tt-metal/model_cache/meta-llama/Llama-3.3-70B-Instruct/TG/tensor_cache_instruct_bfp8/layers.3.attention_norm.weight_distributed_dtype_BFLOAT16_layout_ROW_MAJOR.tensorbin of shape Shape([1, 1, 64, 32])
2026-08-29 09:16:09.762 | DEBUG    | core:as_tensor:724 - Loaded cache for /proj_sw/user_dev/ctr-apbernal/tt-metal/model_cache/meta-llama/Llama-3.3-70B-Instruct/TG/tensor_cache_instruct_bfp8/layers.3.ffn_norm.weight_dtype_BFLOAT16_layout_ROW_MAJOR.tensorbin of shape Shape([1, 1, 256, 32])
2026-08-29 09:16:09.764 | DEBUG    | core:as_tensor:724 - Loaded cache for /proj_sw/user_dev/ctr-apbernal/tt-metal/model_cache/meta-llama/Llama-3.3-70B-Instruct/TG/tensor_cache_instruct_bfp8/layers.3.ffn_norm.weight_distributed_dtype_BFLOAT16_layout_ROW_MAJOR.tensorbin of shape Shape([1, 1, 64, 32])
  5%|▌         | 4/80 [00:02<00:43,  1.76it/s]2026-08-29 09:16:09.838 | DEBUG    | core:as_tensor:724 - Loaded cache for /proj_sw/user_dev/ctr-apbernal/tt-metal/model_cache/meta-llama/Llama-3.3-70B-Instruct/TG/tensor_cache_instruct_bfp8/layers.4.attention.wqkv_sharded_2d_prefetcher_dtype_BFLOAT8_B_layout_TILE.tensorbin of shape Shape([1, 1, 2048, 1280])
2026-08-29 09:16:09.878 | DEBUG    | core:as_tensor:724 - Loaded cache for /proj_sw/user_dev/ctr-apbernal/tt-metal/model_cache/meta-llama/Llama-3.3-70B-Instruct/TG/tensor_cache_instruct_bfp8/layers.4.attention.wqkv_sharded_2d_dram_dtype_BFLOAT8_B_layout_TILE.tensorbin of shape Shape([1, 1, 2048, 1280])
2026-08-29 09:16:09.918 | DEBUG    | core:as_tensor:724 - Loaded cache for /proj_sw/user_dev/ctr-apbernal/tt-metal/model_cache/meta-llama/Llama-3.3-70B-Instruct/TG/tensor_cache_instruct_bfp8/layers.4.attention.wo_width_sharded_2d_prefetcher_dtype_BFLOAT8_B_layout_TILE.tensorbin of shape Shape([1, 1, 1024, 2048])
2026-08-29 09:16:09.957 | DEBUG    | core:as_tensor:724 - Loaded cache for /proj_sw/user_dev/ctr-apbernal/tt-metal/model_cache/meta-llama/Llama-3.3-70B-Instruct/TG/tensor_cache_instruct_bfp8/layers.4.attention.wo_width_sharded_2d_dram_dtype_BFLOAT8_B_layout_TILE.tensorbin of shape Shape([1, 1, 1024, 2048])
2026-08-29 09:16:10.004 | DEBUG    | core:as_tensor:724 - Loaded cache for /proj_sw/user_dev/ctr-apbernal/tt-metal/model_cache/meta-llama/Llama-3.3-70B-Instruct/TG/tensor_cache_instruct_bfp8/layers.4.attention.wo_col_sharded_dram_dtype_BFLOAT8_B_layout_TILE.tensorbin of shape Shape([1, 1, 8192, 2048])
2026-08-29 09:16:10.018 | DEBUG    | core:as_tensor:724 - Loaded cache for /proj_sw/user_dev/ctr-apbernal/tt-metal/model_cache/meta-llama/Llama-3.3-70B-Instruct/TG/tensor_cache_instruct_bfp8/kvcache_torch.Size([2048, 1, 64, 128])_dtype_BFLOAT8_B_layout_TILE.tensorbin of shape Shape([2048, 1, 64, 128])
2026-08-29 09:16:10.026 | DEBUG    | core:as_tensor:724 - Loaded cache for /proj_sw/user_dev/ctr-apbernal/tt-metal/model_cache/meta-llama/Llama-3.3-70B-Instruct/TG/tensor_cache_instruct_bfp8/kvcache_torch.Size([2048, 1, 64, 128])_dtype_BFLOAT8_B_layout_TILE.tensorbin of shape Shape([2048, 1, 64, 128])
2026-08-29 09:16:10.090 | DEBUG    | core:as_tensor:724 - Loaded cache for /proj_sw/user_dev/ctr-apbernal/tt-metal/model_cache/meta-llama/Llama-3.3-70B-Instruct/TG/tensor_cache_instruct_bfp8/layers.4.feed_forward.w1_shardedprefetcher_dtype_BFLOAT4_B_layout_TILE.tensorbin of shape Shape([1, 1, 2048, 3584])
2026-08-29 09:16:10.138 | DEBUG    | core:as_tensor:724 - Loaded cache for /proj_sw/user_dev/ctr-apbernal/tt-metal/model_cache/meta-llama/Llama-3.3-70B-Instruct/TG/tensor_cache_instruct_bfp8/layers.4.feed_forward.w2_shardedprefetcher_dtype_BFLOAT8_B_layout_TILE.tensorbin of shape Shape([1, 1, 3584, 2048])
2026-08-29 09:16:10.181 | DEBUG    | core:as_tensor:724 - Loaded cache for /proj_sw/user_dev/ctr-apbernal/tt-metal/model_cache/meta-llama/Llama-3.3-70B-Instruct/TG/tensor_cache_instruct_bfp8/layers.4.feed_forward.w3_shardedprefetcher_dtype_BFLOAT4_B_layout_TILE.tensorbin of shape Shape([1, 1, 2048, 3584])
2026-08-29 09:16:10.223 | DEBUG    | core:as_tensor:724 - Loaded cache for /proj_sw/user_dev/ctr-apbernal/tt-metal/model_cache/meta-llama/Llama-3.3-70B-Instruct/TG/tensor_cache_instruct_bfp8/layers.4.feed_forward.w1_interleavedprefetcher_dtype_BFLOAT4_B_layout_TILE.tensorbin of shape Shape([1, 1, 2048, 3584])
2026-08-29 09:16:10.271 | DEBUG    | core:as_tensor:724 - Loaded cache for /proj_sw/user_dev/ctr-apbernal/tt-metal/model_cache/meta-llama/Llama-3.3-70B-Instruct/TG/tensor_cache_instruct_bfp8/layers.4.feed_forward.w2_interleavedprefetcher_dtype_BFLOAT8_B_layout_TILE.tensorbin of shape Shape([1, 1, 3584, 2048])
2026-08-29 09:16:10.314 | DEBUG    | core:as_tensor:724 - Loaded cache for /proj_sw/user_dev/ctr-apbernal/tt-metal/model_cache/meta-llama/Llama-3.3-70B-Instruct/TG/tensor_cache_instruct_bfp8/layers.4.feed_forward.w3_interleavedprefetcher_dtype_BFLOAT4_B_layout_TILE.tensorbin of shape Shape([1, 1, 2048, 3584])
2026-08-29 09:16:10.316 | DEBUG    | core:as_tensor:724 - Loaded cache for /proj_sw/user_dev/ctr-apbernal/tt-metal/model_cache/meta-llama/Llama-3.3-70B-Instruct/TG/tensor_cache_instruct_bfp8/layers.4.attention_norm.weight_dtype_BFLOAT16_layout_ROW_MAJOR.tensorbin of shape Shape([1, 1, 256, 32])
2026-08-29 09:16:10.318 | DEBUG    | core:as_tensor:724 - Loaded cache for /proj_sw/user_dev/ctr-apbernal/tt-metal/model_cache/meta-llama/Llama-3.3-70B-Instruct/TG/tensor_cache_instruct_bfp8/layers.4.attention_norm.weight_distributed_dtype_BFLOAT16_layout_ROW_MAJOR.tensorbin of shape Shape([1, 1, 64, 32])
2026-08-29 09:16:10.319 | DEBUG    | core:as_tensor:724 - Loaded cache for /proj_sw/user_dev/ctr-apbernal/tt-metal/model_cache/meta-llama/Llama-3.3-70B-Instruct/TG/tensor_cache_instruct_bfp8/layers.4.ffn_norm.weight_dtype_BFLOAT16_layout_ROW_MAJOR.tensorbin of shape Shape([1, 1, 256, 32])
2026-08-29 09:16:10.321 | DEBUG    | core:as_tensor:724 - Loaded cache for /proj_sw/user_dev/ctr-apbernal/tt-metal/model_cache/meta-llama/Llama-3.3-70B-Instruct/TG/tensor_cache_instruct_bfp8/layers.4.ffn_norm.weight_distributed_dtype_BFLOAT16_layout_ROW_MAJOR.tensorbin of shape Shape([1, 1, 64, 32])
  6%|▋         | 5/80 [00:02<00:42,  1.77it/s]2026-08-29 09:16:10.398 | DEBUG    | core:as_tensor:724 - Loaded cache for /proj_sw/user_dev/ctr-apbernal/tt-metal/model_cache/meta-llama/Llama-3.3-70B-Instruct/TG/tensor_cache_instruct_bfp8/layers.5.attention.wqkv_sharded_2d_prefetcher_dtype_BFLOAT8_B_layout_TILE.tensorbin of shape Shape([1, 1, 2048, 1280])
2026-08-29 09:16:10.438 | DEBUG    | core:as_tensor:724 - Loaded cache for /proj_sw/user_dev/ctr-apbernal/tt-metal/model_cache/meta-llama/Llama-3.3-70B-Instruct/TG/tensor_cache_instruct_bfp8/layers.5.attention.wqkv_sharded_2d_dram_dtype_BFLOAT8_B_layout_TILE.tensorbin of shape Shape([1, 1, 2048, 1280])
2026-08-29 09:16:10.479 | DEBUG    | core:as_tensor:724 - Loaded cache for /proj_sw/user_dev/ctr-apbernal/tt-metal/model_cache/meta-llama/Llama-3.3-70B-Instruct/TG/tensor_cache_instruct_bfp8/layers.5.attention.wo_width_sharded_2d_prefetcher_dtype_BFLOAT8_B_layout_TILE.tensorbin of shape Shape([1, 1, 1024, 2048])
2026-08-29 09:16:10.517 | DEBUG    | core:as_tensor:724 - Loaded cache for /proj_sw/user_dev/ctr-apbernal/tt-metal/model_cache/meta-llama/Llama-3.3-70B-Instruct/TG/tensor_cache_instruct_bfp8/layers.5.attention.wo_width_sharded_2d_dram_dtype_BFLOAT8_B_layout_TILE.tensorbin of shape Shape([1, 1, 1024, 2048])
2026-08-29 09:16:10.568 | DEBUG    | core:as_tensor:724 - Loaded cache for /proj_sw/user_dev/ctr-apbernal/tt-metal/model_cache/meta-llama/Llama-3.3-70B-Instruct/TG/tensor_cache_instruct_bfp8/layers.5.attention.wo_col_sharded_dram_dtype_BFLOAT8_B_layout_TILE.tensorbin of shape Shape([1, 1, 8192, 2048])
2026-08-29 09:16:10.584 | DEBUG    | core:as_tensor:724 - Loaded cache for /proj_sw/user_dev/ctr-apbernal/tt-metal/model_cache/meta-llama/Llama-3.3-70B-Instruct/TG/tensor_cache_instruct_bfp8/kvcache_torch.Size([2048, 1, 64, 128])_dtype_BFLOAT8_B_layout_TILE.tensorbin of shape Shape([2048, 1, 64, 128])
2026-08-29 09:16:10.594 | DEBUG    | core:as_tensor:724 - Loaded cache for /proj_sw/user_dev/ctr-apbernal/tt-metal/model_cache/meta-llama/Llama-3.3-70B-Instruct/TG/tensor_cache_instruct_bfp8/kvcache_torch.Size([2048, 1, 64, 128])_dtype_BFLOAT8_B_layout_TILE.tensorbin of shape Shape([2048, 1, 64, 128])
2026-08-29 09:16:10.655 | DEBUG    | core:as_tensor:724 - Loaded cache for /proj_sw/user_dev/ctr-apbernal/tt-metal/model_cache/meta-llama/Llama-3.3-70B-Instruct/TG/tensor_cache_instruct_bfp8/layers.5.feed_forward.w1_shardedprefetcher_dtype_BFLOAT4_B_layout_TILE.tensorbin of shape Shape([1, 1, 2048, 3584])
2026-08-29 09:16:10.703 | DEBUG    | core:as_tensor:724 - Loaded cache for /proj_sw/user_dev/ctr-apbernal/tt-metal/model_cache/meta-llama/Llama-3.3-70B-Instruct/TG/tensor_cache_instruct_bfp8/layers.5.feed_forward.w2_shardedprefetcher_dtype_BFLOAT8_B_layout_TILE.tensorbin of shape Shape([1, 1, 3584, 2048])
2026-08-29 09:16:10.746 | DEBUG    | core:as_tensor:724 - Loaded cache for /proj_sw/user_dev/ctr-apbernal/tt-metal/model_cache/meta-llama/Llama-3.3-70B-Instruct/TG/tensor_cache_instruct_bfp8/layers.5.feed_forward.w3_shardedprefetcher_dtype_BFLOAT4_B_layout_TILE.tensorbin of shape Shape([1, 1, 2048, 3584])
2026-08-29 09:16:10.788 | DEBUG    | core:as_tensor:724 - Loaded cache for /proj_sw/user_dev/ctr-apbernal/tt-metal/model_cache/meta-llama/Llama-3.3-70B-Instruct/TG/tensor_cache_instruct_bfp8/layers.5.feed_forward.w1_interleavedprefetcher_dtype_BFLOAT4_B_layout_TILE.tensorbin of shape Shape([1, 1, 2048, 3584])
2026-08-29 09:16:10.836 | DEBUG    | core:as_tensor:724 - Loaded cache for /proj_sw/user_dev/ctr-apbernal/tt-metal/model_cache/meta-llama/Llama-3.3-70B-Instruct/TG/tensor_cache_instruct_bfp8/layers.5.feed_forward.w2_interleavedprefetcher_dtype_BFLOAT8_B_layout_TILE.tensorbin of shape Shape([1, 1, 3584, 2048])
2026-08-29 09:16:10.879 | DEBUG    | core:as_tensor:724 - Loaded cache for /proj_sw/user_dev/ctr-apbernal/tt-metal/model_cache/meta-llama/Llama-3.3-70B-Instruct/TG/tensor_cache_instruct_bfp8/layers.5.feed_forward.w3_interleavedprefetcher_dtype_BFLOAT4_B_layout_TILE.tensorbin of shape Shape([1, 1, 2048, 3584])
2026-08-29 09:16:10.880 | DEBUG    | core:as_tensor:724 - Loaded cache for /proj_sw/user_dev/ctr-apbernal/tt-metal/model_cache/meta-llama/Llama-3.3-70B-Instruct/TG/tensor_cache_instruct_bfp8/layers.5.attention_norm.weight_dtype_BFLOAT16_layout_ROW_MAJOR.tensorbin of shape Shape([1, 1, 256, 32])
2026-08-29 09:16:10.882 | DEBUG    | core:as_tensor:724 - Loaded cache for /proj_sw/user_dev/ctr-apbernal/tt-metal/model_cache/meta-llama/Llama-3.3-70B-Instruct/TG/tensor_cache_instruct_bfp8/layers.5.attention_norm.weight_distributed_dtype_BFLOAT16_layout_ROW_MAJOR.tensorbin of shape Shape([1, 1, 64, 32])
2026-08-29 09:16:10.884 | DEBUG    | core:as_tensor:724 - Loaded cache for /proj_sw/user_dev/ctr-apbernal/tt-metal/model_cache/meta-llama/Llama-3.3-70B-Instruct/TG/tensor_cache_instruct_bfp8/layers.5.ffn_norm.weight_dtype_BFLOAT16_layout_ROW_MAJOR.tensorbin of shape Shape([1, 1, 256, 32])
2026-08-29 09:16:10.886 | DEBUG    | core:as_tensor:724 - Loaded cache for /proj_sw/user_dev/ctr-apbernal/tt-metal/model_cache/meta-llama/Llama-3.3-70B-Instruct/TG/tensor_cache_instruct_bfp8/layers.5.ffn_norm.weight_distributed_dtype_BFLOAT16_layout_ROW_MAJOR.tensorbin of shape Shape([1, 1, 64, 32])
  8%|▊         | 6/80 [00:03<00:41,  1.77it/s]2026-08-29 09:16:10.962 | DEBUG    | core:as_tensor:724 - Loaded cache for /proj_sw/user_dev/ctr-apbernal/tt-metal/model_cache/meta-llama/Llama-3.3-70B-Instruct/TG/tensor_cache_instruct_bfp8/layers.6.attention.wqkv_sharded_2d_prefetcher_dtype_BFLOAT8_B_layout_TILE.tensorbin of shape Shape([1, 1, 2048, 1280])
2026-08-29 09:16:11.003 | DEBUG    | core:as_tensor:724 - Loaded cache for /proj_sw/user_dev/ctr-apbernal/tt-metal/model_cache/meta-llama/Llama-3.3-70B-Instruct/TG/tensor_cache_instruct_bfp8/layers.6.attention.wqkv_sharded_2d_dram_dtype_BFLOAT8_B_layout_TILE.tensorbin of shape Shape([1, 1, 2048, 1280])
2026-08-29 09:16:11.042 | DEBUG    | core:as_tensor:724 - Loaded cache for /proj_sw/user_dev/ctr-apbernal/tt-metal/model_cache/meta-llama/Llama-3.3-70B-Instruct/TG/tensor_cache_instruct_bfp8/layers.6.attention.wo_width_sharded_2d_prefetcher_dtype_BFLOAT8_B_layout_TILE.tensorbin of shape Shape([1, 1, 1024, 2048])
2026-08-29 09:16:11.084 | DEBUG    | core:as_tensor:724 - Loaded cache for /proj_sw/user_dev/ctr-apbernal/tt-metal/model_cache/meta-llama/Llama-3.3-70B-Instruct/TG/tensor_cache_instruct_bfp8/layers.6.attention.wo_width_sharded_2d_dram_dtype_BFLOAT8_B_layout_TILE.tensorbin of shape Shape([1, 1, 1024, 2048])
2026-08-29 09:16:11.131 | DEBUG    | core:as_tensor:724 - Loaded cache for /proj_sw/user_dev/ctr-apbernal/tt-metal/model_cache/meta-llama/Llama-3.3-70B-Instruct/TG/tensor_cache_instruct_bfp8/layers.6.attention.wo_col_sharded_dram_dtype_BFLOAT8_B_layout_TILE.tensorbin of shape Shape([1, 1, 8192, 2048])
2026-08-29 09:16:11.146 | DEBUG    | core:as_tensor:724 - Loaded cache for /proj_sw/user_dev/ctr-apbernal/tt-metal/model_cache/meta-llama/Llama-3.3-70B-Instruct/TG/tensor_cache_instruct_bfp8/kvcache_torch.Size([2048, 1, 64, 128])_dtype_BFLOAT8_B_layout_TILE.tensorbin of shape Shape([2048, 1, 64, 128])
2026-08-29 09:16:11.155 | DEBUG    | core:as_tensor:724 - Loaded cache for /proj_sw/user_dev/ctr-apbernal/tt-metal/model_cache/meta-llama/Llama-3.3-70B-Instruct/TG/tensor_cache_instruct_bfp8/kvcache_torch.Size([2048, 1, 64, 128])_dtype_BFLOAT8_B_layout_TILE.tensorbin of shape Shape([2048, 1, 64, 128])
2026-08-29 09:16:11.219 | DEBUG    | core:as_tensor:724 - Loaded cache for /proj_sw/user_dev/ctr-apbernal/tt-metal/model_cache/meta-llama/Llama-3.3-70B-Instruct/TG/tensor_cache_instruct_bfp8/layers.6.feed_forward.w1_shardedprefetcher_dtype_BFLOAT4_B_layout_TILE.tensorbin of shape Shape([1, 1, 2048, 3584])
2026-08-29 09:16:11.268 | DEBUG    | core:as_tensor:724 - Loaded cache for /proj_sw/user_dev/ctr-apbernal/tt-metal/model_cache/meta-llama/Llama-3.3-70B-Instruct/TG/tensor_cache_instruct_bfp8/layers.6.feed_forward.w2_shardedprefetcher_dtype_BFLOAT8_B_layout_TILE.tensorbin of shape Shape([1, 1, 3584, 2048])
2026-08-29 09:16:11.311 | DEBUG    | core:as_tensor:724 - Loaded cache for /proj_sw/user_dev/ctr-apbernal/tt-metal/model_cache/meta-llama/Llama-3.3-70B-Instruct/TG/tensor_cache_instruct_bfp8/layers.6.feed_forward.w3_shardedprefetcher_dtype_BFLOAT4_B_layout_TILE.tensorbin of shape Shape([1, 1, 2048, 3584])
2026-08-29 09:16:11.352 | DEBUG    | core:as_tensor:724 - Loaded cache for /proj_sw/user_dev/ctr-apbernal/tt-metal/model_cache/meta-llama/Llama-3.3-70B-Instruct/TG/tensor_cache_instruct_bfp8/layers.6.feed_forward.w1_interleavedprefetcher_dtype_BFLOAT4_B_layout_TILE.tensorbin of shape Shape([1, 1, 2048, 3584])
2026-08-29 09:16:11.399 | DEBUG    | core:as_tensor:724 - Loaded cache for /proj_sw/user_dev/ctr-apbernal/tt-metal/model_cache/meta-llama/Llama-3.3-70B-Instruct/TG/tensor_cache_instruct_bfp8/layers.6.feed_forward.w2_interleavedprefetcher_dtype_BFLOAT8_B_layout_TILE.tensorbin of shape Shape([1, 1, 3584, 2048])
2026-08-29 09:16:11.442 | DEBUG    | core:as_tensor:724 - Loaded cache for /proj_sw/user_dev/ctr-apbernal/tt-metal/model_cache/meta-llama/Llama-3.3-70B-Instruct/TG/tensor_cache_instruct_bfp8/layers.6.feed_forward.w3_interleavedprefetcher_dtype_BFLOAT4_B_layout_TILE.tensorbin of shape Shape([1, 1, 2048, 3584])
2026-08-29 09:16:11.447 | DEBUG    | core:as_tensor:724 - Loaded cache for /proj_sw/user_dev/ctr-apbernal/tt-metal/model_cache/meta-llama/Llama-3.3-70B-Instruct/TG/tensor_cache_instruct_bfp8/layers.6.attention_norm.weight_dtype_BFLOAT16_layout_ROW_MAJOR.tensorbin of shape Shape([1, 1, 256, 32])
2026-08-29 09:16:11.448 | DEBUG    | core:as_tensor:724 - Loaded cache for /proj_sw/user_dev/ctr-apbernal/tt-metal/model_cache/meta-llama/Llama-3.3-70B-Instruct/TG/tensor_cache_instruct_bfp8/layers.6.attention_norm.weight_distributed_dtype_BFLOAT16_layout_ROW_MAJOR.tensorbin of shape Shape([1, 1, 64, 32])
2026-08-29 09:16:11.450 | DEBUG    | core:as_tensor:724 - Loaded cache for /proj_sw/user_dev/ctr-apbernal/tt-metal/model_cache/meta-llama/Llama-3.3-70B-Instruct/TG/tensor_cache_instruct_bfp8/layers.6.ffn_norm.weight_dtype_BFLOAT16_layout_ROW_MAJOR.tensorbin of shape Shape([1, 1, 256, 32])
2026-08-29 09:16:11.452 | DEBUG    | core:as_tensor:724 - Loaded cache for /proj_sw/user_dev/ctr-apbernal/tt-metal/model_cache/meta-llama/Llama-3.3-70B-Instruct/TG/tensor_cache_instruct_bfp8/layers.6.ffn_norm.weight_distributed_dtype_BFLOAT16_layout_ROW_MAJOR.tensorbin of shape Shape([1, 1, 64, 32])
  9%|▉         | 7/80 [00:03<00:41,  1.77it/s]2026-08-29 09:16:11.533 | DEBUG    | core:as_tensor:724 - Loaded cache for /proj_sw/user_dev/ctr-apbernal/tt-metal/model_cache/meta-llama/Llama-3.3-70B-Instruct/TG/tensor_cache_instruct_bfp8/layers.7.attention.wqkv_sharded_2d_prefetcher_dtype_BFLOAT8_B_layout_TILE.tensorbin of shape Shape([1, 1, 2048, 1280])
2026-08-29 09:16:11.573 | DEBUG    | core:as_tensor:724 - Loaded cache for /proj_sw/user_dev/ctr-apbernal/tt-metal/model_cache/meta-llama/Llama-3.3-70B-Instruct/TG/tensor_cache_instruct_bfp8/layers.7.attention.wqkv_sharded_2d_dram_dtype_BFLOAT8_B_layout_TILE.tensorbin of shape Shape([1, 1, 2048, 1280])
2026-08-29 09:16:11.612 | DEBUG    | core:as_tensor:724 - Loaded cache for /proj_sw/user_dev/ctr-apbernal/tt-metal/model_cache/meta-llama/Llama-3.3-70B-Instruct/TG/tensor_cache_instruct_bfp8/layers.7.attention.wo_width_sharded_2d_prefetcher_dtype_BFLOAT8_B_layout_TILE.tensorbin of shape Shape([1, 1, 1024, 2048])
2026-08-29 09:16:11.653 | DEBUG    | core:as_tensor:724 - Loaded cache for /proj_sw/user_dev/ctr-apbernal/tt-metal/model_cache/meta-llama/Llama-3.3-70B-Instruct/TG/tensor_cache_instruct_bfp8/layers.7.attention.wo_width_sharded_2d_dram_dtype_BFLOAT8_B_layout_TILE.tensorbin of shape Shape([1, 1, 1024, 2048])
2026-08-29 09:16:11.700 | DEBUG    | core:as_tensor:724 - Loaded cache for /proj_sw/user_dev/ctr-apbernal/tt-metal/model_cache/meta-llama/Llama-3.3-70B-Instruct/TG/tensor_cache_instruct_bfp8/layers.7.attention.wo_col_sharded_dram_dtype_BFLOAT8_B_layout_TILE.tensorbin of shape Shape([1, 1, 8192, 2048])
2026-08-29 09:16:11.715 | DEBUG    | core:as_tensor:724 - Loaded cache for /proj_sw/user_dev/ctr-apbernal/tt-metal/model_cache/meta-llama/Llama-3.3-70B-Instruct/TG/tensor_cache_instruct_bfp8/kvcache_torch.Size([2048, 1, 64, 128])_dtype_BFLOAT8_B_layout_TILE.tensorbin of shape Shape([2048, 1, 64, 128])
2026-08-29 09:16:11.723 | DEBUG    | core:as_tensor:724 - Loaded cache for /proj_sw/user_dev/ctr-apbernal/tt-metal/model_cache/meta-llama/Llama-3.3-70B-Instruct/TG/tensor_cache_instruct_bfp8/kvcache_torch.Size([2048, 1, 64, 128])_dtype_BFLOAT8_B_layout_TILE.tensorbin of shape Shape([2048, 1, 64, 128])
2026-08-29 09:16:11.784 | DEBUG    | core:as_tensor:724 - Loaded cache for /proj_sw/user_dev/ctr-apbernal/tt-metal/model_cache/meta-llama/Llama-3.3-70B-Instruct/TG/tensor_cache_instruct_bfp8/layers.7.feed_forward.w1_shardedprefetcher_dtype_BFLOAT4_B_layout_TILE.tensorbin of shape Shape([1, 1, 2048, 3584])
2026-08-29 09:16:11.832 | DEBUG    | core:as_tensor:724 - Loaded cache for /proj_sw/user_dev/ctr-apbernal/tt-metal/model_cache/meta-llama/Llama-3.3-70B-Instruct/TG/tensor_cache_instruct_bfp8/layers.7.feed_forward.w2_shardedprefetcher_dtype_BFLOAT8_B_layout_TILE.tensorbin of shape Shape([1, 1, 3584, 2048])
2026-08-29 09:16:11.876 | DEBUG    | core:as_tensor:724 - Loaded cache for /proj_sw/user_dev/ctr-apbernal/tt-metal/model_cache/meta-llama/Llama-3.3-70B-Instruct/TG/tensor_cache_instruct_bfp8/layers.7.feed_forward.w3_shardedprefetcher_dtype_BFLOAT4_B_layout_TILE.tensorbin of shape Shape([1, 1, 2048, 3584])
2026-08-29 09:16:11.919 | DEBUG    | core:as_tensor:724 - Loaded cache for /proj_sw/user_dev/ctr-apbernal/tt-metal/model_cache/meta-llama/Llama-3.3-70B-Instruct/TG/tensor_cache_instruct_bfp8/layers.7.feed_forward.w1_interleavedprefetcher_dtype_BFLOAT4_B_layout_TILE.tensorbin of shape Shape([1, 1, 2048, 3584])
2026-08-29 09:16:11.967 | DEBUG    | core:as_tensor:724 - Loaded cache for /proj_sw/user_dev/ctr-apbernal/tt-metal/model_cache/meta-llama/Llama-3.3-70B-Instruct/TG/tensor_cache_instruct_bfp8/layers.7.feed_forward.w2_interleavedprefetcher_dtype_BFLOAT8_B_layout_TILE.tensorbin of shape Shape([1, 1, 3584, 2048])
2026-08-29 09:16:12.009 | DEBUG    | core:as_tensor:724 - Loaded cache for /proj_sw/user_dev/ctr-apbernal/tt-metal/model_cache/meta-llama/Llama-3.3-70B-Instruct/TG/tensor_cache_instruct_bfp8/layers.7.feed_forward.w3_interleavedprefetcher_dtype_BFLOAT4_B_layout_TILE.tensorbin of shape Shape([1, 1, 2048, 3584])
2026-08-29 09:16:12.011 | DEBUG    | core:as_tensor:724 - Loaded cache for /proj_sw/user_dev/ctr-apbernal/tt-metal/model_cache/meta-llama/Llama-3.3-70B-Instruct/TG/tensor_cache_instruct_bfp8/layers.7.attention_norm.weight_dtype_BFLOAT16_layout_ROW_MAJOR.tensorbin of shape Shape([1, 1, 256, 32])
2026-08-29 09:16:12.013 | DEBUG    | core:as_tensor:724 - Loaded cache for /proj_sw/user_dev/ctr-apbernal/tt-metal/model_cache/meta-llama/Llama-3.3-70B-Instruct/TG/tensor_cache_instruct_bfp8/layers.7.attention_norm.weight_distributed_dtype_BFLOAT16_layout_ROW_MAJOR.tensorbin of shape Shape([1, 1, 64, 32])
2026-08-29 09:16:12.015 | DEBUG    | core:as_tensor:724 - Loaded cache for /proj_sw/user_dev/ctr-apbernal/tt-metal/model_cache/meta-llama/Llama-3.3-70B-Instruct/TG/tensor_cache_instruct_bfp8/layers.7.ffn_norm.weight_dtype_BFLOAT16_layout_ROW_MAJOR.tensorbin of shape Shape([1, 1, 256, 32])
2026-08-29 09:16:12.016 | DEBUG    | core:as_tensor:724 - Loaded cache for /proj_sw/user_dev/ctr-apbernal/tt-metal/model_cache/meta-llama/Llama-3.3-70B-Instruct/TG/tensor_cache_instruct_bfp8/layers.7.ffn_norm.weight_distributed_dtype_BFLOAT16_layout_ROW_MAJOR.tensorbin of shape Shape([1, 1, 64, 32])
 10%|█         | 8/80 [00:04<00:40,  1.77it/s]2026-08-29 09:16:12.097 | DEBUG    | core:as_tensor:724 - Loaded cache for /proj_sw/user_dev/ctr-apbernal/tt-metal/model_cache/meta-llama/Llama-3.3-70B-Instruct/TG/tensor_cache_instruct_bfp8/layers.8.attention.wqkv_sharded_2d_prefetcher_dtype_BFLOAT8_B_layout_TILE.tensorbin of shape Shape([1, 1, 2048, 1280])
2026-08-29 09:16:12.137 | DEBUG    | core:as_tensor:724 - Loaded cache for /proj_sw/user_dev/ctr-apbernal/tt-metal/model_cache/meta-llama/Llama-3.3-70B-Instruct/TG/tensor_cache_instruct_bfp8/layers.8.attention.wqkv_sharded_2d_dram_dtype_BFLOAT8_B_layout_TILE.tensorbin of shape Shape([1, 1, 2048, 1280])
2026-08-29 09:16:12.177 | DEBUG    | core:as_tensor:724 - Loaded cache for /proj_sw/user_dev/ctr-apbernal/tt-metal/model_cache/meta-llama/Llama-3.3-70B-Instruct/TG/tensor_cache_instruct_bfp8/layers.8.attention.wo_width_sharded_2d_prefetcher_dtype_BFLOAT8_B_layout_TILE.tensorbin of shape Shape([1, 1, 1024, 2048])
2026-08-29 09:16:12.215 | DEBUG    | core:as_tensor:724 - Loaded cache for /proj_sw/user_dev/ctr-apbernal/tt-metal/model_cache/meta-llama/Llama-3.3-70B-Instruct/TG/tensor_cache_instruct_bfp8/layers.8.attention.wo_width_sharded_2d_dram_dtype_BFLOAT8_B_layout_TILE.tensorbin of shape Shape([1, 1, 1024, 2048])
2026-08-29 09:16:12.264 | DEBUG    | core:as_tensor:724 - Loaded cache for /proj_sw/user_dev/ctr-apbernal/tt-metal/model_cache/meta-llama/Llama-3.3-70B-Instruct/TG/tensor_cache_instruct_bfp8/layers.8.attention.wo_col_sharded_dram_dtype_BFLOAT8_B_layout_TILE.tensorbin of shape Shape([1, 1, 8192, 2048])
2026-08-29 09:16:12.278 | DEBUG    | core:as_tensor:724 - Loaded cache for /proj_sw/user_dev/ctr-apbernal/tt-metal/model_cache/meta-llama/Llama-3.3-70B-Instruct/TG/tensor_cache_instruct_bfp8/kvcache_torch.Size([2048, 1, 64, 128])_dtype_BFLOAT8_B_layout_TILE.tensorbin of shape Shape([2048, 1, 64, 128])
2026-08-29 09:16:12.286 | DEBUG    | core:as_tensor:724 - Loaded cache for /proj_sw/user_dev/ctr-apbernal/tt-metal/model_cache/meta-llama/Llama-3.3-70B-Instruct/TG/tensor_cache_instruct_bfp8/kvcache_torch.Size([2048, 1, 64, 128])_dtype_BFLOAT8_B_layout_TILE.tensorbin of shape Shape([2048, 1, 64, 128])
2026-08-29 09:16:12.349 | DEBUG    | core:as_tensor:724 - Loaded cache for /proj_sw/user_dev/ctr-apbernal/tt-metal/model_cache/meta-llama/Llama-3.3-70B-Instruct/TG/tensor_cache_instruct_bfp8/layers.8.feed_forward.w1_shardedprefetcher_dtype_BFLOAT4_B_layout_TILE.tensorbin of shape Shape([1, 1, 2048, 3584])
2026-08-29 09:16:12.398 | DEBUG    | core:as_tensor:724 - Loaded cache for /proj_sw/user_dev/ctr-apbernal/tt-metal/model_cache/meta-llama/Llama-3.3-70B-Instruct/TG/tensor_cache_instruct_bfp8/layers.8.feed_forward.w2_shardedprefetcher_dtype_BFLOAT8_B_layout_TILE.tensorbin of shape Shape([1, 1, 3584, 2048])
2026-08-29 09:16:12.442 | DEBUG    | core:as_tensor:724 - Loaded cache for /proj_sw/user_dev/ctr-apbernal/tt-metal/model_cache/meta-llama/Llama-3.3-70B-Instruct/TG/tensor_cache_instruct_bfp8/layers.8.feed_forward.w3_shardedprefetcher_dtype_BFLOAT4_B_layout_TILE.tensorbin of shape Shape([1, 1, 2048, 3584])
2026-08-29 09:16:12.485 | DEBUG    | core:as_tensor:724 - Loaded cache for /proj_sw/user_dev/ctr-apbernal/tt-metal/model_cache/meta-llama/Llama-3.3-70B-Instruct/TG/tensor_cache_instruct_bfp8/layers.8.feed_forward.w1_interleavedprefetcher_dtype_BFLOAT4_B_layout_TILE.tensorbin of shape Shape([1, 1, 2048, 3584])
2026-08-29 09:16:12.532 | DEBUG    | core:as_tensor:724 - Loaded cache for /proj_sw/user_dev/ctr-apbernal/tt-metal/model_cache/meta-llama/Llama-3.3-70B-Instruct/TG/tensor_cache_instruct_bfp8/layers.8.feed_forward.w2_interleavedprefetcher_dtype_BFLOAT8_B_layout_TILE.tensorbin of shape Shape([1, 1, 3584, 2048])
2026-08-29 09:16:12.574 | DEBUG    | core:as_tensor:724 - Loaded cache for /proj_sw/user_dev/ctr-apbernal/tt-metal/model_cache/meta-llama/Llama-3.3-70B-Instruct/TG/tensor_cache_instruct_bfp8/layers.8.feed_forward.w3_interleavedprefetcher_dtype_BFLOAT4_B_layout_TILE.tensorbin of shape Shape([1, 1, 2048, 3584])
2026-08-29 09:16:12.576 | DEBUG    | core:as_tensor:724 - Loaded cache for /proj_sw/user_dev/ctr-apbernal/tt-metal/model_cache/meta-llama/Llama-3.3-70B-Instruct/TG/tensor_cache_instruct_bfp8/layers.8.attention_norm.weight_dtype_BFLOAT16_layout_ROW_MAJOR.tensorbin of shape Shape([1, 1, 256, 32])
2026-08-29 09:16:12.578 | DEBUG    | core:as_tensor:724 - Loaded cache for /proj_sw/user_dev/ctr-apbernal/tt-metal/model_cache/meta-llama/Llama-3.3-70B-Instruct/TG/tensor_cache_instruct_bfp8/layers.8.attention_norm.weight_distributed_dtype_BFLOAT16_layout_ROW_MAJOR.tensorbin of shape Shape([1, 1, 64, 32])
2026-08-29 09:16:12.581 | DEBUG    | core:as_tensor:724 - Loaded cache for /proj_sw/user_dev/ctr-apbernal/tt-metal/model_cache/meta-llama/Llama-3.3-70B-Instruct/TG/tensor_cache_instruct_bfp8/layers.8.ffn_norm.weight_dtype_BFLOAT16_layout_ROW_MAJOR.tensorbin of shape Shape([1, 1, 256, 32])
2026-08-29 09:16:12.582 | DEBUG    | core:as_tensor:724 - Loaded cache for /proj_sw/user_dev/ctr-apbernal/tt-metal/model_cache/meta-llama/Llama-3.3-70B-Instruct/TG/tensor_cache_instruct_bfp8/layers.8.ffn_norm.weight_distributed_dtype_BFLOAT16_layout_ROW_MAJOR.tensorbin of shape Shape([1, 1, 64, 32])
 11%|█▏        | 9/80 [00:05<00:40,  1.77it/s]2026-08-29 09:16:12.670 | DEBUG    | core:as_tensor:724 - Loaded cache for /proj_sw/user_dev/ctr-apbernal/tt-metal/model_cache/meta-llama/Llama-3.3-70B-Instruct/TG/tensor_cache_instruct_bfp8/layers.9.attention.wqkv_sharded_2d_prefetcher_dtype_BFLOAT8_B_layout_TILE.tensorbin of shape Shape([1, 1, 2048, 1280])
2026-08-29 09:16:12.711 | DEBUG    | core:as_tensor:724 - Loaded cache for /proj_sw/user_dev/ctr-apbernal/tt-metal/model_cache/meta-llama/Llama-3.3-70B-Instruct/TG/tensor_cache_instruct_bfp8/layers.9.attention.wqkv_sharded_2d_dram_dtype_BFLOAT8_B_layout_TILE.tensorbin of shape Shape([1, 1, 2048, 1280])
2026-08-29 09:16:12.750 | DEBUG    | core:as_tensor:724 - Loaded cache for /proj_sw/user_dev/ctr-apbernal/tt-metal/model_cache/meta-llama/Llama-3.3-70B-Instruct/TG/tensor_cache_instruct_bfp8/layers.9.attention.wo_width_sharded_2d_prefetcher_dtype_BFLOAT8_B_layout_TILE.tensorbin of shape Shape([1, 1, 1024, 2048])
2026-08-29 09:16:12.789 | DEBUG    | core:as_tensor:724 - Loaded cache for /proj_sw/user_dev/ctr-apbernal/tt-metal/model_cache/meta-llama/Llama-3.3-70B-Instruct/TG/tensor_cache_instruct_bfp8/layers.9.attention.wo_width_sharded_2d_dram_dtype_BFLOAT8_B_layout_TILE.tensorbin of shape Shape([1, 1, 1024, 2048])
2026-08-29 09:16:12.835 | DEBUG    | core:as_tensor:724 - Loaded cache for /proj_sw/user_dev/ctr-apbernal/tt-metal/model_cache/meta-llama/Llama-3.3-70B-Instruct/TG/tensor_cache_instruct_bfp8/layers.9.attention.wo_col_sharded_dram_dtype_BFLOAT8_B_layout_TILE.tensorbin of shape Shape([1, 1, 8192, 2048])
2026-08-29 09:16:12.851 | DEBUG    | core:as_tensor:724 - Loaded cache for /proj_sw/user_dev/ctr-apbernal/tt-metal/model_cache/meta-llama/Llama-3.3-70B-Instruct/TG/tensor_cache_instruct_bfp8/kvcache_torch.Size([2048, 1, 64, 128])_dtype_BFLOAT8_B_layout_TILE.tensorbin of shape Shape([2048, 1, 64, 128])
2026-08-29 09:16:12.859 | DEBUG    | core:as_tensor:724 - Loaded cache for /proj_sw/user_dev/ctr-apbernal/tt-metal/model_cache/meta-llama/Llama-3.3-70B-Instruct/TG/tensor_cache_instruct_bfp8/kvcache_torch.Size([2048, 1, 64, 128])_dtype_BFLOAT8_B_layout_TILE.tensorbin of shape Shape([2048, 1, 64, 128])
2026-08-29 09:16:12.923 | DEBUG    | core:as_tensor:724 - Loaded cache for /proj_sw/user_dev/ctr-apbernal/tt-metal/model_cache/meta-llama/Llama-3.3-70B-Instruct/TG/tensor_cache_instruct_bfp8/layers.9.feed_forward.w1_shardedprefetcher_dtype_BFLOAT4_B_layout_TILE.tensorbin of shape Shape([1, 1, 2048, 3584])
2026-08-29 09:16:12.971 | DEBUG    | core:as_tensor:724 - Loaded cache for /proj_sw/user_dev/ctr-apbernal/tt-metal/model_cache/meta-llama/Llama-3.3-70B-Instruct/TG/tensor_cache_instruct_bfp8/layers.9.feed_forward.w2_shardedprefetcher_dtype_BFLOAT8_B_layout_TILE.tensorbin of shape Shape([1, 1, 3584, 2048])
2026-08-29 09:16:13.014 | DEBUG    | core:as_tensor:724 - Loaded cache for /proj_sw/user_dev/ctr-apbernal/tt-metal/model_cache/meta-llama/Llama-3.3-70B-Instruct/TG/tensor_cache_instruct_bfp8/layers.9.feed_forward.w3_shardedprefetcher_dtype_BFLOAT4_B_layout_TILE.tensorbin of shape Shape([1, 1, 2048, 3584])
2026-08-29 09:16:13.056 | DEBUG    | core:as_tensor:724 - Loaded cache for /proj_sw/user_dev/ctr-apbernal/tt-metal/model_cache/meta-llama/Llama-3.3-70B-Instruct/TG/tensor_cache_instruct_bfp8/layers.9.feed_forward.w1_interleavedprefetcher_dtype_BFLOAT4_B_layout_TILE.tensorbin of shape Shape([1, 1, 2048, 3584])
2026-08-29 09:16:13.110 | DEBUG    | core:as_tensor:724 - Loaded cache for /proj_sw/user_dev/ctr-apbernal/tt-metal/model_cache/meta-llama/Llama-3.3-70B-Instruct/TG/tensor_cache_instruct_bfp8/layers.9.feed_forward.w2_interleavedprefetcher_dtype_BFLOAT8_B_layout_TILE.tensorbin of shape Shape([1, 1, 3584, 2048])
2026-08-29 09:16:13.153 | DEBUG    | core:as_tensor:724 - Loaded cache for /proj_sw/user_dev/ctr-apbernal/tt-metal/model_cache/meta-llama/Llama-3.3-70B-Instruct/TG/tensor_cache_instruct_bfp8/layers.9.feed_forward.w3_interleavedprefetcher_dtype_BFLOAT4_B_layout_TILE.tensorbin of shape Shape([1, 1, 2048, 3584])
2026-08-29 09:16:13.155 | DEBUG    | core:as_tensor:724 - Loaded cache for /proj_sw/user_dev/ctr-apbernal/tt-metal/model_cache/meta-llama/Llama-3.3-70B-Instruct/TG/tensor_cache_instruct_bfp8/layers.9.attention_norm.weight_dtype_BFLOAT16_layout_ROW_MAJOR.tensorbin of shape Shape([1, 1, 256, 32])
2026-08-29 09:16:13.157 | DEBUG    | core:as_tensor:724 - Loaded cache for /proj_sw/user_dev/ctr-apbernal/tt-metal/model_cache/meta-llama/Llama-3.3-70B-Instruct/TG/tensor_cache_instruct_bfp8/layers.9.attention_norm.weight_distributed_dtype_BFLOAT16_layout_ROW_MAJOR.tensorbin of shape Shape([1, 1, 64, 32])
2026-08-29 09:16:13.159 | DEBUG    | core:as_tensor:724 - Loaded cache for /proj_sw/user_dev/ctr-apbernal/tt-metal/model_cache/meta-llama/Llama-3.3-70B-Instruct/TG/tensor_cache_instruct_bfp8/layers.9.ffn_norm.weight_dtype_BFLOAT16_layout_ROW_MAJOR.tensorbin of shape Shape([1, 1, 256, 32])
2026-08-29 09:16:13.160 | DEBUG    | core:as_tensor:724 - Loaded cache for /proj_sw/user_dev/ctr-apbernal/tt-metal/model_cache/meta-llama/Llama-3.3-70B-Instruct/TG/tensor_cache_instruct_bfp8/layers.9.ffn_norm.weight_distributed_dtype_BFLOAT16_layout_ROW_MAJOR.tensorbin of shape Shape([1, 1, 64, 32])
 12%|█▎        | 10/80 [00:05<00:39,  1.76it/s]2026-08-29 09:16:13.243 | DEBUG    | core:as_tensor:724 - Loaded cache for /proj_sw/user_dev/ctr-apbernal/tt-metal/model_cache/meta-llama/Llama-3.3-70B-Instruct/TG/tensor_cache_instruct_bfp8/layers.10.attention.wqkv_sharded_2d_prefetcher_dtype_BFLOAT8_B_layout_TILE.tensorbin of shape Shape([1, 1, 2048, 1280])
2026-08-29 09:16:13.283 | DEBUG    | core:as_tensor:724 - Loaded cache for /proj_sw/user_dev/ctr-apbernal/tt-metal/model_cache/meta-llama/Llama-3.3-70B-Instruct/TG/tensor_cache_instruct_bfp8/layers.10.attention.wqkv_sharded_2d_dram_dtype_BFLOAT8_B_layout_TILE.tensorbin of shape Shape([1, 1, 2048, 1280])
2026-08-29 09:16:13.322 | DEBUG    | core:as_tensor:724 - Loaded cache for /proj_sw/user_dev/ctr-apbernal/tt-metal/model_cache/meta-llama/Llama-3.3-70B-Instruct/TG/tensor_cache_instruct_bfp8/layers.10.attention.wo_width_sharded_2d_prefetcher_dtype_BFLOAT8_B_layout_TILE.tensorbin of shape Shape([1, 1, 1024, 2048])
2026-08-29 09:16:13.361 | DEBUG    | core:as_tensor:724 - Loaded cache for /proj_sw/user_dev/ctr-apbernal/tt-metal/model_cache/meta-llama/Llama-3.3-70B-Instruct/TG/tensor_cache_instruct_bfp8/layers.10.attention.wo_width_sharded_2d_dram_dtype_BFLOAT8_B_layout_TILE.tensorbin of shape Shape([1, 1, 1024, 2048])
2026-08-29 09:16:13.408 | DEBUG    | core:as_tensor:724 - Loaded cache for /proj_sw/user_dev/ctr-apbernal/tt-metal/model_cache/meta-llama/Llama-3.3-70B-Instruct/TG/tensor_cache_instruct_bfp8/layers.10.attention.wo_col_sharded_dram_dtype_BFLOAT8_B_layout_TILE.tensorbin of shape Shape([1, 1, 8192, 2048])
2026-08-29 09:16:13.425 | DEBUG    | core:as_tensor:724 - Loaded cache for /proj_sw/user_dev/ctr-apbernal/tt-metal/model_cache/meta-llama/Llama-3.3-70B-Instruct/TG/tensor_cache_instruct_bfp8/kvcache_torch.Size([2048, 1, 64, 128])_dtype_BFLOAT8_B_layout_TILE.tensorbin of shape Shape([2048, 1, 64, 128])
2026-08-29 09:16:13.432 | DEBUG    | core:as_tensor:724 - Loaded cache for /proj_sw/user_dev/ctr-apbernal/tt-metal/model_cache/meta-llama/Llama-3.3-70B-Instruct/TG/tensor_cache_instruct_bfp8/kvcache_torch.Size([2048, 1, 64, 128])_dtype_BFLOAT8_B_layout_TILE.tensorbin of shape Shape([2048, 1, 64, 128])
2026-08-29 09:16:13.496 | DEBUG    | core:as_tensor:724 - Loaded cache for /proj_sw/user_dev/ctr-apbernal/tt-metal/model_cache/meta-llama/Llama-3.3-70B-Instruct/TG/tensor_cache_instruct_bfp8/layers.10.feed_forward.w1_shardedprefetcher_dtype_BFLOAT4_B_layout_TILE.tensorbin of shape Shape([1, 1, 2048, 3584])
2026-08-29 09:16:13.544 | DEBUG    | core:as_tensor:724 - Loaded cache for /proj_sw/user_dev/ctr-apbernal/tt-metal/model_cache/meta-llama/Llama-3.3-70B-Instruct/TG/tensor_cache_instruct_bfp8/layers.10.feed_forward.w2_shardedprefetcher_dtype_BFLOAT8_B_layout_TILE.tensorbin of shape Shape([1, 1, 3584, 2048])
2026-08-29 09:16:13.588 | DEBUG    | core:as_tensor:724 - Loaded cache for /proj_sw/user_dev/ctr-apbernal/tt-metal/model_cache/meta-llama/Llama-3.3-70B-Instruct/TG/tensor_cache_instruct_bfp8/layers.10.feed_forward.w3_shardedprefetcher_dtype_BFLOAT4_B_layout_TILE.tensorbin of shape Shape([1, 1, 2048, 3584])
2026-08-29 09:16:13.630 | DEBUG    | core:as_tensor:724 - Loaded cache for /proj_sw/user_dev/ctr-apbernal/tt-metal/model_cache/meta-llama/Llama-3.3-70B-Instruct/TG/tensor_cache_instruct_bfp8/layers.10.feed_forward.w1_interleavedprefetcher_dtype_BFLOAT4_B_layout_TILE.tensorbin of shape Shape([1, 1, 2048, 3584])
2026-08-29 09:16:13.680 | DEBUG    | core:as_tensor:724 - Loaded cache for /proj_sw/user_dev/ctr-apbernal/tt-metal/model_cache/meta-llama/Llama-3.3-70B-Instruct/TG/tensor_cache_instruct_bfp8/layers.10.feed_forward.w2_interleavedprefetcher_dtype_BFLOAT8_B_layout_TILE.tensorbin of shape Shape([1, 1, 3584, 2048])
2026-08-29 09:16:13.723 | DEBUG    | core:as_tensor:724 - Loaded cache for /proj_sw/user_dev/ctr-apbernal/tt-metal/model_cache/meta-llama/Llama-3.3-70B-Instruct/TG/tensor_cache_instruct_bfp8/layers.10.feed_forward.w3_interleavedprefetcher_dtype_BFLOAT4_B_layout_TILE.tensorbin of shape Shape([1, 1, 2048, 3584])
2026-08-29 09:16:13.725 | DEBUG    | core:as_tensor:724 - Loaded cache for /proj_sw/user_dev/ctr-apbernal/tt-metal/model_cache/meta-llama/Llama-3.3-70B-Instruct/TG/tensor_cache_instruct_bfp8/layers.10.attention_norm.weight_dtype_BFLOAT16_layout_ROW_MAJOR.tensorbin of shape Shape([1, 1, 256, 32])
2026-08-29 09:16:13.727 | DEBUG    | core:as_tensor:724 - Loaded cache for /proj_sw/user_dev/ctr-apbernal/tt-metal/model_cache/meta-llama/Llama-3.3-70B-Instruct/TG/tensor_cache_instruct_bfp8/layers.10.attention_norm.weight_distributed_dtype_BFLOAT16_layout_ROW_MAJOR.tensorbin of shape Shape([1, 1, 64, 32])
2026-08-29 09:16:13.729 | DEBUG    | core:as_tensor:724 - Loaded cache for /proj_sw/user_dev/ctr-apbernal/tt-metal/model_cache/meta-llama/Llama-3.3-70B-Instruct/TG/tensor_cache_instruct_bfp8/layers.10.ffn_norm.weight_dtype_BFLOAT16_layout_ROW_MAJOR.tensorbin of shape Shape([1, 1, 256, 32])
2026-08-29 09:16:13.731 | DEBUG    | core:as_tensor:724 - Loaded cache for /proj_sw/user_dev/ctr-apbernal/tt-metal/model_cache/meta-llama/Llama-3.3-70B-Instruct/TG/tensor_cache_instruct_bfp8/layers.10.ffn_norm.weight_distributed_dtype_BFLOAT16_layout_ROW_MAJOR.tensorbin of shape Shape([1, 1, 64, 32])
 14%|█▍        | 11/80 [00:06<00:39,  1.76it/s]2026-08-29 09:16:13.817 | DEBUG    | core:as_tensor:724 - Loaded cache for /proj_sw/user_dev/ctr-apbernal/tt-metal/model_cache/meta-llama/Llama-3.3-70B-Instruct/TG/tensor_cache_instruct_bfp8/layers.11.attention.wqkv_sharded_2d_prefetcher_dtype_BFLOAT8_B_layout_TILE.tensorbin of shape Shape([1, 1, 2048, 1280])
2026-08-29 09:16:13.857 | DEBUG    | core:as_tensor:724 - Loaded cache for /proj_sw/user_dev/ctr-apbernal/tt-metal/model_cache/meta-llama/Llama-3.3-70B-Instruct/TG/tensor_cache_instruct_bfp8/layers.11.attention.wqkv_sharded_2d_dram_dtype_BFLOAT8_B_layout_TILE.tensorbin of shape Shape([1, 1, 2048, 1280])
2026-08-29 09:16:13.896 | DEBUG    | core:as_tensor:724 - Loaded cache for /proj_sw/user_dev/ctr-apbernal/tt-metal/model_cache/meta-llama/Llama-3.3-70B-Instruct/TG/tensor_cache_instruct_bfp8/layers.11.attention.wo_width_sharded_2d_prefetcher_dtype_BFLOAT8_B_layout_TILE.tensorbin of shape Shape([1, 1, 1024, 2048])
2026-08-29 09:16:13.934 | DEBUG    | core:as_tensor:724 - Loaded cache for /proj_sw/user_dev/ctr-apbernal/tt-metal/model_cache/meta-llama/Llama-3.3-70B-Instruct/TG/tensor_cache_instruct_bfp8/layers.11.attention.wo_width_sharded_2d_dram_dtype_BFLOAT8_B_layout_TILE.tensorbin of shape Shape([1, 1, 1024, 2048])
2026-08-29 09:16:13.981 | DEBUG    | core:as_tensor:724 - Loaded cache for /proj_sw/user_dev/ctr-apbernal/tt-metal/model_cache/meta-llama/Llama-3.3-70B-Instruct/TG/tensor_cache_instruct_bfp8/layers.11.attention.wo_col_sharded_dram_dtype_BFLOAT8_B_layout_TILE.tensorbin of shape Shape([1, 1, 8192, 2048])
2026-08-29 09:16:13.996 | DEBUG    | core:as_tensor:724 - Loaded cache for /proj_sw/user_dev/ctr-apbernal/tt-metal/model_cache/meta-llama/Llama-3.3-70B-Instruct/TG/tensor_cache_instruct_bfp8/kvcache_torch.Size([2048, 1, 64, 128])_dtype_BFLOAT8_B_layout_TILE.tensorbin of shape Shape([2048, 1, 64, 128])
2026-08-29 09:16:14.007 | DEBUG    | core:as_tensor:724 - Loaded cache for /proj_sw/user_dev/ctr-apbernal/tt-metal/model_cache/meta-llama/Llama-3.3-70B-Instruct/TG/tensor_cache_instruct_bfp8/kvcache_torch.Size([2048, 1, 64, 128])_dtype_BFLOAT8_B_layout_TILE.tensorbin of shape Shape([2048, 1, 64, 128])
2026-08-29 09:16:14.071 | DEBUG    | core:as_tensor:724 - Loaded cache for /proj_sw/user_dev/ctr-apbernal/tt-metal/model_cache/meta-llama/Llama-3.3-70B-Instruct/TG/tensor_cache_instruct_bfp8/layers.11.feed_forward.w1_shardedprefetcher_dtype_BFLOAT4_B_layout_TILE.tensorbin of shape Shape([1, 1, 2048, 3584])
2026-08-29 09:16:14.121 | DEBUG    | core:as_tensor:724 - Loaded cache for /proj_sw/user_dev/ctr-apbernal/tt-metal/model_cache/meta-llama/Llama-3.3-70B-Instruct/TG/tensor_cache_instruct_bfp8/layers.11.feed_forward.w2_shardedprefetcher_dtype_BFLOAT8_B_layout_TILE.tensorbin of shape Shape([1, 1, 3584, 2048])
2026-08-29 09:16:14.164 | DEBUG    | core:as_tensor:724 - Loaded cache for /proj_sw/user_dev/ctr-apbernal/tt-metal/model_cache/meta-llama/Llama-3.3-70B-Instruct/TG/tensor_cache_instruct_bfp8/layers.11.feed_forward.w3_shardedprefetcher_dtype_BFLOAT4_B_layout_TILE.tensorbin of shape Shape([1, 1, 2048, 3584])
2026-08-29 09:16:14.206 | DEBUG    | core:as_tensor:724 - Loaded cache for /proj_sw/user_dev/ctr-apbernal/tt-metal/model_cache/meta-llama/Llama-3.3-70B-Instruct/TG/tensor_cache_instruct_bfp8/layers.11.feed_forward.w1_interleavedprefetcher_dtype_BFLOAT4_B_layout_TILE.tensorbin of shape Shape([1, 1, 2048, 3584])
2026-08-29 09:16:14.254 | DEBUG    | core:as_tensor:724 - Loaded cache for /proj_sw/user_dev/ctr-apbernal/tt-metal/model_cache/meta-llama/Llama-3.3-70B-Instruct/TG/tensor_cache_instruct_bfp8/layers.11.feed_forward.w2_interleavedprefetcher_dtype_BFLOAT8_B_layout_TILE.tensorbin of shape Shape([1, 1, 3584, 2048])
2026-08-29 09:16:14.298 | DEBUG    | core:as_tensor:724 - Loaded cache for /proj_sw/user_dev/ctr-apbernal/tt-metal/model_cache/meta-llama/Llama-3.3-70B-Instruct/TG/tensor_cache_instruct_bfp8/layers.11.feed_forward.w3_interleavedprefetcher_dtype_BFLOAT4_B_layout_TILE.tensorbin of shape Shape([1, 1, 2048, 3584])
2026-08-29 09:16:14.300 | DEBUG    | core:as_tensor:724 - Loaded cache for /proj_sw/user_dev/ctr-apbernal/tt-metal/model_cache/meta-llama/Llama-3.3-70B-Instruct/TG/tensor_cache_instruct_bfp8/layers.11.attention_norm.weight_dtype_BFLOAT16_layout_ROW_MAJOR.tensorbin of shape Shape([1, 1, 256, 32])
2026-08-29 09:16:14.302 | DEBUG    | core:as_tensor:724 - Loaded cache for /proj_sw/user_dev/ctr-apbernal/tt-metal/model_cache/meta-llama/Llama-3.3-70B-Instruct/TG/tensor_cache_instruct_bfp8/layers.11.attention_norm.weight_distributed_dtype_BFLOAT16_layout_ROW_MAJOR.tensorbin of shape Shape([1, 1, 64, 32])
2026-08-29 09:16:14.303 | DEBUG    | core:as_tensor:724 - Loaded cache for /proj_sw/user_dev/ctr-apbernal/tt-metal/model_cache/meta-llama/Llama-3.3-70B-Instruct/TG/tensor_cache_instruct_bfp8/layers.11.ffn_norm.weight_dtype_BFLOAT16_layout_ROW_MAJOR.tensorbin of shape Shape([1, 1, 256, 32])
2026-08-29 09:16:14.305 | DEBUG    | core:as_tensor:724 - Loaded cache for /proj_sw/user_dev/ctr-apbernal/tt-metal/model_cache/meta-llama/Llama-3.3-70B-Instruct/TG/tensor_cache_instruct_bfp8/layers.11.ffn_norm.weight_distributed_dtype_BFLOAT16_layout_ROW_MAJOR.tensorbin of shape Shape([1, 1, 64, 32])
 15%|█▌        | 12/80 [00:06<00:38,  1.75it/s]2026-08-29 09:16:14.386 | DEBUG    | core:as_tensor:724 - Loaded cache for /proj_sw/user_dev/ctr-apbernal/tt-metal/model_cache/meta-llama/Llama-3.3-70B-Instruct/TG/tensor_cache_instruct_bfp8/layers.12.attention.wqkv_sharded_2d_prefetcher_dtype_BFLOAT8_B_layout_TILE.tensorbin of shape Shape([1, 1, 2048, 1280])
2026-08-29 09:16:14.426 | DEBUG    | core:as_tensor:724 - Loaded cache for /proj_sw/user_dev/ctr-apbernal/tt-metal/model_cache/meta-llama/Llama-3.3-70B-Instruct/TG/tensor_cache_instruct_bfp8/layers.12.attention.wqkv_sharded_2d_dram_dtype_BFLOAT8_B_layout_TILE.tensorbin of shape Shape([1, 1, 2048, 1280])
2026-08-29 09:16:14.466 | DEBUG    | core:as_tensor:724 - Loaded cache for /proj_sw/user_dev/ctr-apbernal/tt-metal/model_cache/meta-llama/Llama-3.3-70B-Instruct/TG/tensor_cache_instruct_bfp8/layers.12.attention.wo_width_sharded_2d_prefetcher_dtype_BFLOAT8_B_layout_TILE.tensorbin of shape Shape([1, 1, 1024, 2048])
2026-08-29 09:16:14.504 | DEBUG    | core:as_tensor:724 - Loaded cache for /proj_sw/user_dev/ctr-apbernal/tt-metal/model_cache/meta-llama/Llama-3.3-70B-Instruct/TG/tensor_cache_instruct_bfp8/layers.12.attention.wo_width_sharded_2d_dram_dtype_BFLOAT8_B_layout_TILE.tensorbin of shape Shape([1, 1, 1024, 2048])
2026-08-29 09:16:14.551 | DEBUG    | core:as_tensor:724 - Loaded cache for /proj_sw/user_dev/ctr-apbernal/tt-metal/model_cache/meta-llama/Llama-3.3-70B-Instruct/TG/tensor_cache_instruct_bfp8/layers.12.attention.wo_col_sharded_dram_dtype_BFLOAT8_B_layout_TILE.tensorbin of shape Shape([1, 1, 8192, 2048])
2026-08-29 09:16:14.566 | DEBUG    | core:as_tensor:724 - Loaded cache for /proj_sw/user_dev/ctr-apbernal/tt-metal/model_cache/meta-llama/Llama-3.3-70B-Instruct/TG/tensor_cache_instruct_bfp8/kvcache_torch.Size([2048, 1, 64, 128])_dtype_BFLOAT8_B_layout_TILE.tensorbin of shape Shape([2048, 1, 64, 128])
2026-08-29 09:16:14.575 | DEBUG    | core:as_tensor:724 - Loaded cache for /proj_sw/user_dev/ctr-apbernal/tt-metal/model_cache/meta-llama/Llama-3.3-70B-Instruct/TG/tensor_cache_instruct_bfp8/kvcache_torch.Size([2048, 1, 64, 128])_dtype_BFLOAT8_B_layout_TILE.tensorbin of shape Shape([2048, 1, 64, 128])
2026-08-29 09:16:14.639 | DEBUG    | core:as_tensor:724 - Loaded cache for /proj_sw/user_dev/ctr-apbernal/tt-metal/model_cache/meta-llama/Llama-3.3-70B-Instruct/TG/tensor_cache_instruct_bfp8/layers.12.feed_forward.w1_shardedprefetcher_dtype_BFLOAT4_B_layout_TILE.tensorbin of shape Shape([1, 1, 2048, 3584])
2026-08-29 09:16:14.691 | DEBUG    | core:as_tensor:724 - Loaded cache for /proj_sw/user_dev/ctr-apbernal/tt-metal/model_cache/meta-llama/Llama-3.3-70B-Instruct/TG/tensor_cache_instruct_bfp8/layers.12.feed_forward.w2_shardedprefetcher_dtype_BFLOAT8_B_layout_TILE.tensorbin of shape Shape([1, 1, 3584, 2048])
2026-08-29 09:16:14.733 | DEBUG    | core:as_tensor:724 - Loaded cache for /proj_sw/user_dev/ctr-apbernal/tt-metal/model_cache/meta-llama/Llama-3.3-70B-Instruct/TG/tensor_cache_instruct_bfp8/layers.12.feed_forward.w3_shardedprefetcher_dtype_BFLOAT4_B_layout_TILE.tensorbin of shape Shape([1, 1, 2048, 3584])
2026-08-29 09:16:14.775 | DEBUG    | core:as_tensor:724 - Loaded cache for /proj_sw/user_dev/ctr-apbernal/tt-metal/model_cache/meta-llama/Llama-3.3-70B-Instruct/TG/tensor_cache_instruct_bfp8/layers.12.feed_forward.w1_interleavedprefetcher_dtype_BFLOAT4_B_layout_TILE.tensorbin of shape Shape([1, 1, 2048, 3584])
2026-08-29 09:16:14.823 | DEBUG    | core:as_tensor:724 - Loaded cache for /proj_sw/user_dev/ctr-apbernal/tt-metal/model_cache/meta-llama/Llama-3.3-70B-Instruct/TG/tensor_cache_instruct_bfp8/layers.12.feed_forward.w2_interleavedprefetcher_dtype_BFLOAT8_B_layout_TILE.tensorbin of shape Shape([1, 1, 3584, 2048])
2026-08-29 09:16:14.865 | DEBUG    | core:as_tensor:724 - Loaded cache for /proj_sw/user_dev/ctr-apbernal/tt-metal/model_cache/meta-llama/Llama-3.3-70B-Instruct/TG/tensor_cache_instruct_bfp8/layers.12.feed_forward.w3_interleavedprefetcher_dtype_BFLOAT4_B_layout_TILE.tensorbin of shape Shape([1, 1, 2048, 3584])
2026-08-29 09:16:14.867 | DEBUG    | core:as_tensor:724 - Loaded cache for /proj_sw/user_dev/ctr-apbernal/tt-metal/model_cache/meta-llama/Llama-3.3-70B-Instruct/TG/tensor_cache_instruct_bfp8/layers.12.attention_norm.weight_dtype_BFLOAT16_layout_ROW_MAJOR.tensorbin of shape Shape([1, 1, 256, 32])
2026-08-29 09:16:14.869 | DEBUG    | core:as_tensor:724 - Loaded cache for /proj_sw/user_dev/ctr-apbernal/tt-metal/model_cache/meta-llama/Llama-3.3-70B-Instruct/TG/tensor_cache_instruct_bfp8/layers.12.attention_norm.weight_distributed_dtype_BFLOAT16_layout_ROW_MAJOR.tensorbin of shape Shape([1, 1, 64, 32])
2026-08-29 09:16:14.872 | DEBUG    | core:as_tensor:724 - Loaded cache for /proj_sw/user_dev/ctr-apbernal/tt-metal/model_cache/meta-llama/Llama-3.3-70B-Instruct/TG/tensor_cache_instruct_bfp8/layers.12.ffn_norm.weight_dtype_BFLOAT16_layout_ROW_MAJOR.tensorbin of shape Shape([1, 1, 256, 32])
2026-08-29 09:16:14.873 | DEBUG    | core:as_tensor:724 - Loaded cache for /proj_sw/user_dev/ctr-apbernal/tt-metal/model_cache/meta-llama/Llama-3.3-70B-Instruct/TG/tensor_cache_instruct_bfp8/layers.12.ffn_norm.weight_distributed_dtype_BFLOAT16_layout_ROW_MAJOR.tensorbin of shape Shape([1, 1, 64, 32])
 16%|█▋        | 13/80 [00:07<00:38,  1.75it/s]2026-08-29 09:16:14.954 | DEBUG    | core:as_tensor:724 - Loaded cache for /proj_sw/user_dev/ctr-apbernal/tt-metal/model_cache/meta-llama/Llama-3.3-70B-Instruct/TG/tensor_cache_instruct_bfp8/layers.13.attention.wqkv_sharded_2d_prefetcher_dtype_BFLOAT8_B_layout_TILE.tensorbin of shape Shape([1, 1, 2048, 1280])
2026-08-29 09:16:14.994 | DEBUG    | core:as_tensor:724 - Loaded cache for /proj_sw/user_dev/ctr-apbernal/tt-metal/model_cache/meta-llama/Llama-3.3-70B-Instruct/TG/tensor_cache_instruct_bfp8/layers.13.attention.wqkv_sharded_2d_dram_dtype_BFLOAT8_B_layout_TILE.tensorbin of shape Shape([1, 1, 2048, 1280])
2026-08-29 09:16:15.035 | DEBUG    | core:as_tensor:724 - Loaded cache for /proj_sw/user_dev/ctr-apbernal/tt-metal/model_cache/meta-llama/Llama-3.3-70B-Instruct/TG/tensor_cache_instruct_bfp8/layers.13.attention.wo_width_sharded_2d_prefetcher_dtype_BFLOAT8_B_layout_TILE.tensorbin of shape Shape([1, 1, 1024, 2048])
2026-08-29 09:16:15.074 | DEBUG    | core:as_tensor:724 - Loaded cache for /proj_sw/user_dev/ctr-apbernal/tt-metal/model_cache/meta-llama/Llama-3.3-70B-Instruct/TG/tensor_cache_instruct_bfp8/layers.13.attention.wo_width_sharded_2d_dram_dtype_BFLOAT8_B_layout_TILE.tensorbin of shape Shape([1, 1, 1024, 2048])
2026-08-29 09:16:15.129 | DEBUG    | core:as_tensor:724 - Loaded cache for /proj_sw/user_dev/ctr-apbernal/tt-metal/model_cache/meta-llama/Llama-3.3-70B-Instruct/TG/tensor_cache_instruct_bfp8/layers.13.attention.wo_col_sharded_dram_dtype_BFLOAT8_B_layout_TILE.tensorbin of shape Shape([1, 1, 8192, 2048])
2026-08-29 09:16:15.144 | DEBUG    | core:as_tensor:724 - Loaded cache for /proj_sw/user_dev/ctr-apbernal/tt-metal/model_cache/meta-llama/Llama-3.3-70B-Instruct/TG/tensor_cache_instruct_bfp8/kvcache_torch.Size([2048, 1, 64, 128])_dtype_BFLOAT8_B_layout_TILE.tensorbin of shape Shape([2048, 1, 64, 128])
2026-08-29 09:16:15.153 | DEBUG    | core:as_tensor:724 - Loaded cache for /proj_sw/user_dev/ctr-apbernal/tt-metal/model_cache/meta-llama/Llama-3.3-70B-Instruct/TG/tensor_cache_instruct_bfp8/kvcache_torch.Size([2048, 1, 64, 128])_dtype_BFLOAT8_B_layout_TILE.tensorbin of shape Shape([2048, 1, 64, 128])
2026-08-29 09:16:15.215 | DEBUG    | core:as_tensor:724 - Loaded cache for /proj_sw/user_dev/ctr-apbernal/tt-metal/model_cache/meta-llama/Llama-3.3-70B-Instruct/TG/tensor_cache_instruct_bfp8/layers.13.feed_forward.w1_shardedprefetcher_dtype_BFLOAT4_B_layout_TILE.tensorbin of shape Shape([1, 1, 2048, 3584])
2026-08-29 09:16:15.263 | DEBUG    | core:as_tensor:724 - Loaded cache for /proj_sw/user_dev/ctr-apbernal/tt-metal/model_cache/meta-llama/Llama-3.3-70B-Instruct/TG/tensor_cache_instruct_bfp8/layers.13.feed_forward.w2_shardedprefetcher_dtype_BFLOAT8_B_layout_TILE.tensorbin of shape Shape([1, 1, 3584, 2048])
2026-08-29 09:16:15.305 | DEBUG    | core:as_tensor:724 - Loaded cache for /proj_sw/user_dev/ctr-apbernal/tt-metal/model_cache/meta-llama/Llama-3.3-70B-Instruct/TG/tensor_cache_instruct_bfp8/layers.13.feed_forward.w3_shardedprefetcher_dtype_BFLOAT4_B_layout_TILE.tensorbin of shape Shape([1, 1, 2048, 3584])
2026-08-29 09:16:15.347 | DEBUG    | core:as_tensor:724 - Loaded cache for /proj_sw/user_dev/ctr-apbernal/tt-metal/model_cache/meta-llama/Llama-3.3-70B-Instruct/TG/tensor_cache_instruct_bfp8/layers.13.feed_forward.w1_interleavedprefetcher_dtype_BFLOAT4_B_layout_TILE.tensorbin of shape Shape([1, 1, 2048, 3584])
2026-08-29 09:16:15.394 | DEBUG    | core:as_tensor:724 - Loaded cache for /proj_sw/user_dev/ctr-apbernal/tt-metal/model_cache/meta-llama/Llama-3.3-70B-Instruct/TG/tensor_cache_instruct_bfp8/layers.13.feed_forward.w2_interleavedprefetcher_dtype_BFLOAT8_B_layout_TILE.tensorbin of shape Shape([1, 1, 3584, 2048])
2026-08-29 09:16:15.437 | DEBUG    | core:as_tensor:724 - Loaded cache for /proj_sw/user_dev/ctr-apbernal/tt-metal/model_cache/meta-llama/Llama-3.3-70B-Instruct/TG/tensor_cache_instruct_bfp8/layers.13.feed_forward.w3_interleavedprefetcher_dtype_BFLOAT4_B_layout_TILE.tensorbin of shape Shape([1, 1, 2048, 3584])
2026-08-29 09:16:15.439 | DEBUG    | core:as_tensor:724 - Loaded cache for /proj_sw/user_dev/ctr-apbernal/tt-metal/model_cache/meta-llama/Llama-3.3-70B-Instruct/TG/tensor_cache_instruct_bfp8/layers.13.attention_norm.weight_dtype_BFLOAT16_layout_ROW_MAJOR.tensorbin of shape Shape([1, 1, 256, 32])
2026-08-29 09:16:15.440 | DEBUG    | core:as_tensor:724 - Loaded cache for /proj_sw/user_dev/ctr-apbernal/tt-metal/model_cache/meta-llama/Llama-3.3-70B-Instruct/TG/tensor_cache_instruct_bfp8/layers.13.attention_norm.weight_distributed_dtype_BFLOAT16_layout_ROW_MAJOR.tensorbin of shape Shape([1, 1, 64, 32])
2026-08-29 09:16:15.442 | DEBUG    | core:as_tensor:724 - Loaded cache for /proj_sw/user_dev/ctr-apbernal/tt-metal/model_cache/meta-llama/Llama-3.3-70B-Instruct/TG/tensor_cache_instruct_bfp8/layers.13.ffn_norm.weight_dtype_BFLOAT16_layout_ROW_MAJOR.tensorbin of shape Shape([1, 1, 256, 32])
2026-08-29 09:16:15.443 | DEBUG    | core:as_tensor:724 - Loaded cache for /proj_sw/user_dev/ctr-apbernal/tt-metal/model_cache/meta-llama/Llama-3.3-70B-Instruct/TG/tensor_cache_instruct_bfp8/layers.13.ffn_norm.weight_distributed_dtype_BFLOAT16_layout_ROW_MAJOR.tensorbin of shape Shape([1, 1, 64, 32])
 18%|█▊        | 14/80 [00:07<00:37,  1.75it/s]2026-08-29 09:16:15.525 | DEBUG    | core:as_tensor:724 - Loaded cache for /proj_sw/user_dev/ctr-apbernal/tt-metal/model_cache/meta-llama/Llama-3.3-70B-Instruct/TG/tensor_cache_instruct_bfp8/layers.14.attention.wqkv_sharded_2d_prefetcher_dtype_BFLOAT8_B_layout_TILE.tensorbin of shape Shape([1, 1, 2048, 1280])
2026-08-29 09:16:15.565 | DEBUG    | core:as_tensor:724 - Loaded cache for /proj_sw/user_dev/ctr-apbernal/tt-metal/model_cache/meta-llama/Llama-3.3-70B-Instruct/TG/tensor_cache_instruct_bfp8/layers.14.attention.wqkv_sharded_2d_dram_dtype_BFLOAT8_B_layout_TILE.tensorbin of shape Shape([1, 1, 2048, 1280])
2026-08-29 09:16:15.604 | DEBUG    | core:as_tensor:724 - Loaded cache for /proj_sw/user_dev/ctr-apbernal/tt-metal/model_cache/meta-llama/Llama-3.3-70B-Instruct/TG/tensor_cache_instruct_bfp8/layers.14.attention.wo_width_sharded_2d_prefetcher_dtype_BFLOAT8_B_layout_TILE.tensorbin of shape Shape([1, 1, 1024, 2048])
2026-08-29 09:16:15.643 | DEBUG    | core:as_tensor:724 - Loaded cache for /proj_sw/user_dev/ctr-apbernal/tt-metal/model_cache/meta-llama/Llama-3.3-70B-Instruct/TG/tensor_cache_instruct_bfp8/layers.14.attention.wo_width_sharded_2d_dram_dtype_BFLOAT8_B_layout_TILE.tensorbin of shape Shape([1, 1, 1024, 2048])
2026-08-29 09:16:15.692 | DEBUG    | core:as_tensor:724 - Loaded cache for /proj_sw/user_dev/ctr-apbernal/tt-metal/model_cache/meta-llama/Llama-3.3-70B-Instruct/TG/tensor_cache_instruct_bfp8/layers.14.attention.wo_col_sharded_dram_dtype_BFLOAT8_B_layout_TILE.tensorbin of shape Shape([1, 1, 8192, 2048])
2026-08-29 09:16:15.706 | DEBUG    | core:as_tensor:724 - Loaded cache for /proj_sw/user_dev/ctr-apbernal/tt-metal/model_cache/meta-llama/Llama-3.3-70B-Instruct/TG/tensor_cache_instruct_bfp8/kvcache_torch.Size([2048, 1, 64, 128])_dtype_BFLOAT8_B_layout_TILE.tensorbin of shape Shape([2048, 1, 64, 128])
2026-08-29 09:16:15.715 | DEBUG    | core:as_tensor:724 - Loaded cache for /proj_sw/user_dev/ctr-apbernal/tt-metal/model_cache/meta-llama/Llama-3.3-70B-Instruct/TG/tensor_cache_instruct_bfp8/kvcache_torch.Size([2048, 1, 64, 128])_dtype_BFLOAT8_B_layout_TILE.tensorbin of shape Shape([2048, 1, 64, 128])
2026-08-29 09:16:15.779 | DEBUG    | core:as_tensor:724 - Loaded cache for /proj_sw/user_dev/ctr-apbernal/tt-metal/model_cache/meta-llama/Llama-3.3-70B-Instruct/TG/tensor_cache_instruct_bfp8/layers.14.feed_forward.w1_shardedprefetcher_dtype_BFLOAT4_B_layout_TILE.tensorbin of shape Shape([1, 1, 2048, 3584])
2026-08-29 09:16:15.828 | DEBUG    | core:as_tensor:724 - Loaded cache for /proj_sw/user_dev/ctr-apbernal/tt-metal/model_cache/meta-llama/Llama-3.3-70B-Instruct/TG/tensor_cache_instruct_bfp8/layers.14.feed_forward.w2_shardedprefetcher_dtype_BFLOAT8_B_layout_TILE.tensorbin of shape Shape([1, 1, 3584, 2048])
2026-08-29 09:16:15.871 | DEBUG    | core:as_tensor:724 - Loaded cache for /proj_sw/user_dev/ctr-apbernal/tt-metal/model_cache/meta-llama/Llama-3.3-70B-Instruct/TG/tensor_cache_instruct_bfp8/layers.14.feed_forward.w3_shardedprefetcher_dtype_BFLOAT4_B_layout_TILE.tensorbin of shape Shape([1, 1, 2048, 3584])
2026-08-29 09:16:15.913 | DEBUG    | core:as_tensor:724 - Loaded cache for /proj_sw/user_dev/ctr-apbernal/tt-metal/model_cache/meta-llama/Llama-3.3-70B-Instruct/TG/tensor_cache_instruct_bfp8/layers.14.feed_forward.w1_interleavedprefetcher_dtype_BFLOAT4_B_layout_TILE.tensorbin of shape Shape([1, 1, 2048, 3584])
2026-08-29 09:16:15.960 | DEBUG    | core:as_tensor:724 - Loaded cache for /proj_sw/user_dev/ctr-apbernal/tt-metal/model_cache/meta-llama/Llama-3.3-70B-Instruct/TG/tensor_cache_instruct_bfp8/layers.14.feed_forward.w2_interleavedprefetcher_dtype_BFLOAT8_B_layout_TILE.tensorbin of shape Shape([1, 1, 3584, 2048])
2026-08-29 09:16:16.002 | DEBUG    | core:as_tensor:724 - Loaded cache for /proj_sw/user_dev/ctr-apbernal/tt-metal/model_cache/meta-llama/Llama-3.3-70B-Instruct/TG/tensor_cache_instruct_bfp8/layers.14.feed_forward.w3_interleavedprefetcher_dtype_BFLOAT4_B_layout_TILE.tensorbin of shape Shape([1, 1, 2048, 3584])
2026-08-29 09:16:16.004 | DEBUG    | core:as_tensor:724 - Loaded cache for /proj_sw/user_dev/ctr-apbernal/tt-metal/model_cache/meta-llama/Llama-3.3-70B-Instruct/TG/tensor_cache_instruct_bfp8/layers.14.attention_norm.weight_dtype_BFLOAT16_layout_ROW_MAJOR.tensorbin of shape Shape([1, 1, 256, 32])
2026-08-29 09:16:16.006 | DEBUG    | core:as_tensor:724 - Loaded cache for /proj_sw/user_dev/ctr-apbernal/tt-metal/model_cache/meta-llama/Llama-3.3-70B-Instruct/TG/tensor_cache_instruct_bfp8/layers.14.attention_norm.weight_distributed_dtype_BFLOAT16_layout_ROW_MAJOR.tensorbin of shape Shape([1, 1, 64, 32])
2026-08-29 09:16:16.008 | DEBUG    | core:as_tensor:724 - Loaded cache for /proj_sw/user_dev/ctr-apbernal/tt-metal/model_cache/meta-llama/Llama-3.3-70B-Instruct/TG/tensor_cache_instruct_bfp8/layers.14.ffn_norm.weight_dtype_BFLOAT16_layout_ROW_MAJOR.tensorbin of shape Shape([1, 1, 256, 32])
2026-08-29 09:16:16.009 | DEBUG    | core:as_tensor:724 - Loaded cache for /proj_sw/user_dev/ctr-apbernal/tt-metal/model_cache/meta-llama/Llama-3.3-70B-Instruct/TG/tensor_cache_instruct_bfp8/layers.14.ffn_norm.weight_distributed_dtype_BFLOAT16_layout_ROW_MAJOR.tensorbin of shape Shape([1, 1, 64, 32])
 19%|█▉        | 15/80 [00:08<00:36,  1.76it/s]2026-08-29 09:16:16.089 | DEBUG    | core:as_tensor:724 - Loaded cache for /proj_sw/user_dev/ctr-apbernal/tt-metal/model_cache/meta-llama/Llama-3.3-70B-Instruct/TG/tensor_cache_instruct_bfp8/layers.15.attention.wqkv_sharded_2d_prefetcher_dtype_BFLOAT8_B_layout_TILE.tensorbin of shape Shape([1, 1, 2048, 1280])
2026-08-29 09:16:16.130 | DEBUG    | core:as_tensor:724 - Loaded cache for /proj_sw/user_dev/ctr-apbernal/tt-metal/model_cache/meta-llama/Llama-3.3-70B-Instruct/TG/tensor_cache_instruct_bfp8/layers.15.attention.wqkv_sharded_2d_dram_dtype_BFLOAT8_B_layout_TILE.tensorbin of shape Shape([1, 1, 2048, 1280])
2026-08-29 09:16:16.169 | DEBUG    | core:as_tensor:724 - Loaded cache for /proj_sw/user_dev/ctr-apbernal/tt-metal/model_cache/meta-llama/Llama-3.3-70B-Instruct/TG/tensor_cache_instruct_bfp8/layers.15.attention.wo_width_sharded_2d_prefetcher_dtype_BFLOAT8_B_layout_TILE.tensorbin of shape Shape([1, 1, 1024, 2048])
2026-08-29 09:16:16.208 | DEBUG    | core:as_tensor:724 - Loaded cache for /proj_sw/user_dev/ctr-apbernal/tt-metal/model_cache/meta-llama/Llama-3.3-70B-Instruct/TG/tensor_cache_instruct_bfp8/layers.15.attention.wo_width_sharded_2d_dram_dtype_BFLOAT8_B_layout_TILE.tensorbin of shape Shape([1, 1, 1024, 2048])
2026-08-29 09:16:16.254 | DEBUG    | core:as_tensor:724 - Loaded cache for /proj_sw/user_dev/ctr-apbernal/tt-metal/model_cache/meta-llama/Llama-3.3-70B-Instruct/TG/tensor_cache_instruct_bfp8/layers.15.attention.wo_col_sharded_dram_dtype_BFLOAT8_B_layout_TILE.tensorbin of shape Shape([1, 1, 8192, 2048])
2026-08-29 09:16:16.269 | DEBUG    | core:as_tensor:724 - Loaded cache for /proj_sw/user_dev/ctr-apbernal/tt-metal/model_cache/meta-llama/Llama-3.3-70B-Instruct/TG/tensor_cache_instruct_bfp8/kvcache_torch.Size([2048, 1, 64, 128])_dtype_BFLOAT8_B_layout_TILE.tensorbin of shape Shape([2048, 1, 64, 128])
2026-08-29 09:16:16.277 | DEBUG    | core:as_tensor:724 - Loaded cache for /proj_sw/user_dev/ctr-apbernal/tt-metal/model_cache/meta-llama/Llama-3.3-70B-Instruct/TG/tensor_cache_instruct_bfp8/kvcache_torch.Size([2048, 1, 64, 128])_dtype_BFLOAT8_B_layout_TILE.tensorbin of shape Shape([2048, 1, 64, 128])
2026-08-29 09:16:16.338 | DEBUG    | core:as_tensor:724 - Loaded cache for /proj_sw/user_dev/ctr-apbernal/tt-metal/model_cache/meta-llama/Llama-3.3-70B-Instruct/TG/tensor_cache_instruct_bfp8/layers.15.feed_forward.w1_shardedprefetcher_dtype_BFLOAT4_B_layout_TILE.tensorbin of shape Shape([1, 1, 2048, 3584])
2026-08-29 09:16:16.386 | DEBUG    | core:as_tensor:724 - Loaded cache for /proj_sw/user_dev/ctr-apbernal/tt-metal/model_cache/meta-llama/Llama-3.3-70B-Instruct/TG/tensor_cache_instruct_bfp8/layers.15.feed_forward.w2_shardedprefetcher_dtype_BFLOAT8_B_layout_TILE.tensorbin of shape Shape([1, 1, 3584, 2048])
2026-08-29 09:16:16.430 | DEBUG    | core:as_tensor:724 - Loaded cache for /proj_sw/user_dev/ctr-apbernal/tt-metal/model_cache/meta-llama/Llama-3.3-70B-Instruct/TG/tensor_cache_instruct_bfp8/layers.15.feed_forward.w3_shardedprefetcher_dtype_BFLOAT4_B_layout_TILE.tensorbin of shape Shape([1, 1, 2048, 3584])
2026-08-29 09:16:16.473 | DEBUG    | core:as_tensor:724 - Loaded cache for /proj_sw/user_dev/ctr-apbernal/tt-metal/model_cache/meta-llama/Llama-3.3-70B-Instruct/TG/tensor_cache_instruct_bfp8/layers.15.feed_forward.w1_interleavedprefetcher_dtype_BFLOAT4_B_layout_TILE.tensorbin of shape Shape([1, 1, 2048, 3584])
2026-08-29 09:16:16.519 | DEBUG    | core:as_tensor:724 - Loaded cache for /proj_sw/user_dev/ctr-apbernal/tt-metal/model_cache/meta-llama/Llama-3.3-70B-Instruct/TG/tensor_cache_instruct_bfp8/layers.15.feed_forward.w2_interleavedprefetcher_dtype_BFLOAT8_B_layout_TILE.tensorbin of shape Shape([1, 1, 3584, 2048])
2026-08-29 09:16:16.562 | DEBUG    | core:as_tensor:724 - Loaded cache for /proj_sw/user_dev/ctr-apbernal/tt-metal/model_cache/meta-llama/Llama-3.3-70B-Instruct/TG/tensor_cache_instruct_bfp8/layers.15.feed_forward.w3_interleavedprefetcher_dtype_BFLOAT4_B_layout_TILE.tensorbin of shape Shape([1, 1, 2048, 3584])
2026-08-29 09:16:16.565 | DEBUG    | core:as_tensor:724 - Loaded cache for /proj_sw/user_dev/ctr-apbernal/tt-metal/model_cache/meta-llama/Llama-3.3-70B-Instruct/TG/tensor_cache_instruct_bfp8/layers.15.attention_norm.weight_dtype_BFLOAT16_layout_ROW_MAJOR.tensorbin of shape Shape([1, 1, 256, 32])
2026-08-29 09:16:16.566 | DEBUG    | core:as_tensor:724 - Loaded cache for /proj_sw/user_dev/ctr-apbernal/tt-metal/model_cache/meta-llama/Llama-3.3-70B-Instruct/TG/tensor_cache_instruct_bfp8/layers.15.attention_norm.weight_distributed_dtype_BFLOAT16_layout_ROW_MAJOR.tensorbin of shape Shape([1, 1, 64, 32])
2026-08-29 09:16:16.568 | DEBUG    | core:as_tensor:724 - Loaded cache for /proj_sw/user_dev/ctr-apbernal/tt-metal/model_cache/meta-llama/Llama-3.3-70B-Instruct/TG/tensor_cache_instruct_bfp8/layers.15.ffn_norm.weight_dtype_BFLOAT16_layout_ROW_MAJOR.tensorbin of shape Shape([1, 1, 256, 32])
2026-08-29 09:16:16.570 | DEBUG    | core:as_tensor:724 - Loaded cache for /proj_sw/user_dev/ctr-apbernal/tt-metal/model_cache/meta-llama/Llama-3.3-70B-Instruct/TG/tensor_cache_instruct_bfp8/layers.15.ffn_norm.weight_distributed_dtype_BFLOAT16_layout_ROW_MAJOR.tensorbin of shape Shape([1, 1, 64, 32])
 20%|██        | 16/80 [00:09<00:36,  1.77it/s]2026-08-29 09:16:16.652 | DEBUG    | core:as_tensor:724 - Loaded cache for /proj_sw/user_dev/ctr-apbernal/tt-metal/model_cache/meta-llama/Llama-3.3-70B-Instruct/TG/tensor_cache_instruct_bfp8/layers.16.attention.wqkv_sharded_2d_prefetcher_dtype_BFLOAT8_B_layout_TILE.tensorbin of shape Shape([1, 1, 2048, 1280])
2026-08-29 09:16:16.695 | DEBUG    | core:as_tensor:724 - Loaded cache for /proj_sw/user_dev/ctr-apbernal/tt-metal/model_cache/meta-llama/Llama-3.3-70B-Instruct/TG/tensor_cache_instruct_bfp8/layers.16.attention.wqkv_sharded_2d_dram_dtype_BFLOAT8_B_layout_TILE.tensorbin of shape Shape([1, 1, 2048, 1280])
2026-08-29 09:16:16.734 | DEBUG    | core:as_tensor:724 - Loaded cache for /proj_sw/user_dev/ctr-apbernal/tt-metal/model_cache/meta-llama/Llama-3.3-70B-Instruct/TG/tensor_cache_instruct_bfp8/layers.16.attention.wo_width_sharded_2d_prefetcher_dtype_BFLOAT8_B_layout_TILE.tensorbin of shape Shape([1, 1, 1024, 2048])
2026-08-29 09:16:16.773 | DEBUG    | core:as_tensor:724 - Loaded cache for /proj_sw/user_dev/ctr-apbernal/tt-metal/model_cache/meta-llama/Llama-3.3-70B-Instruct/TG/tensor_cache_instruct_bfp8/layers.16.attention.wo_width_sharded_2d_dram_dtype_BFLOAT8_B_layout_TILE.tensorbin of shape Shape([1, 1, 1024, 2048])
2026-08-29 09:16:16.819 | DEBUG    | core:as_tensor:724 - Loaded cache for /proj_sw/user_dev/ctr-apbernal/tt-metal/model_cache/meta-llama/Llama-3.3-70B-Instruct/TG/tensor_cache_instruct_bfp8/layers.16.attention.wo_col_sharded_dram_dtype_BFLOAT8_B_layout_TILE.tensorbin of shape Shape([1, 1, 8192, 2048])
2026-08-29 09:16:16.834 | DEBUG    | core:as_tensor:724 - Loaded cache for /proj_sw/user_dev/ctr-apbernal/tt-metal/model_cache/meta-llama/Llama-3.3-70B-Instruct/TG/tensor_cache_instruct_bfp8/kvcache_torch.Size([2048, 1, 64, 128])_dtype_BFLOAT8_B_layout_TILE.tensorbin of shape Shape([2048, 1, 64, 128])
2026-08-29 09:16:16.843 | DEBUG    | core:as_tensor:724 - Loaded cache for /proj_sw/user_dev/ctr-apbernal/tt-metal/model_cache/meta-llama/Llama-3.3-70B-Instruct/TG/tensor_cache_instruct_bfp8/kvcache_torch.Size([2048, 1, 64, 128])_dtype_BFLOAT8_B_layout_TILE.tensorbin of shape Shape([2048, 1, 64, 128])
2026-08-29 09:16:16.905 | DEBUG    | core:as_tensor:724 - Loaded cache for /proj_sw/user_dev/ctr-apbernal/tt-metal/model_cache/meta-llama/Llama-3.3-70B-Instruct/TG/tensor_cache_instruct_bfp8/layers.16.feed_forward.w1_shardedprefetcher_dtype_BFLOAT4_B_layout_TILE.tensorbin of shape Shape([1, 1, 2048, 3584])
2026-08-29 09:16:16.954 | DEBUG    | core:as_tensor:724 - Loaded cache for /proj_sw/user_dev/ctr-apbernal/tt-metal/model_cache/meta-llama/Llama-3.3-70B-Instruct/TG/tensor_cache_instruct_bfp8/layers.16.feed_forward.w2_shardedprefetcher_dtype_BFLOAT8_B_layout_TILE.tensorbin of shape Shape([1, 1, 3584, 2048])
2026-08-29 09:16:16.997 | DEBUG    | core:as_tensor:724 - Loaded cache for /proj_sw/user_dev/ctr-apbernal/tt-metal/model_cache/meta-llama/Llama-3.3-70B-Instruct/TG/tensor_cache_instruct_bfp8/layers.16.feed_forward.w3_shardedprefetcher_dtype_BFLOAT4_B_layout_TILE.tensorbin of shape Shape([1, 1, 2048, 3584])
2026-08-29 09:16:17.038 | DEBUG    | core:as_tensor:724 - Loaded cache for /proj_sw/user_dev/ctr-apbernal/tt-metal/model_cache/meta-llama/Llama-3.3-70B-Instruct/TG/tensor_cache_instruct_bfp8/layers.16.feed_forward.w1_interleavedprefetcher_dtype_BFLOAT4_B_layout_TILE.tensorbin of shape Shape([1, 1, 2048, 3584])
2026-08-29 09:16:17.087 | DEBUG    | core:as_tensor:724 - Loaded cache for /proj_sw/user_dev/ctr-apbernal/tt-metal/model_cache/meta-llama/Llama-3.3-70B-Instruct/TG/tensor_cache_instruct_bfp8/layers.16.feed_forward.w2_interleavedprefetcher_dtype_BFLOAT8_B_layout_TILE.tensorbin of shape Shape([1, 1, 3584, 2048])
2026-08-29 09:16:17.129 | DEBUG    | core:as_tensor:724 - Loaded cache for /proj_sw/user_dev/ctr-apbernal/tt-metal/model_cache/meta-llama/Llama-3.3-70B-Instruct/TG/tensor_cache_instruct_bfp8/layers.16.feed_forward.w3_interleavedprefetcher_dtype_BFLOAT4_B_layout_TILE.tensorbin of shape Shape([1, 1, 2048, 3584])
2026-08-29 09:16:17.133 | DEBUG    | core:as_tensor:724 - Loaded cache for /proj_sw/user_dev/ctr-apbernal/tt-metal/model_cache/meta-llama/Llama-3.3-70B-Instruct/TG/tensor_cache_instruct_bfp8/layers.16.attention_norm.weight_dtype_BFLOAT16_layout_ROW_MAJOR.tensorbin of shape Shape([1, 1, 256, 32])
2026-08-29 09:16:17.135 | DEBUG    | core:as_tensor:724 - Loaded cache for /proj_sw/user_dev/ctr-apbernal/tt-metal/model_cache/meta-llama/Llama-3.3-70B-Instruct/TG/tensor_cache_instruct_bfp8/layers.16.attention_norm.weight_distributed_dtype_BFLOAT16_layout_ROW_MAJOR.tensorbin of shape Shape([1, 1, 64, 32])
2026-08-29 09:16:17.136 | DEBUG    | core:as_tensor:724 - Loaded cache for /proj_sw/user_dev/ctr-apbernal/tt-metal/model_cache/meta-llama/Llama-3.3-70B-Instruct/TG/tensor_cache_instruct_bfp8/layers.16.ffn_norm.weight_dtype_BFLOAT16_layout_ROW_MAJOR.tensorbin of shape Shape([1, 1, 256, 32])
2026-08-29 09:16:17.139 | DEBUG    | core:as_tensor:724 - Loaded cache for /proj_sw/user_dev/ctr-apbernal/tt-metal/model_cache/meta-llama/Llama-3.3-70B-Instruct/TG/tensor_cache_instruct_bfp8/layers.16.ffn_norm.weight_distributed_dtype_BFLOAT16_layout_ROW_MAJOR.tensorbin of shape Shape([1, 1, 64, 32])
 21%|██▏       | 17/80 [00:09<00:35,  1.76it/s]2026-08-29 09:16:17.218 | DEBUG    | core:as_tensor:724 - Loaded cache for /proj_sw/user_dev/ctr-apbernal/tt-metal/model_cache/meta-llama/Llama-3.3-70B-Instruct/TG/tensor_cache_instruct_bfp8/layers.17.attention.wqkv_sharded_2d_prefetcher_dtype_BFLOAT8_B_layout_TILE.tensorbin of shape Shape([1, 1, 2048, 1280])
2026-08-29 09:16:17.258 | DEBUG    | core:as_tensor:724 - Loaded cache for /proj_sw/user_dev/ctr-apbernal/tt-metal/model_cache/meta-llama/Llama-3.3-70B-Instruct/TG/tensor_cache_instruct_bfp8/layers.17.attention.wqkv_sharded_2d_dram_dtype_BFLOAT8_B_layout_TILE.tensorbin of shape Shape([1, 1, 2048, 1280])
2026-08-29 09:16:17.297 | DEBUG    | core:as_tensor:724 - Loaded cache for /proj_sw/user_dev/ctr-apbernal/tt-metal/model_cache/meta-llama/Llama-3.3-70B-Instruct/TG/tensor_cache_instruct_bfp8/layers.17.attention.wo_width_sharded_2d_prefetcher_dtype_BFLOAT8_B_layout_TILE.tensorbin of shape Shape([1, 1, 1024, 2048])
2026-08-29 09:16:17.336 | DEBUG    | core:as_tensor:724 - Loaded cache for /proj_sw/user_dev/ctr-apbernal/tt-metal/model_cache/meta-llama/Llama-3.3-70B-Instruct/TG/tensor_cache_instruct_bfp8/layers.17.attention.wo_width_sharded_2d_dram_dtype_BFLOAT8_B_layout_TILE.tensorbin of shape Shape([1, 1, 1024, 2048])
2026-08-29 09:16:17.383 | DEBUG    | core:as_tensor:724 - Loaded cache for /proj_sw/user_dev/ctr-apbernal/tt-metal/model_cache/meta-llama/Llama-3.3-70B-Instruct/TG/tensor_cache_instruct_bfp8/layers.17.attention.wo_col_sharded_dram_dtype_BFLOAT8_B_layout_TILE.tensorbin of shape Shape([1, 1, 8192, 2048])
2026-08-29 09:16:17.397 | DEBUG    | core:as_tensor:724 - Loaded cache for /proj_sw/user_dev/ctr-apbernal/tt-metal/model_cache/meta-llama/Llama-3.3-70B-Instruct/TG/tensor_cache_instruct_bfp8/kvcache_torch.Size([2048, 1, 64, 128])_dtype_BFLOAT8_B_layout_TILE.tensorbin of shape Shape([2048, 1, 64, 128])
2026-08-29 09:16:17.405 | DEBUG    | core:as_tensor:724 - Loaded cache for /proj_sw/user_dev/ctr-apbernal/tt-metal/model_cache/meta-llama/Llama-3.3-70B-Instruct/TG/tensor_cache_instruct_bfp8/kvcache_torch.Size([2048, 1, 64, 128])_dtype_BFLOAT8_B_layout_TILE.tensorbin of shape Shape([2048, 1, 64, 128])
2026-08-29 09:16:17.467 | DEBUG    | core:as_tensor:724 - Loaded cache for /proj_sw/user_dev/ctr-apbernal/tt-metal/model_cache/meta-llama/Llama-3.3-70B-Instruct/TG/tensor_cache_instruct_bfp8/layers.17.feed_forward.w1_shardedprefetcher_dtype_BFLOAT4_B_layout_TILE.tensorbin of shape Shape([1, 1, 2048, 3584])
2026-08-29 09:16:17.516 | DEBUG    | core:as_tensor:724 - Loaded cache for /proj_sw/user_dev/ctr-apbernal/tt-metal/model_cache/meta-llama/Llama-3.3-70B-Instruct/TG/tensor_cache_instruct_bfp8/layers.17.feed_forward.w2_shardedprefetcher_dtype_BFLOAT8_B_layout_TILE.tensorbin of shape Shape([1, 1, 3584, 2048])
2026-08-29 09:16:17.558 | DEBUG    | core:as_tensor:724 - Loaded cache for /proj_sw/user_dev/ctr-apbernal/tt-metal/model_cache/meta-llama/Llama-3.3-70B-Instruct/TG/tensor_cache_instruct_bfp8/layers.17.feed_forward.w3_shardedprefetcher_dtype_BFLOAT4_B_layout_TILE.tensorbin of shape Shape([1, 1, 2048, 3584])
2026-08-29 09:16:17.600 | DEBUG    | core:as_tensor:724 - Loaded cache for /proj_sw/user_dev/ctr-apbernal/tt-metal/model_cache/meta-llama/Llama-3.3-70B-Instruct/TG/tensor_cache_instruct_bfp8/layers.17.feed_forward.w1_interleavedprefetcher_dtype_BFLOAT4_B_layout_TILE.tensorbin of shape Shape([1, 1, 2048, 3584])
2026-08-29 09:16:17.647 | DEBUG    | core:as_tensor:724 - Loaded cache for /proj_sw/user_dev/ctr-apbernal/tt-metal/model_cache/meta-llama/Llama-3.3-70B-Instruct/TG/tensor_cache_instruct_bfp8/layers.17.feed_forward.w2_interleavedprefetcher_dtype_BFLOAT8_B_layout_TILE.tensorbin of shape Shape([1, 1, 3584, 2048])
2026-08-29 09:16:17.689 | DEBUG    | core:as_tensor:724 - Loaded cache for /proj_sw/user_dev/ctr-apbernal/tt-metal/model_cache/meta-llama/Llama-3.3-70B-Instruct/TG/tensor_cache_instruct_bfp8/layers.17.feed_forward.w3_interleavedprefetcher_dtype_BFLOAT4_B_layout_TILE.tensorbin of shape Shape([1, 1, 2048, 3584])
2026-08-29 09:16:17.693 | DEBUG    | core:as_tensor:724 - Loaded cache for /proj_sw/user_dev/ctr-apbernal/tt-metal/model_cache/meta-llama/Llama-3.3-70B-Instruct/TG/tensor_cache_instruct_bfp8/layers.17.attention_norm.weight_dtype_BFLOAT16_layout_ROW_MAJOR.tensorbin of shape Shape([1, 1, 256, 32])
2026-08-29 09:16:17.695 | DEBUG    | core:as_tensor:724 - Loaded cache for /proj_sw/user_dev/ctr-apbernal/tt-metal/model_cache/meta-llama/Llama-3.3-70B-Instruct/TG/tensor_cache_instruct_bfp8/layers.17.attention_norm.weight_distributed_dtype_BFLOAT16_layout_ROW_MAJOR.tensorbin of shape Shape([1, 1, 64, 32])
2026-08-29 09:16:17.696 | DEBUG    | core:as_tensor:724 - Loaded cache for /proj_sw/user_dev/ctr-apbernal/tt-metal/model_cache/meta-llama/Llama-3.3-70B-Instruct/TG/tensor_cache_instruct_bfp8/layers.17.ffn_norm.weight_dtype_BFLOAT16_layout_ROW_MAJOR.tensorbin of shape Shape([1, 1, 256, 32])
2026-08-29 09:16:17.698 | DEBUG    | core:as_tensor:724 - Loaded cache for /proj_sw/user_dev/ctr-apbernal/tt-metal/model_cache/meta-llama/Llama-3.3-70B-Instruct/TG/tensor_cache_instruct_bfp8/layers.17.ffn_norm.weight_distributed_dtype_BFLOAT16_layout_ROW_MAJOR.tensorbin of shape Shape([1, 1, 64, 32])
 22%|██▎       | 18/80 [00:10<00:35,  1.77it/s]2026-08-29 09:16:17.777 | DEBUG    | core:as_tensor:724 - Loaded cache for /proj_sw/user_dev/ctr-apbernal/tt-metal/model_cache/meta-llama/Llama-3.3-70B-Instruct/TG/tensor_cache_instruct_bfp8/layers.18.attention.wqkv_sharded_2d_prefetcher_dtype_BFLOAT8_B_layout_TILE.tensorbin of shape Shape([1, 1, 2048, 1280])
2026-08-29 09:16:17.817 | DEBUG    | core:as_tensor:724 - Loaded cache for /proj_sw/user_dev/ctr-apbernal/tt-metal/model_cache/meta-llama/Llama-3.3-70B-Instruct/TG/tensor_cache_instruct_bfp8/layers.18.attention.wqkv_sharded_2d_dram_dtype_BFLOAT8_B_layout_TILE.tensorbin of shape Shape([1, 1, 2048, 1280])
2026-08-29 09:16:17.856 | DEBUG    | core:as_tensor:724 - Loaded cache for /proj_sw/user_dev/ctr-apbernal/tt-metal/model_cache/meta-llama/Llama-3.3-70B-Instruct/TG/tensor_cache_instruct_bfp8/layers.18.attention.wo_width_sharded_2d_prefetcher_dtype_BFLOAT8_B_layout_TILE.tensorbin of shape Shape([1, 1, 1024, 2048])
2026-08-29 09:16:17.895 | DEBUG    | core:as_tensor:724 - Loaded cache for /proj_sw/user_dev/ctr-apbernal/tt-metal/model_cache/meta-llama/Llama-3.3-70B-Instruct/TG/tensor_cache_instruct_bfp8/layers.18.attention.wo_width_sharded_2d_dram_dtype_BFLOAT8_B_layout_TILE.tensorbin of shape Shape([1, 1, 1024, 2048])
2026-08-29 09:16:17.941 | DEBUG    | core:as_tensor:724 - Loaded cache for /proj_sw/user_dev/ctr-apbernal/tt-metal/model_cache/meta-llama/Llama-3.3-70B-Instruct/TG/tensor_cache_instruct_bfp8/layers.18.attention.wo_col_sharded_dram_dtype_BFLOAT8_B_layout_TILE.tensorbin of shape Shape([1, 1, 8192, 2048])
2026-08-29 09:16:17.956 | DEBUG    | core:as_tensor:724 - Loaded cache for /proj_sw/user_dev/ctr-apbernal/tt-metal/model_cache/meta-llama/Llama-3.3-70B-Instruct/TG/tensor_cache_instruct_bfp8/kvcache_torch.Size([2048, 1, 64, 128])_dtype_BFLOAT8_B_layout_TILE.tensorbin of shape Shape([2048, 1, 64, 128])
2026-08-29 09:16:17.965 | DEBUG    | core:as_tensor:724 - Loaded cache for /proj_sw/user_dev/ctr-apbernal/tt-metal/model_cache/meta-llama/Llama-3.3-70B-Instruct/TG/tensor_cache_instruct_bfp8/kvcache_torch.Size([2048, 1, 64, 128])_dtype_BFLOAT8_B_layout_TILE.tensorbin of shape Shape([2048, 1, 64, 128])
2026-08-29 09:16:18.028 | DEBUG    | core:as_tensor:724 - Loaded cache for /proj_sw/user_dev/ctr-apbernal/tt-metal/model_cache/meta-llama/Llama-3.3-70B-Instruct/TG/tensor_cache_instruct_bfp8/layers.18.feed_forward.w1_shardedprefetcher_dtype_BFLOAT4_B_layout_TILE.tensorbin of shape Shape([1, 1, 2048, 3584])
2026-08-29 09:16:18.077 | DEBUG    | core:as_tensor:724 - Loaded cache for /proj_sw/user_dev/ctr-apbernal/tt-metal/model_cache/meta-llama/Llama-3.3-70B-Instruct/TG/tensor_cache_instruct_bfp8/layers.18.feed_forward.w2_shardedprefetcher_dtype_BFLOAT8_B_layout_TILE.tensorbin of shape Shape([1, 1, 3584, 2048])
2026-08-29 09:16:18.120 | DEBUG    | core:as_tensor:724 - Loaded cache for /proj_sw/user_dev/ctr-apbernal/tt-metal/model_cache/meta-llama/Llama-3.3-70B-Instruct/TG/tensor_cache_instruct_bfp8/layers.18.feed_forward.w3_shardedprefetcher_dtype_BFLOAT4_B_layout_TILE.tensorbin of shape Shape([1, 1, 2048, 3584])
2026-08-29 09:16:18.162 | DEBUG    | core:as_tensor:724 - Loaded cache for /proj_sw/user_dev/ctr-apbernal/tt-metal/model_cache/meta-llama/Llama-3.3-70B-Instruct/TG/tensor_cache_instruct_bfp8/layers.18.feed_forward.w1_interleavedprefetcher_dtype_BFLOAT4_B_layout_TILE.tensorbin of shape Shape([1, 1, 2048, 3584])
2026-08-29 09:16:18.210 | DEBUG    | core:as_tensor:724 - Loaded cache for /proj_sw/user_dev/ctr-apbernal/tt-metal/model_cache/meta-llama/Llama-3.3-70B-Instruct/TG/tensor_cache_instruct_bfp8/layers.18.feed_forward.w2_interleavedprefetcher_dtype_BFLOAT8_B_layout_TILE.tensorbin of shape Shape([1, 1, 3584, 2048])
2026-08-29 09:16:18.252 | DEBUG    | core:as_tensor:724 - Loaded cache for /proj_sw/user_dev/ctr-apbernal/tt-metal/model_cache/meta-llama/Llama-3.3-70B-Instruct/TG/tensor_cache_instruct_bfp8/layers.18.feed_forward.w3_interleavedprefetcher_dtype_BFLOAT4_B_layout_TILE.tensorbin of shape Shape([1, 1, 2048, 3584])
2026-08-29 09:16:18.254 | DEBUG    | core:as_tensor:724 - Loaded cache for /proj_sw/user_dev/ctr-apbernal/tt-metal/model_cache/meta-llama/Llama-3.3-70B-Instruct/TG/tensor_cache_instruct_bfp8/layers.18.attention_norm.weight_dtype_BFLOAT16_layout_ROW_MAJOR.tensorbin of shape Shape([1, 1, 256, 32])
2026-08-29 09:16:18.257 | DEBUG    | core:as_tensor:724 - Loaded cache for /proj_sw/user_dev/ctr-apbernal/tt-metal/model_cache/meta-llama/Llama-3.3-70B-Instruct/TG/tensor_cache_instruct_bfp8/layers.18.attention_norm.weight_distributed_dtype_BFLOAT16_layout_ROW_MAJOR.tensorbin of shape Shape([1, 1, 64, 32])
2026-08-29 09:16:18.260 | DEBUG    | core:as_tensor:724 - Loaded cache for /proj_sw/user_dev/ctr-apbernal/tt-metal/model_cache/meta-llama/Llama-3.3-70B-Instruct/TG/tensor_cache_instruct_bfp8/layers.18.ffn_norm.weight_dtype_BFLOAT16_layout_ROW_MAJOR.tensorbin of shape Shape([1, 1, 256, 32])
2026-08-29 09:16:18.262 | DEBUG    | core:as_tensor:724 - Loaded cache for /proj_sw/user_dev/ctr-apbernal/tt-metal/model_cache/meta-llama/Llama-3.3-70B-Instruct/TG/tensor_cache_instruct_bfp8/layers.18.ffn_norm.weight_distributed_dtype_BFLOAT16_layout_ROW_MAJOR.tensorbin of shape Shape([1, 1, 64, 32])
 24%|██▍       | 19/80 [00:10<00:34,  1.77it/s]2026-08-29 09:16:18.342 | DEBUG    | core:as_tensor:724 - Loaded cache for /proj_sw/user_dev/ctr-apbernal/tt-metal/model_cache/meta-llama/Llama-3.3-70B-Instruct/TG/tensor_cache_instruct_bfp8/layers.19.attention.wqkv_sharded_2d_prefetcher_dtype_BFLOAT8_B_layout_TILE.tensorbin of shape Shape([1, 1, 2048, 1280])
2026-08-29 09:16:18.382 | DEBUG    | core:as_tensor:724 - Loaded cache for /proj_sw/user_dev/ctr-apbernal/tt-metal/model_cache/meta-llama/Llama-3.3-70B-Instruct/TG/tensor_cache_instruct_bfp8/layers.19.attention.wqkv_sharded_2d_dram_dtype_BFLOAT8_B_layout_TILE.tensorbin of shape Shape([1, 1, 2048, 1280])
2026-08-29 09:16:18.422 | DEBUG    | core:as_tensor:724 - Loaded cache for /proj_sw/user_dev/ctr-apbernal/tt-metal/model_cache/meta-llama/Llama-3.3-70B-Instruct/TG/tensor_cache_instruct_bfp8/layers.19.attention.wo_width_sharded_2d_prefetcher_dtype_BFLOAT8_B_layout_TILE.tensorbin of shape Shape([1, 1, 1024, 2048])
2026-08-29 09:16:18.460 | DEBUG    | core:as_tensor:724 - Loaded cache for /proj_sw/user_dev/ctr-apbernal/tt-metal/model_cache/meta-llama/Llama-3.3-70B-Instruct/TG/tensor_cache_instruct_bfp8/layers.19.attention.wo_width_sharded_2d_dram_dtype_BFLOAT8_B_layout_TILE.tensorbin of shape Shape([1, 1, 1024, 2048])
2026-08-29 09:16:18.507 | DEBUG    | core:as_tensor:724 - Loaded cache for /proj_sw/user_dev/ctr-apbernal/tt-metal/model_cache/meta-llama/Llama-3.3-70B-Instruct/TG/tensor_cache_instruct_bfp8/layers.19.attention.wo_col_sharded_dram_dtype_BFLOAT8_B_layout_TILE.tensorbin of shape Shape([1, 1, 8192, 2048])
2026-08-29 09:16:18.521 | DEBUG    | core:as_tensor:724 - Loaded cache for /proj_sw/user_dev/ctr-apbernal/tt-metal/model_cache/meta-llama/Llama-3.3-70B-Instruct/TG/tensor_cache_instruct_bfp8/kvcache_torch.Size([2048, 1, 64, 128])_dtype_BFLOAT8_B_layout_TILE.tensorbin of shape Shape([2048, 1, 64, 128])
2026-08-29 09:16:18.530 | DEBUG    | core:as_tensor:724 - Loaded cache for /proj_sw/user_dev/ctr-apbernal/tt-metal/model_cache/meta-llama/Llama-3.3-70B-Instruct/TG/tensor_cache_instruct_bfp8/kvcache_torch.Size([2048, 1, 64, 128])_dtype_BFLOAT8_B_layout_TILE.tensorbin of shape Shape([2048, 1, 64, 128])
2026-08-29 09:16:18.593 | DEBUG    | core:as_tensor:724 - Loaded cache for /proj_sw/user_dev/ctr-apbernal/tt-metal/model_cache/meta-llama/Llama-3.3-70B-Instruct/TG/tensor_cache_instruct_bfp8/layers.19.feed_forward.w1_shardedprefetcher_dtype_BFLOAT4_B_layout_TILE.tensorbin of shape Shape([1, 1, 2048, 3584])
2026-08-29 09:16:18.641 | DEBUG    | core:as_tensor:724 - Loaded cache for /proj_sw/user_dev/ctr-apbernal/tt-metal/model_cache/meta-llama/Llama-3.3-70B-Instruct/TG/tensor_cache_instruct_bfp8/layers.19.feed_forward.w2_shardedprefetcher_dtype_BFLOAT8_B_layout_TILE.tensorbin of shape Shape([1, 1, 3584, 2048])
2026-08-29 09:16:18.685 | DEBUG    | core:as_tensor:724 - Loaded cache for /proj_sw/user_dev/ctr-apbernal/tt-metal/model_cache/meta-llama/Llama-3.3-70B-Instruct/TG/tensor_cache_instruct_bfp8/layers.19.feed_forward.w3_shardedprefetcher_dtype_BFLOAT4_B_layout_TILE.tensorbin of shape Shape([1, 1, 2048, 3584])
2026-08-29 09:16:18.727 | DEBUG    | core:as_tensor:724 - Loaded cache for /proj_sw/user_dev/ctr-apbernal/tt-metal/model_cache/meta-llama/Llama-3.3-70B-Instruct/TG/tensor_cache_instruct_bfp8/layers.19.feed_forward.w1_interleavedprefetcher_dtype_BFLOAT4_B_layout_TILE.tensorbin of shape Shape([1, 1, 2048, 3584])
2026-08-29 09:16:18.777 | DEBUG    | core:as_tensor:724 - Loaded cache for /proj_sw/user_dev/ctr-apbernal/tt-metal/model_cache/meta-llama/Llama-3.3-70B-Instruct/TG/tensor_cache_instruct_bfp8/layers.19.feed_forward.w2_interleavedprefetcher_dtype_BFLOAT8_B_layout_TILE.tensorbin of shape Shape([1, 1, 3584, 2048])
2026-08-29 09:16:18.819 | DEBUG    | core:as_tensor:724 - Loaded cache for /proj_sw/user_dev/ctr-apbernal/tt-metal/model_cache/meta-llama/Llama-3.3-70B-Instruct/TG/tensor_cache_instruct_bfp8/layers.19.feed_forward.w3_interleavedprefetcher_dtype_BFLOAT4_B_layout_TILE.tensorbin of shape Shape([1, 1, 2048, 3584])
2026-08-29 09:16:18.821 | DEBUG    | core:as_tensor:724 - Loaded cache for /proj_sw/user_dev/ctr-apbernal/tt-metal/model_cache/meta-llama/Llama-3.3-70B-Instruct/TG/tensor_cache_instruct_bfp8/layers.19.attention_norm.weight_dtype_BFLOAT16_layout_ROW_MAJOR.tensorbin of shape Shape([1, 1, 256, 32])
2026-08-29 09:16:18.823 | DEBUG    | core:as_tensor:724 - Loaded cache for /proj_sw/user_dev/ctr-apbernal/tt-metal/model_cache/meta-llama/Llama-3.3-70B-Instruct/TG/tensor_cache_instruct_bfp8/layers.19.attention_norm.weight_distributed_dtype_BFLOAT16_layout_ROW_MAJOR.tensorbin of shape Shape([1, 1, 64, 32])
2026-08-29 09:16:18.824 | DEBUG    | core:as_tensor:724 - Loaded cache for /proj_sw/user_dev/ctr-apbernal/tt-metal/model_cache/meta-llama/Llama-3.3-70B-Instruct/TG/tensor_cache_instruct_bfp8/layers.19.ffn_norm.weight_dtype_BFLOAT16_layout_ROW_MAJOR.tensorbin of shape Shape([1, 1, 256, 32])
2026-08-29 09:16:18.826 | DEBUG    | core:as_tensor:724 - Loaded cache for /proj_sw/user_dev/ctr-apbernal/tt-metal/model_cache/meta-llama/Llama-3.3-70B-Instruct/TG/tensor_cache_instruct_bfp8/layers.19.ffn_norm.weight_distributed_dtype_BFLOAT16_layout_ROW_MAJOR.tensorbin of shape Shape([1, 1, 64, 32])
 25%|██▌       | 20/80 [00:11<00:33,  1.77it/s]2026-08-29 09:16:18.905 | DEBUG    | core:as_tensor:724 - Loaded cache for /proj_sw/user_dev/ctr-apbernal/tt-metal/model_cache/meta-llama/Llama-3.3-70B-Instruct/TG/tensor_cache_instruct_bfp8/layers.20.attention.wqkv_sharded_2d_prefetcher_dtype_BFLOAT8_B_layout_TILE.tensorbin of shape Shape([1, 1, 2048, 1280])
2026-08-29 09:16:18.945 | DEBUG    | core:as_tensor:724 - Loaded cache for /proj_sw/user_dev/ctr-apbernal/tt-metal/model_cache/meta-llama/Llama-3.3-70B-Instruct/TG/tensor_cache_instruct_bfp8/layers.20.attention.wqkv_sharded_2d_dram_dtype_BFLOAT8_B_layout_TILE.tensorbin of shape Shape([1, 1, 2048, 1280])
2026-08-29 09:16:18.984 | DEBUG    | core:as_tensor:724 - Loaded cache for /proj_sw/user_dev/ctr-apbernal/tt-metal/model_cache/meta-llama/Llama-3.3-70B-Instruct/TG/tensor_cache_instruct_bfp8/layers.20.attention.wo_width_sharded_2d_prefetcher_dtype_BFLOAT8_B_layout_TILE.tensorbin of shape Shape([1, 1, 1024, 2048])
2026-08-29 09:16:19.023 | DEBUG    | core:as_tensor:724 - Loaded cache for /proj_sw/user_dev/ctr-apbernal/tt-metal/model_cache/meta-llama/Llama-3.3-70B-Instruct/TG/tensor_cache_instruct_bfp8/layers.20.attention.wo_width_sharded_2d_dram_dtype_BFLOAT8_B_layout_TILE.tensorbin of shape Shape([1, 1, 1024, 2048])
2026-08-29 09:16:19.068 | DEBUG    | core:as_tensor:724 - Loaded cache for /proj_sw/user_dev/ctr-apbernal/tt-metal/model_cache/meta-llama/Llama-3.3-70B-Instruct/TG/tensor_cache_instruct_bfp8/layers.20.attention.wo_col_sharded_dram_dtype_BFLOAT8_B_layout_TILE.tensorbin of shape Shape([1, 1, 8192, 2048])
2026-08-29 09:16:19.083 | DEBUG    | core:as_tensor:724 - Loaded cache for /proj_sw/user_dev/ctr-apbernal/tt-metal/model_cache/meta-llama/Llama-3.3-70B-Instruct/TG/tensor_cache_instruct_bfp8/kvcache_torch.Size([2048, 1, 64, 128])_dtype_BFLOAT8_B_layout_TILE.tensorbin of shape Shape([2048, 1, 64, 128])
2026-08-29 09:16:19.092 | DEBUG    | core:as_tensor:724 - Loaded cache for /proj_sw/user_dev/ctr-apbernal/tt-metal/model_cache/meta-llama/Llama-3.3-70B-Instruct/TG/tensor_cache_instruct_bfp8/kvcache_torch.Size([2048, 1, 64, 128])_dtype_BFLOAT8_B_layout_TILE.tensorbin of shape Shape([2048, 1, 64, 128])
2026-08-29 09:16:19.155 | DEBUG    | core:as_tensor:724 - Loaded cache for /proj_sw/user_dev/ctr-apbernal/tt-metal/model_cache/meta-llama/Llama-3.3-70B-Instruct/TG/tensor_cache_instruct_bfp8/layers.20.feed_forward.w1_shardedprefetcher_dtype_BFLOAT4_B_layout_TILE.tensorbin of shape Shape([1, 1, 2048, 3584])
2026-08-29 09:16:19.203 | DEBUG    | core:as_tensor:724 - Loaded cache for /proj_sw/user_dev/ctr-apbernal/tt-metal/model_cache/meta-llama/Llama-3.3-70B-Instruct/TG/tensor_cache_instruct_bfp8/layers.20.feed_forward.w2_shardedprefetcher_dtype_BFLOAT8_B_layout_TILE.tensorbin of shape Shape([1, 1, 3584, 2048])
2026-08-29 09:16:19.245 | DEBUG    | core:as_tensor:724 - Loaded cache for /proj_sw/user_dev/ctr-apbernal/tt-metal/model_cache/meta-llama/Llama-3.3-70B-Instruct/TG/tensor_cache_instruct_bfp8/layers.20.feed_forward.w3_shardedprefetcher_dtype_BFLOAT4_B_layout_TILE.tensorbin of shape Shape([1, 1, 2048, 3584])
2026-08-29 09:16:19.287 | DEBUG    | core:as_tensor:724 - Loaded cache for /proj_sw/user_dev/ctr-apbernal/tt-metal/model_cache/meta-llama/Llama-3.3-70B-Instruct/TG/tensor_cache_instruct_bfp8/layers.20.feed_forward.w1_interleavedprefetcher_dtype_BFLOAT4_B_layout_TILE.tensorbin of shape Shape([1, 1, 2048, 3584])
2026-08-29 09:16:19.333 | DEBUG    | core:as_tensor:724 - Loaded cache for /proj_sw/user_dev/ctr-apbernal/tt-metal/model_cache/meta-llama/Llama-3.3-70B-Instruct/TG/tensor_cache_instruct_bfp8/layers.20.feed_forward.w2_interleavedprefetcher_dtype_BFLOAT8_B_layout_TILE.tensorbin of shape Shape([1, 1, 3584, 2048])
2026-08-29 09:16:19.377 | DEBUG    | core:as_tensor:724 - Loaded cache for /proj_sw/user_dev/ctr-apbernal/tt-metal/model_cache/meta-llama/Llama-3.3-70B-Instruct/TG/tensor_cache_instruct_bfp8/layers.20.feed_forward.w3_interleavedprefetcher_dtype_BFLOAT4_B_layout_TILE.tensorbin of shape Shape([1, 1, 2048, 3584])
2026-08-29 09:16:19.381 | DEBUG    | core:as_tensor:724 - Loaded cache for /proj_sw/user_dev/ctr-apbernal/tt-metal/model_cache/meta-llama/Llama-3.3-70B-Instruct/TG/tensor_cache_instruct_bfp8/layers.20.attention_norm.weight_dtype_BFLOAT16_layout_ROW_MAJOR.tensorbin of shape Shape([1, 1, 256, 32])
2026-08-29 09:16:19.382 | DEBUG    | core:as_tensor:724 - Loaded cache for /proj_sw/user_dev/ctr-apbernal/tt-metal/model_cache/meta-llama/Llama-3.3-70B-Instruct/TG/tensor_cache_instruct_bfp8/layers.20.attention_norm.weight_distributed_dtype_BFLOAT16_layout_ROW_MAJOR.tensorbin of shape Shape([1, 1, 64, 32])
2026-08-29 09:16:19.384 | DEBUG    | core:as_tensor:724 - Loaded cache for /proj_sw/user_dev/ctr-apbernal/tt-metal/model_cache/meta-llama/Llama-3.3-70B-Instruct/TG/tensor_cache_instruct_bfp8/layers.20.ffn_norm.weight_dtype_BFLOAT16_layout_ROW_MAJOR.tensorbin of shape Shape([1, 1, 256, 32])
2026-08-29 09:16:19.388 | DEBUG    | core:as_tensor:724 - Loaded cache for /proj_sw/user_dev/ctr-apbernal/tt-metal/model_cache/meta-llama/Llama-3.3-70B-Instruct/TG/tensor_cache_instruct_bfp8/layers.20.ffn_norm.weight_distributed_dtype_BFLOAT16_layout_ROW_MAJOR.tensorbin of shape Shape([1, 1, 64, 32])
 26%|██▋       | 21/80 [00:11<00:33,  1.77it/s]2026-08-29 09:16:19.470 | DEBUG    | core:as_tensor:724 - Loaded cache for /proj_sw/user_dev/ctr-apbernal/tt-metal/model_cache/meta-llama/Llama-3.3-70B-Instruct/TG/tensor_cache_instruct_bfp8/layers.21.attention.wqkv_sharded_2d_prefetcher_dtype_BFLOAT8_B_layout_TILE.tensorbin of shape Shape([1, 1, 2048, 1280])
2026-08-29 09:16:19.510 | DEBUG    | core:as_tensor:724 - Loaded cache for /proj_sw/user_dev/ctr-apbernal/tt-metal/model_cache/meta-llama/Llama-3.3-70B-Instruct/TG/tensor_cache_instruct_bfp8/layers.21.attention.wqkv_sharded_2d_dram_dtype_BFLOAT8_B_layout_TILE.tensorbin of shape Shape([1, 1, 2048, 1280])
2026-08-29 09:16:19.550 | DEBUG    | core:as_tensor:724 - Loaded cache for /proj_sw/user_dev/ctr-apbernal/tt-metal/model_cache/meta-llama/Llama-3.3-70B-Instruct/TG/tensor_cache_instruct_bfp8/layers.21.attention.wo_width_sharded_2d_prefetcher_dtype_BFLOAT8_B_layout_TILE.tensorbin of shape Shape([1, 1, 1024, 2048])
2026-08-29 09:16:19.589 | DEBUG    | core:as_tensor:724 - Loaded cache for /proj_sw/user_dev/ctr-apbernal/tt-metal/model_cache/meta-llama/Llama-3.3-70B-Instruct/TG/tensor_cache_instruct_bfp8/layers.21.attention.wo_width_sharded_2d_dram_dtype_BFLOAT8_B_layout_TILE.tensorbin of shape Shape([1, 1, 1024, 2048])
2026-08-29 09:16:19.635 | DEBUG    | core:as_tensor:724 - Loaded cache for /proj_sw/user_dev/ctr-apbernal/tt-metal/model_cache/meta-llama/Llama-3.3-70B-Instruct/TG/tensor_cache_instruct_bfp8/layers.21.attention.wo_col_sharded_dram_dtype_BFLOAT8_B_layout_TILE.tensorbin of shape Shape([1, 1, 8192, 2048])
2026-08-29 09:16:19.649 | DEBUG    | core:as_tensor:724 - Loaded cache for /proj_sw/user_dev/ctr-apbernal/tt-metal/model_cache/meta-llama/Llama-3.3-70B-Instruct/TG/tensor_cache_instruct_bfp8/kvcache_torch.Size([2048, 1, 64, 128])_dtype_BFLOAT8_B_layout_TILE.tensorbin of shape Shape([2048, 1, 64, 128])
2026-08-29 09:16:19.659 | DEBUG    | core:as_tensor:724 - Loaded cache for /proj_sw/user_dev/ctr-apbernal/tt-metal/model_cache/meta-llama/Llama-3.3-70B-Instruct/TG/tensor_cache_instruct_bfp8/kvcache_torch.Size([2048, 1, 64, 128])_dtype_BFLOAT8_B_layout_TILE.tensorbin of shape Shape([2048, 1, 64, 128])
2026-08-29 09:16:19.722 | DEBUG    | core:as_tensor:724 - Loaded cache for /proj_sw/user_dev/ctr-apbernal/tt-metal/model_cache/meta-llama/Llama-3.3-70B-Instruct/TG/tensor_cache_instruct_bfp8/layers.21.feed_forward.w1_shardedprefetcher_dtype_BFLOAT4_B_layout_TILE.tensorbin of shape Shape([1, 1, 2048, 3584])
2026-08-29 09:16:19.770 | DEBUG    | core:as_tensor:724 - Loaded cache for /proj_sw/user_dev/ctr-apbernal/tt-metal/model_cache/meta-llama/Llama-3.3-70B-Instruct/TG/tensor_cache_instruct_bfp8/layers.21.feed_forward.w2_shardedprefetcher_dtype_BFLOAT8_B_layout_TILE.tensorbin of shape Shape([1, 1, 3584, 2048])
2026-08-29 09:16:19.817 | DEBUG    | core:as_tensor:724 - Loaded cache for /proj_sw/user_dev/ctr-apbernal/tt-metal/model_cache/meta-llama/Llama-3.3-70B-Instruct/TG/tensor_cache_instruct_bfp8/layers.21.feed_forward.w3_shardedprefetcher_dtype_BFLOAT4_B_layout_TILE.tensorbin of shape Shape([1, 1, 2048, 3584])
2026-08-29 09:16:19.859 | DEBUG    | core:as_tensor:724 - Loaded cache for /proj_sw/user_dev/ctr-apbernal/tt-metal/model_cache/meta-llama/Llama-3.3-70B-Instruct/TG/tensor_cache_instruct_bfp8/layers.21.feed_forward.w1_interleavedprefetcher_dtype_BFLOAT4_B_layout_TILE.tensorbin of shape Shape([1, 1, 2048, 3584])
2026-08-29 09:16:19.907 | DEBUG    | core:as_tensor:724 - Loaded cache for /proj_sw/user_dev/ctr-apbernal/tt-metal/model_cache/meta-llama/Llama-3.3-70B-Instruct/TG/tensor_cache_instruct_bfp8/layers.21.feed_forward.w2_interleavedprefetcher_dtype_BFLOAT8_B_layout_TILE.tensorbin of shape Shape([1, 1, 3584, 2048])
2026-08-29 09:16:19.949 | DEBUG    | core:as_tensor:724 - Loaded cache for /proj_sw/user_dev/ctr-apbernal/tt-metal/model_cache/meta-llama/Llama-3.3-70B-Instruct/TG/tensor_cache_instruct_bfp8/layers.21.feed_forward.w3_interleavedprefetcher_dtype_BFLOAT4_B_layout_TILE.tensorbin of shape Shape([1, 1, 2048, 3584])
2026-08-29 09:16:19.951 | DEBUG    | core:as_tensor:724 - Loaded cache for /proj_sw/user_dev/ctr-apbernal/tt-metal/model_cache/meta-llama/Llama-3.3-70B-Instruct/TG/tensor_cache_instruct_bfp8/layers.21.attention_norm.weight_dtype_BFLOAT16_layout_ROW_MAJOR.tensorbin of shape Shape([1, 1, 256, 32])
2026-08-29 09:16:19.953 | DEBUG    | core:as_tensor:724 - Loaded cache for /proj_sw/user_dev/ctr-apbernal/tt-metal/model_cache/meta-llama/Llama-3.3-70B-Instruct/TG/tensor_cache_instruct_bfp8/layers.21.attention_norm.weight_distributed_dtype_BFLOAT16_layout_ROW_MAJOR.tensorbin of shape Shape([1, 1, 64, 32])
2026-08-29 09:16:19.955 | DEBUG    | core:as_tensor:724 - Loaded cache for /proj_sw/user_dev/ctr-apbernal/tt-metal/model_cache/meta-llama/Llama-3.3-70B-Instruct/TG/tensor_cache_instruct_bfp8/layers.21.ffn_norm.weight_dtype_BFLOAT16_layout_ROW_MAJOR.tensorbin of shape Shape([1, 1, 256, 32])
2026-08-29 09:16:19.956 | DEBUG    | core:as_tensor:724 - Loaded cache for /proj_sw/user_dev/ctr-apbernal/tt-metal/model_cache/meta-llama/Llama-3.3-70B-Instruct/TG/tensor_cache_instruct_bfp8/layers.21.ffn_norm.weight_distributed_dtype_BFLOAT16_layout_ROW_MAJOR.tensorbin of shape Shape([1, 1, 64, 32])
 28%|██▊       | 22/80 [00:12<00:32,  1.77it/s]2026-08-29 09:16:20.035 | DEBUG    | core:as_tensor:724 - Loaded cache for /proj_sw/user_dev/ctr-apbernal/tt-metal/model_cache/meta-llama/Llama-3.3-70B-Instruct/TG/tensor_cache_instruct_bfp8/layers.22.attention.wqkv_sharded_2d_prefetcher_dtype_BFLOAT8_B_layout_TILE.tensorbin of shape Shape([1, 1, 2048, 1280])
2026-08-29 09:16:20.075 | DEBUG    | core:as_tensor:724 - Loaded cache for /proj_sw/user_dev/ctr-apbernal/tt-metal/model_cache/meta-llama/Llama-3.3-70B-Instruct/TG/tensor_cache_instruct_bfp8/layers.22.attention.wqkv_sharded_2d_dram_dtype_BFLOAT8_B_layout_TILE.tensorbin of shape Shape([1, 1, 2048, 1280])
2026-08-29 09:16:20.114 | DEBUG    | core:as_tensor:724 - Loaded cache for /proj_sw/user_dev/ctr-apbernal/tt-metal/model_cache/meta-llama/Llama-3.3-70B-Instruct/TG/tensor_cache_instruct_bfp8/layers.22.attention.wo_width_sharded_2d_prefetcher_dtype_BFLOAT8_B_layout_TILE.tensorbin of shape Shape([1, 1, 1024, 2048])
2026-08-29 09:16:20.153 | DEBUG    | core:as_tensor:724 - Loaded cache for /proj_sw/user_dev/ctr-apbernal/tt-metal/model_cache/meta-llama/Llama-3.3-70B-Instruct/TG/tensor_cache_instruct_bfp8/layers.22.attention.wo_width_sharded_2d_dram_dtype_BFLOAT8_B_layout_TILE.tensorbin of shape Shape([1, 1, 1024, 2048])
2026-08-29 09:16:20.201 | DEBUG    | core:as_tensor:724 - Loaded cache for /proj_sw/user_dev/ctr-apbernal/tt-metal/model_cache/meta-llama/Llama-3.3-70B-Instruct/TG/tensor_cache_instruct_bfp8/layers.22.attention.wo_col_sharded_dram_dtype_BFLOAT8_B_layout_TILE.tensorbin of shape Shape([1, 1, 8192, 2048])
2026-08-29 09:16:20.218 | DEBUG    | core:as_tensor:724 - Loaded cache for /proj_sw/user_dev/ctr-apbernal/tt-metal/model_cache/meta-llama/Llama-3.3-70B-Instruct/TG/tensor_cache_instruct_bfp8/kvcache_torch.Size([2048, 1, 64, 128])_dtype_BFLOAT8_B_layout_TILE.tensorbin of shape Shape([2048, 1, 64, 128])
2026-08-29 09:16:20.226 | DEBUG    | core:as_tensor:724 - Loaded cache for /proj_sw/user_dev/ctr-apbernal/tt-metal/model_cache/meta-llama/Llama-3.3-70B-Instruct/TG/tensor_cache_instruct_bfp8/kvcache_torch.Size([2048, 1, 64, 128])_dtype_BFLOAT8_B_layout_TILE.tensorbin of shape Shape([2048, 1, 64, 128])
2026-08-29 09:16:20.288 | DEBUG    | core:as_tensor:724 - Loaded cache for /proj_sw/user_dev/ctr-apbernal/tt-metal/model_cache/meta-llama/Llama-3.3-70B-Instruct/TG/tensor_cache_instruct_bfp8/layers.22.feed_forward.w1_shardedprefetcher_dtype_BFLOAT4_B_layout_TILE.tensorbin of shape Shape([1, 1, 2048, 3584])
2026-08-29 09:16:20.336 | DEBUG    | core:as_tensor:724 - Loaded cache for /proj_sw/user_dev/ctr-apbernal/tt-metal/model_cache/meta-llama/Llama-3.3-70B-Instruct/TG/tensor_cache_instruct_bfp8/layers.22.feed_forward.w2_shardedprefetcher_dtype_BFLOAT8_B_layout_TILE.tensorbin of shape Shape([1, 1, 3584, 2048])
2026-08-29 09:16:20.378 | DEBUG    | core:as_tensor:724 - Loaded cache for /proj_sw/user_dev/ctr-apbernal/tt-metal/model_cache/meta-llama/Llama-3.3-70B-Instruct/TG/tensor_cache_instruct_bfp8/layers.22.feed_forward.w3_shardedprefetcher_dtype_BFLOAT4_B_layout_TILE.tensorbin of shape Shape([1, 1, 2048, 3584])
2026-08-29 09:16:20.421 | DEBUG    | core:as_tensor:724 - Loaded cache for /proj_sw/user_dev/ctr-apbernal/tt-metal/model_cache/meta-llama/Llama-3.3-70B-Instruct/TG/tensor_cache_instruct_bfp8/layers.22.feed_forward.w1_interleavedprefetcher_dtype_BFLOAT4_B_layout_TILE.tensorbin of shape Shape([1, 1, 2048, 3584])
2026-08-29 09:16:20.468 | DEBUG    | core:as_tensor:724 - Loaded cache for /proj_sw/user_dev/ctr-apbernal/tt-metal/model_cache/meta-llama/Llama-3.3-70B-Instruct/TG/tensor_cache_instruct_bfp8/layers.22.feed_forward.w2_interleavedprefetcher_dtype_BFLOAT8_B_layout_TILE.tensorbin of shape Shape([1, 1, 3584, 2048])
2026-08-29 09:16:20.510 | DEBUG    | core:as_tensor:724 - Loaded cache for /proj_sw/user_dev/ctr-apbernal/tt-metal/model_cache/meta-llama/Llama-3.3-70B-Instruct/TG/tensor_cache_instruct_bfp8/layers.22.feed_forward.w3_interleavedprefetcher_dtype_BFLOAT4_B_layout_TILE.tensorbin of shape Shape([1, 1, 2048, 3584])
2026-08-29 09:16:20.512 | DEBUG    | core:as_tensor:724 - Loaded cache for /proj_sw/user_dev/ctr-apbernal/tt-metal/model_cache/meta-llama/Llama-3.3-70B-Instruct/TG/tensor_cache_instruct_bfp8/layers.22.attention_norm.weight_dtype_BFLOAT16_layout_ROW_MAJOR.tensorbin of shape Shape([1, 1, 256, 32])
2026-08-29 09:16:20.514 | DEBUG    | core:as_tensor:724 - Loaded cache for /proj_sw/user_dev/ctr-apbernal/tt-metal/model_cache/meta-llama/Llama-3.3-70B-Instruct/TG/tensor_cache_instruct_bfp8/layers.22.attention_norm.weight_distributed_dtype_BFLOAT16_layout_ROW_MAJOR.tensorbin of shape Shape([1, 1, 64, 32])
2026-08-29 09:16:20.515 | DEBUG    | core:as_tensor:724 - Loaded cache for /proj_sw/user_dev/ctr-apbernal/tt-metal/model_cache/meta-llama/Llama-3.3-70B-Instruct/TG/tensor_cache_instruct_bfp8/layers.22.ffn_norm.weight_dtype_BFLOAT16_layout_ROW_MAJOR.tensorbin of shape Shape([1, 1, 256, 32])
2026-08-29 09:16:20.516 | DEBUG    | core:as_tensor:724 - Loaded cache for /proj_sw/user_dev/ctr-apbernal/tt-metal/model_cache/meta-llama/Llama-3.3-70B-Instruct/TG/tensor_cache_instruct_bfp8/layers.22.ffn_norm.weight_distributed_dtype_BFLOAT16_layout_ROW_MAJOR.tensorbin of shape Shape([1, 1, 64, 32])
 29%|██▉       | 23/80 [00:13<00:32,  1.77it/s]2026-08-29 09:16:20.595 | DEBUG    | core:as_tensor:724 - Loaded cache for /proj_sw/user_dev/ctr-apbernal/tt-metal/model_cache/meta-llama/Llama-3.3-70B-Instruct/TG/tensor_cache_instruct_bfp8/layers.23.attention.wqkv_sharded_2d_prefetcher_dtype_BFLOAT8_B_layout_TILE.tensorbin of shape Shape([1, 1, 2048, 1280])
2026-08-29 09:16:20.635 | DEBUG    | core:as_tensor:724 - Loaded cache for /proj_sw/user_dev/ctr-apbernal/tt-metal/model_cache/meta-llama/Llama-3.3-70B-Instruct/TG/tensor_cache_instruct_bfp8/layers.23.attention.wqkv_sharded_2d_dram_dtype_BFLOAT8_B_layout_TILE.tensorbin of shape Shape([1, 1, 2048, 1280])
2026-08-29 09:16:20.674 | DEBUG    | core:as_tensor:724 - Loaded cache for /proj_sw/user_dev/ctr-apbernal/tt-metal/model_cache/meta-llama/Llama-3.3-70B-Instruct/TG/tensor_cache_instruct_bfp8/layers.23.attention.wo_width_sharded_2d_prefetcher_dtype_BFLOAT8_B_layout_TILE.tensorbin of shape Shape([1, 1, 1024, 2048])
2026-08-29 09:16:20.713 | DEBUG    | core:as_tensor:724 - Loaded cache for /proj_sw/user_dev/ctr-apbernal/tt-metal/model_cache/meta-llama/Llama-3.3-70B-Instruct/TG/tensor_cache_instruct_bfp8/layers.23.attention.wo_width_sharded_2d_dram_dtype_BFLOAT8_B_layout_TILE.tensorbin of shape Shape([1, 1, 1024, 2048])
2026-08-29 09:16:20.759 | DEBUG    | core:as_tensor:724 - Loaded cache for /proj_sw/user_dev/ctr-apbernal/tt-metal/model_cache/meta-llama/Llama-3.3-70B-Instruct/TG/tensor_cache_instruct_bfp8/layers.23.attention.wo_col_sharded_dram_dtype_BFLOAT8_B_layout_TILE.tensorbin of shape Shape([1, 1, 8192, 2048])
2026-08-29 09:16:20.775 | DEBUG    | core:as_tensor:724 - Loaded cache for /proj_sw/user_dev/ctr-apbernal/tt-metal/model_cache/meta-llama/Llama-3.3-70B-Instruct/TG/tensor_cache_instruct_bfp8/kvcache_torch.Size([2048, 1, 64, 128])_dtype_BFLOAT8_B_layout_TILE.tensorbin of shape Shape([2048, 1, 64, 128])
2026-08-29 09:16:20.786 | DEBUG    | core:as_tensor:724 - Loaded cache for /proj_sw/user_dev/ctr-apbernal/tt-metal/model_cache/meta-llama/Llama-3.3-70B-Instruct/TG/tensor_cache_instruct_bfp8/kvcache_torch.Size([2048, 1, 64, 128])_dtype_BFLOAT8_B_layout_TILE.tensorbin of shape Shape([2048, 1, 64, 128])
2026-08-29 09:16:20.848 | DEBUG    | core:as_tensor:724 - Loaded cache for /proj_sw/user_dev/ctr-apbernal/tt-metal/model_cache/meta-llama/Llama-3.3-70B-Instruct/TG/tensor_cache_instruct_bfp8/layers.23.feed_forward.w1_shardedprefetcher_dtype_BFLOAT4_B_layout_TILE.tensorbin of shape Shape([1, 1, 2048, 3584])
2026-08-29 09:16:20.897 | DEBUG    | core:as_tensor:724 - Loaded cache for /proj_sw/user_dev/ctr-apbernal/tt-metal/model_cache/meta-llama/Llama-3.3-70B-Instruct/TG/tensor_cache_instruct_bfp8/layers.23.feed_forward.w2_shardedprefetcher_dtype_BFLOAT8_B_layout_TILE.tensorbin of shape Shape([1, 1, 3584, 2048])
2026-08-29 09:16:20.940 | DEBUG    | core:as_tensor:724 - Loaded cache for /proj_sw/user_dev/ctr-apbernal/tt-metal/model_cache/meta-llama/Llama-3.3-70B-Instruct/TG/tensor_cache_instruct_bfp8/layers.23.feed_forward.w3_shardedprefetcher_dtype_BFLOAT4_B_layout_TILE.tensorbin of shape Shape([1, 1, 2048, 3584])
2026-08-29 09:16:20.982 | DEBUG    | core:as_tensor:724 - Loaded cache for /proj_sw/user_dev/ctr-apbernal/tt-metal/model_cache/meta-llama/Llama-3.3-70B-Instruct/TG/tensor_cache_instruct_bfp8/layers.23.feed_forward.w1_interleavedprefetcher_dtype_BFLOAT4_B_layout_TILE.tensorbin of shape Shape([1, 1, 2048, 3584])
2026-08-29 09:16:21.030 | DEBUG    | core:as_tensor:724 - Loaded cache for /proj_sw/user_dev/ctr-apbernal/tt-metal/model_cache/meta-llama/Llama-3.3-70B-Instruct/TG/tensor_cache_instruct_bfp8/layers.23.feed_forward.w2_interleavedprefetcher_dtype_BFLOAT8_B_layout_TILE.tensorbin of shape Shape([1, 1, 3584, 2048])
2026-08-29 09:16:21.072 | DEBUG    | core:as_tensor:724 - Loaded cache for /proj_sw/user_dev/ctr-apbernal/tt-metal/model_cache/meta-llama/Llama-3.3-70B-Instruct/TG/tensor_cache_instruct_bfp8/layers.23.feed_forward.w3_interleavedprefetcher_dtype_BFLOAT4_B_layout_TILE.tensorbin of shape Shape([1, 1, 2048, 3584])
2026-08-29 09:16:21.074 | DEBUG    | core:as_tensor:724 - Loaded cache for /proj_sw/user_dev/ctr-apbernal/tt-metal/model_cache/meta-llama/Llama-3.3-70B-Instruct/TG/tensor_cache_instruct_bfp8/layers.23.attention_norm.weight_dtype_BFLOAT16_layout_ROW_MAJOR.tensorbin of shape Shape([1, 1, 256, 32])
2026-08-29 09:16:21.075 | DEBUG    | core:as_tensor:724 - Loaded cache for /proj_sw/user_dev/ctr-apbernal/tt-metal/model_cache/meta-llama/Llama-3.3-70B-Instruct/TG/tensor_cache_instruct_bfp8/layers.23.attention_norm.weight_distributed_dtype_BFLOAT16_layout_ROW_MAJOR.tensorbin of shape Shape([1, 1, 64, 32])
2026-08-29 09:16:21.077 | DEBUG    | core:as_tensor:724 - Loaded cache for /proj_sw/user_dev/ctr-apbernal/tt-metal/model_cache/meta-llama/Llama-3.3-70B-Instruct/TG/tensor_cache_instruct_bfp8/layers.23.ffn_norm.weight_dtype_BFLOAT16_layout_ROW_MAJOR.tensorbin of shape Shape([1, 1, 256, 32])
2026-08-29 09:16:21.079 | DEBUG    | core:as_tensor:724 - Loaded cache for /proj_sw/user_dev/ctr-apbernal/tt-metal/model_cache/meta-llama/Llama-3.3-70B-Instruct/TG/tensor_cache_instruct_bfp8/layers.23.ffn_norm.weight_distributed_dtype_BFLOAT16_layout_ROW_MAJOR.tensorbin of shape Shape([1, 1, 64, 32])
 30%|███       | 24/80 [00:13<00:31,  1.78it/s]2026-08-29 09:16:21.164 | DEBUG    | core:as_tensor:724 - Loaded cache for /proj_sw/user_dev/ctr-apbernal/tt-metal/model_cache/meta-llama/Llama-3.3-70B-Instruct/TG/tensor_cache_instruct_bfp8/layers.24.attention.wqkv_sharded_2d_prefetcher_dtype_BFLOAT8_B_layout_TILE.tensorbin of shape Shape([1, 1, 2048, 1280])
2026-08-29 09:16:21.206 | DEBUG    | core:as_tensor:724 - Loaded cache for /proj_sw/user_dev/ctr-apbernal/tt-metal/model_cache/meta-llama/Llama-3.3-70B-Instruct/TG/tensor_cache_instruct_bfp8/layers.24.attention.wqkv_sharded_2d_dram_dtype_BFLOAT8_B_layout_TILE.tensorbin of shape Shape([1, 1, 2048, 1280])
2026-08-29 09:16:21.245 | DEBUG    | core:as_tensor:724 - Loaded cache for /proj_sw/user_dev/ctr-apbernal/tt-metal/model_cache/meta-llama/Llama-3.3-70B-Instruct/TG/tensor_cache_instruct_bfp8/layers.24.attention.wo_width_sharded_2d_prefetcher_dtype_BFLOAT8_B_layout_TILE.tensorbin of shape Shape([1, 1, 1024, 2048])
2026-08-29 09:16:21.283 | DEBUG    | core:as_tensor:724 - Loaded cache for /proj_sw/user_dev/ctr-apbernal/tt-metal/model_cache/meta-llama/Llama-3.3-70B-Instruct/TG/tensor_cache_instruct_bfp8/layers.24.attention.wo_width_sharded_2d_dram_dtype_BFLOAT8_B_layout_TILE.tensorbin of shape Shape([1, 1, 1024, 2048])
2026-08-29 09:16:21.329 | DEBUG    | core:as_tensor:724 - Loaded cache for /proj_sw/user_dev/ctr-apbernal/tt-metal/model_cache/meta-llama/Llama-3.3-70B-Instruct/TG/tensor_cache_instruct_bfp8/layers.24.attention.wo_col_sharded_dram_dtype_BFLOAT8_B_layout_TILE.tensorbin of shape Shape([1, 1, 8192, 2048])
2026-08-29 09:16:21.343 | DEBUG    | core:as_tensor:724 - Loaded cache for /proj_sw/user_dev/ctr-apbernal/tt-metal/model_cache/meta-llama/Llama-3.3-70B-Instruct/TG/tensor_cache_instruct_bfp8/kvcache_torch.Size([2048, 1, 64, 128])_dtype_BFLOAT8_B_layout_TILE.tensorbin of shape Shape([2048, 1, 64, 128])
2026-08-29 09:16:21.351 | DEBUG    | core:as_tensor:724 - Loaded cache for /proj_sw/user_dev/ctr-apbernal/tt-metal/model_cache/meta-llama/Llama-3.3-70B-Instruct/TG/tensor_cache_instruct_bfp8/kvcache_torch.Size([2048, 1, 64, 128])_dtype_BFLOAT8_B_layout_TILE.tensorbin of shape Shape([2048, 1, 64, 128])
2026-08-29 09:16:21.412 | DEBUG    | core:as_tensor:724 - Loaded cache for /proj_sw/user_dev/ctr-apbernal/tt-metal/model_cache/meta-llama/Llama-3.3-70B-Instruct/TG/tensor_cache_instruct_bfp8/layers.24.feed_forward.w1_shardedprefetcher_dtype_BFLOAT4_B_layout_TILE.tensorbin of shape Shape([1, 1, 2048, 3584])
2026-08-29 09:16:21.460 | DEBUG    | core:as_tensor:724 - Loaded cache for /proj_sw/user_dev/ctr-apbernal/tt-metal/model_cache/meta-llama/Llama-3.3-70B-Instruct/TG/tensor_cache_instruct_bfp8/layers.24.feed_forward.w2_shardedprefetcher_dtype_BFLOAT8_B_layout_TILE.tensorbin of shape Shape([1, 1, 3584, 2048])
2026-08-29 09:16:21.502 | DEBUG    | core:as_tensor:724 - Loaded cache for /proj_sw/user_dev/ctr-apbernal/tt-metal/model_cache/meta-llama/Llama-3.3-70B-Instruct/TG/tensor_cache_instruct_bfp8/layers.24.feed_forward.w3_shardedprefetcher_dtype_BFLOAT4_B_layout_TILE.tensorbin of shape Shape([1, 1, 2048, 3584])
2026-08-29 09:16:21.544 | DEBUG    | core:as_tensor:724 - Loaded cache for /proj_sw/user_dev/ctr-apbernal/tt-metal/model_cache/meta-llama/Llama-3.3-70B-Instruct/TG/tensor_cache_instruct_bfp8/layers.24.feed_forward.w1_interleavedprefetcher_dtype_BFLOAT4_B_layout_TILE.tensorbin of shape Shape([1, 1, 2048, 3584])
2026-08-29 09:16:21.592 | DEBUG    | core:as_tensor:724 - Loaded cache for /proj_sw/user_dev/ctr-apbernal/tt-metal/model_cache/meta-llama/Llama-3.3-70B-Instruct/TG/tensor_cache_instruct_bfp8/layers.24.feed_forward.w2_interleavedprefetcher_dtype_BFLOAT8_B_layout_TILE.tensorbin of shape Shape([1, 1, 3584, 2048])
2026-08-29 09:16:21.634 | DEBUG    | core:as_tensor:724 - Loaded cache for /proj_sw/user_dev/ctr-apbernal/tt-metal/model_cache/meta-llama/Llama-3.3-70B-Instruct/TG/tensor_cache_instruct_bfp8/layers.24.feed_forward.w3_interleavedprefetcher_dtype_BFLOAT4_B_layout_TILE.tensorbin of shape Shape([1, 1, 2048, 3584])
2026-08-29 09:16:21.636 | DEBUG    | core:as_tensor:724 - Loaded cache for /proj_sw/user_dev/ctr-apbernal/tt-metal/model_cache/meta-llama/Llama-3.3-70B-Instruct/TG/tensor_cache_instruct_bfp8/layers.24.attention_norm.weight_dtype_BFLOAT16_layout_ROW_MAJOR.tensorbin of shape Shape([1, 1, 256, 32])
2026-08-29 09:16:21.638 | DEBUG    | core:as_tensor:724 - Loaded cache for /proj_sw/user_dev/ctr-apbernal/tt-metal/model_cache/meta-llama/Llama-3.3-70B-Instruct/TG/tensor_cache_instruct_bfp8/layers.24.attention_norm.weight_distributed_dtype_BFLOAT16_layout_ROW_MAJOR.tensorbin of shape Shape([1, 1, 64, 32])
2026-08-29 09:16:21.640 | DEBUG    | core:as_tensor:724 - Loaded cache for /proj_sw/user_dev/ctr-apbernal/tt-metal/model_cache/meta-llama/Llama-3.3-70B-Instruct/TG/tensor_cache_instruct_bfp8/layers.24.ffn_norm.weight_dtype_BFLOAT16_layout_ROW_MAJOR.tensorbin of shape Shape([1, 1, 256, 32])
2026-08-29 09:16:21.642 | DEBUG    | core:as_tensor:724 - Loaded cache for /proj_sw/user_dev/ctr-apbernal/tt-metal/model_cache/meta-llama/Llama-3.3-70B-Instruct/TG/tensor_cache_instruct_bfp8/layers.24.ffn_norm.weight_distributed_dtype_BFLOAT16_layout_ROW_MAJOR.tensorbin of shape Shape([1, 1, 64, 32])
 31%|███▏      | 25/80 [00:14<00:30,  1.78it/s]2026-08-29 09:16:21.725 | DEBUG    | core:as_tensor:724 - Loaded cache for /proj_sw/user_dev/ctr-apbernal/tt-metal/model_cache/meta-llama/Llama-3.3-70B-Instruct/TG/tensor_cache_instruct_bfp8/layers.25.attention.wqkv_sharded_2d_prefetcher_dtype_BFLOAT8_B_layout_TILE.tensorbin of shape Shape([1, 1, 2048, 1280])
2026-08-29 09:16:21.765 | DEBUG    | core:as_tensor:724 - Loaded cache for /proj_sw/user_dev/ctr-apbernal/tt-metal/model_cache/meta-llama/Llama-3.3-70B-Instruct/TG/tensor_cache_instruct_bfp8/layers.25.attention.wqkv_sharded_2d_dram_dtype_BFLOAT8_B_layout_TILE.tensorbin of shape Shape([1, 1, 2048, 1280])
2026-08-29 09:16:21.805 | DEBUG    | core:as_tensor:724 - Loaded cache for /proj_sw/user_dev/ctr-apbernal/tt-metal/model_cache/meta-llama/Llama-3.3-70B-Instruct/TG/tensor_cache_instruct_bfp8/layers.25.attention.wo_width_sharded_2d_prefetcher_dtype_BFLOAT8_B_layout_TILE.tensorbin of shape Shape([1, 1, 1024, 2048])
2026-08-29 09:16:21.846 | DEBUG    | core:as_tensor:724 - Loaded cache for /proj_sw/user_dev/ctr-apbernal/tt-metal/model_cache/meta-llama/Llama-3.3-70B-Instruct/TG/tensor_cache_instruct_bfp8/layers.25.attention.wo_width_sharded_2d_dram_dtype_BFLOAT8_B_layout_TILE.tensorbin of shape Shape([1, 1, 1024, 2048])
2026-08-29 09:16:21.893 | DEBUG    | core:as_tensor:724 - Loaded cache for /proj_sw/user_dev/ctr-apbernal/tt-metal/model_cache/meta-llama/Llama-3.3-70B-Instruct/TG/tensor_cache_instruct_bfp8/layers.25.attention.wo_col_sharded_dram_dtype_BFLOAT8_B_layout_TILE.tensorbin of shape Shape([1, 1, 8192, 2048])
2026-08-29 09:16:21.907 | DEBUG    | core:as_tensor:724 - Loaded cache for /proj_sw/user_dev/ctr-apbernal/tt-metal/model_cache/meta-llama/Llama-3.3-70B-Instruct/TG/tensor_cache_instruct_bfp8/kvcache_torch.Size([2048, 1, 64, 128])_dtype_BFLOAT8_B_layout_TILE.tensorbin of shape Shape([2048, 1, 64, 128])
2026-08-29 09:16:21.914 | DEBUG    | core:as_tensor:724 - Loaded cache for /proj_sw/user_dev/ctr-apbernal/tt-metal/model_cache/meta-llama/Llama-3.3-70B-Instruct/TG/tensor_cache_instruct_bfp8/kvcache_torch.Size([2048, 1, 64, 128])_dtype_BFLOAT8_B_layout_TILE.tensorbin of shape Shape([2048, 1, 64, 128])
2026-08-29 09:16:21.977 | DEBUG    | core:as_tensor:724 - Loaded cache for /proj_sw/user_dev/ctr-apbernal/tt-metal/model_cache/meta-llama/Llama-3.3-70B-Instruct/TG/tensor_cache_instruct_bfp8/layers.25.feed_forward.w1_shardedprefetcher_dtype_BFLOAT4_B_layout_TILE.tensorbin of shape Shape([1, 1, 2048, 3584])
2026-08-29 09:16:22.026 | DEBUG    | core:as_tensor:724 - Loaded cache for /proj_sw/user_dev/ctr-apbernal/tt-metal/model_cache/meta-llama/Llama-3.3-70B-Instruct/TG/tensor_cache_instruct_bfp8/layers.25.feed_forward.w2_shardedprefetcher_dtype_BFLOAT8_B_layout_TILE.tensorbin of shape Shape([1, 1, 3584, 2048])
2026-08-29 09:16:22.069 | DEBUG    | core:as_tensor:724 - Loaded cache for /proj_sw/user_dev/ctr-apbernal/tt-metal/model_cache/meta-llama/Llama-3.3-70B-Instruct/TG/tensor_cache_instruct_bfp8/layers.25.feed_forward.w3_shardedprefetcher_dtype_BFLOAT4_B_layout_TILE.tensorbin of shape Shape([1, 1, 2048, 3584])
2026-08-29 09:16:22.111 | DEBUG    | core:as_tensor:724 - Loaded cache for /proj_sw/user_dev/ctr-apbernal/tt-metal/model_cache/meta-llama/Llama-3.3-70B-Instruct/TG/tensor_cache_instruct_bfp8/layers.25.feed_forward.w1_interleavedprefetcher_dtype_BFLOAT4_B_layout_TILE.tensorbin of shape Shape([1, 1, 2048, 3584])
2026-08-29 09:16:22.159 | DEBUG    | core:as_tensor:724 - Loaded cache for /proj_sw/user_dev/ctr-apbernal/tt-metal/model_cache/meta-llama/Llama-3.3-70B-Instruct/TG/tensor_cache_instruct_bfp8/layers.25.feed_forward.w2_interleavedprefetcher_dtype_BFLOAT8_B_layout_TILE.tensorbin of shape Shape([1, 1, 3584, 2048])
2026-08-29 09:16:22.200 | DEBUG    | core:as_tensor:724 - Loaded cache for /proj_sw/user_dev/ctr-apbernal/tt-metal/model_cache/meta-llama/Llama-3.3-70B-Instruct/TG/tensor_cache_instruct_bfp8/layers.25.feed_forward.w3_interleavedprefetcher_dtype_BFLOAT4_B_layout_TILE.tensorbin of shape Shape([1, 1, 2048, 3584])
2026-08-29 09:16:22.203 | DEBUG    | core:as_tensor:724 - Loaded cache for /proj_sw/user_dev/ctr-apbernal/tt-metal/model_cache/meta-llama/Llama-3.3-70B-Instruct/TG/tensor_cache_instruct_bfp8/layers.25.attention_norm.weight_dtype_BFLOAT16_layout_ROW_MAJOR.tensorbin of shape Shape([1, 1, 256, 32])
2026-08-29 09:16:22.206 | DEBUG    | core:as_tensor:724 - Loaded cache for /proj_sw/user_dev/ctr-apbernal/tt-metal/model_cache/meta-llama/Llama-3.3-70B-Instruct/TG/tensor_cache_instruct_bfp8/layers.25.attention_norm.weight_distributed_dtype_BFLOAT16_layout_ROW_MAJOR.tensorbin of shape Shape([1, 1, 64, 32])
2026-08-29 09:16:22.208 | DEBUG    | core:as_tensor:724 - Loaded cache for /proj_sw/user_dev/ctr-apbernal/tt-metal/model_cache/meta-llama/Llama-3.3-70B-Instruct/TG/tensor_cache_instruct_bfp8/layers.25.ffn_norm.weight_dtype_BFLOAT16_layout_ROW_MAJOR.tensorbin of shape Shape([1, 1, 256, 32])
2026-08-29 09:16:22.209 | DEBUG    | core:as_tensor:724 - Loaded cache for /proj_sw/user_dev/ctr-apbernal/tt-metal/model_cache/meta-llama/Llama-3.3-70B-Instruct/TG/tensor_cache_instruct_bfp8/layers.25.ffn_norm.weight_distributed_dtype_BFLOAT16_layout_ROW_MAJOR.tensorbin of shape Shape([1, 1, 64, 32])
 32%|███▎      | 26/80 [00:14<00:30,  1.77it/s]2026-08-29 09:16:22.290 | DEBUG    | core:as_tensor:724 - Loaded cache for /proj_sw/user_dev/ctr-apbernal/tt-metal/model_cache/meta-llama/Llama-3.3-70B-Instruct/TG/tensor_cache_instruct_bfp8/layers.26.attention.wqkv_sharded_2d_prefetcher_dtype_BFLOAT8_B_layout_TILE.tensorbin of shape Shape([1, 1, 2048, 1280])
2026-08-29 09:16:22.330 | DEBUG    | core:as_tensor:724 - Loaded cache for /proj_sw/user_dev/ctr-apbernal/tt-metal/model_cache/meta-llama/Llama-3.3-70B-Instruct/TG/tensor_cache_instruct_bfp8/layers.26.attention.wqkv_sharded_2d_dram_dtype_BFLOAT8_B_layout_TILE.tensorbin of shape Shape([1, 1, 2048, 1280])
2026-08-29 09:16:22.369 | DEBUG    | core:as_tensor:724 - Loaded cache for /proj_sw/user_dev/ctr-apbernal/tt-metal/model_cache/meta-llama/Llama-3.3-70B-Instruct/TG/tensor_cache_instruct_bfp8/layers.26.attention.wo_width_sharded_2d_prefetcher_dtype_BFLOAT8_B_layout_TILE.tensorbin of shape Shape([1, 1, 1024, 2048])
2026-08-29 09:16:22.408 | DEBUG    | core:as_tensor:724 - Loaded cache for /proj_sw/user_dev/ctr-apbernal/tt-metal/model_cache/meta-llama/Llama-3.3-70B-Instruct/TG/tensor_cache_instruct_bfp8/layers.26.attention.wo_width_sharded_2d_dram_dtype_BFLOAT8_B_layout_TILE.tensorbin of shape Shape([1, 1, 1024, 2048])
2026-08-29 09:16:22.454 | DEBUG    | core:as_tensor:724 - Loaded cache for /proj_sw/user_dev/ctr-apbernal/tt-metal/model_cache/meta-llama/Llama-3.3-70B-Instruct/TG/tensor_cache_instruct_bfp8/layers.26.attention.wo_col_sharded_dram_dtype_BFLOAT8_B_layout_TILE.tensorbin of shape Shape([1, 1, 8192, 2048])
2026-08-29 09:16:22.470 | DEBUG    | core:as_tensor:724 - Loaded cache for /proj_sw/user_dev/ctr-apbernal/tt-metal/model_cache/meta-llama/Llama-3.3-70B-Instruct/TG/tensor_cache_instruct_bfp8/kvcache_torch.Size([2048, 1, 64, 128])_dtype_BFLOAT8_B_layout_TILE.tensorbin of shape Shape([2048, 1, 64, 128])
2026-08-29 09:16:22.479 | DEBUG    | core:as_tensor:724 - Loaded cache for /proj_sw/user_dev/ctr-apbernal/tt-metal/model_cache/meta-llama/Llama-3.3-70B-Instruct/TG/tensor_cache_instruct_bfp8/kvcache_torch.Size([2048, 1, 64, 128])_dtype_BFLOAT8_B_layout_TILE.tensorbin of shape Shape([2048, 1, 64, 128])
2026-08-29 09:16:22.541 | DEBUG    | core:as_tensor:724 - Loaded cache for /proj_sw/user_dev/ctr-apbernal/tt-metal/model_cache/meta-llama/Llama-3.3-70B-Instruct/TG/tensor_cache_instruct_bfp8/layers.26.feed_forward.w1_shardedprefetcher_dtype_BFLOAT4_B_layout_TILE.tensorbin of shape Shape([1, 1, 2048, 3584])
2026-08-29 09:16:22.589 | DEBUG    | core:as_tensor:724 - Loaded cache for /proj_sw/user_dev/ctr-apbernal/tt-metal/model_cache/meta-llama/Llama-3.3-70B-Instruct/TG/tensor_cache_instruct_bfp8/layers.26.feed_forward.w2_shardedprefetcher_dtype_BFLOAT8_B_layout_TILE.tensorbin of shape Shape([1, 1, 3584, 2048])
2026-08-29 09:16:22.632 | DEBUG    | core:as_tensor:724 - Loaded cache for /proj_sw/user_dev/ctr-apbernal/tt-metal/model_cache/meta-llama/Llama-3.3-70B-Instruct/TG/tensor_cache_instruct_bfp8/layers.26.feed_forward.w3_shardedprefetcher_dtype_BFLOAT4_B_layout_TILE.tensorbin of shape Shape([1, 1, 2048, 3584])
2026-08-29 09:16:22.675 | DEBUG    | core:as_tensor:724 - Loaded cache for /proj_sw/user_dev/ctr-apbernal/tt-metal/model_cache/meta-llama/Llama-3.3-70B-Instruct/TG/tensor_cache_instruct_bfp8/layers.26.feed_forward.w1_interleavedprefetcher_dtype_BFLOAT4_B_layout_TILE.tensorbin of shape Shape([1, 1, 2048, 3584])
2026-08-29 09:16:22.723 | DEBUG    | core:as_tensor:724 - Loaded cache for /proj_sw/user_dev/ctr-apbernal/tt-metal/model_cache/meta-llama/Llama-3.3-70B-Instruct/TG/tensor_cache_instruct_bfp8/layers.26.feed_forward.w2_interleavedprefetcher_dtype_BFLOAT8_B_layout_TILE.tensorbin of shape Shape([1, 1, 3584, 2048])
2026-08-29 09:16:22.765 | DEBUG    | core:as_tensor:724 - Loaded cache for /proj_sw/user_dev/ctr-apbernal/tt-metal/model_cache/meta-llama/Llama-3.3-70B-Instruct/TG/tensor_cache_instruct_bfp8/layers.26.feed_forward.w3_interleavedprefetcher_dtype_BFLOAT4_B_layout_TILE.tensorbin of shape Shape([1, 1, 2048, 3584])
2026-08-29 09:16:22.767 | DEBUG    | core:as_tensor:724 - Loaded cache for /proj_sw/user_dev/ctr-apbernal/tt-metal/model_cache/meta-llama/Llama-3.3-70B-Instruct/TG/tensor_cache_instruct_bfp8/layers.26.attention_norm.weight_dtype_BFLOAT16_layout_ROW_MAJOR.tensorbin of shape Shape([1, 1, 256, 32])
2026-08-29 09:16:22.769 | DEBUG    | core:as_tensor:724 - Loaded cache for /proj_sw/user_dev/ctr-apbernal/tt-metal/model_cache/meta-llama/Llama-3.3-70B-Instruct/TG/tensor_cache_instruct_bfp8/layers.26.attention_norm.weight_distributed_dtype_BFLOAT16_layout_ROW_MAJOR.tensorbin of shape Shape([1, 1, 64, 32])
2026-08-29 09:16:22.770 | DEBUG    | core:as_tensor:724 - Loaded cache for /proj_sw/user_dev/ctr-apbernal/tt-metal/model_cache/meta-llama/Llama-3.3-70B-Instruct/TG/tensor_cache_instruct_bfp8/layers.26.ffn_norm.weight_dtype_BFLOAT16_layout_ROW_MAJOR.tensorbin of shape Shape([1, 1, 256, 32])
2026-08-29 09:16:22.772 | DEBUG    | core:as_tensor:724 - Loaded cache for /proj_sw/user_dev/ctr-apbernal/tt-metal/model_cache/meta-llama/Llama-3.3-70B-Instruct/TG/tensor_cache_instruct_bfp8/layers.26.ffn_norm.weight_distributed_dtype_BFLOAT16_layout_ROW_MAJOR.tensorbin of shape Shape([1, 1, 64, 32])
 34%|███▍      | 27/80 [00:15<00:29,  1.77it/s]2026-08-29 09:16:22.854 | DEBUG    | core:as_tensor:724 - Loaded cache for /proj_sw/user_dev/ctr-apbernal/tt-metal/model_cache/meta-llama/Llama-3.3-70B-Instruct/TG/tensor_cache_instruct_bfp8/layers.27.attention.wqkv_sharded_2d_prefetcher_dtype_BFLOAT8_B_layout_TILE.tensorbin of shape Shape([1, 1, 2048, 1280])
2026-08-29 09:16:22.893 | DEBUG    | core:as_tensor:724 - Loaded cache for /proj_sw/user_dev/ctr-apbernal/tt-metal/model_cache/meta-llama/Llama-3.3-70B-Instruct/TG/tensor_cache_instruct_bfp8/layers.27.attention.wqkv_sharded_2d_dram_dtype_BFLOAT8_B_layout_TILE.tensorbin of shape Shape([1, 1, 2048, 1280])
2026-08-29 09:16:22.933 | DEBUG    | core:as_tensor:724 - Loaded cache for /proj_sw/user_dev/ctr-apbernal/tt-metal/model_cache/meta-llama/Llama-3.3-70B-Instruct/TG/tensor_cache_instruct_bfp8/layers.27.attention.wo_width_sharded_2d_prefetcher_dtype_BFLOAT8_B_layout_TILE.tensorbin of shape Shape([1, 1, 1024, 2048])
2026-08-29 09:16:22.971 | DEBUG    | core:as_tensor:724 - Loaded cache for /proj_sw/user_dev/ctr-apbernal/tt-metal/model_cache/meta-llama/Llama-3.3-70B-Instruct/TG/tensor_cache_instruct_bfp8/layers.27.attention.wo_width_sharded_2d_dram_dtype_BFLOAT8_B_layout_TILE.tensorbin of shape Shape([1, 1, 1024, 2048])
2026-08-29 09:16:23.018 | DEBUG    | core:as_tensor:724 - Loaded cache for /proj_sw/user_dev/ctr-apbernal/tt-metal/model_cache/meta-llama/Llama-3.3-70B-Instruct/TG/tensor_cache_instruct_bfp8/layers.27.attention.wo_col_sharded_dram_dtype_BFLOAT8_B_layout_TILE.tensorbin of shape Shape([1, 1, 8192, 2048])
2026-08-29 09:16:23.034 | DEBUG    | core:as_tensor:724 - Loaded cache for /proj_sw/user_dev/ctr-apbernal/tt-metal/model_cache/meta-llama/Llama-3.3-70B-Instruct/TG/tensor_cache_instruct_bfp8/kvcache_torch.Size([2048, 1, 64, 128])_dtype_BFLOAT8_B_layout_TILE.tensorbin of shape Shape([2048, 1, 64, 128])
2026-08-29 09:16:23.042 | DEBUG    | core:as_tensor:724 - Loaded cache for /proj_sw/user_dev/ctr-apbernal/tt-metal/model_cache/meta-llama/Llama-3.3-70B-Instruct/TG/tensor_cache_instruct_bfp8/kvcache_torch.Size([2048, 1, 64, 128])_dtype_BFLOAT8_B_layout_TILE.tensorbin of shape Shape([2048, 1, 64, 128])
2026-08-29 09:16:23.105 | DEBUG    | core:as_tensor:724 - Loaded cache for /proj_sw/user_dev/ctr-apbernal/tt-metal/model_cache/meta-llama/Llama-3.3-70B-Instruct/TG/tensor_cache_instruct_bfp8/layers.27.feed_forward.w1_shardedprefetcher_dtype_BFLOAT4_B_layout_TILE.tensorbin of shape Shape([1, 1, 2048, 3584])
2026-08-29 09:16:23.155 | DEBUG    | core:as_tensor:724 - Loaded cache for /proj_sw/user_dev/ctr-apbernal/tt-metal/model_cache/meta-llama/Llama-3.3-70B-Instruct/TG/tensor_cache_instruct_bfp8/layers.27.feed_forward.w2_shardedprefetcher_dtype_BFLOAT8_B_layout_TILE.tensorbin of shape Shape([1, 1, 3584, 2048])
2026-08-29 09:16:23.198 | DEBUG    | core:as_tensor:724 - Loaded cache for /proj_sw/user_dev/ctr-apbernal/tt-metal/model_cache/meta-llama/Llama-3.3-70B-Instruct/TG/tensor_cache_instruct_bfp8/layers.27.feed_forward.w3_shardedprefetcher_dtype_BFLOAT4_B_layout_TILE.tensorbin of shape Shape([1, 1, 2048, 3584])
2026-08-29 09:16:23.240 | DEBUG    | core:as_tensor:724 - Loaded cache for /proj_sw/user_dev/ctr-apbernal/tt-metal/model_cache/meta-llama/Llama-3.3-70B-Instruct/TG/tensor_cache_instruct_bfp8/layers.27.feed_forward.w1_interleavedprefetcher_dtype_BFLOAT4_B_layout_TILE.tensorbin of shape Shape([1, 1, 2048, 3584])
2026-08-29 09:16:23.288 | DEBUG    | core:as_tensor:724 - Loaded cache for /proj_sw/user_dev/ctr-apbernal/tt-metal/model_cache/meta-llama/Llama-3.3-70B-Instruct/TG/tensor_cache_instruct_bfp8/layers.27.feed_forward.w2_interleavedprefetcher_dtype_BFLOAT8_B_layout_TILE.tensorbin of shape Shape([1, 1, 3584, 2048])
2026-08-29 09:16:23.330 | DEBUG    | core:as_tensor:724 - Loaded cache for /proj_sw/user_dev/ctr-apbernal/tt-metal/model_cache/meta-llama/Llama-3.3-70B-Instruct/TG/tensor_cache_instruct_bfp8/layers.27.feed_forward.w3_interleavedprefetcher_dtype_BFLOAT4_B_layout_TILE.tensorbin of shape Shape([1, 1, 2048, 3584])
2026-08-29 09:16:23.332 | DEBUG    | core:as_tensor:724 - Loaded cache for /proj_sw/user_dev/ctr-apbernal/tt-metal/model_cache/meta-llama/Llama-3.3-70B-Instruct/TG/tensor_cache_instruct_bfp8/layers.27.attention_norm.weight_dtype_BFLOAT16_layout_ROW_MAJOR.tensorbin of shape Shape([1, 1, 256, 32])
2026-08-29 09:16:23.334 | DEBUG    | core:as_tensor:724 - Loaded cache for /proj_sw/user_dev/ctr-apbernal/tt-metal/model_cache/meta-llama/Llama-3.3-70B-Instruct/TG/tensor_cache_instruct_bfp8/layers.27.attention_norm.weight_distributed_dtype_BFLOAT16_layout_ROW_MAJOR.tensorbin of shape Shape([1, 1, 64, 32])
2026-08-29 09:16:23.335 | DEBUG    | core:as_tensor:724 - Loaded cache for /proj_sw/user_dev/ctr-apbernal/tt-metal/model_cache/meta-llama/Llama-3.3-70B-Instruct/TG/tensor_cache_instruct_bfp8/layers.27.ffn_norm.weight_dtype_BFLOAT16_layout_ROW_MAJOR.tensorbin of shape Shape([1, 1, 256, 32])
2026-08-29 09:16:23.336 | DEBUG    | core:as_tensor:724 - Loaded cache for /proj_sw/user_dev/ctr-apbernal/tt-metal/model_cache/meta-llama/Llama-3.3-70B-Instruct/TG/tensor_cache_instruct_bfp8/layers.27.ffn_norm.weight_distributed_dtype_BFLOAT16_layout_ROW_MAJOR.tensorbin of shape Shape([1, 1, 64, 32])
 35%|███▌      | 28/80 [00:15<00:29,  1.77it/s]2026-08-29 09:16:23.416 | DEBUG    | core:as_tensor:724 - Loaded cache for /proj_sw/user_dev/ctr-apbernal/tt-metal/model_cache/meta-llama/Llama-3.3-70B-Instruct/TG/tensor_cache_instruct_bfp8/layers.28.attention.wqkv_sharded_2d_prefetcher_dtype_BFLOAT8_B_layout_TILE.tensorbin of shape Shape([1, 1, 2048, 1280])
2026-08-29 09:16:23.456 | DEBUG    | core:as_tensor:724 - Loaded cache for /proj_sw/user_dev/ctr-apbernal/tt-metal/model_cache/meta-llama/Llama-3.3-70B-Instruct/TG/tensor_cache_instruct_bfp8/layers.28.attention.wqkv_sharded_2d_dram_dtype_BFLOAT8_B_layout_TILE.tensorbin of shape Shape([1, 1, 2048, 1280])
2026-08-29 09:16:23.495 | DEBUG    | core:as_tensor:724 - Loaded cache for /proj_sw/user_dev/ctr-apbernal/tt-metal/model_cache/meta-llama/Llama-3.3-70B-Instruct/TG/tensor_cache_instruct_bfp8/layers.28.attention.wo_width_sharded_2d_prefetcher_dtype_BFLOAT8_B_layout_TILE.tensorbin of shape Shape([1, 1, 1024, 2048])
2026-08-29 09:16:23.533 | DEBUG    | core:as_tensor:724 - Loaded cache for /proj_sw/user_dev/ctr-apbernal/tt-metal/model_cache/meta-llama/Llama-3.3-70B-Instruct/TG/tensor_cache_instruct_bfp8/layers.28.attention.wo_width_sharded_2d_dram_dtype_BFLOAT8_B_layout_TILE.tensorbin of shape Shape([1, 1, 1024, 2048])
2026-08-29 09:16:23.579 | DEBUG    | core:as_tensor:724 - Loaded cache for /proj_sw/user_dev/ctr-apbernal/tt-metal/model_cache/meta-llama/Llama-3.3-70B-Instruct/TG/tensor_cache_instruct_bfp8/layers.28.attention.wo_col_sharded_dram_dtype_BFLOAT8_B_layout_TILE.tensorbin of shape Shape([1, 1, 8192, 2048])
2026-08-29 09:16:23.594 | DEBUG    | core:as_tensor:724 - Loaded cache for /proj_sw/user_dev/ctr-apbernal/tt-metal/model_cache/meta-llama/Llama-3.3-70B-Instruct/TG/tensor_cache_instruct_bfp8/kvcache_torch.Size([2048, 1, 64, 128])_dtype_BFLOAT8_B_layout_TILE.tensorbin of shape Shape([2048, 1, 64, 128])
2026-08-29 09:16:23.604 | DEBUG    | core:as_tensor:724 - Loaded cache for /proj_sw/user_dev/ctr-apbernal/tt-metal/model_cache/meta-llama/Llama-3.3-70B-Instruct/TG/tensor_cache_instruct_bfp8/kvcache_torch.Size([2048, 1, 64, 128])_dtype_BFLOAT8_B_layout_TILE.tensorbin of shape Shape([2048, 1, 64, 128])
2026-08-29 09:16:23.666 | DEBUG    | core:as_tensor:724 - Loaded cache for /proj_sw/user_dev/ctr-apbernal/tt-metal/model_cache/meta-llama/Llama-3.3-70B-Instruct/TG/tensor_cache_instruct_bfp8/layers.28.feed_forward.w1_shardedprefetcher_dtype_BFLOAT4_B_layout_TILE.tensorbin of shape Shape([1, 1, 2048, 3584])
2026-08-29 09:16:23.717 | DEBUG    | core:as_tensor:724 - Loaded cache for /proj_sw/user_dev/ctr-apbernal/tt-metal/model_cache/meta-llama/Llama-3.3-70B-Instruct/TG/tensor_cache_instruct_bfp8/layers.28.feed_forward.w2_shardedprefetcher_dtype_BFLOAT8_B_layout_TILE.tensorbin of shape Shape([1, 1, 3584, 2048])
2026-08-29 09:16:23.762 | DEBUG    | core:as_tensor:724 - Loaded cache for /proj_sw/user_dev/ctr-apbernal/tt-metal/model_cache/meta-llama/Llama-3.3-70B-Instruct/TG/tensor_cache_instruct_bfp8/layers.28.feed_forward.w3_shardedprefetcher_dtype_BFLOAT4_B_layout_TILE.tensorbin of shape Shape([1, 1, 2048, 3584])
2026-08-29 09:16:23.807 | DEBUG    | core:as_tensor:724 - Loaded cache for /proj_sw/user_dev/ctr-apbernal/tt-metal/model_cache/meta-llama/Llama-3.3-70B-Instruct/TG/tensor_cache_instruct_bfp8/layers.28.feed_forward.w1_interleavedprefetcher_dtype_BFLOAT4_B_layout_TILE.tensorbin of shape Shape([1, 1, 2048, 3584])
2026-08-29 09:16:23.855 | DEBUG    | core:as_tensor:724 - Loaded cache for /proj_sw/user_dev/ctr-apbernal/tt-metal/model_cache/meta-llama/Llama-3.3-70B-Instruct/TG/tensor_cache_instruct_bfp8/layers.28.feed_forward.w2_interleavedprefetcher_dtype_BFLOAT8_B_layout_TILE.tensorbin of shape Shape([1, 1, 3584, 2048])
2026-08-29 09:16:23.900 | DEBUG    | core:as_tensor:724 - Loaded cache for /proj_sw/user_dev/ctr-apbernal/tt-metal/model_cache/meta-llama/Llama-3.3-70B-Instruct/TG/tensor_cache_instruct_bfp8/layers.28.feed_forward.w3_interleavedprefetcher_dtype_BFLOAT4_B_layout_TILE.tensorbin of shape Shape([1, 1, 2048, 3584])
2026-08-29 09:16:23.902 | DEBUG    | core:as_tensor:724 - Loaded cache for /proj_sw/user_dev/ctr-apbernal/tt-metal/model_cache/meta-llama/Llama-3.3-70B-Instruct/TG/tensor_cache_instruct_bfp8/layers.28.attention_norm.weight_dtype_BFLOAT16_layout_ROW_MAJOR.tensorbin of shape Shape([1, 1, 256, 32])
2026-08-29 09:16:23.903 | DEBUG    | core:as_tensor:724 - Loaded cache for /proj_sw/user_dev/ctr-apbernal/tt-metal/model_cache/meta-llama/Llama-3.3-70B-Instruct/TG/tensor_cache_instruct_bfp8/layers.28.attention_norm.weight_distributed_dtype_BFLOAT16_layout_ROW_MAJOR.tensorbin of shape Shape([1, 1, 64, 32])
2026-08-29 09:16:23.905 | DEBUG    | core:as_tensor:724 - Loaded cache for /proj_sw/user_dev/ctr-apbernal/tt-metal/model_cache/meta-llama/Llama-3.3-70B-Instruct/TG/tensor_cache_instruct_bfp8/layers.28.ffn_norm.weight_dtype_BFLOAT16_layout_ROW_MAJOR.tensorbin of shape Shape([1, 1, 256, 32])
2026-08-29 09:16:23.908 | DEBUG    | core:as_tensor:724 - Loaded cache for /proj_sw/user_dev/ctr-apbernal/tt-metal/model_cache/meta-llama/Llama-3.3-70B-Instruct/TG/tensor_cache_instruct_bfp8/layers.28.ffn_norm.weight_distributed_dtype_BFLOAT16_layout_ROW_MAJOR.tensorbin of shape Shape([1, 1, 64, 32])
 36%|███▋      | 29/80 [00:16<00:28,  1.77it/s]2026-08-29 09:16:23.987 | DEBUG    | core:as_tensor:724 - Loaded cache for /proj_sw/user_dev/ctr-apbernal/tt-metal/model_cache/meta-llama/Llama-3.3-70B-Instruct/TG/tensor_cache_instruct_bfp8/layers.29.attention.wqkv_sharded_2d_prefetcher_dtype_BFLOAT8_B_layout_TILE.tensorbin of shape Shape([1, 1, 2048, 1280])
2026-08-29 09:16:24.027 | DEBUG    | core:as_tensor:724 - Loaded cache for /proj_sw/user_dev/ctr-apbernal/tt-metal/model_cache/meta-llama/Llama-3.3-70B-Instruct/TG/tensor_cache_instruct_bfp8/layers.29.attention.wqkv_sharded_2d_dram_dtype_BFLOAT8_B_layout_TILE.tensorbin of shape Shape([1, 1, 2048, 1280])
2026-08-29 09:16:24.067 | DEBUG    | core:as_tensor:724 - Loaded cache for /proj_sw/user_dev/ctr-apbernal/tt-metal/model_cache/meta-llama/Llama-3.3-70B-Instruct/TG/tensor_cache_instruct_bfp8/layers.29.attention.wo_width_sharded_2d_prefetcher_dtype_BFLOAT8_B_layout_TILE.tensorbin of shape Shape([1, 1, 1024, 2048])
2026-08-29 09:16:24.106 | DEBUG    | core:as_tensor:724 - Loaded cache for /proj_sw/user_dev/ctr-apbernal/tt-metal/model_cache/meta-llama/Llama-3.3-70B-Instruct/TG/tensor_cache_instruct_bfp8/layers.29.attention.wo_width_sharded_2d_dram_dtype_BFLOAT8_B_layout_TILE.tensorbin of shape Shape([1, 1, 1024, 2048])
2026-08-29 09:16:24.153 | DEBUG    | core:as_tensor:724 - Loaded cache for /proj_sw/user_dev/ctr-apbernal/tt-metal/model_cache/meta-llama/Llama-3.3-70B-Instruct/TG/tensor_cache_instruct_bfp8/layers.29.attention.wo_col_sharded_dram_dtype_BFLOAT8_B_layout_TILE.tensorbin of shape Shape([1, 1, 8192, 2048])
2026-08-29 09:16:24.167 | DEBUG    | core:as_tensor:724 - Loaded cache for /proj_sw/user_dev/ctr-apbernal/tt-metal/model_cache/meta-llama/Llama-3.3-70B-Instruct/TG/tensor_cache_instruct_bfp8/kvcache_torch.Size([2048, 1, 64, 128])_dtype_BFLOAT8_B_layout_TILE.tensorbin of shape Shape([2048, 1, 64, 128])
2026-08-29 09:16:24.175 | DEBUG    | core:as_tensor:724 - Loaded cache for /proj_sw/user_dev/ctr-apbernal/tt-metal/model_cache/meta-llama/Llama-3.3-70B-Instruct/TG/tensor_cache_instruct_bfp8/kvcache_torch.Size([2048, 1, 64, 128])_dtype_BFLOAT8_B_layout_TILE.tensorbin of shape Shape([2048, 1, 64, 128])
2026-08-29 09:16:24.239 | DEBUG    | core:as_tensor:724 - Loaded cache for /proj_sw/user_dev/ctr-apbernal/tt-metal/model_cache/meta-llama/Llama-3.3-70B-Instruct/TG/tensor_cache_instruct_bfp8/layers.29.feed_forward.w1_shardedprefetcher_dtype_BFLOAT4_B_layout_TILE.tensorbin of shape Shape([1, 1, 2048, 3584])
2026-08-29 09:16:24.287 | DEBUG    | core:as_tensor:724 - Loaded cache for /proj_sw/user_dev/ctr-apbernal/tt-metal/model_cache/meta-llama/Llama-3.3-70B-Instruct/TG/tensor_cache_instruct_bfp8/layers.29.feed_forward.w2_shardedprefetcher_dtype_BFLOAT8_B_layout_TILE.tensorbin of shape Shape([1, 1, 3584, 2048])
2026-08-29 09:16:24.330 | DEBUG    | core:as_tensor:724 - Loaded cache for /proj_sw/user_dev/ctr-apbernal/tt-metal/model_cache/meta-llama/Llama-3.3-70B-Instruct/TG/tensor_cache_instruct_bfp8/layers.29.feed_forward.w3_shardedprefetcher_dtype_BFLOAT4_B_layout_TILE.tensorbin of shape Shape([1, 1, 2048, 3584])
2026-08-29 09:16:24.373 | DEBUG    | core:as_tensor:724 - Loaded cache for /proj_sw/user_dev/ctr-apbernal/tt-metal/model_cache/meta-llama/Llama-3.3-70B-Instruct/TG/tensor_cache_instruct_bfp8/layers.29.feed_forward.w1_interleavedprefetcher_dtype_BFLOAT4_B_layout_TILE.tensorbin of shape Shape([1, 1, 2048, 3584])
2026-08-29 09:16:24.424 | DEBUG    | core:as_tensor:724 - Loaded cache for /proj_sw/user_dev/ctr-apbernal/tt-metal/model_cache/meta-llama/Llama-3.3-70B-Instruct/TG/tensor_cache_instruct_bfp8/layers.29.feed_forward.w2_interleavedprefetcher_dtype_BFLOAT8_B_layout_TILE.tensorbin of shape Shape([1, 1, 3584, 2048])
2026-08-29 09:16:24.466 | DEBUG    | core:as_tensor:724 - Loaded cache for /proj_sw/user_dev/ctr-apbernal/tt-metal/model_cache/meta-llama/Llama-3.3-70B-Instruct/TG/tensor_cache_instruct_bfp8/layers.29.feed_forward.w3_interleavedprefetcher_dtype_BFLOAT4_B_layout_TILE.tensorbin of shape Shape([1, 1, 2048, 3584])
2026-08-29 09:16:24.468 | DEBUG    | core:as_tensor:724 - Loaded cache for /proj_sw/user_dev/ctr-apbernal/tt-metal/model_cache/meta-llama/Llama-3.3-70B-Instruct/TG/tensor_cache_instruct_bfp8/layers.29.attention_norm.weight_dtype_BFLOAT16_layout_ROW_MAJOR.tensorbin of shape Shape([1, 1, 256, 32])
2026-08-29 09:16:24.470 | DEBUG    | core:as_tensor:724 - Loaded cache for /proj_sw/user_dev/ctr-apbernal/tt-metal/model_cache/meta-llama/Llama-3.3-70B-Instruct/TG/tensor_cache_instruct_bfp8/layers.29.attention_norm.weight_distributed_dtype_BFLOAT16_layout_ROW_MAJOR.tensorbin of shape Shape([1, 1, 64, 32])
2026-08-29 09:16:24.473 | DEBUG    | core:as_tensor:724 - Loaded cache for /proj_sw/user_dev/ctr-apbernal/tt-metal/model_cache/meta-llama/Llama-3.3-70B-Instruct/TG/tensor_cache_instruct_bfp8/layers.29.ffn_norm.weight_dtype_BFLOAT16_layout_ROW_MAJOR.tensorbin of shape Shape([1, 1, 256, 32])
2026-08-29 09:16:24.475 | DEBUG    | core:as_tensor:724 - Loaded cache for /proj_sw/user_dev/ctr-apbernal/tt-metal/model_cache/meta-llama/Llama-3.3-70B-Instruct/TG/tensor_cache_instruct_bfp8/layers.29.ffn_norm.weight_distributed_dtype_BFLOAT16_layout_ROW_MAJOR.tensorbin of shape Shape([1, 1, 64, 32])
 38%|███▊      | 30/80 [00:16<00:28,  1.77it/s]2026-08-29 09:16:24.558 | DEBUG    | core:as_tensor:724 - Loaded cache for /proj_sw/user_dev/ctr-apbernal/tt-metal/model_cache/meta-llama/Llama-3.3-70B-Instruct/TG/tensor_cache_instruct_bfp8/layers.30.attention.wqkv_sharded_2d_prefetcher_dtype_BFLOAT8_B_layout_TILE.tensorbin of shape Shape([1, 1, 2048, 1280])
2026-08-29 09:16:24.598 | DEBUG    | core:as_tensor:724 - Loaded cache for /proj_sw/user_dev/ctr-apbernal/tt-metal/model_cache/meta-llama/Llama-3.3-70B-Instruct/TG/tensor_cache_instruct_bfp8/layers.30.attention.wqkv_sharded_2d_dram_dtype_BFLOAT8_B_layout_TILE.tensorbin of shape Shape([1, 1, 2048, 1280])
2026-08-29 09:16:24.637 | DEBUG    | core:as_tensor:724 - Loaded cache for /proj_sw/user_dev/ctr-apbernal/tt-metal/model_cache/meta-llama/Llama-3.3-70B-Instruct/TG/tensor_cache_instruct_bfp8/layers.30.attention.wo_width_sharded_2d_prefetcher_dtype_BFLOAT8_B_layout_TILE.tensorbin of shape Shape([1, 1, 1024, 2048])
2026-08-29 09:16:24.679 | DEBUG    | core:as_tensor:724 - Loaded cache for /proj_sw/user_dev/ctr-apbernal/tt-metal/model_cache/meta-llama/Llama-3.3-70B-Instruct/TG/tensor_cache_instruct_bfp8/layers.30.attention.wo_width_sharded_2d_dram_dtype_BFLOAT8_B_layout_TILE.tensorbin of shape Shape([1, 1, 1024, 2048])
2026-08-29 09:16:24.726 | DEBUG    | core:as_tensor:724 - Loaded cache for /proj_sw/user_dev/ctr-apbernal/tt-metal/model_cache/meta-llama/Llama-3.3-70B-Instruct/TG/tensor_cache_instruct_bfp8/layers.30.attention.wo_col_sharded_dram_dtype_BFLOAT8_B_layout_TILE.tensorbin of shape Shape([1, 1, 8192, 2048])
2026-08-29 09:16:24.740 | DEBUG    | core:as_tensor:724 - Loaded cache for /proj_sw/user_dev/ctr-apbernal/tt-metal/model_cache/meta-llama/Llama-3.3-70B-Instruct/TG/tensor_cache_instruct_bfp8/kvcache_torch.Size([2048, 1, 64, 128])_dtype_BFLOAT8_B_layout_TILE.tensorbin of shape Shape([2048, 1, 64, 128])
2026-08-29 09:16:24.750 | DEBUG    | core:as_tensor:724 - Loaded cache for /proj_sw/user_dev/ctr-apbernal/tt-metal/model_cache/meta-llama/Llama-3.3-70B-Instruct/TG/tensor_cache_instruct_bfp8/kvcache_torch.Size([2048, 1, 64, 128])_dtype_BFLOAT8_B_layout_TILE.tensorbin of shape Shape([2048, 1, 64, 128])
2026-08-29 09:16:24.815 | DEBUG    | core:as_tensor:724 - Loaded cache for /proj_sw/user_dev/ctr-apbernal/tt-metal/model_cache/meta-llama/Llama-3.3-70B-Instruct/TG/tensor_cache_instruct_bfp8/layers.30.feed_forward.w1_shardedprefetcher_dtype_BFLOAT4_B_layout_TILE.tensorbin of shape Shape([1, 1, 2048, 3584])
2026-08-29 09:16:24.864 | DEBUG    | core:as_tensor:724 - Loaded cache for /proj_sw/user_dev/ctr-apbernal/tt-metal/model_cache/meta-llama/Llama-3.3-70B-Instruct/TG/tensor_cache_instruct_bfp8/layers.30.feed_forward.w2_shardedprefetcher_dtype_BFLOAT8_B_layout_TILE.tensorbin of shape Shape([1, 1, 3584, 2048])
2026-08-29 09:16:24.909 | DEBUG    | core:as_tensor:724 - Loaded cache for /proj_sw/user_dev/ctr-apbernal/tt-metal/model_cache/meta-llama/Llama-3.3-70B-Instruct/TG/tensor_cache_instruct_bfp8/layers.30.feed_forward.w3_shardedprefetcher_dtype_BFLOAT4_B_layout_TILE.tensorbin of shape Shape([1, 1, 2048, 3584])
2026-08-29 09:16:24.951 | DEBUG    | core:as_tensor:724 - Loaded cache for /proj_sw/user_dev/ctr-apbernal/tt-metal/model_cache/meta-llama/Llama-3.3-70B-Instruct/TG/tensor_cache_instruct_bfp8/layers.30.feed_forward.w1_interleavedprefetcher_dtype_BFLOAT4_B_layout_TILE.tensorbin of shape Shape([1, 1, 2048, 3584])
2026-08-29 09:16:24.999 | DEBUG    | core:as_tensor:724 - Loaded cache for /proj_sw/user_dev/ctr-apbernal/tt-metal/model_cache/meta-llama/Llama-3.3-70B-Instruct/TG/tensor_cache_instruct_bfp8/layers.30.feed_forward.w2_interleavedprefetcher_dtype_BFLOAT8_B_layout_TILE.tensorbin of shape Shape([1, 1, 3584, 2048])
2026-08-29 09:16:25.042 | DEBUG    | core:as_tensor:724 - Loaded cache for /proj_sw/user_dev/ctr-apbernal/tt-metal/model_cache/meta-llama/Llama-3.3-70B-Instruct/TG/tensor_cache_instruct_bfp8/layers.30.feed_forward.w3_interleavedprefetcher_dtype_BFLOAT4_B_layout_TILE.tensorbin of shape Shape([1, 1, 2048, 3584])
2026-08-29 09:16:25.044 | DEBUG    | core:as_tensor:724 - Loaded cache for /proj_sw/user_dev/ctr-apbernal/tt-metal/model_cache/meta-llama/Llama-3.3-70B-Instruct/TG/tensor_cache_instruct_bfp8/layers.30.attention_norm.weight_dtype_BFLOAT16_layout_ROW_MAJOR.tensorbin of shape Shape([1, 1, 256, 32])
2026-08-29 09:16:25.045 | DEBUG    | core:as_tensor:724 - Loaded cache for /proj_sw/user_dev/ctr-apbernal/tt-metal/model_cache/meta-llama/Llama-3.3-70B-Instruct/TG/tensor_cache_instruct_bfp8/layers.30.attention_norm.weight_distributed_dtype_BFLOAT16_layout_ROW_MAJOR.tensorbin of shape Shape([1, 1, 64, 32])
2026-08-29 09:16:25.047 | DEBUG    | core:as_tensor:724 - Loaded cache for /proj_sw/user_dev/ctr-apbernal/tt-metal/model_cache/meta-llama/Llama-3.3-70B-Instruct/TG/tensor_cache_instruct_bfp8/layers.30.ffn_norm.weight_dtype_BFLOAT16_layout_ROW_MAJOR.tensorbin of shape Shape([1, 1, 256, 32])
2026-08-29 09:16:25.049 | DEBUG    | core:as_tensor:724 - Loaded cache for /proj_sw/user_dev/ctr-apbernal/tt-metal/model_cache/meta-llama/Llama-3.3-70B-Instruct/TG/tensor_cache_instruct_bfp8/layers.30.ffn_norm.weight_distributed_dtype_BFLOAT16_layout_ROW_MAJOR.tensorbin of shape Shape([1, 1, 64, 32])
 39%|███▉      | 31/80 [00:17<00:27,  1.76it/s]2026-08-29 09:16:25.130 | DEBUG    | core:as_tensor:724 - Loaded cache for /proj_sw/user_dev/ctr-apbernal/tt-metal/model_cache/meta-llama/Llama-3.3-70B-Instruct/TG/tensor_cache_instruct_bfp8/layers.31.attention.wqkv_sharded_2d_prefetcher_dtype_BFLOAT8_B_layout_TILE.tensorbin of shape Shape([1, 1, 2048, 1280])
2026-08-29 09:16:25.173 | DEBUG    | core:as_tensor:724 - Loaded cache for /proj_sw/user_dev/ctr-apbernal/tt-metal/model_cache/meta-llama/Llama-3.3-70B-Instruct/TG/tensor_cache_instruct_bfp8/layers.31.attention.wqkv_sharded_2d_dram_dtype_BFLOAT8_B_layout_TILE.tensorbin of shape Shape([1, 1, 2048, 1280])
2026-08-29 09:16:25.214 | DEBUG    | core:as_tensor:724 - Loaded cache for /proj_sw/user_dev/ctr-apbernal/tt-metal/model_cache/meta-llama/Llama-3.3-70B-Instruct/TG/tensor_cache_instruct_bfp8/layers.31.attention.wo_width_sharded_2d_prefetcher_dtype_BFLOAT8_B_layout_TILE.tensorbin of shape Shape([1, 1, 1024, 2048])
2026-08-29 09:16:25.252 | DEBUG    | core:as_tensor:724 - Loaded cache for /proj_sw/user_dev/ctr-apbernal/tt-metal/model_cache/meta-llama/Llama-3.3-70B-Instruct/TG/tensor_cache_instruct_bfp8/layers.31.attention.wo_width_sharded_2d_dram_dtype_BFLOAT8_B_layout_TILE.tensorbin of shape Shape([1, 1, 1024, 2048])
2026-08-29 09:16:25.300 | DEBUG    | core:as_tensor:724 - Loaded cache for /proj_sw/user_dev/ctr-apbernal/tt-metal/model_cache/meta-llama/Llama-3.3-70B-Instruct/TG/tensor_cache_instruct_bfp8/layers.31.attention.wo_col_sharded_dram_dtype_BFLOAT8_B_layout_TILE.tensorbin of shape Shape([1, 1, 8192, 2048])
2026-08-29 09:16:25.316 | DEBUG    | core:as_tensor:724 - Loaded cache for /proj_sw/user_dev/ctr-apbernal/tt-metal/model_cache/meta-llama/Llama-3.3-70B-Instruct/TG/tensor_cache_instruct_bfp8/kvcache_torch.Size([2048, 1, 64, 128])_dtype_BFLOAT8_B_layout_TILE.tensorbin of shape Shape([2048, 1, 64, 128])
2026-08-29 09:16:25.325 | DEBUG    | core:as_tensor:724 - Loaded cache for /proj_sw/user_dev/ctr-apbernal/tt-metal/model_cache/meta-llama/Llama-3.3-70B-Instruct/TG/tensor_cache_instruct_bfp8/kvcache_torch.Size([2048, 1, 64, 128])_dtype_BFLOAT8_B_layout_TILE.tensorbin of shape Shape([2048, 1, 64, 128])
2026-08-29 09:16:25.388 | DEBUG    | core:as_tensor:724 - Loaded cache for /proj_sw/user_dev/ctr-apbernal/tt-metal/model_cache/meta-llama/Llama-3.3-70B-Instruct/TG/tensor_cache_instruct_bfp8/layers.31.feed_forward.w1_shardedprefetcher_dtype_BFLOAT4_B_layout_TILE.tensorbin of shape Shape([1, 1, 2048, 3584])
2026-08-29 09:16:25.436 | DEBUG    | core:as_tensor:724 - Loaded cache for /proj_sw/user_dev/ctr-apbernal/tt-metal/model_cache/meta-llama/Llama-3.3-70B-Instruct/TG/tensor_cache_instruct_bfp8/layers.31.feed_forward.w2_shardedprefetcher_dtype_BFLOAT8_B_layout_TILE.tensorbin of shape Shape([1, 1, 3584, 2048])
2026-08-29 09:16:25.480 | DEBUG    | core:as_tensor:724 - Loaded cache for /proj_sw/user_dev/ctr-apbernal/tt-metal/model_cache/meta-llama/Llama-3.3-70B-Instruct/TG/tensor_cache_instruct_bfp8/layers.31.feed_forward.w3_shardedprefetcher_dtype_BFLOAT4_B_layout_TILE.tensorbin of shape Shape([1, 1, 2048, 3584])
2026-08-29 09:16:25.522 | DEBUG    | core:as_tensor:724 - Loaded cache for /proj_sw/user_dev/ctr-apbernal/tt-metal/model_cache/meta-llama/Llama-3.3-70B-Instruct/TG/tensor_cache_instruct_bfp8/layers.31.feed_forward.w1_interleavedprefetcher_dtype_BFLOAT4_B_layout_TILE.tensorbin of shape Shape([1, 1, 2048, 3584])
2026-08-29 09:16:25.570 | DEBUG    | core:as_tensor:724 - Loaded cache for /proj_sw/user_dev/ctr-apbernal/tt-metal/model_cache/meta-llama/Llama-3.3-70B-Instruct/TG/tensor_cache_instruct_bfp8/layers.31.feed_forward.w2_interleavedprefetcher_dtype_BFLOAT8_B_layout_TILE.tensorbin of shape Shape([1, 1, 3584, 2048])
2026-08-29 09:16:25.613 | DEBUG    | core:as_tensor:724 - Loaded cache for /proj_sw/user_dev/ctr-apbernal/tt-metal/model_cache/meta-llama/Llama-3.3-70B-Instruct/TG/tensor_cache_instruct_bfp8/layers.31.feed_forward.w3_interleavedprefetcher_dtype_BFLOAT4_B_layout_TILE.tensorbin of shape Shape([1, 1, 2048, 3584])
2026-08-29 09:16:25.614 | DEBUG    | core:as_tensor:724 - Loaded cache for /proj_sw/user_dev/ctr-apbernal/tt-metal/model_cache/meta-llama/Llama-3.3-70B-Instruct/TG/tensor_cache_instruct_bfp8/layers.31.attention_norm.weight_dtype_BFLOAT16_layout_ROW_MAJOR.tensorbin of shape Shape([1, 1, 256, 32])
2026-08-29 09:16:25.616 | DEBUG    | core:as_tensor:724 - Loaded cache for /proj_sw/user_dev/ctr-apbernal/tt-metal/model_cache/meta-llama/Llama-3.3-70B-Instruct/TG/tensor_cache_instruct_bfp8/layers.31.attention_norm.weight_distributed_dtype_BFLOAT16_layout_ROW_MAJOR.tensorbin of shape Shape([1, 1, 64, 32])
2026-08-29 09:16:25.617 | DEBUG    | core:as_tensor:724 - Loaded cache for /proj_sw/user_dev/ctr-apbernal/tt-metal/model_cache/meta-llama/Llama-3.3-70B-Instruct/TG/tensor_cache_instruct_bfp8/layers.31.ffn_norm.weight_dtype_BFLOAT16_layout_ROW_MAJOR.tensorbin of shape Shape([1, 1, 256, 32])
2026-08-29 09:16:25.620 | DEBUG    | core:as_tensor:724 - Loaded cache for /proj_sw/user_dev/ctr-apbernal/tt-metal/model_cache/meta-llama/Llama-3.3-70B-Instruct/TG/tensor_cache_instruct_bfp8/layers.31.ffn_norm.weight_distributed_dtype_BFLOAT16_layout_ROW_MAJOR.tensorbin of shape Shape([1, 1, 64, 32])
 40%|████      | 32/80 [00:18<00:27,  1.76it/s]2026-08-29 09:16:25.701 | DEBUG    | core:as_tensor:724 - Loaded cache for /proj_sw/user_dev/ctr-apbernal/tt-metal/model_cache/meta-llama/Llama-3.3-70B-Instruct/TG/tensor_cache_instruct_bfp8/layers.32.attention.wqkv_sharded_2d_prefetcher_dtype_BFLOAT8_B_layout_TILE.tensorbin of shape Shape([1, 1, 2048, 1280])
2026-08-29 09:16:25.740 | DEBUG    | core:as_tensor:724 - Loaded cache for /proj_sw/user_dev/ctr-apbernal/tt-metal/model_cache/meta-llama/Llama-3.3-70B-Instruct/TG/tensor_cache_instruct_bfp8/layers.32.attention.wqkv_sharded_2d_dram_dtype_BFLOAT8_B_layout_TILE.tensorbin of shape Shape([1, 1, 2048, 1280])
2026-08-29 09:16:25.780 | DEBUG    | core:as_tensor:724 - Loaded cache for /proj_sw/user_dev/ctr-apbernal/tt-metal/model_cache/meta-llama/Llama-3.3-70B-Instruct/TG/tensor_cache_instruct_bfp8/layers.32.attention.wo_width_sharded_2d_prefetcher_dtype_BFLOAT8_B_layout_TILE.tensorbin of shape Shape([1, 1, 1024, 2048])
2026-08-29 09:16:25.819 | DEBUG    | core:as_tensor:724 - Loaded cache for /proj_sw/user_dev/ctr-apbernal/tt-metal/model_cache/meta-llama/Llama-3.3-70B-Instruct/TG/tensor_cache_instruct_bfp8/layers.32.attention.wo_width_sharded_2d_dram_dtype_BFLOAT8_B_layout_TILE.tensorbin of shape Shape([1, 1, 1024, 2048])
2026-08-29 09:16:25.865 | DEBUG    | core:as_tensor:724 - Loaded cache for /proj_sw/user_dev/ctr-apbernal/tt-metal/model_cache/meta-llama/Llama-3.3-70B-Instruct/TG/tensor_cache_instruct_bfp8/layers.32.attention.wo_col_sharded_dram_dtype_BFLOAT8_B_layout_TILE.tensorbin of shape Shape([1, 1, 8192, 2048])
2026-08-29 09:16:25.884 | DEBUG    | core:as_tensor:724 - Loaded cache for /proj_sw/user_dev/ctr-apbernal/tt-metal/model_cache/meta-llama/Llama-3.3-70B-Instruct/TG/tensor_cache_instruct_bfp8/kvcache_torch.Size([2048, 1, 64, 128])_dtype_BFLOAT8_B_layout_TILE.tensorbin of shape Shape([2048, 1, 64, 128])
2026-08-29 09:16:25.892 | DEBUG    | core:as_tensor:724 - Loaded cache for /proj_sw/user_dev/ctr-apbernal/tt-metal/model_cache/meta-llama/Llama-3.3-70B-Instruct/TG/tensor_cache_instruct_bfp8/kvcache_torch.Size([2048, 1, 64, 128])_dtype_BFLOAT8_B_layout_TILE.tensorbin of shape Shape([2048, 1, 64, 128])
2026-08-29 09:16:25.955 | DEBUG    | core:as_tensor:724 - Loaded cache for /proj_sw/user_dev/ctr-apbernal/tt-metal/model_cache/meta-llama/Llama-3.3-70B-Instruct/TG/tensor_cache_instruct_bfp8/layers.32.feed_forward.w1_shardedprefetcher_dtype_BFLOAT4_B_layout_TILE.tensorbin of shape Shape([1, 1, 2048, 3584])
2026-08-29 09:16:26.004 | DEBUG    | core:as_tensor:724 - Loaded cache for /proj_sw/user_dev/ctr-apbernal/tt-metal/model_cache/meta-llama/Llama-3.3-70B-Instruct/TG/tensor_cache_instruct_bfp8/layers.32.feed_forward.w2_shardedprefetcher_dtype_BFLOAT8_B_layout_TILE.tensorbin of shape Shape([1, 1, 3584, 2048])
2026-08-29 09:16:26.050 | DEBUG    | core:as_tensor:724 - Loaded cache for /proj_sw/user_dev/ctr-apbernal/tt-metal/model_cache/meta-llama/Llama-3.3-70B-Instruct/TG/tensor_cache_instruct_bfp8/layers.32.feed_forward.w3_shardedprefetcher_dtype_BFLOAT4_B_layout_TILE.tensorbin of shape Shape([1, 1, 2048, 3584])
2026-08-29 09:16:26.091 | DEBUG    | core:as_tensor:724 - Loaded cache for /proj_sw/user_dev/ctr-apbernal/tt-metal/model_cache/meta-llama/Llama-3.3-70B-Instruct/TG/tensor_cache_instruct_bfp8/layers.32.feed_forward.w1_interleavedprefetcher_dtype_BFLOAT4_B_layout_TILE.tensorbin of shape Shape([1, 1, 2048, 3584])
2026-08-29 09:16:26.139 | DEBUG    | core:as_tensor:724 - Loaded cache for /proj_sw/user_dev/ctr-apbernal/tt-metal/model_cache/meta-llama/Llama-3.3-70B-Instruct/TG/tensor_cache_instruct_bfp8/layers.32.feed_forward.w2_interleavedprefetcher_dtype_BFLOAT8_B_layout_TILE.tensorbin of shape Shape([1, 1, 3584, 2048])
2026-08-29 09:16:26.182 | DEBUG    | core:as_tensor:724 - Loaded cache for /proj_sw/user_dev/ctr-apbernal/tt-metal/model_cache/meta-llama/Llama-3.3-70B-Instruct/TG/tensor_cache_instruct_bfp8/layers.32.feed_forward.w3_interleavedprefetcher_dtype_BFLOAT4_B_layout_TILE.tensorbin of shape Shape([1, 1, 2048, 3584])
2026-08-29 09:16:26.184 | DEBUG    | core:as_tensor:724 - Loaded cache for /proj_sw/user_dev/ctr-apbernal/tt-metal/model_cache/meta-llama/Llama-3.3-70B-Instruct/TG/tensor_cache_instruct_bfp8/layers.32.attention_norm.weight_dtype_BFLOAT16_layout_ROW_MAJOR.tensorbin of shape Shape([1, 1, 256, 32])
2026-08-29 09:16:26.188 | DEBUG    | core:as_tensor:724 - Loaded cache for /proj_sw/user_dev/ctr-apbernal/tt-metal/model_cache/meta-llama/Llama-3.3-70B-Instruct/TG/tensor_cache_instruct_bfp8/layers.32.attention_norm.weight_distributed_dtype_BFLOAT16_layout_ROW_MAJOR.tensorbin of shape Shape([1, 1, 64, 32])
2026-08-29 09:16:26.189 | DEBUG    | core:as_tensor:724 - Loaded cache for /proj_sw/user_dev/ctr-apbernal/tt-metal/model_cache/meta-llama/Llama-3.3-70B-Instruct/TG/tensor_cache_instruct_bfp8/layers.32.ffn_norm.weight_dtype_BFLOAT16_layout_ROW_MAJOR.tensorbin of shape Shape([1, 1, 256, 32])
2026-08-29 09:16:26.191 | DEBUG    | core:as_tensor:724 - Loaded cache for /proj_sw/user_dev/ctr-apbernal/tt-metal/model_cache/meta-llama/Llama-3.3-70B-Instruct/TG/tensor_cache_instruct_bfp8/layers.32.ffn_norm.weight_distributed_dtype_BFLOAT16_layout_ROW_MAJOR.tensorbin of shape Shape([1, 1, 64, 32])
 41%|████▏     | 33/80 [00:18<00:26,  1.75it/s]2026-08-29 09:16:26.272 | DEBUG    | core:as_tensor:724 - Loaded cache for /proj_sw/user_dev/ctr-apbernal/tt-metal/model_cache/meta-llama/Llama-3.3-70B-Instruct/TG/tensor_cache_instruct_bfp8/layers.33.attention.wqkv_sharded_2d_prefetcher_dtype_BFLOAT8_B_layout_TILE.tensorbin of shape Shape([1, 1, 2048, 1280])
2026-08-29 09:16:26.312 | DEBUG    | core:as_tensor:724 - Loaded cache for /proj_sw/user_dev/ctr-apbernal/tt-metal/model_cache/meta-llama/Llama-3.3-70B-Instruct/TG/tensor_cache_instruct_bfp8/layers.33.attention.wqkv_sharded_2d_dram_dtype_BFLOAT8_B_layout_TILE.tensorbin of shape Shape([1, 1, 2048, 1280])
2026-08-29 09:16:26.351 | DEBUG    | core:as_tensor:724 - Loaded cache for /proj_sw/user_dev/ctr-apbernal/tt-metal/model_cache/meta-llama/Llama-3.3-70B-Instruct/TG/tensor_cache_instruct_bfp8/layers.33.attention.wo_width_sharded_2d_prefetcher_dtype_BFLOAT8_B_layout_TILE.tensorbin of shape Shape([1, 1, 1024, 2048])
2026-08-29 09:16:26.390 | DEBUG    | core:as_tensor:724 - Loaded cache for /proj_sw/user_dev/ctr-apbernal/tt-metal/model_cache/meta-llama/Llama-3.3-70B-Instruct/TG/tensor_cache_instruct_bfp8/layers.33.attention.wo_width_sharded_2d_dram_dtype_BFLOAT8_B_layout_TILE.tensorbin of shape Shape([1, 1, 1024, 2048])
2026-08-29 09:16:26.436 | DEBUG    | core:as_tensor:724 - Loaded cache for /proj_sw/user_dev/ctr-apbernal/tt-metal/model_cache/meta-llama/Llama-3.3-70B-Instruct/TG/tensor_cache_instruct_bfp8/layers.33.attention.wo_col_sharded_dram_dtype_BFLOAT8_B_layout_TILE.tensorbin of shape Shape([1, 1, 8192, 2048])
2026-08-29 09:16:26.452 | DEBUG    | core:as_tensor:724 - Loaded cache for /proj_sw/user_dev/ctr-apbernal/tt-metal/model_cache/meta-llama/Llama-3.3-70B-Instruct/TG/tensor_cache_instruct_bfp8/kvcache_torch.Size([2048, 1, 64, 128])_dtype_BFLOAT8_B_layout_TILE.tensorbin of shape Shape([2048, 1, 64, 128])
2026-08-29 09:16:26.460 | DEBUG    | core:as_tensor:724 - Loaded cache for /proj_sw/user_dev/ctr-apbernal/tt-metal/model_cache/meta-llama/Llama-3.3-70B-Instruct/TG/tensor_cache_instruct_bfp8/kvcache_torch.Size([2048, 1, 64, 128])_dtype_BFLOAT8_B_layout_TILE.tensorbin of shape Shape([2048, 1, 64, 128])
2026-08-29 09:16:26.526 | DEBUG    | core:as_tensor:724 - Loaded cache for /proj_sw/user_dev/ctr-apbernal/tt-metal/model_cache/meta-llama/Llama-3.3-70B-Instruct/TG/tensor_cache_instruct_bfp8/layers.33.feed_forward.w1_shardedprefetcher_dtype_BFLOAT4_B_layout_TILE.tensorbin of shape Shape([1, 1, 2048, 3584])
2026-08-29 09:16:26.575 | DEBUG    | core:as_tensor:724 - Loaded cache for /proj_sw/user_dev/ctr-apbernal/tt-metal/model_cache/meta-llama/Llama-3.3-70B-Instruct/TG/tensor_cache_instruct_bfp8/layers.33.feed_forward.w2_shardedprefetcher_dtype_BFLOAT8_B_layout_TILE.tensorbin of shape Shape([1, 1, 3584, 2048])
2026-08-29 09:16:26.618 | DEBUG    | core:as_tensor:724 - Loaded cache for /proj_sw/user_dev/ctr-apbernal/tt-metal/model_cache/meta-llama/Llama-3.3-70B-Instruct/TG/tensor_cache_instruct_bfp8/layers.33.feed_forward.w3_shardedprefetcher_dtype_BFLOAT4_B_layout_TILE.tensorbin of shape Shape([1, 1, 2048, 3584])
2026-08-29 09:16:26.661 | DEBUG    | core:as_tensor:724 - Loaded cache for /proj_sw/user_dev/ctr-apbernal/tt-metal/model_cache/meta-llama/Llama-3.3-70B-Instruct/TG/tensor_cache_instruct_bfp8/layers.33.feed_forward.w1_interleavedprefetcher_dtype_BFLOAT4_B_layout_TILE.tensorbin of shape Shape([1, 1, 2048, 3584])
2026-08-29 09:16:26.708 | DEBUG    | core:as_tensor:724 - Loaded cache for /proj_sw/user_dev/ctr-apbernal/tt-metal/model_cache/meta-llama/Llama-3.3-70B-Instruct/TG/tensor_cache_instruct_bfp8/layers.33.feed_forward.w2_interleavedprefetcher_dtype_BFLOAT8_B_layout_TILE.tensorbin of shape Shape([1, 1, 3584, 2048])
2026-08-29 09:16:26.751 | DEBUG    | core:as_tensor:724 - Loaded cache for /proj_sw/user_dev/ctr-apbernal/tt-metal/model_cache/meta-llama/Llama-3.3-70B-Instruct/TG/tensor_cache_instruct_bfp8/layers.33.feed_forward.w3_interleavedprefetcher_dtype_BFLOAT4_B_layout_TILE.tensorbin of shape Shape([1, 1, 2048, 3584])
2026-08-29 09:16:26.753 | DEBUG    | core:as_tensor:724 - Loaded cache for /proj_sw/user_dev/ctr-apbernal/tt-metal/model_cache/meta-llama/Llama-3.3-70B-Instruct/TG/tensor_cache_instruct_bfp8/layers.33.attention_norm.weight_dtype_BFLOAT16_layout_ROW_MAJOR.tensorbin of shape Shape([1, 1, 256, 32])
2026-08-29 09:16:26.754 | DEBUG    | core:as_tensor:724 - Loaded cache for /proj_sw/user_dev/ctr-apbernal/tt-metal/model_cache/meta-llama/Llama-3.3-70B-Instruct/TG/tensor_cache_instruct_bfp8/layers.33.attention_norm.weight_distributed_dtype_BFLOAT16_layout_ROW_MAJOR.tensorbin of shape Shape([1, 1, 64, 32])
2026-08-29 09:16:26.756 | DEBUG    | core:as_tensor:724 - Loaded cache for /proj_sw/user_dev/ctr-apbernal/tt-metal/model_cache/meta-llama/Llama-3.3-70B-Instruct/TG/tensor_cache_instruct_bfp8/layers.33.ffn_norm.weight_dtype_BFLOAT16_layout_ROW_MAJOR.tensorbin of shape Shape([1, 1, 256, 32])
2026-08-29 09:16:26.757 | DEBUG    | core:as_tensor:724 - Loaded cache for /proj_sw/user_dev/ctr-apbernal/tt-metal/model_cache/meta-llama/Llama-3.3-70B-Instruct/TG/tensor_cache_instruct_bfp8/layers.33.ffn_norm.weight_distributed_dtype_BFLOAT16_layout_ROW_MAJOR.tensorbin of shape Shape([1, 1, 64, 32])
 42%|████▎     | 34/80 [00:19<00:26,  1.76it/s]2026-08-29 09:16:26.839 | DEBUG    | core:as_tensor:724 - Loaded cache for /proj_sw/user_dev/ctr-apbernal/tt-metal/model_cache/meta-llama/Llama-3.3-70B-Instruct/TG/tensor_cache_instruct_bfp8/layers.34.attention.wqkv_sharded_2d_prefetcher_dtype_BFLOAT8_B_layout_TILE.tensorbin of shape Shape([1, 1, 2048, 1280])
2026-08-29 09:16:26.878 | DEBUG    | core:as_tensor:724 - Loaded cache for /proj_sw/user_dev/ctr-apbernal/tt-metal/model_cache/meta-llama/Llama-3.3-70B-Instruct/TG/tensor_cache_instruct_bfp8/layers.34.attention.wqkv_sharded_2d_dram_dtype_BFLOAT8_B_layout_TILE.tensorbin of shape Shape([1, 1, 2048, 1280])
2026-08-29 09:16:26.919 | DEBUG    | core:as_tensor:724 - Loaded cache for /proj_sw/user_dev/ctr-apbernal/tt-metal/model_cache/meta-llama/Llama-3.3-70B-Instruct/TG/tensor_cache_instruct_bfp8/layers.34.attention.wo_width_sharded_2d_prefetcher_dtype_BFLOAT8_B_layout_TILE.tensorbin of shape Shape([1, 1, 1024, 2048])
2026-08-29 09:16:26.958 | DEBUG    | core:as_tensor:724 - Loaded cache for /proj_sw/user_dev/ctr-apbernal/tt-metal/model_cache/meta-llama/Llama-3.3-70B-Instruct/TG/tensor_cache_instruct_bfp8/layers.34.attention.wo_width_sharded_2d_dram_dtype_BFLOAT8_B_layout_TILE.tensorbin of shape Shape([1, 1, 1024, 2048])
2026-08-29 09:16:27.004 | DEBUG    | core:as_tensor:724 - Loaded cache for /proj_sw/user_dev/ctr-apbernal/tt-metal/model_cache/meta-llama/Llama-3.3-70B-Instruct/TG/tensor_cache_instruct_bfp8/layers.34.attention.wo_col_sharded_dram_dtype_BFLOAT8_B_layout_TILE.tensorbin of shape Shape([1, 1, 8192, 2048])
2026-08-29 09:16:27.020 | DEBUG    | core:as_tensor:724 - Loaded cache for /proj_sw/user_dev/ctr-apbernal/tt-metal/model_cache/meta-llama/Llama-3.3-70B-Instruct/TG/tensor_cache_instruct_bfp8/kvcache_torch.Size([2048, 1, 64, 128])_dtype_BFLOAT8_B_layout_TILE.tensorbin of shape Shape([2048, 1, 64, 128])
2026-08-29 09:16:27.030 | DEBUG    | core:as_tensor:724 - Loaded cache for /proj_sw/user_dev/ctr-apbernal/tt-metal/model_cache/meta-llama/Llama-3.3-70B-Instruct/TG/tensor_cache_instruct_bfp8/kvcache_torch.Size([2048, 1, 64, 128])_dtype_BFLOAT8_B_layout_TILE.tensorbin of shape Shape([2048, 1, 64, 128])
2026-08-29 09:16:27.096 | DEBUG    | core:as_tensor:724 - Loaded cache for /proj_sw/user_dev/ctr-apbernal/tt-metal/model_cache/meta-llama/Llama-3.3-70B-Instruct/TG/tensor_cache_instruct_bfp8/layers.34.feed_forward.w1_shardedprefetcher_dtype_BFLOAT4_B_layout_TILE.tensorbin of shape Shape([1, 1, 2048, 3584])
2026-08-29 09:16:27.143 | DEBUG    | core:as_tensor:724 - Loaded cache for /proj_sw/user_dev/ctr-apbernal/tt-metal/model_cache/meta-llama/Llama-3.3-70B-Instruct/TG/tensor_cache_instruct_bfp8/layers.34.feed_forward.w2_shardedprefetcher_dtype_BFLOAT8_B_layout_TILE.tensorbin of shape Shape([1, 1, 3584, 2048])
2026-08-29 09:16:27.187 | DEBUG    | core:as_tensor:724 - Loaded cache for /proj_sw/user_dev/ctr-apbernal/tt-metal/model_cache/meta-llama/Llama-3.3-70B-Instruct/TG/tensor_cache_instruct_bfp8/layers.34.feed_forward.w3_shardedprefetcher_dtype_BFLOAT4_B_layout_TILE.tensorbin of shape Shape([1, 1, 2048, 3584])
2026-08-29 09:16:27.229 | DEBUG    | core:as_tensor:724 - Loaded cache for /proj_sw/user_dev/ctr-apbernal/tt-metal/model_cache/meta-llama/Llama-3.3-70B-Instruct/TG/tensor_cache_instruct_bfp8/layers.34.feed_forward.w1_interleavedprefetcher_dtype_BFLOAT4_B_layout_TILE.tensorbin of shape Shape([1, 1, 2048, 3584])
2026-08-29 09:16:27.276 | DEBUG    | core:as_tensor:724 - Loaded cache for /proj_sw/user_dev/ctr-apbernal/tt-metal/model_cache/meta-llama/Llama-3.3-70B-Instruct/TG/tensor_cache_instruct_bfp8/layers.34.feed_forward.w2_interleavedprefetcher_dtype_BFLOAT8_B_layout_TILE.tensorbin of shape Shape([1, 1, 3584, 2048])
2026-08-29 09:16:27.318 | DEBUG    | core:as_tensor:724 - Loaded cache for /proj_sw/user_dev/ctr-apbernal/tt-metal/model_cache/meta-llama/Llama-3.3-70B-Instruct/TG/tensor_cache_instruct_bfp8/layers.34.feed_forward.w3_interleavedprefetcher_dtype_BFLOAT4_B_layout_TILE.tensorbin of shape Shape([1, 1, 2048, 3584])
2026-08-29 09:16:27.320 | DEBUG    | core:as_tensor:724 - Loaded cache for /proj_sw/user_dev/ctr-apbernal/tt-metal/model_cache/meta-llama/Llama-3.3-70B-Instruct/TG/tensor_cache_instruct_bfp8/layers.34.attention_norm.weight_dtype_BFLOAT16_layout_ROW_MAJOR.tensorbin of shape Shape([1, 1, 256, 32])
2026-08-29 09:16:27.324 | DEBUG    | core:as_tensor:724 - Loaded cache for /proj_sw/user_dev/ctr-apbernal/tt-metal/model_cache/meta-llama/Llama-3.3-70B-Instruct/TG/tensor_cache_instruct_bfp8/layers.34.attention_norm.weight_distributed_dtype_BFLOAT16_layout_ROW_MAJOR.tensorbin of shape Shape([1, 1, 64, 32])
2026-08-29 09:16:27.326 | DEBUG    | core:as_tensor:724 - Loaded cache for /proj_sw/user_dev/ctr-apbernal/tt-metal/model_cache/meta-llama/Llama-3.3-70B-Instruct/TG/tensor_cache_instruct_bfp8/layers.34.ffn_norm.weight_dtype_BFLOAT16_layout_ROW_MAJOR.tensorbin of shape Shape([1, 1, 256, 32])
2026-08-29 09:16:27.327 | DEBUG    | core:as_tensor:724 - Loaded cache for /proj_sw/user_dev/ctr-apbernal/tt-metal/model_cache/meta-llama/Llama-3.3-70B-Instruct/TG/tensor_cache_instruct_bfp8/layers.34.ffn_norm.weight_distributed_dtype_BFLOAT16_layout_ROW_MAJOR.tensorbin of shape Shape([1, 1, 64, 32])
 44%|████▍     | 35/80 [00:19<00:25,  1.76it/s]2026-08-29 09:16:27.412 | DEBUG    | core:as_tensor:724 - Loaded cache for /proj_sw/user_dev/ctr-apbernal/tt-metal/model_cache/meta-llama/Llama-3.3-70B-Instruct/TG/tensor_cache_instruct_bfp8/layers.35.attention.wqkv_sharded_2d_prefetcher_dtype_BFLOAT8_B_layout_TILE.tensorbin of shape Shape([1, 1, 2048, 1280])
2026-08-29 09:16:27.452 | DEBUG    | core:as_tensor:724 - Loaded cache for /proj_sw/user_dev/ctr-apbernal/tt-metal/model_cache/meta-llama/Llama-3.3-70B-Instruct/TG/tensor_cache_instruct_bfp8/layers.35.attention.wqkv_sharded_2d_dram_dtype_BFLOAT8_B_layout_TILE.tensorbin of shape Shape([1, 1, 2048, 1280])
2026-08-29 09:16:27.494 | DEBUG    | core:as_tensor:724 - Loaded cache for /proj_sw/user_dev/ctr-apbernal/tt-metal/model_cache/meta-llama/Llama-3.3-70B-Instruct/TG/tensor_cache_instruct_bfp8/layers.35.attention.wo_width_sharded_2d_prefetcher_dtype_BFLOAT8_B_layout_TILE.tensorbin of shape Shape([1, 1, 1024, 2048])
2026-08-29 09:16:27.536 | DEBUG    | core:as_tensor:724 - Loaded cache for /proj_sw/user_dev/ctr-apbernal/tt-metal/model_cache/meta-llama/Llama-3.3-70B-Instruct/TG/tensor_cache_instruct_bfp8/layers.35.attention.wo_width_sharded_2d_dram_dtype_BFLOAT8_B_layout_TILE.tensorbin of shape Shape([1, 1, 1024, 2048])
2026-08-29 09:16:27.584 | DEBUG    | core:as_tensor:724 - Loaded cache for /proj_sw/user_dev/ctr-apbernal/tt-metal/model_cache/meta-llama/Llama-3.3-70B-Instruct/TG/tensor_cache_instruct_bfp8/layers.35.attention.wo_col_sharded_dram_dtype_BFLOAT8_B_layout_TILE.tensorbin of shape Shape([1, 1, 8192, 2048])
2026-08-29 09:16:27.600 | DEBUG    | core:as_tensor:724 - Loaded cache for /proj_sw/user_dev/ctr-apbernal/tt-metal/model_cache/meta-llama/Llama-3.3-70B-Instruct/TG/tensor_cache_instruct_bfp8/kvcache_torch.Size([2048, 1, 64, 128])_dtype_BFLOAT8_B_layout_TILE.tensorbin of shape Shape([2048, 1, 64, 128])
2026-08-29 09:16:27.607 | DEBUG    | core:as_tensor:724 - Loaded cache for /proj_sw/user_dev/ctr-apbernal/tt-metal/model_cache/meta-llama/Llama-3.3-70B-Instruct/TG/tensor_cache_instruct_bfp8/kvcache_torch.Size([2048, 1, 64, 128])_dtype_BFLOAT8_B_layout_TILE.tensorbin of shape Shape([2048, 1, 64, 128])
2026-08-29 09:16:27.671 | DEBUG    | core:as_tensor:724 - Loaded cache for /proj_sw/user_dev/ctr-apbernal/tt-metal/model_cache/meta-llama/Llama-3.3-70B-Instruct/TG/tensor_cache_instruct_bfp8/layers.35.feed_forward.w1_shardedprefetcher_dtype_BFLOAT4_B_layout_TILE.tensorbin of shape Shape([1, 1, 2048, 3584])
2026-08-29 09:16:27.720 | DEBUG    | core:as_tensor:724 - Loaded cache for /proj_sw/user_dev/ctr-apbernal/tt-metal/model_cache/meta-llama/Llama-3.3-70B-Instruct/TG/tensor_cache_instruct_bfp8/layers.35.feed_forward.w2_shardedprefetcher_dtype_BFLOAT8_B_layout_TILE.tensorbin of shape Shape([1, 1, 3584, 2048])
2026-08-29 09:16:27.763 | DEBUG    | core:as_tensor:724 - Loaded cache for /proj_sw/user_dev/ctr-apbernal/tt-metal/model_cache/meta-llama/Llama-3.3-70B-Instruct/TG/tensor_cache_instruct_bfp8/layers.35.feed_forward.w3_shardedprefetcher_dtype_BFLOAT4_B_layout_TILE.tensorbin of shape Shape([1, 1, 2048, 3584])
2026-08-29 09:16:27.805 | DEBUG    | core:as_tensor:724 - Loaded cache for /proj_sw/user_dev/ctr-apbernal/tt-metal/model_cache/meta-llama/Llama-3.3-70B-Instruct/TG/tensor_cache_instruct_bfp8/layers.35.feed_forward.w1_interleavedprefetcher_dtype_BFLOAT4_B_layout_TILE.tensorbin of shape Shape([1, 1, 2048, 3584])
2026-08-29 09:16:27.853 | DEBUG    | core:as_tensor:724 - Loaded cache for /proj_sw/user_dev/ctr-apbernal/tt-metal/model_cache/meta-llama/Llama-3.3-70B-Instruct/TG/tensor_cache_instruct_bfp8/layers.35.feed_forward.w2_interleavedprefetcher_dtype_BFLOAT8_B_layout_TILE.tensorbin of shape Shape([1, 1, 3584, 2048])
2026-08-29 09:16:27.895 | DEBUG    | core:as_tensor:724 - Loaded cache for /proj_sw/user_dev/ctr-apbernal/tt-metal/model_cache/meta-llama/Llama-3.3-70B-Instruct/TG/tensor_cache_instruct_bfp8/layers.35.feed_forward.w3_interleavedprefetcher_dtype_BFLOAT4_B_layout_TILE.tensorbin of shape Shape([1, 1, 2048, 3584])
2026-08-29 09:16:27.900 | DEBUG    | core:as_tensor:724 - Loaded cache for /proj_sw/user_dev/ctr-apbernal/tt-metal/model_cache/meta-llama/Llama-3.3-70B-Instruct/TG/tensor_cache_instruct_bfp8/layers.35.attention_norm.weight_dtype_BFLOAT16_layout_ROW_MAJOR.tensorbin of shape Shape([1, 1, 256, 32])
2026-08-29 09:16:27.901 | DEBUG    | core:as_tensor:724 - Loaded cache for /proj_sw/user_dev/ctr-apbernal/tt-metal/model_cache/meta-llama/Llama-3.3-70B-Instruct/TG/tensor_cache_instruct_bfp8/layers.35.attention_norm.weight_distributed_dtype_BFLOAT16_layout_ROW_MAJOR.tensorbin of shape Shape([1, 1, 64, 32])
2026-08-29 09:16:27.903 | DEBUG    | core:as_tensor:724 - Loaded cache for /proj_sw/user_dev/ctr-apbernal/tt-metal/model_cache/meta-llama/Llama-3.3-70B-Instruct/TG/tensor_cache_instruct_bfp8/layers.35.ffn_norm.weight_dtype_BFLOAT16_layout_ROW_MAJOR.tensorbin of shape Shape([1, 1, 256, 32])
2026-08-29 09:16:27.904 | DEBUG    | core:as_tensor:724 - Loaded cache for /proj_sw/user_dev/ctr-apbernal/tt-metal/model_cache/meta-llama/Llama-3.3-70B-Instruct/TG/tensor_cache_instruct_bfp8/layers.35.ffn_norm.weight_distributed_dtype_BFLOAT16_layout_ROW_MAJOR.tensorbin of shape Shape([1, 1, 64, 32])
 45%|████▌     | 36/80 [00:20<00:25,  1.75it/s]2026-08-29 09:16:27.982 | DEBUG    | core:as_tensor:724 - Loaded cache for /proj_sw/user_dev/ctr-apbernal/tt-metal/model_cache/meta-llama/Llama-3.3-70B-Instruct/TG/tensor_cache_instruct_bfp8/layers.36.attention.wqkv_sharded_2d_prefetcher_dtype_BFLOAT8_B_layout_TILE.tensorbin of shape Shape([1, 1, 2048, 1280])
2026-08-29 09:16:28.022 | DEBUG    | core:as_tensor:724 - Loaded cache for /proj_sw/user_dev/ctr-apbernal/tt-metal/model_cache/meta-llama/Llama-3.3-70B-Instruct/TG/tensor_cache_instruct_bfp8/layers.36.attention.wqkv_sharded_2d_dram_dtype_BFLOAT8_B_layout_TILE.tensorbin of shape Shape([1, 1, 2048, 1280])
2026-08-29 09:16:28.061 | DEBUG    | core:as_tensor:724 - Loaded cache for /proj_sw/user_dev/ctr-apbernal/tt-metal/model_cache/meta-llama/Llama-3.3-70B-Instruct/TG/tensor_cache_instruct_bfp8/layers.36.attention.wo_width_sharded_2d_prefetcher_dtype_BFLOAT8_B_layout_TILE.tensorbin of shape Shape([1, 1, 1024, 2048])
2026-08-29 09:16:28.101 | DEBUG    | core:as_tensor:724 - Loaded cache for /proj_sw/user_dev/ctr-apbernal/tt-metal/model_cache/meta-llama/Llama-3.3-70B-Instruct/TG/tensor_cache_instruct_bfp8/layers.36.attention.wo_width_sharded_2d_dram_dtype_BFLOAT8_B_layout_TILE.tensorbin of shape Shape([1, 1, 1024, 2048])
2026-08-29 09:16:28.148 | DEBUG    | core:as_tensor:724 - Loaded cache for /proj_sw/user_dev/ctr-apbernal/tt-metal/model_cache/meta-llama/Llama-3.3-70B-Instruct/TG/tensor_cache_instruct_bfp8/layers.36.attention.wo_col_sharded_dram_dtype_BFLOAT8_B_layout_TILE.tensorbin of shape Shape([1, 1, 8192, 2048])
2026-08-29 09:16:28.163 | DEBUG    | core:as_tensor:724 - Loaded cache for /proj_sw/user_dev/ctr-apbernal/tt-metal/model_cache/meta-llama/Llama-3.3-70B-Instruct/TG/tensor_cache_instruct_bfp8/kvcache_torch.Size([2048, 1, 64, 128])_dtype_BFLOAT8_B_layout_TILE.tensorbin of shape Shape([2048, 1, 64, 128])
2026-08-29 09:16:28.172 | DEBUG    | core:as_tensor:724 - Loaded cache for /proj_sw/user_dev/ctr-apbernal/tt-metal/model_cache/meta-llama/Llama-3.3-70B-Instruct/TG/tensor_cache_instruct_bfp8/kvcache_torch.Size([2048, 1, 64, 128])_dtype_BFLOAT8_B_layout_TILE.tensorbin of shape Shape([2048, 1, 64, 128])
2026-08-29 09:16:28.237 | DEBUG    | core:as_tensor:724 - Loaded cache for /proj_sw/user_dev/ctr-apbernal/tt-metal/model_cache/meta-llama/Llama-3.3-70B-Instruct/TG/tensor_cache_instruct_bfp8/layers.36.feed_forward.w1_shardedprefetcher_dtype_BFLOAT4_B_layout_TILE.tensorbin of shape Shape([1, 1, 2048, 3584])
2026-08-29 09:16:28.286 | DEBUG    | core:as_tensor:724 - Loaded cache for /proj_sw/user_dev/ctr-apbernal/tt-metal/model_cache/meta-llama/Llama-3.3-70B-Instruct/TG/tensor_cache_instruct_bfp8/layers.36.feed_forward.w2_shardedprefetcher_dtype_BFLOAT8_B_layout_TILE.tensorbin of shape Shape([1, 1, 3584, 2048])
2026-08-29 09:16:28.330 | DEBUG    | core:as_tensor:724 - Loaded cache for /proj_sw/user_dev/ctr-apbernal/tt-metal/model_cache/meta-llama/Llama-3.3-70B-Instruct/TG/tensor_cache_instruct_bfp8/layers.36.feed_forward.w3_shardedprefetcher_dtype_BFLOAT4_B_layout_TILE.tensorbin of shape Shape([1, 1, 2048, 3584])
2026-08-29 09:16:28.372 | DEBUG    | core:as_tensor:724 - Loaded cache for /proj_sw/user_dev/ctr-apbernal/tt-metal/model_cache/meta-llama/Llama-3.3-70B-Instruct/TG/tensor_cache_instruct_bfp8/layers.36.feed_forward.w1_interleavedprefetcher_dtype_BFLOAT4_B_layout_TILE.tensorbin of shape Shape([1, 1, 2048, 3584])
2026-08-29 09:16:28.420 | DEBUG    | core:as_tensor:724 - Loaded cache for /proj_sw/user_dev/ctr-apbernal/tt-metal/model_cache/meta-llama/Llama-3.3-70B-Instruct/TG/tensor_cache_instruct_bfp8/layers.36.feed_forward.w2_interleavedprefetcher_dtype_BFLOAT8_B_layout_TILE.tensorbin of shape Shape([1, 1, 3584, 2048])
2026-08-29 09:16:28.463 | DEBUG    | core:as_tensor:724 - Loaded cache for /proj_sw/user_dev/ctr-apbernal/tt-metal/model_cache/meta-llama/Llama-3.3-70B-Instruct/TG/tensor_cache_instruct_bfp8/layers.36.feed_forward.w3_interleavedprefetcher_dtype_BFLOAT4_B_layout_TILE.tensorbin of shape Shape([1, 1, 2048, 3584])
2026-08-29 09:16:28.465 | DEBUG    | core:as_tensor:724 - Loaded cache for /proj_sw/user_dev/ctr-apbernal/tt-metal/model_cache/meta-llama/Llama-3.3-70B-Instruct/TG/tensor_cache_instruct_bfp8/layers.36.attention_norm.weight_dtype_BFLOAT16_layout_ROW_MAJOR.tensorbin of shape Shape([1, 1, 256, 32])
2026-08-29 09:16:28.467 | DEBUG    | core:as_tensor:724 - Loaded cache for /proj_sw/user_dev/ctr-apbernal/tt-metal/model_cache/meta-llama/Llama-3.3-70B-Instruct/TG/tensor_cache_instruct_bfp8/layers.36.attention_norm.weight_distributed_dtype_BFLOAT16_layout_ROW_MAJOR.tensorbin of shape Shape([1, 1, 64, 32])
2026-08-29 09:16:28.469 | DEBUG    | core:as_tensor:724 - Loaded cache for /proj_sw/user_dev/ctr-apbernal/tt-metal/model_cache/meta-llama/Llama-3.3-70B-Instruct/TG/tensor_cache_instruct_bfp8/layers.36.ffn_norm.weight_dtype_BFLOAT16_layout_ROW_MAJOR.tensorbin of shape Shape([1, 1, 256, 32])
2026-08-29 09:16:28.471 | DEBUG    | core:as_tensor:724 - Loaded cache for /proj_sw/user_dev/ctr-apbernal/tt-metal/model_cache/meta-llama/Llama-3.3-70B-Instruct/TG/tensor_cache_instruct_bfp8/layers.36.ffn_norm.weight_distributed_dtype_BFLOAT16_layout_ROW_MAJOR.tensorbin of shape Shape([1, 1, 64, 32])
 46%|████▋     | 37/80 [00:20<00:24,  1.75it/s]2026-08-29 09:16:28.552 | DEBUG    | core:as_tensor:724 - Loaded cache for /proj_sw/user_dev/ctr-apbernal/tt-metal/model_cache/meta-llama/Llama-3.3-70B-Instruct/TG/tensor_cache_instruct_bfp8/layers.37.attention.wqkv_sharded_2d_prefetcher_dtype_BFLOAT8_B_layout_TILE.tensorbin of shape Shape([1, 1, 2048, 1280])
2026-08-29 09:16:28.593 | DEBUG    | core:as_tensor:724 - Loaded cache for /proj_sw/user_dev/ctr-apbernal/tt-metal/model_cache/meta-llama/Llama-3.3-70B-Instruct/TG/tensor_cache_instruct_bfp8/layers.37.attention.wqkv_sharded_2d_dram_dtype_BFLOAT8_B_layout_TILE.tensorbin of shape Shape([1, 1, 2048, 1280])
2026-08-29 09:16:28.633 | DEBUG    | core:as_tensor:724 - Loaded cache for /proj_sw/user_dev/ctr-apbernal/tt-metal/model_cache/meta-llama/Llama-3.3-70B-Instruct/TG/tensor_cache_instruct_bfp8/layers.37.attention.wo_width_sharded_2d_prefetcher_dtype_BFLOAT8_B_layout_TILE.tensorbin of shape Shape([1, 1, 1024, 2048])
2026-08-29 09:16:28.672 | DEBUG    | core:as_tensor:724 - Loaded cache for /proj_sw/user_dev/ctr-apbernal/tt-metal/model_cache/meta-llama/Llama-3.3-70B-Instruct/TG/tensor_cache_instruct_bfp8/layers.37.attention.wo_width_sharded_2d_dram_dtype_BFLOAT8_B_layout_TILE.tensorbin of shape Shape([1, 1, 1024, 2048])
2026-08-29 09:16:28.718 | DEBUG    | core:as_tensor:724 - Loaded cache for /proj_sw/user_dev/ctr-apbernal/tt-metal/model_cache/meta-llama/Llama-3.3-70B-Instruct/TG/tensor_cache_instruct_bfp8/layers.37.attention.wo_col_sharded_dram_dtype_BFLOAT8_B_layout_TILE.tensorbin of shape Shape([1, 1, 8192, 2048])
2026-08-29 09:16:28.733 | DEBUG    | core:as_tensor:724 - Loaded cache for /proj_sw/user_dev/ctr-apbernal/tt-metal/model_cache/meta-llama/Llama-3.3-70B-Instruct/TG/tensor_cache_instruct_bfp8/kvcache_torch.Size([2048, 1, 64, 128])_dtype_BFLOAT8_B_layout_TILE.tensorbin of shape Shape([2048, 1, 64, 128])
2026-08-29 09:16:28.741 | DEBUG    | core:as_tensor:724 - Loaded cache for /proj_sw/user_dev/ctr-apbernal/tt-metal/model_cache/meta-llama/Llama-3.3-70B-Instruct/TG/tensor_cache_instruct_bfp8/kvcache_torch.Size([2048, 1, 64, 128])_dtype_BFLOAT8_B_layout_TILE.tensorbin of shape Shape([2048, 1, 64, 128])
2026-08-29 09:16:28.807 | DEBUG    | core:as_tensor:724 - Loaded cache for /proj_sw/user_dev/ctr-apbernal/tt-metal/model_cache/meta-llama/Llama-3.3-70B-Instruct/TG/tensor_cache_instruct_bfp8/layers.37.feed_forward.w1_shardedprefetcher_dtype_BFLOAT4_B_layout_TILE.tensorbin of shape Shape([1, 1, 2048, 3584])
2026-08-29 09:16:28.855 | DEBUG    | core:as_tensor:724 - Loaded cache for /proj_sw/user_dev/ctr-apbernal/tt-metal/model_cache/meta-llama/Llama-3.3-70B-Instruct/TG/tensor_cache_instruct_bfp8/layers.37.feed_forward.w2_shardedprefetcher_dtype_BFLOAT8_B_layout_TILE.tensorbin of shape Shape([1, 1, 3584, 2048])
2026-08-29 09:16:28.898 | DEBUG    | core:as_tensor:724 - Loaded cache for /proj_sw/user_dev/ctr-apbernal/tt-metal/model_cache/meta-llama/Llama-3.3-70B-Instruct/TG/tensor_cache_instruct_bfp8/layers.37.feed_forward.w3_shardedprefetcher_dtype_BFLOAT4_B_layout_TILE.tensorbin of shape Shape([1, 1, 2048, 3584])
2026-08-29 09:16:28.943 | DEBUG    | core:as_tensor:724 - Loaded cache for /proj_sw/user_dev/ctr-apbernal/tt-metal/model_cache/meta-llama/Llama-3.3-70B-Instruct/TG/tensor_cache_instruct_bfp8/layers.37.feed_forward.w1_interleavedprefetcher_dtype_BFLOAT4_B_layout_TILE.tensorbin of shape Shape([1, 1, 2048, 3584])
2026-08-29 09:16:28.990 | DEBUG    | core:as_tensor:724 - Loaded cache for /proj_sw/user_dev/ctr-apbernal/tt-metal/model_cache/meta-llama/Llama-3.3-70B-Instruct/TG/tensor_cache_instruct_bfp8/layers.37.feed_forward.w2_interleavedprefetcher_dtype_BFLOAT8_B_layout_TILE.tensorbin of shape Shape([1, 1, 3584, 2048])
2026-08-29 09:16:29.032 | DEBUG    | core:as_tensor:724 - Loaded cache for /proj_sw/user_dev/ctr-apbernal/tt-metal/model_cache/meta-llama/Llama-3.3-70B-Instruct/TG/tensor_cache_instruct_bfp8/layers.37.feed_forward.w3_interleavedprefetcher_dtype_BFLOAT4_B_layout_TILE.tensorbin of shape Shape([1, 1, 2048, 3584])
2026-08-29 09:16:29.035 | DEBUG    | core:as_tensor:724 - Loaded cache for /proj_sw/user_dev/ctr-apbernal/tt-metal/model_cache/meta-llama/Llama-3.3-70B-Instruct/TG/tensor_cache_instruct_bfp8/layers.37.attention_norm.weight_dtype_BFLOAT16_layout_ROW_MAJOR.tensorbin of shape Shape([1, 1, 256, 32])
2026-08-29 09:16:29.036 | DEBUG    | core:as_tensor:724 - Loaded cache for /proj_sw/user_dev/ctr-apbernal/tt-metal/model_cache/meta-llama/Llama-3.3-70B-Instruct/TG/tensor_cache_instruct_bfp8/layers.37.attention_norm.weight_distributed_dtype_BFLOAT16_layout_ROW_MAJOR.tensorbin of shape Shape([1, 1, 64, 32])
2026-08-29 09:16:29.038 | DEBUG    | core:as_tensor:724 - Loaded cache for /proj_sw/user_dev/ctr-apbernal/tt-metal/model_cache/meta-llama/Llama-3.3-70B-Instruct/TG/tensor_cache_instruct_bfp8/layers.37.ffn_norm.weight_dtype_BFLOAT16_layout_ROW_MAJOR.tensorbin of shape Shape([1, 1, 256, 32])
2026-08-29 09:16:29.039 | DEBUG    | core:as_tensor:724 - Loaded cache for /proj_sw/user_dev/ctr-apbernal/tt-metal/model_cache/meta-llama/Llama-3.3-70B-Instruct/TG/tensor_cache_instruct_bfp8/layers.37.ffn_norm.weight_distributed_dtype_BFLOAT16_layout_ROW_MAJOR.tensorbin of shape Shape([1, 1, 64, 32])
 48%|████▊     | 38/80 [00:21<00:23,  1.76it/s]2026-08-29 09:16:29.119 | DEBUG    | core:as_tensor:724 - Loaded cache for /proj_sw/user_dev/ctr-apbernal/tt-metal/model_cache/meta-llama/Llama-3.3-70B-Instruct/TG/tensor_cache_instruct_bfp8/layers.38.attention.wqkv_sharded_2d_prefetcher_dtype_BFLOAT8_B_layout_TILE.tensorbin of shape Shape([1, 1, 2048, 1280])
2026-08-29 09:16:29.160 | DEBUG    | core:as_tensor:724 - Loaded cache for /proj_sw/user_dev/ctr-apbernal/tt-metal/model_cache/meta-llama/Llama-3.3-70B-Instruct/TG/tensor_cache_instruct_bfp8/layers.38.attention.wqkv_sharded_2d_dram_dtype_BFLOAT8_B_layout_TILE.tensorbin of shape Shape([1, 1, 2048, 1280])
2026-08-29 09:16:29.199 | DEBUG    | core:as_tensor:724 - Loaded cache for /proj_sw/user_dev/ctr-apbernal/tt-metal/model_cache/meta-llama/Llama-3.3-70B-Instruct/TG/tensor_cache_instruct_bfp8/layers.38.attention.wo_width_sharded_2d_prefetcher_dtype_BFLOAT8_B_layout_TILE.tensorbin of shape Shape([1, 1, 1024, 2048])
2026-08-29 09:16:29.238 | DEBUG    | core:as_tensor:724 - Loaded cache for /proj_sw/user_dev/ctr-apbernal/tt-metal/model_cache/meta-llama/Llama-3.3-70B-Instruct/TG/tensor_cache_instruct_bfp8/layers.38.attention.wo_width_sharded_2d_dram_dtype_BFLOAT8_B_layout_TILE.tensorbin of shape Shape([1, 1, 1024, 2048])
2026-08-29 09:16:29.286 | DEBUG    | core:as_tensor:724 - Loaded cache for /proj_sw/user_dev/ctr-apbernal/tt-metal/model_cache/meta-llama/Llama-3.3-70B-Instruct/TG/tensor_cache_instruct_bfp8/layers.38.attention.wo_col_sharded_dram_dtype_BFLOAT8_B_layout_TILE.tensorbin of shape Shape([1, 1, 8192, 2048])
2026-08-29 09:16:29.301 | DEBUG    | core:as_tensor:724 - Loaded cache for /proj_sw/user_dev/ctr-apbernal/tt-metal/model_cache/meta-llama/Llama-3.3-70B-Instruct/TG/tensor_cache_instruct_bfp8/kvcache_torch.Size([2048, 1, 64, 128])_dtype_BFLOAT8_B_layout_TILE.tensorbin of shape Shape([2048, 1, 64, 128])
2026-08-29 09:16:29.309 | DEBUG    | core:as_tensor:724 - Loaded cache for /proj_sw/user_dev/ctr-apbernal/tt-metal/model_cache/meta-llama/Llama-3.3-70B-Instruct/TG/tensor_cache_instruct_bfp8/kvcache_torch.Size([2048, 1, 64, 128])_dtype_BFLOAT8_B_layout_TILE.tensorbin of shape Shape([2048, 1, 64, 128])
2026-08-29 09:16:29.374 | DEBUG    | core:as_tensor:724 - Loaded cache for /proj_sw/user_dev/ctr-apbernal/tt-metal/model_cache/meta-llama/Llama-3.3-70B-Instruct/TG/tensor_cache_instruct_bfp8/layers.38.feed_forward.w1_shardedprefetcher_dtype_BFLOAT4_B_layout_TILE.tensorbin of shape Shape([1, 1, 2048, 3584])
2026-08-29 09:16:29.434 | DEBUG    | core:as_tensor:724 - Loaded cache for /proj_sw/user_dev/ctr-apbernal/tt-metal/model_cache/meta-llama/Llama-3.3-70B-Instruct/TG/tensor_cache_instruct_bfp8/layers.38.feed_forward.w2_shardedprefetcher_dtype_BFLOAT8_B_layout_TILE.tensorbin of shape Shape([1, 1, 3584, 2048])
2026-08-29 09:16:29.479 | DEBUG    | core:as_tensor:724 - Loaded cache for /proj_sw/user_dev/ctr-apbernal/tt-metal/model_cache/meta-llama/Llama-3.3-70B-Instruct/TG/tensor_cache_instruct_bfp8/layers.38.feed_forward.w3_shardedprefetcher_dtype_BFLOAT4_B_layout_TILE.tensorbin of shape Shape([1, 1, 2048, 3584])
2026-08-29 09:16:29.521 | DEBUG    | core:as_tensor:724 - Loaded cache for /proj_sw/user_dev/ctr-apbernal/tt-metal/model_cache/meta-llama/Llama-3.3-70B-Instruct/TG/tensor_cache_instruct_bfp8/layers.38.feed_forward.w1_interleavedprefetcher_dtype_BFLOAT4_B_layout_TILE.tensorbin of shape Shape([1, 1, 2048, 3584])
2026-08-29 09:16:29.568 | DEBUG    | core:as_tensor:724 - Loaded cache for /proj_sw/user_dev/ctr-apbernal/tt-metal/model_cache/meta-llama/Llama-3.3-70B-Instruct/TG/tensor_cache_instruct_bfp8/layers.38.feed_forward.w2_interleavedprefetcher_dtype_BFLOAT8_B_layout_TILE.tensorbin of shape Shape([1, 1, 3584, 2048])
2026-08-29 09:16:29.612 | DEBUG    | core:as_tensor:724 - Loaded cache for /proj_sw/user_dev/ctr-apbernal/tt-metal/model_cache/meta-llama/Llama-3.3-70B-Instruct/TG/tensor_cache_instruct_bfp8/layers.38.feed_forward.w3_interleavedprefetcher_dtype_BFLOAT4_B_layout_TILE.tensorbin of shape Shape([1, 1, 2048, 3584])
2026-08-29 09:16:29.613 | DEBUG    | core:as_tensor:724 - Loaded cache for /proj_sw/user_dev/ctr-apbernal/tt-metal/model_cache/meta-llama/Llama-3.3-70B-Instruct/TG/tensor_cache_instruct_bfp8/layers.38.attention_norm.weight_dtype_BFLOAT16_layout_ROW_MAJOR.tensorbin of shape Shape([1, 1, 256, 32])
2026-08-29 09:16:29.615 | DEBUG    | core:as_tensor:724 - Loaded cache for /proj_sw/user_dev/ctr-apbernal/tt-metal/model_cache/meta-llama/Llama-3.3-70B-Instruct/TG/tensor_cache_instruct_bfp8/layers.38.attention_norm.weight_distributed_dtype_BFLOAT16_layout_ROW_MAJOR.tensorbin of shape Shape([1, 1, 64, 32])
2026-08-29 09:16:29.616 | DEBUG    | core:as_tensor:724 - Loaded cache for /proj_sw/user_dev/ctr-apbernal/tt-metal/model_cache/meta-llama/Llama-3.3-70B-Instruct/TG/tensor_cache_instruct_bfp8/layers.38.ffn_norm.weight_dtype_BFLOAT16_layout_ROW_MAJOR.tensorbin of shape Shape([1, 1, 256, 32])
2026-08-29 09:16:29.618 | DEBUG    | core:as_tensor:724 - Loaded cache for /proj_sw/user_dev/ctr-apbernal/tt-metal/model_cache/meta-llama/Llama-3.3-70B-Instruct/TG/tensor_cache_instruct_bfp8/layers.38.ffn_norm.weight_distributed_dtype_BFLOAT16_layout_ROW_MAJOR.tensorbin of shape Shape([1, 1, 64, 32])
 49%|████▉     | 39/80 [00:22<00:23,  1.75it/s]2026-08-29 09:16:29.697 | DEBUG    | core:as_tensor:724 - Loaded cache for /proj_sw/user_dev/ctr-apbernal/tt-metal/model_cache/meta-llama/Llama-3.3-70B-Instruct/TG/tensor_cache_instruct_bfp8/layers.39.attention.wqkv_sharded_2d_prefetcher_dtype_BFLOAT8_B_layout_TILE.tensorbin of shape Shape([1, 1, 2048, 1280])
2026-08-29 09:16:29.739 | DEBUG    | core:as_tensor:724 - Loaded cache for /proj_sw/user_dev/ctr-apbernal/tt-metal/model_cache/meta-llama/Llama-3.3-70B-Instruct/TG/tensor_cache_instruct_bfp8/layers.39.attention.wqkv_sharded_2d_dram_dtype_BFLOAT8_B_layout_TILE.tensorbin of shape Shape([1, 1, 2048, 1280])
2026-08-29 09:16:29.779 | DEBUG    | core:as_tensor:724 - Loaded cache for /proj_sw/user_dev/ctr-apbernal/tt-metal/model_cache/meta-llama/Llama-3.3-70B-Instruct/TG/tensor_cache_instruct_bfp8/layers.39.attention.wo_width_sharded_2d_prefetcher_dtype_BFLOAT8_B_layout_TILE.tensorbin of shape Shape([1, 1, 1024, 2048])
2026-08-29 09:16:29.817 | DEBUG    | core:as_tensor:724 - Loaded cache for /proj_sw/user_dev/ctr-apbernal/tt-metal/model_cache/meta-llama/Llama-3.3-70B-Instruct/TG/tensor_cache_instruct_bfp8/layers.39.attention.wo_width_sharded_2d_dram_dtype_BFLOAT8_B_layout_TILE.tensorbin of shape Shape([1, 1, 1024, 2048])
2026-08-29 09:16:29.864 | DEBUG    | core:as_tensor:724 - Loaded cache for /proj_sw/user_dev/ctr-apbernal/tt-metal/model_cache/meta-llama/Llama-3.3-70B-Instruct/TG/tensor_cache_instruct_bfp8/layers.39.attention.wo_col_sharded_dram_dtype_BFLOAT8_B_layout_TILE.tensorbin of shape Shape([1, 1, 8192, 2048])
2026-08-29 09:16:29.880 | DEBUG    | core:as_tensor:724 - Loaded cache for /proj_sw/user_dev/ctr-apbernal/tt-metal/model_cache/meta-llama/Llama-3.3-70B-Instruct/TG/tensor_cache_instruct_bfp8/kvcache_torch.Size([2048, 1, 64, 128])_dtype_BFLOAT8_B_layout_TILE.tensorbin of shape Shape([2048, 1, 64, 128])
2026-08-29 09:16:29.888 | DEBUG    | core:as_tensor:724 - Loaded cache for /proj_sw/user_dev/ctr-apbernal/tt-metal/model_cache/meta-llama/Llama-3.3-70B-Instruct/TG/tensor_cache_instruct_bfp8/kvcache_torch.Size([2048, 1, 64, 128])_dtype_BFLOAT8_B_layout_TILE.tensorbin of shape Shape([2048, 1, 64, 128])
2026-08-29 09:16:29.959 | DEBUG    | core:as_tensor:724 - Loaded cache for /proj_sw/user_dev/ctr-apbernal/tt-metal/model_cache/meta-llama/Llama-3.3-70B-Instruct/TG/tensor_cache_instruct_bfp8/layers.39.feed_forward.w1_shardedprefetcher_dtype_BFLOAT4_B_layout_TILE.tensorbin of shape Shape([1, 1, 2048, 3584])
2026-08-29 09:16:30.009 | DEBUG    | core:as_tensor:724 - Loaded cache for /proj_sw/user_dev/ctr-apbernal/tt-metal/model_cache/meta-llama/Llama-3.3-70B-Instruct/TG/tensor_cache_instruct_bfp8/layers.39.feed_forward.w2_shardedprefetcher_dtype_BFLOAT8_B_layout_TILE.tensorbin of shape Shape([1, 1, 3584, 2048])
2026-08-29 09:16:30.051 | DEBUG    | core:as_tensor:724 - Loaded cache for /proj_sw/user_dev/ctr-apbernal/tt-metal/model_cache/meta-llama/Llama-3.3-70B-Instruct/TG/tensor_cache_instruct_bfp8/layers.39.feed_forward.w3_shardedprefetcher_dtype_BFLOAT4_B_layout_TILE.tensorbin of shape Shape([1, 1, 2048, 3584])
2026-08-29 09:16:30.093 | DEBUG    | core:as_tensor:724 - Loaded cache for /proj_sw/user_dev/ctr-apbernal/tt-metal/model_cache/meta-llama/Llama-3.3-70B-Instruct/TG/tensor_cache_instruct_bfp8/layers.39.feed_forward.w1_interleavedprefetcher_dtype_BFLOAT4_B_layout_TILE.tensorbin of shape Shape([1, 1, 2048, 3584])
2026-08-29 09:16:30.140 | DEBUG    | core:as_tensor:724 - Loaded cache for /proj_sw/user_dev/ctr-apbernal/tt-metal/model_cache/meta-llama/Llama-3.3-70B-Instruct/TG/tensor_cache_instruct_bfp8/layers.39.feed_forward.w2_interleavedprefetcher_dtype_BFLOAT8_B_layout_TILE.tensorbin of shape Shape([1, 1, 3584, 2048])
2026-08-29 09:16:30.182 | DEBUG    | core:as_tensor:724 - Loaded cache for /proj_sw/user_dev/ctr-apbernal/tt-metal/model_cache/meta-llama/Llama-3.3-70B-Instruct/TG/tensor_cache_instruct_bfp8/layers.39.feed_forward.w3_interleavedprefetcher_dtype_BFLOAT4_B_layout_TILE.tensorbin of shape Shape([1, 1, 2048, 3584])
2026-08-29 09:16:30.186 | DEBUG    | core:as_tensor:724 - Loaded cache for /proj_sw/user_dev/ctr-apbernal/tt-metal/model_cache/meta-llama/Llama-3.3-70B-Instruct/TG/tensor_cache_instruct_bfp8/layers.39.attention_norm.weight_dtype_BFLOAT16_layout_ROW_MAJOR.tensorbin of shape Shape([1, 1, 256, 32])
2026-08-29 09:16:30.187 | DEBUG    | core:as_tensor:724 - Loaded cache for /proj_sw/user_dev/ctr-apbernal/tt-metal/model_cache/meta-llama/Llama-3.3-70B-Instruct/TG/tensor_cache_instruct_bfp8/layers.39.attention_norm.weight_distributed_dtype_BFLOAT16_layout_ROW_MAJOR.tensorbin of shape Shape([1, 1, 64, 32])
2026-08-29 09:16:30.189 | DEBUG    | core:as_tensor:724 - Loaded cache for /proj_sw/user_dev/ctr-apbernal/tt-metal/model_cache/meta-llama/Llama-3.3-70B-Instruct/TG/tensor_cache_instruct_bfp8/layers.39.ffn_norm.weight_dtype_BFLOAT16_layout_ROW_MAJOR.tensorbin of shape Shape([1, 1, 256, 32])
2026-08-29 09:16:30.190 | DEBUG    | core:as_tensor:724 - Loaded cache for /proj_sw/user_dev/ctr-apbernal/tt-metal/model_cache/meta-llama/Llama-3.3-70B-Instruct/TG/tensor_cache_instruct_bfp8/layers.39.ffn_norm.weight_distributed_dtype_BFLOAT16_layout_ROW_MAJOR.tensorbin of shape Shape([1, 1, 64, 32])
 50%|█████     | 40/80 [00:22<00:22,  1.75it/s]2026-08-29 09:16:30.276 | DEBUG    | core:as_tensor:724 - Loaded cache for /proj_sw/user_dev/ctr-apbernal/tt-metal/model_cache/meta-llama/Llama-3.3-70B-Instruct/TG/tensor_cache_instruct_bfp8/layers.40.attention.wqkv_sharded_2d_prefetcher_dtype_BFLOAT8_B_layout_TILE.tensorbin of shape Shape([1, 1, 2048, 1280])
2026-08-29 09:16:30.317 | DEBUG    | core:as_tensor:724 - Loaded cache for /proj_sw/user_dev/ctr-apbernal/tt-metal/model_cache/meta-llama/Llama-3.3-70B-Instruct/TG/tensor_cache_instruct_bfp8/layers.40.attention.wqkv_sharded_2d_dram_dtype_BFLOAT8_B_layout_TILE.tensorbin of shape Shape([1, 1, 2048, 1280])
2026-08-29 09:16:30.358 | DEBUG    | core:as_tensor:724 - Loaded cache for /proj_sw/user_dev/ctr-apbernal/tt-metal/model_cache/meta-llama/Llama-3.3-70B-Instruct/TG/tensor_cache_instruct_bfp8/layers.40.attention.wo_width_sharded_2d_prefetcher_dtype_BFLOAT8_B_layout_TILE.tensorbin of shape Shape([1, 1, 1024, 2048])
2026-08-29 09:16:30.397 | DEBUG    | core:as_tensor:724 - Loaded cache for /proj_sw/user_dev/ctr-apbernal/tt-metal/model_cache/meta-llama/Llama-3.3-70B-Instruct/TG/tensor_cache_instruct_bfp8/layers.40.attention.wo_width_sharded_2d_dram_dtype_BFLOAT8_B_layout_TILE.tensorbin of shape Shape([1, 1, 1024, 2048])
2026-08-29 09:16:30.444 | DEBUG    | core:as_tensor:724 - Loaded cache for /proj_sw/user_dev/ctr-apbernal/tt-metal/model_cache/meta-llama/Llama-3.3-70B-Instruct/TG/tensor_cache_instruct_bfp8/layers.40.attention.wo_col_sharded_dram_dtype_BFLOAT8_B_layout_TILE.tensorbin of shape Shape([1, 1, 8192, 2048])
2026-08-29 09:16:30.460 | DEBUG    | core:as_tensor:724 - Loaded cache for /proj_sw/user_dev/ctr-apbernal/tt-metal/model_cache/meta-llama/Llama-3.3-70B-Instruct/TG/tensor_cache_instruct_bfp8/kvcache_torch.Size([2048, 1, 64, 128])_dtype_BFLOAT8_B_layout_TILE.tensorbin of shape Shape([2048, 1, 64, 128])
2026-08-29 09:16:30.468 | DEBUG    | core:as_tensor:724 - Loaded cache for /proj_sw/user_dev/ctr-apbernal/tt-metal/model_cache/meta-llama/Llama-3.3-70B-Instruct/TG/tensor_cache_instruct_bfp8/kvcache_torch.Size([2048, 1, 64, 128])_dtype_BFLOAT8_B_layout_TILE.tensorbin of shape Shape([2048, 1, 64, 128])
2026-08-29 09:16:30.535 | DEBUG    | core:as_tensor:724 - Loaded cache for /proj_sw/user_dev/ctr-apbernal/tt-metal/model_cache/meta-llama/Llama-3.3-70B-Instruct/TG/tensor_cache_instruct_bfp8/layers.40.feed_forward.w1_shardedprefetcher_dtype_BFLOAT4_B_layout_TILE.tensorbin of shape Shape([1, 1, 2048, 3584])
2026-08-29 09:16:30.583 | DEBUG    | core:as_tensor:724 - Loaded cache for /proj_sw/user_dev/ctr-apbernal/tt-metal/model_cache/meta-llama/Llama-3.3-70B-Instruct/TG/tensor_cache_instruct_bfp8/layers.40.feed_forward.w2_shardedprefetcher_dtype_BFLOAT8_B_layout_TILE.tensorbin of shape Shape([1, 1, 3584, 2048])
2026-08-29 09:16:30.628 | DEBUG    | core:as_tensor:724 - Loaded cache for /proj_sw/user_dev/ctr-apbernal/tt-metal/model_cache/meta-llama/Llama-3.3-70B-Instruct/TG/tensor_cache_instruct_bfp8/layers.40.feed_forward.w3_shardedprefetcher_dtype_BFLOAT4_B_layout_TILE.tensorbin of shape Shape([1, 1, 2048, 3584])
2026-08-29 09:16:30.673 | DEBUG    | core:as_tensor:724 - Loaded cache for /proj_sw/user_dev/ctr-apbernal/tt-metal/model_cache/meta-llama/Llama-3.3-70B-Instruct/TG/tensor_cache_instruct_bfp8/layers.40.feed_forward.w1_interleavedprefetcher_dtype_BFLOAT4_B_layout_TILE.tensorbin of shape Shape([1, 1, 2048, 3584])
2026-08-29 09:16:30.722 | DEBUG    | core:as_tensor:724 - Loaded cache for /proj_sw/user_dev/ctr-apbernal/tt-metal/model_cache/meta-llama/Llama-3.3-70B-Instruct/TG/tensor_cache_instruct_bfp8/layers.40.feed_forward.w2_interleavedprefetcher_dtype_BFLOAT8_B_layout_TILE.tensorbin of shape Shape([1, 1, 3584, 2048])
2026-08-29 09:16:30.764 | DEBUG    | core:as_tensor:724 - Loaded cache for /proj_sw/user_dev/ctr-apbernal/tt-metal/model_cache/meta-llama/Llama-3.3-70B-Instruct/TG/tensor_cache_instruct_bfp8/layers.40.feed_forward.w3_interleavedprefetcher_dtype_BFLOAT4_B_layout_TILE.tensorbin of shape Shape([1, 1, 2048, 3584])
2026-08-29 09:16:30.768 | DEBUG    | core:as_tensor:724 - Loaded cache for /proj_sw/user_dev/ctr-apbernal/tt-metal/model_cache/meta-llama/Llama-3.3-70B-Instruct/TG/tensor_cache_instruct_bfp8/layers.40.attention_norm.weight_dtype_BFLOAT16_layout_ROW_MAJOR.tensorbin of shape Shape([1, 1, 256, 32])
2026-08-29 09:16:30.769 | DEBUG    | core:as_tensor:724 - Loaded cache for /proj_sw/user_dev/ctr-apbernal/tt-metal/model_cache/meta-llama/Llama-3.3-70B-Instruct/TG/tensor_cache_instruct_bfp8/layers.40.attention_norm.weight_distributed_dtype_BFLOAT16_layout_ROW_MAJOR.tensorbin of shape Shape([1, 1, 64, 32])
2026-08-29 09:16:30.772 | DEBUG    | core:as_tensor:724 - Loaded cache for /proj_sw/user_dev/ctr-apbernal/tt-metal/model_cache/meta-llama/Llama-3.3-70B-Instruct/TG/tensor_cache_instruct_bfp8/layers.40.ffn_norm.weight_dtype_BFLOAT16_layout_ROW_MAJOR.tensorbin of shape Shape([1, 1, 256, 32])
2026-08-29 09:16:30.773 | DEBUG    | core:as_tensor:724 - Loaded cache for /proj_sw/user_dev/ctr-apbernal/tt-metal/model_cache/meta-llama/Llama-3.3-70B-Instruct/TG/tensor_cache_instruct_bfp8/layers.40.ffn_norm.weight_distributed_dtype_BFLOAT16_layout_ROW_MAJOR.tensorbin of shape Shape([1, 1, 64, 32])
 51%|█████▏    | 41/80 [00:23<00:22,  1.74it/s]2026-08-29 09:16:30.850 | DEBUG    | core:as_tensor:724 - Loaded cache for /proj_sw/user_dev/ctr-apbernal/tt-metal/model_cache/meta-llama/Llama-3.3-70B-Instruct/TG/tensor_cache_instruct_bfp8/layers.41.attention.wqkv_sharded_2d_prefetcher_dtype_BFLOAT8_B_layout_TILE.tensorbin of shape Shape([1, 1, 2048, 1280])
2026-08-29 09:16:30.890 | DEBUG    | core:as_tensor:724 - Loaded cache for /proj_sw/user_dev/ctr-apbernal/tt-metal/model_cache/meta-llama/Llama-3.3-70B-Instruct/TG/tensor_cache_instruct_bfp8/layers.41.attention.wqkv_sharded_2d_dram_dtype_BFLOAT8_B_layout_TILE.tensorbin of shape Shape([1, 1, 2048, 1280])
2026-08-29 09:16:30.931 | DEBUG    | core:as_tensor:724 - Loaded cache for /proj_sw/user_dev/ctr-apbernal/tt-metal/model_cache/meta-llama/Llama-3.3-70B-Instruct/TG/tensor_cache_instruct_bfp8/layers.41.attention.wo_width_sharded_2d_prefetcher_dtype_BFLOAT8_B_layout_TILE.tensorbin of shape Shape([1, 1, 1024, 2048])
2026-08-29 09:16:30.974 | DEBUG    | core:as_tensor:724 - Loaded cache for /proj_sw/user_dev/ctr-apbernal/tt-metal/model_cache/meta-llama/Llama-3.3-70B-Instruct/TG/tensor_cache_instruct_bfp8/layers.41.attention.wo_width_sharded_2d_dram_dtype_BFLOAT8_B_layout_TILE.tensorbin of shape Shape([1, 1, 1024, 2048])
2026-08-29 09:16:31.022 | DEBUG    | core:as_tensor:724 - Loaded cache for /proj_sw/user_dev/ctr-apbernal/tt-metal/model_cache/meta-llama/Llama-3.3-70B-Instruct/TG/tensor_cache_instruct_bfp8/layers.41.attention.wo_col_sharded_dram_dtype_BFLOAT8_B_layout_TILE.tensorbin of shape Shape([1, 1, 8192, 2048])
2026-08-29 09:16:31.037 | DEBUG    | core:as_tensor:724 - Loaded cache for /proj_sw/user_dev/ctr-apbernal/tt-metal/model_cache/meta-llama/Llama-3.3-70B-Instruct/TG/tensor_cache_instruct_bfp8/kvcache_torch.Size([2048, 1, 64, 128])_dtype_BFLOAT8_B_layout_TILE.tensorbin of shape Shape([2048, 1, 64, 128])
2026-08-29 09:16:31.046 | DEBUG    | core:as_tensor:724 - Loaded cache for /proj_sw/user_dev/ctr-apbernal/tt-metal/model_cache/meta-llama/Llama-3.3-70B-Instruct/TG/tensor_cache_instruct_bfp8/kvcache_torch.Size([2048, 1, 64, 128])_dtype_BFLOAT8_B_layout_TILE.tensorbin of shape Shape([2048, 1, 64, 128])
2026-08-29 09:16:31.108 | DEBUG    | core:as_tensor:724 - Loaded cache for /proj_sw/user_dev/ctr-apbernal/tt-metal/model_cache/meta-llama/Llama-3.3-70B-Instruct/TG/tensor_cache_instruct_bfp8/layers.41.feed_forward.w1_shardedprefetcher_dtype_BFLOAT4_B_layout_TILE.tensorbin of shape Shape([1, 1, 2048, 3584])
2026-08-29 09:16:31.160 | DEBUG    | core:as_tensor:724 - Loaded cache for /proj_sw/user_dev/ctr-apbernal/tt-metal/model_cache/meta-llama/Llama-3.3-70B-Instruct/TG/tensor_cache_instruct_bfp8/layers.41.feed_forward.w2_shardedprefetcher_dtype_BFLOAT8_B_layout_TILE.tensorbin of shape Shape([1, 1, 3584, 2048])
2026-08-29 09:16:31.204 | DEBUG    | core:as_tensor:724 - Loaded cache for /proj_sw/user_dev/ctr-apbernal/tt-metal/model_cache/meta-llama/Llama-3.3-70B-Instruct/TG/tensor_cache_instruct_bfp8/layers.41.feed_forward.w3_shardedprefetcher_dtype_BFLOAT4_B_layout_TILE.tensorbin of shape Shape([1, 1, 2048, 3584])
2026-08-29 09:16:31.247 | DEBUG    | core:as_tensor:724 - Loaded cache for /proj_sw/user_dev/ctr-apbernal/tt-metal/model_cache/meta-llama/Llama-3.3-70B-Instruct/TG/tensor_cache_instruct_bfp8/layers.41.feed_forward.w1_interleavedprefetcher_dtype_BFLOAT4_B_layout_TILE.tensorbin of shape Shape([1, 1, 2048, 3584])
2026-08-29 09:16:31.297 | DEBUG    | core:as_tensor:724 - Loaded cache for /proj_sw/user_dev/ctr-apbernal/tt-metal/model_cache/meta-llama/Llama-3.3-70B-Instruct/TG/tensor_cache_instruct_bfp8/layers.41.feed_forward.w2_interleavedprefetcher_dtype_BFLOAT8_B_layout_TILE.tensorbin of shape Shape([1, 1, 3584, 2048])
2026-08-29 09:16:31.339 | DEBUG    | core:as_tensor:724 - Loaded cache for /proj_sw/user_dev/ctr-apbernal/tt-metal/model_cache/meta-llama/Llama-3.3-70B-Instruct/TG/tensor_cache_instruct_bfp8/layers.41.feed_forward.w3_interleavedprefetcher_dtype_BFLOAT4_B_layout_TILE.tensorbin of shape Shape([1, 1, 2048, 3584])
2026-08-29 09:16:31.341 | DEBUG    | core:as_tensor:724 - Loaded cache for /proj_sw/user_dev/ctr-apbernal/tt-metal/model_cache/meta-llama/Llama-3.3-70B-Instruct/TG/tensor_cache_instruct_bfp8/layers.41.attention_norm.weight_dtype_BFLOAT16_layout_ROW_MAJOR.tensorbin of shape Shape([1, 1, 256, 32])
2026-08-29 09:16:31.343 | DEBUG    | core:as_tensor:724 - Loaded cache for /proj_sw/user_dev/ctr-apbernal/tt-metal/model_cache/meta-llama/Llama-3.3-70B-Instruct/TG/tensor_cache_instruct_bfp8/layers.41.attention_norm.weight_distributed_dtype_BFLOAT16_layout_ROW_MAJOR.tensorbin of shape Shape([1, 1, 64, 32])
2026-08-29 09:16:31.345 | DEBUG    | core:as_tensor:724 - Loaded cache for /proj_sw/user_dev/ctr-apbernal/tt-metal/model_cache/meta-llama/Llama-3.3-70B-Instruct/TG/tensor_cache_instruct_bfp8/layers.41.ffn_norm.weight_dtype_BFLOAT16_layout_ROW_MAJOR.tensorbin of shape Shape([1, 1, 256, 32])
2026-08-29 09:16:31.347 | DEBUG    | core:as_tensor:724 - Loaded cache for /proj_sw/user_dev/ctr-apbernal/tt-metal/model_cache/meta-llama/Llama-3.3-70B-Instruct/TG/tensor_cache_instruct_bfp8/layers.41.ffn_norm.weight_distributed_dtype_BFLOAT16_layout_ROW_MAJOR.tensorbin of shape Shape([1, 1, 64, 32])
 52%|█████▎    | 42/80 [00:23<00:21,  1.74it/s]2026-08-29 09:16:31.432 | DEBUG    | core:as_tensor:724 - Loaded cache for /proj_sw/user_dev/ctr-apbernal/tt-metal/model_cache/meta-llama/Llama-3.3-70B-Instruct/TG/tensor_cache_instruct_bfp8/layers.42.attention.wqkv_sharded_2d_prefetcher_dtype_BFLOAT8_B_layout_TILE.tensorbin of shape Shape([1, 1, 2048, 1280])
2026-08-29 09:16:31.471 | DEBUG    | core:as_tensor:724 - Loaded cache for /proj_sw/user_dev/ctr-apbernal/tt-metal/model_cache/meta-llama/Llama-3.3-70B-Instruct/TG/tensor_cache_instruct_bfp8/layers.42.attention.wqkv_sharded_2d_dram_dtype_BFLOAT8_B_layout_TILE.tensorbin of shape Shape([1, 1, 2048, 1280])
2026-08-29 09:16:31.510 | DEBUG    | core:as_tensor:724 - Loaded cache for /proj_sw/user_dev/ctr-apbernal/tt-metal/model_cache/meta-llama/Llama-3.3-70B-Instruct/TG/tensor_cache_instruct_bfp8/layers.42.attention.wo_width_sharded_2d_prefetcher_dtype_BFLOAT8_B_layout_TILE.tensorbin of shape Shape([1, 1, 1024, 2048])
2026-08-29 09:16:31.549 | DEBUG    | core:as_tensor:724 - Loaded cache for /proj_sw/user_dev/ctr-apbernal/tt-metal/model_cache/meta-llama/Llama-3.3-70B-Instruct/TG/tensor_cache_instruct_bfp8/layers.42.attention.wo_width_sharded_2d_dram_dtype_BFLOAT8_B_layout_TILE.tensorbin of shape Shape([1, 1, 1024, 2048])
2026-08-29 09:16:31.596 | DEBUG    | core:as_tensor:724 - Loaded cache for /proj_sw/user_dev/ctr-apbernal/tt-metal/model_cache/meta-llama/Llama-3.3-70B-Instruct/TG/tensor_cache_instruct_bfp8/layers.42.attention.wo_col_sharded_dram_dtype_BFLOAT8_B_layout_TILE.tensorbin of shape Shape([1, 1, 8192, 2048])
2026-08-29 09:16:31.611 | DEBUG    | core:as_tensor:724 - Loaded cache for /proj_sw/user_dev/ctr-apbernal/tt-metal/model_cache/meta-llama/Llama-3.3-70B-Instruct/TG/tensor_cache_instruct_bfp8/kvcache_torch.Size([2048, 1, 64, 128])_dtype_BFLOAT8_B_layout_TILE.tensorbin of shape Shape([2048, 1, 64, 128])
2026-08-29 09:16:31.620 | DEBUG    | core:as_tensor:724 - Loaded cache for /proj_sw/user_dev/ctr-apbernal/tt-metal/model_cache/meta-llama/Llama-3.3-70B-Instruct/TG/tensor_cache_instruct_bfp8/kvcache_torch.Size([2048, 1, 64, 128])_dtype_BFLOAT8_B_layout_TILE.tensorbin of shape Shape([2048, 1, 64, 128])
2026-08-29 09:16:31.685 | DEBUG    | core:as_tensor:724 - Loaded cache for /proj_sw/user_dev/ctr-apbernal/tt-metal/model_cache/meta-llama/Llama-3.3-70B-Instruct/TG/tensor_cache_instruct_bfp8/layers.42.feed_forward.w1_shardedprefetcher_dtype_BFLOAT4_B_layout_TILE.tensorbin of shape Shape([1, 1, 2048, 3584])
2026-08-29 09:16:31.734 | DEBUG    | core:as_tensor:724 - Loaded cache for /proj_sw/user_dev/ctr-apbernal/tt-metal/model_cache/meta-llama/Llama-3.3-70B-Instruct/TG/tensor_cache_instruct_bfp8/layers.42.feed_forward.w2_shardedprefetcher_dtype_BFLOAT8_B_layout_TILE.tensorbin of shape Shape([1, 1, 3584, 2048])
2026-08-29 09:16:31.777 | DEBUG    | core:as_tensor:724 - Loaded cache for /proj_sw/user_dev/ctr-apbernal/tt-metal/model_cache/meta-llama/Llama-3.3-70B-Instruct/TG/tensor_cache_instruct_bfp8/layers.42.feed_forward.w3_shardedprefetcher_dtype_BFLOAT4_B_layout_TILE.tensorbin of shape Shape([1, 1, 2048, 3584])
2026-08-29 09:16:31.819 | DEBUG    | core:as_tensor:724 - Loaded cache for /proj_sw/user_dev/ctr-apbernal/tt-metal/model_cache/meta-llama/Llama-3.3-70B-Instruct/TG/tensor_cache_instruct_bfp8/layers.42.feed_forward.w1_interleavedprefetcher_dtype_BFLOAT4_B_layout_TILE.tensorbin of shape Shape([1, 1, 2048, 3584])
2026-08-29 09:16:31.867 | DEBUG    | core:as_tensor:724 - Loaded cache for /proj_sw/user_dev/ctr-apbernal/tt-metal/model_cache/meta-llama/Llama-3.3-70B-Instruct/TG/tensor_cache_instruct_bfp8/layers.42.feed_forward.w2_interleavedprefetcher_dtype_BFLOAT8_B_layout_TILE.tensorbin of shape Shape([1, 1, 3584, 2048])
2026-08-29 09:16:31.911 | DEBUG    | core:as_tensor:724 - Loaded cache for /proj_sw/user_dev/ctr-apbernal/tt-metal/model_cache/meta-llama/Llama-3.3-70B-Instruct/TG/tensor_cache_instruct_bfp8/layers.42.feed_forward.w3_interleavedprefetcher_dtype_BFLOAT4_B_layout_TILE.tensorbin of shape Shape([1, 1, 2048, 3584])
2026-08-29 09:16:31.913 | DEBUG    | core:as_tensor:724 - Loaded cache for /proj_sw/user_dev/ctr-apbernal/tt-metal/model_cache/meta-llama/Llama-3.3-70B-Instruct/TG/tensor_cache_instruct_bfp8/layers.42.attention_norm.weight_dtype_BFLOAT16_layout_ROW_MAJOR.tensorbin of shape Shape([1, 1, 256, 32])
2026-08-29 09:16:31.915 | DEBUG    | core:as_tensor:724 - Loaded cache for /proj_sw/user_dev/ctr-apbernal/tt-metal/model_cache/meta-llama/Llama-3.3-70B-Instruct/TG/tensor_cache_instruct_bfp8/layers.42.attention_norm.weight_distributed_dtype_BFLOAT16_layout_ROW_MAJOR.tensorbin of shape Shape([1, 1, 64, 32])
2026-08-29 09:16:31.917 | DEBUG    | core:as_tensor:724 - Loaded cache for /proj_sw/user_dev/ctr-apbernal/tt-metal/model_cache/meta-llama/Llama-3.3-70B-Instruct/TG/tensor_cache_instruct_bfp8/layers.42.ffn_norm.weight_dtype_BFLOAT16_layout_ROW_MAJOR.tensorbin of shape Shape([1, 1, 256, 32])
2026-08-29 09:16:31.919 | DEBUG    | core:as_tensor:724 - Loaded cache for /proj_sw/user_dev/ctr-apbernal/tt-metal/model_cache/meta-llama/Llama-3.3-70B-Instruct/TG/tensor_cache_instruct_bfp8/layers.42.ffn_norm.weight_distributed_dtype_BFLOAT16_layout_ROW_MAJOR.tensorbin of shape Shape([1, 1, 64, 32])
 54%|█████▍    | 43/80 [00:24<00:21,  1.74it/s]2026-08-29 09:16:32.005 | DEBUG    | core:as_tensor:724 - Loaded cache for /proj_sw/user_dev/ctr-apbernal/tt-metal/model_cache/meta-llama/Llama-3.3-70B-Instruct/TG/tensor_cache_instruct_bfp8/layers.43.attention.wqkv_sharded_2d_prefetcher_dtype_BFLOAT8_B_layout_TILE.tensorbin of shape Shape([1, 1, 2048, 1280])
2026-08-29 09:16:32.045 | DEBUG    | core:as_tensor:724 - Loaded cache for /proj_sw/user_dev/ctr-apbernal/tt-metal/model_cache/meta-llama/Llama-3.3-70B-Instruct/TG/tensor_cache_instruct_bfp8/layers.43.attention.wqkv_sharded_2d_dram_dtype_BFLOAT8_B_layout_TILE.tensorbin of shape Shape([1, 1, 2048, 1280])
2026-08-29 09:16:32.085 | DEBUG    | core:as_tensor:724 - Loaded cache for /proj_sw/user_dev/ctr-apbernal/tt-metal/model_cache/meta-llama/Llama-3.3-70B-Instruct/TG/tensor_cache_instruct_bfp8/layers.43.attention.wo_width_sharded_2d_prefetcher_dtype_BFLOAT8_B_layout_TILE.tensorbin of shape Shape([1, 1, 1024, 2048])
2026-08-29 09:16:32.124 | DEBUG    | core:as_tensor:724 - Loaded cache for /proj_sw/user_dev/ctr-apbernal/tt-metal/model_cache/meta-llama/Llama-3.3-70B-Instruct/TG/tensor_cache_instruct_bfp8/layers.43.attention.wo_width_sharded_2d_dram_dtype_BFLOAT8_B_layout_TILE.tensorbin of shape Shape([1, 1, 1024, 2048])
2026-08-29 09:16:32.170 | DEBUG    | core:as_tensor:724 - Loaded cache for /proj_sw/user_dev/ctr-apbernal/tt-metal/model_cache/meta-llama/Llama-3.3-70B-Instruct/TG/tensor_cache_instruct_bfp8/layers.43.attention.wo_col_sharded_dram_dtype_BFLOAT8_B_layout_TILE.tensorbin of shape Shape([1, 1, 8192, 2048])
2026-08-29 09:16:32.185 | DEBUG    | core:as_tensor:724 - Loaded cache for /proj_sw/user_dev/ctr-apbernal/tt-metal/model_cache/meta-llama/Llama-3.3-70B-Instruct/TG/tensor_cache_instruct_bfp8/kvcache_torch.Size([2048, 1, 64, 128])_dtype_BFLOAT8_B_layout_TILE.tensorbin of shape Shape([2048, 1, 64, 128])
2026-08-29 09:16:32.193 | DEBUG    | core:as_tensor:724 - Loaded cache for /proj_sw/user_dev/ctr-apbernal/tt-metal/model_cache/meta-llama/Llama-3.3-70B-Instruct/TG/tensor_cache_instruct_bfp8/kvcache_torch.Size([2048, 1, 64, 128])_dtype_BFLOAT8_B_layout_TILE.tensorbin of shape Shape([2048, 1, 64, 128])
2026-08-29 09:16:32.258 | DEBUG    | core:as_tensor:724 - Loaded cache for /proj_sw/user_dev/ctr-apbernal/tt-metal/model_cache/meta-llama/Llama-3.3-70B-Instruct/TG/tensor_cache_instruct_bfp8/layers.43.feed_forward.w1_shardedprefetcher_dtype_BFLOAT4_B_layout_TILE.tensorbin of shape Shape([1, 1, 2048, 3584])
2026-08-29 09:16:32.307 | DEBUG    | core:as_tensor:724 - Loaded cache for /proj_sw/user_dev/ctr-apbernal/tt-metal/model_cache/meta-llama/Llama-3.3-70B-Instruct/TG/tensor_cache_instruct_bfp8/layers.43.feed_forward.w2_shardedprefetcher_dtype_BFLOAT8_B_layout_TILE.tensorbin of shape Shape([1, 1, 3584, 2048])
2026-08-29 09:16:32.350 | DEBUG    | core:as_tensor:724 - Loaded cache for /proj_sw/user_dev/ctr-apbernal/tt-metal/model_cache/meta-llama/Llama-3.3-70B-Instruct/TG/tensor_cache_instruct_bfp8/layers.43.feed_forward.w3_shardedprefetcher_dtype_BFLOAT4_B_layout_TILE.tensorbin of shape Shape([1, 1, 2048, 3584])
2026-08-29 09:16:32.392 | DEBUG    | core:as_tensor:724 - Loaded cache for /proj_sw/user_dev/ctr-apbernal/tt-metal/model_cache/meta-llama/Llama-3.3-70B-Instruct/TG/tensor_cache_instruct_bfp8/layers.43.feed_forward.w1_interleavedprefetcher_dtype_BFLOAT4_B_layout_TILE.tensorbin of shape Shape([1, 1, 2048, 3584])
2026-08-29 09:16:32.439 | DEBUG    | core:as_tensor:724 - Loaded cache for /proj_sw/user_dev/ctr-apbernal/tt-metal/model_cache/meta-llama/Llama-3.3-70B-Instruct/TG/tensor_cache_instruct_bfp8/layers.43.feed_forward.w2_interleavedprefetcher_dtype_BFLOAT8_B_layout_TILE.tensorbin of shape Shape([1, 1, 3584, 2048])
2026-08-29 09:16:32.483 | DEBUG    | core:as_tensor:724 - Loaded cache for /proj_sw/user_dev/ctr-apbernal/tt-metal/model_cache/meta-llama/Llama-3.3-70B-Instruct/TG/tensor_cache_instruct_bfp8/layers.43.feed_forward.w3_interleavedprefetcher_dtype_BFLOAT4_B_layout_TILE.tensorbin of shape Shape([1, 1, 2048, 3584])
2026-08-29 09:16:32.485 | DEBUG    | core:as_tensor:724 - Loaded cache for /proj_sw/user_dev/ctr-apbernal/tt-metal/model_cache/meta-llama/Llama-3.3-70B-Instruct/TG/tensor_cache_instruct_bfp8/layers.43.attention_norm.weight_dtype_BFLOAT16_layout_ROW_MAJOR.tensorbin of shape Shape([1, 1, 256, 32])
2026-08-29 09:16:32.486 | DEBUG    | core:as_tensor:724 - Loaded cache for /proj_sw/user_dev/ctr-apbernal/tt-metal/model_cache/meta-llama/Llama-3.3-70B-Instruct/TG/tensor_cache_instruct_bfp8/layers.43.attention_norm.weight_distributed_dtype_BFLOAT16_layout_ROW_MAJOR.tensorbin of shape Shape([1, 1, 64, 32])
2026-08-29 09:16:32.488 | DEBUG    | core:as_tensor:724 - Loaded cache for /proj_sw/user_dev/ctr-apbernal/tt-metal/model_cache/meta-llama/Llama-3.3-70B-Instruct/TG/tensor_cache_instruct_bfp8/layers.43.ffn_norm.weight_dtype_BFLOAT16_layout_ROW_MAJOR.tensorbin of shape Shape([1, 1, 256, 32])
2026-08-29 09:16:32.490 | DEBUG    | core:as_tensor:724 - Loaded cache for /proj_sw/user_dev/ctr-apbernal/tt-metal/model_cache/meta-llama/Llama-3.3-70B-Instruct/TG/tensor_cache_instruct_bfp8/layers.43.ffn_norm.weight_distributed_dtype_BFLOAT16_layout_ROW_MAJOR.tensorbin of shape Shape([1, 1, 64, 32])
 55%|█████▌    | 44/80 [00:25<00:20,  1.74it/s]2026-08-29 09:16:32.576 | DEBUG    | core:as_tensor:724 - Loaded cache for /proj_sw/user_dev/ctr-apbernal/tt-metal/model_cache/meta-llama/Llama-3.3-70B-Instruct/TG/tensor_cache_instruct_bfp8/layers.44.attention.wqkv_sharded_2d_prefetcher_dtype_BFLOAT8_B_layout_TILE.tensorbin of shape Shape([1, 1, 2048, 1280])
2026-08-29 09:16:32.617 | DEBUG    | core:as_tensor:724 - Loaded cache for /proj_sw/user_dev/ctr-apbernal/tt-metal/model_cache/meta-llama/Llama-3.3-70B-Instruct/TG/tensor_cache_instruct_bfp8/layers.44.attention.wqkv_sharded_2d_dram_dtype_BFLOAT8_B_layout_TILE.tensorbin of shape Shape([1, 1, 2048, 1280])
2026-08-29 09:16:32.655 | DEBUG    | core:as_tensor:724 - Loaded cache for /proj_sw/user_dev/ctr-apbernal/tt-metal/model_cache/meta-llama/Llama-3.3-70B-Instruct/TG/tensor_cache_instruct_bfp8/layers.44.attention.wo_width_sharded_2d_prefetcher_dtype_BFLOAT8_B_layout_TILE.tensorbin of shape Shape([1, 1, 1024, 2048])
2026-08-29 09:16:32.696 | DEBUG    | core:as_tensor:724 - Loaded cache for /proj_sw/user_dev/ctr-apbernal/tt-metal/model_cache/meta-llama/Llama-3.3-70B-Instruct/TG/tensor_cache_instruct_bfp8/layers.44.attention.wo_width_sharded_2d_dram_dtype_BFLOAT8_B_layout_TILE.tensorbin of shape Shape([1, 1, 1024, 2048])
2026-08-29 09:16:32.744 | DEBUG    | core:as_tensor:724 - Loaded cache for /proj_sw/user_dev/ctr-apbernal/tt-metal/model_cache/meta-llama/Llama-3.3-70B-Instruct/TG/tensor_cache_instruct_bfp8/layers.44.attention.wo_col_sharded_dram_dtype_BFLOAT8_B_layout_TILE.tensorbin of shape Shape([1, 1, 8192, 2048])
2026-08-29 09:16:32.759 | DEBUG    | core:as_tensor:724 - Loaded cache for /proj_sw/user_dev/ctr-apbernal/tt-metal/model_cache/meta-llama/Llama-3.3-70B-Instruct/TG/tensor_cache_instruct_bfp8/kvcache_torch.Size([2048, 1, 64, 128])_dtype_BFLOAT8_B_layout_TILE.tensorbin of shape Shape([2048, 1, 64, 128])
2026-08-29 09:16:32.768 | DEBUG    | core:as_tensor:724 - Loaded cache for /proj_sw/user_dev/ctr-apbernal/tt-metal/model_cache/meta-llama/Llama-3.3-70B-Instruct/TG/tensor_cache_instruct_bfp8/kvcache_torch.Size([2048, 1, 64, 128])_dtype_BFLOAT8_B_layout_TILE.tensorbin of shape Shape([2048, 1, 64, 128])
2026-08-29 09:16:32.834 | DEBUG    | core:as_tensor:724 - Loaded cache for /proj_sw/user_dev/ctr-apbernal/tt-metal/model_cache/meta-llama/Llama-3.3-70B-Instruct/TG/tensor_cache_instruct_bfp8/layers.44.feed_forward.w1_shardedprefetcher_dtype_BFLOAT4_B_layout_TILE.tensorbin of shape Shape([1, 1, 2048, 3584])
2026-08-29 09:16:32.881 | DEBUG    | core:as_tensor:724 - Loaded cache for /proj_sw/user_dev/ctr-apbernal/tt-metal/model_cache/meta-llama/Llama-3.3-70B-Instruct/TG/tensor_cache_instruct_bfp8/layers.44.feed_forward.w2_shardedprefetcher_dtype_BFLOAT8_B_layout_TILE.tensorbin of shape Shape([1, 1, 3584, 2048])
2026-08-29 09:16:32.924 | DEBUG    | core:as_tensor:724 - Loaded cache for /proj_sw/user_dev/ctr-apbernal/tt-metal/model_cache/meta-llama/Llama-3.3-70B-Instruct/TG/tensor_cache_instruct_bfp8/layers.44.feed_forward.w3_shardedprefetcher_dtype_BFLOAT4_B_layout_TILE.tensorbin of shape Shape([1, 1, 2048, 3584])
2026-08-29 09:16:32.967 | DEBUG    | core:as_tensor:724 - Loaded cache for /proj_sw/user_dev/ctr-apbernal/tt-metal/model_cache/meta-llama/Llama-3.3-70B-Instruct/TG/tensor_cache_instruct_bfp8/layers.44.feed_forward.w1_interleavedprefetcher_dtype_BFLOAT4_B_layout_TILE.tensorbin of shape Shape([1, 1, 2048, 3584])
2026-08-29 09:16:33.016 | DEBUG    | core:as_tensor:724 - Loaded cache for /proj_sw/user_dev/ctr-apbernal/tt-metal/model_cache/meta-llama/Llama-3.3-70B-Instruct/TG/tensor_cache_instruct_bfp8/layers.44.feed_forward.w2_interleavedprefetcher_dtype_BFLOAT8_B_layout_TILE.tensorbin of shape Shape([1, 1, 3584, 2048])
2026-08-29 09:16:33.059 | DEBUG    | core:as_tensor:724 - Loaded cache for /proj_sw/user_dev/ctr-apbernal/tt-metal/model_cache/meta-llama/Llama-3.3-70B-Instruct/TG/tensor_cache_instruct_bfp8/layers.44.feed_forward.w3_interleavedprefetcher_dtype_BFLOAT4_B_layout_TILE.tensorbin of shape Shape([1, 1, 2048, 3584])
2026-08-29 09:16:33.062 | DEBUG    | core:as_tensor:724 - Loaded cache for /proj_sw/user_dev/ctr-apbernal/tt-metal/model_cache/meta-llama/Llama-3.3-70B-Instruct/TG/tensor_cache_instruct_bfp8/layers.44.attention_norm.weight_dtype_BFLOAT16_layout_ROW_MAJOR.tensorbin of shape Shape([1, 1, 256, 32])
2026-08-29 09:16:33.063 | DEBUG    | core:as_tensor:724 - Loaded cache for /proj_sw/user_dev/ctr-apbernal/tt-metal/model_cache/meta-llama/Llama-3.3-70B-Instruct/TG/tensor_cache_instruct_bfp8/layers.44.attention_norm.weight_distributed_dtype_BFLOAT16_layout_ROW_MAJOR.tensorbin of shape Shape([1, 1, 64, 32])
2026-08-29 09:16:33.065 | DEBUG    | core:as_tensor:724 - Loaded cache for /proj_sw/user_dev/ctr-apbernal/tt-metal/model_cache/meta-llama/Llama-3.3-70B-Instruct/TG/tensor_cache_instruct_bfp8/layers.44.ffn_norm.weight_dtype_BFLOAT16_layout_ROW_MAJOR.tensorbin of shape Shape([1, 1, 256, 32])
2026-08-29 09:16:33.067 | DEBUG    | core:as_tensor:724 - Loaded cache for /proj_sw/user_dev/ctr-apbernal/tt-metal/model_cache/meta-llama/Llama-3.3-70B-Instruct/TG/tensor_cache_instruct_bfp8/layers.44.ffn_norm.weight_distributed_dtype_BFLOAT16_layout_ROW_MAJOR.tensorbin of shape Shape([1, 1, 64, 32])
 56%|█████▋    | 45/80 [00:25<00:20,  1.74it/s]2026-08-29 09:16:33.147 | DEBUG    | core:as_tensor:724 - Loaded cache for /proj_sw/user_dev/ctr-apbernal/tt-metal/model_cache/meta-llama/Llama-3.3-70B-Instruct/TG/tensor_cache_instruct_bfp8/layers.45.attention.wqkv_sharded_2d_prefetcher_dtype_BFLOAT8_B_layout_TILE.tensorbin of shape Shape([1, 1, 2048, 1280])
2026-08-29 09:16:33.187 | DEBUG    | core:as_tensor:724 - Loaded cache for /proj_sw/user_dev/ctr-apbernal/tt-metal/model_cache/meta-llama/Llama-3.3-70B-Instruct/TG/tensor_cache_instruct_bfp8/layers.45.attention.wqkv_sharded_2d_dram_dtype_BFLOAT8_B_layout_TILE.tensorbin of shape Shape([1, 1, 2048, 1280])
2026-08-29 09:16:33.226 | DEBUG    | core:as_tensor:724 - Loaded cache for /proj_sw/user_dev/ctr-apbernal/tt-metal/model_cache/meta-llama/Llama-3.3-70B-Instruct/TG/tensor_cache_instruct_bfp8/layers.45.attention.wo_width_sharded_2d_prefetcher_dtype_BFLOAT8_B_layout_TILE.tensorbin of shape Shape([1, 1, 1024, 2048])
2026-08-29 09:16:33.264 | DEBUG    | core:as_tensor:724 - Loaded cache for /proj_sw/user_dev/ctr-apbernal/tt-metal/model_cache/meta-llama/Llama-3.3-70B-Instruct/TG/tensor_cache_instruct_bfp8/layers.45.attention.wo_width_sharded_2d_dram_dtype_BFLOAT8_B_layout_TILE.tensorbin of shape Shape([1, 1, 1024, 2048])
2026-08-29 09:16:33.313 | DEBUG    | core:as_tensor:724 - Loaded cache for /proj_sw/user_dev/ctr-apbernal/tt-metal/model_cache/meta-llama/Llama-3.3-70B-Instruct/TG/tensor_cache_instruct_bfp8/layers.45.attention.wo_col_sharded_dram_dtype_BFLOAT8_B_layout_TILE.tensorbin of shape Shape([1, 1, 8192, 2048])
2026-08-29 09:16:33.327 | DEBUG    | core:as_tensor:724 - Loaded cache for /proj_sw/user_dev/ctr-apbernal/tt-metal/model_cache/meta-llama/Llama-3.3-70B-Instruct/TG/tensor_cache_instruct_bfp8/kvcache_torch.Size([2048, 1, 64, 128])_dtype_BFLOAT8_B_layout_TILE.tensorbin of shape Shape([2048, 1, 64, 128])
2026-08-29 09:16:33.336 | DEBUG    | core:as_tensor:724 - Loaded cache for /proj_sw/user_dev/ctr-apbernal/tt-metal/model_cache/meta-llama/Llama-3.3-70B-Instruct/TG/tensor_cache_instruct_bfp8/kvcache_torch.Size([2048, 1, 64, 128])_dtype_BFLOAT8_B_layout_TILE.tensorbin of shape Shape([2048, 1, 64, 128])
2026-08-29 09:16:33.402 | DEBUG    | core:as_tensor:724 - Loaded cache for /proj_sw/user_dev/ctr-apbernal/tt-metal/model_cache/meta-llama/Llama-3.3-70B-Instruct/TG/tensor_cache_instruct_bfp8/layers.45.feed_forward.w1_shardedprefetcher_dtype_BFLOAT4_B_layout_TILE.tensorbin of shape Shape([1, 1, 2048, 3584])
2026-08-29 09:16:33.454 | DEBUG    | core:as_tensor:724 - Loaded cache for /proj_sw/user_dev/ctr-apbernal/tt-metal/model_cache/meta-llama/Llama-3.3-70B-Instruct/TG/tensor_cache_instruct_bfp8/layers.45.feed_forward.w2_shardedprefetcher_dtype_BFLOAT8_B_layout_TILE.tensorbin of shape Shape([1, 1, 3584, 2048])
2026-08-29 09:16:33.497 | DEBUG    | core:as_tensor:724 - Loaded cache for /proj_sw/user_dev/ctr-apbernal/tt-metal/model_cache/meta-llama/Llama-3.3-70B-Instruct/TG/tensor_cache_instruct_bfp8/layers.45.feed_forward.w3_shardedprefetcher_dtype_BFLOAT4_B_layout_TILE.tensorbin of shape Shape([1, 1, 2048, 3584])
2026-08-29 09:16:33.539 | DEBUG    | core:as_tensor:724 - Loaded cache for /proj_sw/user_dev/ctr-apbernal/tt-metal/model_cache/meta-llama/Llama-3.3-70B-Instruct/TG/tensor_cache_instruct_bfp8/layers.45.feed_forward.w1_interleavedprefetcher_dtype_BFLOAT4_B_layout_TILE.tensorbin of shape Shape([1, 1, 2048, 3584])
2026-08-29 09:16:33.586 | DEBUG    | core:as_tensor:724 - Loaded cache for /proj_sw/user_dev/ctr-apbernal/tt-metal/model_cache/meta-llama/Llama-3.3-70B-Instruct/TG/tensor_cache_instruct_bfp8/layers.45.feed_forward.w2_interleavedprefetcher_dtype_BFLOAT8_B_layout_TILE.tensorbin of shape Shape([1, 1, 3584, 2048])
2026-08-29 09:16:33.628 | DEBUG    | core:as_tensor:724 - Loaded cache for /proj_sw/user_dev/ctr-apbernal/tt-metal/model_cache/meta-llama/Llama-3.3-70B-Instruct/TG/tensor_cache_instruct_bfp8/layers.45.feed_forward.w3_interleavedprefetcher_dtype_BFLOAT4_B_layout_TILE.tensorbin of shape Shape([1, 1, 2048, 3584])
2026-08-29 09:16:33.630 | DEBUG    | core:as_tensor:724 - Loaded cache for /proj_sw/user_dev/ctr-apbernal/tt-metal/model_cache/meta-llama/Llama-3.3-70B-Instruct/TG/tensor_cache_instruct_bfp8/layers.45.attention_norm.weight_dtype_BFLOAT16_layout_ROW_MAJOR.tensorbin of shape Shape([1, 1, 256, 32])
2026-08-29 09:16:33.632 | DEBUG    | core:as_tensor:724 - Loaded cache for /proj_sw/user_dev/ctr-apbernal/tt-metal/model_cache/meta-llama/Llama-3.3-70B-Instruct/TG/tensor_cache_instruct_bfp8/layers.45.attention_norm.weight_distributed_dtype_BFLOAT16_layout_ROW_MAJOR.tensorbin of shape Shape([1, 1, 64, 32])
2026-08-29 09:16:33.633 | DEBUG    | core:as_tensor:724 - Loaded cache for /proj_sw/user_dev/ctr-apbernal/tt-metal/model_cache/meta-llama/Llama-3.3-70B-Instruct/TG/tensor_cache_instruct_bfp8/layers.45.ffn_norm.weight_dtype_BFLOAT16_layout_ROW_MAJOR.tensorbin of shape Shape([1, 1, 256, 32])
2026-08-29 09:16:33.635 | DEBUG    | core:as_tensor:724 - Loaded cache for /proj_sw/user_dev/ctr-apbernal/tt-metal/model_cache/meta-llama/Llama-3.3-70B-Instruct/TG/tensor_cache_instruct_bfp8/layers.45.ffn_norm.weight_distributed_dtype_BFLOAT16_layout_ROW_MAJOR.tensorbin of shape Shape([1, 1, 64, 32])
 57%|█████▊    | 46/80 [00:26<00:19,  1.75it/s]2026-08-29 09:16:33.710 | DEBUG    | core:as_tensor:724 - Loaded cache for /proj_sw/user_dev/ctr-apbernal/tt-metal/model_cache/meta-llama/Llama-3.3-70B-Instruct/TG/tensor_cache_instruct_bfp8/layers.46.attention.wqkv_sharded_2d_prefetcher_dtype_BFLOAT8_B_layout_TILE.tensorbin of shape Shape([1, 1, 2048, 1280])
2026-08-29 09:16:33.750 | DEBUG    | core:as_tensor:724 - Loaded cache for /proj_sw/user_dev/ctr-apbernal/tt-metal/model_cache/meta-llama/Llama-3.3-70B-Instruct/TG/tensor_cache_instruct_bfp8/layers.46.attention.wqkv_sharded_2d_dram_dtype_BFLOAT8_B_layout_TILE.tensorbin of shape Shape([1, 1, 2048, 1280])
2026-08-29 09:16:33.789 | DEBUG    | core:as_tensor:724 - Loaded cache for /proj_sw/user_dev/ctr-apbernal/tt-metal/model_cache/meta-llama/Llama-3.3-70B-Instruct/TG/tensor_cache_instruct_bfp8/layers.46.attention.wo_width_sharded_2d_prefetcher_dtype_BFLOAT8_B_layout_TILE.tensorbin of shape Shape([1, 1, 1024, 2048])
2026-08-29 09:16:33.828 | DEBUG    | core:as_tensor:724 - Loaded cache for /proj_sw/user_dev/ctr-apbernal/tt-metal/model_cache/meta-llama/Llama-3.3-70B-Instruct/TG/tensor_cache_instruct_bfp8/layers.46.attention.wo_width_sharded_2d_dram_dtype_BFLOAT8_B_layout_TILE.tensorbin of shape Shape([1, 1, 1024, 2048])
2026-08-29 09:16:33.875 | DEBUG    | core:as_tensor:724 - Loaded cache for /proj_sw/user_dev/ctr-apbernal/tt-metal/model_cache/meta-llama/Llama-3.3-70B-Instruct/TG/tensor_cache_instruct_bfp8/layers.46.attention.wo_col_sharded_dram_dtype_BFLOAT8_B_layout_TILE.tensorbin of shape Shape([1, 1, 8192, 2048])
2026-08-29 09:16:33.888 | DEBUG    | core:as_tensor:724 - Loaded cache for /proj_sw/user_dev/ctr-apbernal/tt-metal/model_cache/meta-llama/Llama-3.3-70B-Instruct/TG/tensor_cache_instruct_bfp8/kvcache_torch.Size([2048, 1, 64, 128])_dtype_BFLOAT8_B_layout_TILE.tensorbin of shape Shape([2048, 1, 64, 128])
2026-08-29 09:16:33.897 | DEBUG    | core:as_tensor:724 - Loaded cache for /proj_sw/user_dev/ctr-apbernal/tt-metal/model_cache/meta-llama/Llama-3.3-70B-Instruct/TG/tensor_cache_instruct_bfp8/kvcache_torch.Size([2048, 1, 64, 128])_dtype_BFLOAT8_B_layout_TILE.tensorbin of shape Shape([2048, 1, 64, 128])
2026-08-29 09:16:33.964 | DEBUG    | core:as_tensor:724 - Loaded cache for /proj_sw/user_dev/ctr-apbernal/tt-metal/model_cache/meta-llama/Llama-3.3-70B-Instruct/TG/tensor_cache_instruct_bfp8/layers.46.feed_forward.w1_shardedprefetcher_dtype_BFLOAT4_B_layout_TILE.tensorbin of shape Shape([1, 1, 2048, 3584])
2026-08-29 09:16:34.012 | DEBUG    | core:as_tensor:724 - Loaded cache for /proj_sw/user_dev/ctr-apbernal/tt-metal/model_cache/meta-llama/Llama-3.3-70B-Instruct/TG/tensor_cache_instruct_bfp8/layers.46.feed_forward.w2_shardedprefetcher_dtype_BFLOAT8_B_layout_TILE.tensorbin of shape Shape([1, 1, 3584, 2048])
2026-08-29 09:16:34.057 | DEBUG    | core:as_tensor:724 - Loaded cache for /proj_sw/user_dev/ctr-apbernal/tt-metal/model_cache/meta-llama/Llama-3.3-70B-Instruct/TG/tensor_cache_instruct_bfp8/layers.46.feed_forward.w3_shardedprefetcher_dtype_BFLOAT4_B_layout_TILE.tensorbin of shape Shape([1, 1, 2048, 3584])
2026-08-29 09:16:34.099 | DEBUG    | core:as_tensor:724 - Loaded cache for /proj_sw/user_dev/ctr-apbernal/tt-metal/model_cache/meta-llama/Llama-3.3-70B-Instruct/TG/tensor_cache_instruct_bfp8/layers.46.feed_forward.w1_interleavedprefetcher_dtype_BFLOAT4_B_layout_TILE.tensorbin of shape Shape([1, 1, 2048, 3584])
2026-08-29 09:16:34.147 | DEBUG    | core:as_tensor:724 - Loaded cache for /proj_sw/user_dev/ctr-apbernal/tt-metal/model_cache/meta-llama/Llama-3.3-70B-Instruct/TG/tensor_cache_instruct_bfp8/layers.46.feed_forward.w2_interleavedprefetcher_dtype_BFLOAT8_B_layout_TILE.tensorbin of shape Shape([1, 1, 3584, 2048])
2026-08-29 09:16:34.189 | DEBUG    | core:as_tensor:724 - Loaded cache for /proj_sw/user_dev/ctr-apbernal/tt-metal/model_cache/meta-llama/Llama-3.3-70B-Instruct/TG/tensor_cache_instruct_bfp8/layers.46.feed_forward.w3_interleavedprefetcher_dtype_BFLOAT4_B_layout_TILE.tensorbin of shape Shape([1, 1, 2048, 3584])
2026-08-29 09:16:34.191 | DEBUG    | core:as_tensor:724 - Loaded cache for /proj_sw/user_dev/ctr-apbernal/tt-metal/model_cache/meta-llama/Llama-3.3-70B-Instruct/TG/tensor_cache_instruct_bfp8/layers.46.attention_norm.weight_dtype_BFLOAT16_layout_ROW_MAJOR.tensorbin of shape Shape([1, 1, 256, 32])
2026-08-29 09:16:34.193 | DEBUG    | core:as_tensor:724 - Loaded cache for /proj_sw/user_dev/ctr-apbernal/tt-metal/model_cache/meta-llama/Llama-3.3-70B-Instruct/TG/tensor_cache_instruct_bfp8/layers.46.attention_norm.weight_distributed_dtype_BFLOAT16_layout_ROW_MAJOR.tensorbin of shape Shape([1, 1, 64, 32])
2026-08-29 09:16:34.195 | DEBUG    | core:as_tensor:724 - Loaded cache for /proj_sw/user_dev/ctr-apbernal/tt-metal/model_cache/meta-llama/Llama-3.3-70B-Instruct/TG/tensor_cache_instruct_bfp8/layers.46.ffn_norm.weight_dtype_BFLOAT16_layout_ROW_MAJOR.tensorbin of shape Shape([1, 1, 256, 32])
2026-08-29 09:16:34.197 | DEBUG    | core:as_tensor:724 - Loaded cache for /proj_sw/user_dev/ctr-apbernal/tt-metal/model_cache/meta-llama/Llama-3.3-70B-Instruct/TG/tensor_cache_instruct_bfp8/layers.46.ffn_norm.weight_distributed_dtype_BFLOAT16_layout_ROW_MAJOR.tensorbin of shape Shape([1, 1, 64, 32])
 59%|█████▉    | 47/80 [00:26<00:18,  1.76it/s]2026-08-29 09:16:34.276 | DEBUG    | core:as_tensor:724 - Loaded cache for /proj_sw/user_dev/ctr-apbernal/tt-metal/model_cache/meta-llama/Llama-3.3-70B-Instruct/TG/tensor_cache_instruct_bfp8/layers.47.attention.wqkv_sharded_2d_prefetcher_dtype_BFLOAT8_B_layout_TILE.tensorbin of shape Shape([1, 1, 2048, 1280])
2026-08-29 09:16:34.316 | DEBUG    | core:as_tensor:724 - Loaded cache for /proj_sw/user_dev/ctr-apbernal/tt-metal/model_cache/meta-llama/Llama-3.3-70B-Instruct/TG/tensor_cache_instruct_bfp8/layers.47.attention.wqkv_sharded_2d_dram_dtype_BFLOAT8_B_layout_TILE.tensorbin of shape Shape([1, 1, 2048, 1280])
2026-08-29 09:16:34.355 | DEBUG    | core:as_tensor:724 - Loaded cache for /proj_sw/user_dev/ctr-apbernal/tt-metal/model_cache/meta-llama/Llama-3.3-70B-Instruct/TG/tensor_cache_instruct_bfp8/layers.47.attention.wo_width_sharded_2d_prefetcher_dtype_BFLOAT8_B_layout_TILE.tensorbin of shape Shape([1, 1, 1024, 2048])
2026-08-29 09:16:34.395 | DEBUG    | core:as_tensor:724 - Loaded cache for /proj_sw/user_dev/ctr-apbernal/tt-metal/model_cache/meta-llama/Llama-3.3-70B-Instruct/TG/tensor_cache_instruct_bfp8/layers.47.attention.wo_width_sharded_2d_dram_dtype_BFLOAT8_B_layout_TILE.tensorbin of shape Shape([1, 1, 1024, 2048])
2026-08-29 09:16:34.441 | DEBUG    | core:as_tensor:724 - Loaded cache for /proj_sw/user_dev/ctr-apbernal/tt-metal/model_cache/meta-llama/Llama-3.3-70B-Instruct/TG/tensor_cache_instruct_bfp8/layers.47.attention.wo_col_sharded_dram_dtype_BFLOAT8_B_layout_TILE.tensorbin of shape Shape([1, 1, 8192, 2048])
2026-08-29 09:16:34.455 | DEBUG    | core:as_tensor:724 - Loaded cache for /proj_sw/user_dev/ctr-apbernal/tt-metal/model_cache/meta-llama/Llama-3.3-70B-Instruct/TG/tensor_cache_instruct_bfp8/kvcache_torch.Size([2048, 1, 64, 128])_dtype_BFLOAT8_B_layout_TILE.tensorbin of shape Shape([2048, 1, 64, 128])
2026-08-29 09:16:34.464 | DEBUG    | core:as_tensor:724 - Loaded cache for /proj_sw/user_dev/ctr-apbernal/tt-metal/model_cache/meta-llama/Llama-3.3-70B-Instruct/TG/tensor_cache_instruct_bfp8/kvcache_torch.Size([2048, 1, 64, 128])_dtype_BFLOAT8_B_layout_TILE.tensorbin of shape Shape([2048, 1, 64, 128])
2026-08-29 09:16:34.531 | DEBUG    | core:as_tensor:724 - Loaded cache for /proj_sw/user_dev/ctr-apbernal/tt-metal/model_cache/meta-llama/Llama-3.3-70B-Instruct/TG/tensor_cache_instruct_bfp8/layers.47.feed_forward.w1_shardedprefetcher_dtype_BFLOAT4_B_layout_TILE.tensorbin of shape Shape([1, 1, 2048, 3584])
2026-08-29 09:16:34.579 | DEBUG    | core:as_tensor:724 - Loaded cache for /proj_sw/user_dev/ctr-apbernal/tt-metal/model_cache/meta-llama/Llama-3.3-70B-Instruct/TG/tensor_cache_instruct_bfp8/layers.47.feed_forward.w2_shardedprefetcher_dtype_BFLOAT8_B_layout_TILE.tensorbin of shape Shape([1, 1, 3584, 2048])
2026-08-29 09:16:34.622 | DEBUG    | core:as_tensor:724 - Loaded cache for /proj_sw/user_dev/ctr-apbernal/tt-metal/model_cache/meta-llama/Llama-3.3-70B-Instruct/TG/tensor_cache_instruct_bfp8/layers.47.feed_forward.w3_shardedprefetcher_dtype_BFLOAT4_B_layout_TILE.tensorbin of shape Shape([1, 1, 2048, 3584])
2026-08-29 09:16:34.664 | DEBUG    | core:as_tensor:724 - Loaded cache for /proj_sw/user_dev/ctr-apbernal/tt-metal/model_cache/meta-llama/Llama-3.3-70B-Instruct/TG/tensor_cache_instruct_bfp8/layers.47.feed_forward.w1_interleavedprefetcher_dtype_BFLOAT4_B_layout_TILE.tensorbin of shape Shape([1, 1, 2048, 3584])
2026-08-29 09:16:34.713 | DEBUG    | core:as_tensor:724 - Loaded cache for /proj_sw/user_dev/ctr-apbernal/tt-metal/model_cache/meta-llama/Llama-3.3-70B-Instruct/TG/tensor_cache_instruct_bfp8/layers.47.feed_forward.w2_interleavedprefetcher_dtype_BFLOAT8_B_layout_TILE.tensorbin of shape Shape([1, 1, 3584, 2048])
2026-08-29 09:16:34.755 | DEBUG    | core:as_tensor:724 - Loaded cache for /proj_sw/user_dev/ctr-apbernal/tt-metal/model_cache/meta-llama/Llama-3.3-70B-Instruct/TG/tensor_cache_instruct_bfp8/layers.47.feed_forward.w3_interleavedprefetcher_dtype_BFLOAT4_B_layout_TILE.tensorbin of shape Shape([1, 1, 2048, 3584])
2026-08-29 09:16:34.756 | DEBUG    | core:as_tensor:724 - Loaded cache for /proj_sw/user_dev/ctr-apbernal/tt-metal/model_cache/meta-llama/Llama-3.3-70B-Instruct/TG/tensor_cache_instruct_bfp8/layers.47.attention_norm.weight_dtype_BFLOAT16_layout_ROW_MAJOR.tensorbin of shape Shape([1, 1, 256, 32])
2026-08-29 09:16:34.759 | DEBUG    | core:as_tensor:724 - Loaded cache for /proj_sw/user_dev/ctr-apbernal/tt-metal/model_cache/meta-llama/Llama-3.3-70B-Instruct/TG/tensor_cache_instruct_bfp8/layers.47.attention_norm.weight_distributed_dtype_BFLOAT16_layout_ROW_MAJOR.tensorbin of shape Shape([1, 1, 64, 32])
2026-08-29 09:16:34.760 | DEBUG    | core:as_tensor:724 - Loaded cache for /proj_sw/user_dev/ctr-apbernal/tt-metal/model_cache/meta-llama/Llama-3.3-70B-Instruct/TG/tensor_cache_instruct_bfp8/layers.47.ffn_norm.weight_dtype_BFLOAT16_layout_ROW_MAJOR.tensorbin of shape Shape([1, 1, 256, 32])
2026-08-29 09:16:34.762 | DEBUG    | core:as_tensor:724 - Loaded cache for /proj_sw/user_dev/ctr-apbernal/tt-metal/model_cache/meta-llama/Llama-3.3-70B-Instruct/TG/tensor_cache_instruct_bfp8/layers.47.ffn_norm.weight_distributed_dtype_BFLOAT16_layout_ROW_MAJOR.tensorbin of shape Shape([1, 1, 64, 32])
 60%|██████    | 48/80 [00:27<00:18,  1.76it/s]2026-08-29 09:16:34.846 | DEBUG    | core:as_tensor:724 - Loaded cache for /proj_sw/user_dev/ctr-apbernal/tt-metal/model_cache/meta-llama/Llama-3.3-70B-Instruct/TG/tensor_cache_instruct_bfp8/layers.48.attention.wqkv_sharded_2d_prefetcher_dtype_BFLOAT8_B_layout_TILE.tensorbin of shape Shape([1, 1, 2048, 1280])
2026-08-29 09:16:34.886 | DEBUG    | core:as_tensor:724 - Loaded cache for /proj_sw/user_dev/ctr-apbernal/tt-metal/model_cache/meta-llama/Llama-3.3-70B-Instruct/TG/tensor_cache_instruct_bfp8/layers.48.attention.wqkv_sharded_2d_dram_dtype_BFLOAT8_B_layout_TILE.tensorbin of shape Shape([1, 1, 2048, 1280])
2026-08-29 09:16:34.925 | DEBUG    | core:as_tensor:724 - Loaded cache for /proj_sw/user_dev/ctr-apbernal/tt-metal/model_cache/meta-llama/Llama-3.3-70B-Instruct/TG/tensor_cache_instruct_bfp8/layers.48.attention.wo_width_sharded_2d_prefetcher_dtype_BFLOAT8_B_layout_TILE.tensorbin of shape Shape([1, 1, 1024, 2048])
2026-08-29 09:16:34.964 | DEBUG    | core:as_tensor:724 - Loaded cache for /proj_sw/user_dev/ctr-apbernal/tt-metal/model_cache/meta-llama/Llama-3.3-70B-Instruct/TG/tensor_cache_instruct_bfp8/layers.48.attention.wo_width_sharded_2d_dram_dtype_BFLOAT8_B_layout_TILE.tensorbin of shape Shape([1, 1, 1024, 2048])
2026-08-29 09:16:35.011 | DEBUG    | core:as_tensor:724 - Loaded cache for /proj_sw/user_dev/ctr-apbernal/tt-metal/model_cache/meta-llama/Llama-3.3-70B-Instruct/TG/tensor_cache_instruct_bfp8/layers.48.attention.wo_col_sharded_dram_dtype_BFLOAT8_B_layout_TILE.tensorbin of shape Shape([1, 1, 8192, 2048])
2026-08-29 09:16:35.028 | DEBUG    | core:as_tensor:724 - Loaded cache for /proj_sw/user_dev/ctr-apbernal/tt-metal/model_cache/meta-llama/Llama-3.3-70B-Instruct/TG/tensor_cache_instruct_bfp8/kvcache_torch.Size([2048, 1, 64, 128])_dtype_BFLOAT8_B_layout_TILE.tensorbin of shape Shape([2048, 1, 64, 128])
2026-08-29 09:16:35.037 | DEBUG    | core:as_tensor:724 - Loaded cache for /proj_sw/user_dev/ctr-apbernal/tt-metal/model_cache/meta-llama/Llama-3.3-70B-Instruct/TG/tensor_cache_instruct_bfp8/kvcache_torch.Size([2048, 1, 64, 128])_dtype_BFLOAT8_B_layout_TILE.tensorbin of shape Shape([2048, 1, 64, 128])
2026-08-29 09:16:35.104 | DEBUG    | core:as_tensor:724 - Loaded cache for /proj_sw/user_dev/ctr-apbernal/tt-metal/model_cache/meta-llama/Llama-3.3-70B-Instruct/TG/tensor_cache_instruct_bfp8/layers.48.feed_forward.w1_shardedprefetcher_dtype_BFLOAT4_B_layout_TILE.tensorbin of shape Shape([1, 1, 2048, 3584])
2026-08-29 09:16:35.155 | DEBUG    | core:as_tensor:724 - Loaded cache for /proj_sw/user_dev/ctr-apbernal/tt-metal/model_cache/meta-llama/Llama-3.3-70B-Instruct/TG/tensor_cache_instruct_bfp8/layers.48.feed_forward.w2_shardedprefetcher_dtype_BFLOAT8_B_layout_TILE.tensorbin of shape Shape([1, 1, 3584, 2048])
2026-08-29 09:16:35.200 | DEBUG    | core:as_tensor:724 - Loaded cache for /proj_sw/user_dev/ctr-apbernal/tt-metal/model_cache/meta-llama/Llama-3.3-70B-Instruct/TG/tensor_cache_instruct_bfp8/layers.48.feed_forward.w3_shardedprefetcher_dtype_BFLOAT4_B_layout_TILE.tensorbin of shape Shape([1, 1, 2048, 3584])
2026-08-29 09:16:35.243 | DEBUG    | core:as_tensor:724 - Loaded cache for /proj_sw/user_dev/ctr-apbernal/tt-metal/model_cache/meta-llama/Llama-3.3-70B-Instruct/TG/tensor_cache_instruct_bfp8/layers.48.feed_forward.w1_interleavedprefetcher_dtype_BFLOAT4_B_layout_TILE.tensorbin of shape Shape([1, 1, 2048, 3584])
2026-08-29 09:16:35.290 | DEBUG    | core:as_tensor:724 - Loaded cache for /proj_sw/user_dev/ctr-apbernal/tt-metal/model_cache/meta-llama/Llama-3.3-70B-Instruct/TG/tensor_cache_instruct_bfp8/layers.48.feed_forward.w2_interleavedprefetcher_dtype_BFLOAT8_B_layout_TILE.tensorbin of shape Shape([1, 1, 3584, 2048])
2026-08-29 09:16:35.332 | DEBUG    | core:as_tensor:724 - Loaded cache for /proj_sw/user_dev/ctr-apbernal/tt-metal/model_cache/meta-llama/Llama-3.3-70B-Instruct/TG/tensor_cache_instruct_bfp8/layers.48.feed_forward.w3_interleavedprefetcher_dtype_BFLOAT4_B_layout_TILE.tensorbin of shape Shape([1, 1, 2048, 3584])
2026-08-29 09:16:35.334 | DEBUG    | core:as_tensor:724 - Loaded cache for /proj_sw/user_dev/ctr-apbernal/tt-metal/model_cache/meta-llama/Llama-3.3-70B-Instruct/TG/tensor_cache_instruct_bfp8/layers.48.attention_norm.weight_dtype_BFLOAT16_layout_ROW_MAJOR.tensorbin of shape Shape([1, 1, 256, 32])
2026-08-29 09:16:35.336 | DEBUG    | core:as_tensor:724 - Loaded cache for /proj_sw/user_dev/ctr-apbernal/tt-metal/model_cache/meta-llama/Llama-3.3-70B-Instruct/TG/tensor_cache_instruct_bfp8/layers.48.attention_norm.weight_distributed_dtype_BFLOAT16_layout_ROW_MAJOR.tensorbin of shape Shape([1, 1, 64, 32])
2026-08-29 09:16:35.339 | DEBUG    | core:as_tensor:724 - Loaded cache for /proj_sw/user_dev/ctr-apbernal/tt-metal/model_cache/meta-llama/Llama-3.3-70B-Instruct/TG/tensor_cache_instruct_bfp8/layers.48.ffn_norm.weight_dtype_BFLOAT16_layout_ROW_MAJOR.tensorbin of shape Shape([1, 1, 256, 32])
2026-08-29 09:16:35.342 | DEBUG    | core:as_tensor:724 - Loaded cache for /proj_sw/user_dev/ctr-apbernal/tt-metal/model_cache/meta-llama/Llama-3.3-70B-Instruct/TG/tensor_cache_instruct_bfp8/layers.48.ffn_norm.weight_distributed_dtype_BFLOAT16_layout_ROW_MAJOR.tensorbin of shape Shape([1, 1, 64, 32])
 61%|██████▏   | 49/80 [00:27<00:17,  1.75it/s]2026-08-29 09:16:35.422 | DEBUG    | core:as_tensor:724 - Loaded cache for /proj_sw/user_dev/ctr-apbernal/tt-metal/model_cache/meta-llama/Llama-3.3-70B-Instruct/TG/tensor_cache_instruct_bfp8/layers.49.attention.wqkv_sharded_2d_prefetcher_dtype_BFLOAT8_B_layout_TILE.tensorbin of shape Shape([1, 1, 2048, 1280])
2026-08-29 09:16:35.462 | DEBUG    | core:as_tensor:724 - Loaded cache for /proj_sw/user_dev/ctr-apbernal/tt-metal/model_cache/meta-llama/Llama-3.3-70B-Instruct/TG/tensor_cache_instruct_bfp8/layers.49.attention.wqkv_sharded_2d_dram_dtype_BFLOAT8_B_layout_TILE.tensorbin of shape Shape([1, 1, 2048, 1280])
2026-08-29 09:16:35.501 | DEBUG    | core:as_tensor:724 - Loaded cache for /proj_sw/user_dev/ctr-apbernal/tt-metal/model_cache/meta-llama/Llama-3.3-70B-Instruct/TG/tensor_cache_instruct_bfp8/layers.49.attention.wo_width_sharded_2d_prefetcher_dtype_BFLOAT8_B_layout_TILE.tensorbin of shape Shape([1, 1, 1024, 2048])
2026-08-29 09:16:35.539 | DEBUG    | core:as_tensor:724 - Loaded cache for /proj_sw/user_dev/ctr-apbernal/tt-metal/model_cache/meta-llama/Llama-3.3-70B-Instruct/TG/tensor_cache_instruct_bfp8/layers.49.attention.wo_width_sharded_2d_dram_dtype_BFLOAT8_B_layout_TILE.tensorbin of shape Shape([1, 1, 1024, 2048])
2026-08-29 09:16:35.586 | DEBUG    | core:as_tensor:724 - Loaded cache for /proj_sw/user_dev/ctr-apbernal/tt-metal/model_cache/meta-llama/Llama-3.3-70B-Instruct/TG/tensor_cache_instruct_bfp8/layers.49.attention.wo_col_sharded_dram_dtype_BFLOAT8_B_layout_TILE.tensorbin of shape Shape([1, 1, 8192, 2048])
2026-08-29 09:16:35.601 | DEBUG    | core:as_tensor:724 - Loaded cache for /proj_sw/user_dev/ctr-apbernal/tt-metal/model_cache/meta-llama/Llama-3.3-70B-Instruct/TG/tensor_cache_instruct_bfp8/kvcache_torch.Size([2048, 1, 64, 128])_dtype_BFLOAT8_B_layout_TILE.tensorbin of shape Shape([2048, 1, 64, 128])
2026-08-29 09:16:35.610 | DEBUG    | core:as_tensor:724 - Loaded cache for /proj_sw/user_dev/ctr-apbernal/tt-metal/model_cache/meta-llama/Llama-3.3-70B-Instruct/TG/tensor_cache_instruct_bfp8/kvcache_torch.Size([2048, 1, 64, 128])_dtype_BFLOAT8_B_layout_TILE.tensorbin of shape Shape([2048, 1, 64, 128])
2026-08-29 09:16:35.677 | DEBUG    | core:as_tensor:724 - Loaded cache for /proj_sw/user_dev/ctr-apbernal/tt-metal/model_cache/meta-llama/Llama-3.3-70B-Instruct/TG/tensor_cache_instruct_bfp8/layers.49.feed_forward.w1_shardedprefetcher_dtype_BFLOAT4_B_layout_TILE.tensorbin of shape Shape([1, 1, 2048, 3584])
2026-08-29 09:16:35.725 | DEBUG    | core:as_tensor:724 - Loaded cache for /proj_sw/user_dev/ctr-apbernal/tt-metal/model_cache/meta-llama/Llama-3.3-70B-Instruct/TG/tensor_cache_instruct_bfp8/layers.49.feed_forward.w2_shardedprefetcher_dtype_BFLOAT8_B_layout_TILE.tensorbin of shape Shape([1, 1, 3584, 2048])
2026-08-29 09:16:35.768 | DEBUG    | core:as_tensor:724 - Loaded cache for /proj_sw/user_dev/ctr-apbernal/tt-metal/model_cache/meta-llama/Llama-3.3-70B-Instruct/TG/tensor_cache_instruct_bfp8/layers.49.feed_forward.w3_shardedprefetcher_dtype_BFLOAT4_B_layout_TILE.tensorbin of shape Shape([1, 1, 2048, 3584])
2026-08-29 09:16:35.810 | DEBUG    | core:as_tensor:724 - Loaded cache for /proj_sw/user_dev/ctr-apbernal/tt-metal/model_cache/meta-llama/Llama-3.3-70B-Instruct/TG/tensor_cache_instruct_bfp8/layers.49.feed_forward.w1_interleavedprefetcher_dtype_BFLOAT4_B_layout_TILE.tensorbin of shape Shape([1, 1, 2048, 3584])
2026-08-29 09:16:35.857 | DEBUG    | core:as_tensor:724 - Loaded cache for /proj_sw/user_dev/ctr-apbernal/tt-metal/model_cache/meta-llama/Llama-3.3-70B-Instruct/TG/tensor_cache_instruct_bfp8/layers.49.feed_forward.w2_interleavedprefetcher_dtype_BFLOAT8_B_layout_TILE.tensorbin of shape Shape([1, 1, 3584, 2048])
2026-08-29 09:16:35.899 | DEBUG    | core:as_tensor:724 - Loaded cache for /proj_sw/user_dev/ctr-apbernal/tt-metal/model_cache/meta-llama/Llama-3.3-70B-Instruct/TG/tensor_cache_instruct_bfp8/layers.49.feed_forward.w3_interleavedprefetcher_dtype_BFLOAT4_B_layout_TILE.tensorbin of shape Shape([1, 1, 2048, 3584])
2026-08-29 09:16:35.901 | DEBUG    | core:as_tensor:724 - Loaded cache for /proj_sw/user_dev/ctr-apbernal/tt-metal/model_cache/meta-llama/Llama-3.3-70B-Instruct/TG/tensor_cache_instruct_bfp8/layers.49.attention_norm.weight_dtype_BFLOAT16_layout_ROW_MAJOR.tensorbin of shape Shape([1, 1, 256, 32])
2026-08-29 09:16:35.904 | DEBUG    | core:as_tensor:724 - Loaded cache for /proj_sw/user_dev/ctr-apbernal/tt-metal/model_cache/meta-llama/Llama-3.3-70B-Instruct/TG/tensor_cache_instruct_bfp8/layers.49.attention_norm.weight_distributed_dtype_BFLOAT16_layout_ROW_MAJOR.tensorbin of shape Shape([1, 1, 64, 32])
2026-08-29 09:16:35.906 | DEBUG    | core:as_tensor:724 - Loaded cache for /proj_sw/user_dev/ctr-apbernal/tt-metal/model_cache/meta-llama/Llama-3.3-70B-Instruct/TG/tensor_cache_instruct_bfp8/layers.49.ffn_norm.weight_dtype_BFLOAT16_layout_ROW_MAJOR.tensorbin of shape Shape([1, 1, 256, 32])
2026-08-29 09:16:35.907 | DEBUG    | core:as_tensor:724 - Loaded cache for /proj_sw/user_dev/ctr-apbernal/tt-metal/model_cache/meta-llama/Llama-3.3-70B-Instruct/TG/tensor_cache_instruct_bfp8/layers.49.ffn_norm.weight_distributed_dtype_BFLOAT16_layout_ROW_MAJOR.tensorbin of shape Shape([1, 1, 64, 32])
 62%|██████▎   | 50/80 [00:28<00:17,  1.75it/s]2026-08-29 09:16:35.987 | DEBUG    | core:as_tensor:724 - Loaded cache for /proj_sw/user_dev/ctr-apbernal/tt-metal/model_cache/meta-llama/Llama-3.3-70B-Instruct/TG/tensor_cache_instruct_bfp8/layers.50.attention.wqkv_sharded_2d_prefetcher_dtype_BFLOAT8_B_layout_TILE.tensorbin of shape Shape([1, 1, 2048, 1280])
2026-08-29 09:16:36.028 | DEBUG    | core:as_tensor:724 - Loaded cache for /proj_sw/user_dev/ctr-apbernal/tt-metal/model_cache/meta-llama/Llama-3.3-70B-Instruct/TG/tensor_cache_instruct_bfp8/layers.50.attention.wqkv_sharded_2d_dram_dtype_BFLOAT8_B_layout_TILE.tensorbin of shape Shape([1, 1, 2048, 1280])
2026-08-29 09:16:36.070 | DEBUG    | core:as_tensor:724 - Loaded cache for /proj_sw/user_dev/ctr-apbernal/tt-metal/model_cache/meta-llama/Llama-3.3-70B-Instruct/TG/tensor_cache_instruct_bfp8/layers.50.attention.wo_width_sharded_2d_prefetcher_dtype_BFLOAT8_B_layout_TILE.tensorbin of shape Shape([1, 1, 1024, 2048])
2026-08-29 09:16:36.109 | DEBUG    | core:as_tensor:724 - Loaded cache for /proj_sw/user_dev/ctr-apbernal/tt-metal/model_cache/meta-llama/Llama-3.3-70B-Instruct/TG/tensor_cache_instruct_bfp8/layers.50.attention.wo_width_sharded_2d_dram_dtype_BFLOAT8_B_layout_TILE.tensorbin of shape Shape([1, 1, 1024, 2048])
2026-08-29 09:16:36.155 | DEBUG    | core:as_tensor:724 - Loaded cache for /proj_sw/user_dev/ctr-apbernal/tt-metal/model_cache/meta-llama/Llama-3.3-70B-Instruct/TG/tensor_cache_instruct_bfp8/layers.50.attention.wo_col_sharded_dram_dtype_BFLOAT8_B_layout_TILE.tensorbin of shape Shape([1, 1, 8192, 2048])
2026-08-29 09:16:36.169 | DEBUG    | core:as_tensor:724 - Loaded cache for /proj_sw/user_dev/ctr-apbernal/tt-metal/model_cache/meta-llama/Llama-3.3-70B-Instruct/TG/tensor_cache_instruct_bfp8/kvcache_torch.Size([2048, 1, 64, 128])_dtype_BFLOAT8_B_layout_TILE.tensorbin of shape Shape([2048, 1, 64, 128])
2026-08-29 09:16:36.178 | DEBUG    | core:as_tensor:724 - Loaded cache for /proj_sw/user_dev/ctr-apbernal/tt-metal/model_cache/meta-llama/Llama-3.3-70B-Instruct/TG/tensor_cache_instruct_bfp8/kvcache_torch.Size([2048, 1, 64, 128])_dtype_BFLOAT8_B_layout_TILE.tensorbin of shape Shape([2048, 1, 64, 128])
2026-08-29 09:16:36.242 | DEBUG    | core:as_tensor:724 - Loaded cache for /proj_sw/user_dev/ctr-apbernal/tt-metal/model_cache/meta-llama/Llama-3.3-70B-Instruct/TG/tensor_cache_instruct_bfp8/layers.50.feed_forward.w1_shardedprefetcher_dtype_BFLOAT4_B_layout_TILE.tensorbin of shape Shape([1, 1, 2048, 3584])
2026-08-29 09:16:36.291 | DEBUG    | core:as_tensor:724 - Loaded cache for /proj_sw/user_dev/ctr-apbernal/tt-metal/model_cache/meta-llama/Llama-3.3-70B-Instruct/TG/tensor_cache_instruct_bfp8/layers.50.feed_forward.w2_shardedprefetcher_dtype_BFLOAT8_B_layout_TILE.tensorbin of shape Shape([1, 1, 3584, 2048])
2026-08-29 09:16:36.334 | DEBUG    | core:as_tensor:724 - Loaded cache for /proj_sw/user_dev/ctr-apbernal/tt-metal/model_cache/meta-llama/Llama-3.3-70B-Instruct/TG/tensor_cache_instruct_bfp8/layers.50.feed_forward.w3_shardedprefetcher_dtype_BFLOAT4_B_layout_TILE.tensorbin of shape Shape([1, 1, 2048, 3584])
2026-08-29 09:16:36.375 | DEBUG    | core:as_tensor:724 - Loaded cache for /proj_sw/user_dev/ctr-apbernal/tt-metal/model_cache/meta-llama/Llama-3.3-70B-Instruct/TG/tensor_cache_instruct_bfp8/layers.50.feed_forward.w1_interleavedprefetcher_dtype_BFLOAT4_B_layout_TILE.tensorbin of shape Shape([1, 1, 2048, 3584])
2026-08-29 09:16:36.423 | DEBUG    | core:as_tensor:724 - Loaded cache for /proj_sw/user_dev/ctr-apbernal/tt-metal/model_cache/meta-llama/Llama-3.3-70B-Instruct/TG/tensor_cache_instruct_bfp8/layers.50.feed_forward.w2_interleavedprefetcher_dtype_BFLOAT8_B_layout_TILE.tensorbin of shape Shape([1, 1, 3584, 2048])
2026-08-29 09:16:36.465 | DEBUG    | core:as_tensor:724 - Loaded cache for /proj_sw/user_dev/ctr-apbernal/tt-metal/model_cache/meta-llama/Llama-3.3-70B-Instruct/TG/tensor_cache_instruct_bfp8/layers.50.feed_forward.w3_interleavedprefetcher_dtype_BFLOAT4_B_layout_TILE.tensorbin of shape Shape([1, 1, 2048, 3584])
2026-08-29 09:16:36.467 | DEBUG    | core:as_tensor:724 - Loaded cache for /proj_sw/user_dev/ctr-apbernal/tt-metal/model_cache/meta-llama/Llama-3.3-70B-Instruct/TG/tensor_cache_instruct_bfp8/layers.50.attention_norm.weight_dtype_BFLOAT16_layout_ROW_MAJOR.tensorbin of shape Shape([1, 1, 256, 32])
2026-08-29 09:16:36.470 | DEBUG    | core:as_tensor:724 - Loaded cache for /proj_sw/user_dev/ctr-apbernal/tt-metal/model_cache/meta-llama/Llama-3.3-70B-Instruct/TG/tensor_cache_instruct_bfp8/layers.50.attention_norm.weight_distributed_dtype_BFLOAT16_layout_ROW_MAJOR.tensorbin of shape Shape([1, 1, 64, 32])
2026-08-29 09:16:36.472 | DEBUG    | core:as_tensor:724 - Loaded cache for /proj_sw/user_dev/ctr-apbernal/tt-metal/model_cache/meta-llama/Llama-3.3-70B-Instruct/TG/tensor_cache_instruct_bfp8/layers.50.ffn_norm.weight_dtype_BFLOAT16_layout_ROW_MAJOR.tensorbin of shape Shape([1, 1, 256, 32])
2026-08-29 09:16:36.473 | DEBUG    | core:as_tensor:724 - Loaded cache for /proj_sw/user_dev/ctr-apbernal/tt-metal/model_cache/meta-llama/Llama-3.3-70B-Instruct/TG/tensor_cache_instruct_bfp8/layers.50.ffn_norm.weight_distributed_dtype_BFLOAT16_layout_ROW_MAJOR.tensorbin of shape Shape([1, 1, 64, 32])
 64%|██████▍   | 51/80 [00:28<00:16,  1.76it/s]2026-08-29 09:16:36.552 | DEBUG    | core:as_tensor:724 - Loaded cache for /proj_sw/user_dev/ctr-apbernal/tt-metal/model_cache/meta-llama/Llama-3.3-70B-Instruct/TG/tensor_cache_instruct_bfp8/layers.51.attention.wqkv_sharded_2d_prefetcher_dtype_BFLOAT8_B_layout_TILE.tensorbin of shape Shape([1, 1, 2048, 1280])
2026-08-29 09:16:36.592 | DEBUG    | core:as_tensor:724 - Loaded cache for /proj_sw/user_dev/ctr-apbernal/tt-metal/model_cache/meta-llama/Llama-3.3-70B-Instruct/TG/tensor_cache_instruct_bfp8/layers.51.attention.wqkv_sharded_2d_dram_dtype_BFLOAT8_B_layout_TILE.tensorbin of shape Shape([1, 1, 2048, 1280])
2026-08-29 09:16:36.631 | DEBUG    | core:as_tensor:724 - Loaded cache for /proj_sw/user_dev/ctr-apbernal/tt-metal/model_cache/meta-llama/Llama-3.3-70B-Instruct/TG/tensor_cache_instruct_bfp8/layers.51.attention.wo_width_sharded_2d_prefetcher_dtype_BFLOAT8_B_layout_TILE.tensorbin of shape Shape([1, 1, 1024, 2048])
2026-08-29 09:16:36.670 | DEBUG    | core:as_tensor:724 - Loaded cache for /proj_sw/user_dev/ctr-apbernal/tt-metal/model_cache/meta-llama/Llama-3.3-70B-Instruct/TG/tensor_cache_instruct_bfp8/layers.51.attention.wo_width_sharded_2d_dram_dtype_BFLOAT8_B_layout_TILE.tensorbin of shape Shape([1, 1, 1024, 2048])
2026-08-29 09:16:36.716 | DEBUG    | core:as_tensor:724 - Loaded cache for /proj_sw/user_dev/ctr-apbernal/tt-metal/model_cache/meta-llama/Llama-3.3-70B-Instruct/TG/tensor_cache_instruct_bfp8/layers.51.attention.wo_col_sharded_dram_dtype_BFLOAT8_B_layout_TILE.tensorbin of shape Shape([1, 1, 8192, 2048])
2026-08-29 09:16:36.731 | DEBUG    | core:as_tensor:724 - Loaded cache for /proj_sw/user_dev/ctr-apbernal/tt-metal/model_cache/meta-llama/Llama-3.3-70B-Instruct/TG/tensor_cache_instruct_bfp8/kvcache_torch.Size([2048, 1, 64, 128])_dtype_BFLOAT8_B_layout_TILE.tensorbin of shape Shape([2048, 1, 64, 128])
2026-08-29 09:16:36.739 | DEBUG    | core:as_tensor:724 - Loaded cache for /proj_sw/user_dev/ctr-apbernal/tt-metal/model_cache/meta-llama/Llama-3.3-70B-Instruct/TG/tensor_cache_instruct_bfp8/kvcache_torch.Size([2048, 1, 64, 128])_dtype_BFLOAT8_B_layout_TILE.tensorbin of shape Shape([2048, 1, 64, 128])
2026-08-29 09:16:36.804 | DEBUG    | core:as_tensor:724 - Loaded cache for /proj_sw/user_dev/ctr-apbernal/tt-metal/model_cache/meta-llama/Llama-3.3-70B-Instruct/TG/tensor_cache_instruct_bfp8/layers.51.feed_forward.w1_shardedprefetcher_dtype_BFLOAT4_B_layout_TILE.tensorbin of shape Shape([1, 1, 2048, 3584])
2026-08-29 09:16:36.852 | DEBUG    | core:as_tensor:724 - Loaded cache for /proj_sw/user_dev/ctr-apbernal/tt-metal/model_cache/meta-llama/Llama-3.3-70B-Instruct/TG/tensor_cache_instruct_bfp8/layers.51.feed_forward.w2_shardedprefetcher_dtype_BFLOAT8_B_layout_TILE.tensorbin of shape Shape([1, 1, 3584, 2048])
2026-08-29 09:16:36.896 | DEBUG    | core:as_tensor:724 - Loaded cache for /proj_sw/user_dev/ctr-apbernal/tt-metal/model_cache/meta-llama/Llama-3.3-70B-Instruct/TG/tensor_cache_instruct_bfp8/layers.51.feed_forward.w3_shardedprefetcher_dtype_BFLOAT4_B_layout_TILE.tensorbin of shape Shape([1, 1, 2048, 3584])
2026-08-29 09:16:36.939 | DEBUG    | core:as_tensor:724 - Loaded cache for /proj_sw/user_dev/ctr-apbernal/tt-metal/model_cache/meta-llama/Llama-3.3-70B-Instruct/TG/tensor_cache_instruct_bfp8/layers.51.feed_forward.w1_interleavedprefetcher_dtype_BFLOAT4_B_layout_TILE.tensorbin of shape Shape([1, 1, 2048, 3584])
2026-08-29 09:16:36.985 | DEBUG    | core:as_tensor:724 - Loaded cache for /proj_sw/user_dev/ctr-apbernal/tt-metal/model_cache/meta-llama/Llama-3.3-70B-Instruct/TG/tensor_cache_instruct_bfp8/layers.51.feed_forward.w2_interleavedprefetcher_dtype_BFLOAT8_B_layout_TILE.tensorbin of shape Shape([1, 1, 3584, 2048])
2026-08-29 09:16:37.027 | DEBUG    | core:as_tensor:724 - Loaded cache for /proj_sw/user_dev/ctr-apbernal/tt-metal/model_cache/meta-llama/Llama-3.3-70B-Instruct/TG/tensor_cache_instruct_bfp8/layers.51.feed_forward.w3_interleavedprefetcher_dtype_BFLOAT4_B_layout_TILE.tensorbin of shape Shape([1, 1, 2048, 3584])
2026-08-29 09:16:37.032 | DEBUG    | core:as_tensor:724 - Loaded cache for /proj_sw/user_dev/ctr-apbernal/tt-metal/model_cache/meta-llama/Llama-3.3-70B-Instruct/TG/tensor_cache_instruct_bfp8/layers.51.attention_norm.weight_dtype_BFLOAT16_layout_ROW_MAJOR.tensorbin of shape Shape([1, 1, 256, 32])
2026-08-29 09:16:37.034 | DEBUG    | core:as_tensor:724 - Loaded cache for /proj_sw/user_dev/ctr-apbernal/tt-metal/model_cache/meta-llama/Llama-3.3-70B-Instruct/TG/tensor_cache_instruct_bfp8/layers.51.attention_norm.weight_distributed_dtype_BFLOAT16_layout_ROW_MAJOR.tensorbin of shape Shape([1, 1, 64, 32])
2026-08-29 09:16:37.035 | DEBUG    | core:as_tensor:724 - Loaded cache for /proj_sw/user_dev/ctr-apbernal/tt-metal/model_cache/meta-llama/Llama-3.3-70B-Instruct/TG/tensor_cache_instruct_bfp8/layers.51.ffn_norm.weight_dtype_BFLOAT16_layout_ROW_MAJOR.tensorbin of shape Shape([1, 1, 256, 32])
2026-08-29 09:16:37.037 | DEBUG    | core:as_tensor:724 - Loaded cache for /proj_sw/user_dev/ctr-apbernal/tt-metal/model_cache/meta-llama/Llama-3.3-70B-Instruct/TG/tensor_cache_instruct_bfp8/layers.51.ffn_norm.weight_distributed_dtype_BFLOAT16_layout_ROW_MAJOR.tensorbin of shape Shape([1, 1, 64, 32])
 65%|██████▌   | 52/80 [00:29<00:15,  1.76it/s]2026-08-29 09:16:37.115 | DEBUG    | core:as_tensor:724 - Loaded cache for /proj_sw/user_dev/ctr-apbernal/tt-metal/model_cache/meta-llama/Llama-3.3-70B-Instruct/TG/tensor_cache_instruct_bfp8/layers.52.attention.wqkv_sharded_2d_prefetcher_dtype_BFLOAT8_B_layout_TILE.tensorbin of shape Shape([1, 1, 2048, 1280])
2026-08-29 09:16:37.155 | DEBUG    | core:as_tensor:724 - Loaded cache for /proj_sw/user_dev/ctr-apbernal/tt-metal/model_cache/meta-llama/Llama-3.3-70B-Instruct/TG/tensor_cache_instruct_bfp8/layers.52.attention.wqkv_sharded_2d_dram_dtype_BFLOAT8_B_layout_TILE.tensorbin of shape Shape([1, 1, 2048, 1280])
2026-08-29 09:16:37.195 | DEBUG    | core:as_tensor:724 - Loaded cache for /proj_sw/user_dev/ctr-apbernal/tt-metal/model_cache/meta-llama/Llama-3.3-70B-Instruct/TG/tensor_cache_instruct_bfp8/layers.52.attention.wo_width_sharded_2d_prefetcher_dtype_BFLOAT8_B_layout_TILE.tensorbin of shape Shape([1, 1, 1024, 2048])
2026-08-29 09:16:37.236 | DEBUG    | core:as_tensor:724 - Loaded cache for /proj_sw/user_dev/ctr-apbernal/tt-metal/model_cache/meta-llama/Llama-3.3-70B-Instruct/TG/tensor_cache_instruct_bfp8/layers.52.attention.wo_width_sharded_2d_dram_dtype_BFLOAT8_B_layout_TILE.tensorbin of shape Shape([1, 1, 1024, 2048])
2026-08-29 09:16:37.283 | DEBUG    | core:as_tensor:724 - Loaded cache for /proj_sw/user_dev/ctr-apbernal/tt-metal/model_cache/meta-llama/Llama-3.3-70B-Instruct/TG/tensor_cache_instruct_bfp8/layers.52.attention.wo_col_sharded_dram_dtype_BFLOAT8_B_layout_TILE.tensorbin of shape Shape([1, 1, 8192, 2048])
2026-08-29 09:16:37.297 | DEBUG    | core:as_tensor:724 - Loaded cache for /proj_sw/user_dev/ctr-apbernal/tt-metal/model_cache/meta-llama/Llama-3.3-70B-Instruct/TG/tensor_cache_instruct_bfp8/kvcache_torch.Size([2048, 1, 64, 128])_dtype_BFLOAT8_B_layout_TILE.tensorbin of shape Shape([2048, 1, 64, 128])
2026-08-29 09:16:37.307 | DEBUG    | core:as_tensor:724 - Loaded cache for /proj_sw/user_dev/ctr-apbernal/tt-metal/model_cache/meta-llama/Llama-3.3-70B-Instruct/TG/tensor_cache_instruct_bfp8/kvcache_torch.Size([2048, 1, 64, 128])_dtype_BFLOAT8_B_layout_TILE.tensorbin of shape Shape([2048, 1, 64, 128])
2026-08-29 09:16:37.375 | DEBUG    | core:as_tensor:724 - Loaded cache for /proj_sw/user_dev/ctr-apbernal/tt-metal/model_cache/meta-llama/Llama-3.3-70B-Instruct/TG/tensor_cache_instruct_bfp8/layers.52.feed_forward.w1_shardedprefetcher_dtype_BFLOAT4_B_layout_TILE.tensorbin of shape Shape([1, 1, 2048, 3584])
2026-08-29 09:16:37.423 | DEBUG    | core:as_tensor:724 - Loaded cache for /proj_sw/user_dev/ctr-apbernal/tt-metal/model_cache/meta-llama/Llama-3.3-70B-Instruct/TG/tensor_cache_instruct_bfp8/layers.52.feed_forward.w2_shardedprefetcher_dtype_BFLOAT8_B_layout_TILE.tensorbin of shape Shape([1, 1, 3584, 2048])
2026-08-29 09:16:37.466 | DEBUG    | core:as_tensor:724 - Loaded cache for /proj_sw/user_dev/ctr-apbernal/tt-metal/model_cache/meta-llama/Llama-3.3-70B-Instruct/TG/tensor_cache_instruct_bfp8/layers.52.feed_forward.w3_shardedprefetcher_dtype_BFLOAT4_B_layout_TILE.tensorbin of shape Shape([1, 1, 2048, 3584])
2026-08-29 09:16:37.512 | DEBUG    | core:as_tensor:724 - Loaded cache for /proj_sw/user_dev/ctr-apbernal/tt-metal/model_cache/meta-llama/Llama-3.3-70B-Instruct/TG/tensor_cache_instruct_bfp8/layers.52.feed_forward.w1_interleavedprefetcher_dtype_BFLOAT4_B_layout_TILE.tensorbin of shape Shape([1, 1, 2048, 3584])
2026-08-29 09:16:37.562 | DEBUG    | core:as_tensor:724 - Loaded cache for /proj_sw/user_dev/ctr-apbernal/tt-metal/model_cache/meta-llama/Llama-3.3-70B-Instruct/TG/tensor_cache_instruct_bfp8/layers.52.feed_forward.w2_interleavedprefetcher_dtype_BFLOAT8_B_layout_TILE.tensorbin of shape Shape([1, 1, 3584, 2048])
2026-08-29 09:16:37.606 | DEBUG    | core:as_tensor:724 - Loaded cache for /proj_sw/user_dev/ctr-apbernal/tt-metal/model_cache/meta-llama/Llama-3.3-70B-Instruct/TG/tensor_cache_instruct_bfp8/layers.52.feed_forward.w3_interleavedprefetcher_dtype_BFLOAT4_B_layout_TILE.tensorbin of shape Shape([1, 1, 2048, 3584])
2026-08-29 09:16:37.609 | DEBUG    | core:as_tensor:724 - Loaded cache for /proj_sw/user_dev/ctr-apbernal/tt-metal/model_cache/meta-llama/Llama-3.3-70B-Instruct/TG/tensor_cache_instruct_bfp8/layers.52.attention_norm.weight_dtype_BFLOAT16_layout_ROW_MAJOR.tensorbin of shape Shape([1, 1, 256, 32])
2026-08-29 09:16:37.610 | DEBUG    | core:as_tensor:724 - Loaded cache for /proj_sw/user_dev/ctr-apbernal/tt-metal/model_cache/meta-llama/Llama-3.3-70B-Instruct/TG/tensor_cache_instruct_bfp8/layers.52.attention_norm.weight_distributed_dtype_BFLOAT16_layout_ROW_MAJOR.tensorbin of shape Shape([1, 1, 64, 32])
2026-08-29 09:16:37.612 | DEBUG    | core:as_tensor:724 - Loaded cache for /proj_sw/user_dev/ctr-apbernal/tt-metal/model_cache/meta-llama/Llama-3.3-70B-Instruct/TG/tensor_cache_instruct_bfp8/layers.52.ffn_norm.weight_dtype_BFLOAT16_layout_ROW_MAJOR.tensorbin of shape Shape([1, 1, 256, 32])
2026-08-29 09:16:37.614 | DEBUG    | core:as_tensor:724 - Loaded cache for /proj_sw/user_dev/ctr-apbernal/tt-metal/model_cache/meta-llama/Llama-3.3-70B-Instruct/TG/tensor_cache_instruct_bfp8/layers.52.ffn_norm.weight_distributed_dtype_BFLOAT16_layout_ROW_MAJOR.tensorbin of shape Shape([1, 1, 64, 32])
 66%|██████▋   | 53/80 [00:30<00:15,  1.75it/s]2026-08-29 09:16:37.695 | DEBUG    | core:as_tensor:724 - Loaded cache for /proj_sw/user_dev/ctr-apbernal/tt-metal/model_cache/meta-llama/Llama-3.3-70B-Instruct/TG/tensor_cache_instruct_bfp8/layers.53.attention.wqkv_sharded_2d_prefetcher_dtype_BFLOAT8_B_layout_TILE.tensorbin of shape Shape([1, 1, 2048, 1280])
2026-08-29 09:16:37.734 | DEBUG    | core:as_tensor:724 - Loaded cache for /proj_sw/user_dev/ctr-apbernal/tt-metal/model_cache/meta-llama/Llama-3.3-70B-Instruct/TG/tensor_cache_instruct_bfp8/layers.53.attention.wqkv_sharded_2d_dram_dtype_BFLOAT8_B_layout_TILE.tensorbin of shape Shape([1, 1, 2048, 1280])
2026-08-29 09:16:37.773 | DEBUG    | core:as_tensor:724 - Loaded cache for /proj_sw/user_dev/ctr-apbernal/tt-metal/model_cache/meta-llama/Llama-3.3-70B-Instruct/TG/tensor_cache_instruct_bfp8/layers.53.attention.wo_width_sharded_2d_prefetcher_dtype_BFLOAT8_B_layout_TILE.tensorbin of shape Shape([1, 1, 1024, 2048])
2026-08-29 09:16:37.812 | DEBUG    | core:as_tensor:724 - Loaded cache for /proj_sw/user_dev/ctr-apbernal/tt-metal/model_cache/meta-llama/Llama-3.3-70B-Instruct/TG/tensor_cache_instruct_bfp8/layers.53.attention.wo_width_sharded_2d_dram_dtype_BFLOAT8_B_layout_TILE.tensorbin of shape Shape([1, 1, 1024, 2048])
2026-08-29 09:16:37.859 | DEBUG    | core:as_tensor:724 - Loaded cache for /proj_sw/user_dev/ctr-apbernal/tt-metal/model_cache/meta-llama/Llama-3.3-70B-Instruct/TG/tensor_cache_instruct_bfp8/layers.53.attention.wo_col_sharded_dram_dtype_BFLOAT8_B_layout_TILE.tensorbin of shape Shape([1, 1, 8192, 2048])
2026-08-29 09:16:37.876 | DEBUG    | core:as_tensor:724 - Loaded cache for /proj_sw/user_dev/ctr-apbernal/tt-metal/model_cache/meta-llama/Llama-3.3-70B-Instruct/TG/tensor_cache_instruct_bfp8/kvcache_torch.Size([2048, 1, 64, 128])_dtype_BFLOAT8_B_layout_TILE.tensorbin of shape Shape([2048, 1, 64, 128])
2026-08-29 09:16:37.884 | DEBUG    | core:as_tensor:724 - Loaded cache for /proj_sw/user_dev/ctr-apbernal/tt-metal/model_cache/meta-llama/Llama-3.3-70B-Instruct/TG/tensor_cache_instruct_bfp8/kvcache_torch.Size([2048, 1, 64, 128])_dtype_BFLOAT8_B_layout_TILE.tensorbin of shape Shape([2048, 1, 64, 128])
2026-08-29 09:16:37.950 | DEBUG    | core:as_tensor:724 - Loaded cache for /proj_sw/user_dev/ctr-apbernal/tt-metal/model_cache/meta-llama/Llama-3.3-70B-Instruct/TG/tensor_cache_instruct_bfp8/layers.53.feed_forward.w1_shardedprefetcher_dtype_BFLOAT4_B_layout_TILE.tensorbin of shape Shape([1, 1, 2048, 3584])
2026-08-29 09:16:37.999 | DEBUG    | core:as_tensor:724 - Loaded cache for /proj_sw/user_dev/ctr-apbernal/tt-metal/model_cache/meta-llama/Llama-3.3-70B-Instruct/TG/tensor_cache_instruct_bfp8/layers.53.feed_forward.w2_shardedprefetcher_dtype_BFLOAT8_B_layout_TILE.tensorbin of shape Shape([1, 1, 3584, 2048])
2026-08-29 09:16:38.041 | DEBUG    | core:as_tensor:724 - Loaded cache for /proj_sw/user_dev/ctr-apbernal/tt-metal/model_cache/meta-llama/Llama-3.3-70B-Instruct/TG/tensor_cache_instruct_bfp8/layers.53.feed_forward.w3_shardedprefetcher_dtype_BFLOAT4_B_layout_TILE.tensorbin of shape Shape([1, 1, 2048, 3584])
2026-08-29 09:16:38.086 | DEBUG    | core:as_tensor:724 - Loaded cache for /proj_sw/user_dev/ctr-apbernal/tt-metal/model_cache/meta-llama/Llama-3.3-70B-Instruct/TG/tensor_cache_instruct_bfp8/layers.53.feed_forward.w1_interleavedprefetcher_dtype_BFLOAT4_B_layout_TILE.tensorbin of shape Shape([1, 1, 2048, 3584])
2026-08-29 09:16:38.133 | DEBUG    | core:as_tensor:724 - Loaded cache for /proj_sw/user_dev/ctr-apbernal/tt-metal/model_cache/meta-llama/Llama-3.3-70B-Instruct/TG/tensor_cache_instruct_bfp8/layers.53.feed_forward.w2_interleavedprefetcher_dtype_BFLOAT8_B_layout_TILE.tensorbin of shape Shape([1, 1, 3584, 2048])
2026-08-29 09:16:38.175 | DEBUG    | core:as_tensor:724 - Loaded cache for /proj_sw/user_dev/ctr-apbernal/tt-metal/model_cache/meta-llama/Llama-3.3-70B-Instruct/TG/tensor_cache_instruct_bfp8/layers.53.feed_forward.w3_interleavedprefetcher_dtype_BFLOAT4_B_layout_TILE.tensorbin of shape Shape([1, 1, 2048, 3584])
2026-08-29 09:16:38.178 | DEBUG    | core:as_tensor:724 - Loaded cache for /proj_sw/user_dev/ctr-apbernal/tt-metal/model_cache/meta-llama/Llama-3.3-70B-Instruct/TG/tensor_cache_instruct_bfp8/layers.53.attention_norm.weight_dtype_BFLOAT16_layout_ROW_MAJOR.tensorbin of shape Shape([1, 1, 256, 32])
2026-08-29 09:16:38.180 | DEBUG    | core:as_tensor:724 - Loaded cache for /proj_sw/user_dev/ctr-apbernal/tt-metal/model_cache/meta-llama/Llama-3.3-70B-Instruct/TG/tensor_cache_instruct_bfp8/layers.53.attention_norm.weight_distributed_dtype_BFLOAT16_layout_ROW_MAJOR.tensorbin of shape Shape([1, 1, 64, 32])
2026-08-29 09:16:38.182 | DEBUG    | core:as_tensor:724 - Loaded cache for /proj_sw/user_dev/ctr-apbernal/tt-metal/model_cache/meta-llama/Llama-3.3-70B-Instruct/TG/tensor_cache_instruct_bfp8/layers.53.ffn_norm.weight_dtype_BFLOAT16_layout_ROW_MAJOR.tensorbin of shape Shape([1, 1, 256, 32])
2026-08-29 09:16:38.184 | DEBUG    | core:as_tensor:724 - Loaded cache for /proj_sw/user_dev/ctr-apbernal/tt-metal/model_cache/meta-llama/Llama-3.3-70B-Instruct/TG/tensor_cache_instruct_bfp8/layers.53.ffn_norm.weight_distributed_dtype_BFLOAT16_layout_ROW_MAJOR.tensorbin of shape Shape([1, 1, 64, 32])
 68%|██████▊   | 54/80 [00:30<00:14,  1.75it/s]2026-08-29 09:16:38.264 | DEBUG    | core:as_tensor:724 - Loaded cache for /proj_sw/user_dev/ctr-apbernal/tt-metal/model_cache/meta-llama/Llama-3.3-70B-Instruct/TG/tensor_cache_instruct_bfp8/layers.54.attention.wqkv_sharded_2d_prefetcher_dtype_BFLOAT8_B_layout_TILE.tensorbin of shape Shape([1, 1, 2048, 1280])
2026-08-29 09:16:38.304 | DEBUG    | core:as_tensor:724 - Loaded cache for /proj_sw/user_dev/ctr-apbernal/tt-metal/model_cache/meta-llama/Llama-3.3-70B-Instruct/TG/tensor_cache_instruct_bfp8/layers.54.attention.wqkv_sharded_2d_dram_dtype_BFLOAT8_B_layout_TILE.tensorbin of shape Shape([1, 1, 2048, 1280])
2026-08-29 09:16:38.345 | DEBUG    | core:as_tensor:724 - Loaded cache for /proj_sw/user_dev/ctr-apbernal/tt-metal/model_cache/meta-llama/Llama-3.3-70B-Instruct/TG/tensor_cache_instruct_bfp8/layers.54.attention.wo_width_sharded_2d_prefetcher_dtype_BFLOAT8_B_layout_TILE.tensorbin of shape Shape([1, 1, 1024, 2048])
2026-08-29 09:16:38.383 | DEBUG    | core:as_tensor:724 - Loaded cache for /proj_sw/user_dev/ctr-apbernal/tt-metal/model_cache/meta-llama/Llama-3.3-70B-Instruct/TG/tensor_cache_instruct_bfp8/layers.54.attention.wo_width_sharded_2d_dram_dtype_BFLOAT8_B_layout_TILE.tensorbin of shape Shape([1, 1, 1024, 2048])
2026-08-29 09:16:38.430 | DEBUG    | core:as_tensor:724 - Loaded cache for /proj_sw/user_dev/ctr-apbernal/tt-metal/model_cache/meta-llama/Llama-3.3-70B-Instruct/TG/tensor_cache_instruct_bfp8/layers.54.attention.wo_col_sharded_dram_dtype_BFLOAT8_B_layout_TILE.tensorbin of shape Shape([1, 1, 8192, 2048])
2026-08-29 09:16:38.444 | DEBUG    | core:as_tensor:724 - Loaded cache for /proj_sw/user_dev/ctr-apbernal/tt-metal/model_cache/meta-llama/Llama-3.3-70B-Instruct/TG/tensor_cache_instruct_bfp8/kvcache_torch.Size([2048, 1, 64, 128])_dtype_BFLOAT8_B_layout_TILE.tensorbin of shape Shape([2048, 1, 64, 128])
2026-08-29 09:16:38.453 | DEBUG    | core:as_tensor:724 - Loaded cache for /proj_sw/user_dev/ctr-apbernal/tt-metal/model_cache/meta-llama/Llama-3.3-70B-Instruct/TG/tensor_cache_instruct_bfp8/kvcache_torch.Size([2048, 1, 64, 128])_dtype_BFLOAT8_B_layout_TILE.tensorbin of shape Shape([2048, 1, 64, 128])
2026-08-29 09:16:38.519 | DEBUG    | core:as_tensor:724 - Loaded cache for /proj_sw/user_dev/ctr-apbernal/tt-metal/model_cache/meta-llama/Llama-3.3-70B-Instruct/TG/tensor_cache_instruct_bfp8/layers.54.feed_forward.w1_shardedprefetcher_dtype_BFLOAT4_B_layout_TILE.tensorbin of shape Shape([1, 1, 2048, 3584])
2026-08-29 09:16:38.568 | DEBUG    | core:as_tensor:724 - Loaded cache for /proj_sw/user_dev/ctr-apbernal/tt-metal/model_cache/meta-llama/Llama-3.3-70B-Instruct/TG/tensor_cache_instruct_bfp8/layers.54.feed_forward.w2_shardedprefetcher_dtype_BFLOAT8_B_layout_TILE.tensorbin of shape Shape([1, 1, 3584, 2048])
2026-08-29 09:16:38.610 | DEBUG    | core:as_tensor:724 - Loaded cache for /proj_sw/user_dev/ctr-apbernal/tt-metal/model_cache/meta-llama/Llama-3.3-70B-Instruct/TG/tensor_cache_instruct_bfp8/layers.54.feed_forward.w3_shardedprefetcher_dtype_BFLOAT4_B_layout_TILE.tensorbin of shape Shape([1, 1, 2048, 3584])
2026-08-29 09:16:38.652 | DEBUG    | core:as_tensor:724 - Loaded cache for /proj_sw/user_dev/ctr-apbernal/tt-metal/model_cache/meta-llama/Llama-3.3-70B-Instruct/TG/tensor_cache_instruct_bfp8/layers.54.feed_forward.w1_interleavedprefetcher_dtype_BFLOAT4_B_layout_TILE.tensorbin of shape Shape([1, 1, 2048, 3584])
2026-08-29 09:16:38.700 | DEBUG    | core:as_tensor:724 - Loaded cache for /proj_sw/user_dev/ctr-apbernal/tt-metal/model_cache/meta-llama/Llama-3.3-70B-Instruct/TG/tensor_cache_instruct_bfp8/layers.54.feed_forward.w2_interleavedprefetcher_dtype_BFLOAT8_B_layout_TILE.tensorbin of shape Shape([1, 1, 3584, 2048])
2026-08-29 09:16:38.743 | DEBUG    | core:as_tensor:724 - Loaded cache for /proj_sw/user_dev/ctr-apbernal/tt-metal/model_cache/meta-llama/Llama-3.3-70B-Instruct/TG/tensor_cache_instruct_bfp8/layers.54.feed_forward.w3_interleavedprefetcher_dtype_BFLOAT4_B_layout_TILE.tensorbin of shape Shape([1, 1, 2048, 3584])
2026-08-29 09:16:38.745 | DEBUG    | core:as_tensor:724 - Loaded cache for /proj_sw/user_dev/ctr-apbernal/tt-metal/model_cache/meta-llama/Llama-3.3-70B-Instruct/TG/tensor_cache_instruct_bfp8/layers.54.attention_norm.weight_dtype_BFLOAT16_layout_ROW_MAJOR.tensorbin of shape Shape([1, 1, 256, 32])
2026-08-29 09:16:38.746 | DEBUG    | core:as_tensor:724 - Loaded cache for /proj_sw/user_dev/ctr-apbernal/tt-metal/model_cache/meta-llama/Llama-3.3-70B-Instruct/TG/tensor_cache_instruct_bfp8/layers.54.attention_norm.weight_distributed_dtype_BFLOAT16_layout_ROW_MAJOR.tensorbin of shape Shape([1, 1, 64, 32])
2026-08-29 09:16:38.748 | DEBUG    | core:as_tensor:724 - Loaded cache for /proj_sw/user_dev/ctr-apbernal/tt-metal/model_cache/meta-llama/Llama-3.3-70B-Instruct/TG/tensor_cache_instruct_bfp8/layers.54.ffn_norm.weight_dtype_BFLOAT16_layout_ROW_MAJOR.tensorbin of shape Shape([1, 1, 256, 32])
2026-08-29 09:16:38.750 | DEBUG    | core:as_tensor:724 - Loaded cache for /proj_sw/user_dev/ctr-apbernal/tt-metal/model_cache/meta-llama/Llama-3.3-70B-Instruct/TG/tensor_cache_instruct_bfp8/layers.54.ffn_norm.weight_distributed_dtype_BFLOAT16_layout_ROW_MAJOR.tensorbin of shape Shape([1, 1, 64, 32])
 69%|██████▉   | 55/80 [00:31<00:14,  1.76it/s]2026-08-29 09:16:38.826 | DEBUG    | core:as_tensor:724 - Loaded cache for /proj_sw/user_dev/ctr-apbernal/tt-metal/model_cache/meta-llama/Llama-3.3-70B-Instruct/TG/tensor_cache_instruct_bfp8/layers.55.attention.wqkv_sharded_2d_prefetcher_dtype_BFLOAT8_B_layout_TILE.tensorbin of shape Shape([1, 1, 2048, 1280])
2026-08-29 09:16:38.867 | DEBUG    | core:as_tensor:724 - Loaded cache for /proj_sw/user_dev/ctr-apbernal/tt-metal/model_cache/meta-llama/Llama-3.3-70B-Instruct/TG/tensor_cache_instruct_bfp8/layers.55.attention.wqkv_sharded_2d_dram_dtype_BFLOAT8_B_layout_TILE.tensorbin of shape Shape([1, 1, 2048, 1280])
2026-08-29 09:16:38.907 | DEBUG    | core:as_tensor:724 - Loaded cache for /proj_sw/user_dev/ctr-apbernal/tt-metal/model_cache/meta-llama/Llama-3.3-70B-Instruct/TG/tensor_cache_instruct_bfp8/layers.55.attention.wo_width_sharded_2d_prefetcher_dtype_BFLOAT8_B_layout_TILE.tensorbin of shape Shape([1, 1, 1024, 2048])
2026-08-29 09:16:38.945 | DEBUG    | core:as_tensor:724 - Loaded cache for /proj_sw/user_dev/ctr-apbernal/tt-metal/model_cache/meta-llama/Llama-3.3-70B-Instruct/TG/tensor_cache_instruct_bfp8/layers.55.attention.wo_width_sharded_2d_dram_dtype_BFLOAT8_B_layout_TILE.tensorbin of shape Shape([1, 1, 1024, 2048])
2026-08-29 09:16:38.991 | DEBUG    | core:as_tensor:724 - Loaded cache for /proj_sw/user_dev/ctr-apbernal/tt-metal/model_cache/meta-llama/Llama-3.3-70B-Instruct/TG/tensor_cache_instruct_bfp8/layers.55.attention.wo_col_sharded_dram_dtype_BFLOAT8_B_layout_TILE.tensorbin of shape Shape([1, 1, 8192, 2048])
2026-08-29 09:16:39.006 | DEBUG    | core:as_tensor:724 - Loaded cache for /proj_sw/user_dev/ctr-apbernal/tt-metal/model_cache/meta-llama/Llama-3.3-70B-Instruct/TG/tensor_cache_instruct_bfp8/kvcache_torch.Size([2048, 1, 64, 128])_dtype_BFLOAT8_B_layout_TILE.tensorbin of shape Shape([2048, 1, 64, 128])
2026-08-29 09:16:39.014 | DEBUG    | core:as_tensor:724 - Loaded cache for /proj_sw/user_dev/ctr-apbernal/tt-metal/model_cache/meta-llama/Llama-3.3-70B-Instruct/TG/tensor_cache_instruct_bfp8/kvcache_torch.Size([2048, 1, 64, 128])_dtype_BFLOAT8_B_layout_TILE.tensorbin of shape Shape([2048, 1, 64, 128])
2026-08-29 09:16:39.078 | DEBUG    | core:as_tensor:724 - Loaded cache for /proj_sw/user_dev/ctr-apbernal/tt-metal/model_cache/meta-llama/Llama-3.3-70B-Instruct/TG/tensor_cache_instruct_bfp8/layers.55.feed_forward.w1_shardedprefetcher_dtype_BFLOAT4_B_layout_TILE.tensorbin of shape Shape([1, 1, 2048, 3584])
2026-08-29 09:16:39.129 | DEBUG    | core:as_tensor:724 - Loaded cache for /proj_sw/user_dev/ctr-apbernal/tt-metal/model_cache/meta-llama/Llama-3.3-70B-Instruct/TG/tensor_cache_instruct_bfp8/layers.55.feed_forward.w2_shardedprefetcher_dtype_BFLOAT8_B_layout_TILE.tensorbin of shape Shape([1, 1, 3584, 2048])
2026-08-29 09:16:39.171 | DEBUG    | core:as_tensor:724 - Loaded cache for /proj_sw/user_dev/ctr-apbernal/tt-metal/model_cache/meta-llama/Llama-3.3-70B-Instruct/TG/tensor_cache_instruct_bfp8/layers.55.feed_forward.w3_shardedprefetcher_dtype_BFLOAT4_B_layout_TILE.tensorbin of shape Shape([1, 1, 2048, 3584])
2026-08-29 09:16:39.214 | DEBUG    | core:as_tensor:724 - Loaded cache for /proj_sw/user_dev/ctr-apbernal/tt-metal/model_cache/meta-llama/Llama-3.3-70B-Instruct/TG/tensor_cache_instruct_bfp8/layers.55.feed_forward.w1_interleavedprefetcher_dtype_BFLOAT4_B_layout_TILE.tensorbin of shape Shape([1, 1, 2048, 3584])
2026-08-29 09:16:39.261 | DEBUG    | core:as_tensor:724 - Loaded cache for /proj_sw/user_dev/ctr-apbernal/tt-metal/model_cache/meta-llama/Llama-3.3-70B-Instruct/TG/tensor_cache_instruct_bfp8/layers.55.feed_forward.w2_interleavedprefetcher_dtype_BFLOAT8_B_layout_TILE.tensorbin of shape Shape([1, 1, 3584, 2048])
2026-08-29 09:16:39.303 | DEBUG    | core:as_tensor:724 - Loaded cache for /proj_sw/user_dev/ctr-apbernal/tt-metal/model_cache/meta-llama/Llama-3.3-70B-Instruct/TG/tensor_cache_instruct_bfp8/layers.55.feed_forward.w3_interleavedprefetcher_dtype_BFLOAT4_B_layout_TILE.tensorbin of shape Shape([1, 1, 2048, 3584])
2026-08-29 09:16:39.307 | DEBUG    | core:as_tensor:724 - Loaded cache for /proj_sw/user_dev/ctr-apbernal/tt-metal/model_cache/meta-llama/Llama-3.3-70B-Instruct/TG/tensor_cache_instruct_bfp8/layers.55.attention_norm.weight_dtype_BFLOAT16_layout_ROW_MAJOR.tensorbin of shape Shape([1, 1, 256, 32])
2026-08-29 09:16:39.309 | DEBUG    | core:as_tensor:724 - Loaded cache for /proj_sw/user_dev/ctr-apbernal/tt-metal/model_cache/meta-llama/Llama-3.3-70B-Instruct/TG/tensor_cache_instruct_bfp8/layers.55.attention_norm.weight_distributed_dtype_BFLOAT16_layout_ROW_MAJOR.tensorbin of shape Shape([1, 1, 64, 32])
2026-08-29 09:16:39.311 | DEBUG    | core:as_tensor:724 - Loaded cache for /proj_sw/user_dev/ctr-apbernal/tt-metal/model_cache/meta-llama/Llama-3.3-70B-Instruct/TG/tensor_cache_instruct_bfp8/layers.55.ffn_norm.weight_dtype_BFLOAT16_layout_ROW_MAJOR.tensorbin of shape Shape([1, 1, 256, 32])
2026-08-29 09:16:39.312 | DEBUG    | core:as_tensor:724 - Loaded cache for /proj_sw/user_dev/ctr-apbernal/tt-metal/model_cache/meta-llama/Llama-3.3-70B-Instruct/TG/tensor_cache_instruct_bfp8/layers.55.ffn_norm.weight_distributed_dtype_BFLOAT16_layout_ROW_MAJOR.tensorbin of shape Shape([1, 1, 64, 32])
 70%|███████   | 56/80 [00:31<00:13,  1.76it/s]2026-08-29 09:16:39.393 | DEBUG    | core:as_tensor:724 - Loaded cache for /proj_sw/user_dev/ctr-apbernal/tt-metal/model_cache/meta-llama/Llama-3.3-70B-Instruct/TG/tensor_cache_instruct_bfp8/layers.56.attention.wqkv_sharded_2d_prefetcher_dtype_BFLOAT8_B_layout_TILE.tensorbin of shape Shape([1, 1, 2048, 1280])
2026-08-29 09:16:39.434 | DEBUG    | core:as_tensor:724 - Loaded cache for /proj_sw/user_dev/ctr-apbernal/tt-metal/model_cache/meta-llama/Llama-3.3-70B-Instruct/TG/tensor_cache_instruct_bfp8/layers.56.attention.wqkv_sharded_2d_dram_dtype_BFLOAT8_B_layout_TILE.tensorbin of shape Shape([1, 1, 2048, 1280])
2026-08-29 09:16:39.473 | DEBUG    | core:as_tensor:724 - Loaded cache for /proj_sw/user_dev/ctr-apbernal/tt-metal/model_cache/meta-llama/Llama-3.3-70B-Instruct/TG/tensor_cache_instruct_bfp8/layers.56.attention.wo_width_sharded_2d_prefetcher_dtype_BFLOAT8_B_layout_TILE.tensorbin of shape Shape([1, 1, 1024, 2048])
2026-08-29 09:16:39.511 | DEBUG    | core:as_tensor:724 - Loaded cache for /proj_sw/user_dev/ctr-apbernal/tt-metal/model_cache/meta-llama/Llama-3.3-70B-Instruct/TG/tensor_cache_instruct_bfp8/layers.56.attention.wo_width_sharded_2d_dram_dtype_BFLOAT8_B_layout_TILE.tensorbin of shape Shape([1, 1, 1024, 2048])
2026-08-29 09:16:39.558 | DEBUG    | core:as_tensor:724 - Loaded cache for /proj_sw/user_dev/ctr-apbernal/tt-metal/model_cache/meta-llama/Llama-3.3-70B-Instruct/TG/tensor_cache_instruct_bfp8/layers.56.attention.wo_col_sharded_dram_dtype_BFLOAT8_B_layout_TILE.tensorbin of shape Shape([1, 1, 8192, 2048])
2026-08-29 09:16:39.572 | DEBUG    | core:as_tensor:724 - Loaded cache for /proj_sw/user_dev/ctr-apbernal/tt-metal/model_cache/meta-llama/Llama-3.3-70B-Instruct/TG/tensor_cache_instruct_bfp8/kvcache_torch.Size([2048, 1, 64, 128])_dtype_BFLOAT8_B_layout_TILE.tensorbin of shape Shape([2048, 1, 64, 128])
2026-08-29 09:16:39.581 | DEBUG    | core:as_tensor:724 - Loaded cache for /proj_sw/user_dev/ctr-apbernal/tt-metal/model_cache/meta-llama/Llama-3.3-70B-Instruct/TG/tensor_cache_instruct_bfp8/kvcache_torch.Size([2048, 1, 64, 128])_dtype_BFLOAT8_B_layout_TILE.tensorbin of shape Shape([2048, 1, 64, 128])
2026-08-29 09:16:39.646 | DEBUG    | core:as_tensor:724 - Loaded cache for /proj_sw/user_dev/ctr-apbernal/tt-metal/model_cache/meta-llama/Llama-3.3-70B-Instruct/TG/tensor_cache_instruct_bfp8/layers.56.feed_forward.w1_shardedprefetcher_dtype_BFLOAT4_B_layout_TILE.tensorbin of shape Shape([1, 1, 2048, 3584])
2026-08-29 09:16:39.697 | DEBUG    | core:as_tensor:724 - Loaded cache for /proj_sw/user_dev/ctr-apbernal/tt-metal/model_cache/meta-llama/Llama-3.3-70B-Instruct/TG/tensor_cache_instruct_bfp8/layers.56.feed_forward.w2_shardedprefetcher_dtype_BFLOAT8_B_layout_TILE.tensorbin of shape Shape([1, 1, 3584, 2048])
2026-08-29 09:16:39.740 | DEBUG    | core:as_tensor:724 - Loaded cache for /proj_sw/user_dev/ctr-apbernal/tt-metal/model_cache/meta-llama/Llama-3.3-70B-Instruct/TG/tensor_cache_instruct_bfp8/layers.56.feed_forward.w3_shardedprefetcher_dtype_BFLOAT4_B_layout_TILE.tensorbin of shape Shape([1, 1, 2048, 3584])
2026-08-29 09:16:39.781 | DEBUG    | core:as_tensor:724 - Loaded cache for /proj_sw/user_dev/ctr-apbernal/tt-metal/model_cache/meta-llama/Llama-3.3-70B-Instruct/TG/tensor_cache_instruct_bfp8/layers.56.feed_forward.w1_interleavedprefetcher_dtype_BFLOAT4_B_layout_TILE.tensorbin of shape Shape([1, 1, 2048, 3584])
2026-08-29 09:16:39.828 | DEBUG    | core:as_tensor:724 - Loaded cache for /proj_sw/user_dev/ctr-apbernal/tt-metal/model_cache/meta-llama/Llama-3.3-70B-Instruct/TG/tensor_cache_instruct_bfp8/layers.56.feed_forward.w2_interleavedprefetcher_dtype_BFLOAT8_B_layout_TILE.tensorbin of shape Shape([1, 1, 3584, 2048])
2026-08-29 09:16:39.881 | DEBUG    | core:as_tensor:724 - Loaded cache for /proj_sw/user_dev/ctr-apbernal/tt-metal/model_cache/meta-llama/Llama-3.3-70B-Instruct/TG/tensor_cache_instruct_bfp8/layers.56.feed_forward.w3_interleavedprefetcher_dtype_BFLOAT4_B_layout_TILE.tensorbin of shape Shape([1, 1, 2048, 3584])
2026-08-29 09:16:39.883 | DEBUG    | core:as_tensor:724 - Loaded cache for /proj_sw/user_dev/ctr-apbernal/tt-metal/model_cache/meta-llama/Llama-3.3-70B-Instruct/TG/tensor_cache_instruct_bfp8/layers.56.attention_norm.weight_dtype_BFLOAT16_layout_ROW_MAJOR.tensorbin of shape Shape([1, 1, 256, 32])
2026-08-29 09:16:39.885 | DEBUG    | core:as_tensor:724 - Loaded cache for /proj_sw/user_dev/ctr-apbernal/tt-metal/model_cache/meta-llama/Llama-3.3-70B-Instruct/TG/tensor_cache_instruct_bfp8/layers.56.attention_norm.weight_distributed_dtype_BFLOAT16_layout_ROW_MAJOR.tensorbin of shape Shape([1, 1, 64, 32])
2026-08-29 09:16:39.888 | DEBUG    | core:as_tensor:724 - Loaded cache for /proj_sw/user_dev/ctr-apbernal/tt-metal/model_cache/meta-llama/Llama-3.3-70B-Instruct/TG/tensor_cache_instruct_bfp8/layers.56.ffn_norm.weight_dtype_BFLOAT16_layout_ROW_MAJOR.tensorbin of shape Shape([1, 1, 256, 32])
2026-08-29 09:16:39.889 | DEBUG    | core:as_tensor:724 - Loaded cache for /proj_sw/user_dev/ctr-apbernal/tt-metal/model_cache/meta-llama/Llama-3.3-70B-Instruct/TG/tensor_cache_instruct_bfp8/layers.56.ffn_norm.weight_distributed_dtype_BFLOAT16_layout_ROW_MAJOR.tensorbin of shape Shape([1, 1, 64, 32])
 71%|███████▏  | 57/80 [00:32<00:13,  1.75it/s]2026-08-29 09:16:39.973 | DEBUG    | core:as_tensor:724 - Loaded cache for /proj_sw/user_dev/ctr-apbernal/tt-metal/model_cache/meta-llama/Llama-3.3-70B-Instruct/TG/tensor_cache_instruct_bfp8/layers.57.attention.wqkv_sharded_2d_prefetcher_dtype_BFLOAT8_B_layout_TILE.tensorbin of shape Shape([1, 1, 2048, 1280])
2026-08-29 09:16:40.014 | DEBUG    | core:as_tensor:724 - Loaded cache for /proj_sw/user_dev/ctr-apbernal/tt-metal/model_cache/meta-llama/Llama-3.3-70B-Instruct/TG/tensor_cache_instruct_bfp8/layers.57.attention.wqkv_sharded_2d_dram_dtype_BFLOAT8_B_layout_TILE.tensorbin of shape Shape([1, 1, 2048, 1280])
2026-08-29 09:16:40.053 | DEBUG    | core:as_tensor:724 - Loaded cache for /proj_sw/user_dev/ctr-apbernal/tt-metal/model_cache/meta-llama/Llama-3.3-70B-Instruct/TG/tensor_cache_instruct_bfp8/layers.57.attention.wo_width_sharded_2d_prefetcher_dtype_BFLOAT8_B_layout_TILE.tensorbin of shape Shape([1, 1, 1024, 2048])
2026-08-29 09:16:40.092 | DEBUG    | core:as_tensor:724 - Loaded cache for /proj_sw/user_dev/ctr-apbernal/tt-metal/model_cache/meta-llama/Llama-3.3-70B-Instruct/TG/tensor_cache_instruct_bfp8/layers.57.attention.wo_width_sharded_2d_dram_dtype_BFLOAT8_B_layout_TILE.tensorbin of shape Shape([1, 1, 1024, 2048])
2026-08-29 09:16:40.141 | DEBUG    | core:as_tensor:724 - Loaded cache for /proj_sw/user_dev/ctr-apbernal/tt-metal/model_cache/meta-llama/Llama-3.3-70B-Instruct/TG/tensor_cache_instruct_bfp8/layers.57.attention.wo_col_sharded_dram_dtype_BFLOAT8_B_layout_TILE.tensorbin of shape Shape([1, 1, 8192, 2048])
2026-08-29 09:16:40.156 | DEBUG    | core:as_tensor:724 - Loaded cache for /proj_sw/user_dev/ctr-apbernal/tt-metal/model_cache/meta-llama/Llama-3.3-70B-Instruct/TG/tensor_cache_instruct_bfp8/kvcache_torch.Size([2048, 1, 64, 128])_dtype_BFLOAT8_B_layout_TILE.tensorbin of shape Shape([2048, 1, 64, 128])
2026-08-29 09:16:40.165 | DEBUG    | core:as_tensor:724 - Loaded cache for /proj_sw/user_dev/ctr-apbernal/tt-metal/model_cache/meta-llama/Llama-3.3-70B-Instruct/TG/tensor_cache_instruct_bfp8/kvcache_torch.Size([2048, 1, 64, 128])_dtype_BFLOAT8_B_layout_TILE.tensorbin of shape Shape([2048, 1, 64, 128])
2026-08-29 09:16:40.229 | DEBUG    | core:as_tensor:724 - Loaded cache for /proj_sw/user_dev/ctr-apbernal/tt-metal/model_cache/meta-llama/Llama-3.3-70B-Instruct/TG/tensor_cache_instruct_bfp8/layers.57.feed_forward.w1_shardedprefetcher_dtype_BFLOAT4_B_layout_TILE.tensorbin of shape Shape([1, 1, 2048, 3584])
2026-08-29 09:16:40.277 | DEBUG    | core:as_tensor:724 - Loaded cache for /proj_sw/user_dev/ctr-apbernal/tt-metal/model_cache/meta-llama/Llama-3.3-70B-Instruct/TG/tensor_cache_instruct_bfp8/layers.57.feed_forward.w2_shardedprefetcher_dtype_BFLOAT8_B_layout_TILE.tensorbin of shape Shape([1, 1, 3584, 2048])
2026-08-29 09:16:40.319 | DEBUG    | core:as_tensor:724 - Loaded cache for /proj_sw/user_dev/ctr-apbernal/tt-metal/model_cache/meta-llama/Llama-3.3-70B-Instruct/TG/tensor_cache_instruct_bfp8/layers.57.feed_forward.w3_shardedprefetcher_dtype_BFLOAT4_B_layout_TILE.tensorbin of shape Shape([1, 1, 2048, 3584])
2026-08-29 09:16:40.362 | DEBUG    | core:as_tensor:724 - Loaded cache for /proj_sw/user_dev/ctr-apbernal/tt-metal/model_cache/meta-llama/Llama-3.3-70B-Instruct/TG/tensor_cache_instruct_bfp8/layers.57.feed_forward.w1_interleavedprefetcher_dtype_BFLOAT4_B_layout_TILE.tensorbin of shape Shape([1, 1, 2048, 3584])
2026-08-29 09:16:40.410 | DEBUG    | core:as_tensor:724 - Loaded cache for /proj_sw/user_dev/ctr-apbernal/tt-metal/model_cache/meta-llama/Llama-3.3-70B-Instruct/TG/tensor_cache_instruct_bfp8/layers.57.feed_forward.w2_interleavedprefetcher_dtype_BFLOAT8_B_layout_TILE.tensorbin of shape Shape([1, 1, 3584, 2048])
2026-08-29 09:16:40.452 | DEBUG    | core:as_tensor:724 - Loaded cache for /proj_sw/user_dev/ctr-apbernal/tt-metal/model_cache/meta-llama/Llama-3.3-70B-Instruct/TG/tensor_cache_instruct_bfp8/layers.57.feed_forward.w3_interleavedprefetcher_dtype_BFLOAT4_B_layout_TILE.tensorbin of shape Shape([1, 1, 2048, 3584])
2026-08-29 09:16:40.454 | DEBUG    | core:as_tensor:724 - Loaded cache for /proj_sw/user_dev/ctr-apbernal/tt-metal/model_cache/meta-llama/Llama-3.3-70B-Instruct/TG/tensor_cache_instruct_bfp8/layers.57.attention_norm.weight_dtype_BFLOAT16_layout_ROW_MAJOR.tensorbin of shape Shape([1, 1, 256, 32])
2026-08-29 09:16:40.455 | DEBUG    | core:as_tensor:724 - Loaded cache for /proj_sw/user_dev/ctr-apbernal/tt-metal/model_cache/meta-llama/Llama-3.3-70B-Instruct/TG/tensor_cache_instruct_bfp8/layers.57.attention_norm.weight_distributed_dtype_BFLOAT16_layout_ROW_MAJOR.tensorbin of shape Shape([1, 1, 64, 32])
2026-08-29 09:16:40.457 | DEBUG    | core:as_tensor:724 - Loaded cache for /proj_sw/user_dev/ctr-apbernal/tt-metal/model_cache/meta-llama/Llama-3.3-70B-Instruct/TG/tensor_cache_instruct_bfp8/layers.57.ffn_norm.weight_dtype_BFLOAT16_layout_ROW_MAJOR.tensorbin of shape Shape([1, 1, 256, 32])
2026-08-29 09:16:40.458 | DEBUG    | core:as_tensor:724 - Loaded cache for /proj_sw/user_dev/ctr-apbernal/tt-metal/model_cache/meta-llama/Llama-3.3-70B-Instruct/TG/tensor_cache_instruct_bfp8/layers.57.ffn_norm.weight_distributed_dtype_BFLOAT16_layout_ROW_MAJOR.tensorbin of shape Shape([1, 1, 64, 32])
 72%|███████▎  | 58/80 [00:32<00:12,  1.76it/s]2026-08-29 09:16:40.538 | DEBUG    | core:as_tensor:724 - Loaded cache for /proj_sw/user_dev/ctr-apbernal/tt-metal/model_cache/meta-llama/Llama-3.3-70B-Instruct/TG/tensor_cache_instruct_bfp8/layers.58.attention.wqkv_sharded_2d_prefetcher_dtype_BFLOAT8_B_layout_TILE.tensorbin of shape Shape([1, 1, 2048, 1280])
2026-08-29 09:16:40.578 | DEBUG    | core:as_tensor:724 - Loaded cache for /proj_sw/user_dev/ctr-apbernal/tt-metal/model_cache/meta-llama/Llama-3.3-70B-Instruct/TG/tensor_cache_instruct_bfp8/layers.58.attention.wqkv_sharded_2d_dram_dtype_BFLOAT8_B_layout_TILE.tensorbin of shape Shape([1, 1, 2048, 1280])
2026-08-29 09:16:40.617 | DEBUG    | core:as_tensor:724 - Loaded cache for /proj_sw/user_dev/ctr-apbernal/tt-metal/model_cache/meta-llama/Llama-3.3-70B-Instruct/TG/tensor_cache_instruct_bfp8/layers.58.attention.wo_width_sharded_2d_prefetcher_dtype_BFLOAT8_B_layout_TILE.tensorbin of shape Shape([1, 1, 1024, 2048])
2026-08-29 09:16:40.656 | DEBUG    | core:as_tensor:724 - Loaded cache for /proj_sw/user_dev/ctr-apbernal/tt-metal/model_cache/meta-llama/Llama-3.3-70B-Instruct/TG/tensor_cache_instruct_bfp8/layers.58.attention.wo_width_sharded_2d_dram_dtype_BFLOAT8_B_layout_TILE.tensorbin of shape Shape([1, 1, 1024, 2048])
2026-08-29 09:16:40.703 | DEBUG    | core:as_tensor:724 - Loaded cache for /proj_sw/user_dev/ctr-apbernal/tt-metal/model_cache/meta-llama/Llama-3.3-70B-Instruct/TG/tensor_cache_instruct_bfp8/layers.58.attention.wo_col_sharded_dram_dtype_BFLOAT8_B_layout_TILE.tensorbin of shape Shape([1, 1, 8192, 2048])
2026-08-29 09:16:40.718 | DEBUG    | core:as_tensor:724 - Loaded cache for /proj_sw/user_dev/ctr-apbernal/tt-metal/model_cache/meta-llama/Llama-3.3-70B-Instruct/TG/tensor_cache_instruct_bfp8/kvcache_torch.Size([2048, 1, 64, 128])_dtype_BFLOAT8_B_layout_TILE.tensorbin of shape Shape([2048, 1, 64, 128])
2026-08-29 09:16:40.726 | DEBUG    | core:as_tensor:724 - Loaded cache for /proj_sw/user_dev/ctr-apbernal/tt-metal/model_cache/meta-llama/Llama-3.3-70B-Instruct/TG/tensor_cache_instruct_bfp8/kvcache_torch.Size([2048, 1, 64, 128])_dtype_BFLOAT8_B_layout_TILE.tensorbin of shape Shape([2048, 1, 64, 128])
2026-08-29 09:16:40.793 | DEBUG    | core:as_tensor:724 - Loaded cache for /proj_sw/user_dev/ctr-apbernal/tt-metal/model_cache/meta-llama/Llama-3.3-70B-Instruct/TG/tensor_cache_instruct_bfp8/layers.58.feed_forward.w1_shardedprefetcher_dtype_BFLOAT4_B_layout_TILE.tensorbin of shape Shape([1, 1, 2048, 3584])
2026-08-29 09:16:40.842 | DEBUG    | core:as_tensor:724 - Loaded cache for /proj_sw/user_dev/ctr-apbernal/tt-metal/model_cache/meta-llama/Llama-3.3-70B-Instruct/TG/tensor_cache_instruct_bfp8/layers.58.feed_forward.w2_shardedprefetcher_dtype_BFLOAT8_B_layout_TILE.tensorbin of shape Shape([1, 1, 3584, 2048])
2026-08-29 09:16:40.885 | DEBUG    | core:as_tensor:724 - Loaded cache for /proj_sw/user_dev/ctr-apbernal/tt-metal/model_cache/meta-llama/Llama-3.3-70B-Instruct/TG/tensor_cache_instruct_bfp8/layers.58.feed_forward.w3_shardedprefetcher_dtype_BFLOAT4_B_layout_TILE.tensorbin of shape Shape([1, 1, 2048, 3584])
2026-08-29 09:16:40.927 | DEBUG    | core:as_tensor:724 - Loaded cache for /proj_sw/user_dev/ctr-apbernal/tt-metal/model_cache/meta-llama/Llama-3.3-70B-Instruct/TG/tensor_cache_instruct_bfp8/layers.58.feed_forward.w1_interleavedprefetcher_dtype_BFLOAT4_B_layout_TILE.tensorbin of shape Shape([1, 1, 2048, 3584])
2026-08-29 09:16:40.974 | DEBUG    | core:as_tensor:724 - Loaded cache for /proj_sw/user_dev/ctr-apbernal/tt-metal/model_cache/meta-llama/Llama-3.3-70B-Instruct/TG/tensor_cache_instruct_bfp8/layers.58.feed_forward.w2_interleavedprefetcher_dtype_BFLOAT8_B_layout_TILE.tensorbin of shape Shape([1, 1, 3584, 2048])
2026-08-29 09:16:41.017 | DEBUG    | core:as_tensor:724 - Loaded cache for /proj_sw/user_dev/ctr-apbernal/tt-metal/model_cache/meta-llama/Llama-3.3-70B-Instruct/TG/tensor_cache_instruct_bfp8/layers.58.feed_forward.w3_interleavedprefetcher_dtype_BFLOAT4_B_layout_TILE.tensorbin of shape Shape([1, 1, 2048, 3584])
2026-08-29 09:16:41.019 | DEBUG    | core:as_tensor:724 - Loaded cache for /proj_sw/user_dev/ctr-apbernal/tt-metal/model_cache/meta-llama/Llama-3.3-70B-Instruct/TG/tensor_cache_instruct_bfp8/layers.58.attention_norm.weight_dtype_BFLOAT16_layout_ROW_MAJOR.tensorbin of shape Shape([1, 1, 256, 32])
2026-08-29 09:16:41.021 | DEBUG    | core:as_tensor:724 - Loaded cache for /proj_sw/user_dev/ctr-apbernal/tt-metal/model_cache/meta-llama/Llama-3.3-70B-Instruct/TG/tensor_cache_instruct_bfp8/layers.58.attention_norm.weight_distributed_dtype_BFLOAT16_layout_ROW_MAJOR.tensorbin of shape Shape([1, 1, 64, 32])
2026-08-29 09:16:41.022 | DEBUG    | core:as_tensor:724 - Loaded cache for /proj_sw/user_dev/ctr-apbernal/tt-metal/model_cache/meta-llama/Llama-3.3-70B-Instruct/TG/tensor_cache_instruct_bfp8/layers.58.ffn_norm.weight_dtype_BFLOAT16_layout_ROW_MAJOR.tensorbin of shape Shape([1, 1, 256, 32])
2026-08-29 09:16:41.024 | DEBUG    | core:as_tensor:724 - Loaded cache for /proj_sw/user_dev/ctr-apbernal/tt-metal/model_cache/meta-llama/Llama-3.3-70B-Instruct/TG/tensor_cache_instruct_bfp8/layers.58.ffn_norm.weight_distributed_dtype_BFLOAT16_layout_ROW_MAJOR.tensorbin of shape Shape([1, 1, 64, 32])
 74%|███████▍  | 59/80 [00:33<00:11,  1.76it/s]2026-08-29 09:16:41.103 | DEBUG    | core:as_tensor:724 - Loaded cache for /proj_sw/user_dev/ctr-apbernal/tt-metal/model_cache/meta-llama/Llama-3.3-70B-Instruct/TG/tensor_cache_instruct_bfp8/layers.59.attention.wqkv_sharded_2d_prefetcher_dtype_BFLOAT8_B_layout_TILE.tensorbin of shape Shape([1, 1, 2048, 1280])
2026-08-29 09:16:41.150 | DEBUG    | core:as_tensor:724 - Loaded cache for /proj_sw/user_dev/ctr-apbernal/tt-metal/model_cache/meta-llama/Llama-3.3-70B-Instruct/TG/tensor_cache_instruct_bfp8/layers.59.attention.wqkv_sharded_2d_dram_dtype_BFLOAT8_B_layout_TILE.tensorbin of shape Shape([1, 1, 2048, 1280])
2026-08-29 09:16:41.190 | DEBUG    | core:as_tensor:724 - Loaded cache for /proj_sw/user_dev/ctr-apbernal/tt-metal/model_cache/meta-llama/Llama-3.3-70B-Instruct/TG/tensor_cache_instruct_bfp8/layers.59.attention.wo_width_sharded_2d_prefetcher_dtype_BFLOAT8_B_layout_TILE.tensorbin of shape Shape([1, 1, 1024, 2048])
2026-08-29 09:16:41.228 | DEBUG    | core:as_tensor:724 - Loaded cache for /proj_sw/user_dev/ctr-apbernal/tt-metal/model_cache/meta-llama/Llama-3.3-70B-Instruct/TG/tensor_cache_instruct_bfp8/layers.59.attention.wo_width_sharded_2d_dram_dtype_BFLOAT8_B_layout_TILE.tensorbin of shape Shape([1, 1, 1024, 2048])
2026-08-29 09:16:41.274 | DEBUG    | core:as_tensor:724 - Loaded cache for /proj_sw/user_dev/ctr-apbernal/tt-metal/model_cache/meta-llama/Llama-3.3-70B-Instruct/TG/tensor_cache_instruct_bfp8/layers.59.attention.wo_col_sharded_dram_dtype_BFLOAT8_B_layout_TILE.tensorbin of shape Shape([1, 1, 8192, 2048])
2026-08-29 09:16:41.289 | DEBUG    | core:as_tensor:724 - Loaded cache for /proj_sw/user_dev/ctr-apbernal/tt-metal/model_cache/meta-llama/Llama-3.3-70B-Instruct/TG/tensor_cache_instruct_bfp8/kvcache_torch.Size([2048, 1, 64, 128])_dtype_BFLOAT8_B_layout_TILE.tensorbin of shape Shape([2048, 1, 64, 128])
2026-08-29 09:16:41.297 | DEBUG    | core:as_tensor:724 - Loaded cache for /proj_sw/user_dev/ctr-apbernal/tt-metal/model_cache/meta-llama/Llama-3.3-70B-Instruct/TG/tensor_cache_instruct_bfp8/kvcache_torch.Size([2048, 1, 64, 128])_dtype_BFLOAT8_B_layout_TILE.tensorbin of shape Shape([2048, 1, 64, 128])
2026-08-29 09:16:41.364 | DEBUG    | core:as_tensor:724 - Loaded cache for /proj_sw/user_dev/ctr-apbernal/tt-metal/model_cache/meta-llama/Llama-3.3-70B-Instruct/TG/tensor_cache_instruct_bfp8/layers.59.feed_forward.w1_shardedprefetcher_dtype_BFLOAT4_B_layout_TILE.tensorbin of shape Shape([1, 1, 2048, 3584])
2026-08-29 09:16:41.413 | DEBUG    | core:as_tensor:724 - Loaded cache for /proj_sw/user_dev/ctr-apbernal/tt-metal/model_cache/meta-llama/Llama-3.3-70B-Instruct/TG/tensor_cache_instruct_bfp8/layers.59.feed_forward.w2_shardedprefetcher_dtype_BFLOAT8_B_layout_TILE.tensorbin of shape Shape([1, 1, 3584, 2048])
2026-08-29 09:16:41.456 | DEBUG    | core:as_tensor:724 - Loaded cache for /proj_sw/user_dev/ctr-apbernal/tt-metal/model_cache/meta-llama/Llama-3.3-70B-Instruct/TG/tensor_cache_instruct_bfp8/layers.59.feed_forward.w3_shardedprefetcher_dtype_BFLOAT4_B_layout_TILE.tensorbin of shape Shape([1, 1, 2048, 3584])
2026-08-29 09:16:41.498 | DEBUG    | core:as_tensor:724 - Loaded cache for /proj_sw/user_dev/ctr-apbernal/tt-metal/model_cache/meta-llama/Llama-3.3-70B-Instruct/TG/tensor_cache_instruct_bfp8/layers.59.feed_forward.w1_interleavedprefetcher_dtype_BFLOAT4_B_layout_TILE.tensorbin of shape Shape([1, 1, 2048, 3584])
2026-08-29 09:16:41.545 | DEBUG    | core:as_tensor:724 - Loaded cache for /proj_sw/user_dev/ctr-apbernal/tt-metal/model_cache/meta-llama/Llama-3.3-70B-Instruct/TG/tensor_cache_instruct_bfp8/layers.59.feed_forward.w2_interleavedprefetcher_dtype_BFLOAT8_B_layout_TILE.tensorbin of shape Shape([1, 1, 3584, 2048])
2026-08-29 09:16:41.588 | DEBUG    | core:as_tensor:724 - Loaded cache for /proj_sw/user_dev/ctr-apbernal/tt-metal/model_cache/meta-llama/Llama-3.3-70B-Instruct/TG/tensor_cache_instruct_bfp8/layers.59.feed_forward.w3_interleavedprefetcher_dtype_BFLOAT4_B_layout_TILE.tensorbin of shape Shape([1, 1, 2048, 3584])
2026-08-29 09:16:41.590 | DEBUG    | core:as_tensor:724 - Loaded cache for /proj_sw/user_dev/ctr-apbernal/tt-metal/model_cache/meta-llama/Llama-3.3-70B-Instruct/TG/tensor_cache_instruct_bfp8/layers.59.attention_norm.weight_dtype_BFLOAT16_layout_ROW_MAJOR.tensorbin of shape Shape([1, 1, 256, 32])
2026-08-29 09:16:41.592 | DEBUG    | core:as_tensor:724 - Loaded cache for /proj_sw/user_dev/ctr-apbernal/tt-metal/model_cache/meta-llama/Llama-3.3-70B-Instruct/TG/tensor_cache_instruct_bfp8/layers.59.attention_norm.weight_distributed_dtype_BFLOAT16_layout_ROW_MAJOR.tensorbin of shape Shape([1, 1, 64, 32])
2026-08-29 09:16:41.594 | DEBUG    | core:as_tensor:724 - Loaded cache for /proj_sw/user_dev/ctr-apbernal/tt-metal/model_cache/meta-llama/Llama-3.3-70B-Instruct/TG/tensor_cache_instruct_bfp8/layers.59.ffn_norm.weight_dtype_BFLOAT16_layout_ROW_MAJOR.tensorbin of shape Shape([1, 1, 256, 32])
2026-08-29 09:16:41.597 | DEBUG    | core:as_tensor:724 - Loaded cache for /proj_sw/user_dev/ctr-apbernal/tt-metal/model_cache/meta-llama/Llama-3.3-70B-Instruct/TG/tensor_cache_instruct_bfp8/layers.59.ffn_norm.weight_distributed_dtype_BFLOAT16_layout_ROW_MAJOR.tensorbin of shape Shape([1, 1, 64, 32])
 75%|███████▌  | 60/80 [00:34<00:11,  1.76it/s]2026-08-29 09:16:41.674 | DEBUG    | core:as_tensor:724 - Loaded cache for /proj_sw/user_dev/ctr-apbernal/tt-metal/model_cache/meta-llama/Llama-3.3-70B-Instruct/TG/tensor_cache_instruct_bfp8/layers.60.attention.wqkv_sharded_2d_prefetcher_dtype_BFLOAT8_B_layout_TILE.tensorbin of shape Shape([1, 1, 2048, 1280])
2026-08-29 09:16:41.716 | DEBUG    | core:as_tensor:724 - Loaded cache for /proj_sw/user_dev/ctr-apbernal/tt-metal/model_cache/meta-llama/Llama-3.3-70B-Instruct/TG/tensor_cache_instruct_bfp8/layers.60.attention.wqkv_sharded_2d_dram_dtype_BFLOAT8_B_layout_TILE.tensorbin of shape Shape([1, 1, 2048, 1280])
2026-08-29 09:16:41.755 | DEBUG    | core:as_tensor:724 - Loaded cache for /proj_sw/user_dev/ctr-apbernal/tt-metal/model_cache/meta-llama/Llama-3.3-70B-Instruct/TG/tensor_cache_instruct_bfp8/layers.60.attention.wo_width_sharded_2d_prefetcher_dtype_BFLOAT8_B_layout_TILE.tensorbin of shape Shape([1, 1, 1024, 2048])
2026-08-29 09:16:41.795 | DEBUG    | core:as_tensor:724 - Loaded cache for /proj_sw/user_dev/ctr-apbernal/tt-metal/model_cache/meta-llama/Llama-3.3-70B-Instruct/TG/tensor_cache_instruct_bfp8/layers.60.attention.wo_width_sharded_2d_dram_dtype_BFLOAT8_B_layout_TILE.tensorbin of shape Shape([1, 1, 1024, 2048])
2026-08-29 09:16:41.842 | DEBUG    | core:as_tensor:724 - Loaded cache for /proj_sw/user_dev/ctr-apbernal/tt-metal/model_cache/meta-llama/Llama-3.3-70B-Instruct/TG/tensor_cache_instruct_bfp8/layers.60.attention.wo_col_sharded_dram_dtype_BFLOAT8_B_layout_TILE.tensorbin of shape Shape([1, 1, 8192, 2048])
2026-08-29 09:16:41.857 | DEBUG    | core:as_tensor:724 - Loaded cache for /proj_sw/user_dev/ctr-apbernal/tt-metal/model_cache/meta-llama/Llama-3.3-70B-Instruct/TG/tensor_cache_instruct_bfp8/kvcache_torch.Size([2048, 1, 64, 128])_dtype_BFLOAT8_B_layout_TILE.tensorbin of shape Shape([2048, 1, 64, 128])
2026-08-29 09:16:41.866 | DEBUG    | core:as_tensor:724 - Loaded cache for /proj_sw/user_dev/ctr-apbernal/tt-metal/model_cache/meta-llama/Llama-3.3-70B-Instruct/TG/tensor_cache_instruct_bfp8/kvcache_torch.Size([2048, 1, 64, 128])_dtype_BFLOAT8_B_layout_TILE.tensorbin of shape Shape([2048, 1, 64, 128])
2026-08-29 09:16:41.932 | DEBUG    | core:as_tensor:724 - Loaded cache for /proj_sw/user_dev/ctr-apbernal/tt-metal/model_cache/meta-llama/Llama-3.3-70B-Instruct/TG/tensor_cache_instruct_bfp8/layers.60.feed_forward.w1_shardedprefetcher_dtype_BFLOAT4_B_layout_TILE.tensorbin of shape Shape([1, 1, 2048, 3584])
2026-08-29 09:16:41.981 | DEBUG    | core:as_tensor:724 - Loaded cache for /proj_sw/user_dev/ctr-apbernal/tt-metal/model_cache/meta-llama/Llama-3.3-70B-Instruct/TG/tensor_cache_instruct_bfp8/layers.60.feed_forward.w2_shardedprefetcher_dtype_BFLOAT8_B_layout_TILE.tensorbin of shape Shape([1, 1, 3584, 2048])
2026-08-29 09:16:42.023 | DEBUG    | core:as_tensor:724 - Loaded cache for /proj_sw/user_dev/ctr-apbernal/tt-metal/model_cache/meta-llama/Llama-3.3-70B-Instruct/TG/tensor_cache_instruct_bfp8/layers.60.feed_forward.w3_shardedprefetcher_dtype_BFLOAT4_B_layout_TILE.tensorbin of shape Shape([1, 1, 2048, 3584])
2026-08-29 09:16:42.065 | DEBUG    | core:as_tensor:724 - Loaded cache for /proj_sw/user_dev/ctr-apbernal/tt-metal/model_cache/meta-llama/Llama-3.3-70B-Instruct/TG/tensor_cache_instruct_bfp8/layers.60.feed_forward.w1_interleavedprefetcher_dtype_BFLOAT4_B_layout_TILE.tensorbin of shape Shape([1, 1, 2048, 3584])
2026-08-29 09:16:42.114 | DEBUG    | core:as_tensor:724 - Loaded cache for /proj_sw/user_dev/ctr-apbernal/tt-metal/model_cache/meta-llama/Llama-3.3-70B-Instruct/TG/tensor_cache_instruct_bfp8/layers.60.feed_forward.w2_interleavedprefetcher_dtype_BFLOAT8_B_layout_TILE.tensorbin of shape Shape([1, 1, 3584, 2048])
2026-08-29 09:16:42.158 | DEBUG    | core:as_tensor:724 - Loaded cache for /proj_sw/user_dev/ctr-apbernal/tt-metal/model_cache/meta-llama/Llama-3.3-70B-Instruct/TG/tensor_cache_instruct_bfp8/layers.60.feed_forward.w3_interleavedprefetcher_dtype_BFLOAT4_B_layout_TILE.tensorbin of shape Shape([1, 1, 2048, 3584])
2026-08-29 09:16:42.161 | DEBUG    | core:as_tensor:724 - Loaded cache for /proj_sw/user_dev/ctr-apbernal/tt-metal/model_cache/meta-llama/Llama-3.3-70B-Instruct/TG/tensor_cache_instruct_bfp8/layers.60.attention_norm.weight_dtype_BFLOAT16_layout_ROW_MAJOR.tensorbin of shape Shape([1, 1, 256, 32])
2026-08-29 09:16:42.162 | DEBUG    | core:as_tensor:724 - Loaded cache for /proj_sw/user_dev/ctr-apbernal/tt-metal/model_cache/meta-llama/Llama-3.3-70B-Instruct/TG/tensor_cache_instruct_bfp8/layers.60.attention_norm.weight_distributed_dtype_BFLOAT16_layout_ROW_MAJOR.tensorbin of shape Shape([1, 1, 64, 32])
2026-08-29 09:16:42.165 | DEBUG    | core:as_tensor:724 - Loaded cache for /proj_sw/user_dev/ctr-apbernal/tt-metal/model_cache/meta-llama/Llama-3.3-70B-Instruct/TG/tensor_cache_instruct_bfp8/layers.60.ffn_norm.weight_dtype_BFLOAT16_layout_ROW_MAJOR.tensorbin of shape Shape([1, 1, 256, 32])
2026-08-29 09:16:42.166 | DEBUG    | core:as_tensor:724 - Loaded cache for /proj_sw/user_dev/ctr-apbernal/tt-metal/model_cache/meta-llama/Llama-3.3-70B-Instruct/TG/tensor_cache_instruct_bfp8/layers.60.ffn_norm.weight_distributed_dtype_BFLOAT16_layout_ROW_MAJOR.tensorbin of shape Shape([1, 1, 64, 32])
 76%|███████▋  | 61/80 [00:34<00:10,  1.76it/s]2026-08-29 09:16:42.255 | DEBUG    | core:as_tensor:724 - Loaded cache for /proj_sw/user_dev/ctr-apbernal/tt-metal/model_cache/meta-llama/Llama-3.3-70B-Instruct/TG/tensor_cache_instruct_bfp8/layers.61.attention.wqkv_sharded_2d_prefetcher_dtype_BFLOAT8_B_layout_TILE.tensorbin of shape Shape([1, 1, 2048, 1280])
2026-08-29 09:16:42.295 | DEBUG    | core:as_tensor:724 - Loaded cache for /proj_sw/user_dev/ctr-apbernal/tt-metal/model_cache/meta-llama/Llama-3.3-70B-Instruct/TG/tensor_cache_instruct_bfp8/layers.61.attention.wqkv_sharded_2d_dram_dtype_BFLOAT8_B_layout_TILE.tensorbin of shape Shape([1, 1, 2048, 1280])
2026-08-29 09:16:42.334 | DEBUG    | core:as_tensor:724 - Loaded cache for /proj_sw/user_dev/ctr-apbernal/tt-metal/model_cache/meta-llama/Llama-3.3-70B-Instruct/TG/tensor_cache_instruct_bfp8/layers.61.attention.wo_width_sharded_2d_prefetcher_dtype_BFLOAT8_B_layout_TILE.tensorbin of shape Shape([1, 1, 1024, 2048])
2026-08-29 09:16:42.375 | DEBUG    | core:as_tensor:724 - Loaded cache for /proj_sw/user_dev/ctr-apbernal/tt-metal/model_cache/meta-llama/Llama-3.3-70B-Instruct/TG/tensor_cache_instruct_bfp8/layers.61.attention.wo_width_sharded_2d_dram_dtype_BFLOAT8_B_layout_TILE.tensorbin of shape Shape([1, 1, 1024, 2048])
2026-08-29 09:16:42.421 | DEBUG    | core:as_tensor:724 - Loaded cache for /proj_sw/user_dev/ctr-apbernal/tt-metal/model_cache/meta-llama/Llama-3.3-70B-Instruct/TG/tensor_cache_instruct_bfp8/layers.61.attention.wo_col_sharded_dram_dtype_BFLOAT8_B_layout_TILE.tensorbin of shape Shape([1, 1, 8192, 2048])
2026-08-29 09:16:42.435 | DEBUG    | core:as_tensor:724 - Loaded cache for /proj_sw/user_dev/ctr-apbernal/tt-metal/model_cache/meta-llama/Llama-3.3-70B-Instruct/TG/tensor_cache_instruct_bfp8/kvcache_torch.Size([2048, 1, 64, 128])_dtype_BFLOAT8_B_layout_TILE.tensorbin of shape Shape([2048, 1, 64, 128])
2026-08-29 09:16:42.444 | DEBUG    | core:as_tensor:724 - Loaded cache for /proj_sw/user_dev/ctr-apbernal/tt-metal/model_cache/meta-llama/Llama-3.3-70B-Instruct/TG/tensor_cache_instruct_bfp8/kvcache_torch.Size([2048, 1, 64, 128])_dtype_BFLOAT8_B_layout_TILE.tensorbin of shape Shape([2048, 1, 64, 128])
2026-08-29 09:16:42.512 | DEBUG    | core:as_tensor:724 - Loaded cache for /proj_sw/user_dev/ctr-apbernal/tt-metal/model_cache/meta-llama/Llama-3.3-70B-Instruct/TG/tensor_cache_instruct_bfp8/layers.61.feed_forward.w1_shardedprefetcher_dtype_BFLOAT4_B_layout_TILE.tensorbin of shape Shape([1, 1, 2048, 3584])
2026-08-29 09:16:42.560 | DEBUG    | core:as_tensor:724 - Loaded cache for /proj_sw/user_dev/ctr-apbernal/tt-metal/model_cache/meta-llama/Llama-3.3-70B-Instruct/TG/tensor_cache_instruct_bfp8/layers.61.feed_forward.w2_shardedprefetcher_dtype_BFLOAT8_B_layout_TILE.tensorbin of shape Shape([1, 1, 3584, 2048])
2026-08-29 09:16:42.603 | DEBUG    | core:as_tensor:724 - Loaded cache for /proj_sw/user_dev/ctr-apbernal/tt-metal/model_cache/meta-llama/Llama-3.3-70B-Instruct/TG/tensor_cache_instruct_bfp8/layers.61.feed_forward.w3_shardedprefetcher_dtype_BFLOAT4_B_layout_TILE.tensorbin of shape Shape([1, 1, 2048, 3584])
2026-08-29 09:16:42.647 | DEBUG    | core:as_tensor:724 - Loaded cache for /proj_sw/user_dev/ctr-apbernal/tt-metal/model_cache/meta-llama/Llama-3.3-70B-Instruct/TG/tensor_cache_instruct_bfp8/layers.61.feed_forward.w1_interleavedprefetcher_dtype_BFLOAT4_B_layout_TILE.tensorbin of shape Shape([1, 1, 2048, 3584])
2026-08-29 09:16:42.697 | DEBUG    | core:as_tensor:724 - Loaded cache for /proj_sw/user_dev/ctr-apbernal/tt-metal/model_cache/meta-llama/Llama-3.3-70B-Instruct/TG/tensor_cache_instruct_bfp8/layers.61.feed_forward.w2_interleavedprefetcher_dtype_BFLOAT8_B_layout_TILE.tensorbin of shape Shape([1, 1, 3584, 2048])
2026-08-29 09:16:42.740 | DEBUG    | core:as_tensor:724 - Loaded cache for /proj_sw/user_dev/ctr-apbernal/tt-metal/model_cache/meta-llama/Llama-3.3-70B-Instruct/TG/tensor_cache_instruct_bfp8/layers.61.feed_forward.w3_interleavedprefetcher_dtype_BFLOAT4_B_layout_TILE.tensorbin of shape Shape([1, 1, 2048, 3584])
2026-08-29 09:16:42.743 | DEBUG    | core:as_tensor:724 - Loaded cache for /proj_sw/user_dev/ctr-apbernal/tt-metal/model_cache/meta-llama/Llama-3.3-70B-Instruct/TG/tensor_cache_instruct_bfp8/layers.61.attention_norm.weight_dtype_BFLOAT16_layout_ROW_MAJOR.tensorbin of shape Shape([1, 1, 256, 32])
2026-08-29 09:16:42.745 | DEBUG    | core:as_tensor:724 - Loaded cache for /proj_sw/user_dev/ctr-apbernal/tt-metal/model_cache/meta-llama/Llama-3.3-70B-Instruct/TG/tensor_cache_instruct_bfp8/layers.61.attention_norm.weight_distributed_dtype_BFLOAT16_layout_ROW_MAJOR.tensorbin of shape Shape([1, 1, 64, 32])
2026-08-29 09:16:42.747 | DEBUG    | core:as_tensor:724 - Loaded cache for /proj_sw/user_dev/ctr-apbernal/tt-metal/model_cache/meta-llama/Llama-3.3-70B-Instruct/TG/tensor_cache_instruct_bfp8/layers.61.ffn_norm.weight_dtype_BFLOAT16_layout_ROW_MAJOR.tensorbin of shape Shape([1, 1, 256, 32])
2026-08-29 09:16:42.748 | DEBUG    | core:as_tensor:724 - Loaded cache for /proj_sw/user_dev/ctr-apbernal/tt-metal/model_cache/meta-llama/Llama-3.3-70B-Instruct/TG/tensor_cache_instruct_bfp8/layers.61.ffn_norm.weight_distributed_dtype_BFLOAT16_layout_ROW_MAJOR.tensorbin of shape Shape([1, 1, 64, 32])
 78%|███████▊  | 62/80 [00:35<00:10,  1.74it/s]2026-08-29 09:16:42.831 | DEBUG    | core:as_tensor:724 - Loaded cache for /proj_sw/user_dev/ctr-apbernal/tt-metal/model_cache/meta-llama/Llama-3.3-70B-Instruct/TG/tensor_cache_instruct_bfp8/layers.62.attention.wqkv_sharded_2d_prefetcher_dtype_BFLOAT8_B_layout_TILE.tensorbin of shape Shape([1, 1, 2048, 1280])
2026-08-29 09:16:42.871 | DEBUG    | core:as_tensor:724 - Loaded cache for /proj_sw/user_dev/ctr-apbernal/tt-metal/model_cache/meta-llama/Llama-3.3-70B-Instruct/TG/tensor_cache_instruct_bfp8/layers.62.attention.wqkv_sharded_2d_dram_dtype_BFLOAT8_B_layout_TILE.tensorbin of shape Shape([1, 1, 2048, 1280])
2026-08-29 09:16:42.910 | DEBUG    | core:as_tensor:724 - Loaded cache for /proj_sw/user_dev/ctr-apbernal/tt-metal/model_cache/meta-llama/Llama-3.3-70B-Instruct/TG/tensor_cache_instruct_bfp8/layers.62.attention.wo_width_sharded_2d_prefetcher_dtype_BFLOAT8_B_layout_TILE.tensorbin of shape Shape([1, 1, 1024, 2048])
2026-08-29 09:16:42.949 | DEBUG    | core:as_tensor:724 - Loaded cache for /proj_sw/user_dev/ctr-apbernal/tt-metal/model_cache/meta-llama/Llama-3.3-70B-Instruct/TG/tensor_cache_instruct_bfp8/layers.62.attention.wo_width_sharded_2d_dram_dtype_BFLOAT8_B_layout_TILE.tensorbin of shape Shape([1, 1, 1024, 2048])
2026-08-29 09:16:42.996 | DEBUG    | core:as_tensor:724 - Loaded cache for /proj_sw/user_dev/ctr-apbernal/tt-metal/model_cache/meta-llama/Llama-3.3-70B-Instruct/TG/tensor_cache_instruct_bfp8/layers.62.attention.wo_col_sharded_dram_dtype_BFLOAT8_B_layout_TILE.tensorbin of shape Shape([1, 1, 8192, 2048])
2026-08-29 09:16:43.012 | DEBUG    | core:as_tensor:724 - Loaded cache for /proj_sw/user_dev/ctr-apbernal/tt-metal/model_cache/meta-llama/Llama-3.3-70B-Instruct/TG/tensor_cache_instruct_bfp8/kvcache_torch.Size([2048, 1, 64, 128])_dtype_BFLOAT8_B_layout_TILE.tensorbin of shape Shape([2048, 1, 64, 128])
2026-08-29 09:16:43.020 | DEBUG    | core:as_tensor:724 - Loaded cache for /proj_sw/user_dev/ctr-apbernal/tt-metal/model_cache/meta-llama/Llama-3.3-70B-Instruct/TG/tensor_cache_instruct_bfp8/kvcache_torch.Size([2048, 1, 64, 128])_dtype_BFLOAT8_B_layout_TILE.tensorbin of shape Shape([2048, 1, 64, 128])
2026-08-29 09:16:43.088 | DEBUG    | core:as_tensor:724 - Loaded cache for /proj_sw/user_dev/ctr-apbernal/tt-metal/model_cache/meta-llama/Llama-3.3-70B-Instruct/TG/tensor_cache_instruct_bfp8/layers.62.feed_forward.w1_shardedprefetcher_dtype_BFLOAT4_B_layout_TILE.tensorbin of shape Shape([1, 1, 2048, 3584])
2026-08-29 09:16:43.135 | DEBUG    | core:as_tensor:724 - Loaded cache for /proj_sw/user_dev/ctr-apbernal/tt-metal/model_cache/meta-llama/Llama-3.3-70B-Instruct/TG/tensor_cache_instruct_bfp8/layers.62.feed_forward.w2_shardedprefetcher_dtype_BFLOAT8_B_layout_TILE.tensorbin of shape Shape([1, 1, 3584, 2048])
2026-08-29 09:16:43.181 | DEBUG    | core:as_tensor:724 - Loaded cache for /proj_sw/user_dev/ctr-apbernal/tt-metal/model_cache/meta-llama/Llama-3.3-70B-Instruct/TG/tensor_cache_instruct_bfp8/layers.62.feed_forward.w3_shardedprefetcher_dtype_BFLOAT4_B_layout_TILE.tensorbin of shape Shape([1, 1, 2048, 3584])
2026-08-29 09:16:43.223 | DEBUG    | core:as_tensor:724 - Loaded cache for /proj_sw/user_dev/ctr-apbernal/tt-metal/model_cache/meta-llama/Llama-3.3-70B-Instruct/TG/tensor_cache_instruct_bfp8/layers.62.feed_forward.w1_interleavedprefetcher_dtype_BFLOAT4_B_layout_TILE.tensorbin of shape Shape([1, 1, 2048, 3584])
2026-08-29 09:16:43.271 | DEBUG    | core:as_tensor:724 - Loaded cache for /proj_sw/user_dev/ctr-apbernal/tt-metal/model_cache/meta-llama/Llama-3.3-70B-Instruct/TG/tensor_cache_instruct_bfp8/layers.62.feed_forward.w2_interleavedprefetcher_dtype_BFLOAT8_B_layout_TILE.tensorbin of shape Shape([1, 1, 3584, 2048])
2026-08-29 09:16:43.313 | DEBUG    | core:as_tensor:724 - Loaded cache for /proj_sw/user_dev/ctr-apbernal/tt-metal/model_cache/meta-llama/Llama-3.3-70B-Instruct/TG/tensor_cache_instruct_bfp8/layers.62.feed_forward.w3_interleavedprefetcher_dtype_BFLOAT4_B_layout_TILE.tensorbin of shape Shape([1, 1, 2048, 3584])
2026-08-29 09:16:43.315 | DEBUG    | core:as_tensor:724 - Loaded cache for /proj_sw/user_dev/ctr-apbernal/tt-metal/model_cache/meta-llama/Llama-3.3-70B-Instruct/TG/tensor_cache_instruct_bfp8/layers.62.attention_norm.weight_dtype_BFLOAT16_layout_ROW_MAJOR.tensorbin of shape Shape([1, 1, 256, 32])
2026-08-29 09:16:43.317 | DEBUG    | core:as_tensor:724 - Loaded cache for /proj_sw/user_dev/ctr-apbernal/tt-metal/model_cache/meta-llama/Llama-3.3-70B-Instruct/TG/tensor_cache_instruct_bfp8/layers.62.attention_norm.weight_distributed_dtype_BFLOAT16_layout_ROW_MAJOR.tensorbin of shape Shape([1, 1, 64, 32])
2026-08-29 09:16:43.319 | DEBUG    | core:as_tensor:724 - Loaded cache for /proj_sw/user_dev/ctr-apbernal/tt-metal/model_cache/meta-llama/Llama-3.3-70B-Instruct/TG/tensor_cache_instruct_bfp8/layers.62.ffn_norm.weight_dtype_BFLOAT16_layout_ROW_MAJOR.tensorbin of shape Shape([1, 1, 256, 32])
2026-08-29 09:16:43.320 | DEBUG    | core:as_tensor:724 - Loaded cache for /proj_sw/user_dev/ctr-apbernal/tt-metal/model_cache/meta-llama/Llama-3.3-70B-Instruct/TG/tensor_cache_instruct_bfp8/layers.62.ffn_norm.weight_distributed_dtype_BFLOAT16_layout_ROW_MAJOR.tensorbin of shape Shape([1, 1, 64, 32])
 79%|███████▉  | 63/80 [00:35<00:09,  1.75it/s]2026-08-29 09:16:43.400 | DEBUG    | core:as_tensor:724 - Loaded cache for /proj_sw/user_dev/ctr-apbernal/tt-metal/model_cache/meta-llama/Llama-3.3-70B-Instruct/TG/tensor_cache_instruct_bfp8/layers.63.attention.wqkv_sharded_2d_prefetcher_dtype_BFLOAT8_B_layout_TILE.tensorbin of shape Shape([1, 1, 2048, 1280])
2026-08-29 09:16:43.440 | DEBUG    | core:as_tensor:724 - Loaded cache for /proj_sw/user_dev/ctr-apbernal/tt-metal/model_cache/meta-llama/Llama-3.3-70B-Instruct/TG/tensor_cache_instruct_bfp8/layers.63.attention.wqkv_sharded_2d_dram_dtype_BFLOAT8_B_layout_TILE.tensorbin of shape Shape([1, 1, 2048, 1280])
2026-08-29 09:16:43.479 | DEBUG    | core:as_tensor:724 - Loaded cache for /proj_sw/user_dev/ctr-apbernal/tt-metal/model_cache/meta-llama/Llama-3.3-70B-Instruct/TG/tensor_cache_instruct_bfp8/layers.63.attention.wo_width_sharded_2d_prefetcher_dtype_BFLOAT8_B_layout_TILE.tensorbin of shape Shape([1, 1, 1024, 2048])
2026-08-29 09:16:43.518 | DEBUG    | core:as_tensor:724 - Loaded cache for /proj_sw/user_dev/ctr-apbernal/tt-metal/model_cache/meta-llama/Llama-3.3-70B-Instruct/TG/tensor_cache_instruct_bfp8/layers.63.attention.wo_width_sharded_2d_dram_dtype_BFLOAT8_B_layout_TILE.tensorbin of shape Shape([1, 1, 1024, 2048])
2026-08-29 09:16:43.564 | DEBUG    | core:as_tensor:724 - Loaded cache for /proj_sw/user_dev/ctr-apbernal/tt-metal/model_cache/meta-llama/Llama-3.3-70B-Instruct/TG/tensor_cache_instruct_bfp8/layers.63.attention.wo_col_sharded_dram_dtype_BFLOAT8_B_layout_TILE.tensorbin of shape Shape([1, 1, 8192, 2048])
2026-08-29 09:16:43.579 | DEBUG    | core:as_tensor:724 - Loaded cache for /proj_sw/user_dev/ctr-apbernal/tt-metal/model_cache/meta-llama/Llama-3.3-70B-Instruct/TG/tensor_cache_instruct_bfp8/kvcache_torch.Size([2048, 1, 64, 128])_dtype_BFLOAT8_B_layout_TILE.tensorbin of shape Shape([2048, 1, 64, 128])
2026-08-29 09:16:43.587 | DEBUG    | core:as_tensor:724 - Loaded cache for /proj_sw/user_dev/ctr-apbernal/tt-metal/model_cache/meta-llama/Llama-3.3-70B-Instruct/TG/tensor_cache_instruct_bfp8/kvcache_torch.Size([2048, 1, 64, 128])_dtype_BFLOAT8_B_layout_TILE.tensorbin of shape Shape([2048, 1, 64, 128])
2026-08-29 09:16:43.652 | DEBUG    | core:as_tensor:724 - Loaded cache for /proj_sw/user_dev/ctr-apbernal/tt-metal/model_cache/meta-llama/Llama-3.3-70B-Instruct/TG/tensor_cache_instruct_bfp8/layers.63.feed_forward.w1_shardedprefetcher_dtype_BFLOAT4_B_layout_TILE.tensorbin of shape Shape([1, 1, 2048, 3584])
2026-08-29 09:16:43.700 | DEBUG    | core:as_tensor:724 - Loaded cache for /proj_sw/user_dev/ctr-apbernal/tt-metal/model_cache/meta-llama/Llama-3.3-70B-Instruct/TG/tensor_cache_instruct_bfp8/layers.63.feed_forward.w2_shardedprefetcher_dtype_BFLOAT8_B_layout_TILE.tensorbin of shape Shape([1, 1, 3584, 2048])
2026-08-29 09:16:43.742 | DEBUG    | core:as_tensor:724 - Loaded cache for /proj_sw/user_dev/ctr-apbernal/tt-metal/model_cache/meta-llama/Llama-3.3-70B-Instruct/TG/tensor_cache_instruct_bfp8/layers.63.feed_forward.w3_shardedprefetcher_dtype_BFLOAT4_B_layout_TILE.tensorbin of shape Shape([1, 1, 2048, 3584])
2026-08-29 09:16:43.784 | DEBUG    | core:as_tensor:724 - Loaded cache for /proj_sw/user_dev/ctr-apbernal/tt-metal/model_cache/meta-llama/Llama-3.3-70B-Instruct/TG/tensor_cache_instruct_bfp8/layers.63.feed_forward.w1_interleavedprefetcher_dtype_BFLOAT4_B_layout_TILE.tensorbin of shape Shape([1, 1, 2048, 3584])
2026-08-29 09:16:43.832 | DEBUG    | core:as_tensor:724 - Loaded cache for /proj_sw/user_dev/ctr-apbernal/tt-metal/model_cache/meta-llama/Llama-3.3-70B-Instruct/TG/tensor_cache_instruct_bfp8/layers.63.feed_forward.w2_interleavedprefetcher_dtype_BFLOAT8_B_layout_TILE.tensorbin of shape Shape([1, 1, 3584, 2048])
2026-08-29 09:16:43.874 | DEBUG    | core:as_tensor:724 - Loaded cache for /proj_sw/user_dev/ctr-apbernal/tt-metal/model_cache/meta-llama/Llama-3.3-70B-Instruct/TG/tensor_cache_instruct_bfp8/layers.63.feed_forward.w3_interleavedprefetcher_dtype_BFLOAT4_B_layout_TILE.tensorbin of shape Shape([1, 1, 2048, 3584])
2026-08-29 09:16:43.876 | DEBUG    | core:as_tensor:724 - Loaded cache for /proj_sw/user_dev/ctr-apbernal/tt-metal/model_cache/meta-llama/Llama-3.3-70B-Instruct/TG/tensor_cache_instruct_bfp8/layers.63.attention_norm.weight_dtype_BFLOAT16_layout_ROW_MAJOR.tensorbin of shape Shape([1, 1, 256, 32])
2026-08-29 09:16:43.878 | DEBUG    | core:as_tensor:724 - Loaded cache for /proj_sw/user_dev/ctr-apbernal/tt-metal/model_cache/meta-llama/Llama-3.3-70B-Instruct/TG/tensor_cache_instruct_bfp8/layers.63.attention_norm.weight_distributed_dtype_BFLOAT16_layout_ROW_MAJOR.tensorbin of shape Shape([1, 1, 64, 32])
2026-08-29 09:16:43.880 | DEBUG    | core:as_tensor:724 - Loaded cache for /proj_sw/user_dev/ctr-apbernal/tt-metal/model_cache/meta-llama/Llama-3.3-70B-Instruct/TG/tensor_cache_instruct_bfp8/layers.63.ffn_norm.weight_dtype_BFLOAT16_layout_ROW_MAJOR.tensorbin of shape Shape([1, 1, 256, 32])
2026-08-29 09:16:43.882 | DEBUG    | core:as_tensor:724 - Loaded cache for /proj_sw/user_dev/ctr-apbernal/tt-metal/model_cache/meta-llama/Llama-3.3-70B-Instruct/TG/tensor_cache_instruct_bfp8/layers.63.ffn_norm.weight_distributed_dtype_BFLOAT16_layout_ROW_MAJOR.tensorbin of shape Shape([1, 1, 64, 32])
 80%|████████  | 64/80 [00:36<00:09,  1.76it/s]2026-08-29 09:16:43.963 | DEBUG    | core:as_tensor:724 - Loaded cache for /proj_sw/user_dev/ctr-apbernal/tt-metal/model_cache/meta-llama/Llama-3.3-70B-Instruct/TG/tensor_cache_instruct_bfp8/layers.64.attention.wqkv_sharded_2d_prefetcher_dtype_BFLOAT8_B_layout_TILE.tensorbin of shape Shape([1, 1, 2048, 1280])
2026-08-29 09:16:44.002 | DEBUG    | core:as_tensor:724 - Loaded cache for /proj_sw/user_dev/ctr-apbernal/tt-metal/model_cache/meta-llama/Llama-3.3-70B-Instruct/TG/tensor_cache_instruct_bfp8/layers.64.attention.wqkv_sharded_2d_dram_dtype_BFLOAT8_B_layout_TILE.tensorbin of shape Shape([1, 1, 2048, 1280])
2026-08-29 09:16:44.041 | DEBUG    | core:as_tensor:724 - Loaded cache for /proj_sw/user_dev/ctr-apbernal/tt-metal/model_cache/meta-llama/Llama-3.3-70B-Instruct/TG/tensor_cache_instruct_bfp8/layers.64.attention.wo_width_sharded_2d_prefetcher_dtype_BFLOAT8_B_layout_TILE.tensorbin of shape Shape([1, 1, 1024, 2048])
2026-08-29 09:16:44.079 | DEBUG    | core:as_tensor:724 - Loaded cache for /proj_sw/user_dev/ctr-apbernal/tt-metal/model_cache/meta-llama/Llama-3.3-70B-Instruct/TG/tensor_cache_instruct_bfp8/layers.64.attention.wo_width_sharded_2d_dram_dtype_BFLOAT8_B_layout_TILE.tensorbin of shape Shape([1, 1, 1024, 2048])
2026-08-29 09:16:44.126 | DEBUG    | core:as_tensor:724 - Loaded cache for /proj_sw/user_dev/ctr-apbernal/tt-metal/model_cache/meta-llama/Llama-3.3-70B-Instruct/TG/tensor_cache_instruct_bfp8/layers.64.attention.wo_col_sharded_dram_dtype_BFLOAT8_B_layout_TILE.tensorbin of shape Shape([1, 1, 8192, 2048])
2026-08-29 09:16:44.141 | DEBUG    | core:as_tensor:724 - Loaded cache for /proj_sw/user_dev/ctr-apbernal/tt-metal/model_cache/meta-llama/Llama-3.3-70B-Instruct/TG/tensor_cache_instruct_bfp8/kvcache_torch.Size([2048, 1, 64, 128])_dtype_BFLOAT8_B_layout_TILE.tensorbin of shape Shape([2048, 1, 64, 128])
2026-08-29 09:16:44.153 | DEBUG    | core:as_tensor:724 - Loaded cache for /proj_sw/user_dev/ctr-apbernal/tt-metal/model_cache/meta-llama/Llama-3.3-70B-Instruct/TG/tensor_cache_instruct_bfp8/kvcache_torch.Size([2048, 1, 64, 128])_dtype_BFLOAT8_B_layout_TILE.tensorbin of shape Shape([2048, 1, 64, 128])
2026-08-29 09:16:44.220 | DEBUG    | core:as_tensor:724 - Loaded cache for /proj_sw/user_dev/ctr-apbernal/tt-metal/model_cache/meta-llama/Llama-3.3-70B-Instruct/TG/tensor_cache_instruct_bfp8/layers.64.feed_forward.w1_shardedprefetcher_dtype_BFLOAT4_B_layout_TILE.tensorbin of shape Shape([1, 1, 2048, 3584])
2026-08-29 09:16:44.269 | DEBUG    | core:as_tensor:724 - Loaded cache for /proj_sw/user_dev/ctr-apbernal/tt-metal/model_cache/meta-llama/Llama-3.3-70B-Instruct/TG/tensor_cache_instruct_bfp8/layers.64.feed_forward.w2_shardedprefetcher_dtype_BFLOAT8_B_layout_TILE.tensorbin of shape Shape([1, 1, 3584, 2048])
2026-08-29 09:16:44.311 | DEBUG    | core:as_tensor:724 - Loaded cache for /proj_sw/user_dev/ctr-apbernal/tt-metal/model_cache/meta-llama/Llama-3.3-70B-Instruct/TG/tensor_cache_instruct_bfp8/layers.64.feed_forward.w3_shardedprefetcher_dtype_BFLOAT4_B_layout_TILE.tensorbin of shape Shape([1, 1, 2048, 3584])
2026-08-29 09:16:44.353 | DEBUG    | core:as_tensor:724 - Loaded cache for /proj_sw/user_dev/ctr-apbernal/tt-metal/model_cache/meta-llama/Llama-3.3-70B-Instruct/TG/tensor_cache_instruct_bfp8/layers.64.feed_forward.w1_interleavedprefetcher_dtype_BFLOAT4_B_layout_TILE.tensorbin of shape Shape([1, 1, 2048, 3584])
2026-08-29 09:16:44.402 | DEBUG    | core:as_tensor:724 - Loaded cache for /proj_sw/user_dev/ctr-apbernal/tt-metal/model_cache/meta-llama/Llama-3.3-70B-Instruct/TG/tensor_cache_instruct_bfp8/layers.64.feed_forward.w2_interleavedprefetcher_dtype_BFLOAT8_B_layout_TILE.tensorbin of shape Shape([1, 1, 3584, 2048])
2026-08-29 09:16:44.446 | DEBUG    | core:as_tensor:724 - Loaded cache for /proj_sw/user_dev/ctr-apbernal/tt-metal/model_cache/meta-llama/Llama-3.3-70B-Instruct/TG/tensor_cache_instruct_bfp8/layers.64.feed_forward.w3_interleavedprefetcher_dtype_BFLOAT4_B_layout_TILE.tensorbin of shape Shape([1, 1, 2048, 3584])
2026-08-29 09:16:44.448 | DEBUG    | core:as_tensor:724 - Loaded cache for /proj_sw/user_dev/ctr-apbernal/tt-metal/model_cache/meta-llama/Llama-3.3-70B-Instruct/TG/tensor_cache_instruct_bfp8/layers.64.attention_norm.weight_dtype_BFLOAT16_layout_ROW_MAJOR.tensorbin of shape Shape([1, 1, 256, 32])
2026-08-29 09:16:44.450 | DEBUG    | core:as_tensor:724 - Loaded cache for /proj_sw/user_dev/ctr-apbernal/tt-metal/model_cache/meta-llama/Llama-3.3-70B-Instruct/TG/tensor_cache_instruct_bfp8/layers.64.attention_norm.weight_distributed_dtype_BFLOAT16_layout_ROW_MAJOR.tensorbin of shape Shape([1, 1, 64, 32])
2026-08-29 09:16:44.451 | DEBUG    | core:as_tensor:724 - Loaded cache for /proj_sw/user_dev/ctr-apbernal/tt-metal/model_cache/meta-llama/Llama-3.3-70B-Instruct/TG/tensor_cache_instruct_bfp8/layers.64.ffn_norm.weight_dtype_BFLOAT16_layout_ROW_MAJOR.tensorbin of shape Shape([1, 1, 256, 32])
2026-08-29 09:16:44.453 | DEBUG    | core:as_tensor:724 - Loaded cache for /proj_sw/user_dev/ctr-apbernal/tt-metal/model_cache/meta-llama/Llama-3.3-70B-Instruct/TG/tensor_cache_instruct_bfp8/layers.64.ffn_norm.weight_distributed_dtype_BFLOAT16_layout_ROW_MAJOR.tensorbin of shape Shape([1, 1, 64, 32])
 81%|████████▏ | 65/80 [00:36<00:08,  1.75it/s]2026-08-29 09:16:44.532 | DEBUG    | core:as_tensor:724 - Loaded cache for /proj_sw/user_dev/ctr-apbernal/tt-metal/model_cache/meta-llama/Llama-3.3-70B-Instruct/TG/tensor_cache_instruct_bfp8/layers.65.attention.wqkv_sharded_2d_prefetcher_dtype_BFLOAT8_B_layout_TILE.tensorbin of shape Shape([1, 1, 2048, 1280])
2026-08-29 09:16:44.572 | DEBUG    | core:as_tensor:724 - Loaded cache for /proj_sw/user_dev/ctr-apbernal/tt-metal/model_cache/meta-llama/Llama-3.3-70B-Instruct/TG/tensor_cache_instruct_bfp8/layers.65.attention.wqkv_sharded_2d_dram_dtype_BFLOAT8_B_layout_TILE.tensorbin of shape Shape([1, 1, 2048, 1280])
2026-08-29 09:16:44.612 | DEBUG    | core:as_tensor:724 - Loaded cache for /proj_sw/user_dev/ctr-apbernal/tt-metal/model_cache/meta-llama/Llama-3.3-70B-Instruct/TG/tensor_cache_instruct_bfp8/layers.65.attention.wo_width_sharded_2d_prefetcher_dtype_BFLOAT8_B_layout_TILE.tensorbin of shape Shape([1, 1, 1024, 2048])
2026-08-29 09:16:44.651 | DEBUG    | core:as_tensor:724 - Loaded cache for /proj_sw/user_dev/ctr-apbernal/tt-metal/model_cache/meta-llama/Llama-3.3-70B-Instruct/TG/tensor_cache_instruct_bfp8/layers.65.attention.wo_width_sharded_2d_dram_dtype_BFLOAT8_B_layout_TILE.tensorbin of shape Shape([1, 1, 1024, 2048])
2026-08-29 09:16:44.697 | DEBUG    | core:as_tensor:724 - Loaded cache for /proj_sw/user_dev/ctr-apbernal/tt-metal/model_cache/meta-llama/Llama-3.3-70B-Instruct/TG/tensor_cache_instruct_bfp8/layers.65.attention.wo_col_sharded_dram_dtype_BFLOAT8_B_layout_TILE.tensorbin of shape Shape([1, 1, 8192, 2048])
2026-08-29 09:16:44.711 | DEBUG    | core:as_tensor:724 - Loaded cache for /proj_sw/user_dev/ctr-apbernal/tt-metal/model_cache/meta-llama/Llama-3.3-70B-Instruct/TG/tensor_cache_instruct_bfp8/kvcache_torch.Size([2048, 1, 64, 128])_dtype_BFLOAT8_B_layout_TILE.tensorbin of shape Shape([2048, 1, 64, 128])
2026-08-29 09:16:44.720 | DEBUG    | core:as_tensor:724 - Loaded cache for /proj_sw/user_dev/ctr-apbernal/tt-metal/model_cache/meta-llama/Llama-3.3-70B-Instruct/TG/tensor_cache_instruct_bfp8/kvcache_torch.Size([2048, 1, 64, 128])_dtype_BFLOAT8_B_layout_TILE.tensorbin of shape Shape([2048, 1, 64, 128])
2026-08-29 09:16:44.788 | DEBUG    | core:as_tensor:724 - Loaded cache for /proj_sw/user_dev/ctr-apbernal/tt-metal/model_cache/meta-llama/Llama-3.3-70B-Instruct/TG/tensor_cache_instruct_bfp8/layers.65.feed_forward.w1_shardedprefetcher_dtype_BFLOAT4_B_layout_TILE.tensorbin of shape Shape([1, 1, 2048, 3584])
2026-08-29 09:16:44.836 | DEBUG    | core:as_tensor:724 - Loaded cache for /proj_sw/user_dev/ctr-apbernal/tt-metal/model_cache/meta-llama/Llama-3.3-70B-Instruct/TG/tensor_cache_instruct_bfp8/layers.65.feed_forward.w2_shardedprefetcher_dtype_BFLOAT8_B_layout_TILE.tensorbin of shape Shape([1, 1, 3584, 2048])
2026-08-29 09:16:44.879 | DEBUG    | core:as_tensor:724 - Loaded cache for /proj_sw/user_dev/ctr-apbernal/tt-metal/model_cache/meta-llama/Llama-3.3-70B-Instruct/TG/tensor_cache_instruct_bfp8/layers.65.feed_forward.w3_shardedprefetcher_dtype_BFLOAT4_B_layout_TILE.tensorbin of shape Shape([1, 1, 2048, 3584])
2026-08-29 09:16:44.922 | DEBUG    | core:as_tensor:724 - Loaded cache for /proj_sw/user_dev/ctr-apbernal/tt-metal/model_cache/meta-llama/Llama-3.3-70B-Instruct/TG/tensor_cache_instruct_bfp8/layers.65.feed_forward.w1_interleavedprefetcher_dtype_BFLOAT4_B_layout_TILE.tensorbin of shape Shape([1, 1, 2048, 3584])
2026-08-29 09:16:44.969 | DEBUG    | core:as_tensor:724 - Loaded cache for /proj_sw/user_dev/ctr-apbernal/tt-metal/model_cache/meta-llama/Llama-3.3-70B-Instruct/TG/tensor_cache_instruct_bfp8/layers.65.feed_forward.w2_interleavedprefetcher_dtype_BFLOAT8_B_layout_TILE.tensorbin of shape Shape([1, 1, 3584, 2048])
2026-08-29 09:16:45.012 | DEBUG    | core:as_tensor:724 - Loaded cache for /proj_sw/user_dev/ctr-apbernal/tt-metal/model_cache/meta-llama/Llama-3.3-70B-Instruct/TG/tensor_cache_instruct_bfp8/layers.65.feed_forward.w3_interleavedprefetcher_dtype_BFLOAT4_B_layout_TILE.tensorbin of shape Shape([1, 1, 2048, 3584])
2026-08-29 09:16:45.015 | DEBUG    | core:as_tensor:724 - Loaded cache for /proj_sw/user_dev/ctr-apbernal/tt-metal/model_cache/meta-llama/Llama-3.3-70B-Instruct/TG/tensor_cache_instruct_bfp8/layers.65.attention_norm.weight_dtype_BFLOAT16_layout_ROW_MAJOR.tensorbin of shape Shape([1, 1, 256, 32])
2026-08-29 09:16:45.016 | DEBUG    | core:as_tensor:724 - Loaded cache for /proj_sw/user_dev/ctr-apbernal/tt-metal/model_cache/meta-llama/Llama-3.3-70B-Instruct/TG/tensor_cache_instruct_bfp8/layers.65.attention_norm.weight_distributed_dtype_BFLOAT16_layout_ROW_MAJOR.tensorbin of shape Shape([1, 1, 64, 32])
2026-08-29 09:16:45.018 | DEBUG    | core:as_tensor:724 - Loaded cache for /proj_sw/user_dev/ctr-apbernal/tt-metal/model_cache/meta-llama/Llama-3.3-70B-Instruct/TG/tensor_cache_instruct_bfp8/layers.65.ffn_norm.weight_dtype_BFLOAT16_layout_ROW_MAJOR.tensorbin of shape Shape([1, 1, 256, 32])
2026-08-29 09:16:45.021 | DEBUG    | core:as_tensor:724 - Loaded cache for /proj_sw/user_dev/ctr-apbernal/tt-metal/model_cache/meta-llama/Llama-3.3-70B-Instruct/TG/tensor_cache_instruct_bfp8/layers.65.ffn_norm.weight_distributed_dtype_BFLOAT16_layout_ROW_MAJOR.tensorbin of shape Shape([1, 1, 64, 32])
 82%|████████▎ | 66/80 [00:37<00:07,  1.76it/s]2026-08-29 09:16:45.101 | DEBUG    | core:as_tensor:724 - Loaded cache for /proj_sw/user_dev/ctr-apbernal/tt-metal/model_cache/meta-llama/Llama-3.3-70B-Instruct/TG/tensor_cache_instruct_bfp8/layers.66.attention.wqkv_sharded_2d_prefetcher_dtype_BFLOAT8_B_layout_TILE.tensorbin of shape Shape([1, 1, 2048, 1280])
2026-08-29 09:16:45.141 | DEBUG    | core:as_tensor:724 - Loaded cache for /proj_sw/user_dev/ctr-apbernal/tt-metal/model_cache/meta-llama/Llama-3.3-70B-Instruct/TG/tensor_cache_instruct_bfp8/layers.66.attention.wqkv_sharded_2d_dram_dtype_BFLOAT8_B_layout_TILE.tensorbin of shape Shape([1, 1, 2048, 1280])
2026-08-29 09:16:45.184 | DEBUG    | core:as_tensor:724 - Loaded cache for /proj_sw/user_dev/ctr-apbernal/tt-metal/model_cache/meta-llama/Llama-3.3-70B-Instruct/TG/tensor_cache_instruct_bfp8/layers.66.attention.wo_width_sharded_2d_prefetcher_dtype_BFLOAT8_B_layout_TILE.tensorbin of shape Shape([1, 1, 1024, 2048])
2026-08-29 09:16:45.224 | DEBUG    | core:as_tensor:724 - Loaded cache for /proj_sw/user_dev/ctr-apbernal/tt-metal/model_cache/meta-llama/Llama-3.3-70B-Instruct/TG/tensor_cache_instruct_bfp8/layers.66.attention.wo_width_sharded_2d_dram_dtype_BFLOAT8_B_layout_TILE.tensorbin of shape Shape([1, 1, 1024, 2048])
2026-08-29 09:16:45.271 | DEBUG    | core:as_tensor:724 - Loaded cache for /proj_sw/user_dev/ctr-apbernal/tt-metal/model_cache/meta-llama/Llama-3.3-70B-Instruct/TG/tensor_cache_instruct_bfp8/layers.66.attention.wo_col_sharded_dram_dtype_BFLOAT8_B_layout_TILE.tensorbin of shape Shape([1, 1, 8192, 2048])
2026-08-29 09:16:45.285 | DEBUG    | core:as_tensor:724 - Loaded cache for /proj_sw/user_dev/ctr-apbernal/tt-metal/model_cache/meta-llama/Llama-3.3-70B-Instruct/TG/tensor_cache_instruct_bfp8/kvcache_torch.Size([2048, 1, 64, 128])_dtype_BFLOAT8_B_layout_TILE.tensorbin of shape Shape([2048, 1, 64, 128])
2026-08-29 09:16:45.294 | DEBUG    | core:as_tensor:724 - Loaded cache for /proj_sw/user_dev/ctr-apbernal/tt-metal/model_cache/meta-llama/Llama-3.3-70B-Instruct/TG/tensor_cache_instruct_bfp8/kvcache_torch.Size([2048, 1, 64, 128])_dtype_BFLOAT8_B_layout_TILE.tensorbin of shape Shape([2048, 1, 64, 128])
2026-08-29 09:16:45.362 | DEBUG    | core:as_tensor:724 - Loaded cache for /proj_sw/user_dev/ctr-apbernal/tt-metal/model_cache/meta-llama/Llama-3.3-70B-Instruct/TG/tensor_cache_instruct_bfp8/layers.66.feed_forward.w1_shardedprefetcher_dtype_BFLOAT4_B_layout_TILE.tensorbin of shape Shape([1, 1, 2048, 3584])
2026-08-29 09:16:45.411 | DEBUG    | core:as_tensor:724 - Loaded cache for /proj_sw/user_dev/ctr-apbernal/tt-metal/model_cache/meta-llama/Llama-3.3-70B-Instruct/TG/tensor_cache_instruct_bfp8/layers.66.feed_forward.w2_shardedprefetcher_dtype_BFLOAT8_B_layout_TILE.tensorbin of shape Shape([1, 1, 3584, 2048])
2026-08-29 09:16:45.453 | DEBUG    | core:as_tensor:724 - Loaded cache for /proj_sw/user_dev/ctr-apbernal/tt-metal/model_cache/meta-llama/Llama-3.3-70B-Instruct/TG/tensor_cache_instruct_bfp8/layers.66.feed_forward.w3_shardedprefetcher_dtype_BFLOAT4_B_layout_TILE.tensorbin of shape Shape([1, 1, 2048, 3584])
2026-08-29 09:16:45.495 | DEBUG    | core:as_tensor:724 - Loaded cache for /proj_sw/user_dev/ctr-apbernal/tt-metal/model_cache/meta-llama/Llama-3.3-70B-Instruct/TG/tensor_cache_instruct_bfp8/layers.66.feed_forward.w1_interleavedprefetcher_dtype_BFLOAT4_B_layout_TILE.tensorbin of shape Shape([1, 1, 2048, 3584])
2026-08-29 09:16:45.543 | DEBUG    | core:as_tensor:724 - Loaded cache for /proj_sw/user_dev/ctr-apbernal/tt-metal/model_cache/meta-llama/Llama-3.3-70B-Instruct/TG/tensor_cache_instruct_bfp8/layers.66.feed_forward.w2_interleavedprefetcher_dtype_BFLOAT8_B_layout_TILE.tensorbin of shape Shape([1, 1, 3584, 2048])
2026-08-29 09:16:45.585 | DEBUG    | core:as_tensor:724 - Loaded cache for /proj_sw/user_dev/ctr-apbernal/tt-metal/model_cache/meta-llama/Llama-3.3-70B-Instruct/TG/tensor_cache_instruct_bfp8/layers.66.feed_forward.w3_interleavedprefetcher_dtype_BFLOAT4_B_layout_TILE.tensorbin of shape Shape([1, 1, 2048, 3584])
2026-08-29 09:16:45.587 | DEBUG    | core:as_tensor:724 - Loaded cache for /proj_sw/user_dev/ctr-apbernal/tt-metal/model_cache/meta-llama/Llama-3.3-70B-Instruct/TG/tensor_cache_instruct_bfp8/layers.66.attention_norm.weight_dtype_BFLOAT16_layout_ROW_MAJOR.tensorbin of shape Shape([1, 1, 256, 32])
2026-08-29 09:16:45.589 | DEBUG    | core:as_tensor:724 - Loaded cache for /proj_sw/user_dev/ctr-apbernal/tt-metal/model_cache/meta-llama/Llama-3.3-70B-Instruct/TG/tensor_cache_instruct_bfp8/layers.66.attention_norm.weight_distributed_dtype_BFLOAT16_layout_ROW_MAJOR.tensorbin of shape Shape([1, 1, 64, 32])
2026-08-29 09:16:45.591 | DEBUG    | core:as_tensor:724 - Loaded cache for /proj_sw/user_dev/ctr-apbernal/tt-metal/model_cache/meta-llama/Llama-3.3-70B-Instruct/TG/tensor_cache_instruct_bfp8/layers.66.ffn_norm.weight_dtype_BFLOAT16_layout_ROW_MAJOR.tensorbin of shape Shape([1, 1, 256, 32])
2026-08-29 09:16:45.593 | DEBUG    | core:as_tensor:724 - Loaded cache for /proj_sw/user_dev/ctr-apbernal/tt-metal/model_cache/meta-llama/Llama-3.3-70B-Instruct/TG/tensor_cache_instruct_bfp8/layers.66.ffn_norm.weight_distributed_dtype_BFLOAT16_layout_ROW_MAJOR.tensorbin of shape Shape([1, 1, 64, 32])
 84%|████████▍ | 67/80 [00:38<00:07,  1.75it/s]2026-08-29 09:16:45.675 | DEBUG    | core:as_tensor:724 - Loaded cache for /proj_sw/user_dev/ctr-apbernal/tt-metal/model_cache/meta-llama/Llama-3.3-70B-Instruct/TG/tensor_cache_instruct_bfp8/layers.67.attention.wqkv_sharded_2d_prefetcher_dtype_BFLOAT8_B_layout_TILE.tensorbin of shape Shape([1, 1, 2048, 1280])
2026-08-29 09:16:45.716 | DEBUG    | core:as_tensor:724 - Loaded cache for /proj_sw/user_dev/ctr-apbernal/tt-metal/model_cache/meta-llama/Llama-3.3-70B-Instruct/TG/tensor_cache_instruct_bfp8/layers.67.attention.wqkv_sharded_2d_dram_dtype_BFLOAT8_B_layout_TILE.tensorbin of shape Shape([1, 1, 2048, 1280])
2026-08-29 09:16:45.756 | DEBUG    | core:as_tensor:724 - Loaded cache for /proj_sw/user_dev/ctr-apbernal/tt-metal/model_cache/meta-llama/Llama-3.3-70B-Instruct/TG/tensor_cache_instruct_bfp8/layers.67.attention.wo_width_sharded_2d_prefetcher_dtype_BFLOAT8_B_layout_TILE.tensorbin of shape Shape([1, 1, 1024, 2048])
2026-08-29 09:16:45.794 | DEBUG    | core:as_tensor:724 - Loaded cache for /proj_sw/user_dev/ctr-apbernal/tt-metal/model_cache/meta-llama/Llama-3.3-70B-Instruct/TG/tensor_cache_instruct_bfp8/layers.67.attention.wo_width_sharded_2d_dram_dtype_BFLOAT8_B_layout_TILE.tensorbin of shape Shape([1, 1, 1024, 2048])
2026-08-29 09:16:45.841 | DEBUG    | core:as_tensor:724 - Loaded cache for /proj_sw/user_dev/ctr-apbernal/tt-metal/model_cache/meta-llama/Llama-3.3-70B-Instruct/TG/tensor_cache_instruct_bfp8/layers.67.attention.wo_col_sharded_dram_dtype_BFLOAT8_B_layout_TILE.tensorbin of shape Shape([1, 1, 8192, 2048])
2026-08-29 09:16:45.855 | DEBUG    | core:as_tensor:724 - Loaded cache for /proj_sw/user_dev/ctr-apbernal/tt-metal/model_cache/meta-llama/Llama-3.3-70B-Instruct/TG/tensor_cache_instruct_bfp8/kvcache_torch.Size([2048, 1, 64, 128])_dtype_BFLOAT8_B_layout_TILE.tensorbin of shape Shape([2048, 1, 64, 128])
2026-08-29 09:16:45.864 | DEBUG    | core:as_tensor:724 - Loaded cache for /proj_sw/user_dev/ctr-apbernal/tt-metal/model_cache/meta-llama/Llama-3.3-70B-Instruct/TG/tensor_cache_instruct_bfp8/kvcache_torch.Size([2048, 1, 64, 128])_dtype_BFLOAT8_B_layout_TILE.tensorbin of shape Shape([2048, 1, 64, 128])
2026-08-29 09:16:45.931 | DEBUG    | core:as_tensor:724 - Loaded cache for /proj_sw/user_dev/ctr-apbernal/tt-metal/model_cache/meta-llama/Llama-3.3-70B-Instruct/TG/tensor_cache_instruct_bfp8/layers.67.feed_forward.w1_shardedprefetcher_dtype_BFLOAT4_B_layout_TILE.tensorbin of shape Shape([1, 1, 2048, 3584])
2026-08-29 09:16:45.979 | DEBUG    | core:as_tensor:724 - Loaded cache for /proj_sw/user_dev/ctr-apbernal/tt-metal/model_cache/meta-llama/Llama-3.3-70B-Instruct/TG/tensor_cache_instruct_bfp8/layers.67.feed_forward.w2_shardedprefetcher_dtype_BFLOAT8_B_layout_TILE.tensorbin of shape Shape([1, 1, 3584, 2048])
2026-08-29 09:16:46.022 | DEBUG    | core:as_tensor:724 - Loaded cache for /proj_sw/user_dev/ctr-apbernal/tt-metal/model_cache/meta-llama/Llama-3.3-70B-Instruct/TG/tensor_cache_instruct_bfp8/layers.67.feed_forward.w3_shardedprefetcher_dtype_BFLOAT4_B_layout_TILE.tensorbin of shape Shape([1, 1, 2048, 3584])
2026-08-29 09:16:46.064 | DEBUG    | core:as_tensor:724 - Loaded cache for /proj_sw/user_dev/ctr-apbernal/tt-metal/model_cache/meta-llama/Llama-3.3-70B-Instruct/TG/tensor_cache_instruct_bfp8/layers.67.feed_forward.w1_interleavedprefetcher_dtype_BFLOAT4_B_layout_TILE.tensorbin of shape Shape([1, 1, 2048, 3584])
2026-08-29 09:16:46.111 | DEBUG    | core:as_tensor:724 - Loaded cache for /proj_sw/user_dev/ctr-apbernal/tt-metal/model_cache/meta-llama/Llama-3.3-70B-Instruct/TG/tensor_cache_instruct_bfp8/layers.67.feed_forward.w2_interleavedprefetcher_dtype_BFLOAT8_B_layout_TILE.tensorbin of shape Shape([1, 1, 3584, 2048])
2026-08-29 09:16:46.154 | DEBUG    | core:as_tensor:724 - Loaded cache for /proj_sw/user_dev/ctr-apbernal/tt-metal/model_cache/meta-llama/Llama-3.3-70B-Instruct/TG/tensor_cache_instruct_bfp8/layers.67.feed_forward.w3_interleavedprefetcher_dtype_BFLOAT4_B_layout_TILE.tensorbin of shape Shape([1, 1, 2048, 3584])
2026-08-29 09:16:46.159 | DEBUG    | core:as_tensor:724 - Loaded cache for /proj_sw/user_dev/ctr-apbernal/tt-metal/model_cache/meta-llama/Llama-3.3-70B-Instruct/TG/tensor_cache_instruct_bfp8/layers.67.attention_norm.weight_dtype_BFLOAT16_layout_ROW_MAJOR.tensorbin of shape Shape([1, 1, 256, 32])
2026-08-29 09:16:46.160 | DEBUG    | core:as_tensor:724 - Loaded cache for /proj_sw/user_dev/ctr-apbernal/tt-metal/model_cache/meta-llama/Llama-3.3-70B-Instruct/TG/tensor_cache_instruct_bfp8/layers.67.attention_norm.weight_distributed_dtype_BFLOAT16_layout_ROW_MAJOR.tensorbin of shape Shape([1, 1, 64, 32])
2026-08-29 09:16:46.162 | DEBUG    | core:as_tensor:724 - Loaded cache for /proj_sw/user_dev/ctr-apbernal/tt-metal/model_cache/meta-llama/Llama-3.3-70B-Instruct/TG/tensor_cache_instruct_bfp8/layers.67.ffn_norm.weight_dtype_BFLOAT16_layout_ROW_MAJOR.tensorbin of shape Shape([1, 1, 256, 32])
2026-08-29 09:16:46.163 | DEBUG    | core:as_tensor:724 - Loaded cache for /proj_sw/user_dev/ctr-apbernal/tt-metal/model_cache/meta-llama/Llama-3.3-70B-Instruct/TG/tensor_cache_instruct_bfp8/layers.67.ffn_norm.weight_distributed_dtype_BFLOAT16_layout_ROW_MAJOR.tensorbin of shape Shape([1, 1, 64, 32])
 85%|████████▌ | 68/80 [00:38<00:06,  1.75it/s]2026-08-29 09:16:46.246 | DEBUG    | core:as_tensor:724 - Loaded cache for /proj_sw/user_dev/ctr-apbernal/tt-metal/model_cache/meta-llama/Llama-3.3-70B-Instruct/TG/tensor_cache_instruct_bfp8/layers.68.attention.wqkv_sharded_2d_prefetcher_dtype_BFLOAT8_B_layout_TILE.tensorbin of shape Shape([1, 1, 2048, 1280])
2026-08-29 09:16:46.286 | DEBUG    | core:as_tensor:724 - Loaded cache for /proj_sw/user_dev/ctr-apbernal/tt-metal/model_cache/meta-llama/Llama-3.3-70B-Instruct/TG/tensor_cache_instruct_bfp8/layers.68.attention.wqkv_sharded_2d_dram_dtype_BFLOAT8_B_layout_TILE.tensorbin of shape Shape([1, 1, 2048, 1280])
2026-08-29 09:16:46.324 | DEBUG    | core:as_tensor:724 - Loaded cache for /proj_sw/user_dev/ctr-apbernal/tt-metal/model_cache/meta-llama/Llama-3.3-70B-Instruct/TG/tensor_cache_instruct_bfp8/layers.68.attention.wo_width_sharded_2d_prefetcher_dtype_BFLOAT8_B_layout_TILE.tensorbin of shape Shape([1, 1, 1024, 2048])
2026-08-29 09:16:46.364 | DEBUG    | core:as_tensor:724 - Loaded cache for /proj_sw/user_dev/ctr-apbernal/tt-metal/model_cache/meta-llama/Llama-3.3-70B-Instruct/TG/tensor_cache_instruct_bfp8/layers.68.attention.wo_width_sharded_2d_dram_dtype_BFLOAT8_B_layout_TILE.tensorbin of shape Shape([1, 1, 1024, 2048])
2026-08-29 09:16:46.412 | DEBUG    | core:as_tensor:724 - Loaded cache for /proj_sw/user_dev/ctr-apbernal/tt-metal/model_cache/meta-llama/Llama-3.3-70B-Instruct/TG/tensor_cache_instruct_bfp8/layers.68.attention.wo_col_sharded_dram_dtype_BFLOAT8_B_layout_TILE.tensorbin of shape Shape([1, 1, 8192, 2048])
2026-08-29 09:16:46.426 | DEBUG    | core:as_tensor:724 - Loaded cache for /proj_sw/user_dev/ctr-apbernal/tt-metal/model_cache/meta-llama/Llama-3.3-70B-Instruct/TG/tensor_cache_instruct_bfp8/kvcache_torch.Size([2048, 1, 64, 128])_dtype_BFLOAT8_B_layout_TILE.tensorbin of shape Shape([2048, 1, 64, 128])
2026-08-29 09:16:46.435 | DEBUG    | core:as_tensor:724 - Loaded cache for /proj_sw/user_dev/ctr-apbernal/tt-metal/model_cache/meta-llama/Llama-3.3-70B-Instruct/TG/tensor_cache_instruct_bfp8/kvcache_torch.Size([2048, 1, 64, 128])_dtype_BFLOAT8_B_layout_TILE.tensorbin of shape Shape([2048, 1, 64, 128])
2026-08-29 09:16:46.501 | DEBUG    | core:as_tensor:724 - Loaded cache for /proj_sw/user_dev/ctr-apbernal/tt-metal/model_cache/meta-llama/Llama-3.3-70B-Instruct/TG/tensor_cache_instruct_bfp8/layers.68.feed_forward.w1_shardedprefetcher_dtype_BFLOAT4_B_layout_TILE.tensorbin of shape Shape([1, 1, 2048, 3584])
2026-08-29 09:16:46.549 | DEBUG    | core:as_tensor:724 - Loaded cache for /proj_sw/user_dev/ctr-apbernal/tt-metal/model_cache/meta-llama/Llama-3.3-70B-Instruct/TG/tensor_cache_instruct_bfp8/layers.68.feed_forward.w2_shardedprefetcher_dtype_BFLOAT8_B_layout_TILE.tensorbin of shape Shape([1, 1, 3584, 2048])
2026-08-29 09:16:46.592 | DEBUG    | core:as_tensor:724 - Loaded cache for /proj_sw/user_dev/ctr-apbernal/tt-metal/model_cache/meta-llama/Llama-3.3-70B-Instruct/TG/tensor_cache_instruct_bfp8/layers.68.feed_forward.w3_shardedprefetcher_dtype_BFLOAT4_B_layout_TILE.tensorbin of shape Shape([1, 1, 2048, 3584])
2026-08-29 09:16:46.634 | DEBUG    | core:as_tensor:724 - Loaded cache for /proj_sw/user_dev/ctr-apbernal/tt-metal/model_cache/meta-llama/Llama-3.3-70B-Instruct/TG/tensor_cache_instruct_bfp8/layers.68.feed_forward.w1_interleavedprefetcher_dtype_BFLOAT4_B_layout_TILE.tensorbin of shape Shape([1, 1, 2048, 3584])
2026-08-29 09:16:46.681 | DEBUG    | core:as_tensor:724 - Loaded cache for /proj_sw/user_dev/ctr-apbernal/tt-metal/model_cache/meta-llama/Llama-3.3-70B-Instruct/TG/tensor_cache_instruct_bfp8/layers.68.feed_forward.w2_interleavedprefetcher_dtype_BFLOAT8_B_layout_TILE.tensorbin of shape Shape([1, 1, 3584, 2048])
2026-08-29 09:16:46.723 | DEBUG    | core:as_tensor:724 - Loaded cache for /proj_sw/user_dev/ctr-apbernal/tt-metal/model_cache/meta-llama/Llama-3.3-70B-Instruct/TG/tensor_cache_instruct_bfp8/layers.68.feed_forward.w3_interleavedprefetcher_dtype_BFLOAT4_B_layout_TILE.tensorbin of shape Shape([1, 1, 2048, 3584])
2026-08-29 09:16:46.725 | DEBUG    | core:as_tensor:724 - Loaded cache for /proj_sw/user_dev/ctr-apbernal/tt-metal/model_cache/meta-llama/Llama-3.3-70B-Instruct/TG/tensor_cache_instruct_bfp8/layers.68.attention_norm.weight_dtype_BFLOAT16_layout_ROW_MAJOR.tensorbin of shape Shape([1, 1, 256, 32])
2026-08-29 09:16:46.727 | DEBUG    | core:as_tensor:724 - Loaded cache for /proj_sw/user_dev/ctr-apbernal/tt-metal/model_cache/meta-llama/Llama-3.3-70B-Instruct/TG/tensor_cache_instruct_bfp8/layers.68.attention_norm.weight_distributed_dtype_BFLOAT16_layout_ROW_MAJOR.tensorbin of shape Shape([1, 1, 64, 32])
2026-08-29 09:16:46.728 | DEBUG    | core:as_tensor:724 - Loaded cache for /proj_sw/user_dev/ctr-apbernal/tt-metal/model_cache/meta-llama/Llama-3.3-70B-Instruct/TG/tensor_cache_instruct_bfp8/layers.68.ffn_norm.weight_dtype_BFLOAT16_layout_ROW_MAJOR.tensorbin of shape Shape([1, 1, 256, 32])
2026-08-29 09:16:46.730 | DEBUG    | core:as_tensor:724 - Loaded cache for /proj_sw/user_dev/ctr-apbernal/tt-metal/model_cache/meta-llama/Llama-3.3-70B-Instruct/TG/tensor_cache_instruct_bfp8/layers.68.ffn_norm.weight_distributed_dtype_BFLOAT16_layout_ROW_MAJOR.tensorbin of shape Shape([1, 1, 64, 32])
 86%|████████▋ | 69/80 [00:39<00:06,  1.76it/s]2026-08-29 09:16:46.808 | DEBUG    | core:as_tensor:724 - Loaded cache for /proj_sw/user_dev/ctr-apbernal/tt-metal/model_cache/meta-llama/Llama-3.3-70B-Instruct/TG/tensor_cache_instruct_bfp8/layers.69.attention.wqkv_sharded_2d_prefetcher_dtype_BFLOAT8_B_layout_TILE.tensorbin of shape Shape([1, 1, 2048, 1280])
2026-08-29 09:16:46.847 | DEBUG    | core:as_tensor:724 - Loaded cache for /proj_sw/user_dev/ctr-apbernal/tt-metal/model_cache/meta-llama/Llama-3.3-70B-Instruct/TG/tensor_cache_instruct_bfp8/layers.69.attention.wqkv_sharded_2d_dram_dtype_BFLOAT8_B_layout_TILE.tensorbin of shape Shape([1, 1, 2048, 1280])
2026-08-29 09:16:46.887 | DEBUG    | core:as_tensor:724 - Loaded cache for /proj_sw/user_dev/ctr-apbernal/tt-metal/model_cache/meta-llama/Llama-3.3-70B-Instruct/TG/tensor_cache_instruct_bfp8/layers.69.attention.wo_width_sharded_2d_prefetcher_dtype_BFLOAT8_B_layout_TILE.tensorbin of shape Shape([1, 1, 1024, 2048])
2026-08-29 09:16:46.926 | DEBUG    | core:as_tensor:724 - Loaded cache for /proj_sw/user_dev/ctr-apbernal/tt-metal/model_cache/meta-llama/Llama-3.3-70B-Instruct/TG/tensor_cache_instruct_bfp8/layers.69.attention.wo_width_sharded_2d_dram_dtype_BFLOAT8_B_layout_TILE.tensorbin of shape Shape([1, 1, 1024, 2048])
2026-08-29 09:16:46.972 | DEBUG    | core:as_tensor:724 - Loaded cache for /proj_sw/user_dev/ctr-apbernal/tt-metal/model_cache/meta-llama/Llama-3.3-70B-Instruct/TG/tensor_cache_instruct_bfp8/layers.69.attention.wo_col_sharded_dram_dtype_BFLOAT8_B_layout_TILE.tensorbin of shape Shape([1, 1, 8192, 2048])
2026-08-29 09:16:46.987 | DEBUG    | core:as_tensor:724 - Loaded cache for /proj_sw/user_dev/ctr-apbernal/tt-metal/model_cache/meta-llama/Llama-3.3-70B-Instruct/TG/tensor_cache_instruct_bfp8/kvcache_torch.Size([2048, 1, 64, 128])_dtype_BFLOAT8_B_layout_TILE.tensorbin of shape Shape([2048, 1, 64, 128])
2026-08-29 09:16:46.996 | DEBUG    | core:as_tensor:724 - Loaded cache for /proj_sw/user_dev/ctr-apbernal/tt-metal/model_cache/meta-llama/Llama-3.3-70B-Instruct/TG/tensor_cache_instruct_bfp8/kvcache_torch.Size([2048, 1, 64, 128])_dtype_BFLOAT8_B_layout_TILE.tensorbin of shape Shape([2048, 1, 64, 128])
2026-08-29 09:16:47.061 | DEBUG    | core:as_tensor:724 - Loaded cache for /proj_sw/user_dev/ctr-apbernal/tt-metal/model_cache/meta-llama/Llama-3.3-70B-Instruct/TG/tensor_cache_instruct_bfp8/layers.69.feed_forward.w1_shardedprefetcher_dtype_BFLOAT4_B_layout_TILE.tensorbin of shape Shape([1, 1, 2048, 3584])
2026-08-29 09:16:47.109 | DEBUG    | core:as_tensor:724 - Loaded cache for /proj_sw/user_dev/ctr-apbernal/tt-metal/model_cache/meta-llama/Llama-3.3-70B-Instruct/TG/tensor_cache_instruct_bfp8/layers.69.feed_forward.w2_shardedprefetcher_dtype_BFLOAT8_B_layout_TILE.tensorbin of shape Shape([1, 1, 3584, 2048])
2026-08-29 09:16:47.152 | DEBUG    | core:as_tensor:724 - Loaded cache for /proj_sw/user_dev/ctr-apbernal/tt-metal/model_cache/meta-llama/Llama-3.3-70B-Instruct/TG/tensor_cache_instruct_bfp8/layers.69.feed_forward.w3_shardedprefetcher_dtype_BFLOAT4_B_layout_TILE.tensorbin of shape Shape([1, 1, 2048, 3584])
2026-08-29 09:16:47.194 | DEBUG    | core:as_tensor:724 - Loaded cache for /proj_sw/user_dev/ctr-apbernal/tt-metal/model_cache/meta-llama/Llama-3.3-70B-Instruct/TG/tensor_cache_instruct_bfp8/layers.69.feed_forward.w1_interleavedprefetcher_dtype_BFLOAT4_B_layout_TILE.tensorbin of shape Shape([1, 1, 2048, 3584])
2026-08-29 09:16:47.244 | DEBUG    | core:as_tensor:724 - Loaded cache for /proj_sw/user_dev/ctr-apbernal/tt-metal/model_cache/meta-llama/Llama-3.3-70B-Instruct/TG/tensor_cache_instruct_bfp8/layers.69.feed_forward.w2_interleavedprefetcher_dtype_BFLOAT8_B_layout_TILE.tensorbin of shape Shape([1, 1, 3584, 2048])
2026-08-29 09:16:47.286 | DEBUG    | core:as_tensor:724 - Loaded cache for /proj_sw/user_dev/ctr-apbernal/tt-metal/model_cache/meta-llama/Llama-3.3-70B-Instruct/TG/tensor_cache_instruct_bfp8/layers.69.feed_forward.w3_interleavedprefetcher_dtype_BFLOAT4_B_layout_TILE.tensorbin of shape Shape([1, 1, 2048, 3584])
2026-08-29 09:16:47.288 | DEBUG    | core:as_tensor:724 - Loaded cache for /proj_sw/user_dev/ctr-apbernal/tt-metal/model_cache/meta-llama/Llama-3.3-70B-Instruct/TG/tensor_cache_instruct_bfp8/layers.69.attention_norm.weight_dtype_BFLOAT16_layout_ROW_MAJOR.tensorbin of shape Shape([1, 1, 256, 32])
2026-08-29 09:16:47.290 | DEBUG    | core:as_tensor:724 - Loaded cache for /proj_sw/user_dev/ctr-apbernal/tt-metal/model_cache/meta-llama/Llama-3.3-70B-Instruct/TG/tensor_cache_instruct_bfp8/layers.69.attention_norm.weight_distributed_dtype_BFLOAT16_layout_ROW_MAJOR.tensorbin of shape Shape([1, 1, 64, 32])
2026-08-29 09:16:47.292 | DEBUG    | core:as_tensor:724 - Loaded cache for /proj_sw/user_dev/ctr-apbernal/tt-metal/model_cache/meta-llama/Llama-3.3-70B-Instruct/TG/tensor_cache_instruct_bfp8/layers.69.ffn_norm.weight_dtype_BFLOAT16_layout_ROW_MAJOR.tensorbin of shape Shape([1, 1, 256, 32])
2026-08-29 09:16:47.293 | DEBUG    | core:as_tensor:724 - Loaded cache for /proj_sw/user_dev/ctr-apbernal/tt-metal/model_cache/meta-llama/Llama-3.3-70B-Instruct/TG/tensor_cache_instruct_bfp8/layers.69.ffn_norm.weight_distributed_dtype_BFLOAT16_layout_ROW_MAJOR.tensorbin of shape Shape([1, 1, 64, 32])
 88%|████████▊ | 70/80 [00:39<00:05,  1.76it/s]2026-08-29 09:16:47.373 | DEBUG    | core:as_tensor:724 - Loaded cache for /proj_sw/user_dev/ctr-apbernal/tt-metal/model_cache/meta-llama/Llama-3.3-70B-Instruct/TG/tensor_cache_instruct_bfp8/layers.70.attention.wqkv_sharded_2d_prefetcher_dtype_BFLOAT8_B_layout_TILE.tensorbin of shape Shape([1, 1, 2048, 1280])
2026-08-29 09:16:47.416 | DEBUG    | core:as_tensor:724 - Loaded cache for /proj_sw/user_dev/ctr-apbernal/tt-metal/model_cache/meta-llama/Llama-3.3-70B-Instruct/TG/tensor_cache_instruct_bfp8/layers.70.attention.wqkv_sharded_2d_dram_dtype_BFLOAT8_B_layout_TILE.tensorbin of shape Shape([1, 1, 2048, 1280])
2026-08-29 09:16:47.455 | DEBUG    | core:as_tensor:724 - Loaded cache for /proj_sw/user_dev/ctr-apbernal/tt-metal/model_cache/meta-llama/Llama-3.3-70B-Instruct/TG/tensor_cache_instruct_bfp8/layers.70.attention.wo_width_sharded_2d_prefetcher_dtype_BFLOAT8_B_layout_TILE.tensorbin of shape Shape([1, 1, 1024, 2048])
2026-08-29 09:16:47.495 | DEBUG    | core:as_tensor:724 - Loaded cache for /proj_sw/user_dev/ctr-apbernal/tt-metal/model_cache/meta-llama/Llama-3.3-70B-Instruct/TG/tensor_cache_instruct_bfp8/layers.70.attention.wo_width_sharded_2d_dram_dtype_BFLOAT8_B_layout_TILE.tensorbin of shape Shape([1, 1, 1024, 2048])
2026-08-29 09:16:47.541 | DEBUG    | core:as_tensor:724 - Loaded cache for /proj_sw/user_dev/ctr-apbernal/tt-metal/model_cache/meta-llama/Llama-3.3-70B-Instruct/TG/tensor_cache_instruct_bfp8/layers.70.attention.wo_col_sharded_dram_dtype_BFLOAT8_B_layout_TILE.tensorbin of shape Shape([1, 1, 8192, 2048])
2026-08-29 09:16:47.556 | DEBUG    | core:as_tensor:724 - Loaded cache for /proj_sw/user_dev/ctr-apbernal/tt-metal/model_cache/meta-llama/Llama-3.3-70B-Instruct/TG/tensor_cache_instruct_bfp8/kvcache_torch.Size([2048, 1, 64, 128])_dtype_BFLOAT8_B_layout_TILE.tensorbin of shape Shape([2048, 1, 64, 128])
2026-08-29 09:16:47.565 | DEBUG    | core:as_tensor:724 - Loaded cache for /proj_sw/user_dev/ctr-apbernal/tt-metal/model_cache/meta-llama/Llama-3.3-70B-Instruct/TG/tensor_cache_instruct_bfp8/kvcache_torch.Size([2048, 1, 64, 128])_dtype_BFLOAT8_B_layout_TILE.tensorbin of shape Shape([2048, 1, 64, 128])
2026-08-29 09:16:47.631 | DEBUG    | core:as_tensor:724 - Loaded cache for /proj_sw/user_dev/ctr-apbernal/tt-metal/model_cache/meta-llama/Llama-3.3-70B-Instruct/TG/tensor_cache_instruct_bfp8/layers.70.feed_forward.w1_shardedprefetcher_dtype_BFLOAT4_B_layout_TILE.tensorbin of shape Shape([1, 1, 2048, 3584])
2026-08-29 09:16:47.680 | DEBUG    | core:as_tensor:724 - Loaded cache for /proj_sw/user_dev/ctr-apbernal/tt-metal/model_cache/meta-llama/Llama-3.3-70B-Instruct/TG/tensor_cache_instruct_bfp8/layers.70.feed_forward.w2_shardedprefetcher_dtype_BFLOAT8_B_layout_TILE.tensorbin of shape Shape([1, 1, 3584, 2048])
2026-08-29 09:16:47.722 | DEBUG    | core:as_tensor:724 - Loaded cache for /proj_sw/user_dev/ctr-apbernal/tt-metal/model_cache/meta-llama/Llama-3.3-70B-Instruct/TG/tensor_cache_instruct_bfp8/layers.70.feed_forward.w3_shardedprefetcher_dtype_BFLOAT4_B_layout_TILE.tensorbin of shape Shape([1, 1, 2048, 3584])
2026-08-29 09:16:47.764 | DEBUG    | core:as_tensor:724 - Loaded cache for /proj_sw/user_dev/ctr-apbernal/tt-metal/model_cache/meta-llama/Llama-3.3-70B-Instruct/TG/tensor_cache_instruct_bfp8/layers.70.feed_forward.w1_interleavedprefetcher_dtype_BFLOAT4_B_layout_TILE.tensorbin of shape Shape([1, 1, 2048, 3584])
2026-08-29 09:16:47.813 | DEBUG    | core:as_tensor:724 - Loaded cache for /proj_sw/user_dev/ctr-apbernal/tt-metal/model_cache/meta-llama/Llama-3.3-70B-Instruct/TG/tensor_cache_instruct_bfp8/layers.70.feed_forward.w2_interleavedprefetcher_dtype_BFLOAT8_B_layout_TILE.tensorbin of shape Shape([1, 1, 3584, 2048])
2026-08-29 09:16:47.855 | DEBUG    | core:as_tensor:724 - Loaded cache for /proj_sw/user_dev/ctr-apbernal/tt-metal/model_cache/meta-llama/Llama-3.3-70B-Instruct/TG/tensor_cache_instruct_bfp8/layers.70.feed_forward.w3_interleavedprefetcher_dtype_BFLOAT4_B_layout_TILE.tensorbin of shape Shape([1, 1, 2048, 3584])
2026-08-29 09:16:47.857 | DEBUG    | core:as_tensor:724 - Loaded cache for /proj_sw/user_dev/ctr-apbernal/tt-metal/model_cache/meta-llama/Llama-3.3-70B-Instruct/TG/tensor_cache_instruct_bfp8/layers.70.attention_norm.weight_dtype_BFLOAT16_layout_ROW_MAJOR.tensorbin of shape Shape([1, 1, 256, 32])
2026-08-29 09:16:47.859 | DEBUG    | core:as_tensor:724 - Loaded cache for /proj_sw/user_dev/ctr-apbernal/tt-metal/model_cache/meta-llama/Llama-3.3-70B-Instruct/TG/tensor_cache_instruct_bfp8/layers.70.attention_norm.weight_distributed_dtype_BFLOAT16_layout_ROW_MAJOR.tensorbin of shape Shape([1, 1, 64, 32])
2026-08-29 09:16:47.862 | DEBUG    | core:as_tensor:724 - Loaded cache for /proj_sw/user_dev/ctr-apbernal/tt-metal/model_cache/meta-llama/Llama-3.3-70B-Instruct/TG/tensor_cache_instruct_bfp8/layers.70.ffn_norm.weight_dtype_BFLOAT16_layout_ROW_MAJOR.tensorbin of shape Shape([1, 1, 256, 32])
2026-08-29 09:16:47.864 | DEBUG    | core:as_tensor:724 - Loaded cache for /proj_sw/user_dev/ctr-apbernal/tt-metal/model_cache/meta-llama/Llama-3.3-70B-Instruct/TG/tensor_cache_instruct_bfp8/layers.70.ffn_norm.weight_distributed_dtype_BFLOAT16_layout_ROW_MAJOR.tensorbin of shape Shape([1, 1, 64, 32])
 89%|████████▉ | 71/80 [00:40<00:05,  1.76it/s]2026-08-29 09:16:47.940 | DEBUG    | core:as_tensor:724 - Loaded cache for /proj_sw/user_dev/ctr-apbernal/tt-metal/model_cache/meta-llama/Llama-3.3-70B-Instruct/TG/tensor_cache_instruct_bfp8/layers.71.attention.wqkv_sharded_2d_prefetcher_dtype_BFLOAT8_B_layout_TILE.tensorbin of shape Shape([1, 1, 2048, 1280])
2026-08-29 09:16:47.980 | DEBUG    | core:as_tensor:724 - Loaded cache for /proj_sw/user_dev/ctr-apbernal/tt-metal/model_cache/meta-llama/Llama-3.3-70B-Instruct/TG/tensor_cache_instruct_bfp8/layers.71.attention.wqkv_sharded_2d_dram_dtype_BFLOAT8_B_layout_TILE.tensorbin of shape Shape([1, 1, 2048, 1280])
2026-08-29 09:16:48.020 | DEBUG    | core:as_tensor:724 - Loaded cache for /proj_sw/user_dev/ctr-apbernal/tt-metal/model_cache/meta-llama/Llama-3.3-70B-Instruct/TG/tensor_cache_instruct_bfp8/layers.71.attention.wo_width_sharded_2d_prefetcher_dtype_BFLOAT8_B_layout_TILE.tensorbin of shape Shape([1, 1, 1024, 2048])
2026-08-29 09:16:48.059 | DEBUG    | core:as_tensor:724 - Loaded cache for /proj_sw/user_dev/ctr-apbernal/tt-metal/model_cache/meta-llama/Llama-3.3-70B-Instruct/TG/tensor_cache_instruct_bfp8/layers.71.attention.wo_width_sharded_2d_dram_dtype_BFLOAT8_B_layout_TILE.tensorbin of shape Shape([1, 1, 1024, 2048])
2026-08-29 09:16:48.106 | DEBUG    | core:as_tensor:724 - Loaded cache for /proj_sw/user_dev/ctr-apbernal/tt-metal/model_cache/meta-llama/Llama-3.3-70B-Instruct/TG/tensor_cache_instruct_bfp8/layers.71.attention.wo_col_sharded_dram_dtype_BFLOAT8_B_layout_TILE.tensorbin of shape Shape([1, 1, 8192, 2048])
2026-08-29 09:16:48.121 | DEBUG    | core:as_tensor:724 - Loaded cache for /proj_sw/user_dev/ctr-apbernal/tt-metal/model_cache/meta-llama/Llama-3.3-70B-Instruct/TG/tensor_cache_instruct_bfp8/kvcache_torch.Size([2048, 1, 64, 128])_dtype_BFLOAT8_B_layout_TILE.tensorbin of shape Shape([2048, 1, 64, 128])
2026-08-29 09:16:48.130 | DEBUG    | core:as_tensor:724 - Loaded cache for /proj_sw/user_dev/ctr-apbernal/tt-metal/model_cache/meta-llama/Llama-3.3-70B-Instruct/TG/tensor_cache_instruct_bfp8/kvcache_torch.Size([2048, 1, 64, 128])_dtype_BFLOAT8_B_layout_TILE.tensorbin of shape Shape([2048, 1, 64, 128])
2026-08-29 09:16:48.204 | DEBUG    | core:as_tensor:724 - Loaded cache for /proj_sw/user_dev/ctr-apbernal/tt-metal/model_cache/meta-llama/Llama-3.3-70B-Instruct/TG/tensor_cache_instruct_bfp8/layers.71.feed_forward.w1_shardedprefetcher_dtype_BFLOAT4_B_layout_TILE.tensorbin of shape Shape([1, 1, 2048, 3584])
2026-08-29 09:16:48.255 | DEBUG    | core:as_tensor:724 - Loaded cache for /proj_sw/user_dev/ctr-apbernal/tt-metal/model_cache/meta-llama/Llama-3.3-70B-Instruct/TG/tensor_cache_instruct_bfp8/layers.71.feed_forward.w2_shardedprefetcher_dtype_BFLOAT8_B_layout_TILE.tensorbin of shape Shape([1, 1, 3584, 2048])
2026-08-29 09:16:48.298 | DEBUG    | core:as_tensor:724 - Loaded cache for /proj_sw/user_dev/ctr-apbernal/tt-metal/model_cache/meta-llama/Llama-3.3-70B-Instruct/TG/tensor_cache_instruct_bfp8/layers.71.feed_forward.w3_shardedprefetcher_dtype_BFLOAT4_B_layout_TILE.tensorbin of shape Shape([1, 1, 2048, 3584])
2026-08-29 09:16:48.341 | DEBUG    | core:as_tensor:724 - Loaded cache for /proj_sw/user_dev/ctr-apbernal/tt-metal/model_cache/meta-llama/Llama-3.3-70B-Instruct/TG/tensor_cache_instruct_bfp8/layers.71.feed_forward.w1_interleavedprefetcher_dtype_BFLOAT4_B_layout_TILE.tensorbin of shape Shape([1, 1, 2048, 3584])
2026-08-29 09:16:48.388 | DEBUG    | core:as_tensor:724 - Loaded cache for /proj_sw/user_dev/ctr-apbernal/tt-metal/model_cache/meta-llama/Llama-3.3-70B-Instruct/TG/tensor_cache_instruct_bfp8/layers.71.feed_forward.w2_interleavedprefetcher_dtype_BFLOAT8_B_layout_TILE.tensorbin of shape Shape([1, 1, 3584, 2048])
2026-08-29 09:16:48.430 | DEBUG    | core:as_tensor:724 - Loaded cache for /proj_sw/user_dev/ctr-apbernal/tt-metal/model_cache/meta-llama/Llama-3.3-70B-Instruct/TG/tensor_cache_instruct_bfp8/layers.71.feed_forward.w3_interleavedprefetcher_dtype_BFLOAT4_B_layout_TILE.tensorbin of shape Shape([1, 1, 2048, 3584])
2026-08-29 09:16:48.435 | DEBUG    | core:as_tensor:724 - Loaded cache for /proj_sw/user_dev/ctr-apbernal/tt-metal/model_cache/meta-llama/Llama-3.3-70B-Instruct/TG/tensor_cache_instruct_bfp8/layers.71.attention_norm.weight_dtype_BFLOAT16_layout_ROW_MAJOR.tensorbin of shape Shape([1, 1, 256, 32])
2026-08-29 09:16:48.436 | DEBUG    | core:as_tensor:724 - Loaded cache for /proj_sw/user_dev/ctr-apbernal/tt-metal/model_cache/meta-llama/Llama-3.3-70B-Instruct/TG/tensor_cache_instruct_bfp8/layers.71.attention_norm.weight_distributed_dtype_BFLOAT16_layout_ROW_MAJOR.tensorbin of shape Shape([1, 1, 64, 32])
2026-08-29 09:16:48.438 | DEBUG    | core:as_tensor:724 - Loaded cache for /proj_sw/user_dev/ctr-apbernal/tt-metal/model_cache/meta-llama/Llama-3.3-70B-Instruct/TG/tensor_cache_instruct_bfp8/layers.71.ffn_norm.weight_dtype_BFLOAT16_layout_ROW_MAJOR.tensorbin of shape Shape([1, 1, 256, 32])
2026-08-29 09:16:48.440 | DEBUG    | core:as_tensor:724 - Loaded cache for /proj_sw/user_dev/ctr-apbernal/tt-metal/model_cache/meta-llama/Llama-3.3-70B-Instruct/TG/tensor_cache_instruct_bfp8/layers.71.ffn_norm.weight_distributed_dtype_BFLOAT16_layout_ROW_MAJOR.tensorbin of shape Shape([1, 1, 64, 32])
 90%|█████████ | 72/80 [00:40<00:04,  1.75it/s]2026-08-29 09:16:48.518 | DEBUG    | core:as_tensor:724 - Loaded cache for /proj_sw/user_dev/ctr-apbernal/tt-metal/model_cache/meta-llama/Llama-3.3-70B-Instruct/TG/tensor_cache_instruct_bfp8/layers.72.attention.wqkv_sharded_2d_prefetcher_dtype_BFLOAT8_B_layout_TILE.tensorbin of shape Shape([1, 1, 2048, 1280])
2026-08-29 09:16:48.560 | DEBUG    | core:as_tensor:724 - Loaded cache for /proj_sw/user_dev/ctr-apbernal/tt-metal/model_cache/meta-llama/Llama-3.3-70B-Instruct/TG/tensor_cache_instruct_bfp8/layers.72.attention.wqkv_sharded_2d_dram_dtype_BFLOAT8_B_layout_TILE.tensorbin of shape Shape([1, 1, 2048, 1280])
2026-08-29 09:16:48.599 | DEBUG    | core:as_tensor:724 - Loaded cache for /proj_sw/user_dev/ctr-apbernal/tt-metal/model_cache/meta-llama/Llama-3.3-70B-Instruct/TG/tensor_cache_instruct_bfp8/layers.72.attention.wo_width_sharded_2d_prefetcher_dtype_BFLOAT8_B_layout_TILE.tensorbin of shape Shape([1, 1, 1024, 2048])
2026-08-29 09:16:48.638 | DEBUG    | core:as_tensor:724 - Loaded cache for /proj_sw/user_dev/ctr-apbernal/tt-metal/model_cache/meta-llama/Llama-3.3-70B-Instruct/TG/tensor_cache_instruct_bfp8/layers.72.attention.wo_width_sharded_2d_dram_dtype_BFLOAT8_B_layout_TILE.tensorbin of shape Shape([1, 1, 1024, 2048])
2026-08-29 09:16:48.684 | DEBUG    | core:as_tensor:724 - Loaded cache for /proj_sw/user_dev/ctr-apbernal/tt-metal/model_cache/meta-llama/Llama-3.3-70B-Instruct/TG/tensor_cache_instruct_bfp8/layers.72.attention.wo_col_sharded_dram_dtype_BFLOAT8_B_layout_TILE.tensorbin of shape Shape([1, 1, 8192, 2048])
2026-08-29 09:16:48.699 | DEBUG    | core:as_tensor:724 - Loaded cache for /proj_sw/user_dev/ctr-apbernal/tt-metal/model_cache/meta-llama/Llama-3.3-70B-Instruct/TG/tensor_cache_instruct_bfp8/kvcache_torch.Size([2048, 1, 64, 128])_dtype_BFLOAT8_B_layout_TILE.tensorbin of shape Shape([2048, 1, 64, 128])
2026-08-29 09:16:48.707 | DEBUG    | core:as_tensor:724 - Loaded cache for /proj_sw/user_dev/ctr-apbernal/tt-metal/model_cache/meta-llama/Llama-3.3-70B-Instruct/TG/tensor_cache_instruct_bfp8/kvcache_torch.Size([2048, 1, 64, 128])_dtype_BFLOAT8_B_layout_TILE.tensorbin of shape Shape([2048, 1, 64, 128])
2026-08-29 09:16:48.774 | DEBUG    | core:as_tensor:724 - Loaded cache for /proj_sw/user_dev/ctr-apbernal/tt-metal/model_cache/meta-llama/Llama-3.3-70B-Instruct/TG/tensor_cache_instruct_bfp8/layers.72.feed_forward.w1_shardedprefetcher_dtype_BFLOAT4_B_layout_TILE.tensorbin of shape Shape([1, 1, 2048, 3584])
2026-08-29 09:16:48.822 | DEBUG    | core:as_tensor:724 - Loaded cache for /proj_sw/user_dev/ctr-apbernal/tt-metal/model_cache/meta-llama/Llama-3.3-70B-Instruct/TG/tensor_cache_instruct_bfp8/layers.72.feed_forward.w2_shardedprefetcher_dtype_BFLOAT8_B_layout_TILE.tensorbin of shape Shape([1, 1, 3584, 2048])
2026-08-29 09:16:48.864 | DEBUG    | core:as_tensor:724 - Loaded cache for /proj_sw/user_dev/ctr-apbernal/tt-metal/model_cache/meta-llama/Llama-3.3-70B-Instruct/TG/tensor_cache_instruct_bfp8/layers.72.feed_forward.w3_shardedprefetcher_dtype_BFLOAT4_B_layout_TILE.tensorbin of shape Shape([1, 1, 2048, 3584])
2026-08-29 09:16:48.906 | DEBUG    | core:as_tensor:724 - Loaded cache for /proj_sw/user_dev/ctr-apbernal/tt-metal/model_cache/meta-llama/Llama-3.3-70B-Instruct/TG/tensor_cache_instruct_bfp8/layers.72.feed_forward.w1_interleavedprefetcher_dtype_BFLOAT4_B_layout_TILE.tensorbin of shape Shape([1, 1, 2048, 3584])
2026-08-29 09:16:48.954 | DEBUG    | core:as_tensor:724 - Loaded cache for /proj_sw/user_dev/ctr-apbernal/tt-metal/model_cache/meta-llama/Llama-3.3-70B-Instruct/TG/tensor_cache_instruct_bfp8/layers.72.feed_forward.w2_interleavedprefetcher_dtype_BFLOAT8_B_layout_TILE.tensorbin of shape Shape([1, 1, 3584, 2048])
2026-08-29 09:16:48.996 | DEBUG    | core:as_tensor:724 - Loaded cache for /proj_sw/user_dev/ctr-apbernal/tt-metal/model_cache/meta-llama/Llama-3.3-70B-Instruct/TG/tensor_cache_instruct_bfp8/layers.72.feed_forward.w3_interleavedprefetcher_dtype_BFLOAT4_B_layout_TILE.tensorbin of shape Shape([1, 1, 2048, 3584])
2026-08-29 09:16:48.998 | DEBUG    | core:as_tensor:724 - Loaded cache for /proj_sw/user_dev/ctr-apbernal/tt-metal/model_cache/meta-llama/Llama-3.3-70B-Instruct/TG/tensor_cache_instruct_bfp8/layers.72.attention_norm.weight_dtype_BFLOAT16_layout_ROW_MAJOR.tensorbin of shape Shape([1, 1, 256, 32])
2026-08-29 09:16:48.999 | DEBUG    | core:as_tensor:724 - Loaded cache for /proj_sw/user_dev/ctr-apbernal/tt-metal/model_cache/meta-llama/Llama-3.3-70B-Instruct/TG/tensor_cache_instruct_bfp8/layers.72.attention_norm.weight_distributed_dtype_BFLOAT16_layout_ROW_MAJOR.tensorbin of shape Shape([1, 1, 64, 32])
2026-08-29 09:16:49.001 | DEBUG    | core:as_tensor:724 - Loaded cache for /proj_sw/user_dev/ctr-apbernal/tt-metal/model_cache/meta-llama/Llama-3.3-70B-Instruct/TG/tensor_cache_instruct_bfp8/layers.72.ffn_norm.weight_dtype_BFLOAT16_layout_ROW_MAJOR.tensorbin of shape Shape([1, 1, 256, 32])
2026-08-29 09:16:49.003 | DEBUG    | core:as_tensor:724 - Loaded cache for /proj_sw/user_dev/ctr-apbernal/tt-metal/model_cache/meta-llama/Llama-3.3-70B-Instruct/TG/tensor_cache_instruct_bfp8/layers.72.ffn_norm.weight_distributed_dtype_BFLOAT16_layout_ROW_MAJOR.tensorbin of shape Shape([1, 1, 64, 32])
 91%|█████████▏| 73/80 [00:41<00:03,  1.76it/s]2026-08-29 09:16:49.078 | DEBUG    | core:as_tensor:724 - Loaded cache for /proj_sw/user_dev/ctr-apbernal/tt-metal/model_cache/meta-llama/Llama-3.3-70B-Instruct/TG/tensor_cache_instruct_bfp8/layers.73.attention.wqkv_sharded_2d_prefetcher_dtype_BFLOAT8_B_layout_TILE.tensorbin of shape Shape([1, 1, 2048, 1280])
2026-08-29 09:16:49.118 | DEBUG    | core:as_tensor:724 - Loaded cache for /proj_sw/user_dev/ctr-apbernal/tt-metal/model_cache/meta-llama/Llama-3.3-70B-Instruct/TG/tensor_cache_instruct_bfp8/layers.73.attention.wqkv_sharded_2d_dram_dtype_BFLOAT8_B_layout_TILE.tensorbin of shape Shape([1, 1, 2048, 1280])
2026-08-29 09:16:49.157 | DEBUG    | core:as_tensor:724 - Loaded cache for /proj_sw/user_dev/ctr-apbernal/tt-metal/model_cache/meta-llama/Llama-3.3-70B-Instruct/TG/tensor_cache_instruct_bfp8/layers.73.attention.wo_width_sharded_2d_prefetcher_dtype_BFLOAT8_B_layout_TILE.tensorbin of shape Shape([1, 1, 1024, 2048])
2026-08-29 09:16:49.197 | DEBUG    | core:as_tensor:724 - Loaded cache for /proj_sw/user_dev/ctr-apbernal/tt-metal/model_cache/meta-llama/Llama-3.3-70B-Instruct/TG/tensor_cache_instruct_bfp8/layers.73.attention.wo_width_sharded_2d_dram_dtype_BFLOAT8_B_layout_TILE.tensorbin of shape Shape([1, 1, 1024, 2048])
2026-08-29 09:16:49.244 | DEBUG    | core:as_tensor:724 - Loaded cache for /proj_sw/user_dev/ctr-apbernal/tt-metal/model_cache/meta-llama/Llama-3.3-70B-Instruct/TG/tensor_cache_instruct_bfp8/layers.73.attention.wo_col_sharded_dram_dtype_BFLOAT8_B_layout_TILE.tensorbin of shape Shape([1, 1, 8192, 2048])
2026-08-29 09:16:49.260 | DEBUG    | core:as_tensor:724 - Loaded cache for /proj_sw/user_dev/ctr-apbernal/tt-metal/model_cache/meta-llama/Llama-3.3-70B-Instruct/TG/tensor_cache_instruct_bfp8/kvcache_torch.Size([2048, 1, 64, 128])_dtype_BFLOAT8_B_layout_TILE.tensorbin of shape Shape([2048, 1, 64, 128])
2026-08-29 09:16:49.268 | DEBUG    | core:as_tensor:724 - Loaded cache for /proj_sw/user_dev/ctr-apbernal/tt-metal/model_cache/meta-llama/Llama-3.3-70B-Instruct/TG/tensor_cache_instruct_bfp8/kvcache_torch.Size([2048, 1, 64, 128])_dtype_BFLOAT8_B_layout_TILE.tensorbin of shape Shape([2048, 1, 64, 128])
2026-08-29 09:16:49.335 | DEBUG    | core:as_tensor:724 - Loaded cache for /proj_sw/user_dev/ctr-apbernal/tt-metal/model_cache/meta-llama/Llama-3.3-70B-Instruct/TG/tensor_cache_instruct_bfp8/layers.73.feed_forward.w1_shardedprefetcher_dtype_BFLOAT4_B_layout_TILE.tensorbin of shape Shape([1, 1, 2048, 3584])
2026-08-29 09:16:49.383 | DEBUG    | core:as_tensor:724 - Loaded cache for /proj_sw/user_dev/ctr-apbernal/tt-metal/model_cache/meta-llama/Llama-3.3-70B-Instruct/TG/tensor_cache_instruct_bfp8/layers.73.feed_forward.w2_shardedprefetcher_dtype_BFLOAT8_B_layout_TILE.tensorbin of shape Shape([1, 1, 3584, 2048])
2026-08-29 09:16:49.428 | DEBUG    | core:as_tensor:724 - Loaded cache for /proj_sw/user_dev/ctr-apbernal/tt-metal/model_cache/meta-llama/Llama-3.3-70B-Instruct/TG/tensor_cache_instruct_bfp8/layers.73.feed_forward.w3_shardedprefetcher_dtype_BFLOAT4_B_layout_TILE.tensorbin of shape Shape([1, 1, 2048, 3584])
2026-08-29 09:16:49.471 | DEBUG    | core:as_tensor:724 - Loaded cache for /proj_sw/user_dev/ctr-apbernal/tt-metal/model_cache/meta-llama/Llama-3.3-70B-Instruct/TG/tensor_cache_instruct_bfp8/layers.73.feed_forward.w1_interleavedprefetcher_dtype_BFLOAT4_B_layout_TILE.tensorbin of shape Shape([1, 1, 2048, 3584])
2026-08-29 09:16:49.518 | DEBUG    | core:as_tensor:724 - Loaded cache for /proj_sw/user_dev/ctr-apbernal/tt-metal/model_cache/meta-llama/Llama-3.3-70B-Instruct/TG/tensor_cache_instruct_bfp8/layers.73.feed_forward.w2_interleavedprefetcher_dtype_BFLOAT8_B_layout_TILE.tensorbin of shape Shape([1, 1, 3584, 2048])
2026-08-29 09:16:49.560 | DEBUG    | core:as_tensor:724 - Loaded cache for /proj_sw/user_dev/ctr-apbernal/tt-metal/model_cache/meta-llama/Llama-3.3-70B-Instruct/TG/tensor_cache_instruct_bfp8/layers.73.feed_forward.w3_interleavedprefetcher_dtype_BFLOAT4_B_layout_TILE.tensorbin of shape Shape([1, 1, 2048, 3584])
2026-08-29 09:16:49.562 | DEBUG    | core:as_tensor:724 - Loaded cache for /proj_sw/user_dev/ctr-apbernal/tt-metal/model_cache/meta-llama/Llama-3.3-70B-Instruct/TG/tensor_cache_instruct_bfp8/layers.73.attention_norm.weight_dtype_BFLOAT16_layout_ROW_MAJOR.tensorbin of shape Shape([1, 1, 256, 32])
2026-08-29 09:16:49.564 | DEBUG    | core:as_tensor:724 - Loaded cache for /proj_sw/user_dev/ctr-apbernal/tt-metal/model_cache/meta-llama/Llama-3.3-70B-Instruct/TG/tensor_cache_instruct_bfp8/layers.73.attention_norm.weight_distributed_dtype_BFLOAT16_layout_ROW_MAJOR.tensorbin of shape Shape([1, 1, 64, 32])
2026-08-29 09:16:49.566 | DEBUG    | core:as_tensor:724 - Loaded cache for /proj_sw/user_dev/ctr-apbernal/tt-metal/model_cache/meta-llama/Llama-3.3-70B-Instruct/TG/tensor_cache_instruct_bfp8/layers.73.ffn_norm.weight_dtype_BFLOAT16_layout_ROW_MAJOR.tensorbin of shape Shape([1, 1, 256, 32])
2026-08-29 09:16:49.568 | DEBUG    | core:as_tensor:724 - Loaded cache for /proj_sw/user_dev/ctr-apbernal/tt-metal/model_cache/meta-llama/Llama-3.3-70B-Instruct/TG/tensor_cache_instruct_bfp8/layers.73.ffn_norm.weight_distributed_dtype_BFLOAT16_layout_ROW_MAJOR.tensorbin of shape Shape([1, 1, 64, 32])
 92%|█████████▎| 74/80 [00:42<00:03,  1.76it/s]2026-08-29 09:16:49.651 | DEBUG    | core:as_tensor:724 - Loaded cache for /proj_sw/user_dev/ctr-apbernal/tt-metal/model_cache/meta-llama/Llama-3.3-70B-Instruct/TG/tensor_cache_instruct_bfp8/layers.74.attention.wqkv_sharded_2d_prefetcher_dtype_BFLOAT8_B_layout_TILE.tensorbin of shape Shape([1, 1, 2048, 1280])
2026-08-29 09:16:49.691 | DEBUG    | core:as_tensor:724 - Loaded cache for /proj_sw/user_dev/ctr-apbernal/tt-metal/model_cache/meta-llama/Llama-3.3-70B-Instruct/TG/tensor_cache_instruct_bfp8/layers.74.attention.wqkv_sharded_2d_dram_dtype_BFLOAT8_B_layout_TILE.tensorbin of shape Shape([1, 1, 2048, 1280])
2026-08-29 09:16:49.730 | DEBUG    | core:as_tensor:724 - Loaded cache for /proj_sw/user_dev/ctr-apbernal/tt-metal/model_cache/meta-llama/Llama-3.3-70B-Instruct/TG/tensor_cache_instruct_bfp8/layers.74.attention.wo_width_sharded_2d_prefetcher_dtype_BFLOAT8_B_layout_TILE.tensorbin of shape Shape([1, 1, 1024, 2048])
2026-08-29 09:16:49.769 | DEBUG    | core:as_tensor:724 - Loaded cache for /proj_sw/user_dev/ctr-apbernal/tt-metal/model_cache/meta-llama/Llama-3.3-70B-Instruct/TG/tensor_cache_instruct_bfp8/layers.74.attention.wo_width_sharded_2d_dram_dtype_BFLOAT8_B_layout_TILE.tensorbin of shape Shape([1, 1, 1024, 2048])
2026-08-29 09:16:49.816 | DEBUG    | core:as_tensor:724 - Loaded cache for /proj_sw/user_dev/ctr-apbernal/tt-metal/model_cache/meta-llama/Llama-3.3-70B-Instruct/TG/tensor_cache_instruct_bfp8/layers.74.attention.wo_col_sharded_dram_dtype_BFLOAT8_B_layout_TILE.tensorbin of shape Shape([1, 1, 8192, 2048])
2026-08-29 09:16:49.831 | DEBUG    | core:as_tensor:724 - Loaded cache for /proj_sw/user_dev/ctr-apbernal/tt-metal/model_cache/meta-llama/Llama-3.3-70B-Instruct/TG/tensor_cache_instruct_bfp8/kvcache_torch.Size([2048, 1, 64, 128])_dtype_BFLOAT8_B_layout_TILE.tensorbin of shape Shape([2048, 1, 64, 128])
2026-08-29 09:16:49.840 | DEBUG    | core:as_tensor:724 - Loaded cache for /proj_sw/user_dev/ctr-apbernal/tt-metal/model_cache/meta-llama/Llama-3.3-70B-Instruct/TG/tensor_cache_instruct_bfp8/kvcache_torch.Size([2048, 1, 64, 128])_dtype_BFLOAT8_B_layout_TILE.tensorbin of shape Shape([2048, 1, 64, 128])
2026-08-29 09:16:49.906 | DEBUG    | core:as_tensor:724 - Loaded cache for /proj_sw/user_dev/ctr-apbernal/tt-metal/model_cache/meta-llama/Llama-3.3-70B-Instruct/TG/tensor_cache_instruct_bfp8/layers.74.feed_forward.w1_shardedprefetcher_dtype_BFLOAT4_B_layout_TILE.tensorbin of shape Shape([1, 1, 2048, 3584])
2026-08-29 09:16:49.954 | DEBUG    | core:as_tensor:724 - Loaded cache for /proj_sw/user_dev/ctr-apbernal/tt-metal/model_cache/meta-llama/Llama-3.3-70B-Instruct/TG/tensor_cache_instruct_bfp8/layers.74.feed_forward.w2_shardedprefetcher_dtype_BFLOAT8_B_layout_TILE.tensorbin of shape Shape([1, 1, 3584, 2048])
2026-08-29 09:16:49.996 | DEBUG    | core:as_tensor:724 - Loaded cache for /proj_sw/user_dev/ctr-apbernal/tt-metal/model_cache/meta-llama/Llama-3.3-70B-Instruct/TG/tensor_cache_instruct_bfp8/layers.74.feed_forward.w3_shardedprefetcher_dtype_BFLOAT4_B_layout_TILE.tensorbin of shape Shape([1, 1, 2048, 3584])
2026-08-29 09:16:50.038 | DEBUG    | core:as_tensor:724 - Loaded cache for /proj_sw/user_dev/ctr-apbernal/tt-metal/model_cache/meta-llama/Llama-3.3-70B-Instruct/TG/tensor_cache_instruct_bfp8/layers.74.feed_forward.w1_interleavedprefetcher_dtype_BFLOAT4_B_layout_TILE.tensorbin of shape Shape([1, 1, 2048, 3584])
2026-08-29 09:16:50.086 | DEBUG    | core:as_tensor:724 - Loaded cache for /proj_sw/user_dev/ctr-apbernal/tt-metal/model_cache/meta-llama/Llama-3.3-70B-Instruct/TG/tensor_cache_instruct_bfp8/layers.74.feed_forward.w2_interleavedprefetcher_dtype_BFLOAT8_B_layout_TILE.tensorbin of shape Shape([1, 1, 3584, 2048])
2026-08-29 09:16:50.128 | DEBUG    | core:as_tensor:724 - Loaded cache for /proj_sw/user_dev/ctr-apbernal/tt-metal/model_cache/meta-llama/Llama-3.3-70B-Instruct/TG/tensor_cache_instruct_bfp8/layers.74.feed_forward.w3_interleavedprefetcher_dtype_BFLOAT4_B_layout_TILE.tensorbin of shape Shape([1, 1, 2048, 3584])
2026-08-29 09:16:50.130 | DEBUG    | core:as_tensor:724 - Loaded cache for /proj_sw/user_dev/ctr-apbernal/tt-metal/model_cache/meta-llama/Llama-3.3-70B-Instruct/TG/tensor_cache_instruct_bfp8/layers.74.attention_norm.weight_dtype_BFLOAT16_layout_ROW_MAJOR.tensorbin of shape Shape([1, 1, 256, 32])
2026-08-29 09:16:50.132 | DEBUG    | core:as_tensor:724 - Loaded cache for /proj_sw/user_dev/ctr-apbernal/tt-metal/model_cache/meta-llama/Llama-3.3-70B-Instruct/TG/tensor_cache_instruct_bfp8/layers.74.attention_norm.weight_distributed_dtype_BFLOAT16_layout_ROW_MAJOR.tensorbin of shape Shape([1, 1, 64, 32])
2026-08-29 09:16:50.133 | DEBUG    | core:as_tensor:724 - Loaded cache for /proj_sw/user_dev/ctr-apbernal/tt-metal/model_cache/meta-llama/Llama-3.3-70B-Instruct/TG/tensor_cache_instruct_bfp8/layers.74.ffn_norm.weight_dtype_BFLOAT16_layout_ROW_MAJOR.tensorbin of shape Shape([1, 1, 256, 32])
2026-08-29 09:16:50.134 | DEBUG    | core:as_tensor:724 - Loaded cache for /proj_sw/user_dev/ctr-apbernal/tt-metal/model_cache/meta-llama/Llama-3.3-70B-Instruct/TG/tensor_cache_instruct_bfp8/layers.74.ffn_norm.weight_distributed_dtype_BFLOAT16_layout_ROW_MAJOR.tensorbin of shape Shape([1, 1, 64, 32])
 94%|█████████▍| 75/80 [00:42<00:02,  1.76it/s]2026-08-29 09:16:50.218 | DEBUG    | core:as_tensor:724 - Loaded cache for /proj_sw/user_dev/ctr-apbernal/tt-metal/model_cache/meta-llama/Llama-3.3-70B-Instruct/TG/tensor_cache_instruct_bfp8/layers.75.attention.wqkv_sharded_2d_prefetcher_dtype_BFLOAT8_B_layout_TILE.tensorbin of shape Shape([1, 1, 2048, 1280])
2026-08-29 09:16:50.258 | DEBUG    | core:as_tensor:724 - Loaded cache for /proj_sw/user_dev/ctr-apbernal/tt-metal/model_cache/meta-llama/Llama-3.3-70B-Instruct/TG/tensor_cache_instruct_bfp8/layers.75.attention.wqkv_sharded_2d_dram_dtype_BFLOAT8_B_layout_TILE.tensorbin of shape Shape([1, 1, 2048, 1280])
2026-08-29 09:16:50.301 | DEBUG    | core:as_tensor:724 - Loaded cache for /proj_sw/user_dev/ctr-apbernal/tt-metal/model_cache/meta-llama/Llama-3.3-70B-Instruct/TG/tensor_cache_instruct_bfp8/layers.75.attention.wo_width_sharded_2d_prefetcher_dtype_BFLOAT8_B_layout_TILE.tensorbin of shape Shape([1, 1, 1024, 2048])
2026-08-29 09:16:50.340 | DEBUG    | core:as_tensor:724 - Loaded cache for /proj_sw/user_dev/ctr-apbernal/tt-metal/model_cache/meta-llama/Llama-3.3-70B-Instruct/TG/tensor_cache_instruct_bfp8/layers.75.attention.wo_width_sharded_2d_dram_dtype_BFLOAT8_B_layout_TILE.tensorbin of shape Shape([1, 1, 1024, 2048])
2026-08-29 09:16:50.386 | DEBUG    | core:as_tensor:724 - Loaded cache for /proj_sw/user_dev/ctr-apbernal/tt-metal/model_cache/meta-llama/Llama-3.3-70B-Instruct/TG/tensor_cache_instruct_bfp8/layers.75.attention.wo_col_sharded_dram_dtype_BFLOAT8_B_layout_TILE.tensorbin of shape Shape([1, 1, 8192, 2048])
2026-08-29 09:16:50.404 | DEBUG    | core:as_tensor:724 - Loaded cache for /proj_sw/user_dev/ctr-apbernal/tt-metal/model_cache/meta-llama/Llama-3.3-70B-Instruct/TG/tensor_cache_instruct_bfp8/kvcache_torch.Size([2048, 1, 64, 128])_dtype_BFLOAT8_B_layout_TILE.tensorbin of shape Shape([2048, 1, 64, 128])
2026-08-29 09:16:50.412 | DEBUG    | core:as_tensor:724 - Loaded cache for /proj_sw/user_dev/ctr-apbernal/tt-metal/model_cache/meta-llama/Llama-3.3-70B-Instruct/TG/tensor_cache_instruct_bfp8/kvcache_torch.Size([2048, 1, 64, 128])_dtype_BFLOAT8_B_layout_TILE.tensorbin of shape Shape([2048, 1, 64, 128])
2026-08-29 09:16:50.480 | DEBUG    | core:as_tensor:724 - Loaded cache for /proj_sw/user_dev/ctr-apbernal/tt-metal/model_cache/meta-llama/Llama-3.3-70B-Instruct/TG/tensor_cache_instruct_bfp8/layers.75.feed_forward.w1_shardedprefetcher_dtype_BFLOAT4_B_layout_TILE.tensorbin of shape Shape([1, 1, 2048, 3584])
2026-08-29 09:16:50.529 | DEBUG    | core:as_tensor:724 - Loaded cache for /proj_sw/user_dev/ctr-apbernal/tt-metal/model_cache/meta-llama/Llama-3.3-70B-Instruct/TG/tensor_cache_instruct_bfp8/layers.75.feed_forward.w2_shardedprefetcher_dtype_BFLOAT8_B_layout_TILE.tensorbin of shape Shape([1, 1, 3584, 2048])
2026-08-29 09:16:50.571 | DEBUG    | core:as_tensor:724 - Loaded cache for /proj_sw/user_dev/ctr-apbernal/tt-metal/model_cache/meta-llama/Llama-3.3-70B-Instruct/TG/tensor_cache_instruct_bfp8/layers.75.feed_forward.w3_shardedprefetcher_dtype_BFLOAT4_B_layout_TILE.tensorbin of shape Shape([1, 1, 2048, 3584])
2026-08-29 09:16:50.613 | DEBUG    | core:as_tensor:724 - Loaded cache for /proj_sw/user_dev/ctr-apbernal/tt-metal/model_cache/meta-llama/Llama-3.3-70B-Instruct/TG/tensor_cache_instruct_bfp8/layers.75.feed_forward.w1_interleavedprefetcher_dtype_BFLOAT4_B_layout_TILE.tensorbin of shape Shape([1, 1, 2048, 3584])
2026-08-29 09:16:50.661 | DEBUG    | core:as_tensor:724 - Loaded cache for /proj_sw/user_dev/ctr-apbernal/tt-metal/model_cache/meta-llama/Llama-3.3-70B-Instruct/TG/tensor_cache_instruct_bfp8/layers.75.feed_forward.w2_interleavedprefetcher_dtype_BFLOAT8_B_layout_TILE.tensorbin of shape Shape([1, 1, 3584, 2048])
2026-08-29 09:16:50.704 | DEBUG    | core:as_tensor:724 - Loaded cache for /proj_sw/user_dev/ctr-apbernal/tt-metal/model_cache/meta-llama/Llama-3.3-70B-Instruct/TG/tensor_cache_instruct_bfp8/layers.75.feed_forward.w3_interleavedprefetcher_dtype_BFLOAT4_B_layout_TILE.tensorbin of shape Shape([1, 1, 2048, 3584])
2026-08-29 09:16:50.706 | DEBUG    | core:as_tensor:724 - Loaded cache for /proj_sw/user_dev/ctr-apbernal/tt-metal/model_cache/meta-llama/Llama-3.3-70B-Instruct/TG/tensor_cache_instruct_bfp8/layers.75.attention_norm.weight_dtype_BFLOAT16_layout_ROW_MAJOR.tensorbin of shape Shape([1, 1, 256, 32])
2026-08-29 09:16:50.709 | DEBUG    | core:as_tensor:724 - Loaded cache for /proj_sw/user_dev/ctr-apbernal/tt-metal/model_cache/meta-llama/Llama-3.3-70B-Instruct/TG/tensor_cache_instruct_bfp8/layers.75.attention_norm.weight_distributed_dtype_BFLOAT16_layout_ROW_MAJOR.tensorbin of shape Shape([1, 1, 64, 32])
2026-08-29 09:16:50.710 | DEBUG    | core:as_tensor:724 - Loaded cache for /proj_sw/user_dev/ctr-apbernal/tt-metal/model_cache/meta-llama/Llama-3.3-70B-Instruct/TG/tensor_cache_instruct_bfp8/layers.75.ffn_norm.weight_dtype_BFLOAT16_layout_ROW_MAJOR.tensorbin of shape Shape([1, 1, 256, 32])
2026-08-29 09:16:50.712 | DEBUG    | core:as_tensor:724 - Loaded cache for /proj_sw/user_dev/ctr-apbernal/tt-metal/model_cache/meta-llama/Llama-3.3-70B-Instruct/TG/tensor_cache_instruct_bfp8/layers.75.ffn_norm.weight_distributed_dtype_BFLOAT16_layout_ROW_MAJOR.tensorbin of shape Shape([1, 1, 64, 32])
 95%|█████████▌| 76/80 [00:43<00:02,  1.75it/s]2026-08-29 09:16:50.790 | DEBUG    | core:as_tensor:724 - Loaded cache for /proj_sw/user_dev/ctr-apbernal/tt-metal/model_cache/meta-llama/Llama-3.3-70B-Instruct/TG/tensor_cache_instruct_bfp8/layers.76.attention.wqkv_sharded_2d_prefetcher_dtype_BFLOAT8_B_layout_TILE.tensorbin of shape Shape([1, 1, 2048, 1280])
2026-08-29 09:16:50.829 | DEBUG    | core:as_tensor:724 - Loaded cache for /proj_sw/user_dev/ctr-apbernal/tt-metal/model_cache/meta-llama/Llama-3.3-70B-Instruct/TG/tensor_cache_instruct_bfp8/layers.76.attention.wqkv_sharded_2d_dram_dtype_BFLOAT8_B_layout_TILE.tensorbin of shape Shape([1, 1, 2048, 1280])
2026-08-29 09:16:50.869 | DEBUG    | core:as_tensor:724 - Loaded cache for /proj_sw/user_dev/ctr-apbernal/tt-metal/model_cache/meta-llama/Llama-3.3-70B-Instruct/TG/tensor_cache_instruct_bfp8/layers.76.attention.wo_width_sharded_2d_prefetcher_dtype_BFLOAT8_B_layout_TILE.tensorbin of shape Shape([1, 1, 1024, 2048])
2026-08-29 09:16:50.908 | DEBUG    | core:as_tensor:724 - Loaded cache for /proj_sw/user_dev/ctr-apbernal/tt-metal/model_cache/meta-llama/Llama-3.3-70B-Instruct/TG/tensor_cache_instruct_bfp8/layers.76.attention.wo_width_sharded_2d_dram_dtype_BFLOAT8_B_layout_TILE.tensorbin of shape Shape([1, 1, 1024, 2048])
2026-08-29 09:16:50.954 | DEBUG    | core:as_tensor:724 - Loaded cache for /proj_sw/user_dev/ctr-apbernal/tt-metal/model_cache/meta-llama/Llama-3.3-70B-Instruct/TG/tensor_cache_instruct_bfp8/layers.76.attention.wo_col_sharded_dram_dtype_BFLOAT8_B_layout_TILE.tensorbin of shape Shape([1, 1, 8192, 2048])
2026-08-29 09:16:50.970 | DEBUG    | core:as_tensor:724 - Loaded cache for /proj_sw/user_dev/ctr-apbernal/tt-metal/model_cache/meta-llama/Llama-3.3-70B-Instruct/TG/tensor_cache_instruct_bfp8/kvcache_torch.Size([2048, 1, 64, 128])_dtype_BFLOAT8_B_layout_TILE.tensorbin of shape Shape([2048, 1, 64, 128])
2026-08-29 09:16:50.978 | DEBUG    | core:as_tensor:724 - Loaded cache for /proj_sw/user_dev/ctr-apbernal/tt-metal/model_cache/meta-llama/Llama-3.3-70B-Instruct/TG/tensor_cache_instruct_bfp8/kvcache_torch.Size([2048, 1, 64, 128])_dtype_BFLOAT8_B_layout_TILE.tensorbin of shape Shape([2048, 1, 64, 128])
2026-08-29 09:16:51.043 | DEBUG    | core:as_tensor:724 - Loaded cache for /proj_sw/user_dev/ctr-apbernal/tt-metal/model_cache/meta-llama/Llama-3.3-70B-Instruct/TG/tensor_cache_instruct_bfp8/layers.76.feed_forward.w1_shardedprefetcher_dtype_BFLOAT4_B_layout_TILE.tensorbin of shape Shape([1, 1, 2048, 3584])
2026-08-29 09:16:51.091 | DEBUG    | core:as_tensor:724 - Loaded cache for /proj_sw/user_dev/ctr-apbernal/tt-metal/model_cache/meta-llama/Llama-3.3-70B-Instruct/TG/tensor_cache_instruct_bfp8/layers.76.feed_forward.w2_shardedprefetcher_dtype_BFLOAT8_B_layout_TILE.tensorbin of shape Shape([1, 1, 3584, 2048])
2026-08-29 09:16:51.133 | DEBUG    | core:as_tensor:724 - Loaded cache for /proj_sw/user_dev/ctr-apbernal/tt-metal/model_cache/meta-llama/Llama-3.3-70B-Instruct/TG/tensor_cache_instruct_bfp8/layers.76.feed_forward.w3_shardedprefetcher_dtype_BFLOAT4_B_layout_TILE.tensorbin of shape Shape([1, 1, 2048, 3584])
2026-08-29 09:16:51.176 | DEBUG    | core:as_tensor:724 - Loaded cache for /proj_sw/user_dev/ctr-apbernal/tt-metal/model_cache/meta-llama/Llama-3.3-70B-Instruct/TG/tensor_cache_instruct_bfp8/layers.76.feed_forward.w1_interleavedprefetcher_dtype_BFLOAT4_B_layout_TILE.tensorbin of shape Shape([1, 1, 2048, 3584])
2026-08-29 09:16:51.223 | DEBUG    | core:as_tensor:724 - Loaded cache for /proj_sw/user_dev/ctr-apbernal/tt-metal/model_cache/meta-llama/Llama-3.3-70B-Instruct/TG/tensor_cache_instruct_bfp8/layers.76.feed_forward.w2_interleavedprefetcher_dtype_BFLOAT8_B_layout_TILE.tensorbin of shape Shape([1, 1, 3584, 2048])
2026-08-29 09:16:51.265 | DEBUG    | core:as_tensor:724 - Loaded cache for /proj_sw/user_dev/ctr-apbernal/tt-metal/model_cache/meta-llama/Llama-3.3-70B-Instruct/TG/tensor_cache_instruct_bfp8/layers.76.feed_forward.w3_interleavedprefetcher_dtype_BFLOAT4_B_layout_TILE.tensorbin of shape Shape([1, 1, 2048, 3584])
2026-08-29 09:16:51.270 | DEBUG    | core:as_tensor:724 - Loaded cache for /proj_sw/user_dev/ctr-apbernal/tt-metal/model_cache/meta-llama/Llama-3.3-70B-Instruct/TG/tensor_cache_instruct_bfp8/layers.76.attention_norm.weight_dtype_BFLOAT16_layout_ROW_MAJOR.tensorbin of shape Shape([1, 1, 256, 32])
2026-08-29 09:16:51.271 | DEBUG    | core:as_tensor:724 - Loaded cache for /proj_sw/user_dev/ctr-apbernal/tt-metal/model_cache/meta-llama/Llama-3.3-70B-Instruct/TG/tensor_cache_instruct_bfp8/layers.76.attention_norm.weight_distributed_dtype_BFLOAT16_layout_ROW_MAJOR.tensorbin of shape Shape([1, 1, 64, 32])
2026-08-29 09:16:51.273 | DEBUG    | core:as_tensor:724 - Loaded cache for /proj_sw/user_dev/ctr-apbernal/tt-metal/model_cache/meta-llama/Llama-3.3-70B-Instruct/TG/tensor_cache_instruct_bfp8/layers.76.ffn_norm.weight_dtype_BFLOAT16_layout_ROW_MAJOR.tensorbin of shape Shape([1, 1, 256, 32])
2026-08-29 09:16:51.276 | DEBUG    | core:as_tensor:724 - Loaded cache for /proj_sw/user_dev/ctr-apbernal/tt-metal/model_cache/meta-llama/Llama-3.3-70B-Instruct/TG/tensor_cache_instruct_bfp8/layers.76.ffn_norm.weight_distributed_dtype_BFLOAT16_layout_ROW_MAJOR.tensorbin of shape Shape([1, 1, 64, 32])
 96%|█████████▋| 77/80 [00:43<00:01,  1.76it/s]2026-08-29 09:16:51.356 | DEBUG    | core:as_tensor:724 - Loaded cache for /proj_sw/user_dev/ctr-apbernal/tt-metal/model_cache/meta-llama/Llama-3.3-70B-Instruct/TG/tensor_cache_instruct_bfp8/layers.77.attention.wqkv_sharded_2d_prefetcher_dtype_BFLOAT8_B_layout_TILE.tensorbin of shape Shape([1, 1, 2048, 1280])
2026-08-29 09:16:51.397 | DEBUG    | core:as_tensor:724 - Loaded cache for /proj_sw/user_dev/ctr-apbernal/tt-metal/model_cache/meta-llama/Llama-3.3-70B-Instruct/TG/tensor_cache_instruct_bfp8/layers.77.attention.wqkv_sharded_2d_dram_dtype_BFLOAT8_B_layout_TILE.tensorbin of shape Shape([1, 1, 2048, 1280])
2026-08-29 09:16:51.439 | DEBUG    | core:as_tensor:724 - Loaded cache for /proj_sw/user_dev/ctr-apbernal/tt-metal/model_cache/meta-llama/Llama-3.3-70B-Instruct/TG/tensor_cache_instruct_bfp8/layers.77.attention.wo_width_sharded_2d_prefetcher_dtype_BFLOAT8_B_layout_TILE.tensorbin of shape Shape([1, 1, 1024, 2048])
2026-08-29 09:16:51.478 | DEBUG    | core:as_tensor:724 - Loaded cache for /proj_sw/user_dev/ctr-apbernal/tt-metal/model_cache/meta-llama/Llama-3.3-70B-Instruct/TG/tensor_cache_instruct_bfp8/layers.77.attention.wo_width_sharded_2d_dram_dtype_BFLOAT8_B_layout_TILE.tensorbin of shape Shape([1, 1, 1024, 2048])
2026-08-29 09:16:51.524 | DEBUG    | core:as_tensor:724 - Loaded cache for /proj_sw/user_dev/ctr-apbernal/tt-metal/model_cache/meta-llama/Llama-3.3-70B-Instruct/TG/tensor_cache_instruct_bfp8/layers.77.attention.wo_col_sharded_dram_dtype_BFLOAT8_B_layout_TILE.tensorbin of shape Shape([1, 1, 8192, 2048])
2026-08-29 09:16:51.538 | DEBUG    | core:as_tensor:724 - Loaded cache for /proj_sw/user_dev/ctr-apbernal/tt-metal/model_cache/meta-llama/Llama-3.3-70B-Instruct/TG/tensor_cache_instruct_bfp8/kvcache_torch.Size([2048, 1, 64, 128])_dtype_BFLOAT8_B_layout_TILE.tensorbin of shape Shape([2048, 1, 64, 128])
2026-08-29 09:16:51.546 | DEBUG    | core:as_tensor:724 - Loaded cache for /proj_sw/user_dev/ctr-apbernal/tt-metal/model_cache/meta-llama/Llama-3.3-70B-Instruct/TG/tensor_cache_instruct_bfp8/kvcache_torch.Size([2048, 1, 64, 128])_dtype_BFLOAT8_B_layout_TILE.tensorbin of shape Shape([2048, 1, 64, 128])
2026-08-29 09:16:51.612 | DEBUG    | core:as_tensor:724 - Loaded cache for /proj_sw/user_dev/ctr-apbernal/tt-metal/model_cache/meta-llama/Llama-3.3-70B-Instruct/TG/tensor_cache_instruct_bfp8/layers.77.feed_forward.w1_shardedprefetcher_dtype_BFLOAT4_B_layout_TILE.tensorbin of shape Shape([1, 1, 2048, 3584])
2026-08-29 09:16:51.660 | DEBUG    | core:as_tensor:724 - Loaded cache for /proj_sw/user_dev/ctr-apbernal/tt-metal/model_cache/meta-llama/Llama-3.3-70B-Instruct/TG/tensor_cache_instruct_bfp8/layers.77.feed_forward.w2_shardedprefetcher_dtype_BFLOAT8_B_layout_TILE.tensorbin of shape Shape([1, 1, 3584, 2048])
2026-08-29 09:16:51.703 | DEBUG    | core:as_tensor:724 - Loaded cache for /proj_sw/user_dev/ctr-apbernal/tt-metal/model_cache/meta-llama/Llama-3.3-70B-Instruct/TG/tensor_cache_instruct_bfp8/layers.77.feed_forward.w3_shardedprefetcher_dtype_BFLOAT4_B_layout_TILE.tensorbin of shape Shape([1, 1, 2048, 3584])
2026-08-29 09:16:51.745 | DEBUG    | core:as_tensor:724 - Loaded cache for /proj_sw/user_dev/ctr-apbernal/tt-metal/model_cache/meta-llama/Llama-3.3-70B-Instruct/TG/tensor_cache_instruct_bfp8/layers.77.feed_forward.w1_interleavedprefetcher_dtype_BFLOAT4_B_layout_TILE.tensorbin of shape Shape([1, 1, 2048, 3584])
2026-08-29 09:16:51.793 | DEBUG    | core:as_tensor:724 - Loaded cache for /proj_sw/user_dev/ctr-apbernal/tt-metal/model_cache/meta-llama/Llama-3.3-70B-Instruct/TG/tensor_cache_instruct_bfp8/layers.77.feed_forward.w2_interleavedprefetcher_dtype_BFLOAT8_B_layout_TILE.tensorbin of shape Shape([1, 1, 3584, 2048])
2026-08-29 09:16:51.835 | DEBUG    | core:as_tensor:724 - Loaded cache for /proj_sw/user_dev/ctr-apbernal/tt-metal/model_cache/meta-llama/Llama-3.3-70B-Instruct/TG/tensor_cache_instruct_bfp8/layers.77.feed_forward.w3_interleavedprefetcher_dtype_BFLOAT4_B_layout_TILE.tensorbin of shape Shape([1, 1, 2048, 3584])
2026-08-29 09:16:51.837 | DEBUG    | core:as_tensor:724 - Loaded cache for /proj_sw/user_dev/ctr-apbernal/tt-metal/model_cache/meta-llama/Llama-3.3-70B-Instruct/TG/tensor_cache_instruct_bfp8/layers.77.attention_norm.weight_dtype_BFLOAT16_layout_ROW_MAJOR.tensorbin of shape Shape([1, 1, 256, 32])
2026-08-29 09:16:51.840 | DEBUG    | core:as_tensor:724 - Loaded cache for /proj_sw/user_dev/ctr-apbernal/tt-metal/model_cache/meta-llama/Llama-3.3-70B-Instruct/TG/tensor_cache_instruct_bfp8/layers.77.attention_norm.weight_distributed_dtype_BFLOAT16_layout_ROW_MAJOR.tensorbin of shape Shape([1, 1, 64, 32])
2026-08-29 09:16:51.842 | DEBUG    | core:as_tensor:724 - Loaded cache for /proj_sw/user_dev/ctr-apbernal/tt-metal/model_cache/meta-llama/Llama-3.3-70B-Instruct/TG/tensor_cache_instruct_bfp8/layers.77.ffn_norm.weight_dtype_BFLOAT16_layout_ROW_MAJOR.tensorbin of shape Shape([1, 1, 256, 32])
2026-08-29 09:16:51.844 | DEBUG    | core:as_tensor:724 - Loaded cache for /proj_sw/user_dev/ctr-apbernal/tt-metal/model_cache/meta-llama/Llama-3.3-70B-Instruct/TG/tensor_cache_instruct_bfp8/layers.77.ffn_norm.weight_distributed_dtype_BFLOAT16_layout_ROW_MAJOR.tensorbin of shape Shape([1, 1, 64, 32])
 98%|█████████▊| 78/80 [00:44<00:01,  1.76it/s]2026-08-29 09:16:51.927 | DEBUG    | core:as_tensor:724 - Loaded cache for /proj_sw/user_dev/ctr-apbernal/tt-metal/model_cache/meta-llama/Llama-3.3-70B-Instruct/TG/tensor_cache_instruct_bfp8/layers.78.attention.wqkv_sharded_2d_prefetcher_dtype_BFLOAT8_B_layout_TILE.tensorbin of shape Shape([1, 1, 2048, 1280])
2026-08-29 09:16:51.967 | DEBUG    | core:as_tensor:724 - Loaded cache for /proj_sw/user_dev/ctr-apbernal/tt-metal/model_cache/meta-llama/Llama-3.3-70B-Instruct/TG/tensor_cache_instruct_bfp8/layers.78.attention.wqkv_sharded_2d_dram_dtype_BFLOAT8_B_layout_TILE.tensorbin of shape Shape([1, 1, 2048, 1280])
2026-08-29 09:16:52.006 | DEBUG    | core:as_tensor:724 - Loaded cache for /proj_sw/user_dev/ctr-apbernal/tt-metal/model_cache/meta-llama/Llama-3.3-70B-Instruct/TG/tensor_cache_instruct_bfp8/layers.78.attention.wo_width_sharded_2d_prefetcher_dtype_BFLOAT8_B_layout_TILE.tensorbin of shape Shape([1, 1, 1024, 2048])
2026-08-29 09:16:52.045 | DEBUG    | core:as_tensor:724 - Loaded cache for /proj_sw/user_dev/ctr-apbernal/tt-metal/model_cache/meta-llama/Llama-3.3-70B-Instruct/TG/tensor_cache_instruct_bfp8/layers.78.attention.wo_width_sharded_2d_dram_dtype_BFLOAT8_B_layout_TILE.tensorbin of shape Shape([1, 1, 1024, 2048])
2026-08-29 09:16:52.091 | DEBUG    | core:as_tensor:724 - Loaded cache for /proj_sw/user_dev/ctr-apbernal/tt-metal/model_cache/meta-llama/Llama-3.3-70B-Instruct/TG/tensor_cache_instruct_bfp8/layers.78.attention.wo_col_sharded_dram_dtype_BFLOAT8_B_layout_TILE.tensorbin of shape Shape([1, 1, 8192, 2048])
2026-08-29 09:16:52.106 | DEBUG    | core:as_tensor:724 - Loaded cache for /proj_sw/user_dev/ctr-apbernal/tt-metal/model_cache/meta-llama/Llama-3.3-70B-Instruct/TG/tensor_cache_instruct_bfp8/kvcache_torch.Size([2048, 1, 64, 128])_dtype_BFLOAT8_B_layout_TILE.tensorbin of shape Shape([2048, 1, 64, 128])
2026-08-29 09:16:52.113 | DEBUG    | core:as_tensor:724 - Loaded cache for /proj_sw/user_dev/ctr-apbernal/tt-metal/model_cache/meta-llama/Llama-3.3-70B-Instruct/TG/tensor_cache_instruct_bfp8/kvcache_torch.Size([2048, 1, 64, 128])_dtype_BFLOAT8_B_layout_TILE.tensorbin of shape Shape([2048, 1, 64, 128])
2026-08-29 09:16:52.179 | DEBUG    | core:as_tensor:724 - Loaded cache for /proj_sw/user_dev/ctr-apbernal/tt-metal/model_cache/meta-llama/Llama-3.3-70B-Instruct/TG/tensor_cache_instruct_bfp8/layers.78.feed_forward.w1_shardedprefetcher_dtype_BFLOAT4_B_layout_TILE.tensorbin of shape Shape([1, 1, 2048, 3584])
2026-08-29 09:16:52.227 | DEBUG    | core:as_tensor:724 - Loaded cache for /proj_sw/user_dev/ctr-apbernal/tt-metal/model_cache/meta-llama/Llama-3.3-70B-Instruct/TG/tensor_cache_instruct_bfp8/layers.78.feed_forward.w2_shardedprefetcher_dtype_BFLOAT8_B_layout_TILE.tensorbin of shape Shape([1, 1, 3584, 2048])
2026-08-29 09:16:52.273 | DEBUG    | core:as_tensor:724 - Loaded cache for /proj_sw/user_dev/ctr-apbernal/tt-metal/model_cache/meta-llama/Llama-3.3-70B-Instruct/TG/tensor_cache_instruct_bfp8/layers.78.feed_forward.w3_shardedprefetcher_dtype_BFLOAT4_B_layout_TILE.tensorbin of shape Shape([1, 1, 2048, 3584])
2026-08-29 09:16:52.317 | DEBUG    | core:as_tensor:724 - Loaded cache for /proj_sw/user_dev/ctr-apbernal/tt-metal/model_cache/meta-llama/Llama-3.3-70B-Instruct/TG/tensor_cache_instruct_bfp8/layers.78.feed_forward.w1_interleavedprefetcher_dtype_BFLOAT4_B_layout_TILE.tensorbin of shape Shape([1, 1, 2048, 3584])
2026-08-29 09:16:52.363 | DEBUG    | core:as_tensor:724 - Loaded cache for /proj_sw/user_dev/ctr-apbernal/tt-metal/model_cache/meta-llama/Llama-3.3-70B-Instruct/TG/tensor_cache_instruct_bfp8/layers.78.feed_forward.w2_interleavedprefetcher_dtype_BFLOAT8_B_layout_TILE.tensorbin of shape Shape([1, 1, 3584, 2048])
2026-08-29 09:16:52.406 | DEBUG    | core:as_tensor:724 - Loaded cache for /proj_sw/user_dev/ctr-apbernal/tt-metal/model_cache/meta-llama/Llama-3.3-70B-Instruct/TG/tensor_cache_instruct_bfp8/layers.78.feed_forward.w3_interleavedprefetcher_dtype_BFLOAT4_B_layout_TILE.tensorbin of shape Shape([1, 1, 2048, 3584])
2026-08-29 09:16:52.410 | DEBUG    | core:as_tensor:724 - Loaded cache for /proj_sw/user_dev/ctr-apbernal/tt-metal/model_cache/meta-llama/Llama-3.3-70B-Instruct/TG/tensor_cache_instruct_bfp8/layers.78.attention_norm.weight_dtype_BFLOAT16_layout_ROW_MAJOR.tensorbin of shape Shape([1, 1, 256, 32])
2026-08-29 09:16:52.411 | DEBUG    | core:as_tensor:724 - Loaded cache for /proj_sw/user_dev/ctr-apbernal/tt-metal/model_cache/meta-llama/Llama-3.3-70B-Instruct/TG/tensor_cache_instruct_bfp8/layers.78.attention_norm.weight_distributed_dtype_BFLOAT16_layout_ROW_MAJOR.tensorbin of shape Shape([1, 1, 64, 32])
2026-08-29 09:16:52.413 | DEBUG    | core:as_tensor:724 - Loaded cache for /proj_sw/user_dev/ctr-apbernal/tt-metal/model_cache/meta-llama/Llama-3.3-70B-Instruct/TG/tensor_cache_instruct_bfp8/layers.78.ffn_norm.weight_dtype_BFLOAT16_layout_ROW_MAJOR.tensorbin of shape Shape([1, 1, 256, 32])
2026-08-29 09:16:52.414 | DEBUG    | core:as_tensor:724 - Loaded cache for /proj_sw/user_dev/ctr-apbernal/tt-metal/model_cache/meta-llama/Llama-3.3-70B-Instruct/TG/tensor_cache_instruct_bfp8/layers.78.ffn_norm.weight_distributed_dtype_BFLOAT16_layout_ROW_MAJOR.tensorbin of shape Shape([1, 1, 64, 32])
 99%|█████████▉| 79/80 [00:44<00:00,  1.76it/s]2026-08-29 09:16:52.496 | DEBUG    | core:as_tensor:724 - Loaded cache for /proj_sw/user_dev/ctr-apbernal/tt-metal/model_cache/meta-llama/Llama-3.3-70B-Instruct/TG/tensor_cache_instruct_bfp8/layers.79.attention.wqkv_sharded_2d_prefetcher_dtype_BFLOAT8_B_layout_TILE.tensorbin of shape Shape([1, 1, 2048, 1280])
2026-08-29 09:16:52.536 | DEBUG    | core:as_tensor:724 - Loaded cache for /proj_sw/user_dev/ctr-apbernal/tt-metal/model_cache/meta-llama/Llama-3.3-70B-Instruct/TG/tensor_cache_instruct_bfp8/layers.79.attention.wqkv_sharded_2d_dram_dtype_BFLOAT8_B_layout_TILE.tensorbin of shape Shape([1, 1, 2048, 1280])
2026-08-29 09:16:52.576 | DEBUG    | core:as_tensor:724 - Loaded cache for /proj_sw/user_dev/ctr-apbernal/tt-metal/model_cache/meta-llama/Llama-3.3-70B-Instruct/TG/tensor_cache_instruct_bfp8/layers.79.attention.wo_width_sharded_2d_prefetcher_dtype_BFLOAT8_B_layout_TILE.tensorbin of shape Shape([1, 1, 1024, 2048])
2026-08-29 09:16:52.614 | DEBUG    | core:as_tensor:724 - Loaded cache for /proj_sw/user_dev/ctr-apbernal/tt-metal/model_cache/meta-llama/Llama-3.3-70B-Instruct/TG/tensor_cache_instruct_bfp8/layers.79.attention.wo_width_sharded_2d_dram_dtype_BFLOAT8_B_layout_TILE.tensorbin of shape Shape([1, 1, 1024, 2048])
2026-08-29 09:16:52.661 | DEBUG    | core:as_tensor:724 - Loaded cache for /proj_sw/user_dev/ctr-apbernal/tt-metal/model_cache/meta-llama/Llama-3.3-70B-Instruct/TG/tensor_cache_instruct_bfp8/layers.79.attention.wo_col_sharded_dram_dtype_BFLOAT8_B_layout_TILE.tensorbin of shape Shape([1, 1, 8192, 2048])
2026-08-29 09:16:52.678 | DEBUG    | core:as_tensor:724 - Loaded cache for /proj_sw/user_dev/ctr-apbernal/tt-metal/model_cache/meta-llama/Llama-3.3-70B-Instruct/TG/tensor_cache_instruct_bfp8/kvcache_torch.Size([2048, 1, 64, 128])_dtype_BFLOAT8_B_layout_TILE.tensorbin of shape Shape([2048, 1, 64, 128])
2026-08-29 09:16:52.686 | DEBUG    | core:as_tensor:724 - Loaded cache for /proj_sw/user_dev/ctr-apbernal/tt-metal/model_cache/meta-llama/Llama-3.3-70B-Instruct/TG/tensor_cache_instruct_bfp8/kvcache_torch.Size([2048, 1, 64, 128])_dtype_BFLOAT8_B_layout_TILE.tensorbin of shape Shape([2048, 1, 64, 128])
2026-08-29 09:16:52.751 | DEBUG    | core:as_tensor:724 - Loaded cache for /proj_sw/user_dev/ctr-apbernal/tt-metal/model_cache/meta-llama/Llama-3.3-70B-Instruct/TG/tensor_cache_instruct_bfp8/layers.79.feed_forward.w1_shardedprefetcher_dtype_BFLOAT4_B_layout_TILE.tensorbin of shape Shape([1, 1, 2048, 3584])
2026-08-29 09:16:52.800 | DEBUG    | core:as_tensor:724 - Loaded cache for /proj_sw/user_dev/ctr-apbernal/tt-metal/model_cache/meta-llama/Llama-3.3-70B-Instruct/TG/tensor_cache_instruct_bfp8/layers.79.feed_forward.w2_shardedprefetcher_dtype_BFLOAT8_B_layout_TILE.tensorbin of shape Shape([1, 1, 3584, 2048])
2026-08-29 09:16:52.842 | DEBUG    | core:as_tensor:724 - Loaded cache for /proj_sw/user_dev/ctr-apbernal/tt-metal/model_cache/meta-llama/Llama-3.3-70B-Instruct/TG/tensor_cache_instruct_bfp8/layers.79.feed_forward.w3_shardedprefetcher_dtype_BFLOAT4_B_layout_TILE.tensorbin of shape Shape([1, 1, 2048, 3584])
2026-08-29 09:16:52.884 | DEBUG    | core:as_tensor:724 - Loaded cache for /proj_sw/user_dev/ctr-apbernal/tt-metal/model_cache/meta-llama/Llama-3.3-70B-Instruct/TG/tensor_cache_instruct_bfp8/layers.79.feed_forward.w1_interleavedprefetcher_dtype_BFLOAT4_B_layout_TILE.tensorbin of shape Shape([1, 1, 2048, 3584])
2026-08-29 09:16:52.931 | DEBUG    | core:as_tensor:724 - Loaded cache for /proj_sw/user_dev/ctr-apbernal/tt-metal/model_cache/meta-llama/Llama-3.3-70B-Instruct/TG/tensor_cache_instruct_bfp8/layers.79.feed_forward.w2_interleavedprefetcher_dtype_BFLOAT8_B_layout_TILE.tensorbin of shape Shape([1, 1, 3584, 2048])
2026-08-29 09:16:52.972 | DEBUG    | core:as_tensor:724 - Loaded cache for /proj_sw/user_dev/ctr-apbernal/tt-metal/model_cache/meta-llama/Llama-3.3-70B-Instruct/TG/tensor_cache_instruct_bfp8/layers.79.feed_forward.w3_interleavedprefetcher_dtype_BFLOAT4_B_layout_TILE.tensorbin of shape Shape([1, 1, 2048, 3584])
2026-08-29 09:16:52.975 | DEBUG    | core:as_tensor:724 - Loaded cache for /proj_sw/user_dev/ctr-apbernal/tt-metal/model_cache/meta-llama/Llama-3.3-70B-Instruct/TG/tensor_cache_instruct_bfp8/layers.79.attention_norm.weight_dtype_BFLOAT16_layout_ROW_MAJOR.tensorbin of shape Shape([1, 1, 256, 32])
2026-08-29 09:16:52.977 | DEBUG    | core:as_tensor:724 - Loaded cache for /proj_sw/user_dev/ctr-apbernal/tt-metal/model_cache/meta-llama/Llama-3.3-70B-Instruct/TG/tensor_cache_instruct_bfp8/layers.79.attention_norm.weight_distributed_dtype_BFLOAT16_layout_ROW_MAJOR.tensorbin of shape Shape([1, 1, 64, 32])
2026-08-29 09:16:52.981 | DEBUG    | core:as_tensor:724 - Loaded cache for /proj_sw/user_dev/ctr-apbernal/tt-metal/model_cache/meta-llama/Llama-3.3-70B-Instruct/TG/tensor_cache_instruct_bfp8/layers.79.ffn_norm.weight_dtype_BFLOAT16_layout_ROW_MAJOR.tensorbin of shape Shape([1, 1, 256, 32])
2026-08-29 09:16:52.982 | DEBUG    | core:as_tensor:724 - Loaded cache for /proj_sw/user_dev/ctr-apbernal/tt-metal/model_cache/meta-llama/Llama-3.3-70B-Instruct/TG/tensor_cache_instruct_bfp8/layers.79.ffn_norm.weight_distributed_dtype_BFLOAT16_layout_ROW_MAJOR.tensorbin of shape Shape([1, 1, 64, 32])
100%|██████████| 80/80 [00:45<00:00,  1.76it/s]100%|██████████| 80/80 [00:45<00:00,  1.76it/s]
2026-08-29 09:16:52.984 | DEBUG    | core:as_tensor:724 - Loaded cache for /proj_sw/user_dev/ctr-apbernal/tt-metal/model_cache/meta-llama/Llama-3.3-70B-Instruct/TG/tensor_cache_instruct_bfp8/norm.weight_dtype_BFLOAT16_layout_ROW_MAJOR.tensorbin of shape Shape([1, 1, 256, 32])
2026-08-29 09:16:52.986 | DEBUG    | core:as_tensor:724 - Loaded cache for /proj_sw/user_dev/ctr-apbernal/tt-metal/model_cache/meta-llama/Llama-3.3-70B-Instruct/TG/tensor_cache_instruct_bfp8/norm.weight_distributed_dtype_BFLOAT16_layout_ROW_MAJOR.tensorbin of shape Shape([1, 1, 64, 32])
2026-08-29 09:16:54.729 | DEBUG    | core:as_tensor:724 - Loaded cache for /proj_sw/user_dev/ctr-apbernal/tt-metal/model_cache/meta-llama/Llama-3.3-70B-Instruct/TG/tensor_cache_instruct_bfp8/output_lm_head_1_split_shard_0_dram_width_sharded_decode_dtype_BFLOAT8_B_layout_TILE.tensorbin of shape Shape([1, 1, 2048, 16384])
2026-08-29 09:16:54.815 | DEBUG    | core:as_tensor:724 - Loaded cache for /proj_sw/user_dev/ctr-apbernal/tt-metal/model_cache/meta-llama/Llama-3.3-70B-Instruct/TG/tensor_cache_instruct_bfp8/output_lm_head_1_split_shard_0_dram_prefill_dtype_BFLOAT8_B_layout_TILE.tensorbin of shape Shape([1, 1, 2048, 16384])
2026-08-29 09:16:55.061 | INFO     | models.demos.llama3_70b_galaxy.tt.prefetcher_common:__init__:33 - Running TtLlamaPrefetcherSetup
2026-08-29 09:16:55.086 | DEBUG    | core:as_tensor:724 - Loaded cache for /proj_sw/user_dev/ctr-apbernal/tt-metal/model_cache/meta-llama/Llama-3.3-70B-Instruct/TG/tensor_cache_instruct_bfp8/pb_rs_01_QKV_0_4096_dtype_BFLOAT8_B_layout_TILE.tensorbin of shape Shape([1, 1, 4096, 1280])
2026-08-29 09:16:55.092 | DEBUG    | core:as_tensor:724 - Loaded cache for /proj_sw/user_dev/ctr-apbernal/tt-metal/model_cache/meta-llama/Llama-3.3-70B-Instruct/TG/tensor_cache_instruct_bfp8/pb_rs_00_QKV_0_4096_dtype_BFLOAT8_B_layout_TILE.tensorbin of shape Shape([1, 1, 4096, 320])
2026-08-29 09:16:55.102 | DEBUG    | core:as_tensor:724 - Loaded cache for /proj_sw/user_dev/ctr-apbernal/tt-metal/model_cache/meta-llama/Llama-3.3-70B-Instruct/TG/tensor_cache_instruct_bfp8/pb_rs_01_FF1_0_4096_dtype_BFLOAT8_B_layout_TILE.tensorbin of shape Shape([1, 1, 4096, 3584])
2026-08-29 09:16:55.106 | DEBUG    | core:as_tensor:724 - Loaded cache for /proj_sw/user_dev/ctr-apbernal/tt-metal/model_cache/meta-llama/Llama-3.3-70B-Instruct/TG/tensor_cache_instruct_bfp8/pb_rs_00_FF1_0_4096_dtype_BFLOAT8_B_layout_TILE.tensorbin of shape Shape([1, 1, 4096, 896])
2026-08-29 09:16:55.118 | DEBUG    | core:as_tensor:724 - Loaded cache for /proj_sw/user_dev/ctr-apbernal/tt-metal/model_cache/meta-llama/Llama-3.3-70B-Instruct/TG/tensor_cache_instruct_bfp8/pb_rs_01_FF3_0_4096_dtype_BFLOAT8_B_layout_TILE.tensorbin of shape Shape([1, 1, 4096, 3584])
2026-08-29 09:16:55.125 | DEBUG    | core:as_tensor:724 - Loaded cache for /proj_sw/user_dev/ctr-apbernal/tt-metal/model_cache/meta-llama/Llama-3.3-70B-Instruct/TG/tensor_cache_instruct_bfp8/pb_rs_00_FF3_0_4096_dtype_BFLOAT8_B_layout_TILE.tensorbin of shape Shape([1, 1, 4096, 896])
2026-08-29 09:16:55.132 | DEBUG    | core:as_tensor:724 - Loaded cache for /proj_sw/user_dev/ctr-apbernal/tt-metal/model_cache/meta-llama/Llama-3.3-70B-Instruct/TG/tensor_cache_instruct_bfp8/pb_rs_01_FF2_0_4096_dtype_BFLOAT8_B_layout_TILE.tensorbin of shape Shape([1, 1, 4096, 2048])
2026-08-29 09:16:55.136 | DEBUG    | core:as_tensor:724 - Loaded cache for /proj_sw/user_dev/ctr-apbernal/tt-metal/model_cache/meta-llama/Llama-3.3-70B-Instruct/TG/tensor_cache_instruct_bfp8/pb_rs_00_FF2_0_4096_dtype_BFLOAT8_B_layout_TILE.tensorbin of shape Shape([1, 1, 4096, 256])
2026-08-29 09:16:55.138 | DEBUG    | core:as_tensor:724 - Loaded cache for /proj_sw/user_dev/ctr-apbernal/tt-metal/model_cache/meta-llama/Llama-3.3-70B-Instruct/TG/tensor_cache_instruct_bfp8/pb_rs_01_ATTN_REPLICATE_0_4096_dtype_BFLOAT8_B_layout_TILE.tensorbin of shape Shape([1, 1, 4096, 128])
2026-08-29 09:16:55.140 | DEBUG    | core:as_tensor:724 - Loaded cache for /proj_sw/user_dev/ctr-apbernal/tt-metal/model_cache/meta-llama/Llama-3.3-70B-Instruct/TG/tensor_cache_instruct_bfp8/pb_rs_00_ATTN_REPLICATE_0_4096_dtype_BFLOAT8_B_layout_TILE.tensorbin of shape Shape([1, 1, 4096, 32])
2026-08-29 09:16:55.147 | DEBUG    | core:as_tensor:724 - Loaded cache for /proj_sw/user_dev/ctr-apbernal/tt-metal/model_cache/meta-llama/Llama-3.3-70B-Instruct/TG/tensor_cache_instruct_bfp8/pb_rs_01_QKV_batched_0_4096_dtype_BFLOAT8_B_layout_TILE.tensorbin of shape Shape([1, 32, 128, 1280])
2026-08-29 09:16:55.151 | DEBUG    | core:as_tensor:724 - Loaded cache for /proj_sw/user_dev/ctr-apbernal/tt-metal/model_cache/meta-llama/Llama-3.3-70B-Instruct/TG/tensor_cache_instruct_bfp8/pb_rs_00_QKV_batched_0_4096_dtype_BFLOAT8_B_layout_TILE.tensorbin of shape Shape([1, 32, 128, 320])
2026-08-29 09:16:55.162 | DEBUG    | core:as_tensor:724 - Loaded cache for /proj_sw/user_dev/ctr-apbernal/tt-metal/model_cache/meta-llama/Llama-3.3-70B-Instruct/TG/tensor_cache_instruct_bfp8/pb_rs_01_FF1_batched_0_4096_dtype_BFLOAT8_B_layout_TILE.tensorbin of shape Shape([1, 32, 128, 3584])
2026-08-29 09:16:55.170 | DEBUG    | core:as_tensor:724 - Loaded cache for /proj_sw/user_dev/ctr-apbernal/tt-metal/model_cache/meta-llama/Llama-3.3-70B-Instruct/TG/tensor_cache_instruct_bfp8/pb_rs_00_FF1_batched_0_4096_dtype_BFLOAT8_B_layout_TILE.tensorbin of shape Shape([1, 32, 128, 896])
2026-08-29 09:16:55.181 | DEBUG    | core:as_tensor:724 - Loaded cache for /proj_sw/user_dev/ctr-apbernal/tt-metal/model_cache/meta-llama/Llama-3.3-70B-Instruct/TG/tensor_cache_instruct_bfp8/pb_rs_01_FF3_batched_0_4096_dtype_BFLOAT8_B_layout_TILE.tensorbin of shape Shape([1, 32, 128, 3584])
2026-08-29 09:16:55.190 | DEBUG    | core:as_tensor:724 - Loaded cache for /proj_sw/user_dev/ctr-apbernal/tt-metal/model_cache/meta-llama/Llama-3.3-70B-Instruct/TG/tensor_cache_instruct_bfp8/pb_rs_00_FF3_batched_0_4096_dtype_BFLOAT8_B_layout_TILE.tensorbin of shape Shape([1, 32, 128, 896])
2026-08-29 09:16:55.197 | DEBUG    | core:as_tensor:724 - Loaded cache for /proj_sw/user_dev/ctr-apbernal/tt-metal/model_cache/meta-llama/Llama-3.3-70B-Instruct/TG/tensor_cache_instruct_bfp8/pb_rs_01_FF2_batched_0_4096_dtype_BFLOAT8_B_layout_TILE.tensorbin of shape Shape([1, 32, 128, 2048])
2026-08-29 09:16:55.201 | DEBUG    | core:as_tensor:724 - Loaded cache for /proj_sw/user_dev/ctr-apbernal/tt-metal/model_cache/meta-llama/Llama-3.3-70B-Instruct/TG/tensor_cache_instruct_bfp8/pb_rs_00_FF2_batched_0_4096_dtype_BFLOAT8_B_layout_TILE.tensorbin of shape Shape([1, 32, 128, 256])
2026-08-29 09:16:55.207 | DEBUG    | core:as_tensor:724 - Loaded cache for /proj_sw/user_dev/ctr-apbernal/tt-metal/model_cache/meta-llama/Llama-3.3-70B-Instruct/TG/tensor_cache_instruct_bfp8/pb_rs_01_QKV_0_2048_dtype_BFLOAT8_B_layout_TILE.tensorbin of shape Shape([1, 1, 2048, 1280])
2026-08-29 09:16:55.211 | DEBUG    | core:as_tensor:724 - Loaded cache for /proj_sw/user_dev/ctr-apbernal/tt-metal/model_cache/meta-llama/Llama-3.3-70B-Instruct/TG/tensor_cache_instruct_bfp8/pb_rs_00_QKV_0_2048_dtype_BFLOAT8_B_layout_TILE.tensorbin of shape Shape([1, 1, 2048, 320])
2026-08-29 09:16:55.217 | DEBUG    | core:as_tensor:724 - Loaded cache for /proj_sw/user_dev/ctr-apbernal/tt-metal/model_cache/meta-llama/Llama-3.3-70B-Instruct/TG/tensor_cache_instruct_bfp8/pb_rs_01_FF1_0_2048_dtype_BFLOAT8_B_layout_TILE.tensorbin of shape Shape([1, 1, 2048, 3584])
2026-08-29 09:16:55.221 | DEBUG    | core:as_tensor:724 - Loaded cache for /proj_sw/user_dev/ctr-apbernal/tt-metal/model_cache/meta-llama/Llama-3.3-70B-Instruct/TG/tensor_cache_instruct_bfp8/pb_rs_00_FF1_0_2048_dtype_BFLOAT8_B_layout_TILE.tensorbin of shape Shape([1, 1, 2048, 896])
2026-08-29 09:16:55.227 | DEBUG    | core:as_tensor:724 - Loaded cache for /proj_sw/user_dev/ctr-apbernal/tt-metal/model_cache/meta-llama/Llama-3.3-70B-Instruct/TG/tensor_cache_instruct_bfp8/pb_rs_01_FF3_0_2048_dtype_BFLOAT8_B_layout_TILE.tensorbin of shape Shape([1, 1, 2048, 3584])
2026-08-29 09:16:55.233 | DEBUG    | core:as_tensor:724 - Loaded cache for /proj_sw/user_dev/ctr-apbernal/tt-metal/model_cache/meta-llama/Llama-3.3-70B-Instruct/TG/tensor_cache_instruct_bfp8/pb_rs_00_FF3_0_2048_dtype_BFLOAT8_B_layout_TILE.tensorbin of shape Shape([1, 1, 2048, 896])
2026-08-29 09:16:55.239 | DEBUG    | core:as_tensor:724 - Loaded cache for /proj_sw/user_dev/ctr-apbernal/tt-metal/model_cache/meta-llama/Llama-3.3-70B-Instruct/TG/tensor_cache_instruct_bfp8/pb_rs_01_FF2_0_2048_dtype_BFLOAT8_B_layout_TILE.tensorbin of shape Shape([1, 1, 2048, 2048])
2026-08-29 09:16:55.243 | DEBUG    | core:as_tensor:724 - Loaded cache for /proj_sw/user_dev/ctr-apbernal/tt-metal/model_cache/meta-llama/Llama-3.3-70B-Instruct/TG/tensor_cache_instruct_bfp8/pb_rs_00_FF2_0_2048_dtype_BFLOAT8_B_layout_TILE.tensorbin of shape Shape([1, 1, 2048, 256])
2026-08-29 09:16:55.247 | DEBUG    | core:as_tensor:724 - Loaded cache for /proj_sw/user_dev/ctr-apbernal/tt-metal/model_cache/meta-llama/Llama-3.3-70B-Instruct/TG/tensor_cache_instruct_bfp8/pb_rs_01_ATTN_REPLICATE_0_2048_dtype_BFLOAT8_B_layout_TILE.tensorbin of shape Shape([1, 1, 2048, 128])
2026-08-29 09:16:55.249 | DEBUG    | core:as_tensor:724 - Loaded cache for /proj_sw/user_dev/ctr-apbernal/tt-metal/model_cache/meta-llama/Llama-3.3-70B-Instruct/TG/tensor_cache_instruct_bfp8/pb_rs_00_ATTN_REPLICATE_0_2048_dtype_BFLOAT8_B_layout_TILE.tensorbin of shape Shape([1, 1, 2048, 32])
2026-08-29 09:16:55.254 | DEBUG    | core:as_tensor:724 - Loaded cache for /proj_sw/user_dev/ctr-apbernal/tt-metal/model_cache/meta-llama/Llama-3.3-70B-Instruct/TG/tensor_cache_instruct_bfp8/pb_rs_01_QKV_batched_0_2048_dtype_BFLOAT8_B_layout_TILE.tensorbin of shape Shape([1, 32, 64, 1280])
2026-08-29 09:16:55.258 | DEBUG    | core:as_tensor:724 - Loaded cache for /proj_sw/user_dev/ctr-apbernal/tt-metal/model_cache/meta-llama/Llama-3.3-70B-Instruct/TG/tensor_cache_instruct_bfp8/pb_rs_00_QKV_batched_0_2048_dtype_BFLOAT8_B_layout_TILE.tensorbin of shape Shape([1, 32, 64, 320])
2026-08-29 09:16:55.266 | DEBUG    | core:as_tensor:724 - Loaded cache for /proj_sw/user_dev/ctr-apbernal/tt-metal/model_cache/meta-llama/Llama-3.3-70B-Instruct/TG/tensor_cache_instruct_bfp8/pb_rs_01_FF1_batched_0_2048_dtype_BFLOAT8_B_layout_TILE.tensorbin of shape Shape([1, 32, 64, 3584])
2026-08-29 09:16:55.271 | DEBUG    | core:as_tensor:724 - Loaded cache for /proj_sw/user_dev/ctr-apbernal/tt-metal/model_cache/meta-llama/Llama-3.3-70B-Instruct/TG/tensor_cache_instruct_bfp8/pb_rs_00_FF1_batched_0_2048_dtype_BFLOAT8_B_layout_TILE.tensorbin of shape Shape([1, 32, 64, 896])
2026-08-29 09:16:55.279 | DEBUG    | core:as_tensor:724 - Loaded cache for /proj_sw/user_dev/ctr-apbernal/tt-metal/model_cache/meta-llama/Llama-3.3-70B-Instruct/TG/tensor_cache_instruct_bfp8/pb_rs_01_FF3_batched_0_2048_dtype_BFLOAT8_B_layout_TILE.tensorbin of shape Shape([1, 32, 64, 3584])
2026-08-29 09:16:55.282 | DEBUG    | core:as_tensor:724 - Loaded cache for /proj_sw/user_dev/ctr-apbernal/tt-metal/model_cache/meta-llama/Llama-3.3-70B-Instruct/TG/tensor_cache_instruct_bfp8/pb_rs_00_FF3_batched_0_2048_dtype_BFLOAT8_B_layout_TILE.tensorbin of shape Shape([1, 32, 64, 896])
2026-08-29 09:16:55.285 | DEBUG    | core:as_tensor:724 - Loaded cache for /proj_sw/user_dev/ctr-apbernal/tt-metal/model_cache/meta-llama/Llama-3.3-70B-Instruct/TG/tensor_cache_instruct_bfp8/pb_rs_01_FF2_batched_0_2048_dtype_BFLOAT8_B_layout_TILE.tensorbin of shape Shape([1, 32, 64, 2048])
2026-08-29 09:16:55.290 | DEBUG    | core:as_tensor:724 - Loaded cache for /proj_sw/user_dev/ctr-apbernal/tt-metal/model_cache/meta-llama/Llama-3.3-70B-Instruct/TG/tensor_cache_instruct_bfp8/pb_rs_00_FF2_batched_0_2048_dtype_BFLOAT8_B_layout_TILE.tensorbin of shape Shape([1, 32, 64, 256])
2026-08-29 09:16:55.292 | DEBUG    | core:as_tensor:724 - Loaded cache for /proj_sw/user_dev/ctr-apbernal/tt-metal/model_cache/meta-llama/Llama-3.3-70B-Instruct/TG/tensor_cache_instruct_bfp8/pb_rs_01_QKV_0_1024_dtype_BFLOAT8_B_layout_TILE.tensorbin of shape Shape([1, 1, 1024, 1280])
2026-08-29 09:16:55.296 | DEBUG    | core:as_tensor:724 - Loaded cache for /proj_sw/user_dev/ctr-apbernal/tt-metal/model_cache/meta-llama/Llama-3.3-70B-Instruct/TG/tensor_cache_instruct_bfp8/pb_rs_00_QKV_0_1024_dtype_BFLOAT8_B_layout_TILE.tensorbin of shape Shape([1, 1, 1024, 320])
2026-08-29 09:16:55.301 | DEBUG    | core:as_tensor:724 - Loaded cache for /proj_sw/user_dev/ctr-apbernal/tt-metal/model_cache/meta-llama/Llama-3.3-70B-Instruct/TG/tensor_cache_instruct_bfp8/pb_rs_01_FF1_0_1024_dtype_BFLOAT8_B_layout_TILE.tensorbin of shape Shape([1, 1, 1024, 3584])
2026-08-29 09:16:55.306 | DEBUG    | core:as_tensor:724 - Loaded cache for /proj_sw/user_dev/ctr-apbernal/tt-metal/model_cache/meta-llama/Llama-3.3-70B-Instruct/TG/tensor_cache_instruct_bfp8/pb_rs_00_FF1_0_1024_dtype_BFLOAT8_B_layout_TILE.tensorbin of shape Shape([1, 1, 1024, 896])
2026-08-29 09:16:55.312 | DEBUG    | core:as_tensor:724 - Loaded cache for /proj_sw/user_dev/ctr-apbernal/tt-metal/model_cache/meta-llama/Llama-3.3-70B-Instruct/TG/tensor_cache_instruct_bfp8/pb_rs_01_FF3_0_1024_dtype_BFLOAT8_B_layout_TILE.tensorbin of shape Shape([1, 1, 1024, 3584])
2026-08-29 09:16:55.317 | DEBUG    | core:as_tensor:724 - Loaded cache for /proj_sw/user_dev/ctr-apbernal/tt-metal/model_cache/meta-llama/Llama-3.3-70B-Instruct/TG/tensor_cache_instruct_bfp8/pb_rs_00_FF3_0_1024_dtype_BFLOAT8_B_layout_TILE.tensorbin of shape Shape([1, 1, 1024, 896])
2026-08-29 09:16:55.323 | DEBUG    | core:as_tensor:724 - Loaded cache for /proj_sw/user_dev/ctr-apbernal/tt-metal/model_cache/meta-llama/Llama-3.3-70B-Instruct/TG/tensor_cache_instruct_bfp8/pb_rs_01_FF2_0_1024_dtype_BFLOAT8_B_layout_TILE.tensorbin of shape Shape([1, 1, 1024, 2048])
2026-08-29 09:16:55.327 | DEBUG    | core:as_tensor:724 - Loaded cache for /proj_sw/user_dev/ctr-apbernal/tt-metal/model_cache/meta-llama/Llama-3.3-70B-Instruct/TG/tensor_cache_instruct_bfp8/pb_rs_00_FF2_0_1024_dtype_BFLOAT8_B_layout_TILE.tensorbin of shape Shape([1, 1, 1024, 256])
2026-08-29 09:16:55.329 | DEBUG    | core:as_tensor:724 - Loaded cache for /proj_sw/user_dev/ctr-apbernal/tt-metal/model_cache/meta-llama/Llama-3.3-70B-Instruct/TG/tensor_cache_instruct_bfp8/pb_rs_01_ATTN_REPLICATE_0_1024_dtype_BFLOAT8_B_layout_TILE.tensorbin of shape Shape([1, 1, 1024, 128])
2026-08-29 09:16:55.331 | DEBUG    | core:as_tensor:724 - Loaded cache for /proj_sw/user_dev/ctr-apbernal/tt-metal/model_cache/meta-llama/Llama-3.3-70B-Instruct/TG/tensor_cache_instruct_bfp8/pb_rs_00_ATTN_REPLICATE_0_1024_dtype_BFLOAT8_B_layout_TILE.tensorbin of shape Shape([1, 1, 1024, 32])
2026-08-29 09:16:55.333 | DEBUG    | core:as_tensor:724 - Loaded cache for /proj_sw/user_dev/ctr-apbernal/tt-metal/model_cache/meta-llama/Llama-3.3-70B-Instruct/TG/tensor_cache_instruct_bfp8/pb_rs_01_QKV_batched_0_1024_dtype_BFLOAT8_B_layout_TILE.tensorbin of shape Shape([1, 32, 32, 1280])
2026-08-29 09:16:55.336 | DEBUG    | core:as_tensor:724 - Loaded cache for /proj_sw/user_dev/ctr-apbernal/tt-metal/model_cache/meta-llama/Llama-3.3-70B-Instruct/TG/tensor_cache_instruct_bfp8/pb_rs_00_QKV_batched_0_1024_dtype_BFLOAT8_B_layout_TILE.tensorbin of shape Shape([1, 32, 32, 320])
2026-08-29 09:16:55.341 | DEBUG    | core:as_tensor:724 - Loaded cache for /proj_sw/user_dev/ctr-apbernal/tt-metal/model_cache/meta-llama/Llama-3.3-70B-Instruct/TG/tensor_cache_instruct_bfp8/pb_rs_01_FF1_batched_0_1024_dtype_BFLOAT8_B_layout_TILE.tensorbin of shape Shape([1, 32, 32, 3584])
2026-08-29 09:16:55.346 | DEBUG    | core:as_tensor:724 - Loaded cache for /proj_sw/user_dev/ctr-apbernal/tt-metal/model_cache/meta-llama/Llama-3.3-70B-Instruct/TG/tensor_cache_instruct_bfp8/pb_rs_00_FF1_batched_0_1024_dtype_BFLOAT8_B_layout_TILE.tensorbin of shape Shape([1, 32, 32, 896])
2026-08-29 09:16:55.351 | DEBUG    | core:as_tensor:724 - Loaded cache for /proj_sw/user_dev/ctr-apbernal/tt-metal/model_cache/meta-llama/Llama-3.3-70B-Instruct/TG/tensor_cache_instruct_bfp8/pb_rs_01_FF3_batched_0_1024_dtype_BFLOAT8_B_layout_TILE.tensorbin of shape Shape([1, 32, 32, 3584])
2026-08-29 09:16:55.353 | DEBUG    | core:as_tensor:724 - Loaded cache for /proj_sw/user_dev/ctr-apbernal/tt-metal/model_cache/meta-llama/Llama-3.3-70B-Instruct/TG/tensor_cache_instruct_bfp8/pb_rs_00_FF3_batched_0_1024_dtype_BFLOAT8_B_layout_TILE.tensorbin of shape Shape([1, 32, 32, 896])
2026-08-29 09:16:55.356 | DEBUG    | core:as_tensor:724 - Loaded cache for /proj_sw/user_dev/ctr-apbernal/tt-metal/model_cache/meta-llama/Llama-3.3-70B-Instruct/TG/tensor_cache_instruct_bfp8/pb_rs_01_FF2_batched_0_1024_dtype_BFLOAT8_B_layout_TILE.tensorbin of shape Shape([1, 32, 32, 2048])
2026-08-29 09:16:55.359 | DEBUG    | core:as_tensor:724 - Loaded cache for /proj_sw/user_dev/ctr-apbernal/tt-metal/model_cache/meta-llama/Llama-3.3-70B-Instruct/TG/tensor_cache_instruct_bfp8/pb_rs_00_FF2_batched_0_1024_dtype_BFLOAT8_B_layout_TILE.tensorbin of shape Shape([1, 32, 32, 256])
2026-08-29 09:16:55.365 | DEBUG    | core:as_tensor:724 - Loaded cache for /proj_sw/user_dev/ctr-apbernal/tt-metal/model_cache/meta-llama/Llama-3.3-70B-Instruct/TG/tensor_cache_instruct_bfp8/pb_rs_01_QKV_0_128_dtype_BFLOAT8_B_layout_TILE.tensorbin of shape Shape([1, 1, 128, 1280])
2026-08-29 09:16:55.369 | DEBUG    | core:as_tensor:724 - Loaded cache for /proj_sw/user_dev/ctr-apbernal/tt-metal/model_cache/meta-llama/Llama-3.3-70B-Instruct/TG/tensor_cache_instruct_bfp8/pb_rs_00_QKV_0_128_dtype_BFLOAT8_B_layout_TILE.tensorbin of shape Shape([1, 1, 128, 320])
2026-08-29 09:16:55.373 | DEBUG    | core:as_tensor:724 - Loaded cache for /proj_sw/user_dev/ctr-apbernal/tt-metal/model_cache/meta-llama/Llama-3.3-70B-Instruct/TG/tensor_cache_instruct_bfp8/pb_rs_01_FF1_0_128_dtype_BFLOAT8_B_layout_TILE.tensorbin of shape Shape([1, 1, 128, 3584])
2026-08-29 09:16:55.378 | DEBUG    | core:as_tensor:724 - Loaded cache for /proj_sw/user_dev/ctr-apbernal/tt-metal/model_cache/meta-llama/Llama-3.3-70B-Instruct/TG/tensor_cache_instruct_bfp8/pb_rs_00_FF1_0_128_dtype_BFLOAT8_B_layout_TILE.tensorbin of shape Shape([1, 1, 128, 896])
2026-08-29 09:16:55.380 | DEBUG    | core:as_tensor:724 - Loaded cache for /proj_sw/user_dev/ctr-apbernal/tt-metal/model_cache/meta-llama/Llama-3.3-70B-Instruct/TG/tensor_cache_instruct_bfp8/pb_rs_01_FF3_0_128_dtype_BFLOAT8_B_layout_TILE.tensorbin of shape Shape([1, 1, 128, 3584])
2026-08-29 09:16:55.382 | DEBUG    | core:as_tensor:724 - Loaded cache for /proj_sw/user_dev/ctr-apbernal/tt-metal/model_cache/meta-llama/Llama-3.3-70B-Instruct/TG/tensor_cache_instruct_bfp8/pb_rs_00_FF3_0_128_dtype_BFLOAT8_B_layout_TILE.tensorbin of shape Shape([1, 1, 128, 896])
2026-08-29 09:16:55.384 | DEBUG    | core:as_tensor:724 - Loaded cache for /proj_sw/user_dev/ctr-apbernal/tt-metal/model_cache/meta-llama/Llama-3.3-70B-Instruct/TG/tensor_cache_instruct_bfp8/pb_rs_01_FF2_0_128_dtype_BFLOAT8_B_layout_TILE.tensorbin of shape Shape([1, 1, 128, 2048])
2026-08-29 09:16:55.388 | DEBUG    | core:as_tensor:724 - Loaded cache for /proj_sw/user_dev/ctr-apbernal/tt-metal/model_cache/meta-llama/Llama-3.3-70B-Instruct/TG/tensor_cache_instruct_bfp8/pb_rs_00_FF2_0_128_dtype_BFLOAT8_B_layout_TILE.tensorbin of shape Shape([1, 1, 128, 256])
2026-08-29 09:16:55.390 | DEBUG    | core:as_tensor:724 - Loaded cache for /proj_sw/user_dev/ctr-apbernal/tt-metal/model_cache/meta-llama/Llama-3.3-70B-Instruct/TG/tensor_cache_instruct_bfp8/pb_rs_01_ATTN_REPLICATE_0_128_dtype_BFLOAT8_B_layout_TILE.tensorbin of shape Shape([1, 1, 128, 128])
2026-08-29 09:16:55.392 | DEBUG    | core:as_tensor:724 - Loaded cache for /proj_sw/user_dev/ctr-apbernal/tt-metal/model_cache/meta-llama/Llama-3.3-70B-Instruct/TG/tensor_cache_instruct_bfp8/pb_rs_00_ATTN_REPLICATE_0_128_dtype_BFLOAT8_B_layout_TILE.tensorbin of shape Shape([1, 1, 128, 32])
2026-08-29 09:16:55.396 | DEBUG    | core:as_tensor:724 - Loaded cache for /proj_sw/user_dev/ctr-apbernal/tt-metal/model_cache/meta-llama/Llama-3.3-70B-Instruct/TG/tensor_cache_instruct_bfp8/pb_rs_01_QKV_batched_0_128_dtype_BFLOAT8_B_layout_TILE.tensorbin of shape Shape([1, 32, 4, 1280])
2026-08-29 09:16:55.400 | DEBUG    | core:as_tensor:724 - Loaded cache for /proj_sw/user_dev/ctr-apbernal/tt-metal/model_cache/meta-llama/Llama-3.3-70B-Instruct/TG/tensor_cache_instruct_bfp8/pb_rs_00_QKV_batched_0_128_dtype_BFLOAT8_B_layout_TILE.tensorbin of shape Shape([1, 32, 4, 320])
2026-08-29 09:16:55.403 | DEBUG    | core:as_tensor:724 - Loaded cache for /proj_sw/user_dev/ctr-apbernal/tt-metal/model_cache/meta-llama/Llama-3.3-70B-Instruct/TG/tensor_cache_instruct_bfp8/pb_rs_01_FF1_batched_0_128_dtype_BFLOAT8_B_layout_TILE.tensorbin of shape Shape([1, 32, 4, 3584])
2026-08-29 09:16:55.405 | DEBUG    | core:as_tensor:724 - Loaded cache for /proj_sw/user_dev/ctr-apbernal/tt-metal/model_cache/meta-llama/Llama-3.3-70B-Instruct/TG/tensor_cache_instruct_bfp8/pb_rs_00_FF1_batched_0_128_dtype_BFLOAT8_B_layout_TILE.tensorbin of shape Shape([1, 32, 4, 896])
2026-08-29 09:16:55.410 | DEBUG    | core:as_tensor:724 - Loaded cache for /proj_sw/user_dev/ctr-apbernal/tt-metal/model_cache/meta-llama/Llama-3.3-70B-Instruct/TG/tensor_cache_instruct_bfp8/pb_rs_01_FF3_batched_0_128_dtype_BFLOAT8_B_layout_TILE.tensorbin of shape Shape([1, 32, 4, 3584])
2026-08-29 09:16:55.414 | DEBUG    | core:as_tensor:724 - Loaded cache for /proj_sw/user_dev/ctr-apbernal/tt-metal/model_cache/meta-llama/Llama-3.3-70B-Instruct/TG/tensor_cache_instruct_bfp8/pb_rs_00_FF3_batched_0_128_dtype_BFLOAT8_B_layout_TILE.tensorbin of shape Shape([1, 32, 4, 896])
2026-08-29 09:16:55.420 | DEBUG    | core:as_tensor:724 - Loaded cache for /proj_sw/user_dev/ctr-apbernal/tt-metal/model_cache/meta-llama/Llama-3.3-70B-Instruct/TG/tensor_cache_instruct_bfp8/pb_rs_01_FF2_batched_0_128_dtype_BFLOAT8_B_layout_TILE.tensorbin of shape Shape([1, 32, 4, 2048])
2026-08-29 09:16:55.422 | DEBUG    | core:as_tensor:724 - Loaded cache for /proj_sw/user_dev/ctr-apbernal/tt-metal/model_cache/meta-llama/Llama-3.3-70B-Instruct/TG/tensor_cache_instruct_bfp8/pb_rs_00_FF2_batched_0_128_dtype_BFLOAT8_B_layout_TILE.tensorbin of shape Shape([1, 32, 4, 256])
2026-08-29 09:16:55.427 | DEBUG    | core:as_tensor:724 - Loaded cache for /proj_sw/user_dev/ctr-apbernal/tt-metal/model_cache/meta-llama/Llama-3.3-70B-Instruct/TG/tensor_cache_instruct_bfp8/pb_ag_QKV4096_dtype_BFLOAT8_B_layout_TILE.tensorbin of shape Shape([1, 1, 4096, 1280])
2026-08-29 09:16:55.432 | DEBUG    | core:as_tensor:724 - Loaded cache for /proj_sw/user_dev/ctr-apbernal/tt-metal/model_cache/meta-llama/Llama-3.3-70B-Instruct/TG/tensor_cache_instruct_bfp8/pb_ag_SDPA4096_dtype_BFLOAT8_B_layout_TILE.tensorbin of shape Shape([1, 1, 2048, 1024])
2026-08-29 09:16:55.441 | DEBUG    | core:as_tensor:724 - Loaded cache for /proj_sw/user_dev/ctr-apbernal/tt-metal/model_cache/meta-llama/Llama-3.3-70B-Instruct/TG/tensor_cache_instruct_bfp8/pb_ag_SDPA_REVERSE4096_dtype_BFLOAT8_B_layout_TILE.tensorbin of shape Shape([1, 1, 2048, 1024])
2026-08-29 09:16:55.485 | DEBUG    | core:as_tensor:724 - Loaded cache for /proj_sw/user_dev/ctr-apbernal/tt-metal/model_cache/meta-llama/Llama-3.3-70B-Instruct/TG/tensor_cache_instruct_bfp8/pb_ag_WO_AG4096_dtype_BFLOAT8_B_layout_TILE.tensorbin of shape Shape([8, 1, 4096, 2048])
2026-08-29 09:16:55.511 | DEBUG    | core:as_tensor:724 - Loaded cache for /proj_sw/user_dev/ctr-apbernal/tt-metal/model_cache/meta-llama/Llama-3.3-70B-Instruct/TG/tensor_cache_instruct_bfp8/pb_ag_FF14096_dtype_BFLOAT8_B_layout_TILE.tensorbin of shape Shape([1, 1, 4096, 3584])
2026-08-29 09:16:55.525 | DEBUG    | core:as_tensor:724 - Loaded cache for /proj_sw/user_dev/ctr-apbernal/tt-metal/model_cache/meta-llama/Llama-3.3-70B-Instruct/TG/tensor_cache_instruct_bfp8/pb_ag_FF34096_dtype_BFLOAT8_B_layout_TILE.tensorbin of shape Shape([1, 1, 4096, 3584])
2026-08-29 09:16:55.538 | DEBUG    | core:as_tensor:724 - Loaded cache for /proj_sw/user_dev/ctr-apbernal/tt-metal/model_cache/meta-llama/Llama-3.3-70B-Instruct/TG/tensor_cache_instruct_bfp8/pb_ag_FF24096_dtype_BFLOAT8_B_layout_TILE.tensorbin of shape Shape([1, 1, 4096, 2048])
2026-08-29 09:16:55.544 | DEBUG    | core:as_tensor:724 - Loaded cache for /proj_sw/user_dev/ctr-apbernal/tt-metal/model_cache/meta-llama/Llama-3.3-70B-Instruct/TG/tensor_cache_instruct_bfp8/pb_ag_LAYERNORM4096_dtype_BFLOAT16_layout_TILE.tensorbin of shape Shape([1, 1, 4096, 128])
2026-08-29 09:16:55.548 | DEBUG    | core:as_tensor:724 - Loaded cache for /proj_sw/user_dev/ctr-apbernal/tt-metal/model_cache/meta-llama/Llama-3.3-70B-Instruct/TG/tensor_cache_instruct_bfp8/pb_ag_ATTN_REPLICATE4096_dtype_BFLOAT8_B_layout_TILE.tensorbin of shape Shape([1, 1, 4096, 128])
2026-08-29 09:16:55.554 | DEBUG    | core:as_tensor:724 - Loaded cache for /proj_sw/user_dev/ctr-apbernal/tt-metal/model_cache/meta-llama/Llama-3.3-70B-Instruct/TG/tensor_cache_instruct_bfp8/pb_ag_QKV2048_dtype_BFLOAT8_B_layout_TILE.tensorbin of shape Shape([1, 1, 2048, 1280])
2026-08-29 09:16:55.558 | DEBUG    | core:as_tensor:724 - Loaded cache for /proj_sw/user_dev/ctr-apbernal/tt-metal/model_cache/meta-llama/Llama-3.3-70B-Instruct/TG/tensor_cache_instruct_bfp8/pb_ag_SDPA2048_dtype_BFLOAT8_B_layout_TILE.tensorbin of shape Shape([1, 1, 1024, 1024])
2026-08-29 09:16:55.561 | DEBUG    | core:as_tensor:724 - Loaded cache for /proj_sw/user_dev/ctr-apbernal/tt-metal/model_cache/meta-llama/Llama-3.3-70B-Instruct/TG/tensor_cache_instruct_bfp8/pb_ag_SDPA_REVERSE2048_dtype_BFLOAT8_B_layout_TILE.tensorbin of shape Shape([1, 1, 1024, 1024])
2026-08-29 09:16:55.584 | DEBUG    | core:as_tensor:724 - Loaded cache for /proj_sw/user_dev/ctr-apbernal/tt-metal/model_cache/meta-llama/Llama-3.3-70B-Instruct/TG/tensor_cache_instruct_bfp8/pb_ag_WO_AG2048_dtype_BFLOAT8_B_layout_TILE.tensorbin of shape Shape([8, 1, 2048, 2048])
2026-08-29 09:16:55.599 | DEBUG    | core:as_tensor:724 - Loaded cache for /proj_sw/user_dev/ctr-apbernal/tt-metal/model_cache/meta-llama/Llama-3.3-70B-Instruct/TG/tensor_cache_instruct_bfp8/pb_ag_FF12048_dtype_BFLOAT8_B_layout_TILE.tensorbin of shape Shape([1, 1, 2048, 3584])
2026-08-29 09:16:55.607 | DEBUG    | core:as_tensor:724 - Loaded cache for /proj_sw/user_dev/ctr-apbernal/tt-metal/model_cache/meta-llama/Llama-3.3-70B-Instruct/TG/tensor_cache_instruct_bfp8/pb_ag_FF32048_dtype_BFLOAT8_B_layout_TILE.tensorbin of shape Shape([1, 1, 2048, 3584])
2026-08-29 09:16:55.611 | DEBUG    | core:as_tensor:724 - Loaded cache for /proj_sw/user_dev/ctr-apbernal/tt-metal/model_cache/meta-llama/Llama-3.3-70B-Instruct/TG/tensor_cache_instruct_bfp8/pb_ag_FF22048_dtype_BFLOAT8_B_layout_TILE.tensorbin of shape Shape([1, 1, 2048, 2048])
2026-08-29 09:16:55.616 | DEBUG    | core:as_tensor:724 - Loaded cache for /proj_sw/user_dev/ctr-apbernal/tt-metal/model_cache/meta-llama/Llama-3.3-70B-Instruct/TG/tensor_cache_instruct_bfp8/pb_ag_LAYERNORM2048_dtype_BFLOAT16_layout_TILE.tensorbin of shape Shape([1, 1, 2048, 128])
2026-08-29 09:16:55.621 | DEBUG    | core:as_tensor:724 - Loaded cache for /proj_sw/user_dev/ctr-apbernal/tt-metal/model_cache/meta-llama/Llama-3.3-70B-Instruct/TG/tensor_cache_instruct_bfp8/pb_ag_ATTN_REPLICATE2048_dtype_BFLOAT8_B_layout_TILE.tensorbin of shape Shape([1, 1, 2048, 128])
2026-08-29 09:16:55.623 | DEBUG    | core:as_tensor:724 - Loaded cache for /proj_sw/user_dev/ctr-apbernal/tt-metal/model_cache/meta-llama/Llama-3.3-70B-Instruct/TG/tensor_cache_instruct_bfp8/pb_ag_QKV1024_dtype_BFLOAT8_B_layout_TILE.tensorbin of shape Shape([1, 1, 1024, 1280])
2026-08-29 09:16:55.625 | DEBUG    | core:as_tensor:724 - Loaded cache for /proj_sw/user_dev/ctr-apbernal/tt-metal/model_cache/meta-llama/Llama-3.3-70B-Instruct/TG/tensor_cache_instruct_bfp8/pb_ag_SDPA1024_dtype_BFLOAT8_B_layout_TILE.tensorbin of shape Shape([1, 1, 512, 1024])
2026-08-29 09:16:55.630 | DEBUG    | core:as_tensor:724 - Loaded cache for /proj_sw/user_dev/ctr-apbernal/tt-metal/model_cache/meta-llama/Llama-3.3-70B-Instruct/TG/tensor_cache_instruct_bfp8/pb_ag_SDPA_REVERSE1024_dtype_BFLOAT8_B_layout_TILE.tensorbin of shape Shape([1, 1, 512, 1024])
2026-08-29 09:16:55.642 | DEBUG    | core:as_tensor:724 - Loaded cache for /proj_sw/user_dev/ctr-apbernal/tt-metal/model_cache/meta-llama/Llama-3.3-70B-Instruct/TG/tensor_cache_instruct_bfp8/pb_ag_WO_AG1024_dtype_BFLOAT8_B_layout_TILE.tensorbin of shape Shape([8, 1, 1024, 2048])
2026-08-29 09:16:55.652 | DEBUG    | core:as_tensor:724 - Loaded cache for /proj_sw/user_dev/ctr-apbernal/tt-metal/model_cache/meta-llama/Llama-3.3-70B-Instruct/TG/tensor_cache_instruct_bfp8/pb_ag_FF11024_dtype_BFLOAT8_B_layout_TILE.tensorbin of shape Shape([1, 1, 1024, 3584])
2026-08-29 09:16:55.657 | DEBUG    | core:as_tensor:724 - Loaded cache for /proj_sw/user_dev/ctr-apbernal/tt-metal/model_cache/meta-llama/Llama-3.3-70B-Instruct/TG/tensor_cache_instruct_bfp8/pb_ag_FF31024_dtype_BFLOAT8_B_layout_TILE.tensorbin of shape Shape([1, 1, 1024, 3584])
2026-08-29 09:16:55.660 | DEBUG    | core:as_tensor:724 - Loaded cache for /proj_sw/user_dev/ctr-apbernal/tt-metal/model_cache/meta-llama/Llama-3.3-70B-Instruct/TG/tensor_cache_instruct_bfp8/pb_ag_FF21024_dtype_BFLOAT8_B_layout_TILE.tensorbin of shape Shape([1, 1, 1024, 2048])
2026-08-29 09:16:55.665 | DEBUG    | core:as_tensor:724 - Loaded cache for /proj_sw/user_dev/ctr-apbernal/tt-metal/model_cache/meta-llama/Llama-3.3-70B-Instruct/TG/tensor_cache_instruct_bfp8/pb_ag_LAYERNORM1024_dtype_BFLOAT16_layout_TILE.tensorbin of shape Shape([1, 1, 1024, 128])
2026-08-29 09:16:55.669 | DEBUG    | core:as_tensor:724 - Loaded cache for /proj_sw/user_dev/ctr-apbernal/tt-metal/model_cache/meta-llama/Llama-3.3-70B-Instruct/TG/tensor_cache_instruct_bfp8/pb_ag_ATTN_REPLICATE1024_dtype_BFLOAT8_B_layout_TILE.tensorbin of shape Shape([1, 1, 1024, 128])
2026-08-29 09:16:55.674 | DEBUG    | core:as_tensor:724 - Loaded cache for /proj_sw/user_dev/ctr-apbernal/tt-metal/model_cache/meta-llama/Llama-3.3-70B-Instruct/TG/tensor_cache_instruct_bfp8/pb_ag_QKV128_dtype_BFLOAT8_B_layout_TILE.tensorbin of shape Shape([1, 1, 128, 1280])
2026-08-29 09:16:55.678 | DEBUG    | core:as_tensor:724 - Loaded cache for /proj_sw/user_dev/ctr-apbernal/tt-metal/model_cache/meta-llama/Llama-3.3-70B-Instruct/TG/tensor_cache_instruct_bfp8/pb_ag_SDPA128_dtype_BFLOAT8_B_layout_TILE.tensorbin of shape Shape([1, 1, 64, 1024])
2026-08-29 09:16:55.683 | DEBUG    | core:as_tensor:724 - Loaded cache for /proj_sw/user_dev/ctr-apbernal/tt-metal/model_cache/meta-llama/Llama-3.3-70B-Instruct/TG/tensor_cache_instruct_bfp8/pb_ag_SDPA_REVERSE128_dtype_BFLOAT8_B_layout_TILE.tensorbin of shape Shape([1, 1, 64, 1024])
2026-08-29 09:16:55.687 | DEBUG    | core:as_tensor:724 - Loaded cache for /proj_sw/user_dev/ctr-apbernal/tt-metal/model_cache/meta-llama/Llama-3.3-70B-Instruct/TG/tensor_cache_instruct_bfp8/pb_ag_WO_AG128_dtype_BFLOAT8_B_layout_TILE.tensorbin of shape Shape([8, 1, 128, 2048])
2026-08-29 09:16:55.691 | DEBUG    | core:as_tensor:724 - Loaded cache for /proj_sw/user_dev/ctr-apbernal/tt-metal/model_cache/meta-llama/Llama-3.3-70B-Instruct/TG/tensor_cache_instruct_bfp8/pb_ag_FF1128_dtype_BFLOAT8_B_layout_TILE.tensorbin of shape Shape([1, 1, 128, 3584])
2026-08-29 09:16:55.694 | DEBUG    | core:as_tensor:724 - Loaded cache for /proj_sw/user_dev/ctr-apbernal/tt-metal/model_cache/meta-llama/Llama-3.3-70B-Instruct/TG/tensor_cache_instruct_bfp8/pb_ag_FF3128_dtype_BFLOAT8_B_layout_TILE.tensorbin of shape Shape([1, 1, 128, 3584])
2026-08-29 09:16:55.695 | DEBUG    | core:as_tensor:724 - Loaded cache for /proj_sw/user_dev/ctr-apbernal/tt-metal/model_cache/meta-llama/Llama-3.3-70B-Instruct/TG/tensor_cache_instruct_bfp8/pb_ag_FF2128_dtype_BFLOAT8_B_layout_TILE.tensorbin of shape Shape([1, 1, 128, 2048])
2026-08-29 09:16:55.697 | DEBUG    | core:as_tensor:724 - Loaded cache for /proj_sw/user_dev/ctr-apbernal/tt-metal/model_cache/meta-llama/Llama-3.3-70B-Instruct/TG/tensor_cache_instruct_bfp8/pb_ag_LAYERNORM128_dtype_BFLOAT16_layout_TILE.tensorbin of shape Shape([1, 1, 128, 128])
2026-08-29 09:16:55.699 | DEBUG    | core:as_tensor:724 - Loaded cache for /proj_sw/user_dev/ctr-apbernal/tt-metal/model_cache/meta-llama/Llama-3.3-70B-Instruct/TG/tensor_cache_instruct_bfp8/pb_ag_ATTN_REPLICATE128_dtype_BFLOAT8_B_layout_TILE.tensorbin of shape Shape([1, 1, 128, 128])
2026-08-29 09:16:55.703 | DEBUG    | core:as_tensor:724 - Loaded cache for /proj_sw/user_dev/ctr-apbernal/tt-metal/model_cache/meta-llama/Llama-3.3-70B-Instruct/TG/tensor_cache_instruct_bfp8/pb_ag_LM_HEAD_32_dtype_BFLOAT8_B_layout_TILE.tensorbin of shape Shape([4, 1, 32, 16384])
2026-08-29 09:16:55.708 | DEBUG    | core:as_tensor:724 - Loaded cache for /proj_sw/user_dev/ctr-apbernal/tt-metal/model_cache/meta-llama/Llama-3.3-70B-Instruct/TG/tensor_cache_instruct_bfp8/pb_ag_SAMPLING_32_dtype_BFLOAT8_B_layout_TILE.tensorbin of shape Shape([1, 1, 32, 131072])
2026-08-29 09:16:55.708 | INFO     | models.demos.llama3_70b_galaxy.tt.prefetcher_common:__init__:33 - Running TtLlamaPrefetcherSetup
2026-08-29 09:16:55.735 | DEBUG    | core:as_tensor:724 - Loaded cache for /proj_sw/user_dev/ctr-apbernal/tt-metal/model_cache/meta-llama/Llama-3.3-70B-Instruct/TG/tensor_cache_instruct_bfp8/pb_rs_01_QKV_0_4096_dtype_BFLOAT8_B_layout_TILE.tensorbin of shape Shape([1, 1, 4096, 1280])
2026-08-29 09:16:55.739 | DEBUG    | core:as_tensor:724 - Loaded cache for /proj_sw/user_dev/ctr-apbernal/tt-metal/model_cache/meta-llama/Llama-3.3-70B-Instruct/TG/tensor_cache_instruct_bfp8/pb_rs_00_QKV_0_4096_dtype_BFLOAT8_B_layout_TILE.tensorbin of shape Shape([1, 1, 4096, 320])
2026-08-29 09:16:55.749 | DEBUG    | core:as_tensor:724 - Loaded cache for /proj_sw/user_dev/ctr-apbernal/tt-metal/model_cache/meta-llama/Llama-3.3-70B-Instruct/TG/tensor_cache_instruct_bfp8/pb_rs_01_FF1_0_4096_dtype_BFLOAT8_B_layout_TILE.tensorbin of shape Shape([1, 1, 4096, 3584])
2026-08-29 09:16:55.757 | DEBUG    | core:as_tensor:724 - Loaded cache for /proj_sw/user_dev/ctr-apbernal/tt-metal/model_cache/meta-llama/Llama-3.3-70B-Instruct/TG/tensor_cache_instruct_bfp8/pb_rs_00_FF1_0_4096_dtype_BFLOAT8_B_layout_TILE.tensorbin of shape Shape([1, 1, 4096, 896])
2026-08-29 09:16:55.769 | DEBUG    | core:as_tensor:724 - Loaded cache for /proj_sw/user_dev/ctr-apbernal/tt-metal/model_cache/meta-llama/Llama-3.3-70B-Instruct/TG/tensor_cache_instruct_bfp8/pb_rs_01_FF3_0_4096_dtype_BFLOAT8_B_layout_TILE.tensorbin of shape Shape([1, 1, 4096, 3584])
2026-08-29 09:16:55.776 | DEBUG    | core:as_tensor:724 - Loaded cache for /proj_sw/user_dev/ctr-apbernal/tt-metal/model_cache/meta-llama/Llama-3.3-70B-Instruct/TG/tensor_cache_instruct_bfp8/pb_rs_00_FF3_0_4096_dtype_BFLOAT8_B_layout_TILE.tensorbin of shape Shape([1, 1, 4096, 896])
2026-08-29 09:16:55.784 | DEBUG    | core:as_tensor:724 - Loaded cache for /proj_sw/user_dev/ctr-apbernal/tt-metal/model_cache/meta-llama/Llama-3.3-70B-Instruct/TG/tensor_cache_instruct_bfp8/pb_rs_01_FF2_0_4096_dtype_BFLOAT8_B_layout_TILE.tensorbin of shape Shape([1, 1, 4096, 2048])
2026-08-29 09:16:55.789 | DEBUG    | core:as_tensor:724 - Loaded cache for /proj_sw/user_dev/ctr-apbernal/tt-metal/model_cache/meta-llama/Llama-3.3-70B-Instruct/TG/tensor_cache_instruct_bfp8/pb_rs_00_FF2_0_4096_dtype_BFLOAT8_B_layout_TILE.tensorbin of shape Shape([1, 1, 4096, 256])
2026-08-29 09:16:55.794 | DEBUG    | core:as_tensor:724 - Loaded cache for /proj_sw/user_dev/ctr-apbernal/tt-metal/model_cache/meta-llama/Llama-3.3-70B-Instruct/TG/tensor_cache_instruct_bfp8/pb_rs_01_ATTN_REPLICATE_0_4096_dtype_BFLOAT8_B_layout_TILE.tensorbin of shape Shape([1, 1, 4096, 128])
2026-08-29 09:16:55.795 | DEBUG    | core:as_tensor:724 - Loaded cache for /proj_sw/user_dev/ctr-apbernal/tt-metal/model_cache/meta-llama/Llama-3.3-70B-Instruct/TG/tensor_cache_instruct_bfp8/pb_rs_00_ATTN_REPLICATE_0_4096_dtype_BFLOAT8_B_layout_TILE.tensorbin of shape Shape([1, 1, 4096, 32])
2026-08-29 09:16:55.801 | DEBUG    | core:as_tensor:724 - Loaded cache for /proj_sw/user_dev/ctr-apbernal/tt-metal/model_cache/meta-llama/Llama-3.3-70B-Instruct/TG/tensor_cache_instruct_bfp8/pb_rs_01_QKV_batched_0_4096_dtype_BFLOAT8_B_layout_TILE.tensorbin of shape Shape([1, 32, 128, 1280])
2026-08-29 09:16:55.806 | DEBUG    | core:as_tensor:724 - Loaded cache for /proj_sw/user_dev/ctr-apbernal/tt-metal/model_cache/meta-llama/Llama-3.3-70B-Instruct/TG/tensor_cache_instruct_bfp8/pb_rs_00_QKV_batched_0_4096_dtype_BFLOAT8_B_layout_TILE.tensorbin of shape Shape([1, 32, 128, 320])
2026-08-29 09:16:55.816 | DEBUG    | core:as_tensor:724 - Loaded cache for /proj_sw/user_dev/ctr-apbernal/tt-metal/model_cache/meta-llama/Llama-3.3-70B-Instruct/TG/tensor_cache_instruct_bfp8/pb_rs_01_FF1_batched_0_4096_dtype_BFLOAT8_B_layout_TILE.tensorbin of shape Shape([1, 32, 128, 3584])
2026-08-29 09:16:55.823 | DEBUG    | core:as_tensor:724 - Loaded cache for /proj_sw/user_dev/ctr-apbernal/tt-metal/model_cache/meta-llama/Llama-3.3-70B-Instruct/TG/tensor_cache_instruct_bfp8/pb_rs_00_FF1_batched_0_4096_dtype_BFLOAT8_B_layout_TILE.tensorbin of shape Shape([1, 32, 128, 896])
2026-08-29 09:16:55.834 | DEBUG    | core:as_tensor:724 - Loaded cache for /proj_sw/user_dev/ctr-apbernal/tt-metal/model_cache/meta-llama/Llama-3.3-70B-Instruct/TG/tensor_cache_instruct_bfp8/pb_rs_01_FF3_batched_0_4096_dtype_BFLOAT8_B_layout_TILE.tensorbin of shape Shape([1, 32, 128, 3584])
2026-08-29 09:16:55.842 | DEBUG    | core:as_tensor:724 - Loaded cache for /proj_sw/user_dev/ctr-apbernal/tt-metal/model_cache/meta-llama/Llama-3.3-70B-Instruct/TG/tensor_cache_instruct_bfp8/pb_rs_00_FF3_batched_0_4096_dtype_BFLOAT8_B_layout_TILE.tensorbin of shape Shape([1, 32, 128, 896])
2026-08-29 09:16:55.849 | DEBUG    | core:as_tensor:724 - Loaded cache for /proj_sw/user_dev/ctr-apbernal/tt-metal/model_cache/meta-llama/Llama-3.3-70B-Instruct/TG/tensor_cache_instruct_bfp8/pb_rs_01_FF2_batched_0_4096_dtype_BFLOAT8_B_layout_TILE.tensorbin of shape Shape([1, 32, 128, 2048])
2026-08-29 09:16:55.855 | DEBUG    | core:as_tensor:724 - Loaded cache for /proj_sw/user_dev/ctr-apbernal/tt-metal/model_cache/meta-llama/Llama-3.3-70B-Instruct/TG/tensor_cache_instruct_bfp8/pb_rs_00_FF2_batched_0_4096_dtype_BFLOAT8_B_layout_TILE.tensorbin of shape Shape([1, 32, 128, 256])
2026-08-29 09:16:55.859 | DEBUG    | core:as_tensor:724 - Loaded cache for /proj_sw/user_dev/ctr-apbernal/tt-metal/model_cache/meta-llama/Llama-3.3-70B-Instruct/TG/tensor_cache_instruct_bfp8/pb_rs_01_QKV_0_2048_dtype_BFLOAT8_B_layout_TILE.tensorbin of shape Shape([1, 1, 2048, 1280])
2026-08-29 09:16:55.861 | DEBUG    | core:as_tensor:724 - Loaded cache for /proj_sw/user_dev/ctr-apbernal/tt-metal/model_cache/meta-llama/Llama-3.3-70B-Instruct/TG/tensor_cache_instruct_bfp8/pb_rs_00_QKV_0_2048_dtype_BFLOAT8_B_layout_TILE.tensorbin of shape Shape([1, 1, 2048, 320])
2026-08-29 09:16:55.869 | DEBUG    | core:as_tensor:724 - Loaded cache for /proj_sw/user_dev/ctr-apbernal/tt-metal/model_cache/meta-llama/Llama-3.3-70B-Instruct/TG/tensor_cache_instruct_bfp8/pb_rs_01_FF1_0_2048_dtype_BFLOAT8_B_layout_TILE.tensorbin of shape Shape([1, 1, 2048, 3584])
2026-08-29 09:16:55.873 | DEBUG    | core:as_tensor:724 - Loaded cache for /proj_sw/user_dev/ctr-apbernal/tt-metal/model_cache/meta-llama/Llama-3.3-70B-Instruct/TG/tensor_cache_instruct_bfp8/pb_rs_00_FF1_0_2048_dtype_BFLOAT8_B_layout_TILE.tensorbin of shape Shape([1, 1, 2048, 896])
2026-08-29 09:16:55.881 | DEBUG    | core:as_tensor:724 - Loaded cache for /proj_sw/user_dev/ctr-apbernal/tt-metal/model_cache/meta-llama/Llama-3.3-70B-Instruct/TG/tensor_cache_instruct_bfp8/pb_rs_01_FF3_0_2048_dtype_BFLOAT8_B_layout_TILE.tensorbin of shape Shape([1, 1, 2048, 3584])
2026-08-29 09:16:55.885 | DEBUG    | core:as_tensor:724 - Loaded cache for /proj_sw/user_dev/ctr-apbernal/tt-metal/model_cache/meta-llama/Llama-3.3-70B-Instruct/TG/tensor_cache_instruct_bfp8/pb_rs_00_FF3_0_2048_dtype_BFLOAT8_B_layout_TILE.tensorbin of shape Shape([1, 1, 2048, 896])
2026-08-29 09:16:55.889 | DEBUG    | core:as_tensor:724 - Loaded cache for /proj_sw/user_dev/ctr-apbernal/tt-metal/model_cache/meta-llama/Llama-3.3-70B-Instruct/TG/tensor_cache_instruct_bfp8/pb_rs_01_FF2_0_2048_dtype_BFLOAT8_B_layout_TILE.tensorbin of shape Shape([1, 1, 2048, 2048])
2026-08-29 09:16:55.895 | DEBUG    | core:as_tensor:724 - Loaded cache for /proj_sw/user_dev/ctr-apbernal/tt-metal/model_cache/meta-llama/Llama-3.3-70B-Instruct/TG/tensor_cache_instruct_bfp8/pb_rs_00_FF2_0_2048_dtype_BFLOAT8_B_layout_TILE.tensorbin of shape Shape([1, 1, 2048, 256])
2026-08-29 09:16:55.899 | DEBUG    | core:as_tensor:724 - Loaded cache for /proj_sw/user_dev/ctr-apbernal/tt-metal/model_cache/meta-llama/Llama-3.3-70B-Instruct/TG/tensor_cache_instruct_bfp8/pb_rs_01_ATTN_REPLICATE_0_2048_dtype_BFLOAT8_B_layout_TILE.tensorbin of shape Shape([1, 1, 2048, 128])
2026-08-29 09:16:55.903 | DEBUG    | core:as_tensor:724 - Loaded cache for /proj_sw/user_dev/ctr-apbernal/tt-metal/model_cache/meta-llama/Llama-3.3-70B-Instruct/TG/tensor_cache_instruct_bfp8/pb_rs_00_ATTN_REPLICATE_0_2048_dtype_BFLOAT8_B_layout_TILE.tensorbin of shape Shape([1, 1, 2048, 32])
2026-08-29 09:16:55.908 | DEBUG    | core:as_tensor:724 - Loaded cache for /proj_sw/user_dev/ctr-apbernal/tt-metal/model_cache/meta-llama/Llama-3.3-70B-Instruct/TG/tensor_cache_instruct_bfp8/pb_rs_01_QKV_batched_0_2048_dtype_BFLOAT8_B_layout_TILE.tensorbin of shape Shape([1, 32, 64, 1280])
2026-08-29 09:16:55.910 | DEBUG    | core:as_tensor:724 - Loaded cache for /proj_sw/user_dev/ctr-apbernal/tt-metal/model_cache/meta-llama/Llama-3.3-70B-Instruct/TG/tensor_cache_instruct_bfp8/pb_rs_00_QKV_batched_0_2048_dtype_BFLOAT8_B_layout_TILE.tensorbin of shape Shape([1, 32, 64, 320])
2026-08-29 09:16:55.916 | DEBUG    | core:as_tensor:724 - Loaded cache for /proj_sw/user_dev/ctr-apbernal/tt-metal/model_cache/meta-llama/Llama-3.3-70B-Instruct/TG/tensor_cache_instruct_bfp8/pb_rs_01_FF1_batched_0_2048_dtype_BFLOAT8_B_layout_TILE.tensorbin of shape Shape([1, 32, 64, 3584])
2026-08-29 09:16:55.921 | DEBUG    | core:as_tensor:724 - Loaded cache for /proj_sw/user_dev/ctr-apbernal/tt-metal/model_cache/meta-llama/Llama-3.3-70B-Instruct/TG/tensor_cache_instruct_bfp8/pb_rs_00_FF1_batched_0_2048_dtype_BFLOAT8_B_layout_TILE.tensorbin of shape Shape([1, 32, 64, 896])
2026-08-29 09:16:55.927 | DEBUG    | core:as_tensor:724 - Loaded cache for /proj_sw/user_dev/ctr-apbernal/tt-metal/model_cache/meta-llama/Llama-3.3-70B-Instruct/TG/tensor_cache_instruct_bfp8/pb_rs_01_FF3_batched_0_2048_dtype_BFLOAT8_B_layout_TILE.tensorbin of shape Shape([1, 32, 64, 3584])
2026-08-29 09:16:55.931 | DEBUG    | core:as_tensor:724 - Loaded cache for /proj_sw/user_dev/ctr-apbernal/tt-metal/model_cache/meta-llama/Llama-3.3-70B-Instruct/TG/tensor_cache_instruct_bfp8/pb_rs_00_FF3_batched_0_2048_dtype_BFLOAT8_B_layout_TILE.tensorbin of shape Shape([1, 32, 64, 896])
2026-08-29 09:16:55.935 | DEBUG    | core:as_tensor:724 - Loaded cache for /proj_sw/user_dev/ctr-apbernal/tt-metal/model_cache/meta-llama/Llama-3.3-70B-Instruct/TG/tensor_cache_instruct_bfp8/pb_rs_01_FF2_batched_0_2048_dtype_BFLOAT8_B_layout_TILE.tensorbin of shape Shape([1, 32, 64, 2048])
2026-08-29 09:16:55.940 | DEBUG    | core:as_tensor:724 - Loaded cache for /proj_sw/user_dev/ctr-apbernal/tt-metal/model_cache/meta-llama/Llama-3.3-70B-Instruct/TG/tensor_cache_instruct_bfp8/pb_rs_00_FF2_batched_0_2048_dtype_BFLOAT8_B_layout_TILE.tensorbin of shape Shape([1, 32, 64, 256])
2026-08-29 09:16:55.944 | DEBUG    | core:as_tensor:724 - Loaded cache for /proj_sw/user_dev/ctr-apbernal/tt-metal/model_cache/meta-llama/Llama-3.3-70B-Instruct/TG/tensor_cache_instruct_bfp8/pb_rs_01_QKV_0_1024_dtype_BFLOAT8_B_layout_TILE.tensorbin of shape Shape([1, 1, 1024, 1280])
2026-08-29 09:16:55.949 | DEBUG    | core:as_tensor:724 - Loaded cache for /proj_sw/user_dev/ctr-apbernal/tt-metal/model_cache/meta-llama/Llama-3.3-70B-Instruct/TG/tensor_cache_instruct_bfp8/pb_rs_00_QKV_0_1024_dtype_BFLOAT8_B_layout_TILE.tensorbin of shape Shape([1, 1, 1024, 320])
2026-08-29 09:16:55.952 | DEBUG    | core:as_tensor:724 - Loaded cache for /proj_sw/user_dev/ctr-apbernal/tt-metal/model_cache/meta-llama/Llama-3.3-70B-Instruct/TG/tensor_cache_instruct_bfp8/pb_rs_01_FF1_0_1024_dtype_BFLOAT8_B_layout_TILE.tensorbin of shape Shape([1, 1, 1024, 3584])
2026-08-29 09:16:55.954 | DEBUG    | core:as_tensor:724 - Loaded cache for /proj_sw/user_dev/ctr-apbernal/tt-metal/model_cache/meta-llama/Llama-3.3-70B-Instruct/TG/tensor_cache_instruct_bfp8/pb_rs_00_FF1_0_1024_dtype_BFLOAT8_B_layout_TILE.tensorbin of shape Shape([1, 1, 1024, 896])
2026-08-29 09:16:55.960 | DEBUG    | core:as_tensor:724 - Loaded cache for /proj_sw/user_dev/ctr-apbernal/tt-metal/model_cache/meta-llama/Llama-3.3-70B-Instruct/TG/tensor_cache_instruct_bfp8/pb_rs_01_FF3_0_1024_dtype_BFLOAT8_B_layout_TILE.tensorbin of shape Shape([1, 1, 1024, 3584])
2026-08-29 09:16:55.964 | DEBUG    | core:as_tensor:724 - Loaded cache for /proj_sw/user_dev/ctr-apbernal/tt-metal/model_cache/meta-llama/Llama-3.3-70B-Instruct/TG/tensor_cache_instruct_bfp8/pb_rs_00_FF3_0_1024_dtype_BFLOAT8_B_layout_TILE.tensorbin of shape Shape([1, 1, 1024, 896])
2026-08-29 09:16:55.969 | DEBUG    | core:as_tensor:724 - Loaded cache for /proj_sw/user_dev/ctr-apbernal/tt-metal/model_cache/meta-llama/Llama-3.3-70B-Instruct/TG/tensor_cache_instruct_bfp8/pb_rs_01_FF2_0_1024_dtype_BFLOAT8_B_layout_TILE.tensorbin of shape Shape([1, 1, 1024, 2048])
2026-08-29 09:16:55.971 | DEBUG    | core:as_tensor:724 - Loaded cache for /proj_sw/user_dev/ctr-apbernal/tt-metal/model_cache/meta-llama/Llama-3.3-70B-Instruct/TG/tensor_cache_instruct_bfp8/pb_rs_00_FF2_0_1024_dtype_BFLOAT8_B_layout_TILE.tensorbin of shape Shape([1, 1, 1024, 256])
2026-08-29 09:16:55.975 | DEBUG    | core:as_tensor:724 - Loaded cache for /proj_sw/user_dev/ctr-apbernal/tt-metal/model_cache/meta-llama/Llama-3.3-70B-Instruct/TG/tensor_cache_instruct_bfp8/pb_rs_01_ATTN_REPLICATE_0_1024_dtype_BFLOAT8_B_layout_TILE.tensorbin of shape Shape([1, 1, 1024, 128])
2026-08-29 09:16:55.977 | DEBUG    | core:as_tensor:724 - Loaded cache for /proj_sw/user_dev/ctr-apbernal/tt-metal/model_cache/meta-llama/Llama-3.3-70B-Instruct/TG/tensor_cache_instruct_bfp8/pb_rs_00_ATTN_REPLICATE_0_1024_dtype_BFLOAT8_B_layout_TILE.tensorbin of shape Shape([1, 1, 1024, 32])
2026-08-29 09:16:55.980 | DEBUG    | core:as_tensor:724 - Loaded cache for /proj_sw/user_dev/ctr-apbernal/tt-metal/model_cache/meta-llama/Llama-3.3-70B-Instruct/TG/tensor_cache_instruct_bfp8/pb_rs_01_QKV_batched_0_1024_dtype_BFLOAT8_B_layout_TILE.tensorbin of shape Shape([1, 32, 32, 1280])
2026-08-29 09:16:55.985 | DEBUG    | core:as_tensor:724 - Loaded cache for /proj_sw/user_dev/ctr-apbernal/tt-metal/model_cache/meta-llama/Llama-3.3-70B-Instruct/TG/tensor_cache_instruct_bfp8/pb_rs_00_QKV_batched_0_1024_dtype_BFLOAT8_B_layout_TILE.tensorbin of shape Shape([1, 32, 32, 320])
2026-08-29 09:16:55.989 | DEBUG    | core:as_tensor:724 - Loaded cache for /proj_sw/user_dev/ctr-apbernal/tt-metal/model_cache/meta-llama/Llama-3.3-70B-Instruct/TG/tensor_cache_instruct_bfp8/pb_rs_01_FF1_batched_0_1024_dtype_BFLOAT8_B_layout_TILE.tensorbin of shape Shape([1, 32, 32, 3584])
2026-08-29 09:16:55.994 | DEBUG    | core:as_tensor:724 - Loaded cache for /proj_sw/user_dev/ctr-apbernal/tt-metal/model_cache/meta-llama/Llama-3.3-70B-Instruct/TG/tensor_cache_instruct_bfp8/pb_rs_00_FF1_batched_0_1024_dtype_BFLOAT8_B_layout_TILE.tensorbin of shape Shape([1, 32, 32, 896])
2026-08-29 09:16:55.999 | DEBUG    | core:as_tensor:724 - Loaded cache for /proj_sw/user_dev/ctr-apbernal/tt-metal/model_cache/meta-llama/Llama-3.3-70B-Instruct/TG/tensor_cache_instruct_bfp8/pb_rs_01_FF3_batched_0_1024_dtype_BFLOAT8_B_layout_TILE.tensorbin of shape Shape([1, 32, 32, 3584])
2026-08-29 09:16:56.003 | DEBUG    | core:as_tensor:724 - Loaded cache for /proj_sw/user_dev/ctr-apbernal/tt-metal/model_cache/meta-llama/Llama-3.3-70B-Instruct/TG/tensor_cache_instruct_bfp8/pb_rs_00_FF3_batched_0_1024_dtype_BFLOAT8_B_layout_TILE.tensorbin of shape Shape([1, 32, 32, 896])
2026-08-29 09:16:56.008 | DEBUG    | core:as_tensor:724 - Loaded cache for /proj_sw/user_dev/ctr-apbernal/tt-metal/model_cache/meta-llama/Llama-3.3-70B-Instruct/TG/tensor_cache_instruct_bfp8/pb_rs_01_FF2_batched_0_1024_dtype_BFLOAT8_B_layout_TILE.tensorbin of shape Shape([1, 32, 32, 2048])
2026-08-29 09:16:56.013 | DEBUG    | core:as_tensor:724 - Loaded cache for /proj_sw/user_dev/ctr-apbernal/tt-metal/model_cache/meta-llama/Llama-3.3-70B-Instruct/TG/tensor_cache_instruct_bfp8/pb_rs_00_FF2_batched_0_1024_dtype_BFLOAT8_B_layout_TILE.tensorbin of shape Shape([1, 32, 32, 256])
2026-08-29 09:16:56.014 | DEBUG    | core:as_tensor:724 - Loaded cache for /proj_sw/user_dev/ctr-apbernal/tt-metal/model_cache/meta-llama/Llama-3.3-70B-Instruct/TG/tensor_cache_instruct_bfp8/pb_rs_01_QKV_0_128_dtype_BFLOAT8_B_layout_TILE.tensorbin of shape Shape([1, 1, 128, 1280])
2026-08-29 09:16:56.016 | DEBUG    | core:as_tensor:724 - Loaded cache for /proj_sw/user_dev/ctr-apbernal/tt-metal/model_cache/meta-llama/Llama-3.3-70B-Instruct/TG/tensor_cache_instruct_bfp8/pb_rs_00_QKV_0_128_dtype_BFLOAT8_B_layout_TILE.tensorbin of shape Shape([1, 1, 128, 320])
2026-08-29 09:16:56.020 | DEBUG    | core:as_tensor:724 - Loaded cache for /proj_sw/user_dev/ctr-apbernal/tt-metal/model_cache/meta-llama/Llama-3.3-70B-Instruct/TG/tensor_cache_instruct_bfp8/pb_rs_01_FF1_0_128_dtype_BFLOAT8_B_layout_TILE.tensorbin of shape Shape([1, 1, 128, 3584])
2026-08-29 09:16:56.023 | DEBUG    | core:as_tensor:724 - Loaded cache for /proj_sw/user_dev/ctr-apbernal/tt-metal/model_cache/meta-llama/Llama-3.3-70B-Instruct/TG/tensor_cache_instruct_bfp8/pb_rs_00_FF1_0_128_dtype_BFLOAT8_B_layout_TILE.tensorbin of shape Shape([1, 1, 128, 896])
2026-08-29 09:16:56.026 | DEBUG    | core:as_tensor:724 - Loaded cache for /proj_sw/user_dev/ctr-apbernal/tt-metal/model_cache/meta-llama/Llama-3.3-70B-Instruct/TG/tensor_cache_instruct_bfp8/pb_rs_01_FF3_0_128_dtype_BFLOAT8_B_layout_TILE.tensorbin of shape Shape([1, 1, 128, 3584])
2026-08-29 09:16:56.031 | DEBUG    | core:as_tensor:724 - Loaded cache for /proj_sw/user_dev/ctr-apbernal/tt-metal/model_cache/meta-llama/Llama-3.3-70B-Instruct/TG/tensor_cache_instruct_bfp8/pb_rs_00_FF3_0_128_dtype_BFLOAT8_B_layout_TILE.tensorbin of shape Shape([1, 1, 128, 896])
2026-08-29 09:16:56.033 | DEBUG    | core:as_tensor:724 - Loaded cache for /proj_sw/user_dev/ctr-apbernal/tt-metal/model_cache/meta-llama/Llama-3.3-70B-Instruct/TG/tensor_cache_instruct_bfp8/pb_rs_01_FF2_0_128_dtype_BFLOAT8_B_layout_TILE.tensorbin of shape Shape([1, 1, 128, 2048])
2026-08-29 09:16:56.037 | DEBUG    | core:as_tensor:724 - Loaded cache for /proj_sw/user_dev/ctr-apbernal/tt-metal/model_cache/meta-llama/Llama-3.3-70B-Instruct/TG/tensor_cache_instruct_bfp8/pb_rs_00_FF2_0_128_dtype_BFLOAT8_B_layout_TILE.tensorbin of shape Shape([1, 1, 128, 256])
2026-08-29 09:16:56.038 | DEBUG    | core:as_tensor:724 - Loaded cache for /proj_sw/user_dev/ctr-apbernal/tt-metal/model_cache/meta-llama/Llama-3.3-70B-Instruct/TG/tensor_cache_instruct_bfp8/pb_rs_01_ATTN_REPLICATE_0_128_dtype_BFLOAT8_B_layout_TILE.tensorbin of shape Shape([1, 1, 128, 128])
2026-08-29 09:16:56.040 | DEBUG    | core:as_tensor:724 - Loaded cache for /proj_sw/user_dev/ctr-apbernal/tt-metal/model_cache/meta-llama/Llama-3.3-70B-Instruct/TG/tensor_cache_instruct_bfp8/pb_rs_00_ATTN_REPLICATE_0_128_dtype_BFLOAT8_B_layout_TILE.tensorbin of shape Shape([1, 1, 128, 32])
2026-08-29 09:16:56.045 | DEBUG    | core:as_tensor:724 - Loaded cache for /proj_sw/user_dev/ctr-apbernal/tt-metal/model_cache/meta-llama/Llama-3.3-70B-Instruct/TG/tensor_cache_instruct_bfp8/pb_rs_01_QKV_batched_0_128_dtype_BFLOAT8_B_layout_TILE.tensorbin of shape Shape([1, 32, 4, 1280])
2026-08-29 09:16:56.049 | DEBUG    | core:as_tensor:724 - Loaded cache for /proj_sw/user_dev/ctr-apbernal/tt-metal/model_cache/meta-llama/Llama-3.3-70B-Instruct/TG/tensor_cache_instruct_bfp8/pb_rs_00_QKV_batched_0_128_dtype_BFLOAT8_B_layout_TILE.tensorbin of shape Shape([1, 32, 4, 320])
2026-08-29 09:16:56.055 | DEBUG    | core:as_tensor:724 - Loaded cache for /proj_sw/user_dev/ctr-apbernal/tt-metal/model_cache/meta-llama/Llama-3.3-70B-Instruct/TG/tensor_cache_instruct_bfp8/pb_rs_01_FF1_batched_0_128_dtype_BFLOAT8_B_layout_TILE.tensorbin of shape Shape([1, 32, 4, 3584])
2026-08-29 09:16:56.059 | DEBUG    | core:as_tensor:724 - Loaded cache for /proj_sw/user_dev/ctr-apbernal/tt-metal/model_cache/meta-llama/Llama-3.3-70B-Instruct/TG/tensor_cache_instruct_bfp8/pb_rs_00_FF1_batched_0_128_dtype_BFLOAT8_B_layout_TILE.tensorbin of shape Shape([1, 32, 4, 896])
2026-08-29 09:16:56.063 | DEBUG    | core:as_tensor:724 - Loaded cache for /proj_sw/user_dev/ctr-apbernal/tt-metal/model_cache/meta-llama/Llama-3.3-70B-Instruct/TG/tensor_cache_instruct_bfp8/pb_rs_01_FF3_batched_0_128_dtype_BFLOAT8_B_layout_TILE.tensorbin of shape Shape([1, 32, 4, 3584])
2026-08-29 09:16:56.068 | DEBUG    | core:as_tensor:724 - Loaded cache for /proj_sw/user_dev/ctr-apbernal/tt-metal/model_cache/meta-llama/Llama-3.3-70B-Instruct/TG/tensor_cache_instruct_bfp8/pb_rs_00_FF3_batched_0_128_dtype_BFLOAT8_B_layout_TILE.tensorbin of shape Shape([1, 32, 4, 896])
2026-08-29 09:16:56.073 | DEBUG    | core:as_tensor:724 - Loaded cache for /proj_sw/user_dev/ctr-apbernal/tt-metal/model_cache/meta-llama/Llama-3.3-70B-Instruct/TG/tensor_cache_instruct_bfp8/pb_rs_01_FF2_batched_0_128_dtype_BFLOAT8_B_layout_TILE.tensorbin of shape Shape([1, 32, 4, 2048])
2026-08-29 09:16:56.075 | DEBUG    | core:as_tensor:724 - Loaded cache for /proj_sw/user_dev/ctr-apbernal/tt-metal/model_cache/meta-llama/Llama-3.3-70B-Instruct/TG/tensor_cache_instruct_bfp8/pb_rs_00_FF2_batched_0_128_dtype_BFLOAT8_B_layout_TILE.tensorbin of shape Shape([1, 32, 4, 256])
2026-08-29 09:16:56.080 | DEBUG    | core:as_tensor:724 - Loaded cache for /proj_sw/user_dev/ctr-apbernal/tt-metal/model_cache/meta-llama/Llama-3.3-70B-Instruct/TG/tensor_cache_instruct_bfp8/pb_ag_QKV4096_dtype_BFLOAT8_B_layout_TILE.tensorbin of shape Shape([1, 1, 4096, 1280])
2026-08-29 09:16:56.084 | DEBUG    | core:as_tensor:724 - Loaded cache for /proj_sw/user_dev/ctr-apbernal/tt-metal/model_cache/meta-llama/Llama-3.3-70B-Instruct/TG/tensor_cache_instruct_bfp8/pb_ag_SDPA4096_dtype_BFLOAT8_B_layout_TILE.tensorbin of shape Shape([1, 1, 2048, 1024])
2026-08-29 09:16:56.089 | DEBUG    | core:as_tensor:724 - Loaded cache for /proj_sw/user_dev/ctr-apbernal/tt-metal/model_cache/meta-llama/Llama-3.3-70B-Instruct/TG/tensor_cache_instruct_bfp8/pb_ag_SDPA_REVERSE4096_dtype_BFLOAT8_B_layout_TILE.tensorbin of shape Shape([1, 1, 2048, 1024])
2026-08-29 09:16:56.132 | DEBUG    | core:as_tensor:724 - Loaded cache for /proj_sw/user_dev/ctr-apbernal/tt-metal/model_cache/meta-llama/Llama-3.3-70B-Instruct/TG/tensor_cache_instruct_bfp8/pb_ag_WO_AG4096_dtype_BFLOAT8_B_layout_TILE.tensorbin of shape Shape([8, 1, 4096, 2048])
2026-08-29 09:16:56.159 | DEBUG    | core:as_tensor:724 - Loaded cache for /proj_sw/user_dev/ctr-apbernal/tt-metal/model_cache/meta-llama/Llama-3.3-70B-Instruct/TG/tensor_cache_instruct_bfp8/pb_ag_FF14096_dtype_BFLOAT8_B_layout_TILE.tensorbin of shape Shape([1, 1, 4096, 3584])
2026-08-29 09:16:56.173 | DEBUG    | core:as_tensor:724 - Loaded cache for /proj_sw/user_dev/ctr-apbernal/tt-metal/model_cache/meta-llama/Llama-3.3-70B-Instruct/TG/tensor_cache_instruct_bfp8/pb_ag_FF34096_dtype_BFLOAT8_B_layout_TILE.tensorbin of shape Shape([1, 1, 4096, 3584])
2026-08-29 09:16:56.184 | DEBUG    | core:as_tensor:724 - Loaded cache for /proj_sw/user_dev/ctr-apbernal/tt-metal/model_cache/meta-llama/Llama-3.3-70B-Instruct/TG/tensor_cache_instruct_bfp8/pb_ag_FF24096_dtype_BFLOAT8_B_layout_TILE.tensorbin of shape Shape([1, 1, 4096, 2048])
2026-08-29 09:16:56.190 | DEBUG    | core:as_tensor:724 - Loaded cache for /proj_sw/user_dev/ctr-apbernal/tt-metal/model_cache/meta-llama/Llama-3.3-70B-Instruct/TG/tensor_cache_instruct_bfp8/pb_ag_LAYERNORM4096_dtype_BFLOAT16_layout_TILE.tensorbin of shape Shape([1, 1, 4096, 128])
2026-08-29 09:16:56.194 | DEBUG    | core:as_tensor:724 - Loaded cache for /proj_sw/user_dev/ctr-apbernal/tt-metal/model_cache/meta-llama/Llama-3.3-70B-Instruct/TG/tensor_cache_instruct_bfp8/pb_ag_ATTN_REPLICATE4096_dtype_BFLOAT8_B_layout_TILE.tensorbin of shape Shape([1, 1, 4096, 128])
2026-08-29 09:16:56.196 | DEBUG    | core:as_tensor:724 - Loaded cache for /proj_sw/user_dev/ctr-apbernal/tt-metal/model_cache/meta-llama/Llama-3.3-70B-Instruct/TG/tensor_cache_instruct_bfp8/pb_ag_QKV2048_dtype_BFLOAT8_B_layout_TILE.tensorbin of shape Shape([1, 1, 2048, 1280])
2026-08-29 09:16:56.198 | DEBUG    | core:as_tensor:724 - Loaded cache for /proj_sw/user_dev/ctr-apbernal/tt-metal/model_cache/meta-llama/Llama-3.3-70B-Instruct/TG/tensor_cache_instruct_bfp8/pb_ag_SDPA2048_dtype_BFLOAT8_B_layout_TILE.tensorbin of shape Shape([1, 1, 1024, 1024])
2026-08-29 09:16:56.203 | DEBUG    | core:as_tensor:724 - Loaded cache for /proj_sw/user_dev/ctr-apbernal/tt-metal/model_cache/meta-llama/Llama-3.3-70B-Instruct/TG/tensor_cache_instruct_bfp8/pb_ag_SDPA_REVERSE2048_dtype_BFLOAT8_B_layout_TILE.tensorbin of shape Shape([1, 1, 1024, 1024])
2026-08-29 09:16:56.225 | DEBUG    | core:as_tensor:724 - Loaded cache for /proj_sw/user_dev/ctr-apbernal/tt-metal/model_cache/meta-llama/Llama-3.3-70B-Instruct/TG/tensor_cache_instruct_bfp8/pb_ag_WO_AG2048_dtype_BFLOAT8_B_layout_TILE.tensorbin of shape Shape([8, 1, 2048, 2048])
2026-08-29 09:16:56.241 | DEBUG    | core:as_tensor:724 - Loaded cache for /proj_sw/user_dev/ctr-apbernal/tt-metal/model_cache/meta-llama/Llama-3.3-70B-Instruct/TG/tensor_cache_instruct_bfp8/pb_ag_FF12048_dtype_BFLOAT8_B_layout_TILE.tensorbin of shape Shape([1, 1, 2048, 3584])
2026-08-29 09:16:56.248 | DEBUG    | core:as_tensor:724 - Loaded cache for /proj_sw/user_dev/ctr-apbernal/tt-metal/model_cache/meta-llama/Llama-3.3-70B-Instruct/TG/tensor_cache_instruct_bfp8/pb_ag_FF32048_dtype_BFLOAT8_B_layout_TILE.tensorbin of shape Shape([1, 1, 2048, 3584])
2026-08-29 09:16:56.252 | DEBUG    | core:as_tensor:724 - Loaded cache for /proj_sw/user_dev/ctr-apbernal/tt-metal/model_cache/meta-llama/Llama-3.3-70B-Instruct/TG/tensor_cache_instruct_bfp8/pb_ag_FF22048_dtype_BFLOAT8_B_layout_TILE.tensorbin of shape Shape([1, 1, 2048, 2048])
2026-08-29 09:16:56.257 | DEBUG    | core:as_tensor:724 - Loaded cache for /proj_sw/user_dev/ctr-apbernal/tt-metal/model_cache/meta-llama/Llama-3.3-70B-Instruct/TG/tensor_cache_instruct_bfp8/pb_ag_LAYERNORM2048_dtype_BFLOAT16_layout_TILE.tensorbin of shape Shape([1, 1, 2048, 128])
2026-08-29 09:16:56.259 | DEBUG    | core:as_tensor:724 - Loaded cache for /proj_sw/user_dev/ctr-apbernal/tt-metal/model_cache/meta-llama/Llama-3.3-70B-Instruct/TG/tensor_cache_instruct_bfp8/pb_ag_ATTN_REPLICATE2048_dtype_BFLOAT8_B_layout_TILE.tensorbin of shape Shape([1, 1, 2048, 128])
2026-08-29 09:16:56.264 | DEBUG    | core:as_tensor:724 - Loaded cache for /proj_sw/user_dev/ctr-apbernal/tt-metal/model_cache/meta-llama/Llama-3.3-70B-Instruct/TG/tensor_cache_instruct_bfp8/pb_ag_QKV1024_dtype_BFLOAT8_B_layout_TILE.tensorbin of shape Shape([1, 1, 1024, 1280])
2026-08-29 09:16:56.268 | DEBUG    | core:as_tensor:724 - Loaded cache for /proj_sw/user_dev/ctr-apbernal/tt-metal/model_cache/meta-llama/Llama-3.3-70B-Instruct/TG/tensor_cache_instruct_bfp8/pb_ag_SDPA1024_dtype_BFLOAT8_B_layout_TILE.tensorbin of shape Shape([1, 1, 512, 1024])
2026-08-29 09:16:56.271 | DEBUG    | core:as_tensor:724 - Loaded cache for /proj_sw/user_dev/ctr-apbernal/tt-metal/model_cache/meta-llama/Llama-3.3-70B-Instruct/TG/tensor_cache_instruct_bfp8/pb_ag_SDPA_REVERSE1024_dtype_BFLOAT8_B_layout_TILE.tensorbin of shape Shape([1, 1, 512, 1024])
2026-08-29 09:16:56.282 | DEBUG    | core:as_tensor:724 - Loaded cache for /proj_sw/user_dev/ctr-apbernal/tt-metal/model_cache/meta-llama/Llama-3.3-70B-Instruct/TG/tensor_cache_instruct_bfp8/pb_ag_WO_AG1024_dtype_BFLOAT8_B_layout_TILE.tensorbin of shape Shape([8, 1, 1024, 2048])
2026-08-29 09:16:56.290 | DEBUG    | core:as_tensor:724 - Loaded cache for /proj_sw/user_dev/ctr-apbernal/tt-metal/model_cache/meta-llama/Llama-3.3-70B-Instruct/TG/tensor_cache_instruct_bfp8/pb_ag_FF11024_dtype_BFLOAT8_B_layout_TILE.tensorbin of shape Shape([1, 1, 1024, 3584])
2026-08-29 09:16:56.296 | DEBUG    | core:as_tensor:724 - Loaded cache for /proj_sw/user_dev/ctr-apbernal/tt-metal/model_cache/meta-llama/Llama-3.3-70B-Instruct/TG/tensor_cache_instruct_bfp8/pb_ag_FF31024_dtype_BFLOAT8_B_layout_TILE.tensorbin of shape Shape([1, 1, 1024, 3584])
2026-08-29 09:16:56.300 | DEBUG    | core:as_tensor:724 - Loaded cache for /proj_sw/user_dev/ctr-apbernal/tt-metal/model_cache/meta-llama/Llama-3.3-70B-Instruct/TG/tensor_cache_instruct_bfp8/pb_ag_FF21024_dtype_BFLOAT8_B_layout_TILE.tensorbin of shape Shape([1, 1, 1024, 2048])
2026-08-29 09:16:56.304 | DEBUG    | core:as_tensor:724 - Loaded cache for /proj_sw/user_dev/ctr-apbernal/tt-metal/model_cache/meta-llama/Llama-3.3-70B-Instruct/TG/tensor_cache_instruct_bfp8/pb_ag_LAYERNORM1024_dtype_BFLOAT16_layout_TILE.tensorbin of shape Shape([1, 1, 1024, 128])
2026-08-29 09:16:56.306 | DEBUG    | core:as_tensor:724 - Loaded cache for /proj_sw/user_dev/ctr-apbernal/tt-metal/model_cache/meta-llama/Llama-3.3-70B-Instruct/TG/tensor_cache_instruct_bfp8/pb_ag_ATTN_REPLICATE1024_dtype_BFLOAT8_B_layout_TILE.tensorbin of shape Shape([1, 1, 1024, 128])
2026-08-29 09:16:56.310 | DEBUG    | core:as_tensor:724 - Loaded cache for /proj_sw/user_dev/ctr-apbernal/tt-metal/model_cache/meta-llama/Llama-3.3-70B-Instruct/TG/tensor_cache_instruct_bfp8/pb_ag_QKV128_dtype_BFLOAT8_B_layout_TILE.tensorbin of shape Shape([1, 1, 128, 1280])
2026-08-29 09:16:56.311 | DEBUG    | core:as_tensor:724 - Loaded cache for /proj_sw/user_dev/ctr-apbernal/tt-metal/model_cache/meta-llama/Llama-3.3-70B-Instruct/TG/tensor_cache_instruct_bfp8/pb_ag_SDPA128_dtype_BFLOAT8_B_layout_TILE.tensorbin of shape Shape([1, 1, 64, 1024])
2026-08-29 09:16:56.313 | DEBUG    | core:as_tensor:724 - Loaded cache for /proj_sw/user_dev/ctr-apbernal/tt-metal/model_cache/meta-llama/Llama-3.3-70B-Instruct/TG/tensor_cache_instruct_bfp8/pb_ag_SDPA_REVERSE128_dtype_BFLOAT8_B_layout_TILE.tensorbin of shape Shape([1, 1, 64, 1024])
2026-08-29 09:16:56.317 | DEBUG    | core:as_tensor:724 - Loaded cache for /proj_sw/user_dev/ctr-apbernal/tt-metal/model_cache/meta-llama/Llama-3.3-70B-Instruct/TG/tensor_cache_instruct_bfp8/pb_ag_WO_AG128_dtype_BFLOAT8_B_layout_TILE.tensorbin of shape Shape([8, 1, 128, 2048])
2026-08-29 09:16:56.323 | DEBUG    | core:as_tensor:724 - Loaded cache for /proj_sw/user_dev/ctr-apbernal/tt-metal/model_cache/meta-llama/Llama-3.3-70B-Instruct/TG/tensor_cache_instruct_bfp8/pb_ag_FF1128_dtype_BFLOAT8_B_layout_TILE.tensorbin of shape Shape([1, 1, 128, 3584])
2026-08-29 09:16:56.326 | DEBUG    | core:as_tensor:724 - Loaded cache for /proj_sw/user_dev/ctr-apbernal/tt-metal/model_cache/meta-llama/Llama-3.3-70B-Instruct/TG/tensor_cache_instruct_bfp8/pb_ag_FF3128_dtype_BFLOAT8_B_layout_TILE.tensorbin of shape Shape([1, 1, 128, 3584])
2026-08-29 09:16:56.329 | DEBUG    | core:as_tensor:724 - Loaded cache for /proj_sw/user_dev/ctr-apbernal/tt-metal/model_cache/meta-llama/Llama-3.3-70B-Instruct/TG/tensor_cache_instruct_bfp8/pb_ag_FF2128_dtype_BFLOAT8_B_layout_TILE.tensorbin of shape Shape([1, 1, 128, 2048])
2026-08-29 09:16:56.331 | DEBUG    | core:as_tensor:724 - Loaded cache for /proj_sw/user_dev/ctr-apbernal/tt-metal/model_cache/meta-llama/Llama-3.3-70B-Instruct/TG/tensor_cache_instruct_bfp8/pb_ag_LAYERNORM128_dtype_BFLOAT16_layout_TILE.tensorbin of shape Shape([1, 1, 128, 128])
2026-08-29 09:16:56.334 | DEBUG    | core:as_tensor:724 - Loaded cache for /proj_sw/user_dev/ctr-apbernal/tt-metal/model_cache/meta-llama/Llama-3.3-70B-Instruct/TG/tensor_cache_instruct_bfp8/pb_ag_ATTN_REPLICATE128_dtype_BFLOAT8_B_layout_TILE.tensorbin of shape Shape([1, 1, 128, 128])
2026-08-29 09:16:56.338 | DEBUG    | core:as_tensor:724 - Loaded cache for /proj_sw/user_dev/ctr-apbernal/tt-metal/model_cache/meta-llama/Llama-3.3-70B-Instruct/TG/tensor_cache_instruct_bfp8/pb_ag_LM_HEAD_32_dtype_BFLOAT8_B_layout_TILE.tensorbin of shape Shape([4, 1, 32, 16384])
2026-08-29 09:16:56.344 | DEBUG    | core:as_tensor:724 - Loaded cache for /proj_sw/user_dev/ctr-apbernal/tt-metal/model_cache/meta-llama/Llama-3.3-70B-Instruct/TG/tensor_cache_instruct_bfp8/pb_ag_SAMPLING_32_dtype_BFLOAT8_B_layout_TILE.tensorbin of shape Shape([1, 1, 32, 131072])
2026-08-29 09:16:56.918 | INFO     | models.demos.llama3_70b_galaxy.demo.text_demo:test_demo_text:1072 - Starting inference...
2026-08-29 09:16:56.918 | INFO     | models.demos.llama3_70b_galaxy.demo.text_demo:test_demo_text:1074 - Processing batch 0
2026-08-29 09:16:56.918 | ERROR    | models.demos.llama3_70b_galaxy.demo.text_demo:test_demo_text:1092 - Error during preprocessing: 'Tokenizer' object has no attribute 'apply_chat_template'
FAILED2026-08-29 09:17:00.646 | INFO     | conftest:pytest_runtest_teardown:1189 - In custom teardown, open device ids: {0, 1, 2, 3, 4, 5, 6, 7, 8, 9, 10, 11, 12, 13, 14, 15, 16, 17, 18, 19, 20, 21, 22, 23, 24, 25, 26, 27, 28, 29, 30, 31}


=================================== FAILURES ===================================
_ test_demo_text[wormhole_b0-mesh_device0-device_params0-10-performance-batch-32] _

input_prompts = ['What is your favorite condiment? There are so many condiments to choose from, each bringing its unique flavor and texture to enhance different dishes. Do you prefer the classic taste of ketchup, the creamy richness of mayonnaise, the spicy kick of mustard, or perhaps something more exotic like sriracha or hoisin sauce? Maybe you enjoy the tangy zest of salsa or the smooth and savory taste of aioli. Share what your favorite condiment is and why you love it. Does it remind you of a specific dish or meal?', 'What is your favorite condiment? There are so many condiments to choose from, each bringing its unique flavor and texture to enhance different dishes. Do you prefer the classic taste of ketchup, the creamy richness of mayonnaise, the spicy kick of mustard, or perhaps something more exotic like sriracha or hoisin sauce? Maybe you enjoy the tangy zest of salsa or the smooth and savory taste of aioli. Share what your favorite condiment is and why you love it. Does it remind you of a specific dish or meal?', 'What is your favorite condiment? There are so many condiments to choose from, each bringing its unique flavor and texture to enhance different dishes. Do you prefer the classic taste of ketchup, the creamy richness of mayonnaise, the spicy kick of mustard, or perhaps something more exotic like sriracha or hoisin sauce? Maybe you enjoy the tangy zest of salsa or the smooth and savory taste of aioli. Share what your favorite condiment is and why you love it. Does it remind you of a specific dish or meal?', 'What is your favorite condiment? There are so many condiments to choose from, each bringing its unique flavor and texture to enhance different dishes. Do you prefer the classic taste of ketchup, the creamy richness of mayonnaise, the spicy kick of mustard, or perhaps something more exotic like sriracha or hoisin sauce? Maybe you enjoy the tangy zest of salsa or the smooth and savory taste of aioli. Share what your favorite condiment is and why you love it. Does it remind you of a specific dish or meal?', 'What is your favorite condiment? There are so many condiments to choose from, each bringing its unique flavor and texture to enhance different dishes. Do you prefer the classic taste of ketchup, the creamy richness of mayonnaise, the spicy kick of mustard, or perhaps something more exotic like sriracha or hoisin sauce? Maybe you enjoy the tangy zest of salsa or the smooth and savory taste of aioli. Share what your favorite condiment is and why you love it. Does it remind you of a specific dish or meal?', 'What is your favorite condiment? There are so many condiments to choose from, each bringing its unique flavor and texture to enhance different dishes. Do you prefer the classic taste of ketchup, the creamy richness of mayonnaise, the spicy kick of mustard, or perhaps something more exotic like sriracha or hoisin sauce? Maybe you enjoy the tangy zest of salsa or the smooth and savory taste of aioli. Share what your favorite condiment is and why you love it. Does it remind you of a specific dish or meal?', ...]
instruct = True, repeat_batches = 1, max_seq_len = 131072, batch_size = 32
max_generated_tokens = 128, paged_attention = True
page_params = {'page_block_size': 64, 'page_max_num_blocks': 2048}
sampling_params = {'temperature': 0.0, 'top_p': 0.08}
optimizations = <bound method LlamaOptimizations.performance of <class 'models.demos.llama3_70b_galaxy.tt.model_config.LlamaOptimizations'>>
stop_at_eos = False, mesh_device = MeshDevice(8x4 grid, 32 devices)
device_params = {'dispatch_core_axis': DispatchCoreAxis.COL, 'fabric_config': FabricConfig.FABRIC_1D_RING, 'num_command_queues': 1, 'trace_region_size': 216580672, ...}
is_ci_env = False, apc_test = False, prefill_profile = False, num_layers = 80
pcc_check = False, token_accuracy = False, pcc_decode_len = 10
reset_seeds = None
request = <FixtureRequest for <Function test_demo_text[wormhole_b0-mesh_device0-device_params0-10-performance-batch-32]>>
galaxy_type = '6U', print_outputs = False, is_cur_pos_sharded = True
is_page_table_sharded = True, use_prefix_caching = False
prefix_cached_ratio = 0.0

    @pytest.mark.parametrize(
        "input_prompts, instruct, repeat_batches, max_seq_len, batch_size, max_generated_tokens, paged_attention, page_params, sampling_params, stop_at_eos, apc_test, pcc_check, token_accuracy, prefill_profile, num_layers, print_outputs, is_cur_pos_sharded, is_page_table_sharded, use_prefix_caching, prefix_cached_ratio",
        [
            (  # Batch-32 run (Throughput) - 32 users, small prompt
                "models/demos/llama3_70b_galaxy/demo/sample_prompts/input_data_questions_prefill_128.json",  # input_prompts
                True,  # instruct mode
                1,  # repeat_batches
                128 * 1024,  # max_seq_len
                32,  # batch_size
                128,  # max_generated_tokens
                True,  # paged_attention
                {"page_block_size": 64, "page_max_num_blocks": 2048},  # page_params
                {"temperature": 0.0, "top_p": 0.08},  # sampling_params (argmax)
                False,  # stop_at_eos
                False,  # apc_test
                False,  # pcc_check
                False,  # token_accuracy
                False,  # prefill-only profile
                80,  # num layers
                False,  # print_outputs
                True,  # is_cur_pos_sharded
                True,  # is_page_table_sharded
                False,  # use_prefix_caching
                0.0,  # prefix_cached_ratio
            ),
            (  # Batch-32 with non-uniform sampling
                "models/demos/llama3_70b_galaxy/demo/sample_prompts/input_data_questions_prefill_128.json",  # input_prompts
                True,  # instruct mode
                1,  # repeat_batches
                128 * 1024,  # max_seq_len
                32,  # batch_size
                128,  # max_generated_tokens
                True,  # paged_attention
                {"page_block_size": 64, "page_max_num_blocks": 2048},  # page_params
                {
                    "temperature": torch.linspace(0.0, 1.0, steps=32).tolist(),
                    "top_p": torch.linspace(0.08, 1.0, steps=32).tolist(),
                    "top_k": torch.arange(1, 33).tolist(),  # 1 to 32 inclusive
                    "presence_penalty": torch.linspace(-2.0, 2.0, steps=32).tolist(),
                    "frequency_penalty": torch.linspace(-2.0, 2.0, steps=32).tolist(),
                    "repetition_penalty": torch.linspace(0.8, 1.5, steps=32).tolist(),
                    "seed": torch.randint(0, 33, size=(32,)).tolist(),
                },  # sampling_params (non-uniform)
                False,  # stop_at_eos
                False,  # apc_test
                False,  # pcc_check
                False,  # token_accuracy
                False,  # prefill-only profile
                80,  # num layers
                False,  # print_outputs
                True,  # is_cur_pos_sharded
                True,  # is_page_table_sharded
                False,  # use_prefix_caching
                0.0,  # prefix_cached_ratio
            ),
            (  # Batch-32 with non-uniform sampling and log-probs calculation
                "models/demos/llama3_70b_galaxy/demo/sample_prompts/input_data_questions_prefill_128.json",  # input_prompts
                True,  # instruct mode
                1,  # repeat_batches
                128 * 1024,  # max_seq_len
                32,  # batch_size
                128,  # max_generated_tokens
                True,  # paged_attention
                {"page_block_size": 64, "page_max_num_blocks": 2048},  # page_params
                {
                    "temperature": torch.linspace(0.0, 1.0, steps=32).tolist(),
                    "top_p": torch.linspace(0.08, 1.0, steps=32).tolist(),
                    "top_k": torch.arange(1, 33).tolist(),  # 1 to 32 inclusive
                    "log_probs": [True] * 32,
                },  # sampling_params (non-uniform)
                False,  # stop_at_eos
                False,  # apc_test
                False,  # pcc_check
                False,  # token_accuracy
                False,  # prefill-only profile
                80,  # num layers
                False,  # print_outputs
                True,  # is_cur_pos_sharded
                True,  # is_page_table_sharded
                False,  # use_prefix_caching
                0.0,  # prefix_cached_ratio
            ),
            (  # Batch-1 run (Throughput) - 1 user, small prompt
                "models/demos/llama3_70b_galaxy/demo/sample_prompts/input_data_questions_prefill_128.json",  # input_prompts
                True,  # instruct mode
                1,  # repeat_batches
                128 * 1024,  # max_seq_len
                1,  # batch_size
                128,  # max_generated_tokens
                True,  # paged_attention
                {"page_block_size": 64, "page_max_num_blocks": 2048},  # page_params
                {"temperature": 0.0, "top_p": 0.05},  # sampling_params (argmax)
                False,  # stop_at_eos
                False,  # apc_test
                False,  # pcc_check
                False,  # token_accuracy
                False,  # prefill-only profile
                80,  # num layers
                False,  # print_outputs
                False,  # is_cur_pos_sharded
                False,  # is_page_table_sharded
                False,  # use_prefix_caching
                0.0,  # prefix_cached_ratio
            ),
            (  # evals-1 run (Throughput) - 1 user, smaller prompts, batch repeat 32
                "models/demos/llama3_70b_galaxy/demo/sample_prompts/eval_repeat_prompts.json",  # input_prompts
                True,  # instruct mode
                16,  # repeat_batches
                128 * 1024,  # max_seq_len
                1,  # batch_size
                1024,  # max_generated_tokens
                True,  # paged_attention
                {"page_block_size": 64, "page_max_num_blocks": 2048},  # page_params
                {"temperature": 0.0, "top_p": 0.05},  # sampling_params (argmax)
                False,  # stop_at_eos
                False,  # apc_test
                False,  # pcc_check
                False,  # token_accuracy
                False,  # prefill-only profile
                80,  # num layers
                False,  # print_outputs
                False,  # is_cur_pos_sharded
                False,  # is_page_table_sharded
                False,  # use_prefix_caching
                0.0,  # prefix_cached_ratio
            ),
            (  # evals-32 run (Throughput) - 32 users, smaller prompts, batch repeat 32
                "models/demos/llama3_70b_galaxy/demo/sample_prompts/eval_repeat_prompts_debug.json",  # input_prompts
                True,  # instruct mode
                16,  # repeat_batches
                128 * 1024,  # max_seq_len
                32,  # batch_size
                1024,  # max_generated_tokens
                True,  # paged_attention
                {"page_block_size": 64, "page_max_num_blocks": 2048},  # page_params
                {"temperature": 0.0, "top_p": 0.05},  # sampling_params (argmax)
                False,  # stop_at_eos
                False,  # apc_test
                False,  # pcc_check
                False,  # token_accuracy
                False,  # prefill-only profile
                80,  # num layers
                False,  # print_outputs
                False,  # is_cur_pos_sharded
                False,  # is_page_table_sharded
                False,  # use_prefix_caching
                0.0,  # prefix_cached_ratio
            ),
            (  # evals-long-prompts run (Throughput) - 1 user, smaller prompts, batch repeat 12
                "models/demos/llama3_70b_galaxy/demo/sample_prompts/eval_repeat_prompts_very_long.json",  # input_prompts
                True,  # instruct mode
                6,  # repeat_batches
                128 * 1024,  # max_seq_len
                1,  # batch_size
                1024,  # max_generated_tokens
                True,  # paged_attention
                {"page_block_size": 64, "page_max_num_blocks": 2048},  # page_params
                {"temperature": 0.0, "top_p": 0.05},  # sampling_params (argmax)
                False,  # stop_at_eos
                False,  # apc_test
                False,  # pcc_check
                False,  # token_accuracy
                False,  # prefill-only profile
                80,  # num layers
                False,  # print_outputs
                False,  # is_cur_pos_sharded
                False,  # is_page_table_sharded
                False,  # use_prefix_caching
                0.0,  # prefix_cached_ratio
            ),
            (  # Repeat2 (Batch-1) run (Throughput) - 1 user, small prompt
                "models/demos/llama3_70b_galaxy/demo/sample_prompts/input_data_questions_prefill_128.json",  # input_prompts
                True,  # instruct mode
                2,  # repeat_batches
                128 * 1024,  # max_seq_len
                1,  # batch_size
                128,  # max_generated_tokens
                True,  # paged_attention
                {"page_block_size": 64, "page_max_num_blocks": 2048},  # page_params
                {"temperature": 0, "top_p": 0.08},  # sampling_params (argmax)
                False,  # stop_at_eos
                False,  # apc_test
                False,  # pcc_check
                False,  # token_accuracy
                False,  # prefill-only profile
                80,  # num layers
                False,  # print_outputs
                False,  # is_cur_pos_sharded    #NOTE: currently cur pos/ page table sharding is not supported on repeat batch runs
                False,  # is_page_table_sharded
                False,  # use_prefix_caching
                0.0,  # prefix_cached_ratio
            ),
            (  # long-4k-b1 - Single user, 4K long prompt
                "models/demos/llama3_70b_galaxy/demo/sample_prompts/input_data_long_4k.json",  # input_prompts
                True,  # instruct mode
                1,  # repeat_batches
                128 * 1024,  # max_seq_len
                1,  # batch_size
                128,  # max_generated_tokens
                True,  # paged_attention
                {"page_block_size": 64, "page_max_num_blocks": 2048},  # page_params
                {"temperature": 0, "top_p": 0.08},  # sampling_params (argmax)
                False,  # stop_at_eos
                False,  # apc_test
                False,  # pcc_check
                False,  # token_accuracy
                False,  # prefill-only profile
                80,  # num layers
                False,  # print_outputs
                False,  # is_cur_pos_sharded
                False,  # is_page_table_sharded
                False,  # use_prefix_caching
                0.0,  # prefix_cached_ratio
            ),
            (  # long-8k-b1 - Single user, 8K long prompt
                "models/demos/llama3_70b_galaxy/demo/sample_prompts/input_data_long_8k.json",  # input_prompts
                True,  # instruct mode
                1,  # repeat_batches
                128 * 1024,  # max_seq_len
                1,  # batch_size
                128,  # max_generated_tokens
                True,  # paged_attention
                {"page_block_size": 64, "page_max_num_blocks": 2048},  # page_params
                {"temperature": 1.0, "top_p": 0.04},  # sampling_params (argmax)
                False,  # stop_at_eos
                False,  # apc_test
                False,  # pcc_check
                False,  # token_accuracy
                False,  # prefill-only profile
                80,  # num layers
                False,  # print_outputs
                False,  # is_cur_pos_sharded
                False,  # is_page_table_sharded
                False,  # use_prefix_caching
                0.0,  # prefix_cached_ratio
            ),
            (  # long-16k-b1 - 1 user, 16K long prompt
                "models/demos/llama3_70b_galaxy/demo/sample_prompts/input_data_long_16k.json",  # input_prompts
                True,  # instruct mode
                1,  # repeat_batches
                128 * 1024,  # max_seq_len
                1,  # batch_size
                128,  # max_generated_tokens
                True,  # paged_attention
                {"page_block_size": 64, "page_max_num_blocks": 2048},  # page_params
                {"temperature": 0, "top_p": 0.08},  # sampling_params (argmax)
                False,  # stop_at_eos
                False,  # apc_test
                False,  # pcc_check
                False,  # token_accuracy
                False,  # prefill-only profile
                80,  # num layers
                False,  # print_outputs
                False,  # is_cur_pos_sharded
                False,  # is_page_table_sharded
                False,  # use_prefix_caching
                0.0,  # prefix_cached_ratio
            ),
            (  # long-32k-b1 - Single user, 32K long prompt
                "models/demos/llama3_70b_galaxy/demo/sample_prompts/input_data_long_32k.json",  # input_prompts
                True,  # instruct mode
                1,  # repeat_batches
                128 * 1024,  # max_seq_len
                1,  # batch_size
                128,  # max_generated_tokens
                True,  # paged_attention
                {"page_block_size": 64, "page_max_num_blocks": 2048},  # page_params
                {"temperature": 0, "top_p": 0.08},  # sampling_params (argmax)
                False,  # stop_at_eos
                False,  # apc_test
                False,  # pcc_check
                False,  # token_accuracy
                False,  # prefill-only profile
                80,  # num layers
                False,  # print_outputs
                False,  # is_cur_pos_sharded
                False,  # is_page_table_sharded
                False,  # use_prefix_caching
                0.0,  # prefix_cached_ratio
            ),
            (  # long-64k-b1 - Single user, 64K long prompt
                "models/demos/llama3_70b_galaxy/demo/sample_prompts/input_data_long_64k.json",  # input_prompts
                True,  # instruct mode
                1,  # repeat_batches
                128 * 1024,  # max_seq_len
                1,  # batch_size
                128,  # max_generated_tokens
                True,  # paged_attention
                {"page_block_size": 64, "page_max_num_blocks": 2048},  # page_params
                {"temperature": 0, "top_p": 0.08},  # sampling_params (argmax)
                False,  # stop_at_eos
                False,  # apc_test
                False,  # pcc_check
                False,  # token_accuracy
                False,  # prefill-only profile
                80,  # num layers
                False,  # print_outputs
                False,  # is_cur_pos_sharded
                False,  # is_page_table_sharded
                False,  # use_prefix_caching
                0.0,  # prefix_cached_ratio
            ),
            (  # long-128k-b1 - Single user, 128K long prompt
                "models/demos/llama3_70b_galaxy/demo/sample_prompts/input_data_long_128k.json",  # input_prompts
                True,  # instruct mode
                1,  # repeat_batches
                128 * 1024,  # max_seq_len
                1,  # batch_size
                128,  # max_generated_tokens
                True,  # paged_attention
                {"page_block_size": 64, "page_max_num_blocks": 2048},  # page_params
                {"temperature": 0, "top_p": 0.08},  # sampling_params (argmax)
                False,  # stop_at_eos
                False,  # apc_test
                False,  # pcc_check
                False,  # token_accuracy
                False,  # prefill-only profile
                80,  # num layers
                False,  # print_outputs
                False,  # is_cur_pos_sharded
                False,  # is_page_table_sharded
                False,  # use_prefix_caching
                0.0,  # prefix_cached_ratio
            ),
            (  # prefill-profile-standard [default 4K seqlen] - Runs 1L prefill-only
                "models/demos/llama3_70b_galaxy/demo/sample_prompts/input_data_long_4k.json",  # input_prompts
                True,  # instruct mode
                1,  # repeat_batches
                128 * 1024,  # max_seq_len
                1,  # batch_size
                10,  # max_generated_tokens
                True,  # paged_attention
                {"page_block_size": 64, "page_max_num_blocks": 2048},  # page_params
                {"temperature": 0, "top_p": 0.08},  # sampling_params (argmax)
                False,  # stop_at_eos
                False,  # apc_test
                False,  # pcc_check
                False,  # token_accuracy
                True,  # prefill-only profile
                1,  # num layers
                False,  # print_outputs
                False,  # is_cur_pos_sharded
                False,  # is_page_table_sharded
                False,  # use_prefix_caching
                0.0,  # prefix_cached_ratio
            ),
            (  # prefill-profile-prefix-caching - Runs 1L, Phase 2 only (prefix-cached prefill, signposts around Phase 2)
                "models/demos/llama3_70b_galaxy/demo/sample_prompts/input_data_long_4k.json",  # input_prompts (need >=128 tokens for 50% cache to align to page_block_size 64)
                True,  # instruct mode
                1,  # repeat_batches
                128 * 1024,  # max_seq_len
                1,  # batch_size
                10,  # max_generated_tokens
                True,  # paged_attention
                {"page_block_size": 64, "page_max_num_blocks": 2048},  # page_params
                {"temperature": 0, "top_p": 0.08},  # sampling_params (argmax)
                False,  # stop_at_eos
                False,  # apc_test
                False,  # pcc_check
                False,  # token_accuracy
                True,  # prefill-only profile
                1,  # num layers
                False,  # print_outputs
                False,  # is_cur_pos_sharded
                False,  # is_page_table_sharded
                True,  # use_prefix_caching
                0.5,  # prefix_cached_ratio
            ),
            (  # apc-test Run for PCC check, perf and functionality check: Batch-32 run (Throughput) - 32 users, prompt is "This is a test"
                "models/demos/llama3_70b_galaxy/demo/sample_prompts/input_data_questions_reference.json",  # input_prompts
                True,  # instruct mode
                1,  # repeat_batches
                128 * 1024,  # max_seq_len
                32,  # batch_size
                130,  # max_generated_tokens
                True,  # paged_attention
                {"page_block_size": 64, "page_max_num_blocks": 2048},  # page_params
                {"temperature": 0, "top_p": 0.08},  # sampling_params (argmax)
                False,  # stop_at_eos
                True,  # apc_test
                True,  # pcc_check
                False,  # token_accuracy
                False,  # prefill-only profile
                80,  # num layers
                False,  # print_outputs
                False,  # is_cur_pos_sharded
                False,  # is_page_table_sharded
                False,  # use_prefix_caching
                0.0,  # prefix_cached_ratio
            ),
            (  # ci-token-matching - CI Run for teacher-forced top-1/top-5 token accuracy
                "models/demos/llama3_70b_galaxy/demo/sample_prompts/input_data_questions_prefill_128.json",  # input_prompts
                True,  # instruct mode
                1,  # repeat_batches
                1024,  # max_seq_len
                1,  # batch_size
                500,  # max_generated_tokens
                True,  # paged_attention
                {"page_block_size": 64, "page_max_num_blocks": 2048},  # page_params
                {"temperature": 0, "top_p": 0.08},  # sampling_params (argmax)
                True,  # stop_at_eos
                False,  # apc_test
                False,  # pcc_check
                True,  # token_accuracy
                False,  # prefill-only profile
                80,  # num layers
                False,  # print_outputs
                False,  # is_cur_pos_sharded
                False,  # is_page_table_sharded
                False,  # use_prefix_caching
                0.0,  # prefix_cached_ratio
            ),
            (  # pcc-80L - CI Run for PCC check for 80 Layers + Teacher Forced: Batch-32 run (Throughput) - 32 users, prompt is "This is a test"
                "models/demos/llama3_70b_galaxy/demo/sample_prompts/input_data_questions_reference.json",  # input_prompts
                True,  # instruct mode
                1,  # repeat_batches
                1024,  # max_seq_len
                32,  # batch_size
                20,  # max_generated_tokens
                True,  # paged_attention
                {"page_block_size": 64, "page_max_num_blocks": 2048},  # page_params
                {"temperature": 0, "top_p": 0.08},  # sampling_params (argmax)
                False,  # stop_at_eos
                False,  # apc_test
                True,  # pcc_check
                False,  # token_accuracy
                False,  # prefill-only profile
                80,  # num layers
                False,  # print_outputs
                False,  # is_cur_pos_sharded
                False,  # is_page_table_sharded
                False,  # use_prefix_caching
                0.0,  # prefix_cached_ratio
            ),
            (  # batch-1-prefix-caching-perf - 1 user, long enough prompt, prefix caching (performance)
                "models/demos/llama3_70b_galaxy/demo/sample_prompts/input_data_long_4k.json",  # input_prompts
                True,  # instruct mode
                1,  # repeat_batches
                128 * 1024,  # max_seq_len
                1,  # batch_size
                128,  # max_generated_tokens
                True,  # paged_attention
                {"page_block_size": 64, "page_max_num_blocks": 2048},  # page_params
                {"temperature": 0.0, "top_p": 0.05},  # sampling_params (argmax)
                False,  # stop_at_eos
                False,  # apc_test
                False,  # pcc_check
                False,  # token_accuracy
                False,  # prefill-only profile
                80,  # num layers
                False,  # print_outputs
                False,  # is_cur_pos_sharded
                False,  # is_page_table_sharded
                True,  # use_prefix_caching
                0.75,  # prefix_cached_ratio
            ),
            (  # batch-1-prefix-caching-pcc - 1 user, prefix caching with PCC (correctness)
                "models/demos/llama3_70b_galaxy/demo/sample_prompts/input_data_questions_reference.json",  # input_prompts
                True,  # instruct mode
                1,  # repeat_batches
                128 * 1024,  # max_seq_len
                1,  # batch_size
                20,  # max_generated_tokens
                True,  # paged_attention
                {"page_block_size": 64, "page_max_num_blocks": 2048},  # page_params
                {"temperature": 0, "top_p": 0.08},  # sampling_params (argmax)
                False,  # stop_at_eos
                False,  # apc_test
                True,  # pcc_check
                False,  # token_accuracy
                False,  # prefill-only profile
                80,  # num layers
                False,  # print_outputs
                False,  # is_cur_pos_sharded
                False,  # is_page_table_sharded
                True,  # use_prefix_caching
                0.5,  # prefix_cached_ratio
            ),
            (  # seqlen-sweep - Sweeps all powers-of-two seqlens up to model's max (128k), one prefill+decode per batch
                [
                    "models/demos/llama3_70b_galaxy/demo/sample_prompts/input_data_long_1k.json",
                    "models/demos/llama3_70b_galaxy/demo/sample_prompts/input_data_long_2k.json",
                    "models/demos/llama3_70b_galaxy/demo/sample_prompts/input_data_long_4k.json",
                    "models/demos/llama3_70b_galaxy/demo/sample_prompts/input_data_long_8k.json",
                    "models/demos/llama3_70b_galaxy/demo/sample_prompts/input_data_long_16k.json",
                    "models/demos/llama3_70b_galaxy/demo/sample_prompts/input_data_long_32k.json",
                    "models/demos/llama3_70b_galaxy/demo/sample_prompts/input_data_long_64k.json",
                    "models/demos/llama3_70b_galaxy/demo/sample_prompts/input_data_long_128k.json",
                ],  # input_prompts (list of files, one per sweep step)
                True,  # instruct mode
                8,  # repeat_batches (one per seqlen step; adjusted dynamically by sweep logic)
                128 * 1024,  # max_seq_len (model maximum; filters out files that exceed this)
                1,  # batch_size
                32,  # max_generated_tokens (minimal decode to verify prefill succeeds at each length)
                True,  # paged_attention
                {"page_block_size": 64, "page_max_num_blocks": 2048},  # page_params
                {"temperature": 0, "top_p": 0.08},  # sampling_params (argmax)
                True,  # stop_at_eos
                False,  # apc_test
                False,  # pcc_check
                False,  # token_accuracy
                False,  # prefill-only profile
                80,  # num layers
                False,  # print_outputs
                False,  # is_cur_pos_sharded
                False,  # is_page_table_sharded
                False,  # use_prefix_caching
                0.0,  # prefix_cached_ratio
            ),
        ],
        ids=[
            "batch-32",  # throughput
            "batch-32-non-uniform-sampling",  # throughput w/ non-uniform sampling
            "batch-32-log-probs",  # throughput w/ non-uniform sampling and log-probs calculation
            "batch-1",  # latency
            "evals-1",  # Single user, 32 repeated batches, smaller prompts (<4K)
            "evals-32",  # 32 users, 32 repeated batches, smaller prompts (<4K)
            "evals-long-prompts",  # Single user, 12 repeated batches, very long prompts (4K ~ 64K)
            "repeat2",  # latency with 2 repeat batches
            "long-4k-b1",  # 4k context for 1 user
            "long-8k-b1",  # 4k context for 1 user
            "long-16k-b1",  # 16K context for 1 user
            "long-32k-b1",  # 32k context for 1 user
            "long-64k-b1",  # 64k context for 1 user
            "long-128k-b1",  # 128k context for 1 user
            "prefill-profile-standard",  # prefill-only profile run
            "prefill-profile-prefix-caching",  # prefill-only, Phase 2 (prefix-cached) only, 50% cache
            "apc-test",  # apc check for 80L + teacher forced for prefill + pcc check on prefill and 1st decode token
            "ci-token-matching",  # CI performs token accuracy matching with precomputed reference tokens
            "pcc-80L",  # pcc check for 80L + teacher forced
            "batch-1-prefix-caching-perf",  # 1 user, prefix caching (performance)
            "batch-1-prefix-caching-pcc",  # 1 user, prefix caching with PCC (correctness)
            "seqlen-sweep",  # Sweep prefill across all powers-of-two seqlens up to model's max (128k)
        ],
    )
    @pytest.mark.parametrize(
        "optimizations",
        [
            LlamaOptimizations.performance,
        ],
    )
    @pytest.mark.parametrize(
        "pcc_decode_len",
        [10],
    )
    @pytest.mark.parametrize(
        "device_params",
        [
            {
                TRACE_MODEL_KEY_PARAM: "llama3.3-70b-galaxy",
                "num_command_queues": 1,
                "dispatch_core_axis": ttnn.DispatchCoreAxis.COL,
                "worker_l1_size": 1345000,
                "fabric_config": True,
            }
        ],
        indirect=True,
    )
    @pytest.mark.parametrize(
        "mesh_device",
        [
            (8, 4),
        ],
        indirect=True,
    )
    def test_demo_text(
        input_prompts,
        instruct,
        repeat_batches,
        max_seq_len,
        batch_size,
        max_generated_tokens,
        paged_attention,
        page_params,
        sampling_params,
        optimizations,
        stop_at_eos,
        mesh_device,
        device_params,
        is_ci_env,
        apc_test,
        prefill_profile,
        num_layers,
        pcc_check,
        token_accuracy,
        pcc_decode_len,
        reset_seeds,
        request,
        galaxy_type,
        print_outputs,
        is_cur_pos_sharded,
        is_page_table_sharded,
        use_prefix_caching,
        prefix_cached_ratio,
    ):
        """
        Simple demo with limited dependence on reference code.
        """
        if use_prefix_caching and batch_size != 1:
            pytest.skip("Prefix caching only supported for batch_size=1")

        # Reset prefetcher global so each test gets a clean state (avoids reusing
        # address tensor from a previous test, which causes device mismatch TT_FATAL).
        import models.demos.llama3_70b_galaxy.tt.prefetcher_common as prefetcher_common

        prefetcher_common.global_tt_tensor_address = None

        # TODO: Remove this once all batch sizes are supported on TG
        if os.environ.get("MESH_DEVICE") == "TG" and batch_size not in [1, 32]:
            pytest.skip("Llama TG only supports batch-32")
        if apc_test and not pcc_check:
            raise ValueError("APC test requires PCC check to be enabled")
        if apc_test:
            demo_targets = load_demo_targets("models/demos/llama3_70b_galaxy/demo/text_demo_targets.json", galaxy_type)

        if prefill_profile:  # Special mode where we only run prefill with tracy
            from tracy import signpost

        # Override parameters from command line if they are provided
        input_prompts = request.config.getoption("--input_prompts") or input_prompts
        if request.config.getoption("--instruct") in [
            0,
            1,
        ]:  # If the flag is provided, use it. Take an int instead of bool due to parser limitations
            instruct = request.config.getoption("--instruct")
        repeat_batches = request.config.getoption("--repeat_batches") or repeat_batches
        max_seq_len = request.config.getoption("--max_seq_len") or max_seq_len
        batch_size = request.config.getoption("--batch_size") or batch_size
        max_generated_tokens = request.config.getoption("--max_generated_tokens") or max_generated_tokens
        paged_attention = request.config.getoption("--paged_attention") or paged_attention
        page_params = request.config.getoption("--page_params") or page_params
        sampling_params = request.config.getoption("--sampling_params") or sampling_params
        if request.config.getoption("--stop_at_eos") in [
            0,
            1,
        ]:  # If the flag is provided, use it. Take an int instead of bool due to parser limitations
            stop_at_eos = request.config.getoption("--stop_at_eos")
        print_outputs = request.config.getoption("--print_outputs") or print_outputs
        token_accuracy = request.config.getoption("--token_accuracy") or token_accuracy

        if token_accuracy and pcc_check:
            raise ValueError("Token accuracy and PCC check are separate demo modes")
        if token_accuracy and batch_size != 1:
            raise ValueError("Token accuracy mode only supports batch_size=1")

        test_id = request.node.callspec.id
        is_seqlen_sweep = "seqlen-sweep" in test_id

        enable_trace = True  # Use tracing for better perf
        if token_accuracy:
            enable_trace = False  # Teacher forcing uses fresh host tokens each iteration.
        prefill_enable_trace = not is_seqlen_sweep  # disable only for sweep to avoid 80MB trace budget
        print_to_file = False  # Enable this flag to print the output of all users to a file
        instruct = num_layers == 80 and instruct  # if using instruct weights it must be full model
        input_lengths = (
            [
                534,
                1008,
                1111 * 4,
                3333 * 4,
            ]
            * 8
            if batch_size == 32
            else [15384 * 8]
        )

        # Creat batch output file
        benchmark_data = BenchmarkData()
        profiler_step_name = "tg-llama-demo-prefill-e2e"
        timestamp = datetime.now().strftime("%Y-%m-%d_%H-%M-%S")
        output_directory = "models/demos/llama3_70b_galaxy/demo/output"
        os.makedirs(output_directory, exist_ok=True)
        os.chmod(output_directory, 0o755)
        output_filename = f"{output_directory}/demo_user_output_{timestamp}.txt"

        if not stop_at_eos:
            logger.info(f"The decode generation will only stop at the max_generated_tokens limit == {max_generated_tokens}")

        if print_to_file:
            # Creat batch output file
            timestamp = datetime.now().strftime("%Y-%m-%d_%H-%M-%S")
            output_directory = "models/demos/llama3_70b_galaxy/demo/output"
            os.makedirs(output_directory, exist_ok=True)
            os.chmod(output_directory, 0o755)
            output_filename = f"{output_directory}/llama_text_demo_output_{timestamp}.txt"

        # Start profiler
        logger.info(f"Start profiler")
        profiler = BenchmarkProfiler()
        profiler.start("run")

        logger.info(f"Reading inputs...")
        profiler.start("loading_inputs")
        sweep_prompt_files = None
        if is_seqlen_sweep:
            # In seqlen-sweep mode, input_prompts is a list of file paths (one per sweep step).
            # Load the first file now for initial setup; per-step loading happens later.
            sweep_prompt_files = input_prompts
            input_prompts, all_prompts = load_inputs(
                sweep_prompt_files[0],
                input_lengths,
                instruct,
            )
        else:
            input_prompts, all_prompts = load_inputs(
                input_prompts,
                input_lengths,
                instruct,
            )
        profiler.end("loading_inputs")

        # Load expected outputs for comparison
        expected_outputs_data = []
        # Always use this specific path for the expected outputs.
        expected_outputs_file_path_to_load = "models/demos/llama3_70b_galaxy/demo/outputs_batch_1.json"

        if os.path.exists(expected_outputs_file_path_to_load):
            logger.info(f"Attempting to load expected outputs from: {expected_outputs_file_path_to_load}")
            try:
                with open(expected_outputs_file_path_to_load, "r") as f:
                    first_char = f.read(1)
                    if not first_char:
                        logger.warning(
                            f"Expected outputs file {expected_outputs_file_path_to_load} is empty. Disabling comparison."
                        )
                    else:
                        f.seek(0)
                        loaded_json = json.load(f)[galaxy_type]
                        if isinstance(loaded_json, list) and all(isinstance(item, str) for item in loaded_json):
                            expected_outputs_data = loaded_json
                            logger.info(
                                f"Successfully loaded {len(expected_outputs_data)} expected string outputs from {expected_outputs_file_path_to_load}"
                            )
                        else:
                            logger.warning(
                                f"Expected {expected_outputs_file_path_to_load} to contain a JSON list of strings. Got {type(loaded_json)}. Disabling comparison."
                            )
            except json.JSONDecodeError as e:
                logger.error(f"Error decoding JSON from {expected_outputs_file_path_to_load}: {e}. Disabling comparison.")
            except Exception as e:
                logger.error(
                    f"Unexpected error loading or parsing {expected_outputs_file_path_to_load}: {str(e)}. Disabling comparison."
                )
        else:
            logger.warning(
                f"Expected outputs file not found: {expected_outputs_file_path_to_load}. Output comparison will be skipped."
            )

        # To simulate a deployment environment, the demo supports repeating batched prompts.
        # This loop will rotate the prompts between the users for each batch, to simulate users sending different requests
        repeat_batch_prompts = []
        if is_seqlen_sweep:
            # Seqlen sweep: load each prompt file individually, filtering out lengths that exceed the model's max.
            # Extract target seqlen from filename (e.g. "input_data_long_16k.json" -> stem "input_data_long_16k" -> "16k" -> 16384).
            filtered_files = []
            for f in sweep_prompt_files:
                label = Path(f).stem.split("_")[-1]  # e.g. "16k"
                if label.endswith("k") and label[:-1].isdigit():
                    min_seqlen = int(label[:-1]) * 1024
                    if min_seqlen <= max_seq_len:
                        filtered_files.append(f)
            if not filtered_files:
                pytest.skip(f"No sweep prompt files fit within model's max context length ({max_seq_len})")
            repeat_batches = len(filtered_files)
            logger.info(
                f"Seqlen sweep: running {repeat_batches} steps with files: {[Path(f).name for f in filtered_files]}"
            )
            for f in filtered_files:
                batch_prompts, _ = load_inputs(f, input_lengths, instruct)
                repeat_batch_prompts.append(batch_prompts[:batch_size])
        else:
            for i in range(repeat_batches):
                repeat_batch_prompts.append(
                    [all_prompts[(j + i) % len(all_prompts)] for j in range(len(all_prompts))][:batch_size]
                )

        model_args, model, page_table, tt_kv_cache = create_tt_model(
            mesh_device,
            instruct=instruct,
            max_batch_size=batch_size,
            optimizations=optimizations,
            max_seq_len=max_seq_len,
            num_layers=num_layers,
            dummy_weights=not instruct,
            page_params=page_params,
            dtype=ttnn.bfloat8_b,
            use_paged_kv_cache=paged_attention,
            prefill_profile=prefill_profile,
        )

        model_args.tokenizer = Tokenizer(model_args.tokenizer_path)
        tokenizer = model_args.tokenizer
        generator = Generator(model, model_args, mesh_device, tokenizer=tokenizer)

        token_acc = None
        acc = None
        if token_accuracy:
            token_acc = TokenAccuracy(model_args.model_name)
            repeat_batch_prompts = [[token_acc.prepare_ref_tokens(tokenizer)]]

        num_tokens_generated_decode = []

        logger.info("Starting inference...")
        for batch_idx, input_prompts in enumerate(repeat_batch_prompts):
            logger.info(f"Processing batch {batch_idx}")
            profiler.start(f"preprocess_prefill_inputs", iteration=batch_idx)
            # Preprocess initial prompt inputs
            try:
                (
                    input_tokens_prefill_pt,
                    encoded_prompts,
                    decoding_pos,
                    prefill_lens,
                ) = preprocess_inputs_prefill(
                    input_prompts,
                    tokenizer,
                    [model_args],
                    False if token_accuracy else instruct,
                    max_generated_tokens,
                )

            except Exception as e:
                logger.error(f"Error during preprocessing: {str(e)}")

>           max_encoded_prompt_len = max(len(p) for p in encoded_prompts)
E           UnboundLocalError: local variable 'encoded_prompts' referenced before assignment

models/demos/llama3_70b_galaxy/demo/text_demo.py:1094: UnboundLocalError
=============================== warnings summary ===============================
models/common/llama_models.py:63
  /proj_sw/user_dev/ctr-apbernal/tt-metal/models/common/llama_models.py:63: PydanticDeprecatedSince20: Pydantic V1 style `@validator` validators are deprecated. You should migrate to Pydantic V2 style `@field_validator` validators, see the migration guide for more details. Deprecated in Pydantic V2.0 to be removed in V3.0. See Pydantic V2 Migration Guide at https://errors.pydantic.dev/2.9/migration/
    @validator("tool_name", pre=True)

python_env/lib/python3.10/site-packages/pydantic/_internal/_config.py:291
  /proj_sw/user_dev/ctr-apbernal/tt-metal/python_env/lib/python3.10/site-packages/pydantic/_internal/_config.py:291: PydanticDeprecatedSince20: Support for class-based `config` is deprecated, use ConfigDict instead. Deprecated in Pydantic V2.0 to be removed in V3.0. See Pydantic V2 Migration Guide at https://errors.pydantic.dev/2.9/migration/
    warnings.warn(DEPRECATION_MESSAGE, DeprecationWarning)

models/demos/llama3_70b_galaxy/demo/text_demo.py::test_demo_text[wormhole_b0-mesh_device0-device_params0-10-performance-batch-32]
  <frozen importlib._bootstrap>:241: DeprecationWarning: builtin type SwigPyPacked has no __module__ attribute

models/demos/llama3_70b_galaxy/demo/text_demo.py::test_demo_text[wormhole_b0-mesh_device0-device_params0-10-performance-batch-32]
  <frozen importlib._bootstrap>:241: DeprecationWarning: builtin type SwigPyObject has no __module__ attribute

-- Docs: https://docs.pytest.org/en/stable/how-to/capture-warnings.html
- generated xml file: /proj_sw/user_dev/ctr-apbernal/tt-metal/generated/test_reports/most_recent_tests.xml -
============================= slowest 25 durations =============================
61.00s call     models/demos/llama3_70b_galaxy/demo/text_demo.py::test_demo_text[wormhole_b0-mesh_device0-device_params0-10-performance-batch-32]
7.81s setup    models/demos/llama3_70b_galaxy/demo/text_demo.py::test_demo_text[wormhole_b0-mesh_device0-device_params0-10-performance-batch-32]
0.25s teardown models/demos/llama3_70b_galaxy/demo/text_demo.py::test_demo_text[wormhole_b0-mesh_device0-device_params0-10-performance-batch-32]
=========================== short test summary info ============================
FAILED models/demos/llama3_70b_galaxy/demo/text_demo.py::test_demo_text[wormhole_b0-mesh_device0-device_params0-10-performance-batch-32] - UnboundLocalError: local variable 'encoded_prompts' referenced before assignment
=================== 1 failed, 4 warnings in 73.38s (0:01:13) ===================
sys:1: DeprecationWarning: builtin type swigvarlink has no __module__ attribute
2026-08-29 09:17:01.982 | critical |          Always | TT_THROW: SubDeviceManagerTracker is not initialized on MeshDevice 0. This MeshDevice contains only remote devices (no local devices on this host). Operations requiring local device access cannot be performed on remote-only MeshDevices. Use is_remote_only() to check before calling this method. (assert.hpp:104)
Exception ignored in: <function Generator.__del__ at 0x7b1e7d518550>
Traceback (most recent call last):
  File "/proj_sw/user_dev/ctr-apbernal/tt-metal/models/demos/llama3_70b_galaxy/tt/generator.py", line 1753, in __del__
  File "/proj_sw/user_dev/ctr-apbernal/tt-metal/models/demos/llama3_70b_galaxy/tt/llama_ccl.py", line 1601, in close
RuntimeError: TT_THROW @ /proj_sw/user_dev/ctr-apbernal/tt-metal/tt_metal/distributed/mesh_device.cpp:1092: tt::exception
info:
SubDeviceManagerTracker is not initialized on MeshDevice 0. This MeshDevice contains only remote devices (no local devices on this host). Operations requiring local device access cannot be performed on remote-only MeshDevices. Use is_remote_only() to check before calling this method.
backtrace:
 --- void tt::assert::detail::tt_throw<tt::tt_metal::TensorMemoryLayout>(char const*, int, char const*, char const*, fmt::v11::fstring<tt::tt_metal::TensorMemoryLayout const&>::t, tt::tt_metal::TensorMemoryLayout const&)
 --- /proj_sw/user_dev/ctr-apbernal/tt-metal/build_Release/lib/libtt_metal.so(+0xcedd36) [0x7b1f40cfdd36]
 --- /proj_sw/user_dev/ctr-apbernal/tt-metal/ttnn/ttnn/_ttnn.so(+0x391776) [0x7b1f43c33776]
 --- /proj_sw/user_dev/ctr-apbernal/tt-metal/ttnn/ttnn/_ttnn.so(+0x348331) [0x7b1f43bea331]
 --- python(_PyEval_EvalFrameDefault+0x7f02) [0x5ba6775bbe02]
 --- python(_PyFunction_Vectorcall+0x2e3) [0x5ba67755a023]
 --- python(_PyEval_EvalFrameDefault+0x7f02) [0x5ba6775bbe02]
 --- python(_PyFunction_Vectorcall+0x2e3) [0x5ba67755a023]
 --- python(+0x3b905e) [0x5ba6776a205e]
 --- python(+0x332a44) [0x5ba67761ba44]
 --- python(+0x41e213) [0x5ba677707213]
 --- python(Py_FinalizeEx+0x260) [0x5ba677706610]
 --- python(Py_RunMain+0x1b1) [0x5ba6777193d1]
 --- python(+0x430f02) [0x5ba677719f02]
 --- python(+0x356a5c) [0x5ba67763fa5c]
 --- /lib/x86_64-linux-gnu/libc.so.6(+0x29d90) [0x7b2005df6d90]
 --- /lib/x86_64-linux-gnu/libc.so.6(__libc_start_main+0x80) [0x7b2005df6e40]
 --- python(+0x35696d) [0x5ba67763f96d]

2026-08-29 09:17:01.983 | critical |          Always | TT_THROW: SubDeviceManagerTracker is not initialized on MeshDevice 0. This MeshDevice contains only remote devices (no local devices on this host). Operations requiring local device access cannot be performed on remote-only MeshDevices. Use is_remote_only() to check before calling this method. (assert.hpp:104)
Exception ignored in: <function TtTransformer.__del__ at 0x7b1464aef130>
Traceback (most recent call last):
  File "/proj_sw/user_dev/ctr-apbernal/tt-metal/models/demos/llama3_70b_galaxy/tt/llama_model.py", line 881, in __del__
  File "/proj_sw/user_dev/ctr-apbernal/tt-metal/models/demos/llama3_70b_galaxy/tt/llama_ccl.py", line 1601, in close
RuntimeError: TT_THROW @ /proj_sw/user_dev/ctr-apbernal/tt-metal/tt_metal/distributed/mesh_device.cpp:1092: tt::exception
info:
SubDeviceManagerTracker is not initialized on MeshDevice 0. This MeshDevice contains only remote devices (no local devices on this host). Operations requiring local device access cannot be performed on remote-only MeshDevices. Use is_remote_only() to check before calling this method.
backtrace:
 --- void tt::assert::detail::tt_throw<tt::tt_metal::TensorMemoryLayout>(char const*, int, char const*, char const*, fmt::v11::fstring<tt::tt_metal::TensorMemoryLayout const&>::t, tt::tt_metal::TensorMemoryLayout const&)
 --- /proj_sw/user_dev/ctr-apbernal/tt-metal/build_Release/lib/libtt_metal.so(+0xcedd36) [0x7b1f40cfdd36]
 --- /proj_sw/user_dev/ctr-apbernal/tt-metal/ttnn/ttnn/_ttnn.so(+0x391776) [0x7b1f43c33776]
 --- /proj_sw/user_dev/ctr-apbernal/tt-metal/ttnn/ttnn/_ttnn.so(+0x348331) [0x7b1f43bea331]
 --- python(_PyEval_EvalFrameDefault+0x7f02) [0x5ba6775bbe02]
 --- python(_PyFunction_Vectorcall+0x2e3) [0x5ba67755a023]
 --- python(_PyEval_EvalFrameDefault+0x7f02) [0x5ba6775bbe02]
 --- python(_PyFunction_Vectorcall+0x2e3) [0x5ba67755a023]
 --- python(+0x3b905e) [0x5ba6776a205e]
 --- python(+0x332a44) [0x5ba67761ba44]
 --- python(+0x41e213) [0x5ba677707213]
 --- python(Py_FinalizeEx+0x260) [0x5ba677706610]
 --- python(Py_RunMain+0x1b1) [0x5ba6777193d1]
 --- python(+0x430f02) [0x5ba677719f02]
 --- python(+0x356a5c) [0x5ba67763fa5c]
 --- /lib/x86_64-linux-gnu/libc.so.6(+0x29d90) [0x7b2005df6d90]
 --- /lib/x86_64-linux-gnu/libc.so.6(__libc_start_main+0x80) [0x7b2005df6e40]
 --- python(+0x35696d) [0x5ba67763f96d]

2026-08-29 09:17:03.130 | info     |    BuildKernels | JIT cache stats: 113/113 hits (100.0%) [113 cached, 630 build-once dedup, 0 merged artifacts, 0 merged genfiles] (build_cache_telemetry.cpp:207)
2026-08-29 09:17:03.130 | info     |    BuildKernels | JIT telemetry: 3 registered TelemetryTokens (build_cache_telemetry.cpp:230)
2026-08-29 09:17:03.158 | info     |          Device | Closing user mode device drivers (tt_cluster.cpp:513)
2026-08-29 09:17:03.158 | info     |             UMD | Closing devices in cluster (cluster.cpp:1211)
2026-08-29 09:17:03.273 | info     |             UMD | Closing devices in cluster completed. (cluster.cpp:1220)
2026-08-29 09:17:03.274 | info     |             UMD | Cluster destructor started. (cluster.cpp:912)
2026-08-29 09:17:03.274 | info     |             UMD | Cluster destructor completed. (cluster.cpp:915)
exit=1
